/home/peytonli/.conda/envs/downscaling_all/lib/python3.10/site-packages/timm/models/layers/__init__.py:49: FutureWarning: Importing from timm.models.layers is deprecated, please import via timm.layers
  warnings.warn(f"Importing from {__name__} is deprecated, please import via timm.layers", FutureWarning)
2026-07-28 15:30:32,543 INFO Logging to /home/peytonli/26.6_wind/runs/0714_freq0/train_20260728_153032.log
2026-07-28 15:30:32,543 INFO Config:
{
  "seed": 0,
  "paths": {
    "data_dir": "/home/peytonli/26.6_wind/data",
    "log_dir": "/home/peytonli/26.6_wind/runs/0714_freq0",
    "splits_path": "/home/peytonli/26.6_wind/data/splits_70_15_15/split_indices.npz"
  },
  "model": {
    "img_size": 200,
    "embed_dim": 96,
    "depths": [
      4,
      4,
      4
    ],
    "num_heads": [
      6,
      6,
      6
    ],
    "window_size": 8,
    "mlp_ratio": 4.0,
    "residual_base": "bicubic",
    "residual_gate_init": 0.1,
    "init_spread_scale": 1.28,
    "drop_rate": 0.05,
    "attn_drop_rate": 0.05,
    "drop_path_rate": 0.1,
    "head_dropout": 0.15
  },
  "training": {
    "batch_size": 4,
    "num_epochs": 100,
    "learning_rate": 1e-05,
    "weight_decay": 0.0001,
    "pin_weight": 1.0,
    "ms_weight": 1.0,
    "freq_weight": 0.0,
    "l1_weight": 0.0,
    "spectral_weight": 0.0,
    "gradient_weight": 0.0,
    "spectral_low_freq_cutoff": 0.28,
    "extreme_weight": {
      "enabled": true,
      "alpha": 2.0,
      "apply_to_q10": true
    },
    "multiscale": {
      "n_levels": 5,
      "base_sigma": 2,
      "metric_per_band": [
        "l1",
        "sw",
        "sw",
        "sw",
        "sw"
      ],
      "metric_scale": {
        "l1": 1.0,
        "sw": 2.75
      },
      "patch_size": 8,
      "patch_stride": 4,
      "n_projections": 64,
      "sigma_floor": 0.001,
      "sigma_max_samples": 2000,
      "histogram_weight": 0.0,
      "force_recompute_sigma_band": false
    },
    "freq_band": {
      "n_levels": 5,
      "base_sigma": 2,
      "cdf_weight_mode": "down_extremes",
      "sigma_floor": 0.001,
      "sigma_max_samples": 2000,
      "force_recompute_sigma_band": false
    },
    "grad_clip_norm": 1.0,
    "num_workers": 2,
    "val_interval": 1,
    "early_stop_patience": 8,
    "lr_milestone_fractions": [
      0.5,
      0.75,
      0.9
    ],
    "lr_gamma": 0.5
  },
  "logging": {
    "log_every": 50
  }
}
2026-07-28 15:30:32,544 INFO Using device: cuda
2026-07-28 15:30:32,546 INFO Train samples: 4744, Val samples: 1013
/home/peytonli/.conda/envs/downscaling_all/lib/python3.10/site-packages/torch/functional.py:534: UserWarning: torch.meshgrid: in an upcoming release, it will be required to pass the indexing argument. (Triggered internally at ../aten/src/ATen/native/TensorShape.cpp:3595.)
  return _VF.meshgrid(tensors, **kwargs)  # type: ignore[attr-defined]
2026-07-28 15:30:32,964 INFO Total parameters: 2087060
2026-07-28 15:30:32,965 INFO LR schedule: milestones (steps) = [59300, 88950, 106740] (of 118600 total), gamma = 0.500
2026-07-28 15:30:32,965 INFO Loss weights: {'ms': 1.0, 'freq': 0.0, 'l1': 0.0, 'spectral': 0.0, 'gradient': 0.0, 'pin': 1.0}
2026-07-28 15:30:32,965 INFO Extreme weighting: {'enabled': True, 'alpha': 2.0, 'apply_to_q10': True}
2026-07-28 15:30:32,966 INFO multiscale_loss enabled: n_levels=5, base_sigma=2.00, metric_per_band=('l1', 'sw', 'sw', 'sw', 'sw'), metric_scale={'l1': 1.0, 'sw': 2.75}, sigma_band=[[0.698416531085968, 0.7594446539878845], [0.3979477286338806, 0.42225831747055054], [0.5279598236083984, 0.5658146739006042], [0.80471271276474, 0.8782278895378113], [5.570250034332275, 5.404760837554932]]
2026-07-28 15:30:57,020 INFO Epoch 0 | Batch 50/1186 | Loss 7.85983 (Pin 1.08142 [q90 0.52994, q10 0.55148], MS 6.77842, Freq 0.00000, L1 2.00539, Spectral 0.32385, Gradient 0.47919) | LR 1.00e-05
2026-07-28 15:31:18,747 INFO Epoch 0 | Batch 100/1186 | Loss 7.60578 (Pin 1.13468 [q90 0.55505, q10 0.57963], MS 6.47110, Freq 0.00000, L1 2.11428, Spectral 0.33378, Gradient 0.49212) | LR 1.00e-05
2026-07-28 15:31:40,475 INFO Epoch 0 | Batch 150/1186 | Loss 6.30305 (Pin 1.08032 [q90 0.52680, q10 0.55351], MS 5.22274, Freq 0.00000, L1 2.06028, Spectral 0.32062, Gradient 0.49268) | LR 1.00e-05
2026-07-28 15:32:02,196 INFO Epoch 0 | Batch 200/1186 | Loss 4.89443 (Pin 1.13733 [q90 0.55632, q10 0.58101], MS 3.75710, Freq 0.00000, L1 2.16570, Spectral 0.33530, Gradient 0.55872) | LR 1.00e-05
2026-07-28 15:32:23,949 INFO Epoch 0 | Batch 250/1186 | Loss 4.59183 (Pin 1.15500 [q90 0.55892, q10 0.59608], MS 3.43683, Freq 0.00000, L1 2.23661, Spectral 0.33741, Gradient 0.58391) | LR 1.00e-05
2026-07-28 15:32:45,676 INFO Epoch 0 | Batch 300/1186 | Loss 4.39992 (Pin 1.15366 [q90 0.56381, q10 0.58985], MS 3.24626, Freq 0.00000, L1 2.23807, Spectral 0.34204, Gradient 0.60967) | LR 1.00e-05
2026-07-28 15:33:07,414 INFO Epoch 0 | Batch 350/1186 | Loss 4.41491 (Pin 1.15509 [q90 0.57014, q10 0.58496], MS 3.25982, Freq 0.00000, L1 2.27359, Spectral 0.34804, Gradient 0.62818) | LR 1.00e-05
2026-07-28 15:33:29,168 INFO Epoch 0 | Batch 400/1186 | Loss 4.13649 (Pin 1.18043 [q90 0.56525, q10 0.61519], MS 2.95605, Freq 0.00000, L1 2.31364, Spectral 0.33971, Gradient 0.62149) | LR 1.00e-05
2026-07-28 15:33:50,902 INFO Epoch 0 | Batch 450/1186 | Loss 4.03641 (Pin 1.16425 [q90 0.55032, q10 0.61393], MS 2.87216, Freq 0.00000, L1 2.29855, Spectral 0.33553, Gradient 0.62350) | LR 1.00e-05
2026-07-28 15:34:12,643 INFO Epoch 0 | Batch 500/1186 | Loss 4.17921 (Pin 1.17955 [q90 0.56446, q10 0.61509], MS 2.99966, Freq 0.00000, L1 2.36072, Spectral 0.34757, Gradient 0.63619) | LR 1.00e-05
2026-07-28 15:34:34,380 INFO Epoch 0 | Batch 550/1186 | Loss 4.13828 (Pin 1.19096 [q90 0.57520, q10 0.61576], MS 2.94732, Freq 0.00000, L1 2.40973, Spectral 0.35114, Gradient 0.65544) | LR 1.00e-05
2026-07-28 15:34:56,108 INFO Epoch 0 | Batch 600/1186 | Loss 3.84888 (Pin 1.13825 [q90 0.55904, q10 0.57921], MS 2.71063, Freq 0.00000, L1 2.34435, Spectral 0.35145, Gradient 0.64556) | LR 1.00e-05
2026-07-28 15:35:17,841 INFO Epoch 0 | Batch 650/1186 | Loss 3.85644 (Pin 1.13972 [q90 0.55819, q10 0.58153], MS 2.71672, Freq 0.00000, L1 2.33139, Spectral 0.35210, Gradient 0.64009) | LR 1.00e-05
2026-07-28 15:35:39,571 INFO Epoch 0 | Batch 700/1186 | Loss 3.76369 (Pin 1.10073 [q90 0.53336, q10 0.56737], MS 2.66296, Freq 0.00000, L1 2.31341, Spectral 0.34470, Gradient 0.63377) | LR 1.00e-05
2026-07-28 15:36:01,302 INFO Epoch 0 | Batch 750/1186 | Loss 3.67821 (Pin 1.07520 [q90 0.52954, q10 0.54566], MS 2.60301, Freq 0.00000, L1 2.27861, Spectral 0.35767, Gradient 0.65449) | LR 1.00e-05
2026-07-28 15:36:23,039 INFO Epoch 0 | Batch 800/1186 | Loss 3.88429 (Pin 1.11237 [q90 0.54206, q10 0.57032], MS 2.77192, Freq 0.00000, L1 2.33394, Spectral 0.36174, Gradient 0.66845) | LR 1.00e-05
2026-07-28 15:36:44,783 INFO Epoch 0 | Batch 850/1186 | Loss 3.56066 (Pin 1.11738 [q90 0.53834, q10 0.57904], MS 2.44328, Freq 0.00000, L1 2.32575, Spectral 0.34743, Gradient 0.64077) | LR 1.00e-05
2026-07-28 15:37:06,527 INFO Epoch 0 | Batch 900/1186 | Loss 3.69806 (Pin 1.16046 [q90 0.55630, q10 0.60416], MS 2.53761, Freq 0.00000, L1 2.44506, Spectral 0.36472, Gradient 0.67022) | LR 1.00e-05
2026-07-28 15:37:28,256 INFO Epoch 0 | Batch 950/1186 | Loss 3.61880 (Pin 1.10647 [q90 0.53591, q10 0.57056], MS 2.51234, Freq 0.00000, L1 2.34783, Spectral 0.35297, Gradient 0.65834) | LR 1.00e-05
2026-07-28 15:37:49,982 INFO Epoch 0 | Batch 1000/1186 | Loss 3.46934 (Pin 1.10320 [q90 0.53452, q10 0.56869], MS 2.36614, Freq 0.00000, L1 2.32150, Spectral 0.35486, Gradient 0.64520) | LR 1.00e-05
2026-07-28 15:38:11,723 INFO Epoch 0 | Batch 1050/1186 | Loss 3.38781 (Pin 1.05045 [q90 0.50814, q10 0.54232], MS 2.33736, Freq 0.00000, L1 2.25586, Spectral 0.34819, Gradient 0.63626) | LR 1.00e-05
2026-07-28 15:38:33,476 INFO Epoch 0 | Batch 1100/1186 | Loss 3.35203 (Pin 1.05621 [q90 0.52111, q10 0.53510], MS 2.29581, Freq 0.00000, L1 2.26338, Spectral 0.34956, Gradient 0.64296) | LR 1.00e-05
2026-07-28 15:38:55,221 INFO Epoch 0 | Batch 1150/1186 | Loss 3.37275 (Pin 1.02532 [q90 0.49170, q10 0.53361], MS 2.34743, Freq 0.00000, L1 2.17794, Spectral 0.35284, Gradient 0.64674) | LR 1.00e-05
2026-07-28 15:39:47,161 INFO Epoch 0 | Val Loss 4.04365 (Pin 1.00019 [q90 0.47777, q10 0.52242], MS 3.04346, Freq 0.00000, L1 2.21826, Spectral 0.34326, Gradient 0.62704)
2026-07-28 15:39:47,162 INFO Epoch 0 | Coverage q10/q50/q90 = 0.094/0.495/0.893 (nominal .10/.50/.90) | extreme tail = 0.107/0.495/0.884
2026-07-28 15:39:47,445 INFO New best val loss: 4.04365 (saved checkpoints/best.pth)
2026-07-28 15:40:09,271 INFO Epoch 1 | Batch 50/1186 | Loss 3.32945 (Pin 1.03652 [q90 0.50960, q10 0.52691], MS 2.29293, Freq 0.00000, L1 2.26745, Spectral 0.36428, Gradient 0.65809) | LR 1.00e-05
2026-07-28 15:40:31,044 INFO Epoch 1 | Batch 100/1186 | Loss 3.36988 (Pin 1.05597 [q90 0.50938, q10 0.54659], MS 2.31392, Freq 0.00000, L1 2.25218, Spectral 0.35712, Gradient 0.64948) | LR 1.00e-05
2026-07-28 15:40:52,792 INFO Epoch 1 | Batch 150/1186 | Loss 3.12368 (Pin 1.02985 [q90 0.49982, q10 0.53004], MS 2.09383, Freq 0.00000, L1 2.22806, Spectral 0.36081, Gradient 0.65092) | LR 1.00e-05
2026-07-28 15:41:14,560 INFO Epoch 1 | Batch 200/1186 | Loss 3.20532 (Pin 1.08258 [q90 0.52633, q10 0.55624], MS 2.12275, Freq 0.00000, L1 2.29854, Spectral 0.36731, Gradient 0.65932) | LR 1.00e-05
2026-07-28 15:41:36,315 INFO Epoch 1 | Batch 250/1186 | Loss 3.36633 (Pin 1.09342 [q90 0.52098, q10 0.57244], MS 2.27291, Freq 0.00000, L1 2.33298, Spectral 0.36606, Gradient 0.66504) | LR 1.00e-05
2026-07-28 15:41:58,071 INFO Epoch 1 | Batch 300/1186 | Loss 3.33784 (Pin 1.04212 [q90 0.49230, q10 0.54982], MS 2.29571, Freq 0.00000, L1 2.24582, Spectral 0.36155, Gradient 0.65955) | LR 1.00e-05
2026-07-28 15:42:19,835 INFO Epoch 1 | Batch 350/1186 | Loss 3.20349 (Pin 1.02737 [q90 0.49615, q10 0.53122], MS 2.17612, Freq 0.00000, L1 2.20910, Spectral 0.36577, Gradient 0.65429) | LR 1.00e-05
2026-07-28 15:42:41,600 INFO Epoch 1 | Batch 400/1186 | Loss 3.40196 (Pin 1.08079 [q90 0.52312, q10 0.55767], MS 2.32117, Freq 0.00000, L1 2.31054, Spectral 0.36073, Gradient 0.65904) | LR 1.00e-05
2026-07-28 15:43:03,356 INFO Epoch 1 | Batch 450/1186 | Loss 3.20572 (Pin 1.02787 [q90 0.49668, q10 0.53119], MS 2.17785, Freq 0.00000, L1 2.21218, Spectral 0.35803, Gradient 0.64213) | LR 1.00e-05
2026-07-28 15:43:25,113 INFO Epoch 1 | Batch 500/1186 | Loss 3.35135 (Pin 1.07440 [q90 0.51461, q10 0.55978], MS 2.27695, Freq 0.00000, L1 2.29140, Spectral 0.36800, Gradient 0.66760) | LR 1.00e-05
2026-07-28 15:43:46,877 INFO Epoch 1 | Batch 550/1186 | Loss 3.16950 (Pin 1.04477 [q90 0.50470, q10 0.54007], MS 2.12473, Freq 0.00000, L1 2.27069, Spectral 0.37161, Gradient 0.67798) | LR 1.00e-05
2026-07-28 15:44:08,644 INFO Epoch 1 | Batch 600/1186 | Loss 3.12857 (Pin 1.05343 [q90 0.51369, q10 0.53974], MS 2.07514, Freq 0.00000, L1 2.26852, Spectral 0.35874, Gradient 0.64921) | LR 1.00e-05
2026-07-28 15:44:30,400 INFO Epoch 1 | Batch 650/1186 | Loss 3.16519 (Pin 1.01790 [q90 0.49642, q10 0.52148], MS 2.14729, Freq 0.00000, L1 2.25263, Spectral 0.38191, Gradient 0.68487) | LR 1.00e-05
2026-07-28 15:44:52,162 INFO Epoch 1 | Batch 700/1186 | Loss 3.34890 (Pin 1.03135 [q90 0.50270, q10 0.52865], MS 2.31755, Freq 0.00000, L1 2.27669, Spectral 0.39433, Gradient 0.70635) | LR 1.00e-05
2026-07-28 15:45:13,916 INFO Epoch 1 | Batch 750/1186 | Loss 3.16938 (Pin 1.03001 [q90 0.48985, q10 0.54016], MS 2.13937, Freq 0.00000, L1 2.28577, Spectral 0.40510, Gradient 0.70890) | LR 1.00e-05
2026-07-28 15:45:35,669 INFO Epoch 1 | Batch 800/1186 | Loss 2.96568 (Pin 0.98327 [q90 0.47348, q10 0.50979], MS 1.98240, Freq 0.00000, L1 2.17905, Spectral 0.36251, Gradient 0.65123) | LR 1.00e-05
2026-07-28 15:45:57,421 INFO Epoch 1 | Batch 850/1186 | Loss 3.05396 (Pin 1.05385 [q90 0.50366, q10 0.55019], MS 2.00010, Freq 0.00000, L1 2.27278, Spectral 0.37049, Gradient 0.66411) | LR 1.00e-05
2026-07-28 15:46:19,192 INFO Epoch 1 | Batch 900/1186 | Loss 3.08023 (Pin 1.03160 [q90 0.49693, q10 0.53467], MS 2.04863, Freq 0.00000, L1 2.24822, Spectral 0.37411, Gradient 0.67985) | LR 1.00e-05
2026-07-28 15:46:40,957 INFO Epoch 1 | Batch 950/1186 | Loss 3.14224 (Pin 1.03590 [q90 0.50452, q10 0.53138], MS 2.10634, Freq 0.00000, L1 2.27427, Spectral 0.38009, Gradient 0.68503) | LR 1.00e-05
2026-07-28 15:47:02,721 INFO Epoch 1 | Batch 1000/1186 | Loss 3.09776 (Pin 1.01144 [q90 0.48951, q10 0.52193], MS 2.08632, Freq 0.00000, L1 2.24775, Spectral 0.37178, Gradient 0.67704) | LR 1.00e-05
2026-07-28 15:47:24,470 INFO Epoch 1 | Batch 1050/1186 | Loss 3.07781 (Pin 1.02570 [q90 0.49609, q10 0.52962], MS 2.05210, Freq 0.00000, L1 2.26240, Spectral 0.36758, Gradient 0.67176) | LR 1.00e-05
2026-07-28 15:47:46,221 INFO Epoch 1 | Batch 1100/1186 | Loss 3.15232 (Pin 0.96860 [q90 0.46978, q10 0.49882], MS 2.18372, Freq 0.00000, L1 2.17169, Spectral 0.38039, Gradient 0.67387) | LR 1.00e-05
2026-07-28 15:48:07,974 INFO Epoch 1 | Batch 1150/1186 | Loss 3.28301 (Pin 1.04311 [q90 0.50217, q10 0.54094], MS 2.23990, Freq 0.00000, L1 2.28557, Spectral 0.37685, Gradient 0.67565) | LR 1.00e-05
2026-07-28 15:48:59,734 INFO Epoch 1 | Val Loss 3.73322 (Pin 0.95191 [q90 0.45632, q10 0.49559], MS 2.78131, Freq 0.00000, L1 2.14663, Spectral 0.35182, Gradient 0.62642)
2026-07-28 15:48:59,735 INFO Epoch 1 | Coverage q10/q50/q90 = 0.075/0.484/0.900 (nominal .10/.50/.90) | extreme tail = 0.107/0.468/0.856
2026-07-28 15:49:00,070 INFO New best val loss: 3.73322 (saved checkpoints/best.pth)
2026-07-28 15:49:21,896 INFO Epoch 2 | Batch 50/1186 | Loss 3.00798 (Pin 1.01192 [q90 0.48789, q10 0.52403], MS 1.99606, Freq 0.00000, L1 2.22497, Spectral 0.37603, Gradient 0.67675) | LR 1.00e-05
2026-07-28 15:49:43,653 INFO Epoch 2 | Batch 100/1186 | Loss 2.97711 (Pin 1.01845 [q90 0.49085, q10 0.52760], MS 1.95866, Freq 0.00000, L1 2.25003, Spectral 0.37307, Gradient 0.67054) | LR 1.00e-05
2026-07-28 15:50:05,426 INFO Epoch 2 | Batch 150/1186 | Loss 3.05379 (Pin 1.01351 [q90 0.49445, q10 0.51906], MS 2.04027, Freq 0.00000, L1 2.25141, Spectral 0.38906, Gradient 0.68848) | LR 1.00e-05
2026-07-28 15:50:27,185 INFO Epoch 2 | Batch 200/1186 | Loss 2.93752 (Pin 0.96649 [q90 0.46767, q10 0.49882], MS 1.97103, Freq 0.00000, L1 2.16894, Spectral 0.37478, Gradient 0.66748) | LR 1.00e-05
2026-07-28 15:50:48,941 INFO Epoch 2 | Batch 250/1186 | Loss 3.12865 (Pin 1.02449 [q90 0.49716, q10 0.52733], MS 2.10416, Freq 0.00000, L1 2.29718, Spectral 0.38577, Gradient 0.69687) | LR 1.00e-05
2026-07-28 15:51:10,716 INFO Epoch 2 | Batch 300/1186 | Loss 3.06177 (Pin 0.99409 [q90 0.48212, q10 0.51196], MS 2.06769, Freq 0.00000, L1 2.21934, Spectral 0.39045, Gradient 0.68965) | LR 1.00e-05
2026-07-28 15:51:32,475 INFO Epoch 2 | Batch 350/1186 | Loss 2.92711 (Pin 0.96875 [q90 0.47243, q10 0.49633], MS 1.95835, Freq 0.00000, L1 2.18449, Spectral 0.38110, Gradient 0.68338) | LR 1.00e-05
2026-07-28 15:51:54,237 INFO Epoch 2 | Batch 400/1186 | Loss 2.95746 (Pin 1.00612 [q90 0.48624, q10 0.51988], MS 1.95134, Freq 0.00000, L1 2.22524, Spectral 0.37005, Gradient 0.67157) | LR 1.00e-05
2026-07-28 15:52:16,008 INFO Epoch 2 | Batch 450/1186 | Loss 2.95186 (Pin 0.99247 [q90 0.47951, q10 0.51296], MS 1.95940, Freq 0.00000, L1 2.18397, Spectral 0.36217, Gradient 0.66925) | LR 1.00e-05
2026-07-28 15:52:37,776 INFO Epoch 2 | Batch 500/1186 | Loss 3.04748 (Pin 1.02126 [q90 0.48784, q10 0.53342], MS 2.02622, Freq 0.00000, L1 2.28834, Spectral 0.38549, Gradient 0.70398) | LR 1.00e-05
2026-07-28 15:52:59,548 INFO Epoch 2 | Batch 550/1186 | Loss 3.04342 (Pin 1.02002 [q90 0.50033, q10 0.51968], MS 2.02340, Freq 0.00000, L1 2.26322, Spectral 0.38417, Gradient 0.69606) | LR 1.00e-05
2026-07-28 15:53:21,308 INFO Epoch 2 | Batch 600/1186 | Loss 3.05097 (Pin 1.00453 [q90 0.48713, q10 0.51740], MS 2.04644, Freq 0.00000, L1 2.24194, Spectral 0.38764, Gradient 0.70910) | LR 1.00e-05
2026-07-28 15:53:43,075 INFO Epoch 2 | Batch 650/1186 | Loss 2.90282 (Pin 0.99777 [q90 0.47896, q10 0.51881], MS 1.90505, Freq 0.00000, L1 2.19956, Spectral 0.36907, Gradient 0.66416) | LR 1.00e-05
2026-07-28 15:54:04,840 INFO Epoch 2 | Batch 700/1186 | Loss 3.04983 (Pin 0.99866 [q90 0.48355, q10 0.51512], MS 2.05117, Freq 0.00000, L1 2.24758, Spectral 0.38443, Gradient 0.69388) | LR 1.00e-05
2026-07-28 15:54:26,599 INFO Epoch 2 | Batch 750/1186 | Loss 2.99832 (Pin 0.99897 [q90 0.47759, q10 0.52138], MS 1.99935, Freq 0.00000, L1 2.23022, Spectral 0.37498, Gradient 0.67976) | LR 1.00e-05
2026-07-28 15:54:48,365 INFO Epoch 2 | Batch 800/1186 | Loss 3.04398 (Pin 0.98339 [q90 0.47540, q10 0.50799], MS 2.06059, Freq 0.00000, L1 2.19902, Spectral 0.37023, Gradient 0.67088) | LR 1.00e-05
2026-07-28 15:55:10,144 INFO Epoch 2 | Batch 850/1186 | Loss 2.90567 (Pin 0.96856 [q90 0.47312, q10 0.49544], MS 1.93710, Freq 0.00000, L1 2.18564, Spectral 0.38760, Gradient 0.69284) | LR 1.00e-05
2026-07-28 15:55:31,914 INFO Epoch 2 | Batch 900/1186 | Loss 2.98424 (Pin 0.96831 [q90 0.47306, q10 0.49525], MS 2.01593, Freq 0.00000, L1 2.17959, Spectral 0.37573, Gradient 0.68636) | LR 1.00e-05
2026-07-28 15:55:53,676 INFO Epoch 2 | Batch 950/1186 | Loss 2.94632 (Pin 0.97364 [q90 0.47088, q10 0.50276], MS 1.97268, Freq 0.00000, L1 2.17632, Spectral 0.39102, Gradient 0.69614) | LR 1.00e-05
2026-07-28 15:56:15,447 INFO Epoch 2 | Batch 1000/1186 | Loss 2.84556 (Pin 0.98031 [q90 0.47331, q10 0.50700], MS 1.86525, Freq 0.00000, L1 2.19909, Spectral 0.37254, Gradient 0.68049) | LR 1.00e-05
2026-07-28 15:56:37,220 INFO Epoch 2 | Batch 1050/1186 | Loss 3.02060 (Pin 0.98739 [q90 0.47670, q10 0.51069], MS 2.03321, Freq 0.00000, L1 2.21372, Spectral 0.37696, Gradient 0.68386) | LR 1.00e-05
2026-07-28 15:56:58,993 INFO Epoch 2 | Batch 1100/1186 | Loss 2.99875 (Pin 1.01292 [q90 0.49211, q10 0.52080], MS 1.98583, Freq 0.00000, L1 2.26221, Spectral 0.38375, Gradient 0.70246) | LR 1.00e-05
2026-07-28 15:57:20,753 INFO Epoch 2 | Batch 1150/1186 | Loss 2.87686 (Pin 0.99320 [q90 0.48096, q10 0.51224], MS 1.88366, Freq 0.00000, L1 2.21970, Spectral 0.37150, Gradient 0.67005) | LR 1.00e-05
2026-07-28 15:58:12,414 INFO Epoch 2 | Val Loss 3.61793 (Pin 0.92574 [q90 0.44720, q10 0.47854], MS 2.69219, Freq 0.00000, L1 2.08149, Spectral 0.35457, Gradient 0.62264)
2026-07-28 15:58:12,414 INFO Epoch 2 | Coverage q10/q50/q90 = 0.075/0.479/0.902 (nominal .10/.50/.90) | extreme tail = 0.111/0.463/0.860
2026-07-28 15:58:12,738 INFO New best val loss: 3.61793 (saved checkpoints/best.pth)
2026-07-28 15:58:34,535 INFO Epoch 3 | Batch 50/1186 | Loss 2.85696 (Pin 0.96149 [q90 0.46825, q10 0.49325], MS 1.89547, Freq 0.00000, L1 2.18279, Spectral 0.37108, Gradient 0.67404) | LR 1.00e-05
2026-07-28 15:58:56,279 INFO Epoch 3 | Batch 100/1186 | Loss 3.13074 (Pin 0.99947 [q90 0.48154, q10 0.51793], MS 2.13126, Freq 0.00000, L1 2.24657, Spectral 0.38697, Gradient 0.70103) | LR 1.00e-05
2026-07-28 15:59:18,032 INFO Epoch 3 | Batch 150/1186 | Loss 2.94906 (Pin 0.97634 [q90 0.47177, q10 0.50457], MS 1.97272, Freq 0.00000, L1 2.20921, Spectral 0.38397, Gradient 0.69184) | LR 1.00e-05
2026-07-28 15:59:39,785 INFO Epoch 3 | Batch 200/1186 | Loss 3.09701 (Pin 0.97264 [q90 0.47319, q10 0.49946], MS 2.12437, Freq 0.00000, L1 2.21120, Spectral 0.39104, Gradient 0.71155) | LR 1.00e-05
2026-07-28 16:00:01,530 INFO Epoch 3 | Batch 250/1186 | Loss 3.01886 (Pin 0.95915 [q90 0.46302, q10 0.49613], MS 2.05971, Freq 0.00000, L1 2.17305, Spectral 0.39796, Gradient 0.70978) | LR 1.00e-05
2026-07-28 16:00:23,276 INFO Epoch 3 | Batch 300/1186 | Loss 2.87841 (Pin 0.97643 [q90 0.47559, q10 0.50084], MS 1.90198, Freq 0.00000, L1 2.19182, Spectral 0.37815, Gradient 0.68799) | LR 1.00e-05
2026-07-28 16:00:45,026 INFO Epoch 3 | Batch 350/1186 | Loss 3.06201 (Pin 0.97892 [q90 0.47943, q10 0.49948], MS 2.08309, Freq 0.00000, L1 2.23687, Spectral 0.39889, Gradient 0.72829) | LR 1.00e-05
2026-07-28 16:01:06,783 INFO Epoch 3 | Batch 400/1186 | Loss 2.82284 (Pin 0.98412 [q90 0.47359, q10 0.51052], MS 1.83872, Freq 0.00000, L1 2.19826, Spectral 0.37473, Gradient 0.67950) | LR 1.00e-05
2026-07-28 16:01:28,534 INFO Epoch 3 | Batch 450/1186 | Loss 2.87788 (Pin 0.98262 [q90 0.48377, q10 0.49885], MS 1.89526, Freq 0.00000, L1 2.20763, Spectral 0.39121, Gradient 0.70858) | LR 1.00e-05
2026-07-28 16:01:50,300 INFO Epoch 3 | Batch 500/1186 | Loss 2.98311 (Pin 1.00407 [q90 0.49122, q10 0.51286], MS 1.97904, Freq 0.00000, L1 2.24785, Spectral 0.39153, Gradient 0.70804) | LR 1.00e-05
2026-07-28 16:02:12,054 INFO Epoch 3 | Batch 550/1186 | Loss 2.83721 (Pin 0.97640 [q90 0.47258, q10 0.50382], MS 1.86081, Freq 0.00000, L1 2.21361, Spectral 0.39294, Gradient 0.70497) | LR 1.00e-05
2026-07-28 16:02:33,816 INFO Epoch 3 | Batch 600/1186 | Loss 2.76455 (Pin 0.95002 [q90 0.46634, q10 0.48368], MS 1.81453, Freq 0.00000, L1 2.14874, Spectral 0.37263, Gradient 0.68411) | LR 1.00e-05
2026-07-28 16:02:55,581 INFO Epoch 3 | Batch 650/1186 | Loss 3.05970 (Pin 1.00918 [q90 0.49165, q10 0.51753], MS 2.05052, Freq 0.00000, L1 2.24394, Spectral 0.39401, Gradient 0.70972) | LR 1.00e-05
2026-07-28 16:03:17,329 INFO Epoch 3 | Batch 700/1186 | Loss 2.77777 (Pin 0.96158 [q90 0.46806, q10 0.49352], MS 1.81619, Freq 0.00000, L1 2.20054, Spectral 0.37821, Gradient 0.69848) | LR 1.00e-05
2026-07-28 16:03:39,066 INFO Epoch 3 | Batch 750/1186 | Loss 2.90393 (Pin 0.99706 [q90 0.47997, q10 0.51709], MS 1.90686, Freq 0.00000, L1 2.22518, Spectral 0.37919, Gradient 0.68348) | LR 1.00e-05
2026-07-28 16:04:00,822 INFO Epoch 3 | Batch 800/1186 | Loss 2.80417 (Pin 0.97603 [q90 0.47088, q10 0.50515], MS 1.82814, Freq 0.00000, L1 2.19478, Spectral 0.37992, Gradient 0.69563) | LR 1.00e-05
2026-07-28 16:04:22,577 INFO Epoch 3 | Batch 850/1186 | Loss 3.14464 (Pin 1.01098 [q90 0.48594, q10 0.52504], MS 2.13366, Freq 0.00000, L1 2.25116, Spectral 0.39051, Gradient 0.71712) | LR 1.00e-05
2026-07-28 16:04:44,318 INFO Epoch 3 | Batch 900/1186 | Loss 2.94445 (Pin 0.98076 [q90 0.46637, q10 0.51440], MS 1.96368, Freq 0.00000, L1 2.21535, Spectral 0.37585, Gradient 0.69099) | LR 1.00e-05
2026-07-28 16:05:06,070 INFO Epoch 3 | Batch 950/1186 | Loss 2.96870 (Pin 0.97122 [q90 0.47385, q10 0.49737], MS 1.99748, Freq 0.00000, L1 2.20638, Spectral 0.38755, Gradient 0.69997) | LR 1.00e-05
2026-07-28 16:05:27,822 INFO Epoch 3 | Batch 1000/1186 | Loss 2.98107 (Pin 0.98791 [q90 0.47583, q10 0.51208], MS 1.99316, Freq 0.00000, L1 2.20232, Spectral 0.37657, Gradient 0.68467) | LR 1.00e-05
2026-07-28 16:05:49,575 INFO Epoch 3 | Batch 1050/1186 | Loss 2.95511 (Pin 0.95687 [q90 0.46786, q10 0.48902], MS 1.99824, Freq 0.00000, L1 2.14899, Spectral 0.38392, Gradient 0.69051) | LR 1.00e-05
2026-07-28 16:06:11,333 INFO Epoch 3 | Batch 1100/1186 | Loss 2.90943 (Pin 0.97029 [q90 0.46594, q10 0.50435], MS 1.93914, Freq 0.00000, L1 2.18756, Spectral 0.38719, Gradient 0.70087) | LR 1.00e-05
2026-07-28 16:06:33,087 INFO Epoch 3 | Batch 1150/1186 | Loss 2.89212 (Pin 0.95633 [q90 0.46887, q10 0.48746], MS 1.93579, Freq 0.00000, L1 2.16206, Spectral 0.39162, Gradient 0.70330) | LR 1.00e-05
2026-07-28 16:07:24,463 INFO Epoch 3 | Val Loss 3.53486 (Pin 0.91427 [q90 0.44329, q10 0.47098], MS 2.62059, Freq 0.00000, L1 2.10305, Spectral 0.36135, Gradient 0.64531)
2026-07-28 16:07:24,463 INFO Epoch 3 | Coverage q10/q50/q90 = 0.080/0.486/0.908 (nominal .10/.50/.90) | extreme tail = 0.117/0.460/0.854
2026-07-28 16:07:24,797 INFO New best val loss: 3.53486 (saved checkpoints/best.pth)
2026-07-28 16:07:46,632 INFO Epoch 4 | Batch 50/1186 | Loss 2.86492 (Pin 0.99121 [q90 0.48163, q10 0.50958], MS 1.87371, Freq 0.00000, L1 2.26137, Spectral 0.40797, Gradient 0.73531) | LR 1.00e-05
2026-07-28 16:08:08,397 INFO Epoch 4 | Batch 100/1186 | Loss 2.98427 (Pin 0.97853 [q90 0.47601, q10 0.50252], MS 2.00574, Freq 0.00000, L1 2.20510, Spectral 0.39315, Gradient 0.70161) | LR 1.00e-05
2026-07-28 16:08:30,156 INFO Epoch 4 | Batch 150/1186 | Loss 2.87980 (Pin 0.95877 [q90 0.47704, q10 0.48172], MS 1.92103, Freq 0.00000, L1 2.17679, Spectral 0.37445, Gradient 0.68824) | LR 1.00e-05
2026-07-28 16:08:51,909 INFO Epoch 4 | Batch 200/1186 | Loss 2.87487 (Pin 0.97422 [q90 0.47086, q10 0.50335], MS 1.90065, Freq 0.00000, L1 2.17991, Spectral 0.37764, Gradient 0.69161) | LR 1.00e-05
2026-07-28 16:09:13,674 INFO Epoch 4 | Batch 250/1186 | Loss 2.93037 (Pin 0.98132 [q90 0.47366, q10 0.50766], MS 1.94905, Freq 0.00000, L1 2.18080, Spectral 0.37627, Gradient 0.68959) | LR 1.00e-05
2026-07-28 16:09:35,422 INFO Epoch 4 | Batch 300/1186 | Loss 2.90902 (Pin 0.96966 [q90 0.47165, q10 0.49801], MS 1.93936, Freq 0.00000, L1 2.17207, Spectral 0.38042, Gradient 0.68644) | LR 1.00e-05
2026-07-28 16:09:57,184 INFO Epoch 4 | Batch 350/1186 | Loss 2.85162 (Pin 0.92615 [q90 0.45004, q10 0.47610], MS 1.92547, Freq 0.00000, L1 2.11634, Spectral 0.38271, Gradient 0.69234) | LR 1.00e-05
2026-07-28 16:10:18,935 INFO Epoch 4 | Batch 400/1186 | Loss 2.81998 (Pin 0.96439 [q90 0.46622, q10 0.49817], MS 1.85559, Freq 0.00000, L1 2.19149, Spectral 0.38715, Gradient 0.70777) | LR 1.00e-05
2026-07-28 16:10:40,717 INFO Epoch 4 | Batch 450/1186 | Loss 2.83142 (Pin 0.96184 [q90 0.46028, q10 0.50155], MS 1.86958, Freq 0.00000, L1 2.18021, Spectral 0.38057, Gradient 0.69635) | LR 1.00e-05
2026-07-28 16:11:02,472 INFO Epoch 4 | Batch 500/1186 | Loss 2.92441 (Pin 0.95970 [q90 0.46909, q10 0.49060], MS 1.96471, Freq 0.00000, L1 2.17081, Spectral 0.38342, Gradient 0.69309) | LR 1.00e-05
2026-07-28 16:11:24,220 INFO Epoch 4 | Batch 550/1186 | Loss 3.01723 (Pin 0.97649 [q90 0.46801, q10 0.50848], MS 2.04074, Freq 0.00000, L1 2.23995, Spectral 0.42289, Gradient 0.75884) | LR 1.00e-05
2026-07-28 16:11:45,978 INFO Epoch 4 | Batch 600/1186 | Loss 2.91307 (Pin 0.97991 [q90 0.47027, q10 0.50965], MS 1.93315, Freq 0.00000, L1 2.20393, Spectral 0.39939, Gradient 0.71880) | LR 1.00e-05
2026-07-28 16:12:07,728 INFO Epoch 4 | Batch 650/1186 | Loss 2.81235 (Pin 0.93200 [q90 0.45079, q10 0.48121], MS 1.88034, Freq 0.00000, L1 2.15230, Spectral 0.38408, Gradient 0.69443) | LR 1.00e-05
2026-07-28 16:12:29,473 INFO Epoch 4 | Batch 700/1186 | Loss 2.81226 (Pin 0.95915 [q90 0.46905, q10 0.49010], MS 1.85311, Freq 0.00000, L1 2.18487, Spectral 0.39959, Gradient 0.71820) | LR 1.00e-05
2026-07-28 16:12:51,209 INFO Epoch 4 | Batch 750/1186 | Loss 2.81096 (Pin 0.97029 [q90 0.47048, q10 0.49981], MS 1.84067, Freq 0.00000, L1 2.17144, Spectral 0.37964, Gradient 0.69407) | LR 1.00e-05
2026-07-28 16:13:12,965 INFO Epoch 4 | Batch 800/1186 | Loss 2.88992 (Pin 0.95891 [q90 0.46087, q10 0.49804], MS 1.93101, Freq 0.00000, L1 2.18157, Spectral 0.37696, Gradient 0.69561) | LR 1.00e-05
2026-07-28 16:13:34,724 INFO Epoch 4 | Batch 850/1186 | Loss 2.85746 (Pin 0.96312 [q90 0.46749, q10 0.49564], MS 1.89434, Freq 0.00000, L1 2.15672, Spectral 0.38071, Gradient 0.69141) | LR 1.00e-05
2026-07-28 16:13:56,485 INFO Epoch 4 | Batch 900/1186 | Loss 2.92859 (Pin 0.97251 [q90 0.47286, q10 0.49964], MS 1.95608, Freq 0.00000, L1 2.18895, Spectral 0.38183, Gradient 0.70072) | LR 1.00e-05
2026-07-28 16:14:18,237 INFO Epoch 4 | Batch 950/1186 | Loss 2.80396 (Pin 0.96693 [q90 0.46833, q10 0.49860], MS 1.83703, Freq 0.00000, L1 2.13520, Spectral 0.37449, Gradient 0.68306) | LR 1.00e-05
2026-07-28 16:14:39,987 INFO Epoch 4 | Batch 1000/1186 | Loss 2.85246 (Pin 0.97870 [q90 0.46870, q10 0.50999], MS 1.87377, Freq 0.00000, L1 2.21400, Spectral 0.39531, Gradient 0.70985) | LR 1.00e-05
2026-07-28 16:15:01,725 INFO Epoch 4 | Batch 1050/1186 | Loss 2.78745 (Pin 0.97551 [q90 0.47881, q10 0.49670], MS 1.81194, Freq 0.00000, L1 2.20346, Spectral 0.38713, Gradient 0.70157) | LR 1.00e-05
2026-07-28 16:15:23,476 INFO Epoch 4 | Batch 1100/1186 | Loss 2.87514 (Pin 0.96381 [q90 0.47368, q10 0.49013], MS 1.91134, Freq 0.00000, L1 2.17331, Spectral 0.39848, Gradient 0.71834) | LR 1.00e-05
2026-07-28 16:15:45,233 INFO Epoch 4 | Batch 1150/1186 | Loss 2.83354 (Pin 0.98553 [q90 0.48316, q10 0.50236], MS 1.84801, Freq 0.00000, L1 2.19062, Spectral 0.37912, Gradient 0.68430) | LR 1.00e-05
2026-07-28 16:16:36,473 INFO Epoch 4 | Val Loss 3.42076 (Pin 0.90830 [q90 0.44075, q10 0.46755], MS 2.51246, Freq 0.00000, L1 2.06034, Spectral 0.36146, Gradient 0.64217)
2026-07-28 16:16:36,474 INFO Epoch 4 | Coverage q10/q50/q90 = 0.079/0.482/0.905 (nominal .10/.50/.90) | extreme tail = 0.118/0.460/0.845
2026-07-28 16:16:36,797 INFO New best val loss: 3.42076 (saved checkpoints/best.pth)
2026-07-28 16:16:58,615 INFO Epoch 5 | Batch 50/1186 | Loss 2.93758 (Pin 0.91860 [q90 0.44523, q10 0.47337], MS 2.01897, Freq 0.00000, L1 2.07636, Spectral 0.37283, Gradient 0.67877) | LR 1.00e-05
2026-07-28 16:17:20,367 INFO Epoch 5 | Batch 100/1186 | Loss 2.91738 (Pin 0.96169 [q90 0.46401, q10 0.49768], MS 1.95570, Freq 0.00000, L1 2.19013, Spectral 0.39208, Gradient 0.71078) | LR 1.00e-05
2026-07-28 16:17:42,131 INFO Epoch 5 | Batch 150/1186 | Loss 2.97217 (Pin 0.94257 [q90 0.45815, q10 0.48441], MS 2.02961, Freq 0.00000, L1 2.14847, Spectral 0.39211, Gradient 0.71311) | LR 1.00e-05
2026-07-28 16:18:03,874 INFO Epoch 5 | Batch 200/1186 | Loss 2.87526 (Pin 0.99086 [q90 0.47808, q10 0.51278], MS 1.88441, Freq 0.00000, L1 2.20258, Spectral 0.38885, Gradient 0.70808) | LR 1.00e-05
2026-07-28 16:18:25,623 INFO Epoch 5 | Batch 250/1186 | Loss 2.81632 (Pin 0.93481 [q90 0.45796, q10 0.47686], MS 1.88151, Freq 0.00000, L1 2.14448, Spectral 0.39279, Gradient 0.71198) | LR 1.00e-05
2026-07-28 16:18:47,370 INFO Epoch 5 | Batch 300/1186 | Loss 2.82734 (Pin 0.95680 [q90 0.46415, q10 0.49265], MS 1.87055, Freq 0.00000, L1 2.16546, Spectral 0.38346, Gradient 0.70435) | LR 1.00e-05
2026-07-28 16:19:09,123 INFO Epoch 5 | Batch 350/1186 | Loss 2.81144 (Pin 0.96141 [q90 0.46156, q10 0.49985], MS 1.85003, Freq 0.00000, L1 2.18999, Spectral 0.39017, Gradient 0.71517) | LR 1.00e-05
2026-07-28 16:19:30,878 INFO Epoch 5 | Batch 400/1186 | Loss 2.81102 (Pin 1.00721 [q90 0.49046, q10 0.51675], MS 1.80381, Freq 0.00000, L1 2.21460, Spectral 0.36749, Gradient 0.67676) | LR 1.00e-05
2026-07-28 16:19:52,644 INFO Epoch 5 | Batch 450/1186 | Loss 2.91151 (Pin 0.96946 [q90 0.46824, q10 0.50122], MS 1.94205, Freq 0.00000, L1 2.17856, Spectral 0.38998, Gradient 0.70890) | LR 1.00e-05
2026-07-28 16:20:14,396 INFO Epoch 5 | Batch 500/1186 | Loss 2.83085 (Pin 0.96002 [q90 0.46864, q10 0.49138], MS 1.87083, Freq 0.00000, L1 2.15919, Spectral 0.38013, Gradient 0.69197) | LR 1.00e-05
2026-07-28 16:20:36,157 INFO Epoch 5 | Batch 550/1186 | Loss 2.79650 (Pin 0.93722 [q90 0.45650, q10 0.48072], MS 1.85929, Freq 0.00000, L1 2.14351, Spectral 0.39964, Gradient 0.70607) | LR 1.00e-05
2026-07-28 16:20:57,914 INFO Epoch 5 | Batch 600/1186 | Loss 2.92515 (Pin 0.98319 [q90 0.47833, q10 0.50487], MS 1.94196, Freq 0.00000, L1 2.18405, Spectral 0.39066, Gradient 0.70503) | LR 1.00e-05
2026-07-28 16:21:19,672 INFO Epoch 5 | Batch 650/1186 | Loss 2.86730 (Pin 0.95359 [q90 0.46339, q10 0.49020], MS 1.91370, Freq 0.00000, L1 2.17077, Spectral 0.40169, Gradient 0.72157) | LR 1.00e-05
2026-07-28 16:21:41,429 INFO Epoch 5 | Batch 700/1186 | Loss 2.80327 (Pin 0.96173 [q90 0.46719, q10 0.49454], MS 1.84153, Freq 0.00000, L1 2.17302, Spectral 0.37810, Gradient 0.69158) | LR 1.00e-05
2026-07-28 16:22:03,176 INFO Epoch 5 | Batch 750/1186 | Loss 2.78787 (Pin 0.97855 [q90 0.47475, q10 0.50379], MS 1.80932, Freq 0.00000, L1 2.16333, Spectral 0.37867, Gradient 0.68785) | LR 1.00e-05
2026-07-28 16:22:24,933 INFO Epoch 5 | Batch 800/1186 | Loss 2.70934 (Pin 0.94407 [q90 0.45286, q10 0.49121], MS 1.76527, Freq 0.00000, L1 2.12683, Spectral 0.38595, Gradient 0.69484) | LR 1.00e-05
2026-07-28 16:22:46,687 INFO Epoch 5 | Batch 850/1186 | Loss 2.84983 (Pin 0.94972 [q90 0.46140, q10 0.48831], MS 1.90011, Freq 0.00000, L1 2.16224, Spectral 0.39245, Gradient 0.70682) | LR 1.00e-05
2026-07-28 16:23:08,438 INFO Epoch 5 | Batch 900/1186 | Loss 2.90929 (Pin 0.97765 [q90 0.47959, q10 0.49806], MS 1.93163, Freq 0.00000, L1 2.21517, Spectral 0.40390, Gradient 0.72068) | LR 1.00e-05
2026-07-28 16:23:30,192 INFO Epoch 5 | Batch 950/1186 | Loss 2.81297 (Pin 0.96523 [q90 0.46595, q10 0.49928], MS 1.84774, Freq 0.00000, L1 2.18817, Spectral 0.40028, Gradient 0.71949) | LR 1.00e-05
2026-07-28 16:23:51,914 INFO Epoch 5 | Batch 1000/1186 | Loss 2.84408 (Pin 0.98492 [q90 0.47915, q10 0.50578], MS 1.85916, Freq 0.00000, L1 2.21776, Spectral 0.38869, Gradient 0.70557) | LR 1.00e-05
2026-07-28 16:24:13,626 INFO Epoch 5 | Batch 1050/1186 | Loss 2.76483 (Pin 0.93278 [q90 0.45324, q10 0.47953], MS 1.83206, Freq 0.00000, L1 2.11042, Spectral 0.38804, Gradient 0.69854) | LR 1.00e-05
2026-07-28 16:24:35,340 INFO Epoch 5 | Batch 1100/1186 | Loss 2.84430 (Pin 0.99376 [q90 0.48363, q10 0.51013], MS 1.85054, Freq 0.00000, L1 2.23757, Spectral 0.39418, Gradient 0.72161) | LR 1.00e-05
2026-07-28 16:24:57,058 INFO Epoch 5 | Batch 1150/1186 | Loss 2.78311 (Pin 0.95928 [q90 0.46620, q10 0.49308], MS 1.82383, Freq 0.00000, L1 2.16575, Spectral 0.39189, Gradient 0.71055) | LR 1.00e-05
2026-07-28 16:25:48,342 INFO Epoch 5 | Val Loss 3.39719 (Pin 0.90583 [q90 0.43882, q10 0.46701], MS 2.49136, Freq 0.00000, L1 2.08475, Spectral 0.37211, Gradient 0.67702)
2026-07-28 16:25:48,342 INFO Epoch 5 | Coverage q10/q50/q90 = 0.075/0.474/0.902 (nominal .10/.50/.90) | extreme tail = 0.113/0.459/0.849
2026-07-28 16:25:48,666 INFO New best val loss: 3.39719 (saved checkpoints/best.pth)
2026-07-28 16:26:10,499 INFO Epoch 6 | Batch 50/1186 | Loss 2.84318 (Pin 0.96121 [q90 0.46830, q10 0.49291], MS 1.88197, Freq 0.00000, L1 2.18254, Spectral 0.39984, Gradient 0.72429) | LR 1.00e-05
2026-07-28 16:26:32,260 INFO Epoch 6 | Batch 100/1186 | Loss 2.86562 (Pin 0.97703 [q90 0.46409, q10 0.51295], MS 1.88859, Freq 0.00000, L1 2.20841, Spectral 0.39647, Gradient 0.72372) | LR 1.00e-05
2026-07-28 16:26:54,022 INFO Epoch 6 | Batch 150/1186 | Loss 2.84520 (Pin 0.96234 [q90 0.46859, q10 0.49375], MS 1.88286, Freq 0.00000, L1 2.16341, Spectral 0.38153, Gradient 0.69613) | LR 1.00e-05
2026-07-28 16:27:15,789 INFO Epoch 6 | Batch 200/1186 | Loss 2.89395 (Pin 0.97757 [q90 0.47247, q10 0.50510], MS 1.91638, Freq 0.00000, L1 2.19581, Spectral 0.38459, Gradient 0.70375) | LR 1.00e-05
2026-07-28 16:27:37,535 INFO Epoch 6 | Batch 250/1186 | Loss 2.78810 (Pin 0.96427 [q90 0.46927, q10 0.49499], MS 1.82383, Freq 0.00000, L1 2.16128, Spectral 0.38977, Gradient 0.70167) | LR 1.00e-05
2026-07-28 16:27:59,290 INFO Epoch 6 | Batch 300/1186 | Loss 2.71828 (Pin 0.93311 [q90 0.45896, q10 0.47415], MS 1.78516, Freq 0.00000, L1 2.10739, Spectral 0.39138, Gradient 0.70481) | LR 1.00e-05
2026-07-28 16:28:21,051 INFO Epoch 6 | Batch 350/1186 | Loss 2.73241 (Pin 0.92352 [q90 0.44087, q10 0.48265], MS 1.80890, Freq 0.00000, L1 2.10233, Spectral 0.39269, Gradient 0.70930) | LR 1.00e-05
2026-07-28 16:28:42,817 INFO Epoch 6 | Batch 400/1186 | Loss 2.81042 (Pin 0.95461 [q90 0.46974, q10 0.48487], MS 1.85581, Freq 0.00000, L1 2.15042, Spectral 0.39549, Gradient 0.70724) | LR 1.00e-05
2026-07-28 16:29:04,580 INFO Epoch 6 | Batch 450/1186 | Loss 2.78593 (Pin 0.95366 [q90 0.46017, q10 0.49348], MS 1.83228, Freq 0.00000, L1 2.12498, Spectral 0.39604, Gradient 0.70931) | LR 1.00e-05
2026-07-28 16:29:26,334 INFO Epoch 6 | Batch 500/1186 | Loss 2.82129 (Pin 0.98664 [q90 0.47081, q10 0.51583], MS 1.83464, Freq 0.00000, L1 2.19272, Spectral 0.38184, Gradient 0.70107) | LR 1.00e-05
2026-07-28 16:29:48,090 INFO Epoch 6 | Batch 550/1186 | Loss 2.96327 (Pin 0.98600 [q90 0.48329, q10 0.50271], MS 1.97728, Freq 0.00000, L1 2.24090, Spectral 0.41282, Gradient 0.74182) | LR 1.00e-05
2026-07-28 16:30:09,854 INFO Epoch 6 | Batch 600/1186 | Loss 2.73691 (Pin 0.98009 [q90 0.47870, q10 0.50139], MS 1.75682, Freq 0.00000, L1 2.21335, Spectral 0.41003, Gradient 0.73548) | LR 1.00e-05
2026-07-28 16:30:31,611 INFO Epoch 6 | Batch 650/1186 | Loss 2.71399 (Pin 0.93057 [q90 0.44778, q10 0.48279], MS 1.78342, Freq 0.00000, L1 2.10850, Spectral 0.37480, Gradient 0.68472) | LR 1.00e-05
2026-07-28 16:30:53,379 INFO Epoch 6 | Batch 700/1186 | Loss 2.70810 (Pin 0.90472 [q90 0.44046, q10 0.46426], MS 1.80338, Freq 0.00000, L1 2.08352, Spectral 0.37534, Gradient 0.69001) | LR 1.00e-05
2026-07-28 16:31:15,140 INFO Epoch 6 | Batch 750/1186 | Loss 2.84303 (Pin 0.92977 [q90 0.45563, q10 0.47414], MS 1.91326, Freq 0.00000, L1 2.10377, Spectral 0.38208, Gradient 0.69633) | LR 1.00e-05
2026-07-28 16:31:36,895 INFO Epoch 6 | Batch 800/1186 | Loss 2.89706 (Pin 0.97708 [q90 0.47769, q10 0.49938], MS 1.91999, Freq 0.00000, L1 2.20586, Spectral 0.39491, Gradient 0.71139) | LR 1.00e-05
2026-07-28 16:31:58,667 INFO Epoch 6 | Batch 850/1186 | Loss 2.80561 (Pin 0.94516 [q90 0.45625, q10 0.48890], MS 1.86045, Freq 0.00000, L1 2.14665, Spectral 0.38802, Gradient 0.70295) | LR 1.00e-05
2026-07-28 16:32:20,571 INFO Epoch 6 | Batch 900/1186 | Loss 2.83059 (Pin 0.95712 [q90 0.46635, q10 0.49077], MS 1.87346, Freq 0.00000, L1 2.15603, Spectral 0.38629, Gradient 0.69464) | LR 1.00e-05
2026-07-28 16:32:42,338 INFO Epoch 6 | Batch 950/1186 | Loss 2.79496 (Pin 0.97904 [q90 0.47739, q10 0.50164], MS 1.81592, Freq 0.00000, L1 2.18623, Spectral 0.39033, Gradient 0.70965) | LR 1.00e-05
2026-07-28 16:33:04,103 INFO Epoch 6 | Batch 1000/1186 | Loss 2.88927 (Pin 0.95310 [q90 0.46336, q10 0.48974], MS 1.93617, Freq 0.00000, L1 2.14309, Spectral 0.38841, Gradient 0.71055) | LR 1.00e-05
2026-07-28 16:33:25,859 INFO Epoch 6 | Batch 1050/1186 | Loss 2.84087 (Pin 0.97900 [q90 0.47340, q10 0.50560], MS 1.86188, Freq 0.00000, L1 2.17000, Spectral 0.38647, Gradient 0.69940) | LR 1.00e-05
2026-07-28 16:33:47,622 INFO Epoch 6 | Batch 1100/1186 | Loss 2.70863 (Pin 0.94650 [q90 0.46096, q10 0.48554], MS 1.76212, Freq 0.00000, L1 2.13552, Spectral 0.38836, Gradient 0.70648) | LR 1.00e-05
2026-07-28 16:34:09,383 INFO Epoch 6 | Batch 1150/1186 | Loss 2.74275 (Pin 0.94798 [q90 0.45423, q10 0.49375], MS 1.79477, Freq 0.00000, L1 2.13561, Spectral 0.39341, Gradient 0.70534) | LR 1.00e-05
2026-07-28 16:35:01,478 INFO Epoch 6 | Val Loss 3.31706 (Pin 0.89830 [q90 0.43654, q10 0.46175], MS 2.41876, Freq 0.00000, L1 2.06223, Spectral 0.36611, Gradient 0.65799)
2026-07-28 16:35:01,478 INFO Epoch 6 | Coverage q10/q50/q90 = 0.080/0.485/0.904 (nominal .10/.50/.90) | extreme tail = 0.113/0.458/0.852
2026-07-28 16:35:01,805 INFO New best val loss: 3.31706 (saved checkpoints/best.pth)
2026-07-28 16:35:23,624 INFO Epoch 7 | Batch 50/1186 | Loss 2.82612 (Pin 0.98870 [q90 0.48283, q10 0.50587], MS 1.83742, Freq 0.00000, L1 2.19999, Spectral 0.38251, Gradient 0.70510) | LR 1.00e-05
2026-07-28 16:35:45,388 INFO Epoch 7 | Batch 100/1186 | Loss 2.79825 (Pin 0.95046 [q90 0.46281, q10 0.48765], MS 1.84779, Freq 0.00000, L1 2.14126, Spectral 0.40101, Gradient 0.70996) | LR 1.00e-05
2026-07-28 16:36:07,139 INFO Epoch 7 | Batch 150/1186 | Loss 2.85981 (Pin 0.97956 [q90 0.47409, q10 0.50547], MS 1.88025, Freq 0.00000, L1 2.19960, Spectral 0.39377, Gradient 0.71155) | LR 1.00e-05
2026-07-28 16:36:28,888 INFO Epoch 7 | Batch 200/1186 | Loss 2.85934 (Pin 0.95577 [q90 0.46473, q10 0.49104], MS 1.90357, Freq 0.00000, L1 2.14793, Spectral 0.39648, Gradient 0.70697) | LR 1.00e-05
2026-07-28 16:36:50,641 INFO Epoch 7 | Batch 250/1186 | Loss 2.75731 (Pin 0.98281 [q90 0.47700, q10 0.50581], MS 1.77449, Freq 0.00000, L1 2.16835, Spectral 0.38687, Gradient 0.70121) | LR 1.00e-05
2026-07-28 16:37:12,390 INFO Epoch 7 | Batch 300/1186 | Loss 2.70402 (Pin 0.95796 [q90 0.46478, q10 0.49318], MS 1.74605, Freq 0.00000, L1 2.14566, Spectral 0.38339, Gradient 0.69512) | LR 1.00e-05
2026-07-28 16:37:34,156 INFO Epoch 7 | Batch 350/1186 | Loss 2.76823 (Pin 0.96759 [q90 0.46687, q10 0.50073], MS 1.80064, Freq 0.00000, L1 2.16017, Spectral 0.38278, Gradient 0.69788) | LR 1.00e-05
2026-07-28 16:37:55,926 INFO Epoch 7 | Batch 400/1186 | Loss 2.84868 (Pin 0.95378 [q90 0.46565, q10 0.48813], MS 1.89490, Freq 0.00000, L1 2.16750, Spectral 0.38703, Gradient 0.70456) | LR 1.00e-05
2026-07-28 16:38:17,680 INFO Epoch 7 | Batch 450/1186 | Loss 2.89909 (Pin 0.96444 [q90 0.46861, q10 0.49583], MS 1.93465, Freq 0.00000, L1 2.17014, Spectral 0.39434, Gradient 0.71743) | LR 1.00e-05
2026-07-28 16:38:39,448 INFO Epoch 7 | Batch 500/1186 | Loss 2.73064 (Pin 0.92475 [q90 0.44246, q10 0.48229], MS 1.80589, Freq 0.00000, L1 2.13541, Spectral 0.39244, Gradient 0.71088) | LR 1.00e-05
2026-07-28 16:39:01,199 INFO Epoch 7 | Batch 550/1186 | Loss 2.70469 (Pin 0.93412 [q90 0.45382, q10 0.48030], MS 1.77058, Freq 0.00000, L1 2.11119, Spectral 0.39217, Gradient 0.70828) | LR 1.00e-05
2026-07-28 16:39:22,945 INFO Epoch 7 | Batch 600/1186 | Loss 2.79039 (Pin 0.96921 [q90 0.47228, q10 0.49693], MS 1.82118, Freq 0.00000, L1 2.16089, Spectral 0.39389, Gradient 0.70339) | LR 1.00e-05
2026-07-28 16:39:44,702 INFO Epoch 7 | Batch 650/1186 | Loss 2.83179 (Pin 0.92333 [q90 0.44598, q10 0.47734], MS 1.90846, Freq 0.00000, L1 2.09219, Spectral 0.37938, Gradient 0.68857) | LR 1.00e-05
2026-07-28 16:40:06,465 INFO Epoch 7 | Batch 700/1186 | Loss 2.83170 (Pin 0.95544 [q90 0.46220, q10 0.49323], MS 1.87626, Freq 0.00000, L1 2.15160, Spectral 0.38566, Gradient 0.70458) | LR 1.00e-05
2026-07-28 16:40:28,219 INFO Epoch 7 | Batch 750/1186 | Loss 2.69494 (Pin 0.92378 [q90 0.44401, q10 0.47976], MS 1.77116, Freq 0.00000, L1 2.10887, Spectral 0.38291, Gradient 0.69035) | LR 1.00e-05
2026-07-28 16:40:49,969 INFO Epoch 7 | Batch 800/1186 | Loss 2.89811 (Pin 0.96701 [q90 0.47426, q10 0.49276], MS 1.93109, Freq 0.00000, L1 2.21670, Spectral 0.40798, Gradient 0.73082) | LR 1.00e-05
2026-07-28 16:41:11,731 INFO Epoch 7 | Batch 850/1186 | Loss 2.66158 (Pin 0.92410 [q90 0.44861, q10 0.47549], MS 1.73748, Freq 0.00000, L1 2.08246, Spectral 0.38641, Gradient 0.68633) | LR 1.00e-05
2026-07-28 16:41:33,482 INFO Epoch 7 | Batch 900/1186 | Loss 2.80479 (Pin 0.96960 [q90 0.46846, q10 0.50114], MS 1.83519, Freq 0.00000, L1 2.18674, Spectral 0.40258, Gradient 0.71738) | LR 1.00e-05
2026-07-28 16:41:55,244 INFO Epoch 7 | Batch 950/1186 | Loss 2.79574 (Pin 0.95702 [q90 0.46739, q10 0.48963], MS 1.83872, Freq 0.00000, L1 2.16360, Spectral 0.39312, Gradient 0.70934) | LR 1.00e-05
2026-07-28 16:42:17,001 INFO Epoch 7 | Batch 1000/1186 | Loss 2.79844 (Pin 0.93304 [q90 0.44616, q10 0.48689], MS 1.86540, Freq 0.00000, L1 2.13382, Spectral 0.40512, Gradient 0.72333) | LR 1.00e-05
2026-07-28 16:42:38,758 INFO Epoch 7 | Batch 1050/1186 | Loss 2.78394 (Pin 0.92107 [q90 0.45153, q10 0.46954], MS 1.86287, Freq 0.00000, L1 2.09138, Spectral 0.38396, Gradient 0.69175) | LR 1.00e-05
2026-07-28 16:43:00,513 INFO Epoch 7 | Batch 1100/1186 | Loss 2.75065 (Pin 0.95081 [q90 0.45657, q10 0.49424], MS 1.79984, Freq 0.00000, L1 2.14221, Spectral 0.39323, Gradient 0.70882) | LR 1.00e-05
2026-07-28 16:43:22,256 INFO Epoch 7 | Batch 1150/1186 | Loss 2.76245 (Pin 0.93871 [q90 0.45787, q10 0.48084], MS 1.82374, Freq 0.00000, L1 2.11515, Spectral 0.40151, Gradient 0.71810) | LR 1.00e-05
2026-07-28 16:44:13,903 INFO Epoch 7 | Val Loss 3.37010 (Pin 0.89609 [q90 0.43464, q10 0.46145], MS 2.47401, Freq 0.00000, L1 2.06539, Spectral 0.36323, Gradient 0.64867)
2026-07-28 16:44:13,903 INFO Epoch 7 | Coverage q10/q50/q90 = 0.080/0.484/0.907 (nominal .10/.50/.90) | extreme tail = 0.114/0.458/0.857
2026-07-28 16:44:35,889 INFO Epoch 8 | Batch 50/1186 | Loss 2.81467 (Pin 0.95895 [q90 0.46778, q10 0.49118], MS 1.85571, Freq 0.00000, L1 2.15743, Spectral 0.39160, Gradient 0.71191) | LR 1.00e-05
2026-07-28 16:44:57,642 INFO Epoch 8 | Batch 100/1186 | Loss 2.79470 (Pin 0.94211 [q90 0.46095, q10 0.48116], MS 1.85259, Freq 0.00000, L1 2.13124, Spectral 0.39996, Gradient 0.71758) | LR 1.00e-05
2026-07-28 16:45:19,399 INFO Epoch 8 | Batch 150/1186 | Loss 2.92118 (Pin 0.97425 [q90 0.46561, q10 0.50865], MS 1.94693, Freq 0.00000, L1 2.22215, Spectral 0.41208, Gradient 0.75065) | LR 1.00e-05
2026-07-28 16:45:41,151 INFO Epoch 8 | Batch 200/1186 | Loss 2.64536 (Pin 0.95600 [q90 0.47168, q10 0.48432], MS 1.68936, Freq 0.00000, L1 2.14541, Spectral 0.38579, Gradient 0.70132) | LR 1.00e-05
2026-07-28 16:46:02,900 INFO Epoch 8 | Batch 250/1186 | Loss 2.76334 (Pin 0.94891 [q90 0.44889, q10 0.50002], MS 1.81444, Freq 0.00000, L1 2.15796, Spectral 0.40394, Gradient 0.72427) | LR 1.00e-05
2026-07-28 16:46:24,654 INFO Epoch 8 | Batch 300/1186 | Loss 2.71847 (Pin 0.95686 [q90 0.46630, q10 0.49056], MS 1.76161, Freq 0.00000, L1 2.14394, Spectral 0.39095, Gradient 0.70461) | LR 1.00e-05
2026-07-28 16:46:46,415 INFO Epoch 8 | Batch 350/1186 | Loss 2.80714 (Pin 0.97309 [q90 0.47065, q10 0.50244], MS 1.83405, Freq 0.00000, L1 2.16183, Spectral 0.40055, Gradient 0.71245) | LR 1.00e-05
2026-07-28 16:47:08,178 INFO Epoch 8 | Batch 400/1186 | Loss 2.79156 (Pin 0.94681 [q90 0.46222, q10 0.48459], MS 1.84475, Freq 0.00000, L1 2.13463, Spectral 0.39033, Gradient 0.70797) | LR 1.00e-05
2026-07-28 16:47:29,947 INFO Epoch 8 | Batch 450/1186 | Loss 2.77485 (Pin 0.94797 [q90 0.45739, q10 0.49058], MS 1.82688, Freq 0.00000, L1 2.14170, Spectral 0.39581, Gradient 0.71260) | LR 1.00e-05
2026-07-28 16:47:51,704 INFO Epoch 8 | Batch 500/1186 | Loss 2.66142 (Pin 0.91117 [q90 0.44658, q10 0.46460], MS 1.75025, Freq 0.00000, L1 2.04954, Spectral 0.38117, Gradient 0.69038) | LR 1.00e-05
2026-07-28 16:48:13,472 INFO Epoch 8 | Batch 550/1186 | Loss 2.64134 (Pin 0.94651 [q90 0.45904, q10 0.48746], MS 1.69483, Freq 0.00000, L1 2.13507, Spectral 0.40326, Gradient 0.71885) | LR 1.00e-05
2026-07-28 16:48:35,229 INFO Epoch 8 | Batch 600/1186 | Loss 2.80108 (Pin 0.95692 [q90 0.45774, q10 0.49918], MS 1.84415, Freq 0.00000, L1 2.17972, Spectral 0.39925, Gradient 0.71995) | LR 1.00e-05
2026-07-28 16:48:56,976 INFO Epoch 8 | Batch 650/1186 | Loss 2.75889 (Pin 0.99111 [q90 0.48433, q10 0.50678], MS 1.76778, Freq 0.00000, L1 2.19317, Spectral 0.39204, Gradient 0.71425) | LR 1.00e-05
2026-07-28 16:49:18,744 INFO Epoch 8 | Batch 700/1186 | Loss 2.67443 (Pin 0.93145 [q90 0.45513, q10 0.47632], MS 1.74298, Freq 0.00000, L1 2.10776, Spectral 0.40057, Gradient 0.70508) | LR 1.00e-05
2026-07-28 16:49:40,514 INFO Epoch 8 | Batch 750/1186 | Loss 2.69869 (Pin 0.90911 [q90 0.44810, q10 0.46100], MS 1.78958, Freq 0.00000, L1 2.08570, Spectral 0.39026, Gradient 0.70591) | LR 1.00e-05
2026-07-28 16:50:02,261 INFO Epoch 8 | Batch 800/1186 | Loss 2.72942 (Pin 0.96359 [q90 0.46801, q10 0.49558], MS 1.76584, Freq 0.00000, L1 2.15705, Spectral 0.40674, Gradient 0.72487) | LR 1.00e-05
2026-07-28 16:50:24,036 INFO Epoch 8 | Batch 850/1186 | Loss 2.80486 (Pin 0.97606 [q90 0.46376, q10 0.51229], MS 1.82880, Freq 0.00000, L1 2.17068, Spectral 0.39148, Gradient 0.71178) | LR 1.00e-05
2026-07-28 16:50:45,790 INFO Epoch 8 | Batch 900/1186 | Loss 2.78520 (Pin 0.91189 [q90 0.44880, q10 0.46309], MS 1.87331, Freq 0.00000, L1 2.08615, Spectral 0.39374, Gradient 0.71121) | LR 1.00e-05
2026-07-28 16:51:07,559 INFO Epoch 8 | Batch 950/1186 | Loss 2.70453 (Pin 0.95808 [q90 0.46190, q10 0.49618], MS 1.74645, Freq 0.00000, L1 2.12478, Spectral 0.38756, Gradient 0.69355) | LR 1.00e-05
2026-07-28 16:51:29,326 INFO Epoch 8 | Batch 1000/1186 | Loss 2.62063 (Pin 0.93074 [q90 0.45021, q10 0.48054], MS 1.68989, Freq 0.00000, L1 2.06979, Spectral 0.36051, Gradient 0.65848) | LR 1.00e-05
2026-07-28 16:51:51,080 INFO Epoch 8 | Batch 1050/1186 | Loss 2.74348 (Pin 0.95641 [q90 0.47169, q10 0.48472], MS 1.78707, Freq 0.00000, L1 2.18028, Spectral 0.40821, Gradient 0.72734) | LR 1.00e-05
2026-07-28 16:52:12,836 INFO Epoch 8 | Batch 1100/1186 | Loss 2.65684 (Pin 0.93978 [q90 0.45688, q10 0.48290], MS 1.71706, Freq 0.00000, L1 2.07564, Spectral 0.38185, Gradient 0.68794) | LR 1.00e-05
2026-07-28 16:52:34,602 INFO Epoch 8 | Batch 1150/1186 | Loss 2.75319 (Pin 0.95441 [q90 0.46487, q10 0.48954], MS 1.79877, Freq 0.00000, L1 2.14277, Spectral 0.38616, Gradient 0.69287) | LR 1.00e-05
2026-07-28 16:53:26,613 INFO Epoch 8 | Val Loss 3.37365 (Pin 0.89693 [q90 0.43624, q10 0.46069], MS 2.47673, Freq 0.00000, L1 2.06528, Spectral 0.36984, Gradient 0.66802)
2026-07-28 16:53:26,613 INFO Epoch 8 | Coverage q10/q50/q90 = 0.078/0.482/0.903 (nominal .10/.50/.90) | extreme tail = 0.116/0.463/0.855
2026-07-28 16:53:48,616 INFO Epoch 9 | Batch 50/1186 | Loss 2.76306 (Pin 0.95790 [q90 0.46710, q10 0.49080], MS 1.80516, Freq 0.00000, L1 2.16464, Spectral 0.39034, Gradient 0.70487) | LR 1.00e-05
2026-07-28 16:54:10,373 INFO Epoch 9 | Batch 100/1186 | Loss 2.66692 (Pin 0.91382 [q90 0.43929, q10 0.47453], MS 1.75310, Freq 0.00000, L1 2.07567, Spectral 0.38635, Gradient 0.69146) | LR 1.00e-05
2026-07-28 16:54:32,123 INFO Epoch 9 | Batch 150/1186 | Loss 2.70483 (Pin 0.93694 [q90 0.45046, q10 0.48648], MS 1.76790, Freq 0.00000, L1 2.11645, Spectral 0.40105, Gradient 0.71400) | LR 1.00e-05
2026-07-28 16:54:53,880 INFO Epoch 9 | Batch 200/1186 | Loss 2.80960 (Pin 0.97175 [q90 0.46150, q10 0.51025], MS 1.83784, Freq 0.00000, L1 2.17817, Spectral 0.39890, Gradient 0.70382) | LR 1.00e-05
2026-07-28 16:55:15,624 INFO Epoch 9 | Batch 250/1186 | Loss 2.79192 (Pin 0.93030 [q90 0.44888, q10 0.48142], MS 1.86161, Freq 0.00000, L1 2.13251, Spectral 0.40588, Gradient 0.73347) | LR 1.00e-05
2026-07-28 16:55:37,391 INFO Epoch 9 | Batch 300/1186 | Loss 2.80067 (Pin 0.96854 [q90 0.47234, q10 0.49620], MS 1.83213, Freq 0.00000, L1 2.17112, Spectral 0.39516, Gradient 0.71412) | LR 1.00e-05
2026-07-28 16:55:59,145 INFO Epoch 9 | Batch 350/1186 | Loss 2.64210 (Pin 0.95961 [q90 0.47497, q10 0.48464], MS 1.68248, Freq 0.00000, L1 2.14228, Spectral 0.39169, Gradient 0.70482) | LR 1.00e-05
2026-07-28 16:56:20,910 INFO Epoch 9 | Batch 400/1186 | Loss 2.86896 (Pin 1.00034 [q90 0.48638, q10 0.51395], MS 1.86862, Freq 0.00000, L1 2.20063, Spectral 0.38385, Gradient 0.69685) | LR 1.00e-05
2026-07-28 16:56:42,673 INFO Epoch 9 | Batch 450/1186 | Loss 2.80188 (Pin 0.95384 [q90 0.45673, q10 0.49711], MS 1.84804, Freq 0.00000, L1 2.14891, Spectral 0.38705, Gradient 0.70324) | LR 1.00e-05
2026-07-28 16:57:04,436 INFO Epoch 9 | Batch 500/1186 | Loss 2.85930 (Pin 0.94508 [q90 0.45778, q10 0.48730], MS 1.91422, Freq 0.00000, L1 2.11323, Spectral 0.40042, Gradient 0.71270) | LR 1.00e-05
2026-07-28 16:57:26,207 INFO Epoch 9 | Batch 550/1186 | Loss 2.75203 (Pin 0.95514 [q90 0.45918, q10 0.49596], MS 1.79689, Freq 0.00000, L1 2.15522, Spectral 0.40752, Gradient 0.73384) | LR 1.00e-05
2026-07-28 16:57:47,973 INFO Epoch 9 | Batch 600/1186 | Loss 2.68375 (Pin 0.94926 [q90 0.46863, q10 0.48062], MS 1.73450, Freq 0.00000, L1 2.12960, Spectral 0.39283, Gradient 0.70134) | LR 1.00e-05
2026-07-28 16:58:09,716 INFO Epoch 9 | Batch 650/1186 | Loss 2.65878 (Pin 0.91503 [q90 0.44728, q10 0.46775], MS 1.74375, Freq 0.00000, L1 2.07027, Spectral 0.38992, Gradient 0.69874) | LR 1.00e-05
2026-07-28 16:58:31,467 INFO Epoch 9 | Batch 700/1186 | Loss 2.81481 (Pin 0.95470 [q90 0.45760, q10 0.49710], MS 1.86011, Freq 0.00000, L1 2.15813, Spectral 0.39081, Gradient 0.70768) | LR 1.00e-05
2026-07-28 16:58:53,224 INFO Epoch 9 | Batch 750/1186 | Loss 2.82505 (Pin 0.93920 [q90 0.46070, q10 0.47850], MS 1.88585, Freq 0.00000, L1 2.13566, Spectral 0.39136, Gradient 0.71498) | LR 1.00e-05
2026-07-28 16:59:14,953 INFO Epoch 9 | Batch 800/1186 | Loss 2.78569 (Pin 0.92274 [q90 0.45242, q10 0.47031], MS 1.86295, Freq 0.00000, L1 2.10087, Spectral 0.39209, Gradient 0.70314) | LR 1.00e-05
2026-07-28 16:59:36,686 INFO Epoch 9 | Batch 850/1186 | Loss 2.52325 (Pin 0.90747 [q90 0.44078, q10 0.46668], MS 1.61578, Freq 0.00000, L1 2.06570, Spectral 0.38844, Gradient 0.69301) | LR 1.00e-05
2026-07-28 16:59:58,414 INFO Epoch 9 | Batch 900/1186 | Loss 2.68174 (Pin 0.93232 [q90 0.45035, q10 0.48196], MS 1.74942, Freq 0.00000, L1 2.07806, Spectral 0.38503, Gradient 0.69351) | LR 1.00e-05
2026-07-28 17:00:20,149 INFO Epoch 9 | Batch 950/1186 | Loss 2.77722 (Pin 0.97790 [q90 0.47631, q10 0.50158], MS 1.79933, Freq 0.00000, L1 2.19320, Spectral 0.39351, Gradient 0.71450) | LR 1.00e-05
2026-07-28 17:00:41,875 INFO Epoch 9 | Batch 1000/1186 | Loss 2.65550 (Pin 0.95161 [q90 0.46343, q10 0.48818], MS 1.70389, Freq 0.00000, L1 2.08247, Spectral 0.37633, Gradient 0.67893) | LR 1.00e-05
2026-07-28 17:01:03,603 INFO Epoch 9 | Batch 1050/1186 | Loss 2.84604 (Pin 0.98372 [q90 0.47574, q10 0.50799], MS 1.86232, Freq 0.00000, L1 2.19479, Spectral 0.40365, Gradient 0.72619) | LR 1.00e-05
2026-07-28 17:01:25,327 INFO Epoch 9 | Batch 1100/1186 | Loss 2.71381 (Pin 0.91827 [q90 0.44366, q10 0.47461], MS 1.79554, Freq 0.00000, L1 2.09575, Spectral 0.40290, Gradient 0.71614) | LR 1.00e-05
2026-07-28 17:01:47,047 INFO Epoch 9 | Batch 1150/1186 | Loss 2.70122 (Pin 0.92958 [q90 0.45537, q10 0.47421], MS 1.77163, Freq 0.00000, L1 2.06368, Spectral 0.39682, Gradient 0.69866) | LR 1.00e-05
2026-07-28 17:02:38,374 INFO Epoch 9 | Val Loss 3.30827 (Pin 0.89084 [q90 0.43420, q10 0.45664], MS 2.41743, Freq 0.00000, L1 2.04081, Spectral 0.37065, Gradient 0.66320)
2026-07-28 17:02:38,375 INFO Epoch 9 | Coverage q10/q50/q90 = 0.082/0.480/0.902 (nominal .10/.50/.90) | extreme tail = 0.116/0.459/0.854
2026-07-28 17:02:38,696 INFO New best val loss: 3.30827 (saved checkpoints/best.pth)
2026-07-28 17:03:00,480 INFO Epoch 10 | Batch 50/1186 | Loss 2.78247 (Pin 0.96399 [q90 0.47588, q10 0.48811], MS 1.81848, Freq 0.00000, L1 2.12409, Spectral 0.38324, Gradient 0.67820) | LR 1.00e-05
2026-07-28 17:03:22,223 INFO Epoch 10 | Batch 100/1186 | Loss 2.65908 (Pin 0.94950 [q90 0.45995, q10 0.48955], MS 1.70957, Freq 0.00000, L1 2.14246, Spectral 0.39719, Gradient 0.71373) | LR 1.00e-05
2026-07-28 17:03:43,957 INFO Epoch 10 | Batch 150/1186 | Loss 2.68218 (Pin 0.93768 [q90 0.45351, q10 0.48417], MS 1.74450, Freq 0.00000, L1 2.11947, Spectral 0.39142, Gradient 0.70549) | LR 1.00e-05
2026-07-28 17:04:05,688 INFO Epoch 10 | Batch 200/1186 | Loss 2.76178 (Pin 0.96064 [q90 0.46451, q10 0.49613], MS 1.80114, Freq 0.00000, L1 2.15663, Spectral 0.41817, Gradient 0.73321) | LR 1.00e-05
2026-07-28 17:04:27,422 INFO Epoch 10 | Batch 250/1186 | Loss 2.70110 (Pin 0.94896 [q90 0.46325, q10 0.48570], MS 1.75214, Freq 0.00000, L1 2.14843, Spectral 0.39721, Gradient 0.70634) | LR 1.00e-05
2026-07-28 17:04:49,151 INFO Epoch 10 | Batch 300/1186 | Loss 2.79334 (Pin 0.94439 [q90 0.45900, q10 0.48539], MS 1.84895, Freq 0.00000, L1 2.09828, Spectral 0.39553, Gradient 0.71388) | LR 1.00e-05
2026-07-28 17:05:10,882 INFO Epoch 10 | Batch 350/1186 | Loss 2.73857 (Pin 0.91699 [q90 0.44537, q10 0.47163], MS 1.82157, Freq 0.00000, L1 2.06617, Spectral 0.39273, Gradient 0.70547) | LR 1.00e-05
2026-07-28 17:05:32,614 INFO Epoch 10 | Batch 400/1186 | Loss 2.61925 (Pin 0.92765 [q90 0.44858, q10 0.47907], MS 1.69160, Freq 0.00000, L1 2.08682, Spectral 0.41370, Gradient 0.72619) | LR 1.00e-05
2026-07-28 17:05:54,342 INFO Epoch 10 | Batch 450/1186 | Loss 2.72652 (Pin 0.97092 [q90 0.47448, q10 0.49644], MS 1.75560, Freq 0.00000, L1 2.14455, Spectral 0.39521, Gradient 0.70900) | LR 1.00e-05
2026-07-28 17:06:16,065 INFO Epoch 10 | Batch 500/1186 | Loss 2.63508 (Pin 0.92054 [q90 0.44547, q10 0.47507], MS 1.71454, Freq 0.00000, L1 2.09899, Spectral 0.39049, Gradient 0.69719) | LR 1.00e-05
2026-07-28 17:06:37,786 INFO Epoch 10 | Batch 550/1186 | Loss 2.66662 (Pin 0.89129 [q90 0.43226, q10 0.45903], MS 1.77533, Freq 0.00000, L1 2.04033, Spectral 0.40109, Gradient 0.71022) | LR 1.00e-05
2026-07-28 17:06:59,519 INFO Epoch 10 | Batch 600/1186 | Loss 2.76658 (Pin 0.94193 [q90 0.45300, q10 0.48893], MS 1.82465, Freq 0.00000, L1 2.11462, Spectral 0.38149, Gradient 0.69079) | LR 1.00e-05
2026-07-28 17:07:21,248 INFO Epoch 10 | Batch 650/1186 | Loss 2.81742 (Pin 0.98876 [q90 0.48129, q10 0.50747], MS 1.82866, Freq 0.00000, L1 2.19370, Spectral 0.39932, Gradient 0.71156) | LR 1.00e-05
2026-07-28 17:07:42,969 INFO Epoch 10 | Batch 700/1186 | Loss 2.65348 (Pin 0.94606 [q90 0.45576, q10 0.49030], MS 1.70742, Freq 0.00000, L1 2.12213, Spectral 0.39581, Gradient 0.71620) | LR 1.00e-05
2026-07-28 17:08:04,682 INFO Epoch 10 | Batch 750/1186 | Loss 2.76641 (Pin 0.93816 [q90 0.45229, q10 0.48587], MS 1.82825, Freq 0.00000, L1 2.09734, Spectral 0.39695, Gradient 0.71204) | LR 1.00e-05
2026-07-28 17:08:26,406 INFO Epoch 10 | Batch 800/1186 | Loss 2.69036 (Pin 0.94497 [q90 0.46082, q10 0.48414], MS 1.74539, Freq 0.00000, L1 2.09617, Spectral 0.38883, Gradient 0.69304) | LR 1.00e-05
2026-07-28 17:08:48,128 INFO Epoch 10 | Batch 850/1186 | Loss 2.71452 (Pin 0.94963 [q90 0.46643, q10 0.48320], MS 1.76489, Freq 0.00000, L1 2.10903, Spectral 0.39991, Gradient 0.71062) | LR 1.00e-05
2026-07-28 17:09:09,849 INFO Epoch 10 | Batch 900/1186 | Loss 2.67640 (Pin 0.94650 [q90 0.46271, q10 0.48379], MS 1.72990, Freq 0.00000, L1 2.11968, Spectral 0.39709, Gradient 0.71753) | LR 1.00e-05
2026-07-28 17:09:31,582 INFO Epoch 10 | Batch 950/1186 | Loss 2.74756 (Pin 0.97621 [q90 0.47365, q10 0.50256], MS 1.77136, Freq 0.00000, L1 2.14568, Spectral 0.39799, Gradient 0.71574) | LR 1.00e-05
2026-07-28 17:09:53,334 INFO Epoch 10 | Batch 1000/1186 | Loss 2.63919 (Pin 0.91767 [q90 0.44667, q10 0.47099], MS 1.72152, Freq 0.00000, L1 2.07730, Spectral 0.40042, Gradient 0.71042) | LR 1.00e-05
2026-07-28 17:10:15,061 INFO Epoch 10 | Batch 1050/1186 | Loss 2.69121 (Pin 0.95157 [q90 0.46410, q10 0.48746], MS 1.73965, Freq 0.00000, L1 2.09849, Spectral 0.37663, Gradient 0.67881) | LR 1.00e-05
2026-07-28 17:10:36,788 INFO Epoch 10 | Batch 1100/1186 | Loss 2.62576 (Pin 0.90741 [q90 0.43534, q10 0.47206], MS 1.71835, Freq 0.00000, L1 2.05666, Spectral 0.39672, Gradient 0.69923) | LR 1.00e-05
2026-07-28 17:10:58,498 INFO Epoch 10 | Batch 1150/1186 | Loss 2.67184 (Pin 0.93714 [q90 0.45242, q10 0.48471], MS 1.73470, Freq 0.00000, L1 2.11097, Spectral 0.39173, Gradient 0.70136) | LR 1.00e-05
2026-07-28 17:11:50,567 INFO Epoch 10 | Val Loss 3.36461 (Pin 0.89059 [q90 0.43344, q10 0.45715], MS 2.47402, Freq 0.00000, L1 2.05734, Spectral 0.37341, Gradient 0.67795)
2026-07-28 17:11:50,568 INFO Epoch 10 | Coverage q10/q50/q90 = 0.078/0.478/0.906 (nominal .10/.50/.90) | extreme tail = 0.115/0.462/0.853
2026-07-28 17:12:12,525 INFO Epoch 11 | Batch 50/1186 | Loss 2.69450 (Pin 0.94570 [q90 0.45484, q10 0.49086], MS 1.74880, Freq 0.00000, L1 2.12022, Spectral 0.40381, Gradient 0.71851) | LR 1.00e-05
2026-07-28 17:12:34,259 INFO Epoch 11 | Batch 100/1186 | Loss 2.81878 (Pin 0.96157 [q90 0.46659, q10 0.49499], MS 1.85720, Freq 0.00000, L1 2.12695, Spectral 0.40014, Gradient 0.71081) | LR 1.00e-05
2026-07-28 17:12:55,999 INFO Epoch 11 | Batch 150/1186 | Loss 2.59796 (Pin 0.91614 [q90 0.44435, q10 0.47179], MS 1.68181, Freq 0.00000, L1 2.07214, Spectral 0.38217, Gradient 0.68141) | LR 1.00e-05
2026-07-28 17:13:17,723 INFO Epoch 11 | Batch 200/1186 | Loss 2.76557 (Pin 0.91609 [q90 0.44107, q10 0.47503], MS 1.84947, Freq 0.00000, L1 2.06877, Spectral 0.38109, Gradient 0.69234) | LR 1.00e-05
2026-07-28 17:13:39,452 INFO Epoch 11 | Batch 250/1186 | Loss 2.59119 (Pin 0.93233 [q90 0.45348, q10 0.47885], MS 1.65885, Freq 0.00000, L1 2.10235, Spectral 0.39858, Gradient 0.70516) | LR 1.00e-05
2026-07-28 17:14:01,169 INFO Epoch 11 | Batch 300/1186 | Loss 2.71470 (Pin 0.92212 [q90 0.45239, q10 0.46973], MS 1.79258, Freq 0.00000, L1 2.07671, Spectral 0.39404, Gradient 0.69680) | LR 1.00e-05
2026-07-28 17:14:22,892 INFO Epoch 11 | Batch 350/1186 | Loss 2.70328 (Pin 0.96885 [q90 0.46763, q10 0.50122], MS 1.73443, Freq 0.00000, L1 2.12257, Spectral 0.39028, Gradient 0.70400) | LR 1.00e-05
2026-07-28 17:14:44,616 INFO Epoch 11 | Batch 400/1186 | Loss 2.68704 (Pin 0.93589 [q90 0.45600, q10 0.47989], MS 1.75115, Freq 0.00000, L1 2.08816, Spectral 0.39287, Gradient 0.69941) | LR 1.00e-05
2026-07-28 17:15:06,332 INFO Epoch 11 | Batch 450/1186 | Loss 2.68430 (Pin 0.93725 [q90 0.45522, q10 0.48203], MS 1.74705, Freq 0.00000, L1 2.11001, Spectral 0.40861, Gradient 0.71829) | LR 1.00e-05
2026-07-28 17:15:28,047 INFO Epoch 11 | Batch 500/1186 | Loss 2.70308 (Pin 0.93172 [q90 0.45742, q10 0.47430], MS 1.77135, Freq 0.00000, L1 2.10678, Spectral 0.38065, Gradient 0.69328) | LR 1.00e-05
2026-07-28 17:15:49,765 INFO Epoch 11 | Batch 550/1186 | Loss 2.67248 (Pin 0.93830 [q90 0.45817, q10 0.48014], MS 1.73417, Freq 0.00000, L1 2.07359, Spectral 0.38844, Gradient 0.69712) | LR 1.00e-05
2026-07-28 17:16:11,495 INFO Epoch 11 | Batch 600/1186 | Loss 2.70715 (Pin 0.95940 [q90 0.46379, q10 0.49562], MS 1.74775, Freq 0.00000, L1 2.14506, Spectral 0.39512, Gradient 0.70197) | LR 1.00e-05
2026-07-28 17:16:33,217 INFO Epoch 11 | Batch 650/1186 | Loss 2.82995 (Pin 0.95834 [q90 0.47615, q10 0.48219], MS 1.87161, Freq 0.00000, L1 2.13437, Spectral 0.38848, Gradient 0.68532) | LR 1.00e-05
2026-07-28 17:16:54,934 INFO Epoch 11 | Batch 700/1186 | Loss 2.77381 (Pin 0.95314 [q90 0.45700, q10 0.49614], MS 1.82068, Freq 0.00000, L1 2.11768, Spectral 0.40143, Gradient 0.71219) | LR 1.00e-05
2026-07-28 17:17:16,661 INFO Epoch 11 | Batch 750/1186 | Loss 2.74550 (Pin 0.96599 [q90 0.46282, q10 0.50317], MS 1.77952, Freq 0.00000, L1 2.13327, Spectral 0.39842, Gradient 0.71743) | LR 1.00e-05
2026-07-28 17:17:38,391 INFO Epoch 11 | Batch 800/1186 | Loss 2.73592 (Pin 0.93959 [q90 0.46429, q10 0.47530], MS 1.79634, Freq 0.00000, L1 2.09961, Spectral 0.39444, Gradient 0.70029) | LR 1.00e-05
2026-07-28 17:18:00,125 INFO Epoch 11 | Batch 850/1186 | Loss 2.62046 (Pin 0.95456 [q90 0.45748, q10 0.49709], MS 1.66590, Freq 0.00000, L1 2.13218, Spectral 0.39732, Gradient 0.71105) | LR 1.00e-05
2026-07-28 17:18:21,850 INFO Epoch 11 | Batch 900/1186 | Loss 2.76630 (Pin 0.96554 [q90 0.47148, q10 0.49407], MS 1.80075, Freq 0.00000, L1 2.12897, Spectral 0.39789, Gradient 0.70821) | LR 1.00e-05
2026-07-28 17:18:43,568 INFO Epoch 11 | Batch 950/1186 | Loss 2.57482 (Pin 0.90604 [q90 0.44278, q10 0.46327], MS 1.66878, Freq 0.00000, L1 2.04771, Spectral 0.38398, Gradient 0.68122) | LR 1.00e-05
2026-07-28 17:19:05,276 INFO Epoch 11 | Batch 1000/1186 | Loss 2.66396 (Pin 0.92180 [q90 0.44696, q10 0.47484], MS 1.74216, Freq 0.00000, L1 2.06410, Spectral 0.38993, Gradient 0.68859) | LR 1.00e-05
2026-07-28 17:19:27,002 INFO Epoch 11 | Batch 1050/1186 | Loss 2.65513 (Pin 0.92557 [q90 0.44821, q10 0.47736], MS 1.72956, Freq 0.00000, L1 2.07521, Spectral 0.40364, Gradient 0.71596) | LR 1.00e-05
2026-07-28 17:19:48,726 INFO Epoch 11 | Batch 1100/1186 | Loss 2.66832 (Pin 0.95024 [q90 0.45819, q10 0.49205], MS 1.71808, Freq 0.00000, L1 2.14267, Spectral 0.39937, Gradient 0.72054) | LR 1.00e-05
2026-07-28 17:20:10,440 INFO Epoch 11 | Batch 1150/1186 | Loss 2.83181 (Pin 0.94849 [q90 0.45972, q10 0.48877], MS 1.88333, Freq 0.00000, L1 2.13095, Spectral 0.40738, Gradient 0.71775) | LR 1.00e-05
2026-07-28 17:21:01,629 INFO Epoch 11 | Val Loss 3.21899 (Pin 0.88649 [q90 0.43188, q10 0.45461], MS 2.33250, Freq 0.00000, L1 2.02650, Spectral 0.37011, Gradient 0.65388)
2026-07-28 17:21:01,629 INFO Epoch 11 | Coverage q10/q50/q90 = 0.078/0.478/0.904 (nominal .10/.50/.90) | extreme tail = 0.112/0.461/0.856
2026-07-28 17:21:01,949 INFO New best val loss: 3.21899 (saved checkpoints/best.pth)
2026-07-28 17:21:23,720 INFO Epoch 12 | Batch 50/1186 | Loss 2.73282 (Pin 0.95467 [q90 0.46273, q10 0.49194], MS 1.77815, Freq 0.00000, L1 2.12999, Spectral 0.40084, Gradient 0.71314) | LR 1.00e-05
2026-07-28 17:21:45,446 INFO Epoch 12 | Batch 100/1186 | Loss 2.62256 (Pin 0.92873 [q90 0.45180, q10 0.47693], MS 1.69383, Freq 0.00000, L1 2.08774, Spectral 0.38987, Gradient 0.69652) | LR 1.00e-05
2026-07-28 17:22:07,182 INFO Epoch 12 | Batch 150/1186 | Loss 2.44736 (Pin 0.89041 [q90 0.43326, q10 0.45716], MS 1.55695, Freq 0.00000, L1 2.01034, Spectral 0.39109, Gradient 0.68988) | LR 1.00e-05
2026-07-28 17:22:28,914 INFO Epoch 12 | Batch 200/1186 | Loss 2.76126 (Pin 0.96494 [q90 0.46784, q10 0.49710], MS 1.79632, Freq 0.00000, L1 2.12334, Spectral 0.39603, Gradient 0.69650) | LR 1.00e-05
2026-07-28 17:22:50,660 INFO Epoch 12 | Batch 250/1186 | Loss 2.68491 (Pin 0.91080 [q90 0.44169, q10 0.46911], MS 1.77411, Freq 0.00000, L1 2.06476, Spectral 0.41428, Gradient 0.72116) | LR 1.00e-05
2026-07-28 17:23:12,394 INFO Epoch 12 | Batch 300/1186 | Loss 2.77773 (Pin 0.98420 [q90 0.47312, q10 0.51108], MS 1.79353, Freq 0.00000, L1 2.18078, Spectral 0.39944, Gradient 0.72193) | LR 1.00e-05
2026-07-28 17:23:34,116 INFO Epoch 12 | Batch 350/1186 | Loss 2.68189 (Pin 0.96882 [q90 0.45999, q10 0.50883], MS 1.71307, Freq 0.00000, L1 2.14046, Spectral 0.38491, Gradient 0.68939) | LR 1.00e-05
2026-07-28 17:23:55,851 INFO Epoch 12 | Batch 400/1186 | Loss 2.58335 (Pin 0.93131 [q90 0.45459, q10 0.47672], MS 1.65205, Freq 0.00000, L1 2.06298, Spectral 0.38833, Gradient 0.68859) | LR 1.00e-05
2026-07-28 17:24:17,600 INFO Epoch 12 | Batch 450/1186 | Loss 2.59155 (Pin 0.89722 [q90 0.43695, q10 0.46027], MS 1.69433, Freq 0.00000, L1 2.02496, Spectral 0.39274, Gradient 0.69858) | LR 1.00e-05
2026-07-28 17:24:39,349 INFO Epoch 12 | Batch 500/1186 | Loss 2.66578 (Pin 0.90882 [q90 0.44210, q10 0.46672], MS 1.75696, Freq 0.00000, L1 2.03394, Spectral 0.39551, Gradient 0.69784) | LR 1.00e-05
2026-07-28 17:25:01,093 INFO Epoch 12 | Batch 550/1186 | Loss 2.72914 (Pin 0.93646 [q90 0.45570, q10 0.48076], MS 1.79268, Freq 0.00000, L1 2.10354, Spectral 0.40785, Gradient 0.72392) | LR 1.00e-05
2026-07-28 17:25:22,821 INFO Epoch 12 | Batch 600/1186 | Loss 2.70039 (Pin 0.96574 [q90 0.47672, q10 0.48901], MS 1.73466, Freq 0.00000, L1 2.12068, Spectral 0.39829, Gradient 0.70763) | LR 1.00e-05
2026-07-28 17:25:44,564 INFO Epoch 12 | Batch 650/1186 | Loss 2.70570 (Pin 0.98053 [q90 0.47294, q10 0.50758], MS 1.72517, Freq 0.00000, L1 2.15254, Spectral 0.39678, Gradient 0.71023) | LR 1.00e-05
2026-07-28 17:26:06,301 INFO Epoch 12 | Batch 700/1186 | Loss 2.69184 (Pin 0.92192 [q90 0.45131, q10 0.47061], MS 1.76992, Freq 0.00000, L1 2.08760, Spectral 0.41161, Gradient 0.72408) | LR 1.00e-05
2026-07-28 17:26:28,034 INFO Epoch 12 | Batch 750/1186 | Loss 2.73740 (Pin 0.93568 [q90 0.44920, q10 0.48648], MS 1.80172, Freq 0.00000, L1 2.09900, Spectral 0.39309, Gradient 0.69947) | LR 1.00e-05
2026-07-28 17:26:49,768 INFO Epoch 12 | Batch 800/1186 | Loss 2.67379 (Pin 0.91718 [q90 0.43693, q10 0.48025], MS 1.75661, Freq 0.00000, L1 2.04402, Spectral 0.39003, Gradient 0.69661) | LR 1.00e-05
2026-07-28 17:27:11,517 INFO Epoch 12 | Batch 850/1186 | Loss 2.65006 (Pin 0.94428 [q90 0.46399, q10 0.48029], MS 1.70577, Freq 0.00000, L1 2.07433, Spectral 0.37986, Gradient 0.68262) | LR 1.00e-05
2026-07-28 17:27:33,281 INFO Epoch 12 | Batch 900/1186 | Loss 2.83449 (Pin 0.98269 [q90 0.47601, q10 0.50668], MS 1.85180, Freq 0.00000, L1 2.17293, Spectral 0.39048, Gradient 0.70092) | LR 1.00e-05
2026-07-28 17:27:55,043 INFO Epoch 12 | Batch 950/1186 | Loss 2.79563 (Pin 0.96371 [q90 0.47250, q10 0.49121], MS 1.83192, Freq 0.00000, L1 2.11079, Spectral 0.38808, Gradient 0.70376) | LR 1.00e-05
2026-07-28 17:28:16,812 INFO Epoch 12 | Batch 1000/1186 | Loss 2.66498 (Pin 0.94263 [q90 0.46413, q10 0.47849], MS 1.72235, Freq 0.00000, L1 2.11068, Spectral 0.41039, Gradient 0.72227) | LR 1.00e-05
2026-07-28 17:28:38,573 INFO Epoch 12 | Batch 1050/1186 | Loss 2.65934 (Pin 0.91764 [q90 0.45113, q10 0.46652], MS 1.74170, Freq 0.00000, L1 2.06624, Spectral 0.37160, Gradient 0.66514) | LR 1.00e-05
2026-07-28 17:29:00,336 INFO Epoch 12 | Batch 1100/1186 | Loss 2.71253 (Pin 0.93077 [q90 0.44715, q10 0.48362], MS 1.78176, Freq 0.00000, L1 2.08765, Spectral 0.39593, Gradient 0.71169) | LR 1.00e-05
2026-07-28 17:29:22,102 INFO Epoch 12 | Batch 1150/1186 | Loss 2.82909 (Pin 0.93053 [q90 0.45772, q10 0.47281], MS 1.89856, Freq 0.00000, L1 2.11398, Spectral 0.41929, Gradient 0.73365) | LR 1.00e-05
2026-07-28 17:30:14,176 INFO Epoch 12 | Val Loss 3.21665 (Pin 0.88485 [q90 0.43118, q10 0.45367], MS 2.33180, Freq 0.00000, L1 2.01247, Spectral 0.37289, Gradient 0.66617)
2026-07-28 17:30:14,177 INFO Epoch 12 | Coverage q10/q50/q90 = 0.078/0.480/0.902 (nominal .10/.50/.90) | extreme tail = 0.112/0.463/0.857
2026-07-28 17:30:14,499 INFO New best val loss: 3.21665 (saved checkpoints/best.pth)
2026-07-28 17:30:36,324 INFO Epoch 13 | Batch 50/1186 | Loss 2.67605 (Pin 0.95067 [q90 0.45856, q10 0.49211], MS 1.72538, Freq 0.00000, L1 2.11419, Spectral 0.38201, Gradient 0.69085) | LR 1.00e-05
2026-07-28 17:30:58,085 INFO Epoch 13 | Batch 100/1186 | Loss 2.61014 (Pin 0.91502 [q90 0.44507, q10 0.46995], MS 1.69512, Freq 0.00000, L1 2.05305, Spectral 0.38915, Gradient 0.68766) | LR 1.00e-05
2026-07-28 17:31:19,840 INFO Epoch 13 | Batch 150/1186 | Loss 2.67787 (Pin 0.91164 [q90 0.44537, q10 0.46626], MS 1.76623, Freq 0.00000, L1 2.03954, Spectral 0.38554, Gradient 0.68435) | LR 1.00e-05
2026-07-28 17:31:41,587 INFO Epoch 13 | Batch 200/1186 | Loss 2.63540 (Pin 0.95337 [q90 0.46446, q10 0.48891], MS 1.68202, Freq 0.00000, L1 2.12708, Spectral 0.38936, Gradient 0.69490) | LR 1.00e-05
2026-07-28 17:32:03,338 INFO Epoch 13 | Batch 250/1186 | Loss 2.70512 (Pin 0.93863 [q90 0.45913, q10 0.47950], MS 1.76649, Freq 0.00000, L1 2.10829, Spectral 0.39907, Gradient 0.70569) | LR 1.00e-05
2026-07-28 17:32:25,103 INFO Epoch 13 | Batch 300/1186 | Loss 2.66839 (Pin 0.93346 [q90 0.45644, q10 0.47701], MS 1.73493, Freq 0.00000, L1 2.09999, Spectral 0.40946, Gradient 0.72474) | LR 1.00e-05
2026-07-28 17:32:46,864 INFO Epoch 13 | Batch 350/1186 | Loss 2.79688 (Pin 0.98033 [q90 0.47865, q10 0.50168], MS 1.81655, Freq 0.00000, L1 2.13479, Spectral 0.40733, Gradient 0.72769) | LR 1.00e-05
2026-07-28 17:33:08,621 INFO Epoch 13 | Batch 400/1186 | Loss 2.66925 (Pin 0.93324 [q90 0.44542, q10 0.48781], MS 1.73601, Freq 0.00000, L1 2.09299, Spectral 0.39561, Gradient 0.69968) | LR 1.00e-05
2026-07-28 17:33:30,384 INFO Epoch 13 | Batch 450/1186 | Loss 2.70788 (Pin 0.97630 [q90 0.47003, q10 0.50627], MS 1.73158, Freq 0.00000, L1 2.16432, Spectral 0.39260, Gradient 0.69955) | LR 1.00e-05
2026-07-28 17:33:52,134 INFO Epoch 13 | Batch 500/1186 | Loss 2.70806 (Pin 0.91627 [q90 0.44554, q10 0.47072], MS 1.79179, Freq 0.00000, L1 2.06574, Spectral 0.39349, Gradient 0.69795) | LR 1.00e-05
2026-07-28 17:34:13,895 INFO Epoch 13 | Batch 550/1186 | Loss 2.72944 (Pin 0.95954 [q90 0.47332, q10 0.48622], MS 1.76990, Freq 0.00000, L1 2.14756, Spectral 0.40150, Gradient 0.72062) | LR 1.00e-05
2026-07-28 17:34:35,661 INFO Epoch 13 | Batch 600/1186 | Loss 2.60578 (Pin 0.91421 [q90 0.44493, q10 0.46928], MS 1.69157, Freq 0.00000, L1 2.04320, Spectral 0.39683, Gradient 0.68851) | LR 1.00e-05
2026-07-28 17:34:57,432 INFO Epoch 13 | Batch 650/1186 | Loss 2.72330 (Pin 0.93030 [q90 0.45082, q10 0.47948], MS 1.79299, Freq 0.00000, L1 2.06916, Spectral 0.37681, Gradient 0.68154) | LR 1.00e-05
2026-07-28 17:35:19,185 INFO Epoch 13 | Batch 700/1186 | Loss 2.66683 (Pin 0.94834 [q90 0.46617, q10 0.48217], MS 1.71849, Freq 0.00000, L1 2.08165, Spectral 0.38745, Gradient 0.69112) | LR 1.00e-05
2026-07-28 17:35:40,939 INFO Epoch 13 | Batch 750/1186 | Loss 2.61459 (Pin 0.90491 [q90 0.44093, q10 0.46398], MS 1.70968, Freq 0.00000, L1 2.05158, Spectral 0.40474, Gradient 0.71386) | LR 1.00e-05
2026-07-28 17:36:02,689 INFO Epoch 13 | Batch 800/1186 | Loss 2.66291 (Pin 0.95229 [q90 0.46174, q10 0.49055], MS 1.71062, Freq 0.00000, L1 2.13450, Spectral 0.40298, Gradient 0.70952) | LR 1.00e-05
2026-07-28 17:36:24,454 INFO Epoch 13 | Batch 850/1186 | Loss 2.69269 (Pin 0.90674 [q90 0.43891, q10 0.46783], MS 1.78595, Freq 0.00000, L1 2.06149, Spectral 0.40478, Gradient 0.71259) | LR 1.00e-05
2026-07-28 17:36:46,344 INFO Epoch 13 | Batch 900/1186 | Loss 2.60345 (Pin 0.94575 [q90 0.45892, q10 0.48683], MS 1.65770, Freq 0.00000, L1 2.09184, Spectral 0.39669, Gradient 0.70088) | LR 1.00e-05
2026-07-28 17:37:08,107 INFO Epoch 13 | Batch 950/1186 | Loss 2.62633 (Pin 0.94015 [q90 0.45308, q10 0.48707], MS 1.68618, Freq 0.00000, L1 2.10009, Spectral 0.39540, Gradient 0.70933) | LR 1.00e-05
2026-07-28 17:37:29,853 INFO Epoch 13 | Batch 1000/1186 | Loss 2.60102 (Pin 0.91942 [q90 0.45298, q10 0.46644], MS 1.68160, Freq 0.00000, L1 2.05537, Spectral 0.39054, Gradient 0.69285) | LR 1.00e-05
2026-07-28 17:37:51,604 INFO Epoch 13 | Batch 1050/1186 | Loss 2.58123 (Pin 0.95105 [q90 0.46511, q10 0.48594], MS 1.63018, Freq 0.00000, L1 2.12814, Spectral 0.40338, Gradient 0.71044) | LR 1.00e-05
2026-07-28 17:38:13,367 INFO Epoch 13 | Batch 1100/1186 | Loss 2.68296 (Pin 0.92930 [q90 0.45135, q10 0.47794], MS 1.75366, Freq 0.00000, L1 2.09489, Spectral 0.40349, Gradient 0.71528) | LR 1.00e-05
2026-07-28 17:38:35,125 INFO Epoch 13 | Batch 1150/1186 | Loss 2.78602 (Pin 0.97151 [q90 0.46726, q10 0.50425], MS 1.81450, Freq 0.00000, L1 2.14410, Spectral 0.40239, Gradient 0.71562) | LR 1.00e-05
2026-07-28 17:39:26,780 INFO Epoch 13 | Val Loss 3.17596 (Pin 0.88365 [q90 0.43029, q10 0.45336], MS 2.29231, Freq 0.00000, L1 2.00335, Spectral 0.37591, Gradient 0.66813)
2026-07-28 17:39:26,781 INFO Epoch 13 | Coverage q10/q50/q90 = 0.076/0.485/0.905 (nominal .10/.50/.90) | extreme tail = 0.111/0.461/0.855
2026-07-28 17:39:27,108 INFO New best val loss: 3.17596 (saved checkpoints/best.pth)
2026-07-28 17:39:48,928 INFO Epoch 14 | Batch 50/1186 | Loss 2.75561 (Pin 0.94952 [q90 0.46592, q10 0.48361], MS 1.80608, Freq 0.00000, L1 2.12765, Spectral 0.39999, Gradient 0.70894) | LR 1.00e-05
2026-07-28 17:40:10,687 INFO Epoch 14 | Batch 100/1186 | Loss 2.68299 (Pin 0.93010 [q90 0.45898, q10 0.47112], MS 1.75289, Freq 0.00000, L1 2.05420, Spectral 0.38267, Gradient 0.67762) | LR 1.00e-05
2026-07-28 17:40:32,453 INFO Epoch 14 | Batch 150/1186 | Loss 2.65442 (Pin 0.95132 [q90 0.45886, q10 0.49246], MS 1.70310, Freq 0.00000, L1 2.12247, Spectral 0.40190, Gradient 0.71607) | LR 1.00e-05
2026-07-28 17:40:54,195 INFO Epoch 14 | Batch 200/1186 | Loss 2.69762 (Pin 0.93542 [q90 0.45227, q10 0.48315], MS 1.76220, Freq 0.00000, L1 2.08294, Spectral 0.39773, Gradient 0.70348) | LR 1.00e-05
2026-07-28 17:41:15,955 INFO Epoch 14 | Batch 250/1186 | Loss 2.57842 (Pin 0.93750 [q90 0.45284, q10 0.48466], MS 1.64092, Freq 0.00000, L1 2.11540, Spectral 0.40425, Gradient 0.71229) | LR 1.00e-05
2026-07-28 17:41:37,717 INFO Epoch 14 | Batch 300/1186 | Loss 2.65465 (Pin 0.94161 [q90 0.45945, q10 0.48216], MS 1.71304, Freq 0.00000, L1 2.10505, Spectral 0.40530, Gradient 0.70897) | LR 1.00e-05
2026-07-28 17:41:59,466 INFO Epoch 14 | Batch 350/1186 | Loss 2.66048 (Pin 0.96006 [q90 0.46767, q10 0.49239], MS 1.70042, Freq 0.00000, L1 2.13947, Spectral 0.40087, Gradient 0.70651) | LR 1.00e-05
2026-07-28 17:42:21,227 INFO Epoch 14 | Batch 400/1186 | Loss 2.72054 (Pin 0.95065 [q90 0.45397, q10 0.49667], MS 1.76989, Freq 0.00000, L1 2.10265, Spectral 0.39626, Gradient 0.70136) | LR 1.00e-05
2026-07-28 17:42:42,989 INFO Epoch 14 | Batch 450/1186 | Loss 2.61611 (Pin 0.87973 [q90 0.42997, q10 0.44975], MS 1.73638, Freq 0.00000, L1 2.00190, Spectral 0.39824, Gradient 0.70642) | LR 1.00e-05
2026-07-28 17:43:04,735 INFO Epoch 14 | Batch 500/1186 | Loss 2.67012 (Pin 0.92366 [q90 0.44815, q10 0.47552], MS 1.74646, Freq 0.00000, L1 2.06963, Spectral 0.40290, Gradient 0.71656) | LR 1.00e-05
2026-07-28 17:43:26,487 INFO Epoch 14 | Batch 550/1186 | Loss 2.64511 (Pin 0.92129 [q90 0.45750, q10 0.46379], MS 1.72383, Freq 0.00000, L1 2.06648, Spectral 0.39784, Gradient 0.71339) | LR 1.00e-05
2026-07-28 17:43:48,253 INFO Epoch 14 | Batch 600/1186 | Loss 2.62792 (Pin 0.92761 [q90 0.44834, q10 0.47926], MS 1.70031, Freq 0.00000, L1 2.08781, Spectral 0.39685, Gradient 0.70101) | LR 1.00e-05
2026-07-28 17:44:10,013 INFO Epoch 14 | Batch 650/1186 | Loss 2.69975 (Pin 0.95104 [q90 0.46391, q10 0.48713], MS 1.74871, Freq 0.00000, L1 2.12298, Spectral 0.41901, Gradient 0.72874) | LR 1.00e-05
2026-07-28 17:44:31,771 INFO Epoch 14 | Batch 700/1186 | Loss 2.76839 (Pin 0.96677 [q90 0.46841, q10 0.49836], MS 1.80162, Freq 0.00000, L1 2.13197, Spectral 0.40172, Gradient 0.71919) | LR 1.00e-05
2026-07-28 17:44:53,530 INFO Epoch 14 | Batch 750/1186 | Loss 2.56785 (Pin 0.92105 [q90 0.44182, q10 0.47923], MS 1.64680, Freq 0.00000, L1 2.08553, Spectral 0.39190, Gradient 0.69946) | LR 1.00e-05
2026-07-28 17:45:15,278 INFO Epoch 14 | Batch 800/1186 | Loss 2.57712 (Pin 0.92408 [q90 0.44486, q10 0.47922], MS 1.65304, Freq 0.00000, L1 2.08076, Spectral 0.39565, Gradient 0.70086) | LR 1.00e-05
2026-07-28 17:45:37,031 INFO Epoch 14 | Batch 850/1186 | Loss 2.65288 (Pin 0.92903 [q90 0.45445, q10 0.47457], MS 1.72385, Freq 0.00000, L1 2.06260, Spectral 0.38744, Gradient 0.69052) | LR 1.00e-05
2026-07-28 17:45:58,773 INFO Epoch 14 | Batch 900/1186 | Loss 2.65855 (Pin 0.92940 [q90 0.44967, q10 0.47972], MS 1.72915, Freq 0.00000, L1 2.08651, Spectral 0.40619, Gradient 0.72216) | LR 1.00e-05
2026-07-28 17:46:20,528 INFO Epoch 14 | Batch 950/1186 | Loss 2.69407 (Pin 0.97203 [q90 0.47078, q10 0.50125], MS 1.72204, Freq 0.00000, L1 2.16848, Spectral 0.40266, Gradient 0.71836) | LR 1.00e-05
2026-07-28 17:46:42,288 INFO Epoch 14 | Batch 1000/1186 | Loss 2.72107 (Pin 0.96246 [q90 0.47153, q10 0.49093], MS 1.75861, Freq 0.00000, L1 2.13726, Spectral 0.39494, Gradient 0.70142) | LR 1.00e-05
2026-07-28 17:47:04,043 INFO Epoch 14 | Batch 1050/1186 | Loss 2.65597 (Pin 0.97111 [q90 0.47576, q10 0.49535], MS 1.68486, Freq 0.00000, L1 2.12428, Spectral 0.37996, Gradient 0.67880) | LR 1.00e-05
2026-07-28 17:47:25,799 INFO Epoch 14 | Batch 1100/1186 | Loss 2.59310 (Pin 0.89303 [q90 0.43320, q10 0.45984], MS 1.70007, Freq 0.00000, L1 2.02870, Spectral 0.39565, Gradient 0.70475) | LR 1.00e-05
2026-07-28 17:47:47,552 INFO Epoch 14 | Batch 1150/1186 | Loss 2.65136 (Pin 0.91569 [q90 0.44602, q10 0.46967], MS 1.73566, Freq 0.00000, L1 2.07891, Spectral 0.40509, Gradient 0.71991) | LR 1.00e-05
2026-07-28 17:48:38,828 INFO Epoch 14 | Val Loss 3.18266 (Pin 0.87905 [q90 0.42965, q10 0.44939], MS 2.30361, Freq 0.00000, L1 2.00207, Spectral 0.37413, Gradient 0.66267)
2026-07-28 17:48:38,828 INFO Epoch 14 | Coverage q10/q50/q90 = 0.080/0.479/0.899 (nominal .10/.50/.90) | extreme tail = 0.114/0.470/0.862
2026-07-28 17:49:00,819 INFO Epoch 15 | Batch 50/1186 | Loss 2.60078 (Pin 0.95177 [q90 0.46256, q10 0.48921], MS 1.64901, Freq 0.00000, L1 2.10124, Spectral 0.38016, Gradient 0.68293) | LR 1.00e-05
2026-07-28 17:49:22,577 INFO Epoch 15 | Batch 100/1186 | Loss 2.66671 (Pin 0.93818 [q90 0.44867, q10 0.48951], MS 1.72853, Freq 0.00000, L1 2.10083, Spectral 0.40103, Gradient 0.70475) | LR 1.00e-05
2026-07-28 17:49:44,337 INFO Epoch 15 | Batch 150/1186 | Loss 2.75031 (Pin 0.93918 [q90 0.45293, q10 0.48625], MS 1.81113, Freq 0.00000, L1 2.10682, Spectral 0.40690, Gradient 0.71660) | LR 1.00e-05
2026-07-28 17:50:06,092 INFO Epoch 15 | Batch 200/1186 | Loss 2.67589 (Pin 0.94880 [q90 0.45785, q10 0.49095], MS 1.72710, Freq 0.00000, L1 2.10930, Spectral 0.40502, Gradient 0.70776) | LR 1.00e-05
2026-07-28 17:50:27,855 INFO Epoch 15 | Batch 250/1186 | Loss 2.73534 (Pin 0.98763 [q90 0.48631, q10 0.50132], MS 1.74770, Freq 0.00000, L1 2.16434, Spectral 0.41757, Gradient 0.73346) | LR 1.00e-05
2026-07-28 17:50:49,600 INFO Epoch 15 | Batch 300/1186 | Loss 2.63911 (Pin 0.94464 [q90 0.45882, q10 0.48582], MS 1.69447, Freq 0.00000, L1 2.10189, Spectral 0.39077, Gradient 0.69318) | LR 1.00e-05
2026-07-28 17:51:11,356 INFO Epoch 15 | Batch 350/1186 | Loss 2.61299 (Pin 0.91633 [q90 0.44203, q10 0.47430], MS 1.69666, Freq 0.00000, L1 2.06909, Spectral 0.41101, Gradient 0.72259) | LR 1.00e-05
2026-07-28 17:51:33,109 INFO Epoch 15 | Batch 400/1186 | Loss 2.77793 (Pin 0.95520 [q90 0.46654, q10 0.48866], MS 1.82273, Freq 0.00000, L1 2.10014, Spectral 0.38744, Gradient 0.68973) | LR 1.00e-05
2026-07-28 17:51:54,854 INFO Epoch 15 | Batch 450/1186 | Loss 2.75649 (Pin 0.93815 [q90 0.46001, q10 0.47814], MS 1.81834, Freq 0.00000, L1 2.08304, Spectral 0.40208, Gradient 0.70795) | LR 1.00e-05
2026-07-28 17:52:16,607 INFO Epoch 15 | Batch 500/1186 | Loss 2.62150 (Pin 0.93633 [q90 0.45540, q10 0.48093], MS 1.68517, Freq 0.00000, L1 2.10488, Spectral 0.39548, Gradient 0.69797) | LR 1.00e-05
2026-07-28 17:52:38,360 INFO Epoch 15 | Batch 550/1186 | Loss 2.78669 (Pin 0.92914 [q90 0.44905, q10 0.48009], MS 1.85755, Freq 0.00000, L1 2.05465, Spectral 0.41213, Gradient 0.71549) | LR 1.00e-05
2026-07-28 17:53:00,115 INFO Epoch 15 | Batch 600/1186 | Loss 2.57650 (Pin 0.90381 [q90 0.44367, q10 0.46014], MS 1.67269, Freq 0.00000, L1 2.04991, Spectral 0.40110, Gradient 0.70606) | LR 1.00e-05
2026-07-28 17:53:21,866 INFO Epoch 15 | Batch 650/1186 | Loss 2.63475 (Pin 0.93036 [q90 0.44622, q10 0.48414], MS 1.70439, Freq 0.00000, L1 2.07115, Spectral 0.38975, Gradient 0.68922) | LR 1.00e-05
2026-07-28 17:53:43,607 INFO Epoch 15 | Batch 700/1186 | Loss 2.63351 (Pin 0.93549 [q90 0.46239, q10 0.47310], MS 1.69802, Freq 0.00000, L1 2.09769, Spectral 0.39167, Gradient 0.69358) | LR 1.00e-05
2026-07-28 17:54:05,369 INFO Epoch 15 | Batch 750/1186 | Loss 2.71303 (Pin 0.96051 [q90 0.46743, q10 0.49308], MS 1.75252, Freq 0.00000, L1 2.12004, Spectral 0.40783, Gradient 0.71695) | LR 1.00e-05
2026-07-28 17:54:27,126 INFO Epoch 15 | Batch 800/1186 | Loss 2.69363 (Pin 0.91560 [q90 0.44248, q10 0.47312], MS 1.77803, Freq 0.00000, L1 2.03516, Spectral 0.38260, Gradient 0.68232) | LR 1.00e-05
2026-07-28 17:54:48,879 INFO Epoch 15 | Batch 850/1186 | Loss 2.60261 (Pin 0.94814 [q90 0.45268, q10 0.49546], MS 1.65447, Freq 0.00000, L1 2.10942, Spectral 0.41943, Gradient 0.72551) | LR 1.00e-05
2026-07-28 17:55:10,632 INFO Epoch 15 | Batch 900/1186 | Loss 2.52782 (Pin 0.88409 [q90 0.43159, q10 0.45249], MS 1.64373, Freq 0.00000, L1 2.00532, Spectral 0.39669, Gradient 0.70493) | LR 1.00e-05
2026-07-28 17:55:32,383 INFO Epoch 15 | Batch 950/1186 | Loss 2.54717 (Pin 0.90721 [q90 0.43919, q10 0.46802], MS 1.63996, Freq 0.00000, L1 2.07359, Spectral 0.41765, Gradient 0.71978) | LR 1.00e-05
2026-07-28 17:55:54,114 INFO Epoch 15 | Batch 1000/1186 | Loss 2.50543 (Pin 0.92653 [q90 0.45262, q10 0.47391], MS 1.57890, Freq 0.00000, L1 2.04698, Spectral 0.37848, Gradient 0.67885) | LR 1.00e-05
2026-07-28 17:56:15,870 INFO Epoch 15 | Batch 1050/1186 | Loss 2.61744 (Pin 0.92430 [q90 0.45453, q10 0.46978], MS 1.69314, Freq 0.00000, L1 2.07539, Spectral 0.38552, Gradient 0.68582) | LR 1.00e-05
2026-07-28 17:56:37,630 INFO Epoch 15 | Batch 1100/1186 | Loss 2.65172 (Pin 0.93106 [q90 0.45551, q10 0.47555], MS 1.72066, Freq 0.00000, L1 2.06745, Spectral 0.37770, Gradient 0.67995) | LR 1.00e-05
2026-07-28 17:56:59,392 INFO Epoch 15 | Batch 1150/1186 | Loss 2.59907 (Pin 0.92246 [q90 0.44930, q10 0.47316], MS 1.67661, Freq 0.00000, L1 2.05697, Spectral 0.40402, Gradient 0.71070) | LR 1.00e-05
2026-07-28 17:57:51,415 INFO Epoch 15 | Val Loss 3.22249 (Pin 0.88283 [q90 0.43093, q10 0.45190], MS 2.33965, Freq 0.00000, L1 2.00709, Spectral 0.37899, Gradient 0.67739)
2026-07-28 17:57:51,416 INFO Epoch 15 | Coverage q10/q50/q90 = 0.080/0.493/0.907 (nominal .10/.50/.90) | extreme tail = 0.115/0.463/0.852
2026-07-28 17:58:13,398 INFO Epoch 16 | Batch 50/1186 | Loss 2.62696 (Pin 0.95014 [q90 0.46825, q10 0.48189], MS 1.67683, Freq 0.00000, L1 2.09609, Spectral 0.37814, Gradient 0.68183) | LR 1.00e-05
2026-07-28 17:58:35,157 INFO Epoch 16 | Batch 100/1186 | Loss 2.59819 (Pin 0.92715 [q90 0.44862, q10 0.47853], MS 1.67104, Freq 0.00000, L1 2.08274, Spectral 0.40174, Gradient 0.70794) | LR 1.00e-05
2026-07-28 17:58:56,908 INFO Epoch 16 | Batch 150/1186 | Loss 2.67216 (Pin 0.95055 [q90 0.46216, q10 0.48839], MS 1.72161, Freq 0.00000, L1 2.08992, Spectral 0.40342, Gradient 0.70682) | LR 1.00e-05
2026-07-28 17:59:18,663 INFO Epoch 16 | Batch 200/1186 | Loss 2.53633 (Pin 0.91535 [q90 0.44848, q10 0.46687], MS 1.62098, Freq 0.00000, L1 2.05082, Spectral 0.38894, Gradient 0.69164) | LR 1.00e-05
2026-07-28 17:59:40,424 INFO Epoch 16 | Batch 250/1186 | Loss 2.69663 (Pin 0.91465 [q90 0.44660, q10 0.46805], MS 1.78198, Freq 0.00000, L1 2.07615, Spectral 0.39348, Gradient 0.69820) | LR 1.00e-05
2026-07-28 18:00:02,175 INFO Epoch 16 | Batch 300/1186 | Loss 2.66825 (Pin 0.94487 [q90 0.45159, q10 0.49329], MS 1.72337, Freq 0.00000, L1 2.08229, Spectral 0.39778, Gradient 0.69339) | LR 1.00e-05
2026-07-28 18:00:23,930 INFO Epoch 16 | Batch 350/1186 | Loss 2.58042 (Pin 0.94928 [q90 0.46053, q10 0.48875], MS 1.63114, Freq 0.00000, L1 2.07631, Spectral 0.39108, Gradient 0.68962) | LR 1.00e-05
2026-07-28 18:00:45,693 INFO Epoch 16 | Batch 400/1186 | Loss 2.65309 (Pin 0.92648 [q90 0.45311, q10 0.47337], MS 1.72661, Freq 0.00000, L1 2.09099, Spectral 0.40604, Gradient 0.71003) | LR 1.00e-05
2026-07-28 18:01:07,457 INFO Epoch 16 | Batch 450/1186 | Loss 2.71734 (Pin 0.96210 [q90 0.46321, q10 0.49888], MS 1.75525, Freq 0.00000, L1 2.11328, Spectral 0.40366, Gradient 0.70801) | LR 1.00e-05
2026-07-28 18:01:29,200 INFO Epoch 16 | Batch 500/1186 | Loss 2.68120 (Pin 0.95015 [q90 0.45852, q10 0.49163], MS 1.73105, Freq 0.00000, L1 2.10143, Spectral 0.39588, Gradient 0.69611) | LR 1.00e-05
2026-07-28 18:01:50,950 INFO Epoch 16 | Batch 550/1186 | Loss 2.62870 (Pin 0.91662 [q90 0.44865, q10 0.46797], MS 1.71208, Freq 0.00000, L1 2.06528, Spectral 0.38586, Gradient 0.68459) | LR 1.00e-05
2026-07-28 18:02:12,699 INFO Epoch 16 | Batch 600/1186 | Loss 2.64777 (Pin 0.95593 [q90 0.46456, q10 0.49137], MS 1.69185, Freq 0.00000, L1 2.13345, Spectral 0.41673, Gradient 0.72592) | LR 1.00e-05
2026-07-28 18:02:34,460 INFO Epoch 16 | Batch 650/1186 | Loss 2.63237 (Pin 0.91830 [q90 0.44826, q10 0.47005], MS 1.71407, Freq 0.00000, L1 2.01683, Spectral 0.39939, Gradient 0.69924) | LR 1.00e-05
2026-07-28 18:02:56,228 INFO Epoch 16 | Batch 700/1186 | Loss 2.58430 (Pin 0.92612 [q90 0.45243, q10 0.47369], MS 1.65818, Freq 0.00000, L1 2.07630, Spectral 0.40073, Gradient 0.69877) | LR 1.00e-05
2026-07-28 18:03:17,976 INFO Epoch 16 | Batch 750/1186 | Loss 2.61834 (Pin 0.94330 [q90 0.45812, q10 0.48517], MS 1.67505, Freq 0.00000, L1 2.09883, Spectral 0.40052, Gradient 0.70979) | LR 1.00e-05
2026-07-28 18:03:39,731 INFO Epoch 16 | Batch 800/1186 | Loss 2.60608 (Pin 0.95021 [q90 0.46036, q10 0.48985], MS 1.65586, Freq 0.00000, L1 2.08277, Spectral 0.39400, Gradient 0.69905) | LR 1.00e-05
2026-07-28 18:04:01,493 INFO Epoch 16 | Batch 850/1186 | Loss 2.59969 (Pin 0.89868 [q90 0.44094, q10 0.45774], MS 1.70101, Freq 0.00000, L1 2.00987, Spectral 0.40641, Gradient 0.71156) | LR 1.00e-05
2026-07-28 18:04:23,251 INFO Epoch 16 | Batch 900/1186 | Loss 2.73429 (Pin 0.93318 [q90 0.45410, q10 0.47908], MS 1.80110, Freq 0.00000, L1 2.08723, Spectral 0.41776, Gradient 0.72328) | LR 1.00e-05
2026-07-28 18:04:44,996 INFO Epoch 16 | Batch 950/1186 | Loss 2.54477 (Pin 0.91553 [q90 0.44613, q10 0.46941], MS 1.62923, Freq 0.00000, L1 2.00630, Spectral 0.38953, Gradient 0.68110) | LR 1.00e-05
2026-07-28 18:05:06,755 INFO Epoch 16 | Batch 1000/1186 | Loss 2.59326 (Pin 0.94070 [q90 0.44912, q10 0.49158], MS 1.65256, Freq 0.00000, L1 2.09406, Spectral 0.38621, Gradient 0.69207) | LR 1.00e-05
2026-07-28 18:05:28,516 INFO Epoch 16 | Batch 1050/1186 | Loss 2.46984 (Pin 0.90939 [q90 0.44455, q10 0.46484], MS 1.56045, Freq 0.00000, L1 2.03188, Spectral 0.38951, Gradient 0.68518) | LR 1.00e-05
2026-07-28 18:05:50,260 INFO Epoch 16 | Batch 1100/1186 | Loss 2.62889 (Pin 0.92436 [q90 0.45728, q10 0.46708], MS 1.70453, Freq 0.00000, L1 2.07275, Spectral 0.40111, Gradient 0.70509) | LR 1.00e-05
2026-07-28 18:06:12,005 INFO Epoch 16 | Batch 1150/1186 | Loss 2.58533 (Pin 0.92370 [q90 0.44449, q10 0.47921], MS 1.66163, Freq 0.00000, L1 2.07524, Spectral 0.40233, Gradient 0.71028) | LR 1.00e-05
2026-07-28 18:07:04,129 INFO Epoch 16 | Val Loss 3.18957 (Pin 0.88015 [q90 0.42945, q10 0.45070], MS 2.30942, Freq 0.00000, L1 1.98863, Spectral 0.37454, Gradient 0.65918)
2026-07-28 18:07:04,129 INFO Epoch 16 | Coverage q10/q50/q90 = 0.078/0.484/0.902 (nominal .10/.50/.90) | extreme tail = 0.115/0.455/0.849
2026-07-28 18:07:26,310 INFO Epoch 17 | Batch 50/1186 | Loss 2.66143 (Pin 0.93836 [q90 0.45716, q10 0.48121], MS 1.72306, Freq 0.00000, L1 2.09007, Spectral 0.39121, Gradient 0.68733) | LR 1.00e-05
2026-07-28 18:07:48,072 INFO Epoch 17 | Batch 100/1186 | Loss 2.66670 (Pin 0.92457 [q90 0.45327, q10 0.47130], MS 1.74213, Freq 0.00000, L1 2.03560, Spectral 0.39222, Gradient 0.68899) | LR 1.00e-05
2026-07-28 18:08:09,838 INFO Epoch 17 | Batch 150/1186 | Loss 2.68512 (Pin 0.94084 [q90 0.46581, q10 0.47504], MS 1.74428, Freq 0.00000, L1 2.09664, Spectral 0.40131, Gradient 0.70306) | LR 1.00e-05
2026-07-28 18:08:31,587 INFO Epoch 17 | Batch 200/1186 | Loss 2.60891 (Pin 0.91386 [q90 0.44175, q10 0.47211], MS 1.69505, Freq 0.00000, L1 2.04680, Spectral 0.39671, Gradient 0.68817) | LR 1.00e-05
2026-07-28 18:08:53,332 INFO Epoch 17 | Batch 250/1186 | Loss 2.82207 (Pin 0.97241 [q90 0.47732, q10 0.49509], MS 1.84966, Freq 0.00000, L1 2.14803, Spectral 0.41895, Gradient 0.72976) | LR 1.00e-05
2026-07-28 18:09:15,078 INFO Epoch 17 | Batch 300/1186 | Loss 2.55595 (Pin 0.91468 [q90 0.44205, q10 0.47263], MS 1.64127, Freq 0.00000, L1 2.04281, Spectral 0.39467, Gradient 0.69761) | LR 1.00e-05
2026-07-28 18:09:36,832 INFO Epoch 17 | Batch 350/1186 | Loss 2.60778 (Pin 0.93084 [q90 0.44587, q10 0.48497], MS 1.67694, Freq 0.00000, L1 2.05061, Spectral 0.39396, Gradient 0.69366) | LR 1.00e-05
2026-07-28 18:09:58,580 INFO Epoch 17 | Batch 400/1186 | Loss 2.64052 (Pin 0.92169 [q90 0.44359, q10 0.47809], MS 1.71883, Freq 0.00000, L1 2.05810, Spectral 0.40268, Gradient 0.70375) | LR 1.00e-05
2026-07-28 18:10:20,334 INFO Epoch 17 | Batch 450/1186 | Loss 2.40161 (Pin 0.86826 [q90 0.42000, q10 0.44826], MS 1.53335, Freq 0.00000, L1 1.95284, Spectral 0.39766, Gradient 0.68956) | LR 1.00e-05
2026-07-28 18:10:42,091 INFO Epoch 17 | Batch 500/1186 | Loss 2.59926 (Pin 0.92602 [q90 0.44742, q10 0.47860], MS 1.67324, Freq 0.00000, L1 2.05967, Spectral 0.38301, Gradient 0.67195) | LR 1.00e-05
2026-07-28 18:11:03,842 INFO Epoch 17 | Batch 550/1186 | Loss 2.62907 (Pin 0.91259 [q90 0.44597, q10 0.46662], MS 1.71648, Freq 0.00000, L1 2.03490, Spectral 0.39201, Gradient 0.68004) | LR 1.00e-05
2026-07-28 18:11:25,600 INFO Epoch 17 | Batch 600/1186 | Loss 2.56683 (Pin 0.92372 [q90 0.44520, q10 0.47851], MS 1.64311, Freq 0.00000, L1 2.06251, Spectral 0.39316, Gradient 0.69573) | LR 1.00e-05
2026-07-28 18:11:47,361 INFO Epoch 17 | Batch 650/1186 | Loss 2.63767 (Pin 0.94633 [q90 0.46409, q10 0.48224], MS 1.69134, Freq 0.00000, L1 2.11749, Spectral 0.39925, Gradient 0.70132) | LR 1.00e-05
2026-07-28 18:12:09,118 INFO Epoch 17 | Batch 700/1186 | Loss 2.68297 (Pin 0.93349 [q90 0.45231, q10 0.48118], MS 1.74948, Freq 0.00000, L1 2.06721, Spectral 0.38302, Gradient 0.67485) | LR 1.00e-05
2026-07-28 18:12:30,884 INFO Epoch 17 | Batch 750/1186 | Loss 2.68268 (Pin 0.94549 [q90 0.46114, q10 0.48436], MS 1.73718, Freq 0.00000, L1 2.09600, Spectral 0.39626, Gradient 0.69981) | LR 1.00e-05
2026-07-28 18:12:52,635 INFO Epoch 17 | Batch 800/1186 | Loss 2.58251 (Pin 0.93526 [q90 0.46194, q10 0.47332], MS 1.64725, Freq 0.00000, L1 2.08388, Spectral 0.39204, Gradient 0.69646) | LR 1.00e-05
2026-07-28 18:13:14,398 INFO Epoch 17 | Batch 850/1186 | Loss 2.72308 (Pin 0.92988 [q90 0.44366, q10 0.48622], MS 1.79320, Freq 0.00000, L1 2.05989, Spectral 0.39813, Gradient 0.69682) | LR 1.00e-05
2026-07-28 18:13:36,147 INFO Epoch 17 | Batch 900/1186 | Loss 2.64360 (Pin 0.95964 [q90 0.46552, q10 0.49412], MS 1.68396, Freq 0.00000, L1 2.12543, Spectral 0.38913, Gradient 0.69401) | LR 1.00e-05
2026-07-28 18:13:57,905 INFO Epoch 17 | Batch 950/1186 | Loss 2.64788 (Pin 0.93806 [q90 0.44960, q10 0.48846], MS 1.70982, Freq 0.00000, L1 2.09014, Spectral 0.38968, Gradient 0.69257) | LR 1.00e-05
2026-07-28 18:14:19,661 INFO Epoch 17 | Batch 1000/1186 | Loss 2.67591 (Pin 0.90704 [q90 0.44178, q10 0.46526], MS 1.76887, Freq 0.00000, L1 2.04379, Spectral 0.39320, Gradient 0.68973) | LR 1.00e-05
2026-07-28 18:14:41,420 INFO Epoch 17 | Batch 1050/1186 | Loss 2.65870 (Pin 0.94044 [q90 0.46324, q10 0.47720], MS 1.71826, Freq 0.00000, L1 2.07659, Spectral 0.40181, Gradient 0.70223) | LR 1.00e-05
2026-07-28 18:15:03,159 INFO Epoch 17 | Batch 1100/1186 | Loss 2.61021 (Pin 0.92282 [q90 0.45802, q10 0.46480], MS 1.68739, Freq 0.00000, L1 2.04848, Spectral 0.39556, Gradient 0.69062) | LR 1.00e-05
2026-07-28 18:15:24,918 INFO Epoch 17 | Batch 1150/1186 | Loss 2.66462 (Pin 0.94093 [q90 0.45805, q10 0.48288], MS 1.72369, Freq 0.00000, L1 2.10952, Spectral 0.40324, Gradient 0.71298) | LR 1.00e-05
2026-07-28 18:16:16,679 INFO Epoch 17 | Val Loss 3.20350 (Pin 0.87880 [q90 0.42932, q10 0.44948], MS 2.32470, Freq 0.00000, L1 1.97267, Spectral 0.37801, Gradient 0.65762)
2026-07-28 18:16:16,679 INFO Epoch 17 | Coverage q10/q50/q90 = 0.079/0.496/0.908 (nominal .10/.50/.90) | extreme tail = 0.115/0.466/0.855
2026-07-28 18:16:38,665 INFO Epoch 18 | Batch 50/1186 | Loss 2.56688 (Pin 0.92635 [q90 0.45312, q10 0.47323], MS 1.64054, Freq 0.00000, L1 2.04903, Spectral 0.37901, Gradient 0.67460) | LR 1.00e-05
2026-07-28 18:17:00,415 INFO Epoch 18 | Batch 100/1186 | Loss 2.55571 (Pin 0.95054 [q90 0.46352, q10 0.48703], MS 1.60516, Freq 0.00000, L1 2.11014, Spectral 0.39507, Gradient 0.69634) | LR 1.00e-05
2026-07-28 18:17:22,173 INFO Epoch 18 | Batch 150/1186 | Loss 2.63069 (Pin 0.91662 [q90 0.44552, q10 0.47109], MS 1.71407, Freq 0.00000, L1 2.06289, Spectral 0.40479, Gradient 0.70488) | LR 1.00e-05
2026-07-28 18:17:43,930 INFO Epoch 18 | Batch 200/1186 | Loss 2.66626 (Pin 0.93780 [q90 0.45166, q10 0.48614], MS 1.72846, Freq 0.00000, L1 2.08993, Spectral 0.38952, Gradient 0.68601) | LR 1.00e-05
2026-07-28 18:18:05,681 INFO Epoch 18 | Batch 250/1186 | Loss 2.64282 (Pin 0.93902 [q90 0.45067, q10 0.48835], MS 1.70380, Freq 0.00000, L1 2.07242, Spectral 0.39661, Gradient 0.69806) | LR 1.00e-05
2026-07-28 18:18:27,443 INFO Epoch 18 | Batch 300/1186 | Loss 2.59900 (Pin 0.94282 [q90 0.45936, q10 0.48346], MS 1.65617, Freq 0.00000, L1 2.08980, Spectral 0.40673, Gradient 0.70802) | LR 1.00e-05
2026-07-28 18:18:49,205 INFO Epoch 18 | Batch 350/1186 | Loss 2.60236 (Pin 0.91275 [q90 0.44848, q10 0.46427], MS 1.68960, Freq 0.00000, L1 2.01662, Spectral 0.39967, Gradient 0.70013) | LR 1.00e-05
2026-07-28 18:19:10,956 INFO Epoch 18 | Batch 400/1186 | Loss 2.70964 (Pin 0.92466 [q90 0.45674, q10 0.46792], MS 1.78498, Freq 0.00000, L1 2.05221, Spectral 0.40235, Gradient 0.70184) | LR 1.00e-05
2026-07-28 18:19:32,708 INFO Epoch 18 | Batch 450/1186 | Loss 2.68512 (Pin 0.93088 [q90 0.44640, q10 0.48449], MS 1.75424, Freq 0.00000, L1 2.07321, Spectral 0.40371, Gradient 0.70359) | LR 1.00e-05
2026-07-28 18:19:54,471 INFO Epoch 18 | Batch 500/1186 | Loss 2.64537 (Pin 0.93745 [q90 0.44671, q10 0.49074], MS 1.70791, Freq 0.00000, L1 2.06004, Spectral 0.39081, Gradient 0.68873) | LR 1.00e-05
2026-07-28 18:20:16,215 INFO Epoch 18 | Batch 550/1186 | Loss 2.66839 (Pin 0.92746 [q90 0.45187, q10 0.47559], MS 1.74093, Freq 0.00000, L1 2.06081, Spectral 0.39759, Gradient 0.68590) | LR 1.00e-05
2026-07-28 18:20:37,959 INFO Epoch 18 | Batch 600/1186 | Loss 2.62510 (Pin 0.93157 [q90 0.44951, q10 0.48206], MS 1.69353, Freq 0.00000, L1 2.04867, Spectral 0.38108, Gradient 0.67289) | LR 1.00e-05
2026-07-28 18:20:59,718 INFO Epoch 18 | Batch 650/1186 | Loss 2.57953 (Pin 0.92305 [q90 0.45069, q10 0.47236], MS 1.65649, Freq 0.00000, L1 2.06553, Spectral 0.40824, Gradient 0.71419) | LR 1.00e-05
2026-07-28 18:21:21,483 INFO Epoch 18 | Batch 700/1186 | Loss 2.55477 (Pin 0.93719 [q90 0.45563, q10 0.48156], MS 1.61758, Freq 0.00000, L1 2.05874, Spectral 0.40101, Gradient 0.69693) | LR 1.00e-05
2026-07-28 18:21:43,232 INFO Epoch 18 | Batch 750/1186 | Loss 2.64579 (Pin 0.90425 [q90 0.43842, q10 0.46583], MS 1.74155, Freq 0.00000, L1 2.00231, Spectral 0.40779, Gradient 0.70614) | LR 1.00e-05
2026-07-28 18:22:04,978 INFO Epoch 18 | Batch 800/1186 | Loss 2.70504 (Pin 0.92694 [q90 0.45256, q10 0.47439], MS 1.77809, Freq 0.00000, L1 2.09221, Spectral 0.41068, Gradient 0.71397) | LR 1.00e-05
2026-07-28 18:22:26,730 INFO Epoch 18 | Batch 850/1186 | Loss 2.63610 (Pin 0.93117 [q90 0.45681, q10 0.47437], MS 1.70492, Freq 0.00000, L1 2.09332, Spectral 0.39985, Gradient 0.70307) | LR 1.00e-05
2026-07-28 18:22:48,500 INFO Epoch 18 | Batch 900/1186 | Loss 2.62425 (Pin 0.94531 [q90 0.46590, q10 0.47941], MS 1.67894, Freq 0.00000, L1 2.13043, Spectral 0.39359, Gradient 0.69976) | LR 1.00e-05
2026-07-28 18:23:10,254 INFO Epoch 18 | Batch 950/1186 | Loss 2.63457 (Pin 0.94711 [q90 0.45212, q10 0.49500], MS 1.68746, Freq 0.00000, L1 2.09659, Spectral 0.40674, Gradient 0.70617) | LR 1.00e-05
2026-07-28 18:23:32,012 INFO Epoch 18 | Batch 1000/1186 | Loss 2.69787 (Pin 0.92328 [q90 0.45494, q10 0.46834], MS 1.77458, Freq 0.00000, L1 2.08875, Spectral 0.39743, Gradient 0.70128) | LR 1.00e-05
2026-07-28 18:23:53,757 INFO Epoch 18 | Batch 1050/1186 | Loss 2.58630 (Pin 0.92449 [q90 0.45462, q10 0.46987], MS 1.66181, Freq 0.00000, L1 2.06398, Spectral 0.39604, Gradient 0.69464) | LR 1.00e-05
2026-07-28 18:24:15,512 INFO Epoch 18 | Batch 1100/1186 | Loss 2.58030 (Pin 0.92688 [q90 0.45278, q10 0.47409], MS 1.65342, Freq 0.00000, L1 2.04319, Spectral 0.39920, Gradient 0.69675) | LR 1.00e-05
2026-07-28 18:24:37,263 INFO Epoch 18 | Batch 1150/1186 | Loss 2.56155 (Pin 0.91639 [q90 0.44628, q10 0.47011], MS 1.64516, Freq 0.00000, L1 2.05676, Spectral 0.39535, Gradient 0.69108) | LR 1.00e-05
2026-07-28 18:25:28,583 INFO Epoch 18 | Val Loss 3.15157 (Pin 0.87776 [q90 0.42829, q10 0.44947], MS 2.27381, Freq 0.00000, L1 1.98632, Spectral 0.37457, Gradient 0.65562)
2026-07-28 18:25:28,583 INFO Epoch 18 | Coverage q10/q50/q90 = 0.078/0.494/0.905 (nominal .10/.50/.90) | extreme tail = 0.112/0.462/0.853
2026-07-28 18:25:28,907 INFO New best val loss: 3.15157 (saved checkpoints/best.pth)
2026-07-28 18:25:50,724 INFO Epoch 19 | Batch 50/1186 | Loss 2.69703 (Pin 0.92690 [q90 0.44474, q10 0.48215], MS 1.77014, Freq 0.00000, L1 2.05801, Spectral 0.40033, Gradient 0.69848) | LR 1.00e-05
2026-07-28 18:26:12,480 INFO Epoch 19 | Batch 100/1186 | Loss 2.54179 (Pin 0.88895 [q90 0.43758, q10 0.45138], MS 1.65284, Freq 0.00000, L1 2.00089, Spectral 0.38936, Gradient 0.68540) | LR 1.00e-05
2026-07-28 18:26:34,235 INFO Epoch 19 | Batch 150/1186 | Loss 2.63722 (Pin 0.91929 [q90 0.44945, q10 0.46983], MS 1.71794, Freq 0.00000, L1 2.06101, Spectral 0.40356, Gradient 0.70903) | LR 1.00e-05
2026-07-28 18:26:55,997 INFO Epoch 19 | Batch 200/1186 | Loss 2.54222 (Pin 0.91218 [q90 0.44276, q10 0.46942], MS 1.63004, Freq 0.00000, L1 2.00579, Spectral 0.38826, Gradient 0.67323) | LR 1.00e-05
2026-07-28 18:27:17,756 INFO Epoch 19 | Batch 250/1186 | Loss 2.68393 (Pin 0.89921 [q90 0.44209, q10 0.45712], MS 1.78473, Freq 0.00000, L1 2.06987, Spectral 0.40154, Gradient 0.70529) | LR 1.00e-05
2026-07-28 18:27:39,502 INFO Epoch 19 | Batch 300/1186 | Loss 2.65057 (Pin 0.94254 [q90 0.45183, q10 0.49070], MS 1.70803, Freq 0.00000, L1 2.09207, Spectral 0.40475, Gradient 0.70780) | LR 1.00e-05
2026-07-28 18:28:01,264 INFO Epoch 19 | Batch 350/1186 | Loss 2.62716 (Pin 0.92163 [q90 0.45080, q10 0.47084], MS 1.70553, Freq 0.00000, L1 2.06041, Spectral 0.38863, Gradient 0.68393) | LR 1.00e-05
2026-07-28 18:28:23,018 INFO Epoch 19 | Batch 400/1186 | Loss 2.64931 (Pin 0.96825 [q90 0.46548, q10 0.50277], MS 1.68106, Freq 0.00000, L1 2.11422, Spectral 0.39797, Gradient 0.69275) | LR 1.00e-05
2026-07-28 18:28:44,759 INFO Epoch 19 | Batch 450/1186 | Loss 2.66746 (Pin 0.94344 [q90 0.45841, q10 0.48503], MS 1.72402, Freq 0.00000, L1 2.07802, Spectral 0.39413, Gradient 0.69064) | LR 1.00e-05
2026-07-28 18:29:06,510 INFO Epoch 19 | Batch 500/1186 | Loss 2.56701 (Pin 0.92723 [q90 0.45227, q10 0.47496], MS 1.63978, Freq 0.00000, L1 2.04324, Spectral 0.38913, Gradient 0.68179) | LR 1.00e-05
2026-07-28 18:29:28,259 INFO Epoch 19 | Batch 550/1186 | Loss 2.53243 (Pin 0.91973 [q90 0.44653, q10 0.47320], MS 1.61271, Freq 0.00000, L1 2.03259, Spectral 0.39420, Gradient 0.69072) | LR 1.00e-05
2026-07-28 18:29:50,004 INFO Epoch 19 | Batch 600/1186 | Loss 2.55387 (Pin 0.91322 [q90 0.44684, q10 0.46637], MS 1.64065, Freq 0.00000, L1 2.03002, Spectral 0.39438, Gradient 0.69089) | LR 1.00e-05
2026-07-28 18:30:11,758 INFO Epoch 19 | Batch 650/1186 | Loss 2.64791 (Pin 0.94761 [q90 0.45730, q10 0.49031], MS 1.70030, Freq 0.00000, L1 2.10161, Spectral 0.41185, Gradient 0.70783) | LR 1.00e-05
2026-07-28 18:30:33,516 INFO Epoch 19 | Batch 700/1186 | Loss 2.62161 (Pin 0.93920 [q90 0.45744, q10 0.48176], MS 1.68241, Freq 0.00000, L1 2.08331, Spectral 0.39148, Gradient 0.69834) | LR 1.00e-05
2026-07-28 18:30:55,270 INFO Epoch 19 | Batch 750/1186 | Loss 2.63373 (Pin 0.91478 [q90 0.44961, q10 0.46517], MS 1.71895, Freq 0.00000, L1 2.03359, Spectral 0.38995, Gradient 0.67826) | LR 1.00e-05
2026-07-28 18:31:17,040 INFO Epoch 19 | Batch 800/1186 | Loss 2.55378 (Pin 0.93342 [q90 0.44980, q10 0.48362], MS 1.62036, Freq 0.00000, L1 2.09488, Spectral 0.41290, Gradient 0.71774) | LR 1.00e-05
2026-07-28 18:31:38,787 INFO Epoch 19 | Batch 850/1186 | Loss 2.60401 (Pin 0.93330 [q90 0.45789, q10 0.47542], MS 1.67071, Freq 0.00000, L1 2.07437, Spectral 0.40164, Gradient 0.70815) | LR 1.00e-05
2026-07-28 18:32:00,540 INFO Epoch 19 | Batch 900/1186 | Loss 2.63582 (Pin 0.91775 [q90 0.44116, q10 0.47659], MS 1.71806, Freq 0.00000, L1 2.05998, Spectral 0.40386, Gradient 0.70233) | LR 1.00e-05
2026-07-28 18:32:22,282 INFO Epoch 19 | Batch 950/1186 | Loss 2.64436 (Pin 0.93290 [q90 0.45272, q10 0.48018], MS 1.71146, Freq 0.00000, L1 2.06954, Spectral 0.40750, Gradient 0.69497) | LR 1.00e-05
2026-07-28 18:32:44,047 INFO Epoch 19 | Batch 1000/1186 | Loss 2.64578 (Pin 0.94933 [q90 0.46079, q10 0.48855], MS 1.69644, Freq 0.00000, L1 2.10272, Spectral 0.40179, Gradient 0.71248) | LR 1.00e-05
2026-07-28 18:33:05,811 INFO Epoch 19 | Batch 1050/1186 | Loss 2.65674 (Pin 0.95396 [q90 0.46542, q10 0.48854], MS 1.70278, Freq 0.00000, L1 2.10468, Spectral 0.38400, Gradient 0.68112) | LR 1.00e-05
2026-07-28 18:33:27,572 INFO Epoch 19 | Batch 1100/1186 | Loss 2.53383 (Pin 0.91497 [q90 0.44390, q10 0.47107], MS 1.61886, Freq 0.00000, L1 2.04064, Spectral 0.39570, Gradient 0.69476) | LR 1.00e-05
2026-07-28 18:33:49,307 INFO Epoch 19 | Batch 1150/1186 | Loss 2.63792 (Pin 0.92929 [q90 0.46001, q10 0.46928], MS 1.70863, Freq 0.00000, L1 2.04919, Spectral 0.40193, Gradient 0.70637) | LR 1.00e-05
2026-07-28 18:34:40,658 INFO Epoch 19 | Val Loss 3.11607 (Pin 0.87368 [q90 0.42727, q10 0.44641], MS 2.24240, Freq 0.00000, L1 1.97008, Spectral 0.37865, Gradient 0.66846)
2026-07-28 18:34:40,658 INFO Epoch 19 | Coverage q10/q50/q90 = 0.085/0.481/0.906 (nominal .10/.50/.90) | extreme tail = 0.120/0.474/0.858
2026-07-28 18:34:40,961 INFO New best val loss: 3.11607 (saved checkpoints/best.pth)
2026-07-28 18:35:02,767 INFO Epoch 20 | Batch 50/1186 | Loss 2.60427 (Pin 0.93144 [q90 0.45449, q10 0.47694], MS 1.67283, Freq 0.00000, L1 2.04845, Spectral 0.40440, Gradient 0.70345) | LR 1.00e-05
2026-07-28 18:35:24,514 INFO Epoch 20 | Batch 100/1186 | Loss 2.56912 (Pin 0.88224 [q90 0.43347, q10 0.44877], MS 1.68689, Freq 0.00000, L1 1.97400, Spectral 0.40409, Gradient 0.69120) | LR 1.00e-05
2026-07-28 18:35:46,249 INFO Epoch 20 | Batch 150/1186 | Loss 2.53989 (Pin 0.91030 [q90 0.44748, q10 0.46282], MS 1.62960, Freq 0.00000, L1 2.01194, Spectral 0.38950, Gradient 0.68178) | LR 1.00e-05
2026-07-28 18:36:08,006 INFO Epoch 20 | Batch 200/1186 | Loss 2.60842 (Pin 0.90646 [q90 0.43803, q10 0.46843], MS 1.70196, Freq 0.00000, L1 2.02244, Spectral 0.40136, Gradient 0.69028) | LR 1.00e-05
2026-07-28 18:36:29,758 INFO Epoch 20 | Batch 250/1186 | Loss 2.60691 (Pin 0.94229 [q90 0.45353, q10 0.48876], MS 1.66462, Freq 0.00000, L1 2.08731, Spectral 0.40302, Gradient 0.70400) | LR 1.00e-05
2026-07-28 18:36:51,515 INFO Epoch 20 | Batch 300/1186 | Loss 2.63935 (Pin 0.95307 [q90 0.46255, q10 0.49052], MS 1.68628, Freq 0.00000, L1 2.11058, Spectral 0.39333, Gradient 0.69737) | LR 1.00e-05
2026-07-28 18:37:13,260 INFO Epoch 20 | Batch 350/1186 | Loss 2.58485 (Pin 0.90640 [q90 0.44217, q10 0.46423], MS 1.67846, Freq 0.00000, L1 2.03929, Spectral 0.42190, Gradient 0.72308) | LR 1.00e-05
2026-07-28 18:37:35,017 INFO Epoch 20 | Batch 400/1186 | Loss 2.60358 (Pin 0.93221 [q90 0.45710, q10 0.47511], MS 1.67137, Freq 0.00000, L1 2.09977, Spectral 0.41325, Gradient 0.72503) | LR 1.00e-05
2026-07-28 18:37:56,776 INFO Epoch 20 | Batch 450/1186 | Loss 2.62130 (Pin 0.91989 [q90 0.44875, q10 0.47114], MS 1.70141, Freq 0.00000, L1 2.04906, Spectral 0.40368, Gradient 0.70040) | LR 1.00e-05
2026-07-28 18:38:18,536 INFO Epoch 20 | Batch 500/1186 | Loss 2.48853 (Pin 0.90870 [q90 0.43996, q10 0.46873], MS 1.57983, Freq 0.00000, L1 2.02001, Spectral 0.39366, Gradient 0.68074) | LR 1.00e-05
2026-07-28 18:38:40,292 INFO Epoch 20 | Batch 550/1186 | Loss 2.57932 (Pin 0.92382 [q90 0.45250, q10 0.47131], MS 1.65551, Freq 0.00000, L1 2.07337, Spectral 0.41043, Gradient 0.70944) | LR 1.00e-05
2026-07-28 18:39:02,049 INFO Epoch 20 | Batch 600/1186 | Loss 2.69933 (Pin 0.98016 [q90 0.48548, q10 0.49468], MS 1.71918, Freq 0.00000, L1 2.12173, Spectral 0.39934, Gradient 0.70828) | LR 1.00e-05
2026-07-28 18:39:23,815 INFO Epoch 20 | Batch 650/1186 | Loss 2.66110 (Pin 0.95463 [q90 0.45588, q10 0.49875], MS 1.70647, Freq 0.00000, L1 2.11387, Spectral 0.40734, Gradient 0.72023) | LR 1.00e-05
2026-07-28 18:39:45,569 INFO Epoch 20 | Batch 700/1186 | Loss 2.63444 (Pin 0.92194 [q90 0.44895, q10 0.47299], MS 1.71250, Freq 0.00000, L1 2.05585, Spectral 0.39274, Gradient 0.68519) | LR 1.00e-05
2026-07-28 18:40:07,328 INFO Epoch 20 | Batch 750/1186 | Loss 2.75979 (Pin 0.93439 [q90 0.45294, q10 0.48146], MS 1.82540, Freq 0.00000, L1 2.06175, Spectral 0.39058, Gradient 0.68761) | LR 1.00e-05
2026-07-28 18:40:29,085 INFO Epoch 20 | Batch 800/1186 | Loss 2.49373 (Pin 0.89025 [q90 0.43677, q10 0.45349], MS 1.60347, Freq 0.00000, L1 1.98579, Spectral 0.37500, Gradient 0.66095) | LR 1.00e-05
2026-07-28 18:40:50,836 INFO Epoch 20 | Batch 850/1186 | Loss 2.52631 (Pin 0.91623 [q90 0.44624, q10 0.46999], MS 1.61009, Freq 0.00000, L1 2.02390, Spectral 0.37997, Gradient 0.67344) | LR 1.00e-05
2026-07-28 18:41:12,592 INFO Epoch 20 | Batch 900/1186 | Loss 2.79442 (Pin 0.95995 [q90 0.46910, q10 0.49085], MS 1.83447, Freq 0.00000, L1 2.10707, Spectral 0.39733, Gradient 0.69405) | LR 1.00e-05
2026-07-28 18:41:34,348 INFO Epoch 20 | Batch 950/1186 | Loss 2.70607 (Pin 0.95354 [q90 0.46241, q10 0.49113], MS 1.75254, Freq 0.00000, L1 2.12899, Spectral 0.40436, Gradient 0.71501) | LR 1.00e-05
2026-07-28 18:41:56,094 INFO Epoch 20 | Batch 1000/1186 | Loss 2.67986 (Pin 0.93282 [q90 0.46205, q10 0.47077], MS 1.74704, Freq 0.00000, L1 2.07456, Spectral 0.40218, Gradient 0.70215) | LR 1.00e-05
2026-07-28 18:42:17,847 INFO Epoch 20 | Batch 1050/1186 | Loss 2.54337 (Pin 0.94464 [q90 0.45156, q10 0.49308], MS 1.59873, Freq 0.00000, L1 2.05512, Spectral 0.38227, Gradient 0.66655) | LR 1.00e-05
2026-07-28 18:42:39,612 INFO Epoch 20 | Batch 1100/1186 | Loss 2.63106 (Pin 0.91607 [q90 0.44559, q10 0.47049], MS 1.71498, Freq 0.00000, L1 2.03450, Spectral 0.38786, Gradient 0.68272) | LR 1.00e-05
2026-07-28 18:43:01,381 INFO Epoch 20 | Batch 1150/1186 | Loss 2.67259 (Pin 0.92661 [q90 0.44490, q10 0.48171], MS 1.74597, Freq 0.00000, L1 2.05365, Spectral 0.41338, Gradient 0.71112) | LR 1.00e-05
2026-07-28 18:43:52,733 INFO Epoch 20 | Val Loss 3.15723 (Pin 0.87479 [q90 0.42855, q10 0.44624], MS 2.28245, Freq 0.00000, L1 1.97851, Spectral 0.37026, Gradient 0.64662)
2026-07-28 18:43:52,733 INFO Epoch 20 | Coverage q10/q50/q90 = 0.077/0.484/0.900 (nominal .10/.50/.90) | extreme tail = 0.119/0.472/0.857
2026-07-28 18:44:14,717 INFO Epoch 21 | Batch 50/1186 | Loss 2.69298 (Pin 0.94675 [q90 0.46604, q10 0.48071], MS 1.74623, Freq 0.00000, L1 2.08201, Spectral 0.40093, Gradient 0.69792) | LR 1.00e-05
2026-07-28 18:44:36,472 INFO Epoch 21 | Batch 100/1186 | Loss 2.63242 (Pin 0.92331 [q90 0.44882, q10 0.47449], MS 1.70911, Freq 0.00000, L1 2.04115, Spectral 0.39637, Gradient 0.68721) | LR 1.00e-05
2026-07-28 18:44:58,227 INFO Epoch 21 | Batch 150/1186 | Loss 2.58209 (Pin 0.92534 [q90 0.45223, q10 0.47311], MS 1.65674, Freq 0.00000, L1 2.05373, Spectral 0.39964, Gradient 0.69348) | LR 1.00e-05
2026-07-28 18:45:19,975 INFO Epoch 21 | Batch 200/1186 | Loss 2.73128 (Pin 0.96727 [q90 0.46409, q10 0.50318], MS 1.76401, Freq 0.00000, L1 2.12752, Spectral 0.40749, Gradient 0.71708) | LR 1.00e-05
2026-07-28 18:45:41,727 INFO Epoch 21 | Batch 250/1186 | Loss 2.53891 (Pin 0.90793 [q90 0.43371, q10 0.47423], MS 1.63098, Freq 0.00000, L1 2.01364, Spectral 0.39762, Gradient 0.68750) | LR 1.00e-05
2026-07-28 18:46:03,474 INFO Epoch 21 | Batch 300/1186 | Loss 2.55582 (Pin 0.91523 [q90 0.44931, q10 0.46592], MS 1.64059, Freq 0.00000, L1 2.03127, Spectral 0.38639, Gradient 0.67421) | LR 1.00e-05
2026-07-28 18:46:25,224 INFO Epoch 21 | Batch 350/1186 | Loss 2.62909 (Pin 0.93930 [q90 0.45878, q10 0.48052], MS 1.68979, Freq 0.00000, L1 2.05358, Spectral 0.39533, Gradient 0.68612) | LR 1.00e-05
2026-07-28 18:46:47,005 INFO Epoch 21 | Batch 400/1186 | Loss 2.70931 (Pin 0.94360 [q90 0.45446, q10 0.48914], MS 1.76571, Freq 0.00000, L1 2.05358, Spectral 0.38091, Gradient 0.67112) | LR 1.00e-05
2026-07-28 18:47:08,760 INFO Epoch 21 | Batch 450/1186 | Loss 2.53005 (Pin 0.88693 [q90 0.43314, q10 0.45379], MS 1.64312, Freq 0.00000, L1 1.99892, Spectral 0.39224, Gradient 0.68691) | LR 1.00e-05
2026-07-28 18:47:30,501 INFO Epoch 21 | Batch 500/1186 | Loss 2.57176 (Pin 0.92753 [q90 0.45042, q10 0.47711], MS 1.64424, Freq 0.00000, L1 2.06977, Spectral 0.39280, Gradient 0.69091) | LR 1.00e-05
2026-07-28 18:47:52,265 INFO Epoch 21 | Batch 550/1186 | Loss 2.55551 (Pin 0.91437 [q90 0.44898, q10 0.46539], MS 1.64114, Freq 0.00000, L1 2.04294, Spectral 0.38915, Gradient 0.68586) | LR 1.00e-05
2026-07-28 18:48:14,032 INFO Epoch 21 | Batch 600/1186 | Loss 2.59234 (Pin 0.91581 [q90 0.44429, q10 0.47151], MS 1.67653, Freq 0.00000, L1 2.01573, Spectral 0.40810, Gradient 0.69693) | LR 1.00e-05
2026-07-28 18:48:35,797 INFO Epoch 21 | Batch 650/1186 | Loss 2.64286 (Pin 0.94170 [q90 0.45833, q10 0.48337], MS 1.70116, Freq 0.00000, L1 2.03905, Spectral 0.39532, Gradient 0.68816) | LR 1.00e-05
2026-07-28 18:48:57,557 INFO Epoch 21 | Batch 700/1186 | Loss 2.68910 (Pin 0.93316 [q90 0.45082, q10 0.48233], MS 1.75594, Freq 0.00000, L1 2.07935, Spectral 0.41135, Gradient 0.70782) | LR 1.00e-05
2026-07-28 18:49:19,449 INFO Epoch 21 | Batch 750/1186 | Loss 2.48976 (Pin 0.91762 [q90 0.44697, q10 0.47065], MS 1.57214, Freq 0.00000, L1 2.03669, Spectral 0.40435, Gradient 0.70494) | LR 1.00e-05
2026-07-28 18:49:41,194 INFO Epoch 21 | Batch 800/1186 | Loss 2.52236 (Pin 0.89238 [q90 0.43508, q10 0.45730], MS 1.62998, Freq 0.00000, L1 2.03278, Spectral 0.41448, Gradient 0.71741) | LR 1.00e-05
2026-07-28 18:50:02,941 INFO Epoch 21 | Batch 850/1186 | Loss 2.63946 (Pin 0.94479 [q90 0.45635, q10 0.48844], MS 1.69467, Freq 0.00000, L1 2.08763, Spectral 0.40169, Gradient 0.69852) | LR 1.00e-05
2026-07-28 18:50:24,685 INFO Epoch 21 | Batch 900/1186 | Loss 2.55312 (Pin 0.88852 [q90 0.44269, q10 0.44583], MS 1.66460, Freq 0.00000, L1 1.98761, Spectral 0.40490, Gradient 0.69578) | LR 1.00e-05
2026-07-28 18:50:46,412 INFO Epoch 21 | Batch 950/1186 | Loss 2.68991 (Pin 0.96275 [q90 0.47732, q10 0.48543], MS 1.72716, Freq 0.00000, L1 2.12118, Spectral 0.40780, Gradient 0.70671) | LR 1.00e-05
2026-07-28 18:51:08,141 INFO Epoch 21 | Batch 1000/1186 | Loss 2.54701 (Pin 0.91460 [q90 0.44436, q10 0.47024], MS 1.63241, Freq 0.00000, L1 2.02777, Spectral 0.38231, Gradient 0.67548) | LR 1.00e-05
2026-07-28 18:51:29,855 INFO Epoch 21 | Batch 1050/1186 | Loss 2.62385 (Pin 0.93746 [q90 0.45624, q10 0.48122], MS 1.68639, Freq 0.00000, L1 2.08797, Spectral 0.39187, Gradient 0.69101) | LR 1.00e-05
2026-07-28 18:51:51,572 INFO Epoch 21 | Batch 1100/1186 | Loss 2.67494 (Pin 0.92820 [q90 0.44962, q10 0.47859], MS 1.74674, Freq 0.00000, L1 2.05744, Spectral 0.40863, Gradient 0.70282) | LR 1.00e-05
2026-07-28 18:52:13,283 INFO Epoch 21 | Batch 1150/1186 | Loss 2.43169 (Pin 0.89905 [q90 0.43362, q10 0.46543], MS 1.53264, Freq 0.00000, L1 1.99110, Spectral 0.38371, Gradient 0.66817) | LR 1.00e-05
2026-07-28 18:53:05,332 INFO Epoch 21 | Val Loss 3.14542 (Pin 0.87403 [q90 0.42719, q10 0.44683], MS 2.27139, Freq 0.00000, L1 1.98151, Spectral 0.37799, Gradient 0.66642)
2026-07-28 18:53:05,332 INFO Epoch 21 | Coverage q10/q50/q90 = 0.078/0.485/0.906 (nominal .10/.50/.90) | extreme tail = 0.113/0.462/0.857
2026-07-28 18:53:27,277 INFO Epoch 22 | Batch 50/1186 | Loss 2.51057 (Pin 0.89554 [q90 0.44081, q10 0.45473], MS 1.61503, Freq 0.00000, L1 1.99220, Spectral 0.38108, Gradient 0.66678) | LR 1.00e-05
2026-07-28 18:53:49,000 INFO Epoch 22 | Batch 100/1186 | Loss 2.59987 (Pin 0.90408 [q90 0.44145, q10 0.46263], MS 1.69579, Freq 0.00000, L1 2.00211, Spectral 0.39171, Gradient 0.67971) | LR 1.00e-05
2026-07-28 18:54:10,720 INFO Epoch 22 | Batch 150/1186 | Loss 2.53737 (Pin 0.92686 [q90 0.44557, q10 0.48129], MS 1.61051, Freq 0.00000, L1 2.04658, Spectral 0.39971, Gradient 0.69158) | LR 1.00e-05
2026-07-28 18:54:32,437 INFO Epoch 22 | Batch 200/1186 | Loss 2.47884 (Pin 0.88345 [q90 0.43477, q10 0.44868], MS 1.59539, Freq 0.00000, L1 1.97409, Spectral 0.39593, Gradient 0.67751) | LR 1.00e-05
2026-07-28 18:54:54,158 INFO Epoch 22 | Batch 250/1186 | Loss 2.53578 (Pin 0.89500 [q90 0.43043, q10 0.46457], MS 1.64078, Freq 0.00000, L1 2.01904, Spectral 0.40599, Gradient 0.69817) | LR 1.00e-05
2026-07-28 18:55:15,896 INFO Epoch 22 | Batch 300/1186 | Loss 2.50810 (Pin 0.91375 [q90 0.44911, q10 0.46463], MS 1.59435, Freq 0.00000, L1 2.01968, Spectral 0.40129, Gradient 0.69663) | LR 1.00e-05
2026-07-28 18:55:37,615 INFO Epoch 22 | Batch 350/1186 | Loss 2.59848 (Pin 0.91444 [q90 0.44967, q10 0.46477], MS 1.68404, Freq 0.00000, L1 2.03796, Spectral 0.40502, Gradient 0.69444) | LR 1.00e-05
2026-07-28 18:55:59,332 INFO Epoch 22 | Batch 400/1186 | Loss 2.61728 (Pin 0.93160 [q90 0.45024, q10 0.48136], MS 1.68569, Freq 0.00000, L1 2.06674, Spectral 0.40445, Gradient 0.69952) | LR 1.00e-05
2026-07-28 18:56:21,052 INFO Epoch 22 | Batch 450/1186 | Loss 2.67848 (Pin 0.96241 [q90 0.47306, q10 0.48934], MS 1.71607, Freq 0.00000, L1 2.09709, Spectral 0.39767, Gradient 0.68929) | LR 1.00e-05
2026-07-28 18:56:42,769 INFO Epoch 22 | Batch 500/1186 | Loss 2.65893 (Pin 0.94403 [q90 0.46669, q10 0.47734], MS 1.71490, Freq 0.00000, L1 2.07752, Spectral 0.40646, Gradient 0.71409) | LR 1.00e-05
2026-07-28 18:57:04,502 INFO Epoch 22 | Batch 550/1186 | Loss 2.52826 (Pin 0.91286 [q90 0.44224, q10 0.47062], MS 1.61540, Freq 0.00000, L1 2.01562, Spectral 0.39050, Gradient 0.67163) | LR 1.00e-05
2026-07-28 18:57:26,234 INFO Epoch 22 | Batch 600/1186 | Loss 2.71644 (Pin 0.93613 [q90 0.45360, q10 0.48252], MS 1.78031, Freq 0.00000, L1 2.05950, Spectral 0.39585, Gradient 0.68513) | LR 1.00e-05
2026-07-28 18:57:47,953 INFO Epoch 22 | Batch 650/1186 | Loss 2.58569 (Pin 0.92640 [q90 0.45936, q10 0.46704], MS 1.65929, Freq 0.00000, L1 2.07242, Spectral 0.41107, Gradient 0.70925) | LR 1.00e-05
2026-07-28 18:58:09,688 INFO Epoch 22 | Batch 700/1186 | Loss 2.58410 (Pin 0.93019 [q90 0.44729, q10 0.48289], MS 1.65392, Freq 0.00000, L1 2.06952, Spectral 0.40594, Gradient 0.70580) | LR 1.00e-05
2026-07-28 18:58:31,415 INFO Epoch 22 | Batch 750/1186 | Loss 2.62044 (Pin 0.90574 [q90 0.44075, q10 0.46499], MS 1.71470, Freq 0.00000, L1 2.01800, Spectral 0.40759, Gradient 0.70395) | LR 1.00e-05
2026-07-28 18:58:53,140 INFO Epoch 22 | Batch 800/1186 | Loss 2.61909 (Pin 0.92237 [q90 0.44725, q10 0.47511], MS 1.69672, Freq 0.00000, L1 2.04178, Spectral 0.40453, Gradient 0.69711) | LR 1.00e-05
2026-07-28 18:59:14,871 INFO Epoch 22 | Batch 850/1186 | Loss 2.55645 (Pin 0.94308 [q90 0.45605, q10 0.48703], MS 1.61337, Freq 0.00000, L1 2.04468, Spectral 0.37823, Gradient 0.66530) | LR 1.00e-05
2026-07-28 18:59:36,597 INFO Epoch 22 | Batch 900/1186 | Loss 2.62807 (Pin 0.92528 [q90 0.45070, q10 0.47457], MS 1.70279, Freq 0.00000, L1 2.06198, Spectral 0.39877, Gradient 0.68911) | LR 1.00e-05
2026-07-28 18:59:58,321 INFO Epoch 22 | Batch 950/1186 | Loss 2.61534 (Pin 0.95070 [q90 0.45844, q10 0.49225], MS 1.66464, Freq 0.00000, L1 2.09991, Spectral 0.38473, Gradient 0.67540) | LR 1.00e-05
2026-07-28 19:00:20,052 INFO Epoch 22 | Batch 1000/1186 | Loss 2.50130 (Pin 0.92080 [q90 0.44272, q10 0.47808], MS 1.58050, Freq 0.00000, L1 2.06687, Spectral 0.38385, Gradient 0.68184) | LR 1.00e-05
2026-07-28 19:00:41,779 INFO Epoch 22 | Batch 1050/1186 | Loss 2.60336 (Pin 0.92150 [q90 0.44559, q10 0.47592], MS 1.68186, Freq 0.00000, L1 2.04293, Spectral 0.39406, Gradient 0.70008) | LR 1.00e-05
2026-07-28 19:01:03,495 INFO Epoch 22 | Batch 1100/1186 | Loss 2.52635 (Pin 0.92288 [q90 0.45311, q10 0.46977], MS 1.60348, Freq 0.00000, L1 2.03722, Spectral 0.39577, Gradient 0.68530) | LR 1.00e-05
2026-07-28 19:01:25,216 INFO Epoch 22 | Batch 1150/1186 | Loss 2.67225 (Pin 0.93975 [q90 0.45864, q10 0.48111], MS 1.73249, Freq 0.00000, L1 2.08697, Spectral 0.40440, Gradient 0.70256) | LR 1.00e-05
2026-07-28 19:02:16,908 INFO Epoch 22 | Val Loss 3.21383 (Pin 0.87583 [q90 0.42772, q10 0.44811], MS 2.33799, Freq 0.00000, L1 2.01078, Spectral 0.37275, Gradient 0.65861)
2026-07-28 19:02:16,908 INFO Epoch 22 | Coverage q10/q50/q90 = 0.073/0.475/0.898 (nominal .10/.50/.90) | extreme tail = 0.113/0.460/0.851
2026-07-28 19:02:38,849 INFO Epoch 23 | Batch 50/1186 | Loss 2.57529 (Pin 0.92345 [q90 0.44779, q10 0.47566], MS 1.65184, Freq 0.00000, L1 2.05573, Spectral 0.40150, Gradient 0.69618) | LR 1.00e-05
2026-07-28 19:03:00,577 INFO Epoch 23 | Batch 100/1186 | Loss 2.62292 (Pin 0.92382 [q90 0.44971, q10 0.47411], MS 1.69910, Freq 0.00000, L1 2.07005, Spectral 0.38614, Gradient 0.68576) | LR 1.00e-05
2026-07-28 19:03:22,301 INFO Epoch 23 | Batch 150/1186 | Loss 2.62906 (Pin 0.93199 [q90 0.45825, q10 0.47374], MS 1.69707, Freq 0.00000, L1 2.04620, Spectral 0.39460, Gradient 0.68727) | LR 1.00e-05
2026-07-28 19:03:44,032 INFO Epoch 23 | Batch 200/1186 | Loss 2.59930 (Pin 0.92542 [q90 0.45306, q10 0.47236], MS 1.67388, Freq 0.00000, L1 2.06356, Spectral 0.39889, Gradient 0.69451) | LR 1.00e-05
2026-07-28 19:04:05,765 INFO Epoch 23 | Batch 250/1186 | Loss 2.59936 (Pin 0.91210 [q90 0.44480, q10 0.46731], MS 1.68726, Freq 0.00000, L1 2.05300, Spectral 0.40192, Gradient 0.69973) | LR 1.00e-05
2026-07-28 19:04:27,494 INFO Epoch 23 | Batch 300/1186 | Loss 2.51769 (Pin 0.88959 [q90 0.43209, q10 0.45750], MS 1.62810, Freq 0.00000, L1 1.97856, Spectral 0.39266, Gradient 0.67892) | LR 1.00e-05
2026-07-28 19:04:49,219 INFO Epoch 23 | Batch 350/1186 | Loss 2.57462 (Pin 0.91036 [q90 0.44722, q10 0.46314], MS 1.66426, Freq 0.00000, L1 2.02018, Spectral 0.38849, Gradient 0.67881) | LR 1.00e-05
2026-07-28 19:05:10,947 INFO Epoch 23 | Batch 400/1186 | Loss 2.59270 (Pin 0.94767 [q90 0.45338, q10 0.49429], MS 1.64503, Freq 0.00000, L1 2.07259, Spectral 0.39244, Gradient 0.68875) | LR 1.00e-05
2026-07-28 19:05:32,681 INFO Epoch 23 | Batch 450/1186 | Loss 2.64985 (Pin 0.93913 [q90 0.45871, q10 0.48042], MS 1.71071, Freq 0.00000, L1 2.08654, Spectral 0.40384, Gradient 0.69907) | LR 1.00e-05
2026-07-28 19:05:54,404 INFO Epoch 23 | Batch 500/1186 | Loss 2.60883 (Pin 0.94245 [q90 0.46541, q10 0.47704], MS 1.66638, Freq 0.00000, L1 2.08793, Spectral 0.39203, Gradient 0.68404) | LR 1.00e-05
2026-07-28 19:06:16,153 INFO Epoch 23 | Batch 550/1186 | Loss 2.67904 (Pin 0.93073 [q90 0.45748, q10 0.47326], MS 1.74830, Freq 0.00000, L1 2.08350, Spectral 0.41067, Gradient 0.71915) | LR 1.00e-05
2026-07-28 19:06:37,913 INFO Epoch 23 | Batch 600/1186 | Loss 2.57755 (Pin 0.91414 [q90 0.44417, q10 0.46997], MS 1.66341, Freq 0.00000, L1 2.05437, Spectral 0.42160, Gradient 0.72183) | LR 1.00e-05
2026-07-28 19:06:59,660 INFO Epoch 23 | Batch 650/1186 | Loss 2.53793 (Pin 0.91195 [q90 0.44254, q10 0.46941], MS 1.62598, Freq 0.00000, L1 2.01525, Spectral 0.40366, Gradient 0.69826) | LR 1.00e-05
2026-07-28 19:07:21,415 INFO Epoch 23 | Batch 700/1186 | Loss 2.60113 (Pin 0.92148 [q90 0.45028, q10 0.47120], MS 1.67966, Freq 0.00000, L1 2.04898, Spectral 0.41098, Gradient 0.70707) | LR 1.00e-05
2026-07-28 19:07:43,172 INFO Epoch 23 | Batch 750/1186 | Loss 2.51989 (Pin 0.92605 [q90 0.44236, q10 0.48368], MS 1.59384, Freq 0.00000, L1 2.03331, Spectral 0.39607, Gradient 0.68266) | LR 1.00e-05
2026-07-28 19:08:04,928 INFO Epoch 23 | Batch 800/1186 | Loss 2.54820 (Pin 0.94002 [q90 0.45952, q10 0.48050], MS 1.60818, Freq 0.00000, L1 2.07081, Spectral 0.39157, Gradient 0.68611) | LR 1.00e-05
2026-07-28 19:08:26,674 INFO Epoch 23 | Batch 850/1186 | Loss 2.60013 (Pin 0.93416 [q90 0.45669, q10 0.47747], MS 1.66597, Freq 0.00000, L1 2.05285, Spectral 0.38975, Gradient 0.68695) | LR 1.00e-05
2026-07-28 19:08:48,420 INFO Epoch 23 | Batch 900/1186 | Loss 2.59268 (Pin 0.93158 [q90 0.45658, q10 0.47500], MS 1.66110, Freq 0.00000, L1 2.05179, Spectral 0.39404, Gradient 0.68313) | LR 1.00e-05
2026-07-28 19:09:10,174 INFO Epoch 23 | Batch 950/1186 | Loss 2.63968 (Pin 0.95187 [q90 0.45641, q10 0.49546], MS 1.68781, Freq 0.00000, L1 2.07632, Spectral 0.39277, Gradient 0.68317) | LR 1.00e-05
2026-07-28 19:09:31,929 INFO Epoch 23 | Batch 1000/1186 | Loss 2.51378 (Pin 0.90472 [q90 0.44417, q10 0.46055], MS 1.60906, Freq 0.00000, L1 2.00400, Spectral 0.40180, Gradient 0.69246) | LR 1.00e-05
2026-07-28 19:09:53,694 INFO Epoch 23 | Batch 1050/1186 | Loss 2.61121 (Pin 0.91830 [q90 0.45067, q10 0.46762], MS 1.69291, Freq 0.00000, L1 2.00725, Spectral 0.38823, Gradient 0.68184) | LR 1.00e-05
2026-07-28 19:10:15,438 INFO Epoch 23 | Batch 1100/1186 | Loss 2.40838 (Pin 0.89173 [q90 0.43766, q10 0.45407], MS 1.51665, Freq 0.00000, L1 2.01072, Spectral 0.38771, Gradient 0.68000) | LR 1.00e-05
2026-07-28 19:10:37,188 INFO Epoch 23 | Batch 1150/1186 | Loss 2.64606 (Pin 0.91815 [q90 0.44587, q10 0.47228], MS 1.72791, Freq 0.00000, L1 2.04105, Spectral 0.40422, Gradient 0.70142) | LR 1.00e-05
2026-07-28 19:11:28,394 INFO Epoch 23 | Val Loss 3.09547 (Pin 0.87061 [q90 0.42642, q10 0.44419], MS 2.22486, Freq 0.00000, L1 1.96272, Spectral 0.37275, Gradient 0.64798)
2026-07-28 19:11:28,394 INFO Epoch 23 | Coverage q10/q50/q90 = 0.083/0.485/0.904 (nominal .10/.50/.90) | extreme tail = 0.116/0.473/0.859
2026-07-28 19:11:28,716 INFO New best val loss: 3.09547 (saved checkpoints/best.pth)
2026-07-28 19:11:50,530 INFO Epoch 24 | Batch 50/1186 | Loss 2.44017 (Pin 0.89324 [q90 0.43055, q10 0.46270], MS 1.54692, Freq 0.00000, L1 1.99571, Spectral 0.40753, Gradient 0.69855) | LR 1.00e-05
2026-07-28 19:12:12,289 INFO Epoch 24 | Batch 100/1186 | Loss 2.49243 (Pin 0.90716 [q90 0.44507, q10 0.46209], MS 1.58527, Freq 0.00000, L1 2.01489, Spectral 0.38604, Gradient 0.67634) | LR 1.00e-05
2026-07-28 19:12:34,051 INFO Epoch 24 | Batch 150/1186 | Loss 2.60406 (Pin 0.93968 [q90 0.46375, q10 0.47593], MS 1.66438, Freq 0.00000, L1 2.08704, Spectral 0.40439, Gradient 0.70157) | LR 1.00e-05
2026-07-28 19:12:55,809 INFO Epoch 24 | Batch 200/1186 | Loss 2.53386 (Pin 0.92463 [q90 0.44733, q10 0.47729], MS 1.60923, Freq 0.00000, L1 2.01537, Spectral 0.39572, Gradient 0.68615) | LR 1.00e-05
2026-07-28 19:13:17,564 INFO Epoch 24 | Batch 250/1186 | Loss 2.51165 (Pin 0.90999 [q90 0.44280, q10 0.46719], MS 1.60166, Freq 0.00000, L1 2.00707, Spectral 0.40757, Gradient 0.69712) | LR 1.00e-05
2026-07-28 19:13:39,318 INFO Epoch 24 | Batch 300/1186 | Loss 2.57773 (Pin 0.92638 [q90 0.45030, q10 0.47608], MS 1.65135, Freq 0.00000, L1 2.03024, Spectral 0.41873, Gradient 0.71742) | LR 1.00e-05
2026-07-28 19:14:01,080 INFO Epoch 24 | Batch 350/1186 | Loss 2.58514 (Pin 0.91849 [q90 0.45598, q10 0.46250], MS 1.66666, Freq 0.00000, L1 2.04987, Spectral 0.40188, Gradient 0.69782) | LR 1.00e-05
2026-07-28 19:14:22,833 INFO Epoch 24 | Batch 400/1186 | Loss 2.52571 (Pin 0.90646 [q90 0.44130, q10 0.46516], MS 1.61924, Freq 0.00000, L1 2.04829, Spectral 0.42419, Gradient 0.72411) | LR 1.00e-05
2026-07-28 19:14:44,578 INFO Epoch 24 | Batch 450/1186 | Loss 2.54652 (Pin 0.90897 [q90 0.43899, q10 0.46998], MS 1.63756, Freq 0.00000, L1 2.00456, Spectral 0.38451, Gradient 0.66650) | LR 1.00e-05
2026-07-28 19:15:06,338 INFO Epoch 24 | Batch 500/1186 | Loss 2.57479 (Pin 0.91328 [q90 0.44542, q10 0.46786], MS 1.66150, Freq 0.00000, L1 2.01851, Spectral 0.37547, Gradient 0.65840) | LR 1.00e-05
2026-07-28 19:15:28,088 INFO Epoch 24 | Batch 550/1186 | Loss 2.63407 (Pin 0.90958 [q90 0.44257, q10 0.46700], MS 1.72449, Freq 0.00000, L1 2.02383, Spectral 0.39691, Gradient 0.69136) | LR 1.00e-05
2026-07-28 19:15:49,835 INFO Epoch 24 | Batch 600/1186 | Loss 2.57440 (Pin 0.94672 [q90 0.45122, q10 0.49549], MS 1.62768, Freq 0.00000, L1 2.08598, Spectral 0.39828, Gradient 0.69386) | LR 1.00e-05
2026-07-28 19:16:11,587 INFO Epoch 24 | Batch 650/1186 | Loss 2.65972 (Pin 0.94160 [q90 0.46266, q10 0.47894], MS 1.71812, Freq 0.00000, L1 2.05248, Spectral 0.39861, Gradient 0.68998) | LR 1.00e-05
2026-07-28 19:16:33,341 INFO Epoch 24 | Batch 700/1186 | Loss 2.54290 (Pin 0.93328 [q90 0.45346, q10 0.47981], MS 1.60963, Freq 0.00000, L1 2.05231, Spectral 0.38420, Gradient 0.67036) | LR 1.00e-05
2026-07-28 19:16:55,093 INFO Epoch 24 | Batch 750/1186 | Loss 2.60313 (Pin 0.93766 [q90 0.46095, q10 0.47671], MS 1.66546, Freq 0.00000, L1 2.08397, Spectral 0.41398, Gradient 0.70890) | LR 1.00e-05
2026-07-28 19:17:16,841 INFO Epoch 24 | Batch 800/1186 | Loss 2.55428 (Pin 0.91082 [q90 0.44462, q10 0.46620], MS 1.64346, Freq 0.00000, L1 2.03340, Spectral 0.41223, Gradient 0.71016) | LR 1.00e-05
2026-07-28 19:17:38,597 INFO Epoch 24 | Batch 850/1186 | Loss 2.60099 (Pin 0.90337 [q90 0.43391, q10 0.46947], MS 1.69762, Freq 0.00000, L1 2.02708, Spectral 0.39465, Gradient 0.68363) | LR 1.00e-05
2026-07-28 19:18:00,348 INFO Epoch 24 | Batch 900/1186 | Loss 2.50622 (Pin 0.91822 [q90 0.44630, q10 0.47192], MS 1.58800, Freq 0.00000, L1 2.03478, Spectral 0.39583, Gradient 0.68778) | LR 1.00e-05
2026-07-28 19:18:22,107 INFO Epoch 24 | Batch 950/1186 | Loss 2.48180 (Pin 0.91830 [q90 0.44596, q10 0.47234], MS 1.56350, Freq 0.00000, L1 2.03986, Spectral 0.38743, Gradient 0.68524) | LR 1.00e-05
2026-07-28 19:18:43,858 INFO Epoch 24 | Batch 1000/1186 | Loss 2.62756 (Pin 0.92394 [q90 0.44599, q10 0.47795], MS 1.70362, Freq 0.00000, L1 2.05366, Spectral 0.40588, Gradient 0.70858) | LR 1.00e-05
2026-07-28 19:19:05,605 INFO Epoch 24 | Batch 1050/1186 | Loss 2.61407 (Pin 0.93149 [q90 0.45617, q10 0.47532], MS 1.68258, Freq 0.00000, L1 2.08153, Spectral 0.39399, Gradient 0.68758) | LR 1.00e-05
2026-07-28 19:19:27,353 INFO Epoch 24 | Batch 1100/1186 | Loss 2.72188 (Pin 0.94996 [q90 0.45794, q10 0.49202], MS 1.77193, Freq 0.00000, L1 2.12365, Spectral 0.41196, Gradient 0.71018) | LR 1.00e-05
2026-07-28 19:19:49,110 INFO Epoch 24 | Batch 1150/1186 | Loss 2.55101 (Pin 0.93003 [q90 0.45696, q10 0.47307], MS 1.62098, Freq 0.00000, L1 2.03440, Spectral 0.38360, Gradient 0.66880) | LR 1.00e-05
2026-07-28 19:20:41,489 INFO Epoch 24 | Val Loss 3.10701 (Pin 0.87178 [q90 0.42662, q10 0.44516], MS 2.23523, Freq 0.00000, L1 1.96749, Spectral 0.37490, Gradient 0.65033)
2026-07-28 19:20:41,489 INFO Epoch 24 | Coverage q10/q50/q90 = 0.075/0.489/0.907 (nominal .10/.50/.90) | extreme tail = 0.114/0.467/0.853
2026-07-28 19:21:03,474 INFO Epoch 25 | Batch 50/1186 | Loss 2.53239 (Pin 0.89986 [q90 0.43844, q10 0.46142], MS 1.63253, Freq 0.00000, L1 2.02018, Spectral 0.40674, Gradient 0.70630) | LR 1.00e-05
2026-07-28 19:21:25,223 INFO Epoch 25 | Batch 100/1186 | Loss 2.63972 (Pin 0.95784 [q90 0.46928, q10 0.48856], MS 1.68188, Freq 0.00000, L1 2.09197, Spectral 0.38825, Gradient 0.68229) | LR 1.00e-05
2026-07-28 19:21:46,984 INFO Epoch 25 | Batch 150/1186 | Loss 2.56099 (Pin 0.91110 [q90 0.44854, q10 0.46256], MS 1.64989, Freq 0.00000, L1 2.03135, Spectral 0.39653, Gradient 0.67827) | LR 1.00e-05
2026-07-28 19:22:08,749 INFO Epoch 25 | Batch 200/1186 | Loss 2.56090 (Pin 0.93499 [q90 0.45504, q10 0.47995], MS 1.62591, Freq 0.00000, L1 2.03056, Spectral 0.37934, Gradient 0.65853) | LR 1.00e-05
2026-07-28 19:22:30,498 INFO Epoch 25 | Batch 250/1186 | Loss 2.72402 (Pin 0.89786 [q90 0.43679, q10 0.46106], MS 1.82616, Freq 0.00000, L1 1.98594, Spectral 0.40112, Gradient 0.68785) | LR 1.00e-05
2026-07-28 19:22:52,253 INFO Epoch 25 | Batch 300/1186 | Loss 2.60395 (Pin 0.95160 [q90 0.45658, q10 0.49502], MS 1.65235, Freq 0.00000, L1 2.10572, Spectral 0.41044, Gradient 0.71326) | LR 1.00e-05
2026-07-28 19:23:14,012 INFO Epoch 25 | Batch 350/1186 | Loss 2.61804 (Pin 0.92808 [q90 0.45548, q10 0.47260], MS 1.68996, Freq 0.00000, L1 2.07581, Spectral 0.41063, Gradient 0.71201) | LR 1.00e-05
2026-07-28 19:23:35,770 INFO Epoch 25 | Batch 400/1186 | Loss 2.58829 (Pin 0.90823 [q90 0.44123, q10 0.46700], MS 1.68006, Freq 0.00000, L1 2.02708, Spectral 0.41455, Gradient 0.70855) | LR 1.00e-05
2026-07-28 19:23:57,525 INFO Epoch 25 | Batch 450/1186 | Loss 2.55215 (Pin 0.88571 [q90 0.43113, q10 0.45459], MS 1.66644, Freq 0.00000, L1 2.00395, Spectral 0.40792, Gradient 0.70671) | LR 1.00e-05
2026-07-28 19:24:19,284 INFO Epoch 25 | Batch 500/1186 | Loss 2.49575 (Pin 0.89704 [q90 0.43109, q10 0.46595], MS 1.59871, Freq 0.00000, L1 2.00944, Spectral 0.39304, Gradient 0.67982) | LR 1.00e-05
2026-07-28 19:24:41,016 INFO Epoch 25 | Batch 550/1186 | Loss 2.49289 (Pin 0.91188 [q90 0.44461, q10 0.46727], MS 1.58101, Freq 0.00000, L1 2.00979, Spectral 0.36812, Gradient 0.64811) | LR 1.00e-05
2026-07-28 19:25:02,776 INFO Epoch 25 | Batch 600/1186 | Loss 2.54109 (Pin 0.90273 [q90 0.43629, q10 0.46644], MS 1.63836, Freq 0.00000, L1 1.99572, Spectral 0.38439, Gradient 0.66845) | LR 1.00e-05
2026-07-28 19:25:24,535 INFO Epoch 25 | Batch 650/1186 | Loss 2.54211 (Pin 0.90931 [q90 0.44464, q10 0.46467], MS 1.63279, Freq 0.00000, L1 2.04788, Spectral 0.39894, Gradient 0.69662) | LR 1.00e-05
2026-07-28 19:25:46,291 INFO Epoch 25 | Batch 700/1186 | Loss 2.56790 (Pin 0.95640 [q90 0.46171, q10 0.49468], MS 1.61150, Freq 0.00000, L1 2.09256, Spectral 0.37862, Gradient 0.66237) | LR 1.00e-05
2026-07-28 19:26:08,054 INFO Epoch 25 | Batch 750/1186 | Loss 2.56669 (Pin 0.90933 [q90 0.44486, q10 0.46447], MS 1.65736, Freq 0.00000, L1 2.04024, Spectral 0.39701, Gradient 0.69547) | LR 1.00e-05
2026-07-28 19:26:29,808 INFO Epoch 25 | Batch 800/1186 | Loss 2.60757 (Pin 0.95318 [q90 0.46659, q10 0.48659], MS 1.65439, Freq 0.00000, L1 2.07491, Spectral 0.40733, Gradient 0.70554) | LR 1.00e-05
2026-07-28 19:26:51,567 INFO Epoch 25 | Batch 850/1186 | Loss 2.57914 (Pin 0.92139 [q90 0.45443, q10 0.46696], MS 1.65775, Freq 0.00000, L1 2.02694, Spectral 0.38181, Gradient 0.67460) | LR 1.00e-05
2026-07-28 19:27:13,323 INFO Epoch 25 | Batch 900/1186 | Loss 2.59818 (Pin 0.93983 [q90 0.45936, q10 0.48047], MS 1.65834, Freq 0.00000, L1 2.06476, Spectral 0.39719, Gradient 0.69015) | LR 1.00e-05
2026-07-28 19:27:35,075 INFO Epoch 25 | Batch 950/1186 | Loss 2.64900 (Pin 0.95773 [q90 0.46964, q10 0.48808], MS 1.69127, Freq 0.00000, L1 2.09006, Spectral 0.40497, Gradient 0.70461) | LR 1.00e-05
2026-07-28 19:27:56,837 INFO Epoch 25 | Batch 1000/1186 | Loss 2.58443 (Pin 0.92048 [q90 0.44692, q10 0.47355], MS 1.66395, Freq 0.00000, L1 2.02670, Spectral 0.39666, Gradient 0.68384) | LR 1.00e-05
2026-07-28 19:28:18,595 INFO Epoch 25 | Batch 1050/1186 | Loss 2.56469 (Pin 0.92856 [q90 0.45041, q10 0.47815], MS 1.63612, Freq 0.00000, L1 2.05663, Spectral 0.41312, Gradient 0.70249) | LR 1.00e-05
2026-07-28 19:28:40,346 INFO Epoch 25 | Batch 1100/1186 | Loss 2.48102 (Pin 0.89053 [q90 0.43653, q10 0.45400], MS 1.59049, Freq 0.00000, L1 1.96964, Spectral 0.39510, Gradient 0.68156) | LR 1.00e-05
2026-07-28 19:29:02,103 INFO Epoch 25 | Batch 1150/1186 | Loss 2.47103 (Pin 0.91495 [q90 0.44975, q10 0.46521], MS 1.55608, Freq 0.00000, L1 2.03315, Spectral 0.39941, Gradient 0.68965) | LR 1.00e-05
2026-07-28 19:29:53,808 INFO Epoch 25 | Val Loss 3.16239 (Pin 0.87013 [q90 0.42651, q10 0.44362], MS 2.29226, Freq 0.00000, L1 1.96451, Spectral 0.37515, Gradient 0.65379)
2026-07-28 19:29:53,809 INFO Epoch 25 | Coverage q10/q50/q90 = 0.088/0.497/0.906 (nominal .10/.50/.90) | extreme tail = 0.118/0.473/0.862
2026-07-28 19:30:15,812 INFO Epoch 26 | Batch 50/1186 | Loss 2.62288 (Pin 0.93024 [q90 0.45058, q10 0.47966], MS 1.69264, Freq 0.00000, L1 2.05134, Spectral 0.39651, Gradient 0.68709) | LR 1.00e-05
2026-07-28 19:30:37,567 INFO Epoch 26 | Batch 100/1186 | Loss 2.47175 (Pin 0.88770 [q90 0.43387, q10 0.45383], MS 1.58405, Freq 0.00000, L1 1.96841, Spectral 0.37369, Gradient 0.65630) | LR 1.00e-05
2026-07-28 19:30:59,311 INFO Epoch 26 | Batch 150/1186 | Loss 2.61572 (Pin 0.91582 [q90 0.44975, q10 0.46607], MS 1.69990, Freq 0.00000, L1 2.04781, Spectral 0.40316, Gradient 0.69565) | LR 1.00e-05
2026-07-28 19:31:21,076 INFO Epoch 26 | Batch 200/1186 | Loss 2.56026 (Pin 0.93485 [q90 0.45878, q10 0.47606], MS 1.62541, Freq 0.00000, L1 2.05465, Spectral 0.39674, Gradient 0.68705) | LR 1.00e-05
2026-07-28 19:31:42,832 INFO Epoch 26 | Batch 250/1186 | Loss 2.66059 (Pin 0.93964 [q90 0.45013, q10 0.48951], MS 1.72095, Freq 0.00000, L1 2.07924, Spectral 0.41043, Gradient 0.71055) | LR 1.00e-05
2026-07-28 19:32:04,576 INFO Epoch 26 | Batch 300/1186 | Loss 2.49976 (Pin 0.90838 [q90 0.44214, q10 0.46624], MS 1.59138, Freq 0.00000, L1 2.01787, Spectral 0.39063, Gradient 0.67632) | LR 1.00e-05
2026-07-28 19:32:26,329 INFO Epoch 26 | Batch 350/1186 | Loss 2.60515 (Pin 0.95843 [q90 0.46562, q10 0.49281], MS 1.64671, Freq 0.00000, L1 2.09527, Spectral 0.38778, Gradient 0.67956) | LR 1.00e-05
2026-07-28 19:32:48,089 INFO Epoch 26 | Batch 400/1186 | Loss 2.68756 (Pin 0.94967 [q90 0.46505, q10 0.48462], MS 1.73788, Freq 0.00000, L1 2.07307, Spectral 0.40242, Gradient 0.69503) | LR 1.00e-05
2026-07-28 19:33:09,840 INFO Epoch 26 | Batch 450/1186 | Loss 2.50688 (Pin 0.90934 [q90 0.44627, q10 0.46307], MS 1.59755, Freq 0.00000, L1 2.01581, Spectral 0.39701, Gradient 0.68700) | LR 1.00e-05
2026-07-28 19:33:31,589 INFO Epoch 26 | Batch 500/1186 | Loss 2.54777 (Pin 0.92841 [q90 0.45474, q10 0.47367], MS 1.61936, Freq 0.00000, L1 2.04828, Spectral 0.38967, Gradient 0.67814) | LR 1.00e-05
2026-07-28 19:33:53,343 INFO Epoch 26 | Batch 550/1186 | Loss 2.43744 (Pin 0.90295 [q90 0.43798, q10 0.46497], MS 1.53449, Freq 0.00000, L1 2.02114, Spectral 0.40608, Gradient 0.70518) | LR 1.00e-05
2026-07-28 19:34:15,099 INFO Epoch 26 | Batch 600/1186 | Loss 2.62468 (Pin 0.95603 [q90 0.46362, q10 0.49241], MS 1.66865, Freq 0.00000, L1 2.08965, Spectral 0.40961, Gradient 0.70627) | LR 1.00e-05
2026-07-28 19:34:36,849 INFO Epoch 26 | Batch 650/1186 | Loss 2.64442 (Pin 0.92961 [q90 0.45071, q10 0.47890], MS 1.71481, Freq 0.00000, L1 2.03395, Spectral 0.39811, Gradient 0.68382) | LR 1.00e-05
2026-07-28 19:34:58,599 INFO Epoch 26 | Batch 700/1186 | Loss 2.45144 (Pin 0.90945 [q90 0.44908, q10 0.46037], MS 1.54199, Freq 0.00000, L1 2.00343, Spectral 0.37941, Gradient 0.66139) | LR 1.00e-05
2026-07-28 19:35:20,354 INFO Epoch 26 | Batch 750/1186 | Loss 2.48929 (Pin 0.91267 [q90 0.43940, q10 0.47327], MS 1.57662, Freq 0.00000, L1 2.04369, Spectral 0.40482, Gradient 0.70460) | LR 1.00e-05
2026-07-28 19:35:42,102 INFO Epoch 26 | Batch 800/1186 | Loss 2.42444 (Pin 0.88537 [q90 0.43751, q10 0.44786], MS 1.53907, Freq 0.00000, L1 1.96920, Spectral 0.40010, Gradient 0.69004) | LR 1.00e-05
2026-07-28 19:36:03,858 INFO Epoch 26 | Batch 850/1186 | Loss 2.57631 (Pin 0.88866 [q90 0.43538, q10 0.45328], MS 1.68765, Freq 0.00000, L1 1.98007, Spectral 0.42001, Gradient 0.71056) | LR 1.00e-05
2026-07-28 19:36:25,609 INFO Epoch 26 | Batch 900/1186 | Loss 2.57403 (Pin 0.93371 [q90 0.45598, q10 0.47773], MS 1.64032, Freq 0.00000, L1 2.05584, Spectral 0.41622, Gradient 0.70963) | LR 1.00e-05
2026-07-28 19:36:47,369 INFO Epoch 26 | Batch 950/1186 | Loss 2.60637 (Pin 0.92416 [q90 0.45048, q10 0.47368], MS 1.68221, Freq 0.00000, L1 2.05013, Spectral 0.39150, Gradient 0.68146) | LR 1.00e-05
2026-07-28 19:37:09,118 INFO Epoch 26 | Batch 1000/1186 | Loss 2.46043 (Pin 0.89172 [q90 0.43593, q10 0.45579], MS 1.56871, Freq 0.00000, L1 1.99371, Spectral 0.36362, Gradient 0.63818) | LR 1.00e-05
2026-07-28 19:37:30,873 INFO Epoch 26 | Batch 1050/1186 | Loss 2.57197 (Pin 0.92769 [q90 0.44791, q10 0.47978], MS 1.64428, Freq 0.00000, L1 2.05355, Spectral 0.40640, Gradient 0.70023) | LR 1.00e-05
2026-07-28 19:37:52,623 INFO Epoch 26 | Batch 1100/1186 | Loss 2.50252 (Pin 0.90895 [q90 0.44055, q10 0.46841], MS 1.59357, Freq 0.00000, L1 2.00675, Spectral 0.41059, Gradient 0.69792) | LR 1.00e-05
2026-07-28 19:38:14,380 INFO Epoch 26 | Batch 1150/1186 | Loss 2.71033 (Pin 0.93123 [q90 0.45500, q10 0.47623], MS 1.77911, Freq 0.00000, L1 2.05714, Spectral 0.41304, Gradient 0.70960) | LR 1.00e-05
2026-07-28 19:39:06,044 INFO Epoch 26 | Val Loss 3.08459 (Pin 0.86918 [q90 0.42561, q10 0.44357], MS 2.21541, Freq 0.00000, L1 1.97161, Spectral 0.37018, Gradient 0.64596)
2026-07-28 19:39:06,044 INFO Epoch 26 | Coverage q10/q50/q90 = 0.078/0.485/0.903 (nominal .10/.50/.90) | extreme tail = 0.116/0.459/0.860
2026-07-28 19:39:06,375 INFO New best val loss: 3.08459 (saved checkpoints/best.pth)
2026-07-28 19:39:28,202 INFO Epoch 27 | Batch 50/1186 | Loss 2.66431 (Pin 0.95627 [q90 0.46002, q10 0.49626], MS 1.70804, Freq 0.00000, L1 2.11449, Spectral 0.40299, Gradient 0.69519) | LR 1.00e-05
2026-07-28 19:39:49,955 INFO Epoch 27 | Batch 100/1186 | Loss 2.52202 (Pin 0.91331 [q90 0.44576, q10 0.46755], MS 1.60871, Freq 0.00000, L1 2.02764, Spectral 0.40341, Gradient 0.69296) | LR 1.00e-05
2026-07-28 19:40:11,714 INFO Epoch 27 | Batch 150/1186 | Loss 2.43984 (Pin 0.90810 [q90 0.44370, q10 0.46440], MS 1.53174, Freq 0.00000, L1 2.00038, Spectral 0.38802, Gradient 0.66900) | LR 1.00e-05
2026-07-28 19:40:33,473 INFO Epoch 27 | Batch 200/1186 | Loss 2.53736 (Pin 0.90870 [q90 0.44167, q10 0.46703], MS 1.62866, Freq 0.00000, L1 2.02163, Spectral 0.40731, Gradient 0.69074) | LR 1.00e-05
2026-07-28 19:40:55,225 INFO Epoch 27 | Batch 250/1186 | Loss 2.49924 (Pin 0.90416 [q90 0.44138, q10 0.46278], MS 1.59508, Freq 0.00000, L1 2.00718, Spectral 0.41120, Gradient 0.70661) | LR 1.00e-05
2026-07-28 19:41:16,986 INFO Epoch 27 | Batch 300/1186 | Loss 2.62619 (Pin 0.92605 [q90 0.44955, q10 0.47651], MS 1.70013, Freq 0.00000, L1 2.03944, Spectral 0.40990, Gradient 0.70367) | LR 1.00e-05
2026-07-28 19:41:38,747 INFO Epoch 27 | Batch 350/1186 | Loss 2.66363 (Pin 0.96298 [q90 0.47413, q10 0.48886], MS 1.70065, Freq 0.00000, L1 2.10843, Spectral 0.39913, Gradient 0.69045) | LR 1.00e-05
2026-07-28 19:42:00,504 INFO Epoch 27 | Batch 400/1186 | Loss 2.52611 (Pin 0.90480 [q90 0.44584, q10 0.45896], MS 1.62131, Freq 0.00000, L1 1.98930, Spectral 0.37225, Gradient 0.65705) | LR 1.00e-05
2026-07-28 19:42:22,249 INFO Epoch 27 | Batch 450/1186 | Loss 2.53293 (Pin 0.90501 [q90 0.43572, q10 0.46930], MS 1.62792, Freq 0.00000, L1 1.98946, Spectral 0.39976, Gradient 0.68233) | LR 1.00e-05
2026-07-28 19:42:44,011 INFO Epoch 27 | Batch 500/1186 | Loss 2.43579 (Pin 0.86461 [q90 0.42593, q10 0.43868], MS 1.57118, Freq 0.00000, L1 1.95480, Spectral 0.39256, Gradient 0.68040) | LR 1.00e-05
2026-07-28 19:43:05,761 INFO Epoch 27 | Batch 550/1186 | Loss 2.58666 (Pin 0.95077 [q90 0.46281, q10 0.48795], MS 1.63590, Freq 0.00000, L1 2.06721, Spectral 0.39443, Gradient 0.68765) | LR 1.00e-05
2026-07-28 19:43:27,519 INFO Epoch 27 | Batch 600/1186 | Loss 2.55129 (Pin 0.94039 [q90 0.45855, q10 0.48184], MS 1.61090, Freq 0.00000, L1 2.06655, Spectral 0.39114, Gradient 0.68456) | LR 1.00e-05
2026-07-28 19:43:49,277 INFO Epoch 27 | Batch 650/1186 | Loss 2.52850 (Pin 0.92054 [q90 0.44622, q10 0.47432], MS 1.60796, Freq 0.00000, L1 2.04610, Spectral 0.39727, Gradient 0.69473) | LR 1.00e-05
2026-07-28 19:44:11,029 INFO Epoch 27 | Batch 700/1186 | Loss 2.53226 (Pin 0.92130 [q90 0.45381, q10 0.46748], MS 1.61097, Freq 0.00000, L1 2.05338, Spectral 0.40618, Gradient 0.70220) | LR 1.00e-05
2026-07-28 19:44:32,788 INFO Epoch 27 | Batch 750/1186 | Loss 2.57795 (Pin 0.92269 [q90 0.44870, q10 0.47398], MS 1.65527, Freq 0.00000, L1 2.05368, Spectral 0.39754, Gradient 0.68846) | LR 1.00e-05
2026-07-28 19:44:54,535 INFO Epoch 27 | Batch 800/1186 | Loss 2.58915 (Pin 0.92190 [q90 0.44896, q10 0.47294], MS 1.66725, Freq 0.00000, L1 2.02354, Spectral 0.39955, Gradient 0.68861) | LR 1.00e-05
2026-07-28 19:45:16,275 INFO Epoch 27 | Batch 850/1186 | Loss 2.49998 (Pin 0.93473 [q90 0.45207, q10 0.48267], MS 1.56525, Freq 0.00000, L1 2.03580, Spectral 0.39156, Gradient 0.68303) | LR 1.00e-05
2026-07-28 19:45:38,022 INFO Epoch 27 | Batch 900/1186 | Loss 2.60178 (Pin 0.90629 [q90 0.44010, q10 0.46619], MS 1.69549, Freq 0.00000, L1 2.02130, Spectral 0.38998, Gradient 0.67619) | LR 1.00e-05
2026-07-28 19:45:59,780 INFO Epoch 27 | Batch 950/1186 | Loss 2.55665 (Pin 0.90699 [q90 0.43627, q10 0.47072], MS 1.64966, Freq 0.00000, L1 2.00224, Spectral 0.39992, Gradient 0.68531) | LR 1.00e-05
2026-07-28 19:46:21,533 INFO Epoch 27 | Batch 1000/1186 | Loss 2.56165 (Pin 0.90135 [q90 0.43590, q10 0.46545], MS 1.66030, Freq 0.00000, L1 1.99518, Spectral 0.39616, Gradient 0.68243) | LR 1.00e-05
2026-07-28 19:46:43,286 INFO Epoch 27 | Batch 1050/1186 | Loss 2.55282 (Pin 0.87459 [q90 0.42696, q10 0.44763], MS 1.67823, Freq 0.00000, L1 1.97838, Spectral 0.38543, Gradient 0.66833) | LR 1.00e-05
2026-07-28 19:47:05,032 INFO Epoch 27 | Batch 1100/1186 | Loss 2.62371 (Pin 0.96873 [q90 0.47247, q10 0.49626], MS 1.65499, Freq 0.00000, L1 2.13730, Spectral 0.41551, Gradient 0.71539) | LR 1.00e-05
2026-07-28 19:47:26,789 INFO Epoch 27 | Batch 1150/1186 | Loss 2.51800 (Pin 0.91860 [q90 0.44908, q10 0.46952], MS 1.59939, Freq 0.00000, L1 2.03800, Spectral 0.39450, Gradient 0.68507) | LR 1.00e-05
2026-07-28 19:48:18,862 INFO Epoch 27 | Val Loss 3.12261 (Pin 0.86969 [q90 0.42574, q10 0.44396], MS 2.25292, Freq 0.00000, L1 1.93886, Spectral 0.36939, Gradient 0.63787)
2026-07-28 19:48:18,862 INFO Epoch 27 | Coverage q10/q50/q90 = 0.075/0.492/0.903 (nominal .10/.50/.90) | extreme tail = 0.117/0.473/0.853
2026-07-28 19:48:40,856 INFO Epoch 28 | Batch 50/1186 | Loss 2.54901 (Pin 0.91747 [q90 0.44263, q10 0.47483], MS 1.63154, Freq 0.00000, L1 2.01505, Spectral 0.37867, Gradient 0.66266) | LR 1.00e-05
2026-07-28 19:49:02,616 INFO Epoch 28 | Batch 100/1186 | Loss 2.53449 (Pin 0.90821 [q90 0.44165, q10 0.46657], MS 1.62628, Freq 0.00000, L1 2.03672, Spectral 0.41289, Gradient 0.71627) | LR 1.00e-05
2026-07-28 19:49:24,364 INFO Epoch 28 | Batch 150/1186 | Loss 2.49613 (Pin 0.88374 [q90 0.43419, q10 0.44955], MS 1.61239, Freq 0.00000, L1 1.96266, Spectral 0.38167, Gradient 0.67243) | LR 1.00e-05
2026-07-28 19:49:46,121 INFO Epoch 28 | Batch 200/1186 | Loss 2.62380 (Pin 0.95650 [q90 0.46537, q10 0.49113], MS 1.66729, Freq 0.00000, L1 2.07832, Spectral 0.39814, Gradient 0.68203) | LR 1.00e-05
2026-07-28 19:50:07,876 INFO Epoch 28 | Batch 250/1186 | Loss 2.56462 (Pin 0.95888 [q90 0.46616, q10 0.49272], MS 1.60575, Freq 0.00000, L1 2.09766, Spectral 0.39698, Gradient 0.69132) | LR 1.00e-05
2026-07-28 19:50:29,626 INFO Epoch 28 | Batch 300/1186 | Loss 2.52068 (Pin 0.90553 [q90 0.43971, q10 0.46583], MS 1.61514, Freq 0.00000, L1 2.00280, Spectral 0.39134, Gradient 0.68378) | LR 1.00e-05
2026-07-28 19:50:51,389 INFO Epoch 28 | Batch 350/1186 | Loss 2.64952 (Pin 0.92132 [q90 0.45810, q10 0.46322], MS 1.72820, Freq 0.00000, L1 2.04339, Spectral 0.39590, Gradient 0.68385) | LR 1.00e-05
2026-07-28 19:51:13,146 INFO Epoch 28 | Batch 400/1186 | Loss 2.59045 (Pin 0.93296 [q90 0.45520, q10 0.47776], MS 1.65749, Freq 0.00000, L1 2.08362, Spectral 0.40768, Gradient 0.70216) | LR 1.00e-05
2026-07-28 19:51:34,907 INFO Epoch 28 | Batch 450/1186 | Loss 2.53349 (Pin 0.90658 [q90 0.44135, q10 0.46524], MS 1.62691, Freq 0.00000, L1 2.01226, Spectral 0.41290, Gradient 0.70409) | LR 1.00e-05
2026-07-28 19:51:56,650 INFO Epoch 28 | Batch 500/1186 | Loss 2.51818 (Pin 0.94071 [q90 0.46311, q10 0.47760], MS 1.57747, Freq 0.00000, L1 2.06454, Spectral 0.39675, Gradient 0.68772) | LR 1.00e-05
2026-07-28 19:52:18,407 INFO Epoch 28 | Batch 550/1186 | Loss 2.52631 (Pin 0.92564 [q90 0.44322, q10 0.48243], MS 1.60066, Freq 0.00000, L1 2.04647, Spectral 0.40404, Gradient 0.69334) | LR 1.00e-05
2026-07-28 19:52:40,157 INFO Epoch 28 | Batch 600/1186 | Loss 2.47078 (Pin 0.89328 [q90 0.43529, q10 0.45799], MS 1.57750, Freq 0.00000, L1 1.99599, Spectral 0.40540, Gradient 0.69505) | LR 1.00e-05
2026-07-28 19:53:01,900 INFO Epoch 28 | Batch 650/1186 | Loss 2.54670 (Pin 0.93219 [q90 0.45230, q10 0.47988], MS 1.61452, Freq 0.00000, L1 2.03891, Spectral 0.39442, Gradient 0.68804) | LR 1.00e-05
2026-07-28 19:53:23,648 INFO Epoch 28 | Batch 700/1186 | Loss 2.55382 (Pin 0.90277 [q90 0.44092, q10 0.46185], MS 1.65105, Freq 0.00000, L1 2.02961, Spectral 0.40211, Gradient 0.69529) | LR 1.00e-05
2026-07-28 19:53:45,380 INFO Epoch 28 | Batch 750/1186 | Loss 2.53399 (Pin 0.91318 [q90 0.44059, q10 0.47259], MS 1.62081, Freq 0.00000, L1 2.02844, Spectral 0.38902, Gradient 0.68283) | LR 1.00e-05
2026-07-28 19:54:07,145 INFO Epoch 28 | Batch 800/1186 | Loss 2.48288 (Pin 0.89350 [q90 0.43261, q10 0.46089], MS 1.58938, Freq 0.00000, L1 1.99915, Spectral 0.39825, Gradient 0.68668) | LR 1.00e-05
2026-07-28 19:54:28,893 INFO Epoch 28 | Batch 850/1186 | Loss 2.65182 (Pin 0.90350 [q90 0.44004, q10 0.46347], MS 1.74832, Freq 0.00000, L1 1.99986, Spectral 0.40349, Gradient 0.68803) | LR 1.00e-05
2026-07-28 19:54:50,640 INFO Epoch 28 | Batch 900/1186 | Loss 2.52823 (Pin 0.90019 [q90 0.43287, q10 0.46732], MS 1.62803, Freq 0.00000, L1 1.99882, Spectral 0.40149, Gradient 0.69618) | LR 1.00e-05
2026-07-28 19:55:12,407 INFO Epoch 28 | Batch 950/1186 | Loss 2.50431 (Pin 0.91904 [q90 0.45100, q10 0.46804], MS 1.58527, Freq 0.00000, L1 2.03043, Spectral 0.38986, Gradient 0.67269) | LR 1.00e-05
2026-07-28 19:55:34,176 INFO Epoch 28 | Batch 1000/1186 | Loss 2.56018 (Pin 0.94019 [q90 0.46561, q10 0.47458], MS 1.61999, Freq 0.00000, L1 2.04999, Spectral 0.39300, Gradient 0.67929) | LR 1.00e-05
2026-07-28 19:55:55,939 INFO Epoch 28 | Batch 1050/1186 | Loss 2.51443 (Pin 0.93100 [q90 0.45283, q10 0.47817], MS 1.58343, Freq 0.00000, L1 2.02290, Spectral 0.39486, Gradient 0.68017) | LR 1.00e-05
2026-07-28 19:56:17,699 INFO Epoch 28 | Batch 1100/1186 | Loss 2.55700 (Pin 0.91264 [q90 0.44961, q10 0.46303], MS 1.64436, Freq 0.00000, L1 1.99592, Spectral 0.39144, Gradient 0.67086) | LR 1.00e-05
2026-07-28 19:56:39,437 INFO Epoch 28 | Batch 1150/1186 | Loss 2.66463 (Pin 0.95212 [q90 0.46114, q10 0.49097], MS 1.71251, Freq 0.00000, L1 2.08966, Spectral 0.38428, Gradient 0.67888) | LR 1.00e-05
2026-07-28 19:57:30,809 INFO Epoch 28 | Val Loss 3.06251 (Pin 0.86969 [q90 0.42510, q10 0.44459], MS 2.19282, Freq 0.00000, L1 1.92974, Spectral 0.37082, Gradient 0.63807)
2026-07-28 19:57:30,809 INFO Epoch 28 | Coverage q10/q50/q90 = 0.075/0.485/0.901 (nominal .10/.50/.90) | extreme tail = 0.115/0.466/0.850
2026-07-28 19:57:31,259 INFO New best val loss: 3.06251 (saved checkpoints/best.pth)
2026-07-28 19:57:53,072 INFO Epoch 29 | Batch 50/1186 | Loss 2.45894 (Pin 0.89800 [q90 0.43818, q10 0.45982], MS 1.56094, Freq 0.00000, L1 1.98515, Spectral 0.39324, Gradient 0.67287) | LR 1.00e-05
2026-07-28 19:58:14,818 INFO Epoch 29 | Batch 100/1186 | Loss 2.54979 (Pin 0.93791 [q90 0.45264, q10 0.48527], MS 1.61188, Freq 0.00000, L1 2.07920, Spectral 0.40650, Gradient 0.69970) | LR 1.00e-05
2026-07-28 19:58:36,564 INFO Epoch 29 | Batch 150/1186 | Loss 2.61022 (Pin 0.92692 [q90 0.45680, q10 0.47012], MS 1.68330, Freq 0.00000, L1 2.03072, Spectral 0.39823, Gradient 0.69355) | LR 1.00e-05
2026-07-28 19:58:58,324 INFO Epoch 29 | Batch 200/1186 | Loss 2.61497 (Pin 0.93153 [q90 0.45016, q10 0.48137], MS 1.68344, Freq 0.00000, L1 2.04875, Spectral 0.40945, Gradient 0.70342) | LR 1.00e-05
2026-07-28 19:59:20,070 INFO Epoch 29 | Batch 250/1186 | Loss 2.39870 (Pin 0.85945 [q90 0.41770, q10 0.44175], MS 1.53925, Freq 0.00000, L1 1.91441, Spectral 0.38464, Gradient 0.66019) | LR 1.00e-05
2026-07-28 19:59:41,810 INFO Epoch 29 | Batch 300/1186 | Loss 2.61866 (Pin 0.90493 [q90 0.44249, q10 0.46243], MS 1.71374, Freq 0.00000, L1 2.00893, Spectral 0.39697, Gradient 0.68243) | LR 1.00e-05
2026-07-28 20:00:03,559 INFO Epoch 29 | Batch 350/1186 | Loss 2.52795 (Pin 0.90407 [q90 0.44367, q10 0.46040], MS 1.62388, Freq 0.00000, L1 2.01924, Spectral 0.40727, Gradient 0.69755) | LR 1.00e-05
2026-07-28 20:00:25,316 INFO Epoch 29 | Batch 400/1186 | Loss 2.49842 (Pin 0.92021 [q90 0.44764, q10 0.47257], MS 1.57820, Freq 0.00000, L1 2.05227, Spectral 0.38527, Gradient 0.67645) | LR 1.00e-05
2026-07-28 20:00:47,084 INFO Epoch 29 | Batch 450/1186 | Loss 2.59072 (Pin 0.96220 [q90 0.47201, q10 0.49019], MS 1.62852, Freq 0.00000, L1 2.10137, Spectral 0.37815, Gradient 0.67660) | LR 1.00e-05
2026-07-28 20:01:08,845 INFO Epoch 29 | Batch 500/1186 | Loss 2.48560 (Pin 0.92304 [q90 0.45168, q10 0.47136], MS 1.56256, Freq 0.00000, L1 2.04471, Spectral 0.39218, Gradient 0.68545) | LR 1.00e-05
2026-07-28 20:01:30,605 INFO Epoch 29 | Batch 550/1186 | Loss 2.48898 (Pin 0.93061 [q90 0.45599, q10 0.47462], MS 1.55837, Freq 0.00000, L1 2.04954, Spectral 0.40138, Gradient 0.68912) | LR 1.00e-05
2026-07-28 20:01:52,354 INFO Epoch 29 | Batch 600/1186 | Loss 2.64418 (Pin 0.94736 [q90 0.45644, q10 0.49092], MS 1.69682, Freq 0.00000, L1 2.07468, Spectral 0.39250, Gradient 0.68162) | LR 1.00e-05
2026-07-28 20:02:14,118 INFO Epoch 29 | Batch 650/1186 | Loss 2.51399 (Pin 0.89420 [q90 0.43131, q10 0.46290], MS 1.61978, Freq 0.00000, L1 2.01503, Spectral 0.42089, Gradient 0.70958) | LR 1.00e-05
2026-07-28 20:02:35,867 INFO Epoch 29 | Batch 700/1186 | Loss 2.65358 (Pin 0.94777 [q90 0.46312, q10 0.48465], MS 1.70581, Freq 0.00000, L1 2.08499, Spectral 0.40000, Gradient 0.68986) | LR 1.00e-05
2026-07-28 20:02:57,625 INFO Epoch 29 | Batch 750/1186 | Loss 2.46288 (Pin 0.91409 [q90 0.44700, q10 0.46709], MS 1.54879, Freq 0.00000, L1 2.00889, Spectral 0.40502, Gradient 0.68893) | LR 1.00e-05
2026-07-28 20:03:19,377 INFO Epoch 29 | Batch 800/1186 | Loss 2.47643 (Pin 0.89616 [q90 0.44277, q10 0.45339], MS 1.58027, Freq 0.00000, L1 1.98966, Spectral 0.39592, Gradient 0.68155) | LR 1.00e-05
2026-07-28 20:03:41,126 INFO Epoch 29 | Batch 850/1186 | Loss 2.53610 (Pin 0.91008 [q90 0.44241, q10 0.46767], MS 1.62602, Freq 0.00000, L1 2.03805, Spectral 0.39542, Gradient 0.67878) | LR 1.00e-05
2026-07-28 20:04:02,884 INFO Epoch 29 | Batch 900/1186 | Loss 2.70985 (Pin 0.93150 [q90 0.46677, q10 0.46473], MS 1.77834, Freq 0.00000, L1 2.03823, Spectral 0.39104, Gradient 0.68693) | LR 1.00e-05
2026-07-28 20:04:24,635 INFO Epoch 29 | Batch 950/1186 | Loss 2.47616 (Pin 0.89619 [q90 0.43323, q10 0.46296], MS 1.57997, Freq 0.00000, L1 1.97333, Spectral 0.37636, Gradient 0.65168) | LR 1.00e-05
2026-07-28 20:04:46,382 INFO Epoch 29 | Batch 1000/1186 | Loss 2.50419 (Pin 0.89960 [q90 0.43811, q10 0.46149], MS 1.60459, Freq 0.00000, L1 2.03099, Spectral 0.42012, Gradient 0.71858) | LR 1.00e-05
2026-07-28 20:05:08,134 INFO Epoch 29 | Batch 1050/1186 | Loss 2.56816 (Pin 0.92229 [q90 0.45383, q10 0.46846], MS 1.64587, Freq 0.00000, L1 2.01877, Spectral 0.39640, Gradient 0.68426) | LR 1.00e-05
2026-07-28 20:05:29,879 INFO Epoch 29 | Batch 1100/1186 | Loss 2.63190 (Pin 0.96531 [q90 0.45686, q10 0.50845], MS 1.66659, Freq 0.00000, L1 2.08665, Spectral 0.39107, Gradient 0.67984) | LR 1.00e-05
2026-07-28 20:05:51,630 INFO Epoch 29 | Batch 1150/1186 | Loss 2.59329 (Pin 0.93537 [q90 0.45247, q10 0.48289], MS 1.65792, Freq 0.00000, L1 2.06245, Spectral 0.38281, Gradient 0.66892) | LR 1.00e-05
2026-07-28 20:06:43,663 INFO Epoch 29 | Val Loss 3.07306 (Pin 0.86768 [q90 0.42504, q10 0.44264], MS 2.20538, Freq 0.00000, L1 1.93886, Spectral 0.36253, Gradient 0.62631)
2026-07-28 20:06:43,663 INFO Epoch 29 | Coverage q10/q50/q90 = 0.079/0.489/0.903 (nominal .10/.50/.90) | extreme tail = 0.115/0.465/0.858
2026-07-28 20:07:05,719 INFO Epoch 30 | Batch 50/1186 | Loss 2.45946 (Pin 0.89299 [q90 0.43626, q10 0.45673], MS 1.56646, Freq 0.00000, L1 1.98774, Spectral 0.41042, Gradient 0.70081) | LR 1.00e-05
2026-07-28 20:07:27,472 INFO Epoch 30 | Batch 100/1186 | Loss 2.43854 (Pin 0.89807 [q90 0.43327, q10 0.46480], MS 1.54047, Freq 0.00000, L1 1.98787, Spectral 0.38559, Gradient 0.66683) | LR 1.00e-05
2026-07-28 20:07:49,205 INFO Epoch 30 | Batch 150/1186 | Loss 2.55208 (Pin 0.92794 [q90 0.44582, q10 0.48212], MS 1.62414, Freq 0.00000, L1 2.05246, Spectral 0.39569, Gradient 0.68483) | LR 1.00e-05
2026-07-28 20:08:10,944 INFO Epoch 30 | Batch 200/1186 | Loss 2.60133 (Pin 0.93406 [q90 0.44943, q10 0.48463], MS 1.66727, Freq 0.00000, L1 2.05008, Spectral 0.37129, Gradient 0.66263) | LR 1.00e-05
2026-07-28 20:08:32,681 INFO Epoch 30 | Batch 250/1186 | Loss 2.54582 (Pin 0.89781 [q90 0.43396, q10 0.46385], MS 1.64801, Freq 0.00000, L1 1.99599, Spectral 0.39027, Gradient 0.68201) | LR 1.00e-05
2026-07-28 20:08:54,405 INFO Epoch 30 | Batch 300/1186 | Loss 2.43423 (Pin 0.87688 [q90 0.42802, q10 0.44886], MS 1.55735, Freq 0.00000, L1 1.95117, Spectral 0.38358, Gradient 0.66344) | LR 1.00e-05
2026-07-28 20:09:16,132 INFO Epoch 30 | Batch 350/1186 | Loss 2.60517 (Pin 0.93877 [q90 0.46466, q10 0.47412], MS 1.66640, Freq 0.00000, L1 2.06725, Spectral 0.39954, Gradient 0.68545) | LR 1.00e-05
2026-07-28 20:09:37,867 INFO Epoch 30 | Batch 400/1186 | Loss 2.64426 (Pin 0.93555 [q90 0.46154, q10 0.47401], MS 1.70870, Freq 0.00000, L1 2.03360, Spectral 0.37824, Gradient 0.65983) | LR 1.00e-05
2026-07-28 20:09:59,601 INFO Epoch 30 | Batch 450/1186 | Loss 2.66115 (Pin 0.93460 [q90 0.45288, q10 0.48172], MS 1.72655, Freq 0.00000, L1 2.03212, Spectral 0.40918, Gradient 0.69186) | LR 1.00e-05
2026-07-28 20:10:21,317 INFO Epoch 30 | Batch 500/1186 | Loss 2.58873 (Pin 0.92122 [q90 0.44735, q10 0.47387], MS 1.66751, Freq 0.00000, L1 2.03065, Spectral 0.41714, Gradient 0.70972) | LR 1.00e-05
2026-07-28 20:10:43,044 INFO Epoch 30 | Batch 550/1186 | Loss 2.54274 (Pin 0.89714 [q90 0.43706, q10 0.46007], MS 1.64560, Freq 0.00000, L1 2.00745, Spectral 0.39476, Gradient 0.67909) | LR 1.00e-05
2026-07-28 20:11:04,794 INFO Epoch 30 | Batch 600/1186 | Loss 2.62983 (Pin 0.92831 [q90 0.45445, q10 0.47386], MS 1.70152, Freq 0.00000, L1 2.02443, Spectral 0.39952, Gradient 0.67518) | LR 1.00e-05
2026-07-28 20:11:26,549 INFO Epoch 30 | Batch 650/1186 | Loss 2.52421 (Pin 0.90776 [q90 0.44300, q10 0.46476], MS 1.61646, Freq 0.00000, L1 1.98045, Spectral 0.39580, Gradient 0.67777) | LR 1.00e-05
2026-07-28 20:11:48,311 INFO Epoch 30 | Batch 700/1186 | Loss 2.61033 (Pin 0.94900 [q90 0.47028, q10 0.47872], MS 1.66133, Freq 0.00000, L1 2.06420, Spectral 0.39515, Gradient 0.68872) | LR 1.00e-05
2026-07-28 20:12:10,073 INFO Epoch 30 | Batch 750/1186 | Loss 2.47443 (Pin 0.90269 [q90 0.44130, q10 0.46139], MS 1.57174, Freq 0.00000, L1 2.00962, Spectral 0.39174, Gradient 0.67018) | LR 1.00e-05
2026-07-28 20:12:31,837 INFO Epoch 30 | Batch 800/1186 | Loss 2.57783 (Pin 0.91194 [q90 0.44642, q10 0.46552], MS 1.66590, Freq 0.00000, L1 2.02548, Spectral 0.39362, Gradient 0.67790) | LR 1.00e-05
2026-07-28 20:12:53,573 INFO Epoch 30 | Batch 850/1186 | Loss 2.50961 (Pin 0.91822 [q90 0.44660, q10 0.47162], MS 1.59139, Freq 0.00000, L1 2.01739, Spectral 0.39948, Gradient 0.69136) | LR 1.00e-05
2026-07-28 20:13:15,290 INFO Epoch 30 | Batch 900/1186 | Loss 2.44070 (Pin 0.87712 [q90 0.42724, q10 0.44988], MS 1.56358, Freq 0.00000, L1 1.97343, Spectral 0.40201, Gradient 0.69293) | LR 1.00e-05
2026-07-28 20:13:37,020 INFO Epoch 30 | Batch 950/1186 | Loss 2.50374 (Pin 0.91239 [q90 0.44522, q10 0.46717], MS 1.59135, Freq 0.00000, L1 2.03397, Spectral 0.41077, Gradient 0.69934) | LR 1.00e-05
2026-07-28 20:13:58,767 INFO Epoch 30 | Batch 1000/1186 | Loss 2.64607 (Pin 0.95570 [q90 0.46900, q10 0.48670], MS 1.69037, Freq 0.00000, L1 2.09107, Spectral 0.38703, Gradient 0.67777) | LR 1.00e-05
2026-07-28 20:14:20,523 INFO Epoch 30 | Batch 1050/1186 | Loss 2.53298 (Pin 0.94026 [q90 0.46135, q10 0.47891], MS 1.59272, Freq 0.00000, L1 2.03888, Spectral 0.38577, Gradient 0.66090) | LR 1.00e-05
2026-07-28 20:14:42,276 INFO Epoch 30 | Batch 1100/1186 | Loss 2.51990 (Pin 0.93341 [q90 0.44983, q10 0.48358], MS 1.58648, Freq 0.00000, L1 2.05122, Spectral 0.40782, Gradient 0.69632) | LR 1.00e-05
2026-07-28 20:15:04,029 INFO Epoch 30 | Batch 1150/1186 | Loss 2.53660 (Pin 0.90931 [q90 0.44772, q10 0.46160], MS 1.62729, Freq 0.00000, L1 2.01609, Spectral 0.39330, Gradient 0.69065) | LR 1.00e-05
2026-07-28 20:15:56,112 INFO Epoch 30 | Val Loss 3.11348 (Pin 0.87113 [q90 0.42577, q10 0.44535], MS 2.24236, Freq 0.00000, L1 1.92640, Spectral 0.36681, Gradient 0.63383)
2026-07-28 20:15:56,113 INFO Epoch 30 | Coverage q10/q50/q90 = 0.081/0.486/0.901 (nominal .10/.50/.90) | extreme tail = 0.115/0.455/0.848
2026-07-28 20:16:18,196 INFO Epoch 31 | Batch 50/1186 | Loss 2.57468 (Pin 0.93013 [q90 0.45124, q10 0.47890], MS 1.64455, Freq 0.00000, L1 2.04797, Spectral 0.38688, Gradient 0.67282) | LR 1.00e-05
2026-07-28 20:16:39,954 INFO Epoch 31 | Batch 100/1186 | Loss 2.51399 (Pin 0.90985 [q90 0.44081, q10 0.46904], MS 1.60414, Freq 0.00000, L1 2.03279, Spectral 0.40614, Gradient 0.70045) | LR 1.00e-05
2026-07-28 20:17:01,743 INFO Epoch 31 | Batch 150/1186 | Loss 2.54948 (Pin 0.91603 [q90 0.45209, q10 0.46395], MS 1.63344, Freq 0.00000, L1 2.05441, Spectral 0.39938, Gradient 0.68790) | LR 1.00e-05
2026-07-28 20:17:23,506 INFO Epoch 31 | Batch 200/1186 | Loss 2.49609 (Pin 0.90366 [q90 0.44200, q10 0.46166], MS 1.59243, Freq 0.00000, L1 2.01129, Spectral 0.38149, Gradient 0.66590) | LR 1.00e-05
2026-07-28 20:17:45,266 INFO Epoch 31 | Batch 250/1186 | Loss 2.53831 (Pin 0.92631 [q90 0.44709, q10 0.47922], MS 1.61200, Freq 0.00000, L1 2.02821, Spectral 0.39295, Gradient 0.67561) | LR 1.00e-05
2026-07-28 20:18:07,029 INFO Epoch 31 | Batch 300/1186 | Loss 2.48848 (Pin 0.89875 [q90 0.43553, q10 0.46322], MS 1.58972, Freq 0.00000, L1 2.01699, Spectral 0.40970, Gradient 0.70033) | LR 1.00e-05
2026-07-28 20:18:28,789 INFO Epoch 31 | Batch 350/1186 | Loss 2.58024 (Pin 0.93458 [q90 0.45312, q10 0.48147], MS 1.64565, Freq 0.00000, L1 2.05857, Spectral 0.40178, Gradient 0.68849) | LR 1.00e-05
2026-07-28 20:18:50,544 INFO Epoch 31 | Batch 400/1186 | Loss 2.43025 (Pin 0.90373 [q90 0.44522, q10 0.45851], MS 1.52652, Freq 0.00000, L1 1.97076, Spectral 0.38774, Gradient 0.66860) | LR 1.00e-05
2026-07-28 20:19:12,299 INFO Epoch 31 | Batch 450/1186 | Loss 2.61497 (Pin 0.93689 [q90 0.45474, q10 0.48215], MS 1.67807, Freq 0.00000, L1 2.06706, Spectral 0.39992, Gradient 0.68730) | LR 1.00e-05
2026-07-28 20:19:34,059 INFO Epoch 31 | Batch 500/1186 | Loss 2.45339 (Pin 0.90245 [q90 0.44222, q10 0.46022], MS 1.55094, Freq 0.00000, L1 2.00309, Spectral 0.38785, Gradient 0.68199) | LR 1.00e-05
2026-07-28 20:19:55,818 INFO Epoch 31 | Batch 550/1186 | Loss 2.52747 (Pin 0.89687 [q90 0.44051, q10 0.45637], MS 1.63060, Freq 0.00000, L1 1.98594, Spectral 0.39646, Gradient 0.67897) | LR 1.00e-05
2026-07-28 20:20:17,572 INFO Epoch 31 | Batch 600/1186 | Loss 2.58711 (Pin 0.91763 [q90 0.44901, q10 0.46862], MS 1.66948, Freq 0.00000, L1 1.99976, Spectral 0.38859, Gradient 0.67292) | LR 1.00e-05
2026-07-28 20:20:39,317 INFO Epoch 31 | Batch 650/1186 | Loss 2.57805 (Pin 0.95589 [q90 0.46210, q10 0.49379], MS 1.62217, Freq 0.00000, L1 2.04824, Spectral 0.38714, Gradient 0.66711) | LR 1.00e-05
2026-07-28 20:21:01,058 INFO Epoch 31 | Batch 700/1186 | Loss 2.52798 (Pin 0.92023 [q90 0.45582, q10 0.46441], MS 1.60775, Freq 0.00000, L1 1.99486, Spectral 0.38348, Gradient 0.66433) | LR 1.00e-05
2026-07-28 20:21:22,811 INFO Epoch 31 | Batch 750/1186 | Loss 2.55516 (Pin 0.93256 [q90 0.44842, q10 0.48413], MS 1.62261, Freq 0.00000, L1 2.06117, Spectral 0.40247, Gradient 0.69227) | LR 1.00e-05
2026-07-28 20:21:44,569 INFO Epoch 31 | Batch 800/1186 | Loss 2.66810 (Pin 0.91677 [q90 0.44898, q10 0.46779], MS 1.75133, Freq 0.00000, L1 2.03699, Spectral 0.40114, Gradient 0.69027) | LR 1.00e-05
2026-07-28 20:22:06,337 INFO Epoch 31 | Batch 850/1186 | Loss 2.50839 (Pin 0.90696 [q90 0.44369, q10 0.46328], MS 1.60142, Freq 0.00000, L1 2.01392, Spectral 0.38833, Gradient 0.66915) | LR 1.00e-05
2026-07-28 20:22:28,087 INFO Epoch 31 | Batch 900/1186 | Loss 2.50831 (Pin 0.92274 [q90 0.45700, q10 0.46574], MS 1.58557, Freq 0.00000, L1 2.02585, Spectral 0.39967, Gradient 0.68504) | LR 1.00e-05
2026-07-28 20:22:49,845 INFO Epoch 31 | Batch 950/1186 | Loss 2.46318 (Pin 0.89272 [q90 0.44095, q10 0.45177], MS 1.57046, Freq 0.00000, L1 1.99553, Spectral 0.40752, Gradient 0.69644) | LR 1.00e-05
2026-07-28 20:23:11,602 INFO Epoch 31 | Batch 1000/1186 | Loss 2.54722 (Pin 0.92634 [q90 0.45109, q10 0.47524], MS 1.62088, Freq 0.00000, L1 2.03507, Spectral 0.39069, Gradient 0.67955) | LR 1.00e-05
2026-07-28 20:23:33,353 INFO Epoch 31 | Batch 1050/1186 | Loss 2.59203 (Pin 0.92484 [q90 0.44097, q10 0.48387], MS 1.66719, Freq 0.00000, L1 2.05656, Spectral 0.41223, Gradient 0.70503) | LR 1.00e-05
2026-07-28 20:23:55,111 INFO Epoch 31 | Batch 1100/1186 | Loss 2.52626 (Pin 0.90484 [q90 0.44432, q10 0.46052], MS 1.62142, Freq 0.00000, L1 2.01155, Spectral 0.39409, Gradient 0.68767) | LR 1.00e-05
2026-07-28 20:24:16,866 INFO Epoch 31 | Batch 1150/1186 | Loss 2.45828 (Pin 0.92096 [q90 0.44612, q10 0.47485], MS 1.53732, Freq 0.00000, L1 2.00843, Spectral 0.39786, Gradient 0.68101) | LR 1.00e-05
2026-07-28 20:25:08,202 INFO Epoch 31 | Val Loss 3.09077 (Pin 0.86618 [q90 0.42570, q10 0.44049], MS 2.22459, Freq 0.00000, L1 1.93745, Spectral 0.36673, Gradient 0.63388)
2026-07-28 20:25:08,202 INFO Epoch 31 | Coverage q10/q50/q90 = 0.079/0.475/0.900 (nominal .10/.50/.90) | extreme tail = 0.119/0.464/0.851
2026-07-28 20:25:30,259 INFO Epoch 32 | Batch 50/1186 | Loss 2.56098 (Pin 0.93294 [q90 0.45423, q10 0.47871], MS 1.62804, Freq 0.00000, L1 2.06696, Spectral 0.39707, Gradient 0.69292) | LR 1.00e-05
2026-07-28 20:25:52,017 INFO Epoch 32 | Batch 100/1186 | Loss 2.48644 (Pin 0.91181 [q90 0.44538, q10 0.46643], MS 1.57464, Freq 0.00000, L1 2.01118, Spectral 0.39555, Gradient 0.68699) | LR 1.00e-05
2026-07-28 20:26:13,773 INFO Epoch 32 | Batch 150/1186 | Loss 2.53985 (Pin 0.91527 [q90 0.44759, q10 0.46768], MS 1.62458, Freq 0.00000, L1 2.00848, Spectral 0.38594, Gradient 0.66858) | LR 1.00e-05
2026-07-28 20:26:35,530 INFO Epoch 32 | Batch 200/1186 | Loss 2.51882 (Pin 0.91141 [q90 0.44394, q10 0.46747], MS 1.60742, Freq 0.00000, L1 2.00900, Spectral 0.39835, Gradient 0.68759) | LR 1.00e-05
2026-07-28 20:26:57,284 INFO Epoch 32 | Batch 250/1186 | Loss 2.58561 (Pin 0.94983 [q90 0.45956, q10 0.49027], MS 1.63579, Freq 0.00000, L1 2.09507, Spectral 0.40064, Gradient 0.69337) | LR 1.00e-05
2026-07-28 20:27:19,053 INFO Epoch 32 | Batch 300/1186 | Loss 2.54156 (Pin 0.91797 [q90 0.44223, q10 0.47574], MS 1.62358, Freq 0.00000, L1 2.01185, Spectral 0.38393, Gradient 0.66498) | LR 1.00e-05
2026-07-28 20:27:40,793 INFO Epoch 32 | Batch 350/1186 | Loss 2.47755 (Pin 0.90425 [q90 0.43874, q10 0.46552], MS 1.57330, Freq 0.00000, L1 1.99566, Spectral 0.38714, Gradient 0.66330) | LR 1.00e-05
2026-07-28 20:28:02,537 INFO Epoch 32 | Batch 400/1186 | Loss 2.53095 (Pin 0.90886 [q90 0.44359, q10 0.46526], MS 1.62209, Freq 0.00000, L1 2.03313, Spectral 0.39207, Gradient 0.68498) | LR 1.00e-05
2026-07-28 20:28:24,300 INFO Epoch 32 | Batch 450/1186 | Loss 2.49970 (Pin 0.91786 [q90 0.44634, q10 0.47152], MS 1.58183, Freq 0.00000, L1 2.02369, Spectral 0.40157, Gradient 0.68660) | LR 1.00e-05
2026-07-28 20:28:46,059 INFO Epoch 32 | Batch 500/1186 | Loss 2.47341 (Pin 0.91539 [q90 0.44426, q10 0.47113], MS 1.55802, Freq 0.00000, L1 2.01984, Spectral 0.38880, Gradient 0.66985) | LR 1.00e-05
2026-07-28 20:29:07,822 INFO Epoch 32 | Batch 550/1186 | Loss 2.49447 (Pin 0.92821 [q90 0.44942, q10 0.47880], MS 1.56626, Freq 0.00000, L1 2.04301, Spectral 0.39079, Gradient 0.67849) | LR 1.00e-05
2026-07-28 20:29:29,578 INFO Epoch 32 | Batch 600/1186 | Loss 2.41805 (Pin 0.88414 [q90 0.43825, q10 0.44589], MS 1.53391, Freq 0.00000, L1 1.95850, Spectral 0.37789, Gradient 0.65348) | LR 1.00e-05
2026-07-28 20:29:51,342 INFO Epoch 32 | Batch 650/1186 | Loss 2.65754 (Pin 0.92329 [q90 0.45675, q10 0.46654], MS 1.73425, Freq 0.00000, L1 2.05449, Spectral 0.41076, Gradient 0.69449) | LR 1.00e-05
2026-07-28 20:30:13,114 INFO Epoch 32 | Batch 700/1186 | Loss 2.60990 (Pin 0.94607 [q90 0.46711, q10 0.47896], MS 1.66383, Freq 0.00000, L1 2.06782, Spectral 0.41166, Gradient 0.70002) | LR 1.00e-05
2026-07-28 20:30:34,872 INFO Epoch 32 | Batch 750/1186 | Loss 2.51809 (Pin 0.92504 [q90 0.45836, q10 0.46668], MS 1.59304, Freq 0.00000, L1 2.03475, Spectral 0.38933, Gradient 0.67883) | LR 1.00e-05
2026-07-28 20:30:56,638 INFO Epoch 32 | Batch 800/1186 | Loss 2.45091 (Pin 0.90082 [q90 0.44259, q10 0.45823], MS 1.55009, Freq 0.00000, L1 2.00226, Spectral 0.40841, Gradient 0.69464) | LR 1.00e-05
2026-07-28 20:31:18,412 INFO Epoch 32 | Batch 850/1186 | Loss 2.48477 (Pin 0.90671 [q90 0.43787, q10 0.46884], MS 1.57806, Freq 0.00000, L1 2.02678, Spectral 0.38780, Gradient 0.67835) | LR 1.00e-05
2026-07-28 20:31:40,181 INFO Epoch 32 | Batch 900/1186 | Loss 2.49420 (Pin 0.91857 [q90 0.44703, q10 0.47154], MS 1.57563, Freq 0.00000, L1 2.00740, Spectral 0.38811, Gradient 0.66425) | LR 1.00e-05
2026-07-28 20:32:01,941 INFO Epoch 32 | Batch 950/1186 | Loss 2.46795 (Pin 0.89759 [q90 0.43265, q10 0.46494], MS 1.57035, Freq 0.00000, L1 1.98764, Spectral 0.39309, Gradient 0.67828) | LR 1.00e-05
2026-07-28 20:32:23,704 INFO Epoch 32 | Batch 1000/1186 | Loss 2.50357 (Pin 0.88540 [q90 0.43183, q10 0.45357], MS 1.61817, Freq 0.00000, L1 1.97229, Spectral 0.38204, Gradient 0.65573) | LR 1.00e-05
2026-07-28 20:32:45,456 INFO Epoch 32 | Batch 1050/1186 | Loss 2.41817 (Pin 0.89432 [q90 0.43494, q10 0.45938], MS 1.52385, Freq 0.00000, L1 1.98080, Spectral 0.39078, Gradient 0.66803) | LR 1.00e-05
2026-07-28 20:33:07,231 INFO Epoch 32 | Batch 1100/1186 | Loss 2.58571 (Pin 0.92915 [q90 0.45763, q10 0.47152], MS 1.65656, Freq 0.00000, L1 2.03973, Spectral 0.40632, Gradient 0.69729) | LR 1.00e-05
2026-07-28 20:33:28,992 INFO Epoch 32 | Batch 1150/1186 | Loss 2.55436 (Pin 0.92784 [q90 0.44987, q10 0.47798], MS 1.62651, Freq 0.00000, L1 2.04159, Spectral 0.41455, Gradient 0.70106) | LR 1.00e-05
2026-07-28 20:34:20,643 INFO Epoch 32 | Val Loss 3.04869 (Pin 0.86593 [q90 0.42469, q10 0.44125], MS 2.18276, Freq 0.00000, L1 1.94725, Spectral 0.37352, Gradient 0.64704)
2026-07-28 20:34:20,643 INFO Epoch 32 | Coverage q10/q50/q90 = 0.083/0.493/0.904 (nominal .10/.50/.90) | extreme tail = 0.116/0.463/0.861
2026-07-28 20:34:21,104 INFO New best val loss: 3.04869 (saved checkpoints/best.pth)
2026-07-28 20:34:42,920 INFO Epoch 33 | Batch 50/1186 | Loss 2.49030 (Pin 0.91135 [q90 0.44315, q10 0.46820], MS 1.57895, Freq 0.00000, L1 2.02178, Spectral 0.40660, Gradient 0.69643) | LR 1.00e-05
2026-07-28 20:35:04,683 INFO Epoch 33 | Batch 100/1186 | Loss 2.57048 (Pin 0.93088 [q90 0.44987, q10 0.48101], MS 1.63960, Freq 0.00000, L1 2.04551, Spectral 0.40363, Gradient 0.68771) | LR 1.00e-05
2026-07-28 20:35:26,436 INFO Epoch 33 | Batch 150/1186 | Loss 2.50905 (Pin 0.94154 [q90 0.46233, q10 0.47922], MS 1.56751, Freq 0.00000, L1 2.05336, Spectral 0.39276, Gradient 0.67528) | LR 1.00e-05
2026-07-28 20:35:48,185 INFO Epoch 33 | Batch 200/1186 | Loss 2.62252 (Pin 0.93582 [q90 0.46065, q10 0.47517], MS 1.68670, Freq 0.00000, L1 2.07793, Spectral 0.39750, Gradient 0.68439) | LR 1.00e-05
2026-07-28 20:36:09,946 INFO Epoch 33 | Batch 250/1186 | Loss 2.58845 (Pin 0.94682 [q90 0.46490, q10 0.48192], MS 1.64163, Freq 0.00000, L1 2.10350, Spectral 0.40706, Gradient 0.70026) | LR 1.00e-05
2026-07-28 20:36:31,704 INFO Epoch 33 | Batch 300/1186 | Loss 2.50419 (Pin 0.92692 [q90 0.45310, q10 0.47382], MS 1.57727, Freq 0.00000, L1 2.01879, Spectral 0.38223, Gradient 0.66746) | LR 1.00e-05
2026-07-28 20:36:53,458 INFO Epoch 33 | Batch 350/1186 | Loss 2.55413 (Pin 0.90694 [q90 0.43719, q10 0.46975], MS 1.64719, Freq 0.00000, L1 2.00948, Spectral 0.39074, Gradient 0.66949) | LR 1.00e-05
2026-07-28 20:37:15,220 INFO Epoch 33 | Batch 400/1186 | Loss 2.53446 (Pin 0.90932 [q90 0.44196, q10 0.46736], MS 1.62514, Freq 0.00000, L1 2.00198, Spectral 0.39810, Gradient 0.68955) | LR 1.00e-05
2026-07-28 20:37:36,968 INFO Epoch 33 | Batch 450/1186 | Loss 2.55759 (Pin 0.92577 [q90 0.45064, q10 0.47513], MS 1.63182, Freq 0.00000, L1 2.07067, Spectral 0.40190, Gradient 0.70065) | LR 1.00e-05
2026-07-28 20:37:58,720 INFO Epoch 33 | Batch 500/1186 | Loss 2.69092 (Pin 0.97708 [q90 0.47895, q10 0.49813], MS 1.71384, Freq 0.00000, L1 2.13666, Spectral 0.41741, Gradient 0.71607) | LR 1.00e-05
2026-07-28 20:38:20,479 INFO Epoch 33 | Batch 550/1186 | Loss 2.47773 (Pin 0.88422 [q90 0.43323, q10 0.45099], MS 1.59351, Freq 0.00000, L1 1.98642, Spectral 0.39498, Gradient 0.67457) | LR 1.00e-05
2026-07-28 20:38:42,226 INFO Epoch 33 | Batch 600/1186 | Loss 2.43679 (Pin 0.88382 [q90 0.43507, q10 0.44874], MS 1.55298, Freq 0.00000, L1 1.95774, Spectral 0.38203, Gradient 0.66478) | LR 1.00e-05
2026-07-28 20:39:03,971 INFO Epoch 33 | Batch 650/1186 | Loss 2.51894 (Pin 0.92183 [q90 0.44334, q10 0.47849], MS 1.59710, Freq 0.00000, L1 2.04230, Spectral 0.39251, Gradient 0.68373) | LR 1.00e-05
2026-07-28 20:39:25,718 INFO Epoch 33 | Batch 700/1186 | Loss 2.49262 (Pin 0.89841 [q90 0.43140, q10 0.46701], MS 1.59421, Freq 0.00000, L1 1.99585, Spectral 0.39951, Gradient 0.68720) | LR 1.00e-05
2026-07-28 20:39:47,478 INFO Epoch 33 | Batch 750/1186 | Loss 2.42072 (Pin 0.88162 [q90 0.42932, q10 0.45230], MS 1.53909, Freq 0.00000, L1 1.94317, Spectral 0.38214, Gradient 0.65253) | LR 1.00e-05
2026-07-28 20:40:09,244 INFO Epoch 33 | Batch 800/1186 | Loss 2.59056 (Pin 0.91982 [q90 0.44841, q10 0.47141], MS 1.67074, Freq 0.00000, L1 2.01991, Spectral 0.38413, Gradient 0.66896) | LR 1.00e-05
2026-07-28 20:40:30,996 INFO Epoch 33 | Batch 850/1186 | Loss 2.63066 (Pin 0.91521 [q90 0.45314, q10 0.46207], MS 1.71545, Freq 0.00000, L1 2.01039, Spectral 0.38915, Gradient 0.67464) | LR 1.00e-05
2026-07-28 20:40:52,749 INFO Epoch 33 | Batch 900/1186 | Loss 2.56782 (Pin 0.91335 [q90 0.44434, q10 0.46901], MS 1.65448, Freq 0.00000, L1 2.02944, Spectral 0.38775, Gradient 0.67303) | LR 1.00e-05
2026-07-28 20:41:14,487 INFO Epoch 33 | Batch 950/1186 | Loss 2.61587 (Pin 0.93249 [q90 0.45423, q10 0.47826], MS 1.68338, Freq 0.00000, L1 2.03013, Spectral 0.40772, Gradient 0.69368) | LR 1.00e-05
2026-07-28 20:41:36,255 INFO Epoch 33 | Batch 1000/1186 | Loss 2.57440 (Pin 0.87798 [q90 0.42944, q10 0.44854], MS 1.69641, Freq 0.00000, L1 1.97464, Spectral 0.40692, Gradient 0.70146) | LR 1.00e-05
2026-07-28 20:41:58,008 INFO Epoch 33 | Batch 1050/1186 | Loss 2.49608 (Pin 0.92781 [q90 0.45576, q10 0.47206], MS 1.56826, Freq 0.00000, L1 2.06147, Spectral 0.38951, Gradient 0.68015) | LR 1.00e-05
2026-07-28 20:42:19,762 INFO Epoch 33 | Batch 1100/1186 | Loss 2.45290 (Pin 0.88034 [q90 0.42901, q10 0.45133], MS 1.57257, Freq 0.00000, L1 1.92376, Spectral 0.39735, Gradient 0.67056) | LR 1.00e-05
2026-07-28 20:42:41,509 INFO Epoch 33 | Batch 1150/1186 | Loss 2.51047 (Pin 0.91653 [q90 0.44466, q10 0.47187], MS 1.59394, Freq 0.00000, L1 2.02596, Spectral 0.38551, Gradient 0.67379) | LR 1.00e-05
2026-07-28 20:43:33,229 INFO Epoch 33 | Val Loss 3.11349 (Pin 0.86517 [q90 0.42534, q10 0.43983], MS 2.24833, Freq 0.00000, L1 1.92842, Spectral 0.36723, Gradient 0.63253)
2026-07-28 20:43:33,229 INFO Epoch 33 | Coverage q10/q50/q90 = 0.083/0.486/0.898 (nominal .10/.50/.90) | extreme tail = 0.117/0.451/0.847
2026-07-28 20:43:55,274 INFO Epoch 34 | Batch 50/1186 | Loss 2.53702 (Pin 0.91934 [q90 0.44688, q10 0.47246], MS 1.61768, Freq 0.00000, L1 2.01623, Spectral 0.40107, Gradient 0.69819) | LR 1.00e-05
2026-07-28 20:44:17,039 INFO Epoch 34 | Batch 100/1186 | Loss 2.46246 (Pin 0.88226 [q90 0.43027, q10 0.45199], MS 1.58020, Freq 0.00000, L1 1.96309, Spectral 0.39056, Gradient 0.66810) | LR 1.00e-05
2026-07-28 20:44:38,793 INFO Epoch 34 | Batch 150/1186 | Loss 2.49694 (Pin 0.91466 [q90 0.44674, q10 0.46792], MS 1.58228, Freq 0.00000, L1 1.99630, Spectral 0.38733, Gradient 0.67123) | LR 1.00e-05
2026-07-28 20:45:00,557 INFO Epoch 34 | Batch 200/1186 | Loss 2.48840 (Pin 0.90397 [q90 0.44018, q10 0.46378], MS 1.58444, Freq 0.00000, L1 1.98820, Spectral 0.39778, Gradient 0.67942) | LR 1.00e-05
2026-07-28 20:45:22,312 INFO Epoch 34 | Batch 250/1186 | Loss 2.53956 (Pin 0.94525 [q90 0.46222, q10 0.48302], MS 1.59431, Freq 0.00000, L1 2.05800, Spectral 0.39797, Gradient 0.68472) | LR 1.00e-05
2026-07-28 20:45:44,052 INFO Epoch 34 | Batch 300/1186 | Loss 2.39584 (Pin 0.88790 [q90 0.42756, q10 0.46034], MS 1.50794, Freq 0.00000, L1 1.95287, Spectral 0.38531, Gradient 0.67162) | LR 1.00e-05
2026-07-28 20:46:05,818 INFO Epoch 34 | Batch 350/1186 | Loss 2.58311 (Pin 0.94123 [q90 0.45769, q10 0.48354], MS 1.64188, Freq 0.00000, L1 2.06136, Spectral 0.39337, Gradient 0.67710) | LR 1.00e-05
2026-07-28 20:46:27,577 INFO Epoch 34 | Batch 400/1186 | Loss 2.62777 (Pin 0.92874 [q90 0.46152, q10 0.46722], MS 1.69903, Freq 0.00000, L1 2.05244, Spectral 0.41967, Gradient 0.71278) | LR 1.00e-05
2026-07-28 20:46:49,334 INFO Epoch 34 | Batch 450/1186 | Loss 2.52447 (Pin 0.90347 [q90 0.44192, q10 0.46155], MS 1.62100, Freq 0.00000, L1 2.01172, Spectral 0.39562, Gradient 0.67558) | LR 1.00e-05
2026-07-28 20:47:11,087 INFO Epoch 34 | Batch 500/1186 | Loss 2.48678 (Pin 0.90112 [q90 0.44348, q10 0.45763], MS 1.58566, Freq 0.00000, L1 1.98881, Spectral 0.38636, Gradient 0.66934) | LR 1.00e-05
2026-07-28 20:47:32,852 INFO Epoch 34 | Batch 550/1186 | Loss 2.56266 (Pin 0.90671 [q90 0.44442, q10 0.46228], MS 1.65596, Freq 0.00000, L1 2.01848, Spectral 0.38130, Gradient 0.67108) | LR 1.00e-05
2026-07-28 20:47:54,599 INFO Epoch 34 | Batch 600/1186 | Loss 2.45875 (Pin 0.89566 [q90 0.43888, q10 0.45678], MS 1.56309, Freq 0.00000, L1 1.97978, Spectral 0.38415, Gradient 0.66762) | LR 1.00e-05
2026-07-28 20:48:16,369 INFO Epoch 34 | Batch 650/1186 | Loss 2.50938 (Pin 0.90065 [q90 0.43972, q10 0.46093], MS 1.60873, Freq 0.00000, L1 1.95403, Spectral 0.39184, Gradient 0.66592) | LR 1.00e-05
2026-07-28 20:48:38,127 INFO Epoch 34 | Batch 700/1186 | Loss 2.56911 (Pin 0.93845 [q90 0.45859, q10 0.47987], MS 1.63066, Freq 0.00000, L1 2.09494, Spectral 0.43494, Gradient 0.72785) | LR 1.00e-05
2026-07-28 20:48:59,882 INFO Epoch 34 | Batch 750/1186 | Loss 2.52335 (Pin 0.93175 [q90 0.45816, q10 0.47360], MS 1.59160, Freq 0.00000, L1 2.07390, Spectral 0.39956, Gradient 0.69208) | LR 1.00e-05
2026-07-28 20:49:21,639 INFO Epoch 34 | Batch 800/1186 | Loss 2.58872 (Pin 0.94593 [q90 0.45018, q10 0.49576], MS 1.64279, Freq 0.00000, L1 2.05883, Spectral 0.37403, Gradient 0.65047) | LR 1.00e-05
2026-07-28 20:49:43,403 INFO Epoch 34 | Batch 850/1186 | Loss 2.61851 (Pin 0.93124 [q90 0.45144, q10 0.47980], MS 1.68727, Freq 0.00000, L1 2.06805, Spectral 0.40617, Gradient 0.70344) | LR 1.00e-05
2026-07-28 20:50:05,157 INFO Epoch 34 | Batch 900/1186 | Loss 2.54415 (Pin 0.91934 [q90 0.44622, q10 0.47312], MS 1.62481, Freq 0.00000, L1 2.02472, Spectral 0.39236, Gradient 0.67820) | LR 1.00e-05
2026-07-28 20:50:26,918 INFO Epoch 34 | Batch 950/1186 | Loss 2.50621 (Pin 0.88608 [q90 0.43517, q10 0.45091], MS 1.62014, Freq 0.00000, L1 1.99954, Spectral 0.40144, Gradient 0.69239) | LR 1.00e-05
2026-07-28 20:50:48,663 INFO Epoch 34 | Batch 1000/1186 | Loss 2.57604 (Pin 0.94609 [q90 0.45736, q10 0.48874], MS 1.62995, Freq 0.00000, L1 2.07811, Spectral 0.39311, Gradient 0.67410) | LR 1.00e-05
2026-07-28 20:51:10,430 INFO Epoch 34 | Batch 1050/1186 | Loss 2.55393 (Pin 0.92934 [q90 0.45437, q10 0.47497], MS 1.62459, Freq 0.00000, L1 2.05294, Spectral 0.39727, Gradient 0.68573) | LR 1.00e-05
2026-07-28 20:51:32,188 INFO Epoch 34 | Batch 1100/1186 | Loss 2.60636 (Pin 0.93894 [q90 0.45319, q10 0.48576], MS 1.66741, Freq 0.00000, L1 2.07139, Spectral 0.39603, Gradient 0.68174) | LR 1.00e-05
2026-07-28 20:51:53,951 INFO Epoch 34 | Batch 1150/1186 | Loss 2.37544 (Pin 0.85749 [q90 0.42181, q10 0.43568], MS 1.51796, Freq 0.00000, L1 1.91508, Spectral 0.37106, Gradient 0.64484) | LR 1.00e-05
2026-07-28 20:52:45,611 INFO Epoch 34 | Val Loss 3.11030 (Pin 0.86349 [q90 0.42486, q10 0.43862], MS 2.24681, Freq 0.00000, L1 1.91606, Spectral 0.36799, Gradient 0.63050)
2026-07-28 20:52:45,611 INFO Epoch 34 | Coverage q10/q50/q90 = 0.091/0.492/0.901 (nominal .10/.50/.90) | extreme tail = 0.124/0.467/0.854
2026-07-28 20:53:07,678 INFO Epoch 35 | Batch 50/1186 | Loss 2.69071 (Pin 0.91838 [q90 0.45572, q10 0.46266], MS 1.77233, Freq 0.00000, L1 2.00481, Spectral 0.38977, Gradient 0.67934) | LR 1.00e-05
2026-07-28 20:53:29,436 INFO Epoch 35 | Batch 100/1186 | Loss 2.46473 (Pin 0.88970 [q90 0.43749, q10 0.45221], MS 1.57503, Freq 0.00000, L1 1.94915, Spectral 0.37456, Gradient 0.65205) | LR 1.00e-05
2026-07-28 20:53:51,179 INFO Epoch 35 | Batch 150/1186 | Loss 2.48744 (Pin 0.88739 [q90 0.43470, q10 0.45269], MS 1.60005, Freq 0.00000, L1 1.97120, Spectral 0.39447, Gradient 0.67741) | LR 1.00e-05
2026-07-28 20:54:12,932 INFO Epoch 35 | Batch 200/1186 | Loss 2.44040 (Pin 0.90676 [q90 0.44031, q10 0.46646], MS 1.53364, Freq 0.00000, L1 2.01667, Spectral 0.39310, Gradient 0.67884) | LR 1.00e-05
2026-07-28 20:54:34,680 INFO Epoch 35 | Batch 250/1186 | Loss 2.45700 (Pin 0.89212 [q90 0.43808, q10 0.45405], MS 1.56488, Freq 0.00000, L1 1.98616, Spectral 0.39471, Gradient 0.68218) | LR 1.00e-05
2026-07-28 20:54:56,427 INFO Epoch 35 | Batch 300/1186 | Loss 2.58928 (Pin 0.95513 [q90 0.47225, q10 0.48288], MS 1.63415, Freq 0.00000, L1 2.09185, Spectral 0.39323, Gradient 0.68339) | LR 1.00e-05
2026-07-28 20:55:18,176 INFO Epoch 35 | Batch 350/1186 | Loss 2.44668 (Pin 0.85838 [q90 0.41455, q10 0.44383], MS 1.58829, Freq 0.00000, L1 1.93081, Spectral 0.37195, Gradient 0.65259) | LR 1.00e-05
2026-07-28 20:55:39,920 INFO Epoch 35 | Batch 400/1186 | Loss 2.60800 (Pin 0.94677 [q90 0.46126, q10 0.48551], MS 1.66124, Freq 0.00000, L1 2.07211, Spectral 0.39078, Gradient 0.67898) | LR 1.00e-05
2026-07-28 20:56:01,664 INFO Epoch 35 | Batch 450/1186 | Loss 2.54118 (Pin 0.91427 [q90 0.44461, q10 0.46967], MS 1.62691, Freq 0.00000, L1 2.03260, Spectral 0.40041, Gradient 0.67879) | LR 1.00e-05
2026-07-28 20:56:23,443 INFO Epoch 35 | Batch 500/1186 | Loss 2.51985 (Pin 0.92127 [q90 0.44871, q10 0.47255], MS 1.59859, Freq 0.00000, L1 2.01913, Spectral 0.39444, Gradient 0.68244) | LR 1.00e-05
2026-07-28 20:56:45,197 INFO Epoch 35 | Batch 550/1186 | Loss 2.47627 (Pin 0.90528 [q90 0.44805, q10 0.45723], MS 1.57099, Freq 0.00000, L1 2.02514, Spectral 0.40081, Gradient 0.69093) | LR 1.00e-05
2026-07-28 20:57:06,949 INFO Epoch 35 | Batch 600/1186 | Loss 2.54178 (Pin 0.92701 [q90 0.44799, q10 0.47902], MS 1.61477, Freq 0.00000, L1 2.02648, Spectral 0.38885, Gradient 0.67328) | LR 1.00e-05
2026-07-28 20:57:28,711 INFO Epoch 35 | Batch 650/1186 | Loss 2.44694 (Pin 0.88704 [q90 0.43206, q10 0.45497], MS 1.55990, Freq 0.00000, L1 1.95093, Spectral 0.38441, Gradient 0.66516) | LR 1.00e-05
2026-07-28 20:57:50,481 INFO Epoch 35 | Batch 700/1186 | Loss 2.50659 (Pin 0.93420 [q90 0.45057, q10 0.48362], MS 1.57239, Freq 0.00000, L1 2.04238, Spectral 0.38752, Gradient 0.67204) | LR 1.00e-05
2026-07-28 20:58:12,241 INFO Epoch 35 | Batch 750/1186 | Loss 2.47642 (Pin 0.91169 [q90 0.43912, q10 0.47257], MS 1.56473, Freq 0.00000, L1 2.00895, Spectral 0.38391, Gradient 0.66446) | LR 1.00e-05
2026-07-28 20:58:33,992 INFO Epoch 35 | Batch 800/1186 | Loss 2.48856 (Pin 0.91926 [q90 0.44655, q10 0.47271], MS 1.56930, Freq 0.00000, L1 2.03303, Spectral 0.39208, Gradient 0.68382) | LR 1.00e-05
2026-07-28 20:58:55,739 INFO Epoch 35 | Batch 850/1186 | Loss 2.50100 (Pin 0.92091 [q90 0.44896, q10 0.47195], MS 1.58009, Freq 0.00000, L1 2.02957, Spectral 0.39764, Gradient 0.68649) | LR 1.00e-05
2026-07-28 20:59:17,480 INFO Epoch 35 | Batch 900/1186 | Loss 2.63408 (Pin 0.93551 [q90 0.46198, q10 0.47353], MS 1.69857, Freq 0.00000, L1 2.05000, Spectral 0.39321, Gradient 0.67195) | LR 1.00e-05
2026-07-28 20:59:39,225 INFO Epoch 35 | Batch 950/1186 | Loss 2.47058 (Pin 0.90108 [q90 0.43640, q10 0.46468], MS 1.56950, Freq 0.00000, L1 1.99281, Spectral 0.38935, Gradient 0.67690) | LR 1.00e-05
2026-07-28 21:00:00,980 INFO Epoch 35 | Batch 1000/1186 | Loss 2.60928 (Pin 0.97755 [q90 0.47879, q10 0.49876], MS 1.63174, Freq 0.00000, L1 2.12226, Spectral 0.40691, Gradient 0.69499) | LR 1.00e-05
2026-07-28 21:00:22,737 INFO Epoch 35 | Batch 1050/1186 | Loss 2.43947 (Pin 0.90266 [q90 0.44016, q10 0.46250], MS 1.53681, Freq 0.00000, L1 2.00136, Spectral 0.39499, Gradient 0.68028) | LR 1.00e-05
2026-07-28 21:00:44,501 INFO Epoch 35 | Batch 1100/1186 | Loss 2.54048 (Pin 0.90454 [q90 0.43904, q10 0.46549], MS 1.63595, Freq 0.00000, L1 2.02702, Spectral 0.40653, Gradient 0.69621) | LR 1.00e-05
2026-07-28 21:01:06,254 INFO Epoch 35 | Batch 1150/1186 | Loss 2.52663 (Pin 0.92479 [q90 0.45083, q10 0.47396], MS 1.60184, Freq 0.00000, L1 2.02915, Spectral 0.40853, Gradient 0.70002) | LR 1.00e-05
2026-07-28 21:01:58,335 INFO Epoch 35 | Val Loss 3.05888 (Pin 0.86357 [q90 0.42406, q10 0.43951], MS 2.19531, Freq 0.00000, L1 1.93524, Spectral 0.37091, Gradient 0.64232)
2026-07-28 21:01:58,336 INFO Epoch 35 | Coverage q10/q50/q90 = 0.089/0.490/0.904 (nominal .10/.50/.90) | extreme tail = 0.129/0.474/0.853
2026-07-28 21:02:20,400 INFO Epoch 36 | Batch 50/1186 | Loss 2.45366 (Pin 0.89454 [q90 0.43518, q10 0.45937], MS 1.55911, Freq 0.00000, L1 1.97781, Spectral 0.38968, Gradient 0.66856) | LR 1.00e-05
2026-07-28 21:02:42,140 INFO Epoch 36 | Batch 100/1186 | Loss 2.56736 (Pin 0.92167 [q90 0.44533, q10 0.47634], MS 1.64569, Freq 0.00000, L1 2.01463, Spectral 0.39323, Gradient 0.68595) | LR 1.00e-05
2026-07-28 21:03:03,886 INFO Epoch 36 | Batch 150/1186 | Loss 2.42911 (Pin 0.91282 [q90 0.44868, q10 0.46414], MS 1.51629, Freq 0.00000, L1 2.01426, Spectral 0.38605, Gradient 0.67289) | LR 1.00e-05
2026-07-28 21:03:25,653 INFO Epoch 36 | Batch 200/1186 | Loss 2.57110 (Pin 0.94955 [q90 0.46681, q10 0.48274], MS 1.62155, Freq 0.00000, L1 2.08202, Spectral 0.39520, Gradient 0.68148) | LR 1.00e-05
2026-07-28 21:03:47,401 INFO Epoch 36 | Batch 250/1186 | Loss 2.48720 (Pin 0.88473 [q90 0.42513, q10 0.45960], MS 1.60247, Freq 0.00000, L1 1.95864, Spectral 0.38849, Gradient 0.66400) | LR 1.00e-05
2026-07-28 21:04:09,164 INFO Epoch 36 | Batch 300/1186 | Loss 2.53459 (Pin 0.90980 [q90 0.43627, q10 0.47353], MS 1.62479, Freq 0.00000, L1 2.01483, Spectral 0.41640, Gradient 0.70229) | LR 1.00e-05
2026-07-28 21:04:30,913 INFO Epoch 36 | Batch 350/1186 | Loss 2.61472 (Pin 0.94842 [q90 0.45777, q10 0.49065], MS 1.66629, Freq 0.00000, L1 2.07852, Spectral 0.39594, Gradient 0.68476) | LR 1.00e-05
2026-07-28 21:04:52,668 INFO Epoch 36 | Batch 400/1186 | Loss 2.48714 (Pin 0.88484 [q90 0.43297, q10 0.45187], MS 1.60230, Freq 0.00000, L1 1.95830, Spectral 0.38263, Gradient 0.66107) | LR 1.00e-05
2026-07-28 21:05:14,432 INFO Epoch 36 | Batch 450/1186 | Loss 2.53575 (Pin 0.91114 [q90 0.44700, q10 0.46414], MS 1.62461, Freq 0.00000, L1 2.00994, Spectral 0.39293, Gradient 0.68129) | LR 1.00e-05
2026-07-28 21:05:36,189 INFO Epoch 36 | Batch 500/1186 | Loss 2.44688 (Pin 0.91246 [q90 0.44551, q10 0.46694], MS 1.53443, Freq 0.00000, L1 2.00631, Spectral 0.39767, Gradient 0.68512) | LR 1.00e-05
2026-07-28 21:05:57,948 INFO Epoch 36 | Batch 550/1186 | Loss 2.56874 (Pin 0.89464 [q90 0.44393, q10 0.45070], MS 1.67411, Freq 0.00000, L1 1.99041, Spectral 0.39024, Gradient 0.67395) | LR 1.00e-05
2026-07-28 21:06:19,705 INFO Epoch 36 | Batch 600/1186 | Loss 2.55048 (Pin 0.91524 [q90 0.44597, q10 0.46927], MS 1.63524, Freq 0.00000, L1 2.01684, Spectral 0.39223, Gradient 0.67701) | LR 1.00e-05
2026-07-28 21:06:41,451 INFO Epoch 36 | Batch 650/1186 | Loss 2.51988 (Pin 0.90772 [q90 0.43993, q10 0.46779], MS 1.61216, Freq 0.00000, L1 2.01669, Spectral 0.38233, Gradient 0.66375) | LR 1.00e-05
2026-07-28 21:07:03,200 INFO Epoch 36 | Batch 700/1186 | Loss 2.59252 (Pin 0.94318 [q90 0.45132, q10 0.49186], MS 1.64934, Freq 0.00000, L1 2.07554, Spectral 0.40083, Gradient 0.68873) | LR 1.00e-05
2026-07-28 21:07:24,956 INFO Epoch 36 | Batch 750/1186 | Loss 2.55317 (Pin 0.93428 [q90 0.45016, q10 0.48412], MS 1.61889, Freq 0.00000, L1 2.03617, Spectral 0.39279, Gradient 0.67460) | LR 1.00e-05
2026-07-28 21:07:46,705 INFO Epoch 36 | Batch 800/1186 | Loss 2.52545 (Pin 0.89061 [q90 0.43659, q10 0.45402], MS 1.63484, Freq 0.00000, L1 1.99309, Spectral 0.40926, Gradient 0.69846) | LR 1.00e-05
2026-07-28 21:08:08,460 INFO Epoch 36 | Batch 850/1186 | Loss 2.57389 (Pin 0.89769 [q90 0.44262, q10 0.45507], MS 1.67620, Freq 0.00000, L1 1.97177, Spectral 0.38518, Gradient 0.66212) | LR 1.00e-05
2026-07-28 21:08:30,214 INFO Epoch 36 | Batch 900/1186 | Loss 2.51676 (Pin 0.90185 [q90 0.44457, q10 0.45728], MS 1.61491, Freq 0.00000, L1 1.96536, Spectral 0.39059, Gradient 0.66815) | LR 1.00e-05
2026-07-28 21:08:52,098 INFO Epoch 36 | Batch 950/1186 | Loss 2.47450 (Pin 0.92154 [q90 0.45282, q10 0.46872], MS 1.55296, Freq 0.00000, L1 2.02042, Spectral 0.39240, Gradient 0.67621) | LR 1.00e-05
2026-07-28 21:09:13,861 INFO Epoch 36 | Batch 1000/1186 | Loss 2.54710 (Pin 0.90217 [q90 0.44333, q10 0.45884], MS 1.64493, Freq 0.00000, L1 2.00499, Spectral 0.39712, Gradient 0.68770) | LR 1.00e-05
2026-07-28 21:09:35,628 INFO Epoch 36 | Batch 1050/1186 | Loss 2.57856 (Pin 0.93428 [q90 0.45205, q10 0.48223], MS 1.64428, Freq 0.00000, L1 2.05017, Spectral 0.39000, Gradient 0.67189) | LR 1.00e-05
2026-07-28 21:09:57,378 INFO Epoch 36 | Batch 1100/1186 | Loss 2.59415 (Pin 0.92373 [q90 0.44831, q10 0.47542], MS 1.67042, Freq 0.00000, L1 2.04582, Spectral 0.39719, Gradient 0.68591) | LR 1.00e-05
2026-07-28 21:10:19,141 INFO Epoch 36 | Batch 1150/1186 | Loss 2.54268 (Pin 0.92963 [q90 0.45549, q10 0.47414], MS 1.61305, Freq 0.00000, L1 2.01539, Spectral 0.38234, Gradient 0.66036) | LR 1.00e-05
2026-07-28 21:11:10,440 INFO Epoch 36 | Val Loss 3.07201 (Pin 0.86594 [q90 0.42457, q10 0.44136], MS 2.20608, Freq 0.00000, L1 1.94338, Spectral 0.37223, Gradient 0.64454)
2026-07-28 21:11:10,440 INFO Epoch 36 | Coverage q10/q50/q90 = 0.080/0.491/0.903 (nominal .10/.50/.90) | extreme tail = 0.119/0.460/0.856
2026-07-28 21:11:32,509 INFO Epoch 37 | Batch 50/1186 | Loss 2.39787 (Pin 0.88177 [q90 0.42635, q10 0.45542], MS 1.51610, Freq 0.00000, L1 1.95116, Spectral 0.38054, Gradient 0.66397) | LR 1.00e-05
2026-07-28 21:11:54,270 INFO Epoch 37 | Batch 100/1186 | Loss 2.56364 (Pin 0.91977 [q90 0.44769, q10 0.47208], MS 1.64388, Freq 0.00000, L1 2.03846, Spectral 0.38745, Gradient 0.66795) | LR 1.00e-05
2026-07-28 21:12:16,018 INFO Epoch 37 | Batch 150/1186 | Loss 2.45535 (Pin 0.89334 [q90 0.43844, q10 0.45490], MS 1.56202, Freq 0.00000, L1 1.98790, Spectral 0.38209, Gradient 0.66070) | LR 1.00e-05
2026-07-28 21:12:37,768 INFO Epoch 37 | Batch 200/1186 | Loss 2.50877 (Pin 0.92073 [q90 0.45506, q10 0.46567], MS 1.58804, Freq 0.00000, L1 2.02279, Spectral 0.40671, Gradient 0.69339) | LR 1.00e-05
2026-07-28 21:12:59,515 INFO Epoch 37 | Batch 250/1186 | Loss 2.69646 (Pin 0.95623 [q90 0.46513, q10 0.49110], MS 1.74024, Freq 0.00000, L1 2.05803, Spectral 0.38999, Gradient 0.66965) | LR 1.00e-05
2026-07-28 21:13:21,266 INFO Epoch 37 | Batch 300/1186 | Loss 2.45699 (Pin 0.92666 [q90 0.45564, q10 0.47102], MS 1.53033, Freq 0.00000, L1 2.01938, Spectral 0.38487, Gradient 0.66364) | LR 1.00e-05
2026-07-28 21:13:43,003 INFO Epoch 37 | Batch 350/1186 | Loss 2.44167 (Pin 0.89731 [q90 0.43113, q10 0.46617], MS 1.54436, Freq 0.00000, L1 1.97160, Spectral 0.38045, Gradient 0.67062) | LR 1.00e-05
2026-07-28 21:14:04,729 INFO Epoch 37 | Batch 400/1186 | Loss 2.50479 (Pin 0.90164 [q90 0.44481, q10 0.45683], MS 1.60315, Freq 0.00000, L1 2.00926, Spectral 0.40532, Gradient 0.68837) | LR 1.00e-05
2026-07-28 21:14:26,452 INFO Epoch 37 | Batch 450/1186 | Loss 2.51610 (Pin 0.90428 [q90 0.43424, q10 0.47004], MS 1.61181, Freq 0.00000, L1 1.99132, Spectral 0.38412, Gradient 0.66124) | LR 1.00e-05
2026-07-28 21:14:48,180 INFO Epoch 37 | Batch 500/1186 | Loss 2.41136 (Pin 0.87240 [q90 0.42335, q10 0.44905], MS 1.53896, Freq 0.00000, L1 1.95378, Spectral 0.38436, Gradient 0.66779) | LR 1.00e-05
2026-07-28 21:15:09,939 INFO Epoch 37 | Batch 550/1186 | Loss 2.58113 (Pin 0.92935 [q90 0.46188, q10 0.46747], MS 1.65177, Freq 0.00000, L1 2.03439, Spectral 0.38790, Gradient 0.66874) | LR 1.00e-05
2026-07-28 21:15:31,702 INFO Epoch 37 | Batch 600/1186 | Loss 2.54934 (Pin 0.92718 [q90 0.45188, q10 0.47530], MS 1.62216, Freq 0.00000, L1 2.02938, Spectral 0.38398, Gradient 0.66682) | LR 1.00e-05
2026-07-28 21:15:53,452 INFO Epoch 37 | Batch 650/1186 | Loss 2.58297 (Pin 0.91407 [q90 0.44761, q10 0.46645], MS 1.66891, Freq 0.00000, L1 2.01964, Spectral 0.41377, Gradient 0.69964) | LR 1.00e-05
2026-07-28 21:16:15,214 INFO Epoch 37 | Batch 700/1186 | Loss 2.52067 (Pin 0.92710 [q90 0.45369, q10 0.47341], MS 1.59358, Freq 0.00000, L1 2.01918, Spectral 0.39899, Gradient 0.69074) | LR 1.00e-05
2026-07-28 21:16:36,958 INFO Epoch 37 | Batch 750/1186 | Loss 2.65873 (Pin 0.93507 [q90 0.45389, q10 0.48118], MS 1.72366, Freq 0.00000, L1 2.06950, Spectral 0.39104, Gradient 0.68069) | LR 1.00e-05
2026-07-28 21:16:58,710 INFO Epoch 37 | Batch 800/1186 | Loss 2.53892 (Pin 0.93536 [q90 0.45204, q10 0.48331], MS 1.60357, Freq 0.00000, L1 2.03168, Spectral 0.39331, Gradient 0.67391) | LR 1.00e-05
2026-07-28 21:17:20,436 INFO Epoch 37 | Batch 850/1186 | Loss 2.47983 (Pin 0.89946 [q90 0.43780, q10 0.46166], MS 1.58036, Freq 0.00000, L1 1.95548, Spectral 0.38040, Gradient 0.65797) | LR 1.00e-05
2026-07-28 21:17:42,178 INFO Epoch 37 | Batch 900/1186 | Loss 2.59070 (Pin 0.92563 [q90 0.44523, q10 0.48040], MS 1.66507, Freq 0.00000, L1 2.05060, Spectral 0.39678, Gradient 0.67954) | LR 1.00e-05
2026-07-28 21:18:03,917 INFO Epoch 37 | Batch 950/1186 | Loss 2.58675 (Pin 0.91220 [q90 0.44993, q10 0.46227], MS 1.67455, Freq 0.00000, L1 2.03770, Spectral 0.41006, Gradient 0.69963) | LR 1.00e-05
2026-07-28 21:18:25,658 INFO Epoch 37 | Batch 1000/1186 | Loss 2.56696 (Pin 0.91822 [q90 0.44861, q10 0.46961], MS 1.64874, Freq 0.00000, L1 2.01184, Spectral 0.39307, Gradient 0.67461) | LR 1.00e-05
2026-07-28 21:18:47,405 INFO Epoch 37 | Batch 1050/1186 | Loss 2.60037 (Pin 0.93020 [q90 0.45515, q10 0.47505], MS 1.67017, Freq 0.00000, L1 2.02882, Spectral 0.39665, Gradient 0.67772) | LR 1.00e-05
2026-07-28 21:19:09,140 INFO Epoch 37 | Batch 1100/1186 | Loss 2.61156 (Pin 0.94183 [q90 0.46225, q10 0.47958], MS 1.66973, Freq 0.00000, L1 2.05087, Spectral 0.38538, Gradient 0.67184) | LR 1.00e-05
2026-07-28 21:19:30,867 INFO Epoch 37 | Batch 1150/1186 | Loss 2.47175 (Pin 0.88447 [q90 0.43390, q10 0.45057], MS 1.58728, Freq 0.00000, L1 1.98181, Spectral 0.41588, Gradient 0.69632) | LR 1.00e-05
2026-07-28 21:20:22,583 INFO Epoch 37 | Val Loss 3.04759 (Pin 0.86605 [q90 0.42451, q10 0.44154], MS 2.18155, Freq 0.00000, L1 1.93351, Spectral 0.36534, Gradient 0.63149)
2026-07-28 21:20:22,583 INFO Epoch 37 | Coverage q10/q50/q90 = 0.074/0.477/0.897 (nominal .10/.50/.90) | extreme tail = 0.114/0.449/0.852
2026-07-28 21:20:23,040 INFO New best val loss: 3.04759 (saved checkpoints/best.pth)
2026-07-28 21:20:44,847 INFO Epoch 38 | Batch 50/1186 | Loss 2.50736 (Pin 0.90928 [q90 0.44646, q10 0.46283], MS 1.59808, Freq 0.00000, L1 2.01557, Spectral 0.39641, Gradient 0.67825) | LR 1.00e-05
2026-07-28 21:21:06,579 INFO Epoch 38 | Batch 100/1186 | Loss 2.48764 (Pin 0.92104 [q90 0.45241, q10 0.46863], MS 1.56660, Freq 0.00000, L1 2.00813, Spectral 0.39063, Gradient 0.66734) | LR 1.00e-05
2026-07-28 21:21:28,301 INFO Epoch 38 | Batch 150/1186 | Loss 2.58668 (Pin 0.95077 [q90 0.46548, q10 0.48529], MS 1.63591, Freq 0.00000, L1 2.05392, Spectral 0.39708, Gradient 0.67814) | LR 1.00e-05
2026-07-28 21:21:50,049 INFO Epoch 38 | Batch 200/1186 | Loss 2.44615 (Pin 0.90102 [q90 0.43919, q10 0.46184], MS 1.54513, Freq 0.00000, L1 2.00595, Spectral 0.38874, Gradient 0.66405) | LR 1.00e-05
2026-07-28 21:22:11,802 INFO Epoch 38 | Batch 250/1186 | Loss 2.56940 (Pin 0.90534 [q90 0.44096, q10 0.46438], MS 1.66406, Freq 0.00000, L1 2.00504, Spectral 0.39142, Gradient 0.66995) | LR 1.00e-05
2026-07-28 21:22:33,561 INFO Epoch 38 | Batch 300/1186 | Loss 2.59695 (Pin 0.92299 [q90 0.44664, q10 0.47635], MS 1.67395, Freq 0.00000, L1 2.02348, Spectral 0.37987, Gradient 0.65852) | LR 1.00e-05
2026-07-28 21:22:55,325 INFO Epoch 38 | Batch 350/1186 | Loss 2.56952 (Pin 0.90564 [q90 0.44084, q10 0.46480], MS 1.66388, Freq 0.00000, L1 1.99358, Spectral 0.38596, Gradient 0.66733) | LR 1.00e-05
2026-07-28 21:23:17,080 INFO Epoch 38 | Batch 400/1186 | Loss 2.53575 (Pin 0.91840 [q90 0.44667, q10 0.47173], MS 1.61734, Freq 0.00000, L1 2.01214, Spectral 0.40186, Gradient 0.67856) | LR 1.00e-05
2026-07-28 21:23:38,841 INFO Epoch 38 | Batch 450/1186 | Loss 2.58776 (Pin 0.94872 [q90 0.45813, q10 0.49059], MS 1.63904, Freq 0.00000, L1 2.08571, Spectral 0.40080, Gradient 0.68992) | LR 1.00e-05
2026-07-28 21:24:00,598 INFO Epoch 38 | Batch 500/1186 | Loss 2.47567 (Pin 0.88119 [q90 0.42830, q10 0.45290], MS 1.59448, Freq 0.00000, L1 1.95894, Spectral 0.39204, Gradient 0.68105) | LR 1.00e-05
2026-07-28 21:24:22,349 INFO Epoch 38 | Batch 550/1186 | Loss 2.51712 (Pin 0.88743 [q90 0.43434, q10 0.45309], MS 1.62969, Freq 0.00000, L1 1.98913, Spectral 0.39707, Gradient 0.68017) | LR 1.00e-05
2026-07-28 21:24:44,104 INFO Epoch 38 | Batch 600/1186 | Loss 2.54875 (Pin 0.91045 [q90 0.44302, q10 0.46743], MS 1.63829, Freq 0.00000, L1 1.99560, Spectral 0.38860, Gradient 0.66222) | LR 1.00e-05
2026-07-28 21:25:05,857 INFO Epoch 38 | Batch 650/1186 | Loss 2.36420 (Pin 0.88267 [q90 0.43163, q10 0.45105], MS 1.48153, Freq 0.00000, L1 1.95591, Spectral 0.38298, Gradient 0.66513) | LR 1.00e-05
2026-07-28 21:25:27,618 INFO Epoch 38 | Batch 700/1186 | Loss 2.45475 (Pin 0.89422 [q90 0.43488, q10 0.45935], MS 1.56052, Freq 0.00000, L1 1.96657, Spectral 0.39580, Gradient 0.67484) | LR 1.00e-05
2026-07-28 21:25:49,386 INFO Epoch 38 | Batch 750/1186 | Loss 2.51652 (Pin 0.91438 [q90 0.44649, q10 0.46789], MS 1.60214, Freq 0.00000, L1 2.01079, Spectral 0.38020, Gradient 0.65529) | LR 1.00e-05
2026-07-28 21:26:11,137 INFO Epoch 38 | Batch 800/1186 | Loss 2.58742 (Pin 0.92732 [q90 0.44872, q10 0.47860], MS 1.66010, Freq 0.00000, L1 2.04988, Spectral 0.39361, Gradient 0.68433) | LR 1.00e-05
2026-07-28 21:26:32,892 INFO Epoch 38 | Batch 850/1186 | Loss 2.41687 (Pin 0.89674 [q90 0.44371, q10 0.45302], MS 1.52013, Freq 0.00000, L1 1.97694, Spectral 0.38345, Gradient 0.65842) | LR 1.00e-05
2026-07-28 21:26:54,644 INFO Epoch 38 | Batch 900/1186 | Loss 2.58563 (Pin 0.94084 [q90 0.45572, q10 0.48512], MS 1.64479, Freq 0.00000, L1 2.05136, Spectral 0.40017, Gradient 0.68907) | LR 1.00e-05
2026-07-28 21:27:16,412 INFO Epoch 38 | Batch 950/1186 | Loss 2.47870 (Pin 0.91130 [q90 0.45035, q10 0.46094], MS 1.56741, Freq 0.00000, L1 1.99411, Spectral 0.39692, Gradient 0.67669) | LR 1.00e-05
2026-07-28 21:27:38,163 INFO Epoch 38 | Batch 1000/1186 | Loss 2.41192 (Pin 0.89156 [q90 0.43728, q10 0.45428], MS 1.52036, Freq 0.00000, L1 1.96371, Spectral 0.38798, Gradient 0.66314) | LR 1.00e-05
2026-07-28 21:27:59,910 INFO Epoch 38 | Batch 1050/1186 | Loss 2.47524 (Pin 0.91635 [q90 0.43933, q10 0.47702], MS 1.55889, Freq 0.00000, L1 2.01778, Spectral 0.36941, Gradient 0.65460) | LR 1.00e-05
2026-07-28 21:28:21,660 INFO Epoch 38 | Batch 1100/1186 | Loss 2.65341 (Pin 0.92422 [q90 0.45623, q10 0.46799], MS 1.72919, Freq 0.00000, L1 2.01608, Spectral 0.40435, Gradient 0.69041) | LR 1.00e-05
2026-07-28 21:28:43,409 INFO Epoch 38 | Batch 1150/1186 | Loss 2.47620 (Pin 0.89823 [q90 0.44073, q10 0.45751], MS 1.57797, Freq 0.00000, L1 1.99537, Spectral 0.38807, Gradient 0.67631) | LR 1.00e-05
2026-07-28 21:29:35,241 INFO Epoch 38 | Val Loss 3.08278 (Pin 0.86446 [q90 0.42389, q10 0.44058], MS 2.21831, Freq 0.00000, L1 1.94991, Spectral 0.36587, Gradient 0.64057)
2026-07-28 21:29:35,241 INFO Epoch 38 | Coverage q10/q50/q90 = 0.080/0.490/0.907 (nominal .10/.50/.90) | extreme tail = 0.115/0.460/0.854
2026-07-28 21:29:57,273 INFO Epoch 39 | Batch 50/1186 | Loss 2.59844 (Pin 0.91513 [q90 0.44603, q10 0.46910], MS 1.68330, Freq 0.00000, L1 1.99831, Spectral 0.38406, Gradient 0.65775) | LR 1.00e-05
2026-07-28 21:30:19,023 INFO Epoch 39 | Batch 100/1186 | Loss 2.51135 (Pin 0.90162 [q90 0.44017, q10 0.46145], MS 1.60973, Freq 0.00000, L1 1.98804, Spectral 0.39290, Gradient 0.67643) | LR 1.00e-05
2026-07-28 21:30:40,771 INFO Epoch 39 | Batch 150/1186 | Loss 2.45883 (Pin 0.88650 [q90 0.43797, q10 0.44852], MS 1.57233, Freq 0.00000, L1 1.96452, Spectral 0.38302, Gradient 0.65635) | LR 1.00e-05
2026-07-28 21:31:02,530 INFO Epoch 39 | Batch 200/1186 | Loss 2.60753 (Pin 0.93762 [q90 0.45486, q10 0.48276], MS 1.66992, Freq 0.00000, L1 2.03102, Spectral 0.38348, Gradient 0.66290) | LR 1.00e-05
2026-07-28 21:31:24,272 INFO Epoch 39 | Batch 250/1186 | Loss 2.58857 (Pin 0.93537 [q90 0.44876, q10 0.48661], MS 1.65321, Freq 0.00000, L1 2.04261, Spectral 0.40047, Gradient 0.68296) | LR 1.00e-05
2026-07-28 21:31:46,036 INFO Epoch 39 | Batch 300/1186 | Loss 2.58343 (Pin 0.89185 [q90 0.43012, q10 0.46172], MS 1.69158, Freq 0.00000, L1 1.98672, Spectral 0.41286, Gradient 0.69094) | LR 1.00e-05
2026-07-28 21:32:07,795 INFO Epoch 39 | Batch 350/1186 | Loss 2.46034 (Pin 0.88333 [q90 0.43705, q10 0.44628], MS 1.57701, Freq 0.00000, L1 1.95685, Spectral 0.40180, Gradient 0.68621) | LR 1.00e-05
2026-07-28 21:32:29,562 INFO Epoch 39 | Batch 400/1186 | Loss 2.56326 (Pin 0.93054 [q90 0.45487, q10 0.47567], MS 1.63272, Freq 0.00000, L1 2.05772, Spectral 0.38492, Gradient 0.67435) | LR 1.00e-05
2026-07-28 21:32:51,325 INFO Epoch 39 | Batch 450/1186 | Loss 2.50754 (Pin 0.92049 [q90 0.45191, q10 0.46859], MS 1.58705, Freq 0.00000, L1 2.02792, Spectral 0.40077, Gradient 0.68280) | LR 1.00e-05
2026-07-28 21:33:13,086 INFO Epoch 39 | Batch 500/1186 | Loss 2.57829 (Pin 0.90074 [q90 0.43935, q10 0.46139], MS 1.67756, Freq 0.00000, L1 1.98226, Spectral 0.38585, Gradient 0.67075) | LR 1.00e-05
2026-07-28 21:33:34,848 INFO Epoch 39 | Batch 550/1186 | Loss 2.48241 (Pin 0.91104 [q90 0.44912, q10 0.46192], MS 1.57137, Freq 0.00000, L1 2.02082, Spectral 0.37439, Gradient 0.65540) | LR 1.00e-05
2026-07-28 21:33:56,614 INFO Epoch 39 | Batch 600/1186 | Loss 2.46065 (Pin 0.89052 [q90 0.43103, q10 0.45949], MS 1.57013, Freq 0.00000, L1 1.98850, Spectral 0.39248, Gradient 0.68006) | LR 1.00e-05
2026-07-28 21:34:18,361 INFO Epoch 39 | Batch 650/1186 | Loss 2.49078 (Pin 0.92914 [q90 0.44544, q10 0.48370], MS 1.56164, Freq 0.00000, L1 2.03716, Spectral 0.38597, Gradient 0.66741) | LR 1.00e-05
2026-07-28 21:34:40,122 INFO Epoch 39 | Batch 700/1186 | Loss 2.57517 (Pin 0.92132 [q90 0.46032, q10 0.46100], MS 1.65386, Freq 0.00000, L1 2.01553, Spectral 0.37666, Gradient 0.65343) | LR 1.00e-05
2026-07-28 21:35:01,868 INFO Epoch 39 | Batch 750/1186 | Loss 2.47816 (Pin 0.90811 [q90 0.44371, q10 0.46440], MS 1.57005, Freq 0.00000, L1 2.00592, Spectral 0.40089, Gradient 0.69142) | LR 1.00e-05
2026-07-28 21:35:23,621 INFO Epoch 39 | Batch 800/1186 | Loss 2.45795 (Pin 0.88958 [q90 0.43815, q10 0.45143], MS 1.56837, Freq 0.00000, L1 1.95792, Spectral 0.37157, Gradient 0.64884) | LR 1.00e-05
2026-07-28 21:35:45,375 INFO Epoch 39 | Batch 850/1186 | Loss 2.52338 (Pin 0.91814 [q90 0.45157, q10 0.46657], MS 1.60524, Freq 0.00000, L1 2.02425, Spectral 0.40650, Gradient 0.69636) | LR 1.00e-05
2026-07-28 21:36:07,128 INFO Epoch 39 | Batch 900/1186 | Loss 2.36717 (Pin 0.87559 [q90 0.42554, q10 0.45005], MS 1.49158, Freq 0.00000, L1 1.94322, Spectral 0.37902, Gradient 0.65865) | LR 1.00e-05
2026-07-28 21:36:28,896 INFO Epoch 39 | Batch 950/1186 | Loss 2.62661 (Pin 0.95834 [q90 0.46166, q10 0.49669], MS 1.66827, Freq 0.00000, L1 2.06913, Spectral 0.39717, Gradient 0.68165) | LR 1.00e-05
2026-07-28 21:36:50,653 INFO Epoch 39 | Batch 1000/1186 | Loss 2.48900 (Pin 0.91701 [q90 0.44062, q10 0.47639], MS 1.57199, Freq 0.00000, L1 2.02070, Spectral 0.39509, Gradient 0.68482) | LR 1.00e-05
2026-07-28 21:37:12,404 INFO Epoch 39 | Batch 1050/1186 | Loss 2.55372 (Pin 0.91977 [q90 0.44761, q10 0.47216], MS 1.63395, Freq 0.00000, L1 2.04253, Spectral 0.40479, Gradient 0.69700) | LR 1.00e-05
2026-07-28 21:37:34,167 INFO Epoch 39 | Batch 1100/1186 | Loss 2.57782 (Pin 0.93035 [q90 0.45345, q10 0.47689], MS 1.64747, Freq 0.00000, L1 2.04593, Spectral 0.40495, Gradient 0.68607) | LR 1.00e-05
2026-07-28 21:37:55,931 INFO Epoch 39 | Batch 1150/1186 | Loss 2.44116 (Pin 0.89050 [q90 0.43634, q10 0.45415], MS 1.55066, Freq 0.00000, L1 1.95391, Spectral 0.39738, Gradient 0.68662) | LR 1.00e-05
2026-07-28 21:38:48,052 INFO Epoch 39 | Val Loss 3.09369 (Pin 0.86439 [q90 0.42483, q10 0.43956], MS 2.22930, Freq 0.00000, L1 1.94858, Spectral 0.37169, Gradient 0.65185)
2026-07-28 21:38:48,053 INFO Epoch 39 | Coverage q10/q50/q90 = 0.088/0.494/0.906 (nominal .10/.50/.90) | extreme tail = 0.118/0.468/0.854
2026-07-28 21:39:10,108 INFO Epoch 40 | Batch 50/1186 | Loss 2.51587 (Pin 0.91850 [q90 0.44989, q10 0.46861], MS 1.59737, Freq 0.00000, L1 2.03192, Spectral 0.38760, Gradient 0.67255) | LR 1.00e-05
2026-07-28 21:39:31,861 INFO Epoch 40 | Batch 100/1186 | Loss 2.49609 (Pin 0.90039 [q90 0.44321, q10 0.45718], MS 1.59570, Freq 0.00000, L1 2.00558, Spectral 0.38607, Gradient 0.66369) | LR 1.00e-05
2026-07-28 21:39:53,613 INFO Epoch 40 | Batch 150/1186 | Loss 2.52579 (Pin 0.94424 [q90 0.46068, q10 0.48356], MS 1.58155, Freq 0.00000, L1 2.06133, Spectral 0.38669, Gradient 0.67096) | LR 1.00e-05
2026-07-28 21:40:15,362 INFO Epoch 40 | Batch 200/1186 | Loss 2.42625 (Pin 0.88667 [q90 0.43619, q10 0.45047], MS 1.53958, Freq 0.00000, L1 1.92726, Spectral 0.38928, Gradient 0.66243) | LR 1.00e-05
2026-07-28 21:40:37,125 INFO Epoch 40 | Batch 250/1186 | Loss 2.43886 (Pin 0.89457 [q90 0.43417, q10 0.46040], MS 1.54429, Freq 0.00000, L1 1.96983, Spectral 0.37019, Gradient 0.65752) | LR 1.00e-05
2026-07-28 21:40:58,882 INFO Epoch 40 | Batch 300/1186 | Loss 2.48344 (Pin 0.89007 [q90 0.43818, q10 0.45189], MS 1.59336, Freq 0.00000, L1 1.98980, Spectral 0.39462, Gradient 0.67317) | LR 1.00e-05
2026-07-28 21:41:20,632 INFO Epoch 40 | Batch 350/1186 | Loss 2.63673 (Pin 0.93021 [q90 0.45373, q10 0.47648], MS 1.70651, Freq 0.00000, L1 2.03393, Spectral 0.39707, Gradient 0.68227) | LR 1.00e-05
2026-07-28 21:41:42,390 INFO Epoch 40 | Batch 400/1186 | Loss 2.50278 (Pin 0.91708 [q90 0.45243, q10 0.46465], MS 1.58570, Freq 0.00000, L1 2.03288, Spectral 0.38047, Gradient 0.66362) | LR 1.00e-05
2026-07-28 21:42:04,145 INFO Epoch 40 | Batch 450/1186 | Loss 2.52607 (Pin 0.90651 [q90 0.44115, q10 0.46536], MS 1.61956, Freq 0.00000, L1 1.98548, Spectral 0.38354, Gradient 0.65966) | LR 1.00e-05
2026-07-28 21:42:25,905 INFO Epoch 40 | Batch 500/1186 | Loss 2.45517 (Pin 0.87390 [q90 0.42721, q10 0.44669], MS 1.58127, Freq 0.00000, L1 1.96829, Spectral 0.40524, Gradient 0.69409) | LR 1.00e-05
2026-07-28 21:42:47,665 INFO Epoch 40 | Batch 550/1186 | Loss 2.46810 (Pin 0.92365 [q90 0.44554, q10 0.47811], MS 1.54446, Freq 0.00000, L1 1.99945, Spectral 0.38163, Gradient 0.65649) | LR 1.00e-05
2026-07-28 21:43:09,430 INFO Epoch 40 | Batch 600/1186 | Loss 2.49548 (Pin 0.92852 [q90 0.45202, q10 0.47650], MS 1.56696, Freq 0.00000, L1 2.01545, Spectral 0.37763, Gradient 0.65359) | LR 1.00e-05
2026-07-28 21:43:31,194 INFO Epoch 40 | Batch 650/1186 | Loss 2.48995 (Pin 0.90359 [q90 0.43668, q10 0.46691], MS 1.58636, Freq 0.00000, L1 1.97260, Spectral 0.37776, Gradient 0.65842) | LR 1.00e-05
2026-07-28 21:43:52,944 INFO Epoch 40 | Batch 700/1186 | Loss 2.52528 (Pin 0.92960 [q90 0.45575, q10 0.47385], MS 1.59568, Freq 0.00000, L1 2.04426, Spectral 0.39446, Gradient 0.67352) | LR 1.00e-05
2026-07-28 21:44:14,706 INFO Epoch 40 | Batch 750/1186 | Loss 2.59525 (Pin 0.95158 [q90 0.47022, q10 0.48135], MS 1.64368, Freq 0.00000, L1 2.09788, Spectral 0.41820, Gradient 0.72281) | LR 1.00e-05
2026-07-28 21:44:36,460 INFO Epoch 40 | Batch 800/1186 | Loss 2.45460 (Pin 0.90390 [q90 0.43918, q10 0.46471], MS 1.55070, Freq 0.00000, L1 1.99417, Spectral 0.38584, Gradient 0.67194) | LR 1.00e-05
2026-07-28 21:44:58,223 INFO Epoch 40 | Batch 850/1186 | Loss 2.48401 (Pin 0.88466 [q90 0.43136, q10 0.45330], MS 1.59935, Freq 0.00000, L1 1.95293, Spectral 0.38128, Gradient 0.65993) | LR 1.00e-05
2026-07-28 21:45:19,982 INFO Epoch 40 | Batch 900/1186 | Loss 2.56133 (Pin 0.92380 [q90 0.44781, q10 0.47599], MS 1.63753, Freq 0.00000, L1 2.03082, Spectral 0.38856, Gradient 0.67211) | LR 1.00e-05
2026-07-28 21:45:41,743 INFO Epoch 40 | Batch 950/1186 | Loss 2.49745 (Pin 0.91439 [q90 0.44248, q10 0.47191], MS 1.58305, Freq 0.00000, L1 2.01277, Spectral 0.38789, Gradient 0.67411) | LR 1.00e-05
2026-07-28 21:46:03,504 INFO Epoch 40 | Batch 1000/1186 | Loss 2.52785 (Pin 0.89974 [q90 0.44425, q10 0.45549], MS 1.62811, Freq 0.00000, L1 1.98106, Spectral 0.39370, Gradient 0.67737) | LR 1.00e-05
2026-07-28 21:46:25,264 INFO Epoch 40 | Batch 1050/1186 | Loss 2.52185 (Pin 0.90805 [q90 0.44026, q10 0.46779], MS 1.61380, Freq 0.00000, L1 2.02866, Spectral 0.41401, Gradient 0.70728) | LR 1.00e-05
2026-07-28 21:46:47,023 INFO Epoch 40 | Batch 1100/1186 | Loss 2.43604 (Pin 0.90089 [q90 0.44045, q10 0.46044], MS 1.53515, Freq 0.00000, L1 1.97443, Spectral 0.37508, Gradient 0.65515) | LR 1.00e-05
2026-07-28 21:47:08,775 INFO Epoch 40 | Batch 1150/1186 | Loss 2.52622 (Pin 0.91942 [q90 0.44876, q10 0.47066], MS 1.60680, Freq 0.00000, L1 1.99869, Spectral 0.38244, Gradient 0.66364) | LR 1.00e-05
2026-07-28 21:48:00,128 INFO Epoch 40 | Val Loss 3.03943 (Pin 0.86281 [q90 0.42319, q10 0.43962], MS 2.17663, Freq 0.00000, L1 1.92202, Spectral 0.36641, Gradient 0.63301)
2026-07-28 21:48:00,128 INFO Epoch 40 | Coverage q10/q50/q90 = 0.081/0.482/0.902 (nominal .10/.50/.90) | extreme tail = 0.118/0.452/0.855
2026-07-28 21:48:00,595 INFO New best val loss: 3.03943 (saved checkpoints/best.pth)
2026-07-28 21:48:22,415 INFO Epoch 41 | Batch 50/1186 | Loss 2.51611 (Pin 0.92920 [q90 0.45473, q10 0.47447], MS 1.58691, Freq 0.00000, L1 2.03204, Spectral 0.39318, Gradient 0.67502) | LR 1.00e-05
2026-07-28 21:48:44,174 INFO Epoch 41 | Batch 100/1186 | Loss 2.40159 (Pin 0.88229 [q90 0.43138, q10 0.45091], MS 1.51930, Freq 0.00000, L1 1.94870, Spectral 0.37127, Gradient 0.64494) | LR 1.00e-05
2026-07-28 21:49:05,929 INFO Epoch 41 | Batch 150/1186 | Loss 2.53618 (Pin 0.90632 [q90 0.44106, q10 0.46526], MS 1.62987, Freq 0.00000, L1 2.00098, Spectral 0.37746, Gradient 0.65981) | LR 1.00e-05
2026-07-28 21:49:27,682 INFO Epoch 41 | Batch 200/1186 | Loss 2.44130 (Pin 0.88814 [q90 0.43388, q10 0.45426], MS 1.55316, Freq 0.00000, L1 1.98152, Spectral 0.38944, Gradient 0.67240) | LR 1.00e-05
2026-07-28 21:49:49,435 INFO Epoch 41 | Batch 250/1186 | Loss 2.56439 (Pin 0.92506 [q90 0.45042, q10 0.47464], MS 1.63932, Freq 0.00000, L1 2.02030, Spectral 0.39296, Gradient 0.67112) | LR 1.00e-05
2026-07-28 21:50:11,182 INFO Epoch 41 | Batch 300/1186 | Loss 2.44318 (Pin 0.90198 [q90 0.43739, q10 0.46459], MS 1.54120, Freq 0.00000, L1 1.98296, Spectral 0.39746, Gradient 0.67823) | LR 1.00e-05
2026-07-28 21:50:32,944 INFO Epoch 41 | Batch 350/1186 | Loss 2.44542 (Pin 0.91074 [q90 0.44470, q10 0.46604], MS 1.53468, Freq 0.00000, L1 1.96812, Spectral 0.37134, Gradient 0.64229) | LR 1.00e-05
2026-07-28 21:50:54,690 INFO Epoch 41 | Batch 400/1186 | Loss 2.51851 (Pin 0.90875 [q90 0.44127, q10 0.46749], MS 1.60975, Freq 0.00000, L1 1.99618, Spectral 0.39952, Gradient 0.68324) | LR 1.00e-05
2026-07-28 21:51:16,448 INFO Epoch 41 | Batch 450/1186 | Loss 2.45325 (Pin 0.91848 [q90 0.44619, q10 0.47229], MS 1.53476, Freq 0.00000, L1 2.02722, Spectral 0.39692, Gradient 0.68315) | LR 1.00e-05
2026-07-28 21:51:38,209 INFO Epoch 41 | Batch 500/1186 | Loss 2.43516 (Pin 0.87824 [q90 0.42527, q10 0.45297], MS 1.55692, Freq 0.00000, L1 1.92975, Spectral 0.38115, Gradient 0.64660) | LR 1.00e-05
2026-07-28 21:51:59,973 INFO Epoch 41 | Batch 550/1186 | Loss 2.49679 (Pin 0.92433 [q90 0.45049, q10 0.47384], MS 1.57246, Freq 0.00000, L1 2.02546, Spectral 0.38699, Gradient 0.66486) | LR 1.00e-05
2026-07-28 21:52:21,742 INFO Epoch 41 | Batch 600/1186 | Loss 2.59243 (Pin 0.94717 [q90 0.46107, q10 0.48610], MS 1.64526, Freq 0.00000, L1 2.08036, Spectral 0.39167, Gradient 0.67736) | LR 1.00e-05
2026-07-28 21:52:43,512 INFO Epoch 41 | Batch 650/1186 | Loss 2.46658 (Pin 0.88174 [q90 0.43598, q10 0.44576], MS 1.58484, Freq 0.00000, L1 1.94286, Spectral 0.39860, Gradient 0.67940) | LR 1.00e-05
2026-07-28 21:53:05,273 INFO Epoch 41 | Batch 700/1186 | Loss 2.48057 (Pin 0.92701 [q90 0.45577, q10 0.47125], MS 1.55356, Freq 0.00000, L1 2.00079, Spectral 0.38790, Gradient 0.67052) | LR 1.00e-05
2026-07-28 21:53:27,037 INFO Epoch 41 | Batch 750/1186 | Loss 2.50820 (Pin 0.91346 [q90 0.43968, q10 0.47378], MS 1.59475, Freq 0.00000, L1 1.98731, Spectral 0.37446, Gradient 0.65130) | LR 1.00e-05
2026-07-28 21:53:48,788 INFO Epoch 41 | Batch 800/1186 | Loss 2.39679 (Pin 0.88151 [q90 0.43848, q10 0.44304], MS 1.51528, Freq 0.00000, L1 1.95756, Spectral 0.38145, Gradient 0.65458) | LR 1.00e-05
2026-07-28 21:54:10,551 INFO Epoch 41 | Batch 850/1186 | Loss 2.53767 (Pin 0.91924 [q90 0.44133, q10 0.47791], MS 1.61843, Freq 0.00000, L1 2.01482, Spectral 0.39076, Gradient 0.67073) | LR 1.00e-05
2026-07-28 21:54:32,299 INFO Epoch 41 | Batch 900/1186 | Loss 2.52719 (Pin 0.93227 [q90 0.45729, q10 0.47498], MS 1.59492, Freq 0.00000, L1 2.01756, Spectral 0.38160, Gradient 0.66681) | LR 1.00e-05
2026-07-28 21:54:54,039 INFO Epoch 41 | Batch 950/1186 | Loss 2.53359 (Pin 0.89866 [q90 0.43490, q10 0.46376], MS 1.63493, Freq 0.00000, L1 2.00463, Spectral 0.39442, Gradient 0.68237) | LR 1.00e-05
2026-07-28 21:55:15,791 INFO Epoch 41 | Batch 1000/1186 | Loss 2.53532 (Pin 0.93091 [q90 0.46494, q10 0.46597], MS 1.60441, Freq 0.00000, L1 2.02145, Spectral 0.38221, Gradient 0.66064) | LR 1.00e-05
2026-07-28 21:55:37,556 INFO Epoch 41 | Batch 1050/1186 | Loss 2.54413 (Pin 0.91876 [q90 0.44582, q10 0.47294], MS 1.62537, Freq 0.00000, L1 2.02972, Spectral 0.39699, Gradient 0.68207) | LR 1.00e-05
2026-07-28 21:55:59,311 INFO Epoch 41 | Batch 1100/1186 | Loss 2.56415 (Pin 0.91474 [q90 0.44454, q10 0.47019], MS 1.64941, Freq 0.00000, L1 2.00801, Spectral 0.40233, Gradient 0.68621) | LR 1.00e-05
2026-07-28 21:56:21,077 INFO Epoch 41 | Batch 1150/1186 | Loss 2.42278 (Pin 0.88398 [q90 0.44096, q10 0.44302], MS 1.53880, Freq 0.00000, L1 1.96254, Spectral 0.37684, Gradient 0.64995) | LR 1.00e-05
2026-07-28 21:57:12,826 INFO Epoch 41 | Val Loss 3.03568 (Pin 0.86238 [q90 0.42263, q10 0.43976], MS 2.17329, Freq 0.00000, L1 1.92646, Spectral 0.36278, Gradient 0.63555)
2026-07-28 21:57:12,826 INFO Epoch 41 | Coverage q10/q50/q90 = 0.084/0.488/0.903 (nominal .10/.50/.90) | extreme tail = 0.123/0.464/0.861
2026-07-28 21:57:13,286 INFO New best val loss: 3.03568 (saved checkpoints/best.pth)
2026-07-28 21:57:35,099 INFO Epoch 42 | Batch 50/1186 | Loss 2.43993 (Pin 0.86556 [q90 0.41599, q10 0.44957], MS 1.57437, Freq 0.00000, L1 1.92279, Spectral 0.37593, Gradient 0.64587) | LR 1.00e-05
2026-07-28 21:57:56,857 INFO Epoch 42 | Batch 100/1186 | Loss 2.61451 (Pin 0.95569 [q90 0.46797, q10 0.48772], MS 1.65881, Freq 0.00000, L1 2.03936, Spectral 0.39253, Gradient 0.67540) | LR 1.00e-05
2026-07-28 21:58:18,621 INFO Epoch 42 | Batch 150/1186 | Loss 2.50275 (Pin 0.89637 [q90 0.43577, q10 0.46060], MS 1.60638, Freq 0.00000, L1 1.97494, Spectral 0.38288, Gradient 0.66501) | LR 1.00e-05
2026-07-28 21:58:40,378 INFO Epoch 42 | Batch 200/1186 | Loss 2.62643 (Pin 0.92014 [q90 0.44550, q10 0.47464], MS 1.70629, Freq 0.00000, L1 2.00119, Spectral 0.39147, Gradient 0.67409) | LR 1.00e-05
2026-07-28 21:59:02,113 INFO Epoch 42 | Batch 250/1186 | Loss 2.47558 (Pin 0.87702 [q90 0.43400, q10 0.44302], MS 1.59856, Freq 0.00000, L1 1.95687, Spectral 0.39782, Gradient 0.67851) | LR 1.00e-05
2026-07-28 21:59:23,866 INFO Epoch 42 | Batch 300/1186 | Loss 2.41460 (Pin 0.87721 [q90 0.42976, q10 0.44745], MS 1.53739, Freq 0.00000, L1 1.92788, Spectral 0.39483, Gradient 0.67007) | LR 1.00e-05
2026-07-28 21:59:45,620 INFO Epoch 42 | Batch 350/1186 | Loss 2.59194 (Pin 0.96565 [q90 0.47404, q10 0.49161], MS 1.62629, Freq 0.00000, L1 2.09980, Spectral 0.39763, Gradient 0.68136) | LR 1.00e-05
2026-07-28 22:00:07,373 INFO Epoch 42 | Batch 400/1186 | Loss 2.47726 (Pin 0.91394 [q90 0.44543, q10 0.46851], MS 1.56332, Freq 0.00000, L1 2.03133, Spectral 0.37794, Gradient 0.66299) | LR 1.00e-05
2026-07-28 22:00:29,128 INFO Epoch 42 | Batch 450/1186 | Loss 2.45354 (Pin 0.92812 [q90 0.45481, q10 0.47331], MS 1.52542, Freq 0.00000, L1 2.03706, Spectral 0.39112, Gradient 0.67085) | LR 1.00e-05
2026-07-28 22:00:50,881 INFO Epoch 42 | Batch 500/1186 | Loss 2.47406 (Pin 0.88940 [q90 0.43421, q10 0.45519], MS 1.58466, Freq 0.00000, L1 1.95911, Spectral 0.38609, Gradient 0.65786) | LR 1.00e-05
2026-07-28 22:01:12,653 INFO Epoch 42 | Batch 550/1186 | Loss 2.56175 (Pin 0.92902 [q90 0.45048, q10 0.47853], MS 1.63274, Freq 0.00000, L1 2.02844, Spectral 0.37813, Gradient 0.65605) | LR 1.00e-05
2026-07-28 22:01:34,418 INFO Epoch 42 | Batch 600/1186 | Loss 2.51082 (Pin 0.93656 [q90 0.45759, q10 0.47897], MS 1.57426, Freq 0.00000, L1 2.03523, Spectral 0.39866, Gradient 0.68004) | LR 1.00e-05
2026-07-28 22:01:56,170 INFO Epoch 42 | Batch 650/1186 | Loss 2.49166 (Pin 0.90711 [q90 0.44204, q10 0.46507], MS 1.58455, Freq 0.00000, L1 2.00051, Spectral 0.40126, Gradient 0.67787) | LR 1.00e-05
2026-07-28 22:02:17,922 INFO Epoch 42 | Batch 700/1186 | Loss 2.33680 (Pin 0.85937 [q90 0.42162, q10 0.43775], MS 1.47744, Freq 0.00000, L1 1.89862, Spectral 0.38290, Gradient 0.65435) | LR 1.00e-05
2026-07-28 22:02:39,687 INFO Epoch 42 | Batch 750/1186 | Loss 2.66013 (Pin 0.93871 [q90 0.45148, q10 0.48723], MS 1.72142, Freq 0.00000, L1 2.01454, Spectral 0.37987, Gradient 0.65436) | LR 1.00e-05
2026-07-28 22:03:01,445 INFO Epoch 42 | Batch 800/1186 | Loss 2.51296 (Pin 0.89445 [q90 0.43517, q10 0.45927], MS 1.61851, Freq 0.00000, L1 1.98470, Spectral 0.39414, Gradient 0.66860) | LR 1.00e-05
2026-07-28 22:03:23,208 INFO Epoch 42 | Batch 850/1186 | Loss 2.44406 (Pin 0.89609 [q90 0.43430, q10 0.46179], MS 1.54797, Freq 0.00000, L1 1.98559, Spectral 0.38292, Gradient 0.66050) | LR 1.00e-05
2026-07-28 22:03:44,960 INFO Epoch 42 | Batch 900/1186 | Loss 2.42693 (Pin 0.89279 [q90 0.43850, q10 0.45429], MS 1.53414, Freq 0.00000, L1 1.96915, Spectral 0.39247, Gradient 0.66850) | LR 1.00e-05
2026-07-28 22:04:06,708 INFO Epoch 42 | Batch 950/1186 | Loss 2.45974 (Pin 0.89929 [q90 0.44356, q10 0.45572], MS 1.56045, Freq 0.00000, L1 1.98063, Spectral 0.38546, Gradient 0.66438) | LR 1.00e-05
2026-07-28 22:04:28,454 INFO Epoch 42 | Batch 1000/1186 | Loss 2.50965 (Pin 0.94080 [q90 0.45828, q10 0.48252], MS 1.56885, Freq 0.00000, L1 2.03704, Spectral 0.37018, Gradient 0.64638) | LR 1.00e-05
2026-07-28 22:04:50,204 INFO Epoch 42 | Batch 1050/1186 | Loss 2.56944 (Pin 0.92740 [q90 0.45099, q10 0.47640], MS 1.64204, Freq 0.00000, L1 2.02588, Spectral 0.38330, Gradient 0.66128) | LR 1.00e-05
2026-07-28 22:05:11,963 INFO Epoch 42 | Batch 1100/1186 | Loss 2.47686 (Pin 0.90876 [q90 0.44652, q10 0.46224], MS 1.56810, Freq 0.00000, L1 1.97479, Spectral 0.35924, Gradient 0.63241) | LR 1.00e-05
2026-07-28 22:05:33,722 INFO Epoch 42 | Batch 1150/1186 | Loss 2.54634 (Pin 0.92288 [q90 0.45270, q10 0.47018], MS 1.62346, Freq 0.00000, L1 2.06035, Spectral 0.39965, Gradient 0.69504) | LR 1.00e-05
2026-07-28 22:06:25,000 INFO Epoch 42 | Val Loss 3.09919 (Pin 0.86028 [q90 0.42332, q10 0.43696], MS 2.23891, Freq 0.00000, L1 1.89203, Spectral 0.35805, Gradient 0.61035)
2026-07-28 22:06:25,000 INFO Epoch 42 | Coverage q10/q50/q90 = 0.085/0.490/0.901 (nominal .10/.50/.90) | extreme tail = 0.118/0.467/0.864
2026-07-28 22:06:47,053 INFO Epoch 43 | Batch 50/1186 | Loss 2.41569 (Pin 0.90102 [q90 0.44984, q10 0.45118], MS 1.51467, Freq 0.00000, L1 1.97336, Spectral 0.37611, Gradient 0.65566) | LR 1.00e-05
2026-07-28 22:07:08,795 INFO Epoch 43 | Batch 100/1186 | Loss 2.47230 (Pin 0.90767 [q90 0.44382, q10 0.46385], MS 1.56464, Freq 0.00000, L1 2.00465, Spectral 0.38958, Gradient 0.67079) | LR 1.00e-05
2026-07-28 22:07:30,556 INFO Epoch 43 | Batch 150/1186 | Loss 2.48288 (Pin 0.91270 [q90 0.45228, q10 0.46042], MS 1.57018, Freq 0.00000, L1 1.97524, Spectral 0.38042, Gradient 0.64927) | LR 1.00e-05
2026-07-28 22:07:52,297 INFO Epoch 43 | Batch 200/1186 | Loss 2.38936 (Pin 0.89675 [q90 0.43504, q10 0.46171], MS 1.49261, Freq 0.00000, L1 1.97831, Spectral 0.38610, Gradient 0.66021) | LR 1.00e-05
2026-07-28 22:08:14,042 INFO Epoch 43 | Batch 250/1186 | Loss 2.38249 (Pin 0.88303 [q90 0.43299, q10 0.45004], MS 1.49946, Freq 0.00000, L1 1.97445, Spectral 0.39559, Gradient 0.68003) | LR 1.00e-05
2026-07-28 22:08:35,795 INFO Epoch 43 | Batch 300/1186 | Loss 2.54701 (Pin 0.91795 [q90 0.44304, q10 0.47491], MS 1.62907, Freq 0.00000, L1 2.03674, Spectral 0.39259, Gradient 0.67416) | LR 1.00e-05
2026-07-28 22:08:57,553 INFO Epoch 43 | Batch 350/1186 | Loss 2.37709 (Pin 0.88178 [q90 0.42487, q10 0.45691], MS 1.49530, Freq 0.00000, L1 1.95322, Spectral 0.36748, Gradient 0.63251) | LR 1.00e-05
2026-07-28 22:09:19,314 INFO Epoch 43 | Batch 400/1186 | Loss 2.42105 (Pin 0.89585 [q90 0.43433, q10 0.46151], MS 1.52520, Freq 0.00000, L1 1.97067, Spectral 0.39619, Gradient 0.67710) | LR 1.00e-05
2026-07-28 22:09:41,076 INFO Epoch 43 | Batch 450/1186 | Loss 2.48220 (Pin 0.90323 [q90 0.44359, q10 0.45964], MS 1.57897, Freq 0.00000, L1 2.00149, Spectral 0.38652, Gradient 0.66497) | LR 1.00e-05
2026-07-28 22:10:02,837 INFO Epoch 43 | Batch 500/1186 | Loss 2.47616 (Pin 0.89169 [q90 0.42898, q10 0.46270], MS 1.58447, Freq 0.00000, L1 1.98693, Spectral 0.39403, Gradient 0.67310) | LR 1.00e-05
2026-07-28 22:10:24,599 INFO Epoch 43 | Batch 550/1186 | Loss 2.50599 (Pin 0.93876 [q90 0.45775, q10 0.48101], MS 1.56723, Freq 0.00000, L1 2.03002, Spectral 0.37711, Gradient 0.65514) | LR 1.00e-05
2026-07-28 22:10:46,347 INFO Epoch 43 | Batch 600/1186 | Loss 2.35576 (Pin 0.87482 [q90 0.42694, q10 0.44788], MS 1.48093, Freq 0.00000, L1 1.94564, Spectral 0.37700, Gradient 0.64936) | LR 1.00e-05
2026-07-28 22:11:08,117 INFO Epoch 43 | Batch 650/1186 | Loss 2.47807 (Pin 0.90894 [q90 0.44100, q10 0.46794], MS 1.56914, Freq 0.00000, L1 2.01217, Spectral 0.39100, Gradient 0.67416) | LR 1.00e-05
2026-07-28 22:11:29,877 INFO Epoch 43 | Batch 700/1186 | Loss 2.57342 (Pin 0.93251 [q90 0.45720, q10 0.47531], MS 1.64091, Freq 0.00000, L1 2.03341, Spectral 0.38919, Gradient 0.66660) | LR 1.00e-05
2026-07-28 22:11:51,653 INFO Epoch 43 | Batch 750/1186 | Loss 2.63258 (Pin 0.94421 [q90 0.46081, q10 0.48340], MS 1.68838, Freq 0.00000, L1 2.07138, Spectral 0.41212, Gradient 0.70911) | LR 1.00e-05
2026-07-28 22:12:13,407 INFO Epoch 43 | Batch 800/1186 | Loss 2.49829 (Pin 0.91716 [q90 0.44885, q10 0.46831], MS 1.58113, Freq 0.00000, L1 2.01408, Spectral 0.39805, Gradient 0.68388) | LR 1.00e-05
2026-07-28 22:12:35,158 INFO Epoch 43 | Batch 850/1186 | Loss 2.44459 (Pin 0.90595 [q90 0.44660, q10 0.45934], MS 1.53865, Freq 0.00000, L1 1.99790, Spectral 0.39084, Gradient 0.66910) | LR 1.00e-05
2026-07-28 22:12:56,916 INFO Epoch 43 | Batch 900/1186 | Loss 2.49033 (Pin 0.93204 [q90 0.45038, q10 0.48166], MS 1.55829, Freq 0.00000, L1 2.03957, Spectral 0.37895, Gradient 0.66128) | LR 1.00e-05
2026-07-28 22:13:18,674 INFO Epoch 43 | Batch 950/1186 | Loss 2.47921 (Pin 0.91434 [q90 0.44600, q10 0.46834], MS 1.56488, Freq 0.00000, L1 2.02495, Spectral 0.39672, Gradient 0.68429) | LR 1.00e-05
2026-07-28 22:13:40,559 INFO Epoch 43 | Batch 1000/1186 | Loss 2.38875 (Pin 0.86312 [q90 0.42037, q10 0.44274], MS 1.52563, Freq 0.00000, L1 1.91398, Spectral 0.38476, Gradient 0.65860) | LR 1.00e-05
2026-07-28 22:14:02,313 INFO Epoch 43 | Batch 1050/1186 | Loss 2.51735 (Pin 0.91651 [q90 0.45106, q10 0.46545], MS 1.60084, Freq 0.00000, L1 1.99450, Spectral 0.39015, Gradient 0.66891) | LR 1.00e-05
2026-07-28 22:14:24,076 INFO Epoch 43 | Batch 1100/1186 | Loss 2.51527 (Pin 0.95320 [q90 0.47428, q10 0.47892], MS 1.56207, Freq 0.00000, L1 2.05288, Spectral 0.39122, Gradient 0.67728) | LR 1.00e-05
2026-07-28 22:14:45,846 INFO Epoch 43 | Batch 1150/1186 | Loss 2.56562 (Pin 0.93786 [q90 0.45506, q10 0.48280], MS 1.62776, Freq 0.00000, L1 2.02432, Spectral 0.37900, Gradient 0.65421) | LR 1.00e-05
2026-07-28 22:15:37,247 INFO Epoch 43 | Val Loss 3.01935 (Pin 0.86627 [q90 0.42345, q10 0.44282], MS 2.15307, Freq 0.00000, L1 1.91758, Spectral 0.35810, Gradient 0.61917)
2026-07-28 22:15:37,248 INFO Epoch 43 | Coverage q10/q50/q90 = 0.077/0.476/0.898 (nominal .10/.50/.90) | extreme tail = 0.112/0.451/0.851
2026-07-28 22:15:37,695 INFO New best val loss: 3.01935 (saved checkpoints/best.pth)
2026-07-28 22:15:59,527 INFO Epoch 44 | Batch 50/1186 | Loss 2.49566 (Pin 0.89602 [q90 0.43512, q10 0.46089], MS 1.59964, Freq 0.00000, L1 1.97603, Spectral 0.38001, Gradient 0.65580) | LR 1.00e-05
2026-07-28 22:16:21,291 INFO Epoch 44 | Batch 100/1186 | Loss 2.59820 (Pin 0.92577 [q90 0.45527, q10 0.47050], MS 1.67243, Freq 0.00000, L1 2.04437, Spectral 0.40173, Gradient 0.68038) | LR 1.00e-05
2026-07-28 22:16:43,047 INFO Epoch 44 | Batch 150/1186 | Loss 2.44257 (Pin 0.91429 [q90 0.44841, q10 0.46588], MS 1.52828, Freq 0.00000, L1 1.98681, Spectral 0.37933, Gradient 0.65609) | LR 1.00e-05
2026-07-28 22:17:04,811 INFO Epoch 44 | Batch 200/1186 | Loss 2.58700 (Pin 0.90357 [q90 0.43707, q10 0.46650], MS 1.68343, Freq 0.00000, L1 1.99695, Spectral 0.39953, Gradient 0.68099) | LR 1.00e-05
2026-07-28 22:17:26,585 INFO Epoch 44 | Batch 250/1186 | Loss 2.50954 (Pin 0.90149 [q90 0.44289, q10 0.45859], MS 1.60805, Freq 0.00000, L1 1.98127, Spectral 0.38148, Gradient 0.65816) | LR 1.00e-05
2026-07-28 22:17:48,346 INFO Epoch 44 | Batch 300/1186 | Loss 2.38851 (Pin 0.87352 [q90 0.42877, q10 0.44476], MS 1.51498, Freq 0.00000, L1 1.94242, Spectral 0.36367, Gradient 0.63173) | LR 1.00e-05
2026-07-28 22:18:10,096 INFO Epoch 44 | Batch 350/1186 | Loss 2.59738 (Pin 0.96045 [q90 0.47077, q10 0.48968], MS 1.63693, Freq 0.00000, L1 2.06560, Spectral 0.39142, Gradient 0.66911) | LR 1.00e-05
2026-07-28 22:18:31,860 INFO Epoch 44 | Batch 400/1186 | Loss 2.48381 (Pin 0.90899 [q90 0.44211, q10 0.46689], MS 1.57482, Freq 0.00000, L1 2.00985, Spectral 0.38513, Gradient 0.67190) | LR 1.00e-05
2026-07-28 22:18:53,620 INFO Epoch 44 | Batch 450/1186 | Loss 2.50274 (Pin 0.89723 [q90 0.43262, q10 0.46461], MS 1.60551, Freq 0.00000, L1 1.96118, Spectral 0.37236, Gradient 0.64785) | LR 1.00e-05
2026-07-28 22:19:15,392 INFO Epoch 44 | Batch 500/1186 | Loss 2.46363 (Pin 0.91554 [q90 0.45050, q10 0.46503], MS 1.54809, Freq 0.00000, L1 2.00117, Spectral 0.38692, Gradient 0.66764) | LR 1.00e-05
2026-07-28 22:19:37,139 INFO Epoch 44 | Batch 550/1186 | Loss 2.35726 (Pin 0.86925 [q90 0.42766, q10 0.44159], MS 1.48801, Freq 0.00000, L1 1.92342, Spectral 0.37548, Gradient 0.64763) | LR 1.00e-05
2026-07-28 22:19:58,905 INFO Epoch 44 | Batch 600/1186 | Loss 2.46020 (Pin 0.90883 [q90 0.43912, q10 0.46970], MS 1.55137, Freq 0.00000, L1 2.00375, Spectral 0.38203, Gradient 0.65649) | LR 1.00e-05
2026-07-28 22:20:20,664 INFO Epoch 44 | Batch 650/1186 | Loss 2.49498 (Pin 0.93408 [q90 0.45611, q10 0.47797], MS 1.56089, Freq 0.00000, L1 2.04248, Spectral 0.38650, Gradient 0.66923) | LR 1.00e-05
2026-07-28 22:20:42,452 INFO Epoch 44 | Batch 700/1186 | Loss 2.35940 (Pin 0.89184 [q90 0.43355, q10 0.45829], MS 1.46756, Freq 0.00000, L1 1.96790, Spectral 0.37811, Gradient 0.65280) | LR 1.00e-05
2026-07-28 22:21:04,244 INFO Epoch 44 | Batch 750/1186 | Loss 2.45370 (Pin 0.91876 [q90 0.44781, q10 0.47095], MS 1.53493, Freq 0.00000, L1 2.04314, Spectral 0.40341, Gradient 0.69522) | LR 1.00e-05
2026-07-28 22:21:26,020 INFO Epoch 44 | Batch 800/1186 | Loss 2.47371 (Pin 0.90503 [q90 0.43674, q10 0.46829], MS 1.56868, Freq 0.00000, L1 2.00131, Spectral 0.38757, Gradient 0.67296) | LR 1.00e-05
2026-07-28 22:21:47,785 INFO Epoch 44 | Batch 850/1186 | Loss 2.46990 (Pin 0.89744 [q90 0.43349, q10 0.46395], MS 1.57246, Freq 0.00000, L1 1.97549, Spectral 0.38412, Gradient 0.66333) | LR 1.00e-05
2026-07-28 22:22:09,544 INFO Epoch 44 | Batch 900/1186 | Loss 2.49781 (Pin 0.89860 [q90 0.44214, q10 0.45645], MS 1.59921, Freq 0.00000, L1 1.99122, Spectral 0.38310, Gradient 0.66198) | LR 1.00e-05
2026-07-28 22:22:31,269 INFO Epoch 44 | Batch 950/1186 | Loss 2.42043 (Pin 0.91411 [q90 0.44372, q10 0.47040], MS 1.50632, Freq 0.00000, L1 1.99686, Spectral 0.39135, Gradient 0.67780) | LR 1.00e-05
2026-07-28 22:22:53,017 INFO Epoch 44 | Batch 1000/1186 | Loss 2.47532 (Pin 0.91745 [q90 0.44821, q10 0.46924], MS 1.55787, Freq 0.00000, L1 2.00999, Spectral 0.39889, Gradient 0.68341) | LR 1.00e-05
2026-07-28 22:23:14,765 INFO Epoch 44 | Batch 1050/1186 | Loss 2.44151 (Pin 0.89064 [q90 0.44253, q10 0.44810], MS 1.55087, Freq 0.00000, L1 1.95993, Spectral 0.39057, Gradient 0.66633) | LR 1.00e-05
2026-07-28 22:23:36,537 INFO Epoch 44 | Batch 1100/1186 | Loss 2.50444 (Pin 0.90922 [q90 0.44747, q10 0.46175], MS 1.59522, Freq 0.00000, L1 1.98782, Spectral 0.39699, Gradient 0.68406) | LR 1.00e-05
2026-07-28 22:23:58,313 INFO Epoch 44 | Batch 1150/1186 | Loss 2.54123 (Pin 0.92840 [q90 0.45056, q10 0.47785], MS 1.61283, Freq 0.00000, L1 2.05201, Spectral 0.39335, Gradient 0.67082) | LR 1.00e-05
2026-07-28 22:24:50,068 INFO Epoch 44 | Val Loss 3.04424 (Pin 0.86350 [q90 0.42386, q10 0.43964], MS 2.18074, Freq 0.00000, L1 1.94220, Spectral 0.36743, Gradient 0.63793)
2026-07-28 22:24:50,068 INFO Epoch 44 | Coverage q10/q50/q90 = 0.077/0.486/0.902 (nominal .10/.50/.90) | extreme tail = 0.116/0.461/0.852
2026-07-28 22:25:12,117 INFO Epoch 45 | Batch 50/1186 | Loss 2.33140 (Pin 0.86474 [q90 0.41784, q10 0.44689], MS 1.46666, Freq 0.00000, L1 1.94168, Spectral 0.38303, Gradient 0.66028) | LR 1.00e-05
2026-07-28 22:25:33,868 INFO Epoch 45 | Batch 100/1186 | Loss 2.53243 (Pin 0.91877 [q90 0.44876, q10 0.47000], MS 1.61366, Freq 0.00000, L1 2.00360, Spectral 0.37523, Gradient 0.65088) | LR 1.00e-05
2026-07-28 22:25:55,597 INFO Epoch 45 | Batch 150/1186 | Loss 2.44463 (Pin 0.90185 [q90 0.44151, q10 0.46034], MS 1.54278, Freq 0.00000, L1 1.96300, Spectral 0.38937, Gradient 0.66372) | LR 1.00e-05
2026-07-28 22:26:17,332 INFO Epoch 45 | Batch 200/1186 | Loss 2.52967 (Pin 0.96697 [q90 0.47203, q10 0.49494], MS 1.56270, Freq 0.00000, L1 2.06472, Spectral 0.38097, Gradient 0.67243) | LR 1.00e-05
2026-07-28 22:26:39,061 INFO Epoch 45 | Batch 250/1186 | Loss 2.43755 (Pin 0.89096 [q90 0.43849, q10 0.45247], MS 1.54660, Freq 0.00000, L1 1.98723, Spectral 0.39193, Gradient 0.67017) | LR 1.00e-05
2026-07-28 22:27:00,792 INFO Epoch 45 | Batch 300/1186 | Loss 2.51622 (Pin 0.91534 [q90 0.44278, q10 0.47255], MS 1.60088, Freq 0.00000, L1 2.02625, Spectral 0.38788, Gradient 0.67040) | LR 1.00e-05
2026-07-28 22:27:22,527 INFO Epoch 45 | Batch 350/1186 | Loss 2.49782 (Pin 0.93231 [q90 0.45407, q10 0.47824], MS 1.56551, Freq 0.00000, L1 2.02690, Spectral 0.40233, Gradient 0.68555) | LR 1.00e-05
2026-07-28 22:27:44,258 INFO Epoch 45 | Batch 400/1186 | Loss 2.43940 (Pin 0.90104 [q90 0.44227, q10 0.45876], MS 1.53837, Freq 0.00000, L1 1.98906, Spectral 0.38304, Gradient 0.65803) | LR 1.00e-05
2026-07-28 22:28:05,974 INFO Epoch 45 | Batch 450/1186 | Loss 2.45402 (Pin 0.87916 [q90 0.43450, q10 0.44466], MS 1.57486, Freq 0.00000, L1 1.95001, Spectral 0.38855, Gradient 0.66139) | LR 1.00e-05
2026-07-28 22:28:27,696 INFO Epoch 45 | Batch 500/1186 | Loss 2.52997 (Pin 0.94016 [q90 0.45513, q10 0.48503], MS 1.58981, Freq 0.00000, L1 2.06160, Spectral 0.40262, Gradient 0.69228) | LR 1.00e-05
2026-07-28 22:28:49,443 INFO Epoch 45 | Batch 550/1186 | Loss 2.48429 (Pin 0.89938 [q90 0.43818, q10 0.46120], MS 1.58491, Freq 0.00000, L1 1.97694, Spectral 0.39466, Gradient 0.66188) | LR 1.00e-05
2026-07-28 22:29:11,176 INFO Epoch 45 | Batch 600/1186 | Loss 2.44794 (Pin 0.91172 [q90 0.44257, q10 0.46915], MS 1.53622, Freq 0.00000, L1 2.00493, Spectral 0.37618, Gradient 0.65576) | LR 1.00e-05
2026-07-28 22:29:32,894 INFO Epoch 45 | Batch 650/1186 | Loss 2.48638 (Pin 0.90881 [q90 0.44469, q10 0.46412], MS 1.57758, Freq 0.00000, L1 2.00744, Spectral 0.37287, Gradient 0.64948) | LR 1.00e-05
2026-07-28 22:29:54,601 INFO Epoch 45 | Batch 700/1186 | Loss 2.41672 (Pin 0.89486 [q90 0.44643, q10 0.44843], MS 1.52187, Freq 0.00000, L1 1.97538, Spectral 0.40104, Gradient 0.68084) | LR 1.00e-05
2026-07-28 22:30:16,319 INFO Epoch 45 | Batch 750/1186 | Loss 2.49996 (Pin 0.92400 [q90 0.44930, q10 0.47470], MS 1.57596, Freq 0.00000, L1 2.00108, Spectral 0.37858, Gradient 0.65648) | LR 1.00e-05
2026-07-28 22:30:38,066 INFO Epoch 45 | Batch 800/1186 | Loss 2.47015 (Pin 0.89879 [q90 0.44381, q10 0.45498], MS 1.57137, Freq 0.00000, L1 1.95799, Spectral 0.37713, Gradient 0.64844) | LR 1.00e-05
2026-07-28 22:30:59,816 INFO Epoch 45 | Batch 850/1186 | Loss 2.47070 (Pin 0.90117 [q90 0.43495, q10 0.46622], MS 1.56953, Freq 0.00000, L1 1.98384, Spectral 0.39643, Gradient 0.67636) | LR 1.00e-05
2026-07-28 22:31:21,547 INFO Epoch 45 | Batch 900/1186 | Loss 2.41983 (Pin 0.91389 [q90 0.44759, q10 0.46630], MS 1.50594, Freq 0.00000, L1 2.00340, Spectral 0.38509, Gradient 0.66918) | LR 1.00e-05
2026-07-28 22:31:43,301 INFO Epoch 45 | Batch 950/1186 | Loss 2.37551 (Pin 0.88902 [q90 0.43978, q10 0.44924], MS 1.48649, Freq 0.00000, L1 1.95821, Spectral 0.37492, Gradient 0.64836) | LR 1.00e-05
2026-07-28 22:32:05,068 INFO Epoch 45 | Batch 1000/1186 | Loss 2.55817 (Pin 0.94479 [q90 0.45891, q10 0.48588], MS 1.61338, Freq 0.00000, L1 2.05776, Spectral 0.39377, Gradient 0.68408) | LR 1.00e-05
2026-07-28 22:32:26,837 INFO Epoch 45 | Batch 1050/1186 | Loss 2.60381 (Pin 0.93568 [q90 0.45072, q10 0.48496], MS 1.66813, Freq 0.00000, L1 2.01829, Spectral 0.38789, Gradient 0.66187) | LR 1.00e-05
2026-07-28 22:32:48,595 INFO Epoch 45 | Batch 1100/1186 | Loss 2.48307 (Pin 0.89863 [q90 0.43627, q10 0.46236], MS 1.58445, Freq 0.00000, L1 1.99133, Spectral 0.39781, Gradient 0.67571) | LR 1.00e-05
2026-07-28 22:33:10,366 INFO Epoch 45 | Batch 1150/1186 | Loss 2.50462 (Pin 0.90839 [q90 0.43899, q10 0.46940], MS 1.59622, Freq 0.00000, L1 1.97634, Spectral 0.38252, Gradient 0.64956) | LR 1.00e-05
2026-07-28 22:34:01,725 INFO Epoch 45 | Val Loss 3.02200 (Pin 0.86111 [q90 0.42350, q10 0.43761], MS 2.16089, Freq 0.00000, L1 1.91173, Spectral 0.36555, Gradient 0.62541)
2026-07-28 22:34:01,726 INFO Epoch 45 | Coverage q10/q50/q90 = 0.079/0.489/0.896 (nominal .10/.50/.90) | extreme tail = 0.125/0.471/0.852
2026-07-28 22:34:23,769 INFO Epoch 46 | Batch 50/1186 | Loss 2.47534 (Pin 0.89554 [q90 0.43431, q10 0.46124], MS 1.57980, Freq 0.00000, L1 1.98302, Spectral 0.40026, Gradient 0.68634) | LR 1.00e-05
2026-07-28 22:34:45,534 INFO Epoch 46 | Batch 100/1186 | Loss 2.48283 (Pin 0.89432 [q90 0.43608, q10 0.45824], MS 1.58851, Freq 0.00000, L1 1.97281, Spectral 0.38583, Gradient 0.66646) | LR 1.00e-05
2026-07-28 22:35:07,309 INFO Epoch 46 | Batch 150/1186 | Loss 2.47645 (Pin 0.90564 [q90 0.44070, q10 0.46494], MS 1.57080, Freq 0.00000, L1 1.97437, Spectral 0.38560, Gradient 0.65593) | LR 1.00e-05
2026-07-28 22:35:29,071 INFO Epoch 46 | Batch 200/1186 | Loss 2.41739 (Pin 0.89264 [q90 0.44118, q10 0.45147], MS 1.52474, Freq 0.00000, L1 1.95695, Spectral 0.37586, Gradient 0.65183) | LR 1.00e-05
2026-07-28 22:35:50,839 INFO Epoch 46 | Batch 250/1186 | Loss 2.45509 (Pin 0.91908 [q90 0.44706, q10 0.47202], MS 1.53601, Freq 0.00000, L1 2.02359, Spectral 0.37689, Gradient 0.65362) | LR 1.00e-05
2026-07-28 22:36:12,600 INFO Epoch 46 | Batch 300/1186 | Loss 2.61675 (Pin 0.91088 [q90 0.44896, q10 0.46192], MS 1.70587, Freq 0.00000, L1 1.99441, Spectral 0.38031, Gradient 0.66178) | LR 1.00e-05
2026-07-28 22:36:34,362 INFO Epoch 46 | Batch 350/1186 | Loss 2.40043 (Pin 0.86414 [q90 0.42333, q10 0.44081], MS 1.53628, Freq 0.00000, L1 1.91951, Spectral 0.38089, Gradient 0.65546) | LR 1.00e-05
2026-07-28 22:36:56,123 INFO Epoch 46 | Batch 400/1186 | Loss 2.42693 (Pin 0.88787 [q90 0.44122, q10 0.44665], MS 1.53907, Freq 0.00000, L1 1.95283, Spectral 0.38195, Gradient 0.65586) | LR 1.00e-05
2026-07-28 22:37:17,895 INFO Epoch 46 | Batch 450/1186 | Loss 2.49940 (Pin 0.91420 [q90 0.44291, q10 0.47129], MS 1.58519, Freq 0.00000, L1 2.00845, Spectral 0.38674, Gradient 0.66264) | LR 1.00e-05
2026-07-28 22:37:39,666 INFO Epoch 46 | Batch 500/1186 | Loss 2.48272 (Pin 0.92056 [q90 0.45168, q10 0.46888], MS 1.56216, Freq 0.00000, L1 2.01594, Spectral 0.38695, Gradient 0.65707) | LR 1.00e-05
2026-07-28 22:38:01,422 INFO Epoch 46 | Batch 550/1186 | Loss 2.49137 (Pin 0.89580 [q90 0.44534, q10 0.45046], MS 1.59556, Freq 0.00000, L1 1.95823, Spectral 0.38578, Gradient 0.65266) | LR 1.00e-05
2026-07-28 22:38:23,192 INFO Epoch 46 | Batch 600/1186 | Loss 2.43107 (Pin 0.85745 [q90 0.42079, q10 0.43667], MS 1.57361, Freq 0.00000, L1 1.89297, Spectral 0.36571, Gradient 0.63234) | LR 1.00e-05
2026-07-28 22:38:44,952 INFO Epoch 46 | Batch 650/1186 | Loss 2.54789 (Pin 0.93868 [q90 0.45474, q10 0.48393], MS 1.60921, Freq 0.00000, L1 2.06114, Spectral 0.39624, Gradient 0.68485) | LR 1.00e-05
2026-07-28 22:39:06,723 INFO Epoch 46 | Batch 700/1186 | Loss 2.52063 (Pin 0.94130 [q90 0.45828, q10 0.48302], MS 1.57933, Freq 0.00000, L1 2.07132, Spectral 0.38930, Gradient 0.67916) | LR 1.00e-05
2026-07-28 22:39:28,487 INFO Epoch 46 | Batch 750/1186 | Loss 2.48579 (Pin 0.93982 [q90 0.45479, q10 0.48503], MS 1.54597, Freq 0.00000, L1 2.04224, Spectral 0.37300, Gradient 0.65103) | LR 1.00e-05
2026-07-28 22:39:50,250 INFO Epoch 46 | Batch 800/1186 | Loss 2.56263 (Pin 0.92627 [q90 0.45121, q10 0.47506], MS 1.63636, Freq 0.00000, L1 2.00268, Spectral 0.37417, Gradient 0.65038) | LR 1.00e-05
2026-07-28 22:40:12,005 INFO Epoch 46 | Batch 850/1186 | Loss 2.52011 (Pin 0.90715 [q90 0.44727, q10 0.45988], MS 1.61296, Freq 0.00000, L1 1.97836, Spectral 0.36789, Gradient 0.64896) | LR 1.00e-05
2026-07-28 22:40:33,769 INFO Epoch 46 | Batch 900/1186 | Loss 2.44342 (Pin 0.89810 [q90 0.44507, q10 0.45303], MS 1.54532, Freq 0.00000, L1 2.03115, Spectral 0.41083, Gradient 0.69929) | LR 1.00e-05
2026-07-28 22:40:55,529 INFO Epoch 46 | Batch 950/1186 | Loss 2.39736 (Pin 0.88969 [q90 0.42781, q10 0.46188], MS 1.50767, Freq 0.00000, L1 1.97085, Spectral 0.40237, Gradient 0.67682) | LR 1.00e-05
2026-07-28 22:41:17,287 INFO Epoch 46 | Batch 1000/1186 | Loss 2.49389 (Pin 0.93646 [q90 0.45581, q10 0.48065], MS 1.55743, Freq 0.00000, L1 2.01630, Spectral 0.37126, Gradient 0.65268) | LR 1.00e-05
2026-07-28 22:41:39,037 INFO Epoch 46 | Batch 1050/1186 | Loss 2.46137 (Pin 0.90356 [q90 0.43761, q10 0.46595], MS 1.55781, Freq 0.00000, L1 1.98796, Spectral 0.38185, Gradient 0.65258) | LR 1.00e-05
2026-07-28 22:42:00,800 INFO Epoch 46 | Batch 1100/1186 | Loss 2.51935 (Pin 0.93084 [q90 0.45578, q10 0.47506], MS 1.58850, Freq 0.00000, L1 2.01779, Spectral 0.39734, Gradient 0.67811) | LR 1.00e-05
2026-07-28 22:42:22,549 INFO Epoch 46 | Batch 1150/1186 | Loss 2.48288 (Pin 0.91391 [q90 0.44143, q10 0.47247], MS 1.56898, Freq 0.00000, L1 2.00378, Spectral 0.39827, Gradient 0.67788) | LR 1.00e-05
2026-07-28 22:43:14,266 INFO Epoch 46 | Val Loss 3.02997 (Pin 0.85850 [q90 0.42171, q10 0.43678], MS 2.17147, Freq 0.00000, L1 1.90564, Spectral 0.35951, Gradient 0.61947)
2026-07-28 22:43:14,266 INFO Epoch 46 | Coverage q10/q50/q90 = 0.095/0.507/0.905 (nominal .10/.50/.90) | extreme tail = 0.125/0.474/0.859
2026-07-28 22:43:36,352 INFO Epoch 47 | Batch 50/1186 | Loss 2.41585 (Pin 0.89646 [q90 0.43853, q10 0.45793], MS 1.51939, Freq 0.00000, L1 1.99488, Spectral 0.39229, Gradient 0.67820) | LR 1.00e-05
2026-07-28 22:43:58,092 INFO Epoch 47 | Batch 100/1186 | Loss 2.43759 (Pin 0.90024 [q90 0.44356, q10 0.45667], MS 1.53736, Freq 0.00000, L1 1.98114, Spectral 0.38094, Gradient 0.65771) | LR 1.00e-05
2026-07-28 22:44:19,843 INFO Epoch 47 | Batch 150/1186 | Loss 2.48794 (Pin 0.91467 [q90 0.44299, q10 0.47169], MS 1.57327, Freq 0.00000, L1 1.98901, Spectral 0.38293, Gradient 0.65878) | LR 1.00e-05
2026-07-28 22:44:41,591 INFO Epoch 47 | Batch 200/1186 | Loss 2.44736 (Pin 0.89657 [q90 0.43924, q10 0.45732], MS 1.55079, Freq 0.00000, L1 1.98490, Spectral 0.40114, Gradient 0.67439) | LR 1.00e-05
2026-07-28 22:45:03,342 INFO Epoch 47 | Batch 250/1186 | Loss 2.56105 (Pin 0.94084 [q90 0.45409, q10 0.48675], MS 1.62021, Freq 0.00000, L1 2.06433, Spectral 0.39262, Gradient 0.67650) | LR 1.00e-05
2026-07-28 22:45:25,101 INFO Epoch 47 | Batch 300/1186 | Loss 2.56963 (Pin 0.91338 [q90 0.44942, q10 0.46396], MS 1.65625, Freq 0.00000, L1 2.00860, Spectral 0.38234, Gradient 0.65089) | LR 1.00e-05
2026-07-28 22:45:46,854 INFO Epoch 47 | Batch 350/1186 | Loss 2.36487 (Pin 0.88219 [q90 0.42183, q10 0.46037], MS 1.48268, Freq 0.00000, L1 1.94001, Spectral 0.38459, Gradient 0.65438) | LR 1.00e-05
2026-07-28 22:46:08,612 INFO Epoch 47 | Batch 400/1186 | Loss 2.45251 (Pin 0.87052 [q90 0.42571, q10 0.44481], MS 1.58199, Freq 0.00000, L1 1.94059, Spectral 0.38369, Gradient 0.66193) | LR 1.00e-05
2026-07-28 22:46:30,373 INFO Epoch 47 | Batch 450/1186 | Loss 2.47444 (Pin 0.89892 [q90 0.44384, q10 0.45508], MS 1.57552, Freq 0.00000, L1 1.97599, Spectral 0.36779, Gradient 0.63696) | LR 1.00e-05
2026-07-28 22:46:52,120 INFO Epoch 47 | Batch 500/1186 | Loss 2.43243 (Pin 0.89807 [q90 0.44093, q10 0.45714], MS 1.53436, Freq 0.00000, L1 1.95957, Spectral 0.37029, Gradient 0.64227) | LR 1.00e-05
2026-07-28 22:47:13,873 INFO Epoch 47 | Batch 550/1186 | Loss 2.47133 (Pin 0.86467 [q90 0.42053, q10 0.44415], MS 1.60665, Freq 0.00000, L1 1.95272, Spectral 0.39143, Gradient 0.67171) | LR 1.00e-05
2026-07-28 22:47:35,625 INFO Epoch 47 | Batch 600/1186 | Loss 2.55553 (Pin 0.90216 [q90 0.44442, q10 0.45774], MS 1.65337, Freq 0.00000, L1 1.99118, Spectral 0.38283, Gradient 0.65924) | LR 1.00e-05
2026-07-28 22:47:57,393 INFO Epoch 47 | Batch 650/1186 | Loss 2.61753 (Pin 0.88949 [q90 0.43563, q10 0.45386], MS 1.72804, Freq 0.00000, L1 1.95336, Spectral 0.37575, Gradient 0.65490) | LR 1.00e-05
2026-07-28 22:48:19,143 INFO Epoch 47 | Batch 700/1186 | Loss 2.46052 (Pin 0.89320 [q90 0.43539, q10 0.45781], MS 1.56732, Freq 0.00000, L1 1.94409, Spectral 0.36394, Gradient 0.62990) | LR 1.00e-05
2026-07-28 22:48:40,901 INFO Epoch 47 | Batch 750/1186 | Loss 2.61823 (Pin 0.92594 [q90 0.45205, q10 0.47388], MS 1.69230, Freq 0.00000, L1 2.01540, Spectral 0.39077, Gradient 0.66940) | LR 1.00e-05
2026-07-28 22:49:02,677 INFO Epoch 47 | Batch 800/1186 | Loss 2.52461 (Pin 0.93282 [q90 0.44515, q10 0.48767], MS 1.59179, Freq 0.00000, L1 2.00637, Spectral 0.38012, Gradient 0.65224) | LR 1.00e-05
2026-07-28 22:49:24,437 INFO Epoch 47 | Batch 850/1186 | Loss 2.52193 (Pin 0.95702 [q90 0.45304, q10 0.50398], MS 1.56491, Freq 0.00000, L1 2.06519, Spectral 0.38075, Gradient 0.66245) | LR 1.00e-05
2026-07-28 22:49:46,195 INFO Epoch 47 | Batch 900/1186 | Loss 2.48096 (Pin 0.92874 [q90 0.45393, q10 0.47480], MS 1.55222, Freq 0.00000, L1 2.03646, Spectral 0.40264, Gradient 0.68697) | LR 1.00e-05
2026-07-28 22:50:07,951 INFO Epoch 47 | Batch 950/1186 | Loss 2.47524 (Pin 0.92514 [q90 0.44923, q10 0.47591], MS 1.55010, Freq 0.00000, L1 2.00255, Spectral 0.37274, Gradient 0.64829) | LR 1.00e-05
2026-07-28 22:50:29,708 INFO Epoch 47 | Batch 1000/1186 | Loss 2.49542 (Pin 0.88179 [q90 0.42737, q10 0.45442], MS 1.61363, Freq 0.00000, L1 1.94362, Spectral 0.39192, Gradient 0.66823) | LR 1.00e-05
2026-07-28 22:50:51,473 INFO Epoch 47 | Batch 1050/1186 | Loss 2.46948 (Pin 0.89469 [q90 0.43982, q10 0.45487], MS 1.57478, Freq 0.00000, L1 1.96129, Spectral 0.38380, Gradient 0.66112) | LR 1.00e-05
2026-07-28 22:51:13,216 INFO Epoch 47 | Batch 1100/1186 | Loss 2.42443 (Pin 0.90841 [q90 0.44658, q10 0.46183], MS 1.51602, Freq 0.00000, L1 2.00932, Spectral 0.38879, Gradient 0.67395) | LR 1.00e-05
2026-07-28 22:51:34,980 INFO Epoch 47 | Batch 1150/1186 | Loss 2.56593 (Pin 0.94945 [q90 0.47047, q10 0.47897], MS 1.61648, Freq 0.00000, L1 2.04086, Spectral 0.38509, Gradient 0.66257) | LR 1.00e-05
2026-07-28 22:52:27,086 INFO Epoch 47 | Val Loss 3.02534 (Pin 0.86050 [q90 0.42297, q10 0.43753], MS 2.16484, Freq 0.00000, L1 1.91043, Spectral 0.35825, Gradient 0.61949)
2026-07-28 22:52:27,086 INFO Epoch 47 | Coverage q10/q50/q90 = 0.081/0.490/0.902 (nominal .10/.50/.90) | extreme tail = 0.127/0.483/0.865
2026-07-28 22:52:49,144 INFO Epoch 48 | Batch 50/1186 | Loss 2.60539 (Pin 0.93400 [q90 0.45614, q10 0.47786], MS 1.67139, Freq 0.00000, L1 2.02263, Spectral 0.39010, Gradient 0.66541) | LR 1.00e-05
2026-07-28 22:53:10,905 INFO Epoch 48 | Batch 100/1186 | Loss 2.44935 (Pin 0.91652 [q90 0.44402, q10 0.47249], MS 1.53283, Freq 0.00000, L1 2.00610, Spectral 0.38372, Gradient 0.66154) | LR 1.00e-05
2026-07-28 22:53:32,668 INFO Epoch 48 | Batch 150/1186 | Loss 2.43968 (Pin 0.91874 [q90 0.44540, q10 0.47334], MS 1.52094, Freq 0.00000, L1 2.02696, Spectral 0.38375, Gradient 0.65517) | LR 1.00e-05
2026-07-28 22:53:54,429 INFO Epoch 48 | Batch 200/1186 | Loss 2.46847 (Pin 0.90772 [q90 0.44162, q10 0.46609], MS 1.56075, Freq 0.00000, L1 1.98982, Spectral 0.38957, Gradient 0.67078) | LR 1.00e-05
2026-07-28 22:54:16,193 INFO Epoch 48 | Batch 250/1186 | Loss 2.57983 (Pin 0.92624 [q90 0.45691, q10 0.46933], MS 1.65359, Freq 0.00000, L1 2.02730, Spectral 0.39715, Gradient 0.67123) | LR 1.00e-05
2026-07-28 22:54:37,963 INFO Epoch 48 | Batch 300/1186 | Loss 2.51120 (Pin 0.90809 [q90 0.44162, q10 0.46648], MS 1.60310, Freq 0.00000, L1 2.00743, Spectral 0.39867, Gradient 0.67315) | LR 1.00e-05
2026-07-28 22:54:59,717 INFO Epoch 48 | Batch 350/1186 | Loss 2.54116 (Pin 0.91048 [q90 0.45133, q10 0.45915], MS 1.63068, Freq 0.00000, L1 1.99610, Spectral 0.38544, Gradient 0.66689) | LR 1.00e-05
2026-07-28 22:55:21,477 INFO Epoch 48 | Batch 400/1186 | Loss 2.39738 (Pin 0.89741 [q90 0.44327, q10 0.45414], MS 1.49997, Freq 0.00000, L1 1.96032, Spectral 0.38361, Gradient 0.65919) | LR 1.00e-05
2026-07-28 22:55:43,240 INFO Epoch 48 | Batch 450/1186 | Loss 2.53946 (Pin 0.93242 [q90 0.45647, q10 0.47594], MS 1.60704, Freq 0.00000, L1 2.04114, Spectral 0.38614, Gradient 0.66613) | LR 1.00e-05
2026-07-28 22:56:04,990 INFO Epoch 48 | Batch 500/1186 | Loss 2.47557 (Pin 0.88277 [q90 0.43495, q10 0.44782], MS 1.59280, Freq 0.00000, L1 1.95370, Spectral 0.37521, Gradient 0.65654) | LR 1.00e-05
2026-07-28 22:56:26,745 INFO Epoch 48 | Batch 550/1186 | Loss 2.46998 (Pin 0.92540 [q90 0.45353, q10 0.47188], MS 1.54458, Freq 0.00000, L1 1.98267, Spectral 0.37165, Gradient 0.64823) | LR 1.00e-05
2026-07-28 22:56:48,504 INFO Epoch 48 | Batch 600/1186 | Loss 2.50970 (Pin 0.92811 [q90 0.44899, q10 0.47913], MS 1.58159, Freq 0.00000, L1 2.02527, Spectral 0.38500, Gradient 0.66197) | LR 1.00e-05
2026-07-28 22:57:10,254 INFO Epoch 48 | Batch 650/1186 | Loss 2.45169 (Pin 0.90683 [q90 0.43782, q10 0.46901], MS 1.54487, Freq 0.00000, L1 1.99084, Spectral 0.36483, Gradient 0.64492) | LR 1.00e-05
2026-07-28 22:57:32,001 INFO Epoch 48 | Batch 700/1186 | Loss 2.46176 (Pin 0.89102 [q90 0.43007, q10 0.46095], MS 1.57074, Freq 0.00000, L1 1.98983, Spectral 0.37801, Gradient 0.65716) | LR 1.00e-05
2026-07-28 22:57:53,722 INFO Epoch 48 | Batch 750/1186 | Loss 2.45260 (Pin 0.89464 [q90 0.43379, q10 0.46085], MS 1.55796, Freq 0.00000, L1 1.94468, Spectral 0.36446, Gradient 0.63519) | LR 1.00e-05
2026-07-28 22:58:15,443 INFO Epoch 48 | Batch 800/1186 | Loss 2.41295 (Pin 0.88927 [q90 0.43443, q10 0.45485], MS 1.52368, Freq 0.00000, L1 1.96448, Spectral 0.38786, Gradient 0.66463) | LR 1.00e-05
2026-07-28 22:58:37,170 INFO Epoch 48 | Batch 850/1186 | Loss 2.43471 (Pin 0.92309 [q90 0.45437, q10 0.46872], MS 1.51161, Freq 0.00000, L1 1.97656, Spectral 0.36603, Gradient 0.63806) | LR 1.00e-05
2026-07-28 22:58:58,900 INFO Epoch 48 | Batch 900/1186 | Loss 2.49668 (Pin 0.88151 [q90 0.43172, q10 0.44978], MS 1.61517, Freq 0.00000, L1 1.95272, Spectral 0.38985, Gradient 0.65817) | LR 1.00e-05
2026-07-28 22:59:20,628 INFO Epoch 48 | Batch 950/1186 | Loss 2.47711 (Pin 0.93102 [q90 0.46087, q10 0.47015], MS 1.54609, Freq 0.00000, L1 2.02319, Spectral 0.37503, Gradient 0.64998) | LR 1.00e-05
2026-07-28 22:59:42,365 INFO Epoch 48 | Batch 1000/1186 | Loss 2.44710 (Pin 0.90562 [q90 0.44519, q10 0.46043], MS 1.54148, Freq 0.00000, L1 2.01908, Spectral 0.40312, Gradient 0.69239) | LR 1.00e-05
2026-07-28 23:00:04,090 INFO Epoch 48 | Batch 1050/1186 | Loss 2.53940 (Pin 0.90713 [q90 0.43846, q10 0.46867], MS 1.63227, Freq 0.00000, L1 1.98570, Spectral 0.39023, Gradient 0.66524) | LR 1.00e-05
2026-07-28 23:00:25,814 INFO Epoch 48 | Batch 1100/1186 | Loss 2.32568 (Pin 0.86524 [q90 0.41837, q10 0.44687], MS 1.46044, Freq 0.00000, L1 1.90441, Spectral 0.36462, Gradient 0.63034) | LR 1.00e-05
2026-07-28 23:00:47,552 INFO Epoch 48 | Batch 1150/1186 | Loss 2.55022 (Pin 0.87943 [q90 0.42629, q10 0.45313], MS 1.67080, Freq 0.00000, L1 1.94587, Spectral 0.39015, Gradient 0.66883) | LR 1.00e-05
2026-07-28 23:01:39,575 INFO Epoch 48 | Val Loss 3.03689 (Pin 0.86481 [q90 0.42452, q10 0.44029], MS 2.17209, Freq 0.00000, L1 1.93402, Spectral 0.36322, Gradient 0.63281)
2026-07-28 23:01:39,575 INFO Epoch 48 | Coverage q10/q50/q90 = 0.077/0.484/0.897 (nominal .10/.50/.90) | extreme tail = 0.119/0.458/0.850
2026-07-28 23:02:01,589 INFO Epoch 49 | Batch 50/1186 | Loss 2.48911 (Pin 0.92191 [q90 0.46123, q10 0.46067], MS 1.56721, Freq 0.00000, L1 1.97899, Spectral 0.36900, Gradient 0.64044) | LR 1.00e-05
2026-07-28 23:02:23,336 INFO Epoch 49 | Batch 100/1186 | Loss 2.47830 (Pin 0.89150 [q90 0.43762, q10 0.45388], MS 1.58680, Freq 0.00000, L1 1.95190, Spectral 0.38943, Gradient 0.66495) | LR 1.00e-05
2026-07-28 23:02:45,087 INFO Epoch 49 | Batch 150/1186 | Loss 2.40932 (Pin 0.88708 [q90 0.43360, q10 0.45348], MS 1.52224, Freq 0.00000, L1 1.97936, Spectral 0.38907, Gradient 0.66700) | LR 1.00e-05
2026-07-28 23:03:06,835 INFO Epoch 49 | Batch 200/1186 | Loss 2.55542 (Pin 0.91556 [q90 0.44270, q10 0.47285], MS 1.63987, Freq 0.00000, L1 2.02513, Spectral 0.39876, Gradient 0.67394) | LR 1.00e-05
2026-07-28 23:03:28,600 INFO Epoch 49 | Batch 250/1186 | Loss 2.49672 (Pin 0.91496 [q90 0.44076, q10 0.47420], MS 1.58176, Freq 0.00000, L1 2.01969, Spectral 0.39669, Gradient 0.67679) | LR 1.00e-05
2026-07-28 23:03:50,357 INFO Epoch 49 | Batch 300/1186 | Loss 2.56200 (Pin 0.90906 [q90 0.44020, q10 0.46886], MS 1.65294, Freq 0.00000, L1 2.00215, Spectral 0.38981, Gradient 0.66739) | LR 1.00e-05
2026-07-28 23:04:12,114 INFO Epoch 49 | Batch 350/1186 | Loss 2.25883 (Pin 0.84105 [q90 0.41487, q10 0.42618], MS 1.41778, Freq 0.00000, L1 1.87464, Spectral 0.37951, Gradient 0.64468) | LR 1.00e-05
2026-07-28 23:04:33,879 INFO Epoch 49 | Batch 400/1186 | Loss 2.46179 (Pin 0.89915 [q90 0.44163, q10 0.45752], MS 1.56264, Freq 0.00000, L1 1.97829, Spectral 0.38143, Gradient 0.65919) | LR 1.00e-05
2026-07-28 23:04:55,628 INFO Epoch 49 | Batch 450/1186 | Loss 2.51361 (Pin 0.91025 [q90 0.44082, q10 0.46943], MS 1.60336, Freq 0.00000, L1 2.02233, Spectral 0.38356, Gradient 0.65979) | LR 1.00e-05
2026-07-28 23:05:17,376 INFO Epoch 49 | Batch 500/1186 | Loss 2.46384 (Pin 0.90535 [q90 0.43540, q10 0.46995], MS 1.55849, Freq 0.00000, L1 1.96940, Spectral 0.38467, Gradient 0.65305) | LR 1.00e-05
2026-07-28 23:05:39,117 INFO Epoch 49 | Batch 550/1186 | Loss 2.61204 (Pin 0.92536 [q90 0.45709, q10 0.46827], MS 1.68668, Freq 0.00000, L1 2.01748, Spectral 0.40131, Gradient 0.68414) | LR 1.00e-05
2026-07-28 23:06:00,847 INFO Epoch 49 | Batch 600/1186 | Loss 2.46700 (Pin 0.91484 [q90 0.45017, q10 0.46467], MS 1.55216, Freq 0.00000, L1 2.01534, Spectral 0.39641, Gradient 0.68004) | LR 1.00e-05
2026-07-28 23:06:22,587 INFO Epoch 49 | Batch 650/1186 | Loss 2.38796 (Pin 0.89925 [q90 0.43660, q10 0.46264], MS 1.48871, Freq 0.00000, L1 1.95416, Spectral 0.36533, Gradient 0.63105) | LR 1.00e-05
2026-07-28 23:06:44,317 INFO Epoch 49 | Batch 700/1186 | Loss 2.46651 (Pin 0.89833 [q90 0.43704, q10 0.46129], MS 1.56817, Freq 0.00000, L1 1.96561, Spectral 0.38147, Gradient 0.65740) | LR 1.00e-05
2026-07-28 23:07:06,039 INFO Epoch 49 | Batch 750/1186 | Loss 2.52761 (Pin 0.90826 [q90 0.44126, q10 0.46700], MS 1.61936, Freq 0.00000, L1 2.00665, Spectral 0.37484, Gradient 0.64840) | LR 1.00e-05
2026-07-28 23:07:27,778 INFO Epoch 49 | Batch 800/1186 | Loss 2.57965 (Pin 0.96515 [q90 0.47963, q10 0.48552], MS 1.61450, Freq 0.00000, L1 2.09014, Spectral 0.39088, Gradient 0.67793) | LR 1.00e-05
2026-07-28 23:07:49,504 INFO Epoch 49 | Batch 850/1186 | Loss 2.45609 (Pin 0.89301 [q90 0.43795, q10 0.45505], MS 1.56308, Freq 0.00000, L1 1.96248, Spectral 0.37958, Gradient 0.65838) | LR 1.00e-05
2026-07-28 23:08:11,237 INFO Epoch 49 | Batch 900/1186 | Loss 2.42533 (Pin 0.87926 [q90 0.42498, q10 0.45429], MS 1.54607, Freq 0.00000, L1 1.94844, Spectral 0.38052, Gradient 0.65585) | LR 1.00e-05
2026-07-28 23:08:32,963 INFO Epoch 49 | Batch 950/1186 | Loss 2.46408 (Pin 0.88374 [q90 0.42901, q10 0.45473], MS 1.58034, Freq 0.00000, L1 1.93511, Spectral 0.37517, Gradient 0.64014) | LR 1.00e-05
2026-07-28 23:08:54,683 INFO Epoch 49 | Batch 1000/1186 | Loss 2.47889 (Pin 0.92382 [q90 0.44318, q10 0.48063], MS 1.55507, Freq 0.00000, L1 2.00908, Spectral 0.38326, Gradient 0.65444) | LR 1.00e-05
2026-07-28 23:09:16,401 INFO Epoch 49 | Batch 1050/1186 | Loss 2.49306 (Pin 0.90976 [q90 0.45133, q10 0.45842], MS 1.58330, Freq 0.00000, L1 1.98443, Spectral 0.38448, Gradient 0.65381) | LR 1.00e-05
2026-07-28 23:09:38,126 INFO Epoch 49 | Batch 1100/1186 | Loss 2.43055 (Pin 0.89930 [q90 0.44349, q10 0.45581], MS 1.53125, Freq 0.00000, L1 1.99020, Spectral 0.37060, Gradient 0.64751) | LR 1.00e-05
2026-07-28 23:09:59,856 INFO Epoch 49 | Batch 1150/1186 | Loss 2.47588 (Pin 0.90059 [q90 0.43780, q10 0.46279], MS 1.57529, Freq 0.00000, L1 1.96762, Spectral 0.36664, Gradient 0.63001) | LR 1.00e-05
2026-07-28 23:10:51,207 INFO Epoch 49 | Val Loss 3.02418 (Pin 0.86151 [q90 0.42236, q10 0.43915], MS 2.16267, Freq 0.00000, L1 1.92058, Spectral 0.36125, Gradient 0.61997)
2026-07-28 23:10:51,207 INFO Epoch 49 | Coverage q10/q50/q90 = 0.083/0.493/0.899 (nominal .10/.50/.90) | extreme tail = 0.112/0.457/0.851
2026-07-28 23:11:13,239 INFO Epoch 50 | Batch 50/1186 | Loss 2.41597 (Pin 0.91071 [q90 0.44413, q10 0.46658], MS 1.50526, Freq 0.00000, L1 1.99196, Spectral 0.37847, Gradient 0.65107) | LR 5.00e-06
2026-07-28 23:11:34,962 INFO Epoch 50 | Batch 100/1186 | Loss 2.48700 (Pin 0.91721 [q90 0.44382, q10 0.47339], MS 1.56979, Freq 0.00000, L1 2.01530, Spectral 0.39096, Gradient 0.67149) | LR 5.00e-06
2026-07-28 23:11:56,688 INFO Epoch 50 | Batch 150/1186 | Loss 2.45812 (Pin 0.89497 [q90 0.43519, q10 0.45978], MS 1.56315, Freq 0.00000, L1 1.97369, Spectral 0.38713, Gradient 0.66134) | LR 5.00e-06
2026-07-28 23:12:18,413 INFO Epoch 50 | Batch 200/1186 | Loss 2.39472 (Pin 0.90490 [q90 0.44102, q10 0.46388], MS 1.48983, Freq 0.00000, L1 1.97017, Spectral 0.37799, Gradient 0.65049) | LR 5.00e-06
2026-07-28 23:12:40,143 INFO Epoch 50 | Batch 250/1186 | Loss 2.37683 (Pin 0.91551 [q90 0.44225, q10 0.47326], MS 1.46132, Freq 0.00000, L1 2.01032, Spectral 0.38118, Gradient 0.65493) | LR 5.00e-06
2026-07-28 23:13:01,858 INFO Epoch 50 | Batch 300/1186 | Loss 2.46874 (Pin 0.91086 [q90 0.44770, q10 0.46316], MS 1.55788, Freq 0.00000, L1 1.98331, Spectral 0.39205, Gradient 0.66774) | LR 5.00e-06
2026-07-28 23:13:23,585 INFO Epoch 50 | Batch 350/1186 | Loss 2.41840 (Pin 0.90545 [q90 0.44070, q10 0.46476], MS 1.51295, Freq 0.00000, L1 1.96474, Spectral 0.38172, Gradient 0.65525) | LR 5.00e-06
2026-07-28 23:13:45,312 INFO Epoch 50 | Batch 400/1186 | Loss 2.37744 (Pin 0.88476 [q90 0.43786, q10 0.44691], MS 1.49268, Freq 0.00000, L1 1.95271, Spectral 0.36999, Gradient 0.63929) | LR 5.00e-06
2026-07-28 23:14:07,048 INFO Epoch 50 | Batch 450/1186 | Loss 2.34569 (Pin 0.87735 [q90 0.43007, q10 0.44728], MS 1.46834, Freq 0.00000, L1 1.94268, Spectral 0.38629, Gradient 0.65727) | LR 5.00e-06
2026-07-28 23:14:28,771 INFO Epoch 50 | Batch 500/1186 | Loss 2.31020 (Pin 0.87197 [q90 0.42042, q10 0.45155], MS 1.43823, Freq 0.00000, L1 1.91474, Spectral 0.38486, Gradient 0.65858) | LR 5.00e-06
2026-07-28 23:14:50,493 INFO Epoch 50 | Batch 550/1186 | Loss 2.42423 (Pin 0.89548 [q90 0.44151, q10 0.45397], MS 1.52875, Freq 0.00000, L1 1.97001, Spectral 0.37268, Gradient 0.64570) | LR 5.00e-06
2026-07-28 23:15:12,207 INFO Epoch 50 | Batch 600/1186 | Loss 2.44890 (Pin 0.86755 [q90 0.42426, q10 0.44329], MS 1.58135, Freq 0.00000, L1 1.93075, Spectral 0.39537, Gradient 0.67290) | LR 5.00e-06
2026-07-28 23:15:33,942 INFO Epoch 50 | Batch 650/1186 | Loss 2.55225 (Pin 0.94163 [q90 0.45541, q10 0.48622], MS 1.61063, Freq 0.00000, L1 2.06034, Spectral 0.37907, Gradient 0.66248) | LR 5.00e-06
2026-07-28 23:15:55,658 INFO Epoch 50 | Batch 700/1186 | Loss 2.48418 (Pin 0.93416 [q90 0.46096, q10 0.47320], MS 1.55002, Freq 0.00000, L1 2.01949, Spectral 0.38239, Gradient 0.65417) | LR 5.00e-06
2026-07-28 23:16:17,380 INFO Epoch 50 | Batch 750/1186 | Loss 2.55958 (Pin 0.98306 [q90 0.48120, q10 0.50185], MS 1.57653, Freq 0.00000, L1 2.11783, Spectral 0.39704, Gradient 0.68464) | LR 5.00e-06
2026-07-28 23:16:39,086 INFO Epoch 50 | Batch 800/1186 | Loss 2.41667 (Pin 0.90083 [q90 0.44387, q10 0.45696], MS 1.51583, Freq 0.00000, L1 1.97147, Spectral 0.38182, Gradient 0.65089) | LR 5.00e-06
2026-07-28 23:17:00,828 INFO Epoch 50 | Batch 850/1186 | Loss 2.39877 (Pin 0.89464 [q90 0.43386, q10 0.46078], MS 1.50413, Freq 0.00000, L1 1.97911, Spectral 0.39683, Gradient 0.67434) | LR 5.00e-06
2026-07-28 23:17:22,593 INFO Epoch 50 | Batch 900/1186 | Loss 2.42633 (Pin 0.89776 [q90 0.43934, q10 0.45842], MS 1.52857, Freq 0.00000, L1 1.95413, Spectral 0.37175, Gradient 0.63090) | LR 5.00e-06
2026-07-28 23:17:44,348 INFO Epoch 50 | Batch 950/1186 | Loss 2.51969 (Pin 0.90052 [q90 0.44323, q10 0.45729], MS 1.61917, Freq 0.00000, L1 1.95271, Spectral 0.37628, Gradient 0.65011) | LR 5.00e-06
2026-07-28 23:18:06,108 INFO Epoch 50 | Batch 1000/1186 | Loss 2.43139 (Pin 0.91102 [q90 0.45125, q10 0.45976], MS 1.52038, Freq 0.00000, L1 1.98835, Spectral 0.38783, Gradient 0.65914) | LR 5.00e-06
2026-07-28 23:18:28,010 INFO Epoch 50 | Batch 1050/1186 | Loss 2.32347 (Pin 0.86772 [q90 0.42310, q10 0.44462], MS 1.45575, Freq 0.00000, L1 1.91613, Spectral 0.37116, Gradient 0.63979) | LR 5.00e-06
2026-07-28 23:18:49,776 INFO Epoch 50 | Batch 1100/1186 | Loss 2.40883 (Pin 0.89542 [q90 0.43381, q10 0.46161], MS 1.51342, Freq 0.00000, L1 1.95450, Spectral 0.36776, Gradient 0.62614) | LR 5.00e-06
2026-07-28 23:19:11,541 INFO Epoch 50 | Batch 1150/1186 | Loss 2.34746 (Pin 0.88770 [q90 0.43425, q10 0.45345], MS 1.45976, Freq 0.00000, L1 1.94568, Spectral 0.38785, Gradient 0.65711) | LR 5.00e-06
2026-07-28 23:20:03,228 INFO Epoch 50 | Val Loss 3.03589 (Pin 0.86097 [q90 0.42238, q10 0.43860], MS 2.17491, Freq 0.00000, L1 1.92708, Spectral 0.36664, Gradient 0.63539)
2026-07-28 23:20:03,229 INFO Epoch 50 | Coverage q10/q50/q90 = 0.081/0.490/0.904 (nominal .10/.50/.90) | extreme tail = 0.120/0.467/0.857
2026-07-28 23:20:25,292 INFO Epoch 51 | Batch 50/1186 | Loss 2.37677 (Pin 0.91084 [q90 0.44244, q10 0.46840], MS 1.46594, Freq 0.00000, L1 2.00058, Spectral 0.38700, Gradient 0.66273) | LR 5.00e-06
2026-07-28 23:20:47,061 INFO Epoch 51 | Batch 100/1186 | Loss 2.47090 (Pin 0.88866 [q90 0.43692, q10 0.45174], MS 1.58225, Freq 0.00000, L1 1.96741, Spectral 0.38195, Gradient 0.65674) | LR 5.00e-06
2026-07-28 23:21:08,824 INFO Epoch 51 | Batch 150/1186 | Loss 2.47563 (Pin 0.90328 [q90 0.43819, q10 0.46509], MS 1.57236, Freq 0.00000, L1 2.00084, Spectral 0.38734, Gradient 0.66322) | LR 5.00e-06
2026-07-28 23:21:30,594 INFO Epoch 51 | Batch 200/1186 | Loss 2.43914 (Pin 0.90490 [q90 0.44247, q10 0.46243], MS 1.53424, Freq 0.00000, L1 1.98074, Spectral 0.38441, Gradient 0.65994) | LR 5.00e-06
2026-07-28 23:21:52,357 INFO Epoch 51 | Batch 250/1186 | Loss 2.48196 (Pin 0.91983 [q90 0.45438, q10 0.46545], MS 1.56213, Freq 0.00000, L1 1.97734, Spectral 0.38002, Gradient 0.65731) | LR 5.00e-06
2026-07-28 23:22:14,120 INFO Epoch 51 | Batch 300/1186 | Loss 2.40823 (Pin 0.91441 [q90 0.44932, q10 0.46509], MS 1.49382, Freq 0.00000, L1 1.99624, Spectral 0.38397, Gradient 0.66159) | LR 5.00e-06
2026-07-28 23:22:35,881 INFO Epoch 51 | Batch 350/1186 | Loss 2.44090 (Pin 0.90396 [q90 0.44113, q10 0.46282], MS 1.53695, Freq 0.00000, L1 1.98132, Spectral 0.38329, Gradient 0.66069) | LR 5.00e-06
2026-07-28 23:22:57,647 INFO Epoch 51 | Batch 400/1186 | Loss 2.46961 (Pin 0.91610 [q90 0.45046, q10 0.46564], MS 1.55352, Freq 0.00000, L1 2.00677, Spectral 0.38231, Gradient 0.66365) | LR 5.00e-06
2026-07-28 23:23:19,399 INFO Epoch 51 | Batch 450/1186 | Loss 2.43261 (Pin 0.91160 [q90 0.44392, q10 0.46768], MS 1.52101, Freq 0.00000, L1 1.98862, Spectral 0.37072, Gradient 0.63689) | LR 5.00e-06
2026-07-28 23:23:41,172 INFO Epoch 51 | Batch 500/1186 | Loss 2.33502 (Pin 0.87475 [q90 0.42872, q10 0.44603], MS 1.46028, Freq 0.00000, L1 1.93596, Spectral 0.39207, Gradient 0.66368) | LR 5.00e-06
2026-07-28 23:24:02,939 INFO Epoch 51 | Batch 550/1186 | Loss 2.39210 (Pin 0.92714 [q90 0.45016, q10 0.47698], MS 1.46496, Freq 0.00000, L1 2.01970, Spectral 0.39519, Gradient 0.66789) | LR 5.00e-06
2026-07-28 23:24:24,702 INFO Epoch 51 | Batch 600/1186 | Loss 2.32449 (Pin 0.86656 [q90 0.42082, q10 0.44573], MS 1.45793, Freq 0.00000, L1 1.90455, Spectral 0.37836, Gradient 0.63973) | LR 5.00e-06
2026-07-28 23:24:46,471 INFO Epoch 51 | Batch 650/1186 | Loss 2.56442 (Pin 0.91557 [q90 0.45119, q10 0.46438], MS 1.64885, Freq 0.00000, L1 2.00072, Spectral 0.37859, Gradient 0.65501) | LR 5.00e-06
2026-07-28 23:25:08,243 INFO Epoch 51 | Batch 700/1186 | Loss 2.45399 (Pin 0.90019 [q90 0.44562, q10 0.45457], MS 1.55380, Freq 0.00000, L1 1.94773, Spectral 0.38641, Gradient 0.65865) | LR 5.00e-06
2026-07-28 23:25:30,010 INFO Epoch 51 | Batch 750/1186 | Loss 2.35492 (Pin 0.89177 [q90 0.43286, q10 0.45890], MS 1.46316, Freq 0.00000, L1 1.92773, Spectral 0.36740, Gradient 0.64068) | LR 5.00e-06
2026-07-28 23:25:51,771 INFO Epoch 51 | Batch 800/1186 | Loss 2.44856 (Pin 0.90382 [q90 0.44186, q10 0.46197], MS 1.54474, Freq 0.00000, L1 1.97580, Spectral 0.36812, Gradient 0.64099) | LR 5.00e-06
2026-07-28 23:26:13,525 INFO Epoch 51 | Batch 850/1186 | Loss 2.54861 (Pin 0.92252 [q90 0.44683, q10 0.47570], MS 1.62609, Freq 0.00000, L1 2.03958, Spectral 0.39421, Gradient 0.67168) | LR 5.00e-06
2026-07-28 23:26:35,293 INFO Epoch 51 | Batch 900/1186 | Loss 2.53198 (Pin 0.92965 [q90 0.44506, q10 0.48459], MS 1.60232, Freq 0.00000, L1 2.02278, Spectral 0.38570, Gradient 0.66303) | LR 5.00e-06
2026-07-28 23:26:57,053 INFO Epoch 51 | Batch 950/1186 | Loss 2.38212 (Pin 0.88681 [q90 0.43261, q10 0.45421], MS 1.49531, Freq 0.00000, L1 1.93900, Spectral 0.36520, Gradient 0.62558) | LR 5.00e-06
2026-07-28 23:27:18,803 INFO Epoch 51 | Batch 1000/1186 | Loss 2.39205 (Pin 0.89777 [q90 0.44082, q10 0.45695], MS 1.49429, Freq 0.00000, L1 1.96526, Spectral 0.38068, Gradient 0.65559) | LR 5.00e-06
2026-07-28 23:27:40,537 INFO Epoch 51 | Batch 1050/1186 | Loss 2.31339 (Pin 0.87813 [q90 0.42696, q10 0.45117], MS 1.43525, Freq 0.00000, L1 1.94090, Spectral 0.39901, Gradient 0.68160) | LR 5.00e-06
2026-07-28 23:28:02,279 INFO Epoch 51 | Batch 1100/1186 | Loss 2.39442 (Pin 0.91300 [q90 0.43963, q10 0.47337], MS 1.48142, Freq 0.00000, L1 1.97231, Spectral 0.36728, Gradient 0.63329) | LR 5.00e-06
2026-07-28 23:28:24,039 INFO Epoch 51 | Batch 1150/1186 | Loss 2.41841 (Pin 0.90968 [q90 0.45242, q10 0.45726], MS 1.50873, Freq 0.00000, L1 1.99353, Spectral 0.38034, Gradient 0.65606) | LR 5.00e-06
2026-07-28 23:29:15,784 INFO Epoch 51 | Val Loss 3.01151 (Pin 0.85894 [q90 0.42223, q10 0.43671], MS 2.15256, Freq 0.00000, L1 1.92146, Spectral 0.36077, Gradient 0.62768)
2026-07-28 23:29:15,784 INFO Epoch 51 | Coverage q10/q50/q90 = 0.084/0.495/0.902 (nominal .10/.50/.90) | extreme tail = 0.117/0.464/0.859
2026-07-28 23:29:16,273 INFO New best val loss: 3.01151 (saved checkpoints/best.pth)
2026-07-28 23:29:38,091 INFO Epoch 52 | Batch 50/1186 | Loss 2.38039 (Pin 0.90060 [q90 0.43323, q10 0.46737], MS 1.47978, Freq 0.00000, L1 1.97374, Spectral 0.37714, Gradient 0.65142) | LR 5.00e-06
2026-07-28 23:29:59,846 INFO Epoch 52 | Batch 100/1186 | Loss 2.35756 (Pin 0.90393 [q90 0.44546, q10 0.45847], MS 1.45363, Freq 0.00000, L1 1.98449, Spectral 0.36998, Gradient 0.64357) | LR 5.00e-06
2026-07-28 23:30:21,604 INFO Epoch 52 | Batch 150/1186 | Loss 2.47297 (Pin 0.92784 [q90 0.45458, q10 0.47326], MS 1.54513, Freq 0.00000, L1 2.01129, Spectral 0.38797, Gradient 0.66432) | LR 5.00e-06
2026-07-28 23:30:43,353 INFO Epoch 52 | Batch 200/1186 | Loss 2.38804 (Pin 0.87394 [q90 0.42700, q10 0.44693], MS 1.51410, Freq 0.00000, L1 1.91432, Spectral 0.36844, Gradient 0.62640) | LR 5.00e-06
2026-07-28 23:31:05,105 INFO Epoch 52 | Batch 250/1186 | Loss 2.47039 (Pin 0.90464 [q90 0.44070, q10 0.46395], MS 1.56575, Freq 0.00000, L1 1.95483, Spectral 0.38323, Gradient 0.65068) | LR 5.00e-06
2026-07-28 23:31:26,870 INFO Epoch 52 | Batch 300/1186 | Loss 2.48311 (Pin 0.91662 [q90 0.45205, q10 0.46457], MS 1.56650, Freq 0.00000, L1 1.99890, Spectral 0.38777, Gradient 0.66526) | LR 5.00e-06
2026-07-28 23:31:48,635 INFO Epoch 52 | Batch 350/1186 | Loss 2.47272 (Pin 0.89556 [q90 0.43876, q10 0.45680], MS 1.57717, Freq 0.00000, L1 1.98565, Spectral 0.38701, Gradient 0.66451) | LR 5.00e-06
2026-07-28 23:32:10,395 INFO Epoch 52 | Batch 400/1186 | Loss 2.38051 (Pin 0.91300 [q90 0.44320, q10 0.46980], MS 1.46750, Freq 0.00000, L1 1.99113, Spectral 0.38000, Gradient 0.65342) | LR 5.00e-06
2026-07-28 23:32:32,153 INFO Epoch 52 | Batch 450/1186 | Loss 2.42469 (Pin 0.87987 [q90 0.43069, q10 0.44918], MS 1.54482, Freq 0.00000, L1 1.93878, Spectral 0.37816, Gradient 0.64250) | LR 5.00e-06
2026-07-28 23:32:53,919 INFO Epoch 52 | Batch 500/1186 | Loss 2.34937 (Pin 0.89653 [q90 0.43513, q10 0.46140], MS 1.45284, Freq 0.00000, L1 1.97418, Spectral 0.37658, Gradient 0.65088) | LR 5.00e-06
2026-07-28 23:33:15,646 INFO Epoch 52 | Batch 550/1186 | Loss 2.54299 (Pin 0.90260 [q90 0.44543, q10 0.45717], MS 1.64039, Freq 0.00000, L1 1.97054, Spectral 0.38391, Gradient 0.65683) | LR 5.00e-06
2026-07-28 23:33:37,371 INFO Epoch 52 | Batch 600/1186 | Loss 2.46260 (Pin 0.92125 [q90 0.45003, q10 0.47122], MS 1.54135, Freq 0.00000, L1 2.02659, Spectral 0.37960, Gradient 0.65606) | LR 5.00e-06
2026-07-28 23:33:59,119 INFO Epoch 52 | Batch 650/1186 | Loss 2.48723 (Pin 0.90924 [q90 0.44863, q10 0.46060], MS 1.57800, Freq 0.00000, L1 1.99148, Spectral 0.38241, Gradient 0.65648) | LR 5.00e-06
2026-07-28 23:34:20,855 INFO Epoch 52 | Batch 700/1186 | Loss 2.46596 (Pin 0.89139 [q90 0.43637, q10 0.45503], MS 1.57457, Freq 0.00000, L1 1.94912, Spectral 0.38747, Gradient 0.66088) | LR 5.00e-06
2026-07-28 23:34:42,584 INFO Epoch 52 | Batch 750/1186 | Loss 2.46732 (Pin 0.91510 [q90 0.44929, q10 0.46581], MS 1.55222, Freq 0.00000, L1 2.00247, Spectral 0.36821, Gradient 0.64271) | LR 5.00e-06
2026-07-28 23:35:04,313 INFO Epoch 52 | Batch 800/1186 | Loss 2.52267 (Pin 0.93123 [q90 0.45214, q10 0.47909], MS 1.59144, Freq 0.00000, L1 2.03216, Spectral 0.39024, Gradient 0.66804) | LR 5.00e-06
2026-07-28 23:35:26,060 INFO Epoch 52 | Batch 850/1186 | Loss 2.39238 (Pin 0.88088 [q90 0.43277, q10 0.44811], MS 1.51150, Freq 0.00000, L1 1.95590, Spectral 0.39416, Gradient 0.66979) | LR 5.00e-06
2026-07-28 23:35:47,776 INFO Epoch 52 | Batch 900/1186 | Loss 2.50049 (Pin 0.92493 [q90 0.45497, q10 0.46996], MS 1.57556, Freq 0.00000, L1 2.03652, Spectral 0.39573, Gradient 0.67696) | LR 5.00e-06
2026-07-28 23:36:09,499 INFO Epoch 52 | Batch 950/1186 | Loss 2.43101 (Pin 0.89278 [q90 0.43846, q10 0.45433], MS 1.53823, Freq 0.00000, L1 1.96971, Spectral 0.37070, Gradient 0.63928) | LR 5.00e-06
2026-07-28 23:36:31,220 INFO Epoch 52 | Batch 1000/1186 | Loss 2.46227 (Pin 0.91327 [q90 0.44168, q10 0.47159], MS 1.54900, Freq 0.00000, L1 1.98547, Spectral 0.38245, Gradient 0.66233) | LR 5.00e-06
2026-07-28 23:36:52,956 INFO Epoch 52 | Batch 1050/1186 | Loss 2.36049 (Pin 0.87406 [q90 0.42244, q10 0.45162], MS 1.48643, Freq 0.00000, L1 1.93038, Spectral 0.38250, Gradient 0.65892) | LR 5.00e-06
2026-07-28 23:37:14,698 INFO Epoch 52 | Batch 1100/1186 | Loss 2.42165 (Pin 0.91547 [q90 0.44609, q10 0.46938], MS 1.50619, Freq 0.00000, L1 1.99730, Spectral 0.37782, Gradient 0.65113) | LR 5.00e-06
2026-07-28 23:37:36,414 INFO Epoch 52 | Batch 1150/1186 | Loss 2.38613 (Pin 0.88870 [q90 0.43459, q10 0.45411], MS 1.49743, Freq 0.00000, L1 1.93595, Spectral 0.38328, Gradient 0.65340) | LR 5.00e-06
2026-07-28 23:38:28,086 INFO Epoch 52 | Val Loss 2.99656 (Pin 0.86000 [q90 0.42234, q10 0.43767], MS 2.13656, Freq 0.00000, L1 1.89347, Spectral 0.35883, Gradient 0.61548)
2026-07-28 23:38:28,086 INFO Epoch 52 | Coverage q10/q50/q90 = 0.085/0.493/0.900 (nominal .10/.50/.90) | extreme tail = 0.121/0.468/0.853
2026-07-28 23:38:28,564 INFO New best val loss: 2.99656 (saved checkpoints/best.pth)
2026-07-28 23:38:50,358 INFO Epoch 53 | Batch 50/1186 | Loss 2.43046 (Pin 0.91949 [q90 0.44754, q10 0.47195], MS 1.51097, Freq 0.00000, L1 1.98881, Spectral 0.38146, Gradient 0.65444) | LR 5.00e-06
2026-07-28 23:39:12,088 INFO Epoch 53 | Batch 100/1186 | Loss 2.39250 (Pin 0.88929 [q90 0.43155, q10 0.45774], MS 1.50322, Freq 0.00000, L1 1.94952, Spectral 0.38676, Gradient 0.65720) | LR 5.00e-06
2026-07-28 23:39:33,824 INFO Epoch 53 | Batch 150/1186 | Loss 2.44794 (Pin 0.92097 [q90 0.44318, q10 0.47780], MS 1.52696, Freq 0.00000, L1 2.00674, Spectral 0.38465, Gradient 0.65656) | LR 5.00e-06
2026-07-28 23:39:55,560 INFO Epoch 53 | Batch 200/1186 | Loss 2.45105 (Pin 0.90843 [q90 0.44165, q10 0.46678], MS 1.54262, Freq 0.00000, L1 1.97399, Spectral 0.37502, Gradient 0.64511) | LR 5.00e-06
2026-07-28 23:40:17,284 INFO Epoch 53 | Batch 250/1186 | Loss 2.42079 (Pin 0.90065 [q90 0.43820, q10 0.46244], MS 1.52014, Freq 0.00000, L1 1.97721, Spectral 0.39025, Gradient 0.66482) | LR 5.00e-06
2026-07-28 23:40:39,025 INFO Epoch 53 | Batch 300/1186 | Loss 2.40537 (Pin 0.90204 [q90 0.44133, q10 0.46071], MS 1.50333, Freq 0.00000, L1 1.95414, Spectral 0.38104, Gradient 0.64979) | LR 5.00e-06
2026-07-28 23:41:00,757 INFO Epoch 53 | Batch 350/1186 | Loss 2.38606 (Pin 0.88840 [q90 0.44019, q10 0.44821], MS 1.49766, Freq 0.00000, L1 1.96984, Spectral 0.39735, Gradient 0.67143) | LR 5.00e-06
2026-07-28 23:41:22,497 INFO Epoch 53 | Batch 400/1186 | Loss 2.37984 (Pin 0.90418 [q90 0.44841, q10 0.45578], MS 1.47566, Freq 0.00000, L1 1.98645, Spectral 0.37494, Gradient 0.64921) | LR 5.00e-06
2026-07-28 23:41:44,244 INFO Epoch 53 | Batch 450/1186 | Loss 2.47443 (Pin 0.91296 [q90 0.45005, q10 0.46291], MS 1.56147, Freq 0.00000, L1 1.99278, Spectral 0.38835, Gradient 0.67072) | LR 5.00e-06
2026-07-28 23:42:05,981 INFO Epoch 53 | Batch 500/1186 | Loss 2.37290 (Pin 0.90460 [q90 0.44552, q10 0.45909], MS 1.46829, Freq 0.00000, L1 1.96753, Spectral 0.36665, Gradient 0.63621) | LR 5.00e-06
2026-07-28 23:42:27,714 INFO Epoch 53 | Batch 550/1186 | Loss 2.38268 (Pin 0.89815 [q90 0.43375, q10 0.46440], MS 1.48453, Freq 0.00000, L1 1.99293, Spectral 0.38529, Gradient 0.65999) | LR 5.00e-06
2026-07-28 23:42:49,446 INFO Epoch 53 | Batch 600/1186 | Loss 2.43140 (Pin 0.90260 [q90 0.44419, q10 0.45841], MS 1.52881, Freq 0.00000, L1 1.95568, Spectral 0.37835, Gradient 0.65061) | LR 5.00e-06
2026-07-28 23:43:11,192 INFO Epoch 53 | Batch 650/1186 | Loss 2.41596 (Pin 0.89887 [q90 0.43661, q10 0.46226], MS 1.51709, Freq 0.00000, L1 1.97120, Spectral 0.39023, Gradient 0.65927) | LR 5.00e-06
2026-07-28 23:43:32,926 INFO Epoch 53 | Batch 700/1186 | Loss 2.43987 (Pin 0.90495 [q90 0.44251, q10 0.46244], MS 1.53491, Freq 0.00000, L1 1.96783, Spectral 0.38228, Gradient 0.65797) | LR 5.00e-06
2026-07-28 23:43:54,653 INFO Epoch 53 | Batch 750/1186 | Loss 2.43831 (Pin 0.90309 [q90 0.44478, q10 0.45831], MS 1.53522, Freq 0.00000, L1 1.99316, Spectral 0.38280, Gradient 0.66472) | LR 5.00e-06
2026-07-28 23:44:16,380 INFO Epoch 53 | Batch 800/1186 | Loss 2.34627 (Pin 0.87506 [q90 0.42176, q10 0.45330], MS 1.47121, Freq 0.00000, L1 1.92351, Spectral 0.37682, Gradient 0.63979) | LR 5.00e-06
2026-07-28 23:44:38,107 INFO Epoch 53 | Batch 850/1186 | Loss 2.44672 (Pin 0.90220 [q90 0.44337, q10 0.45882], MS 1.54452, Freq 0.00000, L1 1.98378, Spectral 0.36585, Gradient 0.64109) | LR 5.00e-06
2026-07-28 23:44:59,831 INFO Epoch 53 | Batch 900/1186 | Loss 2.33674 (Pin 0.88879 [q90 0.43663, q10 0.45215], MS 1.44795, Freq 0.00000, L1 1.92207, Spectral 0.36842, Gradient 0.63166) | LR 5.00e-06
2026-07-28 23:45:21,565 INFO Epoch 53 | Batch 950/1186 | Loss 2.44877 (Pin 0.92326 [q90 0.44929, q10 0.47398], MS 1.52551, Freq 0.00000, L1 1.99694, Spectral 0.37660, Gradient 0.64795) | LR 5.00e-06
2026-07-28 23:45:43,291 INFO Epoch 53 | Batch 1000/1186 | Loss 2.43312 (Pin 0.91044 [q90 0.44684, q10 0.46360], MS 1.52268, Freq 0.00000, L1 1.98963, Spectral 0.38274, Gradient 0.65922) | LR 5.00e-06
2026-07-28 23:46:05,025 INFO Epoch 53 | Batch 1050/1186 | Loss 2.40560 (Pin 0.89436 [q90 0.43689, q10 0.45747], MS 1.51124, Freq 0.00000, L1 1.96237, Spectral 0.36964, Gradient 0.63698) | LR 5.00e-06
2026-07-28 23:46:26,746 INFO Epoch 53 | Batch 1100/1186 | Loss 2.49252 (Pin 0.94497 [q90 0.46136, q10 0.48361], MS 1.54755, Freq 0.00000, L1 2.04890, Spectral 0.39188, Gradient 0.67423) | LR 5.00e-06
2026-07-28 23:46:48,466 INFO Epoch 53 | Batch 1150/1186 | Loss 2.37152 (Pin 0.87652 [q90 0.42567, q10 0.45086], MS 1.49500, Freq 0.00000, L1 1.95371, Spectral 0.37671, Gradient 0.65254) | LR 5.00e-06
2026-07-28 23:47:40,164 INFO Epoch 53 | Val Loss 3.05525 (Pin 0.85656 [q90 0.42140, q10 0.43516], MS 2.19869, Freq 0.00000, L1 1.89289, Spectral 0.35424, Gradient 0.60214)
2026-07-28 23:47:40,165 INFO Epoch 53 | Coverage q10/q50/q90 = 0.086/0.488/0.900 (nominal .10/.50/.90) | extreme tail = 0.120/0.466/0.851
2026-07-28 23:48:02,186 INFO Epoch 54 | Batch 50/1186 | Loss 2.44334 (Pin 0.88980 [q90 0.43165, q10 0.45815], MS 1.55354, Freq 0.00000, L1 1.94787, Spectral 0.37394, Gradient 0.63620) | LR 5.00e-06
2026-07-28 23:48:23,926 INFO Epoch 54 | Batch 100/1186 | Loss 2.41708 (Pin 0.89912 [q90 0.44256, q10 0.45655], MS 1.51796, Freq 0.00000, L1 1.96645, Spectral 0.38506, Gradient 0.66127) | LR 5.00e-06
2026-07-28 23:48:45,653 INFO Epoch 54 | Batch 150/1186 | Loss 2.35865 (Pin 0.86388 [q90 0.42575, q10 0.43813], MS 1.49478, Freq 0.00000, L1 1.90808, Spectral 0.38512, Gradient 0.65363) | LR 5.00e-06
2026-07-28 23:49:07,377 INFO Epoch 54 | Batch 200/1186 | Loss 2.49313 (Pin 0.89213 [q90 0.42931, q10 0.46282], MS 1.60100, Freq 0.00000, L1 1.96313, Spectral 0.39422, Gradient 0.65980) | LR 5.00e-06
2026-07-28 23:49:29,111 INFO Epoch 54 | Batch 250/1186 | Loss 2.48465 (Pin 0.92412 [q90 0.44958, q10 0.47454], MS 1.56053, Freq 0.00000, L1 2.03187, Spectral 0.38996, Gradient 0.67094) | LR 5.00e-06
2026-07-28 23:49:50,855 INFO Epoch 54 | Batch 300/1186 | Loss 2.42205 (Pin 0.90232 [q90 0.44096, q10 0.46136], MS 1.51973, Freq 0.00000, L1 1.98323, Spectral 0.39105, Gradient 0.66457) | LR 5.00e-06
2026-07-28 23:50:12,585 INFO Epoch 54 | Batch 350/1186 | Loss 2.49259 (Pin 0.91306 [q90 0.45341, q10 0.45965], MS 1.57954, Freq 0.00000, L1 2.01084, Spectral 0.37590, Gradient 0.64680) | LR 5.00e-06
2026-07-28 23:50:34,318 INFO Epoch 54 | Batch 400/1186 | Loss 2.45732 (Pin 0.90415 [q90 0.44397, q10 0.46018], MS 1.55317, Freq 0.00000, L1 1.98843, Spectral 0.38097, Gradient 0.66551) | LR 5.00e-06
2026-07-28 23:50:56,053 INFO Epoch 54 | Batch 450/1186 | Loss 2.48897 (Pin 0.91262 [q90 0.45250, q10 0.46012], MS 1.57635, Freq 0.00000, L1 2.01343, Spectral 0.39825, Gradient 0.67134) | LR 5.00e-06
2026-07-28 23:51:17,769 INFO Epoch 54 | Batch 500/1186 | Loss 2.35659 (Pin 0.88923 [q90 0.42954, q10 0.45969], MS 1.46736, Freq 0.00000, L1 1.95174, Spectral 0.38017, Gradient 0.64383) | LR 5.00e-06
2026-07-28 23:51:39,486 INFO Epoch 54 | Batch 550/1186 | Loss 2.30568 (Pin 0.88215 [q90 0.42817, q10 0.45398], MS 1.42354, Freq 0.00000, L1 1.93726, Spectral 0.37357, Gradient 0.64104) | LR 5.00e-06
2026-07-28 23:52:01,219 INFO Epoch 54 | Batch 600/1186 | Loss 2.46044 (Pin 0.93043 [q90 0.45542, q10 0.47502], MS 1.53000, Freq 0.00000, L1 2.00216, Spectral 0.37614, Gradient 0.65112) | LR 5.00e-06
2026-07-28 23:52:22,944 INFO Epoch 54 | Batch 650/1186 | Loss 2.44718 (Pin 0.90743 [q90 0.43706, q10 0.47037], MS 1.53975, Freq 0.00000, L1 1.96512, Spectral 0.36550, Gradient 0.63527) | LR 5.00e-06
2026-07-28 23:52:44,663 INFO Epoch 54 | Batch 700/1186 | Loss 2.46778 (Pin 0.87615 [q90 0.43273, q10 0.44342], MS 1.59163, Freq 0.00000, L1 1.90852, Spectral 0.36674, Gradient 0.62865) | LR 5.00e-06
2026-07-28 23:53:06,392 INFO Epoch 54 | Batch 750/1186 | Loss 2.40044 (Pin 0.90954 [q90 0.44009, q10 0.46945], MS 1.49090, Freq 0.00000, L1 1.98289, Spectral 0.37499, Gradient 0.64897) | LR 5.00e-06
2026-07-28 23:53:28,116 INFO Epoch 54 | Batch 800/1186 | Loss 2.42087 (Pin 0.90558 [q90 0.44350, q10 0.46208], MS 1.51529, Freq 0.00000, L1 1.98168, Spectral 0.37905, Gradient 0.64885) | LR 5.00e-06
2026-07-28 23:53:49,846 INFO Epoch 54 | Batch 850/1186 | Loss 2.51649 (Pin 0.91498 [q90 0.45140, q10 0.46358], MS 1.60151, Freq 0.00000, L1 2.00332, Spectral 0.38824, Gradient 0.66365) | LR 5.00e-06
2026-07-28 23:54:11,578 INFO Epoch 54 | Batch 900/1186 | Loss 2.39919 (Pin 0.88546 [q90 0.43206, q10 0.45340], MS 1.51373, Freq 0.00000, L1 1.95629, Spectral 0.39330, Gradient 0.66431) | LR 5.00e-06
2026-07-28 23:54:33,285 INFO Epoch 54 | Batch 950/1186 | Loss 2.46523 (Pin 0.94148 [q90 0.45580, q10 0.48567], MS 1.52375, Freq 0.00000, L1 2.02044, Spectral 0.37907, Gradient 0.65833) | LR 5.00e-06
2026-07-28 23:54:55,004 INFO Epoch 54 | Batch 1000/1186 | Loss 2.40087 (Pin 0.89406 [q90 0.43083, q10 0.46323], MS 1.50681, Freq 0.00000, L1 1.95805, Spectral 0.37524, Gradient 0.64808) | LR 5.00e-06
2026-07-28 23:55:16,739 INFO Epoch 54 | Batch 1050/1186 | Loss 2.53529 (Pin 0.94717 [q90 0.46248, q10 0.48468], MS 1.58813, Freq 0.00000, L1 2.03673, Spectral 0.37256, Gradient 0.64587) | LR 5.00e-06
2026-07-28 23:55:38,459 INFO Epoch 54 | Batch 1100/1186 | Loss 2.41032 (Pin 0.89298 [q90 0.43601, q10 0.45697], MS 1.51733, Freq 0.00000, L1 1.95081, Spectral 0.37643, Gradient 0.65139) | LR 5.00e-06
2026-07-28 23:56:00,203 INFO Epoch 54 | Batch 1150/1186 | Loss 2.41751 (Pin 0.90054 [q90 0.44150, q10 0.45904], MS 1.51697, Freq 0.00000, L1 1.96907, Spectral 0.37015, Gradient 0.64344) | LR 5.00e-06
2026-07-28 23:56:51,860 INFO Epoch 54 | Val Loss 3.04166 (Pin 0.85783 [q90 0.42175, q10 0.43609], MS 2.18383, Freq 0.00000, L1 1.89791, Spectral 0.35564, Gradient 0.61013)
2026-07-28 23:56:51,860 INFO Epoch 54 | Coverage q10/q50/q90 = 0.089/0.491/0.895 (nominal .10/.50/.90) | extreme tail = 0.126/0.472/0.854
2026-07-28 23:57:13,897 INFO Epoch 55 | Batch 50/1186 | Loss 2.35257 (Pin 0.89423 [q90 0.43284, q10 0.46139], MS 1.45834, Freq 0.00000, L1 1.98364, Spectral 0.39922, Gradient 0.67752) | LR 5.00e-06
2026-07-28 23:57:35,631 INFO Epoch 55 | Batch 100/1186 | Loss 2.36001 (Pin 0.87638 [q90 0.42774, q10 0.44864], MS 1.48363, Freq 0.00000, L1 1.90417, Spectral 0.37061, Gradient 0.62707) | LR 5.00e-06
2026-07-28 23:57:57,357 INFO Epoch 55 | Batch 150/1186 | Loss 2.49830 (Pin 0.89993 [q90 0.43271, q10 0.46722], MS 1.59837, Freq 0.00000, L1 1.96396, Spectral 0.38449, Gradient 0.65229) | LR 5.00e-06
2026-07-28 23:58:19,074 INFO Epoch 55 | Batch 200/1186 | Loss 2.35326 (Pin 0.88554 [q90 0.42622, q10 0.45932], MS 1.46772, Freq 0.00000, L1 1.92370, Spectral 0.38296, Gradient 0.65302) | LR 5.00e-06
2026-07-28 23:58:40,818 INFO Epoch 55 | Batch 250/1186 | Loss 2.45443 (Pin 0.91314 [q90 0.43942, q10 0.47372], MS 1.54129, Freq 0.00000, L1 1.99713, Spectral 0.38332, Gradient 0.66528) | LR 5.00e-06
2026-07-28 23:59:02,568 INFO Epoch 55 | Batch 300/1186 | Loss 2.46288 (Pin 0.91358 [q90 0.43966, q10 0.47392], MS 1.54930, Freq 0.00000, L1 1.99679, Spectral 0.35647, Gradient 0.62896) | LR 5.00e-06
2026-07-28 23:59:24,323 INFO Epoch 55 | Batch 350/1186 | Loss 2.35205 (Pin 0.88857 [q90 0.43705, q10 0.45152], MS 1.46348, Freq 0.00000, L1 1.96434, Spectral 0.36980, Gradient 0.63977) | LR 5.00e-06
2026-07-28 23:59:46,089 INFO Epoch 55 | Batch 400/1186 | Loss 2.33766 (Pin 0.89617 [q90 0.44181, q10 0.45437], MS 1.44149, Freq 0.00000, L1 1.95329, Spectral 0.36937, Gradient 0.63724) | LR 5.00e-06
2026-07-29 00:00:07,860 INFO Epoch 55 | Batch 450/1186 | Loss 2.55207 (Pin 0.93277 [q90 0.46037, q10 0.47240], MS 1.61931, Freq 0.00000, L1 2.01989, Spectral 0.38094, Gradient 0.65761) | LR 5.00e-06
2026-07-29 00:00:29,618 INFO Epoch 55 | Batch 500/1186 | Loss 2.50210 (Pin 0.95462 [q90 0.46601, q10 0.48861], MS 1.54748, Freq 0.00000, L1 2.04344, Spectral 0.37589, Gradient 0.64852) | LR 5.00e-06
2026-07-29 00:00:51,378 INFO Epoch 55 | Batch 550/1186 | Loss 2.47154 (Pin 0.87810 [q90 0.43146, q10 0.44664], MS 1.59344, Freq 0.00000, L1 1.91812, Spectral 0.37649, Gradient 0.64387) | LR 5.00e-06
2026-07-29 00:01:13,133 INFO Epoch 55 | Batch 600/1186 | Loss 2.40982 (Pin 0.92384 [q90 0.45114, q10 0.47271], MS 1.48597, Freq 0.00000, L1 2.00604, Spectral 0.36986, Gradient 0.63957) | LR 5.00e-06
2026-07-29 00:01:34,882 INFO Epoch 55 | Batch 650/1186 | Loss 2.52201 (Pin 0.92410 [q90 0.45062, q10 0.47348], MS 1.59791, Freq 0.00000, L1 2.02642, Spectral 0.38963, Gradient 0.66840) | LR 5.00e-06
2026-07-29 00:01:56,639 INFO Epoch 55 | Batch 700/1186 | Loss 2.41777 (Pin 0.90061 [q90 0.43676, q10 0.46386], MS 1.51716, Freq 0.00000, L1 1.97007, Spectral 0.39617, Gradient 0.67418) | LR 5.00e-06
2026-07-29 00:02:18,399 INFO Epoch 55 | Batch 750/1186 | Loss 2.44190 (Pin 0.90518 [q90 0.44215, q10 0.46303], MS 1.53672, Freq 0.00000, L1 1.99647, Spectral 0.36917, Gradient 0.63478) | LR 5.00e-06
2026-07-29 00:02:40,147 INFO Epoch 55 | Batch 800/1186 | Loss 2.47779 (Pin 0.90566 [q90 0.44580, q10 0.45986], MS 1.57213, Freq 0.00000, L1 1.98546, Spectral 0.38564, Gradient 0.66297) | LR 5.00e-06
2026-07-29 00:03:01,891 INFO Epoch 55 | Batch 850/1186 | Loss 2.39915 (Pin 0.86617 [q90 0.42065, q10 0.44552], MS 1.53298, Freq 0.00000, L1 1.92196, Spectral 0.37832, Gradient 0.65459) | LR 5.00e-06
2026-07-29 00:03:23,647 INFO Epoch 55 | Batch 900/1186 | Loss 2.48642 (Pin 0.89648 [q90 0.44600, q10 0.45048], MS 1.58994, Freq 0.00000, L1 1.96518, Spectral 0.38062, Gradient 0.65359) | LR 5.00e-06
2026-07-29 00:03:45,414 INFO Epoch 55 | Batch 950/1186 | Loss 2.44363 (Pin 0.90598 [q90 0.44307, q10 0.46291], MS 1.53766, Freq 0.00000, L1 1.96581, Spectral 0.38921, Gradient 0.66497) | LR 5.00e-06
2026-07-29 00:04:07,167 INFO Epoch 55 | Batch 1000/1186 | Loss 2.36533 (Pin 0.89323 [q90 0.43734, q10 0.45589], MS 1.47210, Freq 0.00000, L1 1.96060, Spectral 0.38181, Gradient 0.64911) | LR 5.00e-06
2026-07-29 00:04:28,886 INFO Epoch 55 | Batch 1050/1186 | Loss 2.43310 (Pin 0.89207 [q90 0.43277, q10 0.45930], MS 1.54103, Freq 0.00000, L1 1.94461, Spectral 0.38978, Gradient 0.66156) | LR 5.00e-06
2026-07-29 00:04:50,605 INFO Epoch 55 | Batch 1100/1186 | Loss 2.47728 (Pin 0.92230 [q90 0.45507, q10 0.46724], MS 1.55498, Freq 0.00000, L1 1.98960, Spectral 0.39406, Gradient 0.67088) | LR 5.00e-06
2026-07-29 00:05:12,331 INFO Epoch 55 | Batch 1150/1186 | Loss 2.31469 (Pin 0.86955 [q90 0.42516, q10 0.44439], MS 1.44514, Freq 0.00000, L1 1.91479, Spectral 0.37951, Gradient 0.64961) | LR 5.00e-06
2026-07-29 00:06:04,054 INFO Epoch 55 | Val Loss 2.99614 (Pin 0.86002 [q90 0.42175, q10 0.43827], MS 2.13612, Freq 0.00000, L1 1.91240, Spectral 0.35682, Gradient 0.62000)
2026-07-29 00:06:04,055 INFO Epoch 55 | Coverage q10/q50/q90 = 0.081/0.484/0.900 (nominal .10/.50/.90) | extreme tail = 0.120/0.462/0.848
2026-07-29 00:06:04,546 INFO New best val loss: 2.99614 (saved checkpoints/best.pth)
2026-07-29 00:06:26,356 INFO Epoch 56 | Batch 50/1186 | Loss 2.41358 (Pin 0.90233 [q90 0.43947, q10 0.46286], MS 1.51125, Freq 0.00000, L1 1.99720, Spectral 0.38621, Gradient 0.66314) | LR 5.00e-06
2026-07-29 00:06:48,078 INFO Epoch 56 | Batch 100/1186 | Loss 2.37104 (Pin 0.87419 [q90 0.42984, q10 0.44435], MS 1.49686, Freq 0.00000, L1 1.91079, Spectral 0.35557, Gradient 0.62131) | LR 5.00e-06
2026-07-29 00:07:09,795 INFO Epoch 56 | Batch 150/1186 | Loss 2.41304 (Pin 0.88631 [q90 0.43017, q10 0.45613], MS 1.52673, Freq 0.00000, L1 1.95998, Spectral 0.36891, Gradient 0.63499) | LR 5.00e-06
2026-07-29 00:07:31,512 INFO Epoch 56 | Batch 200/1186 | Loss 2.41223 (Pin 0.91873 [q90 0.45142, q10 0.46731], MS 1.49350, Freq 0.00000, L1 1.96981, Spectral 0.35570, Gradient 0.62142) | LR 5.00e-06
2026-07-29 00:07:53,248 INFO Epoch 56 | Batch 250/1186 | Loss 2.34555 (Pin 0.88165 [q90 0.43053, q10 0.45112], MS 1.46390, Freq 0.00000, L1 1.92938, Spectral 0.37168, Gradient 0.64141) | LR 5.00e-06
2026-07-29 00:08:14,990 INFO Epoch 56 | Batch 300/1186 | Loss 2.44749 (Pin 0.90195 [q90 0.43993, q10 0.46201], MS 1.54554, Freq 0.00000, L1 1.97950, Spectral 0.38356, Gradient 0.65870) | LR 5.00e-06
2026-07-29 00:08:36,726 INFO Epoch 56 | Batch 350/1186 | Loss 2.53332 (Pin 0.94640 [q90 0.45586, q10 0.49054], MS 1.58692, Freq 0.00000, L1 2.03989, Spectral 0.39249, Gradient 0.66678) | LR 5.00e-06
2026-07-29 00:08:58,449 INFO Epoch 56 | Batch 400/1186 | Loss 2.41197 (Pin 0.89879 [q90 0.44014, q10 0.45865], MS 1.51318, Freq 0.00000, L1 1.98392, Spectral 0.38185, Gradient 0.65537) | LR 5.00e-06
2026-07-29 00:09:20,196 INFO Epoch 56 | Batch 450/1186 | Loss 2.48669 (Pin 0.89622 [q90 0.43128, q10 0.46494], MS 1.59047, Freq 0.00000, L1 1.96310, Spectral 0.38395, Gradient 0.66390) | LR 5.00e-06
2026-07-29 00:09:41,903 INFO Epoch 56 | Batch 500/1186 | Loss 2.43956 (Pin 0.91762 [q90 0.45402, q10 0.46359], MS 1.52195, Freq 0.00000, L1 2.03209, Spectral 0.39305, Gradient 0.68413) | LR 5.00e-06
2026-07-29 00:10:03,637 INFO Epoch 56 | Batch 550/1186 | Loss 2.50146 (Pin 0.91215 [q90 0.44190, q10 0.47024], MS 1.58932, Freq 0.00000, L1 2.00340, Spectral 0.39749, Gradient 0.67216) | LR 5.00e-06
2026-07-29 00:10:25,368 INFO Epoch 56 | Batch 600/1186 | Loss 2.42317 (Pin 0.86331 [q90 0.41894, q10 0.44437], MS 1.55986, Freq 0.00000, L1 1.93054, Spectral 0.38442, Gradient 0.65331) | LR 5.00e-06
2026-07-29 00:10:47,100 INFO Epoch 56 | Batch 650/1186 | Loss 2.49797 (Pin 0.90714 [q90 0.44825, q10 0.45889], MS 1.59083, Freq 0.00000, L1 1.99891, Spectral 0.37571, Gradient 0.64820) | LR 5.00e-06
2026-07-29 00:11:08,837 INFO Epoch 56 | Batch 700/1186 | Loss 2.37298 (Pin 0.89831 [q90 0.44775, q10 0.45057], MS 1.47467, Freq 0.00000, L1 1.96321, Spectral 0.37089, Gradient 0.64695) | LR 5.00e-06
2026-07-29 00:11:30,565 INFO Epoch 56 | Batch 750/1186 | Loss 2.37585 (Pin 0.91124 [q90 0.44953, q10 0.46171], MS 1.46461, Freq 0.00000, L1 1.97828, Spectral 0.37400, Gradient 0.64316) | LR 5.00e-06
2026-07-29 00:11:52,284 INFO Epoch 56 | Batch 800/1186 | Loss 2.56483 (Pin 0.94043 [q90 0.46216, q10 0.47827], MS 1.62440, Freq 0.00000, L1 2.02544, Spectral 0.37681, Gradient 0.65840) | LR 5.00e-06
2026-07-29 00:12:14,015 INFO Epoch 56 | Batch 850/1186 | Loss 2.34477 (Pin 0.88766 [q90 0.43952, q10 0.44814], MS 1.45711, Freq 0.00000, L1 1.93710, Spectral 0.36390, Gradient 0.62640) | LR 5.00e-06
2026-07-29 00:12:35,738 INFO Epoch 56 | Batch 900/1186 | Loss 2.31188 (Pin 0.87592 [q90 0.43009, q10 0.44583], MS 1.43597, Freq 0.00000, L1 1.91166, Spectral 0.37535, Gradient 0.63244) | LR 5.00e-06
2026-07-29 00:12:57,461 INFO Epoch 56 | Batch 950/1186 | Loss 2.34472 (Pin 0.86433 [q90 0.41632, q10 0.44801], MS 1.48039, Freq 0.00000, L1 1.88504, Spectral 0.37152, Gradient 0.63826) | LR 5.00e-06
2026-07-29 00:13:19,185 INFO Epoch 56 | Batch 1000/1186 | Loss 2.47456 (Pin 0.91351 [q90 0.44434, q10 0.46917], MS 1.56105, Freq 0.00000, L1 1.99906, Spectral 0.40127, Gradient 0.67340) | LR 5.00e-06
2026-07-29 00:13:40,911 INFO Epoch 56 | Batch 1050/1186 | Loss 2.39436 (Pin 0.89341 [q90 0.43249, q10 0.46092], MS 1.50095, Freq 0.00000, L1 1.96150, Spectral 0.36586, Gradient 0.63304) | LR 5.00e-06
2026-07-29 00:14:02,650 INFO Epoch 56 | Batch 1100/1186 | Loss 2.43788 (Pin 0.90969 [q90 0.44275, q10 0.46694], MS 1.52819, Freq 0.00000, L1 1.98541, Spectral 0.38507, Gradient 0.65754) | LR 5.00e-06
2026-07-29 00:14:24,384 INFO Epoch 56 | Batch 1150/1186 | Loss 2.49439 (Pin 0.91801 [q90 0.44391, q10 0.47410], MS 1.57638, Freq 0.00000, L1 1.99440, Spectral 0.38914, Gradient 0.65991) | LR 5.00e-06
2026-07-29 00:15:16,105 INFO Epoch 56 | Val Loss 3.05269 (Pin 0.85771 [q90 0.42158, q10 0.43613], MS 2.19498, Freq 0.00000, L1 1.89556, Spectral 0.35107, Gradient 0.60508)
2026-07-29 00:15:16,105 INFO Epoch 56 | Coverage q10/q50/q90 = 0.084/0.494/0.901 (nominal .10/.50/.90) | extreme tail = 0.122/0.468/0.852
2026-07-29 00:15:38,240 INFO Epoch 57 | Batch 50/1186 | Loss 2.34737 (Pin 0.88872 [q90 0.43087, q10 0.45785], MS 1.45865, Freq 0.00000, L1 1.94113, Spectral 0.37648, Gradient 0.64571) | LR 5.00e-06
2026-07-29 00:15:59,953 INFO Epoch 57 | Batch 100/1186 | Loss 2.41017 (Pin 0.90291 [q90 0.43876, q10 0.46415], MS 1.50726, Freq 0.00000, L1 1.96899, Spectral 0.38035, Gradient 0.65179) | LR 5.00e-06
2026-07-29 00:16:21,682 INFO Epoch 57 | Batch 150/1186 | Loss 2.39181 (Pin 0.90624 [q90 0.44275, q10 0.46349], MS 1.48558, Freq 0.00000, L1 1.98751, Spectral 0.38006, Gradient 0.66011) | LR 5.00e-06
2026-07-29 00:16:43,412 INFO Epoch 57 | Batch 200/1186 | Loss 2.32667 (Pin 0.88062 [q90 0.42975, q10 0.45087], MS 1.44605, Freq 0.00000, L1 1.95497, Spectral 0.38813, Gradient 0.66795) | LR 5.00e-06
2026-07-29 00:17:05,143 INFO Epoch 57 | Batch 250/1186 | Loss 2.33277 (Pin 0.89108 [q90 0.43762, q10 0.45346], MS 1.44169, Freq 0.00000, L1 1.95225, Spectral 0.37468, Gradient 0.65318) | LR 5.00e-06
2026-07-29 00:17:26,868 INFO Epoch 57 | Batch 300/1186 | Loss 2.40569 (Pin 0.90293 [q90 0.44498, q10 0.45794], MS 1.50276, Freq 0.00000, L1 1.98496, Spectral 0.36434, Gradient 0.64398) | LR 5.00e-06
2026-07-29 00:17:48,582 INFO Epoch 57 | Batch 350/1186 | Loss 2.37922 (Pin 0.87535 [q90 0.42917, q10 0.44618], MS 1.50387, Freq 0.00000, L1 1.92311, Spectral 0.37638, Gradient 0.64444) | LR 5.00e-06
2026-07-29 00:18:10,308 INFO Epoch 57 | Batch 400/1186 | Loss 2.47017 (Pin 0.94701 [q90 0.46429, q10 0.48271], MS 1.52316, Freq 0.00000, L1 2.05619, Spectral 0.39632, Gradient 0.67343) | LR 5.00e-06
2026-07-29 00:18:32,026 INFO Epoch 57 | Batch 450/1186 | Loss 2.42515 (Pin 0.89436 [q90 0.44249, q10 0.45187], MS 1.53080, Freq 0.00000, L1 1.93552, Spectral 0.38259, Gradient 0.65211) | LR 5.00e-06
2026-07-29 00:18:53,745 INFO Epoch 57 | Batch 500/1186 | Loss 2.48843 (Pin 0.90729 [q90 0.43997, q10 0.46731], MS 1.58114, Freq 0.00000, L1 2.01395, Spectral 0.40116, Gradient 0.68472) | LR 5.00e-06
2026-07-29 00:19:15,471 INFO Epoch 57 | Batch 550/1186 | Loss 2.34795 (Pin 0.88415 [q90 0.42569, q10 0.45846], MS 1.46380, Freq 0.00000, L1 1.95281, Spectral 0.38177, Gradient 0.65976) | LR 5.00e-06
2026-07-29 00:19:37,188 INFO Epoch 57 | Batch 600/1186 | Loss 2.31173 (Pin 0.88982 [q90 0.43321, q10 0.45660], MS 1.42191, Freq 0.00000, L1 1.95323, Spectral 0.36036, Gradient 0.63299) | LR 5.00e-06
2026-07-29 00:19:58,916 INFO Epoch 57 | Batch 650/1186 | Loss 2.42330 (Pin 0.91878 [q90 0.44420, q10 0.47458], MS 1.50452, Freq 0.00000, L1 1.99636, Spectral 0.37249, Gradient 0.63952) | LR 5.00e-06
2026-07-29 00:20:20,631 INFO Epoch 57 | Batch 700/1186 | Loss 2.34955 (Pin 0.89073 [q90 0.43532, q10 0.45540], MS 1.45882, Freq 0.00000, L1 1.96130, Spectral 0.37792, Gradient 0.65081) | LR 5.00e-06
2026-07-29 00:20:42,361 INFO Epoch 57 | Batch 750/1186 | Loss 2.39874 (Pin 0.90906 [q90 0.44367, q10 0.46539], MS 1.48968, Freq 0.00000, L1 1.98631, Spectral 0.38521, Gradient 0.65847) | LR 5.00e-06
2026-07-29 00:21:04,091 INFO Epoch 57 | Batch 800/1186 | Loss 2.44246 (Pin 0.90680 [q90 0.44380, q10 0.46300], MS 1.53566, Freq 0.00000, L1 1.97818, Spectral 0.38403, Gradient 0.65888) | LR 5.00e-06
2026-07-29 00:21:25,814 INFO Epoch 57 | Batch 850/1186 | Loss 2.44681 (Pin 0.91368 [q90 0.44754, q10 0.46615], MS 1.53312, Freq 0.00000, L1 1.97982, Spectral 0.37989, Gradient 0.65006) | LR 5.00e-06
2026-07-29 00:21:47,537 INFO Epoch 57 | Batch 900/1186 | Loss 2.38535 (Pin 0.94938 [q90 0.46914, q10 0.48024], MS 1.43597, Freq 0.00000, L1 2.03381, Spectral 0.39119, Gradient 0.67044) | LR 5.00e-06
2026-07-29 00:22:09,263 INFO Epoch 57 | Batch 950/1186 | Loss 2.42807 (Pin 0.88399 [q90 0.42823, q10 0.45576], MS 1.54408, Freq 0.00000, L1 1.93106, Spectral 0.39028, Gradient 0.65484) | LR 5.00e-06
2026-07-29 00:22:30,995 INFO Epoch 57 | Batch 1000/1186 | Loss 2.39586 (Pin 0.88296 [q90 0.43848, q10 0.44448], MS 1.51289, Freq 0.00000, L1 1.94447, Spectral 0.36958, Gradient 0.63996) | LR 5.00e-06
2026-07-29 00:22:52,710 INFO Epoch 57 | Batch 1050/1186 | Loss 2.41903 (Pin 0.90278 [q90 0.43671, q10 0.46607], MS 1.51625, Freq 0.00000, L1 1.97412, Spectral 0.37023, Gradient 0.64558) | LR 5.00e-06
2026-07-29 00:23:14,432 INFO Epoch 57 | Batch 1100/1186 | Loss 2.35102 (Pin 0.90393 [q90 0.44693, q10 0.45699], MS 1.44710, Freq 0.00000, L1 1.95485, Spectral 0.36951, Gradient 0.63312) | LR 5.00e-06
2026-07-29 00:23:36,154 INFO Epoch 57 | Batch 1150/1186 | Loss 2.33244 (Pin 0.88332 [q90 0.43622, q10 0.44710], MS 1.44912, Freq 0.00000, L1 1.93480, Spectral 0.36874, Gradient 0.63069) | LR 5.00e-06
2026-07-29 00:24:28,123 INFO Epoch 57 | Val Loss 3.01319 (Pin 0.85641 [q90 0.42086, q10 0.43555], MS 2.15678, Freq 0.00000, L1 1.88692, Spectral 0.35120, Gradient 0.60203)
2026-07-29 00:24:28,123 INFO Epoch 57 | Coverage q10/q50/q90 = 0.084/0.483/0.901 (nominal .10/.50/.90) | extreme tail = 0.121/0.466/0.859
2026-07-29 00:24:50,151 INFO Epoch 58 | Batch 50/1186 | Loss 2.40975 (Pin 0.90107 [q90 0.44231, q10 0.45877], MS 1.50868, Freq 0.00000, L1 1.96946, Spectral 0.36975, Gradient 0.64362) | LR 5.00e-06
2026-07-29 00:25:11,887 INFO Epoch 58 | Batch 100/1186 | Loss 2.56275 (Pin 0.93413 [q90 0.45234, q10 0.48179], MS 1.62862, Freq 0.00000, L1 2.03637, Spectral 0.37477, Gradient 0.65609) | LR 5.00e-06
2026-07-29 00:25:33,620 INFO Epoch 58 | Batch 150/1186 | Loss 2.32415 (Pin 0.86101 [q90 0.41830, q10 0.44271], MS 1.46315, Freq 0.00000, L1 1.91694, Spectral 0.37898, Gradient 0.65576) | LR 5.00e-06
2026-07-29 00:25:55,347 INFO Epoch 58 | Batch 200/1186 | Loss 2.40783 (Pin 0.89481 [q90 0.43606, q10 0.45875], MS 1.51302, Freq 0.00000, L1 1.95118, Spectral 0.37865, Gradient 0.64864) | LR 5.00e-06
2026-07-29 00:26:17,074 INFO Epoch 58 | Batch 250/1186 | Loss 2.39736 (Pin 0.91800 [q90 0.44755, q10 0.47045], MS 1.47936, Freq 0.00000, L1 1.99229, Spectral 0.37630, Gradient 0.64450) | LR 5.00e-06
2026-07-29 00:26:38,794 INFO Epoch 58 | Batch 300/1186 | Loss 2.45280 (Pin 0.91732 [q90 0.44865, q10 0.46866], MS 1.53548, Freq 0.00000, L1 1.99020, Spectral 0.36738, Gradient 0.64214) | LR 5.00e-06
2026-07-29 00:27:00,514 INFO Epoch 58 | Batch 350/1186 | Loss 2.41852 (Pin 0.91472 [q90 0.44593, q10 0.46879], MS 1.50380, Freq 0.00000, L1 1.97047, Spectral 0.36918, Gradient 0.63356) | LR 5.00e-06
2026-07-29 00:27:22,234 INFO Epoch 58 | Batch 400/1186 | Loss 2.42203 (Pin 0.91401 [q90 0.44859, q10 0.46542], MS 1.50802, Freq 0.00000, L1 1.97403, Spectral 0.37876, Gradient 0.64389) | LR 5.00e-06
2026-07-29 00:27:43,953 INFO Epoch 58 | Batch 450/1186 | Loss 2.43065 (Pin 0.91252 [q90 0.44531, q10 0.46721], MS 1.51813, Freq 0.00000, L1 2.01204, Spectral 0.38698, Gradient 0.66236) | LR 5.00e-06
2026-07-29 00:28:05,673 INFO Epoch 58 | Batch 500/1186 | Loss 2.30686 (Pin 0.87145 [q90 0.42792, q10 0.44352], MS 1.43541, Freq 0.00000, L1 1.90372, Spectral 0.36740, Gradient 0.63538) | LR 5.00e-06
2026-07-29 00:28:27,391 INFO Epoch 58 | Batch 550/1186 | Loss 2.41953 (Pin 0.89257 [q90 0.43601, q10 0.45656], MS 1.52696, Freq 0.00000, L1 1.96184, Spectral 0.38211, Gradient 0.65197) | LR 5.00e-06
2026-07-29 00:28:49,104 INFO Epoch 58 | Batch 600/1186 | Loss 2.43264 (Pin 0.91648 [q90 0.44723, q10 0.46925], MS 1.51616, Freq 0.00000, L1 2.00878, Spectral 0.38700, Gradient 0.66800) | LR 5.00e-06
2026-07-29 00:29:10,820 INFO Epoch 58 | Batch 650/1186 | Loss 2.37966 (Pin 0.87867 [q90 0.43073, q10 0.44794], MS 1.50099, Freq 0.00000, L1 1.94261, Spectral 0.38167, Gradient 0.65171) | LR 5.00e-06
2026-07-29 00:29:32,572 INFO Epoch 58 | Batch 700/1186 | Loss 2.42648 (Pin 0.90917 [q90 0.44172, q10 0.46745], MS 1.51731, Freq 0.00000, L1 1.97486, Spectral 0.36151, Gradient 0.63486) | LR 5.00e-06
2026-07-29 00:29:54,316 INFO Epoch 58 | Batch 750/1186 | Loss 2.39369 (Pin 0.87718 [q90 0.42552, q10 0.45166], MS 1.51651, Freq 0.00000, L1 1.92935, Spectral 0.36908, Gradient 0.63534) | LR 5.00e-06
2026-07-29 00:30:16,069 INFO Epoch 58 | Batch 800/1186 | Loss 2.46015 (Pin 0.93469 [q90 0.44971, q10 0.48498], MS 1.52546, Freq 0.00000, L1 2.03067, Spectral 0.38399, Gradient 0.66604) | LR 5.00e-06
2026-07-29 00:30:37,807 INFO Epoch 58 | Batch 850/1186 | Loss 2.42379 (Pin 0.90393 [q90 0.44506, q10 0.45886], MS 1.51986, Freq 0.00000, L1 1.99805, Spectral 0.38749, Gradient 0.66623) | LR 5.00e-06
2026-07-29 00:30:59,556 INFO Epoch 58 | Batch 900/1186 | Loss 2.42202 (Pin 0.88013 [q90 0.42981, q10 0.45032], MS 1.54189, Freq 0.00000, L1 1.91707, Spectral 0.37584, Gradient 0.64094) | LR 5.00e-06
2026-07-29 00:31:21,308 INFO Epoch 58 | Batch 950/1186 | Loss 2.41921 (Pin 0.91796 [q90 0.45102, q10 0.46694], MS 1.50126, Freq 0.00000, L1 2.01032, Spectral 0.38729, Gradient 0.66212) | LR 5.00e-06
2026-07-29 00:31:43,052 INFO Epoch 58 | Batch 1000/1186 | Loss 2.39683 (Pin 0.89313 [q90 0.43732, q10 0.45581], MS 1.50371, Freq 0.00000, L1 1.99154, Spectral 0.39201, Gradient 0.67390) | LR 5.00e-06
2026-07-29 00:32:04,792 INFO Epoch 58 | Batch 1050/1186 | Loss 2.45794 (Pin 0.91954 [q90 0.45680, q10 0.46274], MS 1.53840, Freq 0.00000, L1 1.97275, Spectral 0.36947, Gradient 0.63290) | LR 5.00e-06
2026-07-29 00:32:26,550 INFO Epoch 58 | Batch 1100/1186 | Loss 2.35049 (Pin 0.85252 [q90 0.41060, q10 0.44193], MS 1.49797, Freq 0.00000, L1 1.90021, Spectral 0.38853, Gradient 0.66087) | LR 5.00e-06
2026-07-29 00:32:48,329 INFO Epoch 58 | Batch 1150/1186 | Loss 2.46959 (Pin 0.92480 [q90 0.45156, q10 0.47324], MS 1.54480, Freq 0.00000, L1 2.00040, Spectral 0.37549, Gradient 0.65116) | LR 5.00e-06
2026-07-29 00:33:39,660 INFO Epoch 58 | Val Loss 3.02359 (Pin 0.85764 [q90 0.42135, q10 0.43629], MS 2.16596, Freq 0.00000, L1 1.92085, Spectral 0.36092, Gradient 0.63055)
2026-07-29 00:33:39,660 INFO Epoch 58 | Coverage q10/q50/q90 = 0.080/0.489/0.903 (nominal .10/.50/.90) | extreme tail = 0.121/0.469/0.865
2026-07-29 00:34:01,717 INFO Epoch 59 | Batch 50/1186 | Loss 2.38296 (Pin 0.90639 [q90 0.44077, q10 0.46561], MS 1.47657, Freq 0.00000, L1 1.96832, Spectral 0.36439, Gradient 0.63674) | LR 5.00e-06
2026-07-29 00:34:23,467 INFO Epoch 59 | Batch 100/1186 | Loss 2.32518 (Pin 0.88728 [q90 0.43573, q10 0.45155], MS 1.43790, Freq 0.00000, L1 1.96252, Spectral 0.37608, Gradient 0.64821) | LR 5.00e-06
2026-07-29 00:34:45,220 INFO Epoch 59 | Batch 150/1186 | Loss 2.41030 (Pin 0.87339 [q90 0.42680, q10 0.44659], MS 1.53691, Freq 0.00000, L1 1.94055, Spectral 0.37077, Gradient 0.63999) | LR 5.00e-06
2026-07-29 00:35:06,971 INFO Epoch 59 | Batch 200/1186 | Loss 2.49728 (Pin 0.90911 [q90 0.43869, q10 0.47042], MS 1.58817, Freq 0.00000, L1 1.98213, Spectral 0.37522, Gradient 0.63992) | LR 5.00e-06
2026-07-29 00:35:28,709 INFO Epoch 59 | Batch 250/1186 | Loss 2.40823 (Pin 0.87911 [q90 0.42871, q10 0.45040], MS 1.52912, Freq 0.00000, L1 1.93710, Spectral 0.37246, Gradient 0.64084) | LR 5.00e-06
2026-07-29 00:35:50,453 INFO Epoch 59 | Batch 300/1186 | Loss 2.41776 (Pin 0.88920 [q90 0.43072, q10 0.45848], MS 1.52856, Freq 0.00000, L1 1.96845, Spectral 0.37886, Gradient 0.65492) | LR 5.00e-06
2026-07-29 00:36:12,219 INFO Epoch 59 | Batch 350/1186 | Loss 2.32462 (Pin 0.86925 [q90 0.42906, q10 0.44019], MS 1.45537, Freq 0.00000, L1 1.92161, Spectral 0.37636, Gradient 0.64888) | LR 5.00e-06
2026-07-29 00:36:33,988 INFO Epoch 59 | Batch 400/1186 | Loss 2.37332 (Pin 0.88186 [q90 0.43234, q10 0.44952], MS 1.49145, Freq 0.00000, L1 1.94219, Spectral 0.37316, Gradient 0.63587) | LR 5.00e-06
2026-07-29 00:36:55,763 INFO Epoch 59 | Batch 450/1186 | Loss 2.34302 (Pin 0.89566 [q90 0.44063, q10 0.45503], MS 1.44736, Freq 0.00000, L1 1.95971, Spectral 0.38145, Gradient 0.64585) | LR 5.00e-06
2026-07-29 00:37:17,516 INFO Epoch 59 | Batch 500/1186 | Loss 2.42506 (Pin 0.88692 [q90 0.42759, q10 0.45933], MS 1.53815, Freq 0.00000, L1 1.93217, Spectral 0.38000, Gradient 0.64887) | LR 5.00e-06
2026-07-29 00:37:39,270 INFO Epoch 59 | Batch 550/1186 | Loss 2.35174 (Pin 0.88507 [q90 0.43600, q10 0.44907], MS 1.46667, Freq 0.00000, L1 1.93958, Spectral 0.38556, Gradient 0.66922) | LR 5.00e-06
2026-07-29 00:38:01,031 INFO Epoch 59 | Batch 600/1186 | Loss 2.43670 (Pin 0.92886 [q90 0.45344, q10 0.47542], MS 1.50784, Freq 0.00000, L1 2.00961, Spectral 0.37789, Gradient 0.65245) | LR 5.00e-06
2026-07-29 00:38:22,799 INFO Epoch 59 | Batch 650/1186 | Loss 2.42212 (Pin 0.92602 [q90 0.45850, q10 0.46752], MS 1.49609, Freq 0.00000, L1 1.99973, Spectral 0.39572, Gradient 0.66612) | LR 5.00e-06
2026-07-29 00:38:44,539 INFO Epoch 59 | Batch 700/1186 | Loss 2.45675 (Pin 0.91708 [q90 0.45088, q10 0.46620], MS 1.53967, Freq 0.00000, L1 2.00277, Spectral 0.39333, Gradient 0.67308) | LR 5.00e-06
2026-07-29 00:39:06,279 INFO Epoch 59 | Batch 750/1186 | Loss 2.49382 (Pin 0.90850 [q90 0.44619, q10 0.46230], MS 1.58532, Freq 0.00000, L1 1.98320, Spectral 0.37612, Gradient 0.65376) | LR 5.00e-06
2026-07-29 00:39:28,018 INFO Epoch 59 | Batch 800/1186 | Loss 2.20560 (Pin 0.82259 [q90 0.40321, q10 0.41938], MS 1.38301, Freq 0.00000, L1 1.84452, Spectral 0.36351, Gradient 0.62442) | LR 5.00e-06
2026-07-29 00:39:49,735 INFO Epoch 59 | Batch 850/1186 | Loss 2.58359 (Pin 0.95533 [q90 0.46720, q10 0.48813], MS 1.62826, Freq 0.00000, L1 2.06067, Spectral 0.38860, Gradient 0.65565) | LR 5.00e-06
2026-07-29 00:40:11,472 INFO Epoch 59 | Batch 900/1186 | Loss 2.54580 (Pin 0.95222 [q90 0.45982, q10 0.49241], MS 1.59358, Freq 0.00000, L1 2.06019, Spectral 0.37260, Gradient 0.65296) | LR 5.00e-06
2026-07-29 00:40:33,210 INFO Epoch 59 | Batch 950/1186 | Loss 2.45944 (Pin 0.92050 [q90 0.45061, q10 0.46989], MS 1.53894, Freq 0.00000, L1 2.00911, Spectral 0.37515, Gradient 0.65299) | LR 5.00e-06
2026-07-29 00:40:54,943 INFO Epoch 59 | Batch 1000/1186 | Loss 2.37916 (Pin 0.89019 [q90 0.43686, q10 0.45333], MS 1.48897, Freq 0.00000, L1 1.96776, Spectral 0.37506, Gradient 0.64402) | LR 5.00e-06
2026-07-29 00:41:16,676 INFO Epoch 59 | Batch 1050/1186 | Loss 2.48559 (Pin 0.90365 [q90 0.43287, q10 0.47079], MS 1.58194, Freq 0.00000, L1 1.98410, Spectral 0.36749, Gradient 0.63866) | LR 5.00e-06
2026-07-29 00:41:38,408 INFO Epoch 59 | Batch 1100/1186 | Loss 2.45755 (Pin 0.91294 [q90 0.45082, q10 0.46213], MS 1.54461, Freq 0.00000, L1 2.01343, Spectral 0.39030, Gradient 0.66776) | LR 5.00e-06
2026-07-29 00:42:00,137 INFO Epoch 59 | Batch 1150/1186 | Loss 2.34251 (Pin 0.89893 [q90 0.43977, q10 0.45915], MS 1.44358, Freq 0.00000, L1 1.95008, Spectral 0.37305, Gradient 0.64690) | LR 5.00e-06
2026-07-29 00:42:51,410 INFO Epoch 59 | Val Loss 2.99482 (Pin 0.85767 [q90 0.42115, q10 0.43652], MS 2.13715, Freq 0.00000, L1 1.90989, Spectral 0.35742, Gradient 0.62001)
2026-07-29 00:42:51,410 INFO Epoch 59 | Coverage q10/q50/q90 = 0.080/0.484/0.900 (nominal .10/.50/.90) | extreme tail = 0.119/0.468/0.858
2026-07-29 00:42:51,874 INFO New best val loss: 2.99482 (saved checkpoints/best.pth)
2026-07-29 00:43:13,694 INFO Epoch 60 | Batch 50/1186 | Loss 2.41095 (Pin 0.90704 [q90 0.44760, q10 0.45944], MS 1.50391, Freq 0.00000, L1 1.98655, Spectral 0.38404, Gradient 0.65847) | LR 5.00e-06
2026-07-29 00:43:35,449 INFO Epoch 60 | Batch 100/1186 | Loss 2.38497 (Pin 0.87633 [q90 0.42786, q10 0.44846], MS 1.50865, Freq 0.00000, L1 1.93878, Spectral 0.38853, Gradient 0.66147) | LR 5.00e-06
2026-07-29 00:43:57,221 INFO Epoch 60 | Batch 150/1186 | Loss 2.40621 (Pin 0.91340 [q90 0.44509, q10 0.46832], MS 1.49281, Freq 0.00000, L1 1.98917, Spectral 0.37806, Gradient 0.64952) | LR 5.00e-06
2026-07-29 00:44:18,975 INFO Epoch 60 | Batch 200/1186 | Loss 2.52858 (Pin 0.88793 [q90 0.43499, q10 0.45293], MS 1.64065, Freq 0.00000, L1 1.94354, Spectral 0.37399, Gradient 0.64653) | LR 5.00e-06
2026-07-29 00:44:40,728 INFO Epoch 60 | Batch 250/1186 | Loss 2.43603 (Pin 0.86367 [q90 0.42142, q10 0.44224], MS 1.57236, Freq 0.00000, L1 1.92848, Spectral 0.38264, Gradient 0.65450) | LR 5.00e-06
2026-07-29 00:45:02,487 INFO Epoch 60 | Batch 300/1186 | Loss 2.40921 (Pin 0.87961 [q90 0.43076, q10 0.44885], MS 1.52960, Freq 0.00000, L1 1.96604, Spectral 0.37706, Gradient 0.65714) | LR 5.00e-06
2026-07-29 00:45:24,250 INFO Epoch 60 | Batch 350/1186 | Loss 2.34785 (Pin 0.88404 [q90 0.43155, q10 0.45249], MS 1.46381, Freq 0.00000, L1 1.93055, Spectral 0.37790, Gradient 0.64888) | LR 5.00e-06
2026-07-29 00:45:46,006 INFO Epoch 60 | Batch 400/1186 | Loss 2.45709 (Pin 0.93007 [q90 0.45115, q10 0.47893], MS 1.52701, Freq 0.00000, L1 2.02109, Spectral 0.38700, Gradient 0.66005) | LR 5.00e-06
2026-07-29 00:46:07,754 INFO Epoch 60 | Batch 450/1186 | Loss 2.43189 (Pin 0.90209 [q90 0.43967, q10 0.46241], MS 1.52980, Freq 0.00000, L1 1.95989, Spectral 0.37204, Gradient 0.64168) | LR 5.00e-06
2026-07-29 00:46:29,495 INFO Epoch 60 | Batch 500/1186 | Loss 2.43095 (Pin 0.90181 [q90 0.44232, q10 0.45949], MS 1.52914, Freq 0.00000, L1 1.97149, Spectral 0.36595, Gradient 0.63679) | LR 5.00e-06
2026-07-29 00:46:51,258 INFO Epoch 60 | Batch 550/1186 | Loss 2.44944 (Pin 0.90271 [q90 0.44193, q10 0.46078], MS 1.54673, Freq 0.00000, L1 1.96572, Spectral 0.37339, Gradient 0.64472) | LR 5.00e-06
2026-07-29 00:47:13,004 INFO Epoch 60 | Batch 600/1186 | Loss 2.40938 (Pin 0.89104 [q90 0.43992, q10 0.45112], MS 1.51834, Freq 0.00000, L1 1.95872, Spectral 0.38456, Gradient 0.65850) | LR 5.00e-06
2026-07-29 00:47:34,754 INFO Epoch 60 | Batch 650/1186 | Loss 2.37872 (Pin 0.86170 [q90 0.42119, q10 0.44052], MS 1.51702, Freq 0.00000, L1 1.89484, Spectral 0.36427, Gradient 0.62581) | LR 5.00e-06
2026-07-29 00:47:56,502 INFO Epoch 60 | Batch 700/1186 | Loss 2.37529 (Pin 0.88713 [q90 0.43517, q10 0.45196], MS 1.48815, Freq 0.00000, L1 1.92740, Spectral 0.37872, Gradient 0.64817) | LR 5.00e-06
2026-07-29 00:48:18,259 INFO Epoch 60 | Batch 750/1186 | Loss 2.42364 (Pin 0.90319 [q90 0.44477, q10 0.45842], MS 1.52045, Freq 0.00000, L1 1.97845, Spectral 0.37451, Gradient 0.64648) | LR 5.00e-06
2026-07-29 00:48:40,030 INFO Epoch 60 | Batch 800/1186 | Loss 2.45197 (Pin 0.91804 [q90 0.44872, q10 0.46931], MS 1.53394, Freq 0.00000, L1 2.01232, Spectral 0.38521, Gradient 0.66508) | LR 5.00e-06
2026-07-29 00:49:01,779 INFO Epoch 60 | Batch 850/1186 | Loss 2.38822 (Pin 0.90036 [q90 0.43940, q10 0.46096], MS 1.48786, Freq 0.00000, L1 1.95647, Spectral 0.37151, Gradient 0.64377) | LR 5.00e-06
2026-07-29 00:49:23,535 INFO Epoch 60 | Batch 900/1186 | Loss 2.54187 (Pin 0.96129 [q90 0.46705, q10 0.49424], MS 1.58058, Freq 0.00000, L1 2.07589, Spectral 0.38330, Gradient 0.66213) | LR 5.00e-06
2026-07-29 00:49:45,298 INFO Epoch 60 | Batch 950/1186 | Loss 2.37336 (Pin 0.90573 [q90 0.43841, q10 0.46731], MS 1.46764, Freq 0.00000, L1 1.98463, Spectral 0.38533, Gradient 0.66114) | LR 5.00e-06
2026-07-29 00:50:07,057 INFO Epoch 60 | Batch 1000/1186 | Loss 2.39225 (Pin 0.90837 [q90 0.43811, q10 0.47025], MS 1.48388, Freq 0.00000, L1 1.98667, Spectral 0.36240, Gradient 0.63423) | LR 5.00e-06
2026-07-29 00:50:28,817 INFO Epoch 60 | Batch 1050/1186 | Loss 2.60464 (Pin 0.94362 [q90 0.45775, q10 0.48587], MS 1.66102, Freq 0.00000, L1 2.02469, Spectral 0.37724, Gradient 0.64927) | LR 5.00e-06
2026-07-29 00:50:50,582 INFO Epoch 60 | Batch 1100/1186 | Loss 2.45558 (Pin 0.90742 [q90 0.44226, q10 0.46516], MS 1.54816, Freq 0.00000, L1 1.99724, Spectral 0.39284, Gradient 0.67302) | LR 5.00e-06
2026-07-29 00:51:12,332 INFO Epoch 60 | Batch 1150/1186 | Loss 2.40439 (Pin 0.87674 [q90 0.42724, q10 0.44950], MS 1.52764, Freq 0.00000, L1 1.93796, Spectral 0.37822, Gradient 0.64784) | LR 5.00e-06
2026-07-29 00:52:04,019 INFO Epoch 60 | Val Loss 3.01303 (Pin 0.85625 [q90 0.42108, q10 0.43518], MS 2.15678, Freq 0.00000, L1 1.89574, Spectral 0.35070, Gradient 0.60415)
2026-07-29 00:52:04,019 INFO Epoch 60 | Coverage q10/q50/q90 = 0.087/0.493/0.901 (nominal .10/.50/.90) | extreme tail = 0.124/0.472/0.852
2026-07-29 00:52:26,039 INFO Epoch 61 | Batch 50/1186 | Loss 2.33958 (Pin 0.88968 [q90 0.43379, q10 0.45589], MS 1.44990, Freq 0.00000, L1 1.97162, Spectral 0.37647, Gradient 0.64668) | LR 5.00e-06
2026-07-29 00:52:47,766 INFO Epoch 61 | Batch 100/1186 | Loss 2.39667 (Pin 0.90028 [q90 0.43440, q10 0.46588], MS 1.49639, Freq 0.00000, L1 1.95953, Spectral 0.37668, Gradient 0.65118) | LR 5.00e-06
2026-07-29 00:53:09,499 INFO Epoch 61 | Batch 150/1186 | Loss 2.42726 (Pin 0.90131 [q90 0.43695, q10 0.46436], MS 1.52594, Freq 0.00000, L1 1.99300, Spectral 0.38272, Gradient 0.65914) | LR 5.00e-06
2026-07-29 00:53:31,223 INFO Epoch 61 | Batch 200/1186 | Loss 2.36620 (Pin 0.88193 [q90 0.42984, q10 0.45209], MS 1.48428, Freq 0.00000, L1 1.94269, Spectral 0.37640, Gradient 0.64136) | LR 5.00e-06
2026-07-29 00:53:52,955 INFO Epoch 61 | Batch 250/1186 | Loss 2.44694 (Pin 0.93907 [q90 0.45857, q10 0.48050], MS 1.50787, Freq 0.00000, L1 2.01951, Spectral 0.37475, Gradient 0.64752) | LR 5.00e-06
2026-07-29 00:54:14,705 INFO Epoch 61 | Batch 300/1186 | Loss 2.39952 (Pin 0.89963 [q90 0.43615, q10 0.46348], MS 1.49989, Freq 0.00000, L1 1.95867, Spectral 0.36906, Gradient 0.63844) | LR 5.00e-06
2026-07-29 00:54:36,457 INFO Epoch 61 | Batch 350/1186 | Loss 2.44354 (Pin 0.89984 [q90 0.44338, q10 0.45646], MS 1.54370, Freq 0.00000, L1 1.97117, Spectral 0.37274, Gradient 0.64095) | LR 5.00e-06
2026-07-29 00:54:58,218 INFO Epoch 61 | Batch 400/1186 | Loss 2.20524 (Pin 0.84972 [q90 0.41228, q10 0.43744], MS 1.35552, Freq 0.00000, L1 1.85025, Spectral 0.36167, Gradient 0.61380) | LR 5.00e-06
2026-07-29 00:55:19,977 INFO Epoch 61 | Batch 450/1186 | Loss 2.58297 (Pin 0.91514 [q90 0.44791, q10 0.46723], MS 1.66783, Freq 0.00000, L1 2.02576, Spectral 0.38590, Gradient 0.66907) | LR 5.00e-06
2026-07-29 00:55:41,736 INFO Epoch 61 | Batch 500/1186 | Loss 2.37412 (Pin 0.90273 [q90 0.43919, q10 0.46354], MS 1.47139, Freq 0.00000, L1 1.97233, Spectral 0.37523, Gradient 0.65235) | LR 5.00e-06
2026-07-29 00:56:03,503 INFO Epoch 61 | Batch 550/1186 | Loss 2.43024 (Pin 0.89915 [q90 0.43920, q10 0.45995], MS 1.53109, Freq 0.00000, L1 1.97591, Spectral 0.38500, Gradient 0.65559) | LR 5.00e-06
2026-07-29 00:56:25,256 INFO Epoch 61 | Batch 600/1186 | Loss 2.45985 (Pin 0.92093 [q90 0.45119, q10 0.46975], MS 1.53892, Freq 0.00000, L1 1.98258, Spectral 0.37247, Gradient 0.64595) | LR 5.00e-06
2026-07-29 00:56:47,011 INFO Epoch 61 | Batch 650/1186 | Loss 2.33214 (Pin 0.90238 [q90 0.44378, q10 0.45861], MS 1.42975, Freq 0.00000, L1 1.96317, Spectral 0.38663, Gradient 0.66160) | LR 5.00e-06
2026-07-29 00:57:08,775 INFO Epoch 61 | Batch 700/1186 | Loss 2.30680 (Pin 0.86481 [q90 0.43068, q10 0.43414], MS 1.44199, Freq 0.00000, L1 1.90561, Spectral 0.37375, Gradient 0.64313) | LR 5.00e-06
2026-07-29 00:57:30,542 INFO Epoch 61 | Batch 750/1186 | Loss 2.56173 (Pin 0.94851 [q90 0.46905, q10 0.47946], MS 1.61322, Freq 0.00000, L1 2.04362, Spectral 0.38999, Gradient 0.66156) | LR 5.00e-06
2026-07-29 00:57:52,279 INFO Epoch 61 | Batch 800/1186 | Loss 2.39065 (Pin 0.90108 [q90 0.43801, q10 0.46307], MS 1.48956, Freq 0.00000, L1 1.96590, Spectral 0.37557, Gradient 0.64049) | LR 5.00e-06
2026-07-29 00:58:14,029 INFO Epoch 61 | Batch 850/1186 | Loss 2.39242 (Pin 0.91067 [q90 0.43690, q10 0.47377], MS 1.48174, Freq 0.00000, L1 1.98312, Spectral 0.38149, Gradient 0.65142) | LR 5.00e-06
2026-07-29 00:58:35,790 INFO Epoch 61 | Batch 900/1186 | Loss 2.42102 (Pin 0.89922 [q90 0.44059, q10 0.45863], MS 1.52181, Freq 0.00000, L1 1.96630, Spectral 0.37295, Gradient 0.64474) | LR 5.00e-06
2026-07-29 00:58:57,537 INFO Epoch 61 | Batch 950/1186 | Loss 2.45100 (Pin 0.90038 [q90 0.44013, q10 0.46025], MS 1.55062, Freq 0.00000, L1 1.98305, Spectral 0.38082, Gradient 0.66207) | LR 5.00e-06
2026-07-29 00:59:19,293 INFO Epoch 61 | Batch 1000/1186 | Loss 2.42362 (Pin 0.88755 [q90 0.43495, q10 0.45260], MS 1.53607, Freq 0.00000, L1 1.97387, Spectral 0.40236, Gradient 0.67843) | LR 5.00e-06
2026-07-29 00:59:41,050 INFO Epoch 61 | Batch 1050/1186 | Loss 2.42833 (Pin 0.90182 [q90 0.44878, q10 0.45304], MS 1.52652, Freq 0.00000, L1 1.98195, Spectral 0.36594, Gradient 0.63504) | LR 5.00e-06
2026-07-29 01:00:02,793 INFO Epoch 61 | Batch 1100/1186 | Loss 2.43459 (Pin 0.90104 [q90 0.44101, q10 0.46003], MS 1.53354, Freq 0.00000, L1 1.97890, Spectral 0.38668, Gradient 0.65420) | LR 5.00e-06
2026-07-29 01:00:24,552 INFO Epoch 61 | Batch 1150/1186 | Loss 2.34745 (Pin 0.89807 [q90 0.43824, q10 0.45983], MS 1.44938, Freq 0.00000, L1 1.96015, Spectral 0.37372, Gradient 0.64462) | LR 5.00e-06
2026-07-29 01:01:16,667 INFO Epoch 61 | Val Loss 2.99810 (Pin 0.85839 [q90 0.42208, q10 0.43631], MS 2.13971, Freq 0.00000, L1 1.90434, Spectral 0.35732, Gradient 0.61655)
2026-07-29 01:01:16,667 INFO Epoch 61 | Coverage q10/q50/q90 = 0.081/0.487/0.899 (nominal .10/.50/.90) | extreme tail = 0.126/0.474/0.853
2026-07-29 01:01:38,740 INFO Epoch 62 | Batch 50/1186 | Loss 2.28983 (Pin 0.83842 [q90 0.40939, q10 0.42903], MS 1.45141, Freq 0.00000, L1 1.86577, Spectral 0.36502, Gradient 0.63328) | LR 5.00e-06
2026-07-29 01:02:00,491 INFO Epoch 62 | Batch 100/1186 | Loss 2.33416 (Pin 0.88761 [q90 0.43915, q10 0.44846], MS 1.44655, Freq 0.00000, L1 1.94867, Spectral 0.37246, Gradient 0.63440) | LR 5.00e-06
2026-07-29 01:02:22,237 INFO Epoch 62 | Batch 150/1186 | Loss 2.37074 (Pin 0.88187 [q90 0.42811, q10 0.45376], MS 1.48886, Freq 0.00000, L1 1.91776, Spectral 0.35731, Gradient 0.62069) | LR 5.00e-06
2026-07-29 01:02:43,994 INFO Epoch 62 | Batch 200/1186 | Loss 2.44064 (Pin 0.90043 [q90 0.44424, q10 0.45619], MS 1.54021, Freq 0.00000, L1 1.98202, Spectral 0.37500, Gradient 0.65259) | LR 5.00e-06
2026-07-29 01:03:05,753 INFO Epoch 62 | Batch 250/1186 | Loss 2.44810 (Pin 0.90610 [q90 0.43763, q10 0.46847], MS 1.54200, Freq 0.00000, L1 1.97978, Spectral 0.38239, Gradient 0.65793) | LR 5.00e-06
2026-07-29 01:03:27,520 INFO Epoch 62 | Batch 300/1186 | Loss 2.38661 (Pin 0.90466 [q90 0.43634, q10 0.46832], MS 1.48195, Freq 0.00000, L1 1.98587, Spectral 0.38044, Gradient 0.64631) | LR 5.00e-06
2026-07-29 01:03:49,282 INFO Epoch 62 | Batch 350/1186 | Loss 2.38829 (Pin 0.89467 [q90 0.43413, q10 0.46054], MS 1.49362, Freq 0.00000, L1 1.98095, Spectral 0.37148, Gradient 0.64812) | LR 5.00e-06
2026-07-29 01:04:11,039 INFO Epoch 62 | Batch 400/1186 | Loss 2.41034 (Pin 0.90780 [q90 0.43599, q10 0.47180], MS 1.50254, Freq 0.00000, L1 1.99214, Spectral 0.38834, Gradient 0.66243) | LR 5.00e-06
2026-07-29 01:04:32,797 INFO Epoch 62 | Batch 450/1186 | Loss 2.46766 (Pin 0.94845 [q90 0.45677, q10 0.49169], MS 1.51921, Freq 0.00000, L1 2.03328, Spectral 0.36812, Gradient 0.63311) | LR 5.00e-06
2026-07-29 01:04:54,558 INFO Epoch 62 | Batch 500/1186 | Loss 2.46071 (Pin 0.89424 [q90 0.43796, q10 0.45627], MS 1.56647, Freq 0.00000, L1 1.96723, Spectral 0.38199, Gradient 0.65466) | LR 5.00e-06
2026-07-29 01:05:16,312 INFO Epoch 62 | Batch 550/1186 | Loss 2.45315 (Pin 0.89836 [q90 0.44136, q10 0.45700], MS 1.55479, Freq 0.00000, L1 1.97407, Spectral 0.37642, Gradient 0.64964) | LR 5.00e-06
2026-07-29 01:05:38,076 INFO Epoch 62 | Batch 600/1186 | Loss 2.54997 (Pin 0.91105 [q90 0.44631, q10 0.46474], MS 1.63891, Freq 0.00000, L1 1.97988, Spectral 0.39069, Gradient 0.67211) | LR 5.00e-06
2026-07-29 01:05:59,829 INFO Epoch 62 | Batch 650/1186 | Loss 2.34474 (Pin 0.88299 [q90 0.43468, q10 0.44831], MS 1.46175, Freq 0.00000, L1 1.95974, Spectral 0.38335, Gradient 0.65779) | LR 5.00e-06
2026-07-29 01:06:21,585 INFO Epoch 62 | Batch 700/1186 | Loss 2.37890 (Pin 0.90499 [q90 0.45255, q10 0.45244], MS 1.47391, Freq 0.00000, L1 1.96205, Spectral 0.37635, Gradient 0.64813) | LR 5.00e-06
2026-07-29 01:06:43,349 INFO Epoch 62 | Batch 750/1186 | Loss 2.46982 (Pin 0.91162 [q90 0.43863, q10 0.47300], MS 1.55819, Freq 0.00000, L1 1.99946, Spectral 0.39805, Gradient 0.67483) | LR 5.00e-06
2026-07-29 01:07:05,097 INFO Epoch 62 | Batch 800/1186 | Loss 2.52120 (Pin 0.92310 [q90 0.45159, q10 0.47151], MS 1.59810, Freq 0.00000, L1 2.02029, Spectral 0.38567, Gradient 0.66422) | LR 5.00e-06
2026-07-29 01:07:26,857 INFO Epoch 62 | Batch 850/1186 | Loss 2.49446 (Pin 0.89670 [q90 0.43409, q10 0.46262], MS 1.59775, Freq 0.00000, L1 1.96636, Spectral 0.36796, Gradient 0.63773) | LR 5.00e-06
2026-07-29 01:07:48,611 INFO Epoch 62 | Batch 900/1186 | Loss 2.43001 (Pin 0.88676 [q90 0.43898, q10 0.44778], MS 1.54325, Freq 0.00000, L1 1.94835, Spectral 0.37628, Gradient 0.64962) | LR 5.00e-06
2026-07-29 01:08:10,371 INFO Epoch 62 | Batch 950/1186 | Loss 2.49838 (Pin 0.93330 [q90 0.45784, q10 0.47546], MS 1.56508, Freq 0.00000, L1 2.01694, Spectral 0.37984, Gradient 0.65260) | LR 5.00e-06
2026-07-29 01:08:32,141 INFO Epoch 62 | Batch 1000/1186 | Loss 2.38968 (Pin 0.90026 [q90 0.44283, q10 0.45744], MS 1.48941, Freq 0.00000, L1 1.96149, Spectral 0.39682, Gradient 0.66786) | LR 5.00e-06
2026-07-29 01:08:53,886 INFO Epoch 62 | Batch 1050/1186 | Loss 2.45207 (Pin 0.91694 [q90 0.44486, q10 0.47209], MS 1.53513, Freq 0.00000, L1 1.99498, Spectral 0.37053, Gradient 0.64222) | LR 5.00e-06
2026-07-29 01:09:15,642 INFO Epoch 62 | Batch 1100/1186 | Loss 2.39687 (Pin 0.89823 [q90 0.44203, q10 0.45620], MS 1.49863, Freq 0.00000, L1 1.96191, Spectral 0.36554, Gradient 0.63536) | LR 5.00e-06
2026-07-29 01:09:37,410 INFO Epoch 62 | Batch 1150/1186 | Loss 2.40696 (Pin 0.88315 [q90 0.43736, q10 0.44579], MS 1.52381, Freq 0.00000, L1 1.93847, Spectral 0.36596, Gradient 0.64009) | LR 5.00e-06
2026-07-29 01:10:29,858 INFO Epoch 62 | Val Loss 3.00993 (Pin 0.85714 [q90 0.42127, q10 0.43587], MS 2.15279, Freq 0.00000, L1 1.91321, Spectral 0.36121, Gradient 0.62609)
2026-07-29 01:10:29,858 INFO Epoch 62 | Coverage q10/q50/q90 = 0.085/0.487/0.899 (nominal .10/.50/.90) | extreme tail = 0.128/0.462/0.852
2026-07-29 01:10:51,921 INFO Epoch 63 | Batch 50/1186 | Loss 2.33362 (Pin 0.87408 [q90 0.42963, q10 0.44445], MS 1.45954, Freq 0.00000, L1 1.91467, Spectral 0.36492, Gradient 0.62753) | LR 5.00e-06
2026-07-29 01:11:13,666 INFO Epoch 63 | Batch 100/1186 | Loss 2.37991 (Pin 0.89775 [q90 0.43879, q10 0.45896], MS 1.48216, Freq 0.00000, L1 1.94979, Spectral 0.36676, Gradient 0.63747) | LR 5.00e-06
2026-07-29 01:11:35,430 INFO Epoch 63 | Batch 150/1186 | Loss 2.38966 (Pin 0.91821 [q90 0.44575, q10 0.47246], MS 1.47145, Freq 0.00000, L1 1.99091, Spectral 0.36388, Gradient 0.63141) | LR 5.00e-06
2026-07-29 01:11:57,177 INFO Epoch 63 | Batch 200/1186 | Loss 2.35287 (Pin 0.87383 [q90 0.42970, q10 0.44413], MS 1.47905, Freq 0.00000, L1 1.94333, Spectral 0.39225, Gradient 0.66525) | LR 5.00e-06
2026-07-29 01:12:18,939 INFO Epoch 63 | Batch 250/1186 | Loss 2.38763 (Pin 0.90266 [q90 0.44346, q10 0.45920], MS 1.48497, Freq 0.00000, L1 1.98042, Spectral 0.37156, Gradient 0.63811) | LR 5.00e-06
2026-07-29 01:12:40,712 INFO Epoch 63 | Batch 300/1186 | Loss 2.45835 (Pin 0.90528 [q90 0.44490, q10 0.46038], MS 1.55307, Freq 0.00000, L1 1.97160, Spectral 0.37539, Gradient 0.64660) | LR 5.00e-06
2026-07-29 01:13:02,480 INFO Epoch 63 | Batch 350/1186 | Loss 2.37449 (Pin 0.90608 [q90 0.43501, q10 0.47107], MS 1.46841, Freq 0.00000, L1 1.96923, Spectral 0.37759, Gradient 0.64743) | LR 5.00e-06
2026-07-29 01:13:24,233 INFO Epoch 63 | Batch 400/1186 | Loss 2.46428 (Pin 0.89870 [q90 0.43757, q10 0.46113], MS 1.56558, Freq 0.00000, L1 1.97608, Spectral 0.37780, Gradient 0.65244) | LR 5.00e-06
2026-07-29 01:13:46,004 INFO Epoch 63 | Batch 450/1186 | Loss 2.38332 (Pin 0.89951 [q90 0.42983, q10 0.46969], MS 1.48380, Freq 0.00000, L1 1.96754, Spectral 0.37731, Gradient 0.64475) | LR 5.00e-06
2026-07-29 01:14:07,771 INFO Epoch 63 | Batch 500/1186 | Loss 2.38373 (Pin 0.88322 [q90 0.43887, q10 0.44434], MS 1.50051, Freq 0.00000, L1 1.93531, Spectral 0.37338, Gradient 0.64140) | LR 5.00e-06
2026-07-29 01:14:29,538 INFO Epoch 63 | Batch 550/1186 | Loss 2.33770 (Pin 0.87699 [q90 0.42578, q10 0.45122], MS 1.46071, Freq 0.00000, L1 1.93880, Spectral 0.38859, Gradient 0.65800) | LR 5.00e-06
2026-07-29 01:14:51,296 INFO Epoch 63 | Batch 600/1186 | Loss 2.38116 (Pin 0.86375 [q90 0.42479, q10 0.43896], MS 1.51741, Freq 0.00000, L1 1.91032, Spectral 0.37194, Gradient 0.63995) | LR 5.00e-06
2026-07-29 01:15:13,059 INFO Epoch 63 | Batch 650/1186 | Loss 2.47012 (Pin 0.92362 [q90 0.44844, q10 0.47518], MS 1.54650, Freq 0.00000, L1 1.98045, Spectral 0.37591, Gradient 0.65027) | LR 5.00e-06
2026-07-29 01:15:34,821 INFO Epoch 63 | Batch 700/1186 | Loss 2.49187 (Pin 0.91597 [q90 0.45052, q10 0.46545], MS 1.57589, Freq 0.00000, L1 2.00371, Spectral 0.38990, Gradient 0.67183) | LR 5.00e-06
2026-07-29 01:15:56,575 INFO Epoch 63 | Batch 750/1186 | Loss 2.42448 (Pin 0.92572 [q90 0.44872, q10 0.47700], MS 1.49876, Freq 0.00000, L1 2.00139, Spectral 0.38255, Gradient 0.65288) | LR 5.00e-06
2026-07-29 01:16:18,341 INFO Epoch 63 | Batch 800/1186 | Loss 2.45524 (Pin 0.91103 [q90 0.44317, q10 0.46786], MS 1.54421, Freq 0.00000, L1 1.99277, Spectral 0.37337, Gradient 0.64745) | LR 5.00e-06
2026-07-29 01:16:40,092 INFO Epoch 63 | Batch 850/1186 | Loss 2.42616 (Pin 0.90977 [q90 0.44081, q10 0.46896], MS 1.51638, Freq 0.00000, L1 1.98012, Spectral 0.38401, Gradient 0.65725) | LR 5.00e-06
2026-07-29 01:17:01,861 INFO Epoch 63 | Batch 900/1186 | Loss 2.38484 (Pin 0.89353 [q90 0.43984, q10 0.45369], MS 1.49131, Freq 0.00000, L1 1.96257, Spectral 0.36015, Gradient 0.63092) | LR 5.00e-06
2026-07-29 01:17:23,611 INFO Epoch 63 | Batch 950/1186 | Loss 2.44042 (Pin 0.90698 [q90 0.44614, q10 0.46084], MS 1.53344, Freq 0.00000, L1 1.98610, Spectral 0.38787, Gradient 0.66368) | LR 5.00e-06
2026-07-29 01:17:45,368 INFO Epoch 63 | Batch 1000/1186 | Loss 2.37475 (Pin 0.90695 [q90 0.44347, q10 0.46348], MS 1.46779, Freq 0.00000, L1 1.97998, Spectral 0.38494, Gradient 0.65709) | LR 5.00e-06
2026-07-29 01:18:07,118 INFO Epoch 63 | Batch 1050/1186 | Loss 2.44689 (Pin 0.91104 [q90 0.44741, q10 0.46363], MS 1.53585, Freq 0.00000, L1 1.97719, Spectral 0.38495, Gradient 0.65631) | LR 5.00e-06
2026-07-29 01:18:28,882 INFO Epoch 63 | Batch 1100/1186 | Loss 2.41709 (Pin 0.90452 [q90 0.44277, q10 0.46174], MS 1.51257, Freq 0.00000, L1 1.98776, Spectral 0.38393, Gradient 0.65732) | LR 5.00e-06
2026-07-29 01:18:50,637 INFO Epoch 63 | Batch 1150/1186 | Loss 2.46533 (Pin 0.91569 [q90 0.45164, q10 0.46405], MS 1.54964, Freq 0.00000, L1 1.97944, Spectral 0.35887, Gradient 0.62371) | LR 5.00e-06
2026-07-29 01:19:42,696 INFO Epoch 63 | Val Loss 2.99292 (Pin 0.85568 [q90 0.42139, q10 0.43429], MS 2.13724, Freq 0.00000, L1 1.89304, Spectral 0.35764, Gradient 0.61399)
2026-07-29 01:19:42,696 INFO Epoch 63 | Coverage q10/q50/q90 = 0.087/0.485/0.897 (nominal .10/.50/.90) | extreme tail = 0.126/0.472/0.849
2026-07-29 01:19:43,254 INFO New best val loss: 2.99292 (saved checkpoints/best.pth)
2026-07-29 01:20:05,079 INFO Epoch 64 | Batch 50/1186 | Loss 2.42633 (Pin 0.90446 [q90 0.43694, q10 0.46751], MS 1.52188, Freq 0.00000, L1 1.98316, Spectral 0.37793, Gradient 0.64562) | LR 5.00e-06
2026-07-29 01:20:26,848 INFO Epoch 64 | Batch 100/1186 | Loss 2.42705 (Pin 0.89464 [q90 0.43639, q10 0.45825], MS 1.53242, Freq 0.00000, L1 1.97433, Spectral 0.37039, Gradient 0.64549) | LR 5.00e-06
2026-07-29 01:20:48,607 INFO Epoch 64 | Batch 150/1186 | Loss 2.43252 (Pin 0.90380 [q90 0.43797, q10 0.46583], MS 1.52872, Freq 0.00000, L1 1.97661, Spectral 0.38081, Gradient 0.65972) | LR 5.00e-06
2026-07-29 01:21:10,365 INFO Epoch 64 | Batch 200/1186 | Loss 2.39658 (Pin 0.89955 [q90 0.43770, q10 0.46186], MS 1.49702, Freq 0.00000, L1 1.97828, Spectral 0.37919, Gradient 0.65319) | LR 5.00e-06
2026-07-29 01:21:32,134 INFO Epoch 64 | Batch 250/1186 | Loss 2.38268 (Pin 0.94022 [q90 0.45932, q10 0.48090], MS 1.44246, Freq 0.00000, L1 1.99689, Spectral 0.36433, Gradient 0.63634) | LR 5.00e-06
2026-07-29 01:21:53,887 INFO Epoch 64 | Batch 300/1186 | Loss 2.42238 (Pin 0.90253 [q90 0.44069, q10 0.46184], MS 1.51985, Freq 0.00000, L1 1.98199, Spectral 0.37002, Gradient 0.64571) | LR 5.00e-06
2026-07-29 01:22:15,648 INFO Epoch 64 | Batch 350/1186 | Loss 2.44154 (Pin 0.91466 [q90 0.44918, q10 0.46549], MS 1.52688, Freq 0.00000, L1 2.00710, Spectral 0.37179, Gradient 0.64632) | LR 5.00e-06
2026-07-29 01:22:37,411 INFO Epoch 64 | Batch 400/1186 | Loss 2.50305 (Pin 0.93909 [q90 0.46414, q10 0.47496], MS 1.56396, Freq 0.00000, L1 2.04174, Spectral 0.38103, Gradient 0.66060) | LR 5.00e-06
2026-07-29 01:22:59,164 INFO Epoch 64 | Batch 450/1186 | Loss 2.37850 (Pin 0.88789 [q90 0.44669, q10 0.44120], MS 1.49061, Freq 0.00000, L1 1.92374, Spectral 0.36514, Gradient 0.62602) | LR 5.00e-06
2026-07-29 01:23:20,927 INFO Epoch 64 | Batch 500/1186 | Loss 2.34871 (Pin 0.89826 [q90 0.44304, q10 0.45522], MS 1.45045, Freq 0.00000, L1 1.95307, Spectral 0.37139, Gradient 0.64006) | LR 5.00e-06
2026-07-29 01:23:42,680 INFO Epoch 64 | Batch 550/1186 | Loss 2.32798 (Pin 0.89886 [q90 0.43573, q10 0.46312], MS 1.42913, Freq 0.00000, L1 1.96639, Spectral 0.36979, Gradient 0.63939) | LR 5.00e-06
2026-07-29 01:24:04,432 INFO Epoch 64 | Batch 600/1186 | Loss 2.35955 (Pin 0.89311 [q90 0.43730, q10 0.45581], MS 1.46644, Freq 0.00000, L1 1.95086, Spectral 0.36977, Gradient 0.63542) | LR 5.00e-06
2026-07-29 01:24:26,191 INFO Epoch 64 | Batch 650/1186 | Loss 2.43201 (Pin 0.89528 [q90 0.43228, q10 0.46301], MS 1.53673, Freq 0.00000, L1 1.97376, Spectral 0.38573, Gradient 0.65900) | LR 5.00e-06
2026-07-29 01:24:47,957 INFO Epoch 64 | Batch 700/1186 | Loss 2.36017 (Pin 0.86681 [q90 0.42734, q10 0.43947], MS 1.49335, Freq 0.00000, L1 1.92186, Spectral 0.38346, Gradient 0.65029) | LR 5.00e-06
2026-07-29 01:25:09,703 INFO Epoch 64 | Batch 750/1186 | Loss 2.41756 (Pin 0.90980 [q90 0.44578, q10 0.46402], MS 1.50776, Freq 0.00000, L1 1.99207, Spectral 0.37918, Gradient 0.65252) | LR 5.00e-06
2026-07-29 01:25:31,461 INFO Epoch 64 | Batch 800/1186 | Loss 2.26762 (Pin 0.89817 [q90 0.44080, q10 0.45736], MS 1.36946, Freq 0.00000, L1 1.96303, Spectral 0.37621, Gradient 0.64143) | LR 5.00e-06
2026-07-29 01:25:53,228 INFO Epoch 64 | Batch 850/1186 | Loss 2.37820 (Pin 0.88418 [q90 0.42692, q10 0.45726], MS 1.49402, Freq 0.00000, L1 1.94419, Spectral 0.38627, Gradient 0.65269) | LR 5.00e-06
2026-07-29 01:26:14,995 INFO Epoch 64 | Batch 900/1186 | Loss 2.47585 (Pin 0.90922 [q90 0.44493, q10 0.46429], MS 1.56663, Freq 0.00000, L1 1.97687, Spectral 0.38090, Gradient 0.64891) | LR 5.00e-06
2026-07-29 01:26:36,763 INFO Epoch 64 | Batch 950/1186 | Loss 2.48884 (Pin 0.89536 [q90 0.43317, q10 0.46219], MS 1.59348, Freq 0.00000, L1 1.95461, Spectral 0.38197, Gradient 0.65113) | LR 5.00e-06
2026-07-29 01:26:58,531 INFO Epoch 64 | Batch 1000/1186 | Loss 2.30303 (Pin 0.86628 [q90 0.42892, q10 0.43736], MS 1.43675, Freq 0.00000, L1 1.89962, Spectral 0.37984, Gradient 0.64440) | LR 5.00e-06
2026-07-29 01:27:20,294 INFO Epoch 64 | Batch 1050/1186 | Loss 2.40689 (Pin 0.88108 [q90 0.42786, q10 0.45322], MS 1.52581, Freq 0.00000, L1 1.93461, Spectral 0.38111, Gradient 0.64592) | LR 5.00e-06
2026-07-29 01:27:42,060 INFO Epoch 64 | Batch 1100/1186 | Loss 2.50723 (Pin 0.90547 [q90 0.44546, q10 0.46000], MS 1.60177, Freq 0.00000, L1 1.97243, Spectral 0.38438, Gradient 0.65899) | LR 5.00e-06
2026-07-29 01:28:03,820 INFO Epoch 64 | Batch 1150/1186 | Loss 2.42175 (Pin 0.93023 [q90 0.45183, q10 0.47839], MS 1.49153, Freq 0.00000, L1 1.99332, Spectral 0.36835, Gradient 0.63907) | LR 5.00e-06
2026-07-29 01:28:55,479 INFO Epoch 64 | Val Loss 2.99453 (Pin 0.85572 [q90 0.42143, q10 0.43428], MS 2.13881, Freq 0.00000, L1 1.88952, Spectral 0.35487, Gradient 0.60798)
2026-07-29 01:28:55,480 INFO Epoch 64 | Coverage q10/q50/q90 = 0.085/0.486/0.897 (nominal .10/.50/.90) | extreme tail = 0.128/0.474/0.852
2026-07-29 01:29:17,625 INFO Epoch 65 | Batch 50/1186 | Loss 2.35241 (Pin 0.87510 [q90 0.42904, q10 0.44606], MS 1.47731, Freq 0.00000, L1 1.91802, Spectral 0.37795, Gradient 0.64432) | LR 5.00e-06
2026-07-29 01:29:39,385 INFO Epoch 65 | Batch 100/1186 | Loss 2.45867 (Pin 0.92290 [q90 0.45602, q10 0.46688], MS 1.53577, Freq 0.00000, L1 1.98419, Spectral 0.36348, Gradient 0.62811) | LR 5.00e-06
2026-07-29 01:30:01,274 INFO Epoch 65 | Batch 150/1186 | Loss 2.40420 (Pin 0.89415 [q90 0.43866, q10 0.45549], MS 1.51004, Freq 0.00000, L1 1.96048, Spectral 0.37193, Gradient 0.64157) | LR 5.00e-06
2026-07-29 01:30:23,016 INFO Epoch 65 | Batch 200/1186 | Loss 2.37698 (Pin 0.87828 [q90 0.43124, q10 0.44704], MS 1.49870, Freq 0.00000, L1 1.93792, Spectral 0.37262, Gradient 0.64357) | LR 5.00e-06
2026-07-29 01:30:44,772 INFO Epoch 65 | Batch 250/1186 | Loss 2.44376 (Pin 0.91302 [q90 0.45204, q10 0.46098], MS 1.53074, Freq 0.00000, L1 1.99316, Spectral 0.38063, Gradient 0.65649) | LR 5.00e-06
2026-07-29 01:31:06,540 INFO Epoch 65 | Batch 300/1186 | Loss 2.40053 (Pin 0.91474 [q90 0.44351, q10 0.47124], MS 1.48579, Freq 0.00000, L1 1.99919, Spectral 0.39494, Gradient 0.66894) | LR 5.00e-06
2026-07-29 01:31:28,293 INFO Epoch 65 | Batch 350/1186 | Loss 2.41521 (Pin 0.89711 [q90 0.44455, q10 0.45256], MS 1.51810, Freq 0.00000, L1 1.97650, Spectral 0.38923, Gradient 0.66270) | LR 5.00e-06
2026-07-29 01:31:50,039 INFO Epoch 65 | Batch 400/1186 | Loss 2.34228 (Pin 0.88218 [q90 0.42817, q10 0.45402], MS 1.46010, Freq 0.00000, L1 1.93513, Spectral 0.37038, Gradient 0.64228) | LR 5.00e-06
2026-07-29 01:32:11,791 INFO Epoch 65 | Batch 450/1186 | Loss 2.40040 (Pin 0.90526 [q90 0.44207, q10 0.46319], MS 1.49514, Freq 0.00000, L1 1.95800, Spectral 0.36998, Gradient 0.63789) | LR 5.00e-06
2026-07-29 01:32:33,557 INFO Epoch 65 | Batch 500/1186 | Loss 2.35512 (Pin 0.88477 [q90 0.42826, q10 0.45652], MS 1.47035, Freq 0.00000, L1 1.97218, Spectral 0.38999, Gradient 0.66744) | LR 5.00e-06
2026-07-29 01:32:55,314 INFO Epoch 65 | Batch 550/1186 | Loss 2.37887 (Pin 0.87723 [q90 0.42309, q10 0.45414], MS 1.50164, Freq 0.00000, L1 1.92862, Spectral 0.37917, Gradient 0.64418) | LR 5.00e-06
2026-07-29 01:33:17,072 INFO Epoch 65 | Batch 600/1186 | Loss 2.42649 (Pin 0.88955 [q90 0.43807, q10 0.45149], MS 1.53694, Freq 0.00000, L1 1.93326, Spectral 0.36856, Gradient 0.62787) | LR 5.00e-06
2026-07-29 01:33:38,832 INFO Epoch 65 | Batch 650/1186 | Loss 2.48402 (Pin 0.94425 [q90 0.46270, q10 0.48155], MS 1.53977, Freq 0.00000, L1 2.02095, Spectral 0.37014, Gradient 0.63905) | LR 5.00e-06
2026-07-29 01:34:00,592 INFO Epoch 65 | Batch 700/1186 | Loss 2.41786 (Pin 0.91809 [q90 0.45054, q10 0.46755], MS 1.49977, Freq 0.00000, L1 1.99002, Spectral 0.37506, Gradient 0.65170) | LR 5.00e-06
2026-07-29 01:34:22,348 INFO Epoch 65 | Batch 750/1186 | Loss 2.41362 (Pin 0.90740 [q90 0.44591, q10 0.46149], MS 1.50622, Freq 0.00000, L1 1.98099, Spectral 0.37598, Gradient 0.65081) | LR 5.00e-06
2026-07-29 01:34:44,107 INFO Epoch 65 | Batch 800/1186 | Loss 2.31234 (Pin 0.86792 [q90 0.42561, q10 0.44231], MS 1.44442, Freq 0.00000, L1 1.91748, Spectral 0.37774, Gradient 0.64513) | LR 5.00e-06
2026-07-29 01:35:05,867 INFO Epoch 65 | Batch 850/1186 | Loss 2.45000 (Pin 0.92273 [q90 0.44790, q10 0.47483], MS 1.52728, Freq 0.00000, L1 2.03129, Spectral 0.38342, Gradient 0.66069) | LR 5.00e-06
2026-07-29 01:35:27,613 INFO Epoch 65 | Batch 900/1186 | Loss 2.45059 (Pin 0.92969 [q90 0.45135, q10 0.47834], MS 1.52090, Freq 0.00000, L1 2.01633, Spectral 0.37403, Gradient 0.65054) | LR 5.00e-06
2026-07-29 01:35:49,375 INFO Epoch 65 | Batch 950/1186 | Loss 2.32592 (Pin 0.87046 [q90 0.42783, q10 0.44264], MS 1.45545, Freq 0.00000, L1 1.93815, Spectral 0.37393, Gradient 0.64140) | LR 5.00e-06
2026-07-29 01:36:11,129 INFO Epoch 65 | Batch 1000/1186 | Loss 2.44475 (Pin 0.89040 [q90 0.43048, q10 0.45992], MS 1.55435, Freq 0.00000, L1 1.94661, Spectral 0.38337, Gradient 0.65490) | LR 5.00e-06
2026-07-29 01:36:32,880 INFO Epoch 65 | Batch 1050/1186 | Loss 2.33520 (Pin 0.87170 [q90 0.42975, q10 0.44195], MS 1.46350, Freq 0.00000, L1 1.93121, Spectral 0.37076, Gradient 0.63583) | LR 5.00e-06
2026-07-29 01:36:54,651 INFO Epoch 65 | Batch 1100/1186 | Loss 2.46848 (Pin 0.90144 [q90 0.44104, q10 0.46040], MS 1.56703, Freq 0.00000, L1 1.96333, Spectral 0.37194, Gradient 0.63808) | LR 5.00e-06
2026-07-29 01:37:16,403 INFO Epoch 65 | Batch 1150/1186 | Loss 2.45199 (Pin 0.93081 [q90 0.44839, q10 0.48242], MS 1.52117, Freq 0.00000, L1 2.00704, Spectral 0.37592, Gradient 0.64559) | LR 5.00e-06
2026-07-29 01:38:07,791 INFO Epoch 65 | Val Loss 3.01992 (Pin 0.85524 [q90 0.42076, q10 0.43449], MS 2.16467, Freq 0.00000, L1 1.90916, Spectral 0.35567, Gradient 0.61408)
2026-07-29 01:38:07,791 INFO Epoch 65 | Coverage q10/q50/q90 = 0.088/0.494/0.902 (nominal .10/.50/.90) | extreme tail = 0.120/0.464/0.852
2026-07-29 01:38:29,849 INFO Epoch 66 | Batch 50/1186 | Loss 2.41970 (Pin 0.90569 [q90 0.43884, q10 0.46685], MS 1.51401, Freq 0.00000, L1 1.98087, Spectral 0.38194, Gradient 0.66219) | LR 5.00e-06
2026-07-29 01:38:51,597 INFO Epoch 66 | Batch 100/1186 | Loss 2.43987 (Pin 0.91890 [q90 0.44625, q10 0.47265], MS 1.52097, Freq 0.00000, L1 2.00352, Spectral 0.37919, Gradient 0.65620) | LR 5.00e-06
2026-07-29 01:39:13,349 INFO Epoch 66 | Batch 150/1186 | Loss 2.39954 (Pin 0.88768 [q90 0.43220, q10 0.45548], MS 1.51187, Freq 0.00000, L1 1.95348, Spectral 0.37281, Gradient 0.64625) | LR 5.00e-06
2026-07-29 01:39:35,103 INFO Epoch 66 | Batch 200/1186 | Loss 2.36263 (Pin 0.89786 [q90 0.43954, q10 0.45832], MS 1.46477, Freq 0.00000, L1 1.96273, Spectral 0.37454, Gradient 0.64048) | LR 5.00e-06
2026-07-29 01:39:56,861 INFO Epoch 66 | Batch 250/1186 | Loss 2.31651 (Pin 0.89496 [q90 0.44219, q10 0.45277], MS 1.42155, Freq 0.00000, L1 1.93225, Spectral 0.35990, Gradient 0.62834) | LR 5.00e-06
2026-07-29 01:40:18,602 INFO Epoch 66 | Batch 300/1186 | Loss 2.35520 (Pin 0.86797 [q90 0.42098, q10 0.44699], MS 1.48723, Freq 0.00000, L1 1.90219, Spectral 0.36921, Gradient 0.63712) | LR 5.00e-06
2026-07-29 01:40:40,371 INFO Epoch 66 | Batch 350/1186 | Loss 2.36880 (Pin 0.89045 [q90 0.42699, q10 0.46347], MS 1.47835, Freq 0.00000, L1 1.96252, Spectral 0.37566, Gradient 0.64761) | LR 5.00e-06
2026-07-29 01:41:02,134 INFO Epoch 66 | Batch 400/1186 | Loss 2.43592 (Pin 0.91848 [q90 0.45038, q10 0.46811], MS 1.51744, Freq 0.00000, L1 2.00588, Spectral 0.39996, Gradient 0.67430) | LR 5.00e-06
2026-07-29 01:41:23,886 INFO Epoch 66 | Batch 450/1186 | Loss 2.31261 (Pin 0.88261 [q90 0.43164, q10 0.45097], MS 1.43000, Freq 0.00000, L1 1.94896, Spectral 0.36647, Gradient 0.63995) | LR 5.00e-06
2026-07-29 01:41:45,640 INFO Epoch 66 | Batch 500/1186 | Loss 2.44276 (Pin 0.91412 [q90 0.44494, q10 0.46918], MS 1.52864, Freq 0.00000, L1 2.00688, Spectral 0.38337, Gradient 0.65966) | LR 5.00e-06
2026-07-29 01:42:07,402 INFO Epoch 66 | Batch 550/1186 | Loss 2.43883 (Pin 0.89480 [q90 0.43490, q10 0.45991], MS 1.54403, Freq 0.00000, L1 1.95128, Spectral 0.38329, Gradient 0.64970) | LR 5.00e-06
2026-07-29 01:42:29,158 INFO Epoch 66 | Batch 600/1186 | Loss 2.39773 (Pin 0.89999 [q90 0.44506, q10 0.45492], MS 1.49774, Freq 0.00000, L1 1.96074, Spectral 0.37876, Gradient 0.65013) | LR 5.00e-06
2026-07-29 01:42:50,922 INFO Epoch 66 | Batch 650/1186 | Loss 2.43402 (Pin 0.91553 [q90 0.45380, q10 0.46173], MS 1.51850, Freq 0.00000, L1 1.98717, Spectral 0.37426, Gradient 0.64268) | LR 5.00e-06
2026-07-29 01:43:12,696 INFO Epoch 66 | Batch 700/1186 | Loss 2.47856 (Pin 0.91500 [q90 0.44860, q10 0.46640], MS 1.56356, Freq 0.00000, L1 1.99586, Spectral 0.39109, Gradient 0.67003) | LR 5.00e-06
2026-07-29 01:43:34,453 INFO Epoch 66 | Batch 750/1186 | Loss 2.47219 (Pin 0.91800 [q90 0.45008, q10 0.46793], MS 1.55419, Freq 0.00000, L1 2.01859, Spectral 0.38839, Gradient 0.66852) | LR 5.00e-06
2026-07-29 01:43:56,219 INFO Epoch 66 | Batch 800/1186 | Loss 2.39852 (Pin 0.89793 [q90 0.43849, q10 0.45944], MS 1.50059, Freq 0.00000, L1 1.96164, Spectral 0.37158, Gradient 0.63879) | LR 5.00e-06
2026-07-29 01:44:17,978 INFO Epoch 66 | Batch 850/1186 | Loss 2.43970 (Pin 0.91860 [q90 0.45036, q10 0.46824], MS 1.52110, Freq 0.00000, L1 1.97216, Spectral 0.37104, Gradient 0.63658) | LR 5.00e-06
2026-07-29 01:44:39,726 INFO Epoch 66 | Batch 900/1186 | Loss 2.27409 (Pin 0.87681 [q90 0.43000, q10 0.44681], MS 1.39727, Freq 0.00000, L1 1.90818, Spectral 0.36077, Gradient 0.62161) | LR 5.00e-06
2026-07-29 01:45:01,480 INFO Epoch 66 | Batch 950/1186 | Loss 2.36168 (Pin 0.88805 [q90 0.43678, q10 0.45127], MS 1.47363, Freq 0.00000, L1 1.93091, Spectral 0.36447, Gradient 0.62868) | LR 5.00e-06
2026-07-29 01:45:23,234 INFO Epoch 66 | Batch 1000/1186 | Loss 2.50649 (Pin 0.91951 [q90 0.45287, q10 0.46664], MS 1.58698, Freq 0.00000, L1 2.03618, Spectral 0.38808, Gradient 0.65958) | LR 5.00e-06
2026-07-29 01:45:44,987 INFO Epoch 66 | Batch 1050/1186 | Loss 2.40422 (Pin 0.87471 [q90 0.42238, q10 0.45233], MS 1.52951, Freq 0.00000, L1 1.92191, Spectral 0.37271, Gradient 0.63956) | LR 5.00e-06
2026-07-29 01:46:06,742 INFO Epoch 66 | Batch 1100/1186 | Loss 2.43425 (Pin 0.91564 [q90 0.44294, q10 0.47269], MS 1.51862, Freq 0.00000, L1 2.00949, Spectral 0.38897, Gradient 0.66740) | LR 5.00e-06
2026-07-29 01:46:28,497 INFO Epoch 66 | Batch 1150/1186 | Loss 2.35992 (Pin 0.87965 [q90 0.43370, q10 0.44595], MS 1.48027, Freq 0.00000, L1 1.94339, Spectral 0.37879, Gradient 0.64876) | LR 5.00e-06
2026-07-29 01:47:20,229 INFO Epoch 66 | Val Loss 2.99795 (Pin 0.85495 [q90 0.42063, q10 0.43432], MS 2.14300, Freq 0.00000, L1 1.90771, Spectral 0.35983, Gradient 0.62169)
2026-07-29 01:47:20,229 INFO Epoch 66 | Coverage q10/q50/q90 = 0.087/0.487/0.900 (nominal .10/.50/.90) | extreme tail = 0.128/0.475/0.859
2026-07-29 01:47:42,230 INFO Epoch 67 | Batch 50/1186 | Loss 2.44111 (Pin 0.92226 [q90 0.44378, q10 0.47848], MS 1.51885, Freq 0.00000, L1 2.00771, Spectral 0.37429, Gradient 0.64986) | LR 5.00e-06
2026-07-29 01:48:03,946 INFO Epoch 67 | Batch 100/1186 | Loss 2.51018 (Pin 0.92272 [q90 0.45215, q10 0.47057], MS 1.58746, Freq 0.00000, L1 2.02929, Spectral 0.39874, Gradient 0.67279) | LR 5.00e-06
2026-07-29 01:48:25,684 INFO Epoch 67 | Batch 150/1186 | Loss 2.31027 (Pin 0.87836 [q90 0.42731, q10 0.45105], MS 1.43191, Freq 0.00000, L1 1.94444, Spectral 0.38392, Gradient 0.64806) | LR 5.00e-06
2026-07-29 01:48:47,422 INFO Epoch 67 | Batch 200/1186 | Loss 2.25075 (Pin 0.87488 [q90 0.42730, q10 0.44758], MS 1.37588, Freq 0.00000, L1 1.91963, Spectral 0.36995, Gradient 0.63927) | LR 5.00e-06
2026-07-29 01:49:09,155 INFO Epoch 67 | Batch 250/1186 | Loss 2.38792 (Pin 0.87157 [q90 0.42871, q10 0.44286], MS 1.51635, Freq 0.00000, L1 1.90642, Spectral 0.36389, Gradient 0.62775) | LR 5.00e-06
2026-07-29 01:49:30,891 INFO Epoch 67 | Batch 300/1186 | Loss 2.52679 (Pin 0.94585 [q90 0.46379, q10 0.48207], MS 1.58094, Freq 0.00000, L1 2.05879, Spectral 0.39622, Gradient 0.67988) | LR 5.00e-06
2026-07-29 01:49:52,623 INFO Epoch 67 | Batch 350/1186 | Loss 2.33886 (Pin 0.86334 [q90 0.42673, q10 0.43661], MS 1.47552, Freq 0.00000, L1 1.91231, Spectral 0.37050, Gradient 0.63829) | LR 5.00e-06
2026-07-29 01:50:14,359 INFO Epoch 67 | Batch 400/1186 | Loss 2.45128 (Pin 0.91955 [q90 0.44792, q10 0.47162], MS 1.53174, Freq 0.00000, L1 2.00301, Spectral 0.37108, Gradient 0.64329) | LR 5.00e-06
2026-07-29 01:50:36,076 INFO Epoch 67 | Batch 450/1186 | Loss 2.35072 (Pin 0.86575 [q90 0.42460, q10 0.44115], MS 1.48497, Freq 0.00000, L1 1.91616, Spectral 0.36550, Gradient 0.62578) | LR 5.00e-06
2026-07-29 01:50:57,807 INFO Epoch 67 | Batch 500/1186 | Loss 2.55362 (Pin 0.93345 [q90 0.44718, q10 0.48626], MS 1.62017, Freq 0.00000, L1 2.02925, Spectral 0.38579, Gradient 0.66183) | LR 5.00e-06
2026-07-29 01:51:19,535 INFO Epoch 67 | Batch 550/1186 | Loss 2.33786 (Pin 0.88436 [q90 0.43622, q10 0.44815], MS 1.45350, Freq 0.00000, L1 1.94377, Spectral 0.38476, Gradient 0.65891) | LR 5.00e-06
2026-07-29 01:51:41,266 INFO Epoch 67 | Batch 600/1186 | Loss 2.45212 (Pin 0.91100 [q90 0.44979, q10 0.46121], MS 1.54112, Freq 0.00000, L1 1.97754, Spectral 0.39142, Gradient 0.67059) | LR 5.00e-06
2026-07-29 01:52:02,997 INFO Epoch 67 | Batch 650/1186 | Loss 2.39502 (Pin 0.91183 [q90 0.45209, q10 0.45974], MS 1.48319, Freq 0.00000, L1 1.98508, Spectral 0.36158, Gradient 0.62330) | LR 5.00e-06
2026-07-29 01:52:24,725 INFO Epoch 67 | Batch 700/1186 | Loss 2.40835 (Pin 0.88933 [q90 0.42928, q10 0.46006], MS 1.51901, Freq 0.00000, L1 1.95461, Spectral 0.36663, Gradient 0.63587) | LR 5.00e-06
2026-07-29 01:52:46,454 INFO Epoch 67 | Batch 750/1186 | Loss 2.41375 (Pin 0.90262 [q90 0.43721, q10 0.46541], MS 1.51112, Freq 0.00000, L1 1.94444, Spectral 0.37745, Gradient 0.64729) | LR 5.00e-06
2026-07-29 01:53:08,181 INFO Epoch 67 | Batch 800/1186 | Loss 2.43599 (Pin 0.90939 [q90 0.43904, q10 0.47035], MS 1.52660, Freq 0.00000, L1 1.98512, Spectral 0.37107, Gradient 0.64551) | LR 5.00e-06
2026-07-29 01:53:29,898 INFO Epoch 67 | Batch 850/1186 | Loss 2.41769 (Pin 0.88998 [q90 0.43329, q10 0.45669], MS 1.52771, Freq 0.00000, L1 1.93603, Spectral 0.36351, Gradient 0.62874) | LR 5.00e-06
2026-07-29 01:53:51,635 INFO Epoch 67 | Batch 900/1186 | Loss 2.41120 (Pin 0.88163 [q90 0.43137, q10 0.45025], MS 1.52957, Freq 0.00000, L1 1.92567, Spectral 0.36641, Gradient 0.63246) | LR 5.00e-06
2026-07-29 01:54:13,359 INFO Epoch 67 | Batch 950/1186 | Loss 2.43121 (Pin 0.91936 [q90 0.44633, q10 0.47302], MS 1.51185, Freq 0.00000, L1 2.00299, Spectral 0.38963, Gradient 0.66571) | LR 5.00e-06
2026-07-29 01:54:35,093 INFO Epoch 67 | Batch 1000/1186 | Loss 2.50501 (Pin 0.91509 [q90 0.44918, q10 0.46591], MS 1.58993, Freq 0.00000, L1 2.01204, Spectral 0.39505, Gradient 0.67402) | LR 5.00e-06
2026-07-29 01:54:56,809 INFO Epoch 67 | Batch 1050/1186 | Loss 2.38481 (Pin 0.88424 [q90 0.43404, q10 0.45020], MS 1.50057, Freq 0.00000, L1 1.94189, Spectral 0.36781, Gradient 0.64106) | LR 5.00e-06
2026-07-29 01:55:18,539 INFO Epoch 67 | Batch 1100/1186 | Loss 2.32349 (Pin 0.88805 [q90 0.43855, q10 0.44950], MS 1.43545, Freq 0.00000, L1 1.94352, Spectral 0.37840, Gradient 0.65115) | LR 5.00e-06
2026-07-29 01:55:40,276 INFO Epoch 67 | Batch 1150/1186 | Loss 2.36916 (Pin 0.89405 [q90 0.44382, q10 0.45023], MS 1.47510, Freq 0.00000, L1 1.96402, Spectral 0.37387, Gradient 0.63967) | LR 5.00e-06
2026-07-29 01:56:31,904 INFO Epoch 67 | Val Loss 3.00396 (Pin 0.85535 [q90 0.42126, q10 0.43409], MS 2.14860, Freq 0.00000, L1 1.90609, Spectral 0.35215, Gradient 0.60941)
2026-07-29 01:56:31,905 INFO Epoch 67 | Coverage q10/q50/q90 = 0.084/0.489/0.896 (nominal .10/.50/.90) | extreme tail = 0.122/0.471/0.853
2026-07-29 01:56:53,923 INFO Epoch 68 | Batch 50/1186 | Loss 2.30638 (Pin 0.85605 [q90 0.42098, q10 0.43506], MS 1.45034, Freq 0.00000, L1 1.87712, Spectral 0.36839, Gradient 0.63298) | LR 5.00e-06
2026-07-29 01:57:15,656 INFO Epoch 68 | Batch 100/1186 | Loss 2.39647 (Pin 0.89466 [q90 0.42810, q10 0.46656], MS 1.50181, Freq 0.00000, L1 1.94444, Spectral 0.37510, Gradient 0.64651) | LR 5.00e-06
2026-07-29 01:57:37,382 INFO Epoch 68 | Batch 150/1186 | Loss 2.36053 (Pin 0.87874 [q90 0.43548, q10 0.44326], MS 1.48180, Freq 0.00000, L1 1.93243, Spectral 0.35954, Gradient 0.62622) | LR 5.00e-06
2026-07-29 01:57:59,114 INFO Epoch 68 | Batch 200/1186 | Loss 2.46834 (Pin 0.91846 [q90 0.45543, q10 0.46303], MS 1.54988, Freq 0.00000, L1 1.98051, Spectral 0.38102, Gradient 0.65286) | LR 5.00e-06
2026-07-29 01:58:20,847 INFO Epoch 68 | Batch 250/1186 | Loss 2.33175 (Pin 0.89235 [q90 0.43493, q10 0.45742], MS 1.43940, Freq 0.00000, L1 1.94291, Spectral 0.35940, Gradient 0.62134) | LR 5.00e-06
2026-07-29 01:58:42,578 INFO Epoch 68 | Batch 300/1186 | Loss 2.38798 (Pin 0.87057 [q90 0.42630, q10 0.44426], MS 1.51741, Freq 0.00000, L1 1.92548, Spectral 0.37605, Gradient 0.64188) | LR 5.00e-06
2026-07-29 01:59:04,319 INFO Epoch 68 | Batch 350/1186 | Loss 2.42472 (Pin 0.90748 [q90 0.43863, q10 0.46885], MS 1.51724, Freq 0.00000, L1 1.97698, Spectral 0.37199, Gradient 0.64725) | LR 5.00e-06
2026-07-29 01:59:26,042 INFO Epoch 68 | Batch 400/1186 | Loss 2.43885 (Pin 0.90840 [q90 0.44604, q10 0.46235], MS 1.53045, Freq 0.00000, L1 1.97602, Spectral 0.37905, Gradient 0.64649) | LR 5.00e-06
2026-07-29 01:59:47,773 INFO Epoch 68 | Batch 450/1186 | Loss 2.45979 (Pin 0.93357 [q90 0.44618, q10 0.48740], MS 1.52622, Freq 0.00000, L1 2.01098, Spectral 0.36810, Gradient 0.64618) | LR 5.00e-06
2026-07-29 02:00:09,503 INFO Epoch 68 | Batch 500/1186 | Loss 2.41978 (Pin 0.92866 [q90 0.44837, q10 0.48030], MS 1.49111, Freq 0.00000, L1 2.00497, Spectral 0.37918, Gradient 0.65113) | LR 5.00e-06
2026-07-29 02:00:31,241 INFO Epoch 68 | Batch 550/1186 | Loss 2.35586 (Pin 0.87985 [q90 0.43482, q10 0.44503], MS 1.47600, Freq 0.00000, L1 1.93387, Spectral 0.37068, Gradient 0.63349) | LR 5.00e-06
2026-07-29 02:00:52,978 INFO Epoch 68 | Batch 600/1186 | Loss 2.36472 (Pin 0.89686 [q90 0.43246, q10 0.46440], MS 1.46786, Freq 0.00000, L1 1.95225, Spectral 0.37482, Gradient 0.64799) | LR 5.00e-06
2026-07-29 02:01:14,715 INFO Epoch 68 | Batch 650/1186 | Loss 2.42255 (Pin 0.87980 [q90 0.43579, q10 0.44401], MS 1.54275, Freq 0.00000, L1 1.93541, Spectral 0.37873, Gradient 0.64450) | LR 5.00e-06
2026-07-29 02:01:36,450 INFO Epoch 68 | Batch 700/1186 | Loss 2.42883 (Pin 0.92830 [q90 0.45791, q10 0.47038], MS 1.50054, Freq 0.00000, L1 2.01998, Spectral 0.37301, Gradient 0.64404) | LR 5.00e-06
2026-07-29 02:01:58,180 INFO Epoch 68 | Batch 750/1186 | Loss 2.37097 (Pin 0.90933 [q90 0.44535, q10 0.46398], MS 1.46164, Freq 0.00000, L1 1.97730, Spectral 0.37797, Gradient 0.65253) | LR 5.00e-06
2026-07-29 02:02:19,903 INFO Epoch 68 | Batch 800/1186 | Loss 2.40521 (Pin 0.89867 [q90 0.43931, q10 0.45937], MS 1.50654, Freq 0.00000, L1 1.97864, Spectral 0.38490, Gradient 0.66111) | LR 5.00e-06
2026-07-29 02:02:41,618 INFO Epoch 68 | Batch 850/1186 | Loss 2.52061 (Pin 0.92290 [q90 0.44860, q10 0.47430], MS 1.59771, Freq 0.00000, L1 2.03647, Spectral 0.39347, Gradient 0.66769) | LR 5.00e-06
2026-07-29 02:03:03,337 INFO Epoch 68 | Batch 900/1186 | Loss 2.43950 (Pin 0.91118 [q90 0.45090, q10 0.46028], MS 1.52832, Freq 0.00000, L1 1.99033, Spectral 0.37512, Gradient 0.64760) | LR 5.00e-06
2026-07-29 02:03:25,071 INFO Epoch 68 | Batch 950/1186 | Loss 2.35375 (Pin 0.89406 [q90 0.43183, q10 0.46224], MS 1.45968, Freq 0.00000, L1 1.95661, Spectral 0.37436, Gradient 0.63611) | LR 5.00e-06
2026-07-29 02:03:46,798 INFO Epoch 68 | Batch 1000/1186 | Loss 2.43679 (Pin 0.92355 [q90 0.45435, q10 0.46919], MS 1.51325, Freq 0.00000, L1 2.02617, Spectral 0.38528, Gradient 0.65586) | LR 5.00e-06
2026-07-29 02:04:08,516 INFO Epoch 68 | Batch 1050/1186 | Loss 2.39732 (Pin 0.86249 [q90 0.42933, q10 0.43316], MS 1.53483, Freq 0.00000, L1 1.91743, Spectral 0.38259, Gradient 0.64551) | LR 5.00e-06
2026-07-29 02:04:30,259 INFO Epoch 68 | Batch 1100/1186 | Loss 2.41645 (Pin 0.88363 [q90 0.42791, q10 0.45573], MS 1.53282, Freq 0.00000, L1 1.96386, Spectral 0.37414, Gradient 0.64756) | LR 5.00e-06
2026-07-29 02:04:51,989 INFO Epoch 68 | Batch 1150/1186 | Loss 2.38300 (Pin 0.89540 [q90 0.43712, q10 0.45828], MS 1.48760, Freq 0.00000, L1 1.93403, Spectral 0.35926, Gradient 0.62488) | LR 5.00e-06
2026-07-29 02:05:43,312 INFO Epoch 68 | Val Loss 2.99752 (Pin 0.85659 [q90 0.42107, q10 0.43552], MS 2.14092, Freq 0.00000, L1 1.90350, Spectral 0.35672, Gradient 0.61546)
2026-07-29 02:05:43,313 INFO Epoch 68 | Coverage q10/q50/q90 = 0.084/0.491/0.900 (nominal .10/.50/.90) | extreme tail = 0.121/0.464/0.848
2026-07-29 02:06:05,341 INFO Epoch 69 | Batch 50/1186 | Loss 2.40395 (Pin 0.90668 [q90 0.43977, q10 0.46691], MS 1.49728, Freq 0.00000, L1 1.96818, Spectral 0.37158, Gradient 0.64704) | LR 5.00e-06
2026-07-29 02:06:27,079 INFO Epoch 69 | Batch 100/1186 | Loss 2.47721 (Pin 0.91894 [q90 0.45224, q10 0.46670], MS 1.55827, Freq 0.00000, L1 1.99173, Spectral 0.37508, Gradient 0.63882) | LR 5.00e-06
2026-07-29 02:06:48,807 INFO Epoch 69 | Batch 150/1186 | Loss 2.40404 (Pin 0.88743 [q90 0.43758, q10 0.44985], MS 1.51661, Freq 0.00000, L1 1.93671, Spectral 0.37562, Gradient 0.64050) | LR 5.00e-06
2026-07-29 02:07:10,547 INFO Epoch 69 | Batch 200/1186 | Loss 2.33234 (Pin 0.88973 [q90 0.44103, q10 0.44870], MS 1.44261, Freq 0.00000, L1 1.97374, Spectral 0.39147, Gradient 0.66202) | LR 5.00e-06
2026-07-29 02:07:32,275 INFO Epoch 69 | Batch 250/1186 | Loss 2.40463 (Pin 0.90724 [q90 0.43930, q10 0.46793], MS 1.49739, Freq 0.00000, L1 1.99381, Spectral 0.37321, Gradient 0.64514) | LR 5.00e-06
2026-07-29 02:07:54,005 INFO Epoch 69 | Batch 300/1186 | Loss 2.35384 (Pin 0.88015 [q90 0.42541, q10 0.45474], MS 1.47369, Freq 0.00000, L1 1.93938, Spectral 0.37512, Gradient 0.64204) | LR 5.00e-06
2026-07-29 02:08:15,727 INFO Epoch 69 | Batch 350/1186 | Loss 2.46025 (Pin 0.92148 [q90 0.45253, q10 0.46895], MS 1.53877, Freq 0.00000, L1 1.98991, Spectral 0.37534, Gradient 0.64339) | LR 5.00e-06
2026-07-29 02:08:37,450 INFO Epoch 69 | Batch 400/1186 | Loss 2.33612 (Pin 0.87322 [q90 0.42566, q10 0.44756], MS 1.46290, Freq 0.00000, L1 1.91559, Spectral 0.36604, Gradient 0.62817) | LR 5.00e-06
2026-07-29 02:08:59,180 INFO Epoch 69 | Batch 450/1186 | Loss 2.44815 (Pin 0.92001 [q90 0.44973, q10 0.47028], MS 1.52813, Freq 0.00000, L1 1.98453, Spectral 0.37990, Gradient 0.65404) | LR 5.00e-06
2026-07-29 02:09:20,893 INFO Epoch 69 | Batch 500/1186 | Loss 2.37435 (Pin 0.90005 [q90 0.43301, q10 0.46705], MS 1.47429, Freq 0.00000, L1 1.96099, Spectral 0.38478, Gradient 0.65590) | LR 5.00e-06
2026-07-29 02:09:42,624 INFO Epoch 69 | Batch 550/1186 | Loss 2.45635 (Pin 0.88630 [q90 0.42690, q10 0.45939], MS 1.57006, Freq 0.00000, L1 1.97252, Spectral 0.37620, Gradient 0.65419) | LR 5.00e-06
2026-07-29 02:10:04,364 INFO Epoch 69 | Batch 600/1186 | Loss 2.36910 (Pin 0.90319 [q90 0.44646, q10 0.45673], MS 1.46591, Freq 0.00000, L1 1.97557, Spectral 0.36425, Gradient 0.62935) | LR 5.00e-06
2026-07-29 02:10:26,125 INFO Epoch 69 | Batch 650/1186 | Loss 2.38135 (Pin 0.88569 [q90 0.43190, q10 0.45380], MS 1.49566, Freq 0.00000, L1 1.95934, Spectral 0.37745, Gradient 0.64827) | LR 5.00e-06
2026-07-29 02:10:47,883 INFO Epoch 69 | Batch 700/1186 | Loss 2.42506 (Pin 0.90793 [q90 0.44563, q10 0.46230], MS 1.51713, Freq 0.00000, L1 1.98751, Spectral 0.37797, Gradient 0.64548) | LR 5.00e-06
2026-07-29 02:11:09,634 INFO Epoch 69 | Batch 750/1186 | Loss 2.38072 (Pin 0.90590 [q90 0.44313, q10 0.46278], MS 1.47482, Freq 0.00000, L1 1.99864, Spectral 0.38044, Gradient 0.65262) | LR 5.00e-06
2026-07-29 02:11:31,389 INFO Epoch 69 | Batch 800/1186 | Loss 2.39164 (Pin 0.90395 [q90 0.44059, q10 0.46336], MS 1.48769, Freq 0.00000, L1 1.97012, Spectral 0.38266, Gradient 0.65374) | LR 5.00e-06
2026-07-29 02:11:53,153 INFO Epoch 69 | Batch 850/1186 | Loss 2.39887 (Pin 0.89259 [q90 0.43877, q10 0.45382], MS 1.50628, Freq 0.00000, L1 1.95026, Spectral 0.35664, Gradient 0.62037) | LR 5.00e-06
2026-07-29 02:12:14,907 INFO Epoch 69 | Batch 900/1186 | Loss 2.34385 (Pin 0.89525 [q90 0.43597, q10 0.45928], MS 1.44860, Freq 0.00000, L1 1.96721, Spectral 0.38297, Gradient 0.65971) | LR 5.00e-06
2026-07-29 02:12:36,684 INFO Epoch 69 | Batch 950/1186 | Loss 2.37155 (Pin 0.89555 [q90 0.44129, q10 0.45427], MS 1.47600, Freq 0.00000, L1 1.94146, Spectral 0.36720, Gradient 0.63680) | LR 5.00e-06
2026-07-29 02:12:58,458 INFO Epoch 69 | Batch 1000/1186 | Loss 2.37874 (Pin 0.89227 [q90 0.43677, q10 0.45550], MS 1.48647, Freq 0.00000, L1 1.94921, Spectral 0.36856, Gradient 0.63744) | LR 5.00e-06
2026-07-29 02:13:20,210 INFO Epoch 69 | Batch 1050/1186 | Loss 2.46025 (Pin 0.90827 [q90 0.44471, q10 0.46356], MS 1.55198, Freq 0.00000, L1 1.96593, Spectral 0.37091, Gradient 0.63768) | LR 5.00e-06
2026-07-29 02:13:41,959 INFO Epoch 69 | Batch 1100/1186 | Loss 2.48593 (Pin 0.91842 [q90 0.44088, q10 0.47754], MS 1.56751, Freq 0.00000, L1 1.99645, Spectral 0.37091, Gradient 0.64098) | LR 5.00e-06
2026-07-29 02:14:03,729 INFO Epoch 69 | Batch 1150/1186 | Loss 2.36222 (Pin 0.87866 [q90 0.43585, q10 0.44282], MS 1.48356, Freq 0.00000, L1 1.92079, Spectral 0.37747, Gradient 0.64504) | LR 5.00e-06
2026-07-29 02:14:55,428 INFO Epoch 69 | Val Loss 2.99906 (Pin 0.85540 [q90 0.42037, q10 0.43503], MS 2.14366, Freq 0.00000, L1 1.89098, Spectral 0.35175, Gradient 0.60172)
2026-07-29 02:14:55,428 INFO Epoch 69 | Coverage q10/q50/q90 = 0.088/0.489/0.895 (nominal .10/.50/.90) | extreme tail = 0.129/0.473/0.855
2026-07-29 02:15:17,492 INFO Epoch 70 | Batch 50/1186 | Loss 2.38757 (Pin 0.90041 [q90 0.43582, q10 0.46459], MS 1.48716, Freq 0.00000, L1 1.93532, Spectral 0.37899, Gradient 0.64265) | LR 5.00e-06
2026-07-29 02:15:39,258 INFO Epoch 70 | Batch 100/1186 | Loss 2.38678 (Pin 0.90058 [q90 0.44040, q10 0.46018], MS 1.48620, Freq 0.00000, L1 1.95692, Spectral 0.37677, Gradient 0.64268) | LR 5.00e-06
2026-07-29 02:16:01,023 INFO Epoch 70 | Batch 150/1186 | Loss 2.39914 (Pin 0.91592 [q90 0.44418, q10 0.47174], MS 1.48322, Freq 0.00000, L1 1.98142, Spectral 0.35945, Gradient 0.62878) | LR 5.00e-06
2026-07-29 02:16:22,777 INFO Epoch 70 | Batch 200/1186 | Loss 2.43568 (Pin 0.90751 [q90 0.43734, q10 0.47017], MS 1.52817, Freq 0.00000, L1 1.98387, Spectral 0.38944, Gradient 0.65423) | LR 5.00e-06
2026-07-29 02:16:44,544 INFO Epoch 70 | Batch 250/1186 | Loss 2.32268 (Pin 0.86623 [q90 0.42775, q10 0.43848], MS 1.45645, Freq 0.00000, L1 1.87862, Spectral 0.35949, Gradient 0.61899) | LR 5.00e-06
2026-07-29 02:17:06,293 INFO Epoch 70 | Batch 300/1186 | Loss 2.41675 (Pin 0.91094 [q90 0.43900, q10 0.47194], MS 1.50581, Freq 0.00000, L1 1.98345, Spectral 0.37979, Gradient 0.65281) | LR 5.00e-06
2026-07-29 02:17:28,048 INFO Epoch 70 | Batch 350/1186 | Loss 2.47462 (Pin 0.88884 [q90 0.43391, q10 0.45493], MS 1.58577, Freq 0.00000, L1 1.95537, Spectral 0.38569, Gradient 0.65717) | LR 5.00e-06
2026-07-29 02:17:49,815 INFO Epoch 70 | Batch 400/1186 | Loss 2.34076 (Pin 0.88806 [q90 0.43769, q10 0.45036], MS 1.45270, Freq 0.00000, L1 1.94723, Spectral 0.36330, Gradient 0.63070) | LR 5.00e-06
2026-07-29 02:18:11,567 INFO Epoch 70 | Batch 450/1186 | Loss 2.44147 (Pin 0.91681 [q90 0.44937, q10 0.46744], MS 1.52466, Freq 0.00000, L1 1.99578, Spectral 0.38838, Gradient 0.65546) | LR 5.00e-06
2026-07-29 02:18:33,327 INFO Epoch 70 | Batch 500/1186 | Loss 2.34894 (Pin 0.86027 [q90 0.41808, q10 0.44219], MS 1.48867, Freq 0.00000, L1 1.90764, Spectral 0.37542, Gradient 0.64513) | LR 5.00e-06
2026-07-29 02:18:55,088 INFO Epoch 70 | Batch 550/1186 | Loss 2.47454 (Pin 0.92521 [q90 0.45874, q10 0.46647], MS 1.54933, Freq 0.00000, L1 2.00205, Spectral 0.37797, Gradient 0.64737) | LR 5.00e-06
2026-07-29 02:19:16,850 INFO Epoch 70 | Batch 600/1186 | Loss 2.51455 (Pin 0.91088 [q90 0.45227, q10 0.45861], MS 1.60367, Freq 0.00000, L1 2.00450, Spectral 0.38528, Gradient 0.64845) | LR 5.00e-06
2026-07-29 02:19:38,622 INFO Epoch 70 | Batch 650/1186 | Loss 2.30365 (Pin 0.88758 [q90 0.43594, q10 0.45164], MS 1.41606, Freq 0.00000, L1 1.93283, Spectral 0.36589, Gradient 0.63285) | LR 5.00e-06
2026-07-29 02:20:00,385 INFO Epoch 70 | Batch 700/1186 | Loss 2.37325 (Pin 0.89317 [q90 0.43792, q10 0.45525], MS 1.48008, Freq 0.00000, L1 1.94107, Spectral 0.37183, Gradient 0.64264) | LR 5.00e-06
2026-07-29 02:20:22,140 INFO Epoch 70 | Batch 750/1186 | Loss 2.29071 (Pin 0.87915 [q90 0.43027, q10 0.44888], MS 1.41157, Freq 0.00000, L1 1.94021, Spectral 0.37444, Gradient 0.64679) | LR 5.00e-06
2026-07-29 02:20:43,886 INFO Epoch 70 | Batch 800/1186 | Loss 2.42512 (Pin 0.89649 [q90 0.43500, q10 0.46149], MS 1.52863, Freq 0.00000, L1 1.96761, Spectral 0.36120, Gradient 0.62485) | LR 5.00e-06
2026-07-29 02:21:05,649 INFO Epoch 70 | Batch 850/1186 | Loss 2.46282 (Pin 0.90185 [q90 0.43664, q10 0.46521], MS 1.56097, Freq 0.00000, L1 1.97351, Spectral 0.37835, Gradient 0.65065) | LR 5.00e-06
2026-07-29 02:21:27,416 INFO Epoch 70 | Batch 900/1186 | Loss 2.33886 (Pin 0.88647 [q90 0.42958, q10 0.45689], MS 1.45239, Freq 0.00000, L1 1.94100, Spectral 0.35540, Gradient 0.61812) | LR 5.00e-06
2026-07-29 02:21:49,169 INFO Epoch 70 | Batch 950/1186 | Loss 2.44007 (Pin 0.92837 [q90 0.46018, q10 0.46819], MS 1.51171, Freq 0.00000, L1 2.00789, Spectral 0.37863, Gradient 0.64547) | LR 5.00e-06
2026-07-29 02:22:10,938 INFO Epoch 70 | Batch 1000/1186 | Loss 2.48045 (Pin 0.90490 [q90 0.44272, q10 0.46218], MS 1.57555, Freq 0.00000, L1 1.97944, Spectral 0.37162, Gradient 0.64857) | LR 5.00e-06
2026-07-29 02:22:32,706 INFO Epoch 70 | Batch 1050/1186 | Loss 2.35808 (Pin 0.88646 [q90 0.42876, q10 0.45771], MS 1.47161, Freq 0.00000, L1 1.94965, Spectral 0.38055, Gradient 0.65564) | LR 5.00e-06
2026-07-29 02:22:54,463 INFO Epoch 70 | Batch 1100/1186 | Loss 2.37491 (Pin 0.88983 [q90 0.43458, q10 0.45525], MS 1.48507, Freq 0.00000, L1 1.96697, Spectral 0.38508, Gradient 0.66174) | LR 5.00e-06
2026-07-29 02:23:16,225 INFO Epoch 70 | Batch 1150/1186 | Loss 2.45149 (Pin 0.91753 [q90 0.45185, q10 0.46568], MS 1.53396, Freq 0.00000, L1 1.99776, Spectral 0.36708, Gradient 0.63713) | LR 5.00e-06
2026-07-29 02:24:07,867 INFO Epoch 70 | Val Loss 3.00932 (Pin 0.85673 [q90 0.42190, q10 0.43483], MS 2.15259, Freq 0.00000, L1 1.88475, Spectral 0.34971, Gradient 0.60033)
2026-07-29 02:24:07,868 INFO Epoch 70 | Coverage q10/q50/q90 = 0.085/0.490/0.895 (nominal .10/.50/.90) | extreme tail = 0.128/0.465/0.844
2026-07-29 02:24:29,936 INFO Epoch 71 | Batch 50/1186 | Loss 2.43676 (Pin 0.90792 [q90 0.44497, q10 0.46295], MS 1.52884, Freq 0.00000, L1 1.97936, Spectral 0.37908, Gradient 0.65159) | LR 5.00e-06
2026-07-29 02:24:51,703 INFO Epoch 71 | Batch 100/1186 | Loss 2.36719 (Pin 0.90660 [q90 0.43890, q10 0.46770], MS 1.46059, Freq 0.00000, L1 1.98693, Spectral 0.37514, Gradient 0.65072) | LR 5.00e-06
2026-07-29 02:25:13,454 INFO Epoch 71 | Batch 150/1186 | Loss 2.40496 (Pin 0.92138 [q90 0.44776, q10 0.47363], MS 1.48358, Freq 0.00000, L1 1.99024, Spectral 0.37401, Gradient 0.63963) | LR 5.00e-06
2026-07-29 02:25:35,217 INFO Epoch 71 | Batch 200/1186 | Loss 2.50427 (Pin 0.91237 [q90 0.44150, q10 0.47087], MS 1.59190, Freq 0.00000, L1 2.00447, Spectral 0.37996, Gradient 0.65265) | LR 5.00e-06
2026-07-29 02:25:56,968 INFO Epoch 71 | Batch 250/1186 | Loss 2.40557 (Pin 0.90631 [q90 0.44420, q10 0.46211], MS 1.49926, Freq 0.00000, L1 1.98234, Spectral 0.39239, Gradient 0.66542) | LR 5.00e-06
2026-07-29 02:26:18,733 INFO Epoch 71 | Batch 300/1186 | Loss 2.32508 (Pin 0.86288 [q90 0.41799, q10 0.44489], MS 1.46220, Freq 0.00000, L1 1.92103, Spectral 0.38583, Gradient 0.66033) | LR 5.00e-06
2026-07-29 02:26:40,491 INFO Epoch 71 | Batch 350/1186 | Loss 2.32413 (Pin 0.87200 [q90 0.42449, q10 0.44751], MS 1.45213, Freq 0.00000, L1 1.91935, Spectral 0.37145, Gradient 0.63921) | LR 5.00e-06
2026-07-29 02:27:02,251 INFO Epoch 71 | Batch 400/1186 | Loss 2.37999 (Pin 0.89765 [q90 0.43601, q10 0.46164], MS 1.48234, Freq 0.00000, L1 1.95728, Spectral 0.37238, Gradient 0.63852) | LR 5.00e-06
2026-07-29 02:27:24,010 INFO Epoch 71 | Batch 450/1186 | Loss 2.45037 (Pin 0.91683 [q90 0.44609, q10 0.47074], MS 1.53354, Freq 0.00000, L1 2.00133, Spectral 0.38583, Gradient 0.66350) | LR 5.00e-06
2026-07-29 02:27:45,764 INFO Epoch 71 | Batch 500/1186 | Loss 2.45006 (Pin 0.91930 [q90 0.43886, q10 0.48044], MS 1.53076, Freq 0.00000, L1 2.01142, Spectral 0.38545, Gradient 0.66422) | LR 5.00e-06
2026-07-29 02:28:07,521 INFO Epoch 71 | Batch 550/1186 | Loss 2.32495 (Pin 0.88511 [q90 0.42980, q10 0.45532], MS 1.43984, Freq 0.00000, L1 1.94329, Spectral 0.36214, Gradient 0.63287) | LR 5.00e-06
2026-07-29 02:28:29,289 INFO Epoch 71 | Batch 600/1186 | Loss 2.47460 (Pin 0.92419 [q90 0.45683, q10 0.46737], MS 1.55041, Freq 0.00000, L1 2.01509, Spectral 0.39051, Gradient 0.66298) | LR 5.00e-06
2026-07-29 02:28:51,044 INFO Epoch 71 | Batch 650/1186 | Loss 2.35917 (Pin 0.87496 [q90 0.43984, q10 0.43512], MS 1.48422, Freq 0.00000, L1 1.93035, Spectral 0.38456, Gradient 0.64644) | LR 5.00e-06
2026-07-29 02:29:12,791 INFO Epoch 71 | Batch 700/1186 | Loss 2.39043 (Pin 0.89500 [q90 0.43732, q10 0.45768], MS 1.49543, Freq 0.00000, L1 1.96911, Spectral 0.38938, Gradient 0.65950) | LR 5.00e-06
2026-07-29 02:29:34,543 INFO Epoch 71 | Batch 750/1186 | Loss 2.36199 (Pin 0.88148 [q90 0.43921, q10 0.44227], MS 1.48051, Freq 0.00000, L1 1.92710, Spectral 0.34723, Gradient 0.61249) | LR 5.00e-06
2026-07-29 02:29:56,313 INFO Epoch 71 | Batch 800/1186 | Loss 2.44926 (Pin 0.89705 [q90 0.43467, q10 0.46238], MS 1.55221, Freq 0.00000, L1 1.96735, Spectral 0.36450, Gradient 0.63394) | LR 5.00e-06
2026-07-29 02:30:18,079 INFO Epoch 71 | Batch 850/1186 | Loss 2.31571 (Pin 0.88966 [q90 0.43663, q10 0.45303], MS 1.42605, Freq 0.00000, L1 1.92751, Spectral 0.37097, Gradient 0.63795) | LR 5.00e-06
2026-07-29 02:30:39,847 INFO Epoch 71 | Batch 900/1186 | Loss 2.34657 (Pin 0.88960 [q90 0.43953, q10 0.45006], MS 1.45697, Freq 0.00000, L1 1.94970, Spectral 0.36624, Gradient 0.63761) | LR 5.00e-06
2026-07-29 02:31:01,604 INFO Epoch 71 | Batch 950/1186 | Loss 2.44580 (Pin 0.90847 [q90 0.44761, q10 0.46086], MS 1.53733, Freq 0.00000, L1 1.96073, Spectral 0.36542, Gradient 0.63146) | LR 5.00e-06
2026-07-29 02:31:23,365 INFO Epoch 71 | Batch 1000/1186 | Loss 2.35364 (Pin 0.89408 [q90 0.43540, q10 0.45867], MS 1.45956, Freq 0.00000, L1 1.95078, Spectral 0.38554, Gradient 0.65714) | LR 5.00e-06
2026-07-29 02:31:45,120 INFO Epoch 71 | Batch 1050/1186 | Loss 2.40933 (Pin 0.88045 [q90 0.42936, q10 0.45109], MS 1.52888, Freq 0.00000, L1 1.93460, Spectral 0.36505, Gradient 0.63276) | LR 5.00e-06
2026-07-29 02:32:06,891 INFO Epoch 71 | Batch 1100/1186 | Loss 2.40912 (Pin 0.89550 [q90 0.43371, q10 0.46179], MS 1.51362, Freq 0.00000, L1 1.96651, Spectral 0.37285, Gradient 0.64304) | LR 5.00e-06
2026-07-29 02:32:28,655 INFO Epoch 71 | Batch 1150/1186 | Loss 2.45527 (Pin 0.93033 [q90 0.45588, q10 0.47444], MS 1.52494, Freq 0.00000, L1 1.99277, Spectral 0.35854, Gradient 0.61434) | LR 5.00e-06
2026-07-29 02:33:20,497 INFO Epoch 71 | Val Loss 3.02959 (Pin 0.85601 [q90 0.42138, q10 0.43463], MS 2.17358, Freq 0.00000, L1 1.90681, Spectral 0.35688, Gradient 0.61294)
2026-07-29 02:33:20,497 INFO Epoch 71 | Coverage q10/q50/q90 = 0.087/0.490/0.896 (nominal .10/.50/.90) | extreme tail = 0.121/0.465/0.850
2026-07-29 02:33:42,564 INFO Epoch 72 | Batch 50/1186 | Loss 2.46926 (Pin 0.93174 [q90 0.46101, q10 0.47073], MS 1.53752, Freq 0.00000, L1 2.02538, Spectral 0.37646, Gradient 0.65393) | LR 5.00e-06
2026-07-29 02:34:04,319 INFO Epoch 72 | Batch 100/1186 | Loss 2.40289 (Pin 0.88784 [q90 0.43342, q10 0.45442], MS 1.51506, Freq 0.00000, L1 1.95022, Spectral 0.36965, Gradient 0.63938) | LR 5.00e-06
2026-07-29 02:34:26,084 INFO Epoch 72 | Batch 150/1186 | Loss 2.46719 (Pin 0.90331 [q90 0.44310, q10 0.46021], MS 1.56388, Freq 0.00000, L1 1.98066, Spectral 0.37756, Gradient 0.64418) | LR 5.00e-06
2026-07-29 02:34:47,843 INFO Epoch 72 | Batch 200/1186 | Loss 2.36976 (Pin 0.89295 [q90 0.43324, q10 0.45971], MS 1.47681, Freq 0.00000, L1 1.95740, Spectral 0.36556, Gradient 0.63659) | LR 5.00e-06
2026-07-29 02:35:09,606 INFO Epoch 72 | Batch 250/1186 | Loss 2.34863 (Pin 0.90123 [q90 0.43636, q10 0.46487], MS 1.44741, Freq 0.00000, L1 1.96889, Spectral 0.39303, Gradient 0.66636) | LR 5.00e-06
2026-07-29 02:35:31,372 INFO Epoch 72 | Batch 300/1186 | Loss 2.40146 (Pin 0.90989 [q90 0.43998, q10 0.46991], MS 1.49157, Freq 0.00000, L1 1.97533, Spectral 0.35943, Gradient 0.62283) | LR 5.00e-06
2026-07-29 02:35:53,141 INFO Epoch 72 | Batch 350/1186 | Loss 2.39571 (Pin 0.88892 [q90 0.43372, q10 0.45520], MS 1.50679, Freq 0.00000, L1 1.95316, Spectral 0.37093, Gradient 0.63940) | LR 5.00e-06
2026-07-29 02:36:14,897 INFO Epoch 72 | Batch 400/1186 | Loss 2.41017 (Pin 0.92932 [q90 0.45204, q10 0.47728], MS 1.48086, Freq 0.00000, L1 2.00282, Spectral 0.36850, Gradient 0.63791) | LR 5.00e-06
2026-07-29 02:36:36,655 INFO Epoch 72 | Batch 450/1186 | Loss 2.40779 (Pin 0.90736 [q90 0.44240, q10 0.46496], MS 1.50043, Freq 0.00000, L1 1.99478, Spectral 0.37795, Gradient 0.64921) | LR 5.00e-06
2026-07-29 02:36:58,412 INFO Epoch 72 | Batch 500/1186 | Loss 2.27002 (Pin 0.85977 [q90 0.42173, q10 0.43804], MS 1.41025, Freq 0.00000, L1 1.90003, Spectral 0.38119, Gradient 0.64456) | LR 5.00e-06
2026-07-29 02:37:20,166 INFO Epoch 72 | Batch 550/1186 | Loss 2.44812 (Pin 0.94066 [q90 0.45418, q10 0.48648], MS 1.50745, Freq 0.00000, L1 2.03623, Spectral 0.39408, Gradient 0.67472) | LR 5.00e-06
2026-07-29 02:37:41,935 INFO Epoch 72 | Batch 600/1186 | Loss 2.42982 (Pin 0.89319 [q90 0.43112, q10 0.46207], MS 1.53663, Freq 0.00000, L1 1.96323, Spectral 0.38474, Gradient 0.66095) | LR 5.00e-06
2026-07-29 02:38:03,691 INFO Epoch 72 | Batch 650/1186 | Loss 2.32174 (Pin 0.86502 [q90 0.42796, q10 0.43705], MS 1.45672, Freq 0.00000, L1 1.90184, Spectral 0.37579, Gradient 0.64515) | LR 5.00e-06
2026-07-29 02:38:25,449 INFO Epoch 72 | Batch 700/1186 | Loss 2.38186 (Pin 0.89695 [q90 0.43944, q10 0.45752], MS 1.48490, Freq 0.00000, L1 1.94839, Spectral 0.36552, Gradient 0.63156) | LR 5.00e-06
2026-07-29 02:38:47,198 INFO Epoch 72 | Batch 750/1186 | Loss 2.37500 (Pin 0.89657 [q90 0.43892, q10 0.45765], MS 1.47843, Freq 0.00000, L1 1.96893, Spectral 0.37131, Gradient 0.63589) | LR 5.00e-06
2026-07-29 02:39:08,954 INFO Epoch 72 | Batch 800/1186 | Loss 2.32660 (Pin 0.87885 [q90 0.43987, q10 0.43898], MS 1.44775, Freq 0.00000, L1 1.93526, Spectral 0.37235, Gradient 0.63961) | LR 5.00e-06
2026-07-29 02:39:30,722 INFO Epoch 72 | Batch 850/1186 | Loss 2.35674 (Pin 0.86829 [q90 0.42123, q10 0.44706], MS 1.48845, Freq 0.00000, L1 1.90107, Spectral 0.36810, Gradient 0.62819) | LR 5.00e-06
2026-07-29 02:39:52,478 INFO Epoch 72 | Batch 900/1186 | Loss 2.48091 (Pin 0.92689 [q90 0.45413, q10 0.47276], MS 1.55402, Freq 0.00000, L1 2.00040, Spectral 0.36474, Gradient 0.62896) | LR 5.00e-06
2026-07-29 02:40:14,229 INFO Epoch 72 | Batch 950/1186 | Loss 2.39042 (Pin 0.89264 [q90 0.42860, q10 0.46405], MS 1.49778, Freq 0.00000, L1 1.95662, Spectral 0.36655, Gradient 0.63596) | LR 5.00e-06
2026-07-29 02:40:35,984 INFO Epoch 72 | Batch 1000/1186 | Loss 2.45427 (Pin 0.90805 [q90 0.44618, q10 0.46187], MS 1.54622, Freq 0.00000, L1 1.97945, Spectral 0.38705, Gradient 0.66371) | LR 5.00e-06
2026-07-29 02:40:57,742 INFO Epoch 72 | Batch 1050/1186 | Loss 2.39035 (Pin 0.88790 [q90 0.43594, q10 0.45195], MS 1.50245, Freq 0.00000, L1 1.96746, Spectral 0.37972, Gradient 0.64694) | LR 5.00e-06
2026-07-29 02:41:19,502 INFO Epoch 72 | Batch 1100/1186 | Loss 2.40264 (Pin 0.88010 [q90 0.43633, q10 0.44377], MS 1.52254, Freq 0.00000, L1 1.94789, Spectral 0.37814, Gradient 0.64173) | LR 5.00e-06
2026-07-29 02:41:41,395 INFO Epoch 72 | Batch 1150/1186 | Loss 2.36277 (Pin 0.89168 [q90 0.43748, q10 0.45420], MS 1.47109, Freq 0.00000, L1 1.94290, Spectral 0.35856, Gradient 0.62312) | LR 5.00e-06
2026-07-29 02:42:33,091 INFO Epoch 72 | Val Loss 3.02983 (Pin 0.85765 [q90 0.42166, q10 0.43599], MS 2.17218, Freq 0.00000, L1 1.91122, Spectral 0.35131, Gradient 0.60967)
2026-07-29 02:42:33,091 INFO Epoch 72 | Coverage q10/q50/q90 = 0.085/0.488/0.899 (nominal .10/.50/.90) | extreme tail = 0.122/0.473/0.851
2026-07-29 02:42:55,118 INFO Epoch 73 | Batch 50/1186 | Loss 2.43646 (Pin 0.88353 [q90 0.43429, q10 0.44925], MS 1.55293, Freq 0.00000, L1 1.93982, Spectral 0.37762, Gradient 0.65129) | LR 5.00e-06
2026-07-29 02:43:16,864 INFO Epoch 73 | Batch 100/1186 | Loss 2.29839 (Pin 0.87405 [q90 0.43033, q10 0.44371], MS 1.42434, Freq 0.00000, L1 1.92122, Spectral 0.37936, Gradient 0.64731) | LR 5.00e-06
2026-07-29 02:43:38,605 INFO Epoch 73 | Batch 150/1186 | Loss 2.32557 (Pin 0.89199 [q90 0.43231, q10 0.45968], MS 1.43358, Freq 0.00000, L1 1.94650, Spectral 0.36539, Gradient 0.63195) | LR 5.00e-06
2026-07-29 02:44:00,345 INFO Epoch 73 | Batch 200/1186 | Loss 2.45465 (Pin 0.92349 [q90 0.44881, q10 0.47468], MS 1.53115, Freq 0.00000, L1 2.00454, Spectral 0.38187, Gradient 0.65363) | LR 5.00e-06
2026-07-29 02:44:22,064 INFO Epoch 73 | Batch 250/1186 | Loss 2.53225 (Pin 0.94427 [q90 0.46023, q10 0.48404], MS 1.58798, Freq 0.00000, L1 2.04800, Spectral 0.38235, Gradient 0.65677) | LR 5.00e-06
2026-07-29 02:44:43,797 INFO Epoch 73 | Batch 300/1186 | Loss 2.42311 (Pin 0.91472 [q90 0.44138, q10 0.47334], MS 1.50839, Freq 0.00000, L1 2.00270, Spectral 0.38026, Gradient 0.65456) | LR 5.00e-06
2026-07-29 02:45:05,532 INFO Epoch 73 | Batch 350/1186 | Loss 2.34794 (Pin 0.89878 [q90 0.44195, q10 0.45683], MS 1.44916, Freq 0.00000, L1 1.96636, Spectral 0.35758, Gradient 0.62340) | LR 5.00e-06
2026-07-29 02:45:27,258 INFO Epoch 73 | Batch 400/1186 | Loss 2.46080 (Pin 0.93249 [q90 0.45212, q10 0.48037], MS 1.52831, Freq 0.00000, L1 2.04128, Spectral 0.37598, Gradient 0.64898) | LR 5.00e-06
2026-07-29 02:45:48,985 INFO Epoch 73 | Batch 450/1186 | Loss 2.39567 (Pin 0.90457 [q90 0.44604, q10 0.45853], MS 1.49110, Freq 0.00000, L1 1.97550, Spectral 0.37721, Gradient 0.65144) | LR 5.00e-06
2026-07-29 02:46:10,713 INFO Epoch 73 | Batch 500/1186 | Loss 2.45079 (Pin 0.90230 [q90 0.44028, q10 0.46203], MS 1.54849, Freq 0.00000, L1 1.96271, Spectral 0.37973, Gradient 0.64454) | LR 5.00e-06
2026-07-29 02:46:32,435 INFO Epoch 73 | Batch 550/1186 | Loss 2.38163 (Pin 0.87569 [q90 0.43236, q10 0.44332], MS 1.50594, Freq 0.00000, L1 1.93584, Spectral 0.37649, Gradient 0.64349) | LR 5.00e-06
2026-07-29 02:46:54,167 INFO Epoch 73 | Batch 600/1186 | Loss 2.45639 (Pin 0.90143 [q90 0.44479, q10 0.45664], MS 1.55497, Freq 0.00000, L1 1.98503, Spectral 0.37604, Gradient 0.65559) | LR 5.00e-06
2026-07-29 02:47:15,905 INFO Epoch 73 | Batch 650/1186 | Loss 2.40178 (Pin 0.89677 [q90 0.43548, q10 0.46129], MS 1.50501, Freq 0.00000, L1 1.95184, Spectral 0.37094, Gradient 0.63926) | LR 5.00e-06
2026-07-29 02:47:37,632 INFO Epoch 73 | Batch 700/1186 | Loss 2.31629 (Pin 0.86543 [q90 0.42692, q10 0.43851], MS 1.45086, Freq 0.00000, L1 1.90482, Spectral 0.37140, Gradient 0.63752) | LR 5.00e-06
2026-07-29 02:47:59,364 INFO Epoch 73 | Batch 750/1186 | Loss 2.51060 (Pin 0.88558 [q90 0.43724, q10 0.44834], MS 1.62502, Freq 0.00000, L1 1.96226, Spectral 0.39694, Gradient 0.67071) | LR 5.00e-06
2026-07-29 02:48:21,094 INFO Epoch 73 | Batch 800/1186 | Loss 2.39019 (Pin 0.89523 [q90 0.43545, q10 0.45978], MS 1.49496, Freq 0.00000, L1 1.97564, Spectral 0.38654, Gradient 0.65963) | LR 5.00e-06
2026-07-29 02:48:42,825 INFO Epoch 73 | Batch 850/1186 | Loss 2.36339 (Pin 0.91333 [q90 0.44772, q10 0.46561], MS 1.45006, Freq 0.00000, L1 1.97623, Spectral 0.36264, Gradient 0.62970) | LR 5.00e-06
2026-07-29 02:49:04,565 INFO Epoch 73 | Batch 900/1186 | Loss 2.43927 (Pin 0.90842 [q90 0.44784, q10 0.46058], MS 1.53086, Freq 0.00000, L1 1.99697, Spectral 0.37351, Gradient 0.64923) | LR 5.00e-06
2026-07-29 02:49:26,292 INFO Epoch 73 | Batch 950/1186 | Loss 2.46470 (Pin 0.92837 [q90 0.44623, q10 0.48213], MS 1.53633, Freq 0.00000, L1 2.01495, Spectral 0.37658, Gradient 0.65227) | LR 5.00e-06
2026-07-29 02:49:48,017 INFO Epoch 73 | Batch 1000/1186 | Loss 2.36393 (Pin 0.87360 [q90 0.42664, q10 0.44696], MS 1.49033, Freq 0.00000, L1 1.90198, Spectral 0.37093, Gradient 0.63194) | LR 5.00e-06
2026-07-29 02:50:09,752 INFO Epoch 73 | Batch 1050/1186 | Loss 2.35205 (Pin 0.89937 [q90 0.44461, q10 0.45476], MS 1.45269, Freq 0.00000, L1 1.92985, Spectral 0.36522, Gradient 0.62262) | LR 5.00e-06
2026-07-29 02:50:31,485 INFO Epoch 73 | Batch 1100/1186 | Loss 2.38729 (Pin 0.88345 [q90 0.43154, q10 0.45191], MS 1.50383, Freq 0.00000, L1 1.93544, Spectral 0.36112, Gradient 0.62954) | LR 5.00e-06
2026-07-29 02:50:53,205 INFO Epoch 73 | Batch 1150/1186 | Loss 2.37635 (Pin 0.87382 [q90 0.42622, q10 0.44760], MS 1.50253, Freq 0.00000, L1 1.93683, Spectral 0.38591, Gradient 0.66820) | LR 5.00e-06
2026-07-29 02:51:44,845 INFO Epoch 73 | Val Loss 3.02834 (Pin 0.85345 [q90 0.42028, q10 0.43317], MS 2.17489, Freq 0.00000, L1 1.91477, Spectral 0.35366, Gradient 0.61405)
2026-07-29 02:51:44,845 INFO Epoch 73 | Coverage q10/q50/q90 = 0.090/0.504/0.900 (nominal .10/.50/.90) | extreme tail = 0.124/0.473/0.853
2026-07-29 02:52:06,914 INFO Epoch 74 | Batch 50/1186 | Loss 2.38202 (Pin 0.92817 [q90 0.45341, q10 0.47475], MS 1.45385, Freq 0.00000, L1 2.01335, Spectral 0.37875, Gradient 0.65555) | LR 5.00e-06
2026-07-29 02:52:28,667 INFO Epoch 74 | Batch 100/1186 | Loss 2.35354 (Pin 0.87815 [q90 0.42532, q10 0.45282], MS 1.47539, Freq 0.00000, L1 1.94223, Spectral 0.36438, Gradient 0.64080) | LR 5.00e-06
2026-07-29 02:52:50,414 INFO Epoch 74 | Batch 150/1186 | Loss 2.36134 (Pin 0.90317 [q90 0.44495, q10 0.45822], MS 1.45817, Freq 0.00000, L1 1.95988, Spectral 0.38529, Gradient 0.65332) | LR 5.00e-06
2026-07-29 02:53:12,167 INFO Epoch 74 | Batch 200/1186 | Loss 2.44505 (Pin 0.91303 [q90 0.44103, q10 0.47199], MS 1.53202, Freq 0.00000, L1 1.98723, Spectral 0.36790, Gradient 0.63068) | LR 5.00e-06
2026-07-29 02:53:33,915 INFO Epoch 74 | Batch 250/1186 | Loss 2.29610 (Pin 0.86760 [q90 0.42905, q10 0.43855], MS 1.42850, Freq 0.00000, L1 1.90841, Spectral 0.37040, Gradient 0.63121) | LR 5.00e-06
2026-07-29 02:53:55,666 INFO Epoch 74 | Batch 300/1186 | Loss 2.30772 (Pin 0.88565 [q90 0.43330, q10 0.45234], MS 1.42207, Freq 0.00000, L1 1.93462, Spectral 0.35568, Gradient 0.62092) | LR 5.00e-06
2026-07-29 02:54:17,418 INFO Epoch 74 | Batch 350/1186 | Loss 2.41103 (Pin 0.89901 [q90 0.43888, q10 0.46013], MS 1.51202, Freq 0.00000, L1 1.97095, Spectral 0.38457, Gradient 0.65738) | LR 5.00e-06
2026-07-29 02:54:39,172 INFO Epoch 74 | Batch 400/1186 | Loss 2.42107 (Pin 0.90683 [q90 0.43981, q10 0.46702], MS 1.51424, Freq 0.00000, L1 1.98843, Spectral 0.37855, Gradient 0.65230) | LR 5.00e-06
2026-07-29 02:55:00,940 INFO Epoch 74 | Batch 450/1186 | Loss 2.43279 (Pin 0.88368 [q90 0.42726, q10 0.45642], MS 1.54911, Freq 0.00000, L1 1.95892, Spectral 0.38038, Gradient 0.65176) | LR 5.00e-06
2026-07-29 02:55:22,691 INFO Epoch 74 | Batch 500/1186 | Loss 2.37115 (Pin 0.90283 [q90 0.44231, q10 0.46051], MS 1.46832, Freq 0.00000, L1 1.96030, Spectral 0.36916, Gradient 0.64063) | LR 5.00e-06
2026-07-29 02:55:44,444 INFO Epoch 74 | Batch 550/1186 | Loss 2.34762 (Pin 0.87320 [q90 0.43042, q10 0.44278], MS 1.47442, Freq 0.00000, L1 1.92778, Spectral 0.37054, Gradient 0.63211) | LR 5.00e-06
2026-07-29 02:56:06,200 INFO Epoch 74 | Batch 600/1186 | Loss 2.33587 (Pin 0.88339 [q90 0.43322, q10 0.45017], MS 1.45248, Freq 0.00000, L1 1.93487, Spectral 0.37992, Gradient 0.64693) | LR 5.00e-06
2026-07-29 02:56:27,959 INFO Epoch 74 | Batch 650/1186 | Loss 2.47384 (Pin 0.91004 [q90 0.44104, q10 0.46900], MS 1.56380, Freq 0.00000, L1 1.98094, Spectral 0.38107, Gradient 0.64530) | LR 5.00e-06
2026-07-29 02:56:49,712 INFO Epoch 74 | Batch 700/1186 | Loss 2.40485 (Pin 0.92353 [q90 0.45202, q10 0.47151], MS 1.48132, Freq 0.00000, L1 2.00710, Spectral 0.36410, Gradient 0.62946) | LR 5.00e-06
2026-07-29 02:57:11,466 INFO Epoch 74 | Batch 750/1186 | Loss 2.49634 (Pin 0.94501 [q90 0.46453, q10 0.48048], MS 1.55133, Freq 0.00000, L1 2.02412, Spectral 0.38798, Gradient 0.66375) | LR 5.00e-06
2026-07-29 02:57:33,229 INFO Epoch 74 | Batch 800/1186 | Loss 2.40336 (Pin 0.90440 [q90 0.43791, q10 0.46649], MS 1.49897, Freq 0.00000, L1 1.97630, Spectral 0.38438, Gradient 0.66317) | LR 5.00e-06
2026-07-29 02:57:54,984 INFO Epoch 74 | Batch 850/1186 | Loss 2.47155 (Pin 0.91345 [q90 0.44793, q10 0.46552], MS 1.55811, Freq 0.00000, L1 1.98895, Spectral 0.38067, Gradient 0.65078) | LR 5.00e-06
2026-07-29 02:58:16,743 INFO Epoch 74 | Batch 900/1186 | Loss 2.32559 (Pin 0.87345 [q90 0.42353, q10 0.44992], MS 1.45214, Freq 0.00000, L1 1.92724, Spectral 0.37048, Gradient 0.63651) | LR 5.00e-06
2026-07-29 02:58:38,505 INFO Epoch 74 | Batch 950/1186 | Loss 2.44709 (Pin 0.90673 [q90 0.44431, q10 0.46242], MS 1.54036, Freq 0.00000, L1 1.97617, Spectral 0.37183, Gradient 0.63764) | LR 5.00e-06
2026-07-29 02:59:00,264 INFO Epoch 74 | Batch 1000/1186 | Loss 2.34493 (Pin 0.87657 [q90 0.43560, q10 0.44097], MS 1.46836, Freq 0.00000, L1 1.90735, Spectral 0.36417, Gradient 0.62124) | LR 5.00e-06
2026-07-29 02:59:22,026 INFO Epoch 74 | Batch 1050/1186 | Loss 2.35242 (Pin 0.86389 [q90 0.42806, q10 0.43583], MS 1.48853, Freq 0.00000, L1 1.88919, Spectral 0.36172, Gradient 0.62637) | LR 5.00e-06
2026-07-29 02:59:43,785 INFO Epoch 74 | Batch 1100/1186 | Loss 2.36557 (Pin 0.88973 [q90 0.43122, q10 0.45851], MS 1.47584, Freq 0.00000, L1 1.93298, Spectral 0.36299, Gradient 0.62911) | LR 5.00e-06
2026-07-29 03:00:05,547 INFO Epoch 74 | Batch 1150/1186 | Loss 2.33210 (Pin 0.90206 [q90 0.44080, q10 0.46125], MS 1.43004, Freq 0.00000, L1 1.95866, Spectral 0.36729, Gradient 0.63309) | LR 5.00e-06
2026-07-29 03:00:57,193 INFO Epoch 74 | Val Loss 2.98915 (Pin 0.85467 [q90 0.42107, q10 0.43360], MS 2.13448, Freq 0.00000, L1 1.90318, Spectral 0.35213, Gradient 0.60976)
2026-07-29 03:00:57,193 INFO Epoch 74 | Coverage q10/q50/q90 = 0.085/0.492/0.899 (nominal .10/.50/.90) | extreme tail = 0.126/0.468/0.856
2026-07-29 03:00:57,652 INFO New best val loss: 2.98915 (saved checkpoints/best.pth)
2026-07-29 03:01:19,459 INFO Epoch 75 | Batch 50/1186 | Loss 2.27534 (Pin 0.89495 [q90 0.43608, q10 0.45887], MS 1.38039, Freq 0.00000, L1 1.95768, Spectral 0.35428, Gradient 0.62189) | LR 2.50e-06
2026-07-29 03:01:41,210 INFO Epoch 75 | Batch 100/1186 | Loss 2.35852 (Pin 0.90098 [q90 0.44196, q10 0.45903], MS 1.45754, Freq 0.00000, L1 1.98237, Spectral 0.37537, Gradient 0.64398) | LR 2.50e-06
2026-07-29 03:02:02,973 INFO Epoch 75 | Batch 150/1186 | Loss 2.33175 (Pin 0.86584 [q90 0.42446, q10 0.44138], MS 1.46591, Freq 0.00000, L1 1.91730, Spectral 0.38493, Gradient 0.65946) | LR 2.50e-06
2026-07-29 03:02:24,731 INFO Epoch 75 | Batch 200/1186 | Loss 2.29673 (Pin 0.87970 [q90 0.42479, q10 0.45491], MS 1.41704, Freq 0.00000, L1 1.93730, Spectral 0.37131, Gradient 0.63670) | LR 2.50e-06
2026-07-29 03:02:46,484 INFO Epoch 75 | Batch 250/1186 | Loss 2.41923 (Pin 0.89674 [q90 0.43740, q10 0.45934], MS 1.52249, Freq 0.00000, L1 1.95740, Spectral 0.37892, Gradient 0.64591) | LR 2.50e-06
2026-07-29 03:03:08,242 INFO Epoch 75 | Batch 300/1186 | Loss 2.36267 (Pin 0.88880 [q90 0.43368, q10 0.45512], MS 1.47387, Freq 0.00000, L1 1.93506, Spectral 0.35968, Gradient 0.61822) | LR 2.50e-06
2026-07-29 03:03:30,003 INFO Epoch 75 | Batch 350/1186 | Loss 2.43699 (Pin 0.91124 [q90 0.45339, q10 0.45785], MS 1.52575, Freq 0.00000, L1 1.98332, Spectral 0.37496, Gradient 0.64695) | LR 2.50e-06
2026-07-29 03:03:51,772 INFO Epoch 75 | Batch 400/1186 | Loss 2.30866 (Pin 0.86208 [q90 0.41988, q10 0.44220], MS 1.44658, Freq 0.00000, L1 1.90781, Spectral 0.37769, Gradient 0.64840) | LR 2.50e-06
2026-07-29 03:04:13,523 INFO Epoch 75 | Batch 450/1186 | Loss 2.40191 (Pin 0.90982 [q90 0.45277, q10 0.45705], MS 1.49209, Freq 0.00000, L1 1.99961, Spectral 0.39365, Gradient 0.67450) | LR 2.50e-06
2026-07-29 03:04:35,289 INFO Epoch 75 | Batch 500/1186 | Loss 2.40403 (Pin 0.91643 [q90 0.44627, q10 0.47016], MS 1.48761, Freq 0.00000, L1 1.97949, Spectral 0.38008, Gradient 0.64415) | LR 2.50e-06
2026-07-29 03:04:57,046 INFO Epoch 75 | Batch 550/1186 | Loss 2.24816 (Pin 0.84663 [q90 0.41688, q10 0.42975], MS 1.40153, Freq 0.00000, L1 1.86977, Spectral 0.37099, Gradient 0.63838) | LR 2.50e-06
2026-07-29 03:05:18,817 INFO Epoch 75 | Batch 600/1186 | Loss 2.22640 (Pin 0.86183 [q90 0.42040, q10 0.44143], MS 1.36457, Freq 0.00000, L1 1.89379, Spectral 0.37116, Gradient 0.63605) | LR 2.50e-06
2026-07-29 03:05:40,583 INFO Epoch 75 | Batch 650/1186 | Loss 2.36256 (Pin 0.90107 [q90 0.43853, q10 0.46254], MS 1.46149, Freq 0.00000, L1 1.98071, Spectral 0.36761, Gradient 0.63797) | LR 2.50e-06
2026-07-29 03:06:02,340 INFO Epoch 75 | Batch 700/1186 | Loss 2.50113 (Pin 0.92138 [q90 0.44957, q10 0.47181], MS 1.57975, Freq 0.00000, L1 1.99465, Spectral 0.38071, Gradient 0.65117) | LR 2.50e-06
2026-07-29 03:06:24,091 INFO Epoch 75 | Batch 750/1186 | Loss 2.41097 (Pin 0.88098 [q90 0.43281, q10 0.44817], MS 1.52999, Freq 0.00000, L1 1.91957, Spectral 0.36406, Gradient 0.62835) | LR 2.50e-06
2026-07-29 03:06:45,854 INFO Epoch 75 | Batch 800/1186 | Loss 2.45898 (Pin 0.94928 [q90 0.46487, q10 0.48442], MS 1.50970, Freq 0.00000, L1 2.04105, Spectral 0.36493, Gradient 0.63177) | LR 2.50e-06
2026-07-29 03:07:07,613 INFO Epoch 75 | Batch 850/1186 | Loss 2.31722 (Pin 0.89088 [q90 0.43202, q10 0.45886], MS 1.42634, Freq 0.00000, L1 1.95375, Spectral 0.37750, Gradient 0.64954) | LR 2.50e-06
2026-07-29 03:07:29,355 INFO Epoch 75 | Batch 900/1186 | Loss 2.45941 (Pin 0.93666 [q90 0.45169, q10 0.48497], MS 1.52275, Freq 0.00000, L1 2.02252, Spectral 0.38050, Gradient 0.65125) | LR 2.50e-06
2026-07-29 03:07:51,112 INFO Epoch 75 | Batch 950/1186 | Loss 2.41950 (Pin 0.90018 [q90 0.44513, q10 0.45505], MS 1.51932, Freq 0.00000, L1 1.95237, Spectral 0.36159, Gradient 0.63376) | LR 2.50e-06
2026-07-29 03:08:12,869 INFO Epoch 75 | Batch 1000/1186 | Loss 2.38297 (Pin 0.91513 [q90 0.44411, q10 0.47102], MS 1.46784, Freq 0.00000, L1 1.97928, Spectral 0.37853, Gradient 0.65122) | LR 2.50e-06
2026-07-29 03:08:34,624 INFO Epoch 75 | Batch 1050/1186 | Loss 2.36722 (Pin 0.90831 [q90 0.44356, q10 0.46475], MS 1.45891, Freq 0.00000, L1 1.97892, Spectral 0.37566, Gradient 0.64556) | LR 2.50e-06
2026-07-29 03:08:56,378 INFO Epoch 75 | Batch 1100/1186 | Loss 2.42557 (Pin 0.90024 [q90 0.44627, q10 0.45397], MS 1.52533, Freq 0.00000, L1 1.95708, Spectral 0.36886, Gradient 0.63024) | LR 2.50e-06
2026-07-29 03:09:18,142 INFO Epoch 75 | Batch 1150/1186 | Loss 2.32532 (Pin 0.88039 [q90 0.42869, q10 0.45171], MS 1.44492, Freq 0.00000, L1 1.92514, Spectral 0.37485, Gradient 0.64043) | LR 2.50e-06
2026-07-29 03:10:09,892 INFO Epoch 75 | Val Loss 3.00203 (Pin 0.85394 [q90 0.42049, q10 0.43344], MS 2.14809, Freq 0.00000, L1 1.88927, Spectral 0.34993, Gradient 0.60107)
2026-07-29 03:10:09,893 INFO Epoch 75 | Coverage q10/q50/q90 = 0.088/0.494/0.897 (nominal .10/.50/.90) | extreme tail = 0.123/0.476/0.848
2026-07-29 03:10:31,961 INFO Epoch 76 | Batch 50/1186 | Loss 2.35898 (Pin 0.89664 [q90 0.43020, q10 0.46644], MS 1.46234, Freq 0.00000, L1 1.95095, Spectral 0.37713, Gradient 0.64492) | LR 2.50e-06
2026-07-29 03:10:53,721 INFO Epoch 76 | Batch 100/1186 | Loss 2.39146 (Pin 0.88230 [q90 0.43569, q10 0.44661], MS 1.50916, Freq 0.00000, L1 1.94918, Spectral 0.37606, Gradient 0.64276) | LR 2.50e-06
2026-07-29 03:11:15,471 INFO Epoch 76 | Batch 150/1186 | Loss 2.37977 (Pin 0.89374 [q90 0.43494, q10 0.45880], MS 1.48603, Freq 0.00000, L1 1.96805, Spectral 0.37521, Gradient 0.64741) | LR 2.50e-06
2026-07-29 03:11:37,247 INFO Epoch 76 | Batch 200/1186 | Loss 2.25367 (Pin 0.88254 [q90 0.42885, q10 0.45369], MS 1.37113, Freq 0.00000, L1 1.90612, Spectral 0.36144, Gradient 0.61895) | LR 2.50e-06
2026-07-29 03:11:59,007 INFO Epoch 76 | Batch 250/1186 | Loss 2.42405 (Pin 0.92625 [q90 0.45510, q10 0.47114], MS 1.49780, Freq 0.00000, L1 2.00888, Spectral 0.37140, Gradient 0.64147) | LR 2.50e-06
2026-07-29 03:12:20,768 INFO Epoch 76 | Batch 300/1186 | Loss 2.40952 (Pin 0.92292 [q90 0.44715, q10 0.47577], MS 1.48659, Freq 0.00000, L1 1.99376, Spectral 0.37653, Gradient 0.64584) | LR 2.50e-06
2026-07-29 03:12:42,522 INFO Epoch 76 | Batch 350/1186 | Loss 2.41517 (Pin 0.89811 [q90 0.44497, q10 0.45314], MS 1.51706, Freq 0.00000, L1 1.97165, Spectral 0.37593, Gradient 0.64537) | LR 2.50e-06
2026-07-29 03:13:04,278 INFO Epoch 76 | Batch 400/1186 | Loss 2.32231 (Pin 0.88626 [q90 0.43166, q10 0.45460], MS 1.43604, Freq 0.00000, L1 1.93571, Spectral 0.37845, Gradient 0.64268) | LR 2.50e-06
2026-07-29 03:13:26,045 INFO Epoch 76 | Batch 450/1186 | Loss 2.36826 (Pin 0.87726 [q90 0.42861, q10 0.44865], MS 1.49100, Freq 0.00000, L1 1.92003, Spectral 0.36327, Gradient 0.62679) | LR 2.50e-06
2026-07-29 03:13:47,810 INFO Epoch 76 | Batch 500/1186 | Loss 2.43249 (Pin 0.92663 [q90 0.45220, q10 0.47443], MS 1.50587, Freq 0.00000, L1 2.02686, Spectral 0.37720, Gradient 0.64908) | LR 2.50e-06
2026-07-29 03:14:09,575 INFO Epoch 76 | Batch 550/1186 | Loss 2.35007 (Pin 0.90912 [q90 0.44127, q10 0.46785], MS 1.44095, Freq 0.00000, L1 1.96391, Spectral 0.37389, Gradient 0.64101) | LR 2.50e-06
2026-07-29 03:14:31,332 INFO Epoch 76 | Batch 600/1186 | Loss 2.24127 (Pin 0.84039 [q90 0.41749, q10 0.42290], MS 1.40088, Freq 0.00000, L1 1.86459, Spectral 0.36431, Gradient 0.62397) | LR 2.50e-06
2026-07-29 03:14:53,096 INFO Epoch 76 | Batch 650/1186 | Loss 2.38259 (Pin 0.91884 [q90 0.44776, q10 0.47108], MS 1.46375, Freq 0.00000, L1 1.99715, Spectral 0.38386, Gradient 0.65523) | LR 2.50e-06
2026-07-29 03:15:14,850 INFO Epoch 76 | Batch 700/1186 | Loss 2.34142 (Pin 0.89671 [q90 0.44029, q10 0.45642], MS 1.44471, Freq 0.00000, L1 1.96209, Spectral 0.38589, Gradient 0.65875) | LR 2.50e-06
2026-07-29 03:15:36,590 INFO Epoch 76 | Batch 750/1186 | Loss 2.31784 (Pin 0.88948 [q90 0.43045, q10 0.45903], MS 1.42836, Freq 0.00000, L1 1.96486, Spectral 0.37029, Gradient 0.63764) | LR 2.50e-06
2026-07-29 03:15:58,349 INFO Epoch 76 | Batch 800/1186 | Loss 2.34657 (Pin 0.88532 [q90 0.43545, q10 0.44987], MS 1.46125, Freq 0.00000, L1 1.90891, Spectral 0.36314, Gradient 0.62419) | LR 2.50e-06
2026-07-29 03:16:20,122 INFO Epoch 76 | Batch 850/1186 | Loss 2.31962 (Pin 0.87487 [q90 0.43253, q10 0.44234], MS 1.44476, Freq 0.00000, L1 1.93680, Spectral 0.36967, Gradient 0.64333) | LR 2.50e-06
2026-07-29 03:16:41,876 INFO Epoch 76 | Batch 900/1186 | Loss 2.26891 (Pin 0.86125 [q90 0.42166, q10 0.43959], MS 1.40766, Freq 0.00000, L1 1.90117, Spectral 0.37064, Gradient 0.64034) | LR 2.50e-06
2026-07-29 03:17:03,645 INFO Epoch 76 | Batch 950/1186 | Loss 2.36395 (Pin 0.94414 [q90 0.47080, q10 0.47334], MS 1.41981, Freq 0.00000, L1 2.03542, Spectral 0.37225, Gradient 0.64478) | LR 2.50e-06
2026-07-29 03:17:25,404 INFO Epoch 76 | Batch 1000/1186 | Loss 2.34160 (Pin 0.89213 [q90 0.43023, q10 0.46190], MS 1.44946, Freq 0.00000, L1 1.93782, Spectral 0.36460, Gradient 0.63645) | LR 2.50e-06
2026-07-29 03:17:47,170 INFO Epoch 76 | Batch 1050/1186 | Loss 2.45674 (Pin 0.91507 [q90 0.45495, q10 0.46011], MS 1.54168, Freq 0.00000, L1 1.99248, Spectral 0.36824, Gradient 0.63902) | LR 2.50e-06
2026-07-29 03:18:08,933 INFO Epoch 76 | Batch 1100/1186 | Loss 2.35931 (Pin 0.89859 [q90 0.42919, q10 0.46940], MS 1.46073, Freq 0.00000, L1 1.97410, Spectral 0.37613, Gradient 0.64417) | LR 2.50e-06
2026-07-29 03:18:30,678 INFO Epoch 76 | Batch 1150/1186 | Loss 2.36535 (Pin 0.89890 [q90 0.44248, q10 0.45642], MS 1.46645, Freq 0.00000, L1 1.95054, Spectral 0.37247, Gradient 0.63752) | LR 2.50e-06
2026-07-29 03:19:22,372 INFO Epoch 76 | Val Loss 2.99598 (Pin 0.85443 [q90 0.42033, q10 0.43410], MS 2.14155, Freq 0.00000, L1 1.90288, Spectral 0.35353, Gradient 0.61195)
2026-07-29 03:19:22,373 INFO Epoch 76 | Coverage q10/q50/q90 = 0.088/0.487/0.897 (nominal .10/.50/.90) | extreme tail = 0.124/0.467/0.849
2026-07-29 03:19:44,428 INFO Epoch 77 | Batch 50/1186 | Loss 2.38696 (Pin 0.89126 [q90 0.43222, q10 0.45904], MS 1.49570, Freq 0.00000, L1 1.93764, Spectral 0.37350, Gradient 0.64317) | LR 2.50e-06
2026-07-29 03:20:06,182 INFO Epoch 77 | Batch 100/1186 | Loss 2.32289 (Pin 0.88896 [q90 0.43417, q10 0.45478], MS 1.43393, Freq 0.00000, L1 1.94663, Spectral 0.36029, Gradient 0.62801) | LR 2.50e-06
2026-07-29 03:20:27,950 INFO Epoch 77 | Batch 150/1186 | Loss 2.30292 (Pin 0.86359 [q90 0.42003, q10 0.44356], MS 1.43933, Freq 0.00000, L1 1.89864, Spectral 0.35396, Gradient 0.61676) | LR 2.50e-06
2026-07-29 03:20:49,718 INFO Epoch 77 | Batch 200/1186 | Loss 2.33412 (Pin 0.86933 [q90 0.42663, q10 0.44271], MS 1.46479, Freq 0.00000, L1 1.92625, Spectral 0.36960, Gradient 0.64000) | LR 2.50e-06
2026-07-29 03:21:11,481 INFO Epoch 77 | Batch 250/1186 | Loss 2.26829 (Pin 0.86627 [q90 0.42911, q10 0.43716], MS 1.40202, Freq 0.00000, L1 1.93373, Spectral 0.38472, Gradient 0.65075) | LR 2.50e-06
2026-07-29 03:21:33,256 INFO Epoch 77 | Batch 300/1186 | Loss 2.34448 (Pin 0.89494 [q90 0.43954, q10 0.45540], MS 1.44954, Freq 0.00000, L1 1.94343, Spectral 0.37106, Gradient 0.63595) | LR 2.50e-06
2026-07-29 03:21:55,010 INFO Epoch 77 | Batch 350/1186 | Loss 2.31451 (Pin 0.89233 [q90 0.43168, q10 0.46065], MS 1.42218, Freq 0.00000, L1 1.94420, Spectral 0.37397, Gradient 0.64318) | LR 2.50e-06
2026-07-29 03:22:16,760 INFO Epoch 77 | Batch 400/1186 | Loss 2.47155 (Pin 0.90609 [q90 0.45098, q10 0.45511], MS 1.56546, Freq 0.00000, L1 1.96439, Spectral 0.35881, Gradient 0.62260) | LR 2.50e-06
2026-07-29 03:22:38,518 INFO Epoch 77 | Batch 450/1186 | Loss 2.32796 (Pin 0.89636 [q90 0.43918, q10 0.45717], MS 1.43161, Freq 0.00000, L1 1.93740, Spectral 0.37072, Gradient 0.63975) | LR 2.50e-06
2026-07-29 03:23:00,274 INFO Epoch 77 | Batch 500/1186 | Loss 2.33891 (Pin 0.89143 [q90 0.43550, q10 0.45594], MS 1.44747, Freq 0.00000, L1 1.94196, Spectral 0.37547, Gradient 0.63756) | LR 2.50e-06
2026-07-29 03:23:22,039 INFO Epoch 77 | Batch 550/1186 | Loss 2.44985 (Pin 0.90188 [q90 0.44713, q10 0.45475], MS 1.54797, Freq 0.00000, L1 1.97925, Spectral 0.39355, Gradient 0.67419) | LR 2.50e-06
2026-07-29 03:23:43,799 INFO Epoch 77 | Batch 600/1186 | Loss 2.46207 (Pin 0.91939 [q90 0.44401, q10 0.47537], MS 1.54269, Freq 0.00000, L1 2.01579, Spectral 0.38016, Gradient 0.64854) | LR 2.50e-06
2026-07-29 03:24:05,555 INFO Epoch 77 | Batch 650/1186 | Loss 2.38978 (Pin 0.88492 [q90 0.42886, q10 0.45606], MS 1.50486, Freq 0.00000, L1 1.96311, Spectral 0.39025, Gradient 0.66514) | LR 2.50e-06
2026-07-29 03:24:27,310 INFO Epoch 77 | Batch 700/1186 | Loss 2.37043 (Pin 0.87722 [q90 0.43233, q10 0.44489], MS 1.49322, Freq 0.00000, L1 1.94642, Spectral 0.36819, Gradient 0.63176) | LR 2.50e-06
2026-07-29 03:24:49,061 INFO Epoch 77 | Batch 750/1186 | Loss 2.32344 (Pin 0.89953 [q90 0.43514, q10 0.46439], MS 1.42392, Freq 0.00000, L1 1.96300, Spectral 0.36863, Gradient 0.63656) | LR 2.50e-06
2026-07-29 03:25:10,819 INFO Epoch 77 | Batch 800/1186 | Loss 2.37986 (Pin 0.91952 [q90 0.45084, q10 0.46868], MS 1.46033, Freq 0.00000, L1 1.99460, Spectral 0.38257, Gradient 0.65284) | LR 2.50e-06
2026-07-29 03:25:32,578 INFO Epoch 77 | Batch 850/1186 | Loss 2.33709 (Pin 0.89210 [q90 0.43369, q10 0.45840], MS 1.44499, Freq 0.00000, L1 1.93143, Spectral 0.37061, Gradient 0.63678) | LR 2.50e-06
2026-07-29 03:25:54,334 INFO Epoch 77 | Batch 900/1186 | Loss 2.35704 (Pin 0.90674 [q90 0.44174, q10 0.46500], MS 1.45030, Freq 0.00000, L1 1.97885, Spectral 0.36610, Gradient 0.63603) | LR 2.50e-06
2026-07-29 03:26:16,087 INFO Epoch 77 | Batch 950/1186 | Loss 2.32067 (Pin 0.88084 [q90 0.42282, q10 0.45802], MS 1.43983, Freq 0.00000, L1 1.93170, Spectral 0.37573, Gradient 0.63855) | LR 2.50e-06
2026-07-29 03:26:37,850 INFO Epoch 77 | Batch 1000/1186 | Loss 2.41744 (Pin 0.90675 [q90 0.44744, q10 0.45931], MS 1.51069, Freq 0.00000, L1 1.96584, Spectral 0.36840, Gradient 0.63725) | LR 2.50e-06
2026-07-29 03:26:59,613 INFO Epoch 77 | Batch 1050/1186 | Loss 2.34634 (Pin 0.89635 [q90 0.43598, q10 0.46037], MS 1.44999, Freq 0.00000, L1 1.96635, Spectral 0.38229, Gradient 0.65407) | LR 2.50e-06
2026-07-29 03:27:21,381 INFO Epoch 77 | Batch 1100/1186 | Loss 2.38972 (Pin 0.94221 [q90 0.46891, q10 0.47330], MS 1.44751, Freq 0.00000, L1 2.01923, Spectral 0.37092, Gradient 0.64104) | LR 2.50e-06
2026-07-29 03:27:43,148 INFO Epoch 77 | Batch 1150/1186 | Loss 2.35978 (Pin 0.90932 [q90 0.44252, q10 0.46680], MS 1.45046, Freq 0.00000, L1 1.98492, Spectral 0.36810, Gradient 0.63574) | LR 2.50e-06
2026-07-29 03:28:34,886 INFO Epoch 77 | Val Loss 3.00796 (Pin 0.85306 [q90 0.41963, q10 0.43343], MS 2.15490, Freq 0.00000, L1 1.89853, Spectral 0.35368, Gradient 0.60949)
2026-07-29 03:28:34,887 INFO Epoch 77 | Coverage q10/q50/q90 = 0.087/0.491/0.899 (nominal .10/.50/.90) | extreme tail = 0.121/0.465/0.854
2026-07-29 03:28:56,947 INFO Epoch 78 | Batch 50/1186 | Loss 2.34575 (Pin 0.89266 [q90 0.43584, q10 0.45682], MS 1.45309, Freq 0.00000, L1 1.94412, Spectral 0.37046, Gradient 0.63480) | LR 2.50e-06
2026-07-29 03:29:18,711 INFO Epoch 78 | Batch 100/1186 | Loss 2.37980 (Pin 0.90941 [q90 0.44309, q10 0.46632], MS 1.47039, Freq 0.00000, L1 1.98176, Spectral 0.35926, Gradient 0.62551) | LR 2.50e-06
2026-07-29 03:29:40,466 INFO Epoch 78 | Batch 150/1186 | Loss 2.36063 (Pin 0.90996 [q90 0.44082, q10 0.46914], MS 1.45067, Freq 0.00000, L1 1.98323, Spectral 0.37710, Gradient 0.65496) | LR 2.50e-06
2026-07-29 03:30:02,225 INFO Epoch 78 | Batch 200/1186 | Loss 2.50836 (Pin 0.91351 [q90 0.44189, q10 0.47162], MS 1.59486, Freq 0.00000, L1 1.99849, Spectral 0.38642, Gradient 0.66106) | LR 2.50e-06
2026-07-29 03:30:23,982 INFO Epoch 78 | Batch 250/1186 | Loss 2.37526 (Pin 0.91580 [q90 0.43939, q10 0.47641], MS 1.45946, Freq 0.00000, L1 1.98572, Spectral 0.37269, Gradient 0.64344) | LR 2.50e-06
2026-07-29 03:30:45,768 INFO Epoch 78 | Batch 300/1186 | Loss 2.28674 (Pin 0.88856 [q90 0.42430, q10 0.46426], MS 1.39818, Freq 0.00000, L1 1.93282, Spectral 0.36545, Gradient 0.63069) | LR 2.50e-06
2026-07-29 03:31:07,535 INFO Epoch 78 | Batch 350/1186 | Loss 2.31028 (Pin 0.90142 [q90 0.45107, q10 0.45035], MS 1.40886, Freq 0.00000, L1 1.94828, Spectral 0.37261, Gradient 0.64235) | LR 2.50e-06
2026-07-29 03:31:29,303 INFO Epoch 78 | Batch 400/1186 | Loss 2.33678 (Pin 0.90149 [q90 0.44113, q10 0.46036], MS 1.43529, Freq 0.00000, L1 1.97449, Spectral 0.37787, Gradient 0.64832) | LR 2.50e-06
2026-07-29 03:31:51,080 INFO Epoch 78 | Batch 450/1186 | Loss 2.45357 (Pin 0.91776 [q90 0.44895, q10 0.46881], MS 1.53581, Freq 0.00000, L1 2.02715, Spectral 0.38509, Gradient 0.66211) | LR 2.50e-06
2026-07-29 03:32:12,847 INFO Epoch 78 | Batch 500/1186 | Loss 2.33769 (Pin 0.87968 [q90 0.43102, q10 0.44865], MS 1.45802, Freq 0.00000, L1 1.92806, Spectral 0.36906, Gradient 0.62828) | LR 2.50e-06
2026-07-29 03:32:34,615 INFO Epoch 78 | Batch 550/1186 | Loss 2.36222 (Pin 0.87351 [q90 0.43268, q10 0.44083], MS 1.48871, Freq 0.00000, L1 1.92521, Spectral 0.36880, Gradient 0.62826) | LR 2.50e-06
2026-07-29 03:32:56,373 INFO Epoch 78 | Batch 600/1186 | Loss 2.33987 (Pin 0.90945 [q90 0.44375, q10 0.46569], MS 1.43043, Freq 0.00000, L1 1.97710, Spectral 0.38433, Gradient 0.65328) | LR 2.50e-06
2026-07-29 03:33:18,145 INFO Epoch 78 | Batch 650/1186 | Loss 2.33966 (Pin 0.87039 [q90 0.42717, q10 0.44321], MS 1.46928, Freq 0.00000, L1 1.91679, Spectral 0.37100, Gradient 0.63453) | LR 2.50e-06
2026-07-29 03:33:39,899 INFO Epoch 78 | Batch 700/1186 | Loss 2.31006 (Pin 0.88864 [q90 0.43130, q10 0.45734], MS 1.42142, Freq 0.00000, L1 1.93789, Spectral 0.35745, Gradient 0.62037) | LR 2.50e-06
2026-07-29 03:34:01,662 INFO Epoch 78 | Batch 750/1186 | Loss 2.32531 (Pin 0.88107 [q90 0.43718, q10 0.44389], MS 1.44424, Freq 0.00000, L1 1.93264, Spectral 0.37495, Gradient 0.63789) | LR 2.50e-06
2026-07-29 03:34:23,425 INFO Epoch 78 | Batch 800/1186 | Loss 2.35251 (Pin 0.88997 [q90 0.43620, q10 0.45377], MS 1.46254, Freq 0.00000, L1 1.94691, Spectral 0.37245, Gradient 0.63676) | LR 2.50e-06
2026-07-29 03:34:45,173 INFO Epoch 78 | Batch 850/1186 | Loss 2.42576 (Pin 0.91128 [q90 0.43955, q10 0.47174], MS 1.51448, Freq 0.00000, L1 1.97377, Spectral 0.37428, Gradient 0.63850) | LR 2.50e-06
2026-07-29 03:35:06,948 INFO Epoch 78 | Batch 900/1186 | Loss 2.38748 (Pin 0.89185 [q90 0.43547, q10 0.45638], MS 1.49563, Freq 0.00000, L1 1.93664, Spectral 0.37204, Gradient 0.63122) | LR 2.50e-06
2026-07-29 03:35:28,695 INFO Epoch 78 | Batch 950/1186 | Loss 2.38112 (Pin 0.91127 [q90 0.44683, q10 0.46444], MS 1.46984, Freq 0.00000, L1 1.96928, Spectral 0.37503, Gradient 0.64727) | LR 2.50e-06
2026-07-29 03:35:50,452 INFO Epoch 78 | Batch 1000/1186 | Loss 2.33210 (Pin 0.89289 [q90 0.44497, q10 0.44792], MS 1.43921, Freq 0.00000, L1 1.94218, Spectral 0.36146, Gradient 0.62821) | LR 2.50e-06
2026-07-29 03:36:12,208 INFO Epoch 78 | Batch 1050/1186 | Loss 2.32431 (Pin 0.88669 [q90 0.43249, q10 0.45420], MS 1.43762, Freq 0.00000, L1 1.95759, Spectral 0.35962, Gradient 0.62813) | LR 2.50e-06
2026-07-29 03:36:33,974 INFO Epoch 78 | Batch 1100/1186 | Loss 2.35805 (Pin 0.87158 [q90 0.42794, q10 0.44364], MS 1.48647, Freq 0.00000, L1 1.90016, Spectral 0.38133, Gradient 0.64083) | LR 2.50e-06
2026-07-29 03:36:55,727 INFO Epoch 78 | Batch 1150/1186 | Loss 2.34219 (Pin 0.89611 [q90 0.44203, q10 0.45408], MS 1.44608, Freq 0.00000, L1 1.92956, Spectral 0.36949, Gradient 0.62992) | LR 2.50e-06
2026-07-29 03:37:47,372 INFO Epoch 78 | Val Loss 2.99858 (Pin 0.85315 [q90 0.41998, q10 0.43317], MS 2.14544, Freq 0.00000, L1 1.88439, Spectral 0.34878, Gradient 0.59945)
2026-07-29 03:37:47,372 INFO Epoch 78 | Coverage q10/q50/q90 = 0.091/0.499/0.899 (nominal .10/.50/.90) | extreme tail = 0.124/0.472/0.852
2026-07-29 03:38:09,437 INFO Epoch 79 | Batch 50/1186 | Loss 2.33393 (Pin 0.89979 [q90 0.44633, q10 0.45346], MS 1.43414, Freq 0.00000, L1 1.95802, Spectral 0.37202, Gradient 0.64068) | LR 2.50e-06
2026-07-29 03:38:31,196 INFO Epoch 79 | Batch 100/1186 | Loss 2.44642 (Pin 0.90212 [q90 0.44241, q10 0.45971], MS 1.54430, Freq 0.00000, L1 1.96200, Spectral 0.36907, Gradient 0.62908) | LR 2.50e-06
2026-07-29 03:38:52,958 INFO Epoch 79 | Batch 150/1186 | Loss 2.31421 (Pin 0.87379 [q90 0.43047, q10 0.44333], MS 1.44042, Freq 0.00000, L1 1.92376, Spectral 0.38557, Gradient 0.65089) | LR 2.50e-06
2026-07-29 03:39:14,719 INFO Epoch 79 | Batch 200/1186 | Loss 2.43597 (Pin 0.93127 [q90 0.46040, q10 0.47088], MS 1.50470, Freq 0.00000, L1 2.02664, Spectral 0.38529, Gradient 0.66594) | LR 2.50e-06
2026-07-29 03:39:36,477 INFO Epoch 79 | Batch 250/1186 | Loss 2.32843 (Pin 0.88612 [q90 0.43077, q10 0.45535], MS 1.44231, Freq 0.00000, L1 1.94874, Spectral 0.37756, Gradient 0.64338) | LR 2.50e-06
2026-07-29 03:39:58,231 INFO Epoch 79 | Batch 300/1186 | Loss 2.33511 (Pin 0.87585 [q90 0.42984, q10 0.44601], MS 1.45926, Freq 0.00000, L1 1.89785, Spectral 0.37479, Gradient 0.63728) | LR 2.50e-06
2026-07-29 03:40:19,985 INFO Epoch 79 | Batch 350/1186 | Loss 2.39812 (Pin 0.91380 [q90 0.44788, q10 0.46592], MS 1.48432, Freq 0.00000, L1 2.00699, Spectral 0.37571, Gradient 0.64796) | LR 2.50e-06
2026-07-29 03:40:41,755 INFO Epoch 79 | Batch 400/1186 | Loss 2.36369 (Pin 0.88888 [q90 0.44023, q10 0.44865], MS 1.47481, Freq 0.00000, L1 1.95134, Spectral 0.37453, Gradient 0.64730) | LR 2.50e-06
2026-07-29 03:41:03,512 INFO Epoch 79 | Batch 450/1186 | Loss 2.27074 (Pin 0.86798 [q90 0.42756, q10 0.44043], MS 1.40276, Freq 0.00000, L1 1.91815, Spectral 0.37564, Gradient 0.63731) | LR 2.50e-06
2026-07-29 03:41:25,275 INFO Epoch 79 | Batch 500/1186 | Loss 2.41507 (Pin 0.87797 [q90 0.42847, q10 0.44951], MS 1.53710, Freq 0.00000, L1 1.92248, Spectral 0.36853, Gradient 0.62916) | LR 2.50e-06
2026-07-29 03:41:47,031 INFO Epoch 79 | Batch 550/1186 | Loss 2.32733 (Pin 0.89320 [q90 0.43916, q10 0.45403], MS 1.43414, Freq 0.00000, L1 1.93983, Spectral 0.36539, Gradient 0.64070) | LR 2.50e-06
2026-07-29 03:42:08,803 INFO Epoch 79 | Batch 600/1186 | Loss 2.36992 (Pin 0.90936 [q90 0.43510, q10 0.47427], MS 1.46056, Freq 0.00000, L1 1.97570, Spectral 0.37974, Gradient 0.64363) | LR 2.50e-06
2026-07-29 03:42:30,570 INFO Epoch 79 | Batch 650/1186 | Loss 2.44961 (Pin 0.91919 [q90 0.44519, q10 0.47400], MS 1.53042, Freq 0.00000, L1 1.98838, Spectral 0.37896, Gradient 0.64571) | LR 2.50e-06
2026-07-29 03:42:52,328 INFO Epoch 79 | Batch 700/1186 | Loss 2.37809 (Pin 0.92293 [q90 0.45058, q10 0.47234], MS 1.45516, Freq 0.00000, L1 2.02477, Spectral 0.37641, Gradient 0.65185) | LR 2.50e-06
2026-07-29 03:43:14,093 INFO Epoch 79 | Batch 750/1186 | Loss 2.33843 (Pin 0.88861 [q90 0.42923, q10 0.45938], MS 1.44982, Freq 0.00000, L1 1.94820, Spectral 0.37614, Gradient 0.64215) | LR 2.50e-06
2026-07-29 03:43:35,841 INFO Epoch 79 | Batch 800/1186 | Loss 2.28302 (Pin 0.86371 [q90 0.41784, q10 0.44587], MS 1.41931, Freq 0.00000, L1 1.90327, Spectral 0.36109, Gradient 0.62260) | LR 2.50e-06
2026-07-29 03:43:57,618 INFO Epoch 79 | Batch 850/1186 | Loss 2.33676 (Pin 0.87853 [q90 0.43409, q10 0.44444], MS 1.45823, Freq 0.00000, L1 1.90526, Spectral 0.35230, Gradient 0.61480) | LR 2.50e-06
2026-07-29 03:44:19,375 INFO Epoch 79 | Batch 900/1186 | Loss 2.35357 (Pin 0.91764 [q90 0.44744, q10 0.47021], MS 1.43592, Freq 0.00000, L1 1.98357, Spectral 0.37985, Gradient 0.64314) | LR 2.50e-06
2026-07-29 03:44:41,133 INFO Epoch 79 | Batch 950/1186 | Loss 2.43402 (Pin 0.92714 [q90 0.45173, q10 0.47541], MS 1.50688, Freq 0.00000, L1 1.96913, Spectral 0.36387, Gradient 0.62758) | LR 2.50e-06
2026-07-29 03:45:02,894 INFO Epoch 79 | Batch 1000/1186 | Loss 2.35434 (Pin 0.88244 [q90 0.43472, q10 0.44772], MS 1.47189, Freq 0.00000, L1 1.93637, Spectral 0.37802, Gradient 0.64447) | LR 2.50e-06
2026-07-29 03:45:24,664 INFO Epoch 79 | Batch 1050/1186 | Loss 2.36714 (Pin 0.89738 [q90 0.43547, q10 0.46191], MS 1.46976, Freq 0.00000, L1 1.98157, Spectral 0.36402, Gradient 0.63361) | LR 2.50e-06
2026-07-29 03:45:46,438 INFO Epoch 79 | Batch 1100/1186 | Loss 2.39558 (Pin 0.88591 [q90 0.43631, q10 0.44960], MS 1.50967, Freq 0.00000, L1 1.94975, Spectral 0.36829, Gradient 0.63112) | LR 2.50e-06
2026-07-29 03:46:08,203 INFO Epoch 79 | Batch 1150/1186 | Loss 2.38915 (Pin 0.90617 [q90 0.43636, q10 0.46981], MS 1.48298, Freq 0.00000, L1 1.98090, Spectral 0.36206, Gradient 0.62693) | LR 2.50e-06
2026-07-29 03:47:00,222 INFO Epoch 79 | Val Loss 2.99396 (Pin 0.85375 [q90 0.41989, q10 0.43386], MS 2.14020, Freq 0.00000, L1 1.90273, Spectral 0.35334, Gradient 0.60953)
2026-07-29 03:47:00,222 INFO Epoch 79 | Coverage q10/q50/q90 = 0.085/0.490/0.898 (nominal .10/.50/.90) | extreme tail = 0.121/0.468/0.851
2026-07-29 03:47:22,272 INFO Epoch 80 | Batch 50/1186 | Loss 2.26918 (Pin 0.89554 [q90 0.43865, q10 0.45689], MS 1.37364, Freq 0.00000, L1 1.94573, Spectral 0.37456, Gradient 0.63682) | LR 2.50e-06
2026-07-29 03:47:44,030 INFO Epoch 80 | Batch 100/1186 | Loss 2.38372 (Pin 0.90914 [q90 0.44693, q10 0.46221], MS 1.47458, Freq 0.00000, L1 1.97309, Spectral 0.36224, Gradient 0.62596) | LR 2.50e-06
2026-07-29 03:48:05,785 INFO Epoch 80 | Batch 150/1186 | Loss 2.32338 (Pin 0.87890 [q90 0.43071, q10 0.44819], MS 1.44447, Freq 0.00000, L1 1.93797, Spectral 0.36915, Gradient 0.62782) | LR 2.50e-06
2026-07-29 03:48:27,555 INFO Epoch 80 | Batch 200/1186 | Loss 2.34626 (Pin 0.88981 [q90 0.43660, q10 0.45321], MS 1.45645, Freq 0.00000, L1 1.95280, Spectral 0.37686, Gradient 0.64605) | LR 2.50e-06
2026-07-29 03:48:49,324 INFO Epoch 80 | Batch 250/1186 | Loss 2.37911 (Pin 0.90467 [q90 0.44119, q10 0.46348], MS 1.47444, Freq 0.00000, L1 1.97280, Spectral 0.38488, Gradient 0.66248) | LR 2.50e-06
2026-07-29 03:49:11,090 INFO Epoch 80 | Batch 300/1186 | Loss 2.39780 (Pin 0.89922 [q90 0.44876, q10 0.45046], MS 1.49858, Freq 0.00000, L1 1.97463, Spectral 0.38022, Gradient 0.64908) | LR 2.50e-06
2026-07-29 03:49:32,844 INFO Epoch 80 | Batch 350/1186 | Loss 2.27388 (Pin 0.86355 [q90 0.42214, q10 0.44141], MS 1.41033, Freq 0.00000, L1 1.90747, Spectral 0.36517, Gradient 0.63329) | LR 2.50e-06
2026-07-29 03:49:54,612 INFO Epoch 80 | Batch 400/1186 | Loss 2.35668 (Pin 0.91170 [q90 0.44698, q10 0.46472], MS 1.44498, Freq 0.00000, L1 2.00269, Spectral 0.37708, Gradient 0.64783) | LR 2.50e-06
2026-07-29 03:50:16,361 INFO Epoch 80 | Batch 450/1186 | Loss 2.43200 (Pin 0.89403 [q90 0.43676, q10 0.45727], MS 1.53797, Freq 0.00000, L1 1.95771, Spectral 0.36078, Gradient 0.62682) | LR 2.50e-06
2026-07-29 03:50:38,117 INFO Epoch 80 | Batch 500/1186 | Loss 2.44998 (Pin 0.92589 [q90 0.44864, q10 0.47725], MS 1.52409, Freq 0.00000, L1 2.01470, Spectral 0.38014, Gradient 0.65123) | LR 2.50e-06
2026-07-29 03:50:59,867 INFO Epoch 80 | Batch 550/1186 | Loss 2.35559 (Pin 0.88709 [q90 0.43470, q10 0.45239], MS 1.46850, Freq 0.00000, L1 1.92922, Spectral 0.36742, Gradient 0.63122) | LR 2.50e-06
2026-07-29 03:51:21,619 INFO Epoch 80 | Batch 600/1186 | Loss 2.39360 (Pin 0.91552 [q90 0.44150, q10 0.47402], MS 1.47809, Freq 0.00000, L1 1.99508, Spectral 0.36336, Gradient 0.63396) | LR 2.50e-06
2026-07-29 03:51:43,372 INFO Epoch 80 | Batch 650/1186 | Loss 2.39011 (Pin 0.85856 [q90 0.42430, q10 0.43426], MS 1.53156, Freq 0.00000, L1 1.89648, Spectral 0.37475, Gradient 0.64005) | LR 2.50e-06
2026-07-29 03:52:05,129 INFO Epoch 80 | Batch 700/1186 | Loss 2.42139 (Pin 0.91578 [q90 0.44359, q10 0.47219], MS 1.50561, Freq 0.00000, L1 1.98093, Spectral 0.37018, Gradient 0.63685) | LR 2.50e-06
2026-07-29 03:52:26,895 INFO Epoch 80 | Batch 750/1186 | Loss 2.25162 (Pin 0.86218 [q90 0.42046, q10 0.44172], MS 1.38944, Freq 0.00000, L1 1.89436, Spectral 0.37077, Gradient 0.63374) | LR 2.50e-06
2026-07-29 03:52:48,654 INFO Epoch 80 | Batch 800/1186 | Loss 2.39488 (Pin 0.91851 [q90 0.44891, q10 0.46960], MS 1.47638, Freq 0.00000, L1 1.99559, Spectral 0.36579, Gradient 0.63976) | LR 2.50e-06
2026-07-29 03:53:10,421 INFO Epoch 80 | Batch 850/1186 | Loss 2.36828 (Pin 0.87728 [q90 0.41846, q10 0.45881], MS 1.49101, Freq 0.00000, L1 1.92525, Spectral 0.37671, Gradient 0.64014) | LR 2.50e-06
2026-07-29 03:53:32,168 INFO Epoch 80 | Batch 900/1186 | Loss 2.38271 (Pin 0.91748 [q90 0.44974, q10 0.46775], MS 1.46523, Freq 0.00000, L1 1.97897, Spectral 0.37499, Gradient 0.64620) | LR 2.50e-06
2026-07-29 03:53:53,921 INFO Epoch 80 | Batch 950/1186 | Loss 2.34125 (Pin 0.86850 [q90 0.42636, q10 0.44213], MS 1.47276, Freq 0.00000, L1 1.92124, Spectral 0.37638, Gradient 0.64250) | LR 2.50e-06
2026-07-29 03:54:15,681 INFO Epoch 80 | Batch 1000/1186 | Loss 2.54459 (Pin 0.94524 [q90 0.45965, q10 0.48559], MS 1.59935, Freq 0.00000, L1 2.04735, Spectral 0.38637, Gradient 0.66689) | LR 2.50e-06
2026-07-29 03:54:37,437 INFO Epoch 80 | Batch 1050/1186 | Loss 2.32040 (Pin 0.86707 [q90 0.42517, q10 0.44190], MS 1.45333, Freq 0.00000, L1 1.90937, Spectral 0.37481, Gradient 0.63991) | LR 2.50e-06
2026-07-29 03:54:59,329 INFO Epoch 80 | Batch 1100/1186 | Loss 2.39530 (Pin 0.89145 [q90 0.43704, q10 0.45440], MS 1.50385, Freq 0.00000, L1 1.94464, Spectral 0.37278, Gradient 0.63911) | LR 2.50e-06
2026-07-29 03:55:21,073 INFO Epoch 80 | Batch 1150/1186 | Loss 2.36109 (Pin 0.88825 [q90 0.43580, q10 0.45245], MS 1.47284, Freq 0.00000, L1 1.93854, Spectral 0.37057, Gradient 0.63600) | LR 2.50e-06
2026-07-29 03:56:13,124 INFO Epoch 80 | Val Loss 3.03256 (Pin 0.85442 [q90 0.42081, q10 0.43361], MS 2.17815, Freq 0.00000, L1 1.88837, Spectral 0.34677, Gradient 0.59316)
2026-07-29 03:56:13,124 INFO Epoch 80 | Coverage q10/q50/q90 = 0.088/0.490/0.895 (nominal .10/.50/.90) | extreme tail = 0.122/0.476/0.847
2026-07-29 03:56:35,176 INFO Epoch 81 | Batch 50/1186 | Loss 2.40633 (Pin 0.90265 [q90 0.43348, q10 0.46917], MS 1.50368, Freq 0.00000, L1 1.95407, Spectral 0.36135, Gradient 0.62561) | LR 2.50e-06
2026-07-29 03:56:56,942 INFO Epoch 81 | Batch 100/1186 | Loss 2.27633 (Pin 0.87628 [q90 0.43139, q10 0.44489], MS 1.40005, Freq 0.00000, L1 1.91666, Spectral 0.36749, Gradient 0.63405) | LR 2.50e-06
2026-07-29 03:57:18,691 INFO Epoch 81 | Batch 150/1186 | Loss 2.34988 (Pin 0.90916 [q90 0.45430, q10 0.45486], MS 1.44072, Freq 0.00000, L1 1.97276, Spectral 0.37652, Gradient 0.63812) | LR 2.50e-06
2026-07-29 03:57:40,454 INFO Epoch 81 | Batch 200/1186 | Loss 2.32508 (Pin 0.89167 [q90 0.44113, q10 0.45054], MS 1.43341, Freq 0.00000, L1 1.94819, Spectral 0.37094, Gradient 0.63890) | LR 2.50e-06
2026-07-29 03:58:02,212 INFO Epoch 81 | Batch 250/1186 | Loss 2.31112 (Pin 0.87606 [q90 0.42965, q10 0.44641], MS 1.43506, Freq 0.00000, L1 1.90725, Spectral 0.38196, Gradient 0.64473) | LR 2.50e-06
2026-07-29 03:58:23,961 INFO Epoch 81 | Batch 300/1186 | Loss 2.40006 (Pin 0.88938 [q90 0.43343, q10 0.45595], MS 1.51068, Freq 0.00000, L1 1.94873, Spectral 0.37956, Gradient 0.64235) | LR 2.50e-06
2026-07-29 03:58:45,720 INFO Epoch 81 | Batch 350/1186 | Loss 2.31415 (Pin 0.88384 [q90 0.43804, q10 0.44580], MS 1.43031, Freq 0.00000, L1 1.93329, Spectral 0.35393, Gradient 0.61694) | LR 2.50e-06
2026-07-29 03:59:07,483 INFO Epoch 81 | Batch 400/1186 | Loss 2.39403 (Pin 0.92929 [q90 0.45361, q10 0.47568], MS 1.46474, Freq 0.00000, L1 2.03326, Spectral 0.39314, Gradient 0.66506) | LR 2.50e-06
2026-07-29 03:59:29,228 INFO Epoch 81 | Batch 450/1186 | Loss 2.35868 (Pin 0.89799 [q90 0.44104, q10 0.45695], MS 1.46069, Freq 0.00000, L1 1.96608, Spectral 0.38109, Gradient 0.65222) | LR 2.50e-06
2026-07-29 03:59:50,991 INFO Epoch 81 | Batch 500/1186 | Loss 2.33620 (Pin 0.90601 [q90 0.44153, q10 0.46448], MS 1.43019, Freq 0.00000, L1 1.97570, Spectral 0.37487, Gradient 0.64075) | LR 2.50e-06
2026-07-29 04:00:12,749 INFO Epoch 81 | Batch 550/1186 | Loss 2.37758 (Pin 0.91550 [q90 0.44636, q10 0.46913], MS 1.46208, Freq 0.00000, L1 1.99152, Spectral 0.38021, Gradient 0.64995) | LR 2.50e-06
2026-07-29 04:00:34,508 INFO Epoch 81 | Batch 600/1186 | Loss 2.32368 (Pin 0.91246 [q90 0.44052, q10 0.47194], MS 1.41122, Freq 0.00000, L1 1.97035, Spectral 0.35906, Gradient 0.62688) | LR 2.50e-06
2026-07-29 04:00:56,267 INFO Epoch 81 | Batch 650/1186 | Loss 2.28825 (Pin 0.87720 [q90 0.42330, q10 0.45390], MS 1.41105, Freq 0.00000, L1 1.94109, Spectral 0.36075, Gradient 0.62446) | LR 2.50e-06
2026-07-29 04:01:18,032 INFO Epoch 81 | Batch 700/1186 | Loss 2.38400 (Pin 0.89785 [q90 0.43977, q10 0.45808], MS 1.48615, Freq 0.00000, L1 1.96042, Spectral 0.36288, Gradient 0.62664) | LR 2.50e-06
2026-07-29 04:01:39,780 INFO Epoch 81 | Batch 750/1186 | Loss 2.35474 (Pin 0.89964 [q90 0.44561, q10 0.45404], MS 1.45510, Freq 0.00000, L1 1.95567, Spectral 0.35506, Gradient 0.62264) | LR 2.50e-06
2026-07-29 04:02:01,525 INFO Epoch 81 | Batch 800/1186 | Loss 2.37479 (Pin 0.90533 [q90 0.43831, q10 0.46701], MS 1.46946, Freq 0.00000, L1 1.96992, Spectral 0.37325, Gradient 0.63948) | LR 2.50e-06
2026-07-29 04:02:23,280 INFO Epoch 81 | Batch 850/1186 | Loss 2.32965 (Pin 0.85543 [q90 0.42117, q10 0.43426], MS 1.47422, Freq 0.00000, L1 1.91160, Spectral 0.37462, Gradient 0.64179) | LR 2.50e-06
2026-07-29 04:02:45,038 INFO Epoch 81 | Batch 900/1186 | Loss 2.39136 (Pin 0.91265 [q90 0.44767, q10 0.46498], MS 1.47871, Freq 0.00000, L1 1.99657, Spectral 0.37527, Gradient 0.64770) | LR 2.50e-06
2026-07-29 04:03:06,795 INFO Epoch 81 | Batch 950/1186 | Loss 2.37453 (Pin 0.89654 [q90 0.44592, q10 0.45062], MS 1.47799, Freq 0.00000, L1 1.96429, Spectral 0.37530, Gradient 0.64970) | LR 2.50e-06
2026-07-29 04:03:28,557 INFO Epoch 81 | Batch 1000/1186 | Loss 2.35142 (Pin 0.90349 [q90 0.43248, q10 0.47101], MS 1.44792, Freq 0.00000, L1 1.95820, Spectral 0.37443, Gradient 0.64208) | LR 2.50e-06
2026-07-29 04:03:50,317 INFO Epoch 81 | Batch 1050/1186 | Loss 2.33719 (Pin 0.87547 [q90 0.42564, q10 0.44983], MS 1.46172, Freq 0.00000, L1 1.90942, Spectral 0.36154, Gradient 0.62103) | LR 2.50e-06
2026-07-29 04:04:12,075 INFO Epoch 81 | Batch 1100/1186 | Loss 2.32340 (Pin 0.86013 [q90 0.42025, q10 0.43988], MS 1.46327, Freq 0.00000, L1 1.92329, Spectral 0.37899, Gradient 0.65119) | LR 2.50e-06
2026-07-29 04:04:33,816 INFO Epoch 81 | Batch 1150/1186 | Loss 2.36915 (Pin 0.89428 [q90 0.43416, q10 0.46011], MS 1.47488, Freq 0.00000, L1 1.94887, Spectral 0.37060, Gradient 0.63919) | LR 2.50e-06
2026-07-29 04:05:25,098 INFO Epoch 81 | Val Loss 3.00921 (Pin 0.85485 [q90 0.42053, q10 0.43432], MS 2.15436, Freq 0.00000, L1 1.90807, Spectral 0.35198, Gradient 0.61171)
2026-07-29 04:05:25,098 INFO Epoch 81 | Coverage q10/q50/q90 = 0.086/0.489/0.898 (nominal .10/.50/.90) | extreme tail = 0.124/0.473/0.853
2026-07-29 04:05:47,130 INFO Epoch 82 | Batch 50/1186 | Loss 2.31472 (Pin 0.87226 [q90 0.42595, q10 0.44631], MS 1.44246, Freq 0.00000, L1 1.93367, Spectral 0.37479, Gradient 0.64257) | LR 2.50e-06
2026-07-29 04:06:08,879 INFO Epoch 82 | Batch 100/1186 | Loss 2.22299 (Pin 0.87430 [q90 0.42225, q10 0.45205], MS 1.34869, Freq 0.00000, L1 1.90891, Spectral 0.36805, Gradient 0.62876) | LR 2.50e-06
2026-07-29 04:06:30,641 INFO Epoch 82 | Batch 150/1186 | Loss 2.28727 (Pin 0.89745 [q90 0.43758, q10 0.45988], MS 1.38982, Freq 0.00000, L1 1.94799, Spectral 0.36296, Gradient 0.62849) | LR 2.50e-06
2026-07-29 04:06:52,399 INFO Epoch 82 | Batch 200/1186 | Loss 2.45751 (Pin 0.91119 [q90 0.44969, q10 0.46150], MS 1.54632, Freq 0.00000, L1 1.97122, Spectral 0.36686, Gradient 0.63379) | LR 2.50e-06
2026-07-29 04:07:14,152 INFO Epoch 82 | Batch 250/1186 | Loss 2.37115 (Pin 0.88112 [q90 0.43417, q10 0.44695], MS 1.49002, Freq 0.00000, L1 1.93267, Spectral 0.38228, Gradient 0.64772) | LR 2.50e-06
2026-07-29 04:07:35,896 INFO Epoch 82 | Batch 300/1186 | Loss 2.37124 (Pin 0.88219 [q90 0.43150, q10 0.45069], MS 1.48905, Freq 0.00000, L1 1.93634, Spectral 0.37165, Gradient 0.63745) | LR 2.50e-06
2026-07-29 04:07:57,659 INFO Epoch 82 | Batch 350/1186 | Loss 2.40736 (Pin 0.92448 [q90 0.44505, q10 0.47943], MS 1.48288, Freq 0.00000, L1 2.01381, Spectral 0.37354, Gradient 0.64466) | LR 2.50e-06
2026-07-29 04:08:19,417 INFO Epoch 82 | Batch 400/1186 | Loss 2.35279 (Pin 0.88478 [q90 0.43259, q10 0.45220], MS 1.46800, Freq 0.00000, L1 1.94714, Spectral 0.36946, Gradient 0.63286) | LR 2.50e-06
2026-07-29 04:08:41,171 INFO Epoch 82 | Batch 450/1186 | Loss 2.32654 (Pin 0.90430 [q90 0.44067, q10 0.46363], MS 1.42224, Freq 0.00000, L1 1.98500, Spectral 0.37876, Gradient 0.65207) | LR 2.50e-06
2026-07-29 04:09:02,921 INFO Epoch 82 | Batch 500/1186 | Loss 2.27599 (Pin 0.86891 [q90 0.42728, q10 0.44163], MS 1.40708, Freq 0.00000, L1 1.90801, Spectral 0.36895, Gradient 0.63779) | LR 2.50e-06
2026-07-29 04:09:24,675 INFO Epoch 82 | Batch 550/1186 | Loss 2.34514 (Pin 0.89491 [q90 0.43603, q10 0.45889], MS 1.45023, Freq 0.00000, L1 1.95165, Spectral 0.36315, Gradient 0.62771) | LR 2.50e-06
2026-07-29 04:09:46,421 INFO Epoch 82 | Batch 600/1186 | Loss 2.41789 (Pin 0.91768 [q90 0.43909, q10 0.47859], MS 1.50021, Freq 0.00000, L1 2.00058, Spectral 0.36452, Gradient 0.62873) | LR 2.50e-06
2026-07-29 04:10:08,187 INFO Epoch 82 | Batch 650/1186 | Loss 2.37328 (Pin 0.88118 [q90 0.43487, q10 0.44631], MS 1.49210, Freq 0.00000, L1 1.92732, Spectral 0.36389, Gradient 0.62937) | LR 2.50e-06
2026-07-29 04:10:29,947 INFO Epoch 82 | Batch 700/1186 | Loss 2.36519 (Pin 0.90051 [q90 0.44849, q10 0.45202], MS 1.46468, Freq 0.00000, L1 1.97318, Spectral 0.36779, Gradient 0.64358) | LR 2.50e-06
2026-07-29 04:10:51,704 INFO Epoch 82 | Batch 750/1186 | Loss 2.33259 (Pin 0.89827 [q90 0.44641, q10 0.45185], MS 1.43432, Freq 0.00000, L1 1.95846, Spectral 0.37535, Gradient 0.64485) | LR 2.50e-06
2026-07-29 04:11:13,467 INFO Epoch 82 | Batch 800/1186 | Loss 2.38142 (Pin 0.91670 [q90 0.43779, q10 0.47891], MS 1.46472, Freq 0.00000, L1 1.98720, Spectral 0.38538, Gradient 0.65201) | LR 2.50e-06
2026-07-29 04:11:35,219 INFO Epoch 82 | Batch 850/1186 | Loss 2.35037 (Pin 0.90533 [q90 0.43681, q10 0.46852], MS 1.44504, Freq 0.00000, L1 1.98945, Spectral 0.38143, Gradient 0.65330) | LR 2.50e-06
2026-07-29 04:11:56,971 INFO Epoch 82 | Batch 900/1186 | Loss 2.37535 (Pin 0.88126 [q90 0.42973, q10 0.45153], MS 1.49409, Freq 0.00000, L1 1.91487, Spectral 0.37546, Gradient 0.63377) | LR 2.50e-06
2026-07-29 04:12:18,720 INFO Epoch 82 | Batch 950/1186 | Loss 2.34323 (Pin 0.89200 [q90 0.43862, q10 0.45338], MS 1.45123, Freq 0.00000, L1 1.94141, Spectral 0.36623, Gradient 0.63036) | LR 2.50e-06
2026-07-29 04:12:40,468 INFO Epoch 82 | Batch 1000/1186 | Loss 2.45408 (Pin 0.91854 [q90 0.45477, q10 0.46378], MS 1.53553, Freq 0.00000, L1 2.00599, Spectral 0.37085, Gradient 0.64869) | LR 2.50e-06
2026-07-29 04:13:02,214 INFO Epoch 82 | Batch 1050/1186 | Loss 2.29423 (Pin 0.87034 [q90 0.42464, q10 0.44569], MS 1.42389, Freq 0.00000, L1 1.91043, Spectral 0.36748, Gradient 0.63630) | LR 2.50e-06
2026-07-29 04:13:23,984 INFO Epoch 82 | Batch 1100/1186 | Loss 2.32829 (Pin 0.89558 [q90 0.44067, q10 0.45491], MS 1.43271, Freq 0.00000, L1 1.96286, Spectral 0.37110, Gradient 0.64134) | LR 2.50e-06
2026-07-29 04:13:45,745 INFO Epoch 82 | Batch 1150/1186 | Loss 2.41012 (Pin 0.92350 [q90 0.45513, q10 0.46837], MS 1.48663, Freq 0.00000, L1 2.00293, Spectral 0.36959, Gradient 0.63956) | LR 2.50e-06
2026-07-29 04:14:37,371 INFO Epoch 82 | Val Loss 2.98297 (Pin 0.85341 [q90 0.42003, q10 0.43339], MS 2.12955, Freq 0.00000, L1 1.90361, Spectral 0.35497, Gradient 0.61455)
2026-07-29 04:14:37,371 INFO Epoch 82 | Coverage q10/q50/q90 = 0.085/0.485/0.896 (nominal .10/.50/.90) | extreme tail = 0.126/0.469/0.852
2026-07-29 04:14:37,859 INFO New best val loss: 2.98297 (saved checkpoints/best.pth)
2026-07-29 04:14:59,680 INFO Epoch 83 | Batch 50/1186 | Loss 2.40852 (Pin 0.89417 [q90 0.43574, q10 0.45844], MS 1.51434, Freq 0.00000, L1 1.97569, Spectral 0.36812, Gradient 0.63255) | LR 2.50e-06
2026-07-29 04:15:21,445 INFO Epoch 83 | Batch 100/1186 | Loss 2.36316 (Pin 0.89123 [q90 0.43299, q10 0.45824], MS 1.47193, Freq 0.00000, L1 1.94323, Spectral 0.37217, Gradient 0.64674) | LR 2.50e-06
2026-07-29 04:15:43,213 INFO Epoch 83 | Batch 150/1186 | Loss 2.32798 (Pin 0.90495 [q90 0.43931, q10 0.46563], MS 1.42303, Freq 0.00000, L1 1.97411, Spectral 0.36571, Gradient 0.63560) | LR 2.50e-06
2026-07-29 04:16:04,980 INFO Epoch 83 | Batch 200/1186 | Loss 2.28220 (Pin 0.86299 [q90 0.42673, q10 0.43626], MS 1.41922, Freq 0.00000, L1 1.90688, Spectral 0.37371, Gradient 0.64198) | LR 2.50e-06
2026-07-29 04:16:26,743 INFO Epoch 83 | Batch 250/1186 | Loss 2.32026 (Pin 0.90110 [q90 0.44900, q10 0.45211], MS 1.41916, Freq 0.00000, L1 1.94919, Spectral 0.36056, Gradient 0.62783) | LR 2.50e-06
2026-07-29 04:16:48,499 INFO Epoch 83 | Batch 300/1186 | Loss 2.42824 (Pin 0.88681 [q90 0.44449, q10 0.44232], MS 1.54142, Freq 0.00000, L1 1.95534, Spectral 0.37587, Gradient 0.64683) | LR 2.50e-06
2026-07-29 04:17:10,260 INFO Epoch 83 | Batch 350/1186 | Loss 2.36380 (Pin 0.91048 [q90 0.44983, q10 0.46065], MS 1.45333, Freq 0.00000, L1 1.98456, Spectral 0.37670, Gradient 0.64994) | LR 2.50e-06
2026-07-29 04:17:32,014 INFO Epoch 83 | Batch 400/1186 | Loss 2.36079 (Pin 0.88207 [q90 0.43081, q10 0.45126], MS 1.47871, Freq 0.00000, L1 1.93542, Spectral 0.37477, Gradient 0.64329) | LR 2.50e-06
2026-07-29 04:17:53,747 INFO Epoch 83 | Batch 450/1186 | Loss 2.41757 (Pin 0.92199 [q90 0.45074, q10 0.47125], MS 1.49558, Freq 0.00000, L1 2.00066, Spectral 0.37478, Gradient 0.64195) | LR 2.50e-06
2026-07-29 04:18:15,482 INFO Epoch 83 | Batch 500/1186 | Loss 2.35984 (Pin 0.90812 [q90 0.44357, q10 0.46456], MS 1.45172, Freq 0.00000, L1 1.97903, Spectral 0.37792, Gradient 0.64645) | LR 2.50e-06
2026-07-29 04:18:37,219 INFO Epoch 83 | Batch 550/1186 | Loss 2.34611 (Pin 0.89988 [q90 0.44197, q10 0.45792], MS 1.44622, Freq 0.00000, L1 1.96601, Spectral 0.37413, Gradient 0.64589) | LR 2.50e-06
2026-07-29 04:18:58,947 INFO Epoch 83 | Batch 600/1186 | Loss 2.24033 (Pin 0.85883 [q90 0.41690, q10 0.44193], MS 1.38150, Freq 0.00000, L1 1.90838, Spectral 0.36629, Gradient 0.62346) | LR 2.50e-06
2026-07-29 04:19:20,671 INFO Epoch 83 | Batch 650/1186 | Loss 2.27366 (Pin 0.88191 [q90 0.42963, q10 0.45228], MS 1.39175, Freq 0.00000, L1 1.92806, Spectral 0.35993, Gradient 0.62279) | LR 2.50e-06
2026-07-29 04:19:42,404 INFO Epoch 83 | Batch 700/1186 | Loss 2.40255 (Pin 0.89357 [q90 0.44214, q10 0.45143], MS 1.50897, Freq 0.00000, L1 1.94272, Spectral 0.37412, Gradient 0.64407) | LR 2.50e-06
2026-07-29 04:20:04,131 INFO Epoch 83 | Batch 750/1186 | Loss 2.44193 (Pin 0.92212 [q90 0.44294, q10 0.47918], MS 1.51981, Freq 0.00000, L1 2.00358, Spectral 0.37577, Gradient 0.64467) | LR 2.50e-06
2026-07-29 04:20:25,873 INFO Epoch 83 | Batch 800/1186 | Loss 2.25693 (Pin 0.86695 [q90 0.42322, q10 0.44373], MS 1.38998, Freq 0.00000, L1 1.91561, Spectral 0.37252, Gradient 0.64197) | LR 2.50e-06
2026-07-29 04:20:47,613 INFO Epoch 83 | Batch 850/1186 | Loss 2.31224 (Pin 0.88497 [q90 0.43148, q10 0.45349], MS 1.42727, Freq 0.00000, L1 1.94049, Spectral 0.37257, Gradient 0.64435) | LR 2.50e-06
2026-07-29 04:21:09,346 INFO Epoch 83 | Batch 900/1186 | Loss 2.35624 (Pin 0.91292 [q90 0.44474, q10 0.46818], MS 1.44332, Freq 0.00000, L1 1.97527, Spectral 0.37076, Gradient 0.64018) | LR 2.50e-06
2026-07-29 04:21:31,076 INFO Epoch 83 | Batch 950/1186 | Loss 2.40697 (Pin 0.91468 [q90 0.44318, q10 0.47150], MS 1.49229, Freq 0.00000, L1 1.96949, Spectral 0.36482, Gradient 0.62567) | LR 2.50e-06
2026-07-29 04:21:52,801 INFO Epoch 83 | Batch 1000/1186 | Loss 2.32104 (Pin 0.88920 [q90 0.43209, q10 0.45711], MS 1.43184, Freq 0.00000, L1 1.94655, Spectral 0.36609, Gradient 0.63269) | LR 2.50e-06
2026-07-29 04:22:14,528 INFO Epoch 83 | Batch 1050/1186 | Loss 2.32345 (Pin 0.88888 [q90 0.43292, q10 0.45596], MS 1.43457, Freq 0.00000, L1 1.95068, Spectral 0.38208, Gradient 0.65338) | LR 2.50e-06
2026-07-29 04:22:36,262 INFO Epoch 83 | Batch 1100/1186 | Loss 2.41762 (Pin 0.91189 [q90 0.44823, q10 0.46366], MS 1.50573, Freq 0.00000, L1 1.99768, Spectral 0.36580, Gradient 0.63720) | LR 2.50e-06
2026-07-29 04:22:57,990 INFO Epoch 83 | Batch 1150/1186 | Loss 2.36799 (Pin 0.91570 [q90 0.45178, q10 0.46392], MS 1.45229, Freq 0.00000, L1 1.97893, Spectral 0.37768, Gradient 0.64162) | LR 2.50e-06
2026-07-29 04:23:49,304 INFO Epoch 83 | Val Loss 2.98912 (Pin 0.85271 [q90 0.41977, q10 0.43294], MS 2.13642, Freq 0.00000, L1 1.89681, Spectral 0.35060, Gradient 0.60614)
2026-07-29 04:23:49,304 INFO Epoch 83 | Coverage q10/q50/q90 = 0.088/0.491/0.898 (nominal .10/.50/.90) | extreme tail = 0.125/0.474/0.849
2026-07-29 04:24:11,334 INFO Epoch 84 | Batch 50/1186 | Loss 2.29604 (Pin 0.88593 [q90 0.43502, q10 0.45091], MS 1.41012, Freq 0.00000, L1 1.93463, Spectral 0.38130, Gradient 0.64813) | LR 2.50e-06
2026-07-29 04:24:33,069 INFO Epoch 84 | Batch 100/1186 | Loss 2.36296 (Pin 0.88662 [q90 0.43043, q10 0.45619], MS 1.47634, Freq 0.00000, L1 1.92299, Spectral 0.36428, Gradient 0.62439) | LR 2.50e-06
2026-07-29 04:24:54,797 INFO Epoch 84 | Batch 150/1186 | Loss 2.18797 (Pin 0.88773 [q90 0.43223, q10 0.45551], MS 1.30024, Freq 0.00000, L1 1.95181, Spectral 0.36719, Gradient 0.63298) | LR 2.50e-06
2026-07-29 04:25:16,520 INFO Epoch 84 | Batch 200/1186 | Loss 2.38614 (Pin 0.89795 [q90 0.44345, q10 0.45450], MS 1.48819, Freq 0.00000, L1 1.92817, Spectral 0.36271, Gradient 0.62680) | LR 2.50e-06
2026-07-29 04:25:38,254 INFO Epoch 84 | Batch 250/1186 | Loss 2.41190 (Pin 0.93953 [q90 0.45633, q10 0.48320], MS 1.47237, Freq 0.00000, L1 2.02173, Spectral 0.37973, Gradient 0.65160) | LR 2.50e-06
2026-07-29 04:25:59,988 INFO Epoch 84 | Batch 300/1186 | Loss 2.31165 (Pin 0.86081 [q90 0.42300, q10 0.43781], MS 1.45084, Freq 0.00000, L1 1.89064, Spectral 0.36333, Gradient 0.62331) | LR 2.50e-06
2026-07-29 04:26:21,722 INFO Epoch 84 | Batch 350/1186 | Loss 2.30419 (Pin 0.87719 [q90 0.43182, q10 0.44537], MS 1.42700, Freq 0.00000, L1 1.92603, Spectral 0.36920, Gradient 0.63366) | LR 2.50e-06
2026-07-29 04:26:43,455 INFO Epoch 84 | Batch 400/1186 | Loss 2.43728 (Pin 0.90419 [q90 0.43742, q10 0.46677], MS 1.53309, Freq 0.00000, L1 1.97631, Spectral 0.37639, Gradient 0.64478) | LR 2.50e-06
2026-07-29 04:27:05,193 INFO Epoch 84 | Batch 450/1186 | Loss 2.41922 (Pin 0.93221 [q90 0.45267, q10 0.47953], MS 1.48702, Freq 0.00000, L1 2.01434, Spectral 0.37673, Gradient 0.64970) | LR 2.50e-06
2026-07-29 04:27:26,939 INFO Epoch 84 | Batch 500/1186 | Loss 2.44469 (Pin 0.90787 [q90 0.44506, q10 0.46280], MS 1.53683, Freq 0.00000, L1 1.99318, Spectral 0.38449, Gradient 0.66039) | LR 2.50e-06
2026-07-29 04:27:48,684 INFO Epoch 84 | Batch 550/1186 | Loss 2.28856 (Pin 0.89360 [q90 0.43696, q10 0.45664], MS 1.39497, Freq 0.00000, L1 1.97138, Spectral 0.39496, Gradient 0.67034) | LR 2.50e-06
2026-07-29 04:28:10,424 INFO Epoch 84 | Batch 600/1186 | Loss 2.31302 (Pin 0.88793 [q90 0.43931, q10 0.44862], MS 1.42509, Freq 0.00000, L1 1.92905, Spectral 0.36260, Gradient 0.62099) | LR 2.50e-06
2026-07-29 04:28:32,164 INFO Epoch 84 | Batch 650/1186 | Loss 2.33320 (Pin 0.89958 [q90 0.43732, q10 0.46226], MS 1.43363, Freq 0.00000, L1 1.94578, Spectral 0.37928, Gradient 0.64644) | LR 2.50e-06
2026-07-29 04:28:53,889 INFO Epoch 84 | Batch 700/1186 | Loss 2.28712 (Pin 0.87831 [q90 0.43017, q10 0.44814], MS 1.40881, Freq 0.00000, L1 1.93789, Spectral 0.37449, Gradient 0.64755) | LR 2.50e-06
2026-07-29 04:29:15,619 INFO Epoch 84 | Batch 750/1186 | Loss 2.44725 (Pin 0.92781 [q90 0.45953, q10 0.46828], MS 1.51944, Freq 0.00000, L1 2.02541, Spectral 0.37521, Gradient 0.65744) | LR 2.50e-06
2026-07-29 04:29:37,337 INFO Epoch 84 | Batch 800/1186 | Loss 2.44043 (Pin 0.90714 [q90 0.44115, q10 0.46598], MS 1.53330, Freq 0.00000, L1 1.99565, Spectral 0.35849, Gradient 0.62513) | LR 2.50e-06
2026-07-29 04:29:59,072 INFO Epoch 84 | Batch 850/1186 | Loss 2.34407 (Pin 0.86588 [q90 0.41931, q10 0.44657], MS 1.47819, Freq 0.00000, L1 1.90584, Spectral 0.36371, Gradient 0.62569) | LR 2.50e-06
2026-07-29 04:30:20,808 INFO Epoch 84 | Batch 900/1186 | Loss 2.26257 (Pin 0.86856 [q90 0.42462, q10 0.44393], MS 1.39401, Freq 0.00000, L1 1.90374, Spectral 0.36458, Gradient 0.62636) | LR 2.50e-06
2026-07-29 04:30:42,530 INFO Epoch 84 | Batch 950/1186 | Loss 2.34442 (Pin 0.89623 [q90 0.43613, q10 0.46010], MS 1.44819, Freq 0.00000, L1 1.94403, Spectral 0.36499, Gradient 0.62704) | LR 2.50e-06
2026-07-29 04:31:04,248 INFO Epoch 84 | Batch 1000/1186 | Loss 2.37259 (Pin 0.89595 [q90 0.44200, q10 0.45395], MS 1.47664, Freq 0.00000, L1 1.96738, Spectral 0.36475, Gradient 0.63569) | LR 2.50e-06
2026-07-29 04:31:25,994 INFO Epoch 84 | Batch 1050/1186 | Loss 2.31818 (Pin 0.86805 [q90 0.42571, q10 0.44234], MS 1.45013, Freq 0.00000, L1 1.93328, Spectral 0.37482, Gradient 0.63769) | LR 2.50e-06
2026-07-29 04:31:47,738 INFO Epoch 84 | Batch 1100/1186 | Loss 2.37629 (Pin 0.89852 [q90 0.43525, q10 0.46327], MS 1.47778, Freq 0.00000, L1 1.94969, Spectral 0.37157, Gradient 0.63595) | LR 2.50e-06
2026-07-29 04:32:09,474 INFO Epoch 84 | Batch 1150/1186 | Loss 2.36041 (Pin 0.90567 [q90 0.44038, q10 0.46530], MS 1.45474, Freq 0.00000, L1 1.97642, Spectral 0.36860, Gradient 0.63647) | LR 2.50e-06
2026-07-29 04:33:01,172 INFO Epoch 84 | Val Loss 3.00602 (Pin 0.85425 [q90 0.42028, q10 0.43397], MS 2.15177, Freq 0.00000, L1 1.90831, Spectral 0.35521, Gradient 0.61589)
2026-07-29 04:33:01,172 INFO Epoch 84 | Coverage q10/q50/q90 = 0.086/0.488/0.898 (nominal .10/.50/.90) | extreme tail = 0.119/0.460/0.851
2026-07-29 04:33:23,200 INFO Epoch 85 | Batch 50/1186 | Loss 2.32102 (Pin 0.91104 [q90 0.44118, q10 0.46986], MS 1.40998, Freq 0.00000, L1 1.98179, Spectral 0.35701, Gradient 0.61804) | LR 2.50e-06
2026-07-29 04:33:44,937 INFO Epoch 85 | Batch 100/1186 | Loss 2.36196 (Pin 0.89147 [q90 0.43070, q10 0.46077], MS 1.47049, Freq 0.00000, L1 1.94437, Spectral 0.37374, Gradient 0.63987) | LR 2.50e-06
2026-07-29 04:34:06,662 INFO Epoch 85 | Batch 150/1186 | Loss 2.35646 (Pin 0.89367 [q90 0.44042, q10 0.45326], MS 1.46279, Freq 0.00000, L1 1.96318, Spectral 0.38874, Gradient 0.65906) | LR 2.50e-06
2026-07-29 04:34:28,397 INFO Epoch 85 | Batch 200/1186 | Loss 2.40137 (Pin 0.93555 [q90 0.45632, q10 0.47923], MS 1.46582, Freq 0.00000, L1 2.03171, Spectral 0.37117, Gradient 0.63658) | LR 2.50e-06
2026-07-29 04:34:50,135 INFO Epoch 85 | Batch 250/1186 | Loss 2.41288 (Pin 0.90165 [q90 0.43777, q10 0.46387], MS 1.51123, Freq 0.00000, L1 1.97600, Spectral 0.37374, Gradient 0.64401) | LR 2.50e-06
2026-07-29 04:35:11,873 INFO Epoch 85 | Batch 300/1186 | Loss 2.28456 (Pin 0.86770 [q90 0.41722, q10 0.45048], MS 1.41686, Freq 0.00000, L1 1.92191, Spectral 0.38126, Gradient 0.64607) | LR 2.50e-06
2026-07-29 04:35:33,610 INFO Epoch 85 | Batch 350/1186 | Loss 2.27312 (Pin 0.86300 [q90 0.41974, q10 0.44326], MS 1.41012, Freq 0.00000, L1 1.88984, Spectral 0.36255, Gradient 0.62695) | LR 2.50e-06
2026-07-29 04:35:55,335 INFO Epoch 85 | Batch 400/1186 | Loss 2.36817 (Pin 0.88975 [q90 0.44176, q10 0.44799], MS 1.47842, Freq 0.00000, L1 1.95064, Spectral 0.36647, Gradient 0.63441) | LR 2.50e-06
2026-07-29 04:36:17,052 INFO Epoch 85 | Batch 450/1186 | Loss 2.47362 (Pin 0.94265 [q90 0.45879, q10 0.48386], MS 1.53097, Freq 0.00000, L1 2.02727, Spectral 0.36375, Gradient 0.62737) | LR 2.50e-06
2026-07-29 04:36:38,774 INFO Epoch 85 | Batch 500/1186 | Loss 2.27275 (Pin 0.86300 [q90 0.42541, q10 0.43759], MS 1.40975, Freq 0.00000, L1 1.88602, Spectral 0.36067, Gradient 0.62079) | LR 2.50e-06
2026-07-29 04:37:00,510 INFO Epoch 85 | Batch 550/1186 | Loss 2.38305 (Pin 0.89090 [q90 0.43758, q10 0.45332], MS 1.49215, Freq 0.00000, L1 1.96983, Spectral 0.37550, Gradient 0.64873) | LR 2.50e-06
2026-07-29 04:37:22,235 INFO Epoch 85 | Batch 600/1186 | Loss 2.27116 (Pin 0.87431 [q90 0.42998, q10 0.44433], MS 1.39685, Freq 0.00000, L1 1.91844, Spectral 0.36504, Gradient 0.62259) | LR 2.50e-06
2026-07-29 04:37:43,974 INFO Epoch 85 | Batch 650/1186 | Loss 2.34990 (Pin 0.89993 [q90 0.43919, q10 0.46075], MS 1.44997, Freq 0.00000, L1 1.97750, Spectral 0.38163, Gradient 0.65322) | LR 2.50e-06
2026-07-29 04:38:05,706 INFO Epoch 85 | Batch 700/1186 | Loss 2.42638 (Pin 0.89883 [q90 0.44212, q10 0.45671], MS 1.52756, Freq 0.00000, L1 1.94269, Spectral 0.36671, Gradient 0.63096) | LR 2.50e-06
2026-07-29 04:38:27,440 INFO Epoch 85 | Batch 750/1186 | Loss 2.22245 (Pin 0.84799 [q90 0.41600, q10 0.43199], MS 1.37446, Freq 0.00000, L1 1.86618, Spectral 0.36932, Gradient 0.62956) | LR 2.50e-06
2026-07-29 04:38:49,171 INFO Epoch 85 | Batch 800/1186 | Loss 2.40047 (Pin 0.91936 [q90 0.45382, q10 0.46553], MS 1.48111, Freq 0.00000, L1 1.97957, Spectral 0.37345, Gradient 0.64638) | LR 2.50e-06
2026-07-29 04:39:10,910 INFO Epoch 85 | Batch 850/1186 | Loss 2.31952 (Pin 0.89020 [q90 0.43225, q10 0.45796], MS 1.42932, Freq 0.00000, L1 1.95090, Spectral 0.37318, Gradient 0.64398) | LR 2.50e-06
2026-07-29 04:39:32,653 INFO Epoch 85 | Batch 900/1186 | Loss 2.31429 (Pin 0.88421 [q90 0.43705, q10 0.44717], MS 1.43008, Freq 0.00000, L1 1.95081, Spectral 0.37122, Gradient 0.64088) | LR 2.50e-06
2026-07-29 04:39:54,374 INFO Epoch 85 | Batch 950/1186 | Loss 2.34516 (Pin 0.89219 [q90 0.43580, q10 0.45639], MS 1.45297, Freq 0.00000, L1 1.95614, Spectral 0.38559, Gradient 0.66398) | LR 2.50e-06
2026-07-29 04:40:16,098 INFO Epoch 85 | Batch 1000/1186 | Loss 2.29427 (Pin 0.87283 [q90 0.42282, q10 0.45001], MS 1.42144, Freq 0.00000, L1 1.90279, Spectral 0.36853, Gradient 0.63182) | LR 2.50e-06
2026-07-29 04:40:37,818 INFO Epoch 85 | Batch 1050/1186 | Loss 2.38854 (Pin 0.89647 [q90 0.44710, q10 0.44937], MS 1.49207, Freq 0.00000, L1 1.95330, Spectral 0.36621, Gradient 0.63093) | LR 2.50e-06
2026-07-29 04:40:59,556 INFO Epoch 85 | Batch 1100/1186 | Loss 2.33242 (Pin 0.91018 [q90 0.43864, q10 0.47154], MS 1.42223, Freq 0.00000, L1 1.95934, Spectral 0.35430, Gradient 0.62490) | LR 2.50e-06
2026-07-29 04:41:21,271 INFO Epoch 85 | Batch 1150/1186 | Loss 2.47580 (Pin 0.93126 [q90 0.45139, q10 0.47987], MS 1.54454, Freq 0.00000, L1 2.03749, Spectral 0.37172, Gradient 0.65256) | LR 2.50e-06
2026-07-29 04:42:12,594 INFO Epoch 85 | Val Loss 3.00532 (Pin 0.85526 [q90 0.41934, q10 0.43592], MS 2.15006, Freq 0.00000, L1 1.89726, Spectral 0.34962, Gradient 0.60514)
2026-07-29 04:42:12,595 INFO Epoch 85 | Coverage q10/q50/q90 = 0.083/0.484/0.899 (nominal .10/.50/.90) | extreme tail = 0.120/0.462/0.857
2026-07-29 04:42:34,648 INFO Epoch 86 | Batch 50/1186 | Loss 2.32746 (Pin 0.90833 [q90 0.43588, q10 0.47245], MS 1.41912, Freq 0.00000, L1 1.96862, Spectral 0.37202, Gradient 0.63722) | LR 2.50e-06
2026-07-29 04:42:56,371 INFO Epoch 86 | Batch 100/1186 | Loss 2.36860 (Pin 0.90790 [q90 0.43650, q10 0.47140], MS 1.46070, Freq 0.00000, L1 1.98514, Spectral 0.37283, Gradient 0.65169) | LR 2.50e-06
2026-07-29 04:43:18,109 INFO Epoch 86 | Batch 150/1186 | Loss 2.33454 (Pin 0.87758 [q90 0.43249, q10 0.44509], MS 1.45696, Freq 0.00000, L1 1.92967, Spectral 0.37301, Gradient 0.63897) | LR 2.50e-06
2026-07-29 04:43:39,848 INFO Epoch 86 | Batch 200/1186 | Loss 2.37298 (Pin 0.91353 [q90 0.44452, q10 0.46900], MS 1.45946, Freq 0.00000, L1 1.96414, Spectral 0.37289, Gradient 0.63619) | LR 2.50e-06
2026-07-29 04:44:01,568 INFO Epoch 86 | Batch 250/1186 | Loss 2.34210 (Pin 0.87754 [q90 0.43162, q10 0.44592], MS 1.46456, Freq 0.00000, L1 1.94697, Spectral 0.36998, Gradient 0.63674) | LR 2.50e-06
2026-07-29 04:44:23,298 INFO Epoch 86 | Batch 300/1186 | Loss 2.28227 (Pin 0.87247 [q90 0.42369, q10 0.44878], MS 1.40980, Freq 0.00000, L1 1.90695, Spectral 0.35939, Gradient 0.62342) | LR 2.50e-06
2026-07-29 04:44:45,026 INFO Epoch 86 | Batch 350/1186 | Loss 2.34393 (Pin 0.87705 [q90 0.42325, q10 0.45380], MS 1.46688, Freq 0.00000, L1 1.93185, Spectral 0.37587, Gradient 0.63707) | LR 2.50e-06
2026-07-29 04:45:06,753 INFO Epoch 86 | Batch 400/1186 | Loss 2.49132 (Pin 0.94191 [q90 0.47842, q10 0.46349], MS 1.54941, Freq 0.00000, L1 2.03060, Spectral 0.37468, Gradient 0.64488) | LR 2.50e-06
2026-07-29 04:45:28,478 INFO Epoch 86 | Batch 450/1186 | Loss 2.32804 (Pin 0.89686 [q90 0.43912, q10 0.45774], MS 1.43118, Freq 0.00000, L1 1.96339, Spectral 0.35348, Gradient 0.62497) | LR 2.50e-06
2026-07-29 04:45:50,205 INFO Epoch 86 | Batch 500/1186 | Loss 2.33880 (Pin 0.89400 [q90 0.42995, q10 0.46405], MS 1.44480, Freq 0.00000, L1 1.95728, Spectral 0.36771, Gradient 0.63234) | LR 2.50e-06
2026-07-29 04:46:11,924 INFO Epoch 86 | Batch 550/1186 | Loss 2.35864 (Pin 0.91127 [q90 0.44826, q10 0.46300], MS 1.44737, Freq 0.00000, L1 1.99381, Spectral 0.37389, Gradient 0.64791) | LR 2.50e-06
2026-07-29 04:46:33,693 INFO Epoch 86 | Batch 600/1186 | Loss 2.41601 (Pin 0.90121 [q90 0.43956, q10 0.46165], MS 1.51480, Freq 0.00000, L1 1.97466, Spectral 0.38060, Gradient 0.65147) | LR 2.50e-06
2026-07-29 04:46:55,458 INFO Epoch 86 | Batch 650/1186 | Loss 2.43612 (Pin 0.91289 [q90 0.44302, q10 0.46987], MS 1.52323, Freq 0.00000, L1 1.97681, Spectral 0.37998, Gradient 0.64843) | LR 2.50e-06
2026-07-29 04:47:17,223 INFO Epoch 86 | Batch 700/1186 | Loss 2.44329 (Pin 0.88272 [q90 0.42901, q10 0.45371], MS 1.56057, Freq 0.00000, L1 1.95036, Spectral 0.35825, Gradient 0.62567) | LR 2.50e-06
2026-07-29 04:47:38,980 INFO Epoch 86 | Batch 750/1186 | Loss 2.37576 (Pin 0.88371 [q90 0.42607, q10 0.45764], MS 1.49205, Freq 0.00000, L1 1.93127, Spectral 0.37492, Gradient 0.64388) | LR 2.50e-06
2026-07-29 04:48:00,743 INFO Epoch 86 | Batch 800/1186 | Loss 2.32685 (Pin 0.88434 [q90 0.42551, q10 0.45883], MS 1.44251, Freq 0.00000, L1 1.92612, Spectral 0.36752, Gradient 0.63284) | LR 2.50e-06
2026-07-29 04:48:22,515 INFO Epoch 86 | Batch 850/1186 | Loss 2.26441 (Pin 0.85922 [q90 0.42401, q10 0.43521], MS 1.40519, Freq 0.00000, L1 1.90430, Spectral 0.37910, Gradient 0.64469) | LR 2.50e-06
2026-07-29 04:48:44,293 INFO Epoch 86 | Batch 900/1186 | Loss 2.38558 (Pin 0.91076 [q90 0.44957, q10 0.46120], MS 1.47481, Freq 0.00000, L1 1.98709, Spectral 0.37564, Gradient 0.64383) | LR 2.50e-06
2026-07-29 04:49:06,056 INFO Epoch 86 | Batch 950/1186 | Loss 2.29459 (Pin 0.86145 [q90 0.42887, q10 0.43258], MS 1.43314, Freq 0.00000, L1 1.88370, Spectral 0.35986, Gradient 0.61992) | LR 2.50e-06
2026-07-29 04:49:27,837 INFO Epoch 86 | Batch 1000/1186 | Loss 2.46112 (Pin 0.92638 [q90 0.44532, q10 0.48106], MS 1.53475, Freq 0.00000, L1 2.00321, Spectral 0.37956, Gradient 0.65009) | LR 2.50e-06
2026-07-29 04:49:49,601 INFO Epoch 86 | Batch 1050/1186 | Loss 2.30563 (Pin 0.86951 [q90 0.42898, q10 0.44053], MS 1.43612, Freq 0.00000, L1 1.92717, Spectral 0.37374, Gradient 0.64114) | LR 2.50e-06
2026-07-29 04:50:11,369 INFO Epoch 86 | Batch 1100/1186 | Loss 2.46327 (Pin 0.96011 [q90 0.48511, q10 0.47500], MS 1.50316, Freq 0.00000, L1 2.05175, Spectral 0.36808, Gradient 0.63805) | LR 2.50e-06
2026-07-29 04:50:33,156 INFO Epoch 86 | Batch 1150/1186 | Loss 2.32591 (Pin 0.88474 [q90 0.43050, q10 0.45424], MS 1.44117, Freq 0.00000, L1 1.95539, Spectral 0.38172, Gradient 0.65292) | LR 2.50e-06
2026-07-29 04:51:24,880 INFO Epoch 86 | Val Loss 3.01560 (Pin 0.85335 [q90 0.42029, q10 0.43306], MS 2.16225, Freq 0.00000, L1 1.90325, Spectral 0.34751, Gradient 0.60233)
2026-07-29 04:51:24,880 INFO Epoch 86 | Coverage q10/q50/q90 = 0.090/0.494/0.899 (nominal .10/.50/.90) | extreme tail = 0.123/0.472/0.852
2026-07-29 04:51:46,958 INFO Epoch 87 | Batch 50/1186 | Loss 2.36069 (Pin 0.90829 [q90 0.44801, q10 0.46027], MS 1.45240, Freq 0.00000, L1 1.96796, Spectral 0.36942, Gradient 0.62900) | LR 2.50e-06
2026-07-29 04:52:08,737 INFO Epoch 87 | Batch 100/1186 | Loss 2.36226 (Pin 0.89574 [q90 0.43269, q10 0.46305], MS 1.46652, Freq 0.00000, L1 1.97821, Spectral 0.38668, Gradient 0.66429) | LR 2.50e-06
2026-07-29 04:52:30,507 INFO Epoch 87 | Batch 150/1186 | Loss 2.34123 (Pin 0.90198 [q90 0.43957, q10 0.46241], MS 1.43925, Freq 0.00000, L1 1.96356, Spectral 0.37917, Gradient 0.64254) | LR 2.50e-06
2026-07-29 04:52:52,259 INFO Epoch 87 | Batch 200/1186 | Loss 2.47574 (Pin 0.93754 [q90 0.46290, q10 0.47465], MS 1.53819, Freq 0.00000, L1 2.01072, Spectral 0.37473, Gradient 0.64473) | LR 2.50e-06
2026-07-29 04:53:14,023 INFO Epoch 87 | Batch 250/1186 | Loss 2.34617 (Pin 0.90909 [q90 0.44566, q10 0.46343], MS 1.43708, Freq 0.00000, L1 1.97221, Spectral 0.36951, Gradient 0.63854) | LR 2.50e-06
2026-07-29 04:53:35,776 INFO Epoch 87 | Batch 300/1186 | Loss 2.22524 (Pin 0.86122 [q90 0.42434, q10 0.43688], MS 1.36401, Freq 0.00000, L1 1.88651, Spectral 0.35909, Gradient 0.61815) | LR 2.50e-06
2026-07-29 04:53:57,548 INFO Epoch 87 | Batch 350/1186 | Loss 2.40500 (Pin 0.89176 [q90 0.44224, q10 0.44953], MS 1.51324, Freq 0.00000, L1 1.95300, Spectral 0.36323, Gradient 0.63262) | LR 2.50e-06
2026-07-29 04:54:19,326 INFO Epoch 87 | Batch 400/1186 | Loss 2.25210 (Pin 0.87070 [q90 0.41865, q10 0.45205], MS 1.38140, Freq 0.00000, L1 1.92450, Spectral 0.37900, Gradient 0.64789) | LR 2.50e-06
2026-07-29 04:54:41,105 INFO Epoch 87 | Batch 450/1186 | Loss 2.29920 (Pin 0.89761 [q90 0.43559, q10 0.46203], MS 1.40158, Freq 0.00000, L1 1.94738, Spectral 0.36849, Gradient 0.63843) | LR 2.50e-06
2026-07-29 04:55:03,011 INFO Epoch 87 | Batch 500/1186 | Loss 2.33013 (Pin 0.86066 [q90 0.41793, q10 0.44272], MS 1.46947, Freq 0.00000, L1 1.90434, Spectral 0.36593, Gradient 0.62733) | LR 2.50e-06
2026-07-29 04:55:24,787 INFO Epoch 87 | Batch 550/1186 | Loss 2.38612 (Pin 0.89965 [q90 0.43458, q10 0.46508], MS 1.48647, Freq 0.00000, L1 1.96123, Spectral 0.37241, Gradient 0.63892) | LR 2.50e-06
2026-07-29 04:55:46,561 INFO Epoch 87 | Batch 600/1186 | Loss 2.29646 (Pin 0.88967 [q90 0.44226, q10 0.44741], MS 1.40679, Freq 0.00000, L1 1.92683, Spectral 0.36859, Gradient 0.62752) | LR 2.50e-06
2026-07-29 04:56:08,341 INFO Epoch 87 | Batch 650/1186 | Loss 2.46816 (Pin 0.90818 [q90 0.44262, q10 0.46557], MS 1.55997, Freq 0.00000, L1 1.98648, Spectral 0.37929, Gradient 0.65962) | LR 2.50e-06
2026-07-29 04:56:30,087 INFO Epoch 87 | Batch 700/1186 | Loss 2.28356 (Pin 0.89020 [q90 0.43534, q10 0.45485], MS 1.39337, Freq 0.00000, L1 1.94229, Spectral 0.36484, Gradient 0.62915) | LR 2.50e-06
2026-07-29 04:56:51,848 INFO Epoch 87 | Batch 750/1186 | Loss 2.43134 (Pin 0.93164 [q90 0.45784, q10 0.47380], MS 1.49970, Freq 0.00000, L1 2.00328, Spectral 0.37365, Gradient 0.64288) | LR 2.50e-06
2026-07-29 04:57:13,602 INFO Epoch 87 | Batch 800/1186 | Loss 2.32143 (Pin 0.83479 [q90 0.41365, q10 0.42114], MS 1.48664, Freq 0.00000, L1 1.86058, Spectral 0.36871, Gradient 0.62940) | LR 2.50e-06
2026-07-29 04:57:35,384 INFO Epoch 87 | Batch 850/1186 | Loss 2.40215 (Pin 0.90443 [q90 0.44250, q10 0.46193], MS 1.49772, Freq 0.00000, L1 1.97509, Spectral 0.36786, Gradient 0.64310) | LR 2.50e-06
2026-07-29 04:57:57,160 INFO Epoch 87 | Batch 900/1186 | Loss 2.34011 (Pin 0.88951 [q90 0.43548, q10 0.45403], MS 1.45060, Freq 0.00000, L1 1.94214, Spectral 0.37253, Gradient 0.63803) | LR 2.50e-06
2026-07-29 04:58:18,955 INFO Epoch 87 | Batch 950/1186 | Loss 2.37941 (Pin 0.88996 [q90 0.43457, q10 0.45539], MS 1.48945, Freq 0.00000, L1 1.96597, Spectral 0.37765, Gradient 0.65219) | LR 2.50e-06
2026-07-29 04:58:40,740 INFO Epoch 87 | Batch 1000/1186 | Loss 2.41109 (Pin 0.92041 [q90 0.44768, q10 0.47273], MS 1.49068, Freq 0.00000, L1 2.00037, Spectral 0.37139, Gradient 0.64112) | LR 2.50e-06
2026-07-29 04:59:02,531 INFO Epoch 87 | Batch 1050/1186 | Loss 2.35356 (Pin 0.92343 [q90 0.44359, q10 0.47984], MS 1.43013, Freq 0.00000, L1 2.00059, Spectral 0.36320, Gradient 0.63387) | LR 2.50e-06
2026-07-29 04:59:24,318 INFO Epoch 87 | Batch 1100/1186 | Loss 2.27895 (Pin 0.87926 [q90 0.43141, q10 0.44785], MS 1.39968, Freq 0.00000, L1 1.92207, Spectral 0.35866, Gradient 0.62394) | LR 2.50e-06
2026-07-29 04:59:46,086 INFO Epoch 87 | Batch 1150/1186 | Loss 2.31467 (Pin 0.86496 [q90 0.42710, q10 0.43786], MS 1.44971, Freq 0.00000, L1 1.92055, Spectral 0.37423, Gradient 0.64443) | LR 2.50e-06
2026-07-29 05:00:37,780 INFO Epoch 87 | Val Loss 3.00250 (Pin 0.85437 [q90 0.42021, q10 0.43416], MS 2.14813, Freq 0.00000, L1 1.89943, Spectral 0.34986, Gradient 0.60536)
2026-07-29 05:00:37,780 INFO Epoch 87 | Coverage q10/q50/q90 = 0.090/0.495/0.896 (nominal .10/.50/.90) | extreme tail = 0.122/0.471/0.849
2026-07-29 05:00:59,799 INFO Epoch 88 | Batch 50/1186 | Loss 2.36099 (Pin 0.90992 [q90 0.44503, q10 0.46489], MS 1.45107, Freq 0.00000, L1 1.97635, Spectral 0.38140, Gradient 0.65181) | LR 2.50e-06
2026-07-29 05:01:21,579 INFO Epoch 88 | Batch 100/1186 | Loss 2.34420 (Pin 0.89997 [q90 0.45201, q10 0.44795], MS 1.44424, Freq 0.00000, L1 1.96466, Spectral 0.36690, Gradient 0.62785) | LR 2.50e-06
2026-07-29 05:01:43,362 INFO Epoch 88 | Batch 150/1186 | Loss 2.25062 (Pin 0.84032 [q90 0.40666, q10 0.43365], MS 1.41030, Freq 0.00000, L1 1.85425, Spectral 0.37836, Gradient 0.64872) | LR 2.50e-06
2026-07-29 05:02:05,130 INFO Epoch 88 | Batch 200/1186 | Loss 2.35007 (Pin 0.88764 [q90 0.43385, q10 0.45379], MS 1.46243, Freq 0.00000, L1 1.93755, Spectral 0.36368, Gradient 0.63420) | LR 2.50e-06
2026-07-29 05:02:26,888 INFO Epoch 88 | Batch 250/1186 | Loss 2.35179 (Pin 0.88877 [q90 0.43431, q10 0.45446], MS 1.46302, Freq 0.00000, L1 1.95016, Spectral 0.36387, Gradient 0.63713) | LR 2.50e-06
2026-07-29 05:02:48,671 INFO Epoch 88 | Batch 300/1186 | Loss 2.43895 (Pin 0.90705 [q90 0.44126, q10 0.46579], MS 1.53190, Freq 0.00000, L1 1.97403, Spectral 0.37623, Gradient 0.64551) | LR 2.50e-06
2026-07-29 05:03:10,445 INFO Epoch 88 | Batch 350/1186 | Loss 2.39407 (Pin 0.91942 [q90 0.44185, q10 0.47757], MS 1.47465, Freq 0.00000, L1 2.00179, Spectral 0.38970, Gradient 0.66296) | LR 2.50e-06
2026-07-29 05:03:32,181 INFO Epoch 88 | Batch 400/1186 | Loss 2.44310 (Pin 0.92153 [q90 0.45271, q10 0.46882], MS 1.52157, Freq 0.00000, L1 1.99400, Spectral 0.35900, Gradient 0.62118) | LR 2.50e-06
2026-07-29 05:03:53,900 INFO Epoch 88 | Batch 450/1186 | Loss 2.36947 (Pin 0.90698 [q90 0.44427, q10 0.46272], MS 1.46248, Freq 0.00000, L1 1.97474, Spectral 0.37132, Gradient 0.63963) | LR 2.50e-06
2026-07-29 05:04:15,638 INFO Epoch 88 | Batch 500/1186 | Loss 2.30915 (Pin 0.88052 [q90 0.43853, q10 0.44199], MS 1.42864, Freq 0.00000, L1 1.91956, Spectral 0.37394, Gradient 0.63913) | LR 2.50e-06
2026-07-29 05:04:37,373 INFO Epoch 88 | Batch 550/1186 | Loss 2.25748 (Pin 0.86707 [q90 0.42346, q10 0.44361], MS 1.39041, Freq 0.00000, L1 1.90131, Spectral 0.36830, Gradient 0.62926) | LR 2.50e-06
2026-07-29 05:04:59,122 INFO Epoch 88 | Batch 600/1186 | Loss 2.42835 (Pin 0.91154 [q90 0.44608, q10 0.46546], MS 1.51681, Freq 0.00000, L1 1.99193, Spectral 0.36500, Gradient 0.63234) | LR 2.50e-06
2026-07-29 05:05:20,887 INFO Epoch 88 | Batch 650/1186 | Loss 2.27325 (Pin 0.87653 [q90 0.42896, q10 0.44757], MS 1.39672, Freq 0.00000, L1 1.94331, Spectral 0.37119, Gradient 0.63671) | LR 2.50e-06
2026-07-29 05:05:42,640 INFO Epoch 88 | Batch 700/1186 | Loss 2.32453 (Pin 0.90806 [q90 0.44309, q10 0.46498], MS 1.41647, Freq 0.00000, L1 1.97576, Spectral 0.37687, Gradient 0.64531) | LR 2.50e-06
2026-07-29 05:06:04,392 INFO Epoch 88 | Batch 750/1186 | Loss 2.41422 (Pin 0.93447 [q90 0.44829, q10 0.48618], MS 1.47975, Freq 0.00000, L1 2.01682, Spectral 0.36762, Gradient 0.63250) | LR 2.50e-06
2026-07-29 05:06:26,151 INFO Epoch 88 | Batch 800/1186 | Loss 2.38586 (Pin 0.87200 [q90 0.42778, q10 0.44422], MS 1.51386, Freq 0.00000, L1 1.92435, Spectral 0.36503, Gradient 0.63118) | LR 2.50e-06
2026-07-29 05:06:47,898 INFO Epoch 88 | Batch 850/1186 | Loss 2.44036 (Pin 0.91960 [q90 0.45381, q10 0.46579], MS 1.52076, Freq 0.00000, L1 1.99403, Spectral 0.37347, Gradient 0.64436) | LR 2.50e-06
2026-07-29 05:07:09,659 INFO Epoch 88 | Batch 900/1186 | Loss 2.29026 (Pin 0.87834 [q90 0.43182, q10 0.44652], MS 1.41192, Freq 0.00000, L1 1.95672, Spectral 0.37395, Gradient 0.64528) | LR 2.50e-06
2026-07-29 05:07:31,409 INFO Epoch 88 | Batch 950/1186 | Loss 2.26902 (Pin 0.86403 [q90 0.41883, q10 0.44519], MS 1.40499, Freq 0.00000, L1 1.90665, Spectral 0.37070, Gradient 0.63622) | LR 2.50e-06
2026-07-29 05:07:53,165 INFO Epoch 88 | Batch 1000/1186 | Loss 2.39083 (Pin 0.92803 [q90 0.44603, q10 0.48200], MS 1.46280, Freq 0.00000, L1 2.00366, Spectral 0.38274, Gradient 0.64877) | LR 2.50e-06
2026-07-29 05:08:14,917 INFO Epoch 88 | Batch 1050/1186 | Loss 2.38295 (Pin 0.88169 [q90 0.42865, q10 0.45304], MS 1.50126, Freq 0.00000, L1 1.92994, Spectral 0.36260, Gradient 0.62851) | LR 2.50e-06
2026-07-29 05:08:36,687 INFO Epoch 88 | Batch 1100/1186 | Loss 2.31255 (Pin 0.87763 [q90 0.43092, q10 0.44671], MS 1.43492, Freq 0.00000, L1 1.91843, Spectral 0.35885, Gradient 0.62180) | LR 2.50e-06
2026-07-29 05:08:58,460 INFO Epoch 88 | Batch 1150/1186 | Loss 2.33397 (Pin 0.88197 [q90 0.43696, q10 0.44501], MS 1.45200, Freq 0.00000, L1 1.92696, Spectral 0.36793, Gradient 0.63100) | LR 2.50e-06
2026-07-29 05:09:50,328 INFO Epoch 88 | Val Loss 3.00760 (Pin 0.85350 [q90 0.42021, q10 0.43330], MS 2.15410, Freq 0.00000, L1 1.89373, Spectral 0.34664, Gradient 0.59854)
2026-07-29 05:09:50,328 INFO Epoch 88 | Coverage q10/q50/q90 = 0.091/0.495/0.897 (nominal .10/.50/.90) | extreme tail = 0.124/0.471/0.849
2026-07-29 05:10:12,395 INFO Epoch 89 | Batch 50/1186 | Loss 2.35962 (Pin 0.90262 [q90 0.43689, q10 0.46573], MS 1.45700, Freq 0.00000, L1 1.98638, Spectral 0.38334, Gradient 0.65772) | LR 2.50e-06
2026-07-29 05:10:34,152 INFO Epoch 89 | Batch 100/1186 | Loss 2.20564 (Pin 0.84215 [q90 0.41142, q10 0.43073], MS 1.36349, Freq 0.00000, L1 1.85803, Spectral 0.37091, Gradient 0.63157) | LR 2.50e-06
2026-07-29 05:10:55,902 INFO Epoch 89 | Batch 150/1186 | Loss 2.43285 (Pin 0.90228 [q90 0.44182, q10 0.46046], MS 1.53056, Freq 0.00000, L1 1.99420, Spectral 0.37323, Gradient 0.64550) | LR 2.50e-06
2026-07-29 05:11:17,676 INFO Epoch 89 | Batch 200/1186 | Loss 2.34577 (Pin 0.88340 [q90 0.42815, q10 0.45525], MS 1.46237, Freq 0.00000, L1 1.95371, Spectral 0.37028, Gradient 0.64279) | LR 2.50e-06
2026-07-29 05:11:39,430 INFO Epoch 89 | Batch 250/1186 | Loss 2.35751 (Pin 0.88181 [q90 0.43156, q10 0.45025], MS 1.47570, Freq 0.00000, L1 1.95331, Spectral 0.37840, Gradient 0.64652) | LR 2.50e-06
2026-07-29 05:12:01,194 INFO Epoch 89 | Batch 300/1186 | Loss 2.30157 (Pin 0.89266 [q90 0.44044, q10 0.45222], MS 1.40891, Freq 0.00000, L1 1.96644, Spectral 0.36127, Gradient 0.62205) | LR 2.50e-06
2026-07-29 05:12:22,960 INFO Epoch 89 | Batch 350/1186 | Loss 2.31784 (Pin 0.89721 [q90 0.44346, q10 0.45375], MS 1.42063, Freq 0.00000, L1 1.95574, Spectral 0.37300, Gradient 0.63719) | LR 2.50e-06
2026-07-29 05:12:44,715 INFO Epoch 89 | Batch 400/1186 | Loss 2.37299 (Pin 0.89277 [q90 0.43568, q10 0.45709], MS 1.48022, Freq 0.00000, L1 1.97789, Spectral 0.38199, Gradient 0.65088) | LR 2.50e-06
2026-07-29 05:13:06,468 INFO Epoch 89 | Batch 450/1186 | Loss 2.26965 (Pin 0.85913 [q90 0.41910, q10 0.44003], MS 1.41052, Freq 0.00000, L1 1.89905, Spectral 0.36485, Gradient 0.62786) | LR 2.50e-06
2026-07-29 05:13:28,228 INFO Epoch 89 | Batch 500/1186 | Loss 2.23847 (Pin 0.85667 [q90 0.42101, q10 0.43566], MS 1.38181, Freq 0.00000, L1 1.88454, Spectral 0.35989, Gradient 0.62160) | LR 2.50e-06
2026-07-29 05:13:49,985 INFO Epoch 89 | Batch 550/1186 | Loss 2.34135 (Pin 0.87105 [q90 0.42641, q10 0.44463], MS 1.47030, Freq 0.00000, L1 1.91387, Spectral 0.37772, Gradient 0.64416) | LR 2.50e-06
2026-07-29 05:14:11,737 INFO Epoch 89 | Batch 600/1186 | Loss 2.35340 (Pin 0.89740 [q90 0.44373, q10 0.45368], MS 1.45600, Freq 0.00000, L1 1.97075, Spectral 0.37403, Gradient 0.64314) | LR 2.50e-06
2026-07-29 05:14:33,498 INFO Epoch 89 | Batch 650/1186 | Loss 2.32422 (Pin 0.88450 [q90 0.42894, q10 0.45556], MS 1.43972, Freq 0.00000, L1 1.92250, Spectral 0.36884, Gradient 0.63393) | LR 2.50e-06
2026-07-29 05:14:55,250 INFO Epoch 89 | Batch 700/1186 | Loss 2.38079 (Pin 0.89362 [q90 0.43604, q10 0.45758], MS 1.48717, Freq 0.00000, L1 1.94810, Spectral 0.37710, Gradient 0.64250) | LR 2.50e-06
2026-07-29 05:15:17,016 INFO Epoch 89 | Batch 750/1186 | Loss 2.41611 (Pin 0.93563 [q90 0.44671, q10 0.48893], MS 1.48048, Freq 0.00000, L1 2.00475, Spectral 0.37726, Gradient 0.64287) | LR 2.50e-06
2026-07-29 05:15:38,765 INFO Epoch 89 | Batch 800/1186 | Loss 2.35679 (Pin 0.91669 [q90 0.45004, q10 0.46665], MS 1.44011, Freq 0.00000, L1 1.96993, Spectral 0.36002, Gradient 0.62519) | LR 2.50e-06
2026-07-29 05:16:00,531 INFO Epoch 89 | Batch 850/1186 | Loss 2.35580 (Pin 0.90143 [q90 0.44061, q10 0.46082], MS 1.45437, Freq 0.00000, L1 1.96124, Spectral 0.36821, Gradient 0.64302) | LR 2.50e-06
2026-07-29 05:16:22,281 INFO Epoch 89 | Batch 900/1186 | Loss 2.44995 (Pin 0.92077 [q90 0.45419, q10 0.46658], MS 1.52918, Freq 0.00000, L1 1.98319, Spectral 0.37256, Gradient 0.63891) | LR 2.50e-06
2026-07-29 05:16:44,043 INFO Epoch 89 | Batch 950/1186 | Loss 2.42476 (Pin 0.92219 [q90 0.44896, q10 0.47323], MS 1.50257, Freq 0.00000, L1 1.98831, Spectral 0.35169, Gradient 0.61710) | LR 2.50e-06
2026-07-29 05:17:05,785 INFO Epoch 89 | Batch 1000/1186 | Loss 2.36509 (Pin 0.89326 [q90 0.43103, q10 0.46223], MS 1.47183, Freq 0.00000, L1 1.94982, Spectral 0.38462, Gradient 0.65452) | LR 2.50e-06
2026-07-29 05:17:27,544 INFO Epoch 89 | Batch 1050/1186 | Loss 2.45026 (Pin 0.92517 [q90 0.44860, q10 0.47657], MS 1.52509, Freq 0.00000, L1 2.01918, Spectral 0.36681, Gradient 0.64280) | LR 2.50e-06
2026-07-29 05:17:49,309 INFO Epoch 89 | Batch 1100/1186 | Loss 2.35983 (Pin 0.90659 [q90 0.44790, q10 0.45869], MS 1.45324, Freq 0.00000, L1 1.97495, Spectral 0.36904, Gradient 0.63456) | LR 2.50e-06
2026-07-29 05:18:11,078 INFO Epoch 89 | Batch 1150/1186 | Loss 2.36961 (Pin 0.90465 [q90 0.45240, q10 0.45225], MS 1.46496, Freq 0.00000, L1 1.96306, Spectral 0.36233, Gradient 0.62940) | LR 2.50e-06
2026-07-29 05:19:02,772 INFO Epoch 89 | Val Loss 3.00632 (Pin 0.85419 [q90 0.42067, q10 0.43352], MS 2.15213, Freq 0.00000, L1 1.89954, Spectral 0.35081, Gradient 0.60693)
2026-07-29 05:19:02,773 INFO Epoch 89 | Coverage q10/q50/q90 = 0.084/0.487/0.895 (nominal .10/.50/.90) | extreme tail = 0.122/0.471/0.848
2026-07-29 05:19:24,847 INFO Epoch 90 | Batch 50/1186 | Loss 2.32617 (Pin 0.88497 [q90 0.43484, q10 0.45013], MS 1.44120, Freq 0.00000, L1 1.94707, Spectral 0.36712, Gradient 0.63008) | LR 1.25e-06
2026-07-29 05:19:46,602 INFO Epoch 90 | Batch 100/1186 | Loss 2.29975 (Pin 0.86373 [q90 0.42212, q10 0.44161], MS 1.43602, Freq 0.00000, L1 1.88452, Spectral 0.36465, Gradient 0.62370) | LR 1.25e-06
2026-07-29 05:20:08,370 INFO Epoch 90 | Batch 150/1186 | Loss 2.36607 (Pin 0.91724 [q90 0.45613, q10 0.46111], MS 1.44883, Freq 0.00000, L1 1.98431, Spectral 0.39175, Gradient 0.66747) | LR 1.25e-06
2026-07-29 05:20:30,120 INFO Epoch 90 | Batch 200/1186 | Loss 2.36803 (Pin 0.91306 [q90 0.43922, q10 0.47384], MS 1.45497, Freq 0.00000, L1 1.97138, Spectral 0.35476, Gradient 0.61589) | LR 1.25e-06
2026-07-29 05:20:51,874 INFO Epoch 90 | Batch 250/1186 | Loss 2.43516 (Pin 0.92188 [q90 0.44705, q10 0.47482], MS 1.51328, Freq 0.00000, L1 1.99338, Spectral 0.37703, Gradient 0.64624) | LR 1.25e-06
2026-07-29 05:21:13,641 INFO Epoch 90 | Batch 300/1186 | Loss 2.26583 (Pin 0.85998 [q90 0.42717, q10 0.43281], MS 1.40585, Freq 0.00000, L1 1.89420, Spectral 0.35914, Gradient 0.62213) | LR 1.25e-06
2026-07-29 05:21:35,400 INFO Epoch 90 | Batch 350/1186 | Loss 2.30470 (Pin 0.90584 [q90 0.44778, q10 0.45806], MS 1.39885, Freq 0.00000, L1 1.98308, Spectral 0.37183, Gradient 0.64153) | LR 1.25e-06
2026-07-29 05:21:57,168 INFO Epoch 90 | Batch 400/1186 | Loss 2.33173 (Pin 0.88912 [q90 0.43592, q10 0.45320], MS 1.44261, Freq 0.00000, L1 1.94525, Spectral 0.36243, Gradient 0.62665) | LR 1.25e-06
2026-07-29 05:22:18,919 INFO Epoch 90 | Batch 450/1186 | Loss 2.28763 (Pin 0.87540 [q90 0.43133, q10 0.44407], MS 1.41223, Freq 0.00000, L1 1.92536, Spectral 0.36994, Gradient 0.63554) | LR 1.25e-06
2026-07-29 05:22:40,679 INFO Epoch 90 | Batch 500/1186 | Loss 2.27058 (Pin 0.85733 [q90 0.41595, q10 0.44138], MS 1.41324, Freq 0.00000, L1 1.88797, Spectral 0.35574, Gradient 0.61494) | LR 1.25e-06
2026-07-29 05:23:02,439 INFO Epoch 90 | Batch 550/1186 | Loss 2.44772 (Pin 0.93422 [q90 0.45966, q10 0.47456], MS 1.51350, Freq 0.00000, L1 2.00321, Spectral 0.36073, Gradient 0.63261) | LR 1.25e-06
2026-07-29 05:23:24,203 INFO Epoch 90 | Batch 600/1186 | Loss 2.34949 (Pin 0.89713 [q90 0.42937, q10 0.46776], MS 1.45236, Freq 0.00000, L1 1.95399, Spectral 0.37887, Gradient 0.65339) | LR 1.25e-06
2026-07-29 05:23:45,970 INFO Epoch 90 | Batch 650/1186 | Loss 2.36108 (Pin 0.91448 [q90 0.45295, q10 0.46153], MS 1.44659, Freq 0.00000, L1 1.99596, Spectral 0.38796, Gradient 0.65825) | LR 1.25e-06
2026-07-29 05:24:07,728 INFO Epoch 90 | Batch 700/1186 | Loss 2.25208 (Pin 0.86962 [q90 0.42249, q10 0.44713], MS 1.38246, Freq 0.00000, L1 1.93440, Spectral 0.37242, Gradient 0.63708) | LR 1.25e-06
2026-07-29 05:24:29,495 INFO Epoch 90 | Batch 750/1186 | Loss 2.39604 (Pin 0.88338 [q90 0.43469, q10 0.44869], MS 1.51266, Freq 0.00000, L1 1.93784, Spectral 0.38650, Gradient 0.65526) | LR 1.25e-06
2026-07-29 05:24:51,244 INFO Epoch 90 | Batch 800/1186 | Loss 2.33977 (Pin 0.88865 [q90 0.43580, q10 0.45285], MS 1.45112, Freq 0.00000, L1 1.93686, Spectral 0.37024, Gradient 0.64060) | LR 1.25e-06
2026-07-29 05:25:13,002 INFO Epoch 90 | Batch 850/1186 | Loss 2.33668 (Pin 0.88176 [q90 0.43236, q10 0.44940], MS 1.45492, Freq 0.00000, L1 1.93630, Spectral 0.36750, Gradient 0.63774) | LR 1.25e-06
2026-07-29 05:25:34,749 INFO Epoch 90 | Batch 900/1186 | Loss 2.35839 (Pin 0.89366 [q90 0.43536, q10 0.45830], MS 1.46473, Freq 0.00000, L1 1.95772, Spectral 0.36687, Gradient 0.63173) | LR 1.25e-06
2026-07-29 05:25:56,501 INFO Epoch 90 | Batch 950/1186 | Loss 2.34065 (Pin 0.89036 [q90 0.42654, q10 0.46382], MS 1.45029, Freq 0.00000, L1 1.93648, Spectral 0.35785, Gradient 0.61787) | LR 1.25e-06
2026-07-29 05:26:18,256 INFO Epoch 90 | Batch 1000/1186 | Loss 2.36985 (Pin 0.90300 [q90 0.44383, q10 0.45917], MS 1.46685, Freq 0.00000, L1 1.98048, Spectral 0.38351, Gradient 0.65732) | LR 1.25e-06
2026-07-29 05:26:40,027 INFO Epoch 90 | Batch 1050/1186 | Loss 2.35520 (Pin 0.90222 [q90 0.44322, q10 0.45900], MS 1.45298, Freq 0.00000, L1 1.94221, Spectral 0.35134, Gradient 0.61656) | LR 1.25e-06
2026-07-29 05:27:01,777 INFO Epoch 90 | Batch 1100/1186 | Loss 2.40477 (Pin 0.90559 [q90 0.44507, q10 0.46052], MS 1.49918, Freq 0.00000, L1 1.96734, Spectral 0.37169, Gradient 0.64410) | LR 1.25e-06
2026-07-29 05:27:23,542 INFO Epoch 90 | Batch 1150/1186 | Loss 2.30874 (Pin 0.89744 [q90 0.43363, q10 0.46381], MS 1.41130, Freq 0.00000, L1 1.96626, Spectral 0.38473, Gradient 0.65173) | LR 1.25e-06
2026-07-29 05:28:14,853 INFO Epoch 90 | Val Loss 3.01460 (Pin 0.85395 [q90 0.42014, q10 0.43381], MS 2.16065, Freq 0.00000, L1 1.90629, Spectral 0.35472, Gradient 0.61457)
2026-07-29 05:28:14,853 INFO Epoch 90 | Coverage q10/q50/q90 = 0.087/0.490/0.897 (nominal .10/.50/.90) | extreme tail = 0.126/0.466/0.850
2026-07-29 05:28:36,923 INFO Epoch 91 | Batch 50/1186 | Loss 2.44066 (Pin 0.95083 [q90 0.45991, q10 0.49092], MS 1.48983, Freq 0.00000, L1 2.03244, Spectral 0.37385, Gradient 0.64865) | LR 1.25e-06
2026-07-29 05:28:58,681 INFO Epoch 91 | Batch 100/1186 | Loss 2.20361 (Pin 0.86437 [q90 0.41688, q10 0.44749], MS 1.33923, Freq 0.00000, L1 1.92534, Spectral 0.37031, Gradient 0.63980) | LR 1.25e-06
2026-07-29 05:29:20,441 INFO Epoch 91 | Batch 150/1186 | Loss 2.37170 (Pin 0.90533 [q90 0.43885, q10 0.46648], MS 1.46637, Freq 0.00000, L1 1.96533, Spectral 0.37074, Gradient 0.63676) | LR 1.25e-06
2026-07-29 05:29:42,183 INFO Epoch 91 | Batch 200/1186 | Loss 2.28958 (Pin 0.86328 [q90 0.42704, q10 0.43624], MS 1.42629, Freq 0.00000, L1 1.88774, Spectral 0.36778, Gradient 0.62724) | LR 1.25e-06
2026-07-29 05:30:03,941 INFO Epoch 91 | Batch 250/1186 | Loss 2.29072 (Pin 0.88284 [q90 0.43032, q10 0.45252], MS 1.40788, Freq 0.00000, L1 1.95132, Spectral 0.36898, Gradient 0.63637) | LR 1.25e-06
2026-07-29 05:30:25,696 INFO Epoch 91 | Batch 300/1186 | Loss 2.42163 (Pin 0.91253 [q90 0.44272, q10 0.46981], MS 1.50910, Freq 0.00000, L1 1.98654, Spectral 0.37890, Gradient 0.65250) | LR 1.25e-06
2026-07-29 05:30:47,450 INFO Epoch 91 | Batch 350/1186 | Loss 2.41873 (Pin 0.91810 [q90 0.44653, q10 0.47157], MS 1.50063, Freq 0.00000, L1 2.00198, Spectral 0.36711, Gradient 0.64186) | LR 1.25e-06
2026-07-29 05:31:09,200 INFO Epoch 91 | Batch 400/1186 | Loss 2.31962 (Pin 0.89016 [q90 0.44103, q10 0.44913], MS 1.42945, Freq 0.00000, L1 1.95106, Spectral 0.36914, Gradient 0.63202) | LR 1.25e-06
2026-07-29 05:31:30,959 INFO Epoch 91 | Batch 450/1186 | Loss 2.31476 (Pin 0.89687 [q90 0.44213, q10 0.45474], MS 1.41790, Freq 0.00000, L1 1.95476, Spectral 0.36828, Gradient 0.63727) | LR 1.25e-06
2026-07-29 05:31:52,727 INFO Epoch 91 | Batch 500/1186 | Loss 2.21909 (Pin 0.83870 [q90 0.41322, q10 0.42548], MS 1.38039, Freq 0.00000, L1 1.87590, Spectral 0.38059, Gradient 0.64256) | LR 1.25e-06
2026-07-29 05:32:14,465 INFO Epoch 91 | Batch 550/1186 | Loss 2.27007 (Pin 0.89651 [q90 0.43405, q10 0.46246], MS 1.37357, Freq 0.00000, L1 1.94734, Spectral 0.37899, Gradient 0.64502) | LR 1.25e-06
2026-07-29 05:32:36,212 INFO Epoch 91 | Batch 600/1186 | Loss 2.34638 (Pin 0.87375 [q90 0.42802, q10 0.44573], MS 1.47264, Freq 0.00000, L1 1.93059, Spectral 0.36813, Gradient 0.63334) | LR 1.25e-06
2026-07-29 05:32:57,978 INFO Epoch 91 | Batch 650/1186 | Loss 2.30559 (Pin 0.87680 [q90 0.42448, q10 0.45232], MS 1.42879, Freq 0.00000, L1 1.92955, Spectral 0.36927, Gradient 0.63514) | LR 1.25e-06
2026-07-29 05:33:19,736 INFO Epoch 91 | Batch 700/1186 | Loss 2.38563 (Pin 0.93531 [q90 0.46181, q10 0.47350], MS 1.45032, Freq 0.00000, L1 2.00445, Spectral 0.37229, Gradient 0.63884) | LR 1.25e-06
2026-07-29 05:33:41,491 INFO Epoch 91 | Batch 750/1186 | Loss 2.25083 (Pin 0.85992 [q90 0.42271, q10 0.43722], MS 1.39091, Freq 0.00000, L1 1.88244, Spectral 0.36043, Gradient 0.62472) | LR 1.25e-06
2026-07-29 05:34:03,253 INFO Epoch 91 | Batch 800/1186 | Loss 2.39074 (Pin 0.92155 [q90 0.44925, q10 0.47230], MS 1.46919, Freq 0.00000, L1 2.00880, Spectral 0.36111, Gradient 0.63339) | LR 1.25e-06
2026-07-29 05:34:25,013 INFO Epoch 91 | Batch 850/1186 | Loss 2.37046 (Pin 0.91650 [q90 0.45135, q10 0.46515], MS 1.45396, Freq 0.00000, L1 1.98071, Spectral 0.37588, Gradient 0.64696) | LR 1.25e-06
2026-07-29 05:34:46,781 INFO Epoch 91 | Batch 900/1186 | Loss 2.29353 (Pin 0.89571 [q90 0.43697, q10 0.45874], MS 1.39782, Freq 0.00000, L1 1.94188, Spectral 0.36302, Gradient 0.62847) | LR 1.25e-06
2026-07-29 05:35:08,528 INFO Epoch 91 | Batch 950/1186 | Loss 2.25957 (Pin 0.87358 [q90 0.43125, q10 0.44233], MS 1.38599, Freq 0.00000, L1 1.91788, Spectral 0.36924, Gradient 0.63603) | LR 1.25e-06
2026-07-29 05:35:30,289 INFO Epoch 91 | Batch 1000/1186 | Loss 2.30011 (Pin 0.88182 [q90 0.43071, q10 0.45111], MS 1.41829, Freq 0.00000, L1 1.92306, Spectral 0.36795, Gradient 0.62448) | LR 1.25e-06
2026-07-29 05:35:52,045 INFO Epoch 91 | Batch 1050/1186 | Loss 2.36249 (Pin 0.90549 [q90 0.44503, q10 0.46046], MS 1.45701, Freq 0.00000, L1 1.96340, Spectral 0.37939, Gradient 0.64739) | LR 1.25e-06
2026-07-29 05:36:13,785 INFO Epoch 91 | Batch 1100/1186 | Loss 2.31068 (Pin 0.86769 [q90 0.42483, q10 0.44286], MS 1.44299, Freq 0.00000, L1 1.91200, Spectral 0.36782, Gradient 0.64121) | LR 1.25e-06
2026-07-29 05:36:35,533 INFO Epoch 91 | Batch 1150/1186 | Loss 2.31255 (Pin 0.89296 [q90 0.43927, q10 0.45369], MS 1.41959, Freq 0.00000, L1 1.94909, Spectral 0.37053, Gradient 0.63499) | LR 1.25e-06
2026-07-29 05:37:27,551 INFO Epoch 91 | Val Loss 2.99625 (Pin 0.85374 [q90 0.42046, q10 0.43328], MS 2.14251, Freq 0.00000, L1 1.89483, Spectral 0.35076, Gradient 0.60562)
2026-07-29 05:37:27,551 INFO Epoch 91 | Coverage q10/q50/q90 = 0.087/0.488/0.895 (nominal .10/.50/.90) | extreme tail = 0.124/0.467/0.847
2026-07-29 05:37:49,601 INFO Epoch 92 | Batch 50/1186 | Loss 2.42909 (Pin 0.91381 [q90 0.44503, q10 0.46878], MS 1.51528, Freq 0.00000, L1 1.98780, Spectral 0.36977, Gradient 0.64361) | LR 1.25e-06
2026-07-29 05:38:11,363 INFO Epoch 92 | Batch 100/1186 | Loss 2.35355 (Pin 0.89868 [q90 0.44488, q10 0.45380], MS 1.45488, Freq 0.00000, L1 1.97863, Spectral 0.37374, Gradient 0.64432) | LR 1.25e-06
2026-07-29 05:38:33,111 INFO Epoch 92 | Batch 150/1186 | Loss 2.33584 (Pin 0.88984 [q90 0.43551, q10 0.45434], MS 1.44599, Freq 0.00000, L1 1.94613, Spectral 0.36292, Gradient 0.62396) | LR 1.25e-06
2026-07-29 05:38:54,870 INFO Epoch 92 | Batch 200/1186 | Loss 2.28255 (Pin 0.88431 [q90 0.43616, q10 0.44815], MS 1.39823, Freq 0.00000, L1 1.91522, Spectral 0.36106, Gradient 0.61909) | LR 1.25e-06
2026-07-29 05:39:16,619 INFO Epoch 92 | Batch 250/1186 | Loss 2.37997 (Pin 0.93746 [q90 0.46628, q10 0.47117], MS 1.44252, Freq 0.00000, L1 1.99289, Spectral 0.37031, Gradient 0.63938) | LR 1.25e-06
2026-07-29 05:39:38,373 INFO Epoch 92 | Batch 300/1186 | Loss 2.41644 (Pin 0.90095 [q90 0.44773, q10 0.45322], MS 1.51549, Freq 0.00000, L1 1.96892, Spectral 0.36912, Gradient 0.63869) | LR 1.25e-06
2026-07-29 05:40:00,122 INFO Epoch 92 | Batch 350/1186 | Loss 2.35088 (Pin 0.88721 [q90 0.43235, q10 0.45486], MS 1.46367, Freq 0.00000, L1 1.94449, Spectral 0.37861, Gradient 0.65052) | LR 1.25e-06
2026-07-29 05:40:21,866 INFO Epoch 92 | Batch 400/1186 | Loss 2.35967 (Pin 0.89624 [q90 0.43854, q10 0.45770], MS 1.46343, Freq 0.00000, L1 1.96579, Spectral 0.35878, Gradient 0.62925) | LR 1.25e-06
2026-07-29 05:40:43,632 INFO Epoch 92 | Batch 450/1186 | Loss 2.29812 (Pin 0.88938 [q90 0.43197, q10 0.45741], MS 1.40874, Freq 0.00000, L1 1.93115, Spectral 0.36844, Gradient 0.63290) | LR 1.25e-06
2026-07-29 05:41:05,381 INFO Epoch 92 | Batch 500/1186 | Loss 2.35883 (Pin 0.88057 [q90 0.43156, q10 0.44901], MS 1.47826, Freq 0.00000, L1 1.93706, Spectral 0.37803, Gradient 0.64341) | LR 1.25e-06
2026-07-29 05:41:27,150 INFO Epoch 92 | Batch 550/1186 | Loss 2.31612 (Pin 0.87905 [q90 0.42798, q10 0.45107], MS 1.43707, Freq 0.00000, L1 1.91816, Spectral 0.37081, Gradient 0.62943) | LR 1.25e-06
2026-07-29 05:41:48,901 INFO Epoch 92 | Batch 600/1186 | Loss 2.32791 (Pin 0.89518 [q90 0.43064, q10 0.46453], MS 1.43273, Freq 0.00000, L1 1.95169, Spectral 0.38384, Gradient 0.65059) | LR 1.25e-06
2026-07-29 05:42:10,669 INFO Epoch 92 | Batch 650/1186 | Loss 2.27671 (Pin 0.87301 [q90 0.42390, q10 0.44911], MS 1.40370, Freq 0.00000, L1 1.91440, Spectral 0.35586, Gradient 0.61896) | LR 1.25e-06
2026-07-29 05:42:32,422 INFO Epoch 92 | Batch 700/1186 | Loss 2.37324 (Pin 0.89554 [q90 0.43804, q10 0.45750], MS 1.47770, Freq 0.00000, L1 1.94656, Spectral 0.35848, Gradient 0.62465) | LR 1.25e-06
2026-07-29 05:42:54,183 INFO Epoch 92 | Batch 750/1186 | Loss 2.28380 (Pin 0.89672 [q90 0.43921, q10 0.45752], MS 1.38708, Freq 0.00000, L1 1.95539, Spectral 0.37062, Gradient 0.64037) | LR 1.25e-06
2026-07-29 05:43:15,933 INFO Epoch 92 | Batch 800/1186 | Loss 2.38267 (Pin 0.90964 [q90 0.44076, q10 0.46888], MS 1.47303, Freq 0.00000, L1 1.98333, Spectral 0.36621, Gradient 0.63836) | LR 1.25e-06
2026-07-29 05:43:37,695 INFO Epoch 92 | Batch 850/1186 | Loss 2.32179 (Pin 0.86573 [q90 0.42414, q10 0.44160], MS 1.45606, Freq 0.00000, L1 1.92131, Spectral 0.37442, Gradient 0.63934) | LR 1.25e-06
2026-07-29 05:43:59,445 INFO Epoch 92 | Batch 900/1186 | Loss 2.36987 (Pin 0.90732 [q90 0.44720, q10 0.46012], MS 1.46255, Freq 0.00000, L1 1.99139, Spectral 0.38037, Gradient 0.65094) | LR 1.25e-06
2026-07-29 05:44:21,196 INFO Epoch 92 | Batch 950/1186 | Loss 2.25151 (Pin 0.87219 [q90 0.42798, q10 0.44422], MS 1.37931, Freq 0.00000, L1 1.92137, Spectral 0.37424, Gradient 0.63608) | LR 1.25e-06
2026-07-29 05:44:42,951 INFO Epoch 92 | Batch 1000/1186 | Loss 2.31945 (Pin 0.89075 [q90 0.42838, q10 0.46237], MS 1.42870, Freq 0.00000, L1 1.95441, Spectral 0.37959, Gradient 0.65061) | LR 1.25e-06
2026-07-29 05:45:04,697 INFO Epoch 92 | Batch 1050/1186 | Loss 2.36932 (Pin 0.88582 [q90 0.43678, q10 0.44904], MS 1.48350, Freq 0.00000, L1 1.94674, Spectral 0.36811, Gradient 0.63756) | LR 1.25e-06
2026-07-29 05:45:26,462 INFO Epoch 92 | Batch 1100/1186 | Loss 2.30190 (Pin 0.88622 [q90 0.43439, q10 0.45182], MS 1.41568, Freq 0.00000, L1 1.94546, Spectral 0.36930, Gradient 0.63366) | LR 1.25e-06
2026-07-29 05:45:48,214 INFO Epoch 92 | Batch 1150/1186 | Loss 2.36395 (Pin 0.92216 [q90 0.44827, q10 0.47389], MS 1.44179, Freq 0.00000, L1 1.96953, Spectral 0.35771, Gradient 0.61761) | LR 1.25e-06
2026-07-29 05:46:39,547 INFO Epoch 92 | Val Loss 2.98592 (Pin 0.85288 [q90 0.41986, q10 0.43302], MS 2.13305, Freq 0.00000, L1 1.89464, Spectral 0.34889, Gradient 0.60270)
2026-07-29 05:46:39,547 INFO Epoch 92 | Coverage q10/q50/q90 = 0.085/0.488/0.897 (nominal .10/.50/.90) | extreme tail = 0.123/0.470/0.855
2026-07-29 05:47:01,596 INFO Epoch 93 | Batch 50/1186 | Loss 2.38065 (Pin 0.90363 [q90 0.43777, q10 0.46586], MS 1.47702, Freq 0.00000, L1 1.97410, Spectral 0.38343, Gradient 0.65802) | LR 1.25e-06
2026-07-29 05:47:23,357 INFO Epoch 93 | Batch 100/1186 | Loss 2.38133 (Pin 0.88959 [q90 0.43814, q10 0.45146], MS 1.49174, Freq 0.00000, L1 1.96084, Spectral 0.38083, Gradient 0.65372) | LR 1.25e-06
2026-07-29 05:47:45,113 INFO Epoch 93 | Batch 150/1186 | Loss 2.32092 (Pin 0.90333 [q90 0.44290, q10 0.46043], MS 1.41759, Freq 0.00000, L1 1.97301, Spectral 0.37357, Gradient 0.64287) | LR 1.25e-06
2026-07-29 05:48:06,865 INFO Epoch 93 | Batch 200/1186 | Loss 2.26317 (Pin 0.88003 [q90 0.42792, q10 0.45211], MS 1.38313, Freq 0.00000, L1 1.91783, Spectral 0.36195, Gradient 0.62860) | LR 1.25e-06
2026-07-29 05:48:28,622 INFO Epoch 93 | Batch 250/1186 | Loss 2.28269 (Pin 0.90471 [q90 0.44258, q10 0.46213], MS 1.37798, Freq 0.00000, L1 1.97247, Spectral 0.36539, Gradient 0.63664) | LR 1.25e-06
2026-07-29 05:48:50,379 INFO Epoch 93 | Batch 300/1186 | Loss 2.25198 (Pin 0.87142 [q90 0.42394, q10 0.44749], MS 1.38055, Freq 0.00000, L1 1.92920, Spectral 0.38102, Gradient 0.65441) | LR 1.25e-06
2026-07-29 05:49:12,147 INFO Epoch 93 | Batch 350/1186 | Loss 2.29089 (Pin 0.87400 [q90 0.42766, q10 0.44634], MS 1.41688, Freq 0.00000, L1 1.93938, Spectral 0.38260, Gradient 0.65371) | LR 1.25e-06
2026-07-29 05:49:33,914 INFO Epoch 93 | Batch 400/1186 | Loss 2.34855 (Pin 0.88927 [q90 0.44151, q10 0.44776], MS 1.45927, Freq 0.00000, L1 1.93800, Spectral 0.35712, Gradient 0.62178) | LR 1.25e-06
2026-07-29 05:49:55,675 INFO Epoch 93 | Batch 450/1186 | Loss 2.37909 (Pin 0.90685 [q90 0.44141, q10 0.46543], MS 1.47224, Freq 0.00000, L1 1.95853, Spectral 0.36797, Gradient 0.63241) | LR 1.25e-06
2026-07-29 05:50:17,426 INFO Epoch 93 | Batch 500/1186 | Loss 2.27523 (Pin 0.86964 [q90 0.42565, q10 0.44400], MS 1.40559, Freq 0.00000, L1 1.89885, Spectral 0.34742, Gradient 0.60243) | LR 1.25e-06
2026-07-29 05:50:39,186 INFO Epoch 93 | Batch 550/1186 | Loss 2.33673 (Pin 0.87163 [q90 0.43205, q10 0.43959], MS 1.46510, Freq 0.00000, L1 1.90635, Spectral 0.37078, Gradient 0.63488) | LR 1.25e-06
2026-07-29 05:51:00,936 INFO Epoch 93 | Batch 600/1186 | Loss 2.42980 (Pin 0.90593 [q90 0.43728, q10 0.46865], MS 1.52388, Freq 0.00000, L1 1.99149, Spectral 0.37803, Gradient 0.65069) | LR 1.25e-06
2026-07-29 05:51:22,707 INFO Epoch 93 | Batch 650/1186 | Loss 2.42154 (Pin 0.93140 [q90 0.45885, q10 0.47256], MS 1.49014, Freq 0.00000, L1 1.99144, Spectral 0.37740, Gradient 0.64013) | LR 1.25e-06
2026-07-29 05:51:44,459 INFO Epoch 93 | Batch 700/1186 | Loss 2.38686 (Pin 0.88766 [q90 0.43866, q10 0.44900], MS 1.49920, Freq 0.00000, L1 1.93553, Spectral 0.37211, Gradient 0.63575) | LR 1.25e-06
2026-07-29 05:52:06,225 INFO Epoch 93 | Batch 750/1186 | Loss 2.40588 (Pin 0.89927 [q90 0.44053, q10 0.45874], MS 1.50661, Freq 0.00000, L1 1.95884, Spectral 0.37517, Gradient 0.64234) | LR 1.25e-06
2026-07-29 05:52:27,984 INFO Epoch 93 | Batch 800/1186 | Loss 2.30730 (Pin 0.88994 [q90 0.44024, q10 0.44970], MS 1.41735, Freq 0.00000, L1 1.92315, Spectral 0.36684, Gradient 0.62181) | LR 1.25e-06
2026-07-29 05:52:49,745 INFO Epoch 93 | Batch 850/1186 | Loss 2.35004 (Pin 0.88299 [q90 0.42635, q10 0.45664], MS 1.46705, Freq 0.00000, L1 1.92076, Spectral 0.36185, Gradient 0.62492) | LR 1.25e-06
2026-07-29 05:53:11,489 INFO Epoch 93 | Batch 900/1186 | Loss 2.32634 (Pin 0.90089 [q90 0.44406, q10 0.45683], MS 1.42545, Freq 0.00000, L1 1.95856, Spectral 0.37658, Gradient 0.63744) | LR 1.25e-06
2026-07-29 05:53:33,235 INFO Epoch 93 | Batch 950/1186 | Loss 2.29358 (Pin 0.88646 [q90 0.43079, q10 0.45567], MS 1.40712, Freq 0.00000, L1 1.96148, Spectral 0.38126, Gradient 0.64979) | LR 1.25e-06
2026-07-29 05:53:54,981 INFO Epoch 93 | Batch 1000/1186 | Loss 2.26771 (Pin 0.87946 [q90 0.43352, q10 0.44594], MS 1.38825, Freq 0.00000, L1 1.90065, Spectral 0.35599, Gradient 0.61985) | LR 1.25e-06
2026-07-29 05:54:16,738 INFO Epoch 93 | Batch 1050/1186 | Loss 2.39645 (Pin 0.89455 [q90 0.43558, q10 0.45897], MS 1.50189, Freq 0.00000, L1 1.92282, Spectral 0.35671, Gradient 0.61498) | LR 1.25e-06
2026-07-29 05:54:38,504 INFO Epoch 93 | Batch 1100/1186 | Loss 2.40138 (Pin 0.90233 [q90 0.43187, q10 0.47045], MS 1.49905, Freq 0.00000, L1 1.94843, Spectral 0.36435, Gradient 0.63279) | LR 1.25e-06
2026-07-29 05:55:00,260 INFO Epoch 93 | Batch 1150/1186 | Loss 2.29307 (Pin 0.89497 [q90 0.43698, q10 0.45799], MS 1.39810, Freq 0.00000, L1 1.96130, Spectral 0.35481, Gradient 0.61960) | LR 1.25e-06
2026-07-29 05:55:52,325 INFO Epoch 93 | Val Loss 2.98923 (Pin 0.85339 [q90 0.41975, q10 0.43365], MS 2.13583, Freq 0.00000, L1 1.89838, Spectral 0.34895, Gradient 0.60348)
2026-07-29 05:55:52,325 INFO Epoch 93 | Coverage q10/q50/q90 = 0.087/0.487/0.895 (nominal .10/.50/.90) | extreme tail = 0.123/0.471/0.851
2026-07-29 05:56:14,383 INFO Epoch 94 | Batch 50/1186 | Loss 2.24466 (Pin 0.86619 [q90 0.42004, q10 0.44615], MS 1.37847, Freq 0.00000, L1 1.90293, Spectral 0.36708, Gradient 0.63097) | LR 1.25e-06
2026-07-29 05:56:36,142 INFO Epoch 94 | Batch 100/1186 | Loss 2.35535 (Pin 0.88444 [q90 0.43396, q10 0.45048], MS 1.47090, Freq 0.00000, L1 1.94231, Spectral 0.37278, Gradient 0.64208) | LR 1.25e-06
2026-07-29 05:56:57,907 INFO Epoch 94 | Batch 150/1186 | Loss 2.36260 (Pin 0.91225 [q90 0.44317, q10 0.46908], MS 1.45035, Freq 0.00000, L1 1.97266, Spectral 0.36904, Gradient 0.63633) | LR 1.25e-06
2026-07-29 05:57:19,657 INFO Epoch 94 | Batch 200/1186 | Loss 2.31421 (Pin 0.87866 [q90 0.42613, q10 0.45253], MS 1.43555, Freq 0.00000, L1 1.92104, Spectral 0.35823, Gradient 0.61595) | LR 1.25e-06
2026-07-29 05:57:41,416 INFO Epoch 94 | Batch 250/1186 | Loss 2.21107 (Pin 0.85620 [q90 0.41603, q10 0.44017], MS 1.35487, Freq 0.00000, L1 1.90649, Spectral 0.36476, Gradient 0.62975) | LR 1.25e-06
2026-07-29 05:58:03,180 INFO Epoch 94 | Batch 300/1186 | Loss 2.35796 (Pin 0.89938 [q90 0.43921, q10 0.46017], MS 1.45858, Freq 0.00000, L1 1.94337, Spectral 0.37021, Gradient 0.63582) | LR 1.25e-06
2026-07-29 05:58:24,942 INFO Epoch 94 | Batch 350/1186 | Loss 2.29722 (Pin 0.88058 [q90 0.43074, q10 0.44984], MS 1.41664, Freq 0.00000, L1 1.93109, Spectral 0.36430, Gradient 0.63054) | LR 1.25e-06
2026-07-29 05:58:46,691 INFO Epoch 94 | Batch 400/1186 | Loss 2.36414 (Pin 0.89913 [q90 0.44399, q10 0.45514], MS 1.46501, Freq 0.00000, L1 1.95635, Spectral 0.36416, Gradient 0.62917) | LR 1.25e-06
2026-07-29 05:59:08,445 INFO Epoch 94 | Batch 450/1186 | Loss 2.45411 (Pin 0.94851 [q90 0.45446, q10 0.49405], MS 1.50560, Freq 0.00000, L1 2.01582, Spectral 0.36923, Gradient 0.63590) | LR 1.25e-06
2026-07-29 05:59:30,211 INFO Epoch 94 | Batch 500/1186 | Loss 2.42009 (Pin 0.92221 [q90 0.45524, q10 0.46697], MS 1.49787, Freq 0.00000, L1 2.00261, Spectral 0.37371, Gradient 0.63549) | LR 1.25e-06
2026-07-29 05:59:51,961 INFO Epoch 94 | Batch 550/1186 | Loss 2.32498 (Pin 0.90093 [q90 0.44471, q10 0.45622], MS 1.42405, Freq 0.00000, L1 1.96448, Spectral 0.36227, Gradient 0.62915) | LR 1.25e-06
2026-07-29 06:00:13,721 INFO Epoch 94 | Batch 600/1186 | Loss 2.23789 (Pin 0.85749 [q90 0.41868, q10 0.43881], MS 1.38040, Freq 0.00000, L1 1.89993, Spectral 0.36731, Gradient 0.63179) | LR 1.25e-06
2026-07-29 06:00:35,480 INFO Epoch 94 | Batch 650/1186 | Loss 2.41497 (Pin 0.91589 [q90 0.44833, q10 0.46757], MS 1.49907, Freq 0.00000, L1 1.99117, Spectral 0.38159, Gradient 0.65463) | LR 1.25e-06
2026-07-29 06:00:57,233 INFO Epoch 94 | Batch 700/1186 | Loss 2.20188 (Pin 0.87217 [q90 0.42941, q10 0.44276], MS 1.32970, Freq 0.00000, L1 1.90033, Spectral 0.35330, Gradient 0.61070) | LR 1.25e-06
2026-07-29 06:01:18,996 INFO Epoch 94 | Batch 750/1186 | Loss 2.39014 (Pin 0.88702 [q90 0.42647, q10 0.46055], MS 1.50312, Freq 0.00000, L1 1.93712, Spectral 0.36724, Gradient 0.62498) | LR 1.25e-06
2026-07-29 06:01:40,750 INFO Epoch 94 | Batch 800/1186 | Loss 2.33276 (Pin 0.88060 [q90 0.42575, q10 0.45485], MS 1.45216, Freq 0.00000, L1 1.94516, Spectral 0.36807, Gradient 0.64212) | LR 1.25e-06
2026-07-29 06:02:02,512 INFO Epoch 94 | Batch 850/1186 | Loss 2.35117 (Pin 0.86944 [q90 0.42543, q10 0.44401], MS 1.48173, Freq 0.00000, L1 1.94151, Spectral 0.38127, Gradient 0.65379) | LR 1.25e-06
2026-07-29 06:02:24,273 INFO Epoch 94 | Batch 900/1186 | Loss 2.36157 (Pin 0.91138 [q90 0.45117, q10 0.46021], MS 1.45019, Freq 0.00000, L1 1.97880, Spectral 0.37022, Gradient 0.63849) | LR 1.25e-06
2026-07-29 06:02:46,023 INFO Epoch 94 | Batch 950/1186 | Loss 2.32967 (Pin 0.90101 [q90 0.44629, q10 0.45472], MS 1.42867, Freq 0.00000, L1 1.95686, Spectral 0.38104, Gradient 0.65164) | LR 1.25e-06
2026-07-29 06:03:07,784 INFO Epoch 94 | Batch 1000/1186 | Loss 2.39335 (Pin 0.94479 [q90 0.45792, q10 0.48687], MS 1.44856, Freq 0.00000, L1 2.00553, Spectral 0.37059, Gradient 0.63519) | LR 1.25e-06
2026-07-29 06:03:29,538 INFO Epoch 94 | Batch 1050/1186 | Loss 2.29000 (Pin 0.88965 [q90 0.43851, q10 0.45113], MS 1.40035, Freq 0.00000, L1 1.93773, Spectral 0.36596, Gradient 0.62872) | LR 1.25e-06
2026-07-29 06:03:51,301 INFO Epoch 94 | Batch 1100/1186 | Loss 2.31959 (Pin 0.87966 [q90 0.43097, q10 0.44868], MS 1.43993, Freq 0.00000, L1 1.92532, Spectral 0.38346, Gradient 0.65588) | LR 1.25e-06
2026-07-29 06:04:13,192 INFO Epoch 94 | Batch 1150/1186 | Loss 2.42438 (Pin 0.89408 [q90 0.44510, q10 0.44898], MS 1.53030, Freq 0.00000, L1 1.95607, Spectral 0.37757, Gradient 0.64621) | LR 1.25e-06
2026-07-29 06:05:04,828 INFO Epoch 94 | Val Loss 3.01835 (Pin 0.85335 [q90 0.41950, q10 0.43385], MS 2.16500, Freq 0.00000, L1 1.90733, Spectral 0.35155, Gradient 0.61025)
2026-07-29 06:05:04,829 INFO Epoch 94 | Coverage q10/q50/q90 = 0.090/0.496/0.899 (nominal .10/.50/.90) | extreme tail = 0.124/0.470/0.854
2026-07-29 06:05:26,894 INFO Epoch 95 | Batch 50/1186 | Loss 2.34742 (Pin 0.88460 [q90 0.42783, q10 0.45677], MS 1.46282, Freq 0.00000, L1 1.93057, Spectral 0.36749, Gradient 0.62991) | LR 1.25e-06
2026-07-29 06:05:48,652 INFO Epoch 95 | Batch 100/1186 | Loss 2.40203 (Pin 0.90429 [q90 0.44399, q10 0.46031], MS 1.49773, Freq 0.00000, L1 1.97617, Spectral 0.37617, Gradient 0.64423) | LR 1.25e-06
2026-07-29 06:06:10,402 INFO Epoch 95 | Batch 150/1186 | Loss 2.39094 (Pin 0.89340 [q90 0.43236, q10 0.46104], MS 1.49754, Freq 0.00000, L1 1.95904, Spectral 0.37408, Gradient 0.64293) | LR 1.25e-06
2026-07-29 06:06:32,180 INFO Epoch 95 | Batch 200/1186 | Loss 2.25815 (Pin 0.87488 [q90 0.42849, q10 0.44639], MS 1.38327, Freq 0.00000, L1 1.93227, Spectral 0.38013, Gradient 0.64368) | LR 1.25e-06
2026-07-29 06:06:53,951 INFO Epoch 95 | Batch 250/1186 | Loss 2.33084 (Pin 0.89149 [q90 0.43851, q10 0.45298], MS 1.43935, Freq 0.00000, L1 1.95623, Spectral 0.37773, Gradient 0.64428) | LR 1.25e-06
2026-07-29 06:07:15,709 INFO Epoch 95 | Batch 300/1186 | Loss 2.38996 (Pin 0.90681 [q90 0.44328, q10 0.46353], MS 1.48315, Freq 0.00000, L1 1.95395, Spectral 0.36847, Gradient 0.64043) | LR 1.25e-06
2026-07-29 06:07:37,471 INFO Epoch 95 | Batch 350/1186 | Loss 2.36471 (Pin 0.88361 [q90 0.43307, q10 0.45054], MS 1.48109, Freq 0.00000, L1 1.94372, Spectral 0.38480, Gradient 0.65514) | LR 1.25e-06
2026-07-29 06:07:59,239 INFO Epoch 95 | Batch 400/1186 | Loss 2.38857 (Pin 0.89693 [q90 0.43704, q10 0.45990], MS 1.49164, Freq 0.00000, L1 1.96148, Spectral 0.38169, Gradient 0.65282) | LR 1.25e-06
2026-07-29 06:08:21,002 INFO Epoch 95 | Batch 450/1186 | Loss 2.34002 (Pin 0.89374 [q90 0.44312, q10 0.45061], MS 1.44629, Freq 0.00000, L1 1.95094, Spectral 0.37003, Gradient 0.63624) | LR 1.25e-06
2026-07-29 06:08:42,766 INFO Epoch 95 | Batch 500/1186 | Loss 2.27479 (Pin 0.88539 [q90 0.43407, q10 0.45132], MS 1.38940, Freq 0.00000, L1 1.91608, Spectral 0.36934, Gradient 0.62675) | LR 1.25e-06
2026-07-29 06:09:04,521 INFO Epoch 95 | Batch 550/1186 | Loss 2.24764 (Pin 0.85813 [q90 0.42388, q10 0.43425], MS 1.38951, Freq 0.00000, L1 1.88981, Spectral 0.35523, Gradient 0.61715) | LR 1.25e-06
2026-07-29 06:09:26,281 INFO Epoch 95 | Batch 600/1186 | Loss 2.37375 (Pin 0.91512 [q90 0.44486, q10 0.47026], MS 1.45863, Freq 0.00000, L1 1.98508, Spectral 0.38439, Gradient 0.65312) | LR 1.25e-06
2026-07-29 06:09:48,053 INFO Epoch 95 | Batch 650/1186 | Loss 2.40511 (Pin 0.92414 [q90 0.45762, q10 0.46651], MS 1.48097, Freq 0.00000, L1 2.01667, Spectral 0.37161, Gradient 0.64172) | LR 1.25e-06
2026-07-29 06:10:09,814 INFO Epoch 95 | Batch 700/1186 | Loss 2.27485 (Pin 0.88322 [q90 0.43544, q10 0.44778], MS 1.39163, Freq 0.00000, L1 1.90090, Spectral 0.35835, Gradient 0.61625) | LR 1.25e-06
2026-07-29 06:10:31,577 INFO Epoch 95 | Batch 750/1186 | Loss 2.25232 (Pin 0.88701 [q90 0.43484, q10 0.45217], MS 1.36531, Freq 0.00000, L1 1.92949, Spectral 0.36286, Gradient 0.62767) | LR 1.25e-06
2026-07-29 06:10:53,336 INFO Epoch 95 | Batch 800/1186 | Loss 2.32673 (Pin 0.89046 [q90 0.43842, q10 0.45203], MS 1.43628, Freq 0.00000, L1 1.95332, Spectral 0.36457, Gradient 0.63339) | LR 1.25e-06
2026-07-29 06:11:15,098 INFO Epoch 95 | Batch 850/1186 | Loss 2.35547 (Pin 0.89065 [q90 0.42799, q10 0.46266], MS 1.46483, Freq 0.00000, L1 1.95983, Spectral 0.37340, Gradient 0.64190) | LR 1.25e-06
2026-07-29 06:11:36,861 INFO Epoch 95 | Batch 900/1186 | Loss 2.30951 (Pin 0.87801 [q90 0.42970, q10 0.44831], MS 1.43150, Freq 0.00000, L1 1.94518, Spectral 0.37587, Gradient 0.64699) | LR 1.25e-06
2026-07-29 06:11:58,621 INFO Epoch 95 | Batch 950/1186 | Loss 2.43962 (Pin 0.93123 [q90 0.44750, q10 0.48373], MS 1.50839, Freq 0.00000, L1 2.01123, Spectral 0.35604, Gradient 0.62007) | LR 1.25e-06
2026-07-29 06:12:20,381 INFO Epoch 95 | Batch 1000/1186 | Loss 2.34510 (Pin 0.91711 [q90 0.44967, q10 0.46744], MS 1.42799, Freq 0.00000, L1 1.97804, Spectral 0.35871, Gradient 0.62448) | LR 1.25e-06
2026-07-29 06:12:42,134 INFO Epoch 95 | Batch 1050/1186 | Loss 2.41087 (Pin 0.91726 [q90 0.44975, q10 0.46751], MS 1.49361, Freq 0.00000, L1 1.98816, Spectral 0.37340, Gradient 0.64259) | LR 1.25e-06
2026-07-29 06:13:03,896 INFO Epoch 95 | Batch 1100/1186 | Loss 2.23031 (Pin 0.84864 [q90 0.41392, q10 0.43472], MS 1.38167, Freq 0.00000, L1 1.88560, Spectral 0.35754, Gradient 0.62138) | LR 1.25e-06
2026-07-29 06:13:25,653 INFO Epoch 95 | Batch 1150/1186 | Loss 2.31095 (Pin 0.89513 [q90 0.43746, q10 0.45767], MS 1.41582, Freq 0.00000, L1 1.96746, Spectral 0.36984, Gradient 0.63959) | LR 1.25e-06
2026-07-29 06:14:17,681 INFO Epoch 95 | Val Loss 2.99347 (Pin 0.85367 [q90 0.42074, q10 0.43294], MS 2.13980, Freq 0.00000, L1 1.89004, Spectral 0.34849, Gradient 0.60090)
2026-07-29 06:14:17,681 INFO Epoch 95 | Coverage q10/q50/q90 = 0.090/0.493/0.896 (nominal .10/.50/.90) | extreme tail = 0.123/0.471/0.847
2026-07-29 06:14:39,753 INFO Epoch 96 | Batch 50/1186 | Loss 2.31763 (Pin 0.90090 [q90 0.44634, q10 0.45456], MS 1.41673, Freq 0.00000, L1 1.94430, Spectral 0.35998, Gradient 0.62185) | LR 1.25e-06
2026-07-29 06:15:01,509 INFO Epoch 96 | Batch 100/1186 | Loss 2.40914 (Pin 0.91752 [q90 0.44415, q10 0.47337], MS 1.49162, Freq 0.00000, L1 1.98903, Spectral 0.37507, Gradient 0.65212) | LR 1.25e-06
2026-07-29 06:15:23,269 INFO Epoch 96 | Batch 150/1186 | Loss 2.22146 (Pin 0.85540 [q90 0.42243, q10 0.43297], MS 1.36606, Freq 0.00000, L1 1.88647, Spectral 0.36011, Gradient 0.62587) | LR 1.25e-06
2026-07-29 06:15:45,022 INFO Epoch 96 | Batch 200/1186 | Loss 2.39183 (Pin 0.89006 [q90 0.43701, q10 0.45305], MS 1.50177, Freq 0.00000, L1 1.93154, Spectral 0.36124, Gradient 0.62003) | LR 1.25e-06
2026-07-29 06:16:06,785 INFO Epoch 96 | Batch 250/1186 | Loss 2.35016 (Pin 0.88300 [q90 0.42843, q10 0.45458], MS 1.46716, Freq 0.00000, L1 1.93223, Spectral 0.35730, Gradient 0.62263) | LR 1.25e-06
2026-07-29 06:16:28,552 INFO Epoch 96 | Batch 300/1186 | Loss 2.31603 (Pin 0.88803 [q90 0.43954, q10 0.44849], MS 1.42800, Freq 0.00000, L1 1.94649, Spectral 0.36369, Gradient 0.63311) | LR 1.25e-06
2026-07-29 06:16:50,312 INFO Epoch 96 | Batch 350/1186 | Loss 2.35063 (Pin 0.88654 [q90 0.43657, q10 0.44996], MS 1.46409, Freq 0.00000, L1 1.95315, Spectral 0.37493, Gradient 0.64351) | LR 1.25e-06
2026-07-29 06:17:12,061 INFO Epoch 96 | Batch 400/1186 | Loss 2.38256 (Pin 0.91846 [q90 0.45170, q10 0.46676], MS 1.46411, Freq 0.00000, L1 2.00832, Spectral 0.37864, Gradient 0.64555) | LR 1.25e-06
2026-07-29 06:17:33,824 INFO Epoch 96 | Batch 450/1186 | Loss 2.33071 (Pin 0.88463 [q90 0.43582, q10 0.44881], MS 1.44608, Freq 0.00000, L1 1.93905, Spectral 0.36761, Gradient 0.63313) | LR 1.25e-06
2026-07-29 06:17:55,578 INFO Epoch 96 | Batch 500/1186 | Loss 2.38709 (Pin 0.91571 [q90 0.45238, q10 0.46333], MS 1.47138, Freq 0.00000, L1 1.97565, Spectral 0.36627, Gradient 0.62872) | LR 1.25e-06
2026-07-29 06:18:17,345 INFO Epoch 96 | Batch 550/1186 | Loss 2.34477 (Pin 0.90413 [q90 0.44168, q10 0.46245], MS 1.44064, Freq 0.00000, L1 1.96859, Spectral 0.38161, Gradient 0.64942) | LR 1.25e-06
2026-07-29 06:18:39,109 INFO Epoch 96 | Batch 600/1186 | Loss 2.35054 (Pin 0.90318 [q90 0.43895, q10 0.46423], MS 1.44735, Freq 0.00000, L1 1.97061, Spectral 0.36997, Gradient 0.64483) | LR 1.25e-06
2026-07-29 06:19:00,868 INFO Epoch 96 | Batch 650/1186 | Loss 2.29625 (Pin 0.88891 [q90 0.43311, q10 0.45579], MS 1.40734, Freq 0.00000, L1 1.93836, Spectral 0.35147, Gradient 0.61225) | LR 1.25e-06
2026-07-29 06:19:22,619 INFO Epoch 96 | Batch 700/1186 | Loss 2.29447 (Pin 0.89691 [q90 0.43425, q10 0.46266], MS 1.39756, Freq 0.00000, L1 1.94788, Spectral 0.37525, Gradient 0.63910) | LR 1.25e-06
2026-07-29 06:19:44,380 INFO Epoch 96 | Batch 750/1186 | Loss 2.25923 (Pin 0.84627 [q90 0.41269, q10 0.43358], MS 1.41295, Freq 0.00000, L1 1.87452, Spectral 0.36350, Gradient 0.62223) | LR 1.25e-06
2026-07-29 06:20:06,145 INFO Epoch 96 | Batch 800/1186 | Loss 2.37690 (Pin 0.88487 [q90 0.43356, q10 0.45131], MS 1.49203, Freq 0.00000, L1 1.93320, Spectral 0.37170, Gradient 0.63706) | LR 1.25e-06
2026-07-29 06:20:27,903 INFO Epoch 96 | Batch 850/1186 | Loss 2.38083 (Pin 0.90855 [q90 0.44056, q10 0.46800], MS 1.47228, Freq 0.00000, L1 1.97555, Spectral 0.38589, Gradient 0.66027) | LR 1.25e-06
2026-07-29 06:20:49,663 INFO Epoch 96 | Batch 900/1186 | Loss 2.26144 (Pin 0.87088 [q90 0.42450, q10 0.44638], MS 1.39056, Freq 0.00000, L1 1.90195, Spectral 0.36834, Gradient 0.63855) | LR 1.25e-06
2026-07-29 06:21:11,431 INFO Epoch 96 | Batch 950/1186 | Loss 2.37853 (Pin 0.90764 [q90 0.43651, q10 0.47113], MS 1.47088, Freq 0.00000, L1 1.96458, Spectral 0.36586, Gradient 0.62908) | LR 1.25e-06
2026-07-29 06:21:33,190 INFO Epoch 96 | Batch 1000/1186 | Loss 2.37527 (Pin 0.88813 [q90 0.43309, q10 0.45503], MS 1.48715, Freq 0.00000, L1 1.95224, Spectral 0.37591, Gradient 0.64315) | LR 1.25e-06
2026-07-29 06:21:54,965 INFO Epoch 96 | Batch 1050/1186 | Loss 2.39322 (Pin 0.89376 [q90 0.44782, q10 0.44594], MS 1.49946, Freq 0.00000, L1 1.96644, Spectral 0.37229, Gradient 0.63199) | LR 1.25e-06
2026-07-29 06:22:16,709 INFO Epoch 96 | Batch 1100/1186 | Loss 2.34604 (Pin 0.88627 [q90 0.43075, q10 0.45552], MS 1.45977, Freq 0.00000, L1 1.93248, Spectral 0.37050, Gradient 0.62948) | LR 1.25e-06
2026-07-29 06:22:38,469 INFO Epoch 96 | Batch 1150/1186 | Loss 2.29429 (Pin 0.90200 [q90 0.43968, q10 0.46232], MS 1.39230, Freq 0.00000, L1 1.95274, Spectral 0.37447, Gradient 0.64473) | LR 1.25e-06
2026-07-29 06:23:30,533 INFO Epoch 96 | Val Loss 3.02769 (Pin 0.85355 [q90 0.41987, q10 0.43368], MS 2.17414, Freq 0.00000, L1 1.90980, Spectral 0.35274, Gradient 0.61400)
2026-07-29 06:23:30,533 INFO Epoch 96 | Coverage q10/q50/q90 = 0.086/0.491/0.897 (nominal .10/.50/.90) | extreme tail = 0.123/0.475/0.855
2026-07-29 06:23:52,834 INFO Epoch 97 | Batch 50/1186 | Loss 2.30296 (Pin 0.89559 [q90 0.44033, q10 0.45526], MS 1.40737, Freq 0.00000, L1 1.96710, Spectral 0.37759, Gradient 0.64586) | LR 1.25e-06
2026-07-29 06:24:14,588 INFO Epoch 97 | Batch 100/1186 | Loss 2.43583 (Pin 0.93432 [q90 0.46256, q10 0.47176], MS 1.50151, Freq 0.00000, L1 2.03655, Spectral 0.37934, Gradient 0.65264) | LR 1.25e-06
2026-07-29 06:24:36,345 INFO Epoch 97 | Batch 150/1186 | Loss 2.27817 (Pin 0.87864 [q90 0.42236, q10 0.45628], MS 1.39953, Freq 0.00000, L1 1.89805, Spectral 0.36664, Gradient 0.63490) | LR 1.25e-06
2026-07-29 06:24:58,107 INFO Epoch 97 | Batch 200/1186 | Loss 2.34802 (Pin 0.90889 [q90 0.45357, q10 0.45532], MS 1.43913, Freq 0.00000, L1 1.99643, Spectral 0.38389, Gradient 0.64889) | LR 1.25e-06
2026-07-29 06:25:19,872 INFO Epoch 97 | Batch 250/1186 | Loss 2.27777 (Pin 0.89226 [q90 0.43739, q10 0.45488], MS 1.38550, Freq 0.00000, L1 1.96137, Spectral 0.38272, Gradient 0.64938) | LR 1.25e-06
2026-07-29 06:25:41,633 INFO Epoch 97 | Batch 300/1186 | Loss 2.32741 (Pin 0.90270 [q90 0.44589, q10 0.45682], MS 1.42471, Freq 0.00000, L1 1.96952, Spectral 0.35415, Gradient 0.61561) | LR 1.25e-06
2026-07-29 06:26:03,376 INFO Epoch 97 | Batch 350/1186 | Loss 2.46766 (Pin 0.91373 [q90 0.44821, q10 0.46552], MS 1.55392, Freq 0.00000, L1 1.96940, Spectral 0.36608, Gradient 0.62884) | LR 1.25e-06
2026-07-29 06:26:25,135 INFO Epoch 97 | Batch 400/1186 | Loss 2.35866 (Pin 0.90838 [q90 0.44190, q10 0.46648], MS 1.45028, Freq 0.00000, L1 1.98491, Spectral 0.37710, Gradient 0.64588) | LR 1.25e-06
2026-07-29 06:26:46,889 INFO Epoch 97 | Batch 450/1186 | Loss 2.27400 (Pin 0.87729 [q90 0.43494, q10 0.44235], MS 1.39671, Freq 0.00000, L1 1.91607, Spectral 0.36257, Gradient 0.62164) | LR 1.25e-06
2026-07-29 06:27:08,641 INFO Epoch 97 | Batch 500/1186 | Loss 2.32021 (Pin 0.89013 [q90 0.42953, q10 0.46060], MS 1.43008, Freq 0.00000, L1 1.96572, Spectral 0.37883, Gradient 0.65262) | LR 1.25e-06
2026-07-29 06:27:30,401 INFO Epoch 97 | Batch 550/1186 | Loss 2.33744 (Pin 0.88289 [q90 0.43035, q10 0.45254], MS 1.45455, Freq 0.00000, L1 1.93679, Spectral 0.34027, Gradient 0.60337) | LR 1.25e-06
2026-07-29 06:27:52,150 INFO Epoch 97 | Batch 600/1186 | Loss 2.21457 (Pin 0.87464 [q90 0.42490, q10 0.44974], MS 1.33993, Freq 0.00000, L1 1.90161, Spectral 0.36090, Gradient 0.61739) | LR 1.25e-06
2026-07-29 06:28:13,906 INFO Epoch 97 | Batch 650/1186 | Loss 2.25479 (Pin 0.85893 [q90 0.41371, q10 0.44522], MS 1.39587, Freq 0.00000, L1 1.87977, Spectral 0.35958, Gradient 0.61690) | LR 1.25e-06
2026-07-29 06:28:35,668 INFO Epoch 97 | Batch 700/1186 | Loss 2.23641 (Pin 0.85244 [q90 0.41558, q10 0.43687], MS 1.38397, Freq 0.00000, L1 1.87654, Spectral 0.37999, Gradient 0.64232) | LR 1.25e-06
2026-07-29 06:28:57,417 INFO Epoch 97 | Batch 750/1186 | Loss 2.37018 (Pin 0.88112 [q90 0.43014, q10 0.45098], MS 1.48906, Freq 0.00000, L1 1.89950, Spectral 0.37859, Gradient 0.64364) | LR 1.25e-06
2026-07-29 06:29:19,176 INFO Epoch 97 | Batch 800/1186 | Loss 2.27254 (Pin 0.88337 [q90 0.42695, q10 0.45642], MS 1.38917, Freq 0.00000, L1 1.92428, Spectral 0.36753, Gradient 0.63480) | LR 1.25e-06
2026-07-29 06:29:40,919 INFO Epoch 97 | Batch 850/1186 | Loss 2.43285 (Pin 0.92359 [q90 0.45076, q10 0.47282], MS 1.50926, Freq 0.00000, L1 2.00809, Spectral 0.37526, Gradient 0.65164) | LR 1.25e-06
2026-07-29 06:30:02,666 INFO Epoch 97 | Batch 900/1186 | Loss 2.29117 (Pin 0.89087 [q90 0.43548, q10 0.45539], MS 1.40030, Freq 0.00000, L1 1.93340, Spectral 0.35859, Gradient 0.62166) | LR 1.25e-06
2026-07-29 06:30:24,423 INFO Epoch 97 | Batch 950/1186 | Loss 2.35501 (Pin 0.88940 [q90 0.43725, q10 0.45215], MS 1.46561, Freq 0.00000, L1 1.94041, Spectral 0.36650, Gradient 0.63681) | LR 1.25e-06
2026-07-29 06:30:46,178 INFO Epoch 97 | Batch 1000/1186 | Loss 2.29356 (Pin 0.87990 [q90 0.42633, q10 0.45357], MS 1.41366, Freq 0.00000, L1 1.92342, Spectral 0.37013, Gradient 0.62989) | LR 1.25e-06
2026-07-29 06:31:07,940 INFO Epoch 97 | Batch 1050/1186 | Loss 2.31337 (Pin 0.88528 [q90 0.43951, q10 0.44576], MS 1.42810, Freq 0.00000, L1 1.94198, Spectral 0.36675, Gradient 0.63286) | LR 1.25e-06
2026-07-29 06:31:29,706 INFO Epoch 97 | Batch 1100/1186 | Loss 2.44903 (Pin 0.91560 [q90 0.45172, q10 0.46388], MS 1.53343, Freq 0.00000, L1 1.99537, Spectral 0.36654, Gradient 0.63194) | LR 1.25e-06
2026-07-29 06:31:51,469 INFO Epoch 97 | Batch 1150/1186 | Loss 2.38601 (Pin 0.88929 [q90 0.44000, q10 0.44930], MS 1.49672, Freq 0.00000, L1 1.95496, Spectral 0.36570, Gradient 0.63207) | LR 1.25e-06
2026-07-29 06:32:42,810 INFO Epoch 97 | Val Loss 3.01949 (Pin 0.85330 [q90 0.41985, q10 0.43344], MS 2.16619, Freq 0.00000, L1 1.89857, Spectral 0.34903, Gradient 0.60172)
2026-07-29 06:32:42,811 INFO Epoch 97 | Coverage q10/q50/q90 = 0.089/0.491/0.896 (nominal .10/.50/.90) | extreme tail = 0.124/0.473/0.849
2026-07-29 06:33:04,882 INFO Epoch 98 | Batch 50/1186 | Loss 2.23139 (Pin 0.88511 [q90 0.42810, q10 0.45701], MS 1.34629, Freq 0.00000, L1 1.92873, Spectral 0.36390, Gradient 0.62681) | LR 1.25e-06
2026-07-29 06:33:26,651 INFO Epoch 98 | Batch 100/1186 | Loss 2.27579 (Pin 0.89366 [q90 0.43540, q10 0.45827], MS 1.38213, Freq 0.00000, L1 1.95027, Spectral 0.37311, Gradient 0.64366) | LR 1.25e-06
2026-07-29 06:33:48,403 INFO Epoch 98 | Batch 150/1186 | Loss 2.34984 (Pin 0.90546 [q90 0.43974, q10 0.46572], MS 1.44438, Freq 0.00000, L1 1.98525, Spectral 0.38492, Gradient 0.65741) | LR 1.25e-06
2026-07-29 06:34:10,162 INFO Epoch 98 | Batch 200/1186 | Loss 2.41864 (Pin 0.92291 [q90 0.45815, q10 0.46476], MS 1.49572, Freq 0.00000, L1 1.99347, Spectral 0.36764, Gradient 0.64275) | LR 1.25e-06
2026-07-29 06:34:31,922 INFO Epoch 98 | Batch 250/1186 | Loss 2.29165 (Pin 0.89107 [q90 0.42896, q10 0.46210], MS 1.40058, Freq 0.00000, L1 1.93469, Spectral 0.35850, Gradient 0.62354) | LR 1.25e-06
2026-07-29 06:34:53,682 INFO Epoch 98 | Batch 300/1186 | Loss 2.34493 (Pin 0.90549 [q90 0.43516, q10 0.47033], MS 1.43944, Freq 0.00000, L1 1.97152, Spectral 0.37783, Gradient 0.65103) | LR 1.25e-06
2026-07-29 06:35:15,440 INFO Epoch 98 | Batch 350/1186 | Loss 2.28499 (Pin 0.86565 [q90 0.42433, q10 0.44132], MS 1.41933, Freq 0.00000, L1 1.92556, Spectral 0.37822, Gradient 0.64482) | LR 1.25e-06
2026-07-29 06:35:37,198 INFO Epoch 98 | Batch 400/1186 | Loss 2.36759 (Pin 0.90225 [q90 0.44214, q10 0.46011], MS 1.46535, Freq 0.00000, L1 1.97248, Spectral 0.37125, Gradient 0.63847) | LR 1.25e-06
2026-07-29 06:35:58,959 INFO Epoch 98 | Batch 450/1186 | Loss 2.30574 (Pin 0.89566 [q90 0.44215, q10 0.45351], MS 1.41008, Freq 0.00000, L1 1.96668, Spectral 0.38525, Gradient 0.65763) | LR 1.25e-06
2026-07-29 06:36:20,724 INFO Epoch 98 | Batch 500/1186 | Loss 2.43998 (Pin 0.89793 [q90 0.43640, q10 0.46153], MS 1.54205, Freq 0.00000, L1 1.94762, Spectral 0.36076, Gradient 0.62145) | LR 1.25e-06
2026-07-29 06:36:42,481 INFO Epoch 98 | Batch 550/1186 | Loss 2.30940 (Pin 0.87502 [q90 0.42933, q10 0.44568], MS 1.43439, Freq 0.00000, L1 1.91716, Spectral 0.36543, Gradient 0.62659) | LR 1.25e-06
2026-07-29 06:37:04,237 INFO Epoch 98 | Batch 600/1186 | Loss 2.32808 (Pin 0.90424 [q90 0.44786, q10 0.45638], MS 1.42384, Freq 0.00000, L1 1.96436, Spectral 0.36443, Gradient 0.63219) | LR 1.25e-06
2026-07-29 06:37:25,992 INFO Epoch 98 | Batch 650/1186 | Loss 2.31535 (Pin 0.87796 [q90 0.42883, q10 0.44913], MS 1.43739, Freq 0.00000, L1 1.91534, Spectral 0.37999, Gradient 0.64470) | LR 1.25e-06
2026-07-29 06:37:47,744 INFO Epoch 98 | Batch 700/1186 | Loss 2.32436 (Pin 0.89217 [q90 0.43238, q10 0.45979], MS 1.43219, Freq 0.00000, L1 1.93396, Spectral 0.35898, Gradient 0.61984) | LR 1.25e-06
2026-07-29 06:38:09,511 INFO Epoch 98 | Batch 750/1186 | Loss 2.31704 (Pin 0.88149 [q90 0.43511, q10 0.44637], MS 1.43555, Freq 0.00000, L1 1.92188, Spectral 0.35860, Gradient 0.62201) | LR 1.25e-06
2026-07-29 06:38:31,266 INFO Epoch 98 | Batch 800/1186 | Loss 2.29195 (Pin 0.86795 [q90 0.42892, q10 0.43903], MS 1.42400, Freq 0.00000, L1 1.89938, Spectral 0.36510, Gradient 0.62484) | LR 1.25e-06
2026-07-29 06:38:53,024 INFO Epoch 98 | Batch 850/1186 | Loss 2.43960 (Pin 0.92496 [q90 0.45176, q10 0.47320], MS 1.51464, Freq 0.00000, L1 1.99254, Spectral 0.37179, Gradient 0.63751) | LR 1.25e-06
2026-07-29 06:39:14,773 INFO Epoch 98 | Batch 900/1186 | Loss 2.30127 (Pin 0.88631 [q90 0.43511, q10 0.45120], MS 1.41496, Freq 0.00000, L1 1.94897, Spectral 0.36633, Gradient 0.62439) | LR 1.25e-06
2026-07-29 06:39:36,524 INFO Epoch 98 | Batch 950/1186 | Loss 2.32137 (Pin 0.88762 [q90 0.43134, q10 0.45628], MS 1.43375, Freq 0.00000, L1 1.93371, Spectral 0.35412, Gradient 0.61636) | LR 1.25e-06
2026-07-29 06:39:58,268 INFO Epoch 98 | Batch 1000/1186 | Loss 2.43444 (Pin 0.89300 [q90 0.44029, q10 0.45271], MS 1.54144, Freq 0.00000, L1 1.96476, Spectral 0.37574, Gradient 0.64184) | LR 1.25e-06
2026-07-29 06:40:20,029 INFO Epoch 98 | Batch 1050/1186 | Loss 2.26803 (Pin 0.87104 [q90 0.42805, q10 0.44299], MS 1.39699, Freq 0.00000, L1 1.90675, Spectral 0.36023, Gradient 0.62188) | LR 1.25e-06
2026-07-29 06:40:41,780 INFO Epoch 98 | Batch 1100/1186 | Loss 2.35356 (Pin 0.90286 [q90 0.44597, q10 0.45689], MS 1.45070, Freq 0.00000, L1 1.97645, Spectral 0.37832, Gradient 0.64633) | LR 1.25e-06
2026-07-29 06:41:03,537 INFO Epoch 98 | Batch 1150/1186 | Loss 2.32763 (Pin 0.89313 [q90 0.43330, q10 0.45983], MS 1.43450, Freq 0.00000, L1 1.96490, Spectral 0.36258, Gradient 0.62561) | LR 1.25e-06
2026-07-29 06:41:55,236 INFO Epoch 98 | Val Loss 3.01214 (Pin 0.85408 [q90 0.42017, q10 0.43391], MS 2.15806, Freq 0.00000, L1 1.91018, Spectral 0.35191, Gradient 0.61219)
2026-07-29 06:41:55,237 INFO Epoch 98 | Coverage q10/q50/q90 = 0.088/0.494/0.899 (nominal .10/.50/.90) | extreme tail = 0.126/0.477/0.852
2026-07-29 06:42:17,295 INFO Epoch 99 | Batch 50/1186 | Loss 2.23199 (Pin 0.88369 [q90 0.42674, q10 0.45695], MS 1.34830, Freq 0.00000, L1 1.93570, Spectral 0.37826, Gradient 0.64923) | LR 1.25e-06
2026-07-29 06:42:39,049 INFO Epoch 99 | Batch 100/1186 | Loss 2.34862 (Pin 0.89604 [q90 0.44322, q10 0.45282], MS 1.45258, Freq 0.00000, L1 1.93697, Spectral 0.35840, Gradient 0.62506) | LR 1.25e-06
2026-07-29 06:43:00,805 INFO Epoch 99 | Batch 150/1186 | Loss 2.36857 (Pin 0.91828 [q90 0.44993, q10 0.46835], MS 1.45029, Freq 0.00000, L1 2.00616, Spectral 0.37241, Gradient 0.64410) | LR 1.25e-06
2026-07-29 06:43:22,563 INFO Epoch 99 | Batch 200/1186 | Loss 2.34243 (Pin 0.89272 [q90 0.43678, q10 0.45594], MS 1.44971, Freq 0.00000, L1 1.94412, Spectral 0.37024, Gradient 0.63782) | LR 1.25e-06
2026-07-29 06:43:44,306 INFO Epoch 99 | Batch 250/1186 | Loss 2.38999 (Pin 0.91358 [q90 0.44458, q10 0.46900], MS 1.47641, Freq 0.00000, L1 1.98316, Spectral 0.38714, Gradient 0.64981) | LR 1.25e-06
2026-07-29 06:44:06,051 INFO Epoch 99 | Batch 300/1186 | Loss 2.34709 (Pin 0.89673 [q90 0.43637, q10 0.46036], MS 1.45036, Freq 0.00000, L1 1.97647, Spectral 0.37610, Gradient 0.64029) | LR 1.25e-06
2026-07-29 06:44:27,803 INFO Epoch 99 | Batch 350/1186 | Loss 2.24781 (Pin 0.86656 [q90 0.42165, q10 0.44491], MS 1.38125, Freq 0.00000, L1 1.91767, Spectral 0.37789, Gradient 0.64530) | LR 1.25e-06
2026-07-29 06:44:49,550 INFO Epoch 99 | Batch 400/1186 | Loss 2.31150 (Pin 0.90015 [q90 0.44149, q10 0.45866], MS 1.41135, Freq 0.00000, L1 1.98143, Spectral 0.36892, Gradient 0.63816) | LR 1.25e-06
2026-07-29 06:45:11,313 INFO Epoch 99 | Batch 450/1186 | Loss 2.28765 (Pin 0.86578 [q90 0.42500, q10 0.44079], MS 1.42186, Freq 0.00000, L1 1.89661, Spectral 0.35574, Gradient 0.61522) | LR 1.25e-06
2026-07-29 06:45:33,065 INFO Epoch 99 | Batch 500/1186 | Loss 2.39870 (Pin 0.91705 [q90 0.44260, q10 0.47444], MS 1.48165, Freq 0.00000, L1 2.00620, Spectral 0.36781, Gradient 0.63422) | LR 1.25e-06
2026-07-29 06:45:54,803 INFO Epoch 99 | Batch 550/1186 | Loss 2.32809 (Pin 0.90113 [q90 0.44061, q10 0.46053], MS 1.42696, Freq 0.00000, L1 1.97834, Spectral 0.37807, Gradient 0.64548) | LR 1.25e-06
2026-07-29 06:46:16,568 INFO Epoch 99 | Batch 600/1186 | Loss 2.29762 (Pin 0.88589 [q90 0.43751, q10 0.44838], MS 1.41173, Freq 0.00000, L1 1.94750, Spectral 0.37823, Gradient 0.64285) | LR 1.25e-06
2026-07-29 06:46:38,313 INFO Epoch 99 | Batch 650/1186 | Loss 2.32453 (Pin 0.88785 [q90 0.43377, q10 0.45408], MS 1.43668, Freq 0.00000, L1 1.93991, Spectral 0.36571, Gradient 0.63266) | LR 1.25e-06
2026-07-29 06:47:00,085 INFO Epoch 99 | Batch 700/1186 | Loss 2.31660 (Pin 0.88507 [q90 0.43645, q10 0.44862], MS 1.43153, Freq 0.00000, L1 1.92472, Spectral 0.37052, Gradient 0.63313) | LR 1.25e-06
2026-07-29 06:47:21,841 INFO Epoch 99 | Batch 750/1186 | Loss 2.36565 (Pin 0.89723 [q90 0.44522, q10 0.45201], MS 1.46842, Freq 0.00000, L1 1.96302, Spectral 0.38227, Gradient 0.65223) | LR 1.25e-06
2026-07-29 06:47:43,598 INFO Epoch 99 | Batch 800/1186 | Loss 2.31843 (Pin 0.90560 [q90 0.44238, q10 0.46322], MS 1.41284, Freq 0.00000, L1 1.95479, Spectral 0.36579, Gradient 0.63145) | LR 1.25e-06
2026-07-29 06:48:05,353 INFO Epoch 99 | Batch 850/1186 | Loss 2.34398 (Pin 0.89969 [q90 0.44511, q10 0.45458], MS 1.44429, Freq 0.00000, L1 1.95661, Spectral 0.35745, Gradient 0.62466) | LR 1.25e-06
2026-07-29 06:48:27,102 INFO Epoch 99 | Batch 900/1186 | Loss 2.29985 (Pin 0.87673 [q90 0.43425, q10 0.44248], MS 1.42312, Freq 0.00000, L1 1.92461, Spectral 0.36356, Gradient 0.62369) | LR 1.25e-06
2026-07-29 06:48:48,864 INFO Epoch 99 | Batch 950/1186 | Loss 2.30759 (Pin 0.85917 [q90 0.42242, q10 0.43675], MS 1.44842, Freq 0.00000, L1 1.90631, Spectral 0.37968, Gradient 0.64689) | LR 1.25e-06
2026-07-29 06:49:10,616 INFO Epoch 99 | Batch 1000/1186 | Loss 2.39500 (Pin 0.89060 [q90 0.43096, q10 0.45964], MS 1.50440, Freq 0.00000, L1 1.94251, Spectral 0.37002, Gradient 0.63835) | LR 1.25e-06
2026-07-29 06:49:32,370 INFO Epoch 99 | Batch 1050/1186 | Loss 2.42156 (Pin 0.92481 [q90 0.44299, q10 0.48182], MS 1.49675, Freq 0.00000, L1 1.98876, Spectral 0.35411, Gradient 0.62353) | LR 1.25e-06
2026-07-29 06:49:54,141 INFO Epoch 99 | Batch 1100/1186 | Loss 2.23222 (Pin 0.87094 [q90 0.43004, q10 0.44090], MS 1.36127, Freq 0.00000, L1 1.90856, Spectral 0.36066, Gradient 0.61565) | LR 1.25e-06
2026-07-29 06:50:15,911 INFO Epoch 99 | Batch 1150/1186 | Loss 2.34207 (Pin 0.89653 [q90 0.43786, q10 0.45867], MS 1.44555, Freq 0.00000, L1 1.95130, Spectral 0.37757, Gradient 0.64623) | LR 1.25e-06
2026-07-29 06:51:07,621 INFO Epoch 99 | Val Loss 3.01295 (Pin 0.85310 [q90 0.42017, q10 0.43293], MS 2.15985, Freq 0.00000, L1 1.89125, Spectral 0.34780, Gradient 0.59817)
2026-07-29 06:51:07,621 INFO Epoch 99 | Coverage q10/q50/q90 = 0.088/0.491/0.895 (nominal .10/.50/.90) | extreme tail = 0.122/0.466/0.847
2026-07-29 06:51:07,868 INFO Training complete.
