2023-08-21 18:30:02,769 INFO Logging to /home/peytonli/26.6_wind/logs/train_20230821_183002.log
2023-08-21 18:30:02,769 INFO Config:
{
  "seed": 0,
  "paths": {
    "data_dir": "/home/peytonli/26.6_wind/data",
    "log_dir": "/home/peytonli/26.6_wind/logs",
    "splits_path": "/home/peytonli/26.6_wind/data/splits_70_15_15/split_indices.npz"
  },
  "model": {
    "img_size": 200,
    "embed_dim": 96,
    "depths": [
      4,
      4,
      4
    ],
    "num_heads": [
      6,
      6,
      6
    ],
    "window_size": 8,
    "mlp_ratio": 4.0,
    "head_init_std": 0.001,
    "chol_diag_init": 1.0
  },
  "training": {
    "batch_size": 4,
    "num_epochs": 100,
    "learning_rate": 0.0001,
    "weight_decay": 0.0,
    "nll_weight": 0.5,
    "l1_weight": 1.0,
    "spectral_weight": 0.258,
    "gradient_weight": 0.003,
    "quantile_weight": 0.241,
    "spectral_low_freq_cutoff": 0.28,
    "quantiles": [
      0.95,
      0.99
    ],
    "grad_clip_norm": 1.0,
    "num_workers": 2,
    "val_interval": 1,
    "lr_milestone_fractions": [
      0.5,
      0.75,
      0.9
    ],
    "lr_gamma": 0.5
  },
  "logging": {
    "log_every": 50
  }
}
2023-08-21 18:30:02,769 INFO Using device: cuda
2023-08-21 18:30:02,810 INFO Train samples: 4744, Val samples: 1013
2023-08-21 18:30:04,329 INFO Total parameters: 2102581
2023-08-21 18:30:04,331 INFO LR schedule: milestones (steps) = [59300, 88950, 106740] (of 118600 total), gamma = 0.500
2023-08-21 18:30:04,980 INFO Resumed from logs/checkpoints/best.pth at epoch 25 (best_val_loss=4.24080)
2023-08-21 18:30:04,980 INFO Loss weights: {'nll': 0.5, 'l1': 1.0, 'spectral': 0.258, 'gradient': 0.003, 'quantile': 0.241}
2023-08-21 18:30:04,980 INFO Mean-aux loss params: spectral_low_freq_cutoff=0.280, quantiles=[0.95, 0.99]
2023-08-21 18:30:47,773 INFO Epoch 25 | Batch 50/1186 | Loss 4.38714 (NLL 4.40620 [logdet 1.55665, mahal 1.01167], L1 1.90798, Spectral 0.27112, Gradient 0.44536, Quantile 0.84966) | LR 1.00e-03
2023-08-21 18:31:23,626 INFO Epoch 25 | Batch 100/1186 | Loss 4.27112 (NLL 4.34896 [logdet 1.49206, mahal 1.01902], L1 1.83357, Spectral 0.26083, Gradient 0.43128, Quantile 0.80698) | LR 1.00e-03
2023-08-21 18:31:59,632 INFO Epoch 25 | Batch 150/1186 | Loss 4.31202 (NLL 4.37197 [logdet 1.48024, mahal 1.05385], L1 1.85797, Spectral 0.26596, Gradient 0.44460, Quantile 0.82206) | LR 1.00e-03
2023-08-21 18:32:35,681 INFO Epoch 25 | Batch 200/1186 | Loss 4.47827 (NLL 4.47524 [logdet 1.57864, mahal 1.05873], L1 1.96061, Spectral 0.26354, Gradient 0.44005, Quantile 0.87439) | LR 1.00e-03
2023-08-21 18:33:11,770 INFO Epoch 25 | Batch 250/1186 | Loss 4.49734 (NLL 4.49282 [logdet 1.61563, mahal 1.03931], L1 1.96978, Spectral 0.27020, Gradient 0.45089, Quantile 0.87170) | LR 1.00e-03
2023-08-21 18:33:47,862 INFO Epoch 25 | Batch 300/1186 | Loss 4.20445 (NLL 4.29480 [logdet 1.44455, mahal 1.01237], L1 1.79376, Spectral 0.26196, Gradient 0.43372, Quantile 0.80663) | LR 1.00e-03
2023-08-21 18:34:23,958 INFO Epoch 25 | Batch 350/1186 | Loss 4.43835 (NLL 4.41846 [logdet 1.55318, mahal 1.02740], L1 1.95353, Spectral 0.26560, Gradient 0.44399, Quantile 0.85365) | LR 1.00e-03
2023-08-21 18:35:00,081 INFO Epoch 25 | Batch 400/1186 | Loss 4.23025 (NLL 4.32425 [logdet 1.45340, mahal 1.03298], L1 1.80811, Spectral 0.26044, Gradient 0.43622, Quantile 0.79463) | LR 1.00e-03
2023-08-21 18:35:36,165 INFO Epoch 25 | Batch 450/1186 | Loss 4.41856 (NLL 4.44077 [logdet 1.55284, mahal 1.05006], L1 1.92434, Spectral 0.26521, Gradient 0.44536, Quantile 0.84679) | LR 1.00e-03
2023-08-21 18:36:12,259 INFO Epoch 25 | Batch 500/1186 | Loss 4.38899 (NLL 4.41057 [logdet 1.52568, mahal 1.04702], L1 1.90826, Spectral 0.26451, Gradient 0.44007, Quantile 0.85427) | LR 1.00e-03
2023-08-21 18:36:48,369 INFO Epoch 25 | Batch 550/1186 | Loss 4.34257 (NLL 4.38761 [logdet 1.53377, mahal 1.01596], L1 1.87983, Spectral 0.26509, Gradient 0.43346, Quantile 0.82677) | LR 1.00e-03
2023-08-21 18:37:24,476 INFO Epoch 25 | Batch 600/1186 | Loss 4.32320 (NLL 4.36919 [logdet 1.50513, mahal 1.02619], L1 1.86915, Spectral 0.26171, Gradient 0.43125, Quantile 0.83256) | LR 1.00e-03
2023-08-21 18:38:00,546 INFO Epoch 25 | Batch 650/1186 | Loss 4.33659 (NLL 4.38182 [logdet 1.51724, mahal 1.02670], L1 1.87312, Spectral 0.26959, Gradient 0.43884, Quantile 0.83687) | LR 1.00e-03
2023-08-21 18:38:36,620 INFO Epoch 25 | Batch 700/1186 | Loss 4.38891 (NLL 4.40386 [logdet 1.51725, mahal 1.04873], L1 1.91600, Spectral 0.25702, Gradient 0.43332, Quantile 0.84383) | LR 1.00e-03
2023-08-21 18:39:12,677 INFO Epoch 25 | Batch 750/1186 | Loss 4.29365 (NLL 4.37061 [logdet 1.50090, mahal 1.03183], L1 1.84429, Spectral 0.25787, Gradient 0.42430, Quantile 0.81428) | LR 1.00e-03
2023-08-21 18:39:48,737 INFO Epoch 25 | Batch 800/1186 | Loss 4.33738 (NLL 4.38863 [logdet 1.51835, mahal 1.03240], L1 1.87180, Spectral 0.25622, Gradient 0.43501, Quantile 0.84589) | LR 1.00e-03
2023-08-21 18:40:24,782 INFO Epoch 25 | Batch 850/1186 | Loss 4.41781 (NLL 4.43462 [logdet 1.54490, mahal 1.05184], L1 1.92596, Spectral 0.26267, Gradient 0.44298, Quantile 0.85249) | LR 1.00e-03
2023-08-21 18:41:00,826 INFO Epoch 25 | Batch 900/1186 | Loss 4.41279 (NLL 4.42441 [logdet 1.55707, mahal 1.02946], L1 1.92578, Spectral 0.26146, Gradient 0.43931, Quantile 0.85494) | LR 1.00e-03
2023-08-21 18:41:36,873 INFO Epoch 25 | Batch 950/1186 | Loss 4.30771 (NLL 4.34749 [logdet 1.49975, mahal 1.00986], L1 1.85989, Spectral 0.26356, Gradient 0.44143, Quantile 0.84961) | LR 1.00e-03
2023-08-21 18:42:12,904 INFO Epoch 25 | Batch 1000/1186 | Loss 4.37456 (NLL 4.41114 [logdet 1.54605, mahal 1.02721], L1 1.89716, Spectral 0.26552, Gradient 0.44296, Quantile 0.83818) | LR 1.00e-03
2023-08-21 18:42:48,968 INFO Epoch 25 | Batch 1050/1186 | Loss 4.34611 (NLL 4.41475 [logdet 1.50131, mahal 1.07557], L1 1.87067, Spectral 0.26488, Gradient 0.43908, Quantile 0.82325) | LR 1.00e-03
2023-08-21 18:43:25,058 INFO Epoch 25 | Batch 1100/1186 | Loss 4.23061 (NLL 4.31356 [logdet 1.48070, mahal 0.99499], L1 1.80847, Spectral 0.26335, Gradient 0.43419, Quantile 0.81373) | LR 1.00e-03
2023-08-21 18:44:01,140 INFO Epoch 25 | Batch 1150/1186 | Loss 4.32407 (NLL 4.36867 [logdet 1.52976, mahal 1.00103], L1 1.87142, Spectral 0.25579, Gradient 0.43105, Quantile 0.83416) | LR 1.00e-03
2023-08-21 18:45:29,038 INFO Epoch 25 | Val Loss 4.24897 (NLL 4.33556 [logdet 1.57156, mahal 0.92612], L1 1.79614, Spectral 0.26231, Gradient 0.43647, Quantile 0.89653)
2023-08-21 18:46:05,390 INFO Epoch 26 | Batch 50/1186 | Loss 4.35506 (NLL 4.40325 [logdet 1.55120, mahal 1.01417], L1 1.88432, Spectral 0.26832, Gradient 0.44181, Quantile 0.82390) | LR 1.00e-03
2023-08-21 18:46:41,492 INFO Epoch 26 | Batch 100/1186 | Loss 4.36773 (NLL 4.40065 [logdet 1.51495, mahal 1.04783], L1 1.88850, Spectral 0.26313, Gradient 0.43503, Quantile 0.87017) | LR 1.00e-03
2023-08-21 18:47:17,591 INFO Epoch 26 | Batch 150/1186 | Loss 4.30009 (NLL 4.36020 [logdet 1.48536, mahal 1.03696], L1 1.85345, Spectral 0.26275, Gradient 0.44083, Quantile 0.81924) | LR 1.00e-03
2023-08-21 18:47:53,677 INFO Epoch 26 | Batch 200/1186 | Loss 4.42360 (NLL 4.41879 [logdet 1.53230, mahal 1.04861], L1 1.93326, Spectral 0.26713, Gradient 0.44781, Quantile 0.87419) | LR 1.00e-03
2023-08-21 18:48:29,776 INFO Epoch 26 | Batch 250/1186 | Loss 4.27222 (NLL 4.33953 [logdet 1.51963, mahal 0.98203], L1 1.83284, Spectral 0.25804, Gradient 0.42940, Quantile 0.83715) | LR 1.00e-03
2023-08-21 18:49:05,864 INFO Epoch 26 | Batch 300/1186 | Loss 4.42937 (NLL 4.44530 [logdet 1.55204, mahal 1.05539], L1 1.93374, Spectral 0.27315, Gradient 0.44813, Quantile 0.83474) | LR 1.00e-03
2023-08-21 18:49:41,932 INFO Epoch 26 | Batch 350/1186 | Loss 4.31818 (NLL 4.38802 [logdet 1.51486, mahal 1.03528], L1 1.85726, Spectral 0.25784, Gradient 0.42829, Quantile 0.82615) | LR 1.00e-03
2023-08-21 18:50:18,013 INFO Epoch 26 | Batch 400/1186 | Loss 4.35168 (NLL 4.39876 [logdet 1.51328, mahal 1.04760], L1 1.88065, Spectral 0.26503, Gradient 0.44257, Quantile 0.83794) | LR 1.00e-03
2023-08-21 18:50:54,103 INFO Epoch 26 | Batch 450/1186 | Loss 4.30764 (NLL 4.37859 [logdet 1.50368, mahal 1.03704], L1 1.84823, Spectral 0.25970, Gradient 0.43083, Quantile 0.83742) | LR 1.00e-03
2023-08-21 18:51:30,183 INFO Epoch 26 | Batch 500/1186 | Loss 4.25854 (NLL 4.31546 [logdet 1.49793, mahal 0.97966], L1 1.83564, Spectral 0.26221, Gradient 0.44088, Quantile 0.81410) | LR 1.00e-03
2023-08-21 18:52:06,258 INFO Epoch 26 | Batch 550/1186 | Loss 4.36014 (NLL 4.38853 [logdet 1.50404, mahal 1.04662], L1 1.89391, Spectral 0.26172, Gradient 0.43532, Quantile 0.84292) | LR 1.00e-03
2023-08-21 18:52:42,332 INFO Epoch 26 | Batch 600/1186 | Loss 4.31322 (NLL 4.37366 [logdet 1.50887, mahal 1.02691], L1 1.85828, Spectral 0.25746, Gradient 0.42797, Quantile 0.83156) | LR 1.00e-03
2023-08-21 18:53:18,411 INFO Epoch 26 | Batch 650/1186 | Loss 4.39734 (NLL 4.43181 [logdet 1.54948, mahal 1.04445], L1 1.90944, Spectral 0.26725, Gradient 0.44606, Quantile 0.83696) | LR 1.00e-03
2023-08-21 18:53:54,487 INFO Epoch 26 | Batch 700/1186 | Loss 4.38029 (NLL 4.41020 [logdet 1.54793, mahal 1.02440], L1 1.90356, Spectral 0.26149, Gradient 0.43962, Quantile 0.84169) | LR 1.00e-03
2023-08-21 18:54:30,565 INFO Epoch 26 | Batch 750/1186 | Loss 4.36827 (NLL 4.40515 [logdet 1.54752, mahal 1.01975], L1 1.89281, Spectral 0.26311, Gradient 0.43999, Quantile 0.84515) | LR 1.00e-03
2023-08-21 18:55:06,652 INFO Epoch 26 | Batch 800/1186 | Loss 4.38666 (NLL 4.40880 [logdet 1.55774, mahal 1.01318], L1 1.90369, Spectral 0.26625, Gradient 0.43916, Quantile 0.86538) | LR 1.00e-03
2023-08-21 18:55:42,741 INFO Epoch 26 | Batch 850/1186 | Loss 4.29567 (NLL 4.34851 [logdet 1.46330, mahal 1.04733], L1 1.85558, Spectral 0.25999, Gradient 0.43018, Quantile 0.81938) | LR 1.00e-03
2023-08-21 18:56:18,826 INFO Epoch 26 | Batch 900/1186 | Loss 4.31818 (NLL 4.34777 [logdet 1.50299, mahal 1.00690], L1 1.87368, Spectral 0.26688, Gradient 0.44378, Quantile 0.83161) | LR 1.00e-03
2023-08-21 18:56:54,910 INFO Epoch 26 | Batch 950/1186 | Loss 4.39175 (NLL 4.42590 [logdet 1.54901, mahal 1.03901], L1 1.90795, Spectral 0.26081, Gradient 0.43689, Quantile 0.83925) | LR 1.00e-03
2023-08-21 18:57:30,993 INFO Epoch 26 | Batch 1000/1186 | Loss 4.29427 (NLL 4.36197 [logdet 1.48756, mahal 1.03654], L1 1.85059, Spectral 0.26153, Gradient 0.43644, Quantile 0.80461) | LR 1.00e-03
2023-08-21 18:58:07,081 INFO Epoch 26 | Batch 1050/1186 | Loss 4.40862 (NLL 4.40728 [logdet 1.56647, mahal 1.00294], L1 1.92728, Spectral 0.26900, Gradient 0.44200, Quantile 0.85883) | LR 1.00e-03
2023-08-21 18:58:43,147 INFO Epoch 26 | Batch 1100/1186 | Loss 4.32135 (NLL 4.35784 [logdet 1.47629, mahal 1.04368], L1 1.87372, Spectral 0.26152, Gradient 0.43553, Quantile 0.82960) | LR 1.00e-03
2023-08-21 18:59:19,229 INFO Epoch 26 | Batch 1150/1186 | Loss 4.40431 (NLL 4.42207 [logdet 1.54924, mahal 1.03496], L1 1.91859, Spectral 0.26653, Gradient 0.44630, Quantile 0.84888) | LR 1.00e-03
2023-08-21 19:00:47,046 INFO Epoch 26 | Val Loss 4.27387 (NLL 4.36161 [logdet 1.30967, mahal 1.21407], L1 1.80605, Spectral 0.26322, Gradient 0.43892, Quantile 0.90369)
2023-08-21 19:01:23,338 INFO Epoch 27 | Batch 50/1186 | Loss 4.33661 (NLL 4.37839 [logdet 1.50096, mahal 1.03955], L1 1.87301, Spectral 0.26743, Gradient 0.43646, Quantile 0.84686) | LR 1.00e-03
2023-08-21 19:01:59,417 INFO Epoch 27 | Batch 100/1186 | Loss 4.35091 (NLL 4.36072 [logdet 1.50270, mahal 1.02014], L1 1.89887, Spectral 0.26077, Gradient 0.43809, Quantile 0.84267) | LR 1.00e-03
2023-08-21 19:02:35,489 INFO Epoch 27 | Batch 150/1186 | Loss 4.28079 (NLL 4.35893 [logdet 1.48624, mahal 1.03482], L1 1.83285, Spectral 0.26143, Gradient 0.43268, Quantile 0.82874) | LR 1.00e-03
2023-08-21 19:03:11,559 INFO Epoch 27 | Batch 200/1186 | Loss 4.28906 (NLL 4.36116 [logdet 1.48287, mahal 1.04041], L1 1.84116, Spectral 0.26905, Gradient 0.44224, Quantile 0.81567) | LR 1.00e-03
2023-08-21 19:03:47,661 INFO Epoch 27 | Batch 250/1186 | Loss 4.41993 (NLL 4.41147 [logdet 1.54055, mahal 1.03305], L1 1.93575, Spectral 0.26341, Gradient 0.44166, Quantile 0.86789) | LR 1.00e-03
2023-08-21 19:04:23,737 INFO Epoch 27 | Batch 300/1186 | Loss 4.34599 (NLL 4.40385 [logdet 1.53921, mahal 1.02676], L1 1.87575, Spectral 0.25994, Gradient 0.43194, Quantile 0.82969) | LR 1.00e-03
2023-08-21 19:04:59,826 INFO Epoch 27 | Batch 350/1186 | Loss 4.40157 (NLL 4.42425 [logdet 1.54932, mahal 1.03704], L1 1.91360, Spectral 0.26103, Gradient 0.43611, Quantile 0.85971) | LR 1.00e-03
2023-08-21 19:05:35,898 INFO Epoch 27 | Batch 400/1186 | Loss 4.24897 (NLL 4.32232 [logdet 1.48955, mahal 0.99490], L1 1.82352, Spectral 0.25342, Gradient 0.42669, Quantile 0.82004) | LR 1.00e-03
2023-08-21 19:06:11,969 INFO Epoch 27 | Batch 450/1186 | Loss 4.33483 (NLL 4.35835 [logdet 1.49715, mahal 1.02332], L1 1.88451, Spectral 0.26241, Gradient 0.44285, Quantile 0.83864) | LR 1.00e-03
2023-08-21 19:06:48,063 INFO Epoch 27 | Batch 500/1186 | Loss 4.47699 (NLL 4.49454 [logdet 1.62863, mahal 1.02803], L1 1.95065, Spectral 0.27005, Gradient 0.44724, Quantile 0.86330) | LR 1.00e-03
2023-08-21 19:07:24,156 INFO Epoch 27 | Batch 550/1186 | Loss 4.38356 (NLL 4.38655 [logdet 1.51532, mahal 1.03335], L1 1.91670, Spectral 0.26486, Gradient 0.44303, Quantile 0.84612) | LR 1.00e-03
2023-08-21 19:08:00,244 INFO Epoch 27 | Batch 600/1186 | Loss 4.27532 (NLL 4.34181 [logdet 1.47032, mahal 1.03362], L1 1.83589, Spectral 0.26325, Gradient 0.44115, Quantile 0.82689) | LR 1.00e-03
2023-08-21 19:08:36,324 INFO Epoch 27 | Batch 650/1186 | Loss 4.26744 (NLL 4.34205 [logdet 1.47860, mahal 1.02557], L1 1.83725, Spectral 0.25417, Gradient 0.42352, Quantile 0.79799) | LR 1.00e-03
2023-08-21 19:09:12,384 INFO Epoch 27 | Batch 700/1186 | Loss 4.35617 (NLL 4.38018 [logdet 1.53272, mahal 1.00959], L1 1.89767, Spectral 0.26517, Gradient 0.44250, Quantile 0.82434) | LR 1.00e-03
2023-08-21 19:09:48,491 INFO Epoch 27 | Batch 750/1186 | Loss 4.38244 (NLL 4.41514 [logdet 1.54389, mahal 1.03337], L1 1.90669, Spectral 0.26733, Gradient 0.44540, Quantile 0.82108) | LR 1.00e-03
2023-08-21 19:10:24,574 INFO Epoch 27 | Batch 800/1186 | Loss 4.29411 (NLL 4.37596 [logdet 1.51615, mahal 1.02193], L1 1.83726, Spectral 0.26648, Gradient 0.43614, Quantile 0.82493) | LR 1.00e-03
2023-08-21 19:11:00,641 INFO Epoch 27 | Batch 850/1186 | Loss 4.34272 (NLL 4.38986 [logdet 1.52725, mahal 1.02474], L1 1.88140, Spectral 0.25675, Gradient 0.43097, Quantile 0.82511) | LR 1.00e-03
2023-08-21 19:11:36,731 INFO Epoch 27 | Batch 900/1186 | Loss 4.33875 (NLL 4.38922 [logdet 1.50136, mahal 1.04999], L1 1.87172, Spectral 0.27107, Gradient 0.44752, Quantile 0.83460) | LR 1.00e-03
2023-08-21 19:12:12,789 INFO Epoch 27 | Batch 950/1186 | Loss 4.40554 (NLL 4.43405 [logdet 1.56083, mahal 1.03533], L1 1.92027, Spectral 0.25495, Gradient 0.43303, Quantile 0.83473) | LR 1.00e-03
2023-08-21 19:12:48,863 INFO Epoch 27 | Batch 1000/1186 | Loss 4.40131 (NLL 4.42476 [logdet 1.54584, mahal 1.04104], L1 1.91203, Spectral 0.26063, Gradient 0.43800, Quantile 0.86447) | LR 1.00e-03
2023-08-21 19:13:24,930 INFO Epoch 27 | Batch 1050/1186 | Loss 4.39963 (NLL 4.42225 [logdet 1.54110, mahal 1.04327], L1 1.91710, Spectral 0.26573, Gradient 0.43605, Quantile 0.83626) | LR 1.00e-03
2023-08-21 19:14:00,979 INFO Epoch 27 | Batch 1100/1186 | Loss 4.34124 (NLL 4.38970 [logdet 1.53670, mahal 1.01512], L1 1.87719, Spectral 0.26808, Gradient 0.43981, Quantile 0.82457) | LR 1.00e-03
2023-08-21 19:14:37,040 INFO Epoch 27 | Batch 1150/1186 | Loss 4.39930 (NLL 4.41664 [logdet 1.51639, mahal 1.06236], L1 1.91833, Spectral 0.27117, Gradient 0.44545, Quantile 0.83548) | LR 1.00e-03
2023-08-21 19:16:04,750 INFO Epoch 27 | Val Loss 4.25670 (NLL 4.33825 [logdet 1.50477, mahal 0.99561], L1 1.80735, Spectral 0.26271, Gradient 0.43740, Quantile 0.87608)
2023-08-21 19:16:41,057 INFO Epoch 28 | Batch 50/1186 | Loss 4.30104 (NLL 4.36418 [logdet 1.47761, mahal 1.04869], L1 1.85122, Spectral 0.26691, Gradient 0.43939, Quantile 0.81975) | LR 1.00e-03
2023-08-21 19:17:17,106 INFO Epoch 28 | Batch 100/1186 | Loss 4.29877 (NLL 4.35274 [logdet 1.50844, mahal 1.00642], L1 1.85803, Spectral 0.26281, Gradient 0.43303, Quantile 0.81023) | LR 1.00e-03
2023-08-21 19:17:53,174 INFO Epoch 28 | Batch 150/1186 | Loss 4.34741 (NLL 4.40323 [logdet 1.50990, mahal 1.05545], L1 1.87515, Spectral 0.26763, Gradient 0.44293, Quantile 0.83102) | LR 1.00e-03
2023-08-21 19:18:29,274 INFO Epoch 28 | Batch 200/1186 | Loss 4.31132 (NLL 4.36816 [logdet 1.48274, mahal 1.04754], L1 1.85971, Spectral 0.25821, Gradient 0.42463, Quantile 0.82842) | LR 1.00e-03
2023-08-21 19:19:05,320 INFO Epoch 28 | Batch 250/1186 | Loss 4.32230 (NLL 4.37828 [logdet 1.48512, mahal 1.05528], L1 1.86482, Spectral 0.26210, Gradient 0.43951, Quantile 0.82738) | LR 1.00e-03
2023-08-21 19:19:41,366 INFO Epoch 28 | Batch 300/1186 | Loss 4.29541 (NLL 4.36206 [logdet 1.53074, mahal 0.99344], L1 1.84510, Spectral 0.26523, Gradient 0.44527, Quantile 0.82786) | LR 1.00e-03
2023-08-21 19:20:17,421 INFO Epoch 28 | Batch 350/1186 | Loss 4.44661 (NLL 4.44444 [logdet 1.57294, mahal 1.03362], L1 1.94837, Spectral 0.26346, Gradient 0.43728, Quantile 0.85781) | LR 1.00e-03
2023-08-21 19:20:53,480 INFO Epoch 28 | Batch 400/1186 | Loss 4.37431 (NLL 4.40551 [logdet 1.50654, mahal 1.06110], L1 1.89967, Spectral 0.25138, Gradient 0.42513, Quantile 0.85375) | LR 1.00e-03
2023-08-21 19:21:29,535 INFO Epoch 28 | Batch 450/1186 | Loss 4.39063 (NLL 4.40513 [logdet 1.56708, mahal 1.00017], L1 1.90925, Spectral 0.27098, Gradient 0.44685, Quantile 0.86122) | LR 1.00e-03
2023-08-21 19:22:05,579 INFO Epoch 28 | Batch 500/1186 | Loss 4.48054 (NLL 4.46222 [logdet 1.57374, mahal 1.05061], L1 1.97270, Spectral 0.26023, Gradient 0.43930, Quantile 0.86417) | LR 1.00e-03
2023-08-21 19:22:41,608 INFO Epoch 28 | Batch 550/1186 | Loss 4.32755 (NLL 4.38681 [logdet 1.52628, mahal 1.02266], L1 1.86746, Spectral 0.26266, Gradient 0.44093, Quantile 0.81991) | LR 1.00e-03
2023-08-21 19:23:17,633 INFO Epoch 28 | Batch 600/1186 | Loss 4.21370 (NLL 4.31759 [logdet 1.44013, mahal 1.03959], L1 1.79416, Spectral 0.26389, Gradient 0.43786, Quantile 0.79396) | LR 1.00e-03
2023-08-21 19:23:53,675 INFO Epoch 28 | Batch 650/1186 | Loss 4.36420 (NLL 4.39464 [logdet 1.54773, mahal 1.00903], L1 1.90279, Spectral 0.26032, Gradient 0.43530, Quantile 0.81170) | LR 1.00e-03
2023-08-21 19:24:29,722 INFO Epoch 28 | Batch 700/1186 | Loss 4.35652 (NLL 4.39006 [logdet 1.53221, mahal 1.01998], L1 1.88821, Spectral 0.26653, Gradient 0.44398, Quantile 0.84310) | LR 1.00e-03
2023-08-21 19:25:05,776 INFO Epoch 28 | Batch 750/1186 | Loss 4.38219 (NLL 4.41802 [logdet 1.54790, mahal 1.03224], L1 1.89938, Spectral 0.25951, Gradient 0.43157, Quantile 0.85291) | LR 1.00e-03
2023-08-21 19:25:41,822 INFO Epoch 28 | Batch 800/1186 | Loss 4.28607 (NLL 4.34432 [logdet 1.48987, mahal 1.01658], L1 1.84716, Spectral 0.26768, Gradient 0.44513, Quantile 0.81474) | LR 1.00e-03
2023-08-21 19:26:17,897 INFO Epoch 28 | Batch 850/1186 | Loss 4.39504 (NLL 4.42560 [logdet 1.54708, mahal 1.04064], L1 1.90533, Spectral 0.25888, Gradient 0.43393, Quantile 0.86645) | LR 1.00e-03
2023-08-21 19:26:53,976 INFO Epoch 28 | Batch 900/1186 | Loss 4.43096 (NLL 4.41857 [logdet 1.56386, mahal 1.01683], L1 1.94116, Spectral 0.26784, Gradient 0.44305, Quantile 0.87174) | LR 1.00e-03
2023-08-21 19:27:30,036 INFO Epoch 28 | Batch 950/1186 | Loss 4.36653 (NLL 4.40902 [logdet 1.55994, mahal 1.01120], L1 1.88994, Spectral 0.26783, Gradient 0.43908, Quantile 0.83676) | LR 1.00e-03
2023-08-21 19:28:06,079 INFO Epoch 28 | Batch 1000/1186 | Loss 4.37269 (NLL 4.39272 [logdet 1.52527, mahal 1.02958], L1 1.90343, Spectral 0.26584, Gradient 0.44061, Quantile 0.84226) | LR 1.00e-03
2023-08-21 19:28:42,155 INFO Epoch 28 | Batch 1050/1186 | Loss 4.34796 (NLL 4.38719 [logdet 1.51274, mahal 1.03658], L1 1.88483, Spectral 0.26278, Gradient 0.43878, Quantile 0.83165) | LR 1.00e-03
2023-08-21 19:29:18,228 INFO Epoch 28 | Batch 1100/1186 | Loss 4.36822 (NLL 4.41149 [logdet 1.54730, mahal 1.02631], L1 1.88750, Spectral 0.26222, Gradient 0.43863, Quantile 0.85481) | LR 1.00e-03
2023-08-21 19:29:54,271 INFO Epoch 28 | Batch 1150/1186 | Loss 4.31929 (NLL 4.36290 [logdet 1.49903, mahal 1.02599], L1 1.86224, Spectral 0.27452, Gradient 0.44992, Quantile 0.84408) | LR 1.00e-03
2023-08-21 19:31:22,385 INFO Epoch 28 | Val Loss 4.24883 (NLL 4.34064 [logdet 1.31468, mahal 1.18808], L1 1.79908, Spectral 0.26203, Gradient 0.43490, Quantile 0.87354)
2023-08-21 19:31:58,858 INFO Epoch 29 | Batch 50/1186 | Loss 4.40300 (NLL 4.45317 [logdet 1.54631, mahal 1.06898], L1 1.90386, Spectral 0.25968, Gradient 0.43610, Quantile 0.84750) | LR 1.00e-03
2023-08-21 19:32:34,886 INFO Epoch 29 | Batch 100/1186 | Loss 4.35715 (NLL 4.39539 [logdet 1.52766, mahal 1.02986], L1 1.88848, Spectral 0.26390, Gradient 0.44110, Quantile 0.83636) | LR 1.00e-03
2023-08-21 19:33:10,917 INFO Epoch 29 | Batch 150/1186 | Loss 4.41044 (NLL 4.42687 [logdet 1.56325, mahal 1.02574], L1 1.92135, Spectral 0.26650, Gradient 0.44425, Quantile 0.85295) | LR 1.00e-03
2023-08-21 19:33:46,959 INFO Epoch 29 | Batch 200/1186 | Loss 4.36872 (NLL 4.38978 [logdet 1.52829, mahal 1.02361], L1 1.89629, Spectral 0.26622, Gradient 0.44004, Quantile 0.86111) | LR 1.00e-03
2023-08-21 19:34:22,979 INFO Epoch 29 | Batch 250/1186 | Loss 4.35630 (NLL 4.39661 [logdet 1.53115, mahal 1.02759], L1 1.89096, Spectral 0.25807, Gradient 0.43263, Quantile 0.82634) | LR 1.00e-03
2023-08-21 19:34:59,001 INFO Epoch 29 | Batch 300/1186 | Loss 4.23706 (NLL 4.32445 [logdet 1.48265, mahal 1.00393], L1 1.80864, Spectral 0.26305, Gradient 0.43322, Quantile 0.81754) | LR 1.00e-03
2023-08-21 19:35:35,026 INFO Epoch 29 | Batch 350/1186 | Loss 4.26715 (NLL 4.34397 [logdet 1.47511, mahal 1.03098], L1 1.82616, Spectral 0.26706, Gradient 0.43585, Quantile 0.82488) | LR 1.00e-03
2023-08-21 19:36:11,067 INFO Epoch 29 | Batch 400/1186 | Loss 4.38981 (NLL 4.41764 [logdet 1.56045, mahal 1.01931], L1 1.90707, Spectral 0.26597, Gradient 0.44505, Quantile 0.84633) | LR 1.00e-03
2023-08-21 19:36:47,119 INFO Epoch 29 | Batch 450/1186 | Loss 4.35859 (NLL 4.39566 [logdet 1.51700, mahal 1.04079], L1 1.89105, Spectral 0.26132, Gradient 0.43475, Quantile 0.83396) | LR 1.00e-03
2023-08-21 19:37:23,170 INFO Epoch 29 | Batch 500/1186 | Loss 4.43228 (NLL 4.43503 [logdet 1.55647, mahal 1.04068], L1 1.94160, Spectral 0.26062, Gradient 0.43505, Quantile 0.84904) | LR 1.00e-03
2023-08-21 19:37:59,226 INFO Epoch 29 | Batch 550/1186 | Loss 4.43754 (NLL 4.43606 [logdet 1.56805, mahal 1.03013], L1 1.94195, Spectral 0.26779, Gradient 0.44784, Quantile 0.85946) | LR 1.00e-03
2023-08-21 19:38:35,281 INFO Epoch 29 | Batch 600/1186 | Loss 4.31158 (NLL 4.36475 [logdet 1.53182, mahal 0.99506], L1 1.85775, Spectral 0.27128, Gradient 0.44622, Quantile 0.83036) | LR 1.00e-03
2023-08-21 19:39:11,305 INFO Epoch 29 | Batch 650/1186 | Loss 4.31229 (NLL 4.36945 [logdet 1.46108, mahal 1.07049], L1 1.86018, Spectral 0.25992, Gradient 0.43399, Quantile 0.82583) | LR 1.00e-03
2023-08-21 19:39:47,346 INFO Epoch 29 | Batch 700/1186 | Loss 4.35232 (NLL 4.40137 [logdet 1.50454, mahal 1.05895], L1 1.88002, Spectral 0.26332, Gradient 0.44051, Quantile 0.83964) | LR 1.00e-03
2023-08-21 19:40:23,387 INFO Epoch 29 | Batch 750/1186 | Loss 4.31474 (NLL 4.39364 [logdet 1.52603, mahal 1.02973], L1 1.85233, Spectral 0.26608, Gradient 0.44060, Quantile 0.81168) | LR 1.00e-03
2023-08-21 19:40:59,436 INFO Epoch 29 | Batch 800/1186 | Loss 4.39611 (NLL 4.42023 [logdet 1.57967, mahal 1.00268], L1 1.91123, Spectral 0.26448, Gradient 0.43933, Quantile 0.85153) | LR 1.00e-03
2023-08-21 19:41:35,478 INFO Epoch 29 | Batch 850/1186 | Loss 4.32049 (NLL 4.36427 [logdet 1.48138, mahal 1.04501], L1 1.86922, Spectral 0.26871, Gradient 0.44355, Quantile 0.82355) | LR 1.00e-03
2023-08-21 19:42:11,513 INFO Epoch 29 | Batch 900/1186 | Loss 4.36764 (NLL 4.40939 [logdet 1.54535, mahal 1.02616], L1 1.89252, Spectral 0.26277, Gradient 0.43622, Quantile 0.83539) | LR 1.00e-03
2023-08-21 19:42:47,571 INFO Epoch 29 | Batch 950/1186 | Loss 4.24141 (NLL 4.32148 [logdet 1.45741, mahal 1.02619], L1 1.81567, Spectral 0.25892, Gradient 0.42927, Quantile 0.81705) | LR 1.00e-03
2023-08-21 19:43:23,601 INFO Epoch 29 | Batch 1000/1186 | Loss 4.27317 (NLL 4.34522 [logdet 1.51400, mahal 0.99335], L1 1.83607, Spectral 0.26175, Gradient 0.43206, Quantile 0.81190) | LR 1.00e-03
2023-08-21 19:43:59,630 INFO Epoch 29 | Batch 1050/1186 | Loss 4.28815 (NLL 4.35975 [logdet 1.46607, mahal 1.05580], L1 1.84435, Spectral 0.25361, Gradient 0.42573, Quantile 0.81834) | LR 1.00e-03
2023-08-21 19:44:35,650 INFO Epoch 29 | Batch 1100/1186 | Loss 4.45331 (NLL 4.43498 [logdet 1.57406, mahal 1.02304], L1 1.95705, Spectral 0.27480, Gradient 0.44748, Quantile 0.85699) | LR 1.00e-03
2023-08-21 19:45:11,718 INFO Epoch 29 | Batch 1150/1186 | Loss 4.40525 (NLL 4.41766 [logdet 1.56057, mahal 1.01921], L1 1.91928, Spectral 0.26502, Gradient 0.43867, Quantile 0.86081) | LR 1.00e-03
2023-08-21 19:46:39,222 INFO Epoch 29 | Val Loss 4.24619 (NLL 4.33713 [logdet 1.46507, mahal 1.03419], L1 1.81070, Spectral 0.26177, Gradient 0.43426, Quantile 0.82192)
2023-08-21 19:47:15,536 INFO Epoch 30 | Batch 50/1186 | Loss 4.30819 (NLL 4.34826 [logdet 1.46851, mahal 1.04188], L1 1.86454, Spectral 0.27003, Gradient 0.43872, Quantile 0.82379) | LR 1.00e-03
2023-08-21 19:47:51,582 INFO Epoch 30 | Batch 100/1186 | Loss 4.42487 (NLL 4.43750 [logdet 1.52370, mahal 1.07593], L1 1.93023, Spectral 0.27140, Gradient 0.44852, Quantile 0.84866) | LR 1.00e-03
2023-08-21 19:48:27,625 INFO Epoch 30 | Batch 150/1186 | Loss 4.41502 (NLL 4.42257 [logdet 1.57073, mahal 1.01396], L1 1.92427, Spectral 0.26312, Gradient 0.43612, Quantile 0.87252) | LR 1.00e-03
2023-08-21 19:49:03,673 INFO Epoch 30 | Batch 200/1186 | Loss 4.28688 (NLL 4.35865 [logdet 1.48962, mahal 1.03115], L1 1.84197, Spectral 0.26571, Gradient 0.43576, Quantile 0.81212) | LR 1.00e-03
2023-08-21 19:49:39,729 INFO Epoch 30 | Batch 250/1186 | Loss 4.24762 (NLL 4.33698 [logdet 1.47243, mahal 1.02668], L1 1.81697, Spectral 0.25811, Gradient 0.43028, Quantile 0.80613) | LR 1.00e-03
2023-08-21 19:50:15,805 INFO Epoch 30 | Batch 300/1186 | Loss 4.41886 (NLL 4.43267 [logdet 1.53987, mahal 1.05492], L1 1.92487, Spectral 0.26994, Gradient 0.45162, Quantile 0.85751) | LR 1.00e-03
2023-08-21 19:50:51,875 INFO Epoch 30 | Batch 350/1186 | Loss 4.44169 (NLL 4.45958 [logdet 1.57028, mahal 1.05142], L1 1.93886, Spectral 0.26442, Gradient 0.43977, Quantile 0.84441) | LR 1.00e-03
2023-08-21 19:51:27,912 INFO Epoch 30 | Batch 400/1186 | Loss 4.24190 (NLL 4.32376 [logdet 1.46853, mahal 1.01735], L1 1.81493, Spectral 0.26656, Gradient 0.43941, Quantile 0.80912) | LR 1.00e-03
2023-08-21 19:52:03,962 INFO Epoch 30 | Batch 450/1186 | Loss 4.28955 (NLL 4.34376 [logdet 1.51587, mahal 0.99001], L1 1.85148, Spectral 0.26147, Gradient 0.43221, Quantile 0.81926) | LR 1.00e-03
2023-08-21 19:52:40,028 INFO Epoch 30 | Batch 500/1186 | Loss 4.36547 (NLL 4.40328 [logdet 1.52460, mahal 1.04080], L1 1.88847, Spectral 0.26867, Gradient 0.44348, Quantile 0.84943) | LR 1.00e-03
2023-08-21 19:53:16,088 INFO Epoch 30 | Batch 550/1186 | Loss 4.28456 (NLL 4.34718 [logdet 1.45020, mahal 1.05910], L1 1.84597, Spectral 0.26264, Gradient 0.43939, Quantile 0.81295) | LR 1.00e-03
2023-08-21 19:53:52,152 INFO Epoch 30 | Batch 600/1186 | Loss 4.28700 (NLL 4.34599 [logdet 1.51339, mahal 0.99472], L1 1.84896, Spectral 0.26338, Gradient 0.44095, Quantile 0.81233) | LR 1.00e-03
2023-08-21 19:54:28,225 INFO Epoch 30 | Batch 650/1186 | Loss 4.38656 (NLL 4.42793 [logdet 1.51974, mahal 1.07032], L1 1.90182, Spectral 0.25816, Gradient 0.43866, Quantile 0.84173) | LR 1.00e-03
2023-08-21 19:55:04,294 INFO Epoch 30 | Batch 700/1186 | Loss 4.40648 (NLL 4.42264 [logdet 1.54669, mahal 1.03807], L1 1.92301, Spectral 0.26690, Gradient 0.44041, Quantile 0.83809) | LR 1.00e-03
2023-08-21 19:55:40,364 INFO Epoch 30 | Batch 750/1186 | Loss 4.31978 (NLL 4.36467 [logdet 1.48448, mahal 1.04231], L1 1.87042, Spectral 0.25984, Gradient 0.43386, Quantile 0.82442) | LR 1.00e-03
2023-08-21 19:56:16,430 INFO Epoch 30 | Batch 800/1186 | Loss 4.30194 (NLL 4.36525 [logdet 1.50416, mahal 1.02321], L1 1.84740, Spectral 0.26248, Gradient 0.43969, Quantile 0.84182) | LR 1.00e-03
2023-08-21 19:56:52,480 INFO Epoch 30 | Batch 850/1186 | Loss 4.36569 (NLL 4.39416 [logdet 1.52724, mahal 1.02904], L1 1.89826, Spectral 0.26253, Gradient 0.43552, Quantile 0.83532) | LR 1.00e-03
2023-08-21 19:57:28,557 INFO Epoch 30 | Batch 900/1186 | Loss 4.31837 (NLL 4.36135 [logdet 1.47817, mahal 1.04530], L1 1.86867, Spectral 0.25777, Gradient 0.42745, Quantile 0.83501) | LR 1.00e-03
2023-08-21 19:58:04,598 INFO Epoch 30 | Batch 950/1186 | Loss 4.30584 (NLL 4.35874 [logdet 1.47355, mahal 1.04732], L1 1.86076, Spectral 0.25631, Gradient 0.42755, Quantile 0.82282) | LR 1.00e-03
2023-08-21 19:58:40,665 INFO Epoch 30 | Batch 1000/1186 | Loss 4.44193 (NLL 4.45525 [logdet 1.57388, mahal 1.04349], L1 1.93089, Spectral 0.27258, Gradient 0.45091, Quantile 0.87857) | LR 1.00e-03
2023-08-21 19:59:16,725 INFO Epoch 30 | Batch 1050/1186 | Loss 4.40786 (NLL 4.40757 [logdet 1.54080, mahal 1.02889], L1 1.93031, Spectral 0.25841, Gradient 0.43429, Quantile 0.85388) | LR 1.00e-03
2023-08-21 19:59:52,803 INFO Epoch 30 | Batch 1100/1186 | Loss 4.34816 (NLL 4.37883 [logdet 1.53229, mahal 1.00866], L1 1.89201, Spectral 0.25647, Gradient 0.43062, Quantile 0.82687) | LR 1.00e-03
2023-08-21 20:00:28,882 INFO Epoch 30 | Batch 1150/1186 | Loss 4.32970 (NLL 4.36814 [logdet 1.50452, mahal 1.02574], L1 1.87522, Spectral 0.26250, Gradient 0.43854, Quantile 0.83554) | LR 1.00e-03
2023-08-21 20:01:55,888 INFO Epoch 30 | Val Loss 4.25334 (NLL 4.34715 [logdet 1.46407, mahal 1.04520], L1 1.80291, Spectral 0.26224, Gradient 0.43528, Quantile 0.86263)
2023-08-21 20:02:32,182 INFO Epoch 31 | Batch 50/1186 | Loss 4.39991 (NLL 4.42027 [logdet 1.51006, mahal 1.07233], L1 1.91475, Spectral 0.26308, Gradient 0.44264, Quantile 0.85406) | LR 1.00e-03
2023-08-21 20:03:08,226 INFO Epoch 31 | Batch 100/1186 | Loss 4.30961 (NLL 4.35026 [logdet 1.50772, mahal 1.00466], L1 1.86711, Spectral 0.26100, Gradient 0.43658, Quantile 0.82455) | LR 1.00e-03
2023-08-21 20:03:44,276 INFO Epoch 31 | Batch 150/1186 | Loss 4.28327 (NLL 4.32929 [logdet 1.47974, mahal 1.01167], L1 1.85040, Spectral 0.25902, Gradient 0.43515, Quantile 0.83028) | LR 1.00e-03
2023-08-21 20:04:20,338 INFO Epoch 31 | Batch 200/1186 | Loss 4.33637 (NLL 4.38601 [logdet 1.51072, mahal 1.03741], L1 1.87206, Spectral 0.26249, Gradient 0.43872, Quantile 0.83929) | LR 1.00e-03
2023-08-21 20:04:56,402 INFO Epoch 31 | Batch 250/1186 | Loss 4.34842 (NLL 4.38097 [logdet 1.49321, mahal 1.04988], L1 1.88901, Spectral 0.26335, Gradient 0.44213, Quantile 0.82844) | LR 1.00e-03
2023-08-21 20:05:32,462 INFO Epoch 31 | Batch 300/1186 | Loss 4.27681 (NLL 4.35017 [logdet 1.49422, mahal 1.01807], L1 1.83770, Spectral 0.26124, Gradient 0.43670, Quantile 0.81045) | LR 1.00e-03
2023-08-21 20:06:08,524 INFO Epoch 31 | Batch 350/1186 | Loss 4.36812 (NLL 4.40438 [logdet 1.51990, mahal 1.04661], L1 1.89426, Spectral 0.26447, Gradient 0.44296, Quantile 0.83861) | LR 1.00e-03
2023-08-21 20:06:44,560 INFO Epoch 31 | Batch 400/1186 | Loss 4.33331 (NLL 4.37965 [logdet 1.49354, mahal 1.04824], L1 1.87136, Spectral 0.26069, Gradient 0.43689, Quantile 0.84463) | LR 1.00e-03
2023-08-21 20:07:20,633 INFO Epoch 31 | Batch 450/1186 | Loss 4.30303 (NLL 4.36316 [logdet 1.48830, mahal 1.03698], L1 1.85229, Spectral 0.26167, Gradient 0.43595, Quantile 0.83131) | LR 1.00e-03
2023-08-21 20:07:56,719 INFO Epoch 31 | Batch 500/1186 | Loss 4.35319 (NLL 4.39861 [logdet 1.52351, mahal 1.03723], L1 1.88268, Spectral 0.26679, Gradient 0.43914, Quantile 0.83424) | LR 1.00e-03
2023-08-21 20:08:32,783 INFO Epoch 31 | Batch 550/1186 | Loss 4.40348 (NLL 4.43105 [logdet 1.55421, mahal 1.03896], L1 1.91652, Spectral 0.26213, Gradient 0.43860, Quantile 0.84020) | LR 1.00e-03
2023-08-21 20:09:08,832 INFO Epoch 31 | Batch 600/1186 | Loss 4.34158 (NLL 4.39506 [logdet 1.53349, mahal 1.02370], L1 1.87459, Spectral 0.26799, Gradient 0.43934, Quantile 0.82570) | LR 1.00e-03
2023-08-21 20:09:44,880 INFO Epoch 31 | Batch 650/1186 | Loss 4.21986 (NLL 4.31352 [logdet 1.47822, mahal 0.99743], L1 1.80237, Spectral 0.25756, Gradient 0.43442, Quantile 0.80074) | LR 1.00e-03
2023-08-21 20:10:20,931 INFO Epoch 31 | Batch 700/1186 | Loss 4.36695 (NLL 4.37498 [logdet 1.52630, mahal 1.01080], L1 1.90495, Spectral 0.27159, Gradient 0.44068, Quantile 0.84282) | LR 1.00e-03
2023-08-21 20:10:56,982 INFO Epoch 31 | Batch 750/1186 | Loss 4.26941 (NLL 4.32789 [logdet 1.45364, mahal 1.03637], L1 1.83600, Spectral 0.25389, Gradient 0.42909, Quantile 0.84097) | LR 1.00e-03
2023-08-21 20:11:33,041 INFO Epoch 31 | Batch 800/1186 | Loss 4.34838 (NLL 4.39407 [logdet 1.54727, mahal 1.00892], L1 1.88196, Spectral 0.26308, Gradient 0.43689, Quantile 0.83073) | LR 1.00e-03
2023-08-21 20:12:09,095 INFO Epoch 31 | Batch 850/1186 | Loss 4.46624 (NLL 4.48611 [logdet 1.61727, mahal 1.03096], L1 1.94528, Spectral 0.26306, Gradient 0.43943, Quantile 0.86606) | LR 1.00e-03
2023-08-21 20:12:45,138 INFO Epoch 31 | Batch 900/1186 | Loss 4.35277 (NLL 4.40463 [logdet 1.56716, mahal 0.99959], L1 1.88021, Spectral 0.26309, Gradient 0.43052, Quantile 0.83434) | LR 1.00e-03
2023-08-21 20:13:21,180 INFO Epoch 31 | Batch 950/1186 | Loss 4.43007 (NLL 4.44720 [logdet 1.55839, mahal 1.05093], L1 1.93259, Spectral 0.26544, Gradient 0.44498, Quantile 0.84671) | LR 1.00e-03
2023-08-21 20:13:57,238 INFO Epoch 31 | Batch 1000/1186 | Loss 4.31711 (NLL 4.37072 [logdet 1.53782, mahal 0.99502], L1 1.86224, Spectral 0.26513, Gradient 0.43974, Quantile 0.82898) | LR 1.00e-03
2023-08-21 20:14:33,248 INFO Epoch 31 | Batch 1050/1186 | Loss 4.36423 (NLL 4.38701 [logdet 1.54244, mahal 1.00670], L1 1.89867, Spectral 0.26650, Gradient 0.43955, Quantile 0.83808) | LR 1.00e-03
2023-08-21 20:15:09,299 INFO Epoch 31 | Batch 1100/1186 | Loss 4.37612 (NLL 4.40048 [logdet 1.52891, mahal 1.03369], L1 1.90183, Spectral 0.26937, Gradient 0.43678, Quantile 0.84333) | LR 1.00e-03
2023-08-21 20:15:45,373 INFO Epoch 31 | Batch 1150/1186 | Loss 4.32953 (NLL 4.36339 [logdet 1.50199, mahal 1.02352], L1 1.87699, Spectral 0.27188, Gradient 0.44557, Quantile 0.82721) | LR 1.00e-03
2023-08-21 20:17:12,640 INFO Epoch 31 | Val Loss 4.25488 (NLL 4.35184 [logdet 1.71583, mahal 0.79814], L1 1.79475, Spectral 0.26307, Gradient 0.43741, Quantile 0.89222)
2023-08-21 20:17:48,928 INFO Epoch 32 | Batch 50/1186 | Loss 4.42490 (NLL 4.44882 [logdet 1.55980, mahal 1.05114], L1 1.92138, Spectral 0.27206, Gradient 0.44552, Quantile 0.86132) | LR 1.00e-03
2023-08-21 20:18:24,971 INFO Epoch 32 | Batch 100/1186 | Loss 4.39946 (NLL 4.41026 [logdet 1.55739, mahal 1.01500], L1 1.92036, Spectral 0.26891, Gradient 0.45075, Quantile 0.84331) | LR 1.00e-03
2023-08-21 20:19:01,042 INFO Epoch 32 | Batch 150/1186 | Loss 4.33046 (NLL 4.35542 [logdet 1.51561, mahal 1.00194], L1 1.88043, Spectral 0.26571, Gradient 0.44235, Quantile 0.83996) | LR 1.00e-03
2023-08-21 20:19:37,076 INFO Epoch 32 | Batch 200/1186 | Loss 4.35700 (NLL 4.39346 [logdet 1.48250, mahal 1.07307], L1 1.89211, Spectral 0.25883, Gradient 0.44050, Quantile 0.83013) | LR 1.00e-03
2023-08-21 20:20:13,120 INFO Epoch 32 | Batch 250/1186 | Loss 4.34845 (NLL 4.38128 [logdet 1.50883, mahal 1.03457], L1 1.88799, Spectral 0.25545, Gradient 0.42929, Quantile 0.84081) | LR 1.00e-03
2023-08-21 20:20:49,169 INFO Epoch 32 | Batch 300/1186 | Loss 4.26483 (NLL 4.34874 [logdet 1.47474, mahal 1.03613], L1 1.82583, Spectral 0.25882, Gradient 0.43260, Quantile 0.81557) | LR 1.00e-03
2023-08-21 20:21:25,212 INFO Epoch 32 | Batch 350/1186 | Loss 4.35001 (NLL 4.38988 [logdet 1.52433, mahal 1.02767], L1 1.87820, Spectral 0.26426, Gradient 0.44222, Quantile 0.86042) | LR 1.00e-03
2023-08-21 20:22:01,257 INFO Epoch 32 | Batch 400/1186 | Loss 4.35709 (NLL 4.37743 [logdet 1.51582, mahal 1.02373], L1 1.89636, Spectral 0.26027, Gradient 0.43456, Quantile 0.84465) | LR 1.00e-03
2023-08-21 20:22:37,336 INFO Epoch 32 | Batch 450/1186 | Loss 4.39267 (NLL 4.41852 [logdet 1.55516, mahal 1.02549], L1 1.90714, Spectral 0.26858, Gradient 0.44405, Quantile 0.85329) | LR 1.00e-03
2023-08-21 20:23:13,397 INFO Epoch 32 | Batch 500/1186 | Loss 4.43131 (NLL 4.44967 [logdet 1.60087, mahal 1.01092], L1 1.93141, Spectral 0.27596, Gradient 0.45361, Quantile 0.84029) | LR 1.00e-03
2023-08-21 20:23:49,459 INFO Epoch 32 | Batch 550/1186 | Loss 4.27379 (NLL 4.34696 [logdet 1.49101, mahal 1.01807], L1 1.83328, Spectral 0.26231, Gradient 0.43764, Quantile 0.82173) | LR 1.00e-03
2023-08-21 20:24:25,522 INFO Epoch 32 | Batch 600/1186 | Loss 4.32362 (NLL 4.37481 [logdet 1.53774, mahal 0.99920], L1 1.87129, Spectral 0.26439, Gradient 0.43927, Quantile 0.81077) | LR 1.00e-03
2023-08-21 20:25:01,552 INFO Epoch 32 | Batch 650/1186 | Loss 4.31562 (NLL 4.35872 [logdet 1.45713, mahal 1.06371], L1 1.86259, Spectral 0.26585, Gradient 0.43545, Quantile 0.84553) | LR 1.00e-03
2023-08-21 20:25:37,598 INFO Epoch 32 | Batch 700/1186 | Loss 4.38239 (NLL 4.40096 [logdet 1.54818, mahal 1.01490], L1 1.90750, Spectral 0.26658, Gradient 0.43932, Quantile 0.84776) | LR 1.00e-03
2023-08-21 20:26:13,646 INFO Epoch 32 | Batch 750/1186 | Loss 4.30918 (NLL 4.37306 [logdet 1.47297, mahal 1.06221], L1 1.85650, Spectral 0.25888, Gradient 0.43350, Quantile 0.82184) | LR 1.00e-03
2023-08-21 20:26:49,700 INFO Epoch 32 | Batch 800/1186 | Loss 4.32078 (NLL 4.38894 [logdet 1.49571, mahal 1.05535], L1 1.85779, Spectral 0.26327, Gradient 0.43244, Quantile 0.82699) | LR 1.00e-03
2023-08-21 20:27:25,745 INFO Epoch 32 | Batch 850/1186 | Loss 4.33371 (NLL 4.38066 [logdet 1.52135, mahal 1.02144], L1 1.87737, Spectral 0.26288, Gradient 0.43453, Quantile 0.81693) | LR 1.00e-03
2023-08-21 20:28:01,789 INFO Epoch 32 | Batch 900/1186 | Loss 4.30353 (NLL 4.34405 [logdet 1.50567, mahal 1.00050], L1 1.86039, Spectral 0.26942, Gradient 0.44224, Quantile 0.83098) | LR 1.00e-03
2023-08-21 20:28:37,834 INFO Epoch 32 | Batch 950/1186 | Loss 4.22953 (NLL 4.31757 [logdet 1.45219, mahal 1.02751], L1 1.81290, Spectral 0.25070, Gradient 0.41904, Quantile 0.79628) | LR 1.00e-03
2023-08-21 20:29:13,866 INFO Epoch 32 | Batch 1000/1186 | Loss 4.41344 (NLL 4.41961 [logdet 1.55479, mahal 1.02695], L1 1.92419, Spectral 0.26285, Gradient 0.44290, Quantile 0.87264) | LR 1.00e-03
2023-08-21 20:29:49,907 INFO Epoch 32 | Batch 1050/1186 | Loss 4.35501 (NLL 4.41963 [logdet 1.52015, mahal 1.06160], L1 1.88019, Spectral 0.25771, Gradient 0.43065, Quantile 0.81836) | LR 1.00e-03
2023-08-21 20:30:25,971 INFO Epoch 32 | Batch 1100/1186 | Loss 4.36694 (NLL 4.39388 [logdet 1.54687, mahal 1.00913], L1 1.89976, Spectral 0.26706, Gradient 0.43847, Quantile 0.82998) | LR 1.00e-03
2023-08-21 20:31:02,037 INFO Epoch 32 | Batch 1150/1186 | Loss 4.28092 (NLL 4.33688 [logdet 1.46288, mahal 1.03612], L1 1.84569, Spectral 0.25946, Gradient 0.43146, Quantile 0.82388) | LR 1.00e-03
2023-08-21 20:32:30,126 INFO Epoch 32 | Val Loss 4.24563 (NLL 4.33690 [logdet 1.48950, mahal 1.00952], L1 1.80844, Spectral 0.26209, Gradient 0.43462, Quantile 0.82908)
2023-08-21 20:33:06,405 INFO Epoch 33 | Batch 50/1186 | Loss 4.37941 (NLL 4.41641 [logdet 1.53710, mahal 1.04143], L1 1.89920, Spectral 0.26119, Gradient 0.43973, Quantile 0.84356) | LR 1.00e-03
2023-08-21 20:33:42,447 INFO Epoch 33 | Batch 100/1186 | Loss 4.39500 (NLL 4.39334 [logdet 1.54897, mahal 1.00649], L1 1.92103, Spectral 0.26906, Gradient 0.44712, Quantile 0.85699) | LR 1.00e-03
2023-08-21 20:34:18,498 INFO Epoch 33 | Batch 150/1186 | Loss 4.31130 (NLL 4.35944 [logdet 1.50393, mahal 1.01763], L1 1.86613, Spectral 0.26164, Gradient 0.43776, Quantile 0.81591) | LR 1.00e-03
2023-08-21 20:34:54,539 INFO Epoch 33 | Batch 200/1186 | Loss 4.31346 (NLL 4.39248 [logdet 1.47810, mahal 1.07650], L1 1.85182, Spectral 0.26456, Gradient 0.43414, Quantile 0.81264) | LR 1.00e-03
2023-08-21 20:35:30,602 INFO Epoch 33 | Batch 250/1186 | Loss 4.35043 (NLL 4.38912 [logdet 1.53295, mahal 1.01830], L1 1.88449, Spectral 0.26296, Gradient 0.43119, Quantile 0.83917) | LR 1.00e-03
2023-08-21 20:36:06,640 INFO Epoch 33 | Batch 300/1186 | Loss 4.33179 (NLL 4.39955 [logdet 1.56618, mahal 0.99550], L1 1.86316, Spectral 0.25776, Gradient 0.43512, Quantile 0.83422) | LR 1.00e-03
2023-08-21 20:36:42,694 INFO Epoch 33 | Batch 350/1186 | Loss 4.33239 (NLL 4.38304 [logdet 1.50903, mahal 1.03613], L1 1.86860, Spectral 0.25981, Gradient 0.43790, Quantile 0.84614) | LR 1.00e-03
2023-08-21 20:37:18,732 INFO Epoch 33 | Batch 400/1186 | Loss 4.41693 (NLL 4.44306 [logdet 1.54297, mahal 1.06221], L1 1.92036, Spectral 0.26568, Gradient 0.43896, Quantile 0.85136) | LR 1.00e-03
2023-08-21 20:37:54,763 INFO Epoch 33 | Batch 450/1186 | Loss 4.30246 (NLL 4.34645 [logdet 1.45741, mahal 1.05117], L1 1.85913, Spectral 0.26641, Gradient 0.44714, Quantile 0.82998) | LR 1.00e-03
2023-08-21 20:38:30,795 INFO Epoch 33 | Batch 500/1186 | Loss 4.29054 (NLL 4.34049 [logdet 1.49554, mahal 1.00707], L1 1.85373, Spectral 0.25445, Gradient 0.42781, Quantile 0.82836) | LR 1.00e-03
2023-08-21 20:39:06,851 INFO Epoch 33 | Batch 550/1186 | Loss 4.32965 (NLL 4.37542 [logdet 1.52115, mahal 1.01640], L1 1.87508, Spectral 0.25603, Gradient 0.43181, Quantile 0.82782) | LR 1.00e-03
2023-08-21 20:39:42,913 INFO Epoch 33 | Batch 600/1186 | Loss 4.34335 (NLL 4.36937 [logdet 1.50646, mahal 1.02504], L1 1.88554, Spectral 0.26809, Gradient 0.44676, Quantile 0.84071) | LR 1.00e-03
2023-08-21 20:40:18,987 INFO Epoch 33 | Batch 650/1186 | Loss 4.40378 (NLL 4.41367 [logdet 1.53666, mahal 1.03914], L1 1.92210, Spectral 0.26297, Gradient 0.43753, Quantile 0.85347) | LR 1.00e-03
2023-08-21 20:40:55,037 INFO Epoch 33 | Batch 700/1186 | Loss 4.41279 (NLL 4.41884 [logdet 1.54744, mahal 1.03353], L1 1.92282, Spectral 0.27132, Gradient 0.44689, Quantile 0.86811) | LR 1.00e-03
2023-08-21 20:41:31,126 INFO Epoch 33 | Batch 750/1186 | Loss 4.32081 (NLL 4.36565 [logdet 1.49958, mahal 1.02820], L1 1.87351, Spectral 0.26452, Gradient 0.43909, Quantile 0.80876) | LR 1.00e-03
2023-08-21 20:42:07,190 INFO Epoch 33 | Batch 800/1186 | Loss 4.35302 (NLL 4.38727 [logdet 1.51131, mahal 1.03808], L1 1.88616, Spectral 0.26749, Gradient 0.43852, Quantile 0.84190) | LR 1.00e-03
2023-08-21 20:42:43,250 INFO Epoch 33 | Batch 850/1186 | Loss 4.28336 (NLL 4.34744 [logdet 1.50894, mahal 1.00062], L1 1.84269, Spectral 0.26180, Gradient 0.43562, Quantile 0.82201) | LR 1.00e-03
2023-08-21 20:43:19,314 INFO Epoch 33 | Batch 900/1186 | Loss 4.40546 (NLL 4.44040 [logdet 1.53532, mahal 1.06721], L1 1.90991, Spectral 0.26283, Gradient 0.43570, Quantile 0.85573) | LR 1.00e-03
2023-08-21 20:43:55,360 INFO Epoch 33 | Batch 950/1186 | Loss 4.36298 (NLL 4.39821 [logdet 1.52434, mahal 1.03599], L1 1.89108, Spectral 0.27037, Gradient 0.44038, Quantile 0.83697) | LR 1.00e-03
2023-08-21 20:44:31,402 INFO Epoch 33 | Batch 1000/1186 | Loss 4.37228 (NLL 4.39893 [logdet 1.52708, mahal 1.03398], L1 1.89868, Spectral 0.26123, Gradient 0.43797, Quantile 0.85239) | LR 1.00e-03
2023-08-21 20:45:07,436 INFO Epoch 33 | Batch 1050/1186 | Loss 4.31521 (NLL 4.36670 [logdet 1.51519, mahal 1.01363], L1 1.86452, Spectral 0.26310, Gradient 0.43797, Quantile 0.82220) | LR 1.00e-03
2023-08-21 20:45:43,465 INFO Epoch 33 | Batch 1100/1186 | Loss 4.32115 (NLL 4.38572 [logdet 1.51187, mahal 1.03597], L1 1.85612, Spectral 0.25859, Gradient 0.43279, Quantile 0.84710) | LR 1.00e-03
2023-08-21 20:46:19,524 INFO Epoch 33 | Batch 1150/1186 | Loss 4.30325 (NLL 4.32546 [logdet 1.47217, mahal 1.01542], L1 1.87196, Spectral 0.26618, Gradient 0.43845, Quantile 0.82393) | LR 1.00e-03
2023-08-21 20:47:47,716 INFO Epoch 33 | Val Loss 4.28361 (NLL 4.36898 [logdet 1.53430, mahal 0.99681], L1 1.80967, Spectral 0.26209, Gradient 0.43603, Quantile 0.91505)
2023-08-21 20:48:24,020 INFO Epoch 34 | Batch 50/1186 | Loss 4.41133 (NLL 4.44417 [logdet 1.57503, mahal 1.03127], L1 1.91499, Spectral 0.26510, Gradient 0.44487, Quantile 0.84868) | LR 1.00e-03
2023-08-21 20:49:00,095 INFO Epoch 34 | Batch 100/1186 | Loss 4.34991 (NLL 4.38925 [logdet 1.52297, mahal 1.02840], L1 1.87973, Spectral 0.26196, Gradient 0.43852, Quantile 0.85752) | LR 1.00e-03
2023-08-21 20:49:36,159 INFO Epoch 34 | Batch 150/1186 | Loss 4.31396 (NLL 4.36227 [logdet 1.49277, mahal 1.03163], L1 1.86623, Spectral 0.25363, Gradient 0.43276, Quantile 0.82930) | LR 1.00e-03
2023-08-21 20:50:12,221 INFO Epoch 34 | Batch 200/1186 | Loss 4.32892 (NLL 4.38844 [logdet 1.54550, mahal 1.00506], L1 1.86772, Spectral 0.26397, Gradient 0.43468, Quantile 0.81981) | LR 1.00e-03
2023-08-21 20:50:48,275 INFO Epoch 34 | Batch 250/1186 | Loss 4.44905 (NLL 4.46872 [logdet 1.57766, mahal 1.05318], L1 1.94085, Spectral 0.26338, Gradient 0.43779, Quantile 0.84888) | LR 1.00e-03
2023-08-21 20:51:24,341 INFO Epoch 34 | Batch 300/1186 | Loss 4.26097 (NLL 4.33265 [logdet 1.44712, mahal 1.04765], L1 1.82876, Spectral 0.27119, Gradient 0.44213, Quantile 0.80742) | LR 1.00e-03
2023-08-21 20:52:00,396 INFO Epoch 34 | Batch 350/1186 | Loss 4.35685 (NLL 4.38967 [logdet 1.52525, mahal 1.02655], L1 1.89234, Spectral 0.25833, Gradient 0.43486, Quantile 0.83701) | LR 1.00e-03
2023-08-21 20:52:36,449 INFO Epoch 34 | Batch 400/1186 | Loss 4.35457 (NLL 4.43434 [logdet 1.49170, mahal 1.10477], L1 1.86926, Spectral 0.26194, Gradient 0.43830, Quantile 0.82673) | LR 1.00e-03
2023-08-21 20:53:12,502 INFO Epoch 34 | Batch 450/1186 | Loss 4.29459 (NLL 4.36285 [logdet 1.52023, mahal 1.00474], L1 1.84771, Spectral 0.26136, Gradient 0.43049, Quantile 0.81632) | LR 1.00e-03
2023-08-21 20:53:48,557 INFO Epoch 34 | Batch 500/1186 | Loss 4.31476 (NLL 4.36422 [logdet 1.50897, mahal 1.01737], L1 1.86972, Spectral 0.26021, Gradient 0.43127, Quantile 0.80706) | LR 1.00e-03
2023-08-21 20:54:24,623 INFO Epoch 34 | Batch 550/1186 | Loss 4.37003 (NLL 4.39811 [logdet 1.53235, mahal 1.02788], L1 1.89506, Spectral 0.26490, Gradient 0.43743, Quantile 0.85584) | LR 1.00e-03
2023-08-21 20:55:00,677 INFO Epoch 34 | Batch 600/1186 | Loss 4.40375 (NLL 4.43944 [logdet 1.57562, mahal 1.02594], L1 1.91310, Spectral 0.26514, Gradient 0.44090, Quantile 0.83484) | LR 1.00e-03
2023-08-21 20:55:36,728 INFO Epoch 34 | Batch 650/1186 | Loss 4.36768 (NLL 4.37178 [logdet 1.55147, mahal 0.98243], L1 1.90010, Spectral 0.26844, Gradient 0.44266, Quantile 0.87595) | LR 1.00e-03
2023-08-21 20:56:12,764 INFO Epoch 34 | Batch 700/1186 | Loss 4.44837 (NLL 4.46286 [logdet 1.52489, mahal 1.10010], L1 1.94014, Spectral 0.26630, Gradient 0.44474, Quantile 0.85789) | LR 1.00e-03
2023-08-21 20:56:48,834 INFO Epoch 34 | Batch 750/1186 | Loss 4.38389 (NLL 4.39236 [logdet 1.53556, mahal 1.01892], L1 1.91089, Spectral 0.26434, Gradient 0.44139, Quantile 0.86014) | LR 1.00e-03
2023-08-21 20:57:24,895 INFO Epoch 34 | Batch 800/1186 | Loss 4.31433 (NLL 4.39127 [logdet 1.54116, mahal 1.01223], L1 1.85399, Spectral 0.26364, Gradient 0.44247, Quantile 0.81060) | LR 1.00e-03
2023-08-21 20:58:00,943 INFO Epoch 34 | Batch 850/1186 | Loss 4.28743 (NLL 4.34762 [logdet 1.47322, mahal 1.03652], L1 1.85072, Spectral 0.25879, Gradient 0.43084, Quantile 0.80847) | LR 1.00e-03
2023-08-21 20:58:36,995 INFO Epoch 34 | Batch 900/1186 | Loss 4.29202 (NLL 4.35378 [logdet 1.50386, mahal 1.01204], L1 1.84302, Spectral 0.26494, Gradient 0.43899, Quantile 0.83998) | LR 1.00e-03
2023-08-21 20:59:13,073 INFO Epoch 34 | Batch 950/1186 | Loss 4.33151 (NLL 4.37870 [logdet 1.47378, mahal 1.06705], L1 1.87410, Spectral 0.26194, Gradient 0.44036, Quantile 0.82640) | LR 1.00e-03
2023-08-21 20:59:49,140 INFO Epoch 34 | Batch 1000/1186 | Loss 4.35830 (NLL 4.40172 [logdet 1.51289, mahal 1.05096], L1 1.88957, Spectral 0.26031, Gradient 0.43367, Quantile 0.82741) | LR 1.00e-03
2023-08-21 21:00:25,214 INFO Epoch 34 | Batch 1050/1186 | Loss 4.34327 (NLL 4.35933 [logdet 1.51480, mahal 1.00666], L1 1.89057, Spectral 0.26911, Gradient 0.44049, Quantile 0.83938) | LR 1.00e-03
2023-08-21 21:01:01,291 INFO Epoch 34 | Batch 1100/1186 | Loss 4.39057 (NLL 4.39122 [logdet 1.52202, mahal 1.03133], L1 1.91965, Spectral 0.26634, Gradient 0.44463, Quantile 0.85172) | LR 1.00e-03
2023-08-21 21:01:37,358 INFO Epoch 34 | Batch 1150/1186 | Loss 4.30107 (NLL 4.34616 [logdet 1.47238, mahal 1.03590], L1 1.85661, Spectral 0.26578, Gradient 0.43196, Quantile 0.83615) | LR 1.00e-03
2023-08-21 21:03:04,420 INFO Epoch 34 | Val Loss 4.26074 (NLL 4.33768 [logdet 1.46855, mahal 1.03125], L1 1.80402, Spectral 0.26247, Gradient 0.43597, Quantile 0.90812)
2023-08-21 21:03:40,689 INFO Epoch 35 | Batch 50/1186 | Loss 4.24396 (NLL 4.32821 [logdet 1.45587, mahal 1.03447], L1 1.81628, Spectral 0.26037, Gradient 0.43321, Quantile 0.80954) | LR 1.00e-03
2023-08-21 21:04:16,748 INFO Epoch 35 | Batch 100/1186 | Loss 4.28087 (NLL 4.34060 [logdet 1.46979, mahal 1.03293], L1 1.84659, Spectral 0.26648, Gradient 0.43543, Quantile 0.80465) | LR 1.00e-03
2023-08-21 21:04:52,775 INFO Epoch 35 | Batch 150/1186 | Loss 4.38657 (NLL 4.39289 [logdet 1.52571, mahal 1.02930], L1 1.91482, Spectral 0.26540, Gradient 0.44183, Quantile 0.85271) | LR 1.00e-03
2023-08-21 21:05:28,833 INFO Epoch 35 | Batch 200/1186 | Loss 4.33890 (NLL 4.38193 [logdet 1.53763, mahal 1.00643], L1 1.87801, Spectral 0.26506, Gradient 0.44439, Quantile 0.83072) | LR 1.00e-03
2023-08-21 21:06:04,854 INFO Epoch 35 | Batch 250/1186 | Loss 4.34229 (NLL 4.41541 [logdet 1.51172, mahal 1.06581], L1 1.86736, Spectral 0.26137, Gradient 0.43676, Quantile 0.82356) | LR 1.00e-03
2023-08-21 21:06:40,935 INFO Epoch 35 | Batch 300/1186 | Loss 4.39475 (NLL 4.44936 [logdet 1.58385, mahal 1.02764], L1 1.89611, Spectral 0.26357, Gradient 0.44024, Quantile 0.84911) | LR 1.00e-03
2023-08-21 21:07:16,979 INFO Epoch 35 | Batch 350/1186 | Loss 4.44510 (NLL 4.43672 [logdet 1.55591, mahal 1.04292], L1 1.95258, Spectral 0.26477, Gradient 0.44221, Quantile 0.84865) | LR 1.00e-03
2023-08-21 21:07:53,042 INFO Epoch 35 | Batch 400/1186 | Loss 4.26197 (NLL 4.31083 [logdet 1.46545, mahal 1.00750], L1 1.83818, Spectral 0.26293, Gradient 0.44095, Quantile 0.82666) | LR 1.00e-03
2023-08-21 21:08:29,088 INFO Epoch 35 | Batch 450/1186 | Loss 4.31396 (NLL 4.36060 [logdet 1.46444, mahal 1.05829], L1 1.86272, Spectral 0.26206, Gradient 0.43111, Quantile 0.83829) | LR 1.00e-03
2023-08-21 21:09:05,149 INFO Epoch 35 | Batch 500/1186 | Loss 4.45885 (NLL 4.44976 [logdet 1.58987, mahal 1.02201], L1 1.95378, Spectral 0.27051, Gradient 0.45216, Quantile 0.86742) | LR 1.00e-03
2023-08-21 21:09:41,202 INFO Epoch 35 | Batch 550/1186 | Loss 4.30990 (NLL 4.35196 [logdet 1.50430, mahal 1.00978], L1 1.86388, Spectral 0.26807, Gradient 0.44030, Quantile 0.82801) | LR 1.00e-03
2023-08-21 21:10:17,246 INFO Epoch 35 | Batch 600/1186 | Loss 4.32951 (NLL 4.40116 [logdet 1.50197, mahal 1.06132], L1 1.86680, Spectral 0.25828, Gradient 0.43063, Quantile 0.80579) | LR 1.00e-03
2023-08-21 21:10:53,299 INFO Epoch 35 | Batch 650/1186 | Loss 4.28260 (NLL 4.35022 [logdet 1.49282, mahal 1.01952], L1 1.83536, Spectral 0.26286, Gradient 0.43804, Quantile 0.84232) | LR 1.00e-03
2023-08-21 21:11:29,334 INFO Epoch 35 | Batch 700/1186 | Loss 4.38419 (NLL 4.41285 [logdet 1.54195, mahal 1.03302], L1 1.90814, Spectral 0.25854, Gradient 0.43201, Quantile 0.83662) | LR 1.00e-03
2023-08-21 21:12:05,357 INFO Epoch 35 | Batch 750/1186 | Loss 4.40030 (NLL 4.43279 [logdet 1.59453, mahal 1.00039], L1 1.91263, Spectral 0.26721, Gradient 0.44758, Quantile 0.83397) | LR 1.00e-03
2023-08-21 21:12:41,399 INFO Epoch 35 | Batch 800/1186 | Loss 4.42656 (NLL 4.43389 [logdet 1.53381, mahal 1.06221], L1 1.93510, Spectral 0.25885, Gradient 0.43534, Quantile 0.85654) | LR 1.00e-03
2023-08-21 21:13:17,423 INFO Epoch 35 | Batch 850/1186 | Loss 4.37681 (NLL 4.40658 [logdet 1.54120, mahal 1.02751], L1 1.90278, Spectral 0.26150, Gradient 0.43825, Quantile 0.83799) | LR 1.00e-03
2023-08-21 21:13:53,465 INFO Epoch 35 | Batch 900/1186 | Loss 4.41243 (NLL 4.43395 [logdet 1.51503, mahal 1.08104], L1 1.91556, Spectral 0.26432, Gradient 0.44246, Quantile 0.87293) | LR 1.00e-03
2023-08-21 21:14:29,508 INFO Epoch 35 | Batch 950/1186 | Loss 4.34990 (NLL 4.38272 [logdet 1.51615, mahal 1.02869], L1 1.88487, Spectral 0.26373, Gradient 0.43673, Quantile 0.84777) | LR 1.00e-03
2023-08-21 21:15:05,561 INFO Epoch 35 | Batch 1000/1186 | Loss 4.28073 (NLL 4.34427 [logdet 1.50968, mahal 0.99671], L1 1.84001, Spectral 0.25971, Gradient 0.43242, Quantile 0.83105) | LR 1.00e-03
2023-08-21 21:15:41,629 INFO Epoch 35 | Batch 1050/1186 | Loss 4.26996 (NLL 4.34335 [logdet 1.47364, mahal 1.03184], L1 1.83000, Spectral 0.26568, Gradient 0.43779, Quantile 0.82334) | LR 1.00e-03
2023-08-21 21:16:17,657 INFO Epoch 35 | Batch 1100/1186 | Loss 4.43538 (NLL 4.44826 [logdet 1.56813, mahal 1.04225], L1 1.93736, Spectral 0.26230, Gradient 0.43982, Quantile 0.85022) | LR 1.00e-03
2023-08-21 21:16:53,739 INFO Epoch 35 | Batch 1150/1186 | Loss 4.33552 (NLL 4.37113 [logdet 1.49016, mahal 1.04309], L1 1.87348, Spectral 0.26502, Gradient 0.43026, Quantile 0.85814) | LR 1.00e-03
2023-08-21 21:18:21,745 INFO Epoch 35 | Val Loss 4.29280 (NLL 4.36368 [logdet 1.40777, mahal 1.11803], L1 1.81789, Spectral 0.26227, Gradient 0.43591, Quantile 0.92984)
2023-08-21 21:18:58,068 INFO Epoch 36 | Batch 50/1186 | Loss 4.39521 (NLL 4.40969 [logdet 1.52063, mahal 1.05119], L1 1.91468, Spectral 0.26771, Gradient 0.44611, Quantile 0.85177) | LR 1.00e-03
2023-08-21 21:19:34,134 INFO Epoch 36 | Batch 100/1186 | Loss 4.30953 (NLL 4.34598 [logdet 1.48181, mahal 1.02629], L1 1.87044, Spectral 0.26902, Gradient 0.44605, Quantile 0.81061) | LR 1.00e-03
2023-08-21 21:20:10,154 INFO Epoch 36 | Batch 150/1186 | Loss 4.28475 (NLL 4.34616 [logdet 1.50107, mahal 1.00721], L1 1.84034, Spectral 0.26749, Gradient 0.43737, Quantile 0.83407) | LR 1.00e-03
2023-08-21 21:20:46,240 INFO Epoch 36 | Batch 200/1186 | Loss 4.36190 (NLL 4.38333 [logdet 1.48659, mahal 1.05887], L1 1.89609, Spectral 0.26811, Gradient 0.44168, Quantile 0.84500) | LR 1.00e-03
2023-08-21 21:21:22,291 INFO Epoch 36 | Batch 250/1186 | Loss 4.32571 (NLL 4.38027 [logdet 1.52125, mahal 1.02114], L1 1.86319, Spectral 0.26356, Gradient 0.44044, Quantile 0.84259) | LR 1.00e-03
2023-08-21 21:21:58,369 INFO Epoch 36 | Batch 300/1186 | Loss 4.39814 (NLL 4.43001 [logdet 1.55822, mahal 1.03391], L1 1.90992, Spectral 0.26941, Gradient 0.43879, Quantile 0.83978) | LR 1.00e-03
2023-08-21 21:22:34,455 INFO Epoch 36 | Batch 350/1186 | Loss 4.27477 (NLL 4.35189 [logdet 1.50238, mahal 1.01164], L1 1.83756, Spectral 0.25064, Gradient 0.42209, Quantile 0.81051) | LR 1.00e-03
2023-08-21 21:23:10,517 INFO Epoch 36 | Batch 400/1186 | Loss 4.44626 (NLL 4.44394 [logdet 1.54994, mahal 1.05613], L1 1.94377, Spectral 0.27377, Gradient 0.45240, Quantile 0.86523) | LR 1.00e-03
2023-08-21 21:23:46,582 INFO Epoch 36 | Batch 450/1186 | Loss 4.35004 (NLL 4.37950 [logdet 1.53497, mahal 1.00665], L1 1.88917, Spectral 0.26368, Gradient 0.43673, Quantile 0.83728) | LR 1.00e-03
2023-08-21 21:24:22,672 INFO Epoch 36 | Batch 500/1186 | Loss 4.40786 (NLL 4.40891 [logdet 1.51295, mahal 1.05808], L1 1.92445, Spectral 0.26007, Gradient 0.43336, Quantile 0.87366) | LR 1.00e-03
2023-08-21 21:24:58,771 INFO Epoch 36 | Batch 550/1186 | Loss 4.37052 (NLL 4.38558 [logdet 1.53291, mahal 1.01479], L1 1.90595, Spectral 0.26876, Gradient 0.44743, Quantile 0.83442) | LR 1.00e-03
2023-08-21 21:25:34,817 INFO Epoch 36 | Batch 600/1186 | Loss 4.34904 (NLL 4.40346 [logdet 1.51654, mahal 1.04904], L1 1.87808, Spectral 0.26192, Gradient 0.44077, Quantile 0.83125) | LR 1.00e-03
2023-08-21 21:26:10,906 INFO Epoch 36 | Batch 650/1186 | Loss 4.28641 (NLL 4.34982 [logdet 1.51985, mahal 0.99210], L1 1.84522, Spectral 0.26113, Gradient 0.43495, Quantile 0.81992) | LR 1.00e-03
2023-08-21 21:26:47,004 INFO Epoch 36 | Batch 700/1186 | Loss 4.36245 (NLL 4.40660 [logdet 1.47508, mahal 1.09364], L1 1.89028, Spectral 0.25664, Gradient 0.43581, Quantile 0.83550) | LR 1.00e-03
2023-08-21 21:27:23,078 INFO Epoch 36 | Batch 750/1186 | Loss 4.24657 (NLL 4.32117 [logdet 1.48835, mahal 0.99494], L1 1.82118, Spectral 0.26126, Gradient 0.43208, Quantile 0.81371) | LR 1.00e-03
2023-08-21 21:27:59,172 INFO Epoch 36 | Batch 800/1186 | Loss 4.33079 (NLL 4.38649 [logdet 1.51383, mahal 1.03478], L1 1.86998, Spectral 0.25630, Gradient 0.43484, Quantile 0.83047) | LR 1.00e-03
2023-08-21 21:28:35,222 INFO Epoch 36 | Batch 850/1186 | Loss 4.44750 (NLL 4.44072 [logdet 1.55763, mahal 1.04521], L1 1.95010, Spectral 0.26777, Gradient 0.44409, Quantile 0.85734) | LR 1.00e-03
2023-08-21 21:29:11,284 INFO Epoch 36 | Batch 900/1186 | Loss 4.35572 (NLL 4.38324 [logdet 1.53121, mahal 1.01416], L1 1.88959, Spectral 0.26793, Gradient 0.43999, Quantile 0.84671) | LR 1.00e-03
2023-08-21 21:29:47,350 INFO Epoch 36 | Batch 950/1186 | Loss 4.43274 (NLL 4.45327 [logdet 1.59545, mahal 1.01994], L1 1.93246, Spectral 0.26928, Gradient 0.44373, Quantile 0.84166) | LR 1.00e-03
2023-08-21 21:30:23,447 INFO Epoch 36 | Batch 1000/1186 | Loss 4.26590 (NLL 4.34449 [logdet 1.45551, mahal 1.05110], L1 1.82587, Spectral 0.26714, Gradient 0.43834, Quantile 0.81969) | LR 1.00e-03
2023-08-21 21:30:59,510 INFO Epoch 36 | Batch 1050/1186 | Loss 4.29415 (NLL 4.34553 [logdet 1.49777, mahal 1.00988], L1 1.85674, Spectral 0.25622, Gradient 0.42394, Quantile 0.81853) | LR 1.00e-03
2023-08-21 21:31:35,571 INFO Epoch 36 | Batch 1100/1186 | Loss 4.33821 (NLL 4.39674 [logdet 1.50210, mahal 1.05676], L1 1.86875, Spectral 0.26554, Gradient 0.44417, Quantile 0.83503) | LR 1.00e-03
2023-08-21 21:32:11,640 INFO Epoch 36 | Batch 1150/1186 | Loss 4.37695 (NLL 4.41427 [logdet 1.58128, mahal 0.99511], L1 1.89874, Spectral 0.25876, Gradient 0.43098, Quantile 0.84242) | LR 1.00e-03
2023-08-21 21:33:38,635 INFO Epoch 36 | Val Loss 4.29884 (NLL 4.37600 [logdet 1.50941, mahal 1.02871], L1 1.83439, Spectral 0.26343, Gradient 0.43644, Quantile 0.85966)
2023-08-21 21:34:14,941 INFO Epoch 37 | Batch 50/1186 | Loss 4.35198 (NLL 4.38210 [logdet 1.52781, mahal 1.01641], L1 1.89106, Spectral 0.26391, Gradient 0.43519, Quantile 0.83185) | LR 1.00e-03
2023-08-21 21:34:50,995 INFO Epoch 37 | Batch 100/1186 | Loss 4.32857 (NLL 4.35384 [logdet 1.50186, mahal 1.01410], L1 1.87822, Spectral 0.26139, Gradient 0.43292, Quantile 0.84934) | LR 1.00e-03
2023-08-21 21:35:27,060 INFO Epoch 37 | Batch 150/1186 | Loss 4.42054 (NLL 4.43094 [logdet 1.55403, mahal 1.03903], L1 1.92480, Spectral 0.27233, Gradient 0.45061, Quantile 0.86579) | LR 1.00e-03
2023-08-21 21:36:03,121 INFO Epoch 37 | Batch 200/1186 | Loss 4.30709 (NLL 4.38518 [logdet 1.51890, mahal 1.02840], L1 1.84496, Spectral 0.27317, Gradient 0.44976, Quantile 0.82039) | LR 1.00e-03
2023-08-21 21:36:39,180 INFO Epoch 37 | Batch 250/1186 | Loss 4.31651 (NLL 4.35195 [logdet 1.49720, mahal 1.01687], L1 1.86757, Spectral 0.26697, Gradient 0.43661, Quantile 0.84139) | LR 1.00e-03
2023-08-21 21:37:15,257 INFO Epoch 37 | Batch 300/1186 | Loss 4.28684 (NLL 4.35433 [logdet 1.45139, mahal 1.06505], L1 1.84376, Spectral 0.26228, Gradient 0.43379, Quantile 0.81719) | LR 1.00e-03
2023-08-21 21:37:51,327 INFO Epoch 37 | Batch 350/1186 | Loss 4.44274 (NLL 4.45112 [logdet 1.58608, mahal 1.02716], L1 1.94166, Spectral 0.26741, Gradient 0.44554, Quantile 0.85143) | LR 1.00e-03
2023-08-21 21:38:27,398 INFO Epoch 37 | Batch 400/1186 | Loss 4.36694 (NLL 4.38969 [logdet 1.56991, mahal 0.98191], L1 1.89901, Spectral 0.26490, Gradient 0.44075, Quantile 0.84407) | LR 1.00e-03
2023-08-21 21:39:03,484 INFO Epoch 37 | Batch 450/1186 | Loss 4.32455 (NLL 4.39637 [logdet 1.49824, mahal 1.06025], L1 1.86206, Spectral 0.25656, Gradient 0.42739, Quantile 0.81673) | LR 1.00e-03
2023-08-21 21:39:39,570 INFO Epoch 37 | Batch 500/1186 | Loss 4.34241 (NLL 4.39218 [logdet 1.50013, mahal 1.05418], L1 1.87674, Spectral 0.26587, Gradient 0.43577, Quantile 0.82854) | LR 1.00e-03
2023-08-21 21:40:15,654 INFO Epoch 37 | Batch 550/1186 | Loss 4.41574 (NLL 4.42529 [logdet 1.54917, mahal 1.03824], L1 1.92716, Spectral 0.26162, Gradient 0.44455, Quantile 0.85935) | LR 1.00e-03
2023-08-21 21:40:51,746 INFO Epoch 37 | Batch 600/1186 | Loss 4.35158 (NLL 4.39862 [logdet 1.51315, mahal 1.04760], L1 1.88429, Spectral 0.26032, Gradient 0.43855, Quantile 0.82780) | LR 1.00e-03
2023-08-21 21:41:27,861 INFO Epoch 37 | Batch 650/1186 | Loss 4.39264 (NLL 4.40845 [logdet 1.52291, mahal 1.04766], L1 1.91587, Spectral 0.25882, Gradient 0.43152, Quantile 0.84847) | LR 1.00e-03
2023-08-21 21:42:03,962 INFO Epoch 37 | Batch 700/1186 | Loss 4.31719 (NLL 4.36412 [logdet 1.55099, mahal 0.97525], L1 1.86499, Spectral 0.25782, Gradient 0.42689, Quantile 0.83960) | LR 1.00e-03
2023-08-21 21:42:40,035 INFO Epoch 37 | Batch 750/1186 | Loss 4.28973 (NLL 4.35813 [logdet 1.49049, mahal 1.02976], L1 1.84806, Spectral 0.25861, Gradient 0.43397, Quantile 0.80738) | LR 1.00e-03
2023-08-21 21:43:16,154 INFO Epoch 37 | Batch 800/1186 | Loss 4.39753 (NLL 4.40315 [logdet 1.54894, mahal 1.01634], L1 1.92501, Spectral 0.26544, Gradient 0.44319, Quantile 0.83454) | LR 1.00e-03
2023-08-21 21:43:52,241 INFO Epoch 37 | Batch 850/1186 | Loss 4.35371 (NLL 4.40084 [logdet 1.50195, mahal 1.06101], L1 1.88105, Spectral 0.26310, Gradient 0.43651, Quantile 0.84258) | LR 1.00e-03
2023-08-21 21:44:28,329 INFO Epoch 37 | Batch 900/1186 | Loss 4.38656 (NLL 4.42619 [logdet 1.58478, mahal 1.00354], L1 1.89971, Spectral 0.26814, Gradient 0.44330, Quantile 0.84330) | LR 1.00e-03
2023-08-21 21:45:04,409 INFO Epoch 37 | Batch 950/1186 | Loss 4.33355 (NLL 4.38244 [logdet 1.47438, mahal 1.07018], L1 1.86541, Spectral 0.26479, Gradient 0.43510, Quantile 0.86018) | LR 1.00e-03
2023-08-21 21:45:40,518 INFO Epoch 37 | Batch 1000/1186 | Loss 4.33289 (NLL 4.38623 [logdet 1.49344, mahal 1.05491], L1 1.87226, Spectral 0.26034, Gradient 0.43450, Quantile 0.82590) | LR 1.00e-03
2023-08-21 21:46:16,635 INFO Epoch 37 | Batch 1050/1186 | Loss 4.36480 (NLL 4.40452 [logdet 1.54672, mahal 1.01991], L1 1.89264, Spectral 0.26959, Gradient 0.44789, Quantile 0.82578) | LR 1.00e-03
2023-08-21 21:46:52,738 INFO Epoch 37 | Batch 1100/1186 | Loss 4.27336 (NLL 4.33283 [logdet 1.47449, mahal 1.02046], L1 1.84519, Spectral 0.26162, Gradient 0.43716, Quantile 0.80062) | LR 1.00e-03
2023-08-21 21:47:28,874 INFO Epoch 37 | Batch 1150/1186 | Loss 4.33176 (NLL 4.37858 [logdet 1.51234, mahal 1.02837], L1 1.86868, Spectral 0.26972, Gradient 0.44383, Quantile 0.84179) | LR 1.00e-03
2023-08-21 21:48:56,712 INFO Epoch 37 | Val Loss 4.25720 (NLL 4.34709 [logdet 1.35588, mahal 1.15333], L1 1.80672, Spectral 0.26361, Gradient 0.43688, Quantile 0.86147)
2023-08-21 21:49:33,077 INFO Epoch 38 | Batch 50/1186 | Loss 4.35962 (NLL 4.37979 [logdet 1.49572, mahal 1.04619], L1 1.89199, Spectral 0.26847, Gradient 0.43998, Quantile 0.85956) | LR 1.00e-03
2023-08-21 21:50:09,183 INFO Epoch 38 | Batch 100/1186 | Loss 4.25465 (NLL 4.34177 [logdet 1.51436, mahal 0.98953], L1 1.82166, Spectral 0.25728, Gradient 0.43283, Quantile 0.80673) | LR 1.00e-03
2023-08-21 21:50:45,301 INFO Epoch 38 | Batch 150/1186 | Loss 4.39225 (NLL 4.43366 [logdet 1.47729, mahal 1.11849], L1 1.90540, Spectral 0.25894, Gradient 0.43468, Quantile 0.83778) | LR 1.00e-03
2023-08-21 21:51:21,417 INFO Epoch 38 | Batch 200/1186 | Loss 4.42810 (NLL 4.43909 [logdet 1.57295, mahal 1.02827], L1 1.93232, Spectral 0.26830, Gradient 0.44316, Quantile 0.85344) | LR 1.00e-03
2023-08-21 21:51:57,552 INFO Epoch 38 | Batch 250/1186 | Loss 4.43331 (NLL 4.44342 [logdet 1.56258, mahal 1.04297], L1 1.92974, Spectral 0.27031, Gradient 0.44451, Quantile 0.87463) | LR 1.00e-03
2023-08-21 21:52:33,668 INFO Epoch 38 | Batch 300/1186 | Loss 4.39985 (NLL 4.42400 [logdet 1.58121, mahal 1.00491], L1 1.91644, Spectral 0.26790, Gradient 0.44294, Quantile 0.83387) | LR 1.00e-03
2023-08-21 21:53:09,775 INFO Epoch 38 | Batch 350/1186 | Loss 4.33925 (NLL 4.39086 [logdet 1.51887, mahal 1.03411], L1 1.87486, Spectral 0.26469, Gradient 0.44513, Quantile 0.82711) | LR 1.00e-03
2023-08-21 21:53:45,895 INFO Epoch 38 | Batch 400/1186 | Loss 4.29615 (NLL 4.35041 [logdet 1.50181, mahal 1.01072], L1 1.85463, Spectral 0.26408, Gradient 0.43757, Quantile 0.81689) | LR 1.00e-03
2023-08-21 21:54:22,015 INFO Epoch 38 | Batch 450/1186 | Loss 4.35989 (NLL 4.38083 [logdet 1.52825, mahal 1.01470], L1 1.89170, Spectral 0.25881, Gradient 0.43161, Quantile 0.87015) | LR 1.00e-03
2023-08-21 21:54:58,151 INFO Epoch 38 | Batch 500/1186 | Loss 4.26655 (NLL 4.34245 [logdet 1.47391, mahal 1.03066], L1 1.83358, Spectral 0.26223, Gradient 0.43279, Quantile 0.79999) | LR 1.00e-03
2023-08-21 21:55:34,278 INFO Epoch 38 | Batch 550/1186 | Loss 4.46966 (NLL 4.48238 [logdet 1.55313, mahal 1.09137], L1 1.94817, Spectral 0.27373, Gradient 0.45622, Quantile 0.86436) | LR 1.00e-03
2023-08-21 21:56:10,407 INFO Epoch 38 | Batch 600/1186 | Loss 4.44143 (NLL 4.46177 [logdet 1.59233, mahal 1.03156], L1 1.93173, Spectral 0.26878, Gradient 0.44757, Quantile 0.86360) | LR 1.00e-03
2023-08-21 21:56:46,541 INFO Epoch 38 | Batch 650/1186 | Loss 4.33484 (NLL 4.38372 [logdet 1.55197, mahal 0.99387], L1 1.87489, Spectral 0.26139, Gradient 0.43009, Quantile 0.82720) | LR 1.00e-03
2023-08-21 21:57:22,652 INFO Epoch 38 | Batch 700/1186 | Loss 4.30308 (NLL 4.34415 [logdet 1.50930, mahal 0.99697], L1 1.85821, Spectral 0.25645, Gradient 0.42804, Quantile 0.85208) | LR 1.00e-03
2023-08-21 21:57:58,779 INFO Epoch 38 | Batch 750/1186 | Loss 4.33248 (NLL 4.38534 [logdet 1.47661, mahal 1.07086], L1 1.87440, Spectral 0.26479, Gradient 0.44314, Quantile 0.81229) | LR 1.00e-03
2023-08-21 21:58:34,887 INFO Epoch 38 | Batch 800/1186 | Loss 4.32800 (NLL 4.35341 [logdet 1.50425, mahal 1.01129], L1 1.88260, Spectral 0.26483, Gradient 0.44000, Quantile 0.82591) | LR 1.00e-03
2023-08-21 21:59:11,017 INFO Epoch 38 | Batch 850/1186 | Loss 4.32788 (NLL 4.39216 [logdet 1.53293, mahal 1.02135], L1 1.86289, Spectral 0.25531, Gradient 0.43068, Quantile 0.83711) | LR 1.00e-03
2023-08-21 21:59:47,130 INFO Epoch 38 | Batch 900/1186 | Loss 4.38946 (NLL 4.43789 [logdet 1.55266, mahal 1.04735], L1 1.89756, Spectral 0.26936, Gradient 0.44565, Quantile 0.83869) | LR 1.00e-03
2023-08-21 22:00:23,260 INFO Epoch 38 | Batch 950/1186 | Loss 4.27073 (NLL 4.32078 [logdet 1.46071, mahal 1.02220], L1 1.84873, Spectral 0.25938, Gradient 0.43218, Quantile 0.80247) | LR 1.00e-03
2023-08-21 22:00:59,381 INFO Epoch 38 | Batch 1000/1186 | Loss 4.32654 (NLL 4.38716 [logdet 1.48359, mahal 1.06569], L1 1.86159, Spectral 0.26326, Gradient 0.43741, Quantile 0.83873) | LR 1.00e-03
2023-08-21 22:01:35,503 INFO Epoch 38 | Batch 1050/1186 | Loss 4.31941 (NLL 4.37523 [logdet 1.47840, mahal 1.05895], L1 1.86055, Spectral 0.26112, Gradient 0.43384, Quantile 0.84053) | LR 1.00e-03
2023-08-21 22:02:11,618 INFO Epoch 38 | Batch 1100/1186 | Loss 4.40939 (NLL 4.41853 [logdet 1.53249, mahal 1.04816], L1 1.92449, Spectral 0.26410, Gradient 0.43805, Quantile 0.85555) | LR 1.00e-03
2023-08-21 22:02:47,738 INFO Epoch 38 | Batch 1150/1186 | Loss 4.26257 (NLL 4.35010 [logdet 1.49698, mahal 1.01524], L1 1.82909, Spectral 0.25980, Gradient 0.43231, Quantile 0.78883) | LR 1.00e-03
2023-08-21 22:04:15,956 INFO Epoch 38 | Val Loss 4.27123 (NLL 4.34309 [logdet 1.45424, mahal 1.05098], L1 1.81768, Spectral 0.26232, Gradient 0.43785, Quantile 0.88388)
2023-08-21 22:04:52,317 INFO Epoch 39 | Batch 50/1186 | Loss 4.28510 (NLL 4.33616 [logdet 1.49888, mahal 0.99940], L1 1.85054, Spectral 0.26265, Gradient 0.43048, Quantile 0.81923) | LR 1.00e-03
2023-08-21 22:05:28,394 INFO Epoch 39 | Batch 100/1186 | Loss 4.39046 (NLL 4.41639 [logdet 1.54363, mahal 1.03488], L1 1.90629, Spectral 0.25987, Gradient 0.43419, Quantile 0.86149) | LR 1.00e-03
2023-08-21 22:06:04,484 INFO Epoch 39 | Batch 150/1186 | Loss 4.28409 (NLL 4.33972 [logdet 1.45059, mahal 1.05125], L1 1.84844, Spectral 0.26893, Gradient 0.44270, Quantile 0.80948) | LR 1.00e-03
2023-08-21 22:06:40,578 INFO Epoch 39 | Batch 200/1186 | Loss 4.34917 (NLL 4.36410 [logdet 1.50226, mahal 1.02397], L1 1.89416, Spectral 0.26043, Gradient 0.43833, Quantile 0.84834) | LR 1.00e-03
2023-08-21 22:07:16,674 INFO Epoch 39 | Batch 250/1186 | Loss 4.35827 (NLL 4.40690 [logdet 1.52997, mahal 1.03906], L1 1.89006, Spectral 0.25905, Gradient 0.43448, Quantile 0.81583) | LR 1.00e-03
2023-08-21 22:07:52,765 INFO Epoch 39 | Batch 300/1186 | Loss 4.28524 (NLL 4.32491 [logdet 1.48800, mahal 0.99904], L1 1.85128, Spectral 0.26917, Gradient 0.44005, Quantile 0.83294) | LR 1.00e-03
2023-08-21 22:08:28,820 INFO Epoch 39 | Batch 350/1186 | Loss 4.28033 (NLL 4.34629 [logdet 1.50483, mahal 1.00358], L1 1.84360, Spectral 0.25381, Gradient 0.42700, Quantile 0.81671) | LR 1.00e-03
2023-08-21 22:09:04,930 INFO Epoch 39 | Batch 400/1186 | Loss 4.36954 (NLL 4.41532 [logdet 1.49986, mahal 1.07758], L1 1.89271, Spectral 0.25569, Gradient 0.43367, Quantile 0.83773) | LR 1.00e-03
2023-08-21 22:09:41,025 INFO Epoch 39 | Batch 450/1186 | Loss 4.24920 (NLL 4.30746 [logdet 1.46491, mahal 1.00467], L1 1.83056, Spectral 0.26251, Gradient 0.43544, Quantile 0.81277) | LR 1.00e-03
2023-08-21 22:10:17,139 INFO Epoch 39 | Batch 500/1186 | Loss 4.26116 (NLL 4.31478 [logdet 1.48803, mahal 0.98888], L1 1.83194, Spectral 0.26901, Gradient 0.43991, Quantile 0.83445) | LR 1.00e-03
2023-08-21 22:10:53,221 INFO Epoch 39 | Batch 550/1186 | Loss 4.40108 (NLL 4.41254 [logdet 1.54679, mahal 1.02787], L1 1.91596, Spectral 0.26410, Gradient 0.44286, Quantile 0.86879) | LR 1.00e-03
2023-08-21 22:11:29,313 INFO Epoch 39 | Batch 600/1186 | Loss 4.33657 (NLL 4.36429 [logdet 1.52154, mahal 1.00487], L1 1.88530, Spectral 0.26950, Gradient 0.44300, Quantile 0.82268) | LR 1.00e-03
2023-08-21 22:12:05,401 INFO Epoch 39 | Batch 650/1186 | Loss 4.28331 (NLL 4.35002 [logdet 1.44849, mahal 1.06365], L1 1.83935, Spectral 0.26832, Gradient 0.43929, Quantile 0.82329) | LR 1.00e-03
2023-08-21 22:12:41,472 INFO Epoch 39 | Batch 700/1186 | Loss 4.44787 (NLL 4.46640 [logdet 1.60527, mahal 1.02325], L1 1.93764, Spectral 0.26699, Gradient 0.44495, Quantile 0.85812) | LR 1.00e-03
2023-08-21 22:13:17,571 INFO Epoch 39 | Batch 750/1186 | Loss 4.38357 (NLL 4.41374 [logdet 1.54816, mahal 1.02770], L1 1.90080, Spectral 0.26429, Gradient 0.44291, Quantile 0.85640) | LR 1.00e-03
2023-08-21 22:13:53,681 INFO Epoch 39 | Batch 800/1186 | Loss 4.44440 (NLL 4.45486 [logdet 1.59951, mahal 1.01748], L1 1.94333, Spectral 0.26330, Gradient 0.44167, Quantile 0.84806) | LR 1.00e-03
2023-08-21 22:14:29,768 INFO Epoch 39 | Batch 850/1186 | Loss 4.36203 (NLL 4.40417 [logdet 1.55437, mahal 1.01193], L1 1.88715, Spectral 0.26458, Gradient 0.44087, Quantile 0.84321) | LR 1.00e-03
2023-08-21 22:15:05,838 INFO Epoch 39 | Batch 900/1186 | Loss 4.35144 (NLL 4.39081 [logdet 1.52929, mahal 1.02364], L1 1.88652, Spectral 0.25824, Gradient 0.42887, Quantile 0.83652) | LR 1.00e-03
2023-08-21 22:15:41,906 INFO Epoch 39 | Batch 950/1186 | Loss 4.42456 (NLL 4.46676 [logdet 1.58335, mahal 1.04553], L1 1.91817, Spectral 0.27076, Gradient 0.45040, Quantile 0.83736) | LR 1.00e-03
2023-08-21 22:16:17,966 INFO Epoch 39 | Batch 1000/1186 | Loss 4.40306 (NLL 4.44016 [logdet 1.56495, mahal 1.03734], L1 1.90976, Spectral 0.26879, Gradient 0.44533, Quantile 0.84043) | LR 1.00e-03
2023-08-21 22:16:54,019 INFO Epoch 39 | Batch 1050/1186 | Loss 4.29213 (NLL 4.35320 [logdet 1.48402, mahal 1.03131], L1 1.84924, Spectral 0.26557, Gradient 0.43535, Quantile 0.81522) | LR 1.00e-03
2023-08-21 22:17:30,102 INFO Epoch 39 | Batch 1100/1186 | Loss 4.34931 (NLL 4.39108 [logdet 1.49933, mahal 1.05388], L1 1.88363, Spectral 0.26158, Gradient 0.43482, Quantile 0.83548) | LR 1.00e-03
2023-08-21 22:18:06,200 INFO Epoch 39 | Batch 1150/1186 | Loss 4.37956 (NLL 4.40609 [logdet 1.55237, mahal 1.01584], L1 1.90868, Spectral 0.26069, Gradient 0.43391, Quantile 0.82689) | LR 1.00e-03
2023-08-21 22:19:33,329 INFO Epoch 39 | Val Loss 4.26300 (NLL 4.33872 [logdet 1.58040, mahal 0.92044], L1 1.80775, Spectral 0.26255, Gradient 0.43505, Quantile 0.89981)
2023-08-21 22:20:09,774 INFO Epoch 40 | Batch 50/1186 | Loss 4.37374 (NLL 4.38186 [logdet 1.52890, mahal 1.01509], L1 1.90614, Spectral 0.27013, Gradient 0.44425, Quantile 0.85330) | LR 1.00e-03
2023-08-21 22:20:45,905 INFO Epoch 40 | Batch 100/1186 | Loss 4.38706 (NLL 4.41629 [logdet 1.55948, mahal 1.01894], L1 1.90590, Spectral 0.26902, Gradient 0.44682, Quantile 0.83925) | LR 1.00e-03
2023-08-21 22:21:22,003 INFO Epoch 40 | Batch 150/1186 | Loss 4.42298 (NLL 4.44433 [logdet 1.57739, mahal 1.02906], L1 1.92295, Spectral 0.27033, Gradient 0.44299, Quantile 0.85806) | LR 1.00e-03
2023-08-21 22:21:58,099 INFO Epoch 40 | Batch 200/1186 | Loss 4.28514 (NLL 4.34637 [logdet 1.45732, mahal 1.05117], L1 1.84345, Spectral 0.25609, Gradient 0.42690, Quantile 0.83468) | LR 1.00e-03
2023-08-21 22:22:34,204 INFO Epoch 40 | Batch 250/1186 | Loss 4.34469 (NLL 4.38007 [logdet 1.54230, mahal 0.99989], L1 1.88306, Spectral 0.26867, Gradient 0.44510, Quantile 0.83379) | LR 1.00e-03
2023-08-21 22:23:10,286 INFO Epoch 40 | Batch 300/1186 | Loss 4.26891 (NLL 4.34702 [logdet 1.43664, mahal 1.07251], L1 1.82892, Spectral 0.26098, Gradient 0.43481, Quantile 0.82088) | LR 1.00e-03
2023-08-21 22:23:46,375 INFO Epoch 40 | Batch 350/1186 | Loss 4.30294 (NLL 4.38416 [logdet 1.51840, mahal 1.02788], L1 1.84604, Spectral 0.26024, Gradient 0.43880, Quantile 0.81477) | LR 1.00e-03
2023-08-21 22:24:22,460 INFO Epoch 40 | Batch 400/1186 | Loss 4.33032 (NLL 4.37941 [logdet 1.50489, mahal 1.03664], L1 1.86831, Spectral 0.25979, Gradient 0.42852, Quantile 0.84644) | LR 1.00e-03
2023-08-21 22:24:58,541 INFO Epoch 40 | Batch 450/1186 | Loss 4.41023 (NLL 4.40802 [logdet 1.55517, mahal 1.01496], L1 1.92979, Spectral 0.26381, Gradient 0.44329, Quantile 0.85909) | LR 1.00e-03
2023-08-21 22:25:34,605 INFO Epoch 40 | Batch 500/1186 | Loss 4.33884 (NLL 4.37960 [logdet 1.48189, mahal 1.05983], L1 1.87547, Spectral 0.26423, Gradient 0.43585, Quantile 0.84687) | LR 1.00e-03
2023-08-21 22:26:10,715 INFO Epoch 40 | Batch 550/1186 | Loss 4.31960 (NLL 4.37856 [logdet 1.51152, mahal 1.02917], L1 1.86257, Spectral 0.26319, Gradient 0.43632, Quantile 0.82380) | LR 1.00e-03
2023-08-21 22:26:46,807 INFO Epoch 40 | Batch 600/1186 | Loss 4.28280 (NLL 4.35155 [logdet 1.51681, mahal 0.99686], L1 1.84174, Spectral 0.25485, Gradient 0.43205, Quantile 0.82257) | LR 1.00e-03
2023-08-21 22:27:22,888 INFO Epoch 40 | Batch 650/1186 | Loss 4.37347 (NLL 4.38728 [logdet 1.51061, mahal 1.03879], L1 1.90742, Spectral 0.25757, Gradient 0.42828, Quantile 0.84927) | LR 1.00e-03
2023-08-21 22:27:58,954 INFO Epoch 40 | Batch 700/1186 | Loss 4.26919 (NLL 4.33473 [logdet 1.49265, mahal 1.00421], L1 1.83692, Spectral 0.26706, Gradient 0.44186, Quantile 0.80776) | LR 1.00e-03
2023-08-21 22:28:35,020 INFO Epoch 40 | Batch 750/1186 | Loss 4.35173 (NLL 4.38450 [logdet 1.51697, mahal 1.02965], L1 1.88683, Spectral 0.26685, Gradient 0.44138, Quantile 0.84016) | LR 1.00e-03
2023-08-21 22:29:11,086 INFO Epoch 40 | Batch 800/1186 | Loss 4.40046 (NLL 4.42449 [logdet 1.57554, mahal 1.01108], L1 1.91292, Spectral 0.26941, Gradient 0.45037, Quantile 0.84827) | LR 1.00e-03
2023-08-21 22:29:47,183 INFO Epoch 40 | Batch 850/1186 | Loss 4.34179 (NLL 4.38415 [logdet 1.50664, mahal 1.03963], L1 1.88166, Spectral 0.26629, Gradient 0.43501, Quantile 0.82177) | LR 1.00e-03
2023-08-21 22:30:23,270 INFO Epoch 40 | Batch 900/1186 | Loss 4.30245 (NLL 4.34930 [logdet 1.47980, mahal 1.03162], L1 1.86525, Spectral 0.25707, Gradient 0.43042, Quantile 0.80887) | LR 1.00e-03
2023-08-21 22:30:59,350 INFO Epoch 40 | Batch 950/1186 | Loss 4.30604 (NLL 4.36174 [logdet 1.49873, mahal 1.02514], L1 1.85467, Spectral 0.26533, Gradient 0.43778, Quantile 0.83290) | LR 1.00e-03
2023-08-21 22:31:35,453 INFO Epoch 40 | Batch 1000/1186 | Loss 4.34404 (NLL 4.38686 [logdet 1.50696, mahal 1.04203], L1 1.88433, Spectral 0.26159, Gradient 0.43493, Quantile 0.81945) | LR 1.00e-03
2023-08-21 22:32:11,516 INFO Epoch 40 | Batch 1050/1186 | Loss 4.41780 (NLL 4.42367 [logdet 1.57024, mahal 1.01555], L1 1.92930, Spectral 0.26389, Gradient 0.43795, Quantile 0.86004) | LR 1.00e-03
2023-08-21 22:32:47,595 INFO Epoch 40 | Batch 1100/1186 | Loss 4.29937 (NLL 4.37110 [logdet 1.49486, mahal 1.03837], L1 1.84091, Spectral 0.26759, Gradient 0.44269, Quantile 0.84046) | LR 1.00e-03
2023-08-21 22:33:23,637 INFO Epoch 40 | Batch 1150/1186 | Loss 4.40628 (NLL 4.42665 [logdet 1.56661, mahal 1.02215], L1 1.92147, Spectral 0.26191, Gradient 0.43793, Quantile 0.84068) | LR 1.00e-03
2023-08-21 22:34:50,634 INFO Epoch 40 | Val Loss 4.23943 (NLL 4.34008 [logdet 1.36273, mahal 1.13948], L1 1.80407, Spectral 0.26157, Gradient 0.43550, Quantile 0.81550)
2023-08-21 22:34:51,183 INFO New best val loss: 4.23943 (saved checkpoints/best.pth)
2023-08-21 22:35:27,283 INFO Epoch 41 | Batch 50/1186 | Loss 4.33550 (NLL 4.38729 [logdet 1.51178, mahal 1.03763], L1 1.87231, Spectral 0.26309, Gradient 0.44170, Quantile 0.83133) | LR 1.00e-03
2023-08-21 22:36:03,332 INFO Epoch 41 | Batch 100/1186 | Loss 4.44105 (NLL 4.46316 [logdet 1.59541, mahal 1.02987], L1 1.93098, Spectral 0.27158, Gradient 0.45254, Quantile 0.85920) | LR 1.00e-03
2023-08-21 22:36:39,419 INFO Epoch 41 | Batch 150/1186 | Loss 4.39904 (NLL 4.42781 [logdet 1.57821, mahal 1.01171], L1 1.91356, Spectral 0.26211, Gradient 0.44146, Quantile 0.84081) | LR 1.00e-03
2023-08-21 22:37:15,482 INFO Epoch 41 | Batch 200/1186 | Loss 4.38097 (NLL 4.42687 [logdet 1.54244, mahal 1.04656], L1 1.89800, Spectral 0.26062, Gradient 0.43062, Quantile 0.83406) | LR 1.00e-03
2023-08-21 22:37:51,560 INFO Epoch 41 | Batch 250/1186 | Loss 4.38617 (NLL 4.39229 [logdet 1.48409, mahal 1.07032], L1 1.91471, Spectral 0.26764, Gradient 0.44245, Quantile 0.85036) | LR 1.00e-03
2023-08-21 22:38:27,634 INFO Epoch 41 | Batch 300/1186 | Loss 4.33171 (NLL 4.37081 [logdet 1.48413, mahal 1.04881], L1 1.87397, Spectral 0.26104, Gradient 0.43404, Quantile 0.84518) | LR 1.00e-03
2023-08-21 22:39:03,790 INFO Epoch 41 | Batch 350/1186 | Loss 4.38790 (NLL 4.43280 [logdet 1.55287, mahal 1.04205], L1 1.89807, Spectral 0.26313, Gradient 0.43791, Quantile 0.84743) | LR 1.00e-03
2023-08-21 22:39:39,869 INFO Epoch 41 | Batch 400/1186 | Loss 4.34420 (NLL 4.39759 [logdet 1.53705, mahal 1.02266], L1 1.87497, Spectral 0.25692, Gradient 0.43194, Quantile 0.84169) | LR 1.00e-03
2023-08-21 22:40:15,923 INFO Epoch 41 | Batch 450/1186 | Loss 4.42600 (NLL 4.41115 [logdet 1.54528, mahal 1.02799], L1 1.94472, Spectral 0.26622, Gradient 0.44164, Quantile 0.85348) | LR 1.00e-03
2023-08-21 22:40:51,987 INFO Epoch 41 | Batch 500/1186 | Loss 4.37497 (NLL 4.40930 [logdet 1.54281, mahal 1.02861], L1 1.89915, Spectral 0.26891, Gradient 0.44403, Quantile 0.83178) | LR 1.00e-03
2023-08-21 22:41:28,057 INFO Epoch 41 | Batch 550/1186 | Loss 4.34400 (NLL 4.38314 [logdet 1.48922, mahal 1.05604], L1 1.88214, Spectral 0.26479, Gradient 0.43446, Quantile 0.83265) | LR 1.00e-03
2023-08-21 22:42:04,111 INFO Epoch 41 | Batch 600/1186 | Loss 4.27937 (NLL 4.36176 [logdet 1.50852, mahal 1.01537], L1 1.83174, Spectral 0.26199, Gradient 0.43302, Quantile 0.82096) | LR 1.00e-03
2023-08-21 22:42:40,181 INFO Epoch 41 | Batch 650/1186 | Loss 4.42223 (NLL 4.42727 [logdet 1.54141, mahal 1.04798], L1 1.93158, Spectral 0.27011, Gradient 0.44655, Quantile 0.85474) | LR 1.00e-03
2023-08-21 22:43:16,253 INFO Epoch 41 | Batch 700/1186 | Loss 4.31629 (NLL 4.36913 [logdet 1.50234, mahal 1.02891], L1 1.86115, Spectral 0.26069, Gradient 0.42905, Quantile 0.83831) | LR 1.00e-03
2023-08-21 22:43:52,335 INFO Epoch 41 | Batch 750/1186 | Loss 4.30962 (NLL 4.37303 [logdet 1.47229, mahal 1.06286], L1 1.85791, Spectral 0.26144, Gradient 0.43487, Quantile 0.81508) | LR 1.00e-03
2023-08-21 22:44:28,402 INFO Epoch 41 | Batch 800/1186 | Loss 4.20320 (NLL 4.31442 [logdet 1.46394, mahal 1.01261], L1 1.78910, Spectral 0.25831, Gradient 0.43202, Quantile 0.78402) | LR 1.00e-03
2023-08-21 22:45:04,494 INFO Epoch 41 | Batch 850/1186 | Loss 4.29601 (NLL 4.33939 [logdet 1.48891, mahal 1.01261], L1 1.85468, Spectral 0.26151, Gradient 0.43822, Quantile 0.84173) | LR 1.00e-03
2023-08-21 22:45:40,553 INFO Epoch 41 | Batch 900/1186 | Loss 4.29348 (NLL 4.34097 [logdet 1.46937, mahal 1.03373], L1 1.85680, Spectral 0.26609, Gradient 0.43988, Quantile 0.81419) | LR 1.00e-03
2023-08-21 22:46:16,627 INFO Epoch 41 | Batch 950/1186 | Loss 4.31986 (NLL 4.36419 [logdet 1.54042, mahal 0.98590], L1 1.86808, Spectral 0.25872, Gradient 0.43187, Quantile 0.83665) | LR 1.00e-03
2023-08-21 22:46:52,681 INFO Epoch 41 | Batch 1000/1186 | Loss 4.24695 (NLL 4.32249 [logdet 1.47728, mahal 1.00733], L1 1.82449, Spectral 0.26160, Gradient 0.43786, Quantile 0.79838) | LR 1.00e-03
2023-08-21 22:47:28,752 INFO Epoch 41 | Batch 1050/1186 | Loss 4.32027 (NLL 4.37141 [logdet 1.48680, mahal 1.04673], L1 1.86490, Spectral 0.26830, Gradient 0.44388, Quantile 0.82620) | LR 1.00e-03
2023-08-21 22:48:04,830 INFO Epoch 41 | Batch 1100/1186 | Loss 4.42038 (NLL 4.45694 [logdet 1.57859, mahal 1.04047], L1 1.91974, Spectral 0.26595, Gradient 0.43757, Quantile 0.83917) | LR 1.00e-03
2023-08-21 22:48:40,884 INFO Epoch 41 | Batch 1150/1186 | Loss 4.35462 (NLL 4.37374 [logdet 1.51277, mahal 1.02309], L1 1.89434, Spectral 0.26527, Gradient 0.44481, Quantile 0.84498) | LR 1.00e-03
2023-08-21 22:50:09,052 INFO Epoch 41 | Val Loss 4.26188 (NLL 4.33589 [logdet 1.51109, mahal 0.98693], L1 1.81035, Spectral 0.26362, Gradient 0.43768, Quantile 0.88905)
2023-08-21 22:50:45,456 INFO Epoch 42 | Batch 50/1186 | Loss 4.38405 (NLL 4.39562 [logdet 1.53741, mahal 1.02033], L1 1.91256, Spectral 0.25820, Gradient 0.43868, Quantile 0.85372) | LR 1.00e-03
2023-08-21 22:51:21,523 INFO Epoch 42 | Batch 100/1186 | Loss 4.45204 (NLL 4.45293 [logdet 1.60206, mahal 1.01299], L1 1.94521, Spectral 0.27138, Gradient 0.44854, Quantile 0.86722) | LR 1.00e-03
2023-08-21 22:51:57,593 INFO Epoch 42 | Batch 150/1186 | Loss 4.44700 (NLL 4.44672 [logdet 1.59385, mahal 1.01499], L1 1.94392, Spectral 0.26926, Gradient 0.44486, Quantile 0.86688) | LR 1.00e-03
2023-08-21 22:52:33,649 INFO Epoch 42 | Batch 200/1186 | Loss 4.34211 (NLL 4.39624 [logdet 1.52788, mahal 1.03048], L1 1.87489, Spectral 0.25837, Gradient 0.43260, Quantile 0.83462) | LR 1.00e-03
2023-08-21 22:53:09,692 INFO Epoch 42 | Batch 250/1186 | Loss 4.36176 (NLL 4.40726 [logdet 1.54409, mahal 1.02529], L1 1.88990, Spectral 0.26056, Gradient 0.43591, Quantile 0.82861) | LR 1.00e-03
2023-08-21 22:53:45,752 INFO Epoch 42 | Batch 300/1186 | Loss 4.36622 (NLL 4.39956 [logdet 1.53480, mahal 1.02688], L1 1.89309, Spectral 0.26444, Gradient 0.43935, Quantile 0.84568) | LR 1.00e-03
2023-08-21 22:54:21,842 INFO Epoch 42 | Batch 350/1186 | Loss 4.26479 (NLL 4.35534 [logdet 1.48068, mahal 1.03679], L1 1.82458, Spectral 0.26108, Gradient 0.43318, Quantile 0.80448) | LR 1.00e-03
2023-08-21 22:54:57,922 INFO Epoch 42 | Batch 400/1186 | Loss 4.28684 (NLL 4.35058 [logdet 1.49400, mahal 1.01871], L1 1.84801, Spectral 0.25825, Gradient 0.43278, Quantile 0.81165) | LR 1.00e-03
2023-08-21 22:55:33,980 INFO Epoch 42 | Batch 450/1186 | Loss 4.30529 (NLL 4.33634 [logdet 1.49008, mahal 1.00838], L1 1.86864, Spectral 0.26537, Gradient 0.43908, Quantile 0.82447) | LR 1.00e-03
2023-08-21 22:56:10,037 INFO Epoch 42 | Batch 500/1186 | Loss 4.38920 (NLL 4.42108 [logdet 1.54142, mahal 1.04178], L1 1.91066, Spectral 0.25807, Gradient 0.43207, Quantile 0.83039) | LR 1.00e-03
2023-08-21 22:56:46,093 INFO Epoch 42 | Batch 550/1186 | Loss 4.34140 (NLL 4.38331 [logdet 1.49847, mahal 1.04696], L1 1.87878, Spectral 0.27427, Gradient 0.44809, Quantile 0.82515) | LR 1.00e-03
2023-08-21 22:57:22,142 INFO Epoch 42 | Batch 600/1186 | Loss 4.40836 (NLL 4.41325 [logdet 1.52471, mahal 1.05066], L1 1.92467, Spectral 0.26261, Gradient 0.43490, Quantile 0.86310) | LR 1.00e-03
2023-08-21 22:57:58,182 INFO Epoch 42 | Batch 650/1186 | Loss 4.26339 (NLL 4.31698 [logdet 1.48100, mahal 0.99810], L1 1.83498, Spectral 0.26449, Gradient 0.43907, Quantile 0.83140) | LR 1.00e-03
2023-08-21 22:58:34,248 INFO Epoch 42 | Batch 700/1186 | Loss 4.33736 (NLL 4.37106 [logdet 1.48093, mahal 1.05226], L1 1.88395, Spectral 0.26817, Gradient 0.44419, Quantile 0.81891) | LR 1.00e-03
2023-08-21 22:59:10,282 INFO Epoch 42 | Batch 750/1186 | Loss 4.32484 (NLL 4.38739 [logdet 1.48938, mahal 1.06013], L1 1.86160, Spectral 0.26218, Gradient 0.43472, Quantile 0.83234) | LR 1.00e-03
2023-08-21 22:59:46,317 INFO Epoch 42 | Batch 800/1186 | Loss 4.30554 (NLL 4.34489 [logdet 1.51241, mahal 0.99460], L1 1.86434, Spectral 0.26367, Gradient 0.43814, Quantile 0.82743) | LR 1.00e-03
2023-08-21 23:00:22,372 INFO Epoch 42 | Batch 850/1186 | Loss 4.34374 (NLL 4.40972 [logdet 1.54284, mahal 1.02900], L1 1.87374, Spectral 0.25986, Gradient 0.43377, Quantile 0.81658) | LR 1.00e-03
2023-08-21 23:00:58,399 INFO Epoch 42 | Batch 900/1186 | Loss 4.32599 (NLL 4.40087 [logdet 1.52467, mahal 1.03832], L1 1.85793, Spectral 0.25936, Gradient 0.44148, Quantile 0.82730) | LR 1.00e-03
2023-08-21 23:01:34,438 INFO Epoch 42 | Batch 950/1186 | Loss 4.31015 (NLL 4.37165 [logdet 1.49855, mahal 1.03522], L1 1.85521, Spectral 0.26080, Gradient 0.42941, Quantile 0.83214) | LR 1.00e-03
2023-08-21 23:02:10,447 INFO Epoch 42 | Batch 1000/1186 | Loss 4.36989 (NLL 4.39561 [logdet 1.54130, mahal 1.01644], L1 1.90091, Spectral 0.27062, Gradient 0.44500, Quantile 0.82998) | LR 1.00e-03
2023-08-21 23:02:46,475 INFO Epoch 42 | Batch 1050/1186 | Loss 4.26080 (NLL 4.32638 [logdet 1.47202, mahal 1.01649], L1 1.83196, Spectral 0.26754, Gradient 0.43742, Quantile 0.81045) | LR 1.00e-03
2023-08-21 23:03:22,513 INFO Epoch 42 | Batch 1100/1186 | Loss 4.32035 (NLL 4.36385 [logdet 1.49446, mahal 1.03151], L1 1.86541, Spectral 0.26245, Gradient 0.43839, Quantile 0.84645) | LR 1.00e-03
2023-08-21 23:03:58,541 INFO Epoch 42 | Batch 1150/1186 | Loss 4.39626 (NLL 4.40427 [logdet 1.52142, mahal 1.04497], L1 1.91998, Spectral 0.26143, Gradient 0.43525, Quantile 0.85223) | LR 1.00e-03
2023-08-21 23:05:26,091 INFO Epoch 42 | Val Loss 4.24651 (NLL 4.34324 [logdet 1.55159, mahal 0.95378], L1 1.81091, Spectral 0.26202, Gradient 0.43484, Quantile 0.80941)
2023-08-21 23:06:02,407 INFO Epoch 43 | Batch 50/1186 | Loss 4.34580 (NLL 4.39223 [logdet 1.50982, mahal 1.04453], L1 1.88328, Spectral 0.26052, Gradient 0.43472, Quantile 0.82108) | LR 1.00e-03
2023-08-21 23:06:38,374 INFO Epoch 43 | Batch 100/1186 | Loss 4.45870 (NLL 4.44534 [logdet 1.55366, mahal 1.05380], L1 1.95183, Spectral 0.26649, Gradient 0.44731, Quantile 0.88840) | LR 1.00e-03
2023-08-21 23:07:14,361 INFO Epoch 43 | Batch 150/1186 | Loss 4.34114 (NLL 4.38371 [logdet 1.54498, mahal 1.00084], L1 1.88196, Spectral 0.26754, Gradient 0.44033, Quantile 0.81733) | LR 1.00e-03
2023-08-21 23:07:50,359 INFO Epoch 43 | Batch 200/1186 | Loss 4.41391 (NLL 4.42009 [logdet 1.54145, mahal 1.04076], L1 1.93056, Spectral 0.26406, Gradient 0.43882, Quantile 0.84593) | LR 1.00e-03
2023-08-21 23:08:26,351 INFO Epoch 43 | Batch 250/1186 | Loss 4.36725 (NLL 4.39826 [logdet 1.55456, mahal 1.00582], L1 1.89974, Spectral 0.26159, Gradient 0.43871, Quantile 0.82814) | LR 1.00e-03
2023-08-21 23:09:02,321 INFO Epoch 43 | Batch 300/1186 | Loss 4.35003 (NLL 4.38531 [logdet 1.51187, mahal 1.03556], L1 1.88553, Spectral 0.26684, Gradient 0.44455, Quantile 0.83678) | LR 1.00e-03
2023-08-21 23:09:38,330 INFO Epoch 43 | Batch 350/1186 | Loss 4.38029 (NLL 4.41231 [logdet 1.50063, mahal 1.07380], L1 1.90124, Spectral 0.26153, Gradient 0.43616, Quantile 0.84693) | LR 1.00e-03
2023-08-21 23:10:14,389 INFO Epoch 43 | Batch 400/1186 | Loss 4.26971 (NLL 4.33901 [logdet 1.46328, mahal 1.03785], L1 1.83785, Spectral 0.25952, Gradient 0.43079, Quantile 0.80547) | LR 1.00e-03
2023-08-21 23:10:50,438 INFO Epoch 43 | Batch 450/1186 | Loss 4.37252 (NLL 4.42599 [logdet 1.53223, mahal 1.05589], L1 1.88647, Spectral 0.26887, Gradient 0.44614, Quantile 0.83960) | LR 1.00e-03
2023-08-21 23:11:26,485 INFO Epoch 43 | Batch 500/1186 | Loss 4.29558 (NLL 4.37487 [logdet 1.50404, mahal 1.03295], L1 1.84360, Spectral 0.25724, Gradient 0.43029, Quantile 0.81696) | LR 1.00e-03
2023-08-21 23:12:02,542 INFO Epoch 43 | Batch 550/1186 | Loss 4.27942 (NLL 4.34225 [logdet 1.47819, mahal 1.02618], L1 1.84426, Spectral 0.26169, Gradient 0.43618, Quantile 0.81002) | LR 1.00e-03
2023-08-21 23:12:38,596 INFO Epoch 43 | Batch 600/1186 | Loss 4.24477 (NLL 4.31577 [logdet 1.46513, mahal 1.01276], L1 1.82132, Spectral 0.25804, Gradient 0.42852, Quantile 0.82037) | LR 1.00e-03
2023-08-21 23:13:14,620 INFO Epoch 43 | Batch 650/1186 | Loss 4.38132 (NLL 4.42619 [logdet 1.54122, mahal 1.04709], L1 1.89655, Spectral 0.26556, Gradient 0.44239, Quantile 0.83750) | LR 1.00e-03
2023-08-21 23:13:50,654 INFO Epoch 43 | Batch 700/1186 | Loss 4.38558 (NLL 4.40514 [logdet 1.55546, mahal 1.01180], L1 1.90620, Spectral 0.26648, Gradient 0.44373, Quantile 0.85781) | LR 1.00e-03
2023-08-21 23:14:26,696 INFO Epoch 43 | Batch 750/1186 | Loss 4.32768 (NLL 4.36607 [logdet 1.50724, mahal 1.02095], L1 1.87824, Spectral 0.25613, Gradient 0.43535, Quantile 0.82581) | LR 1.00e-03
2023-08-21 23:15:02,736 INFO Epoch 43 | Batch 800/1186 | Loss 4.38224 (NLL 4.40532 [logdet 1.55291, mahal 1.01454], L1 1.90541, Spectral 0.26564, Gradient 0.44558, Quantile 0.84769) | LR 1.00e-03
2023-08-21 23:15:38,788 INFO Epoch 43 | Batch 850/1186 | Loss 4.32199 (NLL 4.36142 [logdet 1.49626, mahal 1.02729], L1 1.87088, Spectral 0.26309, Gradient 0.43743, Quantile 0.83490) | LR 1.00e-03
2023-08-21 23:16:14,830 INFO Epoch 43 | Batch 900/1186 | Loss 4.35775 (NLL 4.40332 [logdet 1.52382, mahal 1.04162], L1 1.88866, Spectral 0.26144, Gradient 0.43962, Quantile 0.82431) | LR 1.00e-03
2023-08-21 23:16:50,869 INFO Epoch 43 | Batch 950/1186 | Loss 4.35717 (NLL 4.40621 [logdet 1.49829, mahal 1.07004], L1 1.87959, Spectral 0.25782, Gradient 0.43139, Quantile 0.85750) | LR 1.00e-03
2023-08-21 23:17:26,930 INFO Epoch 43 | Batch 1000/1186 | Loss 4.29290 (NLL 4.35831 [logdet 1.48167, mahal 1.03876], L1 1.85051, Spectral 0.26846, Gradient 0.43480, Quantile 0.79945) | LR 1.00e-03
2023-08-21 23:18:02,972 INFO Epoch 43 | Batch 1050/1186 | Loss 4.26832 (NLL 4.33476 [logdet 1.45707, mahal 1.03981], L1 1.83450, Spectral 0.26686, Gradient 0.43636, Quantile 0.81442) | LR 1.00e-03
2023-08-21 23:18:38,996 INFO Epoch 43 | Batch 1100/1186 | Loss 4.40729 (NLL 4.42480 [logdet 1.54665, mahal 1.04027], L1 1.91775, Spectral 0.27785, Gradient 0.45198, Quantile 0.84687) | LR 1.00e-03
2023-08-21 23:19:15,052 INFO Epoch 43 | Batch 1150/1186 | Loss 4.33487 (NLL 4.39360 [logdet 1.50222, mahal 1.05350], L1 1.87175, Spectral 0.25666, Gradient 0.42643, Quantile 0.82501) | LR 1.00e-03
2023-08-21 23:20:42,057 INFO Epoch 43 | Val Loss 4.24780 (NLL 4.32718 [logdet 1.48511, mahal 1.00420], L1 1.80303, Spectral 0.26367, Gradient 0.43812, Quantile 0.87902)
2023-08-21 23:21:18,439 INFO Epoch 44 | Batch 50/1186 | Loss 4.29717 (NLL 4.35362 [logdet 1.49739, mahal 1.01835], L1 1.85365, Spectral 0.26375, Gradient 0.44175, Quantile 0.81886) | LR 1.00e-03
2023-08-21 23:21:54,496 INFO Epoch 44 | Batch 100/1186 | Loss 4.36879 (NLL 4.39912 [logdet 1.50788, mahal 1.05336], L1 1.90118, Spectral 0.26581, Gradient 0.44080, Quantile 0.82221) | LR 1.00e-03
2023-08-21 23:22:30,538 INFO Epoch 44 | Batch 150/1186 | Loss 4.42023 (NLL 4.42165 [logdet 1.55633, mahal 1.02744], L1 1.92505, Spectral 0.26772, Gradient 0.44862, Quantile 0.88771) | LR 1.00e-03
2023-08-21 23:23:06,564 INFO Epoch 44 | Batch 200/1186 | Loss 4.31965 (NLL 4.35348 [logdet 1.48331, mahal 1.03230], L1 1.87604, Spectral 0.26205, Gradient 0.43731, Quantile 0.82138) | LR 1.00e-03
2023-08-21 23:23:42,590 INFO Epoch 44 | Batch 250/1186 | Loss 4.36027 (NLL 4.39033 [logdet 1.52339, mahal 1.02906], L1 1.88439, Spectral 0.27064, Gradient 0.44324, Quantile 0.86953) | LR 1.00e-03
2023-08-21 23:24:18,608 INFO Epoch 44 | Batch 300/1186 | Loss 4.39497 (NLL 4.42110 [logdet 1.53386, mahal 1.04937], L1 1.91146, Spectral 0.26515, Gradient 0.44581, Quantile 0.84322) | LR 1.00e-03
2023-08-21 23:24:54,651 INFO Epoch 44 | Batch 350/1186 | Loss 4.29517 (NLL 4.34979 [logdet 1.47157, mahal 1.04035], L1 1.85269, Spectral 0.26158, Gradient 0.43049, Quantile 0.82490) | LR 1.00e-03
2023-08-21 23:25:30,692 INFO Epoch 44 | Batch 400/1186 | Loss 4.29598 (NLL 4.36956 [logdet 1.50977, mahal 1.02191], L1 1.84497, Spectral 0.26326, Gradient 0.43319, Quantile 0.81749) | LR 1.00e-03
2023-08-21 23:26:06,740 INFO Epoch 44 | Batch 450/1186 | Loss 4.30424 (NLL 4.36419 [logdet 1.53171, mahal 0.99460], L1 1.85101, Spectral 0.26528, Gradient 0.43661, Quantile 0.83558) | LR 1.00e-03
2023-08-21 23:26:42,764 INFO Epoch 44 | Batch 500/1186 | Loss 4.35817 (NLL 4.40789 [logdet 1.51913, mahal 1.05088], L1 1.88439, Spectral 0.26191, Gradient 0.43744, Quantile 0.83381) | LR 1.00e-03
2023-08-21 23:27:18,797 INFO Epoch 44 | Batch 550/1186 | Loss 4.34775 (NLL 4.39079 [logdet 1.48565, mahal 1.06726], L1 1.88187, Spectral 0.26048, Gradient 0.43440, Quantile 0.83810) | LR 1.00e-03
2023-08-21 23:27:54,858 INFO Epoch 44 | Batch 600/1186 | Loss 4.42439 (NLL 4.44399 [logdet 1.55317, mahal 1.05295], L1 1.92640, Spectral 0.27201, Gradient 0.45003, Quantile 0.84842) | LR 1.00e-03
2023-08-21 23:28:30,906 INFO Epoch 44 | Batch 650/1186 | Loss 4.27575 (NLL 4.33359 [logdet 1.49114, mahal 1.00458], L1 1.84126, Spectral 0.25890, Gradient 0.43175, Quantile 0.82823) | LR 1.00e-03
2023-08-21 23:29:06,975 INFO Epoch 44 | Batch 700/1186 | Loss 4.35410 (NLL 4.38153 [logdet 1.53200, mahal 1.01165], L1 1.89513, Spectral 0.26226, Gradient 0.43529, Quantile 0.82670) | LR 1.00e-03
2023-08-21 23:29:43,019 INFO Epoch 44 | Batch 750/1186 | Loss 4.39912 (NLL 4.42913 [logdet 1.56496, mahal 1.02629], L1 1.91187, Spectral 0.25739, Gradient 0.43095, Quantile 0.85057) | LR 1.00e-03
2023-08-21 23:30:19,078 INFO Epoch 44 | Batch 800/1186 | Loss 4.36029 (NLL 4.39566 [logdet 1.50543, mahal 1.05236], L1 1.89321, Spectral 0.25577, Gradient 0.42618, Quantile 0.83812) | LR 1.00e-03
2023-08-21 23:30:55,106 INFO Epoch 44 | Batch 850/1186 | Loss 4.24728 (NLL 4.31920 [logdet 1.46402, mahal 1.01730], L1 1.82305, Spectral 0.26263, Gradient 0.43461, Quantile 0.81149) | LR 1.00e-03
2023-08-21 23:31:31,134 INFO Epoch 44 | Batch 900/1186 | Loss 4.36296 (NLL 4.39858 [logdet 1.51985, mahal 1.04085], L1 1.88886, Spectral 0.26351, Gradient 0.43870, Quantile 0.85271) | LR 1.00e-03
2023-08-21 23:32:07,160 INFO Epoch 44 | Batch 950/1186 | Loss 4.34655 (NLL 4.37855 [logdet 1.51978, mahal 1.02090], L1 1.88450, Spectral 0.26674, Gradient 0.44333, Quantile 0.84076) | LR 1.00e-03
2023-08-21 23:32:43,205 INFO Epoch 44 | Batch 1000/1186 | Loss 4.33620 (NLL 4.38140 [logdet 1.49644, mahal 1.04708], L1 1.87745, Spectral 0.26260, Gradient 0.43092, Quantile 0.82574) | LR 1.00e-03
2023-08-21 23:33:19,201 INFO Epoch 44 | Batch 1050/1186 | Loss 4.34467 (NLL 4.38251 [logdet 1.52388, mahal 1.02076], L1 1.88223, Spectral 0.26218, Gradient 0.44156, Quantile 0.83907) | LR 1.00e-03
2023-08-21 23:33:55,217 INFO Epoch 44 | Batch 1100/1186 | Loss 4.35498 (NLL 4.39696 [logdet 1.54420, mahal 1.01489], L1 1.88909, Spectral 0.26171, Gradient 0.43772, Quantile 0.82394) | LR 1.00e-03
2023-08-21 23:34:31,237 INFO Epoch 44 | Batch 1150/1186 | Loss 4.36918 (NLL 4.40083 [logdet 1.55193, mahal 1.01102], L1 1.89859, Spectral 0.26721, Gradient 0.44728, Quantile 0.82945) | LR 1.00e-03
2023-08-21 23:35:58,702 INFO Epoch 44 | Val Loss 4.25122 (NLL 4.33624 [logdet 1.43313, mahal 1.06524], L1 1.80832, Spectral 0.26318, Gradient 0.43647, Quantile 0.85299)
2023-08-21 23:36:34,950 INFO Epoch 45 | Batch 50/1186 | Loss 4.36603 (NLL 4.38426 [logdet 1.51826, mahal 1.02813], L1 1.89984, Spectral 0.26377, Gradient 0.43640, Quantile 0.84935) | LR 1.00e-03
2023-08-21 23:37:10,850 INFO Epoch 45 | Batch 100/1186 | Loss 4.25817 (NLL 4.33384 [logdet 1.48947, mahal 1.00649], L1 1.82680, Spectral 0.25941, Gradient 0.43279, Quantile 0.81423) | LR 1.00e-03
2023-08-21 23:37:46,744 INFO Epoch 45 | Batch 150/1186 | Loss 4.35927 (NLL 4.38107 [logdet 1.49388, mahal 1.04931], L1 1.89117, Spectral 0.26457, Gradient 0.43502, Quantile 0.86308) | LR 1.00e-03
2023-08-21 23:38:22,608 INFO Epoch 45 | Batch 200/1186 | Loss 4.41914 (NLL 4.42631 [logdet 1.55569, mahal 1.03274], L1 1.93176, Spectral 0.26417, Gradient 0.43430, Quantile 0.84964) | LR 1.00e-03
2023-08-21 23:38:58,483 INFO Epoch 45 | Batch 250/1186 | Loss 4.43794 (NLL 4.44134 [logdet 1.57727, mahal 1.02620], L1 1.94231, Spectral 0.26997, Gradient 0.45187, Quantile 0.84627) | LR 1.00e-03
2023-08-21 23:39:34,362 INFO Epoch 45 | Batch 300/1186 | Loss 4.34854 (NLL 4.36118 [logdet 1.52148, mahal 1.00182], L1 1.89258, Spectral 0.26796, Gradient 0.44232, Quantile 0.85024) | LR 1.00e-03
2023-08-21 23:40:10,245 INFO Epoch 45 | Batch 350/1186 | Loss 4.29080 (NLL 4.33891 [logdet 1.46722, mahal 1.03381], L1 1.85490, Spectral 0.26300, Gradient 0.43710, Quantile 0.81860) | LR 1.00e-03
2023-08-21 23:40:46,180 INFO Epoch 45 | Batch 400/1186 | Loss 4.20267 (NLL 4.30716 [logdet 1.42694, mahal 1.04235], L1 1.78725, Spectral 0.25885, Gradient 0.43445, Quantile 0.80398) | LR 1.00e-03
2023-08-21 23:41:22,110 INFO Epoch 45 | Batch 450/1186 | Loss 4.32381 (NLL 4.38183 [logdet 1.51668, mahal 1.02727], L1 1.86584, Spectral 0.26657, Gradient 0.44310, Quantile 0.81722) | LR 1.00e-03
2023-08-21 23:41:58,047 INFO Epoch 45 | Batch 500/1186 | Loss 4.43061 (NLL 4.42145 [logdet 1.53444, mahal 1.04914], L1 1.93973, Spectral 0.26313, Gradient 0.43921, Quantile 0.87528) | LR 1.00e-03
2023-08-21 23:42:33,952 INFO Epoch 45 | Batch 550/1186 | Loss 4.32471 (NLL 4.38557 [logdet 1.51586, mahal 1.03184], L1 1.86396, Spectral 0.26899, Gradient 0.44615, Quantile 0.81838) | LR 1.00e-03
2023-08-21 23:43:09,862 INFO Epoch 45 | Batch 600/1186 | Loss 4.34373 (NLL 4.39162 [logdet 1.53025, mahal 1.02350], L1 1.87773, Spectral 0.26671, Gradient 0.44415, Quantile 0.83007) | LR 1.00e-03
2023-08-21 23:43:45,800 INFO Epoch 45 | Batch 650/1186 | Loss 4.36564 (NLL 4.39158 [logdet 1.48367, mahal 1.07003], L1 1.89992, Spectral 0.26469, Gradient 0.44611, Quantile 0.83114) | LR 1.00e-03
2023-08-21 23:44:21,713 INFO Epoch 45 | Batch 700/1186 | Loss 4.27367 (NLL 4.35742 [logdet 1.51173, mahal 1.00781], L1 1.82575, Spectral 0.26339, Gradient 0.43241, Quantile 0.82967) | LR 1.00e-03
2023-08-21 23:44:57,633 INFO Epoch 45 | Batch 750/1186 | Loss 4.38139 (NLL 4.42387 [logdet 1.49857, mahal 1.08742], L1 1.89761, Spectral 0.26534, Gradient 0.43827, Quantile 0.83846) | LR 1.00e-03
2023-08-21 23:45:33,558 INFO Epoch 45 | Batch 800/1186 | Loss 4.38888 (NLL 4.42766 [logdet 1.52986, mahal 1.05993], L1 1.90398, Spectral 0.25645, Gradient 0.42905, Quantile 0.84490) | LR 1.00e-03
2023-08-21 23:46:09,490 INFO Epoch 45 | Batch 850/1186 | Loss 4.38273 (NLL 4.39650 [logdet 1.54602, mahal 1.01261], L1 1.90698, Spectral 0.26801, Gradient 0.43977, Quantile 0.85905) | LR 1.00e-03
2023-08-21 23:46:45,404 INFO Epoch 45 | Batch 900/1186 | Loss 4.31888 (NLL 4.35191 [logdet 1.48813, mahal 1.02590], L1 1.87591, Spectral 0.26511, Gradient 0.43330, Quantile 0.81874) | LR 1.00e-03
2023-08-21 23:47:21,350 INFO Epoch 45 | Batch 950/1186 | Loss 4.27567 (NLL 4.36086 [logdet 1.49077, mahal 1.03221], L1 1.82684, Spectral 0.26014, Gradient 0.43597, Quantile 0.82974) | LR 1.00e-03
2023-08-21 23:47:57,270 INFO Epoch 45 | Batch 1000/1186 | Loss 4.34091 (NLL 4.39860 [logdet 1.53575, mahal 1.02498], L1 1.87683, Spectral 0.26477, Gradient 0.44223, Quantile 0.80968) | LR 1.00e-03
2023-08-21 23:48:33,206 INFO Epoch 45 | Batch 1050/1186 | Loss 4.30332 (NLL 4.37192 [logdet 1.53201, mahal 1.00203], L1 1.84508, Spectral 0.25938, Gradient 0.42796, Quantile 0.84679) | LR 1.00e-03
2023-08-21 23:49:09,131 INFO Epoch 45 | Batch 1100/1186 | Loss 4.42820 (NLL 4.44283 [logdet 1.54757, mahal 1.05738], L1 1.93512, Spectral 0.26150, Gradient 0.44191, Quantile 0.84181) | LR 1.00e-03
2023-08-21 23:49:45,061 INFO Epoch 45 | Batch 1150/1186 | Loss 4.42518 (NLL 4.43504 [logdet 1.56387, mahal 1.03330], L1 1.93614, Spectral 0.26256, Gradient 0.44206, Quantile 0.84005) | LR 1.00e-03
2023-08-21 23:51:11,752 INFO Epoch 45 | Val Loss 4.25803 (NLL 4.35591 [logdet 1.42770, mahal 1.09034], L1 1.80473, Spectral 0.26155, Gradient 0.43330, Quantile 0.85711)
2023-08-21 23:51:47,995 INFO Epoch 46 | Batch 50/1186 | Loss 4.52323 (NLL 4.50250 [logdet 1.61067, mahal 1.05396], L1 1.98977, Spectral 0.27421, Gradient 0.45227, Quantile 0.87179) | LR 1.00e-03
2023-08-21 23:52:23,845 INFO Epoch 46 | Batch 100/1186 | Loss 4.26265 (NLL 4.33186 [logdet 1.46954, mahal 1.02445], L1 1.83051, Spectral 0.26454, Gradient 0.43653, Quantile 0.81595) | LR 1.00e-03
2023-08-21 23:52:59,715 INFO Epoch 46 | Batch 150/1186 | Loss 4.36692 (NLL 4.39985 [logdet 1.51913, mahal 1.04284], L1 1.89600, Spectral 0.26276, Gradient 0.43693, Quantile 0.83775) | LR 1.00e-03
2023-08-21 23:53:35,581 INFO Epoch 46 | Batch 200/1186 | Loss 4.40920 (NLL 4.42070 [logdet 1.52501, mahal 1.05782], L1 1.92345, Spectral 0.26486, Gradient 0.44387, Quantile 0.85367) | LR 1.00e-03
2023-08-21 23:54:11,472 INFO Epoch 46 | Batch 250/1186 | Loss 4.39108 (NLL 4.39745 [logdet 1.55301, mahal 1.00657], L1 1.91570, Spectral 0.26306, Gradient 0.43711, Quantile 0.86086) | LR 1.00e-03
2023-08-21 23:54:47,343 INFO Epoch 46 | Batch 300/1186 | Loss 4.28953 (NLL 4.34962 [logdet 1.48392, mahal 1.02782], L1 1.84710, Spectral 0.26633, Gradient 0.43812, Quantile 0.81990) | LR 1.00e-03
2023-08-21 23:55:23,259 INFO Epoch 46 | Batch 350/1186 | Loss 4.29771 (NLL 4.34812 [logdet 1.50076, mahal 1.00949], L1 1.85594, Spectral 0.26082, Gradient 0.43114, Quantile 0.82621) | LR 1.00e-03
2023-08-21 23:55:59,202 INFO Epoch 46 | Batch 400/1186 | Loss 4.43082 (NLL 4.43795 [logdet 1.54115, mahal 1.05892], L1 1.92957, Spectral 0.27290, Gradient 0.45238, Quantile 0.87347) | LR 1.00e-03
2023-08-21 23:56:35,116 INFO Epoch 46 | Batch 450/1186 | Loss 4.39787 (NLL 4.41165 [logdet 1.54546, mahal 1.02832], L1 1.91451, Spectral 0.27117, Gradient 0.45153, Quantile 0.85565) | LR 1.00e-03
2023-08-21 23:57:11,038 INFO Epoch 46 | Batch 500/1186 | Loss 4.38429 (NLL 4.41600 [logdet 1.53815, mahal 1.03997], L1 1.90754, Spectral 0.26365, Gradient 0.44327, Quantile 0.82740) | LR 1.00e-03
2023-08-21 23:57:46,949 INFO Epoch 46 | Batch 550/1186 | Loss 4.16094 (NLL 4.28352 [logdet 1.38347, mahal 1.06217], L1 1.76215, Spectral 0.25917, Gradient 0.42813, Quantile 0.78373) | LR 1.00e-03
2023-08-21 23:58:22,881 INFO Epoch 46 | Batch 600/1186 | Loss 4.36219 (NLL 4.40483 [logdet 1.54995, mahal 1.01700], L1 1.88651, Spectral 0.26535, Gradient 0.44131, Quantile 0.84429) | LR 1.00e-03
2023-08-21 23:58:58,777 INFO Epoch 46 | Batch 650/1186 | Loss 4.34624 (NLL 4.40422 [logdet 1.54124, mahal 1.02510], L1 1.87204, Spectral 0.26659, Gradient 0.44132, Quantile 0.83814) | LR 1.00e-03
2023-08-21 23:59:34,702 INFO Epoch 46 | Batch 700/1186 | Loss 4.29272 (NLL 4.34247 [logdet 1.49032, mahal 1.01428], L1 1.85744, Spectral 0.25879, Gradient 0.43095, Quantile 0.81318) | LR 1.00e-03
2023-08-22 00:00:10,602 INFO Epoch 46 | Batch 750/1186 | Loss 4.35491 (NLL 4.38142 [logdet 1.53181, mahal 1.01174], L1 1.89251, Spectral 0.26671, Gradient 0.43975, Quantile 0.83636) | LR 1.00e-03
2023-08-22 00:00:46,514 INFO Epoch 46 | Batch 800/1186 | Loss 4.25729 (NLL 4.33907 [logdet 1.45231, mahal 1.04889], L1 1.82348, Spectral 0.26036, Gradient 0.43769, Quantile 0.81240) | LR 1.00e-03
2023-08-22 00:01:22,433 INFO Epoch 46 | Batch 850/1186 | Loss 4.41489 (NLL 4.45241 [logdet 1.58928, mahal 1.02526], L1 1.91227, Spectral 0.26563, Gradient 0.44144, Quantile 0.85705) | LR 1.00e-03
2023-08-22 00:01:58,320 INFO Epoch 46 | Batch 900/1186 | Loss 4.28983 (NLL 4.34695 [logdet 1.50407, mahal 1.00500], L1 1.85148, Spectral 0.26263, Gradient 0.43406, Quantile 0.81248) | LR 1.00e-03
2023-08-22 00:02:34,224 INFO Epoch 46 | Batch 950/1186 | Loss 4.30011 (NLL 4.35853 [logdet 1.46664, mahal 1.05402], L1 1.85404, Spectral 0.25934, Gradient 0.43349, Quantile 0.82403) | LR 1.00e-03
2023-08-22 00:03:10,149 INFO Epoch 46 | Batch 1000/1186 | Loss 4.31569 (NLL 4.35950 [logdet 1.49633, mahal 1.02529], L1 1.86414, Spectral 0.26418, Gradient 0.43580, Quantile 0.83956) | LR 1.00e-03
2023-08-22 00:03:46,068 INFO Epoch 46 | Batch 1050/1186 | Loss 4.28400 (NLL 4.36598 [logdet 1.46142, mahal 1.06669], L1 1.83704, Spectral 0.25722, Gradient 0.43546, Quantile 0.81451) | LR 1.00e-03
2023-08-22 00:04:21,981 INFO Epoch 46 | Batch 1100/1186 | Loss 4.30492 (NLL 4.36723 [logdet 1.51062, mahal 1.01874], L1 1.85631, Spectral 0.25586, Gradient 0.42000, Quantile 0.82041) | LR 1.00e-03
2023-08-22 00:04:57,881 INFO Epoch 46 | Batch 1150/1186 | Loss 4.45456 (NLL 4.43455 [logdet 1.55887, mahal 1.03780], L1 1.95636, Spectral 0.26303, Gradient 0.43571, Quantile 0.87866) | LR 1.00e-03
2023-08-22 00:06:24,414 INFO Epoch 46 | Val Loss 4.25330 (NLL 4.33811 [logdet 1.56711, mahal 0.93312], L1 1.80955, Spectral 0.26301, Gradient 0.43632, Quantile 0.85281)
2023-08-22 00:07:00,808 INFO Epoch 47 | Batch 50/1186 | Loss 4.38130 (NLL 4.39569 [logdet 1.56400, mahal 0.99381], L1 1.91356, Spectral 0.26971, Gradient 0.44818, Quantile 0.82559) | LR 1.00e-03
2023-08-22 00:07:36,828 INFO Epoch 47 | Batch 100/1186 | Loss 4.33330 (NLL 4.38329 [logdet 1.51734, mahal 1.02807], L1 1.86940, Spectral 0.26199, Gradient 0.43875, Quantile 0.84373) | LR 1.00e-03
2023-08-22 00:08:12,862 INFO Epoch 47 | Batch 150/1186 | Loss 4.37921 (NLL 4.40828 [logdet 1.54914, mahal 1.02126], L1 1.90618, Spectral 0.26129, Gradient 0.43244, Quantile 0.83062) | LR 1.00e-03
2023-08-22 00:08:48,846 INFO Epoch 47 | Batch 200/1186 | Loss 4.28359 (NLL 4.36671 [logdet 1.48234, mahal 1.04650], L1 1.83281, Spectral 0.26204, Gradient 0.43589, Quantile 0.82366) | LR 1.00e-03
2023-08-22 00:09:24,832 INFO Epoch 47 | Batch 250/1186 | Loss 4.34294 (NLL 4.39220 [logdet 1.54397, mahal 1.01035], L1 1.87455, Spectral 0.26620, Gradient 0.43718, Quantile 0.83939) | LR 1.00e-03
2023-08-22 00:10:00,854 INFO Epoch 47 | Batch 300/1186 | Loss 4.33010 (NLL 4.37626 [logdet 1.50148, mahal 1.03690], L1 1.87280, Spectral 0.26519, Gradient 0.43125, Quantile 0.82760) | LR 1.00e-03
2023-08-22 00:10:36,887 INFO Epoch 47 | Batch 350/1186 | Loss 4.33606 (NLL 4.39945 [logdet 1.50540, mahal 1.05618], L1 1.87110, Spectral 0.26215, Gradient 0.43771, Quantile 0.81445) | LR 1.00e-03
2023-08-22 00:11:12,915 INFO Epoch 47 | Batch 400/1186 | Loss 4.32111 (NLL 4.36916 [logdet 1.50451, mahal 1.02677], L1 1.86588, Spectral 0.26494, Gradient 0.44288, Quantile 0.83387) | LR 1.00e-03
2023-08-22 00:11:48,935 INFO Epoch 47 | Batch 450/1186 | Loss 4.31140 (NLL 4.36279 [logdet 1.49683, mahal 1.02809], L1 1.86021, Spectral 0.25605, Gradient 0.42927, Quantile 0.84007) | LR 1.00e-03
2023-08-22 00:12:24,938 INFO Epoch 47 | Batch 500/1186 | Loss 4.35737 (NLL 4.39754 [logdet 1.50909, mahal 1.05057], L1 1.88653, Spectral 0.27080, Gradient 0.44079, Quantile 0.83352) | LR 1.00e-03
2023-08-22 00:13:00,956 INFO Epoch 47 | Batch 550/1186 | Loss 4.34999 (NLL 4.41792 [logdet 1.54014, mahal 1.03990], L1 1.87478, Spectral 0.26261, Gradient 0.43767, Quantile 0.81822) | LR 1.00e-03
2023-08-22 00:13:36,962 INFO Epoch 47 | Batch 600/1186 | Loss 4.27689 (NLL 4.37453 [logdet 1.52070, mahal 1.01595], L1 1.82489, Spectral 0.25960, Gradient 0.43496, Quantile 0.81517) | LR 1.00e-03
2023-08-22 00:14:12,974 INFO Epoch 47 | Batch 650/1186 | Loss 4.33445 (NLL 4.38686 [logdet 1.50964, mahal 1.03935], L1 1.86709, Spectral 0.27011, Gradient 0.44375, Quantile 0.84198) | LR 1.00e-03
2023-08-22 00:14:48,987 INFO Epoch 47 | Batch 700/1186 | Loss 4.33062 (NLL 4.35368 [logdet 1.51746, mahal 0.99835], L1 1.88163, Spectral 0.26186, Gradient 0.43996, Quantile 0.84343) | LR 1.00e-03
2023-08-22 00:15:25,009 INFO Epoch 47 | Batch 750/1186 | Loss 4.37644 (NLL 4.40096 [logdet 1.54330, mahal 1.01979], L1 1.90575, Spectral 0.26251, Gradient 0.44079, Quantile 0.83465) | LR 1.00e-03
2023-08-22 00:16:01,022 INFO Epoch 47 | Batch 800/1186 | Loss 4.43142 (NLL 4.41895 [logdet 1.56698, mahal 1.01409], L1 1.94010, Spectral 0.26601, Gradient 0.44184, Quantile 0.87920) | LR 1.00e-03
2023-08-22 00:16:37,019 INFO Epoch 47 | Batch 850/1186 | Loss 4.36564 (NLL 4.37095 [logdet 1.50703, mahal 1.02604], L1 1.90603, Spectral 0.26710, Gradient 0.44716, Quantile 0.84596) | LR 1.00e-03
2023-08-22 00:17:13,043 INFO Epoch 47 | Batch 900/1186 | Loss 4.35008 (NLL 4.37146 [logdet 1.48701, mahal 1.04657], L1 1.89247, Spectral 0.26394, Gradient 0.43898, Quantile 0.84012) | LR 1.00e-03
2023-08-22 00:17:49,048 INFO Epoch 47 | Batch 950/1186 | Loss 4.24842 (NLL 4.32149 [logdet 1.45522, mahal 1.02839], L1 1.82469, Spectral 0.25948, Gradient 0.43239, Quantile 0.80806) | LR 1.00e-03
2023-08-22 00:18:25,090 INFO Epoch 47 | Batch 1000/1186 | Loss 4.31214 (NLL 4.34741 [logdet 1.48720, mahal 1.02233], L1 1.86677, Spectral 0.25580, Gradient 0.43285, Quantile 0.84798) | LR 1.00e-03
2023-08-22 00:19:01,090 INFO Epoch 47 | Batch 1050/1186 | Loss 4.44447 (NLL 4.45341 [logdet 1.56115, mahal 1.05438], L1 1.93752, Spectral 0.26606, Gradient 0.43995, Quantile 0.87257) | LR 1.00e-03
2023-08-22 00:19:37,108 INFO Epoch 47 | Batch 1100/1186 | Loss 4.27795 (NLL 4.33031 [logdet 1.43727, mahal 1.05516], L1 1.84455, Spectral 0.26623, Gradient 0.43075, Quantile 0.82268) | LR 1.00e-03
2023-08-22 00:20:13,075 INFO Epoch 47 | Batch 1150/1186 | Loss 4.39064 (NLL 4.41790 [logdet 1.55768, mahal 1.02234], L1 1.90648, Spectral 0.26099, Gradient 0.43912, Quantile 0.85707) | LR 1.00e-03
2023-08-22 00:21:41,021 INFO Epoch 47 | Val Loss 4.24454 (NLL 4.32800 [logdet 1.48097, mahal 1.00915], L1 1.80559, Spectral 0.26284, Gradient 0.43734, Quantile 0.85405)
2023-08-22 00:22:17,279 INFO Epoch 48 | Batch 50/1186 | Loss 4.35157 (NLL 4.37201 [logdet 1.52189, mahal 1.01225], L1 1.89803, Spectral 0.26411, Gradient 0.43352, Quantile 0.82196) | LR 1.00e-03
2023-08-22 00:22:53,265 INFO Epoch 48 | Batch 100/1186 | Loss 4.32599 (NLL 4.37238 [logdet 1.51732, mahal 1.01718], L1 1.86896, Spectral 0.26306, Gradient 0.43939, Quantile 0.83675) | LR 1.00e-03
2023-08-22 00:23:29,258 INFO Epoch 48 | Batch 150/1186 | Loss 4.36950 (NLL 4.38817 [logdet 1.53083, mahal 1.01947], L1 1.90435, Spectral 0.26194, Gradient 0.43450, Quantile 0.83892) | LR 1.00e-03
2023-08-22 00:24:05,265 INFO Epoch 48 | Batch 200/1186 | Loss 4.31175 (NLL 4.40291 [logdet 1.52635, mahal 1.03869], L1 1.84522, Spectral 0.26352, Gradient 0.43750, Quantile 0.81236) | LR 1.00e-03
2023-08-22 00:24:41,301 INFO Epoch 48 | Batch 250/1186 | Loss 4.39261 (NLL 4.42370 [logdet 1.55497, mahal 1.03086], L1 1.90418, Spectral 0.27563, Gradient 0.45429, Quantile 0.84691) | LR 1.00e-03
2023-08-22 00:25:17,330 INFO Epoch 48 | Batch 300/1186 | Loss 4.33394 (NLL 4.36803 [logdet 1.51592, mahal 1.01423], L1 1.87905, Spectral 0.26030, Gradient 0.43680, Quantile 0.83985) | LR 1.00e-03
2023-08-22 00:25:53,373 INFO Epoch 48 | Batch 350/1186 | Loss 4.30921 (NLL 4.37207 [logdet 1.47481, mahal 1.05938], L1 1.85547, Spectral 0.25839, Gradient 0.43065, Quantile 0.82884) | LR 1.00e-03
2023-08-22 00:26:29,385 INFO Epoch 48 | Batch 400/1186 | Loss 4.36932 (NLL 4.42845 [logdet 1.56371, mahal 1.02686], L1 1.89070, Spectral 0.26269, Gradient 0.44214, Quantile 0.81038) | LR 1.00e-03
2023-08-22 00:27:05,395 INFO Epoch 48 | Batch 450/1186 | Loss 4.38188 (NLL 4.40654 [logdet 1.51580, mahal 1.05287], L1 1.90584, Spectral 0.26186, Gradient 0.44169, Quantile 0.84599) | LR 1.00e-03
2023-08-22 00:27:41,422 INFO Epoch 48 | Batch 500/1186 | Loss 4.45444 (NLL 4.44966 [logdet 1.56904, mahal 1.04275], L1 1.94408, Spectral 0.26982, Gradient 0.44806, Quantile 0.89031) | LR 1.00e-03
2023-08-22 00:28:17,438 INFO Epoch 48 | Batch 550/1186 | Loss 4.37935 (NLL 4.39679 [logdet 1.52844, mahal 1.03047], L1 1.90990, Spectral 0.26302, Gradient 0.43873, Quantile 0.83768) | LR 1.00e-03
2023-08-22 00:28:53,439 INFO Epoch 48 | Batch 600/1186 | Loss 4.24844 (NLL 4.33017 [logdet 1.47025, mahal 1.02204], L1 1.81765, Spectral 0.26078, Gradient 0.43589, Quantile 0.81791) | LR 1.00e-03
2023-08-22 00:29:29,444 INFO Epoch 48 | Batch 650/1186 | Loss 4.40520 (NLL 4.43214 [logdet 1.54110, mahal 1.05317], L1 1.91525, Spectral 0.25428, Gradient 0.42783, Quantile 0.85886) | LR 1.00e-03
2023-08-22 00:30:05,436 INFO Epoch 48 | Batch 700/1186 | Loss 4.32069 (NLL 4.36584 [logdet 1.51792, mahal 1.01005], L1 1.87399, Spectral 0.26059, Gradient 0.43749, Quantile 0.81009) | LR 1.00e-03
2023-08-22 00:30:41,438 INFO Epoch 48 | Batch 750/1186 | Loss 4.33517 (NLL 4.38911 [logdet 1.51558, mahal 1.03565], L1 1.87373, Spectral 0.26514, Gradient 0.43755, Quantile 0.81810) | LR 1.00e-03
2023-08-22 00:31:17,437 INFO Epoch 48 | Batch 800/1186 | Loss 4.30509 (NLL 4.34367 [logdet 1.46533, mahal 1.04046], L1 1.86757, Spectral 0.26099, Gradient 0.43488, Quantile 0.81763) | LR 1.00e-03
2023-08-22 00:31:53,438 INFO Epoch 48 | Batch 850/1186 | Loss 4.30314 (NLL 4.33813 [logdet 1.49560, mahal 1.00465], L1 1.86287, Spectral 0.26330, Gradient 0.43549, Quantile 0.83804) | LR 1.00e-03
2023-08-22 00:32:29,435 INFO Epoch 48 | Batch 900/1186 | Loss 4.28197 (NLL 4.34534 [logdet 1.47234, mahal 1.03513], L1 1.83962, Spectral 0.26601, Gradient 0.43516, Quantile 0.82882) | LR 1.00e-03
2023-08-22 00:33:05,420 INFO Epoch 48 | Batch 950/1186 | Loss 4.26677 (NLL 4.33712 [logdet 1.46456, mahal 1.03469], L1 1.83294, Spectral 0.26014, Gradient 0.42842, Quantile 0.81688) | LR 1.00e-03
2023-08-22 00:33:41,398 INFO Epoch 48 | Batch 1000/1186 | Loss 4.32558 (NLL 4.36413 [logdet 1.53966, mahal 0.98659], L1 1.87141, Spectral 0.27166, Gradient 0.44291, Quantile 0.83275) | LR 1.00e-03
2023-08-22 00:34:17,406 INFO Epoch 48 | Batch 1050/1186 | Loss 4.32230 (NLL 4.38080 [logdet 1.51163, mahal 1.03129], L1 1.86376, Spectral 0.26596, Gradient 0.43905, Quantile 0.82243) | LR 1.00e-03
2023-08-22 00:34:53,397 INFO Epoch 48 | Batch 1100/1186 | Loss 4.38152 (NLL 4.41132 [logdet 1.50251, mahal 1.07093], L1 1.90075, Spectral 0.26809, Gradient 0.44505, Quantile 0.84898) | LR 1.00e-03
2023-08-22 00:35:29,410 INFO Epoch 48 | Batch 1150/1186 | Loss 4.45392 (NLL 4.46190 [logdet 1.56907, mahal 1.05495], L1 1.94815, Spectral 0.26299, Gradient 0.44040, Quantile 0.85332) | LR 1.00e-03
2023-08-22 00:36:56,296 INFO Epoch 48 | Val Loss 4.26406 (NLL 4.33803 [logdet 1.44899, mahal 1.05116], L1 1.80429, Spectral 0.26381, Gradient 0.44057, Quantile 0.91856)
2023-08-22 00:37:32,542 INFO Epoch 49 | Batch 50/1186 | Loss 4.33315 (NLL 4.36839 [logdet 1.50052, mahal 1.02999], L1 1.87610, Spectral 0.26622, Gradient 0.44170, Quantile 0.84167) | LR 1.00e-03
2023-08-22 00:38:08,554 INFO Epoch 49 | Batch 100/1186 | Loss 4.32664 (NLL 4.35498 [logdet 1.46558, mahal 1.05152], L1 1.87984, Spectral 0.26531, Gradient 0.44489, Quantile 0.82790) | LR 1.00e-03
2023-08-22 00:38:44,577 INFO Epoch 49 | Batch 150/1186 | Loss 4.31988 (NLL 4.38058 [logdet 1.50446, mahal 1.03824], L1 1.86226, Spectral 0.25597, Gradient 0.43635, Quantile 0.82980) | LR 1.00e-03
2023-08-22 00:39:20,596 INFO Epoch 49 | Batch 200/1186 | Loss 4.38023 (NLL 4.40065 [logdet 1.53567, mahal 1.02710], L1 1.90403, Spectral 0.26682, Gradient 0.44138, Quantile 0.85355) | LR 1.00e-03
2023-08-22 00:39:56,611 INFO Epoch 49 | Batch 250/1186 | Loss 4.37933 (NLL 4.40083 [logdet 1.52627, mahal 1.03668], L1 1.90373, Spectral 0.26712, Gradient 0.44272, Quantile 0.85036) | LR 1.00e-03
2023-08-22 00:40:32,603 INFO Epoch 49 | Batch 300/1186 | Loss 4.36973 (NLL 4.39662 [logdet 1.52492, mahal 1.03382], L1 1.89688, Spectral 0.27764, Gradient 0.45739, Quantile 0.83628) | LR 1.00e-03
2023-08-22 00:41:08,616 INFO Epoch 49 | Batch 350/1186 | Loss 4.42261 (NLL 4.43501 [logdet 1.53965, mahal 1.05748], L1 1.92626, Spectral 0.26669, Gradient 0.44299, Quantile 0.86601) | LR 1.00e-03
2023-08-22 00:41:44,648 INFO Epoch 49 | Batch 400/1186 | Loss 4.27077 (NLL 4.34457 [logdet 1.48519, mahal 1.02150], L1 1.83551, Spectral 0.25736, Gradient 0.43044, Quantile 0.81033) | LR 1.00e-03
2023-08-22 00:42:20,647 INFO Epoch 49 | Batch 450/1186 | Loss 4.30026 (NLL 4.35822 [logdet 1.47417, mahal 1.04618], L1 1.85346, Spectral 0.25959, Gradient 0.43148, Quantile 0.82751) | LR 1.00e-03
2023-08-22 00:42:56,657 INFO Epoch 49 | Batch 500/1186 | Loss 4.33738 (NLL 4.38016 [logdet 1.50351, mahal 1.03877], L1 1.87550, Spectral 0.26089, Gradient 0.43745, Quantile 0.84310) | LR 1.00e-03
2023-08-22 00:43:32,670 INFO Epoch 49 | Batch 550/1186 | Loss 4.38549 (NLL 4.39522 [logdet 1.56615, mahal 0.99119], L1 1.90941, Spectral 0.27469, Gradient 0.45777, Quantile 0.85576) | LR 1.00e-03
2023-08-22 00:44:08,682 INFO Epoch 49 | Batch 600/1186 | Loss 4.22147 (NLL 4.34019 [logdet 1.44167, mahal 1.06064], L1 1.79343, Spectral 0.26045, Gradient 0.43168, Quantile 0.78611) | LR 1.00e-03
2023-08-22 00:44:44,702 INFO Epoch 49 | Batch 650/1186 | Loss 4.50475 (NLL 4.46726 [logdet 1.60513, mahal 1.02425], L1 1.98373, Spectral 0.26740, Gradient 0.44404, Quantile 0.90070) | LR 1.00e-03
2023-08-22 00:45:20,731 INFO Epoch 49 | Batch 700/1186 | Loss 4.44212 (NLL 4.44702 [logdet 1.53894, mahal 1.07020], L1 1.94632, Spectral 0.26732, Gradient 0.43691, Quantile 0.83822) | LR 1.00e-03
2023-08-22 00:45:56,762 INFO Epoch 49 | Batch 750/1186 | Loss 4.24863 (NLL 4.32508 [logdet 1.48492, mahal 1.00228], L1 1.82192, Spectral 0.26695, Gradient 0.43864, Quantile 0.80491) | LR 1.00e-03
2023-08-22 00:46:32,761 INFO Epoch 49 | Batch 800/1186 | Loss 4.26195 (NLL 4.34599 [logdet 1.49599, mahal 1.01212], L1 1.82808, Spectral 0.25520, Gradient 0.42836, Quantile 0.80392) | LR 1.00e-03
2023-08-22 00:47:08,774 INFO Epoch 49 | Batch 850/1186 | Loss 4.32511 (NLL 4.37491 [logdet 1.51744, mahal 1.01959], L1 1.86749, Spectral 0.26007, Gradient 0.43232, Quantile 0.83722) | LR 1.00e-03
2023-08-22 00:47:44,790 INFO Epoch 49 | Batch 900/1186 | Loss 4.22815 (NLL 4.28544 [logdet 1.41456, mahal 1.03300], L1 1.81599, Spectral 0.26011, Gradient 0.43020, Quantile 0.83421) | LR 1.00e-03
2023-08-22 00:48:20,807 INFO Epoch 49 | Batch 950/1186 | Loss 4.38784 (NLL 4.42226 [logdet 1.55396, mahal 1.03042], L1 1.90377, Spectral 0.26049, Gradient 0.42765, Quantile 0.84837) | LR 1.00e-03
2023-08-22 00:48:56,844 INFO Epoch 49 | Batch 1000/1186 | Loss 4.39469 (NLL 4.40118 [logdet 1.53329, mahal 1.03001], L1 1.91837, Spectral 0.26636, Gradient 0.43888, Quantile 0.85349) | LR 1.00e-03
2023-08-22 00:49:32,829 INFO Epoch 49 | Batch 1050/1186 | Loss 4.33408 (NLL 4.37409 [logdet 1.53881, mahal 0.99740], L1 1.87823, Spectral 0.25958, Gradient 0.43027, Quantile 0.83213) | LR 1.00e-03
2023-08-22 00:50:08,840 INFO Epoch 49 | Batch 1100/1186 | Loss 4.34089 (NLL 4.37926 [logdet 1.48962, mahal 1.05176], L1 1.88120, Spectral 0.26089, Gradient 0.43515, Quantile 0.83586) | LR 1.00e-03
2023-08-22 00:50:44,858 INFO Epoch 49 | Batch 1150/1186 | Loss 4.32635 (NLL 4.38514 [logdet 1.53688, mahal 1.01038], L1 1.86959, Spectral 0.25906, Gradient 0.43165, Quantile 0.81351) | LR 1.00e-03
2023-08-22 00:52:12,786 INFO Epoch 49 | Val Loss 4.24189 (NLL 4.32450 [logdet 1.44316, mahal 1.04346], L1 1.80495, Spectral 0.26228, Gradient 0.43519, Quantile 0.85359)
2023-08-22 00:52:49,011 INFO Epoch 50 | Batch 50/1186 | Loss 4.31417 (NLL 4.37234 [logdet 1.48251, mahal 1.05195], L1 1.86175, Spectral 0.26235, Gradient 0.43610, Quantile 0.81849) | LR 5.00e-04
2023-08-22 00:53:25,031 INFO Epoch 50 | Batch 100/1186 | Loss 4.32623 (NLL 4.37372 [logdet 1.51343, mahal 1.02242], L1 1.87170, Spectral 0.25993, Gradient 0.42871, Quantile 0.82708) | LR 5.00e-04
2023-08-22 00:54:01,022 INFO Epoch 50 | Batch 150/1186 | Loss 4.39632 (NLL 4.40412 [logdet 1.51740, mahal 1.04885], L1 1.91920, Spectral 0.26798, Gradient 0.44051, Quantile 0.84896) | LR 5.00e-04
2023-08-22 00:54:37,017 INFO Epoch 50 | Batch 200/1186 | Loss 4.33411 (NLL 4.36995 [logdet 1.54563, mahal 0.98645], L1 1.87906, Spectral 0.25907, Gradient 0.43519, Quantile 0.83790) | LR 5.00e-04
2023-08-22 00:55:13,042 INFO Epoch 50 | Batch 250/1186 | Loss 4.38310 (NLL 4.38995 [logdet 1.50497, mahal 1.04711], L1 1.91408, Spectral 0.26570, Gradient 0.44108, Quantile 0.84721) | LR 5.00e-04
2023-08-22 00:55:49,049 INFO Epoch 50 | Batch 300/1186 | Loss 4.23664 (NLL 4.31461 [logdet 1.46276, mahal 1.01397], L1 1.81894, Spectral 0.26095, Gradient 0.43666, Quantile 0.79570) | LR 5.00e-04
2023-08-22 00:56:25,051 INFO Epoch 50 | Batch 350/1186 | Loss 4.26893 (NLL 4.31044 [logdet 1.44975, mahal 1.02281], L1 1.84573, Spectral 0.26125, Gradient 0.43376, Quantile 0.82686) | LR 5.00e-04
2023-08-22 00:57:01,080 INFO Epoch 50 | Batch 400/1186 | Loss 4.27473 (NLL 4.31835 [logdet 1.47813, mahal 1.00235], L1 1.85490, Spectral 0.26143, Gradient 0.43505, Quantile 0.79629) | LR 5.00e-04
2023-08-22 00:57:37,073 INFO Epoch 50 | Batch 450/1186 | Loss 4.33343 (NLL 4.36175 [logdet 1.49032, mahal 1.03355], L1 1.87333, Spectral 0.26809, Gradient 0.43926, Quantile 0.86614) | LR 5.00e-04
2023-08-22 00:58:13,093 INFO Epoch 50 | Batch 500/1186 | Loss 4.24094 (NLL 4.30209 [logdet 1.41883, mahal 1.04538], L1 1.82260, Spectral 0.26371, Gradient 0.42888, Quantile 0.82147) | LR 5.00e-04
2023-08-22 00:58:49,084 INFO Epoch 50 | Batch 550/1186 | Loss 4.31503 (NLL 4.37643 [logdet 1.48223, mahal 1.05633], L1 1.85838, Spectral 0.26513, Gradient 0.43928, Quantile 0.82450) | LR 5.00e-04
2023-08-22 00:59:25,112 INFO Epoch 50 | Batch 600/1186 | Loss 4.27635 (NLL 4.32143 [logdet 1.45351, mahal 1.03004], L1 1.85355, Spectral 0.26098, Gradient 0.43681, Quantile 0.80266) | LR 5.00e-04
2023-08-22 01:00:01,107 INFO Epoch 50 | Batch 650/1186 | Loss 4.24189 (NLL 4.32971 [logdet 1.43076, mahal 1.06107], L1 1.81328, Spectral 0.26327, Gradient 0.43519, Quantile 0.80716) | LR 5.00e-04
2023-08-22 01:00:37,112 INFO Epoch 50 | Batch 700/1186 | Loss 4.34612 (NLL 4.38488 [logdet 1.53539, mahal 1.01161], L1 1.88432, Spectral 0.25873, Gradient 0.43319, Quantile 0.83531) | LR 5.00e-04
2023-08-22 01:01:13,130 INFO Epoch 50 | Batch 750/1186 | Loss 4.34043 (NLL 4.37050 [logdet 1.50018, mahal 1.03244], L1 1.88023, Spectral 0.26404, Gradient 0.43958, Quantile 0.85275) | LR 5.00e-04
2023-08-22 01:01:49,121 INFO Epoch 50 | Batch 800/1186 | Loss 4.38000 (NLL 4.38802 [logdet 1.53018, mahal 1.01997], L1 1.91110, Spectral 0.26210, Gradient 0.43930, Quantile 0.85454) | LR 5.00e-04
2023-08-22 01:02:25,129 INFO Epoch 50 | Batch 850/1186 | Loss 4.38249 (NLL 4.40519 [logdet 1.54448, mahal 1.02283], L1 1.90853, Spectral 0.25518, Gradient 0.43385, Quantile 0.84740) | LR 5.00e-04
2023-08-22 01:03:01,129 INFO Epoch 50 | Batch 900/1186 | Loss 4.31225 (NLL 4.35138 [logdet 1.47011, mahal 1.04339], L1 1.87020, Spectral 0.25639, Gradient 0.43163, Quantile 0.82538) | LR 5.00e-04
2023-08-22 01:03:37,123 INFO Epoch 50 | Batch 950/1186 | Loss 4.29391 (NLL 4.34714 [logdet 1.48561, mahal 1.02365], L1 1.85417, Spectral 0.25763, Gradient 0.42638, Quantile 0.82331) | LR 5.00e-04
2023-08-22 01:04:13,155 INFO Epoch 50 | Batch 1000/1186 | Loss 4.28095 (NLL 4.33464 [logdet 1.47056, mahal 1.02621], L1 1.85168, Spectral 0.25682, Gradient 0.43437, Quantile 0.80658) | LR 5.00e-04
2023-08-22 01:04:49,154 INFO Epoch 50 | Batch 1050/1186 | Loss 4.37414 (NLL 4.40528 [logdet 1.50815, mahal 1.05925], L1 1.89452, Spectral 0.26011, Gradient 0.43306, Quantile 0.86543) | LR 5.00e-04
2023-08-22 01:05:25,183 INFO Epoch 50 | Batch 1100/1186 | Loss 4.26449 (NLL 4.31182 [logdet 1.47148, mahal 1.00247], L1 1.84258, Spectral 0.26646, Gradient 0.43633, Quantile 0.81303) | LR 5.00e-04
2023-08-22 01:06:01,202 INFO Epoch 50 | Batch 1150/1186 | Loss 4.27966 (NLL 4.32051 [logdet 1.47703, mahal 1.00560], L1 1.85076, Spectral 0.26399, Gradient 0.43325, Quantile 0.82674) | LR 5.00e-04
2023-08-22 01:07:28,068 INFO Epoch 50 | Val Loss 4.24503 (NLL 4.32963 [logdet 1.60928, mahal 0.88248], L1 1.79409, Spectral 0.26137, Gradient 0.43433, Quantile 0.90200)
2023-08-22 01:08:04,240 INFO Epoch 51 | Batch 50/1186 | Loss 4.30190 (NLL 4.34108 [logdet 1.50596, mahal 0.99724], L1 1.86159, Spectral 0.25768, Gradient 0.43405, Quantile 0.83812) | LR 5.00e-04
2023-08-22 01:08:40,202 INFO Epoch 51 | Batch 100/1186 | Loss 4.34831 (NLL 4.36143 [logdet 1.50514, mahal 1.01841], L1 1.89403, Spectral 0.26830, Gradient 0.43954, Quantile 0.84244) | LR 5.00e-04
2023-08-22 01:09:16,154 INFO Epoch 51 | Batch 150/1186 | Loss 4.34475 (NLL 4.38041 [logdet 1.49917, mahal 1.04336], L1 1.88828, Spectral 0.25928, Gradient 0.43481, Quantile 0.82185) | LR 5.00e-04
2023-08-22 01:09:52,100 INFO Epoch 51 | Batch 200/1186 | Loss 4.22565 (NLL 4.31258 [logdet 1.46171, mahal 1.01300], L1 1.80824, Spectral 0.26284, Gradient 0.43227, Quantile 0.79671) | LR 5.00e-04
2023-08-22 01:10:28,089 INFO Epoch 51 | Batch 250/1186 | Loss 4.29825 (NLL 4.34335 [logdet 1.49635, mahal 1.00913], L1 1.85884, Spectral 0.26595, Gradient 0.43971, Quantile 0.82075) | LR 5.00e-04
2023-08-22 01:11:04,046 INFO Epoch 51 | Batch 300/1186 | Loss 4.25168 (NLL 4.32653 [logdet 1.44679, mahal 1.04186], L1 1.82438, Spectral 0.25806, Gradient 0.42503, Quantile 0.81399) | LR 5.00e-04
2023-08-22 01:11:39,986 INFO Epoch 51 | Batch 350/1186 | Loss 4.33926 (NLL 4.37552 [logdet 1.50943, mahal 1.02820], L1 1.87989, Spectral 0.26148, Gradient 0.43354, Quantile 0.84168) | LR 5.00e-04
2023-08-22 01:12:15,945 INFO Epoch 51 | Batch 400/1186 | Loss 4.38181 (NLL 4.38368 [logdet 1.49705, mahal 1.04875], L1 1.91366, Spectral 0.26092, Gradient 0.44412, Quantile 0.86164) | LR 5.00e-04
2023-08-22 01:12:51,883 INFO Epoch 51 | Batch 450/1186 | Loss 4.33669 (NLL 4.35922 [logdet 1.48636, mahal 1.03498], L1 1.88819, Spectral 0.26833, Gradient 0.44522, Quantile 0.82291) | LR 5.00e-04
2023-08-22 01:13:27,855 INFO Epoch 51 | Batch 500/1186 | Loss 4.31643 (NLL 4.36113 [logdet 1.50097, mahal 1.02229], L1 1.86790, Spectral 0.25889, Gradient 0.43545, Quantile 0.82929) | LR 5.00e-04
2023-08-22 01:14:03,812 INFO Epoch 51 | Batch 550/1186 | Loss 4.27830 (NLL 4.32656 [logdet 1.46265, mahal 1.02604], L1 1.84411, Spectral 0.26204, Gradient 0.43183, Quantile 0.83820) | LR 5.00e-04
2023-08-22 01:14:39,798 INFO Epoch 51 | Batch 600/1186 | Loss 4.36820 (NLL 4.39095 [logdet 1.48124, mahal 1.07183], L1 1.90433, Spectral 0.26241, Gradient 0.43965, Quantile 0.82727) | LR 5.00e-04
2023-08-22 01:15:15,823 INFO Epoch 51 | Batch 650/1186 | Loss 4.29252 (NLL 4.32906 [logdet 1.46967, mahal 1.02151], L1 1.85732, Spectral 0.26913, Gradient 0.44065, Quantile 0.82949) | LR 5.00e-04
2023-08-22 01:15:51,826 INFO Epoch 51 | Batch 700/1186 | Loss 4.29083 (NLL 4.34973 [logdet 1.49102, mahal 1.02083], L1 1.85115, Spectral 0.25938, Gradient 0.43462, Quantile 0.81571) | LR 5.00e-04
2023-08-22 01:16:27,827 INFO Epoch 51 | Batch 750/1186 | Loss 4.31886 (NLL 4.34616 [logdet 1.47863, mahal 1.02965], L1 1.87668, Spectral 0.25923, Gradient 0.42721, Quantile 0.83379) | LR 5.00e-04
2023-08-22 01:17:03,831 INFO Epoch 51 | Batch 800/1186 | Loss 4.32484 (NLL 4.37142 [logdet 1.49411, mahal 1.03943], L1 1.87030, Spectral 0.26282, Gradient 0.43640, Quantile 0.82867) | LR 5.00e-04
2023-08-22 01:17:39,834 INFO Epoch 51 | Batch 850/1186 | Loss 4.35616 (NLL 4.38205 [logdet 1.52045, mahal 1.02373], L1 1.89509, Spectral 0.26353, Gradient 0.43322, Quantile 0.83298) | LR 5.00e-04
2023-08-22 01:18:15,816 INFO Epoch 51 | Batch 900/1186 | Loss 4.30894 (NLL 4.34799 [logdet 1.46984, mahal 1.04027], L1 1.86414, Spectral 0.26140, Gradient 0.44018, Quantile 0.83835) | LR 5.00e-04
2023-08-22 01:18:51,838 INFO Epoch 51 | Batch 950/1186 | Loss 4.26112 (NLL 4.31080 [logdet 1.46506, mahal 1.00787], L1 1.84255, Spectral 0.25749, Gradient 0.42346, Quantile 0.81105) | LR 5.00e-04
2023-08-22 01:19:27,820 INFO Epoch 51 | Batch 1000/1186 | Loss 4.34506 (NLL 4.37576 [logdet 1.48509, mahal 1.05280], L1 1.87934, Spectral 0.26667, Gradient 0.43794, Quantile 0.86192) | LR 5.00e-04
2023-08-22 01:20:03,826 INFO Epoch 51 | Batch 1050/1186 | Loss 4.32724 (NLL 4.35815 [logdet 1.49498, mahal 1.02529], L1 1.88122, Spectral 0.26606, Gradient 0.44114, Quantile 0.81737) | LR 5.00e-04
2023-08-22 01:20:39,812 INFO Epoch 51 | Batch 1100/1186 | Loss 4.29515 (NLL 4.36384 [logdet 1.45680, mahal 1.06917], L1 1.84418, Spectral 0.26224, Gradient 0.43756, Quantile 0.83019) | LR 5.00e-04
2023-08-22 01:21:15,822 INFO Epoch 51 | Batch 1150/1186 | Loss 4.34221 (NLL 4.37165 [logdet 1.50322, mahal 1.03055], L1 1.88758, Spectral 0.25662, Gradient 0.43469, Quantile 0.83524) | LR 5.00e-04
2023-08-22 01:22:43,247 INFO Epoch 51 | Val Loss 4.23805 (NLL 4.33729 [logdet 1.60227, mahal 0.89714], L1 1.80412, Spectral 0.26145, Gradient 0.43596, Quantile 0.81544)
2023-08-22 01:22:43,616 INFO New best val loss: 4.23805 (saved checkpoints/best.pth)
2023-08-22 01:23:19,547 INFO Epoch 52 | Batch 50/1186 | Loss 4.33104 (NLL 4.35838 [logdet 1.48968, mahal 1.03082], L1 1.88653, Spectral 0.26495, Gradient 0.43630, Quantile 0.81183) | LR 5.00e-04
2023-08-22 01:23:55,427 INFO Epoch 52 | Batch 100/1186 | Loss 4.36309 (NLL 4.36515 [logdet 1.50432, mahal 1.02295], L1 1.90633, Spectral 0.26186, Gradient 0.44005, Quantile 0.85186) | LR 5.00e-04
2023-08-22 01:24:31,319 INFO Epoch 52 | Batch 150/1186 | Loss 4.24374 (NLL 4.30659 [logdet 1.39889, mahal 1.06982], L1 1.82449, Spectral 0.26134, Gradient 0.43081, Quantile 0.81845) | LR 5.00e-04
2023-08-22 01:25:07,181 INFO Epoch 52 | Batch 200/1186 | Loss 4.37781 (NLL 4.38745 [logdet 1.51967, mahal 1.02990], L1 1.91311, Spectral 0.26335, Gradient 0.43799, Quantile 0.83700) | LR 5.00e-04
2023-08-22 01:25:43,083 INFO Epoch 52 | Batch 250/1186 | Loss 4.33679 (NLL 4.36538 [logdet 1.47231, mahal 1.05520], L1 1.88106, Spectral 0.26489, Gradient 0.44042, Quantile 0.84388) | LR 5.00e-04
2023-08-22 01:26:18,995 INFO Epoch 52 | Batch 300/1186 | Loss 4.30514 (NLL 4.34255 [logdet 1.49734, mahal 1.00733], L1 1.86722, Spectral 0.25886, Gradient 0.43659, Quantile 0.82385) | LR 5.00e-04
2023-08-22 01:26:54,867 INFO Epoch 52 | Batch 350/1186 | Loss 4.34857 (NLL 4.36131 [logdet 1.45776, mahal 1.06568], L1 1.89582, Spectral 0.27207, Gradient 0.44566, Quantile 0.83223) | LR 5.00e-04
2023-08-22 01:27:30,750 INFO Epoch 52 | Batch 400/1186 | Loss 4.23042 (NLL 4.29065 [logdet 1.43974, mahal 1.01303], L1 1.81932, Spectral 0.26482, Gradient 0.43848, Quantile 0.81383) | LR 5.00e-04
2023-08-22 01:28:06,632 INFO Epoch 52 | Batch 450/1186 | Loss 4.23179 (NLL 4.30809 [logdet 1.41073, mahal 1.05948], L1 1.81608, Spectral 0.25883, Gradient 0.42325, Quantile 0.80338) | LR 5.00e-04
2023-08-22 01:28:42,513 INFO Epoch 52 | Batch 500/1186 | Loss 4.30585 (NLL 4.33770 [logdet 1.47288, mahal 1.02695], L1 1.86410, Spectral 0.26408, Gradient 0.43845, Quantile 0.84417) | LR 5.00e-04
2023-08-22 01:29:18,376 INFO Epoch 52 | Batch 550/1186 | Loss 4.29022 (NLL 4.34107 [logdet 1.45463, mahal 1.04856], L1 1.85609, Spectral 0.25542, Gradient 0.43106, Quantile 0.81493) | LR 5.00e-04
2023-08-22 01:29:54,265 INFO Epoch 52 | Batch 600/1186 | Loss 4.32448 (NLL 4.36340 [logdet 1.50903, mahal 1.01649], L1 1.86776, Spectral 0.26517, Gradient 0.43695, Quantile 0.85188) | LR 5.00e-04
2023-08-22 01:30:30,150 INFO Epoch 52 | Batch 650/1186 | Loss 4.35311 (NLL 4.37265 [logdet 1.47377, mahal 1.06100], L1 1.89598, Spectral 0.26183, Gradient 0.42922, Quantile 0.83804) | LR 5.00e-04
2023-08-22 01:31:06,026 INFO Epoch 52 | Batch 700/1186 | Loss 4.37044 (NLL 4.41873 [logdet 1.52647, mahal 1.05438], L1 1.88557, Spectral 0.26005, Gradient 0.43704, Quantile 0.85933) | LR 5.00e-04
2023-08-22 01:31:41,918 INFO Epoch 52 | Batch 750/1186 | Loss 4.27921 (NLL 4.35729 [logdet 1.47494, mahal 1.04447], L1 1.83724, Spectral 0.25978, Gradient 0.43002, Quantile 0.80919) | LR 5.00e-04
2023-08-22 01:32:17,790 INFO Epoch 52 | Batch 800/1186 | Loss 4.34505 (NLL 4.36874 [logdet 1.51943, mahal 1.01144], L1 1.89010, Spectral 0.25921, Gradient 0.43846, Quantile 0.83977) | LR 5.00e-04
2023-08-22 01:32:53,666 INFO Epoch 52 | Batch 850/1186 | Loss 4.33098 (NLL 4.35876 [logdet 1.51612, mahal 1.00476], L1 1.88249, Spectral 0.26014, Gradient 0.43429, Quantile 0.83275) | LR 5.00e-04
2023-08-22 01:33:29,576 INFO Epoch 52 | Batch 900/1186 | Loss 4.34070 (NLL 4.37751 [logdet 1.47536, mahal 1.06428], L1 1.88019, Spectral 0.25639, Gradient 0.43149, Quantile 0.84778) | LR 5.00e-04
2023-08-22 01:34:05,507 INFO Epoch 52 | Batch 950/1186 | Loss 4.40145 (NLL 4.42140 [logdet 1.54515, mahal 1.03837], L1 1.91444, Spectral 0.26491, Gradient 0.44649, Quantile 0.85735) | LR 5.00e-04
2023-08-22 01:34:41,413 INFO Epoch 52 | Batch 1000/1186 | Loss 4.36053 (NLL 4.39361 [logdet 1.53420, mahal 1.02153], L1 1.89798, Spectral 0.26172, Gradient 0.43446, Quantile 0.81707) | LR 5.00e-04
2023-08-22 01:35:17,351 INFO Epoch 52 | Batch 1050/1186 | Loss 4.28120 (NLL 4.32837 [logdet 1.47388, mahal 1.01661], L1 1.84912, Spectral 0.26731, Gradient 0.44126, Quantile 0.81995) | LR 5.00e-04
2023-08-22 01:35:53,291 INFO Epoch 52 | Batch 1100/1186 | Loss 4.28082 (NLL 4.33510 [logdet 1.43010, mahal 1.06712], L1 1.84675, Spectral 0.26314, Gradient 0.43207, Quantile 0.81880) | LR 5.00e-04
2023-08-22 01:36:29,226 INFO Epoch 52 | Batch 1150/1186 | Loss 4.30936 (NLL 4.37696 [logdet 1.48992, mahal 1.04917], L1 1.85887, Spectral 0.25997, Gradient 0.43154, Quantile 0.80350) | LR 5.00e-04
2023-08-22 01:37:55,776 INFO Epoch 52 | Val Loss 4.23474 (NLL 4.32053 [logdet 1.52565, mahal 0.95699], L1 1.79499, Spectral 0.26259, Gradient 0.43540, Quantile 0.87316)
2023-08-22 01:37:56,187 INFO New best val loss: 4.23474 (saved checkpoints/best.pth)
2023-08-22 01:38:32,123 INFO Epoch 53 | Batch 50/1186 | Loss 4.22828 (NLL 4.29762 [logdet 1.45717, mahal 1.00258], L1 1.81771, Spectral 0.25860, Gradient 0.43373, Quantile 0.80393) | LR 5.00e-04
2023-08-22 01:39:08,019 INFO Epoch 53 | Batch 100/1186 | Loss 4.35609 (NLL 4.39212 [logdet 1.50919, mahal 1.04505], L1 1.88679, Spectral 0.26063, Gradient 0.43496, Quantile 0.84936) | LR 5.00e-04
2023-08-22 01:39:43,920 INFO Epoch 53 | Batch 150/1186 | Loss 4.29132 (NLL 4.33531 [logdet 1.45800, mahal 1.03943], L1 1.85712, Spectral 0.25977, Gradient 0.43354, Quantile 0.82250) | LR 5.00e-04
2023-08-22 01:40:19,833 INFO Epoch 53 | Batch 200/1186 | Loss 4.34826 (NLL 4.38317 [logdet 1.48794, mahal 1.05735], L1 1.88585, Spectral 0.25374, Gradient 0.42588, Quantile 0.84679) | LR 5.00e-04
2023-08-22 01:40:55,760 INFO Epoch 53 | Batch 250/1186 | Loss 4.33674 (NLL 4.38081 [logdet 1.47782, mahal 1.06511], L1 1.87644, Spectral 0.25933, Gradient 0.43218, Quantile 0.83693) | LR 5.00e-04
2023-08-22 01:41:31,676 INFO Epoch 53 | Batch 300/1186 | Loss 4.31618 (NLL 4.34829 [logdet 1.48843, mahal 1.02198], L1 1.87126, Spectral 0.26997, Gradient 0.44727, Quantile 0.82899) | LR 5.00e-04
2023-08-22 01:42:07,562 INFO Epoch 53 | Batch 350/1186 | Loss 4.30900 (NLL 4.34832 [logdet 1.50682, mahal 1.00362], L1 1.86980, Spectral 0.26239, Gradient 0.44189, Quantile 0.81334) | LR 5.00e-04
2023-08-22 01:42:43,485 INFO Epoch 53 | Batch 400/1186 | Loss 4.29213 (NLL 4.34086 [logdet 1.45590, mahal 1.04708], L1 1.85483, Spectral 0.26268, Gradient 0.42979, Quantile 0.82081) | LR 5.00e-04
2023-08-22 01:43:19,411 INFO Epoch 53 | Batch 450/1186 | Loss 4.28904 (NLL 4.34750 [logdet 1.47822, mahal 1.03140], L1 1.85162, Spectral 0.26871, Gradient 0.43694, Quantile 0.80097) | LR 5.00e-04
2023-08-22 01:43:55,356 INFO Epoch 53 | Batch 500/1186 | Loss 4.30256 (NLL 4.34655 [logdet 1.48966, mahal 1.01901], L1 1.85994, Spectral 0.26036, Gradient 0.43490, Quantile 0.83347) | LR 5.00e-04
2023-08-22 01:44:31,266 INFO Epoch 53 | Batch 550/1186 | Loss 4.33036 (NLL 4.34266 [logdet 1.48133, mahal 1.02346], L1 1.89254, Spectral 0.26231, Gradient 0.43568, Quantile 0.81954) | LR 5.00e-04
2023-08-22 01:45:07,168 INFO Epoch 53 | Batch 600/1186 | Loss 4.41328 (NLL 4.41235 [logdet 1.54781, mahal 1.02667], L1 1.92950, Spectral 0.26570, Gradient 0.43973, Quantile 0.86196) | LR 5.00e-04
2023-08-22 01:45:43,071 INFO Epoch 53 | Batch 650/1186 | Loss 4.30109 (NLL 4.33153 [logdet 1.48840, mahal 1.00526], L1 1.86145, Spectral 0.26534, Gradient 0.44491, Quantile 0.84683) | LR 5.00e-04
2023-08-22 01:46:18,974 INFO Epoch 53 | Batch 700/1186 | Loss 4.34390 (NLL 4.36397 [logdet 1.49396, mahal 1.03214], L1 1.89233, Spectral 0.26574, Gradient 0.43749, Quantile 0.82868) | LR 5.00e-04
2023-08-22 01:46:54,865 INFO Epoch 53 | Batch 750/1186 | Loss 4.26475 (NLL 4.33645 [logdet 1.45199, mahal 1.04658], L1 1.83026, Spectral 0.25850, Gradient 0.43057, Quantile 0.82273) | LR 5.00e-04
2023-08-22 01:47:30,766 INFO Epoch 53 | Batch 800/1186 | Loss 4.34075 (NLL 4.36884 [logdet 1.51873, mahal 1.01224], L1 1.88286, Spectral 0.26706, Gradient 0.43886, Quantile 0.84336) | LR 5.00e-04
2023-08-22 01:48:06,673 INFO Epoch 53 | Batch 850/1186 | Loss 4.24999 (NLL 4.32306 [logdet 1.44132, mahal 1.04386], L1 1.82511, Spectral 0.26630, Gradient 0.43855, Quantile 0.80217) | LR 5.00e-04
2023-08-22 01:48:42,540 INFO Epoch 53 | Batch 900/1186 | Loss 4.33677 (NLL 4.36655 [logdet 1.49244, mahal 1.03623], L1 1.88510, Spectral 0.26475, Gradient 0.44241, Quantile 0.82473) | LR 5.00e-04
2023-08-22 01:49:18,391 INFO Epoch 53 | Batch 950/1186 | Loss 4.38243 (NLL 4.37979 [logdet 1.50445, mahal 1.03747], L1 1.91670, Spectral 0.25458, Gradient 0.42693, Quantile 0.86668) | LR 5.00e-04
2023-08-22 01:49:54,265 INFO Epoch 53 | Batch 1000/1186 | Loss 4.43571 (NLL 4.42914 [logdet 1.57195, mahal 1.01931], L1 1.93837, Spectral 0.27140, Gradient 0.45467, Quantile 0.87712) | LR 5.00e-04
2023-08-22 01:50:30,155 INFO Epoch 53 | Batch 1050/1186 | Loss 4.26757 (NLL 4.33673 [logdet 1.48268, mahal 1.01617], L1 1.83638, Spectral 0.25771, Gradient 0.42468, Quantile 0.80939) | LR 5.00e-04
2023-08-22 01:51:06,045 INFO Epoch 53 | Batch 1100/1186 | Loss 4.29511 (NLL 4.35617 [logdet 1.47464, mahal 1.04365], L1 1.85082, Spectral 0.25825, Gradient 0.42767, Quantile 0.82278) | LR 5.00e-04
2023-08-22 01:51:41,923 INFO Epoch 53 | Batch 1150/1186 | Loss 4.25218 (NLL 4.31228 [logdet 1.44185, mahal 1.03255], L1 1.82986, Spectral 0.26002, Gradient 0.42915, Quantile 0.82077) | LR 5.00e-04
2023-08-22 01:53:08,373 INFO Epoch 53 | Val Loss 4.23690 (NLL 4.32506 [logdet 1.34727, mahal 1.13991], L1 1.79620, Spectral 0.26287, Gradient 0.43636, Quantile 0.86741)
2023-08-22 01:53:44,471 INFO Epoch 54 | Batch 50/1186 | Loss 4.39313 (NLL 4.38985 [logdet 1.50417, mahal 1.04780], L1 1.92391, Spectral 0.27116, Gradient 0.44902, Quantile 0.84232) | LR 5.00e-04
2023-08-22 01:54:20,364 INFO Epoch 54 | Batch 100/1186 | Loss 4.35624 (NLL 4.36509 [logdet 1.50588, mahal 1.02133], L1 1.89895, Spectral 0.26015, Gradient 0.43555, Quantile 0.85612) | LR 5.00e-04
2023-08-22 01:54:56,228 INFO Epoch 54 | Batch 150/1186 | Loss 4.31761 (NLL 4.36838 [logdet 1.51409, mahal 1.01642], L1 1.86971, Spectral 0.25708, Gradient 0.43517, Quantile 0.81359) | LR 5.00e-04
2023-08-22 01:55:32,083 INFO Epoch 54 | Batch 200/1186 | Loss 4.27433 (NLL 4.33636 [logdet 1.46733, mahal 1.03116], L1 1.84399, Spectral 0.26147, Gradient 0.43362, Quantile 0.80245) | LR 5.00e-04
2023-08-22 01:56:07,939 INFO Epoch 54 | Batch 250/1186 | Loss 4.31038 (NLL 4.34130 [logdet 1.47601, mahal 1.02741], L1 1.87029, Spectral 0.26476, Gradient 0.43711, Quantile 0.82917) | LR 5.00e-04
2023-08-22 01:56:43,843 INFO Epoch 54 | Batch 300/1186 | Loss 4.39514 (NLL 4.39742 [logdet 1.51374, mahal 1.04580], L1 1.91976, Spectral 0.26878, Gradient 0.44076, Quantile 0.85478) | LR 5.00e-04
2023-08-22 01:57:19,728 INFO Epoch 54 | Batch 350/1186 | Loss 4.27411 (NLL 4.32999 [logdet 1.46470, mahal 1.02742], L1 1.84475, Spectral 0.26309, Gradient 0.44195, Quantile 0.80979) | LR 5.00e-04
2023-08-22 01:57:55,581 INFO Epoch 54 | Batch 400/1186 | Loss 4.34111 (NLL 4.36723 [logdet 1.49957, mahal 1.02978], L1 1.88745, Spectral 0.26372, Gradient 0.43654, Quantile 0.83277) | LR 5.00e-04
2023-08-22 01:58:31,441 INFO Epoch 54 | Batch 450/1186 | Loss 4.24651 (NLL 4.30820 [logdet 1.44878, mahal 1.02154], L1 1.82258, Spectral 0.26663, Gradient 0.43920, Quantile 0.82875) | LR 5.00e-04
2023-08-22 01:59:06,945 INFO Epoch 54 | Batch 500/1186 | Loss 4.39041 (NLL 4.40730 [logdet 1.48726, mahal 1.08216], L1 1.91400, Spectral 0.26414, Gradient 0.43484, Quantile 0.84358) | LR 5.00e-04
2023-08-22 01:59:42,804 INFO Epoch 54 | Batch 550/1186 | Loss 4.38464 (NLL 4.40456 [logdet 1.54091, mahal 1.02577], L1 1.91037, Spectral 0.26196, Gradient 0.44236, Quantile 0.84264) | LR 5.00e-04
2023-08-22 02:00:18,671 INFO Epoch 54 | Batch 600/1186 | Loss 4.30198 (NLL 4.35940 [logdet 1.49156, mahal 1.02996], L1 1.86025, Spectral 0.25601, Gradient 0.42262, Quantile 0.80793) | LR 5.00e-04
2023-08-22 02:00:54,540 INFO Epoch 54 | Batch 650/1186 | Loss 4.28103 (NLL 4.31646 [logdet 1.46307, mahal 1.01551], L1 1.85492, Spectral 0.26337, Gradient 0.43567, Quantile 0.82417) | LR 5.00e-04
2023-08-22 02:01:30,447 INFO Epoch 54 | Batch 700/1186 | Loss 4.30422 (NLL 4.31008 [logdet 1.45099, mahal 1.02121], L1 1.87972, Spectral 0.26048, Gradient 0.43217, Quantile 0.83386) | LR 5.00e-04
2023-08-22 02:02:06,344 INFO Epoch 54 | Batch 750/1186 | Loss 4.29059 (NLL 4.34898 [logdet 1.50480, mahal 1.00631], L1 1.84925, Spectral 0.25544, Gradient 0.43324, Quantile 0.82842) | LR 5.00e-04
2023-08-22 02:02:42,250 INFO Epoch 54 | Batch 800/1186 | Loss 4.29075 (NLL 4.35870 [logdet 1.46614, mahal 1.05468], L1 1.84178, Spectral 0.26193, Gradient 0.43184, Quantile 0.83298) | LR 5.00e-04
2023-08-22 02:03:18,156 INFO Epoch 54 | Batch 850/1186 | Loss 4.27802 (NLL 4.35249 [logdet 1.49457, mahal 1.02005], L1 1.83963, Spectral 0.25636, Gradient 0.43179, Quantile 0.80789) | LR 5.00e-04
2023-08-22 02:03:54,051 INFO Epoch 54 | Batch 900/1186 | Loss 4.38788 (NLL 4.41305 [logdet 1.53083, mahal 1.04434], L1 1.90766, Spectral 0.26995, Gradient 0.44460, Quantile 0.84114) | LR 5.00e-04
2023-08-22 02:04:29,939 INFO Epoch 54 | Batch 950/1186 | Loss 4.34601 (NLL 4.37124 [logdet 1.52014, mahal 1.01323], L1 1.88701, Spectral 0.26692, Gradient 0.44334, Quantile 0.84308) | LR 5.00e-04
2023-08-22 02:05:05,853 INFO Epoch 54 | Batch 1000/1186 | Loss 4.24542 (NLL 4.32279 [logdet 1.45953, mahal 1.02539], L1 1.82267, Spectral 0.26362, Gradient 0.43185, Quantile 0.79687) | LR 5.00e-04
2023-08-22 02:05:41,763 INFO Epoch 54 | Batch 1050/1186 | Loss 4.25605 (NLL 4.33444 [logdet 1.44075, mahal 1.05581], L1 1.82489, Spectral 0.25865, Gradient 0.42862, Quantile 0.81293) | LR 5.00e-04
2023-08-22 02:06:17,655 INFO Epoch 54 | Batch 1100/1186 | Loss 4.30267 (NLL 4.34217 [logdet 1.46010, mahal 1.04420], L1 1.86292, Spectral 0.26211, Gradient 0.43489, Quantile 0.82878) | LR 5.00e-04
2023-08-22 02:06:53,543 INFO Epoch 54 | Batch 1150/1186 | Loss 4.32130 (NLL 4.35817 [logdet 1.48333, mahal 1.03696], L1 1.87066, Spectral 0.26096, Gradient 0.43027, Quantile 0.84207) | LR 5.00e-04
2026-06-23 18:59:19,141 INFO Epoch 54 | Val Loss 4.22889 (NLL 4.31913 [logdet 1.56086, mahal 0.92039], L1 1.80579, Spectral 0.26222, Gradient 0.43461, Quantile 0.80735)
2026-06-23 18:59:19,512 INFO New best val loss: 4.22889 (saved checkpoints/best.pth)
2026-06-23 18:59:52,645 INFO Epoch 55 | Batch 50/1186 | Loss 4.33412 (NLL 4.35252 [logdet 1.50279, mahal 1.01185], L1 1.88708, Spectral 0.26151, Gradient 0.43992, Quantile 0.83815) | LR 5.00e-04
2026-06-23 19:00:25,730 INFO Epoch 55 | Batch 100/1186 | Loss 4.31161 (NLL 4.33832 [logdet 1.47787, mahal 1.02257], L1 1.87538, Spectral 0.25852, Gradient 0.42994, Quantile 0.82608) | LR 5.00e-04
2026-06-23 19:00:58,805 INFO Epoch 55 | Batch 150/1186 | Loss 4.36242 (NLL 4.37661 [logdet 1.48837, mahal 1.05037], L1 1.89657, Spectral 0.26282, Gradient 0.43351, Quantile 0.86490) | LR 5.00e-04
2026-06-23 19:01:31,912 INFO Epoch 55 | Batch 200/1186 | Loss 4.35130 (NLL 4.38767 [logdet 1.50206, mahal 1.04773], L1 1.88312, Spectral 0.26002, Gradient 0.43256, Quantile 0.85462) | LR 5.00e-04
2026-06-23 19:02:04,997 INFO Epoch 55 | Batch 250/1186 | Loss 4.26161 (NLL 4.31290 [logdet 1.50187, mahal 0.97315], L1 1.83553, Spectral 0.26536, Gradient 0.43581, Quantile 0.82931) | LR 5.00e-04
2026-06-23 19:02:38,092 INFO Epoch 55 | Batch 300/1186 | Loss 4.43618 (NLL 4.42681 [logdet 1.53598, mahal 1.05295], L1 1.94671, Spectral 0.26368, Gradient 0.44108, Quantile 0.85774) | LR 5.00e-04
2026-06-23 19:03:11,176 INFO Epoch 55 | Batch 350/1186 | Loss 4.40956 (NLL 4.41670 [logdet 1.53457, mahal 1.04425], L1 1.92279, Spectral 0.26619, Gradient 0.44672, Quantile 0.86472) | LR 5.00e-04
2026-06-23 19:03:44,251 INFO Epoch 55 | Batch 400/1186 | Loss 4.22484 (NLL 4.29939 [logdet 1.46074, mahal 1.00077], L1 1.81595, Spectral 0.26237, Gradient 0.42972, Quantile 0.78925) | LR 5.00e-04
2026-06-23 19:04:17,324 INFO Epoch 55 | Batch 450/1186 | Loss 4.31976 (NLL 4.36794 [logdet 1.45130, mahal 1.07876], L1 1.86908, Spectral 0.26325, Gradient 0.43525, Quantile 0.81945) | LR 5.00e-04
2026-06-23 19:04:50,440 INFO Epoch 55 | Batch 500/1186 | Loss 4.22405 (NLL 4.30680 [logdet 1.43300, mahal 1.03592], L1 1.80882, Spectral 0.25370, Gradient 0.42869, Quantile 0.80950) | LR 5.00e-04
2026-06-23 19:05:23,553 INFO Epoch 55 | Batch 550/1186 | Loss 4.23024 (NLL 4.28635 [logdet 1.47001, mahal 0.97847], L1 1.82669, Spectral 0.25428, Gradient 0.42402, Quantile 0.80289) | LR 5.00e-04
2026-06-23 19:05:56,680 INFO Epoch 55 | Batch 600/1186 | Loss 4.35661 (NLL 4.38282 [logdet 1.52057, mahal 1.02438], L1 1.89052, Spectral 0.26725, Gradient 0.44496, Quantile 0.84815) | LR 5.00e-04
2026-06-23 19:06:29,825 INFO Epoch 55 | Batch 650/1186 | Loss 4.21720 (NLL 4.30640 [logdet 1.41008, mahal 1.05844], L1 1.80579, Spectral 0.26136, Gradient 0.43129, Quantile 0.78624) | LR 5.00e-04
2026-06-23 19:07:02,939 INFO Epoch 55 | Batch 700/1186 | Loss 4.27381 (NLL 4.31920 [logdet 1.46735, mahal 1.01397], L1 1.85046, Spectral 0.26293, Gradient 0.43299, Quantile 0.80754) | LR 5.00e-04
2026-06-23 19:07:36,070 INFO Epoch 55 | Batch 750/1186 | Loss 4.36640 (NLL 4.38857 [logdet 1.51541, mahal 1.03529], L1 1.90092, Spectral 0.26538, Gradient 0.43992, Quantile 0.83568) | LR 5.00e-04
2026-06-23 19:08:09,186 INFO Epoch 55 | Batch 800/1186 | Loss 4.31128 (NLL 4.36802 [logdet 1.47586, mahal 1.05428], L1 1.85880, Spectral 0.26208, Gradient 0.44209, Quantile 0.82792) | LR 5.00e-04
2026-06-23 19:08:42,326 INFO Epoch 55 | Batch 850/1186 | Loss 4.35222 (NLL 4.37239 [logdet 1.50748, mahal 1.02704], L1 1.89006, Spectral 0.26936, Gradient 0.44150, Quantile 0.85124) | LR 5.00e-04
2026-06-23 19:09:15,427 INFO Epoch 55 | Batch 900/1186 | Loss 4.26663 (NLL 4.33681 [logdet 1.44772, mahal 1.05122], L1 1.83345, Spectral 0.25841, Gradient 0.43224, Quantile 0.81664) | LR 5.00e-04
2026-06-23 19:09:48,537 INFO Epoch 55 | Batch 950/1186 | Loss 4.37092 (NLL 4.40577 [logdet 1.52672, mahal 1.04117], L1 1.89870, Spectral 0.26088, Gradient 0.43614, Quantile 0.83287) | LR 5.00e-04
2026-06-23 19:10:21,683 INFO Epoch 55 | Batch 1000/1186 | Loss 4.34640 (NLL 4.36313 [logdet 1.52318, mahal 1.00207], L1 1.89472, Spectral 0.26490, Gradient 0.43515, Quantile 0.83179) | LR 5.00e-04
2026-06-23 19:10:54,806 INFO Epoch 55 | Batch 1050/1186 | Loss 4.41034 (NLL 4.39811 [logdet 1.51229, mahal 1.04794], L1 1.93721, Spectral 0.26986, Gradient 0.44592, Quantile 0.84280) | LR 5.00e-04
2026-06-23 19:11:27,921 INFO Epoch 55 | Batch 1100/1186 | Loss 4.25808 (NLL 4.31702 [logdet 1.44672, mahal 1.03242], L1 1.83063, Spectral 0.26164, Gradient 0.42997, Quantile 0.83051) | LR 5.00e-04
2026-06-23 19:12:01,048 INFO Epoch 55 | Batch 1150/1186 | Loss 4.28048 (NLL 4.33215 [logdet 1.46075, mahal 1.03353], L1 1.84858, Spectral 0.25608, Gradient 0.43261, Quantile 0.82349) | LR 5.00e-04
2026-06-23 19:13:21,354 INFO Epoch 55 | Val Loss 4.24774 (NLL 4.32220 [logdet 1.52653, mahal 0.95779], L1 1.80174, Spectral 0.26253, Gradient 0.43502, Quantile 0.89571)
2026-06-23 19:13:54,676 INFO Epoch 56 | Batch 50/1186 | Loss 4.41454 (NLL 4.39795 [logdet 1.54302, mahal 1.01706], L1 1.93558, Spectral 0.26738, Gradient 0.44691, Quantile 0.86994) | LR 5.00e-04
2026-06-23 19:14:27,812 INFO Epoch 56 | Batch 100/1186 | Loss 4.24211 (NLL 4.33271 [logdet 1.45168, mahal 1.04314], L1 1.81287, Spectral 0.26028, Gradient 0.43981, Quantile 0.80672) | LR 5.00e-04
2026-06-23 19:15:00,969 INFO Epoch 56 | Batch 150/1186 | Loss 4.25240 (NLL 4.32478 [logdet 1.42912, mahal 1.05778], L1 1.82593, Spectral 0.26958, Gradient 0.44404, Quantile 0.80167) | LR 5.00e-04
2026-06-23 19:15:34,088 INFO Epoch 56 | Batch 200/1186 | Loss 4.39388 (NLL 4.40600 [logdet 1.49536, mahal 1.07276], L1 1.91307, Spectral 0.26590, Gradient 0.43961, Quantile 0.86259) | LR 5.00e-04
2026-06-23 19:16:07,222 INFO Epoch 56 | Batch 250/1186 | Loss 4.34015 (NLL 4.34961 [logdet 1.50346, mahal 1.00828], L1 1.89185, Spectral 0.26106, Gradient 0.43324, Quantile 0.84996) | LR 5.00e-04
2026-06-23 19:16:40,356 INFO Epoch 56 | Batch 300/1186 | Loss 4.45801 (NLL 4.42881 [logdet 1.56936, mahal 1.02157], L1 1.96206, Spectral 0.26647, Gradient 0.44381, Quantile 0.87742) | LR 5.00e-04
2026-06-23 19:17:13,487 INFO Epoch 56 | Batch 350/1186 | Loss 4.29261 (NLL 4.34180 [logdet 1.48142, mahal 1.02249], L1 1.85370, Spectral 0.26025, Gradient 0.42729, Quantile 0.82816) | LR 5.00e-04
2026-06-23 19:17:46,640 INFO Epoch 56 | Batch 400/1186 | Loss 4.35232 (NLL 4.38408 [logdet 1.48387, mahal 1.06233], L1 1.88907, Spectral 0.25424, Gradient 0.43412, Quantile 0.84781) | LR 5.00e-04
2026-06-23 19:18:19,766 INFO Epoch 56 | Batch 450/1186 | Loss 4.26470 (NLL 4.31222 [logdet 1.46556, mahal 1.00879], L1 1.84780, Spectral 0.25562, Gradient 0.42639, Quantile 0.80311) | LR 5.00e-04
2026-06-23 19:18:52,890 INFO Epoch 56 | Batch 500/1186 | Loss 4.36015 (NLL 4.40215 [logdet 1.48465, mahal 1.07963], L1 1.88893, Spectral 0.26111, Gradient 0.43388, Quantile 0.83599) | LR 5.00e-04
2026-06-23 19:19:26,011 INFO Epoch 56 | Batch 550/1186 | Loss 4.29470 (NLL 4.31383 [logdet 1.46841, mahal 1.00754], L1 1.86423, Spectral 0.26670, Gradient 0.43819, Quantile 0.84410) | LR 5.00e-04
2026-06-23 19:19:59,175 INFO Epoch 56 | Batch 600/1186 | Loss 4.31157 (NLL 4.34362 [logdet 1.47212, mahal 1.03362], L1 1.87065, Spectral 0.26559, Gradient 0.43689, Quantile 0.82689) | LR 5.00e-04
2026-06-23 19:20:32,337 INFO Epoch 56 | Batch 650/1186 | Loss 4.33129 (NLL 4.35280 [logdet 1.49895, mahal 1.01598], L1 1.88618, Spectral 0.26048, Gradient 0.43868, Quantile 0.83066) | LR 5.00e-04
2026-06-23 19:21:05,458 INFO Epoch 56 | Batch 700/1186 | Loss 4.23056 (NLL 4.28702 [logdet 1.40227, mahal 1.04688], L1 1.82389, Spectral 0.25864, Gradient 0.43246, Quantile 0.80967) | LR 5.00e-04
2026-06-23 19:21:38,612 INFO Epoch 56 | Batch 750/1186 | Loss 4.31130 (NLL 4.36214 [logdet 1.47353, mahal 1.05074], L1 1.86416, Spectral 0.26688, Gradient 0.43452, Quantile 0.81288) | LR 5.00e-04
2026-06-23 19:22:11,755 INFO Epoch 56 | Batch 800/1186 | Loss 4.24310 (NLL 4.32696 [logdet 1.46419, mahal 1.02490], L1 1.81448, Spectral 0.26198, Gradient 0.43023, Quantile 0.81435) | LR 5.00e-04
2026-06-23 19:22:44,899 INFO Epoch 56 | Batch 850/1186 | Loss 4.32787 (NLL 4.37498 [logdet 1.46141, mahal 1.07569], L1 1.87097, Spectral 0.26092, Gradient 0.43837, Quantile 0.83313) | LR 5.00e-04
2026-06-23 19:23:18,043 INFO Epoch 56 | Batch 900/1186 | Loss 4.34078 (NLL 4.36369 [logdet 1.51621, mahal 1.00960], L1 1.88796, Spectral 0.26978, Gradient 0.44069, Quantile 0.83011) | LR 5.00e-04
2026-06-23 19:23:51,203 INFO Epoch 56 | Batch 950/1186 | Loss 4.32358 (NLL 4.38684 [logdet 1.49871, mahal 1.05026], L1 1.85991, Spectral 0.26389, Gradient 0.44160, Quantile 0.83336) | LR 5.00e-04
2026-06-23 19:24:24,376 INFO Epoch 56 | Batch 1000/1186 | Loss 4.24941 (NLL 4.32149 [logdet 1.47084, mahal 1.01277], L1 1.82477, Spectral 0.25493, Gradient 0.42659, Quantile 0.81678) | LR 5.00e-04
2026-06-23 19:24:57,520 INFO Epoch 56 | Batch 1050/1186 | Loss 4.24819 (NLL 4.31204 [logdet 1.47824, mahal 0.99592], L1 1.83085, Spectral 0.25612, Gradient 0.42672, Quantile 0.80482) | LR 5.00e-04
2026-06-23 19:25:30,659 INFO Epoch 56 | Batch 1100/1186 | Loss 4.35762 (NLL 4.38445 [logdet 1.47651, mahal 1.07007], L1 1.89145, Spectral 0.26382, Gradient 0.43453, Quantile 0.84885) | LR 5.00e-04
2026-06-23 19:26:03,795 INFO Epoch 56 | Batch 1150/1186 | Loss 4.30544 (NLL 4.33990 [logdet 1.45523, mahal 1.04680], L1 1.86798, Spectral 0.26111, Gradient 0.42912, Quantile 0.82510) | LR 5.00e-04
2026-06-23 19:27:24,756 INFO Epoch 56 | Val Loss 4.23387 (NLL 4.32512 [logdet 1.41948, mahal 1.06776], L1 1.79734, Spectral 0.26201, Gradient 0.43486, Quantile 0.85092)
2026-06-23 19:27:58,180 INFO Epoch 57 | Batch 50/1186 | Loss 4.24047 (NLL 4.29760 [logdet 1.43775, mahal 1.02197], L1 1.82471, Spectral 0.26037, Gradient 0.42868, Quantile 0.82363) | LR 5.00e-04
2026-06-23 19:28:31,313 INFO Epoch 57 | Batch 100/1186 | Loss 4.22530 (NLL 4.31719 [logdet 1.45033, mahal 1.02898], L1 1.80518, Spectral 0.25508, Gradient 0.42547, Quantile 0.80680) | LR 5.00e-04
2026-06-23 19:29:04,443 INFO Epoch 57 | Batch 150/1186 | Loss 4.31044 (NLL 4.35091 [logdet 1.48448, mahal 1.02855], L1 1.86569, Spectral 0.26706, Gradient 0.43921, Quantile 0.82604) | LR 5.00e-04
2026-06-23 19:29:37,568 INFO Epoch 57 | Batch 200/1186 | Loss 4.30533 (NLL 4.35271 [logdet 1.46064, mahal 1.05419], L1 1.86241, Spectral 0.26013, Gradient 0.43698, Quantile 0.82212) | LR 5.00e-04
2026-06-23 19:30:10,702 INFO Epoch 57 | Batch 250/1186 | Loss 4.36111 (NLL 4.37855 [logdet 1.50026, mahal 1.04041], L1 1.90236, Spectral 0.26220, Gradient 0.43572, Quantile 0.83207) | LR 5.00e-04
2026-06-23 19:30:43,835 INFO Epoch 57 | Batch 300/1186 | Loss 4.39085 (NLL 4.40916 [logdet 1.49227, mahal 1.07901], L1 1.91358, Spectral 0.26791, Gradient 0.44730, Quantile 0.83915) | LR 5.00e-04
2026-06-23 19:31:16,991 INFO Epoch 57 | Batch 350/1186 | Loss 4.35406 (NLL 4.38668 [logdet 1.50867, mahal 1.04013], L1 1.89186, Spectral 0.26587, Gradient 0.44088, Quantile 0.82551) | LR 5.00e-04
2026-06-23 19:31:50,134 INFO Epoch 57 | Batch 400/1186 | Loss 4.34527 (NLL 4.37727 [logdet 1.52296, mahal 1.01643], L1 1.88561, Spectral 0.26522, Gradient 0.44011, Quantile 0.83519) | LR 5.00e-04
2026-06-23 19:32:23,275 INFO Epoch 57 | Batch 450/1186 | Loss 4.33801 (NLL 4.35942 [logdet 1.47347, mahal 1.04807], L1 1.88973, Spectral 0.25743, Gradient 0.43262, Quantile 0.83341) | LR 5.00e-04
2026-06-23 19:32:56,402 INFO Epoch 57 | Batch 500/1186 | Loss 4.27331 (NLL 4.33257 [logdet 1.49155, mahal 1.00314], L1 1.83877, Spectral 0.25872, Gradient 0.43498, Quantile 0.83068) | LR 5.00e-04
2026-06-23 19:33:29,541 INFO Epoch 57 | Batch 550/1186 | Loss 4.37697 (NLL 4.39650 [logdet 1.52269, mahal 1.03593], L1 1.90583, Spectral 0.26000, Gradient 0.43357, Quantile 0.84858) | LR 5.00e-04
2026-06-23 19:34:02,658 INFO Epoch 57 | Batch 600/1186 | Loss 4.23845 (NLL 4.30370 [logdet 1.45926, mahal 1.00656], L1 1.82368, Spectral 0.25924, Gradient 0.42762, Quantile 0.80810) | LR 5.00e-04
2026-06-23 19:34:35,782 INFO Epoch 57 | Batch 650/1186 | Loss 4.26024 (NLL 4.31702 [logdet 1.43831, mahal 1.04083], L1 1.83943, Spectral 0.25974, Gradient 0.43883, Quantile 0.80484) | LR 5.00e-04
2026-06-23 19:35:08,879 INFO Epoch 57 | Batch 700/1186 | Loss 4.43426 (NLL 4.43424 [logdet 1.54947, mahal 1.04690], L1 1.93934, Spectral 0.26448, Gradient 0.43790, Quantile 0.86406) | LR 5.00e-04
2026-06-23 19:35:41,964 INFO Epoch 57 | Batch 750/1186 | Loss 4.29192 (NLL 4.33854 [logdet 1.48175, mahal 1.01891], L1 1.86071, Spectral 0.25781, Gradient 0.42884, Quantile 0.80558) | LR 5.00e-04
2026-06-23 19:36:15,070 INFO Epoch 57 | Batch 800/1186 | Loss 4.35993 (NLL 4.37842 [logdet 1.50879, mahal 1.03175], L1 1.89387, Spectral 0.26763, Gradient 0.44166, Quantile 0.85672) | LR 5.00e-04
2026-06-23 19:36:48,150 INFO Epoch 57 | Batch 850/1186 | Loss 4.33848 (NLL 4.36578 [logdet 1.51065, mahal 1.01726], L1 1.88188, Spectral 0.26601, Gradient 0.44217, Quantile 0.84545) | LR 5.00e-04
2026-06-23 19:37:21,230 INFO Epoch 57 | Batch 900/1186 | Loss 4.31006 (NLL 4.33757 [logdet 1.48779, mahal 1.01191], L1 1.87242, Spectral 0.26017, Gradient 0.42815, Quantile 0.83176) | LR 5.00e-04
2026-06-23 19:37:54,327 INFO Epoch 57 | Batch 950/1186 | Loss 4.23828 (NLL 4.29842 [logdet 1.44337, mahal 1.01717], L1 1.82446, Spectral 0.26046, Gradient 0.43109, Quantile 0.81377) | LR 5.00e-04
2026-06-23 19:38:27,416 INFO Epoch 57 | Batch 1000/1186 | Loss 4.34084 (NLL 4.38353 [logdet 1.48482, mahal 1.06083], L1 1.87541, Spectral 0.26108, Gradient 0.43036, Quantile 0.85066) | LR 5.00e-04
2026-06-23 19:39:00,522 INFO Epoch 57 | Batch 1050/1186 | Loss 4.34856 (NLL 4.36612 [logdet 1.51271, mahal 1.01554], L1 1.89582, Spectral 0.26395, Gradient 0.44258, Quantile 0.83092) | LR 5.00e-04
2026-06-23 19:39:33,624 INFO Epoch 57 | Batch 1100/1186 | Loss 4.26723 (NLL 4.32310 [logdet 1.45397, mahal 1.03124], L1 1.83975, Spectral 0.26021, Gradient 0.43224, Quantile 0.81949) | LR 5.00e-04
2026-06-23 19:40:06,768 INFO Epoch 57 | Batch 1150/1186 | Loss 4.31274 (NLL 4.35777 [logdet 1.47022, mahal 1.04967], L1 1.86011, Spectral 0.27044, Gradient 0.44410, Quantile 0.84084) | LR 5.00e-04
2026-06-23 19:41:27,667 INFO Epoch 57 | Val Loss 4.23754 (NLL 4.31868 [logdet 1.44912, mahal 1.03169], L1 1.79672, Spectral 0.26094, Gradient 0.43255, Quantile 0.88325)
2026-06-23 19:42:01,126 INFO Epoch 58 | Batch 50/1186 | Loss 4.36299 (NLL 4.37640 [logdet 1.53361, mahal 1.00492], L1 1.90269, Spectral 0.26314, Gradient 0.43624, Quantile 0.84189) | LR 5.00e-04
2026-06-23 19:42:34,277 INFO Epoch 58 | Batch 100/1186 | Loss 4.34446 (NLL 4.37563 [logdet 1.51419, mahal 1.02356], L1 1.88649, Spectral 0.25962, Gradient 0.43745, Quantile 0.83756) | LR 5.00e-04
2026-06-23 19:43:07,426 INFO Epoch 58 | Batch 150/1186 | Loss 4.37907 (NLL 4.37786 [logdet 1.52938, mahal 1.01060], L1 1.91280, Spectral 0.26607, Gradient 0.43245, Quantile 0.86056) | LR 5.00e-04
2026-06-23 19:43:40,580 INFO Epoch 58 | Batch 200/1186 | Loss 4.26968 (NLL 4.32946 [logdet 1.45112, mahal 1.04046], L1 1.84292, Spectral 0.25540, Gradient 0.42966, Quantile 0.80848) | LR 5.00e-04
2026-06-23 19:44:13,716 INFO Epoch 58 | Batch 250/1186 | Loss 4.40117 (NLL 4.40240 [logdet 1.50783, mahal 1.05669], L1 1.92579, Spectral 0.26425, Gradient 0.44155, Quantile 0.84928) | LR 5.00e-04
2026-06-23 19:44:46,870 INFO Epoch 58 | Batch 300/1186 | Loss 4.25579 (NLL 4.31909 [logdet 1.49303, mahal 0.98818], L1 1.83194, Spectral 0.26323, Gradient 0.43282, Quantile 0.80949) | LR 5.00e-04
2026-06-23 19:45:20,025 INFO Epoch 58 | Batch 350/1186 | Loss 4.09962 (NLL 4.22842 [logdet 1.37656, mahal 1.01398], L1 1.73351, Spectral 0.25130, Gradient 0.41968, Quantile 0.77096) | LR 5.00e-04
2026-06-23 19:45:53,159 INFO Epoch 58 | Batch 400/1186 | Loss 4.30829 (NLL 4.36112 [logdet 1.48587, mahal 1.03737], L1 1.86075, Spectral 0.26000, Gradient 0.43362, Quantile 0.82408) | LR 5.00e-04
2026-06-23 19:46:26,311 INFO Epoch 58 | Batch 450/1186 | Loss 4.32259 (NLL 4.37301 [logdet 1.48072, mahal 1.05441], L1 1.87152, Spectral 0.25998, Gradient 0.43429, Quantile 0.81406) | LR 5.00e-04
2026-06-23 19:46:59,475 INFO Epoch 58 | Batch 500/1186 | Loss 4.22915 (NLL 4.29881 [logdet 1.47768, mahal 0.98326], L1 1.81974, Spectral 0.26434, Gradient 0.43525, Quantile 0.79045) | LR 5.00e-04
2026-06-23 19:47:32,593 INFO Epoch 58 | Batch 550/1186 | Loss 4.30011 (NLL 4.34441 [logdet 1.47747, mahal 1.02906], L1 1.85904, Spectral 0.26586, Gradient 0.43915, Quantile 0.82551) | LR 5.00e-04
2026-06-23 19:48:05,737 INFO Epoch 58 | Batch 600/1186 | Loss 4.32123 (NLL 4.34873 [logdet 1.47848, mahal 1.03237], L1 1.87725, Spectral 0.26622, Gradient 0.43717, Quantile 0.82827) | LR 5.00e-04
2026-06-23 19:48:38,896 INFO Epoch 58 | Batch 650/1186 | Loss 4.37847 (NLL 4.40019 [logdet 1.50173, mahal 1.06058], L1 1.90605, Spectral 0.25997, Gradient 0.43555, Quantile 0.84627) | LR 5.00e-04
2026-06-23 19:49:12,044 INFO Epoch 58 | Batch 700/1186 | Loss 4.26736 (NLL 4.32989 [logdet 1.48763, mahal 1.00438], L1 1.83700, Spectral 0.26232, Gradient 0.43550, Quantile 0.81506) | LR 5.00e-04
2026-06-23 19:49:45,186 INFO Epoch 58 | Batch 750/1186 | Loss 4.35973 (NLL 4.37123 [logdet 1.51107, mahal 1.02229], L1 1.89703, Spectral 0.26572, Gradient 0.44064, Quantile 0.85979) | LR 5.00e-04
2026-06-23 19:50:18,315 INFO Epoch 58 | Batch 800/1186 | Loss 4.30707 (NLL 4.36392 [logdet 1.49641, mahal 1.02963], L1 1.86445, Spectral 0.25998, Gradient 0.44022, Quantile 0.79776) | LR 5.00e-04
2026-06-23 19:50:51,455 INFO Epoch 58 | Batch 850/1186 | Loss 4.28478 (NLL 4.32473 [logdet 1.46697, mahal 1.01988], L1 1.85283, Spectral 0.26348, Gradient 0.43591, Quantile 0.83111) | LR 5.00e-04
2026-06-23 19:51:24,600 INFO Epoch 58 | Batch 900/1186 | Loss 4.34079 (NLL 4.36944 [logdet 1.50464, mahal 1.02692], L1 1.88727, Spectral 0.25413, Gradient 0.42689, Quantile 0.83797) | LR 5.00e-04
2026-06-23 19:51:57,841 INFO Epoch 58 | Batch 950/1186 | Loss 4.35282 (NLL 4.36766 [logdet 1.48615, mahal 1.04364], L1 1.88992, Spectral 0.26823, Gradient 0.44023, Quantile 0.86529) | LR 5.00e-04
2026-06-23 19:52:30,984 INFO Epoch 58 | Batch 1000/1186 | Loss 4.27799 (NLL 4.31554 [logdet 1.47625, mahal 1.00142], L1 1.85773, Spectral 0.26129, Gradient 0.43360, Quantile 0.80404) | LR 5.00e-04
2026-06-23 19:53:04,143 INFO Epoch 58 | Batch 1050/1186 | Loss 4.31756 (NLL 4.34829 [logdet 1.47587, mahal 1.03454], L1 1.86775, Spectral 0.26317, Gradient 0.43852, Quantile 0.85661) | LR 5.00e-04
2026-06-23 19:53:37,292 INFO Epoch 58 | Batch 1100/1186 | Loss 4.32142 (NLL 4.36086 [logdet 1.47024, mahal 1.05274], L1 1.86957, Spectral 0.26063, Gradient 0.43155, Quantile 0.84186) | LR 5.00e-04
2026-06-23 19:54:10,424 INFO Epoch 58 | Batch 1150/1186 | Loss 4.36409 (NLL 4.36790 [logdet 1.48414, mahal 1.04588], L1 1.91125, Spectral 0.26806, Gradient 0.44405, Quantile 0.82323) | LR 5.00e-04
2026-06-23 19:55:31,359 INFO Epoch 58 | Val Loss 4.23150 (NLL 4.31798 [logdet 1.49788, mahal 0.98222], L1 1.79652, Spectral 0.26137, Gradient 0.43440, Quantile 0.86000)
2026-06-23 19:56:04,823 INFO Epoch 59 | Batch 50/1186 | Loss 4.34541 (NLL 4.36185 [logdet 1.50306, mahal 1.02092], L1 1.89386, Spectral 0.25868, Gradient 0.42765, Quantile 0.84067) | LR 5.00e-04
2026-06-23 19:56:37,957 INFO Epoch 59 | Batch 100/1186 | Loss 4.34621 (NLL 4.36226 [logdet 1.49367, mahal 1.03071], L1 1.88945, Spectral 0.26356, Gradient 0.43611, Quantile 0.85611) | LR 5.00e-04
2026-06-23 19:57:11,121 INFO Epoch 59 | Batch 150/1186 | Loss 4.31900 (NLL 4.37479 [logdet 1.50865, mahal 1.02826], L1 1.86549, Spectral 0.25545, Gradient 0.43314, Quantile 0.82533) | LR 5.00e-04
2026-06-23 19:57:44,273 INFO Epoch 59 | Batch 200/1186 | Loss 4.22496 (NLL 4.28613 [logdet 1.45246, mahal 0.99579], L1 1.81991, Spectral 0.25979, Gradient 0.42910, Quantile 0.80358) | LR 5.00e-04
2026-06-23 19:58:17,429 INFO Epoch 59 | Batch 250/1186 | Loss 4.34739 (NLL 4.36401 [logdet 1.51034, mahal 1.01580], L1 1.89126, Spectral 0.27386, Gradient 0.44756, Quantile 0.83867) | LR 5.00e-04
2026-06-23 19:58:50,586 INFO Epoch 59 | Batch 300/1186 | Loss 4.25584 (NLL 4.32814 [logdet 1.47251, mahal 1.01776], L1 1.82934, Spectral 0.26195, Gradient 0.43483, Quantile 0.80306) | LR 5.00e-04
2026-06-23 19:59:23,744 INFO Epoch 59 | Batch 350/1186 | Loss 4.29032 (NLL 4.33295 [logdet 1.43208, mahal 1.06299], L1 1.85836, Spectral 0.26117, Gradient 0.42993, Quantile 0.81664) | LR 5.00e-04
2026-06-23 19:59:56,905 INFO Epoch 59 | Batch 400/1186 | Loss 4.28110 (NLL 4.31469 [logdet 1.46565, mahal 1.01117], L1 1.85549, Spectral 0.26052, Gradient 0.43223, Quantile 0.82884) | LR 5.00e-04
2026-06-23 20:00:30,068 INFO Epoch 59 | Batch 450/1186 | Loss 4.32468 (NLL 4.37576 [logdet 1.48825, mahal 1.04963], L1 1.87490, Spectral 0.25864, Gradient 0.43092, Quantile 0.80447) | LR 5.00e-04
2026-06-23 20:01:03,192 INFO Epoch 59 | Batch 500/1186 | Loss 4.31613 (NLL 4.36485 [logdet 1.46904, mahal 1.05793], L1 1.86592, Spectral 0.25766, Gradient 0.42801, Quantile 0.82997) | LR 5.00e-04
2026-06-23 20:01:36,319 INFO Epoch 59 | Batch 550/1186 | Loss 4.21453 (NLL 4.28686 [logdet 1.45005, mahal 0.99893], L1 1.81362, Spectral 0.25433, Gradient 0.42582, Quantile 0.79082) | LR 5.00e-04
2026-06-23 20:02:09,449 INFO Epoch 59 | Batch 600/1186 | Loss 4.32447 (NLL 4.35277 [logdet 1.48470, mahal 1.03019], L1 1.87588, Spectral 0.26417, Gradient 0.43704, Quantile 0.84125) | LR 5.00e-04
2026-06-23 20:02:42,590 INFO Epoch 59 | Batch 650/1186 | Loss 4.29807 (NLL 4.34510 [logdet 1.46632, mahal 1.04090], L1 1.85424, Spectral 0.25910, Gradient 0.43325, Quantile 0.84288) | LR 5.00e-04
2026-06-23 20:03:15,754 INFO Epoch 59 | Batch 700/1186 | Loss 4.34046 (NLL 4.35734 [logdet 1.48326, mahal 1.03620], L1 1.88627, Spectral 0.26499, Gradient 0.44108, Quantile 0.85406) | LR 5.00e-04
2026-06-23 20:03:48,904 INFO Epoch 59 | Batch 750/1186 | Loss 4.23247 (NLL 4.30530 [logdet 1.44758, mahal 1.01985], L1 1.81576, Spectral 0.25999, Gradient 0.43401, Quantile 0.81194) | LR 5.00e-04
2026-06-23 20:04:22,052 INFO Epoch 59 | Batch 800/1186 | Loss 4.26802 (NLL 4.32844 [logdet 1.43749, mahal 1.05308], L1 1.83939, Spectral 0.25998, Gradient 0.43470, Quantile 0.81339) | LR 5.00e-04
2026-06-23 20:04:55,206 INFO Epoch 59 | Batch 850/1186 | Loss 4.35437 (NLL 4.39102 [logdet 1.53121, mahal 1.02194], L1 1.88863, Spectral 0.26219, Gradient 0.43608, Quantile 0.83514) | LR 5.00e-04
2026-06-23 20:05:28,337 INFO Epoch 59 | Batch 900/1186 | Loss 4.30004 (NLL 4.34234 [logdet 1.47835, mahal 1.02611], L1 1.86122, Spectral 0.26873, Gradient 0.44283, Quantile 0.81741) | LR 5.00e-04
2026-06-23 20:06:01,478 INFO Epoch 59 | Batch 950/1186 | Loss 4.30563 (NLL 4.35402 [logdet 1.45754, mahal 1.05860], L1 1.86225, Spectral 0.26571, Gradient 0.43904, Quantile 0.81538) | LR 5.00e-04
2026-06-23 20:06:34,646 INFO Epoch 59 | Batch 1000/1186 | Loss 4.38228 (NLL 4.40018 [logdet 1.53314, mahal 1.02916], L1 1.90280, Spectral 0.26494, Gradient 0.43774, Quantile 0.87027) | LR 5.00e-04
2026-06-23 20:07:07,776 INFO Epoch 59 | Batch 1050/1186 | Loss 4.36069 (NLL 4.39108 [logdet 1.52238, mahal 1.03082], L1 1.89854, Spectral 0.26600, Gradient 0.44180, Quantile 0.81603) | LR 5.00e-04
2026-06-23 20:07:40,923 INFO Epoch 59 | Batch 1100/1186 | Loss 4.39644 (NLL 4.41092 [logdet 1.51282, mahal 1.06022], L1 1.91784, Spectral 0.26382, Gradient 0.43505, Quantile 0.84551) | LR 5.00e-04
2026-06-23 20:08:14,064 INFO Epoch 59 | Batch 1150/1186 | Loss 4.31418 (NLL 4.36427 [logdet 1.49540, mahal 1.03099], L1 1.86122, Spectral 0.26349, Gradient 0.43521, Quantile 0.83626) | LR 5.00e-04
2026-06-23 20:09:34,528 INFO Epoch 59 | Val Loss 4.23277 (NLL 4.31715 [logdet 1.47710, mahal 1.00218], L1 1.79951, Spectral 0.26199, Gradient 0.43443, Quantile 0.85391)
2026-06-23 20:10:08,018 INFO Epoch 60 | Batch 50/1186 | Loss 4.25987 (NLL 4.32414 [logdet 1.45244, mahal 1.03383], L1 1.83251, Spectral 0.26375, Gradient 0.44048, Quantile 0.81294) | LR 5.00e-04
2026-06-23 20:10:41,199 INFO Epoch 60 | Batch 100/1186 | Loss 4.25622 (NLL 4.33073 [logdet 1.45197, mahal 1.04088], L1 1.83143, Spectral 0.26205, Gradient 0.43359, Quantile 0.79051) | LR 5.00e-04
2026-06-23 20:11:14,336 INFO Epoch 60 | Batch 150/1186 | Loss 4.19887 (NLL 4.26698 [logdet 1.41433, mahal 1.01478], L1 1.79824, Spectral 0.25677, Gradient 0.42445, Quantile 0.82832) | LR 5.00e-04
2026-06-23 20:11:47,489 INFO Epoch 60 | Batch 200/1186 | Loss 4.31978 (NLL 4.35821 [logdet 1.48399, mahal 1.03634], L1 1.87547, Spectral 0.26277, Gradient 0.43445, Quantile 0.81368) | LR 5.00e-04
2026-06-23 20:12:20,634 INFO Epoch 60 | Batch 250/1186 | Loss 4.22774 (NLL 4.28945 [logdet 1.44054, mahal 1.01103], L1 1.81793, Spectral 0.26215, Gradient 0.43606, Quantile 0.81385) | LR 5.00e-04
2026-06-23 20:12:53,795 INFO Epoch 60 | Batch 300/1186 | Loss 4.39120 (NLL 4.39597 [logdet 1.52913, mahal 1.02896], L1 1.91999, Spectral 0.26000, Gradient 0.43785, Quantile 0.84992) | LR 5.00e-04
2026-06-23 20:13:26,927 INFO Epoch 60 | Batch 350/1186 | Loss 4.27233 (NLL 4.31666 [logdet 1.47570, mahal 1.00308], L1 1.85002, Spectral 0.26126, Gradient 0.42926, Quantile 0.81031) | LR 5.00e-04
2026-06-23 20:14:00,050 INFO Epoch 60 | Batch 400/1186 | Loss 4.28727 (NLL 4.33852 [logdet 1.45492, mahal 1.04572], L1 1.85107, Spectral 0.26657, Gradient 0.44191, Quantile 0.81676) | LR 5.00e-04
2026-06-23 20:14:33,190 INFO Epoch 60 | Batch 450/1186 | Loss 4.33764 (NLL 4.36327 [logdet 1.48628, mahal 1.03911], L1 1.88096, Spectral 0.26320, Gradient 0.43824, Quantile 0.85408) | LR 5.00e-04
2026-06-23 20:15:06,327 INFO Epoch 60 | Batch 500/1186 | Loss 4.38745 (NLL 4.40462 [logdet 1.50838, mahal 1.05837], L1 1.91791, Spectral 0.26700, Gradient 0.44152, Quantile 0.81751) | LR 5.00e-04
2026-06-23 20:15:39,485 INFO Epoch 60 | Batch 550/1186 | Loss 4.28079 (NLL 4.33434 [logdet 1.46921, mahal 1.02726], L1 1.85000, Spectral 0.26119, Gradient 0.43156, Quantile 0.80883) | LR 5.00e-04
2026-06-23 20:16:12,627 INFO Epoch 60 | Batch 600/1186 | Loss 4.33720 (NLL 4.34330 [logdet 1.48099, mahal 1.02444], L1 1.89222, Spectral 0.26557, Gradient 0.43323, Quantile 0.84445) | LR 5.00e-04
2026-06-23 20:16:45,814 INFO Epoch 60 | Batch 650/1186 | Loss 4.38410 (NLL 4.37492 [logdet 1.52003, mahal 1.01701], L1 1.92132, Spectral 0.26516, Gradient 0.44164, Quantile 0.85303) | LR 5.00e-04
2026-06-23 20:17:18,971 INFO Epoch 60 | Batch 700/1186 | Loss 4.37504 (NLL 4.39171 [logdet 1.51727, mahal 1.03656], L1 1.90480, Spectral 0.26868, Gradient 0.43970, Quantile 0.84542) | LR 5.00e-04
2026-06-23 20:17:52,144 INFO Epoch 60 | Batch 750/1186 | Loss 4.31696 (NLL 4.35061 [logdet 1.48338, mahal 1.02936], L1 1.86584, Spectral 0.26723, Gradient 0.44866, Quantile 0.85279) | LR 5.00e-04
2026-06-23 20:18:25,315 INFO Epoch 60 | Batch 800/1186 | Loss 4.26177 (NLL 4.32394 [logdet 1.43520, mahal 1.05087], L1 1.83237, Spectral 0.25465, Gradient 0.42652, Quantile 0.83173) | LR 5.00e-04
2026-06-23 20:18:58,482 INFO Epoch 60 | Batch 850/1186 | Loss 4.41854 (NLL 4.42535 [logdet 1.53127, mahal 1.05620], L1 1.93015, Spectral 0.26386, Gradient 0.43423, Quantile 0.85617) | LR 5.00e-04
2026-06-23 20:19:31,644 INFO Epoch 60 | Batch 900/1186 | Loss 4.23376 (NLL 4.29524 [logdet 1.47078, mahal 0.98658], L1 1.82212, Spectral 0.26116, Gradient 0.43620, Quantile 0.81049) | LR 5.00e-04
2026-06-23 20:20:04,800 INFO Epoch 60 | Batch 950/1186 | Loss 4.31576 (NLL 4.37436 [logdet 1.48202, mahal 1.05446], L1 1.85866, Spectral 0.26810, Gradient 0.43851, Quantile 0.82749) | LR 5.00e-04
2026-06-23 20:20:37,963 INFO Epoch 60 | Batch 1000/1186 | Loss 4.33155 (NLL 4.37543 [logdet 1.49374, mahal 1.04381], L1 1.87178, Spectral 0.26377, Gradient 0.43776, Quantile 0.84107) | LR 5.00e-04
2026-06-23 20:21:11,112 INFO Epoch 60 | Batch 1050/1186 | Loss 4.32256 (NLL 4.36191 [logdet 1.51181, mahal 1.01222], L1 1.86763, Spectral 0.26477, Gradient 0.43583, Quantile 0.84795) | LR 5.00e-04
2026-06-23 20:21:44,267 INFO Epoch 60 | Batch 1100/1186 | Loss 4.36177 (NLL 4.35617 [logdet 1.50116, mahal 1.01713], L1 1.91651, Spectral 0.25160, Gradient 0.42294, Quantile 0.83403) | LR 5.00e-04
2026-06-23 20:22:17,426 INFO Epoch 60 | Batch 1150/1186 | Loss 4.30476 (NLL 4.33977 [logdet 1.47779, mahal 1.02411], L1 1.86653, Spectral 0.26394, Gradient 0.43674, Quantile 0.82550) | LR 5.00e-04
2026-06-23 20:23:38,487 INFO Epoch 60 | Val Loss 4.24227 (NLL 4.31299 [logdet 1.44732, mahal 1.02779], L1 1.79975, Spectral 0.26122, Gradient 0.43189, Quantile 0.90177)
2026-06-23 20:24:11,937 INFO Epoch 61 | Batch 50/1186 | Loss 4.28145 (NLL 4.32221 [logdet 1.43223, mahal 1.05210], L1 1.85686, Spectral 0.25828, Gradient 0.43418, Quantile 0.81135) | LR 5.00e-04
2026-06-23 20:24:45,080 INFO Epoch 61 | Batch 100/1186 | Loss 4.19703 (NLL 4.26381 [logdet 1.41467, mahal 1.01126], L1 1.80197, Spectral 0.26187, Gradient 0.43429, Quantile 0.80619) | LR 5.00e-04
2026-06-23 20:25:18,222 INFO Epoch 61 | Batch 150/1186 | Loss 4.26455 (NLL 4.30658 [logdet 1.44783, mahal 1.02088], L1 1.84020, Spectral 0.26779, Gradient 0.43880, Quantile 0.83259) | LR 5.00e-04
2026-06-23 20:25:51,372 INFO Epoch 61 | Batch 200/1186 | Loss 4.40177 (NLL 4.41603 [logdet 1.49181, mahal 1.08634], L1 1.92085, Spectral 0.26617, Gradient 0.44312, Quantile 0.84190) | LR 5.00e-04
2026-06-23 20:26:24,532 INFO Epoch 61 | Batch 250/1186 | Loss 4.28112 (NLL 4.33980 [logdet 1.48005, mahal 1.02187], L1 1.84518, Spectral 0.26123, Gradient 0.43075, Quantile 0.81892) | LR 5.00e-04
2026-06-23 20:26:57,675 INFO Epoch 61 | Batch 300/1186 | Loss 4.33638 (NLL 4.34843 [logdet 1.52940, mahal 0.98116], L1 1.89434, Spectral 0.26068, Gradient 0.43776, Quantile 0.82680) | LR 5.00e-04
2026-06-23 20:27:30,830 INFO Epoch 61 | Batch 350/1186 | Loss 4.33400 (NLL 4.38538 [logdet 1.49381, mahal 1.05369], L1 1.87260, Spectral 0.26468, Gradient 0.43730, Quantile 0.82620) | LR 5.00e-04
2026-06-23 20:28:03,974 INFO Epoch 61 | Batch 400/1186 | Loss 4.35546 (NLL 4.37369 [logdet 1.48543, mahal 1.05039], L1 1.89507, Spectral 0.26527, Gradient 0.44222, Quantile 0.84554) | LR 5.00e-04
2026-06-23 20:28:37,109 INFO Epoch 61 | Batch 450/1186 | Loss 4.23531 (NLL 4.31642 [logdet 1.43198, mahal 1.04656], L1 1.81391, Spectral 0.26778, Gradient 0.43972, Quantile 0.79992) | LR 5.00e-04
2026-06-23 20:29:10,268 INFO Epoch 61 | Batch 500/1186 | Loss 4.31556 (NLL 4.34394 [logdet 1.50178, mahal 1.00429], L1 1.87482, Spectral 0.26083, Gradient 0.43490, Quantile 0.83059) | LR 5.00e-04
2026-06-23 20:29:43,425 INFO Epoch 61 | Batch 550/1186 | Loss 4.31210 (NLL 4.35328 [logdet 1.47943, mahal 1.03597], L1 1.86797, Spectral 0.25853, Gradient 0.42237, Quantile 0.82790) | LR 5.00e-04
2026-06-23 20:30:16,563 INFO Epoch 61 | Batch 600/1186 | Loss 4.33456 (NLL 4.33761 [logdet 1.48725, mahal 1.01248], L1 1.89167, Spectral 0.26936, Gradient 0.44656, Quantile 0.84337) | LR 5.00e-04
2026-06-23 20:30:49,711 INFO Epoch 61 | Batch 650/1186 | Loss 4.35372 (NLL 4.37857 [logdet 1.48636, mahal 1.05433], L1 1.89251, Spectral 0.26327, Gradient 0.43678, Quantile 0.84103) | LR 5.00e-04
2026-06-23 20:31:22,847 INFO Epoch 61 | Batch 700/1186 | Loss 4.28939 (NLL 4.34375 [logdet 1.50873, mahal 0.99715], L1 1.84791, Spectral 0.25849, Gradient 0.43095, Quantile 0.83663) | LR 5.00e-04
2026-06-23 20:31:55,971 INFO Epoch 61 | Batch 750/1186 | Loss 4.30588 (NLL 4.35303 [logdet 1.47270, mahal 1.04245], L1 1.86596, Spectral 0.25639, Gradient 0.42416, Quantile 0.81320) | LR 5.00e-04
2026-06-23 20:32:29,116 INFO Epoch 61 | Batch 800/1186 | Loss 4.31648 (NLL 4.32674 [logdet 1.46475, mahal 1.02411], L1 1.88325, Spectral 0.25544, Gradient 0.43171, Quantile 0.84094) | LR 5.00e-04
2026-06-23 20:33:02,239 INFO Epoch 61 | Batch 850/1186 | Loss 4.27951 (NLL 4.32479 [logdet 1.47624, mahal 1.01067], L1 1.85030, Spectral 0.25826, Gradient 0.43856, Quantile 0.82518) | LR 5.00e-04
2026-06-23 20:33:35,392 INFO Epoch 61 | Batch 900/1186 | Loss 4.32287 (NLL 4.33204 [logdet 1.51528, mahal 0.97889], L1 1.88585, Spectral 0.26328, Gradient 0.43467, Quantile 0.83723) | LR 5.00e-04
2026-06-23 20:34:08,547 INFO Epoch 61 | Batch 950/1186 | Loss 4.31695 (NLL 4.36412 [logdet 1.47821, mahal 1.04803], L1 1.86271, Spectral 0.26372, Gradient 0.43599, Quantile 0.84163) | LR 5.00e-04
2026-06-23 20:34:41,698 INFO Epoch 61 | Batch 1000/1186 | Loss 4.26440 (NLL 4.31271 [logdet 1.47400, mahal 1.00083], L1 1.84568, Spectral 0.26006, Gradient 0.43549, Quantile 0.80482) | LR 5.00e-04
2026-06-23 20:35:14,849 INFO Epoch 61 | Batch 1050/1186 | Loss 4.26273 (NLL 4.34613 [logdet 1.43324, mahal 1.07501], L1 1.82579, Spectral 0.26594, Gradient 0.43272, Quantile 0.80484) | LR 5.00e-04
2026-06-23 20:35:48,014 INFO Epoch 61 | Batch 1100/1186 | Loss 4.38858 (NLL 4.40082 [logdet 1.50018, mahal 1.06277], L1 1.91539, Spectral 0.26297, Gradient 0.43235, Quantile 0.84496) | LR 5.00e-04
2026-06-23 20:36:21,147 INFO Epoch 61 | Batch 1150/1186 | Loss 4.26463 (NLL 4.31968 [logdet 1.45270, mahal 1.02911], L1 1.83951, Spectral 0.26513, Gradient 0.43200, Quantile 0.81155) | LR 5.00e-04
2026-06-23 20:37:41,122 INFO Epoch 61 | Val Loss 4.23094 (NLL 4.31474 [logdet 1.34736, mahal 1.12950], L1 1.79823, Spectral 0.26145, Gradient 0.43272, Quantile 0.85722)
2026-06-23 20:38:14,576 INFO Epoch 62 | Batch 50/1186 | Loss 4.23540 (NLL 4.29508 [logdet 1.40756, mahal 1.04964], L1 1.82281, Spectral 0.26235, Gradient 0.43818, Quantile 0.81349) | LR 5.00e-04
2026-06-23 20:38:47,698 INFO Epoch 62 | Batch 100/1186 | Loss 4.35370 (NLL 4.37499 [logdet 1.52701, mahal 1.01011], L1 1.89183, Spectral 0.26505, Gradient 0.43814, Quantile 0.84929) | LR 5.00e-04
2026-06-23 20:39:20,821 INFO Epoch 62 | Batch 150/1186 | Loss 4.32338 (NLL 4.36333 [logdet 1.46504, mahal 1.06042], L1 1.87340, Spectral 0.26879, Gradient 0.44056, Quantile 0.82013) | LR 5.00e-04
2026-06-23 20:39:53,946 INFO Epoch 62 | Batch 200/1186 | Loss 4.25982 (NLL 4.31877 [logdet 1.45038, mahal 1.03051], L1 1.83973, Spectral 0.25919, Gradient 0.42827, Quantile 0.79895) | LR 5.00e-04
2026-06-23 20:40:27,076 INFO Epoch 62 | Batch 250/1186 | Loss 4.27459 (NLL 4.32035 [logdet 1.47639, mahal 1.00608], L1 1.84630, Spectral 0.25723, Gradient 0.42750, Quantile 0.83184) | LR 5.00e-04
2026-06-23 20:41:00,211 INFO Epoch 62 | Batch 300/1186 | Loss 4.33067 (NLL 4.37050 [logdet 1.48858, mahal 1.04405], L1 1.87573, Spectral 0.26080, Gradient 0.43484, Quantile 0.83447) | LR 5.00e-04
2026-06-23 20:41:33,378 INFO Epoch 62 | Batch 350/1186 | Loss 4.34436 (NLL 4.34497 [logdet 1.47659, mahal 1.03051], L1 1.90120, Spectral 0.26649, Gradient 0.43648, Quantile 0.83238) | LR 5.00e-04
2026-06-23 20:42:06,511 INFO Epoch 62 | Batch 400/1186 | Loss 4.33118 (NLL 4.36162 [logdet 1.50078, mahal 1.02296], L1 1.87906, Spectral 0.26322, Gradient 0.44124, Quantile 0.83849) | LR 5.00e-04
2026-06-23 20:42:39,657 INFO Epoch 62 | Batch 450/1186 | Loss 4.26919 (NLL 4.33202 [logdet 1.46859, mahal 1.02555], L1 1.84073, Spectral 0.25607, Gradient 0.43026, Quantile 0.80954) | LR 5.00e-04
2026-06-23 20:43:12,792 INFO Epoch 62 | Batch 500/1186 | Loss 4.23101 (NLL 4.30465 [logdet 1.42817, mahal 1.03860], L1 1.81434, Spectral 0.25787, Gradient 0.42781, Quantile 0.81547) | LR 5.00e-04
2026-06-23 20:43:45,914 INFO Epoch 62 | Batch 550/1186 | Loss 4.25290 (NLL 4.30320 [logdet 1.43037, mahal 1.03495], L1 1.83513, Spectral 0.25714, Gradient 0.42670, Quantile 0.82382) | LR 5.00e-04
2026-06-23 20:44:19,052 INFO Epoch 62 | Batch 600/1186 | Loss 4.33070 (NLL 4.35617 [logdet 1.48557, mahal 1.03272], L1 1.88585, Spectral 0.26350, Gradient 0.43452, Quantile 0.81944) | LR 5.00e-04
2026-06-23 20:44:52,171 INFO Epoch 62 | Batch 650/1186 | Loss 4.22458 (NLL 4.30132 [logdet 1.46051, mahal 1.00294], L1 1.81139, Spectral 0.26562, Gradient 0.44077, Quantile 0.79946) | LR 5.00e-04
2026-06-23 20:45:25,298 INFO Epoch 62 | Batch 700/1186 | Loss 4.34257 (NLL 4.36586 [logdet 1.48303, mahal 1.04495], L1 1.88668, Spectral 0.26105, Gradient 0.43585, Quantile 0.84775) | LR 5.00e-04
2026-06-23 20:45:58,404 INFO Epoch 62 | Batch 750/1186 | Loss 4.35659 (NLL 4.39946 [logdet 1.51780, mahal 1.04378], L1 1.88818, Spectral 0.26031, Gradient 0.43528, Quantile 0.83080) | LR 5.00e-04
2026-06-23 20:46:31,527 INFO Epoch 62 | Batch 800/1186 | Loss 4.28777 (NLL 4.34675 [logdet 1.49021, mahal 1.01866], L1 1.84835, Spectral 0.25644, Gradient 0.42896, Quantile 0.82404) | LR 5.00e-04
2026-06-23 20:47:04,694 INFO Epoch 62 | Batch 850/1186 | Loss 4.34318 (NLL 4.35569 [logdet 1.47723, mahal 1.04058], L1 1.89010, Spectral 0.27012, Gradient 0.43979, Quantile 0.84744) | LR 5.00e-04
2026-06-23 20:47:37,839 INFO Epoch 62 | Batch 900/1186 | Loss 4.38943 (NLL 4.39690 [logdet 1.53228, mahal 1.02674], L1 1.91892, Spectral 0.25818, Gradient 0.43541, Quantile 0.84706) | LR 5.00e-04
2026-06-23 20:48:10,989 INFO Epoch 62 | Batch 950/1186 | Loss 4.39300 (NLL 4.38420 [logdet 1.54390, mahal 1.00243], L1 1.92504, Spectral 0.27181, Gradient 0.44278, Quantile 0.84815) | LR 5.00e-04
2026-06-23 20:48:44,148 INFO Epoch 62 | Batch 1000/1186 | Loss 4.28463 (NLL 4.31353 [logdet 1.46629, mahal 1.00937], L1 1.85442, Spectral 0.26523, Gradient 0.43557, Quantile 0.84525) | LR 5.00e-04
2026-06-23 20:49:17,320 INFO Epoch 62 | Batch 1050/1186 | Loss 4.35127 (NLL 4.36755 [logdet 1.50317, mahal 1.02651], L1 1.89536, Spectral 0.26345, Gradient 0.43570, Quantile 0.84173) | LR 5.00e-04
2026-06-23 20:49:50,461 INFO Epoch 62 | Batch 1100/1186 | Loss 4.24236 (NLL 4.30700 [logdet 1.43704, mahal 1.03208], L1 1.82701, Spectral 0.25975, Gradient 0.43239, Quantile 0.80306) | LR 5.00e-04
2026-06-23 20:50:23,611 INFO Epoch 62 | Batch 1150/1186 | Loss 4.28960 (NLL 4.34071 [logdet 1.44281, mahal 1.06003], L1 1.85108, Spectral 0.26691, Gradient 0.43223, Quantile 0.82158) | LR 5.00e-04
2026-06-23 20:51:44,665 INFO Epoch 62 | Val Loss 4.24186 (NLL 4.33163 [logdet 1.43011, mahal 1.06364], L1 1.80474, Spectral 0.26109, Gradient 0.43266, Quantile 0.84084)
2026-06-23 20:52:18,118 INFO Epoch 63 | Batch 50/1186 | Loss 4.29025 (NLL 4.35520 [logdet 1.49175, mahal 1.02557], L1 1.84607, Spectral 0.26769, Gradient 0.43910, Quantile 0.81411) | LR 5.00e-04
2026-06-23 20:52:51,272 INFO Epoch 63 | Batch 100/1186 | Loss 4.20553 (NLL 4.26895 [logdet 1.43632, mahal 0.99476], L1 1.81033, Spectral 0.26387, Gradient 0.42432, Quantile 0.79407) | LR 5.00e-04
2026-06-23 20:53:24,424 INFO Epoch 63 | Batch 150/1186 | Loss 4.34098 (NLL 4.37238 [logdet 1.43686, mahal 1.09764], L1 1.88131, Spectral 0.26354, Gradient 0.43399, Quantile 0.84722) | LR 5.00e-04
2026-06-23 20:53:57,583 INFO Epoch 63 | Batch 200/1186 | Loss 4.28206 (NLL 4.32044 [logdet 1.48872, mahal 0.99385], L1 1.85707, Spectral 0.25987, Gradient 0.42975, Quantile 0.81504) | LR 5.00e-04
2026-06-23 20:54:30,725 INFO Epoch 63 | Batch 250/1186 | Loss 4.35678 (NLL 4.37431 [logdet 1.51549, mahal 1.02095], L1 1.90100, Spectral 0.26363, Gradient 0.43534, Quantile 0.82697) | LR 5.00e-04
2026-06-23 20:55:03,846 INFO Epoch 63 | Batch 300/1186 | Loss 4.29613 (NLL 4.33107 [logdet 1.44524, mahal 1.04795], L1 1.86169, Spectral 0.26143, Gradient 0.43435, Quantile 0.83052) | LR 5.00e-04
2026-06-23 20:55:36,981 INFO Epoch 63 | Batch 350/1186 | Loss 4.21556 (NLL 4.26849 [logdet 1.43635, mahal 0.99426], L1 1.81839, Spectral 0.25883, Gradient 0.42500, Quantile 0.80861) | LR 5.00e-04
2026-06-23 20:56:10,112 INFO Epoch 63 | Batch 400/1186 | Loss 4.19893 (NLL 4.26564 [logdet 1.40800, mahal 1.01976], L1 1.80359, Spectral 0.25953, Gradient 0.43321, Quantile 0.80607) | LR 5.00e-04
2026-06-23 20:56:43,261 INFO Epoch 63 | Batch 450/1186 | Loss 4.35248 (NLL 4.36744 [logdet 1.50374, mahal 1.02582], L1 1.89887, Spectral 0.25828, Gradient 0.43050, Quantile 0.83801) | LR 5.00e-04
2026-06-23 20:57:16,398 INFO Epoch 63 | Batch 500/1186 | Loss 4.29091 (NLL 4.32946 [logdet 1.45890, mahal 1.03268], L1 1.85821, Spectral 0.25437, Gradient 0.42239, Quantile 0.83431) | LR 5.00e-04
2026-06-23 20:57:49,543 INFO Epoch 63 | Batch 550/1186 | Loss 4.34488 (NLL 4.37146 [logdet 1.49827, mahal 1.03532], L1 1.88829, Spectral 0.26294, Gradient 0.43846, Quantile 0.83693) | LR 5.00e-04
2026-06-23 20:58:22,686 INFO Epoch 63 | Batch 600/1186 | Loss 4.22900 (NLL 4.29952 [logdet 1.46456, mahal 0.99709], L1 1.81549, Spectral 0.26560, Gradient 0.43458, Quantile 0.80464) | LR 5.00e-04
2026-06-23 20:58:55,833 INFO Epoch 63 | Batch 650/1186 | Loss 4.40754 (NLL 4.38178 [logdet 1.50557, mahal 1.03833], L1 1.94183, Spectral 0.26449, Gradient 0.43841, Quantile 0.85171) | LR 5.00e-04
2026-06-23 20:59:28,967 INFO Epoch 63 | Batch 700/1186 | Loss 4.28932 (NLL 4.32655 [logdet 1.45093, mahal 1.03774], L1 1.86002, Spectral 0.25943, Gradient 0.43354, Quantile 0.82069) | LR 5.00e-04
2026-06-23 21:00:02,118 INFO Epoch 63 | Batch 750/1186 | Loss 4.27403 (NLL 4.33261 [logdet 1.47147, mahal 1.02327], L1 1.84228, Spectral 0.26348, Gradient 0.43619, Quantile 0.81393) | LR 5.00e-04
2026-06-23 21:00:35,274 INFO Epoch 63 | Batch 800/1186 | Loss 4.38391 (NLL 4.39110 [logdet 1.53009, mahal 1.02313], L1 1.91469, Spectral 0.26703, Gradient 0.44489, Quantile 0.84416) | LR 5.00e-04
2026-06-23 21:01:08,412 INFO Epoch 63 | Batch 850/1186 | Loss 4.31946 (NLL 4.36467 [logdet 1.51727, mahal 1.00952], L1 1.86928, Spectral 0.26761, Gradient 0.43767, Quantile 0.81948) | LR 5.00e-04
2026-06-23 21:01:41,539 INFO Epoch 63 | Batch 900/1186 | Loss 4.25728 (NLL 4.31053 [logdet 1.42847, mahal 1.04418], L1 1.83584, Spectral 0.26214, Gradient 0.43325, Quantile 0.81845) | LR 5.00e-04
2026-06-23 21:02:14,705 INFO Epoch 63 | Batch 950/1186 | Loss 4.33356 (NLL 4.36453 [logdet 1.48003, mahal 1.04663], L1 1.88412, Spectral 0.26291, Gradient 0.43850, Quantile 0.82167) | LR 5.00e-04
2026-06-23 21:02:47,857 INFO Epoch 63 | Batch 1000/1186 | Loss 4.27362 (NLL 4.31496 [logdet 1.47759, mahal 0.99950], L1 1.85139, Spectral 0.25715, Gradient 0.42567, Quantile 0.81798) | LR 5.00e-04
2026-06-23 21:03:21,028 INFO Epoch 63 | Batch 1050/1186 | Loss 4.30284 (NLL 4.34307 [logdet 1.45480, mahal 1.05039], L1 1.86195, Spectral 0.25850, Gradient 0.42950, Quantile 0.83557) | LR 5.00e-04
2026-06-23 21:03:54,187 INFO Epoch 63 | Batch 1100/1186 | Loss 4.33692 (NLL 4.37243 [logdet 1.47185, mahal 1.06271], L1 1.88131, Spectral 0.25923, Gradient 0.42910, Quantile 0.83494) | LR 5.00e-04
2026-06-23 21:04:27,323 INFO Epoch 63 | Batch 1150/1186 | Loss 4.31645 (NLL 4.37002 [logdet 1.51412, mahal 1.01802], L1 1.86234, Spectral 0.26731, Gradient 0.43918, Quantile 0.82495) | LR 5.00e-04
2026-06-23 21:05:48,343 INFO Epoch 63 | Val Loss 4.21134 (NLL 4.30484 [logdet 1.52608, mahal 0.94088], L1 1.79343, Spectral 0.26087, Gradient 0.43072, Quantile 0.81699)
2026-06-23 21:05:48,874 INFO New best val loss: 4.21134 (saved checkpoints/best.pth)
2026-06-23 21:06:22,056 INFO Epoch 64 | Batch 50/1186 | Loss 4.28674 (NLL 4.32414 [logdet 1.46285, mahal 1.02342], L1 1.85777, Spectral 0.26455, Gradient 0.43637, Quantile 0.81883) | LR 5.00e-04
2026-06-23 21:06:55,202 INFO Epoch 64 | Batch 100/1186 | Loss 4.28757 (NLL 4.32476 [logdet 1.44165, mahal 1.04523], L1 1.85955, Spectral 0.25901, Gradient 0.43003, Quantile 0.81960) | LR 5.00e-04
2026-06-23 21:07:28,342 INFO Epoch 64 | Batch 150/1186 | Loss 4.21952 (NLL 4.29771 [logdet 1.45949, mahal 1.00034], L1 1.80856, Spectral 0.26149, Gradient 0.42740, Quantile 0.80231) | LR 5.00e-04
2026-06-23 21:08:01,496 INFO Epoch 64 | Batch 200/1186 | Loss 4.25017 (NLL 4.32643 [logdet 1.43778, mahal 1.05077], L1 1.82423, Spectral 0.26278, Gradient 0.42943, Quantile 0.80345) | LR 5.00e-04
2026-06-23 21:08:34,646 INFO Epoch 64 | Batch 250/1186 | Loss 4.18588 (NLL 4.26913 [logdet 1.42848, mahal 1.00277], L1 1.79088, Spectral 0.25999, Gradient 0.43051, Quantile 0.79694) | LR 5.00e-04
2026-06-23 21:09:07,782 INFO Epoch 64 | Batch 300/1186 | Loss 4.40380 (NLL 4.40620 [logdet 1.50769, mahal 1.06063], L1 1.92559, Spectral 0.26199, Gradient 0.43651, Quantile 0.85565) | LR 5.00e-04
2026-06-23 21:09:40,926 INFO Epoch 64 | Batch 350/1186 | Loss 4.29101 (NLL 4.32824 [logdet 1.46513, mahal 1.02524], L1 1.86233, Spectral 0.25762, Gradient 0.42649, Quantile 0.81663) | LR 5.00e-04
2026-06-23 21:10:14,086 INFO Epoch 64 | Batch 400/1186 | Loss 4.24069 (NLL 4.30296 [logdet 1.45067, mahal 1.01441], L1 1.82136, Spectral 0.26506, Gradient 0.43075, Quantile 0.82229) | LR 5.00e-04
2026-06-23 21:10:47,245 INFO Epoch 64 | Batch 450/1186 | Loss 4.28344 (NLL 4.30714 [logdet 1.46380, mahal 1.00546], L1 1.85749, Spectral 0.26561, Gradient 0.43883, Quantile 0.84041) | LR 5.00e-04
2026-06-23 21:11:20,388 INFO Epoch 64 | Batch 500/1186 | Loss 4.30615 (NLL 4.34989 [logdet 1.44699, mahal 1.06503], L1 1.86932, Spectral 0.25738, Gradient 0.43128, Quantile 0.80576) | LR 5.00e-04
2026-06-23 21:11:53,544 INFO Epoch 64 | Batch 550/1186 | Loss 4.32786 (NLL 4.36247 [logdet 1.51093, mahal 1.01367], L1 1.87169, Spectral 0.25657, Gradient 0.43326, Quantile 0.86075) | LR 5.00e-04
2026-06-23 21:12:26,704 INFO Epoch 64 | Batch 600/1186 | Loss 4.24497 (NLL 4.32081 [logdet 1.46995, mahal 1.01299], L1 1.82301, Spectral 0.26433, Gradient 0.43633, Quantile 0.79687) | LR 5.00e-04
2026-06-23 21:12:59,863 INFO Epoch 64 | Batch 650/1186 | Loss 4.24863 (NLL 4.31355 [logdet 1.45100, mahal 1.02468], L1 1.82689, Spectral 0.26306, Gradient 0.43287, Quantile 0.81244) | LR 5.00e-04
2026-06-23 21:13:33,009 INFO Epoch 64 | Batch 700/1186 | Loss 4.26630 (NLL 4.30337 [logdet 1.44633, mahal 1.01917], L1 1.84860, Spectral 0.26409, Gradient 0.43053, Quantile 0.81572) | LR 5.00e-04
2026-06-23 21:14:06,144 INFO Epoch 64 | Batch 750/1186 | Loss 4.32279 (NLL 4.34310 [logdet 1.49677, mahal 1.00846], L1 1.87661, Spectral 0.26357, Gradient 0.43298, Quantile 0.85198) | LR 5.00e-04
2026-06-23 21:14:39,293 INFO Epoch 64 | Batch 800/1186 | Loss 4.26837 (NLL 4.31660 [logdet 1.44578, mahal 1.03295], L1 1.84588, Spectral 0.25275, Gradient 0.42221, Quantile 0.82038) | LR 5.00e-04
2026-06-23 21:15:12,428 INFO Epoch 64 | Batch 850/1186 | Loss 4.32874 (NLL 4.36215 [logdet 1.45290, mahal 1.07137], L1 1.87837, Spectral 0.26551, Gradient 0.43309, Quantile 0.82777) | LR 5.00e-04
2026-06-23 21:15:45,581 INFO Epoch 64 | Batch 900/1186 | Loss 4.34287 (NLL 4.35564 [logdet 1.48597, mahal 1.03179], L1 1.89199, Spectral 0.26887, Gradient 0.43933, Quantile 0.83969) | LR 5.00e-04
2026-06-23 21:16:18,754 INFO Epoch 64 | Batch 950/1186 | Loss 4.37563 (NLL 4.36736 [logdet 1.51797, mahal 1.01151], L1 1.91158, Spectral 0.25990, Gradient 0.43242, Quantile 0.87975) | LR 5.00e-04
2026-06-23 21:16:51,901 INFO Epoch 64 | Batch 1000/1186 | Loss 4.27629 (NLL 4.31889 [logdet 1.47041, mahal 1.01060], L1 1.84971, Spectral 0.26597, Gradient 0.43829, Quantile 0.81826) | LR 5.00e-04
2026-06-23 21:17:25,055 INFO Epoch 64 | Batch 1050/1186 | Loss 4.35131 (NLL 4.37592 [logdet 1.53177, mahal 1.00627], L1 1.89363, Spectral 0.26514, Gradient 0.43563, Quantile 0.82992) | LR 5.00e-04
2026-06-23 21:17:58,230 INFO Epoch 64 | Batch 1100/1186 | Loss 4.36509 (NLL 4.38785 [logdet 1.51283, mahal 1.03715], L1 1.89452, Spectral 0.26704, Gradient 0.44463, Quantile 0.85652) | LR 5.00e-04
2026-06-23 21:18:31,385 INFO Epoch 64 | Batch 1150/1186 | Loss 4.25936 (NLL 4.29236 [logdet 1.43415, mahal 1.02033], L1 1.84623, Spectral 0.26135, Gradient 0.42929, Quantile 0.82251) | LR 5.00e-04
2026-06-23 21:19:51,942 INFO Epoch 64 | Val Loss 4.24706 (NLL 4.34726 [logdet 1.22908, mahal 1.28031], L1 1.79364, Spectral 0.26063, Gradient 0.43199, Quantile 0.87657)
2026-06-23 21:20:25,434 INFO Epoch 65 | Batch 50/1186 | Loss 4.38449 (NLL 4.39908 [logdet 1.50880, mahal 1.05240], L1 1.91343, Spectral 0.26553, Gradient 0.43833, Quantile 0.83692) | LR 5.00e-04
2026-06-23 21:20:58,607 INFO Epoch 65 | Batch 100/1186 | Loss 4.30530 (NLL 4.31883 [logdet 1.47532, mahal 1.00564], L1 1.87377, Spectral 0.26193, Gradient 0.42991, Quantile 0.84335) | LR 5.00e-04
2026-06-23 21:21:31,753 INFO Epoch 65 | Batch 150/1186 | Loss 4.29393 (NLL 4.29855 [logdet 1.45044, mahal 1.01023], L1 1.87006, Spectral 0.26365, Gradient 0.43637, Quantile 0.85175) | LR 5.00e-04
2026-06-23 21:22:04,890 INFO Epoch 65 | Batch 200/1186 | Loss 4.32273 (NLL 4.34578 [logdet 1.48319, mahal 1.02471], L1 1.87694, Spectral 0.26443, Gradient 0.43410, Quantile 0.84390) | LR 5.00e-04
2026-06-23 21:22:38,036 INFO Epoch 65 | Batch 250/1186 | Loss 4.26769 (NLL 4.31827 [logdet 1.44669, mahal 1.03370], L1 1.84321, Spectral 0.26057, Gradient 0.43339, Quantile 0.81669) | LR 5.00e-04
2026-06-23 21:23:11,206 INFO Epoch 65 | Batch 300/1186 | Loss 4.21146 (NLL 4.27748 [logdet 1.43194, mahal 1.00766], L1 1.80823, Spectral 0.25965, Gradient 0.42791, Quantile 0.81418) | LR 5.00e-04
2026-06-23 21:23:44,354 INFO Epoch 65 | Batch 350/1186 | Loss 4.34827 (NLL 4.37499 [logdet 1.51505, mahal 1.02206], L1 1.89471, Spectral 0.25911, Gradient 0.43339, Quantile 0.82122) | LR 5.00e-04
2026-06-23 21:24:17,505 INFO Epoch 65 | Batch 400/1186 | Loss 4.31641 (NLL 4.34685 [logdet 1.46909, mahal 1.03989], L1 1.87367, Spectral 0.26602, Gradient 0.43979, Quantile 0.82724) | LR 5.00e-04
2026-06-23 21:24:50,658 INFO Epoch 65 | Batch 450/1186 | Loss 4.31579 (NLL 4.35516 [logdet 1.50901, mahal 1.00828], L1 1.87374, Spectral 0.25813, Gradient 0.43191, Quantile 0.81568) | LR 5.00e-04
2026-06-23 21:25:23,812 INFO Epoch 65 | Batch 500/1186 | Loss 4.25152 (NLL 4.29071 [logdet 1.45816, mahal 0.99468], L1 1.84009, Spectral 0.26042, Gradient 0.43362, Quantile 0.81982) | LR 5.00e-04
2026-06-23 21:25:56,937 INFO Epoch 65 | Batch 550/1186 | Loss 4.28153 (NLL 4.32558 [logdet 1.44750, mahal 1.04021], L1 1.84996, Spectral 0.26534, Gradient 0.43408, Quantile 0.82579) | LR 5.00e-04
2026-06-23 21:26:30,070 INFO Epoch 65 | Batch 600/1186 | Loss 4.43219 (NLL 4.47180 [logdet 1.58551, mahal 1.04841], L1 1.92517, Spectral 0.25869, Gradient 0.43442, Quantile 0.84261) | LR 5.00e-04
2026-06-23 21:27:03,220 INFO Epoch 65 | Batch 650/1186 | Loss 4.18590 (NLL 4.26085 [logdet 1.40669, mahal 1.01628], L1 1.79498, Spectral 0.25994, Gradient 0.42793, Quantile 0.79727) | LR 5.00e-04
2026-06-23 21:27:36,370 INFO Epoch 65 | Batch 700/1186 | Loss 4.31233 (NLL 4.33517 [logdet 1.46241, mahal 1.03487], L1 1.86936, Spectral 0.26555, Gradient 0.43716, Quantile 0.85296) | LR 5.00e-04
2026-06-23 21:28:09,524 INFO Epoch 65 | Batch 750/1186 | Loss 4.30844 (NLL 4.35179 [logdet 1.48974, mahal 1.02418], L1 1.86894, Spectral 0.26147, Gradient 0.42815, Quantile 0.80851) | LR 5.00e-04
2026-06-23 21:28:42,650 INFO Epoch 65 | Batch 800/1186 | Loss 4.27531 (NLL 4.31971 [logdet 1.43792, mahal 1.04391], L1 1.85224, Spectral 0.25813, Gradient 0.42290, Quantile 0.81058) | LR 5.00e-04
2026-06-23 21:29:15,793 INFO Epoch 65 | Batch 850/1186 | Loss 4.21134 (NLL 4.27021 [logdet 1.40122, mahal 1.03111], L1 1.81148, Spectral 0.26284, Gradient 0.42641, Quantile 0.81189) | LR 5.00e-04
2026-06-23 21:29:48,925 INFO Epoch 65 | Batch 900/1186 | Loss 4.36022 (NLL 4.36463 [logdet 1.52146, mahal 1.00530], L1 1.89960, Spectral 0.26447, Gradient 0.43833, Quantile 0.86618) | LR 5.00e-04
2026-06-23 21:30:22,066 INFO Epoch 65 | Batch 950/1186 | Loss 4.18403 (NLL 4.26865 [logdet 1.40087, mahal 1.02990], L1 1.78572, Spectral 0.25763, Gradient 0.42318, Quantile 0.81431) | LR 5.00e-04
2026-06-23 21:30:55,203 INFO Epoch 65 | Batch 1000/1186 | Loss 4.30305 (NLL 4.34299 [logdet 1.45112, mahal 1.05399], L1 1.86567, Spectral 0.26185, Gradient 0.43180, Quantile 0.81758) | LR 5.00e-04
2026-06-23 21:31:28,342 INFO Epoch 65 | Batch 1050/1186 | Loss 4.25708 (NLL 4.31929 [logdet 1.44609, mahal 1.03532], L1 1.82835, Spectral 0.26251, Gradient 0.42735, Quantile 0.83022) | LR 5.00e-04
2026-06-23 21:32:01,507 INFO Epoch 65 | Batch 1100/1186 | Loss 4.25042 (NLL 4.29814 [logdet 1.44824, mahal 1.01202], L1 1.83902, Spectral 0.26538, Gradient 0.43566, Quantile 0.79894) | LR 5.00e-04
2026-06-23 21:32:34,685 INFO Epoch 65 | Batch 1150/1186 | Loss 4.29896 (NLL 4.34481 [logdet 1.43870, mahal 1.06823], L1 1.85329, Spectral 0.26367, Gradient 0.43920, Quantile 0.84618) | LR 5.00e-04
2026-06-23 21:33:55,250 INFO Epoch 65 | Val Loss 4.21121 (NLL 4.30295 [logdet 1.50599, mahal 0.95909], L1 1.79768, Spectral 0.26091, Gradient 0.43022, Quantile 0.80268)
2026-06-23 21:33:55,806 INFO New best val loss: 4.21121 (saved checkpoints/best.pth)
2026-06-23 21:34:29,015 INFO Epoch 66 | Batch 50/1186 | Loss 4.35084 (NLL 4.35531 [logdet 1.51638, mahal 1.00105], L1 1.89971, Spectral 0.27300, Gradient 0.44511, Quantile 0.83696) | LR 5.00e-04
2026-06-23 21:35:02,155 INFO Epoch 66 | Batch 100/1186 | Loss 4.25463 (NLL 4.30355 [logdet 1.44668, mahal 1.01899], L1 1.83682, Spectral 0.26029, Gradient 0.43118, Quantile 0.81985) | LR 5.00e-04
2026-06-23 21:35:35,313 INFO Epoch 66 | Batch 150/1186 | Loss 4.23679 (NLL 4.30506 [logdet 1.43535, mahal 1.03183], L1 1.82087, Spectral 0.26013, Gradient 0.43375, Quantile 0.80900) | LR 5.00e-04
2026-06-23 21:36:08,486 INFO Epoch 66 | Batch 200/1186 | Loss 4.37252 (NLL 4.37259 [logdet 1.48078, mahal 1.05393], L1 1.91539, Spectral 0.26533, Gradient 0.44022, Quantile 0.83427) | LR 5.00e-04
2026-06-23 21:36:41,660 INFO Epoch 66 | Batch 250/1186 | Loss 4.32974 (NLL 4.39184 [logdet 1.48307, mahal 1.07089], L1 1.86337, Spectral 0.26213, Gradient 0.43215, Quantile 0.83621) | LR 5.00e-04
2026-06-23 21:37:14,824 INFO Epoch 66 | Batch 300/1186 | Loss 4.20888 (NLL 4.28818 [logdet 1.43099, mahal 1.01931], L1 1.80260, Spectral 0.25799, Gradient 0.42398, Quantile 0.80644) | LR 5.00e-04
2026-06-23 21:37:47,996 INFO Epoch 66 | Batch 350/1186 | Loss 4.32153 (NLL 4.34596 [logdet 1.44774, mahal 1.06034], L1 1.87431, Spectral 0.26336, Gradient 0.43277, Quantile 0.85057) | LR 5.00e-04
2026-06-23 21:38:21,133 INFO Epoch 66 | Batch 400/1186 | Loss 4.26120 (NLL 4.30022 [logdet 1.44452, mahal 1.01782], L1 1.84311, Spectral 0.25941, Gradient 0.42694, Quantile 0.82895) | LR 5.00e-04
2026-06-23 21:38:54,297 INFO Epoch 66 | Batch 450/1186 | Loss 4.26522 (NLL 4.33153 [logdet 1.41891, mahal 1.07474], L1 1.83537, Spectral 0.25840, Gradient 0.42617, Quantile 0.81389) | LR 5.00e-04
2026-06-23 21:39:27,447 INFO Epoch 66 | Batch 500/1186 | Loss 4.33495 (NLL 4.37172 [logdet 1.50143, mahal 1.03242], L1 1.88039, Spectral 0.26593, Gradient 0.43618, Quantile 0.82483) | LR 5.00e-04
2026-06-23 21:40:00,597 INFO Epoch 66 | Batch 550/1186 | Loss 4.26586 (NLL 4.30637 [logdet 1.45140, mahal 1.01709], L1 1.84293, Spectral 0.26234, Gradient 0.43038, Quantile 0.83311) | LR 5.00e-04
2026-06-23 21:40:33,734 INFO Epoch 66 | Batch 600/1186 | Loss 4.28663 (NLL 4.31445 [logdet 1.46982, mahal 1.00675], L1 1.86201, Spectral 0.26195, Gradient 0.43801, Quantile 0.82363) | LR 5.00e-04
2026-06-23 21:41:06,886 INFO Epoch 66 | Batch 650/1186 | Loss 4.26682 (NLL 4.30918 [logdet 1.43389, mahal 1.03742], L1 1.84715, Spectral 0.25529, Gradient 0.42930, Quantile 0.82130) | LR 5.00e-04
2026-06-23 21:41:40,035 INFO Epoch 66 | Batch 700/1186 | Loss 4.23932 (NLL 4.33011 [logdet 1.44795, mahal 1.04428], L1 1.81280, Spectral 0.25966, Gradient 0.42609, Quantile 0.80165) | LR 5.00e-04
2026-06-23 21:42:13,192 INFO Epoch 66 | Batch 750/1186 | Loss 4.26940 (NLL 4.32053 [logdet 1.46562, mahal 1.01703], L1 1.84253, Spectral 0.26261, Gradient 0.43293, Quantile 0.81974) | LR 5.00e-04
2026-06-23 21:42:46,336 INFO Epoch 66 | Batch 800/1186 | Loss 4.30492 (NLL 4.32538 [logdet 1.44666, mahal 1.04084], L1 1.87463, Spectral 0.26568, Gradient 0.43364, Quantile 0.82054) | LR 5.00e-04
2026-06-23 21:43:19,479 INFO Epoch 66 | Batch 850/1186 | Loss 4.24830 (NLL 4.32484 [logdet 1.46536, mahal 1.02161], L1 1.82112, Spectral 0.25479, Gradient 0.42714, Quantile 0.82053) | LR 5.00e-04
2026-06-23 21:43:52,638 INFO Epoch 66 | Batch 900/1186 | Loss 4.21777 (NLL 4.26931 [logdet 1.42547, mahal 1.00596], L1 1.82211, Spectral 0.25918, Gradient 0.42564, Quantile 0.80025) | LR 5.00e-04
2026-06-23 21:44:25,817 INFO Epoch 66 | Batch 950/1186 | Loss 4.32703 (NLL 4.34056 [logdet 1.47878, mahal 1.02391], L1 1.88507, Spectral 0.26547, Gradient 0.42958, Quantile 0.83776) | LR 5.00e-04
2026-06-23 21:44:58,976 INFO Epoch 66 | Batch 1000/1186 | Loss 4.23409 (NLL 4.27083 [logdet 1.43108, mahal 1.00187], L1 1.83272, Spectral 0.26799, Gradient 0.43245, Quantile 0.81129) | LR 5.00e-04
2026-06-23 21:45:32,130 INFO Epoch 66 | Batch 1050/1186 | Loss 4.26023 (NLL 4.31094 [logdet 1.41219, mahal 1.06087], L1 1.83888, Spectral 0.25369, Gradient 0.42569, Quantile 0.82633) | LR 5.00e-04
2026-06-23 21:46:05,283 INFO Epoch 66 | Batch 1100/1186 | Loss 4.29714 (NLL 4.33752 [logdet 1.44721, mahal 1.05243], L1 1.86438, Spectral 0.25999, Gradient 0.42701, Quantile 0.81178) | LR 5.00e-04
2026-06-23 21:46:38,448 INFO Epoch 66 | Batch 1150/1186 | Loss 4.32417 (NLL 4.35460 [logdet 1.47426, mahal 1.04246], L1 1.87458, Spectral 0.26034, Gradient 0.43246, Quantile 0.84575) | LR 5.00e-04
2026-06-23 21:47:58,466 INFO Epoch 66 | Val Loss 4.21591 (NLL 4.29197 [logdet 1.54345, mahal 0.91065], L1 1.78901, Spectral 0.26033, Gradient 0.42870, Quantile 0.88158)
2026-06-23 21:48:31,923 INFO Epoch 67 | Batch 50/1186 | Loss 4.30999 (NLL 4.34623 [logdet 1.47615, mahal 1.03220], L1 1.87152, Spectral 0.26187, Gradient 0.43362, Quantile 0.81533) | LR 5.00e-04
2026-06-23 21:49:05,072 INFO Epoch 67 | Batch 100/1186 | Loss 4.23890 (NLL 4.28771 [logdet 1.44576, mahal 1.00407], L1 1.82885, Spectral 0.25787, Gradient 0.42281, Quantile 0.82324) | LR 5.00e-04
2026-06-23 21:49:38,217 INFO Epoch 67 | Batch 150/1186 | Loss 4.33042 (NLL 4.35413 [logdet 1.49036, mahal 1.02589], L1 1.87819, Spectral 0.26668, Gradient 0.43223, Quantile 0.85088) | LR 5.00e-04
2026-06-23 21:50:11,356 INFO Epoch 67 | Batch 200/1186 | Loss 4.26808 (NLL 4.30171 [logdet 1.43997, mahal 1.02386], L1 1.84808, Spectral 0.26115, Gradient 0.43565, Quantile 0.83180) | LR 5.00e-04
2026-06-23 21:50:44,514 INFO Epoch 67 | Batch 250/1186 | Loss 4.29173 (NLL 4.32181 [logdet 1.42584, mahal 1.05810], L1 1.86608, Spectral 0.25958, Gradient 0.42828, Quantile 0.81528) | LR 5.00e-04
2026-06-23 21:51:17,680 INFO Epoch 67 | Batch 300/1186 | Loss 4.19612 (NLL 4.28561 [logdet 1.43762, mahal 1.01011], L1 1.79051, Spectral 0.25796, Gradient 0.42923, Quantile 0.80896) | LR 5.00e-04
2026-06-23 21:51:50,846 INFO Epoch 67 | Batch 350/1186 | Loss 4.24121 (NLL 4.29012 [logdet 1.42859, mahal 1.02365], L1 1.83155, Spectral 0.26119, Gradient 0.42475, Quantile 0.81300) | LR 5.00e-04
2026-06-23 21:52:24,000 INFO Epoch 67 | Batch 400/1186 | Loss 4.30692 (NLL 4.34628 [logdet 1.46188, mahal 1.04652], L1 1.86597, Spectral 0.25867, Gradient 0.43043, Quantile 0.82896) | LR 5.00e-04
2026-06-23 21:52:57,162 INFO Epoch 67 | Batch 450/1186 | Loss 4.34265 (NLL 4.35753 [logdet 1.50953, mahal 1.01013], L1 1.89324, Spectral 0.26235, Gradient 0.43355, Quantile 0.83677) | LR 5.00e-04
2026-06-23 21:53:30,300 INFO Epoch 67 | Batch 500/1186 | Loss 4.26520 (NLL 4.31017 [logdet 1.47650, mahal 0.99578], L1 1.84308, Spectral 0.26678, Gradient 0.43839, Quantile 0.81698) | LR 5.00e-04
2026-06-23 21:54:03,460 INFO Epoch 67 | Batch 550/1186 | Loss 4.27928 (NLL 4.30979 [logdet 1.47448, mahal 0.99743], L1 1.85478, Spectral 0.26334, Gradient 0.43372, Quantile 0.83138) | LR 5.00e-04
2026-06-23 21:54:36,614 INFO Epoch 67 | Batch 600/1186 | Loss 4.35775 (NLL 4.39506 [logdet 1.46844, mahal 1.08874], L1 1.89493, Spectral 0.26080, Gradient 0.43380, Quantile 0.81621) | LR 5.00e-04
2026-06-23 21:55:09,784 INFO Epoch 67 | Batch 650/1186 | Loss 4.27167 (NLL 4.31296 [logdet 1.45200, mahal 1.02308], L1 1.84696, Spectral 0.26206, Gradient 0.42646, Quantile 0.82716) | LR 5.00e-04
2026-06-23 21:55:42,923 INFO Epoch 67 | Batch 700/1186 | Loss 4.30689 (NLL 4.37273 [logdet 1.51008, mahal 1.02477], L1 1.85562, Spectral 0.26269, Gradient 0.43831, Quantile 0.81250) | LR 5.00e-04
2026-06-23 21:56:16,054 INFO Epoch 67 | Batch 750/1186 | Loss 4.43858 (NLL 4.43319 [logdet 1.53128, mahal 1.06403], L1 1.94190, Spectral 0.26853, Gradient 0.43911, Quantile 0.86922) | LR 5.00e-04
2026-06-23 21:56:49,218 INFO Epoch 67 | Batch 800/1186 | Loss 4.29341 (NLL 4.31272 [logdet 1.46424, mahal 1.01060], L1 1.86503, Spectral 0.26736, Gradient 0.43532, Quantile 0.83708) | LR 5.00e-04
2026-06-23 21:57:22,358 INFO Epoch 67 | Batch 850/1186 | Loss 4.24663 (NLL 4.30226 [logdet 1.45200, mahal 1.01239], L1 1.83508, Spectral 0.26004, Gradient 0.43484, Quantile 0.79679) | LR 5.00e-04
2026-06-23 21:57:55,474 INFO Epoch 67 | Batch 900/1186 | Loss 4.25672 (NLL 4.32240 [logdet 1.42089, mahal 1.06362], L1 1.83212, Spectral 0.25738, Gradient 0.42655, Quantile 0.81213) | LR 5.00e-04
2026-06-23 21:58:28,609 INFO Epoch 67 | Batch 950/1186 | Loss 4.21806 (NLL 4.28843 [logdet 1.47194, mahal 0.97862], L1 1.81209, Spectral 0.26440, Gradient 0.43109, Quantile 0.79769) | LR 5.00e-04
2026-06-23 21:59:01,782 INFO Epoch 67 | Batch 1000/1186 | Loss 4.26420 (NLL 4.32249 [logdet 1.42568, mahal 1.05892], L1 1.83818, Spectral 0.26506, Gradient 0.43495, Quantile 0.80946) | LR 5.00e-04
2026-06-23 21:59:34,906 INFO Epoch 67 | Batch 1050/1186 | Loss 4.28796 (NLL 4.30648 [logdet 1.47278, mahal 0.99583], L1 1.86667, Spectral 0.26262, Gradient 0.43439, Quantile 0.82572) | LR 5.00e-04
2026-06-23 22:00:08,051 INFO Epoch 67 | Batch 1100/1186 | Loss 4.24709 (NLL 4.29481 [logdet 1.44335, mahal 1.01358], L1 1.83622, Spectral 0.25837, Gradient 0.42457, Quantile 0.81137) | LR 5.00e-04
2026-06-23 22:00:41,200 INFO Epoch 67 | Batch 1150/1186 | Loss 4.33930 (NLL 4.36283 [logdet 1.45310, mahal 1.07185], L1 1.88712, Spectral 0.25801, Gradient 0.43034, Quantile 0.84194) | LR 5.00e-04
2026-06-23 22:02:02,244 INFO Epoch 67 | Val Loss 4.21143 (NLL 4.29911 [logdet 1.45968, mahal 1.00155], L1 1.78732, Spectral 0.26135, Gradient 0.43118, Quantile 0.85407)
2026-06-23 22:02:35,696 INFO Epoch 68 | Batch 50/1186 | Loss 4.29017 (NLL 4.33425 [logdet 1.46675, mahal 1.02962], L1 1.85655, Spectral 0.26437, Gradient 0.43469, Quantile 0.81738) | LR 5.00e-04
2026-06-23 22:03:08,860 INFO Epoch 68 | Batch 100/1186 | Loss 4.34742 (NLL 4.35209 [logdet 1.46371, mahal 1.05050], L1 1.89431, Spectral 0.26847, Gradient 0.44042, Quantile 0.85676) | LR 5.00e-04
2026-06-23 22:03:41,992 INFO Epoch 68 | Batch 150/1186 | Loss 4.21066 (NLL 4.28143 [logdet 1.42249, mahal 1.02106], L1 1.80950, Spectral 0.25994, Gradient 0.42699, Quantile 0.79712) | LR 5.00e-04
2026-06-23 22:04:15,150 INFO Epoch 68 | Batch 200/1186 | Loss 4.26238 (NLL 4.28680 [logdet 1.44398, mahal 1.00495], L1 1.84866, Spectral 0.26735, Gradient 0.43726, Quantile 0.83001) | LR 5.00e-04
2026-06-23 22:04:48,304 INFO Epoch 68 | Batch 250/1186 | Loss 4.24022 (NLL 4.28869 [logdet 1.42368, mahal 1.02714], L1 1.83193, Spectral 0.26017, Gradient 0.42852, Quantile 0.81137) | LR 5.00e-04
2026-06-23 22:05:21,460 INFO Epoch 68 | Batch 300/1186 | Loss 4.26058 (NLL 4.31140 [logdet 1.45337, mahal 1.02016], L1 1.84325, Spectral 0.26461, Gradient 0.43625, Quantile 0.79690) | LR 5.00e-04
2026-06-23 22:05:54,610 INFO Epoch 68 | Batch 350/1186 | Loss 4.20313 (NLL 4.27539 [logdet 1.40573, mahal 1.03179], L1 1.80215, Spectral 0.26091, Gradient 0.42182, Quantile 0.80787) | LR 5.00e-04
2026-06-23 22:06:27,762 INFO Epoch 68 | Batch 400/1186 | Loss 4.27254 (NLL 4.31788 [logdet 1.42907, mahal 1.05094], L1 1.84406, Spectral 0.26359, Gradient 0.43305, Quantile 0.83083) | LR 5.00e-04
2026-06-23 22:07:00,914 INFO Epoch 68 | Batch 450/1186 | Loss 4.32942 (NLL 4.36155 [logdet 1.48617, mahal 1.03751], L1 1.88210, Spectral 0.26560, Gradient 0.43518, Quantile 0.81623) | LR 5.00e-04
2026-06-23 22:07:34,066 INFO Epoch 68 | Batch 500/1186 | Loss 4.32542 (NLL 4.34161 [logdet 1.49229, mahal 1.01144], L1 1.87801, Spectral 0.27029, Gradient 0.44345, Quantile 0.85283) | LR 5.00e-04
2026-06-23 22:08:07,239 INFO Epoch 68 | Batch 550/1186 | Loss 4.20263 (NLL 4.28314 [logdet 1.40623, mahal 1.03903], L1 1.80271, Spectral 0.25743, Gradient 0.42481, Quantile 0.79115) | LR 5.00e-04
2026-06-23 22:08:40,407 INFO Epoch 68 | Batch 600/1186 | Loss 4.23002 (NLL 4.28197 [logdet 1.45642, mahal 0.98767], L1 1.82720, Spectral 0.25791, Gradient 0.42555, Quantile 0.80502) | LR 5.00e-04
2026-06-23 22:09:13,570 INFO Epoch 68 | Batch 650/1186 | Loss 4.21596 (NLL 4.27969 [logdet 1.40226, mahal 1.03955], L1 1.81373, Spectral 0.25333, Gradient 0.41980, Quantile 0.81232) | LR 5.00e-04
2026-06-23 22:09:46,728 INFO Epoch 68 | Batch 700/1186 | Loss 4.32688 (NLL 4.35599 [logdet 1.47528, mahal 1.04283], L1 1.87923, Spectral 0.26394, Gradient 0.43417, Quantile 0.83093) | LR 5.00e-04
2026-06-23 22:10:19,855 INFO Epoch 68 | Batch 750/1186 | Loss 4.29643 (NLL 4.34374 [logdet 1.49599, mahal 1.00987], L1 1.85971, Spectral 0.26077, Gradient 0.43425, Quantile 0.81438) | LR 5.00e-04
2026-06-23 22:10:53,031 INFO Epoch 68 | Batch 800/1186 | Loss 4.31406 (NLL 4.35763 [logdet 1.48318, mahal 1.03657], L1 1.86521, Spectral 0.26481, Gradient 0.43605, Quantile 0.83155) | LR 5.00e-04
2026-06-23 22:11:26,189 INFO Epoch 68 | Batch 850/1186 | Loss 4.26842 (NLL 4.30179 [logdet 1.47969, mahal 0.98422], L1 1.85155, Spectral 0.26205, Gradient 0.43906, Quantile 0.81763) | LR 5.00e-04
2026-06-23 22:11:59,350 INFO Epoch 68 | Batch 900/1186 | Loss 4.32091 (NLL 4.34910 [logdet 1.43857, mahal 1.07265], L1 1.87700, Spectral 0.25893, Gradient 0.42663, Quantile 0.83520) | LR 5.00e-04
2026-06-23 22:12:32,528 INFO Epoch 68 | Batch 950/1186 | Loss 4.21688 (NLL 4.29233 [logdet 1.44518, mahal 1.00928], L1 1.81300, Spectral 0.25445, Gradient 0.42042, Quantile 0.79172) | LR 5.00e-04
2026-06-23 22:13:05,653 INFO Epoch 68 | Batch 1000/1186 | Loss 4.32837 (NLL 4.34769 [logdet 1.43902, mahal 1.07079], L1 1.87382, Spectral 0.26437, Gradient 0.43212, Quantile 0.87638) | LR 5.00e-04
2026-06-23 22:13:38,802 INFO Epoch 68 | Batch 1050/1186 | Loss 4.32228 (NLL 4.34943 [logdet 1.49074, mahal 1.02081], L1 1.88017, Spectral 0.26133, Gradient 0.43157, Quantile 0.82441) | LR 5.00e-04
2026-06-23 22:14:11,947 INFO Epoch 68 | Batch 1100/1186 | Loss 4.30729 (NLL 4.35281 [logdet 1.48639, mahal 1.02854], L1 1.86118, Spectral 0.26065, Gradient 0.42908, Quantile 0.83475) | LR 5.00e-04
2026-06-23 22:14:45,093 INFO Epoch 68 | Batch 1150/1186 | Loss 4.43141 (NLL 4.43533 [logdet 1.54365, mahal 1.05380], L1 1.93630, Spectral 0.26622, Gradient 0.44403, Quantile 0.86068) | LR 5.00e-04
2026-06-23 22:16:05,566 INFO Epoch 68 | Val Loss 4.22429 (NLL 4.30978 [logdet 1.56575, mahal 0.90616], L1 1.80072, Spectral 0.26172, Gradient 0.43280, Quantile 0.82929)
2026-06-23 22:16:39,020 INFO Epoch 69 | Batch 50/1186 | Loss 4.25457 (NLL 4.30530 [logdet 1.49632, mahal 0.97111], L1 1.83884, Spectral 0.25801, Gradient 0.43008, Quantile 0.81004) | LR 5.00e-04
2026-06-23 22:17:12,177 INFO Epoch 69 | Batch 100/1186 | Loss 4.24300 (NLL 4.29968 [logdet 1.42027, mahal 1.04154], L1 1.83066, Spectral 0.25705, Gradient 0.42604, Quantile 0.80870) | LR 5.00e-04
2026-06-23 22:17:45,341 INFO Epoch 69 | Batch 150/1186 | Loss 4.18239 (NLL 4.24300 [logdet 1.38962, mahal 1.01550], L1 1.80000, Spectral 0.26024, Gradient 0.43114, Quantile 0.79858) | LR 5.00e-04
2026-06-23 22:18:18,495 INFO Epoch 69 | Batch 200/1186 | Loss 4.31193 (NLL 4.36091 [logdet 1.45716, mahal 1.06587], L1 1.86311, Spectral 0.26662, Gradient 0.43871, Quantile 0.82266) | LR 5.00e-04
2026-06-23 22:18:51,635 INFO Epoch 69 | Batch 250/1186 | Loss 4.37574 (NLL 4.37757 [logdet 1.50399, mahal 1.03571], L1 1.91200, Spectral 0.26480, Gradient 0.44042, Quantile 0.85192) | LR 5.00e-04
2026-06-23 22:19:24,783 INFO Epoch 69 | Batch 300/1186 | Loss 4.36757 (NLL 4.38839 [logdet 1.52454, mahal 1.02597], L1 1.89788, Spectral 0.26960, Gradient 0.44150, Quantile 0.84902) | LR 5.00e-04
2026-06-23 22:19:57,910 INFO Epoch 69 | Batch 350/1186 | Loss 4.27411 (NLL 4.31807 [logdet 1.45582, mahal 1.02437], L1 1.84673, Spectral 0.26187, Gradient 0.42889, Quantile 0.82779) | LR 5.00e-04
2026-06-23 22:20:31,064 INFO Epoch 69 | Batch 400/1186 | Loss 4.38563 (NLL 4.39502 [logdet 1.50363, mahal 1.05351], L1 1.91149, Spectral 0.27326, Gradient 0.44278, Quantile 0.84979) | LR 5.00e-04
2026-06-23 22:21:04,224 INFO Epoch 69 | Batch 450/1186 | Loss 4.19924 (NLL 4.30043 [logdet 1.43133, mahal 1.03122], L1 1.79142, Spectral 0.26303, Gradient 0.42522, Quantile 0.78204) | LR 5.00e-04
2026-06-23 22:21:37,379 INFO Epoch 69 | Batch 500/1186 | Loss 4.31955 (NLL 4.33331 [logdet 1.47382, mahal 1.02161], L1 1.88420, Spectral 0.26098, Gradient 0.42915, Quantile 0.83015) | LR 5.00e-04
2026-06-23 22:22:10,534 INFO Epoch 69 | Batch 550/1186 | Loss 4.34906 (NLL 4.36343 [logdet 1.49233, mahal 1.03322], L1 1.89027, Spectral 0.26179, Gradient 0.43828, Quantile 0.86399) | LR 5.00e-04
2026-06-23 22:22:43,699 INFO Epoch 69 | Batch 600/1186 | Loss 4.36541 (NLL 4.40367 [logdet 1.52035, mahal 1.04544], L1 1.89042, Spectral 0.26013, Gradient 0.42973, Quantile 0.84956) | LR 5.00e-04
2026-06-23 22:23:16,836 INFO Epoch 69 | Batch 650/1186 | Loss 4.22620 (NLL 4.25830 [logdet 1.41610, mahal 1.00431], L1 1.83637, Spectral 0.25639, Gradient 0.42593, Quantile 0.80190) | LR 5.00e-04
2026-06-23 22:23:49,970 INFO Epoch 69 | Batch 700/1186 | Loss 4.28809 (NLL 4.31975 [logdet 1.46886, mahal 1.01301], L1 1.86276, Spectral 0.26260, Gradient 0.42844, Quantile 0.81501) | LR 5.00e-04
2026-06-23 22:24:23,132 INFO Epoch 69 | Batch 750/1186 | Loss 4.27601 (NLL 4.30807 [logdet 1.47766, mahal 0.99253], L1 1.85438, Spectral 0.26548, Gradient 0.43632, Quantile 0.82071) | LR 5.00e-04
2026-06-23 22:24:56,279 INFO Epoch 69 | Batch 800/1186 | Loss 4.23466 (NLL 4.29877 [logdet 1.43292, mahal 1.02797], L1 1.82045, Spectral 0.26250, Gradient 0.43119, Quantile 0.81245) | LR 5.00e-04
2026-06-23 22:25:29,409 INFO Epoch 69 | Batch 850/1186 | Loss 4.25194 (NLL 4.30824 [logdet 1.41929, mahal 1.05107], L1 1.83222, Spectral 0.26159, Gradient 0.43327, Quantile 0.81665) | LR 5.00e-04
2026-06-23 22:26:02,516 INFO Epoch 69 | Batch 900/1186 | Loss 4.23353 (NLL 4.29104 [logdet 1.40198, mahal 1.05118], L1 1.82627, Spectral 0.25159, Gradient 0.41750, Quantile 0.81155) | LR 5.00e-04
2026-06-23 22:26:35,656 INFO Epoch 69 | Batch 950/1186 | Loss 4.39394 (NLL 4.39449 [logdet 1.53334, mahal 1.02328], L1 1.92350, Spectral 0.26511, Gradient 0.43801, Quantile 0.84433) | LR 5.00e-04
2026-06-23 22:27:08,757 INFO Epoch 69 | Batch 1000/1186 | Loss 4.29717 (NLL 4.33472 [logdet 1.48068, mahal 1.01616], L1 1.85700, Spectral 0.26366, Gradient 0.42574, Quantile 0.84443) | LR 5.00e-04
2026-06-23 22:27:41,886 INFO Epoch 69 | Batch 1050/1186 | Loss 4.23023 (NLL 4.26901 [logdet 1.43052, mahal 1.00061], L1 1.83086, Spectral 0.26292, Gradient 0.43753, Quantile 0.81208) | LR 5.00e-04
2026-06-23 22:28:15,026 INFO Epoch 69 | Batch 1100/1186 | Loss 4.23301 (NLL 4.29547 [logdet 1.42279, mahal 1.03480], L1 1.82325, Spectral 0.25981, Gradient 0.43184, Quantile 0.80371) | LR 5.00e-04
2026-06-23 22:28:48,168 INFO Epoch 69 | Batch 1150/1186 | Loss 4.30503 (NLL 4.33803 [logdet 1.44932, mahal 1.05083], L1 1.86739, Spectral 0.26078, Gradient 0.43146, Quantile 0.83009) | LR 5.00e-04
2026-06-23 22:30:09,172 INFO Epoch 69 | Val Loss 4.21132 (NLL 4.28811 [logdet 1.44696, mahal 1.00327], L1 1.78897, Spectral 0.26140, Gradient 0.43028, Quantile 0.86956)
2026-06-23 22:30:42,605 INFO Epoch 70 | Batch 50/1186 | Loss 4.25111 (NLL 4.28573 [logdet 1.44144, mahal 1.00641], L1 1.84287, Spectral 0.26023, Gradient 0.42872, Quantile 0.81725) | LR 5.00e-04
2026-06-23 22:31:15,743 INFO Epoch 70 | Batch 100/1186 | Loss 4.30536 (NLL 4.37217 [logdet 1.48273, mahal 1.05156], L1 1.84970, Spectral 0.26301, Gradient 0.43121, Quantile 0.83165) | LR 5.00e-04
2026-06-23 22:31:48,888 INFO Epoch 70 | Batch 150/1186 | Loss 4.32974 (NLL 4.36022 [logdet 1.48805, mahal 1.03429], L1 1.87907, Spectral 0.26663, Gradient 0.43530, Quantile 0.83178) | LR 5.00e-04
2026-06-23 22:32:22,019 INFO Epoch 70 | Batch 200/1186 | Loss 4.22936 (NLL 4.30187 [logdet 1.44030, mahal 1.02370], L1 1.81537, Spectral 0.25665, Gradient 0.42532, Quantile 0.81148) | LR 5.00e-04
2026-06-23 22:32:55,151 INFO Epoch 70 | Batch 250/1186 | Loss 4.25220 (NLL 4.28822 [logdet 1.44847, mahal 1.00188], L1 1.84026, Spectral 0.26467, Gradient 0.42789, Quantile 0.82267) | LR 5.00e-04
2026-06-23 22:33:28,306 INFO Epoch 70 | Batch 300/1186 | Loss 4.28853 (NLL 4.34084 [logdet 1.48143, mahal 1.02153], L1 1.85095, Spectral 0.26198, Gradient 0.43431, Quantile 0.82266) | LR 5.00e-04
2026-06-23 22:34:01,421 INFO Epoch 70 | Batch 350/1186 | Loss 4.21302 (NLL 4.26438 [logdet 1.43065, mahal 0.99585], L1 1.82007, Spectral 0.26152, Gradient 0.43343, Quantile 0.79661) | LR 5.00e-04
2026-06-23 22:34:34,551 INFO Epoch 70 | Batch 400/1186 | Loss 4.31813 (NLL 4.35909 [logdet 1.48367, mahal 1.03754], L1 1.86981, Spectral 0.25604, Gradient 0.43068, Quantile 0.83576) | LR 5.00e-04
2026-06-23 22:35:07,697 INFO Epoch 70 | Batch 450/1186 | Loss 4.23983 (NLL 4.30945 [logdet 1.43359, mahal 1.03798], L1 1.82329, Spectral 0.26070, Gradient 0.43129, Quantile 0.80192) | LR 5.00e-04
2026-06-23 22:35:40,820 INFO Epoch 70 | Batch 500/1186 | Loss 4.25613 (NLL 4.32444 [logdet 1.44845, mahal 1.03812], L1 1.82677, Spectral 0.25732, Gradient 0.42480, Quantile 0.82771) | LR 5.00e-04
2026-06-23 22:36:13,945 INFO Epoch 70 | Batch 550/1186 | Loss 4.30646 (NLL 4.32665 [logdet 1.46763, mahal 1.02115], L1 1.87594, Spectral 0.25409, Gradient 0.42474, Quantile 0.83136) | LR 5.00e-04
2026-06-23 22:36:47,061 INFO Epoch 70 | Batch 600/1186 | Loss 4.25789 (NLL 4.28045 [logdet 1.44236, mahal 1.00022], L1 1.84924, Spectral 0.26366, Gradient 0.43622, Quantile 0.82613) | LR 5.00e-04
2026-06-23 22:37:20,205 INFO Epoch 70 | Batch 650/1186 | Loss 4.35085 (NLL 4.36654 [logdet 1.47070, mahal 1.05796], L1 1.89087, Spectral 0.27229, Gradient 0.44062, Quantile 0.85120) | LR 5.00e-04
2026-06-23 22:37:53,351 INFO Epoch 70 | Batch 700/1186 | Loss 4.33771 (NLL 4.35090 [logdet 1.46438, mahal 1.04864], L1 1.89047, Spectral 0.26180, Gradient 0.43563, Quantile 0.84209) | LR 5.00e-04
2026-06-23 22:38:26,472 INFO Epoch 70 | Batch 750/1186 | Loss 4.28067 (NLL 4.32719 [logdet 1.48635, mahal 1.00297], L1 1.85280, Spectral 0.26051, Gradient 0.43238, Quantile 0.81228) | LR 5.00e-04
2026-06-23 22:38:59,604 INFO Epoch 70 | Batch 800/1186 | Loss 4.29979 (NLL 4.32553 [logdet 1.44947, mahal 1.03818], L1 1.87033, Spectral 0.25873, Gradient 0.42867, Quantile 0.82430) | LR 5.00e-04
2026-06-23 22:39:32,735 INFO Epoch 70 | Batch 850/1186 | Loss 4.43783 (NLL 4.42619 [logdet 1.55909, mahal 1.02923], L1 1.94150, Spectral 0.27007, Gradient 0.44233, Quantile 0.88064) | LR 5.00e-04
2026-06-23 22:40:05,860 INFO Epoch 70 | Batch 900/1186 | Loss 4.29070 (NLL 4.32558 [logdet 1.48768, mahal 1.00002], L1 1.85941, Spectral 0.27010, Gradient 0.44692, Quantile 0.81942) | LR 5.00e-04
2026-06-23 22:40:39,001 INFO Epoch 70 | Batch 950/1186 | Loss 4.20673 (NLL 4.26845 [logdet 1.40626, mahal 1.02431], L1 1.80959, Spectral 0.26053, Gradient 0.42629, Quantile 0.80675) | LR 5.00e-04
2026-06-23 22:41:12,133 INFO Epoch 70 | Batch 1000/1186 | Loss 4.31024 (NLL 4.33894 [logdet 1.46741, mahal 1.03365], L1 1.87043, Spectral 0.26312, Gradient 0.42964, Quantile 0.83473) | LR 5.00e-04
2026-06-23 22:41:45,268 INFO Epoch 70 | Batch 1050/1186 | Loss 4.16124 (NLL 4.24847 [logdet 1.40429, mahal 1.00631], L1 1.77748, Spectral 0.25961, Gradient 0.42462, Quantile 0.79366) | LR 5.00e-04
2026-06-23 22:42:18,370 INFO Epoch 70 | Batch 1100/1186 | Loss 4.24303 (NLL 4.27901 [logdet 1.42928, mahal 1.01186], L1 1.84050, Spectral 0.26056, Gradient 0.42914, Quantile 0.80709) | LR 5.00e-04
2026-06-23 22:42:51,494 INFO Epoch 70 | Batch 1150/1186 | Loss 4.28530 (NLL 4.32100 [logdet 1.43080, mahal 1.05233], L1 1.86361, Spectral 0.26171, Gradient 0.42940, Quantile 0.79825) | LR 5.00e-04
2026-06-23 22:44:11,989 INFO Epoch 70 | Val Loss 4.21449 (NLL 4.30554 [logdet 1.54800, mahal 0.91966], L1 1.78686, Spectral 0.26111, Gradient 0.42970, Quantile 0.85561)
2026-06-23 22:44:45,439 INFO Epoch 71 | Batch 50/1186 | Loss 4.23566 (NLL 4.29097 [logdet 1.42128, mahal 1.03182], L1 1.82226, Spectral 0.25980, Gradient 0.42878, Quantile 0.82823) | LR 5.00e-04
2026-06-23 22:45:18,556 INFO Epoch 71 | Batch 100/1186 | Loss 4.39532 (NLL 4.38936 [logdet 1.54613, mahal 1.00535], L1 1.92620, Spectral 0.27103, Gradient 0.44232, Quantile 0.84309) | LR 5.00e-04
2026-06-23 22:45:51,676 INFO Epoch 71 | Batch 150/1186 | Loss 4.31635 (NLL 4.34580 [logdet 1.46951, mahal 1.03841], L1 1.87394, Spectral 0.26867, Gradient 0.44381, Quantile 0.82517) | LR 5.00e-04
2026-06-23 22:46:24,813 INFO Epoch 71 | Batch 200/1186 | Loss 4.32011 (NLL 4.32863 [logdet 1.48251, mahal 1.00824], L1 1.88415, Spectral 0.26440, Gradient 0.43750, Quantile 0.83865) | LR 5.00e-04
2026-06-23 22:46:57,949 INFO Epoch 71 | Batch 250/1186 | Loss 4.22703 (NLL 4.27656 [logdet 1.42040, mahal 1.01829], L1 1.82354, Spectral 0.26439, Gradient 0.43231, Quantile 0.81204) | LR 5.00e-04
2026-06-23 22:47:31,084 INFO Epoch 71 | Batch 300/1186 | Loss 4.27225 (NLL 4.33269 [logdet 1.44392, mahal 1.05089], L1 1.83782, Spectral 0.26117, Gradient 0.42925, Quantile 0.82745) | LR 5.00e-04
2026-06-23 22:48:04,205 INFO Epoch 71 | Batch 350/1186 | Loss 4.29554 (NLL 4.33769 [logdet 1.45743, mahal 1.04239], L1 1.85747, Spectral 0.25694, Gradient 0.42502, Quantile 0.83674) | LR 5.00e-04
2026-06-23 22:48:37,330 INFO Epoch 71 | Batch 400/1186 | Loss 4.24239 (NLL 4.30228 [logdet 1.43241, mahal 1.03199], L1 1.82696, Spectral 0.26489, Gradient 0.43354, Quantile 0.80770) | LR 5.00e-04
2026-06-23 22:49:10,457 INFO Epoch 71 | Batch 450/1186 | Loss 4.28313 (NLL 4.32972 [logdet 1.47647, mahal 1.01537], L1 1.85025, Spectral 0.26176, Gradient 0.42981, Quantile 0.82657) | LR 5.00e-04
2026-06-23 22:49:43,570 INFO Epoch 71 | Batch 500/1186 | Loss 4.27173 (NLL 4.30029 [logdet 1.44976, mahal 1.01266], L1 1.85550, Spectral 0.25904, Gradient 0.43610, Quantile 0.82135) | LR 5.00e-04
2026-06-23 22:50:16,690 INFO Epoch 71 | Batch 550/1186 | Loss 4.25116 (NLL 4.28808 [logdet 1.45507, mahal 0.99514], L1 1.84102, Spectral 0.25863, Gradient 0.42894, Quantile 0.82192) | LR 5.00e-04
2026-06-23 22:50:49,824 INFO Epoch 71 | Batch 600/1186 | Loss 4.24960 (NLL 4.29789 [logdet 1.42809, mahal 1.03192], L1 1.83127, Spectral 0.26730, Gradient 0.43368, Quantile 0.82619) | LR 5.00e-04
2026-06-23 22:51:22,954 INFO Epoch 71 | Batch 650/1186 | Loss 4.27577 (NLL 4.31681 [logdet 1.46747, mahal 1.01147], L1 1.85336, Spectral 0.25758, Gradient 0.42442, Quantile 0.81439) | LR 5.00e-04
2026-06-23 22:51:56,061 INFO Epoch 71 | Batch 700/1186 | Loss 4.27718 (NLL 4.32660 [logdet 1.44695, mahal 1.04177], L1 1.84714, Spectral 0.26016, Gradient 0.42748, Quantile 0.82298) | LR 5.00e-04
2026-06-23 22:52:29,163 INFO Epoch 71 | Batch 750/1186 | Loss 4.29734 (NLL 4.34549 [logdet 1.46987, mahal 1.03775], L1 1.85583, Spectral 0.26154, Gradient 0.43440, Quantile 0.82980) | LR 5.00e-04
2026-06-23 22:53:02,293 INFO Epoch 71 | Batch 800/1186 | Loss 4.23089 (NLL 4.28451 [logdet 1.41969, mahal 1.02694], L1 1.82310, Spectral 0.25938, Gradient 0.42655, Quantile 0.81885) | LR 5.00e-04
2026-06-23 22:53:35,405 INFO Epoch 71 | Batch 850/1186 | Loss 4.22699 (NLL 4.28250 [logdet 1.40368, mahal 1.04094], L1 1.82519, Spectral 0.26071, Gradient 0.42287, Quantile 0.79676) | LR 5.00e-04
2026-06-23 22:54:08,533 INFO Epoch 71 | Batch 900/1186 | Loss 4.23138 (NLL 4.31171 [logdet 1.41634, mahal 1.05749], L1 1.80982, Spectral 0.25874, Gradient 0.43014, Quantile 0.82017) | LR 5.00e-04
2026-06-23 22:54:41,651 INFO Epoch 71 | Batch 950/1186 | Loss 4.33084 (NLL 4.35720 [logdet 1.52046, mahal 0.99886], L1 1.88224, Spectral 0.26601, Gradient 0.43594, Quantile 0.83012) | LR 5.00e-04
2026-06-23 22:55:14,762 INFO Epoch 71 | Batch 1000/1186 | Loss 4.25662 (NLL 4.30432 [logdet 1.41952, mahal 1.04691], L1 1.83926, Spectral 0.26067, Gradient 0.43100, Quantile 0.81602) | LR 5.00e-04
2026-06-23 22:55:47,894 INFO Epoch 71 | Batch 1050/1186 | Loss 4.33613 (NLL 4.37495 [logdet 1.47947, mahal 1.05760], L1 1.87812, Spectral 0.26104, Gradient 0.43379, Quantile 0.83773) | LR 5.00e-04
2026-06-23 22:56:21,018 INFO Epoch 71 | Batch 1100/1186 | Loss 4.34289 (NLL 4.36002 [logdet 1.50988, mahal 1.01227], L1 1.89589, Spectral 0.25620, Gradient 0.42610, Quantile 0.82824) | LR 5.00e-04
2026-06-23 22:56:54,121 INFO Epoch 71 | Batch 1150/1186 | Loss 4.26172 (NLL 4.30400 [logdet 1.45425, mahal 1.01188], L1 1.84169, Spectral 0.26292, Gradient 0.43232, Quantile 0.82529) | LR 5.00e-04
2026-06-23 22:58:15,115 INFO Epoch 71 | Val Loss 4.20173 (NLL 4.29164 [logdet 1.37674, mahal 1.07702], L1 1.78967, Spectral 0.26076, Gradient 0.42983, Quantile 0.82021)
2026-06-23 22:58:15,615 INFO New best val loss: 4.20173 (saved checkpoints/best.pth)
2026-06-23 22:58:48,747 INFO Epoch 72 | Batch 50/1186 | Loss 4.27421 (NLL 4.31889 [logdet 1.43261, mahal 1.04840], L1 1.84545, Spectral 0.26223, Gradient 0.43197, Quantile 0.83135) | LR 5.00e-04
2026-06-23 22:59:21,876 INFO Epoch 72 | Batch 100/1186 | Loss 4.30495 (NLL 4.32724 [logdet 1.48995, mahal 0.99942], L1 1.86956, Spectral 0.26698, Gradient 0.42997, Quantile 0.83654) | LR 5.00e-04
2026-06-23 22:59:55,010 INFO Epoch 72 | Batch 150/1186 | Loss 4.23117 (NLL 4.29189 [logdet 1.42549, mahal 1.02853], L1 1.82337, Spectral 0.25797, Gradient 0.42737, Quantile 0.80509) | LR 5.00e-04
2026-06-23 23:00:28,117 INFO Epoch 72 | Batch 200/1186 | Loss 4.25982 (NLL 4.31829 [logdet 1.42448, mahal 1.05594], L1 1.83775, Spectral 0.25433, Gradient 0.42673, Quantile 0.81340) | LR 5.00e-04
2026-06-23 23:01:01,252 INFO Epoch 72 | Batch 250/1186 | Loss 4.18149 (NLL 4.25637 [logdet 1.39903, mahal 1.01947], L1 1.79066, Spectral 0.25987, Gradient 0.42846, Quantile 0.80628) | LR 5.00e-04
2026-06-23 23:01:34,377 INFO Epoch 72 | Batch 300/1186 | Loss 4.22463 (NLL 4.27623 [logdet 1.43886, mahal 0.99949], L1 1.82783, Spectral 0.26194, Gradient 0.43262, Quantile 0.78759) | LR 5.00e-04
2026-06-23 23:02:07,496 INFO Epoch 72 | Batch 350/1186 | Loss 4.19943 (NLL 4.26666 [logdet 1.39950, mahal 1.02929], L1 1.80150, Spectral 0.26187, Gradient 0.42788, Quantile 0.81228) | LR 5.00e-04
2026-06-23 23:02:40,605 INFO Epoch 72 | Batch 400/1186 | Loss 4.32847 (NLL 4.34389 [logdet 1.46487, mahal 1.04114], L1 1.88484, Spectral 0.26677, Gradient 0.44025, Quantile 0.83625) | LR 5.00e-04
2026-06-23 23:03:13,717 INFO Epoch 72 | Batch 450/1186 | Loss 4.23197 (NLL 4.29723 [logdet 1.43904, mahal 1.02031], L1 1.82171, Spectral 0.26313, Gradient 0.43121, Quantile 0.79861) | LR 5.00e-04
2026-06-23 23:03:46,825 INFO Epoch 72 | Batch 500/1186 | Loss 4.35880 (NLL 4.36928 [logdet 1.49667, mahal 1.03473], L1 1.90151, Spectral 0.26211, Gradient 0.43406, Quantile 0.84532) | LR 5.00e-04
2026-06-23 23:04:19,932 INFO Epoch 72 | Batch 550/1186 | Loss 4.30616 (NLL 4.34464 [logdet 1.47166, mahal 1.03511], L1 1.86425, Spectral 0.26076, Gradient 0.42737, Quantile 0.83415) | LR 5.00e-04
2026-06-23 23:04:53,065 INFO Epoch 72 | Batch 600/1186 | Loss 4.26840 (NLL 4.30827 [logdet 1.44490, mahal 1.02550], L1 1.84794, Spectral 0.26054, Gradient 0.42717, Quantile 0.82084) | LR 5.00e-04
2026-06-23 23:05:26,191 INFO Epoch 72 | Batch 650/1186 | Loss 4.30339 (NLL 4.33991 [logdet 1.48175, mahal 1.02028], L1 1.86597, Spectral 0.26178, Gradient 0.42824, Quantile 0.82424) | LR 5.00e-04
2026-06-23 23:05:59,300 INFO Epoch 72 | Batch 700/1186 | Loss 4.32618 (NLL 4.33904 [logdet 1.48803, mahal 1.01313], L1 1.88252, Spectral 0.26718, Gradient 0.43717, Quantile 0.84608) | LR 5.00e-04
2026-06-23 23:06:32,418 INFO Epoch 72 | Batch 750/1186 | Loss 4.23910 (NLL 4.29311 [logdet 1.43681, mahal 1.01842], L1 1.82839, Spectral 0.26740, Gradient 0.43217, Quantile 0.80442) | LR 5.00e-04
2026-06-23 23:07:05,525 INFO Epoch 72 | Batch 800/1186 | Loss 4.27572 (NLL 4.31659 [logdet 1.40818, mahal 1.07053], L1 1.84642, Spectral 0.26274, Gradient 0.43259, Quantile 0.83784) | LR 5.00e-04
2026-06-23 23:07:38,639 INFO Epoch 72 | Batch 850/1186 | Loss 4.26375 (NLL 4.29933 [logdet 1.45390, mahal 1.00756], L1 1.84772, Spectral 0.25971, Gradient 0.42967, Quantile 0.82185) | LR 5.00e-04
2026-06-23 23:08:11,758 INFO Epoch 72 | Batch 900/1186 | Loss 4.33681 (NLL 4.36152 [logdet 1.49901, mahal 1.02463], L1 1.88546, Spectral 0.26463, Gradient 0.43089, Quantile 0.83414) | LR 5.00e-04
2026-06-23 23:08:44,874 INFO Epoch 72 | Batch 950/1186 | Loss 4.27808 (NLL 4.31011 [logdet 1.45735, mahal 1.01488], L1 1.85378, Spectral 0.26002, Gradient 0.43075, Quantile 0.83346) | LR 5.00e-04
2026-06-23 23:09:17,987 INFO Epoch 72 | Batch 1000/1186 | Loss 4.29401 (NLL 4.33977 [logdet 1.45840, mahal 1.04349], L1 1.85707, Spectral 0.26065, Gradient 0.43207, Quantile 0.82371) | LR 5.00e-04
2026-06-23 23:09:51,093 INFO Epoch 72 | Batch 1050/1186 | Loss 4.32313 (NLL 4.36756 [logdet 1.47416, mahal 1.05553], L1 1.87005, Spectral 0.25976, Gradient 0.43067, Quantile 0.83397) | LR 5.00e-04
2026-06-23 23:10:24,207 INFO Epoch 72 | Batch 1100/1186 | Loss 4.30918 (NLL 4.33505 [logdet 1.44982, mahal 1.04735], L1 1.86967, Spectral 0.26492, Gradient 0.44198, Quantile 0.83946) | LR 5.00e-04
2026-06-23 23:10:57,306 INFO Epoch 72 | Batch 1150/1186 | Loss 4.26197 (NLL 4.32199 [logdet 1.44932, mahal 1.03479], L1 1.83825, Spectral 0.25889, Gradient 0.42941, Quantile 0.80765) | LR 5.00e-04
2026-06-23 23:12:18,223 INFO Epoch 72 | Val Loss 4.22797 (NLL 4.29828 [logdet 1.45407, mahal 1.00633], L1 1.79380, Spectral 0.26210, Gradient 0.43065, Quantile 0.89671)
2026-06-23 23:12:51,650 INFO Epoch 73 | Batch 50/1186 | Loss 4.16552 (NLL 4.23280 [logdet 1.39106, mahal 1.00385], L1 1.78367, Spectral 0.25746, Gradient 0.42562, Quantile 0.82056) | LR 5.00e-04
2026-06-23 23:13:24,769 INFO Epoch 73 | Batch 100/1186 | Loss 4.33077 (NLL 4.34589 [logdet 1.46701, mahal 1.04101], L1 1.89173, Spectral 0.25763, Gradient 0.42974, Quantile 0.82298) | LR 5.00e-04
2026-06-23 23:13:57,880 INFO Epoch 73 | Batch 150/1186 | Loss 4.23238 (NLL 4.29309 [logdet 1.44130, mahal 1.01392], L1 1.82311, Spectral 0.25591, Gradient 0.42713, Quantile 0.81084) | LR 5.00e-04
2026-06-23 23:14:31,015 INFO Epoch 73 | Batch 200/1186 | Loss 4.22342 (NLL 4.29831 [logdet 1.42511, mahal 1.03532], L1 1.81652, Spectral 0.26235, Gradient 0.42950, Quantile 0.78330) | LR 5.00e-04
2026-06-23 23:15:04,115 INFO Epoch 73 | Batch 250/1186 | Loss 4.22312 (NLL 4.32279 [logdet 1.42865, mahal 1.05626], L1 1.80053, Spectral 0.25877, Gradient 0.42591, Quantile 0.80147) | LR 5.00e-04
2026-06-23 23:15:37,225 INFO Epoch 73 | Batch 300/1186 | Loss 4.21399 (NLL 4.26571 [logdet 1.44159, mahal 0.98624], L1 1.81544, Spectral 0.26431, Gradient 0.43281, Quantile 0.81412) | LR 5.00e-04
2026-06-23 23:16:10,328 INFO Epoch 73 | Batch 350/1186 | Loss 4.30353 (NLL 4.33871 [logdet 1.45213, mahal 1.04870], L1 1.86293, Spectral 0.26062, Gradient 0.43465, Quantile 0.84110) | LR 5.00e-04
2026-06-23 23:16:43,432 INFO Epoch 73 | Batch 400/1186 | Loss 4.34056 (NLL 4.35135 [logdet 1.47758, mahal 1.03589], L1 1.89261, Spectral 0.26400, Gradient 0.43329, Quantile 0.84176) | LR 5.00e-04
2026-06-23 23:17:16,551 INFO Epoch 73 | Batch 450/1186 | Loss 4.34895 (NLL 4.35624 [logdet 1.47709, mahal 1.04128], L1 1.89554, Spectral 0.26647, Gradient 0.43315, Quantile 0.85162) | LR 5.00e-04
2026-06-23 23:17:49,659 INFO Epoch 73 | Batch 500/1186 | Loss 4.18717 (NLL 4.27124 [logdet 1.39975, mahal 1.03362], L1 1.79202, Spectral 0.25967, Gradient 0.42575, Quantile 0.79359) | LR 5.00e-04
2026-06-23 23:18:22,738 INFO Epoch 73 | Batch 550/1186 | Loss 4.41307 (NLL 4.39631 [logdet 1.50958, mahal 1.04885], L1 1.94171, Spectral 0.26996, Gradient 0.44062, Quantile 0.83916) | LR 5.00e-04
2026-06-23 23:18:55,837 INFO Epoch 73 | Batch 600/1186 | Loss 4.17694 (NLL 4.25308 [logdet 1.43794, mahal 0.97726], L1 1.79111, Spectral 0.25792, Gradient 0.42320, Quantile 0.79451) | LR 5.00e-04
2026-06-23 23:19:28,942 INFO Epoch 73 | Batch 650/1186 | Loss 4.30005 (NLL 4.33658 [logdet 1.44022, mahal 1.05848], L1 1.86230, Spectral 0.26379, Gradient 0.43384, Quantile 0.83031) | LR 5.00e-04
2026-06-23 23:20:02,065 INFO Epoch 73 | Batch 700/1186 | Loss 4.33169 (NLL 4.35231 [logdet 1.47402, mahal 1.04041], L1 1.88334, Spectral 0.26700, Gradient 0.44175, Quantile 0.83811) | LR 5.00e-04
2026-06-23 23:20:35,165 INFO Epoch 73 | Batch 750/1186 | Loss 4.23824 (NLL 4.31483 [logdet 1.43415, mahal 1.04280], L1 1.82006, Spectral 0.25671, Gradient 0.42821, Quantile 0.80186) | LR 5.00e-04
2026-06-23 23:21:08,261 INFO Epoch 73 | Batch 800/1186 | Loss 4.32592 (NLL 4.34228 [logdet 1.50462, mahal 0.99978], L1 1.88305, Spectral 0.27165, Gradient 0.43852, Quantile 0.83121) | LR 5.00e-04
2026-06-23 23:21:41,378 INFO Epoch 73 | Batch 850/1186 | Loss 4.30899 (NLL 4.33339 [logdet 1.46458, mahal 1.03093], L1 1.87002, Spectral 0.26233, Gradient 0.42866, Quantile 0.84363) | LR 5.00e-04
2026-06-23 23:22:14,491 INFO Epoch 73 | Batch 900/1186 | Loss 4.31659 (NLL 4.35793 [logdet 1.47361, mahal 1.04644], L1 1.86734, Spectral 0.26611, Gradient 0.43657, Quantile 0.83119) | LR 5.00e-04
2026-06-23 23:22:47,600 INFO Epoch 73 | Batch 950/1186 | Loss 4.29958 (NLL 4.34446 [logdet 1.44953, mahal 1.05706], L1 1.86359, Spectral 0.26132, Gradient 0.42976, Quantile 0.80934) | LR 5.00e-04
2026-06-23 23:23:20,726 INFO Epoch 73 | Batch 1000/1186 | Loss 4.35728 (NLL 4.36788 [logdet 1.50231, mahal 1.02769], L1 1.90365, Spectral 0.26750, Gradient 0.44124, Quantile 0.82718) | LR 5.00e-04
2026-06-23 23:23:53,843 INFO Epoch 73 | Batch 1050/1186 | Loss 4.14122 (NLL 4.19257 [logdet 1.38538, mahal 0.96932], L1 1.78967, Spectral 0.25576, Gradient 0.42111, Quantile 0.78015) | LR 5.00e-04
2026-06-23 23:24:26,950 INFO Epoch 73 | Batch 1100/1186 | Loss 4.40966 (NLL 4.39492 [logdet 1.48743, mahal 1.06962], L1 1.92871, Spectral 0.26687, Gradient 0.43983, Quantile 0.88514) | LR 5.00e-04
2026-06-23 23:25:00,055 INFO Epoch 73 | Batch 1150/1186 | Loss 4.21105 (NLL 4.28360 [logdet 1.42736, mahal 1.01836], L1 1.80744, Spectral 0.25853, Gradient 0.42699, Quantile 0.80429) | LR 5.00e-04
2026-06-23 23:26:20,956 INFO Epoch 73 | Val Loss 4.21271 (NLL 4.30031 [logdet 1.35381, mahal 1.10863], L1 1.78953, Spectral 0.26128, Gradient 0.43030, Quantile 0.84780)
2026-06-23 23:26:54,390 INFO Epoch 74 | Batch 50/1186 | Loss 4.18995 (NLL 4.24315 [logdet 1.40016, mahal 1.00512], L1 1.80263, Spectral 0.26567, Gradient 0.43262, Quantile 0.81288) | LR 5.00e-04
2026-06-23 23:27:27,496 INFO Epoch 74 | Batch 100/1186 | Loss 4.34632 (NLL 4.36412 [logdet 1.48469, mahal 1.04156], L1 1.89047, Spectral 0.26853, Gradient 0.43545, Quantile 0.84319) | LR 5.00e-04
2026-06-23 23:28:00,603 INFO Epoch 74 | Batch 150/1186 | Loss 4.25446 (NLL 4.29151 [logdet 1.44156, mahal 1.01208], L1 1.84569, Spectral 0.25973, Gradient 0.42468, Quantile 0.80802) | LR 5.00e-04
2026-06-23 23:28:33,712 INFO Epoch 74 | Batch 200/1186 | Loss 4.18217 (NLL 4.27251 [logdet 1.41625, mahal 1.01838], L1 1.78640, Spectral 0.25607, Gradient 0.42925, Quantile 0.79738) | LR 5.00e-04
2026-06-23 23:29:06,821 INFO Epoch 74 | Batch 250/1186 | Loss 4.38141 (NLL 4.39095 [logdet 1.52595, mahal 1.02712], L1 1.91334, Spectral 0.26080, Gradient 0.43367, Quantile 0.84650) | LR 5.00e-04
2026-06-23 23:29:39,918 INFO Epoch 74 | Batch 300/1186 | Loss 4.25947 (NLL 4.30364 [logdet 1.44795, mahal 1.01781], L1 1.84148, Spectral 0.27185, Gradient 0.44240, Quantile 0.80792) | LR 5.00e-04
2026-06-23 23:30:13,022 INFO Epoch 74 | Batch 350/1186 | Loss 4.23301 (NLL 4.30127 [logdet 1.40831, mahal 1.05507], L1 1.82145, Spectral 0.25678, Gradient 0.42682, Quantile 0.80250) | LR 5.00e-04
2026-06-23 23:30:46,113 INFO Epoch 74 | Batch 400/1186 | Loss 4.22527 (NLL 4.28015 [logdet 1.41102, mahal 1.03126], L1 1.81768, Spectral 0.25876, Gradient 0.42754, Quantile 0.82769) | LR 5.00e-04
2026-06-23 23:31:19,191 INFO Epoch 74 | Batch 450/1186 | Loss 4.28198 (NLL 4.33019 [logdet 1.46854, mahal 1.02376], L1 1.85046, Spectral 0.26677, Gradient 0.43193, Quantile 0.81457) | LR 5.00e-04
2026-06-23 23:31:52,323 INFO Epoch 74 | Batch 500/1186 | Loss 4.21359 (NLL 4.28743 [logdet 1.39813, mahal 1.05142], L1 1.80313, Spectral 0.26208, Gradient 0.43108, Quantile 0.82092) | LR 5.00e-04
2026-06-23 23:32:25,433 INFO Epoch 74 | Batch 550/1186 | Loss 4.26409 (NLL 4.32009 [logdet 1.47075, mahal 1.01146], L1 1.84112, Spectral 0.26335, Gradient 0.43119, Quantile 0.80370) | LR 5.00e-04
2026-06-23 23:32:58,542 INFO Epoch 74 | Batch 600/1186 | Loss 4.27868 (NLL 4.33328 [logdet 1.48313, mahal 1.01227], L1 1.84662, Spectral 0.25978, Gradient 0.42840, Quantile 0.81790) | LR 5.00e-04
2026-06-23 23:33:31,649 INFO Epoch 74 | Batch 650/1186 | Loss 4.29828 (NLL 4.31594 [logdet 1.45710, mahal 1.02096], L1 1.86806, Spectral 0.26299, Gradient 0.43130, Quantile 0.84277) | LR 5.00e-04
2026-06-23 23:34:04,773 INFO Epoch 74 | Batch 700/1186 | Loss 4.29217 (NLL 4.31846 [logdet 1.44940, mahal 1.03119], L1 1.85963, Spectral 0.27070, Gradient 0.44435, Quantile 0.83874) | LR 5.00e-04
2026-06-23 23:34:37,884 INFO Epoch 74 | Batch 750/1186 | Loss 4.26732 (NLL 4.29567 [logdet 1.44698, mahal 1.01082], L1 1.85241, Spectral 0.26133, Gradient 0.43218, Quantile 0.82306) | LR 5.00e-04
2026-06-23 23:35:11,010 INFO Epoch 74 | Batch 800/1186 | Loss 4.27303 (NLL 4.31994 [logdet 1.43661, mahal 1.04545], L1 1.84917, Spectral 0.25994, Gradient 0.42444, Quantile 0.81140) | LR 5.00e-04
2026-06-23 23:35:44,125 INFO Epoch 74 | Batch 850/1186 | Loss 4.28450 (NLL 4.32529 [logdet 1.43793, mahal 1.04949], L1 1.85510, Spectral 0.25582, Gradient 0.42326, Quantile 0.82775) | LR 5.00e-04
2026-06-23 23:36:17,216 INFO Epoch 74 | Batch 900/1186 | Loss 4.26871 (NLL 4.32592 [logdet 1.45153, mahal 1.03652], L1 1.84198, Spectral 0.25624, Gradient 0.42681, Quantile 0.81484) | LR 5.00e-04
2026-06-23 23:36:50,318 INFO Epoch 74 | Batch 950/1186 | Loss 4.26382 (NLL 4.30224 [logdet 1.45587, mahal 1.00850], L1 1.84551, Spectral 0.25604, Gradient 0.42849, Quantile 0.82924) | LR 5.00e-04
2026-06-23 23:37:23,422 INFO Epoch 74 | Batch 1000/1186 | Loss 4.31425 (NLL 4.34004 [logdet 1.47166, mahal 1.03051], L1 1.87877, Spectral 0.25922, Gradient 0.43198, Quantile 0.81859) | LR 5.00e-04
2026-06-23 23:37:56,533 INFO Epoch 74 | Batch 1050/1186 | Loss 4.19358 (NLL 4.25482 [logdet 1.38037, mahal 1.03657], L1 1.80116, Spectral 0.26795, Gradient 0.43636, Quantile 0.80736) | LR 5.00e-04
2026-06-23 23:38:29,623 INFO Epoch 74 | Batch 1100/1186 | Loss 4.31359 (NLL 4.34989 [logdet 1.48808, mahal 1.02394], L1 1.87157, Spectral 0.26031, Gradient 0.43331, Quantile 0.82413) | LR 5.00e-04
2026-06-23 23:39:02,740 INFO Epoch 74 | Batch 1150/1186 | Loss 4.31324 (NLL 4.33364 [logdet 1.46090, mahal 1.03487], L1 1.87706, Spectral 0.26119, Gradient 0.42968, Quantile 0.83275) | LR 5.00e-04
2026-06-23 23:40:23,686 INFO Epoch 74 | Val Loss 4.21089 (NLL 4.30306 [logdet 1.60519, mahal 0.85999], L1 1.78787, Spectral 0.26093, Gradient 0.42948, Quantile 0.84183)
2026-06-23 23:40:57,112 INFO Epoch 75 | Batch 50/1186 | Loss 4.23542 (NLL 4.29257 [logdet 1.46137, mahal 0.99333], L1 1.82749, Spectral 0.25691, Gradient 0.42402, Quantile 0.80535) | LR 2.50e-04
2026-06-23 23:41:30,208 INFO Epoch 75 | Batch 100/1186 | Loss 4.23726 (NLL 4.30305 [logdet 1.43135, mahal 1.03383], L1 1.82286, Spectral 0.25194, Gradient 0.42136, Quantile 0.81582) | LR 2.50e-04
2026-06-23 23:42:03,330 INFO Epoch 75 | Batch 150/1186 | Loss 4.34108 (NLL 4.34199 [logdet 1.48361, mahal 1.02050], L1 1.89563, Spectral 0.26294, Gradient 0.43560, Quantile 0.85190) | LR 2.50e-04
2026-06-23 23:42:36,441 INFO Epoch 75 | Batch 200/1186 | Loss 4.21577 (NLL 4.27627 [logdet 1.44205, mahal 0.99634], L1 1.81479, Spectral 0.25594, Gradient 0.42129, Quantile 0.81144) | LR 2.50e-04
2026-06-23 23:43:09,551 INFO Epoch 75 | Batch 250/1186 | Loss 4.21155 (NLL 4.26542 [logdet 1.39416, mahal 1.03338], L1 1.81663, Spectral 0.26089, Gradient 0.43220, Quantile 0.80332) | LR 2.50e-04
2026-06-23 23:43:42,654 INFO Epoch 75 | Batch 300/1186 | Loss 4.27383 (NLL 4.29255 [logdet 1.42278, mahal 1.03190], L1 1.85742, Spectral 0.26580, Gradient 0.43292, Quantile 0.83094) | LR 2.50e-04
2026-06-23 23:44:15,763 INFO Epoch 75 | Batch 350/1186 | Loss 4.27543 (NLL 4.31702 [logdet 1.44326, mahal 1.03588], L1 1.85124, Spectral 0.26239, Gradient 0.43581, Quantile 0.81609) | LR 2.50e-04
2026-06-23 23:44:48,872 INFO Epoch 75 | Batch 400/1186 | Loss 4.26466 (NLL 4.29324 [logdet 1.42560, mahal 1.02976], L1 1.84957, Spectral 0.26128, Gradient 0.43321, Quantile 0.82887) | LR 2.50e-04
2026-06-23 23:45:21,979 INFO Epoch 75 | Batch 450/1186 | Loss 4.19429 (NLL 4.27461 [logdet 1.41419, mahal 1.02255], L1 1.79860, Spectral 0.25847, Gradient 0.42756, Quantile 0.79009) | LR 2.50e-04
2026-06-23 23:45:55,097 INFO Epoch 75 | Batch 500/1186 | Loss 4.20304 (NLL 4.25726 [logdet 1.41206, mahal 1.00732], L1 1.81103, Spectral 0.25789, Gradient 0.42208, Quantile 0.81151) | LR 2.50e-04
2026-06-23 23:46:28,195 INFO Epoch 75 | Batch 550/1186 | Loss 4.23307 (NLL 4.28593 [logdet 1.42805, mahal 1.02001], L1 1.82834, Spectral 0.26798, Gradient 0.43617, Quantile 0.79383) | LR 2.50e-04
2026-06-23 23:47:01,290 INFO Epoch 75 | Batch 600/1186 | Loss 4.33065 (NLL 4.34870 [logdet 1.45939, mahal 1.05143], L1 1.88493, Spectral 0.26258, Gradient 0.43250, Quantile 0.83956) | LR 2.50e-04
2026-06-23 23:47:34,377 INFO Epoch 75 | Batch 650/1186 | Loss 4.20455 (NLL 4.25056 [logdet 1.41715, mahal 0.99554], L1 1.81726, Spectral 0.25946, Gradient 0.42683, Quantile 0.80413) | LR 2.50e-04
2026-06-23 23:48:07,475 INFO Epoch 75 | Batch 700/1186 | Loss 4.17101 (NLL 4.26268 [logdet 1.37140, mahal 1.05340], L1 1.78471, Spectral 0.26174, Gradient 0.42683, Quantile 0.77241) | LR 2.50e-04
2026-06-23 23:48:40,582 INFO Epoch 75 | Batch 750/1186 | Loss 4.29713 (NLL 4.32166 [logdet 1.42137, mahal 1.06241], L1 1.86282, Spectral 0.26043, Gradient 0.43467, Quantile 0.85057) | LR 2.50e-04
2026-06-23 23:49:13,684 INFO Epoch 75 | Batch 800/1186 | Loss 4.22581 (NLL 4.28782 [logdet 1.44618, mahal 1.00377], L1 1.81637, Spectral 0.26379, Gradient 0.42827, Quantile 0.81407) | LR 2.50e-04
2026-06-23 23:49:46,793 INFO Epoch 75 | Batch 850/1186 | Loss 4.23339 (NLL 4.29868 [logdet 1.39242, mahal 1.06838], L1 1.82162, Spectral 0.25435, Gradient 0.42019, Quantile 0.81140) | LR 2.50e-04
2026-06-23 23:50:19,888 INFO Epoch 75 | Batch 900/1186 | Loss 4.23371 (NLL 4.28349 [logdet 1.46033, mahal 0.98529], L1 1.83196, Spectral 0.25406, Gradient 0.42605, Quantile 0.80157) | LR 2.50e-04
2026-06-23 23:50:53,000 INFO Epoch 75 | Batch 950/1186 | Loss 4.23340 (NLL 4.26038 [logdet 1.41544, mahal 1.00706], L1 1.83720, Spectral 0.25836, Gradient 0.42850, Quantile 0.82188) | LR 2.50e-04
2026-06-23 23:51:26,123 INFO Epoch 75 | Batch 1000/1186 | Loss 4.32734 (NLL 4.33848 [logdet 1.45299, mahal 1.04762], L1 1.88515, Spectral 0.26446, Gradient 0.43832, Quantile 0.84402) | LR 2.50e-04
2026-06-23 23:51:59,236 INFO Epoch 75 | Batch 1050/1186 | Loss 4.31715 (NLL 4.30550 [logdet 1.46253, mahal 1.00509], L1 1.88698, Spectral 0.27124, Gradient 0.43947, Quantile 0.85526) | LR 2.50e-04
2026-06-23 23:52:32,354 INFO Epoch 75 | Batch 1100/1186 | Loss 4.23267 (NLL 4.27394 [logdet 1.43817, mahal 0.99789], L1 1.83160, Spectral 0.26392, Gradient 0.43826, Quantile 0.80784) | LR 2.50e-04
2026-06-23 23:53:05,448 INFO Epoch 75 | Batch 1150/1186 | Loss 4.29332 (NLL 4.29572 [logdet 1.44004, mahal 1.01780], L1 1.87611, Spectral 0.25730, Gradient 0.42647, Quantile 0.83686) | LR 2.50e-04
2026-06-23 23:54:26,150 INFO Epoch 75 | Val Loss 4.21263 (NLL 4.30647 [logdet 1.29070, mahal 1.17790], L1 1.78692, Spectral 0.26122, Gradient 0.43055, Quantile 0.84559)
2026-06-23 23:54:59,580 INFO Epoch 76 | Batch 50/1186 | Loss 4.17169 (NLL 4.23972 [logdet 1.40666, mahal 0.99519], L1 1.79172, Spectral 0.25851, Gradient 0.42026, Quantile 0.79729) | LR 2.50e-04
2026-06-23 23:55:32,671 INFO Epoch 76 | Batch 100/1186 | Loss 4.20164 (NLL 4.26836 [logdet 1.42847, mahal 1.00201], L1 1.80637, Spectral 0.25996, Gradient 0.42599, Quantile 0.79975) | LR 2.50e-04
2026-06-23 23:56:05,867 INFO Epoch 76 | Batch 150/1186 | Loss 4.18888 (NLL 4.24036 [logdet 1.37850, mahal 1.02398], L1 1.80622, Spectral 0.25420, Gradient 0.42100, Quantile 0.81178) | LR 2.50e-04
2026-06-23 23:56:38,991 INFO Epoch 76 | Batch 200/1186 | Loss 4.23111 (NLL 4.26422 [logdet 1.38186, mahal 1.04447], L1 1.83304, Spectral 0.26058, Gradient 0.42966, Quantile 0.81928) | LR 2.50e-04
2026-06-23 23:57:12,107 INFO Epoch 76 | Batch 250/1186 | Loss 4.25553 (NLL 4.31048 [logdet 1.42735, mahal 1.04525], L1 1.83742, Spectral 0.26577, Gradient 0.43235, Quantile 0.80085) | LR 2.50e-04
2026-06-23 23:57:45,205 INFO Epoch 76 | Batch 300/1186 | Loss 4.29547 (NLL 4.33533 [logdet 1.47712, mahal 1.02034], L1 1.85958, Spectral 0.26926, Gradient 0.44265, Quantile 0.81918) | LR 2.50e-04
2026-06-23 23:58:18,308 INFO Epoch 76 | Batch 350/1186 | Loss 4.24859 (NLL 4.28760 [logdet 1.39212, mahal 1.05761], L1 1.83603, Spectral 0.26307, Gradient 0.42859, Quantile 0.82824) | LR 2.50e-04
2026-06-23 23:58:51,414 INFO Epoch 76 | Batch 400/1186 | Loss 4.23967 (NLL 4.30151 [logdet 1.40450, mahal 1.05914], L1 1.82846, Spectral 0.25720, Gradient 0.42755, Quantile 0.80006) | LR 2.50e-04
2026-06-23 23:59:24,523 INFO Epoch 76 | Batch 450/1186 | Loss 4.40780 (NLL 4.39697 [logdet 1.50679, mahal 1.05231], L1 1.93250, Spectral 0.27164, Gradient 0.44847, Quantile 0.85222) | LR 2.50e-04
2026-06-23 23:59:57,619 INFO Epoch 76 | Batch 500/1186 | Loss 4.25819 (NLL 4.30584 [logdet 1.45954, mahal 1.00843], L1 1.83498, Spectral 0.25878, Gradient 0.43200, Quantile 0.83913) | LR 2.50e-04
2026-06-24 00:00:30,712 INFO Epoch 76 | Batch 550/1186 | Loss 4.26399 (NLL 4.29753 [logdet 1.42028, mahal 1.03938], L1 1.84177, Spectral 0.25565, Gradient 0.43026, Quantile 0.85565) | LR 2.50e-04
2026-06-24 00:01:03,835 INFO Epoch 76 | Batch 600/1186 | Loss 4.29320 (NLL 4.31660 [logdet 1.45136, mahal 1.02737], L1 1.86847, Spectral 0.25962, Gradient 0.43109, Quantile 0.82223) | LR 2.50e-04
2026-06-24 00:01:36,948 INFO Epoch 76 | Batch 650/1186 | Loss 4.30354 (NLL 4.33086 [logdet 1.45513, mahal 1.03785], L1 1.86800, Spectral 0.26238, Gradient 0.42954, Quantile 0.83456) | LR 2.50e-04
2026-06-24 00:02:10,045 INFO Epoch 76 | Batch 700/1186 | Loss 4.31093 (NLL 4.29298 [logdet 1.45952, mahal 0.99558], L1 1.88959, Spectral 0.26863, Gradient 0.44102, Quantile 0.84740) | LR 2.50e-04
2026-06-24 00:02:43,151 INFO Epoch 76 | Batch 750/1186 | Loss 4.18672 (NLL 4.26733 [logdet 1.39523, mahal 1.03422], L1 1.79491, Spectral 0.25718, Gradient 0.42736, Quantile 0.79050) | LR 2.50e-04
2026-06-24 00:03:16,244 INFO Epoch 76 | Batch 800/1186 | Loss 4.25075 (NLL 4.29403 [logdet 1.44142, mahal 1.01473], L1 1.84477, Spectral 0.25413, Gradient 0.42275, Quantile 0.79720) | LR 2.50e-04
2026-06-24 00:03:49,380 INFO Epoch 76 | Batch 850/1186 | Loss 4.21642 (NLL 4.27841 [logdet 1.39661, mahal 1.04393], L1 1.81334, Spectral 0.25823, Gradient 0.42786, Quantile 0.81317) | LR 2.50e-04
2026-06-24 00:04:22,501 INFO Epoch 76 | Batch 900/1186 | Loss 4.32252 (NLL 4.33047 [logdet 1.44732, mahal 1.04527], L1 1.88242, Spectral 0.26218, Gradient 0.43492, Quantile 0.85443) | LR 2.50e-04
2026-06-24 00:04:55,609 INFO Epoch 76 | Batch 950/1186 | Loss 4.25568 (NLL 4.28869 [logdet 1.44122, mahal 1.00959], L1 1.84349, Spectral 0.25996, Gradient 0.42638, Quantile 0.82777) | LR 2.50e-04
2026-06-24 00:05:28,718 INFO Epoch 76 | Batch 1000/1186 | Loss 4.20056 (NLL 4.25493 [logdet 1.39675, mahal 1.02030], L1 1.81193, Spectral 0.26458, Gradient 0.43186, Quantile 0.79502) | LR 2.50e-04
2026-06-24 00:06:01,828 INFO Epoch 76 | Batch 1050/1186 | Loss 4.17881 (NLL 4.24168 [logdet 1.39684, mahal 1.00696], L1 1.79640, Spectral 0.25552, Gradient 0.42373, Quantile 0.80656) | LR 2.50e-04
2026-06-24 00:06:34,922 INFO Epoch 76 | Batch 1100/1186 | Loss 4.20310 (NLL 4.26136 [logdet 1.39654, mahal 1.02695], L1 1.81021, Spectral 0.26462, Gradient 0.43247, Quantile 0.79931) | LR 2.50e-04
2026-06-24 00:07:08,045 INFO Epoch 76 | Batch 1150/1186 | Loss 4.14680 (NLL 4.23052 [logdet 1.38211, mahal 1.01053], L1 1.77281, Spectral 0.25856, Gradient 0.42366, Quantile 0.79150) | LR 2.50e-04
2026-06-24 00:08:28,032 INFO Epoch 76 | Val Loss 4.20927 (NLL 4.29050 [logdet 1.35577, mahal 1.09685], L1 1.79209, Spectral 0.26100, Gradient 0.42953, Quantile 0.84361)
2026-06-24 00:09:01,431 INFO Epoch 77 | Batch 50/1186 | Loss 4.15526 (NLL 4.23095 [logdet 1.38289, mahal 1.01018], L1 1.78390, Spectral 0.26073, Gradient 0.42113, Quantile 0.77741) | LR 2.50e-04
2026-06-24 00:09:34,546 INFO Epoch 77 | Batch 100/1186 | Loss 4.18439 (NLL 4.24387 [logdet 1.36870, mahal 1.03730], L1 1.80115, Spectral 0.25754, Gradient 0.42316, Quantile 0.80329) | LR 2.50e-04
2026-06-24 00:10:07,650 INFO Epoch 77 | Batch 150/1186 | Loss 4.25960 (NLL 4.27014 [logdet 1.42199, mahal 1.01027], L1 1.85765, Spectral 0.26350, Gradient 0.43153, Quantile 0.81995) | LR 2.50e-04
2026-06-24 00:10:40,762 INFO Epoch 77 | Batch 200/1186 | Loss 4.26099 (NLL 4.31862 [logdet 1.38134, mahal 1.09940], L1 1.82943, Spectral 0.26015, Gradient 0.42743, Quantile 0.84582) | LR 2.50e-04
2026-06-24 00:11:13,875 INFO Epoch 77 | Batch 250/1186 | Loss 4.16883 (NLL 4.23624 [logdet 1.40359, mahal 0.99477], L1 1.79084, Spectral 0.25800, Gradient 0.42547, Quantile 0.79678) | LR 2.50e-04
2026-06-24 00:11:46,983 INFO Epoch 77 | Batch 300/1186 | Loss 4.14119 (NLL 4.22419 [logdet 1.38507, mahal 1.00125], L1 1.77226, Spectral 0.25223, Gradient 0.42420, Quantile 0.79039) | LR 2.50e-04
2026-06-24 00:12:20,106 INFO Epoch 77 | Batch 350/1186 | Loss 4.33132 (NLL 4.34730 [logdet 1.44940, mahal 1.06003], L1 1.89064, Spectral 0.25826, Gradient 0.42579, Quantile 0.82620) | LR 2.50e-04
2026-06-24 00:12:53,225 INFO Epoch 77 | Batch 400/1186 | Loss 4.21291 (NLL 4.26827 [logdet 1.41539, mahal 1.01500], L1 1.81560, Spectral 0.26127, Gradient 0.42786, Quantile 0.80696) | LR 2.50e-04
2026-06-24 00:13:26,331 INFO Epoch 77 | Batch 450/1186 | Loss 4.29397 (NLL 4.30372 [logdet 1.43563, mahal 1.03021], L1 1.86773, Spectral 0.27474, Gradient 0.44715, Quantile 0.83881) | LR 2.50e-04
2026-06-24 00:13:59,463 INFO Epoch 77 | Batch 500/1186 | Loss 4.24269 (NLL 4.28974 [logdet 1.42530, mahal 1.02656], L1 1.82927, Spectral 0.26562, Gradient 0.43311, Quantile 0.82457) | LR 2.50e-04
2026-06-24 00:14:32,581 INFO Epoch 77 | Batch 550/1186 | Loss 4.20150 (NLL 4.26008 [logdet 1.38959, mahal 1.03262], L1 1.81046, Spectral 0.26132, Gradient 0.42718, Quantile 0.79792) | LR 2.50e-04
2026-06-24 00:15:05,703 INFO Epoch 77 | Batch 600/1186 | Loss 4.28196 (NLL 4.31739 [logdet 1.47233, mahal 1.00719], L1 1.85663, Spectral 0.26037, Gradient 0.43604, Quantile 0.82223) | LR 2.50e-04
2026-06-24 00:15:38,804 INFO Epoch 77 | Batch 650/1186 | Loss 4.18288 (NLL 4.22871 [logdet 1.36463, mahal 1.02620], L1 1.80646, Spectral 0.25810, Gradient 0.43127, Quantile 0.80574) | LR 2.50e-04
2026-06-24 00:16:11,907 INFO Epoch 77 | Batch 700/1186 | Loss 4.19775 (NLL 4.25622 [logdet 1.39483, mahal 1.02352], L1 1.80270, Spectral 0.26347, Gradient 0.43548, Quantile 0.82014) | LR 2.50e-04
2026-06-24 00:16:45,015 INFO Epoch 77 | Batch 750/1186 | Loss 4.26251 (NLL 4.30347 [logdet 1.41859, mahal 1.04700], L1 1.84942, Spectral 0.26481, Gradient 0.43822, Quantile 0.79551) | LR 2.50e-04
2026-06-24 00:17:18,113 INFO Epoch 77 | Batch 800/1186 | Loss 4.27784 (NLL 4.30005 [logdet 1.44417, mahal 1.01801], L1 1.85772, Spectral 0.25930, Gradient 0.42550, Quantile 0.83782) | LR 2.50e-04
2026-06-24 00:17:51,238 INFO Epoch 77 | Batch 850/1186 | Loss 4.30578 (NLL 4.33014 [logdet 1.44784, mahal 1.04442], L1 1.86861, Spectral 0.26736, Gradient 0.43798, Quantile 0.83737) | LR 2.50e-04
2026-06-24 00:18:24,342 INFO Epoch 77 | Batch 900/1186 | Loss 4.23407 (NLL 4.27874 [logdet 1.42468, mahal 1.01618], L1 1.82611, Spectral 0.26078, Gradient 0.43031, Quantile 0.82994) | LR 2.50e-04
2026-06-24 00:18:57,449 INFO Epoch 77 | Batch 950/1186 | Loss 4.25594 (NLL 4.29049 [logdet 1.42711, mahal 1.02551], L1 1.84680, Spectral 0.25593, Gradient 0.42329, Quantile 0.81574) | LR 2.50e-04
2026-06-24 00:19:30,580 INFO Epoch 77 | Batch 1000/1186 | Loss 4.27920 (NLL 4.30267 [logdet 1.42602, mahal 1.03878], L1 1.85546, Spectral 0.25780, Gradient 0.42678, Quantile 0.84901) | LR 2.50e-04
2026-06-24 00:20:03,668 INFO Epoch 77 | Batch 1050/1186 | Loss 4.36034 (NLL 4.37663 [logdet 1.49127, mahal 1.04748], L1 1.90494, Spectral 0.26458, Gradient 0.43657, Quantile 0.81954) | LR 2.50e-04
2026-06-24 00:20:36,779 INFO Epoch 77 | Batch 1100/1186 | Loss 4.25729 (NLL 4.32355 [logdet 1.44412, mahal 1.04155], L1 1.82884, Spectral 0.25787, Gradient 0.42631, Quantile 0.82519) | LR 2.50e-04
2026-06-24 00:21:09,912 INFO Epoch 77 | Batch 1150/1186 | Loss 4.27806 (NLL 4.29758 [logdet 1.46848, mahal 0.99122], L1 1.86279, Spectral 0.26232, Gradient 0.43314, Quantile 0.81951) | LR 2.50e-04
2026-06-24 00:22:30,911 INFO Epoch 77 | Val Loss 4.21294 (NLL 4.29987 [logdet 1.44095, mahal 1.02104], L1 1.79444, Spectral 0.26238, Gradient 0.43170, Quantile 0.82812)
2026-06-24 00:23:04,357 INFO Epoch 78 | Batch 50/1186 | Loss 4.25127 (NLL 4.27651 [logdet 1.42532, mahal 1.01332], L1 1.84530, Spectral 0.26281, Gradient 0.43554, Quantile 0.82405) | LR 2.50e-04
2026-06-24 00:23:37,477 INFO Epoch 78 | Batch 100/1186 | Loss 4.20208 (NLL 4.24312 [logdet 1.37808, mahal 1.02717], L1 1.81415, Spectral 0.26178, Gradient 0.43137, Quantile 0.81964) | LR 2.50e-04
2026-06-24 00:24:10,611 INFO Epoch 78 | Batch 150/1186 | Loss 4.15689 (NLL 4.22412 [logdet 1.36370, mahal 1.02255], L1 1.78238, Spectral 0.26846, Gradient 0.43233, Quantile 0.79622) | LR 2.50e-04
2026-06-24 00:24:43,726 INFO Epoch 78 | Batch 200/1186 | Loss 4.26210 (NLL 4.31396 [logdet 1.40869, mahal 1.06740], L1 1.84479, Spectral 0.25422, Gradient 0.42083, Quantile 0.80279) | LR 2.50e-04
2026-06-24 00:25:16,851 INFO Epoch 78 | Batch 250/1186 | Loss 4.15595 (NLL 4.21596 [logdet 1.38187, mahal 0.99621], L1 1.78819, Spectral 0.25826, Gradient 0.42756, Quantile 0.79609) | LR 2.50e-04
2026-06-24 00:25:49,969 INFO Epoch 78 | Batch 300/1186 | Loss 4.28639 (NLL 4.31263 [logdet 1.44650, mahal 1.02826], L1 1.86262, Spectral 0.26086, Gradient 0.43128, Quantile 0.82517) | LR 2.50e-04
2026-06-24 00:26:23,097 INFO Epoch 78 | Batch 350/1186 | Loss 4.24804 (NLL 4.27091 [logdet 1.40074, mahal 1.03229], L1 1.84401, Spectral 0.25953, Gradient 0.43025, Quantile 0.83123) | LR 2.50e-04
2026-06-24 00:26:56,200 INFO Epoch 78 | Batch 400/1186 | Loss 4.30524 (NLL 4.31746 [logdet 1.43271, mahal 1.04687], L1 1.88148, Spectral 0.25614, Gradient 0.43210, Quantile 0.82009) | LR 2.50e-04
2026-06-24 00:27:29,332 INFO Epoch 78 | Batch 450/1186 | Loss 4.30988 (NLL 4.32768 [logdet 1.47508, mahal 1.01473], L1 1.87097, Spectral 0.26907, Gradient 0.43825, Quantile 0.84785) | LR 2.50e-04
2026-06-24 00:28:02,461 INFO Epoch 78 | Batch 500/1186 | Loss 4.25950 (NLL 4.28933 [logdet 1.43117, mahal 1.02028], L1 1.84387, Spectral 0.26089, Gradient 0.42130, Quantile 0.83981) | LR 2.50e-04
2026-06-24 00:28:35,598 INFO Epoch 78 | Batch 550/1186 | Loss 4.25222 (NLL 4.29305 [logdet 1.39712, mahal 1.05805], L1 1.84484, Spectral 0.26049, Gradient 0.42327, Quantile 0.79827) | LR 2.50e-04
2026-06-24 00:29:08,705 INFO Epoch 78 | Batch 600/1186 | Loss 4.22612 (NLL 4.25564 [logdet 1.42692, mahal 0.99085], L1 1.83520, Spectral 0.26235, Gradient 0.43142, Quantile 0.80545) | LR 2.50e-04
2026-06-24 00:29:41,819 INFO Epoch 78 | Batch 650/1186 | Loss 4.23370 (NLL 4.29361 [logdet 1.39731, mahal 1.05842], L1 1.82117, Spectral 0.26265, Gradient 0.43005, Quantile 0.81606) | LR 2.50e-04
2026-06-24 00:30:14,957 INFO Epoch 78 | Batch 700/1186 | Loss 4.26485 (NLL 4.31192 [logdet 1.44808, mahal 1.02596], L1 1.84189, Spectral 0.26166, Gradient 0.43443, Quantile 0.82238) | LR 2.50e-04
2026-06-24 00:30:48,097 INFO Epoch 78 | Batch 750/1186 | Loss 4.31878 (NLL 4.33756 [logdet 1.47214, mahal 1.02754], L1 1.88002, Spectral 0.26766, Gradient 0.44072, Quantile 0.82823) | LR 2.50e-04
2026-06-24 00:31:21,222 INFO Epoch 78 | Batch 800/1186 | Loss 4.19199 (NLL 4.26679 [logdet 1.39497, mahal 1.03395], L1 1.79774, Spectral 0.25753, Gradient 0.43148, Quantile 0.80131) | LR 2.50e-04
2026-06-24 00:31:54,328 INFO Epoch 78 | Batch 850/1186 | Loss 4.21671 (NLL 4.26658 [logdet 1.39786, mahal 1.03084], L1 1.82138, Spectral 0.25729, Gradient 0.42355, Quantile 0.80657) | LR 2.50e-04
2026-06-24 00:32:27,459 INFO Epoch 78 | Batch 900/1186 | Loss 4.17027 (NLL 4.23724 [logdet 1.39495, mahal 1.00442], L1 1.79563, Spectral 0.25518, Gradient 0.42258, Quantile 0.78386) | LR 2.50e-04
2026-06-24 00:33:00,576 INFO Epoch 78 | Batch 950/1186 | Loss 4.19994 (NLL 4.25222 [logdet 1.38312, mahal 1.03123], L1 1.80881, Spectral 0.26262, Gradient 0.43372, Quantile 0.81311) | LR 2.50e-04
2026-06-24 00:33:33,715 INFO Epoch 78 | Batch 1000/1186 | Loss 4.33447 (NLL 4.35102 [logdet 1.47304, mahal 1.04010], L1 1.88742, Spectral 0.26487, Gradient 0.43643, Quantile 0.83776) | LR 2.50e-04
2026-06-24 00:34:06,845 INFO Epoch 78 | Batch 1050/1186 | Loss 4.13915 (NLL 4.23038 [logdet 1.38058, mahal 1.01192], L1 1.76665, Spectral 0.25731, Gradient 0.42350, Quantile 0.78695) | LR 2.50e-04
2026-06-24 00:34:39,994 INFO Epoch 78 | Batch 1100/1186 | Loss 4.20064 (NLL 4.25200 [logdet 1.39210, mahal 1.02203], L1 1.80733, Spectral 0.26149, Gradient 0.42737, Quantile 0.82391) | LR 2.50e-04
2026-06-24 00:35:13,143 INFO Epoch 78 | Batch 1150/1186 | Loss 4.26462 (NLL 4.30433 [logdet 1.44054, mahal 1.02591], L1 1.84287, Spectral 0.26308, Gradient 0.43354, Quantile 0.83155) | LR 2.50e-04
2026-06-24 00:36:33,634 INFO Epoch 78 | Val Loss 4.19919 (NLL 4.28035 [logdet 1.39861, mahal 1.04386], L1 1.78694, Spectral 0.26085, Gradient 0.42941, Quantile 0.84433)
2026-06-24 00:36:34,174 INFO New best val loss: 4.19919 (saved checkpoints/best.pth)
2026-06-24 00:37:07,308 INFO Epoch 79 | Batch 50/1186 | Loss 4.20404 (NLL 4.26774 [logdet 1.38469, mahal 1.04517], L1 1.81177, Spectral 0.25517, Gradient 0.42359, Quantile 0.79376) | LR 2.50e-04
2026-06-24 00:37:40,447 INFO Epoch 79 | Batch 100/1186 | Loss 4.28958 (NLL 4.29071 [logdet 1.45283, mahal 1.00001], L1 1.87326, Spectral 0.25719, Gradient 0.42884, Quantile 0.84370) | LR 2.50e-04
2026-06-24 00:38:13,577 INFO Epoch 79 | Batch 150/1186 | Loss 4.32278 (NLL 4.35271 [logdet 1.46690, mahal 1.04794], L1 1.87571, Spectral 0.26634, Gradient 0.44177, Quantile 0.83264) | LR 2.50e-04
2026-06-24 00:38:46,709 INFO Epoch 79 | Batch 200/1186 | Loss 4.25940 (NLL 4.31009 [logdet 1.43200, mahal 1.04022], L1 1.83512, Spectral 0.25762, Gradient 0.42417, Quantile 0.83604) | LR 2.50e-04
2026-06-24 00:39:19,816 INFO Epoch 79 | Batch 250/1186 | Loss 4.29518 (NLL 4.30778 [logdet 1.41393, mahal 1.05597], L1 1.86637, Spectral 0.26466, Gradient 0.43687, Quantile 0.85198) | LR 2.50e-04
2026-06-24 00:39:52,925 INFO Epoch 79 | Batch 300/1186 | Loss 4.21012 (NLL 4.26291 [logdet 1.42433, mahal 1.00070], L1 1.82100, Spectral 0.25847, Gradient 0.42721, Quantile 0.78714) | LR 2.50e-04
2026-06-24 00:40:26,050 INFO Epoch 79 | Batch 350/1186 | Loss 4.23654 (NLL 4.28811 [logdet 1.42169, mahal 1.02854], L1 1.82645, Spectral 0.26356, Gradient 0.43742, Quantile 0.81626) | LR 2.50e-04
2026-06-24 00:40:59,160 INFO Epoch 79 | Batch 400/1186 | Loss 4.17064 (NLL 4.23710 [logdet 1.38059, mahal 1.01863], L1 1.79140, Spectral 0.25692, Gradient 0.42077, Quantile 0.80144) | LR 2.50e-04
2026-06-24 00:41:32,294 INFO Epoch 79 | Batch 450/1186 | Loss 4.19552 (NLL 4.24366 [logdet 1.40199, mahal 1.00380], L1 1.81063, Spectral 0.26516, Gradient 0.43241, Quantile 0.80226) | LR 2.50e-04
2026-06-24 00:42:05,390 INFO Epoch 79 | Batch 500/1186 | Loss 4.23102 (NLL 4.27196 [logdet 1.42684, mahal 1.00724], L1 1.82748, Spectral 0.26282, Gradient 0.42979, Quantile 0.82352) | LR 2.50e-04
2026-06-24 00:42:38,521 INFO Epoch 79 | Batch 550/1186 | Loss 4.30714 (NLL 4.31448 [logdet 1.42391, mahal 1.05269], L1 1.88110, Spectral 0.26339, Gradient 0.43303, Quantile 0.82802) | LR 2.50e-04
2026-06-24 00:43:11,626 INFO Epoch 79 | Batch 600/1186 | Loss 4.28680 (NLL 4.31088 [logdet 1.42070, mahal 1.05230], L1 1.86427, Spectral 0.26326, Gradient 0.43352, Quantile 0.82107) | LR 2.50e-04
2026-06-24 00:43:44,732 INFO Epoch 79 | Batch 650/1186 | Loss 4.19607 (NLL 4.26510 [logdet 1.41953, mahal 1.00769], L1 1.80044, Spectral 0.26201, Gradient 0.42725, Quantile 0.80583) | LR 2.50e-04
2026-06-24 00:44:17,851 INFO Epoch 79 | Batch 700/1186 | Loss 4.16756 (NLL 4.25683 [logdet 1.37389, mahal 1.04506], L1 1.77994, Spectral 0.25744, Gradient 0.42704, Quantile 0.79462) | LR 2.50e-04
2026-06-24 00:44:50,994 INFO Epoch 79 | Batch 750/1186 | Loss 4.26747 (NLL 4.28745 [logdet 1.40495, mahal 1.04462], L1 1.85272, Spectral 0.26490, Gradient 0.42894, Quantile 0.83564) | LR 2.50e-04
2026-06-24 00:45:24,132 INFO Epoch 79 | Batch 800/1186 | Loss 4.29394 (NLL 4.30266 [logdet 1.44714, mahal 1.01764], L1 1.87387, Spectral 0.26400, Gradient 0.43107, Quantile 0.82715) | LR 2.50e-04
2026-06-24 00:45:57,266 INFO Epoch 79 | Batch 850/1186 | Loss 4.26269 (NLL 4.27621 [logdet 1.42197, mahal 1.01636], L1 1.85710, Spectral 0.26181, Gradient 0.43441, Quantile 0.82421) | LR 2.50e-04
2026-06-24 00:46:30,411 INFO Epoch 79 | Batch 900/1186 | Loss 4.22840 (NLL 4.26495 [logdet 1.43234, mahal 0.99473], L1 1.82723, Spectral 0.26438, Gradient 0.43453, Quantile 0.82649) | LR 2.50e-04
2026-06-24 00:47:03,527 INFO Epoch 79 | Batch 950/1186 | Loss 4.28175 (NLL 4.33085 [logdet 1.43480, mahal 1.05818], L1 1.85439, Spectral 0.25691, Gradient 0.42373, Quantile 0.80655) | LR 2.50e-04
2026-06-24 00:47:36,640 INFO Epoch 79 | Batch 1000/1186 | Loss 4.20086 (NLL 4.27102 [logdet 1.41989, mahal 1.01326], L1 1.80196, Spectral 0.25953, Gradient 0.43236, Quantile 0.80970) | LR 2.50e-04
2026-06-24 00:48:09,752 INFO Epoch 79 | Batch 1050/1186 | Loss 4.21735 (NLL 4.25891 [logdet 1.40188, mahal 1.01916], L1 1.82133, Spectral 0.26563, Gradient 0.43803, Quantile 0.81626) | LR 2.50e-04
2026-06-24 00:48:42,875 INFO Epoch 79 | Batch 1100/1186 | Loss 4.06635 (NLL 4.16968 [logdet 1.33187, mahal 0.99993], L1 1.73084, Spectral 0.25341, Gradient 0.41812, Quantile 0.76365) | LR 2.50e-04
2026-06-24 00:49:16,006 INFO Epoch 79 | Batch 1150/1186 | Loss 4.23170 (NLL 4.26152 [logdet 1.38395, mahal 1.03969], L1 1.83087, Spectral 0.26093, Gradient 0.42965, Quantile 0.83593) | LR 2.50e-04
2026-06-24 00:50:36,498 INFO Epoch 79 | Val Loss 4.21433 (NLL 4.29505 [logdet 1.44906, mahal 1.00812], L1 1.78711, Spectral 0.26279, Gradient 0.43206, Quantile 0.87385)
2026-06-24 00:51:09,952 INFO Epoch 80 | Batch 50/1186 | Loss 4.16372 (NLL 4.23677 [logdet 1.37268, mahal 1.02621], L1 1.78650, Spectral 0.26225, Gradient 0.42740, Quantile 0.78792) | LR 2.50e-04
2026-06-24 00:51:43,093 INFO Epoch 80 | Batch 100/1186 | Loss 4.25950 (NLL 4.28970 [logdet 1.42171, mahal 1.03012], L1 1.84816, Spectral 0.26330, Gradient 0.43709, Quantile 0.81849) | LR 2.50e-04
2026-06-24 00:52:16,234 INFO Epoch 80 | Batch 150/1186 | Loss 4.32437 (NLL 4.33372 [logdet 1.44347, mahal 1.05237], L1 1.88377, Spectral 0.26131, Gradient 0.43252, Quantile 0.85074) | LR 2.50e-04
2026-06-24 00:52:49,377 INFO Epoch 80 | Batch 200/1186 | Loss 4.17852 (NLL 4.25245 [logdet 1.40548, mahal 1.00910], L1 1.79447, Spectral 0.25719, Gradient 0.42126, Quantile 0.78924) | LR 2.50e-04
2026-06-24 00:53:22,520 INFO Epoch 80 | Batch 250/1186 | Loss 4.31988 (NLL 4.33641 [logdet 1.45015, mahal 1.04839], L1 1.87640, Spectral 0.26289, Gradient 0.43437, Quantile 0.85533) | LR 2.50e-04
2026-06-24 00:53:55,662 INFO Epoch 80 | Batch 300/1186 | Loss 4.28477 (NLL 4.30072 [logdet 1.43147, mahal 1.03137], L1 1.87096, Spectral 0.26453, Gradient 0.43337, Quantile 0.80457) | LR 2.50e-04
2026-06-24 00:54:28,792 INFO Epoch 80 | Batch 350/1186 | Loss 4.23835 (NLL 4.28145 [logdet 1.44366, mahal 0.99991], L1 1.83110, Spectral 0.26364, Gradient 0.43387, Quantile 0.81831) | LR 2.50e-04
2026-06-24 00:55:01,920 INFO Epoch 80 | Batch 400/1186 | Loss 4.22007 (NLL 4.26262 [logdet 1.41727, mahal 1.00747], L1 1.82238, Spectral 0.25439, Gradient 0.42423, Quantile 0.82770) | LR 2.50e-04
2026-06-24 00:55:35,055 INFO Epoch 80 | Batch 450/1186 | Loss 4.20135 (NLL 4.25777 [logdet 1.39006, mahal 1.02984], L1 1.80964, Spectral 0.26235, Gradient 0.42877, Quantile 0.80439) | LR 2.50e-04
2026-06-24 00:56:08,198 INFO Epoch 80 | Batch 500/1186 | Loss 4.11908 (NLL 4.21995 [logdet 1.34873, mahal 1.03335], L1 1.75206, Spectral 0.25079, Gradient 0.41203, Quantile 0.79297) | LR 2.50e-04
2026-06-24 00:56:41,335 INFO Epoch 80 | Batch 550/1186 | Loss 4.26615 (NLL 4.27631 [logdet 1.38362, mahal 1.05482], L1 1.86073, Spectral 0.26623, Gradient 0.43807, Quantile 0.81856) | LR 2.50e-04
2026-06-24 00:57:14,477 INFO Epoch 80 | Batch 600/1186 | Loss 4.29418 (NLL 4.33279 [logdet 1.44230, mahal 1.05261], L1 1.85857, Spectral 0.25972, Gradient 0.42782, Quantile 0.83370) | LR 2.50e-04
2026-06-24 00:57:47,618 INFO Epoch 80 | Batch 650/1186 | Loss 4.20396 (NLL 4.23008 [logdet 1.41947, mahal 0.97273], L1 1.82384, Spectral 0.26551, Gradient 0.43483, Quantile 0.81026) | LR 2.50e-04
2026-06-24 00:58:20,766 INFO Epoch 80 | Batch 700/1186 | Loss 4.24355 (NLL 4.30112 [logdet 1.42111, mahal 1.04213], L1 1.82834, Spectral 0.26180, Gradient 0.42723, Quantile 0.81255) | LR 2.50e-04
2026-06-24 00:58:53,890 INFO Epoch 80 | Batch 750/1186 | Loss 4.26078 (NLL 4.31304 [logdet 1.43170, mahal 1.04346], L1 1.83864, Spectral 0.26231, Gradient 0.43318, Quantile 0.81599) | LR 2.50e-04
2026-06-24 00:59:27,017 INFO Epoch 80 | Batch 800/1186 | Loss 4.14008 (NLL 4.21100 [logdet 1.39377, mahal 0.97935], L1 1.77600, Spectral 0.26011, Gradient 0.43097, Quantile 0.78911) | LR 2.50e-04
2026-06-24 01:00:00,174 INFO Epoch 80 | Batch 850/1186 | Loss 4.23009 (NLL 4.28455 [logdet 1.42380, mahal 1.02287], L1 1.82138, Spectral 0.26296, Gradient 0.43588, Quantile 0.81860) | LR 2.50e-04
2026-06-24 01:00:33,315 INFO Epoch 80 | Batch 900/1186 | Loss 4.25881 (NLL 4.30533 [logdet 1.39252, mahal 1.07493], L1 1.83860, Spectral 0.26345, Gradient 0.43372, Quantile 0.82270) | LR 2.50e-04
2026-06-24 01:01:06,472 INFO Epoch 80 | Batch 950/1186 | Loss 4.28931 (NLL 4.29164 [logdet 1.43993, mahal 1.01383], L1 1.87222, Spectral 0.26502, Gradient 0.43597, Quantile 0.83644) | LR 2.50e-04
2026-06-24 01:01:39,629 INFO Epoch 80 | Batch 1000/1186 | Loss 4.24859 (NLL 4.27803 [logdet 1.39665, mahal 1.04351], L1 1.84178, Spectral 0.25965, Gradient 0.43214, Quantile 0.82783) | LR 2.50e-04
2026-06-24 01:02:12,732 INFO Epoch 80 | Batch 1050/1186 | Loss 4.22733 (NLL 4.28669 [logdet 1.39843, mahal 1.05038], L1 1.81782, Spectral 0.26036, Gradient 0.43785, Quantile 0.82025) | LR 2.50e-04
2026-06-24 01:02:45,871 INFO Epoch 80 | Batch 1100/1186 | Loss 4.16894 (NLL 4.24603 [logdet 1.40824, mahal 0.99992], L1 1.78577, Spectral 0.26322, Gradient 0.42656, Quantile 0.79239) | LR 2.50e-04
2026-06-24 01:03:19,018 INFO Epoch 80 | Batch 1150/1186 | Loss 4.23919 (NLL 4.27775 [logdet 1.37360, mahal 1.06627], L1 1.83076, Spectral 0.26145, Gradient 0.43074, Quantile 0.83320) | LR 2.50e-04
2026-06-24 01:04:40,038 INFO Epoch 80 | Val Loss 4.22804 (NLL 4.31790 [logdet 1.34204, mahal 1.13799], L1 1.80471, Spectral 0.26257, Gradient 0.43274, Quantile 0.81051)
2026-06-24 01:05:13,502 INFO Epoch 81 | Batch 50/1186 | Loss 4.21518 (NLL 4.25819 [logdet 1.41425, mahal 1.00607], L1 1.82412, Spectral 0.25994, Gradient 0.43718, Quantile 0.80328) | LR 2.50e-04
2026-06-24 01:05:46,630 INFO Epoch 81 | Batch 100/1186 | Loss 4.20751 (NLL 4.24457 [logdet 1.38803, mahal 1.01866], L1 1.81790, Spectral 0.27006, Gradient 0.43516, Quantile 0.81470) | LR 2.50e-04
2026-06-24 01:06:19,788 INFO Epoch 81 | Batch 150/1186 | Loss 4.17624 (NLL 4.25658 [logdet 1.39900, mahal 1.01970], L1 1.79111, Spectral 0.25570, Gradient 0.42450, Quantile 0.78670) | LR 2.50e-04
2026-06-24 01:06:52,939 INFO Epoch 81 | Batch 200/1186 | Loss 4.20006 (NLL 4.24640 [logdet 1.36868, mahal 1.03985], L1 1.80807, Spectral 0.26261, Gradient 0.43787, Quantile 0.82871) | LR 2.50e-04
2026-06-24 01:07:26,073 INFO Epoch 81 | Batch 250/1186 | Loss 4.25313 (NLL 4.29851 [logdet 1.44174, mahal 1.01889], L1 1.83798, Spectral 0.26972, Gradient 0.44344, Quantile 0.80903) | LR 2.50e-04
2026-06-24 01:07:59,213 INFO Epoch 81 | Batch 300/1186 | Loss 4.17076 (NLL 4.23629 [logdet 1.37947, mahal 1.01894], L1 1.79208, Spectral 0.25903, Gradient 0.42310, Quantile 0.79849) | LR 2.50e-04
2026-06-24 01:08:32,347 INFO Epoch 81 | Batch 350/1186 | Loss 4.15508 (NLL 4.20815 [logdet 1.37536, mahal 0.99491], L1 1.78747, Spectral 0.26390, Gradient 0.42550, Quantile 0.80573) | LR 2.50e-04
2026-06-24 01:09:05,483 INFO Epoch 81 | Batch 400/1186 | Loss 4.20199 (NLL 4.26660 [logdet 1.37532, mahal 1.05340], L1 1.80373, Spectral 0.26303, Gradient 0.43331, Quantile 0.81240) | LR 2.50e-04
2026-06-24 01:09:38,611 INFO Epoch 81 | Batch 450/1186 | Loss 4.19241 (NLL 4.25476 [logdet 1.38304, mahal 1.03384], L1 1.80617, Spectral 0.25618, Gradient 0.42322, Quantile 0.79459) | LR 2.50e-04
2026-06-24 01:10:11,733 INFO Epoch 81 | Batch 500/1186 | Loss 4.40034 (NLL 4.38605 [logdet 1.52576, mahal 1.02241], L1 1.93069, Spectral 0.26315, Gradient 0.44149, Quantile 0.86063) | LR 2.50e-04
2026-06-24 01:10:44,842 INFO Epoch 81 | Batch 550/1186 | Loss 4.30056 (NLL 4.32849 [logdet 1.45148, mahal 1.03913], L1 1.86744, Spectral 0.26050, Gradient 0.43441, Quantile 0.83138) | LR 2.50e-04
2026-06-24 01:11:17,957 INFO Epoch 81 | Batch 600/1186 | Loss 4.29292 (NLL 4.31724 [logdet 1.44644, mahal 1.03293], L1 1.86581, Spectral 0.26432, Gradient 0.43596, Quantile 0.82567) | LR 2.50e-04
2026-06-24 01:11:51,068 INFO Epoch 81 | Batch 650/1186 | Loss 4.21101 (NLL 4.25388 [logdet 1.41112, mahal 1.00488], L1 1.81752, Spectral 0.26265, Gradient 0.43275, Quantile 0.81945) | LR 2.50e-04
2026-06-24 01:12:24,194 INFO Epoch 81 | Batch 700/1186 | Loss 4.23658 (NLL 4.29031 [logdet 1.42305, mahal 1.02939], L1 1.82801, Spectral 0.25903, Gradient 0.42814, Quantile 0.81037) | LR 2.50e-04
2026-06-24 01:12:57,336 INFO Epoch 81 | Batch 750/1186 | Loss 4.24333 (NLL 4.28120 [logdet 1.42425, mahal 1.01907], L1 1.83737, Spectral 0.26336, Gradient 0.42731, Quantile 0.81383) | LR 2.50e-04
2026-06-24 01:13:30,473 INFO Epoch 81 | Batch 800/1186 | Loss 4.22711 (NLL 4.27563 [logdet 1.41131, mahal 1.02645], L1 1.82664, Spectral 0.26100, Gradient 0.42984, Quantile 0.80508) | LR 2.50e-04
2026-06-24 01:14:03,624 INFO Epoch 81 | Batch 850/1186 | Loss 4.19198 (NLL 4.24815 [logdet 1.39119, mahal 1.01909], L1 1.80898, Spectral 0.25533, Gradient 0.42335, Quantile 0.79573) | LR 2.50e-04
2026-06-24 01:14:36,734 INFO Epoch 81 | Batch 900/1186 | Loss 4.27599 (NLL 4.30261 [logdet 1.44952, mahal 1.01521], L1 1.85537, Spectral 0.26524, Gradient 0.44266, Quantile 0.82801) | LR 2.50e-04
2026-06-24 01:15:09,877 INFO Epoch 81 | Batch 950/1186 | Loss 4.25254 (NLL 4.29438 [logdet 1.41346, mahal 1.04305], L1 1.83472, Spectral 0.25862, Gradient 0.42541, Quantile 0.84076) | LR 2.50e-04
2026-06-24 01:15:42,999 INFO Epoch 81 | Batch 1000/1186 | Loss 4.17966 (NLL 4.25401 [logdet 1.41116, mahal 1.00497], L1 1.79213, Spectral 0.26240, Gradient 0.42622, Quantile 0.79479) | LR 2.50e-04
2026-06-24 01:16:16,131 INFO Epoch 81 | Batch 1050/1186 | Loss 4.19117 (NLL 4.25569 [logdet 1.41565, mahal 1.00216], L1 1.80236, Spectral 0.26319, Gradient 0.43285, Quantile 0.79572) | LR 2.50e-04
2026-06-24 01:16:49,255 INFO Epoch 81 | Batch 1100/1186 | Loss 4.21147 (NLL 4.24503 [logdet 1.39669, mahal 1.01047], L1 1.82863, Spectral 0.25466, Gradient 0.42129, Quantile 0.80231) | LR 2.50e-04
2026-06-24 01:17:22,360 INFO Epoch 81 | Batch 1150/1186 | Loss 4.17559 (NLL 4.23461 [logdet 1.33379, mahal 1.06294], L1 1.79364, Spectral 0.26030, Gradient 0.42583, Quantile 0.81415) | LR 2.50e-04
2026-06-24 01:18:42,610 INFO Epoch 81 | Val Loss 4.21561 (NLL 4.29843 [logdet 1.42411, mahal 1.03644], L1 1.79367, Spectral 0.26126, Gradient 0.42955, Quantile 0.84664)
2026-06-24 01:19:16,056 INFO Epoch 82 | Batch 50/1186 | Loss 4.21008 (NLL 4.26144 [logdet 1.38156, mahal 1.04201], L1 1.81583, Spectral 0.25591, Gradient 0.42562, Quantile 0.81419) | LR 2.50e-04
2026-06-24 01:19:49,181 INFO Epoch 82 | Batch 100/1186 | Loss 4.19280 (NLL 4.25399 [logdet 1.40463, mahal 1.01149], L1 1.80684, Spectral 0.26392, Gradient 0.43239, Quantile 0.78664) | LR 2.50e-04
2026-06-24 01:20:22,314 INFO Epoch 82 | Batch 150/1186 | Loss 4.21515 (NLL 4.25902 [logdet 1.39935, mahal 1.02179], L1 1.81835, Spectral 0.25636, Gradient 0.43329, Quantile 0.82926) | LR 2.50e-04
2026-06-24 01:20:55,456 INFO Epoch 82 | Batch 200/1186 | Loss 4.19476 (NLL 4.25321 [logdet 1.40630, mahal 1.00904], L1 1.80680, Spectral 0.26624, Gradient 0.43397, Quantile 0.79406) | LR 2.50e-04
2026-06-24 01:21:28,581 INFO Epoch 82 | Batch 250/1186 | Loss 4.29588 (NLL 4.31726 [logdet 1.46300, mahal 1.01638], L1 1.86884, Spectral 0.26488, Gradient 0.44087, Quantile 0.82469) | LR 2.50e-04
2026-06-24 01:22:01,715 INFO Epoch 82 | Batch 300/1186 | Loss 4.25316 (NLL 4.28653 [logdet 1.44233, mahal 1.00633], L1 1.84093, Spectral 0.25254, Gradient 0.42177, Quantile 0.84041) | LR 2.50e-04
2026-06-24 01:22:34,846 INFO Epoch 82 | Batch 350/1186 | Loss 4.14847 (NLL 4.20531 [logdet 1.38902, mahal 0.97841], L1 1.79274, Spectral 0.25300, Gradient 0.41940, Quantile 0.77407) | LR 2.50e-04
2026-06-24 01:23:07,985 INFO Epoch 82 | Batch 400/1186 | Loss 4.19800 (NLL 4.26876 [logdet 1.39298, mahal 1.03791], L1 1.79514, Spectral 0.26704, Gradient 0.43626, Quantile 0.82272) | LR 2.50e-04
2026-06-24 01:23:41,124 INFO Epoch 82 | Batch 450/1186 | Loss 4.20960 (NLL 4.26372 [logdet 1.41345, mahal 1.01240], L1 1.81346, Spectral 0.26039, Gradient 0.42989, Quantile 0.81248) | LR 2.50e-04
2026-06-24 01:24:14,247 INFO Epoch 82 | Batch 500/1186 | Loss 4.19030 (NLL 4.25780 [logdet 1.39286, mahal 1.02706], L1 1.79642, Spectral 0.26284, Gradient 0.43186, Quantile 0.81272) | LR 2.50e-04
2026-06-24 01:24:47,368 INFO Epoch 82 | Batch 550/1186 | Loss 4.33079 (NLL 4.34093 [logdet 1.46258, mahal 1.04047], L1 1.88737, Spectral 0.26417, Gradient 0.43343, Quantile 0.84438) | LR 2.50e-04
2026-06-24 01:25:20,490 INFO Epoch 82 | Batch 600/1186 | Loss 4.19760 (NLL 4.25067 [logdet 1.37728, mahal 1.03551], L1 1.81207, Spectral 0.25424, Gradient 0.42215, Quantile 0.80219) | LR 2.50e-04
2026-06-24 01:25:53,611 INFO Epoch 82 | Batch 650/1186 | Loss 4.16461 (NLL 4.23591 [logdet 1.40180, mahal 0.99624], L1 1.78555, Spectral 0.25450, Gradient 0.42468, Quantile 0.80566) | LR 2.50e-04
2026-06-24 01:26:26,736 INFO Epoch 82 | Batch 700/1186 | Loss 4.20378 (NLL 4.26314 [logdet 1.41122, mahal 1.01404], L1 1.80957, Spectral 0.26554, Gradient 0.43683, Quantile 0.80005) | LR 2.50e-04
2026-06-24 01:26:59,844 INFO Epoch 82 | Batch 750/1186 | Loss 4.20616 (NLL 4.24777 [logdet 1.37767, mahal 1.03222], L1 1.82056, Spectral 0.26036, Gradient 0.42767, Quantile 0.80193) | LR 2.50e-04
2026-06-24 01:27:32,963 INFO Epoch 82 | Batch 800/1186 | Loss 4.16424 (NLL 4.23580 [logdet 1.37818, mahal 1.01974], L1 1.78414, Spectral 0.25868, Gradient 0.42617, Quantile 0.80574) | LR 2.50e-04
2026-06-24 01:28:06,076 INFO Epoch 82 | Batch 850/1186 | Loss 4.20589 (NLL 4.23098 [logdet 1.37285, mahal 1.02026], L1 1.82317, Spectral 0.26533, Gradient 0.43621, Quantile 0.81934) | LR 2.50e-04
2026-06-24 01:28:39,213 INFO Epoch 82 | Batch 900/1186 | Loss 4.36807 (NLL 4.36651 [logdet 1.45804, mahal 1.07060], L1 1.90616, Spectral 0.26720, Gradient 0.43574, Quantile 0.86476) | LR 2.50e-04
2026-06-24 01:29:12,303 INFO Epoch 82 | Batch 950/1186 | Loss 4.28339 (NLL 4.29642 [logdet 1.41974, mahal 1.03880], L1 1.86932, Spectral 0.26642, Gradient 0.43688, Quantile 0.81247) | LR 2.50e-04
2026-06-24 01:29:45,380 INFO Epoch 82 | Batch 1000/1186 | Loss 4.27345 (NLL 4.31038 [logdet 1.42420, mahal 1.04830], L1 1.84961, Spectral 0.25948, Gradient 0.42649, Quantile 0.83164) | LR 2.50e-04
2026-06-24 01:30:18,470 INFO Epoch 82 | Batch 1050/1186 | Loss 4.19533 (NLL 4.25847 [logdet 1.43736, mahal 0.98323], L1 1.80378, Spectral 0.25962, Gradient 0.43062, Quantile 0.80514) | LR 2.50e-04
2026-06-24 01:30:51,573 INFO Epoch 82 | Batch 1100/1186 | Loss 4.22885 (NLL 4.25125 [logdet 1.39848, mahal 1.01489], L1 1.83375, Spectral 0.26813, Gradient 0.43404, Quantile 0.82571) | LR 2.50e-04
2026-06-24 01:31:24,702 INFO Epoch 82 | Batch 1150/1186 | Loss 4.19287 (NLL 4.25892 [logdet 1.38661, mahal 1.03444], L1 1.80215, Spectral 0.26597, Gradient 0.43565, Quantile 0.79389) | LR 2.50e-04
2026-06-24 01:32:44,644 INFO Epoch 82 | Val Loss 4.21049 (NLL 4.30402 [logdet 1.32144, mahal 1.14470], L1 1.79583, Spectral 0.26163, Gradient 0.43077, Quantile 0.80441)
2026-06-24 01:33:18,079 INFO Epoch 83 | Batch 50/1186 | Loss 4.30500 (NLL 4.31026 [logdet 1.43281, mahal 1.03958], L1 1.87529, Spectral 0.27018, Gradient 0.44239, Quantile 0.84460) | LR 2.50e-04
2026-06-24 01:33:51,221 INFO Epoch 83 | Batch 100/1186 | Loss 4.17567 (NLL 4.23372 [logdet 1.40044, mahal 0.99540], L1 1.80125, Spectral 0.25384, Gradient 0.42212, Quantile 0.79171) | LR 2.50e-04
2026-06-24 01:34:24,359 INFO Epoch 83 | Batch 150/1186 | Loss 4.32584 (NLL 4.34063 [logdet 1.44593, mahal 1.05682], L1 1.88046, Spectral 0.26886, Gradient 0.43993, Quantile 0.84805) | LR 2.50e-04
2026-06-24 01:34:57,494 INFO Epoch 83 | Batch 200/1186 | Loss 4.22154 (NLL 4.25058 [logdet 1.41682, mahal 0.99587], L1 1.82833, Spectral 0.25594, Gradient 0.42517, Quantile 0.83246) | LR 2.50e-04
2026-06-24 01:35:30,634 INFO Epoch 83 | Batch 250/1186 | Loss 4.25473 (NLL 4.27898 [logdet 1.42127, mahal 1.01983], L1 1.84866, Spectral 0.26671, Gradient 0.44097, Quantile 0.81516) | LR 2.50e-04
2026-06-24 01:36:03,747 INFO Epoch 83 | Batch 300/1186 | Loss 4.28172 (NLL 4.30038 [logdet 1.42664, mahal 1.03587], L1 1.86264, Spectral 0.26997, Gradient 0.43599, Quantile 0.82127) | LR 2.50e-04
2026-06-24 01:36:36,881 INFO Epoch 83 | Batch 350/1186 | Loss 4.24924 (NLL 4.30684 [logdet 1.44544, mahal 1.02352], L1 1.83268, Spectral 0.25913, Gradient 0.43189, Quantile 0.80908) | LR 2.50e-04
2026-06-24 01:37:09,966 INFO Epoch 83 | Batch 400/1186 | Loss 4.21934 (NLL 4.26236 [logdet 1.40680, mahal 1.01769], L1 1.82151, Spectral 0.25635, Gradient 0.42336, Quantile 0.82673) | LR 2.50e-04
2026-06-24 01:37:43,070 INFO Epoch 83 | Batch 450/1186 | Loss 4.23809 (NLL 4.28117 [logdet 1.40341, mahal 1.03988], L1 1.83400, Spectral 0.26955, Gradient 0.44160, Quantile 0.79932) | LR 2.50e-04
2026-06-24 01:38:16,164 INFO Epoch 83 | Batch 500/1186 | Loss 4.24835 (NLL 4.29409 [logdet 1.44786, mahal 1.00835], L1 1.83277, Spectral 0.26570, Gradient 0.43292, Quantile 0.82442) | LR 2.50e-04
2026-06-24 01:38:49,287 INFO Epoch 83 | Batch 550/1186 | Loss 4.19225 (NLL 4.25350 [logdet 1.39576, mahal 1.01986], L1 1.80156, Spectral 0.25778, Gradient 0.42670, Quantile 0.81392) | LR 2.50e-04
2026-06-24 01:39:22,425 INFO Epoch 83 | Batch 600/1186 | Loss 4.15897 (NLL 4.23289 [logdet 1.36896, mahal 1.02605], L1 1.78403, Spectral 0.25818, Gradient 0.43243, Quantile 0.79079) | LR 2.50e-04
2026-06-24 01:39:55,531 INFO Epoch 83 | Batch 650/1186 | Loss 4.18762 (NLL 4.24798 [logdet 1.41209, mahal 0.99802], L1 1.80014, Spectral 0.26222, Gradient 0.43252, Quantile 0.80720) | LR 2.50e-04
2026-06-24 01:40:28,642 INFO Epoch 83 | Batch 700/1186 | Loss 4.14462 (NLL 4.23595 [logdet 1.36516, mahal 1.03291], L1 1.76887, Spectral 0.25870, Gradient 0.42504, Quantile 0.78737) | LR 2.50e-04
2026-06-24 01:41:01,744 INFO Epoch 83 | Batch 750/1186 | Loss 4.25277 (NLL 4.31299 [logdet 1.40929, mahal 1.06583], L1 1.82583, Spectral 0.26309, Gradient 0.43754, Quantile 0.83506) | LR 2.50e-04
2026-06-24 01:41:34,866 INFO Epoch 83 | Batch 800/1186 | Loss 4.18214 (NLL 4.23606 [logdet 1.40780, mahal 0.99037], L1 1.80069, Spectral 0.26546, Gradient 0.43827, Quantile 0.80342) | LR 2.50e-04
2026-06-24 01:42:07,999 INFO Epoch 83 | Batch 850/1186 | Loss 4.15187 (NLL 4.19842 [logdet 1.33659, mahal 1.02396], L1 1.79009, Spectral 0.26303, Gradient 0.43314, Quantile 0.80253) | LR 2.50e-04
2026-06-24 01:42:41,108 INFO Epoch 83 | Batch 900/1186 | Loss 4.18866 (NLL 4.24378 [logdet 1.38211, mahal 1.02379], L1 1.80343, Spectral 0.26025, Gradient 0.42509, Quantile 0.80881) | LR 2.50e-04
2026-06-24 01:43:14,237 INFO Epoch 83 | Batch 950/1186 | Loss 4.19808 (NLL 4.25364 [logdet 1.36237, mahal 1.05339], L1 1.80829, Spectral 0.25832, Gradient 0.42956, Quantile 0.80927) | LR 2.50e-04
2026-06-24 01:43:47,311 INFO Epoch 83 | Batch 1000/1186 | Loss 4.15472 (NLL 4.21622 [logdet 1.38014, mahal 0.99820], L1 1.78288, Spectral 0.25906, Gradient 0.42504, Quantile 0.81168) | LR 2.50e-04
2026-06-24 01:44:20,403 INFO Epoch 83 | Batch 1050/1186 | Loss 4.23413 (NLL 4.25539 [logdet 1.41244, mahal 1.00507], L1 1.84182, Spectral 0.25277, Gradient 0.41991, Quantile 0.82220) | LR 2.50e-04
2026-06-24 01:44:53,478 INFO Epoch 83 | Batch 1100/1186 | Loss 4.25131 (NLL 4.27709 [logdet 1.39108, mahal 1.04813], L1 1.84411, Spectral 0.26291, Gradient 0.42928, Quantile 0.82791) | LR 2.50e-04
2026-06-24 01:45:26,569 INFO Epoch 83 | Batch 1150/1186 | Loss 4.22422 (NLL 4.26049 [logdet 1.41973, mahal 1.00289], L1 1.83141, Spectral 0.25999, Gradient 0.42795, Quantile 0.80582) | LR 2.50e-04
2026-06-24 01:46:47,528 INFO Epoch 83 | Val Loss 4.21502 (NLL 4.31072 [logdet 1.31182, mahal 1.16103], L1 1.79804, Spectral 0.26132, Gradient 0.42979, Quantile 0.80045)
2026-06-24 01:47:20,950 INFO Epoch 84 | Batch 50/1186 | Loss 4.15647 (NLL 4.23331 [logdet 1.37386, mahal 1.02158], L1 1.78293, Spectral 0.26129, Gradient 0.42800, Quantile 0.78082) | LR 2.50e-04
2026-06-24 01:47:54,076 INFO Epoch 84 | Batch 100/1186 | Loss 4.28003 (NLL 4.29578 [logdet 1.42338, mahal 1.03453], L1 1.85774, Spectral 0.25642, Gradient 0.42796, Quantile 0.85877) | LR 2.50e-04
2026-06-24 01:48:27,206 INFO Epoch 84 | Batch 150/1186 | Loss 4.22345 (NLL 4.26865 [logdet 1.40150, mahal 1.02928], L1 1.82261, Spectral 0.26249, Gradient 0.43439, Quantile 0.81943) | LR 2.50e-04
2026-06-24 01:49:00,333 INFO Epoch 84 | Batch 200/1186 | Loss 4.20911 (NLL 4.25709 [logdet 1.41042, mahal 1.00879], L1 1.82203, Spectral 0.25964, Gradient 0.43086, Quantile 0.78944) | LR 2.50e-04
2026-06-24 01:49:33,451 INFO Epoch 84 | Batch 250/1186 | Loss 4.18635 (NLL 4.25176 [logdet 1.38177, mahal 1.03211], L1 1.79622, Spectral 0.26893, Gradient 0.43812, Quantile 0.80311) | LR 2.50e-04
2026-06-24 01:50:06,579 INFO Epoch 84 | Batch 300/1186 | Loss 4.18347 (NLL 4.24033 [logdet 1.38748, mahal 1.01497], L1 1.80193, Spectral 0.26533, Gradient 0.43402, Quantile 0.79511) | LR 2.50e-04
2026-06-24 01:50:39,705 INFO Epoch 84 | Batch 350/1186 | Loss 4.30326 (NLL 4.33432 [logdet 1.40294, mahal 1.09351], L1 1.86883, Spectral 0.26664, Gradient 0.43639, Quantile 0.81814) | LR 2.50e-04
2026-06-24 01:51:12,856 INFO Epoch 84 | Batch 400/1186 | Loss 4.21696 (NLL 4.25958 [logdet 1.43020, mahal 0.99150], L1 1.81853, Spectral 0.26304, Gradient 0.43422, Quantile 0.82769) | LR 2.50e-04
2026-06-24 01:51:45,997 INFO Epoch 84 | Batch 450/1186 | Loss 4.27074 (NLL 4.28729 [logdet 1.41294, mahal 1.03648], L1 1.85948, Spectral 0.27164, Gradient 0.44375, Quantile 0.81408) | LR 2.50e-04
2026-06-24 01:52:19,130 INFO Epoch 84 | Batch 500/1186 | Loss 4.24177 (NLL 4.27819 [logdet 1.40417, mahal 1.03614], L1 1.82942, Spectral 0.26610, Gradient 0.44533, Quantile 0.84344) | LR 2.50e-04
2026-06-24 01:52:52,254 INFO Epoch 84 | Batch 550/1186 | Loss 4.24828 (NLL 4.27606 [logdet 1.43217, mahal 1.00602], L1 1.84699, Spectral 0.26682, Gradient 0.43678, Quantile 0.80131) | LR 2.50e-04
2026-06-24 01:53:25,370 INFO Epoch 84 | Batch 600/1186 | Loss 4.25588 (NLL 4.28757 [logdet 1.40817, mahal 1.04152], L1 1.84206, Spectral 0.26543, Gradient 0.43132, Quantile 0.83093) | LR 2.50e-04
2026-06-24 01:53:58,501 INFO Epoch 84 | Batch 650/1186 | Loss 4.21435 (NLL 4.28304 [logdet 1.41966, mahal 1.02549], L1 1.81132, Spectral 0.25297, Gradient 0.42272, Quantile 0.80902) | LR 2.50e-04
2026-06-24 01:54:31,627 INFO Epoch 84 | Batch 700/1186 | Loss 4.19499 (NLL 4.23561 [logdet 1.38646, mahal 1.01128], L1 1.81580, Spectral 0.25690, Gradient 0.42781, Quantile 0.80421) | LR 2.50e-04
2026-06-24 01:55:04,759 INFO Epoch 84 | Batch 750/1186 | Loss 4.17439 (NLL 4.24493 [logdet 1.41212, mahal 0.99493], L1 1.79558, Spectral 0.25436, Gradient 0.42083, Quantile 0.78615) | LR 2.50e-04
2026-06-24 01:55:37,880 INFO Epoch 84 | Batch 800/1186 | Loss 4.22399 (NLL 4.26128 [logdet 1.40265, mahal 1.02075], L1 1.82827, Spectral 0.25895, Gradient 0.42954, Quantile 0.81738) | LR 2.50e-04
2026-06-24 01:56:11,022 INFO Epoch 84 | Batch 850/1186 | Loss 4.23452 (NLL 4.29135 [logdet 1.42279, mahal 1.03068], L1 1.82274, Spectral 0.25905, Gradient 0.42955, Quantile 0.82149) | LR 2.50e-04
2026-06-24 01:56:44,131 INFO Epoch 84 | Batch 900/1186 | Loss 4.18845 (NLL 4.24080 [logdet 1.40514, mahal 0.99778], L1 1.80668, Spectral 0.25774, Gradient 0.42829, Quantile 0.80325) | LR 2.50e-04
2026-06-24 01:57:17,241 INFO Epoch 84 | Batch 950/1186 | Loss 4.12258 (NLL 4.20543 [logdet 1.36804, mahal 0.99951], L1 1.76345, Spectral 0.26951, Gradient 0.43599, Quantile 0.77002) | LR 2.50e-04
2026-06-24 01:57:50,349 INFO Epoch 84 | Batch 1000/1186 | Loss 4.18461 (NLL 4.24379 [logdet 1.37530, mahal 1.03062], L1 1.80081, Spectral 0.25598, Gradient 0.41903, Quantile 0.80750) | LR 2.50e-04
2026-06-24 01:58:23,464 INFO Epoch 84 | Batch 1050/1186 | Loss 4.25695 (NLL 4.29463 [logdet 1.44177, mahal 1.01499], L1 1.84456, Spectral 0.25452, Gradient 0.42593, Quantile 0.82210) | LR 2.50e-04
2026-06-24 01:58:56,582 INFO Epoch 84 | Batch 1100/1186 | Loss 4.16325 (NLL 4.22867 [logdet 1.36510, mahal 1.02569], L1 1.78738, Spectral 0.26012, Gradient 0.42748, Quantile 0.80147) | LR 2.50e-04
2026-06-24 01:59:29,701 INFO Epoch 84 | Batch 1150/1186 | Loss 4.21391 (NLL 4.23998 [logdet 1.37749, mahal 1.02461], L1 1.82587, Spectral 0.26228, Gradient 0.42993, Quantile 0.82611) | LR 2.50e-04
2026-06-24 02:00:50,099 INFO Epoch 84 | Val Loss 4.21376 (NLL 4.28471 [logdet 1.38329, mahal 1.06354], L1 1.78825, Spectral 0.26206, Gradient 0.43016, Quantile 0.88903)
2026-06-24 02:01:23,494 INFO Epoch 85 | Batch 50/1186 | Loss 4.22241 (NLL 4.28482 [logdet 1.41102, mahal 1.03593], L1 1.81683, Spectral 0.25777, Gradient 0.42902, Quantile 0.81069) | LR 2.50e-04
2026-06-24 02:01:56,614 INFO Epoch 85 | Batch 100/1186 | Loss 4.25982 (NLL 4.28753 [logdet 1.42428, mahal 1.02537], L1 1.84957, Spectral 0.26166, Gradient 0.43341, Quantile 0.82028) | LR 2.50e-04
2026-06-24 02:02:29,740 INFO Epoch 85 | Batch 150/1186 | Loss 4.17813 (NLL 4.22730 [logdet 1.38524, mahal 1.00419], L1 1.79965, Spectral 0.26144, Gradient 0.43445, Quantile 0.81359) | LR 2.50e-04
2026-06-24 02:03:02,843 INFO Epoch 85 | Batch 200/1186 | Loss 4.27965 (NLL 4.30207 [logdet 1.44502, mahal 1.01917], L1 1.85875, Spectral 0.26785, Gradient 0.43986, Quantile 0.82756) | LR 2.50e-04
2026-06-24 02:03:35,942 INFO Epoch 85 | Batch 250/1186 | Loss 4.18157 (NLL 4.26257 [logdet 1.40041, mahal 1.02429], L1 1.78904, Spectral 0.25601, Gradient 0.41974, Quantile 0.80467) | LR 2.50e-04
2026-06-24 02:04:09,086 INFO Epoch 85 | Batch 300/1186 | Loss 4.22924 (NLL 4.28693 [logdet 1.41234, mahal 1.03671], L1 1.82052, Spectral 0.26407, Gradient 0.42873, Quantile 0.81260) | LR 2.50e-04
2026-06-24 02:04:42,180 INFO Epoch 85 | Batch 350/1186 | Loss 4.22495 (NLL 4.27907 [logdet 1.40608, mahal 1.03511], L1 1.82217, Spectral 0.26058, Gradient 0.43207, Quantile 0.80798) | LR 2.50e-04
2026-06-24 02:05:15,291 INFO Epoch 85 | Batch 400/1186 | Loss 4.16745 (NLL 4.23723 [logdet 1.39642, mahal 1.00294], L1 1.78573, Spectral 0.26361, Gradient 0.43138, Quantile 0.80417) | LR 2.50e-04
2026-06-24 02:05:48,410 INFO Epoch 85 | Batch 450/1186 | Loss 4.19935 (NLL 4.24007 [logdet 1.36212, mahal 1.04008], L1 1.81447, Spectral 0.26738, Gradient 0.43465, Quantile 0.80726) | LR 2.50e-04
2026-06-24 02:06:21,538 INFO Epoch 85 | Batch 500/1186 | Loss 4.23553 (NLL 4.27979 [logdet 1.40184, mahal 1.04007], L1 1.83002, Spectral 0.26701, Gradient 0.43940, Quantile 0.81082) | LR 2.50e-04
2026-06-24 02:06:54,657 INFO Epoch 85 | Batch 550/1186 | Loss 4.22714 (NLL 4.27746 [logdet 1.39347, mahal 1.04611], L1 1.82754, Spectral 0.26336, Gradient 0.43709, Quantile 0.79507) | LR 2.50e-04
2026-06-24 02:07:27,752 INFO Epoch 85 | Batch 600/1186 | Loss 4.16047 (NLL 4.21333 [logdet 1.37645, mahal 0.99900], L1 1.79186, Spectral 0.25453, Gradient 0.43186, Quantile 0.80906) | LR 2.50e-04
2026-06-24 02:08:00,881 INFO Epoch 85 | Batch 650/1186 | Loss 4.24183 (NLL 4.25994 [logdet 1.42138, mahal 1.00069], L1 1.84396, Spectral 0.26784, Gradient 0.43624, Quantile 0.81943) | LR 2.50e-04
2026-06-24 02:08:33,996 INFO Epoch 85 | Batch 700/1186 | Loss 4.19495 (NLL 4.25265 [logdet 1.35129, mahal 1.06349], L1 1.80212, Spectral 0.24928, Gradient 0.42013, Quantile 0.83371) | LR 2.50e-04
2026-06-24 02:09:07,096 INFO Epoch 85 | Batch 750/1186 | Loss 4.26412 (NLL 4.30551 [logdet 1.42806, mahal 1.03957], L1 1.84041, Spectral 0.26434, Gradient 0.44005, Quantile 0.83583) | LR 2.50e-04
2026-06-24 02:09:40,223 INFO Epoch 85 | Batch 800/1186 | Loss 4.23146 (NLL 4.27724 [logdet 1.41724, mahal 1.02212], L1 1.82825, Spectral 0.26513, Gradient 0.43068, Quantile 0.80872) | LR 2.50e-04
2026-06-24 02:10:13,330 INFO Epoch 85 | Batch 850/1186 | Loss 4.19448 (NLL 4.24386 [logdet 1.39620, mahal 1.00979], L1 1.80767, Spectral 0.26253, Gradient 0.43305, Quantile 0.81263) | LR 2.50e-04
2026-06-24 02:10:46,443 INFO Epoch 85 | Batch 900/1186 | Loss 4.16988 (NLL 4.23332 [logdet 1.37006, mahal 1.02539], L1 1.79680, Spectral 0.25923, Gradient 0.42878, Quantile 0.78112) | LR 2.50e-04
2026-06-24 02:11:19,543 INFO Epoch 85 | Batch 950/1186 | Loss 4.25585 (NLL 4.29718 [logdet 1.42908, mahal 1.03022], L1 1.83973, Spectral 0.26804, Gradient 0.43743, Quantile 0.81767) | LR 2.50e-04
2026-06-24 02:11:52,643 INFO Epoch 85 | Batch 1000/1186 | Loss 4.26915 (NLL 4.26619 [logdet 1.41136, mahal 1.01696], L1 1.86272, Spectral 0.26479, Gradient 0.43589, Quantile 0.84528) | LR 2.50e-04
2026-06-24 02:12:25,752 INFO Epoch 85 | Batch 1050/1186 | Loss 4.18785 (NLL 4.25848 [logdet 1.39987, mahal 1.02073], L1 1.79616, Spectral 0.25736, Gradient 0.42251, Quantile 0.80824) | LR 2.50e-04
2026-06-24 02:12:58,849 INFO Epoch 85 | Batch 1100/1186 | Loss 4.16432 (NLL 4.21964 [logdet 1.37871, mahal 1.00305], L1 1.79797, Spectral 0.26202, Gradient 0.42676, Quantile 0.77861) | LR 2.50e-04
2026-06-24 02:13:31,960 INFO Epoch 85 | Batch 1150/1186 | Loss 4.18207 (NLL 4.23099 [logdet 1.36670, mahal 1.02641], L1 1.79999, Spectral 0.25536, Gradient 0.42546, Quantile 0.82750) | LR 2.50e-04
2026-06-24 02:14:52,412 INFO Epoch 85 | Val Loss 4.23450 (NLL 4.32162 [logdet 1.22632, mahal 1.25742], L1 1.79614, Spectral 0.26182, Gradient 0.43130, Quantile 0.86601)
2026-06-24 02:15:25,847 INFO Epoch 86 | Batch 50/1186 | Loss 4.17209 (NLL 4.24782 [logdet 1.33721, mahal 1.07273], L1 1.78222, Spectral 0.26603, Gradient 0.43179, Quantile 0.81338) | LR 2.50e-04
2026-06-24 02:15:58,945 INFO Epoch 86 | Batch 100/1186 | Loss 4.21995 (NLL 4.28571 [logdet 1.41258, mahal 1.03526], L1 1.81455, Spectral 0.26120, Gradient 0.43200, Quantile 0.80437) | LR 2.50e-04
2026-06-24 02:16:32,073 INFO Epoch 86 | Batch 150/1186 | Loss 4.13686 (NLL 4.19702 [logdet 1.39045, mahal 0.96870], L1 1.77468, Spectral 0.26455, Gradient 0.43254, Quantile 0.80546) | LR 2.50e-04
2026-06-24 02:17:05,202 INFO Epoch 86 | Batch 200/1186 | Loss 4.22649 (NLL 4.26791 [logdet 1.40285, mahal 1.02718], L1 1.83105, Spectral 0.26245, Gradient 0.43236, Quantile 0.79866) | LR 2.50e-04
2026-06-24 02:17:38,313 INFO Epoch 86 | Batch 250/1186 | Loss 4.28520 (NLL 4.30529 [logdet 1.42230, mahal 1.04511], L1 1.86227, Spectral 0.26895, Gradient 0.44230, Quantile 0.82806) | LR 2.50e-04
2026-06-24 02:18:11,422 INFO Epoch 86 | Batch 300/1186 | Loss 4.24333 (NLL 4.29806 [logdet 1.39758, mahal 1.06260], L1 1.82841, Spectral 0.26193, Gradient 0.43276, Quantile 0.81748) | LR 2.50e-04
2026-06-24 02:18:44,549 INFO Epoch 86 | Batch 350/1186 | Loss 4.14178 (NLL 4.20111 [logdet 1.38791, mahal 0.97532], L1 1.78076, Spectral 0.25739, Gradient 0.42646, Quantile 0.79990) | LR 2.50e-04
2026-06-24 02:19:17,657 INFO Epoch 86 | Batch 400/1186 | Loss 4.17840 (NLL 4.24855 [logdet 1.37017, mahal 1.04051], L1 1.79443, Spectral 0.26614, Gradient 0.43667, Quantile 0.78724) | LR 2.50e-04
2026-06-24 02:19:50,793 INFO Epoch 86 | Batch 450/1186 | Loss 4.17312 (NLL 4.23503 [logdet 1.38055, mahal 1.01660], L1 1.79262, Spectral 0.25722, Gradient 0.43235, Quantile 0.81047) | LR 2.50e-04
2026-06-24 02:20:23,907 INFO Epoch 86 | Batch 500/1186 | Loss 4.25978 (NLL 4.29375 [logdet 1.40865, mahal 1.04722], L1 1.84738, Spectral 0.26193, Gradient 0.43332, Quantile 0.81597) | LR 2.50e-04
2026-06-24 02:20:57,025 INFO Epoch 86 | Batch 550/1186 | Loss 4.34865 (NLL 4.36051 [logdet 1.46962, mahal 1.05301], L1 1.89506, Spectral 0.26637, Gradient 0.43649, Quantile 0.84357) | LR 2.50e-04
2026-06-24 02:21:30,172 INFO Epoch 86 | Batch 600/1186 | Loss 4.13261 (NLL 4.21325 [logdet 1.37797, mahal 0.99740], L1 1.76857, Spectral 0.25906, Gradient 0.42632, Quantile 0.78549) | LR 2.50e-04
2026-06-24 02:22:03,278 INFO Epoch 86 | Batch 650/1186 | Loss 4.24084 (NLL 4.27547 [logdet 1.40122, mahal 1.03638], L1 1.83636, Spectral 0.25725, Gradient 0.43009, Quantile 0.82607) | LR 2.50e-04
2026-06-24 02:22:36,369 INFO Epoch 86 | Batch 700/1186 | Loss 4.18152 (NLL 4.22614 [logdet 1.35688, mahal 1.03138], L1 1.80295, Spectral 0.26237, Gradient 0.43187, Quantile 0.81537) | LR 2.50e-04
2026-06-24 02:23:09,482 INFO Epoch 86 | Batch 750/1186 | Loss 4.15208 (NLL 4.21894 [logdet 1.34710, mahal 1.03397], L1 1.78199, Spectral 0.25879, Gradient 0.42552, Quantile 0.79909) | LR 2.50e-04
2026-06-24 02:23:42,582 INFO Epoch 86 | Batch 800/1186 | Loss 4.21042 (NLL 4.25385 [logdet 1.36768, mahal 1.04830], L1 1.81691, Spectral 0.25874, Gradient 0.43080, Quantile 0.82379) | LR 2.50e-04
2026-06-24 02:24:15,706 INFO Epoch 86 | Batch 850/1186 | Loss 4.28193 (NLL 4.29353 [logdet 1.41869, mahal 1.03697], L1 1.86704, Spectral 0.26422, Gradient 0.43906, Quantile 0.82423) | LR 2.50e-04
2026-06-24 02:24:48,834 INFO Epoch 86 | Batch 900/1186 | Loss 4.14276 (NLL 4.20223 [logdet 1.35218, mahal 1.01217], L1 1.78282, Spectral 0.25743, Gradient 0.42303, Quantile 0.79310) | LR 2.50e-04
2026-06-24 02:25:21,968 INFO Epoch 86 | Batch 950/1186 | Loss 4.19152 (NLL 4.25306 [logdet 1.40256, mahal 1.01262], L1 1.80577, Spectral 0.25936, Gradient 0.43257, Quantile 0.79259) | LR 2.50e-04
2026-06-24 02:25:55,089 INFO Epoch 86 | Batch 1000/1186 | Loss 4.08008 (NLL 4.16997 [logdet 1.33147, mahal 1.00062], L1 1.73956, Spectral 0.25375, Gradient 0.41565, Quantile 0.78347) | LR 2.50e-04
2026-06-24 02:26:28,230 INFO Epoch 86 | Batch 1050/1186 | Loss 4.34031 (NLL 4.33086 [logdet 1.45474, mahal 1.03825], L1 1.89982, Spectral 0.26770, Gradient 0.44154, Quantile 0.84922) | LR 2.50e-04
2026-06-24 02:27:01,348 INFO Epoch 86 | Batch 1100/1186 | Loss 4.10507 (NLL 4.21209 [logdet 1.34004, mahal 1.03418], L1 1.74134, Spectral 0.26158, Gradient 0.42755, Quantile 0.78384) | LR 2.50e-04
2026-06-24 02:27:34,466 INFO Epoch 86 | Batch 1150/1186 | Loss 4.29130 (NLL 4.32067 [logdet 1.43505, mahal 1.04775], L1 1.86121, Spectral 0.26404, Gradient 0.43967, Quantile 0.83118) | LR 2.50e-04
2026-06-24 02:28:55,382 INFO Epoch 86 | Val Loss 4.24110 (NLL 4.32245 [logdet 1.41007, mahal 1.07449], L1 1.81176, Spectral 0.26350, Gradient 0.43366, Quantile 0.82504)
2026-06-24 02:29:28,750 INFO Epoch 87 | Batch 50/1186 | Loss 4.14002 (NLL 4.20128 [logdet 1.37002, mahal 0.99339], L1 1.77642, Spectral 0.26939, Gradient 0.43283, Quantile 0.79729) | LR 2.50e-04
2026-06-24 02:30:01,872 INFO Epoch 87 | Batch 100/1186 | Loss 4.15764 (NLL 4.21774 [logdet 1.38556, mahal 0.99431], L1 1.78552, Spectral 0.26224, Gradient 0.43047, Quantile 0.80625) | LR 2.50e-04
2026-06-24 02:30:34,977 INFO Epoch 87 | Batch 150/1186 | Loss 4.17047 (NLL 4.22589 [logdet 1.38947, mahal 0.99855], L1 1.79597, Spectral 0.26013, Gradient 0.43049, Quantile 0.80143) | LR 2.50e-04
2026-06-24 02:31:08,087 INFO Epoch 87 | Batch 200/1186 | Loss 4.13981 (NLL 4.21539 [logdet 1.36852, mahal 1.00899], L1 1.77377, Spectral 0.26870, Gradient 0.43709, Quantile 0.77887) | LR 2.50e-04
2026-06-24 02:31:41,181 INFO Epoch 87 | Batch 250/1186 | Loss 4.17818 (NLL 4.24230 [logdet 1.38691, mahal 1.01751], L1 1.79316, Spectral 0.26054, Gradient 0.43440, Quantile 0.81056) | LR 2.50e-04
2026-06-24 02:32:14,284 INFO Epoch 87 | Batch 300/1186 | Loss 4.18441 (NLL 4.23289 [logdet 1.38111, mahal 1.01390], L1 1.80632, Spectral 0.25918, Gradient 0.42668, Quantile 0.80290) | LR 2.50e-04
2026-06-24 02:32:47,382 INFO Epoch 87 | Batch 350/1186 | Loss 4.27866 (NLL 4.31878 [logdet 1.43187, mahal 1.04903], L1 1.85346, Spectral 0.26148, Gradient 0.44039, Quantile 0.81756) | LR 2.50e-04
2026-06-24 02:33:20,491 INFO Epoch 87 | Batch 400/1186 | Loss 4.24909 (NLL 4.27985 [logdet 1.43622, mahal 1.00575], L1 1.84043, Spectral 0.26109, Gradient 0.43559, Quantile 0.83015) | LR 2.50e-04
2026-06-24 02:33:53,604 INFO Epoch 87 | Batch 450/1186 | Loss 4.15724 (NLL 4.21831 [logdet 1.36247, mahal 1.01797], L1 1.78544, Spectral 0.26159, Gradient 0.42603, Quantile 0.80447) | LR 2.50e-04
2026-06-24 02:34:26,701 INFO Epoch 87 | Batch 500/1186 | Loss 4.15178 (NLL 4.23088 [logdet 1.36224, mahal 1.03076], L1 1.78001, Spectral 0.25768, Gradient 0.42094, Quantile 0.78250) | LR 2.50e-04
2026-06-24 02:34:59,783 INFO Epoch 87 | Batch 550/1186 | Loss 4.28055 (NLL 4.28432 [logdet 1.42809, mahal 1.01835], L1 1.86595, Spectral 0.26227, Gradient 0.43157, Quantile 0.84430) | LR 2.50e-04
2026-06-24 02:35:32,874 INFO Epoch 87 | Batch 600/1186 | Loss 4.20068 (NLL 4.24536 [logdet 1.35733, mahal 1.05016], L1 1.81636, Spectral 0.26448, Gradient 0.42902, Quantile 0.79716) | LR 2.50e-04
2026-06-24 02:36:05,961 INFO Epoch 87 | Batch 650/1186 | Loss 4.28730 (NLL 4.29895 [logdet 1.42243, mahal 1.03864], L1 1.86748, Spectral 0.26185, Gradient 0.43439, Quantile 0.83606) | LR 2.50e-04
2026-06-24 02:36:39,059 INFO Epoch 87 | Batch 700/1186 | Loss 4.24133 (NLL 4.29648 [logdet 1.45542, mahal 1.00319], L1 1.83108, Spectral 0.26637, Gradient 0.43802, Quantile 0.79656) | LR 2.50e-04
2026-06-24 02:37:12,165 INFO Epoch 87 | Batch 750/1186 | Loss 4.14753 (NLL 4.19222 [logdet 1.36953, mahal 0.98482], L1 1.79375, Spectral 0.26455, Gradient 0.43513, Quantile 0.78056) | LR 2.50e-04
2026-06-24 02:37:45,274 INFO Epoch 87 | Batch 800/1186 | Loss 4.23439 (NLL 4.28790 [logdet 1.41583, mahal 1.03419], L1 1.82176, Spectral 0.25774, Gradient 0.43195, Quantile 0.83359) | LR 2.50e-04
2026-06-24 02:38:18,393 INFO Epoch 87 | Batch 850/1186 | Loss 4.30383 (NLL 4.32912 [logdet 1.44914, mahal 1.04211], L1 1.86838, Spectral 0.27137, Gradient 0.44233, Quantile 0.82801) | LR 2.50e-04
2026-06-24 02:38:51,482 INFO Epoch 87 | Batch 900/1186 | Loss 4.15545 (NLL 4.20643 [logdet 1.34984, mahal 1.01871], L1 1.78973, Spectral 0.26234, Gradient 0.42800, Quantile 0.80308) | LR 2.50e-04
2026-06-24 02:39:24,553 INFO Epoch 87 | Batch 950/1186 | Loss 4.30280 (NLL 4.31402 [logdet 1.42776, mahal 1.04838], L1 1.87075, Spectral 0.26160, Gradient 0.43608, Quantile 0.85575) | LR 2.50e-04
2026-06-24 02:39:57,593 INFO Epoch 87 | Batch 1000/1186 | Loss 4.12922 (NLL 4.22416 [logdet 1.36772, mahal 1.01856], L1 1.76211, Spectral 0.25669, Gradient 0.42671, Quantile 0.77808) | LR 2.50e-04
2026-06-24 02:40:30,670 INFO Epoch 87 | Batch 1050/1186 | Loss 4.24495 (NLL 4.30380 [logdet 1.37302, mahal 1.09290], L1 1.82575, Spectral 0.25846, Gradient 0.43595, Quantile 0.82702) | LR 2.50e-04
2026-06-24 02:41:03,725 INFO Epoch 87 | Batch 1100/1186 | Loss 4.15107 (NLL 4.21861 [logdet 1.39134, mahal 0.98939], L1 1.78543, Spectral 0.25665, Gradient 0.42777, Quantile 0.78356) | LR 2.50e-04
2026-06-24 02:41:36,797 INFO Epoch 87 | Batch 1150/1186 | Loss 4.12218 (NLL 4.21192 [logdet 1.33641, mahal 1.03764], L1 1.75898, Spectral 0.25690, Gradient 0.42766, Quantile 0.78704) | LR 2.50e-04
2026-06-24 02:42:56,723 INFO Epoch 87 | Val Loss 4.22337 (NLL 4.31815 [logdet 1.28653, mahal 1.19374], L1 1.79859, Spectral 0.26240, Gradient 0.43123, Quantile 0.81622)
2026-06-24 02:43:30,128 INFO Epoch 88 | Batch 50/1186 | Loss 4.19797 (NLL 4.22031 [logdet 1.36316, mahal 1.01927], L1 1.82506, Spectral 0.26400, Gradient 0.43307, Quantile 0.80226) | LR 2.50e-04
2026-06-24 02:44:03,238 INFO Epoch 88 | Batch 100/1186 | Loss 4.21458 (NLL 4.26132 [logdet 1.37376, mahal 1.04968], L1 1.81306, Spectral 0.26981, Gradient 0.44132, Quantile 0.82957) | LR 2.50e-04
2026-06-24 02:44:36,350 INFO Epoch 88 | Batch 150/1186 | Loss 4.09580 (NLL 4.17582 [logdet 1.37500, mahal 0.96295], L1 1.75393, Spectral 0.25829, Gradient 0.42538, Quantile 0.77198) | LR 2.50e-04
2026-06-24 02:45:09,455 INFO Epoch 88 | Batch 200/1186 | Loss 4.22778 (NLL 4.26793 [logdet 1.37274, mahal 1.05732], L1 1.82585, Spectral 0.25595, Gradient 0.42364, Quantile 0.83261) | LR 2.50e-04
2026-06-24 02:45:42,564 INFO Epoch 88 | Batch 250/1186 | Loss 4.24177 (NLL 4.27054 [logdet 1.41583, mahal 1.01683], L1 1.83505, Spectral 0.25766, Gradient 0.42103, Quantile 0.84530) | LR 2.50e-04
2026-06-24 02:46:15,674 INFO Epoch 88 | Batch 300/1186 | Loss 4.11043 (NLL 4.18793 [logdet 1.32463, mahal 1.02543], L1 1.76027, Spectral 0.25666, Gradient 0.42231, Quantile 0.78300) | LR 2.50e-04
2026-06-24 02:46:48,773 INFO Epoch 88 | Batch 350/1186 | Loss 4.18879 (NLL 4.25332 [logdet 1.40573, mahal 1.00971], L1 1.80129, Spectral 0.25761, Gradient 0.43200, Quantile 0.80116) | LR 2.50e-04
2026-06-24 02:47:21,905 INFO Epoch 88 | Batch 400/1186 | Loss 4.17098 (NLL 4.23370 [logdet 1.38761, mahal 1.00822], L1 1.79276, Spectral 0.26269, Gradient 0.43390, Quantile 0.79788) | LR 2.50e-04
2026-06-24 02:47:55,017 INFO Epoch 88 | Batch 450/1186 | Loss 4.24315 (NLL 4.29157 [logdet 1.38229, mahal 1.07141], L1 1.82835, Spectral 0.25941, Gradient 0.43164, Quantile 0.83315) | LR 2.50e-04
2026-06-24 02:48:28,143 INFO Epoch 88 | Batch 500/1186 | Loss 4.06943 (NLL 4.17889 [logdet 1.35919, mahal 0.98182], L1 1.72705, Spectral 0.26322, Gradient 0.44077, Quantile 0.76224) | LR 2.50e-04
2026-06-24 02:49:01,226 INFO Epoch 88 | Batch 550/1186 | Loss 4.18141 (NLL 4.24088 [logdet 1.36356, mahal 1.03945], L1 1.79883, Spectral 0.26439, Gradient 0.43494, Quantile 0.79926) | LR 2.50e-04
2026-06-24 02:49:34,328 INFO Epoch 88 | Batch 600/1186 | Loss 4.13478 (NLL 4.21166 [logdet 1.35171, mahal 1.02207], L1 1.76868, Spectral 0.26119, Gradient 0.42839, Quantile 0.79503) | LR 2.50e-04
2026-06-24 02:50:07,450 INFO Epoch 88 | Batch 650/1186 | Loss 4.24063 (NLL 4.26115 [logdet 1.40964, mahal 1.01363], L1 1.84357, Spectral 0.26810, Gradient 0.44183, Quantile 0.81324) | LR 2.50e-04
2026-06-24 02:50:40,550 INFO Epoch 88 | Batch 700/1186 | Loss 4.16910 (NLL 4.23728 [logdet 1.37960, mahal 1.01981], L1 1.78794, Spectral 0.26142, Gradient 0.43506, Quantile 0.80399) | LR 2.50e-04
2026-06-24 02:51:13,653 INFO Epoch 88 | Batch 750/1186 | Loss 4.26961 (NLL 4.30153 [logdet 1.41825, mahal 1.04540], L1 1.85446, Spectral 0.26357, Gradient 0.43270, Quantile 0.80950) | LR 2.50e-04
2026-06-24 02:51:46,794 INFO Epoch 88 | Batch 800/1186 | Loss 4.21856 (NLL 4.27323 [logdet 1.42252, mahal 1.01284], L1 1.81491, Spectral 0.26354, Gradient 0.43435, Quantile 0.82051) | LR 2.50e-04
2026-06-24 02:52:19,934 INFO Epoch 88 | Batch 850/1186 | Loss 4.14086 (NLL 4.20095 [logdet 1.36198, mahal 1.00110], L1 1.77912, Spectral 0.25971, Gradient 0.42530, Quantile 0.80075) | LR 2.50e-04
2026-06-24 02:52:53,029 INFO Epoch 88 | Batch 900/1186 | Loss 4.21805 (NLL 4.26221 [logdet 1.37435, mahal 1.04998], L1 1.82237, Spectral 0.26118, Gradient 0.43368, Quantile 0.81279) | LR 2.50e-04
2026-06-24 02:53:26,137 INFO Epoch 88 | Batch 950/1186 | Loss 4.22453 (NLL 4.26226 [logdet 1.40148, mahal 1.02290], L1 1.82352, Spectral 0.26366, Gradient 0.44169, Quantile 0.83209) | LR 2.50e-04
2026-06-24 02:53:59,232 INFO Epoch 88 | Batch 1000/1186 | Loss 4.17480 (NLL 4.25068 [logdet 1.39753, mahal 1.01528], L1 1.78541, Spectral 0.26335, Gradient 0.43210, Quantile 0.80833) | LR 2.50e-04
2026-06-24 02:54:32,314 INFO Epoch 88 | Batch 1050/1186 | Loss 4.21586 (NLL 4.26240 [logdet 1.40217, mahal 1.02235], L1 1.82451, Spectral 0.25377, Gradient 0.42255, Quantile 0.80253) | LR 2.50e-04
2026-06-24 02:55:05,427 INFO Epoch 88 | Batch 1100/1186 | Loss 4.25633 (NLL 4.27992 [logdet 1.42586, mahal 1.01618], L1 1.84572, Spectral 0.26551, Gradient 0.43717, Quantile 0.83335) | LR 2.50e-04
2026-06-24 02:55:38,516 INFO Epoch 88 | Batch 1150/1186 | Loss 4.27834 (NLL 4.30866 [logdet 1.44113, mahal 1.02965], L1 1.85235, Spectral 0.26632, Gradient 0.43851, Quantile 0.83666) | LR 2.50e-04
2026-06-24 02:56:58,946 INFO Epoch 88 | Val Loss 4.24279 (NLL 4.29602 [logdet 1.44255, mahal 1.01559], L1 1.79917, Spectral 0.26339, Gradient 0.43231, Quantile 0.93925)
2026-06-24 02:57:32,353 INFO Epoch 89 | Batch 50/1186 | Loss 4.20494 (NLL 4.26867 [logdet 1.40335, mahal 1.02744], L1 1.80547, Spectral 0.25812, Gradient 0.43172, Quantile 0.81843) | LR 2.50e-04
2026-06-24 02:58:05,436 INFO Epoch 89 | Batch 100/1186 | Loss 4.11632 (NLL 4.19143 [logdet 1.34090, mahal 1.01265], L1 1.76588, Spectral 0.26066, Gradient 0.42929, Quantile 0.77254) | LR 2.50e-04
2026-06-24 02:58:38,524 INFO Epoch 89 | Batch 150/1186 | Loss 4.06826 (NLL 4.16144 [logdet 1.31009, mahal 1.01347], L1 1.73139, Spectral 0.25713, Gradient 0.42709, Quantile 0.78229) | LR 2.50e-04
2026-06-24 02:59:11,625 INFO Epoch 89 | Batch 200/1186 | Loss 4.23553 (NLL 4.25969 [logdet 1.37299, mahal 1.04882], L1 1.83517, Spectral 0.26523, Gradient 0.43488, Quantile 0.83309) | LR 2.50e-04
2026-06-24 02:59:44,744 INFO Epoch 89 | Batch 250/1186 | Loss 4.18520 (NLL 4.21912 [logdet 1.36852, mahal 1.01272], L1 1.80604, Spectral 0.26766, Gradient 0.44316, Quantile 0.82661) | LR 2.50e-04
2026-06-24 03:00:17,838 INFO Epoch 89 | Batch 300/1186 | Loss 4.14397 (NLL 4.23116 [logdet 1.38002, mahal 1.01326], L1 1.77204, Spectral 0.25693, Gradient 0.42898, Quantile 0.78332) | LR 2.50e-04
2026-06-24 03:00:50,939 INFO Epoch 89 | Batch 350/1186 | Loss 4.16399 (NLL 4.21587 [logdet 1.36549, mahal 1.01251], L1 1.79285, Spectral 0.25969, Gradient 0.43058, Quantile 0.80875) | LR 2.50e-04
2026-06-24 03:01:24,027 INFO Epoch 89 | Batch 400/1186 | Loss 4.12696 (NLL 4.21169 [logdet 1.36540, mahal 1.00841], L1 1.75947, Spectral 0.26442, Gradient 0.43497, Quantile 0.79715) | LR 2.50e-04
2026-06-24 03:01:57,123 INFO Epoch 89 | Batch 450/1186 | Loss 4.12114 (NLL 4.19056 [logdet 1.34486, mahal 1.00782], L1 1.76729, Spectral 0.26461, Gradient 0.43369, Quantile 0.78423) | LR 2.50e-04
2026-06-24 03:02:30,229 INFO Epoch 89 | Batch 500/1186 | Loss 4.24335 (NLL 4.27712 [logdet 1.39278, mahal 1.04646], L1 1.83541, Spectral 0.26118, Gradient 0.42979, Quantile 0.83280) | LR 2.50e-04
2026-06-24 03:03:03,325 INFO Epoch 89 | Batch 550/1186 | Loss 4.21036 (NLL 4.26691 [logdet 1.37839, mahal 1.05063], L1 1.81708, Spectral 0.26283, Gradient 0.43400, Quantile 0.79136) | LR 2.50e-04
2026-06-24 03:03:36,429 INFO Epoch 89 | Batch 600/1186 | Loss 4.18627 (NLL 4.23702 [logdet 1.40682, mahal 0.99233], L1 1.79981, Spectral 0.26028, Gradient 0.43144, Quantile 0.82782) | LR 2.50e-04
2026-06-24 03:04:09,542 INFO Epoch 89 | Batch 650/1186 | Loss 4.20431 (NLL 4.25137 [logdet 1.37117, mahal 1.04233], L1 1.81526, Spectral 0.26355, Gradient 0.43854, Quantile 0.80518) | LR 2.50e-04
2026-06-24 03:04:42,652 INFO Epoch 89 | Batch 700/1186 | Loss 4.16044 (NLL 4.23383 [logdet 1.37683, mahal 1.01913], L1 1.78636, Spectral 0.25830, Gradient 0.42718, Quantile 0.78524) | LR 2.50e-04
2026-06-24 03:05:15,758 INFO Epoch 89 | Batch 750/1186 | Loss 4.26061 (NLL 4.28603 [logdet 1.46124, mahal 0.98691], L1 1.84800, Spectral 0.26239, Gradient 0.43645, Quantile 0.83233) | LR 2.50e-04
2026-06-24 03:05:48,882 INFO Epoch 89 | Batch 800/1186 | Loss 4.24230 (NLL 4.29005 [logdet 1.39293, mahal 1.05924], L1 1.82866, Spectral 0.25875, Gradient 0.42948, Quantile 0.83227) | LR 2.50e-04
2026-06-24 03:06:21,992 INFO Epoch 89 | Batch 850/1186 | Loss 4.22729 (NLL 4.24810 [logdet 1.41868, mahal 0.99154], L1 1.83546, Spectral 0.26884, Gradient 0.43299, Quantile 0.81795) | LR 2.50e-04
2026-06-24 03:06:55,094 INFO Epoch 89 | Batch 900/1186 | Loss 4.23356 (NLL 4.29196 [logdet 1.42375, mahal 1.03034], L1 1.82157, Spectral 0.25838, Gradient 0.43004, Quantile 0.82181) | LR 2.50e-04
2026-06-24 03:07:28,197 INFO Epoch 89 | Batch 950/1186 | Loss 4.21822 (NLL 4.25121 [logdet 1.41139, mahal 1.00194], L1 1.82438, Spectral 0.26307, Gradient 0.43303, Quantile 0.82598) | LR 2.50e-04
2026-06-24 03:08:01,323 INFO Epoch 89 | Batch 1000/1186 | Loss 4.19842 (NLL 4.24002 [logdet 1.37293, mahal 1.02922], L1 1.81567, Spectral 0.26290, Gradient 0.43413, Quantile 0.80333) | LR 2.50e-04
2026-06-24 03:08:34,419 INFO Epoch 89 | Batch 1050/1186 | Loss 4.14431 (NLL 4.20925 [logdet 1.36295, mahal 1.00842], L1 1.78313, Spectral 0.25200, Gradient 0.42224, Quantile 0.78953) | LR 2.50e-04
2026-06-24 03:09:07,525 INFO Epoch 89 | Batch 1100/1186 | Loss 4.13955 (NLL 4.21010 [logdet 1.38607, mahal 0.98615], L1 1.77607, Spectral 0.26854, Gradient 0.43674, Quantile 0.77941) | LR 2.50e-04
2026-06-24 03:09:40,622 INFO Epoch 89 | Batch 1150/1186 | Loss 4.19509 (NLL 4.22943 [logdet 1.35129, mahal 1.04026], L1 1.80916, Spectral 0.26477, Gradient 0.43711, Quantile 0.83651) | LR 2.50e-04
2026-06-24 03:11:00,539 INFO Epoch 89 | Val Loss 4.22519 (NLL 4.30678 [logdet 1.33246, mahal 1.13644], L1 1.79509, Spectral 0.26235, Gradient 0.43103, Quantile 0.86194)
2026-06-24 03:11:33,954 INFO Epoch 90 | Batch 50/1186 | Loss 4.15272 (NLL 4.21521 [logdet 1.38248, mahal 0.99485], L1 1.78586, Spectral 0.25801, Gradient 0.43218, Quantile 0.79418) | LR 1.25e-04
2026-06-24 03:12:07,069 INFO Epoch 90 | Batch 100/1186 | Loss 4.17173 (NLL 4.23582 [logdet 1.36078, mahal 1.03716], L1 1.78882, Spectral 0.26462, Gradient 0.43701, Quantile 0.81088) | LR 1.25e-04
2026-06-24 03:12:40,170 INFO Epoch 90 | Batch 150/1186 | Loss 4.11520 (NLL 4.16668 [logdet 1.36212, mahal 0.96668], L1 1.77521, Spectral 0.26063, Gradient 0.42827, Quantile 0.78060) | LR 1.25e-04
2026-06-24 03:13:13,280 INFO Epoch 90 | Batch 200/1186 | Loss 4.17206 (NLL 4.23211 [logdet 1.35129, mahal 1.04294], L1 1.79405, Spectral 0.25841, Gradient 0.43276, Quantile 0.80490) | LR 1.25e-04
2026-06-24 03:13:46,392 INFO Epoch 90 | Batch 250/1186 | Loss 4.18214 (NLL 4.22680 [logdet 1.35809, mahal 1.03084], L1 1.80125, Spectral 0.26484, Gradient 0.44410, Quantile 0.82086) | LR 1.25e-04
2026-06-24 03:14:19,484 INFO Epoch 90 | Batch 300/1186 | Loss 4.16946 (NLL 4.22970 [logdet 1.35886, mahal 1.03296], L1 1.79493, Spectral 0.26164, Gradient 0.43339, Quantile 0.79199) | LR 1.25e-04
2026-06-24 03:14:52,607 INFO Epoch 90 | Batch 350/1186 | Loss 4.14293 (NLL 4.21188 [logdet 1.35620, mahal 1.01780], L1 1.77631, Spectral 0.25898, Gradient 0.43280, Quantile 0.79905) | LR 1.25e-04
2026-06-24 03:15:25,720 INFO Epoch 90 | Batch 400/1186 | Loss 4.20537 (NLL 4.25828 [logdet 1.39095, mahal 1.02946], L1 1.80659, Spectral 0.26193, Gradient 0.43030, Quantile 0.83307) | LR 1.25e-04
2026-06-24 03:15:58,824 INFO Epoch 90 | Batch 450/1186 | Loss 4.15041 (NLL 4.21578 [logdet 1.36509, mahal 1.01282], L1 1.78016, Spectral 0.25773, Gradient 0.42956, Quantile 0.80736) | LR 1.25e-04
2026-06-24 03:16:31,930 INFO Epoch 90 | Batch 500/1186 | Loss 4.10122 (NLL 4.19539 [logdet 1.33461, mahal 1.02290], L1 1.74858, Spectral 0.25995, Gradient 0.42546, Quantile 0.77427) | LR 1.25e-04
2026-06-24 03:17:05,060 INFO Epoch 90 | Batch 550/1186 | Loss 4.16487 (NLL 4.21679 [logdet 1.35323, mahal 1.02569], L1 1.79462, Spectral 0.25626, Gradient 0.42660, Quantile 0.80687) | LR 1.25e-04
2026-06-24 03:17:38,184 INFO Epoch 90 | Batch 600/1186 | Loss 4.09395 (NLL 4.17322 [logdet 1.29513, mahal 1.04022], L1 1.74827, Spectral 0.25407, Gradient 0.41898, Quantile 0.79774) | LR 1.25e-04
2026-06-24 03:18:11,296 INFO Epoch 90 | Batch 650/1186 | Loss 4.15022 (NLL 4.21328 [logdet 1.38887, mahal 0.98653], L1 1.78273, Spectral 0.26167, Gradient 0.43558, Quantile 0.79683) | LR 1.25e-04
2026-06-24 03:18:44,415 INFO Epoch 90 | Batch 700/1186 | Loss 4.19489 (NLL 4.21767 [logdet 1.37072, mahal 1.00907], L1 1.81982, Spectral 0.26551, Gradient 0.43850, Quantile 0.81498) | LR 1.25e-04
2026-06-24 03:19:17,509 INFO Epoch 90 | Batch 750/1186 | Loss 4.14813 (NLL 4.21605 [logdet 1.32992, mahal 1.04826], L1 1.78054, Spectral 0.25945, Gradient 0.42795, Quantile 0.79394) | LR 1.25e-04
2026-06-24 03:19:50,644 INFO Epoch 90 | Batch 800/1186 | Loss 4.20211 (NLL 4.23428 [logdet 1.35981, mahal 1.03659], L1 1.81923, Spectral 0.27190, Gradient 0.44134, Quantile 0.80606) | LR 1.25e-04
2026-06-24 03:20:23,763 INFO Epoch 90 | Batch 850/1186 | Loss 4.16238 (NLL 4.21527 [logdet 1.39498, mahal 0.98241], L1 1.79290, Spectral 0.26129, Gradient 0.43983, Quantile 0.80126) | LR 1.25e-04
2026-06-24 03:20:56,896 INFO Epoch 90 | Batch 900/1186 | Loss 4.07029 (NLL 4.14379 [logdet 1.29783, mahal 1.00808], L1 1.73791, Spectral 0.26233, Gradient 0.43202, Quantile 0.79461) | LR 1.25e-04
2026-06-24 03:21:30,008 INFO Epoch 90 | Batch 950/1186 | Loss 4.11665 (NLL 4.18403 [logdet 1.31722, mahal 1.02893], L1 1.76672, Spectral 0.26192, Gradient 0.43518, Quantile 0.78438) | LR 1.25e-04
2026-06-24 03:22:03,128 INFO Epoch 90 | Batch 1000/1186 | Loss 4.10574 (NLL 4.19115 [logdet 1.32917, mahal 1.02411], L1 1.74993, Spectral 0.26694, Gradient 0.43227, Quantile 0.78864) | LR 1.25e-04
2026-06-24 03:22:36,241 INFO Epoch 90 | Batch 1050/1186 | Loss 4.10352 (NLL 4.17884 [logdet 1.33750, mahal 1.00347], L1 1.76027, Spectral 0.25704, Gradient 0.42309, Quantile 0.77279) | LR 1.25e-04
2026-06-24 03:23:09,368 INFO Epoch 90 | Batch 1100/1186 | Loss 4.22907 (NLL 4.26625 [logdet 1.35405, mahal 1.07432], L1 1.82511, Spectral 0.25898, Gradient 0.42687, Quantile 0.84122) | LR 1.25e-04
2026-06-24 03:23:42,468 INFO Epoch 90 | Batch 1150/1186 | Loss 4.13674 (NLL 4.21872 [logdet 1.37017, mahal 1.01068], L1 1.77214, Spectral 0.26076, Gradient 0.42962, Quantile 0.77458) | LR 1.25e-04
2026-06-24 03:25:02,415 INFO Epoch 90 | Val Loss 4.25809 (NLL 4.34935 [logdet 1.27526, mahal 1.23621], L1 1.82303, Spectral 0.26286, Gradient 0.43326, Quantile 0.79365)
2026-06-24 03:25:35,838 INFO Epoch 91 | Batch 50/1186 | Loss 4.18355 (NLL 4.22664 [logdet 1.37168, mahal 1.01707], L1 1.80549, Spectral 0.27037, Gradient 0.43830, Quantile 0.80362) | LR 1.25e-04
2026-06-24 03:26:08,967 INFO Epoch 91 | Batch 100/1186 | Loss 4.11330 (NLL 4.18876 [logdet 1.33841, mahal 1.01247], L1 1.76365, Spectral 0.25386, Gradient 0.42457, Quantile 0.78213) | LR 1.25e-04
2026-06-24 03:26:42,077 INFO Epoch 91 | Batch 150/1186 | Loss 4.07070 (NLL 4.14438 [logdet 1.31276, mahal 0.99374], L1 1.74580, Spectral 0.25674, Gradient 0.42996, Quantile 0.76839) | LR 1.25e-04
2026-06-24 03:27:15,205 INFO Epoch 91 | Batch 200/1186 | Loss 4.13970 (NLL 4.17923 [logdet 1.32975, mahal 1.01160], L1 1.78481, Spectral 0.26897, Gradient 0.43958, Quantile 0.80731) | LR 1.25e-04
2026-06-24 03:27:48,317 INFO Epoch 91 | Batch 250/1186 | Loss 4.17211 (NLL 4.21515 [logdet 1.36486, mahal 1.01242], L1 1.80068, Spectral 0.26426, Gradient 0.44147, Quantile 0.80646) | LR 1.25e-04
2026-06-24 03:28:21,438 INFO Epoch 91 | Batch 300/1186 | Loss 4.14123 (NLL 4.22575 [logdet 1.33725, mahal 1.05063], L1 1.77138, Spectral 0.26027, Gradient 0.42929, Quantile 0.78230) | LR 1.25e-04
2026-06-24 03:28:54,576 INFO Epoch 91 | Batch 350/1186 | Loss 4.18971 (NLL 4.22523 [logdet 1.35857, mahal 1.02878], L1 1.81222, Spectral 0.26071, Gradient 0.43430, Quantile 0.81459) | LR 1.25e-04
2026-06-24 03:29:27,677 INFO Epoch 91 | Batch 400/1186 | Loss 4.16020 (NLL 4.20625 [logdet 1.35719, mahal 1.01118], L1 1.79567, Spectral 0.26438, Gradient 0.43969, Quantile 0.79617) | LR 1.25e-04
2026-06-24 03:30:00,811 INFO Epoch 91 | Batch 450/1186 | Loss 4.06753 (NLL 4.15255 [logdet 1.30191, mahal 1.01277], L1 1.73498, Spectral 0.25767, Gradient 0.42697, Quantile 0.78222) | LR 1.25e-04
2026-06-24 03:30:33,923 INFO Epoch 91 | Batch 500/1186 | Loss 4.15332 (NLL 4.18939 [logdet 1.34580, mahal 1.00572], L1 1.79233, Spectral 0.25634, Gradient 0.42573, Quantile 0.82520) | LR 1.25e-04
2026-06-24 03:31:07,051 INFO Epoch 91 | Batch 550/1186 | Loss 4.13415 (NLL 4.20842 [logdet 1.35992, mahal 1.01062], L1 1.76965, Spectral 0.26366, Gradient 0.43346, Quantile 0.79237) | LR 1.25e-04
2026-06-24 03:31:40,148 INFO Epoch 91 | Batch 600/1186 | Loss 4.28011 (NLL 4.30561 [logdet 1.40229, mahal 1.06544], L1 1.85692, Spectral 0.26276, Gradient 0.43505, Quantile 0.83523) | LR 1.25e-04
2026-06-24 03:32:13,281 INFO Epoch 91 | Batch 650/1186 | Loss 4.10609 (NLL 4.20674 [logdet 1.32312, mahal 1.04574], L1 1.74792, Spectral 0.25543, Gradient 0.42500, Quantile 0.77850) | LR 1.25e-04
2026-06-24 03:32:46,393 INFO Epoch 91 | Batch 700/1186 | Loss 4.10310 (NLL 4.17849 [logdet 1.36478, mahal 0.97583], L1 1.75313, Spectral 0.25781, Gradient 0.42573, Quantile 0.80056) | LR 1.25e-04
2026-06-24 03:33:19,522 INFO Epoch 91 | Batch 750/1186 | Loss 4.04154 (NLL 4.15468 [logdet 1.32255, mahal 0.99425], L1 1.71313, Spectral 0.25839, Gradient 0.42716, Quantile 0.75984) | LR 1.25e-04
2026-06-24 03:33:52,635 INFO Epoch 91 | Batch 800/1186 | Loss 4.02188 (NLL 4.12676 [logdet 1.27030, mahal 1.01858], L1 1.70495, Spectral 0.25713, Gradient 0.42217, Quantile 0.77156) | LR 1.25e-04
2026-06-24 03:34:25,726 INFO Epoch 91 | Batch 850/1186 | Loss 4.13952 (NLL 4.21862 [logdet 1.34481, mahal 1.03593], L1 1.76751, Spectral 0.25932, Gradient 0.43338, Quantile 0.80706) | LR 1.25e-04
2026-06-24 03:34:58,805 INFO Epoch 91 | Batch 900/1186 | Loss 4.10964 (NLL 4.18379 [logdet 1.34199, mahal 1.00392], L1 1.76218, Spectral 0.26046, Gradient 0.43510, Quantile 0.77618) | LR 1.25e-04
2026-06-24 03:35:31,929 INFO Epoch 91 | Batch 950/1186 | Loss 4.12252 (NLL 4.19767 [logdet 1.34876, mahal 1.01103], L1 1.76603, Spectral 0.26169, Gradient 0.43473, Quantile 0.78352) | LR 1.25e-04
2026-06-24 03:36:05,037 INFO Epoch 91 | Batch 1000/1186 | Loss 4.19868 (NLL 4.25522 [logdet 1.34788, mahal 1.06946], L1 1.80732, Spectral 0.25801, Gradient 0.42958, Quantile 0.81285) | LR 1.25e-04
2026-06-24 03:36:38,151 INFO Epoch 91 | Batch 1050/1186 | Loss 4.14432 (NLL 4.19695 [logdet 1.34520, mahal 1.01388], L1 1.78496, Spectral 0.26589, Gradient 0.44318, Quantile 0.79231) | LR 1.25e-04
2026-06-24 03:37:11,246 INFO Epoch 91 | Batch 1100/1186 | Loss 4.09930 (NLL 4.15276 [logdet 1.30293, mahal 1.01195], L1 1.76140, Spectral 0.26493, Gradient 0.43571, Quantile 0.79612) | LR 1.25e-04
2026-06-24 03:37:44,366 INFO Epoch 91 | Batch 1150/1186 | Loss 4.13140 (NLL 4.20164 [logdet 1.33446, mahal 1.02930], L1 1.76964, Spectral 0.26671, Gradient 0.43951, Quantile 0.79175) | LR 1.25e-04
2026-06-24 03:39:04,820 INFO Epoch 91 | Val Loss 4.26174 (NLL 4.32866 [logdet 1.32591, mahal 1.16487], L1 1.81005, Spectral 0.26386, Gradient 0.43478, Quantile 0.90448)
2026-06-24 03:39:38,202 INFO Epoch 92 | Batch 50/1186 | Loss 4.05272 (NLL 4.15565 [logdet 1.30665, mahal 1.01112], L1 1.72102, Spectral 0.25712, Gradient 0.43009, Quantile 0.77284) | LR 1.25e-04
2026-06-24 03:40:11,265 INFO Epoch 92 | Batch 100/1186 | Loss 4.09333 (NLL 4.15352 [logdet 1.32634, mahal 0.98930], L1 1.75516, Spectral 0.26851, Gradient 0.43893, Quantile 0.79176) | LR 1.25e-04
2026-06-24 03:40:44,328 INFO Epoch 92 | Batch 150/1186 | Loss 4.10099 (NLL 4.17488 [logdet 1.30654, mahal 1.03046], L1 1.75477, Spectral 0.26070, Gradient 0.43328, Quantile 0.78927) | LR 1.25e-04
2026-06-24 03:41:17,495 INFO Epoch 92 | Batch 200/1186 | Loss 4.10037 (NLL 4.18738 [logdet 1.30844, mahal 1.04107], L1 1.74919, Spectral 0.25887, Gradient 0.43048, Quantile 0.78595) | LR 1.25e-04
2026-06-24 03:41:50,559 INFO Epoch 92 | Batch 250/1186 | Loss 4.14562 (NLL 4.20992 [logdet 1.34848, mahal 1.02356], L1 1.78297, Spectral 0.26297, Gradient 0.43387, Quantile 0.78235) | LR 1.25e-04
2026-06-24 03:42:23,619 INFO Epoch 92 | Batch 300/1186 | Loss 4.13254 (NLL 4.20618 [logdet 1.34082, mahal 1.02749], L1 1.76955, Spectral 0.26438, Gradient 0.44152, Quantile 0.78990) | LR 1.25e-04
2026-06-24 03:42:56,665 INFO Epoch 92 | Batch 350/1186 | Loss 4.16387 (NLL 4.22031 [logdet 1.35023, mahal 1.03221], L1 1.78978, Spectral 0.26145, Gradient 0.43640, Quantile 0.80982) | LR 1.25e-04
2026-06-24 03:43:29,719 INFO Epoch 92 | Batch 400/1186 | Loss 4.03042 (NLL 4.14224 [logdet 1.30127, mahal 1.00309], L1 1.70644, Spectral 0.26263, Gradient 0.43332, Quantile 0.76267) | LR 1.25e-04
2026-06-24 03:44:02,791 INFO Epoch 92 | Batch 450/1186 | Loss 4.09837 (NLL 4.18548 [logdet 1.31279, mahal 1.03481], L1 1.74660, Spectral 0.26465, Gradient 0.43400, Quantile 0.78612) | LR 1.25e-04
2026-06-24 03:44:35,834 INFO Epoch 92 | Batch 500/1186 | Loss 4.06626 (NLL 4.14574 [logdet 1.29895, mahal 1.00891], L1 1.73454, Spectral 0.26234, Gradient 0.43381, Quantile 0.78783) | LR 1.25e-04
2026-06-24 03:45:08,902 INFO Epoch 92 | Batch 550/1186 | Loss 4.12789 (NLL 4.20499 [logdet 1.35709, mahal 1.01003], L1 1.76793, Spectral 0.25915, Gradient 0.42827, Quantile 0.78555) | LR 1.25e-04
2026-06-24 03:45:41,962 INFO Epoch 92 | Batch 600/1186 | Loss 4.16079 (NLL 4.24137 [logdet 1.33604, mahal 1.06745], L1 1.78026, Spectral 0.26672, Gradient 0.43495, Quantile 0.78723) | LR 1.25e-04
2026-06-24 03:46:15,029 INFO Epoch 92 | Batch 650/1186 | Loss 4.01138 (NLL 4.11690 [logdet 1.30675, mahal 0.97227], L1 1.70043, Spectral 0.25767, Gradient 0.42551, Quantile 0.76662) | LR 1.25e-04
2026-06-24 03:46:48,087 INFO Epoch 92 | Batch 700/1186 | Loss 4.12211 (NLL 4.19181 [logdet 1.32535, mahal 1.02858], L1 1.76699, Spectral 0.26123, Gradient 0.43070, Quantile 0.79057) | LR 1.25e-04
2026-06-24 03:47:21,154 INFO Epoch 92 | Batch 750/1186 | Loss 4.11818 (NLL 4.18871 [logdet 1.32498, mahal 1.02586], L1 1.76624, Spectral 0.26209, Gradient 0.43169, Quantile 0.78286) | LR 1.25e-04
2026-06-24 03:47:54,226 INFO Epoch 92 | Batch 800/1186 | Loss 4.04127 (NLL 4.13188 [logdet 1.29988, mahal 0.99413], L1 1.72038, Spectral 0.26072, Gradient 0.43068, Quantile 0.77339) | LR 1.25e-04
2026-06-24 03:48:27,296 INFO Epoch 92 | Batch 850/1186 | Loss 4.11724 (NLL 4.18233 [logdet 1.31186, mahal 1.03259], L1 1.76793, Spectral 0.26357, Gradient 0.43538, Quantile 0.78358) | LR 1.25e-04
2026-06-24 03:49:00,323 INFO Epoch 92 | Batch 900/1186 | Loss 4.12562 (NLL 4.18247 [logdet 1.34566, mahal 0.99894], L1 1.77234, Spectral 0.25762, Gradient 0.43124, Quantile 0.80618) | LR 1.25e-04
2026-06-24 03:49:33,358 INFO Epoch 92 | Batch 950/1186 | Loss 4.28345 (NLL 4.29516 [logdet 1.39574, mahal 1.06154], L1 1.86529, Spectral 0.26024, Gradient 0.43174, Quantile 0.83875) | LR 1.25e-04
2026-06-24 03:50:06,400 INFO Epoch 92 | Batch 1000/1186 | Loss 4.19926 (NLL 4.25083 [logdet 1.33919, mahal 1.07376], L1 1.81097, Spectral 0.26068, Gradient 0.43339, Quantile 0.80631) | LR 1.25e-04
2026-06-24 03:50:39,425 INFO Epoch 92 | Batch 1050/1186 | Loss 4.17809 (NLL 4.20792 [logdet 1.37140, mahal 0.99864], L1 1.80845, Spectral 0.25950, Gradient 0.43684, Quantile 0.81918) | LR 1.25e-04
2026-06-24 03:51:12,454 INFO Epoch 92 | Batch 1100/1186 | Loss 4.17861 (NLL 4.21967 [logdet 1.36836, mahal 1.01344], L1 1.80244, Spectral 0.25742, Gradient 0.43310, Quantile 0.82414) | LR 1.25e-04
2026-06-24 03:51:45,505 INFO Epoch 92 | Batch 1150/1186 | Loss 4.10698 (NLL 4.17128 [logdet 1.32701, mahal 1.00639], L1 1.76335, Spectral 0.25643, Gradient 0.42806, Quantile 0.79065) | LR 1.25e-04
2026-06-24 03:53:05,606 INFO Epoch 92 | Val Loss 4.28178 (NLL 4.36246 [logdet 1.28541, mahal 1.23918], L1 1.82771, Spectral 0.26437, Gradient 0.43695, Quantile 0.84365)
2026-06-24 03:53:38,996 INFO Epoch 93 | Batch 50/1186 | Loss 4.08133 (NLL 4.18089 [logdet 1.33457, mahal 1.00844], L1 1.73499, Spectral 0.25777, Gradient 0.43609, Quantile 0.78042) | LR 1.25e-04
2026-06-24 03:54:12,086 INFO Epoch 93 | Batch 100/1186 | Loss 4.16672 (NLL 4.21062 [logdet 1.35646, mahal 1.01629], L1 1.79472, Spectral 0.26241, Gradient 0.43406, Quantile 0.82026) | LR 1.25e-04
2026-06-24 03:54:45,201 INFO Epoch 93 | Batch 150/1186 | Loss 3.96267 (NLL 4.10576 [logdet 1.27078, mahal 0.99710], L1 1.66523, Spectral 0.25761, Gradient 0.42285, Quantile 0.73370) | LR 1.25e-04
2026-06-24 03:55:18,316 INFO Epoch 93 | Batch 200/1186 | Loss 4.13610 (NLL 4.21757 [logdet 1.30728, mahal 1.07242], L1 1.76235, Spectral 0.25997, Gradient 0.43118, Quantile 0.81579) | LR 1.25e-04
2026-06-24 03:55:51,418 INFO Epoch 93 | Batch 250/1186 | Loss 4.11102 (NLL 4.17637 [logdet 1.36867, mahal 0.96983], L1 1.76071, Spectral 0.26526, Gradient 0.43726, Quantile 0.79822) | LR 1.25e-04
2026-06-24 03:56:24,517 INFO Epoch 93 | Batch 300/1186 | Loss 4.17688 (NLL 4.21958 [logdet 1.34585, mahal 1.03585], L1 1.80174, Spectral 0.26343, Gradient 0.43829, Quantile 0.81359) | LR 1.25e-04
2026-06-24 03:56:57,636 INFO Epoch 93 | Batch 350/1186 | Loss 4.12504 (NLL 4.17328 [logdet 1.28932, mahal 1.04609], L1 1.77652, Spectral 0.26036, Gradient 0.43011, Quantile 0.80254) | LR 1.25e-04
2026-06-24 03:57:30,742 INFO Epoch 93 | Batch 400/1186 | Loss 4.13440 (NLL 4.19572 [logdet 1.34888, mahal 1.00897], L1 1.77768, Spectral 0.25571, Gradient 0.43193, Quantile 0.79499) | LR 1.25e-04
2026-06-24 03:58:03,845 INFO Epoch 93 | Batch 450/1186 | Loss 4.06579 (NLL 4.13685 [logdet 1.26952, mahal 1.02946], L1 1.74341, Spectral 0.26054, Gradient 0.42792, Quantile 0.76949) | LR 1.25e-04
2026-06-24 03:58:36,953 INFO Epoch 93 | Batch 500/1186 | Loss 4.06320 (NLL 4.15644 [logdet 1.32786, mahal 0.99070], L1 1.73289, Spectral 0.25459, Gradient 0.42813, Quantile 0.76816) | LR 1.25e-04
2026-06-24 03:59:10,030 INFO Epoch 93 | Batch 550/1186 | Loss 4.18486 (NLL 4.22666 [logdet 1.31774, mahal 1.07104], L1 1.80219, Spectral 0.26695, Gradient 0.44271, Quantile 0.82632) | LR 1.25e-04
2026-06-24 03:59:43,141 INFO Epoch 93 | Batch 600/1186 | Loss 4.07936 (NLL 4.15944 [logdet 1.34853, mahal 0.97303], L1 1.74351, Spectral 0.26590, Gradient 0.43736, Quantile 0.77267) | LR 1.25e-04
2026-06-24 04:00:16,241 INFO Epoch 93 | Batch 650/1186 | Loss 4.10650 (NLL 4.15791 [logdet 1.27026, mahal 1.04978], L1 1.76775, Spectral 0.26794, Gradient 0.43209, Quantile 0.78575) | LR 1.25e-04
2026-06-24 04:00:49,362 INFO Epoch 93 | Batch 700/1186 | Loss 4.06293 (NLL 4.16111 [logdet 1.32674, mahal 0.99649], L1 1.72647, Spectral 0.25701, Gradient 0.42491, Quantile 0.78143) | LR 1.25e-04
2026-06-24 04:01:22,503 INFO Epoch 93 | Batch 750/1186 | Loss 4.13352 (NLL 4.19303 [logdet 1.32650, mahal 1.02865], L1 1.77361, Spectral 0.26509, Gradient 0.43852, Quantile 0.80368) | LR 1.25e-04
2026-06-24 04:01:55,625 INFO Epoch 93 | Batch 800/1186 | Loss 4.02286 (NLL 4.11411 [logdet 1.27965, mahal 0.99658], L1 1.71257, Spectral 0.25743, Gradient 0.42347, Quantile 0.76991) | LR 1.25e-04
2026-06-24 04:02:28,743 INFO Epoch 93 | Batch 850/1186 | Loss 4.10090 (NLL 4.17629 [logdet 1.32167, mahal 1.01674], L1 1.75897, Spectral 0.25496, Gradient 0.42571, Quantile 0.77482) | LR 1.25e-04
2026-06-24 04:03:01,849 INFO Epoch 93 | Batch 900/1186 | Loss 4.13623 (NLL 4.19664 [logdet 1.32440, mahal 1.03437], L1 1.77950, Spectral 0.26497, Gradient 0.44145, Quantile 0.78308) | LR 1.25e-04
2026-06-24 04:03:34,954 INFO Epoch 93 | Batch 950/1186 | Loss 4.19077 (NLL 4.24329 [logdet 1.38779, mahal 1.01762], L1 1.80041, Spectral 0.26554, Gradient 0.43946, Quantile 0.82524) | LR 1.25e-04
2026-06-24 04:04:08,054 INFO Epoch 93 | Batch 1000/1186 | Loss 4.12560 (NLL 4.19665 [logdet 1.31281, mahal 1.04597], L1 1.76873, Spectral 0.25893, Gradient 0.43177, Quantile 0.79022) | LR 1.25e-04
2026-06-24 04:04:41,165 INFO Epoch 93 | Batch 1050/1186 | Loss 4.19948 (NLL 4.23223 [logdet 1.36444, mahal 1.02991], L1 1.81047, Spectral 0.26418, Gradient 0.44080, Quantile 0.84403) | LR 1.25e-04
2026-06-24 04:05:14,267 INFO Epoch 93 | Batch 1100/1186 | Loss 4.04349 (NLL 4.15726 [logdet 1.32320, mahal 0.99619], L1 1.71693, Spectral 0.25258, Gradient 0.42432, Quantile 0.75307) | LR 1.25e-04
2026-06-24 04:05:47,366 INFO Epoch 93 | Batch 1150/1186 | Loss 4.12265 (NLL 4.18800 [logdet 1.33793, mahal 1.01219], L1 1.76919, Spectral 0.26431, Gradient 0.43841, Quantile 0.78818) | LR 1.25e-04
2026-06-24 04:07:07,312 INFO Epoch 93 | Val Loss 4.29827 (NLL 4.35458 [logdet 1.35081, mahal 1.16589], L1 1.83055, Spectral 0.26437, Gradient 0.43643, Quantile 0.91666)
2026-06-24 04:07:40,689 INFO Epoch 94 | Batch 50/1186 | Loss 4.05251 (NLL 4.12790 [logdet 1.31275, mahal 0.97728], L1 1.73336, Spectral 0.26106, Gradient 0.42551, Quantile 0.77413) | LR 1.25e-04
2026-06-24 04:08:13,790 INFO Epoch 94 | Batch 100/1186 | Loss 4.09409 (NLL 4.16583 [logdet 1.31097, mahal 1.01698], L1 1.75539, Spectral 0.25748, Gradient 0.43267, Quantile 0.78032) | LR 1.25e-04
2026-06-24 04:08:46,887 INFO Epoch 94 | Batch 150/1186 | Loss 4.11866 (NLL 4.18564 [logdet 1.32188, mahal 1.02589], L1 1.76174, Spectral 0.26185, Gradient 0.43355, Quantile 0.81016) | LR 1.25e-04
2026-06-24 04:09:20,004 INFO Epoch 94 | Batch 200/1186 | Loss 4.13222 (NLL 4.18556 [logdet 1.31558, mahal 1.03210], L1 1.77569, Spectral 0.26728, Gradient 0.44512, Quantile 0.80277) | LR 1.25e-04
2026-06-24 04:09:53,115 INFO Epoch 94 | Batch 250/1186 | Loss 4.12681 (NLL 4.20219 [logdet 1.33014, mahal 1.03417], L1 1.76344, Spectral 0.26580, Gradient 0.44141, Quantile 0.79822) | LR 1.25e-04
2026-06-24 04:10:26,252 INFO Epoch 94 | Batch 300/1186 | Loss 4.12475 (NLL 4.18739 [logdet 1.34438, mahal 1.00513], L1 1.77065, Spectral 0.26335, Gradient 0.43699, Quantile 0.79314) | LR 1.25e-04
2026-06-24 04:10:59,376 INFO Epoch 94 | Batch 350/1186 | Loss 4.03644 (NLL 4.15604 [logdet 1.32391, mahal 0.99426], L1 1.71235, Spectral 0.25775, Gradient 0.42863, Quantile 0.73976) | LR 1.25e-04
2026-06-24 04:11:32,521 INFO Epoch 94 | Batch 400/1186 | Loss 4.05280 (NLL 4.14388 [logdet 1.29847, mahal 1.00753], L1 1.72063, Spectral 0.26434, Gradient 0.43848, Quantile 0.79138) | LR 1.25e-04
2026-06-24 04:12:05,657 INFO Epoch 94 | Batch 450/1186 | Loss 4.18253 (NLL 4.22310 [logdet 1.33304, mahal 1.05218], L1 1.80459, Spectral 0.26510, Gradient 0.43149, Quantile 0.81623) | LR 1.25e-04
2026-06-24 04:12:38,749 INFO Epoch 94 | Batch 500/1186 | Loss 4.05386 (NLL 4.15100 [logdet 1.29552, mahal 1.01760], L1 1.72151, Spectral 0.26260, Gradient 0.42751, Quantile 0.77933) | LR 1.25e-04
2026-06-24 04:13:11,871 INFO Epoch 94 | Batch 550/1186 | Loss 4.12632 (NLL 4.20324 [logdet 1.32909, mahal 1.03627], L1 1.76520, Spectral 0.26260, Gradient 0.43295, Quantile 0.79027) | LR 1.25e-04
2026-06-24 04:13:44,991 INFO Epoch 94 | Batch 600/1186 | Loss 4.03755 (NLL 4.15042 [logdet 1.29318, mahal 1.01936], L1 1.70847, Spectral 0.26279, Gradient 0.43610, Quantile 0.76665) | LR 1.25e-04
2026-06-24 04:14:18,113 INFO Epoch 94 | Batch 650/1186 | Loss 4.12225 (NLL 4.18669 [logdet 1.33513, mahal 1.01368], L1 1.76399, Spectral 0.25915, Gradient 0.43044, Quantile 0.81643) | LR 1.25e-04
2026-06-24 04:14:51,236 INFO Epoch 94 | Batch 700/1186 | Loss 4.13623 (NLL 4.19235 [logdet 1.34268, mahal 1.01180], L1 1.78134, Spectral 0.26145, Gradient 0.43703, Quantile 0.78820) | LR 1.25e-04
2026-06-24 04:15:24,348 INFO Epoch 94 | Batch 750/1186 | Loss 4.15601 (NLL 4.22047 [logdet 1.32700, mahal 1.05559], L1 1.78185, Spectral 0.25721, Gradient 0.43161, Quantile 0.81441) | LR 1.25e-04
2026-06-24 04:15:57,471 INFO Epoch 94 | Batch 800/1186 | Loss 4.10569 (NLL 4.18375 [logdet 1.34404, mahal 1.00184], L1 1.75817, Spectral 0.26134, Gradient 0.43440, Quantile 0.77559) | LR 1.25e-04
2026-06-24 04:16:30,575 INFO Epoch 94 | Batch 850/1186 | Loss 4.10376 (NLL 4.16190 [logdet 1.31883, mahal 1.00519], L1 1.76030, Spectral 0.26336, Gradient 0.43433, Quantile 0.80188) | LR 1.25e-04
2026-06-24 04:17:03,660 INFO Epoch 94 | Batch 900/1186 | Loss 4.06758 (NLL 4.16321 [logdet 1.28848, mahal 1.03685], L1 1.73174, Spectral 0.25044, Gradient 0.41886, Quantile 0.78164) | LR 1.25e-04
2026-06-24 04:17:36,770 INFO Epoch 94 | Batch 950/1186 | Loss 4.08867 (NLL 4.15361 [logdet 1.32836, mahal 0.98737], L1 1.75317, Spectral 0.26167, Gradient 0.43517, Quantile 0.78789) | LR 1.25e-04
2026-06-24 04:18:09,884 INFO Epoch 94 | Batch 1000/1186 | Loss 4.15923 (NLL 4.23111 [logdet 1.35600, mahal 1.03723], L1 1.78520, Spectral 0.26758, Gradient 0.43256, Quantile 0.78067) | LR 1.25e-04
2026-06-24 04:18:42,999 INFO Epoch 94 | Batch 1050/1186 | Loss 4.01994 (NLL 4.10611 [logdet 1.29128, mahal 0.97695], L1 1.71655, Spectral 0.25359, Gradient 0.42328, Quantile 0.76196) | LR 1.25e-04
2026-06-24 04:19:16,107 INFO Epoch 94 | Batch 1100/1186 | Loss 4.15937 (NLL 4.20291 [logdet 1.29338, mahal 1.07166], L1 1.79205, Spectral 0.26190, Gradient 0.43476, Quantile 0.81739) | LR 1.25e-04
2026-06-24 04:19:49,231 INFO Epoch 94 | Batch 1150/1186 | Loss 4.05781 (NLL 4.15174 [logdet 1.31405, mahal 0.99981], L1 1.72545, Spectral 0.26268, Gradient 0.43861, Quantile 0.77759) | LR 1.25e-04
2026-06-24 04:21:09,671 INFO Epoch 94 | Val Loss 4.30194 (NLL 4.37848 [logdet 1.31417, mahal 1.22643], L1 1.84455, Spectral 0.26481, Gradient 0.43813, Quantile 0.82373)
2026-06-24 04:21:43,089 INFO Epoch 95 | Batch 50/1186 | Loss 4.06680 (NLL 4.16490 [logdet 1.32135, mahal 1.00567], L1 1.73131, Spectral 0.25593, Gradient 0.42690, Quantile 0.77065) | LR 1.25e-04
2026-06-24 04:22:16,205 INFO Epoch 95 | Batch 100/1186 | Loss 4.01514 (NLL 4.12229 [logdet 1.27405, mahal 1.01036], L1 1.70733, Spectral 0.24923, Gradient 0.41886, Quantile 0.75146) | LR 1.25e-04
2026-06-24 04:22:49,311 INFO Epoch 95 | Batch 150/1186 | Loss 4.16258 (NLL 4.22550 [logdet 1.35581, mahal 1.03182], L1 1.78309, Spectral 0.25628, Gradient 0.43252, Quantile 0.82704) | LR 1.25e-04
2026-06-24 04:23:22,440 INFO Epoch 95 | Batch 200/1186 | Loss 4.13628 (NLL 4.19516 [logdet 1.36322, mahal 0.99406], L1 1.78031, Spectral 0.26624, Gradient 0.43935, Quantile 0.78166) | LR 1.25e-04
2026-06-24 04:23:55,559 INFO Epoch 95 | Batch 250/1186 | Loss 4.19556 (NLL 4.21174 [logdet 1.33574, mahal 1.03813], L1 1.82125, Spectral 0.26481, Gradient 0.43844, Quantile 0.82492) | LR 1.25e-04
2026-06-24 04:24:28,677 INFO Epoch 95 | Batch 300/1186 | Loss 4.06181 (NLL 4.13756 [logdet 1.30473, mahal 0.99495], L1 1.73406, Spectral 0.26117, Gradient 0.42893, Quantile 0.78963) | LR 1.25e-04
2026-06-24 04:25:01,778 INFO Epoch 95 | Batch 350/1186 | Loss 4.07676 (NLL 4.15142 [logdet 1.28465, mahal 1.02889], L1 1.74326, Spectral 0.26349, Gradient 0.43700, Quantile 0.78215) | LR 1.25e-04
2026-06-24 04:25:34,890 INFO Epoch 95 | Batch 400/1186 | Loss 4.04648 (NLL 4.14483 [logdet 1.29668, mahal 1.01028], L1 1.72075, Spectral 0.26019, Gradient 0.43367, Quantile 0.76717) | LR 1.25e-04
2026-06-24 04:26:08,008 INFO Epoch 95 | Batch 450/1186 | Loss 4.06373 (NLL 4.15050 [logdet 1.27221, mahal 1.04041], L1 1.73199, Spectral 0.26428, Gradient 0.43604, Quantile 0.77593) | LR 1.25e-04
2026-06-24 04:26:41,150 INFO Epoch 95 | Batch 500/1186 | Loss 4.17870 (NLL 4.24095 [logdet 1.36370, mahal 1.03938], L1 1.79176, Spectral 0.26289, Gradient 0.42668, Quantile 0.81891) | LR 1.25e-04
2026-06-24 04:27:14,283 INFO Epoch 95 | Batch 550/1186 | Loss 4.06112 (NLL 4.14295 [logdet 1.30228, mahal 1.00280], L1 1.73609, Spectral 0.26379, Gradient 0.43256, Quantile 0.76430) | LR 1.25e-04
2026-06-24 04:27:47,385 INFO Epoch 95 | Batch 600/1186 | Loss 4.14206 (NLL 4.19958 [logdet 1.31914, mahal 1.04256], L1 1.77866, Spectral 0.26419, Gradient 0.44372, Quantile 0.80547) | LR 1.25e-04
2026-06-24 04:28:20,508 INFO Epoch 95 | Batch 650/1186 | Loss 4.09811 (NLL 4.18037 [logdet 1.31597, mahal 1.02652], L1 1.75265, Spectral 0.25678, Gradient 0.42957, Quantile 0.77896) | LR 1.25e-04
2026-06-24 04:28:53,634 INFO Epoch 95 | Batch 700/1186 | Loss 4.03830 (NLL 4.13280 [logdet 1.27813, mahal 1.01679], L1 1.71780, Spectral 0.25902, Gradient 0.43319, Quantile 0.77166) | LR 1.25e-04
2026-06-24 04:29:26,760 INFO Epoch 95 | Batch 750/1186 | Loss 4.03420 (NLL 4.13238 [logdet 1.30149, mahal 0.99301], L1 1.71240, Spectral 0.26608, Gradient 0.43991, Quantile 0.77031) | LR 1.25e-04
2026-06-24 04:29:59,864 INFO Epoch 95 | Batch 800/1186 | Loss 4.12034 (NLL 4.17761 [logdet 1.31779, mahal 1.02195], L1 1.76710, Spectral 0.25369, Gradient 0.42559, Quantile 0.82039) | LR 1.25e-04
2026-06-24 04:30:32,953 INFO Epoch 95 | Batch 850/1186 | Loss 4.18061 (NLL 4.21906 [logdet 1.35500, mahal 1.02618], L1 1.81239, Spectral 0.26716, Gradient 0.44507, Quantile 0.78185) | LR 1.25e-04
2026-06-24 04:31:06,056 INFO Epoch 95 | Batch 900/1186 | Loss 4.12333 (NLL 4.19267 [logdet 1.34785, mahal 1.00694], L1 1.76715, Spectral 0.26375, Gradient 0.44051, Quantile 0.79036) | LR 1.25e-04
2026-06-24 04:31:39,136 INFO Epoch 95 | Batch 950/1186 | Loss 4.05833 (NLL 4.13270 [logdet 1.26021, mahal 1.03461], L1 1.73555, Spectral 0.25754, Gradient 0.43204, Quantile 0.78293) | LR 1.25e-04
2026-06-24 04:32:12,239 INFO Epoch 95 | Batch 1000/1186 | Loss 4.02307 (NLL 4.13218 [logdet 1.30667, mahal 0.98764], L1 1.70409, Spectral 0.26446, Gradient 0.43548, Quantile 0.76082) | LR 1.25e-04
2026-06-24 04:32:45,344 INFO Epoch 95 | Batch 1050/1186 | Loss 4.08870 (NLL 4.17356 [logdet 1.26971, mahal 1.06597], L1 1.74325, Spectral 0.26260, Gradient 0.43385, Quantile 0.78683) | LR 1.25e-04
2026-06-24 04:33:18,449 INFO Epoch 95 | Batch 1100/1186 | Loss 4.13537 (NLL 4.20459 [logdet 1.34514, mahal 1.02157], L1 1.76785, Spectral 0.26869, Gradient 0.44092, Quantile 0.80738) | LR 1.25e-04
2026-06-24 04:33:51,549 INFO Epoch 95 | Batch 1150/1186 | Loss 4.12019 (NLL 4.16599 [logdet 1.32202, mahal 1.00609], L1 1.77385, Spectral 0.26375, Gradient 0.42937, Quantile 0.80501) | LR 1.25e-04
2026-06-24 04:35:11,439 INFO Epoch 95 | Val Loss 4.27947 (NLL 4.34104 [logdet 1.33908, mahal 1.16408], L1 1.82008, Spectral 0.26400, Gradient 0.43564, Quantile 0.91060)
2026-06-24 04:35:44,823 INFO Epoch 96 | Batch 50/1186 | Loss 4.10761 (NLL 4.18307 [logdet 1.33595, mahal 1.00925], L1 1.75205, Spectral 0.27016, Gradient 0.44246, Quantile 0.80082) | LR 1.25e-04
2026-06-24 04:36:17,883 INFO Epoch 96 | Batch 100/1186 | Loss 3.98738 (NLL 4.09791 [logdet 1.25889, mahal 1.00114], L1 1.68738, Spectral 0.26303, Gradient 0.43252, Quantile 0.75470) | LR 1.25e-04
2026-06-24 04:36:50,920 INFO Epoch 96 | Batch 150/1186 | Loss 4.09450 (NLL 4.16663 [logdet 1.32095, mahal 1.00780], L1 1.75592, Spectral 0.26141, Gradient 0.43406, Quantile 0.77393) | LR 1.25e-04
2026-06-24 04:37:23,972 INFO Epoch 96 | Batch 200/1186 | Loss 4.01474 (NLL 4.09981 [logdet 1.25142, mahal 1.01051], L1 1.70850, Spectral 0.25982, Gradient 0.42803, Quantile 0.78016) | LR 1.25e-04
2026-06-24 04:37:57,030 INFO Epoch 96 | Batch 250/1186 | Loss 4.07964 (NLL 4.16594 [logdet 1.29461, mahal 1.03345], L1 1.74000, Spectral 0.25860, Gradient 0.43297, Quantile 0.78280) | LR 1.25e-04
2026-06-24 04:38:30,075 INFO Epoch 96 | Batch 300/1186 | Loss 4.13143 (NLL 4.19485 [logdet 1.30232, mahal 1.05466], L1 1.77463, Spectral 0.26312, Gradient 0.44117, Quantile 0.78905) | LR 1.25e-04
2026-06-24 04:39:03,111 INFO Epoch 96 | Batch 350/1186 | Loss 4.07734 (NLL 4.16056 [logdet 1.32796, mahal 0.99472], L1 1.74060, Spectral 0.25893, Gradient 0.43158, Quantile 0.78161) | LR 1.25e-04
2026-06-24 04:39:36,151 INFO Epoch 96 | Batch 400/1186 | Loss 4.06884 (NLL 4.15685 [logdet 1.29851, mahal 1.02046], L1 1.73499, Spectral 0.25778, Gradient 0.43120, Quantile 0.77852) | LR 1.25e-04
2026-06-24 04:40:09,187 INFO Epoch 96 | Batch 450/1186 | Loss 4.11492 (NLL 4.18020 [logdet 1.31682, mahal 1.02551], L1 1.76491, Spectral 0.25893, Gradient 0.43263, Quantile 0.79591) | LR 1.25e-04
2026-06-24 04:40:42,238 INFO Epoch 96 | Batch 500/1186 | Loss 4.00097 (NLL 4.10182 [logdet 1.27126, mahal 0.99268], L1 1.69437, Spectral 0.26270, Gradient 0.43163, Quantile 0.77433) | LR 1.25e-04
2026-06-24 04:41:15,268 INFO Epoch 96 | Batch 550/1186 | Loss 4.09694 (NLL 4.18666 [logdet 1.29741, mahal 1.05138], L1 1.74519, Spectral 0.25713, Gradient 0.42874, Quantile 0.79169) | LR 1.25e-04
2026-06-24 04:41:48,300 INFO Epoch 96 | Batch 600/1186 | Loss 4.08463 (NLL 4.17325 [logdet 1.29903, mahal 1.03635], L1 1.74000, Spectral 0.26603, Gradient 0.43312, Quantile 0.78036) | LR 1.25e-04
2026-06-24 04:42:21,312 INFO Epoch 96 | Batch 650/1186 | Loss 4.18888 (NLL 4.21046 [logdet 1.37111, mahal 1.00147], L1 1.82083, Spectral 0.25935, Gradient 0.43303, Quantile 0.80748) | LR 1.25e-04
2026-06-24 04:42:54,357 INFO Epoch 96 | Batch 700/1186 | Loss 4.03249 (NLL 4.13974 [logdet 1.29774, mahal 1.00412], L1 1.71188, Spectral 0.26438, Gradient 0.43327, Quantile 0.75200) | LR 1.25e-04
2026-06-24 04:43:27,399 INFO Epoch 96 | Batch 750/1186 | Loss 4.08154 (NLL 4.17525 [logdet 1.28228, mahal 1.05509], L1 1.73578, Spectral 0.26407, Gradient 0.43751, Quantile 0.78294) | LR 1.25e-04
2026-06-24 04:44:00,419 INFO Epoch 96 | Batch 800/1186 | Loss 4.06185 (NLL 4.15948 [logdet 1.31322, mahal 1.00838], L1 1.72169, Spectral 0.25500, Gradient 0.42651, Quantile 0.80230) | LR 1.25e-04
2026-06-24 04:44:33,457 INFO Epoch 96 | Batch 850/1186 | Loss 4.04269 (NLL 4.13579 [logdet 1.28272, mahal 1.01519], L1 1.72157, Spectral 0.25628, Gradient 0.43119, Quantile 0.77103) | LR 1.25e-04
2026-06-24 04:45:06,475 INFO Epoch 96 | Batch 900/1186 | Loss 4.18420 (NLL 4.20870 [logdet 1.34654, mahal 1.02429], L1 1.81096, Spectral 0.26614, Gradient 0.43891, Quantile 0.82534) | LR 1.25e-04
2026-06-24 04:45:39,513 INFO Epoch 96 | Batch 950/1186 | Loss 4.12147 (NLL 4.17468 [logdet 1.33503, mahal 1.00178], L1 1.77532, Spectral 0.25679, Gradient 0.43124, Quantile 0.79360) | LR 1.25e-04
2026-06-24 04:46:12,546 INFO Epoch 96 | Batch 1000/1186 | Loss 4.03647 (NLL 4.14495 [logdet 1.28577, mahal 1.02131], L1 1.71410, Spectral 0.25263, Gradient 0.42576, Quantile 0.76117) | LR 1.25e-04
2026-06-24 04:46:45,565 INFO Epoch 96 | Batch 1050/1186 | Loss 4.16311 (NLL 4.21363 [logdet 1.34430, mahal 1.03145], L1 1.79056, Spectral 0.26757, Gradient 0.43628, Quantile 0.81075) | LR 1.25e-04
2026-06-24 04:47:18,609 INFO Epoch 96 | Batch 1100/1186 | Loss 4.13236 (NLL 4.20357 [logdet 1.35194, mahal 1.01375], L1 1.76761, Spectral 0.26482, Gradient 0.43934, Quantile 0.80219) | LR 1.25e-04
2026-06-24 04:47:51,649 INFO Epoch 96 | Batch 1150/1186 | Loss 4.10351 (NLL 4.16952 [logdet 1.35537, mahal 0.97627], L1 1.76198, Spectral 0.26353, Gradient 0.43496, Quantile 0.77793) | LR 1.25e-04
2026-06-24 04:49:12,565 INFO Epoch 96 | Val Loss 4.29548 (NLL 4.37411 [logdet 1.26969, mahal 1.26654], L1 1.82397, Spectral 0.26431, Gradient 0.43640, Quantile 0.89191)
2026-06-24 04:49:45,937 INFO Epoch 97 | Batch 50/1186 | Loss 4.09291 (NLL 4.17192 [logdet 1.31362, mahal 1.02042], L1 1.74735, Spectral 0.26161, Gradient 0.43451, Quantile 0.79169) | LR 1.25e-04
2026-06-24 04:50:19,021 INFO Epoch 97 | Batch 100/1186 | Loss 4.08443 (NLL 4.15160 [logdet 1.28596, mahal 1.02776], L1 1.75186, Spectral 0.26940, Gradient 0.44125, Quantile 0.77153) | LR 1.25e-04
2026-06-24 04:50:52,082 INFO Epoch 97 | Batch 150/1186 | Loss 4.05823 (NLL 4.13169 [logdet 1.26105, mahal 1.03276], L1 1.73547, Spectral 0.26862, Gradient 0.44464, Quantile 0.77296) | LR 1.25e-04
2026-06-24 04:51:25,189 INFO Epoch 97 | Batch 200/1186 | Loss 4.00361 (NLL 4.11008 [logdet 1.25677, mahal 1.01543], L1 1.69720, Spectral 0.25861, Gradient 0.42779, Quantile 0.76084) | LR 1.25e-04
2026-06-24 04:51:58,282 INFO Epoch 97 | Batch 250/1186 | Loss 4.03609 (NLL 4.14164 [logdet 1.26981, mahal 1.03395], L1 1.71374, Spectral 0.25728, Gradient 0.42625, Quantile 0.76293) | LR 1.25e-04
2026-06-24 04:52:31,355 INFO Epoch 97 | Batch 300/1186 | Loss 4.13081 (NLL 4.18113 [logdet 1.30569, mahal 1.03756], L1 1.77328, Spectral 0.26218, Gradient 0.44156, Quantile 0.82159) | LR 1.25e-04
2026-06-24 04:53:04,430 INFO Epoch 97 | Batch 350/1186 | Loss 3.97868 (NLL 4.09667 [logdet 1.29140, mahal 0.96739], L1 1.68131, Spectral 0.25854, Gradient 0.43116, Quantile 0.75117) | LR 1.25e-04
2026-06-24 04:53:37,530 INFO Epoch 97 | Batch 400/1186 | Loss 4.02422 (NLL 4.12492 [logdet 1.26800, mahal 1.01905], L1 1.70964, Spectral 0.25982, Gradient 0.43026, Quantile 0.76263) | LR 1.25e-04
2026-06-24 04:54:10,623 INFO Epoch 97 | Batch 450/1186 | Loss 4.19571 (NLL 4.21708 [logdet 1.33718, mahal 1.04202], L1 1.82112, Spectral 0.26331, Gradient 0.44061, Quantile 0.81656) | LR 1.25e-04
2026-06-24 04:54:43,722 INFO Epoch 97 | Batch 500/1186 | Loss 4.07159 (NLL 4.15981 [logdet 1.28991, mahal 1.03202], L1 1.73398, Spectral 0.26342, Gradient 0.43551, Quantile 0.78188) | LR 1.25e-04
2026-06-24 04:55:16,817 INFO Epoch 97 | Batch 550/1186 | Loss 4.09729 (NLL 4.17119 [logdet 1.32280, mahal 1.01051], L1 1.75579, Spectral 0.25460, Gradient 0.42943, Quantile 0.78393) | LR 1.25e-04
2026-06-24 04:55:49,920 INFO Epoch 97 | Batch 600/1186 | Loss 4.03236 (NLL 4.11969 [logdet 1.29159, mahal 0.99022], L1 1.71757, Spectral 0.26084, Gradient 0.43158, Quantile 0.77325) | LR 1.25e-04
2026-06-24 04:56:23,019 INFO Epoch 97 | Batch 650/1186 | Loss 4.21268 (NLL 4.23583 [logdet 1.33017, mahal 1.06779], L1 1.82779, Spectral 0.26369, Gradient 0.43939, Quantile 0.82002) | LR 1.25e-04
2026-06-24 04:56:56,143 INFO Epoch 97 | Batch 700/1186 | Loss 4.20205 (NLL 4.23619 [logdet 1.33306, mahal 1.06525], L1 1.81931, Spectral 0.26996, Gradient 0.44348, Quantile 0.80358) | LR 1.25e-04
2026-06-24 04:57:29,252 INFO Epoch 97 | Batch 750/1186 | Loss 3.98492 (NLL 4.09053 [logdet 1.29239, mahal 0.96026], L1 1.68758, Spectral 0.25473, Gradient 0.42837, Quantile 0.76796) | LR 1.25e-04
2026-06-24 04:58:02,371 INFO Epoch 97 | Batch 800/1186 | Loss 4.04607 (NLL 4.14993 [logdet 1.25183, mahal 1.06022], L1 1.71787, Spectral 0.26223, Gradient 0.43313, Quantile 0.76463) | LR 1.25e-04
2026-06-24 04:58:35,459 INFO Epoch 97 | Batch 850/1186 | Loss 4.05795 (NLL 4.13888 [logdet 1.29051, mahal 1.01049], L1 1.73318, Spectral 0.25996, Gradient 0.42649, Quantile 0.77585) | LR 1.25e-04
2026-06-24 04:59:08,552 INFO Epoch 97 | Batch 900/1186 | Loss 4.07534 (NLL 4.16814 [logdet 1.30390, mahal 1.02636], L1 1.73347, Spectral 0.25920, Gradient 0.43170, Quantile 0.78684) | LR 1.25e-04
2026-06-24 04:59:41,651 INFO Epoch 97 | Batch 950/1186 | Loss 4.09677 (NLL 4.18160 [logdet 1.31649, mahal 1.02724], L1 1.74608, Spectral 0.25870, Gradient 0.43514, Quantile 0.79602) | LR 1.25e-04
2026-06-24 05:00:14,784 INFO Epoch 97 | Batch 1000/1186 | Loss 4.08987 (NLL 4.18745 [logdet 1.31241, mahal 1.03716], L1 1.73823, Spectral 0.25864, Gradient 0.42945, Quantile 0.78797) | LR 1.25e-04
2026-06-24 05:00:47,886 INFO Epoch 97 | Batch 1050/1186 | Loss 4.12597 (NLL 4.20584 [logdet 1.30985, mahal 1.05811], L1 1.76272, Spectral 0.25923, Gradient 0.43363, Quantile 0.79731) | LR 1.25e-04
2026-06-24 05:01:21,022 INFO Epoch 97 | Batch 1100/1186 | Loss 4.06307 (NLL 4.13160 [logdet 1.30111, mahal 0.99261], L1 1.73845, Spectral 0.26243, Gradient 0.43052, Quantile 0.78762) | LR 1.25e-04
2026-06-24 05:01:54,128 INFO Epoch 97 | Batch 1150/1186 | Loss 4.05570 (NLL 4.13157 [logdet 1.29942, mahal 0.99427], L1 1.73193, Spectral 0.26296, Gradient 0.42869, Quantile 0.78366) | LR 1.25e-04
2026-06-24 05:03:14,569 INFO Epoch 97 | Val Loss 4.30767 (NLL 4.39516 [logdet 1.32265, mahal 1.23464], L1 1.84088, Spectral 0.26498, Gradient 0.43798, Quantile 0.82789)
2026-06-24 05:03:47,951 INFO Epoch 98 | Batch 50/1186 | Loss 3.97510 (NLL 4.10168 [logdet 1.29221, mahal 0.97159], L1 1.67690, Spectral 0.25889, Gradient 0.42814, Quantile 0.74390) | LR 1.25e-04
2026-06-24 05:04:21,053 INFO Epoch 98 | Batch 100/1186 | Loss 4.05363 (NLL 4.15545 [logdet 1.29640, mahal 1.02117], L1 1.72201, Spectral 0.26308, Gradient 0.43784, Quantile 0.76643) | LR 1.25e-04
2026-06-24 05:04:54,151 INFO Epoch 98 | Batch 150/1186 | Loss 3.98125 (NLL 4.08719 [logdet 1.25851, mahal 0.99080], L1 1.68748, Spectral 0.25229, Gradient 0.42269, Quantile 0.76274) | LR 1.25e-04
2026-06-24 05:05:27,247 INFO Epoch 98 | Batch 200/1186 | Loss 4.02808 (NLL 4.12845 [logdet 1.25476, mahal 1.03581], L1 1.70768, Spectral 0.25881, Gradient 0.42543, Quantile 0.78063) | LR 1.25e-04
2026-06-24 05:06:00,356 INFO Epoch 98 | Batch 250/1186 | Loss 4.04654 (NLL 4.13625 [logdet 1.27517, mahal 1.02320], L1 1.72575, Spectral 0.25707, Gradient 0.43013, Quantile 0.76784) | LR 1.25e-04
2026-06-24 05:06:33,459 INFO Epoch 98 | Batch 300/1186 | Loss 4.05823 (NLL 4.14695 [logdet 1.27013, mahal 1.03894], L1 1.72522, Spectral 0.26247, Gradient 0.43901, Quantile 0.79046) | LR 1.25e-04
2026-06-24 05:07:06,562 INFO Epoch 98 | Batch 350/1186 | Loss 4.05654 (NLL 4.13294 [logdet 1.27785, mahal 1.01721], L1 1.73731, Spectral 0.26572, Gradient 0.43324, Quantile 0.75898) | LR 1.25e-04
2026-06-24 05:07:39,678 INFO Epoch 98 | Batch 400/1186 | Loss 3.94071 (NLL 4.06169 [logdet 1.22693, mahal 0.99689], L1 1.66222, Spectral 0.25223, Gradient 0.41964, Quantile 0.75232) | LR 1.25e-04
2026-06-24 05:08:12,813 INFO Epoch 98 | Batch 450/1186 | Loss 4.15776 (NLL 4.21727 [logdet 1.31601, mahal 1.06338], L1 1.78211, Spectral 0.26000, Gradient 0.43261, Quantile 0.82422) | LR 1.25e-04
2026-06-24 05:08:45,933 INFO Epoch 98 | Batch 500/1186 | Loss 4.05888 (NLL 4.14423 [logdet 1.30175, mahal 1.00461], L1 1.72950, Spectral 0.26354, Gradient 0.43368, Quantile 0.77999) | LR 1.25e-04
2026-06-24 05:09:19,047 INFO Epoch 98 | Batch 550/1186 | Loss 4.04439 (NLL 4.12408 [logdet 1.26957, mahal 1.01664], L1 1.72596, Spectral 0.27111, Gradient 0.44276, Quantile 0.76812) | LR 1.25e-04
2026-06-24 05:09:52,160 INFO Epoch 98 | Batch 600/1186 | Loss 4.06752 (NLL 4.15229 [logdet 1.27960, mahal 1.03481], L1 1.73324, Spectral 0.26677, Gradient 0.43868, Quantile 0.78006) | LR 1.25e-04
2026-06-24 05:10:25,263 INFO Epoch 98 | Batch 650/1186 | Loss 4.08784 (NLL 4.15279 [logdet 1.30846, mahal 1.00645], L1 1.74891, Spectral 0.26811, Gradient 0.44246, Quantile 0.79682) | LR 1.25e-04
2026-06-24 05:10:58,376 INFO Epoch 98 | Batch 700/1186 | Loss 4.06486 (NLL 4.15748 [logdet 1.30460, mahal 1.01501], L1 1.73240, Spectral 0.25783, Gradient 0.42904, Quantile 0.77143) | LR 1.25e-04
2026-06-24 05:11:31,486 INFO Epoch 98 | Batch 750/1186 | Loss 4.08139 (NLL 4.16272 [logdet 1.29302, mahal 1.03182], L1 1.74751, Spectral 0.25858, Gradient 0.42827, Quantile 0.76566) | LR 1.25e-04
2026-06-24 05:12:04,598 INFO Epoch 98 | Batch 800/1186 | Loss 4.11438 (NLL 4.17160 [logdet 1.31633, mahal 1.01739], L1 1.76891, Spectral 0.25622, Gradient 0.43250, Quantile 0.79778) | LR 1.25e-04
2026-06-24 05:12:37,691 INFO Epoch 98 | Batch 850/1186 | Loss 4.06579 (NLL 4.14840 [logdet 1.27679, mahal 1.03374], L1 1.73539, Spectral 0.25924, Gradient 0.42729, Quantile 0.78022) | LR 1.25e-04
2026-06-24 05:13:10,808 INFO Epoch 98 | Batch 900/1186 | Loss 4.23254 (NLL 4.25840 [logdet 1.36671, mahal 1.05382], L1 1.83775, Spectral 0.26034, Gradient 0.44226, Quantile 0.81784) | LR 1.25e-04
2026-06-24 05:13:43,911 INFO Epoch 98 | Batch 950/1186 | Loss 4.12057 (NLL 4.19895 [logdet 1.33007, mahal 1.03101], L1 1.76066, Spectral 0.26445, Gradient 0.44085, Quantile 0.79207) | LR 1.25e-04
2026-06-24 05:14:17,001 INFO Epoch 98 | Batch 1000/1186 | Loss 4.04267 (NLL 4.13210 [logdet 1.32595, mahal 0.96827], L1 1.72077, Spectral 0.26018, Gradient 0.43326, Quantile 0.77767) | LR 1.25e-04
2026-06-24 05:14:50,105 INFO Epoch 98 | Batch 1050/1186 | Loss 4.14252 (NLL 4.19403 [logdet 1.31157, mahal 1.04458], L1 1.78544, Spectral 0.26122, Gradient 0.43664, Quantile 0.79402) | LR 1.25e-04
2026-06-24 05:15:23,211 INFO Epoch 98 | Batch 1100/1186 | Loss 4.08919 (NLL 4.16354 [logdet 1.34875, mahal 0.97690], L1 1.74646, Spectral 0.26718, Gradient 0.43971, Quantile 0.79135) | LR 1.25e-04
2026-06-24 05:15:56,316 INFO Epoch 98 | Batch 1150/1186 | Loss 4.09208 (NLL 4.14735 [logdet 1.30106, mahal 1.00842], L1 1.75848, Spectral 0.26330, Gradient 0.43835, Quantile 0.79120) | LR 1.25e-04
2026-06-24 05:17:16,248 INFO Epoch 98 | Val Loss 4.29721 (NLL 4.35635 [logdet 1.38094, mahal 1.13753], L1 1.82693, Spectral 0.26457, Gradient 0.43643, Quantile 0.92340)
2026-06-24 05:17:49,763 INFO Epoch 99 | Batch 50/1186 | Loss 4.00111 (NLL 4.10814 [logdet 1.26901, mahal 1.00125], L1 1.69030, Spectral 0.26388, Gradient 0.43736, Quantile 0.77739) | LR 1.25e-04
2026-06-24 05:18:22,890 INFO Epoch 99 | Batch 100/1186 | Loss 4.06075 (NLL 4.13961 [logdet 1.27914, mahal 1.02260], L1 1.73277, Spectral 0.26250, Gradient 0.43873, Quantile 0.78478) | LR 1.25e-04
2026-06-24 05:18:55,985 INFO Epoch 99 | Batch 150/1186 | Loss 4.05651 (NLL 4.15162 [logdet 1.29776, mahal 1.01598], L1 1.72865, Spectral 0.25727, Gradient 0.42621, Quantile 0.76515) | LR 1.25e-04
2026-06-24 05:19:29,074 INFO Epoch 99 | Batch 200/1186 | Loss 3.96532 (NLL 4.09130 [logdet 1.23263, mahal 1.02080], L1 1.67162, Spectral 0.25738, Gradient 0.42617, Quantile 0.74838) | LR 1.25e-04
2026-06-24 05:20:02,157 INFO Epoch 99 | Batch 250/1186 | Loss 3.99522 (NLL 4.11086 [logdet 1.26137, mahal 1.01161], L1 1.68515, Spectral 0.25992, Gradient 0.43053, Quantile 0.77301) | LR 1.25e-04
2026-06-24 05:20:35,254 INFO Epoch 99 | Batch 300/1186 | Loss 4.09002 (NLL 4.16416 [logdet 1.27906, mahal 1.04722], L1 1.75161, Spectral 0.26037, Gradient 0.43744, Quantile 0.77943) | LR 1.25e-04
2026-06-24 05:21:08,366 INFO Epoch 99 | Batch 350/1186 | Loss 4.09060 (NLL 4.16296 [logdet 1.29247, mahal 1.03261], L1 1.75052, Spectral 0.26327, Gradient 0.43704, Quantile 0.78574) | LR 1.25e-04
2026-06-24 05:21:41,501 INFO Epoch 99 | Batch 400/1186 | Loss 4.05849 (NLL 4.14356 [logdet 1.32946, mahal 0.97623], L1 1.72890, Spectral 0.26497, Gradient 0.43826, Quantile 0.78063) | LR 1.25e-04
2026-06-24 05:22:14,590 INFO Epoch 99 | Batch 450/1186 | Loss 4.02144 (NLL 4.12344 [logdet 1.28249, mahal 1.00308], L1 1.71025, Spectral 0.25290, Gradient 0.42233, Quantile 0.75911) | LR 1.25e-04
2026-06-24 05:22:47,699 INFO Epoch 99 | Batch 500/1186 | Loss 4.05456 (NLL 4.16067 [logdet 1.25135, mahal 1.07144], L1 1.71780, Spectral 0.26337, Gradient 0.43199, Quantile 0.77670) | LR 1.25e-04
2026-06-24 05:23:20,785 INFO Epoch 99 | Batch 550/1186 | Loss 4.07214 (NLL 4.15632 [logdet 1.31287, mahal 1.00557], L1 1.73791, Spectral 0.26473, Gradient 0.43316, Quantile 0.77374) | LR 1.25e-04
2026-06-24 05:23:53,871 INFO Epoch 99 | Batch 600/1186 | Loss 4.15960 (NLL 4.19716 [logdet 1.32903, mahal 1.03026], L1 1.79620, Spectral 0.26172, Gradient 0.43319, Quantile 0.81326) | LR 1.25e-04
2026-06-24 05:24:26,964 INFO Epoch 99 | Batch 650/1186 | Loss 4.08662 (NLL 4.16047 [logdet 1.28224, mahal 1.04035], L1 1.74791, Spectral 0.25527, Gradient 0.42712, Quantile 0.79393) | LR 1.25e-04
2026-06-24 05:25:00,063 INFO Epoch 99 | Batch 700/1186 | Loss 4.03391 (NLL 4.11918 [logdet 1.29799, mahal 0.98331], L1 1.71986, Spectral 0.26156, Gradient 0.43339, Quantile 0.77042) | LR 1.25e-04
2026-06-24 05:25:33,174 INFO Epoch 99 | Batch 750/1186 | Loss 3.99740 (NLL 4.10045 [logdet 1.26170, mahal 1.00088], L1 1.69635, Spectral 0.25816, Gradient 0.43183, Quantile 0.75901) | LR 1.25e-04
2026-06-24 05:26:06,281 INFO Epoch 99 | Batch 800/1186 | Loss 4.10056 (NLL 4.18701 [logdet 1.31007, mahal 1.03906], L1 1.75163, Spectral 0.26444, Gradient 0.44036, Quantile 0.77129) | LR 1.25e-04
2026-06-24 05:26:39,347 INFO Epoch 99 | Batch 850/1186 | Loss 4.17847 (NLL 4.19836 [logdet 1.32227, mahal 1.03822], L1 1.81007, Spectral 0.26365, Gradient 0.44119, Quantile 0.82936) | LR 1.25e-04
2026-06-24 05:27:12,466 INFO Epoch 99 | Batch 900/1186 | Loss 4.16531 (NLL 4.21579 [logdet 1.35110, mahal 1.02681], L1 1.79485, Spectral 0.26204, Gradient 0.43827, Quantile 0.80347) | LR 1.25e-04
2026-06-24 05:27:45,601 INFO Epoch 99 | Batch 950/1186 | Loss 4.10467 (NLL 4.16615 [logdet 1.32534, mahal 1.00294], L1 1.76360, Spectral 0.26622, Gradient 0.43349, Quantile 0.78009) | LR 1.25e-04
2026-06-24 05:28:18,692 INFO Epoch 99 | Batch 1000/1186 | Loss 4.08556 (NLL 4.16715 [logdet 1.30283, mahal 1.02644], L1 1.74090, Spectral 0.26454, Gradient 0.44047, Quantile 0.79466) | LR 1.25e-04
2026-06-24 05:28:51,806 INFO Epoch 99 | Batch 1050/1186 | Loss 4.10065 (NLL 4.16780 [logdet 1.31302, mahal 1.01691], L1 1.76311, Spectral 0.26022, Gradient 0.43536, Quantile 0.76845) | LR 1.25e-04
2026-06-24 05:29:24,926 INFO Epoch 99 | Batch 1100/1186 | Loss 4.03701 (NLL 4.12091 [logdet 1.29375, mahal 0.98928], L1 1.71745, Spectral 0.26255, Gradient 0.43930, Quantile 0.78860) | LR 1.25e-04
2026-06-24 05:29:58,043 INFO Epoch 99 | Batch 1150/1186 | Loss 4.00100 (NLL 4.09964 [logdet 1.24504, mahal 1.01672], L1 1.69850, Spectral 0.26082, Gradient 0.42985, Quantile 0.76392) | LR 1.25e-04
2026-06-24 05:31:17,974 INFO Epoch 99 | Val Loss 4.31791 (NLL 4.39856 [logdet 1.23344, mahal 1.32725], L1 1.83804, Spectral 0.26511, Gradient 0.43796, Quantile 0.87500)
2026-06-24 05:31:18,226 INFO Training complete.
