2026-06-27 03:22:22,053 INFO Logging to /home/peytonli/26.6_wind/logs/train_20260627_032222.log
2026-06-27 03:22:22,053 INFO Config:
{
  "seed": 0,
  "paths": {
    "data_dir": "/home/peytonli/26.6_wind/data",
    "log_dir": "/home/peytonli/26.6_wind/logs",
    "splits_path": "/home/peytonli/26.6_wind/data/splits_70_15_15/split_indices.npz"
  },
  "model": {
    "img_size": 200,
    "embed_dim": 96,
    "depths": [
      4,
      4,
      4
    ],
    "num_heads": [
      6,
      6,
      6
    ],
    "window_size": 8,
    "mlp_ratio": 4.0,
    "head_init_std": 0.001,
    "chol_diag_init": 1.0
  },
  "training": {
    "batch_size": 4,
    "num_epochs": 100,
    "learning_rate": 0.0001,
    "weight_decay": 0.0,
    "nll_weight": 0.5,
    "l1_weight": 1.0,
    "spectral_weight": 2.125,
    "gradient_weight": 1.036,
    "quantile_weight": 0.0,
    "spectral_low_freq_cutoff": 0.28,
    "quantiles": [
      0.95,
      0.99
    ],
    "grad_clip_norm": 1.0,
    "num_workers": 2,
    "val_interval": 1,
    "lr_milestone_fractions": [
      0.5,
      0.75,
      0.9
    ],
    "lr_gamma": 0.5
  },
  "logging": {
    "log_every": 50
  }
}
2026-06-27 03:22:22,054 INFO Using device: cuda
2026-06-27 03:22:22,086 INFO Train samples: 4744, Val samples: 1013
2026-06-27 03:22:23,404 INFO Total parameters: 2086193
2026-06-27 03:22:23,405 INFO LR schedule: milestones (steps) = [59300, 88950, 106740] (of 118600 total), gamma = 0.500
2026-06-27 03:22:23,406 INFO Loss weights: {'nll': 0.5, 'l1': 1.0, 'spectral': 2.125, 'gradient': 1.036, 'quantile': 0.0}
2026-06-27 03:22:23,406 INFO Mean-aux loss params: spectral_low_freq_cutoff=0.280, quantiles=[0.95, 0.99]
2026-06-27 03:23:10,766 INFO Epoch 0 | Batch 50/1186 | Loss 11.49355 (NLL 13.25875 [logdet 1.78221, mahal 9.63866], L1 3.44836, Spectral 0.40334, Gradient 0.53930, Quantile 1.66119) | LR 1.00e-04
2026-06-27 03:23:38,168 INFO Epoch 0 | Batch 100/1186 | Loss 5.84431 (NLL 4.76636 [logdet 1.88317, mahal 1.04532], L1 2.07237, Spectral 0.39135, Gradient 0.53778, Quantile 1.00656) | LR 1.00e-04
2026-06-27 03:24:05,445 INFO Epoch 0 | Batch 150/1186 | Loss 5.45662 (NLL 4.52425 [logdet 1.64484, mahal 1.04153], L1 1.88499, Spectral 0.36636, Gradient 0.51255, Quantile 0.92130) | LR 1.00e-04
2026-06-27 03:24:29,527 INFO Epoch 0 | Batch 200/1186 | Loss 5.67560 (NLL 4.64427 [logdet 1.76406, mahal 1.04234], L1 2.03308, Spectral 0.36894, Gradient 0.51775, Quantile 0.98286) | LR 1.00e-04
2026-06-27 03:24:55,311 INFO Epoch 0 | Batch 250/1186 | Loss 5.68550 (NLL 4.61561 [logdet 1.74681, mahal 1.03092], L1 2.00182, Spectral 0.38557, Gradient 0.53721, Quantile 0.97685) | LR 1.00e-04
2026-06-27 03:25:18,387 INFO Epoch 0 | Batch 300/1186 | Loss 5.45921 (NLL 4.49295 [logdet 1.62306, mahal 1.03202], L1 1.90306, Spectral 0.36589, Gradient 0.51368, Quantile 0.93938) | LR 1.00e-04
2026-06-27 03:25:41,674 INFO Epoch 0 | Batch 350/1186 | Loss 5.57839 (NLL 4.56860 [logdet 1.66783, mahal 1.06289], L1 1.98792, Spectral 0.36393, Gradient 0.51431, Quantile 0.98557) | LR 1.00e-04
2026-06-27 03:26:01,964 INFO Epoch 0 | Batch 400/1186 | Loss 5.52309 (NLL 4.55559 [logdet 1.69926, mahal 1.01845], L1 1.98638, Spectral 0.34677, Gradient 0.50390, Quantile 0.97032) | LR 1.00e-04
2026-06-27 03:26:25,596 INFO Epoch 0 | Batch 450/1186 | Loss 5.47897 (NLL 4.54216 [logdet 1.65949, mahal 1.04479], L1 1.94529, Spectral 0.34707, Gradient 0.50682, Quantile 0.94946) | LR 1.00e-04
2026-06-27 03:26:46,220 INFO Epoch 0 | Batch 500/1186 | Loss 5.60321 (NLL 4.59195 [logdet 1.72130, mahal 1.03278], L1 2.02156, Spectral 0.35433, Gradient 0.51421, Quantile 0.98848) | LR 1.00e-04
2026-06-27 03:27:06,801 INFO Epoch 0 | Batch 550/1186 | Loss 5.55078 (NLL 4.54105 [logdet 1.66650, mahal 1.03668], L1 1.99989, Spectral 0.35353, Gradient 0.51073, Quantile 0.97760) | LR 1.00e-04
2026-06-27 03:27:27,033 INFO Epoch 0 | Batch 600/1186 | Loss 5.44989 (NLL 4.51390 [logdet 1.65014, mahal 1.02588], L1 1.93389, Spectral 0.34693, Gradient 0.50368, Quantile 0.94946) | LR 1.00e-04
2026-06-27 03:27:47,381 INFO Epoch 0 | Batch 650/1186 | Loss 5.41816 (NLL 4.49431 [logdet 1.62387, mahal 1.03256], L1 1.93860, Spectral 0.33796, Gradient 0.49638, Quantile 0.95325) | LR 1.00e-04
2026-06-27 03:28:07,623 INFO Epoch 0 | Batch 700/1186 | Loss 5.27350 (NLL 4.42346 [logdet 1.58945, mahal 0.99614], L1 1.87295, Spectral 0.32710, Gradient 0.47658, Quantile 0.92554) | LR 1.00e-04
2026-06-27 03:28:28,819 INFO Epoch 0 | Batch 750/1186 | Loss 5.36958 (NLL 4.49281 [logdet 1.62217, mahal 1.03276], L1 1.94210, Spectral 0.32321, Gradient 0.47710, Quantile 0.94876) | LR 1.00e-04
2026-06-27 03:28:49,043 INFO Epoch 0 | Batch 800/1186 | Loss 5.42669 (NLL 4.50121 [logdet 1.61807, mahal 1.04527], L1 1.94940, Spectral 0.33794, Gradient 0.49090, Quantile 0.96749) | LR 1.00e-04
2026-06-27 03:29:09,273 INFO Epoch 0 | Batch 850/1186 | Loss 5.37017 (NLL 4.51098 [logdet 1.63101, mahal 1.04209], L1 1.93690, Spectral 0.32204, Gradient 0.47629, Quantile 0.95910) | LR 1.00e-04
2026-06-27 03:29:30,608 INFO Epoch 0 | Batch 900/1186 | Loss 5.37821 (NLL 4.50983 [logdet 1.65737, mahal 1.01458], L1 1.94478, Spectral 0.31924, Gradient 0.48276, Quantile 0.96925) | LR 1.00e-04
2026-06-27 03:29:50,847 INFO Epoch 0 | Batch 950/1186 | Loss 5.38330 (NLL 4.52576 [logdet 1.65612, mahal 1.03176], L1 1.94342, Spectral 0.31953, Gradient 0.48070, Quantile 0.94669) | LR 1.00e-04
2026-06-27 03:30:11,080 INFO Epoch 0 | Batch 1000/1186 | Loss 5.35785 (NLL 4.49150 [logdet 1.61411, mahal 1.03951], L1 1.93093, Spectral 0.32162, Gradient 0.48043, Quantile 0.95980) | LR 1.00e-04
2026-06-27 03:30:31,320 INFO Epoch 0 | Batch 1050/1186 | Loss 5.41003 (NLL 4.51399 [logdet 1.68815, mahal 0.98796], L1 1.96520, Spectral 0.32098, Gradient 0.48819, Quantile 0.97238) | LR 1.00e-04
2026-06-27 03:30:51,557 INFO Epoch 0 | Batch 1100/1186 | Loss 5.32776 (NLL 4.48881 [logdet 1.61656, mahal 1.03437], L1 1.91953, Spectral 0.31823, Gradient 0.47065, Quantile 0.95466) | LR 1.00e-04
2026-06-27 03:31:11,789 INFO Epoch 0 | Batch 1150/1186 | Loss 5.27661 (NLL 4.42056 [logdet 1.55568, mahal 1.02701], L1 1.90736, Spectral 0.31449, Gradient 0.47363, Quantile 0.91963) | LR 1.00e-04
2026-06-27 03:32:00,403 INFO Epoch 0 | Val Loss 5.19167 (NLL 4.41967 [logdet 1.48187, mahal 1.09992], L1 1.85144, Spectral 0.30330, Gradient 0.46900, Quantile 1.00555)
2026-06-27 03:32:00,697 INFO New best val loss: 5.19167 (saved checkpoints/best.pth)
2026-06-27 03:32:20,999 INFO Epoch 1 | Batch 50/1186 | Loss 5.28637 (NLL 4.45436 [logdet 1.54217, mahal 1.07431], L1 1.90965, Spectral 0.30981, Gradient 0.47413, Quantile 0.93676) | LR 1.00e-04
2026-06-27 03:32:41,246 INFO Epoch 1 | Batch 100/1186 | Loss 5.20681 (NLL 4.40243 [logdet 1.50968, mahal 1.05487], L1 1.85668, Spectral 0.31133, Gradient 0.47039, Quantile 0.90629) | LR 1.00e-04
2026-06-27 03:33:01,470 INFO Epoch 1 | Batch 150/1186 | Loss 5.26263 (NLL 4.44994 [logdet 1.56938, mahal 1.04268], L1 1.91865, Spectral 0.30034, Gradient 0.46407, Quantile 0.96761) | LR 1.00e-04
2026-06-27 03:33:21,696 INFO Epoch 1 | Batch 200/1186 | Loss 5.14851 (NLL 4.36922 [logdet 1.49225, mahal 1.03909], L1 1.84886, Spectral 0.30110, Gradient 0.45868, Quantile 0.89522) | LR 1.00e-04
2026-06-27 03:33:41,929 INFO Epoch 1 | Batch 250/1186 | Loss 5.16328 (NLL 4.40087 [logdet 1.56242, mahal 1.00057], L1 1.84078, Spectral 0.30172, Gradient 0.46420, Quantile 0.91908) | LR 1.00e-04
2026-06-27 03:34:02,159 INFO Epoch 1 | Batch 300/1186 | Loss 5.45891 (NLL 4.56889 [logdet 1.70188, mahal 1.02913], L1 2.00643, Spectral 0.31347, Gradient 0.48446, Quantile 1.01297) | LR 1.00e-04
2026-06-27 03:34:22,384 INFO Epoch 1 | Batch 350/1186 | Loss 5.29700 (NLL 4.49017 [logdet 1.58902, mahal 1.06328], L1 1.94627, Spectral 0.29302, Gradient 0.46620, Quantile 0.96738) | LR 1.00e-04
2026-06-27 03:34:42,634 INFO Epoch 1 | Batch 400/1186 | Loss 5.24764 (NLL 4.46078 [logdet 1.62196, mahal 1.00094], L1 1.90086, Spectral 0.29886, Gradient 0.46458, Quantile 0.94075) | LR 1.00e-04
2026-06-27 03:35:02,852 INFO Epoch 1 | Batch 450/1186 | Loss 5.22228 (NLL 4.45585 [logdet 1.55562, mahal 1.06236], L1 1.89734, Spectral 0.29243, Gradient 0.45907, Quantile 0.93346) | LR 1.00e-04
2026-06-27 03:35:23,097 INFO Epoch 1 | Batch 500/1186 | Loss 5.22916 (NLL 4.45131 [logdet 1.57058, mahal 1.04286], L1 1.90635, Spectral 0.29427, Gradient 0.45543, Quantile 0.95416) | LR 1.00e-04
2026-06-27 03:35:43,332 INFO Epoch 1 | Batch 550/1186 | Loss 5.23186 (NLL 4.43622 [logdet 1.58071, mahal 1.01763], L1 1.91367, Spectral 0.29389, Gradient 0.45905, Quantile 0.95399) | LR 1.00e-04
2026-06-27 03:36:03,564 INFO Epoch 1 | Batch 600/1186 | Loss 5.21581 (NLL 4.47722 [logdet 1.60151, mahal 1.03784], L1 1.89539, Spectral 0.28739, Gradient 0.45474, Quantile 0.94048) | LR 1.00e-04
2026-06-27 03:36:23,793 INFO Epoch 1 | Batch 650/1186 | Loss 5.27377 (NLL 4.49732 [logdet 1.60831, mahal 1.05114], L1 1.95374, Spectral 0.28243, Gradient 0.45483, Quantile 0.97074) | LR 1.00e-04
2026-06-27 03:36:44,020 INFO Epoch 1 | Batch 700/1186 | Loss 5.21747 (NLL 4.46344 [logdet 1.59065, mahal 1.03491], L1 1.90977, Spectral 0.28587, Gradient 0.45222, Quantile 0.91015) | LR 1.00e-04
2026-06-27 03:37:04,248 INFO Epoch 1 | Batch 750/1186 | Loss 5.10799 (NLL 4.38585 [logdet 1.52839, mahal 1.01958], L1 1.83801, Spectral 0.28542, Gradient 0.45418, Quantile 0.91085) | LR 1.00e-04
2026-06-27 03:37:24,477 INFO Epoch 1 | Batch 800/1186 | Loss 5.17679 (NLL 4.45477 [logdet 1.60412, mahal 1.01277], L1 1.88173, Spectral 0.28281, Gradient 0.45048, Quantile 0.89254) | LR 1.00e-04
2026-06-27 03:37:44,704 INFO Epoch 1 | Batch 850/1186 | Loss 5.14097 (NLL 4.39995 [logdet 1.53589, mahal 1.02618], L1 1.87806, Spectral 0.27856, Gradient 0.45463, Quantile 0.93950) | LR 1.00e-04
2026-06-27 03:38:04,940 INFO Epoch 1 | Batch 900/1186 | Loss 5.25108 (NLL 4.47576 [logdet 1.60477, mahal 1.03311], L1 1.93905, Spectral 0.28478, Gradient 0.45270, Quantile 0.97327) | LR 1.00e-04
2026-06-27 03:38:25,161 INFO Epoch 1 | Batch 950/1186 | Loss 5.21515 (NLL 4.42641 [logdet 1.56413, mahal 1.02440], L1 1.92331, Spectral 0.28430, Gradient 0.45801, Quantile 0.96054) | LR 1.00e-04
2026-06-27 03:38:45,385 INFO Epoch 1 | Batch 1000/1186 | Loss 5.21343 (NLL 4.48005 [logdet 1.61030, mahal 1.03187], L1 1.92106, Spectral 0.27706, Gradient 0.44749, Quantile 0.93299) | LR 1.00e-04
2026-06-27 03:39:05,626 INFO Epoch 1 | Batch 1050/1186 | Loss 5.27284 (NLL 4.47487 [logdet 1.61534, mahal 1.02165], L1 1.96890, Spectral 0.27994, Gradient 0.45525, Quantile 0.95758) | LR 1.00e-04
2026-06-27 03:39:25,884 INFO Epoch 1 | Batch 1100/1186 | Loss 5.22153 (NLL 4.45757 [logdet 1.57683, mahal 1.04286], L1 1.94299, Spectral 0.27683, Gradient 0.44546, Quantile 0.98058) | LR 1.00e-04
2026-06-27 03:39:46,144 INFO Epoch 1 | Batch 1150/1186 | Loss 5.20092 (NLL 4.43957 [logdet 1.58871, mahal 1.01298], L1 1.91596, Spectral 0.28254, Gradient 0.44861, Quantile 0.95125) | LR 1.00e-04
2026-06-27 03:40:35,278 INFO Epoch 1 | Val Loss 5.07526 (NLL 4.39309 [logdet 1.50213, mahal 1.05308], L1 1.84348, Spectral 0.27306, Gradient 0.43918, Quantile 0.98875)
2026-06-27 03:40:35,592 INFO New best val loss: 5.07526 (saved checkpoints/best.pth)
2026-06-27 03:40:55,862 INFO Epoch 2 | Batch 50/1186 | Loss 5.25767 (NLL 4.47716 [logdet 1.61405, mahal 1.02524], L1 1.95532, Spectral 0.28036, Gradient 0.45175, Quantile 0.97738) | LR 1.00e-04
2026-06-27 03:41:16,073 INFO Epoch 2 | Batch 100/1186 | Loss 5.08674 (NLL 4.42020 [logdet 1.55936, mahal 1.02296], L1 1.85640, Spectral 0.26853, Gradient 0.43398, Quantile 0.89980) | LR 1.00e-04
2026-06-27 03:41:36,294 INFO Epoch 2 | Batch 150/1186 | Loss 5.14949 (NLL 4.44222 [logdet 1.54077, mahal 1.06357], L1 1.89646, Spectral 0.27185, Gradient 0.43844, Quantile 0.93587) | LR 1.00e-04
2026-06-27 03:41:56,516 INFO Epoch 2 | Batch 200/1186 | Loss 5.14027 (NLL 4.42499 [logdet 1.56388, mahal 1.02323], L1 1.88518, Spectral 0.27626, Gradient 0.43973, Quantile 0.93260) | LR 1.00e-04
2026-06-27 03:42:16,764 INFO Epoch 2 | Batch 250/1186 | Loss 5.19405 (NLL 4.43790 [logdet 1.57148, mahal 1.02854], L1 1.92542, Spectral 0.27723, Gradient 0.44458, Quantile 0.92804) | LR 1.00e-04
2026-06-27 03:42:37,028 INFO Epoch 2 | Batch 300/1186 | Loss 5.02632 (NLL 4.34881 [logdet 1.49147, mahal 1.01946], L1 1.83085, Spectral 0.27132, Gradient 0.42907, Quantile 0.91699) | LR 1.00e-04
2026-06-27 03:42:57,258 INFO Epoch 2 | Batch 350/1186 | Loss 5.19921 (NLL 4.43523 [logdet 1.55465, mahal 1.04270], L1 1.92115, Spectral 0.28188, Gradient 0.44542, Quantile 0.95095) | LR 1.00e-04
2026-06-27 03:43:17,512 INFO Epoch 2 | Batch 400/1186 | Loss 5.15754 (NLL 4.45567 [logdet 1.59731, mahal 1.02047], L1 1.89520, Spectral 0.27296, Gradient 0.43868, Quantile 0.94526) | LR 1.00e-04
2026-06-27 03:43:37,761 INFO Epoch 2 | Batch 450/1186 | Loss 5.09562 (NLL 4.38688 [logdet 1.52432, mahal 1.02469], L1 1.87256, Spectral 0.27168, Gradient 0.43659, Quantile 0.92973) | LR 1.00e-04
2026-06-27 03:43:58,013 INFO Epoch 2 | Batch 500/1186 | Loss 5.15222 (NLL 4.43290 [logdet 1.57187, mahal 1.02316], L1 1.90555, Spectral 0.27060, Gradient 0.43936, Quantile 0.91711) | LR 1.00e-04
2026-06-27 03:44:18,255 INFO Epoch 2 | Batch 550/1186 | Loss 5.12585 (NLL 4.40877 [logdet 1.55378, mahal 1.01711], L1 1.88567, Spectral 0.27264, Gradient 0.44057, Quantile 0.95146) | LR 1.00e-04
2026-06-27 03:44:38,500 INFO Epoch 2 | Batch 600/1186 | Loss 5.08190 (NLL 4.39271 [logdet 1.50073, mahal 1.05410], L1 1.86153, Spectral 0.26784, Gradient 0.43904, Quantile 0.89485) | LR 1.00e-04
2026-06-27 03:44:58,736 INFO Epoch 2 | Batch 650/1186 | Loss 5.10591 (NLL 4.41748 [logdet 1.57492, mahal 1.00468], L1 1.89181, Spectral 0.26413, Gradient 0.42864, Quantile 0.93824) | LR 1.00e-04
2026-06-27 03:45:18,967 INFO Epoch 2 | Batch 700/1186 | Loss 5.04299 (NLL 4.38852 [logdet 1.50639, mahal 1.04425], L1 1.84112, Spectral 0.26404, Gradient 0.43100, Quantile 0.91182) | LR 1.00e-04
2026-06-27 03:45:39,196 INFO Epoch 2 | Batch 750/1186 | Loss 5.11774 (NLL 4.41439 [logdet 1.52392, mahal 1.05260], L1 1.88436, Spectral 0.26924, Gradient 0.43827, Quantile 0.92650) | LR 1.00e-04
2026-06-27 03:45:59,452 INFO Epoch 2 | Batch 800/1186 | Loss 5.10127 (NLL 4.40826 [logdet 1.53888, mahal 1.03151], L1 1.89182, Spectral 0.26265, Gradient 0.43165, Quantile 0.92500) | LR 1.00e-04
2026-06-27 03:46:19,710 INFO Epoch 2 | Batch 850/1186 | Loss 5.06110 (NLL 4.36675 [logdet 1.50299, mahal 1.02588], L1 1.85161, Spectral 0.27058, Gradient 0.43546, Quantile 0.92075) | LR 1.00e-04
2026-06-27 03:46:39,953 INFO Epoch 2 | Batch 900/1186 | Loss 5.10288 (NLL 4.39634 [logdet 1.52303, mahal 1.03543], L1 1.87549, Spectral 0.27064, Gradient 0.43833, Quantile 0.93199) | LR 1.00e-04
2026-06-27 03:47:00,192 INFO Epoch 2 | Batch 950/1186 | Loss 5.16995 (NLL 4.42835 [logdet 1.55926, mahal 1.03122], L1 1.91721, Spectral 0.27364, Gradient 0.44121, Quantile 0.92443) | LR 1.00e-04
2026-06-27 03:47:20,434 INFO Epoch 2 | Batch 1000/1186 | Loss 5.06197 (NLL 4.40835 [logdet 1.52132, mahal 1.04915], L1 1.86730, Spectral 0.25846, Gradient 0.42594, Quantile 0.91752) | LR 1.00e-04
2026-06-27 03:47:40,678 INFO Epoch 2 | Batch 1050/1186 | Loss 5.18688 (NLL 4.44636 [logdet 1.60858, mahal 0.99990], L1 1.93436, Spectral 0.26980, Gradient 0.44017, Quantile 0.97528) | LR 1.00e-04
2026-06-27 03:48:00,921 INFO Epoch 2 | Batch 1100/1186 | Loss 5.11913 (NLL 4.40308 [logdet 1.52325, mahal 1.04195], L1 1.89399, Spectral 0.26834, Gradient 0.43762, Quantile 0.93681) | LR 1.00e-04
2026-06-27 03:48:21,145 INFO Epoch 2 | Batch 1150/1186 | Loss 5.13485 (NLL 4.43184 [logdet 1.58680, mahal 1.00717], L1 1.90244, Spectral 0.26638, Gradient 0.43479, Quantile 0.94241) | LR 1.00e-04
2026-06-27 03:49:09,514 INFO Epoch 2 | Val Loss 4.99743 (NLL 4.35625 [logdet 1.55485, mahal 0.96353], L1 1.80772, Spectral 0.26553, Gradient 0.43178, Quantile 0.92817)
2026-06-27 03:49:09,824 INFO New best val loss: 4.99743 (saved checkpoints/best.pth)
2026-06-27 03:49:30,129 INFO Epoch 3 | Batch 50/1186 | Loss 5.09380 (NLL 4.39046 [logdet 1.48819, mahal 1.06439], L1 1.88269, Spectral 0.26627, Gradient 0.43442, Quantile 0.92093) | LR 1.00e-04
2026-06-27 03:49:50,372 INFO Epoch 3 | Batch 100/1186 | Loss 5.12766 (NLL 4.41317 [logdet 1.56401, mahal 1.01128], L1 1.90422, Spectral 0.26663, Gradient 0.43463, Quantile 0.94050) | LR 1.00e-04
2026-06-27 03:50:10,618 INFO Epoch 3 | Batch 150/1186 | Loss 5.07551 (NLL 4.36538 [logdet 1.49431, mahal 1.03319], L1 1.85943, Spectral 0.27259, Gradient 0.43835, Quantile 0.92275) | LR 1.00e-04
2026-06-27 03:50:30,873 INFO Epoch 3 | Batch 200/1186 | Loss 5.03763 (NLL 4.38850 [logdet 1.50966, mahal 1.04096], L1 1.87237, Spectral 0.25355, Gradient 0.41719, Quantile 0.92139) | LR 1.00e-04
2026-06-27 03:50:51,108 INFO Epoch 3 | Batch 250/1186 | Loss 5.15042 (NLL 4.41459 [logdet 1.54027, mahal 1.03644], L1 1.92035, Spectral 0.26882, Gradient 0.43584, Quantile 0.94300) | LR 1.00e-04
2026-06-27 03:51:11,336 INFO Epoch 3 | Batch 300/1186 | Loss 5.21404 (NLL 4.44260 [logdet 1.57855, mahal 1.02617], L1 1.93538, Spectral 0.27811, Gradient 0.45017, Quantile 0.95515) | LR 1.00e-04
2026-06-27 03:51:31,569 INFO Epoch 3 | Batch 350/1186 | Loss 5.08166 (NLL 4.37240 [logdet 1.49781, mahal 1.03671], L1 1.87887, Spectral 0.26619, Gradient 0.43527, Quantile 0.93269) | LR 1.00e-04
2026-06-27 03:51:51,828 INFO Epoch 3 | Batch 400/1186 | Loss 5.08467 (NLL 4.38270 [logdet 1.51322, mahal 1.03161], L1 1.87968, Spectral 0.26575, Gradient 0.43332, Quantile 0.92408) | LR 1.00e-04
2026-06-27 03:52:12,068 INFO Epoch 3 | Batch 450/1186 | Loss 5.10405 (NLL 4.41453 [logdet 1.52447, mahal 1.05219], L1 1.87582, Spectral 0.26670, Gradient 0.43844, Quantile 0.92001) | LR 1.00e-04
2026-06-27 03:52:32,302 INFO Epoch 3 | Batch 500/1186 | Loss 5.00388 (NLL 4.34806 [logdet 1.47975, mahal 1.03043], L1 1.82295, Spectral 0.26333, Gradient 0.43178, Quantile 0.89725) | LR 1.00e-04
2026-06-27 03:52:52,523 INFO Epoch 3 | Batch 550/1186 | Loss 5.10614 (NLL 4.41671 [logdet 1.58154, mahal 0.99729], L1 1.89876, Spectral 0.26069, Gradient 0.42959, Quantile 0.91966) | LR 1.00e-04
2026-06-27 03:53:12,747 INFO Epoch 3 | Batch 600/1186 | Loss 5.08197 (NLL 4.38551 [logdet 1.54035, mahal 1.00729], L1 1.86142, Spectral 0.27074, Gradient 0.43675, Quantile 0.92637) | LR 1.00e-04
2026-06-27 03:53:32,968 INFO Epoch 3 | Batch 650/1186 | Loss 4.95876 (NLL 4.31182 [logdet 1.44099, mahal 1.03295], L1 1.80125, Spectral 0.26379, Gradient 0.42572, Quantile 0.88187) | LR 1.00e-04
2026-06-27 03:53:53,180 INFO Epoch 3 | Batch 700/1186 | Loss 5.08600 (NLL 4.43917 [logdet 1.56250, mahal 1.03879], L1 1.88242, Spectral 0.25658, Gradient 0.42351, Quantile 0.94068) | LR 1.00e-04
2026-06-27 03:54:13,398 INFO Epoch 3 | Batch 750/1186 | Loss 5.18112 (NLL 4.45348 [logdet 1.57876, mahal 1.03684], L1 1.93662, Spectral 0.26499, Gradient 0.43884, Quantile 0.95111) | LR 1.00e-04
2026-06-27 03:54:33,614 INFO Epoch 3 | Batch 800/1186 | Loss 5.06259 (NLL 4.38719 [logdet 1.47433, mahal 1.07498], L1 1.86732, Spectral 0.26104, Gradient 0.43144, Quantile 0.92847) | LR 1.00e-04
2026-06-27 03:54:53,831 INFO Epoch 3 | Batch 850/1186 | Loss 5.03968 (NLL 4.38794 [logdet 1.54601, mahal 1.00406], L1 1.86233, Spectral 0.25750, Gradient 0.42103, Quantile 0.89189) | LR 1.00e-04
2026-06-27 03:55:14,063 INFO Epoch 3 | Batch 900/1186 | Loss 5.02515 (NLL 4.35676 [logdet 1.47141, mahal 1.04748], L1 1.83703, Spectral 0.26621, Gradient 0.42862, Quantile 0.88780) | LR 1.00e-04
2026-06-27 03:55:34,316 INFO Epoch 3 | Batch 950/1186 | Loss 5.09147 (NLL 4.39385 [logdet 1.53623, mahal 1.01974], L1 1.88833, Spectral 0.26298, Gradient 0.43184, Quantile 0.93051) | LR 1.00e-04
2026-06-27 03:55:54,580 INFO Epoch 3 | Batch 1000/1186 | Loss 5.01784 (NLL 4.36686 [logdet 1.52336, mahal 1.00562], L1 1.86344, Spectral 0.25106, Gradient 0.42227, Quantile 0.93057) | LR 1.00e-04
2026-06-27 03:56:14,842 INFO Epoch 3 | Batch 1050/1186 | Loss 5.14144 (NLL 4.44744 [logdet 1.52705, mahal 1.08251], L1 1.91205, Spectral 0.26319, Gradient 0.43088, Quantile 0.92749) | LR 1.00e-04
2026-06-27 03:56:35,101 INFO Epoch 3 | Batch 1100/1186 | Loss 4.99019 (NLL 4.34314 [logdet 1.49698, mahal 1.00828], L1 1.82226, Spectral 0.25979, Gradient 0.42887, Quantile 0.88938) | LR 1.00e-04
2026-06-27 03:56:55,356 INFO Epoch 3 | Batch 1150/1186 | Loss 5.07353 (NLL 4.40562 [logdet 1.53149, mahal 1.03625], L1 1.89186, Spectral 0.25520, Gradient 0.42140, Quantile 0.93056) | LR 1.00e-04
2026-06-27 03:57:43,964 INFO Epoch 3 | Val Loss 4.96399 (NLL 4.33361 [logdet 1.40391, mahal 1.09182], L1 1.80322, Spectral 0.25995, Gradient 0.42622, Quantile 0.94232)
2026-06-27 03:57:44,294 INFO New best val loss: 4.96399 (saved checkpoints/best.pth)
2026-06-27 03:58:04,608 INFO Epoch 4 | Batch 50/1186 | Loss 5.10098 (NLL 4.38546 [logdet 1.52232, mahal 1.02526], L1 1.89225, Spectral 0.26654, Gradient 0.43399, Quantile 0.92733) | LR 1.00e-04
2026-06-27 03:58:24,861 INFO Epoch 4 | Batch 100/1186 | Loss 5.17414 (NLL 4.43432 [logdet 1.57367, mahal 1.02277], L1 1.93726, Spectral 0.26688, Gradient 0.43687, Quantile 0.96764) | LR 1.00e-04
2026-06-27 03:58:45,107 INFO Epoch 4 | Batch 150/1186 | Loss 5.00769 (NLL 4.34965 [logdet 1.48626, mahal 1.02550], L1 1.82562, Spectral 0.26498, Gradient 0.42872, Quantile 0.90496) | LR 1.00e-04
2026-06-27 03:59:05,363 INFO Epoch 4 | Batch 200/1186 | Loss 5.13129 (NLL 4.44662 [logdet 1.57379, mahal 1.03495], L1 1.92137, Spectral 0.25632, Gradient 0.42656, Quantile 0.94407) | LR 1.00e-04
2026-06-27 03:59:25,612 INFO Epoch 4 | Batch 250/1186 | Loss 5.07743 (NLL 4.37810 [logdet 1.53553, mahal 1.00470], L1 1.89020, Spectral 0.26156, Gradient 0.42699, Quantile 0.91486) | LR 1.00e-04
2026-06-27 03:59:45,863 INFO Epoch 4 | Batch 300/1186 | Loss 5.03084 (NLL 4.34837 [logdet 1.46319, mahal 1.04731], L1 1.85534, Spectral 0.26127, Gradient 0.43061, Quantile 0.91885) | LR 1.00e-04
2026-06-27 04:00:06,114 INFO Epoch 4 | Batch 350/1186 | Loss 5.02333 (NLL 4.33957 [logdet 1.46734, mahal 1.03435], L1 1.86911, Spectral 0.25676, Gradient 0.42357, Quantile 0.90187) | LR 1.00e-04
2026-06-27 04:00:26,364 INFO Epoch 4 | Batch 400/1186 | Loss 5.07262 (NLL 4.38752 [logdet 1.49480, mahal 1.05484], L1 1.87605, Spectral 0.26189, Gradient 0.43079, Quantile 0.93884) | LR 1.00e-04
2026-06-27 04:00:46,606 INFO Epoch 4 | Batch 450/1186 | Loss 5.12520 (NLL 4.41514 [logdet 1.53993, mahal 1.03734], L1 1.90798, Spectral 0.26305, Gradient 0.43501, Quantile 0.94470) | LR 1.00e-04
2026-06-27 04:01:06,849 INFO Epoch 4 | Batch 500/1186 | Loss 4.86847 (NLL 4.27799 [logdet 1.43189, mahal 1.00823], L1 1.75164, Spectral 0.25438, Gradient 0.42208, Quantile 0.87302) | LR 1.00e-04
2026-06-27 04:01:27,095 INFO Epoch 4 | Batch 550/1186 | Loss 5.07555 (NLL 4.38857 [logdet 1.52338, mahal 1.02731], L1 1.87328, Spectral 0.26316, Gradient 0.43318, Quantile 0.93925) | LR 1.00e-04
2026-06-27 04:01:47,319 INFO Epoch 4 | Batch 600/1186 | Loss 4.99386 (NLL 4.35400 [logdet 1.46228, mahal 1.05384], L1 1.83091, Spectral 0.25800, Gradient 0.42250, Quantile 0.90293) | LR 1.00e-04
2026-06-27 04:02:07,546 INFO Epoch 4 | Batch 650/1186 | Loss 5.11538 (NLL 4.40655 [logdet 1.52646, mahal 1.04221], L1 1.90632, Spectral 0.26167, Gradient 0.43412, Quantile 0.93646) | LR 1.00e-04
2026-06-27 04:02:27,773 INFO Epoch 4 | Batch 700/1186 | Loss 4.96358 (NLL 4.30213 [logdet 1.48609, mahal 0.97817], L1 1.81574, Spectral 0.25972, Gradient 0.42942, Quantile 0.91510) | LR 1.00e-04
2026-06-27 04:02:48,005 INFO Epoch 4 | Batch 750/1186 | Loss 5.04406 (NLL 4.36945 [logdet 1.48266, mahal 1.04891], L1 1.87550, Spectral 0.25472, Gradient 0.42717, Quantile 0.92797) | LR 1.00e-04
2026-06-27 04:03:08,237 INFO Epoch 4 | Batch 800/1186 | Loss 5.04947 (NLL 4.36697 [logdet 1.49853, mahal 1.03056], L1 1.87342, Spectral 0.25758, Gradient 0.42974, Quantile 0.92006) | LR 1.00e-04
2026-06-27 04:03:28,472 INFO Epoch 4 | Batch 850/1186 | Loss 5.07787 (NLL 4.37519 [logdet 1.49101, mahal 1.04630], L1 1.87350, Spectral 0.26784, Gradient 0.43205, Quantile 0.93905) | LR 1.00e-04
2026-06-27 04:03:48,704 INFO Epoch 4 | Batch 900/1186 | Loss 4.92838 (NLL 4.29363 [logdet 1.45083, mahal 1.00492], L1 1.80618, Spectral 0.25432, Gradient 0.41984, Quantile 0.88933) | LR 1.00e-04
2026-06-27 04:04:08,932 INFO Epoch 4 | Batch 950/1186 | Loss 5.01389 (NLL 4.33931 [logdet 1.46217, mahal 1.03927], L1 1.85916, Spectral 0.25678, Gradient 0.42415, Quantile 0.93826) | LR 1.00e-04
2026-06-27 04:04:29,162 INFO Epoch 4 | Batch 1000/1186 | Loss 4.99338 (NLL 4.36035 [logdet 1.47774, mahal 1.04474], L1 1.84540, Spectral 0.25103, Gradient 0.41927, Quantile 0.89672) | LR 1.00e-04
2026-06-27 04:04:49,394 INFO Epoch 4 | Batch 1050/1186 | Loss 5.03708 (NLL 4.37038 [logdet 1.51632, mahal 1.01618], L1 1.86975, Spectral 0.25702, Gradient 0.42081, Quantile 0.90296) | LR 1.00e-04
2026-06-27 04:05:09,628 INFO Epoch 4 | Batch 1100/1186 | Loss 5.09451 (NLL 4.37772 [logdet 1.47159, mahal 1.06826], L1 1.88909, Spectral 0.26753, Gradient 0.43248, Quantile 0.94463) | LR 1.00e-04
2026-06-27 04:05:29,859 INFO Epoch 4 | Batch 1150/1186 | Loss 5.08339 (NLL 4.38535 [logdet 1.54316, mahal 1.00431], L1 1.88963, Spectral 0.26224, Gradient 0.42841, Quantile 0.93655) | LR 1.00e-04
2026-06-27 04:06:18,421 INFO Epoch 4 | Val Loss 4.95263 (NLL 4.33019 [logdet 1.47699, mahal 1.01532], L1 1.79143, Spectral 0.26062, Gradient 0.42692, Quantile 0.86685)
2026-06-27 04:06:18,724 INFO New best val loss: 4.95263 (saved checkpoints/best.pth)
2026-06-27 04:06:39,015 INFO Epoch 5 | Batch 50/1186 | Loss 5.07892 (NLL 4.37867 [logdet 1.49354, mahal 1.04726], L1 1.89536, Spectral 0.25880, Gradient 0.42883, Quantile 0.93762) | LR 1.00e-04
2026-06-27 04:06:59,251 INFO Epoch 5 | Batch 100/1186 | Loss 5.01099 (NLL 4.34422 [logdet 1.49517, mahal 1.01117], L1 1.84348, Spectral 0.25969, Gradient 0.42814, Quantile 0.90786) | LR 1.00e-04
2026-06-27 04:07:19,485 INFO Epoch 5 | Batch 150/1186 | Loss 5.10601 (NLL 4.39464 [logdet 1.51978, mahal 1.03699], L1 1.90648, Spectral 0.26260, Gradient 0.42875, Quantile 0.94641) | LR 1.00e-04
2026-06-27 04:07:39,719 INFO Epoch 5 | Batch 200/1186 | Loss 5.04059 (NLL 4.39230 [logdet 1.51234, mahal 1.04208], L1 1.84758, Spectral 0.26048, Gradient 0.42795, Quantile 0.91115) | LR 1.00e-04
2026-06-27 04:07:59,947 INFO Epoch 5 | Batch 250/1186 | Loss 5.01281 (NLL 4.33140 [logdet 1.45925, mahal 1.03428], L1 1.85070, Spectral 0.25841, Gradient 0.43175, Quantile 0.90850) | LR 1.00e-04
2026-06-27 04:08:20,178 INFO Epoch 5 | Batch 300/1186 | Loss 5.10099 (NLL 4.39163 [logdet 1.50506, mahal 1.04869], L1 1.92367, Spectral 0.25383, Gradient 0.42676, Quantile 0.93715) | LR 1.00e-04
2026-06-27 04:08:40,409 INFO Epoch 5 | Batch 350/1186 | Loss 4.99524 (NLL 4.30809 [logdet 1.47124, mahal 0.99897], L1 1.82432, Spectral 0.26808, Gradient 0.43167, Quantile 0.93212) | LR 1.00e-04
2026-06-27 04:09:00,641 INFO Epoch 5 | Batch 400/1186 | Loss 4.98375 (NLL 4.35531 [logdet 1.48652, mahal 1.03092], L1 1.83843, Spectral 0.25142, Gradient 0.41835, Quantile 0.89484) | LR 1.00e-04
2026-06-27 04:09:20,880 INFO Epoch 5 | Batch 450/1186 | Loss 5.11240 (NLL 4.41527 [logdet 1.53415, mahal 1.04324], L1 1.91640, Spectral 0.25724, Gradient 0.42638, Quantile 0.93613) | LR 1.00e-04
2026-06-27 04:09:41,113 INFO Epoch 5 | Batch 500/1186 | Loss 4.89296 (NLL 4.28212 [logdet 1.43990, mahal 1.00433], L1 1.78462, Spectral 0.25236, Gradient 0.41604, Quantile 0.89008) | LR 1.00e-04
2026-06-27 04:10:01,364 INFO Epoch 5 | Batch 550/1186 | Loss 5.06563 (NLL 4.38927 [logdet 1.52196, mahal 1.02943], L1 1.88899, Spectral 0.25519, Gradient 0.42445, Quantile 0.94090) | LR 1.00e-04
2026-06-27 04:10:21,613 INFO Epoch 5 | Batch 600/1186 | Loss 4.99160 (NLL 4.30786 [logdet 1.46259, mahal 1.00739], L1 1.83840, Spectral 0.26033, Gradient 0.43056, Quantile 0.90492) | LR 1.00e-04
2026-06-27 04:10:41,862 INFO Epoch 5 | Batch 650/1186 | Loss 5.01871 (NLL 4.36535 [logdet 1.49217, mahal 1.03530], L1 1.84751, Spectral 0.25775, Gradient 0.42548, Quantile 0.93235) | LR 1.00e-04
2026-06-27 04:11:02,114 INFO Epoch 5 | Batch 700/1186 | Loss 5.02188 (NLL 4.34428 [logdet 1.49553, mahal 1.01088], L1 1.86422, Spectral 0.25780, Gradient 0.42249, Quantile 0.91463) | LR 1.00e-04
2026-06-27 04:11:22,362 INFO Epoch 5 | Batch 750/1186 | Loss 4.99805 (NLL 4.32909 [logdet 1.43918, mahal 1.05203], L1 1.84743, Spectral 0.25863, Gradient 0.42132, Quantile 0.90305) | LR 1.00e-04
2026-06-27 04:11:42,612 INFO Epoch 5 | Batch 800/1186 | Loss 4.99304 (NLL 4.33893 [logdet 1.48901, mahal 1.01204], L1 1.84753, Spectral 0.25330, Gradient 0.42256, Quantile 0.92583) | LR 1.00e-04
2026-06-27 04:12:02,858 INFO Epoch 5 | Batch 850/1186 | Loss 4.95071 (NLL 4.29609 [logdet 1.44788, mahal 1.01034], L1 1.82034, Spectral 0.25791, Gradient 0.41918, Quantile 0.90466) | LR 1.00e-04
2026-06-27 04:12:23,111 INFO Epoch 5 | Batch 900/1186 | Loss 4.92065 (NLL 4.28084 [logdet 1.42329, mahal 1.01968], L1 1.80810, Spectral 0.25417, Gradient 0.41701, Quantile 0.87664) | LR 1.00e-04
2026-06-27 04:12:43,367 INFO Epoch 5 | Batch 950/1186 | Loss 5.05150 (NLL 4.35074 [logdet 1.47717, mahal 1.03568], L1 1.86103, Spectral 0.26456, Gradient 0.43716, Quantile 0.93761) | LR 1.00e-04
2026-06-27 04:13:03,612 INFO Epoch 5 | Batch 1000/1186 | Loss 5.04325 (NLL 4.33651 [logdet 1.46288, mahal 1.03575], L1 1.85775, Spectral 0.26605, Gradient 0.43617, Quantile 0.91765) | LR 1.00e-04
2026-06-27 04:13:23,853 INFO Epoch 5 | Batch 1050/1186 | Loss 5.01664 (NLL 4.34782 [logdet 1.46079, mahal 1.04915], L1 1.85166, Spectral 0.25867, Gradient 0.42607, Quantile 0.91645) | LR 1.00e-04
2026-06-27 04:13:44,098 INFO Epoch 5 | Batch 1100/1186 | Loss 4.99403 (NLL 4.34494 [logdet 1.49668, mahal 1.01038], L1 1.84219, Spectral 0.25561, Gradient 0.42105, Quantile 0.92837) | LR 1.00e-04
2026-06-27 04:14:04,356 INFO Epoch 5 | Batch 1150/1186 | Loss 5.02105 (NLL 4.34686 [logdet 1.45822, mahal 1.05077], L1 1.85355, Spectral 0.25932, Gradient 0.42762, Quantile 0.91259) | LR 1.00e-04
2026-06-27 04:14:52,918 INFO Epoch 5 | Val Loss 4.93088 (NLL 4.30466 [logdet 1.55940, mahal 0.90739], L1 1.79072, Spectral 0.25858, Gradient 0.42311, Quantile 0.84732)
2026-06-27 04:14:53,246 INFO New best val loss: 4.93088 (saved checkpoints/best.pth)
2026-06-27 04:15:13,550 INFO Epoch 6 | Batch 50/1186 | Loss 4.96694 (NLL 4.33354 [logdet 1.47790, mahal 1.01776], L1 1.82956, Spectral 0.25251, Gradient 0.41895, Quantile 0.90467) | LR 1.00e-04
2026-06-27 04:15:33,800 INFO Epoch 6 | Batch 100/1186 | Loss 4.98820 (NLL 4.32632 [logdet 1.44884, mahal 1.03960], L1 1.83393, Spectral 0.25822, Gradient 0.42701, Quantile 0.91144) | LR 1.00e-04
2026-06-27 04:15:54,032 INFO Epoch 6 | Batch 150/1186 | Loss 5.05077 (NLL 4.36328 [logdet 1.49782, mahal 1.02758], L1 1.87482, Spectral 0.26074, Gradient 0.42493, Quantile 0.92541) | LR 1.00e-04
2026-06-27 04:16:14,275 INFO Epoch 6 | Batch 200/1186 | Loss 4.99619 (NLL 4.32443 [logdet 1.44987, mahal 1.03668], L1 1.84520, Spectral 0.25924, Gradient 0.42267, Quantile 0.90328) | LR 1.00e-04
2026-06-27 04:16:34,516 INFO Epoch 6 | Batch 250/1186 | Loss 4.96076 (NLL 4.29814 [logdet 1.44683, mahal 1.01344], L1 1.83788, Spectral 0.25366, Gradient 0.41966, Quantile 0.90584) | LR 1.00e-04
2026-06-27 04:16:54,760 INFO Epoch 6 | Batch 300/1186 | Loss 4.97167 (NLL 4.32388 [logdet 1.43256, mahal 1.05344], L1 1.83661, Spectral 0.25247, Gradient 0.42145, Quantile 0.89231) | LR 1.00e-04
2026-06-27 04:17:15,005 INFO Epoch 6 | Batch 350/1186 | Loss 5.06512 (NLL 4.36544 [logdet 1.52708, mahal 1.00048], L1 1.87331, Spectral 0.26260, Gradient 0.43539, Quantile 0.93578) | LR 1.00e-04
2026-06-27 04:17:35,246 INFO Epoch 6 | Batch 400/1186 | Loss 4.95153 (NLL 4.29578 [logdet 1.43309, mahal 1.02481], L1 1.81274, Spectral 0.25741, Gradient 0.42848, Quantile 0.88490) | LR 1.00e-04
2026-06-27 04:17:55,488 INFO Epoch 6 | Batch 450/1186 | Loss 4.97399 (NLL 4.32112 [logdet 1.45124, mahal 1.03200], L1 1.84209, Spectral 0.25329, Gradient 0.41806, Quantile 0.91033) | LR 1.00e-04
2026-06-27 04:18:15,721 INFO Epoch 6 | Batch 500/1186 | Loss 5.05692 (NLL 4.35857 [logdet 1.48769, mahal 1.03300], L1 1.88427, Spectral 0.25970, Gradient 0.42617, Quantile 0.93312) | LR 1.00e-04
2026-06-27 04:18:35,939 INFO Epoch 6 | Batch 550/1186 | Loss 5.08340 (NLL 4.37276 [logdet 1.52351, mahal 1.01137], L1 1.89599, Spectral 0.26213, Gradient 0.42857, Quantile 0.96099) | LR 1.00e-04
2026-06-27 04:18:56,159 INFO Epoch 6 | Batch 600/1186 | Loss 5.01313 (NLL 4.36970 [logdet 1.49145, mahal 1.04037], L1 1.84845, Spectral 0.25332, Gradient 0.42618, Quantile 0.89447) | LR 1.00e-04
2026-06-27 04:19:16,381 INFO Epoch 6 | Batch 650/1186 | Loss 4.96411 (NLL 4.31440 [logdet 1.47169, mahal 1.00483], L1 1.83785, Spectral 0.25289, Gradient 0.41667, Quantile 0.90581) | LR 1.00e-04
2026-06-27 04:19:36,604 INFO Epoch 6 | Batch 700/1186 | Loss 5.05461 (NLL 4.35226 [logdet 1.47825, mahal 1.03613], L1 1.89086, Spectral 0.25961, Gradient 0.42079, Quantile 0.91765) | LR 1.00e-04
2026-06-27 04:19:56,822 INFO Epoch 6 | Batch 750/1186 | Loss 4.93843 (NLL 4.27450 [logdet 1.41853, mahal 1.01809], L1 1.82346, Spectral 0.25357, Gradient 0.42363, Quantile 0.91645) | LR 1.00e-04
2026-06-27 04:20:17,053 INFO Epoch 6 | Batch 800/1186 | Loss 4.98104 (NLL 4.32326 [logdet 1.45293, mahal 1.03245], L1 1.83699, Spectral 0.25607, Gradient 0.42305, Quantile 0.92510) | LR 1.00e-04
2026-06-27 04:20:37,278 INFO Epoch 6 | Batch 850/1186 | Loss 4.99302 (NLL 4.32029 [logdet 1.43927, mahal 1.04314], L1 1.86038, Spectral 0.25289, Gradient 0.42000, Quantile 0.91945) | LR 1.00e-04
2026-06-27 04:20:57,500 INFO Epoch 6 | Batch 900/1186 | Loss 5.02616 (NLL 4.34024 [logdet 1.51175, mahal 0.99061], L1 1.86166, Spectral 0.25960, Gradient 0.42734, Quantile 0.92516) | LR 1.00e-04
2026-06-27 04:21:17,735 INFO Epoch 6 | Batch 950/1186 | Loss 4.90491 (NLL 4.28268 [logdet 1.39006, mahal 1.05474], L1 1.78975, Spectral 0.25513, Gradient 0.41668, Quantile 0.89642) | LR 1.00e-04
2026-06-27 04:21:37,965 INFO Epoch 6 | Batch 1000/1186 | Loss 4.91316 (NLL 4.28530 [logdet 1.40959, mahal 1.03783], L1 1.80140, Spectral 0.25383, Gradient 0.41479, Quantile 0.89166) | LR 1.00e-04
2026-06-27 04:21:58,199 INFO Epoch 6 | Batch 1050/1186 | Loss 4.98488 (NLL 4.30678 [logdet 1.43088, mahal 1.03802], L1 1.84650, Spectral 0.25636, Gradient 0.42492, Quantile 0.91175) | LR 1.00e-04
2026-06-27 04:22:18,424 INFO Epoch 6 | Batch 1100/1186 | Loss 4.95477 (NLL 4.30444 [logdet 1.44288, mahal 1.02369], L1 1.82952, Spectral 0.25296, Gradient 0.42036, Quantile 0.89135) | LR 1.00e-04
2026-06-27 04:22:38,646 INFO Epoch 6 | Batch 1150/1186 | Loss 4.98160 (NLL 4.30633 [logdet 1.44218, mahal 1.02627], L1 1.84280, Spectral 0.25703, Gradient 0.42417, Quantile 0.90931) | LR 1.00e-04
2026-06-27 04:23:27,220 INFO Epoch 6 | Val Loss 4.90222 (NLL 4.29210 [logdet 1.29690, mahal 1.15732], L1 1.77577, Spectral 0.25591, Gradient 0.42141, Quantile 0.87659)
2026-06-27 04:23:27,542 INFO New best val loss: 4.90222 (saved checkpoints/best.pth)
2026-06-27 04:23:47,822 INFO Epoch 7 | Batch 50/1186 | Loss 4.89305 (NLL 4.26354 [logdet 1.39630, mahal 1.02937], L1 1.80181, Spectral 0.24962, Gradient 0.41413, Quantile 0.88558) | LR 1.00e-04
2026-06-27 04:24:08,042 INFO Epoch 7 | Batch 100/1186 | Loss 4.94008 (NLL 4.29634 [logdet 1.45248, mahal 1.00598], L1 1.82466, Spectral 0.25276, Gradient 0.41518, Quantile 0.88725) | LR 1.00e-04
2026-06-27 04:24:28,263 INFO Epoch 7 | Batch 150/1186 | Loss 5.06579 (NLL 4.33061 [logdet 1.43887, mahal 1.05386], L1 1.88997, Spectral 0.26351, Gradient 0.43488, Quantile 0.94562) | LR 1.00e-04
2026-06-27 04:24:48,486 INFO Epoch 7 | Batch 200/1186 | Loss 4.97159 (NLL 4.29002 [logdet 1.43449, mahal 1.01765], L1 1.82709, Spectral 0.26159, Gradient 0.42820, Quantile 0.89132) | LR 1.00e-04
2026-06-27 04:25:08,704 INFO Epoch 7 | Batch 250/1186 | Loss 4.98401 (NLL 4.31024 [logdet 1.44079, mahal 1.03157], L1 1.82134, Spectral 0.26404, Gradient 0.43096, Quantile 0.91087) | LR 1.00e-04
2026-06-27 04:25:28,923 INFO Epoch 7 | Batch 300/1186 | Loss 5.08242 (NLL 4.37366 [logdet 1.52238, mahal 1.01339], L1 1.89048, Spectral 0.26295, Gradient 0.43083, Quantile 0.92945) | LR 1.00e-04
2026-06-27 04:25:49,142 INFO Epoch 7 | Batch 350/1186 | Loss 4.96670 (NLL 4.31861 [logdet 1.44492, mahal 1.03582], L1 1.82371, Spectral 0.25587, Gradient 0.42467, Quantile 0.89717) | LR 1.00e-04
2026-06-27 04:26:09,362 INFO Epoch 7 | Batch 400/1186 | Loss 4.97100 (NLL 4.31968 [logdet 1.42461, mahal 1.05719], L1 1.83813, Spectral 0.25212, Gradient 0.42207, Quantile 0.91372) | LR 1.00e-04
2026-06-27 04:26:29,583 INFO Epoch 7 | Batch 450/1186 | Loss 4.96303 (NLL 4.31498 [logdet 1.44902, mahal 1.02808], L1 1.82433, Spectral 0.25664, Gradient 0.42070, Quantile 0.88942) | LR 1.00e-04
2026-06-27 04:26:49,804 INFO Epoch 7 | Batch 500/1186 | Loss 4.96983 (NLL 4.31375 [logdet 1.44645, mahal 1.02942], L1 1.84186, Spectral 0.25290, Gradient 0.41862, Quantile 0.93472) | LR 1.00e-04
2026-06-27 04:27:10,028 INFO Epoch 7 | Batch 550/1186 | Loss 4.96034 (NLL 4.29582 [logdet 1.41745, mahal 1.04050], L1 1.84819, Spectral 0.25199, Gradient 0.41387, Quantile 0.91238) | LR 1.00e-04
2026-06-27 04:27:30,248 INFO Epoch 7 | Batch 600/1186 | Loss 4.98890 (NLL 4.30477 [logdet 1.44655, mahal 1.02034], L1 1.85448, Spectral 0.25752, Gradient 0.41970, Quantile 0.92145) | LR 1.00e-04
2026-06-27 04:27:50,469 INFO Epoch 7 | Batch 650/1186 | Loss 4.96544 (NLL 4.29835 [logdet 1.43795, mahal 1.02252], L1 1.85179, Spectral 0.24988, Gradient 0.41842, Quantile 0.91319) | LR 1.00e-04
2026-06-27 04:28:10,689 INFO Epoch 7 | Batch 700/1186 | Loss 5.04302 (NLL 4.37739 [logdet 1.50831, mahal 1.03121], L1 1.88268, Spectral 0.25322, Gradient 0.41849, Quantile 0.95022) | LR 1.00e-04
2026-06-27 04:28:30,913 INFO Epoch 7 | Batch 750/1186 | Loss 5.01602 (NLL 4.33192 [logdet 1.44611, mahal 1.04794], L1 1.86642, Spectral 0.25620, Gradient 0.42396, Quantile 0.92663) | LR 1.00e-04
2026-06-27 04:28:51,132 INFO Epoch 7 | Batch 800/1186 | Loss 4.92632 (NLL 4.28687 [logdet 1.40149, mahal 1.04751], L1 1.79950, Spectral 0.25601, Gradient 0.42410, Quantile 0.89543) | LR 1.00e-04
2026-06-27 04:29:11,353 INFO Epoch 7 | Batch 850/1186 | Loss 4.99425 (NLL 4.31359 [logdet 1.43358, mahal 1.04214], L1 1.85210, Spectral 0.25736, Gradient 0.42322, Quantile 0.92347) | LR 1.00e-04
2026-06-27 04:29:31,589 INFO Epoch 7 | Batch 900/1186 | Loss 4.95383 (NLL 4.28475 [logdet 1.44397, mahal 1.00291], L1 1.81540, Spectral 0.25833, Gradient 0.43157, Quantile 0.91808) | LR 1.00e-04
2026-06-27 04:29:51,814 INFO Epoch 7 | Batch 950/1186 | Loss 4.93477 (NLL 4.31527 [logdet 1.45154, mahal 1.02586], L1 1.81653, Spectral 0.25004, Gradient 0.41437, Quantile 0.89952) | LR 1.00e-04
2026-06-27 04:30:12,045 INFO Epoch 7 | Batch 1000/1186 | Loss 4.89928 (NLL 4.28026 [logdet 1.42330, mahal 1.01908], L1 1.78417, Spectral 0.25560, Gradient 0.41682, Quantile 0.89235) | LR 1.00e-04
2026-06-27 04:30:32,277 INFO Epoch 7 | Batch 1050/1186 | Loss 4.94231 (NLL 4.28077 [logdet 1.40777, mahal 1.03512], L1 1.80511, Spectral 0.26128, Gradient 0.42625, Quantile 0.89276) | LR 1.00e-04
2026-06-27 04:30:52,509 INFO Epoch 7 | Batch 1100/1186 | Loss 4.93297 (NLL 4.29922 [logdet 1.43772, mahal 1.02363], L1 1.80907, Spectral 0.25223, Gradient 0.42307, Quantile 0.90067) | LR 1.00e-04
2026-06-27 04:31:12,741 INFO Epoch 7 | Batch 1150/1186 | Loss 4.98650 (NLL 4.32845 [logdet 1.43277, mahal 1.05780], L1 1.85386, Spectral 0.25075, Gradient 0.42044, Quantile 0.89279) | LR 1.00e-04
2026-06-27 04:32:01,324 INFO Epoch 7 | Val Loss 4.91269 (NLL 4.31654 [logdet 1.24255, mahal 1.23611], L1 1.77784, Spectral 0.25491, Gradient 0.41979, Quantile 0.93383)
2026-06-27 04:32:21,763 INFO Epoch 8 | Batch 50/1186 | Loss 4.97106 (NLL 4.30042 [logdet 1.41295, mahal 1.04959], L1 1.83325, Spectral 0.25730, Gradient 0.42552, Quantile 0.90391) | LR 1.00e-04
2026-06-27 04:32:41,997 INFO Epoch 8 | Batch 100/1186 | Loss 4.89609 (NLL 4.28741 [logdet 1.41309, mahal 1.03644], L1 1.79057, Spectral 0.25065, Gradient 0.41428, Quantile 0.88531) | LR 1.00e-04
2026-06-27 04:33:02,229 INFO Epoch 8 | Batch 150/1186 | Loss 4.95026 (NLL 4.27399 [logdet 1.42402, mahal 1.01209], L1 1.82377, Spectral 0.26027, Gradient 0.42126, Quantile 0.88815) | LR 1.00e-04
2026-06-27 04:33:22,487 INFO Epoch 8 | Batch 200/1186 | Loss 5.01865 (NLL 4.34177 [logdet 1.48507, mahal 1.01882], L1 1.86068, Spectral 0.25622, Gradient 0.42724, Quantile 0.91890) | LR 1.00e-04
2026-06-27 04:33:42,741 INFO Epoch 8 | Batch 250/1186 | Loss 4.94522 (NLL 4.27157 [logdet 1.42033, mahal 1.01336], L1 1.80718, Spectral 0.26295, Gradient 0.42808, Quantile 0.90610) | LR 1.00e-04
2026-06-27 04:34:02,998 INFO Epoch 8 | Batch 300/1186 | Loss 4.95595 (NLL 4.31042 [logdet 1.45172, mahal 1.02083], L1 1.84446, Spectral 0.24815, Gradient 0.41404, Quantile 0.90714) | LR 1.00e-04
2026-06-27 04:34:23,254 INFO Epoch 8 | Batch 350/1186 | Loss 4.94553 (NLL 4.30306 [logdet 1.44935, mahal 1.01584], L1 1.83177, Spectral 0.24986, Gradient 0.41629, Quantile 0.90108) | LR 1.00e-04
2026-06-27 04:34:43,512 INFO Epoch 8 | Batch 400/1186 | Loss 4.86378 (NLL 4.24852 [logdet 1.37002, mahal 1.04062], L1 1.76468, Spectral 0.25431, Gradient 0.41933, Quantile 0.87468) | LR 1.00e-04
2026-06-27 04:35:03,772 INFO Epoch 8 | Batch 450/1186 | Loss 4.92259 (NLL 4.26689 [logdet 1.40714, mahal 1.02187], L1 1.81415, Spectral 0.25594, Gradient 0.41615, Quantile 0.89214) | LR 1.00e-04
2026-06-27 04:35:24,030 INFO Epoch 8 | Batch 500/1186 | Loss 4.92650 (NLL 4.30820 [logdet 1.42487, mahal 1.04545], L1 1.81004, Spectral 0.25163, Gradient 0.41279, Quantile 0.91371) | LR 1.00e-04
2026-06-27 04:35:44,284 INFO Epoch 8 | Batch 550/1186 | Loss 5.06242 (NLL 4.35177 [logdet 1.47564, mahal 1.03825], L1 1.88103, Spectral 0.26220, Gradient 0.43276, Quantile 0.93009) | LR 1.00e-04
2026-06-27 04:36:04,541 INFO Epoch 8 | Batch 600/1186 | Loss 5.02707 (NLL 4.35416 [logdet 1.45866, mahal 1.05762], L1 1.86338, Spectral 0.25807, Gradient 0.42299, Quantile 0.90406) | LR 1.00e-04
2026-06-27 04:36:24,805 INFO Epoch 8 | Batch 650/1186 | Loss 4.85867 (NLL 4.21490 [logdet 1.34504, mahal 1.03198], L1 1.77430, Spectral 0.25403, Gradient 0.42193, Quantile 0.87522) | LR 1.00e-04
2026-06-27 04:36:45,047 INFO Epoch 8 | Batch 700/1186 | Loss 4.97125 (NLL 4.29248 [logdet 1.42550, mahal 1.02910], L1 1.83536, Spectral 0.25687, Gradient 0.42838, Quantile 0.91535) | LR 1.00e-04
2026-06-27 04:37:05,278 INFO Epoch 8 | Batch 750/1186 | Loss 4.97554 (NLL 4.32611 [logdet 1.43130, mahal 1.05694], L1 1.85025, Spectral 0.24915, Gradient 0.41776, Quantile 0.90324) | LR 1.00e-04
2026-06-27 04:37:25,509 INFO Epoch 8 | Batch 800/1186 | Loss 5.03678 (NLL 4.35585 [logdet 1.52871, mahal 0.98927], L1 1.88132, Spectral 0.25412, Gradient 0.42233, Quantile 0.94454) | LR 1.00e-04
2026-06-27 04:37:45,737 INFO Epoch 8 | Batch 850/1186 | Loss 4.97860 (NLL 4.30478 [logdet 1.44115, mahal 1.02575], L1 1.84721, Spectral 0.25607, Gradient 0.41973, Quantile 0.89851) | LR 1.00e-04
2026-06-27 04:38:05,965 INFO Epoch 8 | Batch 900/1186 | Loss 4.96495 (NLL 4.31712 [logdet 1.41709, mahal 1.06215], L1 1.83697, Spectral 0.25160, Gradient 0.41967, Quantile 0.89380) | LR 1.00e-04
2026-06-27 04:38:26,193 INFO Epoch 8 | Batch 950/1186 | Loss 4.92583 (NLL 4.26061 [logdet 1.40547, mahal 1.01726], L1 1.81705, Spectral 0.25418, Gradient 0.42313, Quantile 0.91031) | LR 1.00e-04
2026-06-27 04:38:46,415 INFO Epoch 8 | Batch 1000/1186 | Loss 4.87899 (NLL 4.24001 [logdet 1.36853, mahal 1.03361], L1 1.77903, Spectral 0.25664, Gradient 0.41949, Quantile 0.86664) | LR 1.00e-04
2026-06-27 04:39:06,633 INFO Epoch 8 | Batch 1050/1186 | Loss 4.91113 (NLL 4.24537 [logdet 1.41856, mahal 0.98893], L1 1.80615, Spectral 0.25662, Gradient 0.42180, Quantile 0.88816) | LR 1.00e-04
2026-06-27 04:39:26,853 INFO Epoch 8 | Batch 1100/1186 | Loss 4.91907 (NLL 4.27124 [logdet 1.41531, mahal 1.01806], L1 1.80508, Spectral 0.25431, Gradient 0.42273, Quantile 0.88064) | LR 1.00e-04
2026-06-27 04:39:47,077 INFO Epoch 8 | Batch 1150/1186 | Loss 4.93977 (NLL 4.26880 [logdet 1.39928, mahal 1.03165], L1 1.83469, Spectral 0.25133, Gradient 0.42142, Quantile 0.91673) | LR 1.00e-04
2026-06-27 04:40:35,610 INFO Epoch 8 | Val Loss 4.90097 (NLL 4.27788 [logdet 1.46439, mahal 0.97561], L1 1.78922, Spectral 0.25369, Gradient 0.41865, Quantile 0.99412)
2026-06-27 04:40:35,927 INFO New best val loss: 4.90097 (saved checkpoints/best.pth)
2026-06-27 04:40:56,207 INFO Epoch 9 | Batch 50/1186 | Loss 4.93281 (NLL 4.28630 [logdet 1.43213, mahal 1.01629], L1 1.79134, Spectral 0.26132, Gradient 0.42762, Quantile 0.89167) | LR 1.00e-04
2026-06-27 04:41:16,427 INFO Epoch 9 | Batch 100/1186 | Loss 4.94246 (NLL 4.26033 [logdet 1.38614, mahal 1.03631], L1 1.81518, Spectral 0.26153, Gradient 0.42601, Quantile 0.88437) | LR 1.00e-04
2026-06-27 04:41:36,648 INFO Epoch 9 | Batch 150/1186 | Loss 4.96530 (NLL 4.26867 [logdet 1.41748, mahal 1.01332], L1 1.81992, Spectral 0.26548, Gradient 0.43138, Quantile 0.89882) | LR 1.00e-04
2026-06-27 04:41:56,887 INFO Epoch 9 | Batch 200/1186 | Loss 4.89485 (NLL 4.24457 [logdet 1.39060, mahal 1.01610], L1 1.79837, Spectral 0.25354, Gradient 0.42029, Quantile 0.91218) | LR 1.00e-04
2026-06-27 04:42:17,133 INFO Epoch 9 | Batch 250/1186 | Loss 4.83125 (NLL 4.23570 [logdet 1.35606, mahal 1.04176], L1 1.76276, Spectral 0.24777, Gradient 0.40938, Quantile 0.86207) | LR 1.00e-04
2026-06-27 04:42:37,383 INFO Epoch 9 | Batch 300/1186 | Loss 4.87373 (NLL 4.25423 [logdet 1.39949, mahal 1.01687], L1 1.79837, Spectral 0.24778, Gradient 0.40707, Quantile 0.88786) | LR 1.00e-04
2026-06-27 04:42:57,631 INFO Epoch 9 | Batch 350/1186 | Loss 4.96191 (NLL 4.31802 [logdet 1.44842, mahal 1.03172], L1 1.84023, Spectral 0.24974, Gradient 0.41696, Quantile 0.91098) | LR 1.00e-04
2026-06-27 04:43:17,875 INFO Epoch 9 | Batch 400/1186 | Loss 4.82221 (NLL 4.21227 [logdet 1.34276, mahal 1.03164], L1 1.76090, Spectral 0.24808, Gradient 0.41311, Quantile 0.86257) | LR 1.00e-04
2026-06-27 04:43:38,125 INFO Epoch 9 | Batch 450/1186 | Loss 5.01914 (NLL 4.33255 [logdet 1.46190, mahal 1.03278], L1 1.86767, Spectral 0.25603, Gradient 0.42581, Quantile 0.92675) | LR 1.00e-04
2026-06-27 04:43:58,370 INFO Epoch 9 | Batch 500/1186 | Loss 4.95242 (NLL 4.28961 [logdet 1.42524, mahal 1.02648], L1 1.83344, Spectral 0.25196, Gradient 0.42352, Quantile 0.89560) | LR 1.00e-04
2026-06-27 04:44:18,616 INFO Epoch 9 | Batch 550/1186 | Loss 4.90418 (NLL 4.24375 [logdet 1.39036, mahal 1.01551], L1 1.81282, Spectral 0.25219, Gradient 0.41851, Quantile 0.90755) | LR 1.00e-04
2026-06-27 04:44:38,859 INFO Epoch 9 | Batch 600/1186 | Loss 4.90627 (NLL 4.27976 [logdet 1.44000, mahal 1.00189], L1 1.81123, Spectral 0.24736, Gradient 0.41460, Quantile 0.90714) | LR 1.00e-04
2026-06-27 04:44:59,104 INFO Epoch 9 | Batch 650/1186 | Loss 5.00703 (NLL 4.32362 [logdet 1.45251, mahal 1.03323], L1 1.85597, Spectral 0.25814, Gradient 0.42537, Quantile 0.91490) | LR 1.00e-04
2026-06-27 04:45:19,351 INFO Epoch 9 | Batch 700/1186 | Loss 5.01935 (NLL 4.32767 [logdet 1.46059, mahal 1.02920], L1 1.85031, Spectral 0.26411, Gradient 0.42854, Quantile 0.90787) | LR 1.00e-04
2026-06-27 04:45:39,602 INFO Epoch 9 | Batch 750/1186 | Loss 4.97581 (NLL 4.31643 [logdet 1.44936, mahal 1.02919], L1 1.84983, Spectral 0.25236, Gradient 0.41651, Quantile 0.92906) | LR 1.00e-04
2026-06-27 04:45:59,856 INFO Epoch 9 | Batch 800/1186 | Loss 4.94661 (NLL 4.29531 [logdet 1.44550, mahal 1.01193], L1 1.82836, Spectral 0.25489, Gradient 0.41404, Quantile 0.90958) | LR 1.00e-04
2026-06-27 04:46:20,110 INFO Epoch 9 | Batch 850/1186 | Loss 4.93691 (NLL 4.27210 [logdet 1.39588, mahal 1.03834], L1 1.80720, Spectral 0.25935, Gradient 0.42715, Quantile 0.88708) | LR 1.00e-04
2026-06-27 04:46:40,355 INFO Epoch 9 | Batch 900/1186 | Loss 4.95855 (NLL 4.31019 [logdet 1.44866, mahal 1.02365], L1 1.83868, Spectral 0.25116, Gradient 0.41608, Quantile 0.91952) | LR 1.00e-04
2026-06-27 04:47:00,602 INFO Epoch 9 | Batch 950/1186 | Loss 4.90372 (NLL 4.24906 [logdet 1.38450, mahal 1.02668], L1 1.79859, Spectral 0.25409, Gradient 0.42535, Quantile 0.89750) | LR 1.00e-04
2026-06-27 04:47:20,850 INFO Epoch 9 | Batch 1000/1186 | Loss 4.84000 (NLL 4.21145 [logdet 1.38389, mahal 0.98968], L1 1.75355, Spectral 0.25439, Gradient 0.42486, Quantile 0.84745) | LR 1.00e-04
2026-06-27 04:47:41,084 INFO Epoch 9 | Batch 1050/1186 | Loss 4.87407 (NLL 4.24113 [logdet 1.39269, mahal 1.01056], L1 1.81091, Spectral 0.24353, Gradient 0.41033, Quantile 0.91232) | LR 1.00e-04
2026-06-27 04:48:01,308 INFO Epoch 9 | Batch 1100/1186 | Loss 4.95119 (NLL 4.29996 [logdet 1.41158, mahal 1.05050], L1 1.84332, Spectral 0.24700, Gradient 0.41799, Quantile 0.91102) | LR 1.00e-04
2026-06-27 04:48:21,532 INFO Epoch 9 | Batch 1150/1186 | Loss 4.89429 (NLL 4.24546 [logdet 1.40771, mahal 0.99987], L1 1.80305, Spectral 0.25285, Gradient 0.41623, Quantile 0.89574) | LR 1.00e-04
2026-06-27 04:49:10,105 INFO Epoch 9 | Val Loss 4.90530 (NLL 4.30265 [logdet 1.19492, mahal 1.26986], L1 1.78253, Spectral 0.25358, Gradient 0.41755, Quantile 1.01380)
2026-06-27 04:49:30,560 INFO Epoch 10 | Batch 50/1186 | Loss 5.02197 (NLL 4.32187 [logdet 1.41108, mahal 1.07291], L1 1.87056, Spectral 0.25747, Gradient 0.42794, Quantile 0.92404) | LR 1.00e-04
2026-06-27 04:49:50,786 INFO Epoch 10 | Batch 100/1186 | Loss 4.99908 (NLL 4.31710 [logdet 1.44316, mahal 1.03607], L1 1.85545, Spectral 0.25587, Gradient 0.42603, Quantile 0.92208) | LR 1.00e-04
2026-06-27 04:50:11,007 INFO Epoch 10 | Batch 150/1186 | Loss 4.94779 (NLL 4.27441 [logdet 1.42514, mahal 1.01139], L1 1.83312, Spectral 0.25381, Gradient 0.42289, Quantile 0.90086) | LR 1.00e-04
2026-06-27 04:50:31,235 INFO Epoch 10 | Batch 200/1186 | Loss 4.99466 (NLL 4.31963 [logdet 1.45227, mahal 1.02948], L1 1.84402, Spectral 0.25719, Gradient 0.42886, Quantile 0.91649) | LR 1.00e-04
2026-06-27 04:50:51,465 INFO Epoch 10 | Batch 250/1186 | Loss 4.91845 (NLL 4.27173 [logdet 1.42343, mahal 1.01043], L1 1.80335, Spectral 0.25537, Gradient 0.42140, Quantile 0.87650) | LR 1.00e-04
2026-06-27 04:51:11,686 INFO Epoch 10 | Batch 300/1186 | Loss 4.74902 (NLL 4.15542 [logdet 1.29691, mahal 1.02063], L1 1.71985, Spectral 0.24496, Gradient 0.41596, Quantile 0.86928) | LR 1.00e-04
2026-06-27 04:51:31,906 INFO Epoch 10 | Batch 350/1186 | Loss 4.89897 (NLL 4.27072 [logdet 1.39250, mahal 1.04034], L1 1.80278, Spectral 0.24862, Gradient 0.41747, Quantile 0.88693) | LR 1.00e-04
2026-06-27 04:51:52,129 INFO Epoch 10 | Batch 400/1186 | Loss 4.93265 (NLL 4.27350 [logdet 1.44486, mahal 0.99077], L1 1.82624, Spectral 0.25299, Gradient 0.41704, Quantile 0.91681) | LR 1.00e-04
2026-06-27 04:52:12,347 INFO Epoch 10 | Batch 450/1186 | Loss 4.98804 (NLL 4.31364 [logdet 1.40025, mahal 1.07551], L1 1.85505, Spectral 0.25469, Gradient 0.41984, Quantile 0.90646) | LR 1.00e-04
2026-06-27 04:52:32,569 INFO Epoch 10 | Batch 500/1186 | Loss 4.86896 (NLL 4.21744 [logdet 1.37631, mahal 1.00325], L1 1.78368, Spectral 0.25453, Gradient 0.42055, Quantile 0.89149) | LR 1.00e-04
2026-06-27 04:52:52,793 INFO Epoch 10 | Batch 550/1186 | Loss 4.94092 (NLL 4.27882 [logdet 1.39886, mahal 1.04208], L1 1.83595, Spectral 0.24983, Gradient 0.41957, Quantile 0.89647) | LR 1.00e-04
2026-06-27 04:53:13,017 INFO Epoch 10 | Batch 600/1186 | Loss 4.90524 (NLL 4.26148 [logdet 1.39502, mahal 1.02859], L1 1.79570, Spectral 0.25561, Gradient 0.42049, Quantile 0.87480) | LR 1.00e-04
2026-06-27 04:53:33,239 INFO Epoch 10 | Batch 650/1186 | Loss 4.89277 (NLL 4.25378 [logdet 1.41746, mahal 0.99844], L1 1.80467, Spectral 0.25201, Gradient 0.41089, Quantile 0.90613) | LR 1.00e-04
2026-06-27 04:53:53,458 INFO Epoch 10 | Batch 700/1186 | Loss 4.91012 (NLL 4.25948 [logdet 1.37357, mahal 1.04803], L1 1.80614, Spectral 0.25342, Gradient 0.42057, Quantile 0.90899) | LR 1.00e-04
2026-06-27 04:54:13,677 INFO Epoch 10 | Batch 750/1186 | Loss 4.76482 (NLL 4.18729 [logdet 1.34324, mahal 1.00618], L1 1.72671, Spectral 0.24575, Gradient 0.40758, Quantile 0.86564) | LR 1.00e-04
2026-06-27 04:54:33,897 INFO Epoch 10 | Batch 800/1186 | Loss 4.92358 (NLL 4.30104 [logdet 1.39043, mahal 1.07273], L1 1.82424, Spectral 0.24621, Gradient 0.41083, Quantile 0.91146) | LR 1.00e-04
2026-06-27 04:54:54,119 INFO Epoch 10 | Batch 850/1186 | Loss 4.88527 (NLL 4.23852 [logdet 1.39728, mahal 1.00336], L1 1.79163, Spectral 0.25476, Gradient 0.41798, Quantile 0.89980) | LR 1.00e-04
2026-06-27 04:55:14,338 INFO Epoch 10 | Batch 900/1186 | Loss 4.93641 (NLL 4.26752 [logdet 1.39654, mahal 1.03310], L1 1.81468, Spectral 0.25845, Gradient 0.42351, Quantile 0.90736) | LR 1.00e-04
2026-06-27 04:55:34,559 INFO Epoch 10 | Batch 950/1186 | Loss 4.82644 (NLL 4.21282 [logdet 1.36533, mahal 1.00961], L1 1.76033, Spectral 0.24878, Gradient 0.41607, Quantile 0.86437) | LR 1.00e-04
2026-06-27 04:55:54,779 INFO Epoch 10 | Batch 1000/1186 | Loss 4.92918 (NLL 4.27983 [logdet 1.41877, mahal 1.02319], L1 1.82018, Spectral 0.25179, Gradient 0.41895, Quantile 0.89932) | LR 1.00e-04
2026-06-27 04:56:15,000 INFO Epoch 10 | Batch 1050/1186 | Loss 4.90520 (NLL 4.25354 [logdet 1.41023, mahal 1.00543], L1 1.81310, Spectral 0.25221, Gradient 0.41446, Quantile 0.89891) | LR 1.00e-04
2026-06-27 04:56:35,223 INFO Epoch 10 | Batch 1100/1186 | Loss 4.87367 (NLL 4.23963 [logdet 1.35583, mahal 1.04592], L1 1.78042, Spectral 0.25323, Gradient 0.42020, Quantile 0.88423) | LR 1.00e-04
2026-06-27 04:56:55,443 INFO Epoch 10 | Batch 1150/1186 | Loss 4.93094 (NLL 4.28657 [logdet 1.40350, mahal 1.04519], L1 1.81365, Spectral 0.25556, Gradient 0.41596, Quantile 0.88426) | LR 1.00e-04
2026-06-27 04:57:44,017 INFO Epoch 10 | Val Loss 4.86863 (NLL 4.25463 [logdet 1.42965, mahal 0.98710], L1 1.77020, Spectral 0.25318, Gradient 0.41807, Quantile 0.91607)
2026-06-27 04:57:44,361 INFO New best val loss: 4.86863 (saved checkpoints/best.pth)
2026-06-27 04:58:04,614 INFO Epoch 11 | Batch 50/1186 | Loss 4.98080 (NLL 4.27575 [logdet 1.41387, mahal 1.02400], L1 1.84371, Spectral 0.26376, Gradient 0.42348, Quantile 0.92538) | LR 1.00e-04
2026-06-27 04:58:24,830 INFO Epoch 11 | Batch 100/1186 | Loss 4.79239 (NLL 4.17533 [logdet 1.35501, mahal 0.98244], L1 1.74677, Spectral 0.25007, Gradient 0.41174, Quantile 0.84755) | LR 1.00e-04
2026-06-27 04:58:45,046 INFO Epoch 11 | Batch 150/1186 | Loss 4.89324 (NLL 4.25645 [logdet 1.36621, mahal 1.05237], L1 1.80807, Spectral 0.24766, Gradient 0.41570, Quantile 0.88575) | LR 1.00e-04
2026-06-27 04:59:05,331 INFO Epoch 11 | Batch 200/1186 | Loss 4.96139 (NLL 4.30967 [logdet 1.45424, mahal 1.01756], L1 1.84819, Spectral 0.24811, Gradient 0.41615, Quantile 0.91062) | LR 1.00e-04
2026-06-27 04:59:25,603 INFO Epoch 11 | Batch 250/1186 | Loss 4.76268 (NLL 4.15648 [logdet 1.31189, mahal 1.00672], L1 1.72426, Spectral 0.24988, Gradient 0.41426, Quantile 0.85890) | LR 1.00e-04
2026-06-27 04:59:45,877 INFO Epoch 11 | Batch 300/1186 | Loss 4.99907 (NLL 4.31801 [logdet 1.46247, mahal 1.01766], L1 1.84979, Spectral 0.25758, Gradient 0.42751, Quantile 0.92111) | LR 1.00e-04
2026-06-27 05:00:06,154 INFO Epoch 11 | Batch 350/1186 | Loss 4.85087 (NLL 4.22539 [logdet 1.37509, mahal 1.01243], L1 1.77009, Spectral 0.25249, Gradient 0.41655, Quantile 0.87186) | LR 1.00e-04
2026-06-27 05:00:26,430 INFO Epoch 11 | Batch 400/1186 | Loss 4.85621 (NLL 4.20556 [logdet 1.34508, mahal 1.02260], L1 1.78884, Spectral 0.25135, Gradient 0.41550, Quantile 0.88320) | LR 1.00e-04
2026-06-27 05:00:46,931 INFO Epoch 11 | Batch 450/1186 | Loss 4.81142 (NLL 4.19542 [logdet 1.34454, mahal 1.01300], L1 1.74823, Spectral 0.25133, Gradient 0.41642, Quantile 0.87879) | LR 1.00e-04
2026-06-27 05:01:07,241 INFO Epoch 11 | Batch 500/1186 | Loss 4.81240 (NLL 4.19639 [logdet 1.33914, mahal 1.01937], L1 1.75605, Spectral 0.24910, Gradient 0.41391, Quantile 0.86766) | LR 1.00e-04
2026-06-27 05:01:27,526 INFO Epoch 11 | Batch 550/1186 | Loss 5.02237 (NLL 4.32998 [logdet 1.48029, mahal 1.01181], L1 1.87228, Spectral 0.25559, Gradient 0.42661, Quantile 0.93454) | LR 1.00e-04
2026-06-27 05:01:47,798 INFO Epoch 11 | Batch 600/1186 | Loss 4.97105 (NLL 4.30289 [logdet 1.41577, mahal 1.04924], L1 1.83943, Spectral 0.25578, Gradient 0.42148, Quantile 0.88419) | LR 1.00e-04
2026-06-27 05:02:08,072 INFO Epoch 11 | Batch 650/1186 | Loss 4.87813 (NLL 4.25461 [logdet 1.41222, mahal 1.00451], L1 1.79361, Spectral 0.24817, Gradient 0.41492, Quantile 0.90130) | LR 1.00e-04
2026-06-27 05:02:28,376 INFO Epoch 11 | Batch 700/1186 | Loss 4.88097 (NLL 4.23276 [logdet 1.39457, mahal 1.00032], L1 1.78475, Spectral 0.25539, Gradient 0.42195, Quantile 0.89727) | LR 1.00e-04
2026-06-27 05:02:48,683 INFO Epoch 11 | Batch 750/1186 | Loss 4.83313 (NLL 4.21401 [logdet 1.36923, mahal 1.00690], L1 1.77464, Spectral 0.24945, Gradient 0.40676, Quantile 0.88409) | LR 1.00e-04
2026-06-27 05:03:08,984 INFO Epoch 11 | Batch 800/1186 | Loss 4.92902 (NLL 4.23752 [logdet 1.38616, mahal 1.01348], L1 1.81041, Spectral 0.26056, Gradient 0.43066, Quantile 0.89908) | LR 1.00e-04
2026-06-27 05:03:29,294 INFO Epoch 11 | Batch 850/1186 | Loss 4.96012 (NLL 4.28549 [logdet 1.40985, mahal 1.03776], L1 1.84381, Spectral 0.25230, Gradient 0.42223, Quantile 0.90003) | LR 1.00e-04
2026-06-27 05:03:49,600 INFO Epoch 11 | Batch 900/1186 | Loss 4.86143 (NLL 4.22757 [logdet 1.36582, mahal 1.02388], L1 1.78981, Spectral 0.24753, Gradient 0.41683, Quantile 0.89347) | LR 1.00e-04
2026-06-27 05:04:09,921 INFO Epoch 11 | Batch 950/1186 | Loss 4.87593 (NLL 4.24835 [logdet 1.38550, mahal 1.02497], L1 1.78396, Spectral 0.25208, Gradient 0.41712, Quantile 0.89512) | LR 1.00e-04
2026-06-27 05:04:30,236 INFO Epoch 11 | Batch 1000/1186 | Loss 4.83487 (NLL 4.21848 [logdet 1.35496, mahal 1.02564], L1 1.77040, Spectral 0.24915, Gradient 0.41099, Quantile 0.86838) | LR 1.00e-04
2026-06-27 05:04:50,545 INFO Epoch 11 | Batch 1050/1186 | Loss 4.92010 (NLL 4.26538 [logdet 1.36948, mahal 1.05802], L1 1.80670, Spectral 0.25446, Gradient 0.42469, Quantile 0.87685) | LR 1.00e-04
2026-06-27 05:05:10,858 INFO Epoch 11 | Batch 1100/1186 | Loss 4.91859 (NLL 4.28100 [logdet 1.44129, mahal 1.00183], L1 1.82141, Spectral 0.24740, Gradient 0.41597, Quantile 0.91141) | LR 1.00e-04
2026-06-27 05:05:31,159 INFO Epoch 11 | Batch 1150/1186 | Loss 4.89334 (NLL 4.27460 [logdet 1.39136, mahal 1.04536], L1 1.80477, Spectral 0.24620, Gradient 0.41323, Quantile 0.88583) | LR 1.00e-04
2026-06-27 05:06:20,014 INFO Epoch 11 | Val Loss 4.90815 (NLL 4.28518 [logdet 1.54085, mahal 0.90646], L1 1.78880, Spectral 0.25467, Gradient 0.42045, Quantile 0.97577)
2026-06-27 05:06:40,561 INFO Epoch 12 | Batch 50/1186 | Loss 4.95585 (NLL 4.27742 [logdet 1.42138, mahal 1.01815], L1 1.82517, Spectral 0.25806, Gradient 0.42817, Quantile 0.89346) | LR 1.00e-04
2026-06-27 05:07:00,869 INFO Epoch 12 | Batch 100/1186 | Loss 4.88323 (NLL 4.23071 [logdet 1.37739, mahal 1.01544], L1 1.77580, Spectral 0.26085, Gradient 0.42256, Quantile 0.87888) | LR 1.00e-04
2026-06-27 05:07:21,184 INFO Epoch 12 | Batch 150/1186 | Loss 4.83484 (NLL 4.19235 [logdet 1.31708, mahal 1.03740], L1 1.76374, Spectral 0.25439, Gradient 0.41924, Quantile 0.85952) | LR 1.00e-04
2026-06-27 05:07:41,499 INFO Epoch 12 | Batch 200/1186 | Loss 4.95917 (NLL 4.26386 [logdet 1.40057, mahal 1.02541], L1 1.83598, Spectral 0.25960, Gradient 0.42434, Quantile 0.91975) | LR 1.00e-04
2026-06-27 05:08:01,817 INFO Epoch 12 | Batch 250/1186 | Loss 4.84583 (NLL 4.22409 [logdet 1.36219, mahal 1.02402], L1 1.77886, Spectral 0.24624, Gradient 0.41668, Quantile 0.87892) | LR 1.00e-04
2026-06-27 05:08:22,124 INFO Epoch 12 | Batch 300/1186 | Loss 4.98475 (NLL 4.28626 [logdet 1.39988, mahal 1.04851], L1 1.85658, Spectral 0.25649, Gradient 0.42470, Quantile 0.90869) | LR 1.00e-04
2026-06-27 05:08:42,428 INFO Epoch 12 | Batch 350/1186 | Loss 4.84441 (NLL 4.21852 [logdet 1.37495, mahal 1.00570], L1 1.76481, Spectral 0.25272, Gradient 0.41827, Quantile 0.87283) | LR 1.00e-04
2026-06-27 05:09:02,737 INFO Epoch 12 | Batch 400/1186 | Loss 4.84681 (NLL 4.20621 [logdet 1.36342, mahal 1.00492], L1 1.76812, Spectral 0.25463, Gradient 0.41941, Quantile 0.89608) | LR 1.00e-04
2026-06-27 05:09:23,031 INFO Epoch 12 | Batch 450/1186 | Loss 4.90015 (NLL 4.24722 [logdet 1.37161, mahal 1.03774], L1 1.81345, Spectral 0.25089, Gradient 0.41501, Quantile 0.87350) | LR 1.00e-04
2026-06-27 05:09:43,293 INFO Epoch 12 | Batch 500/1186 | Loss 4.84340 (NLL 4.22201 [logdet 1.38143, mahal 1.00271], L1 1.76888, Spectral 0.25145, Gradient 0.41427, Quantile 0.86974) | LR 1.00e-04
2026-06-27 05:10:03,561 INFO Epoch 12 | Batch 550/1186 | Loss 4.87656 (NLL 4.24668 [logdet 1.38255, mahal 1.02625], L1 1.79332, Spectral 0.24742, Gradient 0.41905, Quantile 0.88830) | LR 1.00e-04
2026-06-27 05:10:23,827 INFO Epoch 12 | Batch 600/1186 | Loss 4.80143 (NLL 4.19552 [logdet 1.30895, mahal 1.04869], L1 1.76339, Spectral 0.24379, Gradient 0.40755, Quantile 0.87305) | LR 1.00e-04
2026-06-27 05:10:44,094 INFO Epoch 12 | Batch 650/1186 | Loss 4.81129 (NLL 4.21971 [logdet 1.37632, mahal 1.00551], L1 1.75012, Spectral 0.24660, Gradient 0.41245, Quantile 0.87378) | LR 1.00e-04
2026-06-27 05:11:04,365 INFO Epoch 12 | Batch 700/1186 | Loss 4.85956 (NLL 4.20811 [logdet 1.33438, mahal 1.03586], L1 1.78279, Spectral 0.25240, Gradient 0.42120, Quantile 0.87398) | LR 1.00e-04
2026-06-27 05:11:24,659 INFO Epoch 12 | Batch 750/1186 | Loss 4.77849 (NLL 4.17676 [logdet 1.31053, mahal 1.02835], L1 1.74365, Spectral 0.24579, Gradient 0.40941, Quantile 0.86834) | LR 1.00e-04
2026-06-27 05:11:44,951 INFO Epoch 12 | Batch 800/1186 | Loss 4.85667 (NLL 4.20792 [logdet 1.37068, mahal 0.99937], L1 1.78253, Spectral 0.25065, Gradient 0.42234, Quantile 0.89049) | LR 1.00e-04
2026-06-27 05:12:05,221 INFO Epoch 12 | Batch 850/1186 | Loss 4.79869 (NLL 4.18821 [logdet 1.33563, mahal 1.01470], L1 1.74246, Spectral 0.25023, Gradient 0.41543, Quantile 0.85913) | LR 1.00e-04
2026-06-27 05:12:25,489 INFO Epoch 12 | Batch 900/1186 | Loss 4.78802 (NLL 4.19434 [logdet 1.33998, mahal 1.01649], L1 1.76890, Spectral 0.23916, Gradient 0.39936, Quantile 0.88954) | LR 1.00e-04
2026-06-27 05:12:45,795 INFO Epoch 12 | Batch 950/1186 | Loss 4.87289 (NLL 4.26409 [logdet 1.36905, mahal 1.05716], L1 1.77542, Spectral 0.25143, Gradient 0.41616, Quantile 0.88681) | LR 1.00e-04
2026-06-27 05:13:06,102 INFO Epoch 12 | Batch 1000/1186 | Loss 4.81708 (NLL 4.19225 [logdet 1.32888, mahal 1.02549], L1 1.75175, Spectral 0.25370, Gradient 0.41515, Quantile 0.87795) | LR 1.00e-04
2026-06-27 05:13:26,416 INFO Epoch 12 | Batch 1050/1186 | Loss 4.84197 (NLL 4.21759 [logdet 1.37140, mahal 1.00831], L1 1.78198, Spectral 0.24802, Gradient 0.40942, Quantile 0.87003) | LR 1.00e-04
2026-06-27 05:13:46,734 INFO Epoch 12 | Batch 1100/1186 | Loss 4.93626 (NLL 4.29770 [logdet 1.44858, mahal 1.01124], L1 1.83229, Spectral 0.24666, Gradient 0.41600, Quantile 0.91295) | LR 1.00e-04
2026-06-27 05:14:07,049 INFO Epoch 12 | Batch 1150/1186 | Loss 4.86698 (NLL 4.23273 [logdet 1.37940, mahal 1.01545], L1 1.78301, Spectral 0.25047, Gradient 0.42023, Quantile 0.89424) | LR 1.00e-04
2026-06-27 05:14:55,903 INFO Epoch 12 | Val Loss 4.85847 (NLL 4.24854 [logdet 1.49121, mahal 0.91945], L1 1.76546, Spectral 0.25279, Gradient 0.41657, Quantile 0.93157)
2026-06-27 05:14:56,484 INFO New best val loss: 4.85847 (saved checkpoints/best.pth)
2026-06-27 05:15:16,852 INFO Epoch 13 | Batch 50/1186 | Loss 4.88949 (NLL 4.26525 [logdet 1.41261, mahal 1.01476], L1 1.79950, Spectral 0.24872, Gradient 0.41394, Quantile 0.88765) | LR 1.00e-04
2026-06-27 05:15:37,138 INFO Epoch 13 | Batch 100/1186 | Loss 4.86595 (NLL 4.22559 [logdet 1.34786, mahal 1.03985], L1 1.79072, Spectral 0.25127, Gradient 0.41360, Quantile 0.87747) | LR 1.00e-04
2026-06-27 05:15:57,445 INFO Epoch 13 | Batch 150/1186 | Loss 4.85430 (NLL 4.22944 [logdet 1.36641, mahal 1.02515], L1 1.79647, Spectral 0.24496, Gradient 0.40788, Quantile 0.90273) | LR 1.00e-04
2026-06-27 05:16:17,730 INFO Epoch 13 | Batch 200/1186 | Loss 4.80671 (NLL 4.20041 [logdet 1.34755, mahal 1.01499], L1 1.75288, Spectral 0.24716, Gradient 0.41352, Quantile 0.84680) | LR 1.00e-04
2026-06-27 05:16:38,004 INFO Epoch 13 | Batch 250/1186 | Loss 4.83921 (NLL 4.20747 [logdet 1.32658, mahal 1.04301], L1 1.77484, Spectral 0.24800, Gradient 0.41857, Quantile 0.87242) | LR 1.00e-04
2026-06-27 05:16:58,277 INFO Epoch 13 | Batch 300/1186 | Loss 4.88091 (NLL 4.22285 [logdet 1.37850, mahal 1.00647], L1 1.77661, Spectral 0.25848, Gradient 0.42818, Quantile 0.86793) | LR 1.00e-04
2026-06-27 05:17:18,559 INFO Epoch 13 | Batch 350/1186 | Loss 4.82838 (NLL 4.19636 [logdet 1.31210, mahal 1.04639], L1 1.76268, Spectral 0.25171, Gradient 0.41761, Quantile 0.86200) | LR 1.00e-04
2026-06-27 05:17:38,868 INFO Epoch 13 | Batch 400/1186 | Loss 4.84459 (NLL 4.23479 [logdet 1.36112, mahal 1.03579], L1 1.77390, Spectral 0.24839, Gradient 0.41069, Quantile 0.86972) | LR 1.00e-04
2026-06-27 05:17:59,177 INFO Epoch 13 | Batch 450/1186 | Loss 4.82388 (NLL 4.21803 [logdet 1.31537, mahal 1.06479], L1 1.77421, Spectral 0.24422, Gradient 0.40703, Quantile 0.87812) | LR 1.00e-04
2026-06-27 05:18:19,484 INFO Epoch 13 | Batch 500/1186 | Loss 4.90984 (NLL 4.25896 [logdet 1.39976, mahal 1.02132], L1 1.80587, Spectral 0.25210, Gradient 0.42353, Quantile 0.87863) | LR 1.00e-04
2026-06-27 05:18:39,801 INFO Epoch 13 | Batch 550/1186 | Loss 4.79485 (NLL 4.17999 [logdet 1.34788, mahal 0.99423], L1 1.73621, Spectral 0.25424, Gradient 0.41350, Quantile 0.86849) | LR 1.00e-04
2026-06-27 05:19:00,101 INFO Epoch 13 | Batch 600/1186 | Loss 4.80982 (NLL 4.21052 [logdet 1.29470, mahal 1.07794], L1 1.73839, Spectral 0.25407, Gradient 0.41146, Quantile 0.85542) | LR 1.00e-04
2026-06-27 05:19:20,404 INFO Epoch 13 | Batch 650/1186 | Loss 4.92897 (NLL 4.28807 [logdet 1.41842, mahal 1.03178], L1 1.81606, Spectral 0.25014, Gradient 0.42214, Quantile 0.90045) | LR 1.00e-04
2026-06-27 05:19:40,688 INFO Epoch 13 | Batch 700/1186 | Loss 4.86900 (NLL 4.23295 [logdet 1.37467, mahal 1.02039], L1 1.80022, Spectral 0.24672, Gradient 0.41315, Quantile 0.90724) | LR 1.00e-04
2026-06-27 05:20:00,979 INFO Epoch 13 | Batch 750/1186 | Loss 4.91161 (NLL 4.23500 [logdet 1.35971, mahal 1.03742], L1 1.80965, Spectral 0.25637, Gradient 0.42440, Quantile 0.89767) | LR 1.00e-04
2026-06-27 05:20:21,266 INFO Epoch 13 | Batch 800/1186 | Loss 4.67282 (NLL 4.12472 [logdet 1.30209, mahal 0.98476], L1 1.66319, Spectral 0.24635, Gradient 0.40905, Quantile 0.84231) | LR 1.00e-04
2026-06-27 05:20:41,542 INFO Epoch 13 | Batch 850/1186 | Loss 4.75401 (NLL 4.15595 [logdet 1.26773, mahal 1.05034], L1 1.73070, Spectral 0.24425, Gradient 0.41149, Quantile 0.85918) | LR 1.00e-04
2026-06-27 05:21:01,815 INFO Epoch 13 | Batch 900/1186 | Loss 4.93274 (NLL 4.24932 [logdet 1.40524, mahal 1.00620], L1 1.82661, Spectral 0.25618, Gradient 0.42189, Quantile 0.90283) | LR 1.00e-04
2026-06-27 05:21:22,103 INFO Epoch 13 | Batch 950/1186 | Loss 4.87502 (NLL 4.22716 [logdet 1.34342, mahal 1.04586], L1 1.78875, Spectral 0.25273, Gradient 0.42050, Quantile 0.89402) | LR 1.00e-04
2026-06-27 05:21:42,409 INFO Epoch 13 | Batch 1000/1186 | Loss 4.83438 (NLL 4.18360 [logdet 1.36933, mahal 0.97639], L1 1.76127, Spectral 0.25457, Gradient 0.42505, Quantile 0.87465) | LR 1.00e-04
2026-06-27 05:22:02,720 INFO Epoch 13 | Batch 1050/1186 | Loss 4.90405 (NLL 4.25808 [logdet 1.39763, mahal 1.02258], L1 1.81283, Spectral 0.24813, Gradient 0.41978, Quantile 0.87748) | LR 1.00e-04
2026-06-27 05:22:23,021 INFO Epoch 13 | Batch 1100/1186 | Loss 4.90902 (NLL 4.24745 [logdet 1.36550, mahal 1.04407], L1 1.81851, Spectral 0.25129, Gradient 0.41776, Quantile 0.91334) | LR 1.00e-04
2026-06-27 05:22:43,321 INFO Epoch 13 | Batch 1150/1186 | Loss 4.86549 (NLL 4.21384 [logdet 1.36718, mahal 1.00878], L1 1.78807, Spectral 0.25138, Gradient 0.42117, Quantile 0.87561) | LR 1.00e-04
2026-06-27 05:23:32,136 INFO Epoch 13 | Val Loss 4.92862 (NLL 4.29689 [logdet 1.31025, mahal 1.14876], L1 1.79934, Spectral 0.25594, Gradient 0.42178, Quantile 1.08032)
2026-06-27 05:23:52,711 INFO Epoch 14 | Batch 50/1186 | Loss 4.77926 (NLL 4.19472 [logdet 1.34279, mahal 1.01405], L1 1.73272, Spectral 0.24574, Gradient 0.41213, Quantile 0.86078) | LR 1.00e-04
2026-06-27 05:24:13,020 INFO Epoch 14 | Batch 100/1186 | Loss 4.74013 (NLL 4.14015 [logdet 1.27197, mahal 1.03030], L1 1.72177, Spectral 0.24546, Gradient 0.41186, Quantile 0.84096) | LR 1.00e-04
2026-06-27 05:24:33,325 INFO Epoch 14 | Batch 150/1186 | Loss 4.83593 (NLL 4.20705 [logdet 1.35291, mahal 1.01626], L1 1.77219, Spectral 0.24895, Gradient 0.41622, Quantile 0.88098) | LR 1.00e-04
2026-06-27 05:24:53,635 INFO Epoch 14 | Batch 200/1186 | Loss 4.83481 (NLL 4.21314 [logdet 1.35189, mahal 1.02338], L1 1.77033, Spectral 0.24939, Gradient 0.41309, Quantile 0.86474) | LR 1.00e-04
2026-06-27 05:25:13,944 INFO Epoch 14 | Batch 250/1186 | Loss 4.84235 (NLL 4.19414 [logdet 1.34699, mahal 1.00928], L1 1.78579, Spectral 0.24939, Gradient 0.41461, Quantile 0.86836) | LR 1.00e-04
2026-06-27 05:25:34,249 INFO Epoch 14 | Batch 300/1186 | Loss 4.88190 (NLL 4.24189 [logdet 1.34913, mahal 1.05488], L1 1.79990, Spectral 0.24921, Gradient 0.41648, Quantile 0.90310) | LR 1.00e-04
2026-06-27 05:25:54,534 INFO Epoch 14 | Batch 350/1186 | Loss 4.82372 (NLL 4.19314 [logdet 1.33142, mahal 1.02384], L1 1.76205, Spectral 0.24984, Gradient 0.41909, Quantile 0.86723) | LR 1.00e-04
2026-06-27 05:26:14,812 INFO Epoch 14 | Batch 400/1186 | Loss 4.85945 (NLL 4.21823 [logdet 1.38151, mahal 0.99885], L1 1.77885, Spectral 0.25214, Gradient 0.42054, Quantile 0.87456) | LR 1.00e-04
2026-06-27 05:26:35,080 INFO Epoch 14 | Batch 450/1186 | Loss 4.77923 (NLL 4.18374 [logdet 1.29213, mahal 1.05373], L1 1.74468, Spectral 0.24578, Gradient 0.40580, Quantile 0.85829) | LR 1.00e-04
2026-06-27 05:26:55,382 INFO Epoch 14 | Batch 500/1186 | Loss 4.88087 (NLL 4.21839 [logdet 1.38070, mahal 0.99981], L1 1.79667, Spectral 0.25200, Gradient 0.42423, Quantile 0.88563) | LR 1.00e-04
2026-06-27 05:27:15,687 INFO Epoch 14 | Batch 550/1186 | Loss 4.91200 (NLL 4.24115 [logdet 1.36037, mahal 1.04291], L1 1.81081, Spectral 0.25732, Gradient 0.41873, Quantile 0.89275) | LR 1.00e-04
2026-06-27 05:27:35,992 INFO Epoch 14 | Batch 600/1186 | Loss 4.90358 (NLL 4.23218 [logdet 1.37084, mahal 1.02346], L1 1.79031, Spectral 0.26035, Gradient 0.42851, Quantile 0.89246) | LR 1.00e-04
2026-06-27 05:27:56,292 INFO Epoch 14 | Batch 650/1186 | Loss 4.88900 (NLL 4.24261 [logdet 1.38907, mahal 1.01566], L1 1.79603, Spectral 0.25158, Gradient 0.42187, Quantile 0.88517) | LR 1.00e-04
2026-06-27 05:28:16,597 INFO Epoch 14 | Batch 700/1186 | Loss 4.82448 (NLL 4.21156 [logdet 1.34045, mahal 1.03324], L1 1.75130, Spectral 0.25051, Gradient 0.41995, Quantile 0.86530) | LR 1.00e-04
2026-06-27 05:28:36,907 INFO Epoch 14 | Batch 750/1186 | Loss 4.75723 (NLL 4.18884 [logdet 1.32172, mahal 1.02924], L1 1.72714, Spectral 0.24227, Gradient 0.40622, Quantile 0.84383) | LR 1.00e-04
2026-06-27 05:28:57,213 INFO Epoch 14 | Batch 800/1186 | Loss 4.78455 (NLL 4.14311 [logdet 1.28504, mahal 1.02019], L1 1.75889, Spectral 0.24849, Gradient 0.41125, Quantile 0.87392) | LR 1.00e-04
2026-06-27 05:29:17,519 INFO Epoch 14 | Batch 850/1186 | Loss 4.82513 (NLL 4.19980 [logdet 1.34057, mahal 1.02135], L1 1.76512, Spectral 0.25026, Gradient 0.41342, Quantile 0.89434) | LR 1.00e-04
2026-06-27 05:29:37,828 INFO Epoch 14 | Batch 900/1186 | Loss 4.86071 (NLL 4.21558 [logdet 1.38619, mahal 0.99150], L1 1.78266, Spectral 0.25045, Gradient 0.42283, Quantile 0.88383) | LR 1.00e-04
2026-06-27 05:29:58,133 INFO Epoch 14 | Batch 950/1186 | Loss 4.77803 (NLL 4.17919 [logdet 1.31043, mahal 1.03089], L1 1.73827, Spectral 0.24743, Gradient 0.40963, Quantile 0.86059) | LR 1.00e-04
2026-06-27 05:30:18,439 INFO Epoch 14 | Batch 1000/1186 | Loss 4.77054 (NLL 4.17865 [logdet 1.29204, mahal 1.04874], L1 1.73168, Spectral 0.24800, Gradient 0.40785, Quantile 0.85550) | LR 1.00e-04
2026-06-27 05:30:38,757 INFO Epoch 14 | Batch 1050/1186 | Loss 4.83012 (NLL 4.21698 [logdet 1.34582, mahal 1.03328], L1 1.75845, Spectral 0.24962, Gradient 0.41769, Quantile 0.86448) | LR 1.00e-04
2026-06-27 05:30:59,076 INFO Epoch 14 | Batch 1100/1186 | Loss 4.81523 (NLL 4.19368 [logdet 1.34259, mahal 1.01322], L1 1.75560, Spectral 0.24861, Gradient 0.41940, Quantile 0.85141) | LR 1.00e-04
2026-06-27 05:31:19,376 INFO Epoch 14 | Batch 1150/1186 | Loss 4.86365 (NLL 4.22656 [logdet 1.37929, mahal 1.00940], L1 1.77555, Spectral 0.25373, Gradient 0.42051, Quantile 0.89301) | LR 1.00e-04
2026-06-27 05:32:08,165 INFO Epoch 14 | Val Loss 4.89079 (NLL 4.26696 [logdet 1.28360, mahal 1.14549], L1 1.78228, Spectral 0.25389, Gradient 0.42037, Quantile 0.93774)
2026-06-27 05:32:28,714 INFO Epoch 15 | Batch 50/1186 | Loss 4.85446 (NLL 4.22208 [logdet 1.37036, mahal 1.01384], L1 1.77133, Spectral 0.25335, Gradient 0.41866, Quantile 0.86637) | LR 1.00e-04
2026-06-27 05:32:49,024 INFO Epoch 15 | Batch 100/1186 | Loss 4.82579 (NLL 4.22362 [logdet 1.34803, mahal 1.03772], L1 1.77558, Spectral 0.24356, Gradient 0.40621, Quantile 0.86820) | LR 1.00e-04
2026-06-27 05:33:09,322 INFO Epoch 15 | Batch 150/1186 | Loss 4.76081 (NLL 4.14863 [logdet 1.28994, mahal 1.02081], L1 1.74875, Spectral 0.24263, Gradient 0.40749, Quantile 0.86017) | LR 1.00e-04
2026-06-27 05:33:29,626 INFO Epoch 15 | Batch 200/1186 | Loss 4.88397 (NLL 4.22551 [logdet 1.34553, mahal 1.04211], L1 1.80840, Spectral 0.25042, Gradient 0.41570, Quantile 0.87620) | LR 1.00e-04
2026-06-27 05:33:49,932 INFO Epoch 15 | Batch 250/1186 | Loss 4.74921 (NLL 4.17859 [logdet 1.29058, mahal 1.05013], L1 1.71637, Spectral 0.24353, Gradient 0.41123, Quantile 0.86953) | LR 1.00e-04
2026-06-27 05:34:10,233 INFO Epoch 15 | Batch 300/1186 | Loss 4.78307 (NLL 4.16386 [logdet 1.33162, mahal 0.99437], L1 1.74134, Spectral 0.24878, Gradient 0.41616, Quantile 0.85578) | LR 1.00e-04
2026-06-27 05:34:30,544 INFO Epoch 15 | Batch 350/1186 | Loss 4.79874 (NLL 4.16816 [logdet 1.32156, mahal 1.00872], L1 1.75566, Spectral 0.24767, Gradient 0.41767, Quantile 0.86213) | LR 1.00e-04
2026-06-27 05:34:50,852 INFO Epoch 15 | Batch 400/1186 | Loss 4.81831 (NLL 4.18110 [logdet 1.33265, mahal 1.01057], L1 1.74857, Spectral 0.25332, Gradient 0.42556, Quantile 0.86881) | LR 1.00e-04
2026-06-27 05:35:11,155 INFO Epoch 15 | Batch 450/1186 | Loss 4.82396 (NLL 4.18359 [logdet 1.32496, mahal 1.02075], L1 1.76966, Spectral 0.24991, Gradient 0.41645, Quantile 0.87116) | LR 1.00e-04
2026-06-27 05:35:31,457 INFO Epoch 15 | Batch 500/1186 | Loss 4.70441 (NLL 4.12349 [logdet 1.29011, mahal 0.99551], L1 1.68100, Spectral 0.25031, Gradient 0.41481, Quantile 0.84360) | LR 1.00e-04
2026-06-27 05:35:51,762 INFO Epoch 15 | Batch 550/1186 | Loss 4.73279 (NLL 4.15533 [logdet 1.29231, mahal 1.02514], L1 1.71014, Spectral 0.24443, Gradient 0.41078, Quantile 0.84372) | LR 1.00e-04
2026-06-27 05:36:12,067 INFO Epoch 15 | Batch 600/1186 | Loss 4.79740 (NLL 4.16425 [logdet 1.29012, mahal 1.03625], L1 1.73777, Spectral 0.25398, Gradient 0.42259, Quantile 0.85569) | LR 1.00e-04
2026-06-27 05:36:32,378 INFO Epoch 15 | Batch 650/1186 | Loss 4.75484 (NLL 4.17101 [logdet 1.29338, mahal 1.03976], L1 1.71488, Spectral 0.24786, Gradient 0.41289, Quantile 0.84990) | LR 1.00e-04
2026-06-27 05:36:52,686 INFO Epoch 15 | Batch 700/1186 | Loss 4.83083 (NLL 4.20691 [logdet 1.34193, mahal 1.02710], L1 1.77430, Spectral 0.24670, Gradient 0.41395, Quantile 0.86922) | LR 1.00e-04
2026-06-27 05:37:12,996 INFO Epoch 15 | Batch 750/1186 | Loss 4.77610 (NLL 4.14771 [logdet 1.29226, mahal 1.01757], L1 1.72476, Spectral 0.25526, Gradient 0.41994, Quantile 0.84208) | LR 1.00e-04
2026-06-27 05:37:33,300 INFO Epoch 15 | Batch 800/1186 | Loss 4.82550 (NLL 4.19627 [logdet 1.31332, mahal 1.04507], L1 1.75829, Spectral 0.25247, Gradient 0.41754, Quantile 0.89128) | LR 1.00e-04
2026-06-27 05:37:53,608 INFO Epoch 15 | Batch 850/1186 | Loss 4.79060 (NLL 4.18079 [logdet 1.31077, mahal 1.03214], L1 1.73905, Spectral 0.24887, Gradient 0.41728, Quantile 0.84723) | LR 1.00e-04
2026-06-27 05:38:13,915 INFO Epoch 15 | Batch 900/1186 | Loss 4.79339 (NLL 4.20401 [logdet 1.34516, mahal 1.02097], L1 1.74480, Spectral 0.24393, Gradient 0.41336, Quantile 0.87284) | LR 1.00e-04
2026-06-27 05:38:34,198 INFO Epoch 15 | Batch 950/1186 | Loss 4.82698 (NLL 4.20579 [logdet 1.31842, mahal 1.04950], L1 1.76056, Spectral 0.24983, Gradient 0.41760, Quantile 0.87992) | LR 1.00e-04
2026-06-27 05:38:54,465 INFO Epoch 15 | Batch 1000/1186 | Loss 4.80451 (NLL 4.18494 [logdet 1.32210, mahal 1.02497], L1 1.75737, Spectral 0.24812, Gradient 0.41256, Quantile 0.87811) | LR 1.00e-04
2026-06-27 05:39:14,750 INFO Epoch 15 | Batch 1050/1186 | Loss 4.84672 (NLL 4.22590 [logdet 1.34814, mahal 1.03989], L1 1.76954, Spectral 0.25060, Gradient 0.41670, Quantile 0.87330) | LR 1.00e-04
2026-06-27 05:39:35,065 INFO Epoch 15 | Batch 1100/1186 | Loss 4.80471 (NLL 4.17070 [logdet 1.33594, mahal 0.99689], L1 1.75271, Spectral 0.24979, Gradient 0.42071, Quantile 0.86849) | LR 1.00e-04
2026-06-27 05:39:55,377 INFO Epoch 15 | Batch 1150/1186 | Loss 4.82964 (NLL 4.18706 [logdet 1.32823, mahal 1.02095], L1 1.77179, Spectral 0.25080, Gradient 0.41638, Quantile 0.86027) | LR 1.00e-04
2026-06-27 05:40:44,213 INFO Epoch 15 | Val Loss 4.86470 (NLL 4.24324 [logdet 1.35556, mahal 1.04980], L1 1.77486, Spectral 0.25222, Gradient 0.41723, Quantile 0.89659)
2026-06-27 05:41:04,757 INFO Epoch 16 | Batch 50/1186 | Loss 4.78960 (NLL 4.17049 [logdet 1.31875, mahal 1.01387], L1 1.73992, Spectral 0.25214, Gradient 0.41375, Quantile 0.85537) | LR 1.00e-04
2026-06-27 05:41:25,061 INFO Epoch 16 | Batch 100/1186 | Loss 4.70894 (NLL 4.11498 [logdet 1.26500, mahal 1.01210], L1 1.68690, Spectral 0.25182, Gradient 0.41452, Quantile 0.82297) | LR 1.00e-04
2026-06-27 05:41:45,359 INFO Epoch 16 | Batch 150/1186 | Loss 4.65440 (NLL 4.07928 [logdet 1.20570, mahal 1.03571], L1 1.66401, Spectral 0.24614, Gradient 0.41283, Quantile 0.82254) | LR 1.00e-04
2026-06-27 05:42:05,664 INFO Epoch 16 | Batch 200/1186 | Loss 4.73349 (NLL 4.14884 [logdet 1.27516, mahal 1.03581], L1 1.71483, Spectral 0.24426, Gradient 0.41041, Quantile 0.85128) | LR 1.00e-04
2026-06-27 05:42:25,966 INFO Epoch 16 | Batch 250/1186 | Loss 4.88628 (NLL 4.23424 [logdet 1.38389, mahal 1.01246], L1 1.80260, Spectral 0.24837, Gradient 0.42353, Quantile 0.89247) | LR 1.00e-04
2026-06-27 05:42:46,270 INFO Epoch 16 | Batch 300/1186 | Loss 4.77245 (NLL 4.16232 [logdet 1.29847, mahal 1.02597], L1 1.73207, Spectral 0.24909, Gradient 0.41497, Quantile 0.85450) | LR 1.00e-04
2026-06-27 05:43:06,574 INFO Epoch 16 | Batch 350/1186 | Loss 4.72714 (NLL 4.15898 [logdet 1.29599, mahal 1.02511], L1 1.71488, Spectral 0.24097, Gradient 0.40609, Quantile 0.84259) | LR 1.00e-04
2026-06-27 05:43:26,884 INFO Epoch 16 | Batch 400/1186 | Loss 4.81670 (NLL 4.19013 [logdet 1.29167, mahal 1.06058], L1 1.76342, Spectral 0.25039, Gradient 0.41133, Quantile 0.86567) | LR 1.00e-04
2026-06-27 05:43:47,186 INFO Epoch 16 | Batch 450/1186 | Loss 4.79262 (NLL 4.18992 [logdet 1.30319, mahal 1.04886], L1 1.73918, Spectral 0.24719, Gradient 0.41815, Quantile 0.86991) | LR 1.00e-04
2026-06-27 05:44:07,496 INFO Epoch 16 | Batch 500/1186 | Loss 4.76753 (NLL 4.18728 [logdet 1.33518, mahal 1.01423], L1 1.72195, Spectral 0.24667, Gradient 0.41291, Quantile 0.84880) | LR 1.00e-04
2026-06-27 05:44:27,809 INFO Epoch 16 | Batch 550/1186 | Loss 4.77964 (NLL 4.15712 [logdet 1.29458, mahal 1.02466], L1 1.71441, Spectral 0.25690, Gradient 0.42545, Quantile 0.85213) | LR 1.00e-04
2026-06-27 05:44:48,118 INFO Epoch 16 | Batch 600/1186 | Loss 4.82680 (NLL 4.20135 [logdet 1.36859, mahal 0.99489], L1 1.75889, Spectral 0.24880, Gradient 0.42330, Quantile 0.87484) | LR 1.00e-04
2026-06-27 05:45:08,432 INFO Epoch 16 | Batch 650/1186 | Loss 4.90244 (NLL 4.23676 [logdet 1.35764, mahal 1.04124], L1 1.80985, Spectral 0.25437, Gradient 0.41861, Quantile 0.91431) | LR 1.00e-04
2026-06-27 05:45:28,740 INFO Epoch 16 | Batch 700/1186 | Loss 4.81627 (NLL 4.19607 [logdet 1.34986, mahal 1.00833], L1 1.76435, Spectral 0.24803, Gradient 0.41199, Quantile 0.85876) | LR 1.00e-04
2026-06-27 05:45:49,049 INFO Epoch 16 | Batch 750/1186 | Loss 4.80994 (NLL 4.18079 [logdet 1.31380, mahal 1.02911], L1 1.75137, Spectral 0.24930, Gradient 0.42317, Quantile 0.86047) | LR 1.00e-04
2026-06-27 05:46:09,352 INFO Epoch 16 | Batch 800/1186 | Loss 4.77569 (NLL 4.13465 [logdet 1.30723, mahal 0.98954], L1 1.74225, Spectral 0.25258, Gradient 0.41447, Quantile 0.88046) | LR 1.00e-04
2026-06-27 05:46:29,658 INFO Epoch 16 | Batch 850/1186 | Loss 4.80559 (NLL 4.17427 [logdet 1.29159, mahal 1.04480], L1 1.73688, Spectral 0.25489, Gradient 0.42466, Quantile 0.86666) | LR 1.00e-04
2026-06-27 05:46:49,969 INFO Epoch 16 | Batch 900/1186 | Loss 4.72782 (NLL 4.12493 [logdet 1.27778, mahal 1.00928], L1 1.71884, Spectral 0.24384, Gradient 0.41348, Quantile 0.83133) | LR 1.00e-04
2026-06-27 05:47:10,274 INFO Epoch 16 | Batch 950/1186 | Loss 4.80374 (NLL 4.20464 [logdet 1.32253, mahal 1.04424], L1 1.74396, Spectral 0.24777, Gradient 0.41597, Quantile 0.88020) | LR 1.00e-04
2026-06-27 05:47:30,577 INFO Epoch 16 | Batch 1000/1186 | Loss 4.77617 (NLL 4.16779 [logdet 1.35260, mahal 0.97731], L1 1.75032, Spectral 0.24253, Gradient 0.41176, Quantile 0.87221) | LR 1.00e-04
2026-06-27 05:47:50,875 INFO Epoch 16 | Batch 1050/1186 | Loss 4.82290 (NLL 4.20605 [logdet 1.31019, mahal 1.05798], L1 1.77439, Spectral 0.24567, Gradient 0.40872, Quantile 0.86471) | LR 1.00e-04
2026-06-27 05:48:11,179 INFO Epoch 16 | Batch 1100/1186 | Loss 4.66764 (NLL 4.09883 [logdet 1.24461, mahal 1.01634], L1 1.69667, Spectral 0.23831, Gradient 0.40073, Quantile 0.83302) | LR 1.00e-04
2026-06-27 05:48:31,482 INFO Epoch 16 | Batch 1150/1186 | Loss 4.81606 (NLL 4.17535 [logdet 1.30929, mahal 1.02818], L1 1.76032, Spectral 0.25232, Gradient 0.41688, Quantile 0.90046) | LR 1.00e-04
2026-06-27 05:49:20,257 INFO Epoch 16 | Val Loss 4.88495 (NLL 4.27325 [logdet 1.18867, mahal 1.24670], L1 1.76369, Spectral 0.25685, Gradient 0.42360, Quantile 0.86012)
2026-06-27 05:49:40,818 INFO Epoch 17 | Batch 50/1186 | Loss 4.75669 (NLL 4.14953 [logdet 1.28439, mahal 1.02726], L1 1.70472, Spectral 0.25394, Gradient 0.42237, Quantile 0.83461) | LR 1.00e-04
2026-06-27 05:50:01,121 INFO Epoch 17 | Batch 100/1186 | Loss 4.71981 (NLL 4.11922 [logdet 1.25395, mahal 1.02740], L1 1.70148, Spectral 0.24971, Gradient 0.41320, Quantile 0.83549) | LR 1.00e-04
2026-06-27 05:50:21,419 INFO Epoch 17 | Batch 150/1186 | Loss 4.80580 (NLL 4.18934 [logdet 1.34304, mahal 1.00842], L1 1.74605, Spectral 0.25035, Gradient 0.41804, Quantile 0.87264) | LR 1.00e-04
2026-06-27 05:50:41,720 INFO Epoch 17 | Batch 200/1186 | Loss 4.78944 (NLL 4.16691 [logdet 1.30604, mahal 1.02299], L1 1.75154, Spectral 0.24731, Gradient 0.41401, Quantile 0.86428) | LR 1.00e-04
2026-06-27 05:51:02,023 INFO Epoch 17 | Batch 250/1186 | Loss 4.77015 (NLL 4.12596 [logdet 1.30166, mahal 0.98641], L1 1.71882, Spectral 0.25836, Gradient 0.42409, Quantile 0.84397) | LR 1.00e-04
2026-06-27 05:51:22,323 INFO Epoch 17 | Batch 300/1186 | Loss 4.80103 (NLL 4.18600 [logdet 1.32117, mahal 1.02696], L1 1.74637, Spectral 0.24832, Gradient 0.41890, Quantile 0.86621) | LR 1.00e-04
2026-06-27 05:51:42,629 INFO Epoch 17 | Batch 350/1186 | Loss 4.72856 (NLL 4.14114 [logdet 1.26625, mahal 1.03701], L1 1.71426, Spectral 0.24188, Gradient 0.41481, Quantile 0.84915) | LR 1.00e-04
2026-06-27 05:52:02,935 INFO Epoch 17 | Batch 400/1186 | Loss 4.64091 (NLL 4.09323 [logdet 1.26579, mahal 0.98956], L1 1.66981, Spectral 0.23848, Gradient 0.40320, Quantile 0.81832) | LR 1.00e-04
2026-06-27 05:52:23,239 INFO Epoch 17 | Batch 450/1186 | Loss 4.74223 (NLL 4.13433 [logdet 1.26727, mahal 1.02918], L1 1.71760, Spectral 0.24672, Gradient 0.41813, Quantile 0.84878) | LR 1.00e-04
2026-06-27 05:52:43,516 INFO Epoch 17 | Batch 500/1186 | Loss 4.70168 (NLL 4.12493 [logdet 1.25796, mahal 1.02910], L1 1.68818, Spectral 0.24641, Gradient 0.41256, Quantile 0.83582) | LR 1.00e-04
2026-06-27 05:53:03,795 INFO Epoch 17 | Batch 550/1186 | Loss 4.82318 (NLL 4.17440 [logdet 1.31208, mahal 1.02443], L1 1.76273, Spectral 0.25362, Gradient 0.41921, Quantile 0.86117) | LR 1.00e-04
2026-06-27 05:53:24,073 INFO Epoch 17 | Batch 600/1186 | Loss 4.76842 (NLL 4.14955 [logdet 1.30694, mahal 1.00474], L1 1.74412, Spectral 0.24511, Gradient 0.41376, Quantile 0.88979) | LR 1.00e-04
2026-06-27 05:53:44,369 INFO Epoch 17 | Batch 650/1186 | Loss 4.73246 (NLL 4.15116 [logdet 1.30667, mahal 1.00661], L1 1.71728, Spectral 0.24308, Gradient 0.40836, Quantile 0.84856) | LR 1.00e-04
2026-06-27 05:54:04,673 INFO Epoch 17 | Batch 700/1186 | Loss 4.70312 (NLL 4.11307 [logdet 1.26898, mahal 1.00621], L1 1.70213, Spectral 0.24260, Gradient 0.41403, Quantile 0.84025) | LR 1.00e-04
2026-06-27 05:54:24,978 INFO Epoch 17 | Batch 750/1186 | Loss 4.70124 (NLL 4.13404 [logdet 1.27114, mahal 1.02502], L1 1.70711, Spectral 0.23856, Gradient 0.40557, Quantile 0.85149) | LR 1.00e-04
2026-06-27 05:54:45,288 INFO Epoch 17 | Batch 800/1186 | Loss 4.77982 (NLL 4.15300 [logdet 1.29010, mahal 1.02501], L1 1.73567, Spectral 0.25087, Gradient 0.41945, Quantile 0.87211) | LR 1.00e-04
2026-06-27 05:55:05,597 INFO Epoch 17 | Batch 850/1186 | Loss 4.80473 (NLL 4.18295 [logdet 1.31102, mahal 1.03406], L1 1.77086, Spectral 0.24378, Gradient 0.40961, Quantile 0.86812) | LR 1.00e-04
2026-06-27 05:55:25,902 INFO Epoch 17 | Batch 900/1186 | Loss 4.70017 (NLL 4.12592 [logdet 1.29424, mahal 0.99380], L1 1.69414, Spectral 0.24444, Gradient 0.40891, Quantile 0.84987) | LR 1.00e-04
2026-06-27 05:55:46,207 INFO Epoch 17 | Batch 950/1186 | Loss 4.89095 (NLL 4.21556 [logdet 1.34683, mahal 1.03086], L1 1.80154, Spectral 0.25553, Gradient 0.42339, Quantile 0.88272) | LR 1.00e-04
2026-06-27 05:56:06,512 INFO Epoch 17 | Batch 1000/1186 | Loss 4.73765 (NLL 4.15019 [logdet 1.29003, mahal 1.02227], L1 1.70309, Spectral 0.24834, Gradient 0.41673, Quantile 0.84324) | LR 1.00e-04
2026-06-27 05:56:26,822 INFO Epoch 17 | Batch 1050/1186 | Loss 4.64349 (NLL 4.07325 [logdet 1.23387, mahal 1.00150], L1 1.66401, Spectral 0.24558, Gradient 0.40638, Quantile 0.83181) | LR 1.00e-04
2026-06-27 05:56:47,126 INFO Epoch 17 | Batch 1100/1186 | Loss 4.68090 (NLL 4.09996 [logdet 1.23124, mahal 1.03084], L1 1.67231, Spectral 0.24963, Gradient 0.41328, Quantile 0.83236) | LR 1.00e-04
2026-06-27 05:57:07,427 INFO Epoch 17 | Batch 1150/1186 | Loss 4.72480 (NLL 4.15651 [logdet 1.29094, mahal 1.02769], L1 1.72450, Spectral 0.23681, Gradient 0.40427, Quantile 0.84920) | LR 1.00e-04
2026-06-27 05:57:56,255 INFO Epoch 17 | Val Loss 4.93184 (NLL 4.30621 [logdet 1.17447, mahal 1.29386], L1 1.80619, Spectral 0.25348, Gradient 0.41882, Quantile 0.97461)
2026-06-27 05:58:16,804 INFO Epoch 18 | Batch 50/1186 | Loss 4.75164 (NLL 4.12573 [logdet 1.27740, mahal 1.01045], L1 1.71780, Spectral 0.25382, Gradient 0.41660, Quantile 0.86054) | LR 1.00e-04
2026-06-27 05:58:37,108 INFO Epoch 18 | Batch 100/1186 | Loss 4.69374 (NLL 4.11513 [logdet 1.22242, mahal 1.05483], L1 1.68349, Spectral 0.24780, Gradient 0.41132, Quantile 0.83153) | LR 1.00e-04
2026-06-27 05:58:57,415 INFO Epoch 18 | Batch 150/1186 | Loss 4.77433 (NLL 4.16693 [logdet 1.30739, mahal 1.02166], L1 1.73234, Spectral 0.24709, Gradient 0.41840, Quantile 0.85972) | LR 1.00e-04
2026-06-27 05:59:17,694 INFO Epoch 18 | Batch 200/1186 | Loss 4.75147 (NLL 4.14526 [logdet 1.26324, mahal 1.04414], L1 1.71880, Spectral 0.24807, Gradient 0.41784, Quantile 0.83608) | LR 1.00e-04
2026-06-27 05:59:37,968 INFO Epoch 18 | Batch 250/1186 | Loss 4.69957 (NLL 4.13119 [logdet 1.28220, mahal 1.01112], L1 1.68890, Spectral 0.24350, Gradient 0.41279, Quantile 0.83164) | LR 1.00e-04
2026-06-27 05:59:58,237 INFO Epoch 18 | Batch 300/1186 | Loss 4.71784 (NLL 4.12864 [logdet 1.27089, mahal 1.01988], L1 1.72716, Spectral 0.23697, Gradient 0.40811, Quantile 0.85580) | LR 1.00e-04
2026-06-27 06:00:18,508 INFO Epoch 18 | Batch 350/1186 | Loss 4.73398 (NLL 4.12695 [logdet 1.27567, mahal 1.01341], L1 1.70842, Spectral 0.24921, Gradient 0.41749, Quantile 0.85221) | LR 1.00e-04
2026-06-27 06:00:38,775 INFO Epoch 18 | Batch 400/1186 | Loss 4.69519 (NLL 4.11569 [logdet 1.22657, mahal 1.05123], L1 1.68753, Spectral 0.24712, Gradient 0.40994, Quantile 0.84534) | LR 1.00e-04
2026-06-27 06:00:59,045 INFO Epoch 18 | Batch 450/1186 | Loss 4.73665 (NLL 4.10203 [logdet 1.27261, mahal 0.99155], L1 1.71714, Spectral 0.25159, Gradient 0.41878, Quantile 0.85399) | LR 1.00e-04
2026-06-27 06:01:19,312 INFO Epoch 18 | Batch 500/1186 | Loss 4.79275 (NLL 4.16865 [logdet 1.30801, mahal 1.02277], L1 1.74574, Spectral 0.24810, Gradient 0.42035, Quantile 0.86921) | LR 1.00e-04
2026-06-27 06:01:39,575 INFO Epoch 18 | Batch 550/1186 | Loss 4.63338 (NLL 4.04630 [logdet 1.21091, mahal 0.99751], L1 1.66680, Spectral 0.24420, Gradient 0.40976, Quantile 0.81361) | LR 1.00e-04
2026-06-27 06:01:59,840 INFO Epoch 18 | Batch 600/1186 | Loss 4.74170 (NLL 4.13141 [logdet 1.25266, mahal 1.04087], L1 1.71656, Spectral 0.24686, Gradient 0.41974, Quantile 0.84332) | LR 1.00e-04
2026-06-27 06:02:20,130 INFO Epoch 18 | Batch 650/1186 | Loss 4.59237 (NLL 4.06484 [logdet 1.20789, mahal 1.01908], L1 1.64284, Spectral 0.23578, Gradient 0.40162, Quantile 0.81740) | LR 1.00e-04
2026-06-27 06:02:40,408 INFO Epoch 18 | Batch 700/1186 | Loss 4.71087 (NLL 4.14932 [logdet 1.26170, mahal 1.04974], L1 1.70883, Spectral 0.23871, Gradient 0.40552, Quantile 0.84409) | LR 1.00e-04
2026-06-27 06:03:00,684 INFO Epoch 18 | Batch 750/1186 | Loss 4.67053 (NLL 4.10989 [logdet 1.25714, mahal 1.01488], L1 1.67294, Spectral 0.24433, Gradient 0.40872, Quantile 0.84405) | LR 1.00e-04
2026-06-27 06:03:20,957 INFO Epoch 18 | Batch 800/1186 | Loss 4.77267 (NLL 4.16675 [logdet 1.30255, mahal 1.02632], L1 1.74037, Spectral 0.24414, Gradient 0.41518, Quantile 0.85947) | LR 1.00e-04
2026-06-27 06:03:41,236 INFO Epoch 18 | Batch 850/1186 | Loss 4.82638 (NLL 4.14950 [logdet 1.31582, mahal 0.99580], L1 1.74800, Spectral 0.26193, Gradient 0.43149, Quantile 0.87802) | LR 1.00e-04
2026-06-27 06:04:01,523 INFO Epoch 18 | Batch 900/1186 | Loss 4.63876 (NLL 4.07215 [logdet 1.18893, mahal 1.04534], L1 1.65466, Spectral 0.24714, Gradient 0.40817, Quantile 0.80083) | LR 1.00e-04
2026-06-27 06:04:21,812 INFO Epoch 18 | Batch 950/1186 | Loss 4.82323 (NLL 4.22071 [logdet 1.35415, mahal 1.02868], L1 1.76556, Spectral 0.24427, Gradient 0.41335, Quantile 0.87222) | LR 1.00e-04
2026-06-27 06:04:42,101 INFO Epoch 18 | Batch 1000/1186 | Loss 4.78843 (NLL 4.15416 [logdet 1.30007, mahal 1.01621], L1 1.73644, Spectral 0.25395, Gradient 0.42015, Quantile 0.85521) | LR 1.00e-04
2026-06-27 06:05:02,397 INFO Epoch 18 | Batch 1050/1186 | Loss 4.71927 (NLL 4.12973 [logdet 1.27626, mahal 1.01559], L1 1.71663, Spectral 0.24034, Gradient 0.41221, Quantile 0.86164) | LR 1.00e-04
2026-06-27 06:05:22,694 INFO Epoch 18 | Batch 1100/1186 | Loss 4.68150 (NLL 4.12648 [logdet 1.28053, mahal 1.00807], L1 1.68184, Spectral 0.24436, Gradient 0.40265, Quantile 0.83991) | LR 1.00e-04
2026-06-27 06:05:42,979 INFO Epoch 18 | Batch 1150/1186 | Loss 4.72766 (NLL 4.13244 [logdet 1.26950, mahal 1.02506], L1 1.71091, Spectral 0.24570, Gradient 0.41353, Quantile 0.84466) | LR 1.00e-04
2026-06-27 06:06:31,756 INFO Epoch 18 | Val Loss 4.93610 (NLL 4.29349 [logdet 1.27373, mahal 1.18188], L1 1.81868, Spectral 0.25253, Gradient 0.41896, Quantile 0.93043)
2026-06-27 06:06:52,282 INFO Epoch 19 | Batch 50/1186 | Loss 4.61269 (NLL 4.05487 [logdet 1.19954, mahal 1.01745], L1 1.62903, Spectral 0.24844, Gradient 0.41340, Quantile 0.80193) | LR 1.00e-04
2026-06-27 06:07:12,576 INFO Epoch 19 | Batch 100/1186 | Loss 4.80007 (NLL 4.13942 [logdet 1.28069, mahal 1.02086], L1 1.75103, Spectral 0.25300, Gradient 0.42637, Quantile 0.88031) | LR 1.00e-04
2026-06-27 06:07:32,887 INFO Epoch 19 | Batch 150/1186 | Loss 4.69527 (NLL 4.11943 [logdet 1.24444, mahal 1.03712], L1 1.69324, Spectral 0.24159, Gradient 0.41403, Quantile 0.83797) | LR 1.00e-04
2026-06-27 06:07:53,168 INFO Epoch 19 | Batch 200/1186 | Loss 4.72947 (NLL 4.13035 [logdet 1.27586, mahal 1.01661], L1 1.71136, Spectral 0.24776, Gradient 0.41163, Quantile 0.84498) | LR 1.00e-04
2026-06-27 06:08:13,428 INFO Epoch 19 | Batch 250/1186 | Loss 4.67279 (NLL 4.08725 [logdet 1.24822, mahal 1.00115], L1 1.67972, Spectral 0.24421, Gradient 0.41553, Quantile 0.83932) | LR 1.00e-04
2026-06-27 06:08:33,690 INFO Epoch 19 | Batch 300/1186 | Loss 4.78731 (NLL 4.16974 [logdet 1.29391, mahal 1.03795], L1 1.72958, Spectral 0.25129, Gradient 0.42361, Quantile 0.84480) | LR 1.00e-04
2026-06-27 06:08:53,957 INFO Epoch 19 | Batch 350/1186 | Loss 4.71753 (NLL 4.13993 [logdet 1.30808, mahal 0.99397], L1 1.70354, Spectral 0.24240, Gradient 0.41402, Quantile 0.85630) | LR 1.00e-04
2026-06-27 06:09:14,220 INFO Epoch 19 | Batch 400/1186 | Loss 4.62337 (NLL 4.06953 [logdet 1.23156, mahal 1.00010], L1 1.65358, Spectral 0.24050, Gradient 0.40921, Quantile 0.81931) | LR 1.00e-04
2026-06-27 06:09:34,485 INFO Epoch 19 | Batch 450/1186 | Loss 4.72634 (NLL 4.11891 [logdet 1.25130, mahal 1.02974], L1 1.71911, Spectral 0.24551, Gradient 0.41127, Quantile 0.83837) | LR 1.00e-04
2026-06-27 06:09:54,753 INFO Epoch 19 | Batch 500/1186 | Loss 4.65856 (NLL 4.07825 [logdet 1.21563, mahal 1.02474], L1 1.67212, Spectral 0.24637, Gradient 0.40904, Quantile 0.83193) | LR 1.00e-04
2026-06-27 06:10:15,018 INFO Epoch 19 | Batch 550/1186 | Loss 4.74927 (NLL 4.14075 [logdet 1.30063, mahal 1.00225], L1 1.72213, Spectral 0.24627, Gradient 0.41839, Quantile 0.83130) | LR 1.00e-04
2026-06-27 06:10:35,280 INFO Epoch 19 | Batch 600/1186 | Loss 4.63983 (NLL 4.07621 [logdet 1.20069, mahal 1.03764], L1 1.67127, Spectral 0.23969, Gradient 0.40649, Quantile 0.82160) | LR 1.00e-04
2026-06-27 06:10:55,547 INFO Epoch 19 | Batch 650/1186 | Loss 4.73885 (NLL 4.14635 [logdet 1.29796, mahal 1.01051], L1 1.70938, Spectral 0.24623, Gradient 0.41800, Quantile 0.83683) | LR 1.00e-04
2026-06-27 06:11:15,813 INFO Epoch 19 | Batch 700/1186 | Loss 4.73172 (NLL 4.15852 [logdet 1.28760, mahal 1.03304], L1 1.71586, Spectral 0.24146, Gradient 0.40879, Quantile 0.85375) | LR 1.00e-04
2026-06-27 06:11:36,108 INFO Epoch 19 | Batch 750/1186 | Loss 4.72216 (NLL 4.14149 [logdet 1.29068, mahal 1.01293], L1 1.71173, Spectral 0.24036, Gradient 0.41401, Quantile 0.85347) | LR 1.00e-04
2026-06-27 06:11:56,408 INFO Epoch 19 | Batch 800/1186 | Loss 4.68319 (NLL 4.08363 [logdet 1.23965, mahal 1.00610], L1 1.68154, Spectral 0.24898, Gradient 0.41579, Quantile 0.81944) | LR 1.00e-04
2026-06-27 06:12:16,681 INFO Epoch 19 | Batch 850/1186 | Loss 4.65391 (NLL 4.08965 [logdet 1.22962, mahal 1.02215], L1 1.67957, Spectral 0.23898, Gradient 0.40701, Quantile 0.84140) | LR 1.00e-04
2026-06-27 06:12:36,947 INFO Epoch 19 | Batch 900/1186 | Loss 4.65526 (NLL 4.05869 [logdet 1.20426, mahal 1.01656], L1 1.65570, Spectral 0.25316, Gradient 0.41722, Quantile 0.80775) | LR 1.00e-04
2026-06-27 06:12:57,214 INFO Epoch 19 | Batch 950/1186 | Loss 4.69438 (NLL 4.11853 [logdet 1.23482, mahal 1.04584], L1 1.67961, Spectral 0.24987, Gradient 0.40979, Quantile 0.84314) | LR 1.00e-04
2026-06-27 06:13:17,502 INFO Epoch 19 | Batch 1000/1186 | Loss 4.68733 (NLL 4.08677 [logdet 1.24782, mahal 1.00107], L1 1.67834, Spectral 0.25099, Gradient 0.41723, Quantile 0.82218) | LR 1.00e-04
2026-06-27 06:13:37,797 INFO Epoch 19 | Batch 1050/1186 | Loss 4.69291 (NLL 4.09024 [logdet 1.22226, mahal 1.03010], L1 1.68451, Spectral 0.24981, Gradient 0.41740, Quantile 0.82422) | LR 1.00e-04
2026-06-27 06:13:58,097 INFO Epoch 19 | Batch 1100/1186 | Loss 4.66165 (NLL 4.09734 [logdet 1.22409, mahal 1.03537], L1 1.66538, Spectral 0.24403, Gradient 0.41412, Quantile 0.82272) | LR 1.00e-04
2026-06-27 06:14:18,402 INFO Epoch 19 | Batch 1150/1186 | Loss 4.65711 (NLL 4.08969 [logdet 1.22533, mahal 1.02648], L1 1.65814, Spectral 0.24907, Gradient 0.41009, Quantile 0.83423) | LR 1.00e-04
2026-06-27 06:15:07,221 INFO Epoch 19 | Val Loss 4.91870 (NLL 4.30125 [logdet 1.14584, mahal 1.31753], L1 1.79413, Spectral 0.25400, Gradient 0.41911, Quantile 0.84928)
2026-06-27 06:15:27,758 INFO Epoch 20 | Batch 50/1186 | Loss 4.72935 (NLL 4.15897 [logdet 1.29711, mahal 1.02398], L1 1.70895, Spectral 0.24021, Gradient 0.41552, Quantile 0.84392) | LR 1.00e-04
2026-06-27 06:15:48,063 INFO Epoch 20 | Batch 100/1186 | Loss 4.66588 (NLL 4.08489 [logdet 1.22561, mahal 1.02140], L1 1.68305, Spectral 0.24316, Gradient 0.40895, Quantile 0.83484) | LR 1.00e-04
2026-06-27 06:16:08,374 INFO Epoch 20 | Batch 150/1186 | Loss 4.65948 (NLL 4.08737 [logdet 1.23520, mahal 1.01430], L1 1.66121, Spectral 0.24583, Gradient 0.41717, Quantile 0.81989) | LR 1.00e-04
2026-06-27 06:16:28,680 INFO Epoch 20 | Batch 200/1186 | Loss 4.60908 (NLL 4.05928 [logdet 1.19567, mahal 1.02573], L1 1.65322, Spectral 0.23924, Gradient 0.40331, Quantile 0.82083) | LR 1.00e-04
2026-06-27 06:16:48,979 INFO Epoch 20 | Batch 250/1186 | Loss 4.69194 (NLL 4.12465 [logdet 1.25503, mahal 1.03174], L1 1.67259, Spectral 0.24715, Gradient 0.41683, Quantile 0.82306) | LR 1.00e-04
2026-06-27 06:17:09,284 INFO Epoch 20 | Batch 300/1186 | Loss 4.71289 (NLL 4.10498 [logdet 1.24454, mahal 1.02256], L1 1.69695, Spectral 0.24925, Gradient 0.41873, Quantile 0.83679) | LR 1.00e-04
2026-06-27 06:17:29,567 INFO Epoch 20 | Batch 350/1186 | Loss 4.64674 (NLL 4.08786 [logdet 1.25660, mahal 0.99338], L1 1.67074, Spectral 0.24242, Gradient 0.40244, Quantile 0.82105) | LR 1.00e-04
2026-06-27 06:17:49,862 INFO Epoch 20 | Batch 400/1186 | Loss 4.62891 (NLL 4.05257 [logdet 1.16332, mahal 1.05137], L1 1.64359, Spectral 0.24895, Gradient 0.41508, Quantile 0.81105) | LR 1.00e-04
2026-06-27 06:18:10,154 INFO Epoch 20 | Batch 450/1186 | Loss 4.60147 (NLL 4.04295 [logdet 1.20763, mahal 0.99744], L1 1.63270, Spectral 0.24541, Gradient 0.41101, Quantile 0.80045) | LR 1.00e-04
2026-06-27 06:18:30,419 INFO Epoch 20 | Batch 500/1186 | Loss 4.64604 (NLL 4.07879 [logdet 1.21747, mahal 1.02344], L1 1.65678, Spectral 0.24543, Gradient 0.41343, Quantile 0.83036) | LR 1.00e-04
2026-06-27 06:18:50,692 INFO Epoch 20 | Batch 550/1186 | Loss 4.67195 (NLL 4.09413 [logdet 1.23860, mahal 1.01766], L1 1.67358, Spectral 0.24496, Gradient 0.41581, Quantile 0.83016) | LR 1.00e-04
2026-06-27 06:19:10,969 INFO Epoch 20 | Batch 600/1186 | Loss 4.64805 (NLL 4.07338 [logdet 1.20779, mahal 1.02771], L1 1.66438, Spectral 0.24452, Gradient 0.41253, Quantile 0.82043) | LR 1.00e-04
2026-06-27 06:19:31,246 INFO Epoch 20 | Batch 650/1186 | Loss 4.69575 (NLL 4.13172 [logdet 1.26049, mahal 1.03335], L1 1.67584, Spectral 0.24759, Gradient 0.41305, Quantile 0.83579) | LR 1.00e-04
2026-06-27 06:19:51,521 INFO Epoch 20 | Batch 700/1186 | Loss 4.67631 (NLL 4.08480 [logdet 1.24256, mahal 1.00436], L1 1.66695, Spectral 0.25022, Gradient 0.42012, Quantile 0.82395) | LR 1.00e-04
2026-06-27 06:20:11,793 INFO Epoch 20 | Batch 750/1186 | Loss 4.68908 (NLL 4.10096 [logdet 1.24134, mahal 1.02174], L1 1.68110, Spectral 0.24807, Gradient 0.41538, Quantile 0.82656) | LR 1.00e-04
2026-06-27 06:20:32,057 INFO Epoch 20 | Batch 800/1186 | Loss 4.70115 (NLL 4.12872 [logdet 1.22943, mahal 1.06141], L1 1.68034, Spectral 0.24794, Gradient 0.41465, Quantile 0.83727) | LR 1.00e-04
2026-06-27 06:20:52,352 INFO Epoch 20 | Batch 850/1186 | Loss 4.61020 (NLL 4.05735 [logdet 1.25555, mahal 0.96393], L1 1.64682, Spectral 0.24036, Gradient 0.40921, Quantile 0.81586) | LR 1.00e-04
2026-06-27 06:21:12,652 INFO Epoch 20 | Batch 900/1186 | Loss 4.79865 (NLL 4.15415 [logdet 1.26437, mahal 1.05190], L1 1.74283, Spectral 0.25209, Gradient 0.42765, Quantile 0.86529) | LR 1.00e-04
2026-06-27 06:21:32,949 INFO Epoch 20 | Batch 950/1186 | Loss 4.74108 (NLL 4.12372 [logdet 1.26671, mahal 1.01913], L1 1.72249, Spectral 0.24829, Gradient 0.41421, Quantile 0.83870) | LR 1.00e-04
2026-06-27 06:21:53,250 INFO Epoch 20 | Batch 1000/1186 | Loss 4.61934 (NLL 4.04422 [logdet 1.20482, mahal 1.00152], L1 1.67499, Spectral 0.23604, Gradient 0.40604, Quantile 0.83454) | LR 1.00e-04
2026-06-27 06:22:13,548 INFO Epoch 20 | Batch 1050/1186 | Loss 4.61101 (NLL 4.04154 [logdet 1.17198, mahal 1.03168], L1 1.64211, Spectral 0.24551, Gradient 0.41160, Quantile 0.81438) | LR 1.00e-04
2026-06-27 06:22:33,844 INFO Epoch 20 | Batch 1100/1186 | Loss 4.61737 (NLL 4.06117 [logdet 1.22432, mahal 0.99898], L1 1.64604, Spectral 0.24201, Gradient 0.41165, Quantile 0.80161) | LR 1.00e-04
2026-06-27 06:22:54,149 INFO Epoch 20 | Batch 1150/1186 | Loss 4.70292 (NLL 4.12739 [logdet 1.26418, mahal 1.02534], L1 1.70222, Spectral 0.24052, Gradient 0.41109, Quantile 0.84541) | LR 1.00e-04
2026-06-27 06:23:42,984 INFO Epoch 20 | Val Loss 4.90891 (NLL 4.28261 [logdet 1.21852, mahal 1.22621], L1 1.79409, Spectral 0.25346, Gradient 0.41981, Quantile 0.83806)
2026-06-27 06:24:03,533 INFO Epoch 21 | Batch 50/1186 | Loss 4.63989 (NLL 4.04634 [logdet 1.19360, mahal 1.01486], L1 1.65082, Spectral 0.24902, Gradient 0.42156, Quantile 0.81420) | LR 1.00e-04
2026-06-27 06:24:23,839 INFO Epoch 21 | Batch 100/1186 | Loss 4.59097 (NLL 4.04212 [logdet 1.19403, mahal 1.01021], L1 1.62158, Spectral 0.24692, Gradient 0.40891, Quantile 0.81749) | LR 1.00e-04
2026-06-27 06:24:44,129 INFO Epoch 21 | Batch 150/1186 | Loss 4.56822 (NLL 4.00520 [logdet 1.14717, mahal 1.02015], L1 1.60749, Spectral 0.24982, Gradient 0.41241, Quantile 0.78823) | LR 1.00e-04
2026-06-27 06:25:04,406 INFO Epoch 21 | Batch 200/1186 | Loss 4.58173 (NLL 4.05596 [logdet 1.20022, mahal 1.01787], L1 1.62782, Spectral 0.23738, Gradient 0.40685, Quantile 0.82050) | LR 1.00e-04
2026-06-27 06:25:24,679 INFO Epoch 21 | Batch 250/1186 | Loss 4.69010 (NLL 4.10081 [logdet 1.24144, mahal 1.02150], L1 1.68584, Spectral 0.24487, Gradient 0.41845, Quantile 0.81937) | LR 1.00e-04
2026-06-27 06:25:44,961 INFO Epoch 21 | Batch 300/1186 | Loss 4.63056 (NLL 4.05833 [logdet 1.18491, mahal 1.03553], L1 1.65520, Spectral 0.24434, Gradient 0.41215, Quantile 0.82143) | LR 1.00e-04
2026-06-27 06:26:05,244 INFO Epoch 21 | Batch 350/1186 | Loss 4.62105 (NLL 4.04731 [logdet 1.17373, mahal 1.03571], L1 1.63989, Spectral 0.24695, Gradient 0.41770, Quantile 0.81507) | LR 1.00e-04
2026-06-27 06:26:25,516 INFO Epoch 21 | Batch 400/1186 | Loss 4.64094 (NLL 4.08171 [logdet 1.21824, mahal 1.02559], L1 1.64804, Spectral 0.24503, Gradient 0.41636, Quantile 0.81242) | LR 1.00e-04
2026-06-27 06:26:45,833 INFO Epoch 21 | Batch 450/1186 | Loss 4.60807 (NLL 4.04777 [logdet 1.20166, mahal 1.00823], L1 1.62985, Spectral 0.24751, Gradient 0.41350, Quantile 0.79499) | LR 1.00e-04
2026-06-27 06:27:06,152 INFO Epoch 21 | Batch 500/1186 | Loss 4.59426 (NLL 4.02260 [logdet 1.18964, mahal 0.99509], L1 1.63316, Spectral 0.24439, Gradient 0.41552, Quantile 0.81952) | LR 1.00e-04
2026-06-27 06:27:26,467 INFO Epoch 21 | Batch 550/1186 | Loss 4.65391 (NLL 4.09284 [logdet 1.21900, mahal 1.03596], L1 1.65907, Spectral 0.24467, Gradient 0.41360, Quantile 0.80504) | LR 1.00e-04
2026-06-27 06:27:46,782 INFO Epoch 21 | Batch 600/1186 | Loss 4.67673 (NLL 4.10087 [logdet 1.24951, mahal 1.01348], L1 1.66643, Spectral 0.24714, Gradient 0.41960, Quantile 0.81088) | LR 1.00e-04
2026-06-27 06:28:07,097 INFO Epoch 21 | Batch 650/1186 | Loss 4.60416 (NLL 4.05350 [logdet 1.18790, mahal 1.02771], L1 1.63616, Spectral 0.24328, Gradient 0.40953, Quantile 0.82076) | LR 1.00e-04
2026-06-27 06:28:27,399 INFO Epoch 21 | Batch 700/1186 | Loss 4.64176 (NLL 4.06546 [logdet 1.20973, mahal 1.01786], L1 1.66128, Spectral 0.24489, Gradient 0.41252, Quantile 0.83317) | LR 1.00e-04
2026-06-27 06:28:47,683 INFO Epoch 21 | Batch 750/1186 | Loss 4.60545 (NLL 4.05272 [logdet 1.21354, mahal 1.00130], L1 1.64040, Spectral 0.24067, Gradient 0.41243, Quantile 0.80988) | LR 1.00e-04
2026-06-27 06:29:07,957 INFO Epoch 21 | Batch 800/1186 | Loss 4.76130 (NLL 4.16824 [logdet 1.29110, mahal 1.03926], L1 1.72477, Spectral 0.24625, Gradient 0.41420, Quantile 0.85700) | LR 1.00e-04
2026-06-27 06:29:28,238 INFO Epoch 21 | Batch 850/1186 | Loss 4.58316 (NLL 4.02410 [logdet 1.16755, mahal 1.01867], L1 1.63099, Spectral 0.24217, Gradient 0.41072, Quantile 0.81459) | LR 1.00e-04
2026-06-27 06:29:48,519 INFO Epoch 21 | Batch 900/1186 | Loss 4.68458 (NLL 4.10707 [logdet 1.25564, mahal 1.01355], L1 1.68881, Spectral 0.24323, Gradient 0.41059, Quantile 0.83918) | LR 1.00e-04
2026-06-27 06:30:08,795 INFO Epoch 21 | Batch 950/1186 | Loss 4.62737 (NLL 4.08033 [logdet 1.24308, mahal 0.99938], L1 1.66377, Spectral 0.23682, Gradient 0.40559, Quantile 0.82309) | LR 1.00e-04
2026-06-27 06:30:29,088 INFO Epoch 21 | Batch 1000/1186 | Loss 4.60130 (NLL 4.04783 [logdet 1.19513, mahal 1.01482], L1 1.63465, Spectral 0.24312, Gradient 0.41131, Quantile 0.81840) | LR 1.00e-04
2026-06-27 06:30:49,393 INFO Epoch 21 | Batch 1050/1186 | Loss 4.62762 (NLL 4.06653 [logdet 1.20111, mahal 1.02755], L1 1.64751, Spectral 0.24631, Gradient 0.40872, Quantile 0.83162) | LR 1.00e-04
2026-06-27 06:31:09,697 INFO Epoch 21 | Batch 1100/1186 | Loss 4.63426 (NLL 4.08898 [logdet 1.24378, mahal 1.00732], L1 1.65691, Spectral 0.23990, Gradient 0.40838, Quantile 0.81234) | LR 1.00e-04
2026-06-27 06:31:29,983 INFO Epoch 21 | Batch 1150/1186 | Loss 4.70734 (NLL 4.11000 [logdet 1.25285, mahal 1.01927], L1 1.70061, Spectral 0.24524, Gradient 0.41562, Quantile 0.85723) | LR 1.00e-04
2026-06-27 06:32:18,826 INFO Epoch 21 | Val Loss 4.92903 (NLL 4.30659 [logdet 1.20481, mahal 1.26390], L1 1.80611, Spectral 0.25226, Gradient 0.41851, Quantile 0.98909)
2026-06-27 06:32:39,453 INFO Epoch 22 | Batch 50/1186 | Loss 4.58295 (NLL 4.01045 [logdet 1.17605, mahal 0.99652], L1 1.62488, Spectral 0.24648, Gradient 0.41416, Quantile 0.80294) | LR 1.00e-04
2026-06-27 06:32:59,760 INFO Epoch 22 | Batch 100/1186 | Loss 4.58788 (NLL 4.04448 [logdet 1.19074, mahal 1.01586], L1 1.62648, Spectral 0.24240, Gradient 0.40933, Quantile 0.81875) | LR 1.00e-04
2026-06-27 06:33:20,042 INFO Epoch 22 | Batch 150/1186 | Loss 4.55187 (NLL 4.01158 [logdet 1.13532, mahal 1.03838], L1 1.59406, Spectral 0.24678, Gradient 0.41276, Quantile 0.78871) | LR 1.00e-04
2026-06-27 06:33:40,330 INFO Epoch 22 | Batch 200/1186 | Loss 4.72117 (NLL 4.12446 [logdet 1.26553, mahal 1.02105], L1 1.69154, Spectral 0.24885, Gradient 0.42335, Quantile 0.82897) | LR 1.00e-04
2026-06-27 06:34:00,614 INFO Epoch 22 | Batch 250/1186 | Loss 4.58245 (NLL 4.02784 [logdet 1.17045, mahal 1.01952], L1 1.62755, Spectral 0.24260, Gradient 0.41066, Quantile 0.80735) | LR 1.00e-04
2026-06-27 06:34:20,896 INFO Epoch 22 | Batch 300/1186 | Loss 4.64698 (NLL 4.06505 [logdet 1.19941, mahal 1.02776], L1 1.66317, Spectral 0.24485, Gradient 0.41600, Quantile 0.82640) | LR 1.00e-04
2026-06-27 06:34:41,181 INFO Epoch 22 | Batch 350/1186 | Loss 4.57982 (NLL 4.05065 [logdet 1.17660, mahal 1.03618], L1 1.63449, Spectral 0.23596, Gradient 0.40406, Quantile 0.80179) | LR 1.00e-04
2026-06-27 06:35:01,471 INFO Epoch 22 | Batch 400/1186 | Loss 4.53969 (NLL 4.00092 [logdet 1.15288, mahal 1.01016], L1 1.60175, Spectral 0.24196, Gradient 0.40860, Quantile 0.79002) | LR 1.00e-04
2026-06-27 06:35:21,785 INFO Epoch 22 | Batch 450/1186 | Loss 4.63490 (NLL 4.06509 [logdet 1.20545, mahal 1.02176], L1 1.63784, Spectral 0.24897, Gradient 0.42032, Quantile 0.80908) | LR 1.00e-04
2026-06-27 06:35:42,097 INFO Epoch 22 | Batch 500/1186 | Loss 4.72537 (NLL 4.10444 [logdet 1.23258, mahal 1.03399], L1 1.69439, Spectral 0.25442, Gradient 0.42291, Quantile 0.83480) | LR 1.00e-04
2026-06-27 06:36:02,407 INFO Epoch 22 | Batch 550/1186 | Loss 4.58178 (NLL 4.04201 [logdet 1.20646, mahal 0.99768], L1 1.62396, Spectral 0.24036, Gradient 0.41124, Quantile 0.80122) | LR 1.00e-04
2026-06-27 06:36:22,715 INFO Epoch 22 | Batch 600/1186 | Loss 4.45837 (NLL 3.96690 [logdet 1.11819, mahal 1.01083], L1 1.55397, Spectral 0.23773, Gradient 0.40132, Quantile 0.76780) | LR 1.00e-04
2026-06-27 06:36:43,002 INFO Epoch 22 | Batch 650/1186 | Loss 4.55309 (NLL 4.02737 [logdet 1.14603, mahal 1.04346], L1 1.61704, Spectral 0.23815, Gradient 0.40184, Quantile 0.81187) | LR 1.00e-04
2026-06-27 06:37:03,297 INFO Epoch 22 | Batch 700/1186 | Loss 4.59838 (NLL 4.05281 [logdet 1.19154, mahal 1.02339], L1 1.62134, Spectral 0.24519, Gradient 0.41467, Quantile 0.80465) | LR 1.00e-04
2026-06-27 06:37:23,612 INFO Epoch 22 | Batch 750/1186 | Loss 4.60068 (NLL 4.04286 [logdet 1.22350, mahal 0.98148], L1 1.64549, Spectral 0.23939, Gradient 0.41028, Quantile 0.81123) | LR 1.00e-04
2026-06-27 06:37:43,928 INFO Epoch 22 | Batch 800/1186 | Loss 4.63136 (NLL 4.04891 [logdet 1.17635, mahal 1.03468], L1 1.64668, Spectral 0.24785, Gradient 0.41848, Quantile 0.81879) | LR 1.00e-04
2026-06-27 06:38:04,241 INFO Epoch 22 | Batch 850/1186 | Loss 4.59053 (NLL 4.05488 [logdet 1.21066, mahal 1.00634], L1 1.63384, Spectral 0.23852, Gradient 0.40771, Quantile 0.80879) | LR 1.00e-04
2026-06-27 06:38:24,560 INFO Epoch 22 | Batch 900/1186 | Loss 4.51002 (NLL 3.98222 [logdet 1.09967, mahal 1.04468], L1 1.56759, Spectral 0.24628, Gradient 0.41310, Quantile 0.77050) | LR 1.00e-04
2026-06-27 06:38:44,873 INFO Epoch 22 | Batch 950/1186 | Loss 4.61057 (NLL 4.05977 [logdet 1.19174, mahal 1.03016], L1 1.64701, Spectral 0.23914, Gradient 0.41072, Quantile 0.83006) | LR 1.00e-04
2026-06-27 06:39:05,186 INFO Epoch 22 | Batch 1000/1186 | Loss 4.55312 (NLL 4.02944 [logdet 1.17487, mahal 1.01670], L1 1.60550, Spectral 0.24168, Gradient 0.40476, Quantile 0.79214) | LR 1.00e-04
2026-06-27 06:39:25,501 INFO Epoch 22 | Batch 1050/1186 | Loss 4.57598 (NLL 4.01684 [logdet 1.18099, mahal 0.99798], L1 1.60575, Spectral 0.24969, Gradient 0.41624, Quantile 0.79856) | LR 1.00e-04
2026-06-27 06:39:45,816 INFO Epoch 22 | Batch 1100/1186 | Loss 4.69167 (NLL 4.10907 [logdet 1.20576, mahal 1.06543], L1 1.67732, Spectral 0.24642, Gradient 0.42101, Quantile 0.82933) | LR 1.00e-04
2026-06-27 06:40:06,127 INFO Epoch 22 | Batch 1150/1186 | Loss 4.61040 (NLL 4.05493 [logdet 1.22813, mahal 0.98892], L1 1.66058, Spectral 0.23561, Gradient 0.40704, Quantile 0.81788) | LR 1.00e-04
2026-06-27 06:40:54,963 INFO Epoch 22 | Val Loss 4.95946 (NLL 4.33275 [logdet 1.17743, mahal 1.31744], L1 1.81856, Spectral 0.25400, Gradient 0.41968, Quantile 0.98255)
2026-06-27 06:41:15,577 INFO Epoch 23 | Batch 50/1186 | Loss 4.58906 (NLL 4.01707 [logdet 1.20407, mahal 0.97512], L1 1.61365, Spectral 0.25098, Gradient 0.41848, Quantile 0.79875) | LR 1.00e-04
2026-06-27 06:41:35,888 INFO Epoch 23 | Batch 100/1186 | Loss 4.51694 (NLL 4.00737 [logdet 1.14445, mahal 1.02504], L1 1.58988, Spectral 0.23666, Gradient 0.40587, Quantile 0.79844) | LR 1.00e-04
2026-06-27 06:41:56,197 INFO Epoch 23 | Batch 150/1186 | Loss 4.55716 (NLL 4.02219 [logdet 1.14364, mahal 1.04068], L1 1.60304, Spectral 0.24444, Gradient 0.40886, Quantile 0.79789) | LR 1.00e-04
2026-06-27 06:42:16,522 INFO Epoch 23 | Batch 200/1186 | Loss 4.57213 (NLL 4.03977 [logdet 1.20370, mahal 0.99819], L1 1.61564, Spectral 0.23965, Gradient 0.41250, Quantile 0.80402) | LR 1.00e-04
2026-06-27 06:42:36,836 INFO Epoch 23 | Batch 250/1186 | Loss 4.55598 (NLL 4.01338 [logdet 1.15198, mahal 1.02352], L1 1.60820, Spectral 0.24296, Gradient 0.41003, Quantile 0.78549) | LR 1.00e-04
2026-06-27 06:42:57,157 INFO Epoch 23 | Batch 300/1186 | Loss 4.61994 (NLL 4.06076 [logdet 1.21808, mahal 1.00480], L1 1.64545, Spectral 0.23967, Gradient 0.41970, Quantile 0.81041) | LR 1.00e-04
2026-06-27 06:43:17,476 INFO Epoch 23 | Batch 350/1186 | Loss 4.62903 (NLL 4.06077 [logdet 1.19666, mahal 1.02623], L1 1.64504, Spectral 0.24605, Gradient 0.41578, Quantile 0.81329) | LR 1.00e-04
2026-06-27 06:43:37,792 INFO Epoch 23 | Batch 400/1186 | Loss 4.60722 (NLL 4.02665 [logdet 1.17498, mahal 1.01380], L1 1.64248, Spectral 0.24399, Gradient 0.41790, Quantile 0.81994) | LR 1.00e-04
2026-06-27 06:43:58,099 INFO Epoch 23 | Batch 450/1186 | Loss 4.53595 (NLL 4.00770 [logdet 1.15637, mahal 1.01346], L1 1.59463, Spectral 0.24096, Gradient 0.41065, Quantile 0.78059) | LR 1.00e-04
2026-06-27 06:44:18,417 INFO Epoch 23 | Batch 500/1186 | Loss 4.53848 (NLL 3.99702 [logdet 1.16749, mahal 0.99165], L1 1.59612, Spectral 0.24212, Gradient 0.41443, Quantile 0.80462) | LR 1.00e-04
2026-06-27 06:44:38,732 INFO Epoch 23 | Batch 550/1186 | Loss 4.63454 (NLL 4.07354 [logdet 1.16174, mahal 1.07393], L1 1.64739, Spectral 0.24563, Gradient 0.41354, Quantile 0.79822) | LR 1.00e-04
2026-06-27 06:44:59,055 INFO Epoch 23 | Batch 600/1186 | Loss 4.62482 (NLL 4.05888 [logdet 1.21144, mahal 1.00956], L1 1.65401, Spectral 0.24302, Gradient 0.41018, Quantile 0.81872) | LR 1.00e-04
2026-06-27 06:45:19,372 INFO Epoch 23 | Batch 650/1186 | Loss 4.53555 (NLL 3.99413 [logdet 1.11978, mahal 1.03647], L1 1.58311, Spectral 0.24823, Gradient 0.41303, Quantile 0.78563) | LR 1.00e-04
2026-06-27 06:45:39,681 INFO Epoch 23 | Batch 700/1186 | Loss 4.55036 (NLL 4.02059 [logdet 1.16282, mahal 1.01989], L1 1.60329, Spectral 0.24238, Gradient 0.40707, Quantile 0.79308) | LR 1.00e-04
2026-06-27 06:45:59,993 INFO Epoch 23 | Batch 750/1186 | Loss 4.52350 (NLL 3.98975 [logdet 1.15308, mahal 0.99879], L1 1.59818, Spectral 0.23945, Gradient 0.40694, Quantile 0.80138) | LR 1.00e-04
2026-06-27 06:46:20,453 INFO Epoch 23 | Batch 800/1186 | Loss 4.59332 (NLL 4.04459 [logdet 1.18582, mahal 1.02089], L1 1.62530, Spectral 0.24380, Gradient 0.41280, Quantile 0.80250) | LR 1.00e-04
2026-06-27 06:46:40,760 INFO Epoch 23 | Batch 850/1186 | Loss 4.62257 (NLL 4.05135 [logdet 1.20277, mahal 1.01070], L1 1.64667, Spectral 0.24519, Gradient 0.41429, Quantile 0.81043) | LR 1.00e-04
2026-06-27 06:47:01,080 INFO Epoch 23 | Batch 900/1186 | Loss 4.53242 (NLL 4.00884 [logdet 1.15185, mahal 1.01912], L1 1.59361, Spectral 0.24139, Gradient 0.40680, Quantile 0.78720) | LR 1.00e-04
2026-06-27 06:47:21,396 INFO Epoch 23 | Batch 950/1186 | Loss 4.56395 (NLL 4.01984 [logdet 1.17483, mahal 1.00714], L1 1.60870, Spectral 0.24189, Gradient 0.41632, Quantile 0.78955) | LR 1.00e-04
2026-06-27 06:47:41,705 INFO Epoch 23 | Batch 1000/1186 | Loss 4.52308 (NLL 3.98806 [logdet 1.12384, mahal 1.02634], L1 1.59336, Spectral 0.24323, Gradient 0.40427, Quantile 0.80014) | LR 1.00e-04
2026-06-27 06:48:02,021 INFO Epoch 23 | Batch 1050/1186 | Loss 4.58905 (NLL 4.02872 [logdet 1.15934, mahal 1.03151], L1 1.62747, Spectral 0.24407, Gradient 0.41369, Quantile 0.80742) | LR 1.00e-04
2026-06-27 06:48:22,351 INFO Epoch 23 | Batch 1100/1186 | Loss 4.54207 (NLL 4.01392 [logdet 1.15336, mahal 1.02268], L1 1.59906, Spectral 0.23797, Gradient 0.41541, Quantile 0.80787) | LR 1.00e-04
2026-06-27 06:48:42,665 INFO Epoch 23 | Batch 1150/1186 | Loss 4.59058 (NLL 4.04710 [logdet 1.19774, mahal 1.01148], L1 1.61713, Spectral 0.24575, Gradient 0.41282, Quantile 0.79280) | LR 1.00e-04
2026-06-27 06:49:31,531 INFO Epoch 23 | Val Loss 4.94677 (NLL 4.32159 [logdet 1.18504, mahal 1.29867], L1 1.81540, Spectral 0.25221, Gradient 0.41953, Quantile 0.95357)
2026-06-27 06:49:52,141 INFO Epoch 24 | Batch 50/1186 | Loss 4.48805 (NLL 3.97113 [logdet 1.14209, mahal 0.99116], L1 1.57399, Spectral 0.23900, Gradient 0.40600, Quantile 0.77592) | LR 1.00e-04
2026-06-27 06:50:12,461 INFO Epoch 24 | Batch 100/1186 | Loss 4.58802 (NLL 4.02429 [logdet 1.14396, mahal 1.04246], L1 1.63413, Spectral 0.24186, Gradient 0.41293, Quantile 0.81022) | LR 1.00e-04
2026-06-27 06:50:32,775 INFO Epoch 24 | Batch 150/1186 | Loss 4.48397 (NLL 3.97731 [logdet 1.12364, mahal 1.01579], L1 1.56458, Spectral 0.23877, Gradient 0.40864, Quantile 0.76840) | LR 1.00e-04
2026-06-27 06:50:53,076 INFO Epoch 24 | Batch 200/1186 | Loss 4.56262 (NLL 4.01515 [logdet 1.16088, mahal 1.01640], L1 1.60855, Spectral 0.24413, Gradient 0.41286, Quantile 0.80356) | LR 1.00e-04
2026-06-27 06:51:13,358 INFO Epoch 24 | Batch 250/1186 | Loss 4.57330 (NLL 4.02320 [logdet 1.15682, mahal 1.02849], L1 1.60494, Spectral 0.24503, Gradient 0.42092, Quantile 0.79716) | LR 1.00e-04
2026-06-27 06:51:33,634 INFO Epoch 24 | Batch 300/1186 | Loss 4.62221 (NLL 4.04255 [logdet 1.19127, mahal 1.01339], L1 1.63612, Spectral 0.24766, Gradient 0.42331, Quantile 0.80727) | LR 1.00e-04
2026-06-27 06:51:53,916 INFO Epoch 24 | Batch 350/1186 | Loss 4.50889 (NLL 3.99658 [logdet 1.14666, mahal 1.01205], L1 1.58310, Spectral 0.23989, Gradient 0.40321, Quantile 0.78998) | LR 1.00e-04
2026-06-27 06:52:14,196 INFO Epoch 24 | Batch 400/1186 | Loss 4.54981 (NLL 4.00334 [logdet 1.13805, mahal 1.02742], L1 1.60497, Spectral 0.24203, Gradient 0.41396, Quantile 0.78757) | LR 1.00e-04
2026-06-27 06:52:34,465 INFO Epoch 24 | Batch 450/1186 | Loss 4.57712 (NLL 4.02373 [logdet 1.16373, mahal 1.02212], L1 1.62308, Spectral 0.24163, Gradient 0.41382, Quantile 0.80166) | LR 1.00e-04
2026-06-27 06:52:54,735 INFO Epoch 24 | Batch 500/1186 | Loss 4.56489 (NLL 4.01292 [logdet 1.14372, mahal 1.03133], L1 1.61589, Spectral 0.24297, Gradient 0.41141, Quantile 0.80454) | LR 1.00e-04
2026-06-27 06:53:15,017 INFO Epoch 24 | Batch 550/1186 | Loss 4.52071 (NLL 3.99650 [logdet 1.15101, mahal 1.00762], L1 1.58958, Spectral 0.23975, Gradient 0.40870, Quantile 0.79098) | LR 1.00e-04
2026-06-27 06:53:35,314 INFO Epoch 24 | Batch 600/1186 | Loss 4.53918 (NLL 4.01275 [logdet 1.15546, mahal 1.01942], L1 1.59937, Spectral 0.23940, Gradient 0.40995, Quantile 0.78464) | LR 1.00e-04
2026-06-27 06:53:55,617 INFO Epoch 24 | Batch 650/1186 | Loss 4.49372 (NLL 3.96885 [logdet 1.12650, mahal 1.00448], L1 1.58332, Spectral 0.23678, Gradient 0.40813, Quantile 0.76995) | LR 1.00e-04
2026-06-27 06:54:15,901 INFO Epoch 24 | Batch 700/1186 | Loss 4.47336 (NLL 3.97302 [logdet 1.11782, mahal 1.01733], L1 1.56797, Spectral 0.23541, Gradient 0.40408, Quantile 0.78446) | LR 1.00e-04
2026-06-27 06:54:36,180 INFO Epoch 24 | Batch 750/1186 | Loss 4.49008 (NLL 3.99537 [logdet 1.14080, mahal 1.01670], L1 1.56443, Spectral 0.23875, Gradient 0.40600, Quantile 0.76322) | LR 1.00e-04
2026-06-27 06:54:56,483 INFO Epoch 24 | Batch 800/1186 | Loss 4.50598 (NLL 3.99427 [logdet 1.13657, mahal 1.01982], L1 1.57852, Spectral 0.23899, Gradient 0.40778, Quantile 0.79105) | LR 1.00e-04
2026-06-27 06:55:16,784 INFO Epoch 24 | Batch 850/1186 | Loss 4.53265 (NLL 3.99786 [logdet 1.13118, mahal 1.02881], L1 1.57922, Spectral 0.24746, Gradient 0.41375, Quantile 0.78873) | LR 1.00e-04
2026-06-27 06:55:37,091 INFO Epoch 24 | Batch 900/1186 | Loss 4.51030 (NLL 3.96911 [logdet 1.10364, mahal 1.02760], L1 1.56737, Spectral 0.24741, Gradient 0.41760, Quantile 0.78214) | LR 1.00e-04
2026-06-27 06:55:57,408 INFO Epoch 24 | Batch 950/1186 | Loss 4.52175 (NLL 3.97584 [logdet 1.12251, mahal 1.01545], L1 1.58116, Spectral 0.24646, Gradient 0.41404, Quantile 0.77866) | LR 1.00e-04
2026-06-27 06:56:17,724 INFO Epoch 24 | Batch 1000/1186 | Loss 4.44099 (NLL 3.96204 [logdet 1.11369, mahal 1.01048], L1 1.54008, Spectral 0.23808, Gradient 0.39957, Quantile 0.76907) | LR 1.00e-04
2026-06-27 06:56:38,037 INFO Epoch 24 | Batch 1050/1186 | Loss 4.54025 (NLL 4.00793 [logdet 1.15971, mahal 1.01034], L1 1.59652, Spectral 0.24261, Gradient 0.40948, Quantile 0.79052) | LR 1.00e-04
2026-06-27 06:56:58,361 INFO Epoch 24 | Batch 1100/1186 | Loss 4.58818 (NLL 4.05163 [logdet 1.16389, mahal 1.04986], L1 1.62736, Spectral 0.23920, Gradient 0.41187, Quantile 0.80023) | LR 1.00e-04
2026-06-27 06:57:18,678 INFO Epoch 24 | Batch 1150/1186 | Loss 4.66528 (NLL 4.06173 [logdet 1.21475, mahal 1.00910], L1 1.66627, Spectral 0.24992, Gradient 0.42188, Quantile 0.84430) | LR 1.00e-04
2026-06-27 06:58:07,535 INFO Epoch 24 | Val Loss 4.97241 (NLL 4.37638 [logdet 1.04086, mahal 1.49764], L1 1.80967, Spectral 0.25374, Gradient 0.42022, Quantile 0.94958)
2026-06-27 06:58:28,149 INFO Epoch 25 | Batch 50/1186 | Loss 4.57847 (NLL 4.04048 [logdet 1.17240, mahal 1.03020], L1 1.61972, Spectral 0.23998, Gradient 0.41365, Quantile 0.82222) | LR 1.00e-04
2026-06-27 06:58:48,425 INFO Epoch 25 | Batch 100/1186 | Loss 4.50341 (NLL 3.97483 [logdet 1.13852, mahal 0.99844], L1 1.57953, Spectral 0.23932, Gradient 0.41303, Quantile 0.78802) | LR 1.00e-04
2026-06-27 06:59:08,697 INFO Epoch 25 | Batch 150/1186 | Loss 4.52135 (NLL 3.99419 [logdet 1.14394, mahal 1.01238], L1 1.58596, Spectral 0.24181, Gradient 0.40969, Quantile 0.78510) | LR 1.00e-04
2026-06-27 06:59:28,993 INFO Epoch 25 | Batch 200/1186 | Loss 4.41094 (NLL 3.91530 [logdet 1.05830, mahal 1.01913], L1 1.52689, Spectral 0.23753, Gradient 0.40699, Quantile 0.74762) | LR 1.00e-04
2026-06-27 06:59:49,301 INFO Epoch 25 | Batch 250/1186 | Loss 4.47705 (NLL 3.95092 [logdet 1.09913, mahal 1.01391], L1 1.56195, Spectral 0.24207, Gradient 0.41046, Quantile 0.76911) | LR 1.00e-04
2026-06-27 07:00:09,614 INFO Epoch 25 | Batch 300/1186 | Loss 4.50407 (NLL 3.98864 [logdet 1.12275, mahal 1.02802], L1 1.58274, Spectral 0.23643, Gradient 0.40983, Quantile 0.78177) | LR 1.00e-04
2026-06-27 07:00:29,929 INFO Epoch 25 | Batch 350/1186 | Loss 4.49451 (NLL 3.98018 [logdet 1.12942, mahal 1.01288], L1 1.57375, Spectral 0.24014, Gradient 0.40575, Quantile 0.77834) | LR 1.00e-04
2026-06-27 07:00:50,241 INFO Epoch 25 | Batch 400/1186 | Loss 4.52679 (NLL 3.99093 [logdet 1.13508, mahal 1.01797], L1 1.58185, Spectral 0.24370, Gradient 0.41662, Quantile 0.79026) | LR 1.00e-04
2026-06-27 07:01:10,553 INFO Epoch 25 | Batch 450/1186 | Loss 4.49047 (NLL 4.00892 [logdet 1.13090, mahal 1.04015], L1 1.56048, Spectral 0.23793, Gradient 0.40534, Quantile 0.76813) | LR 1.00e-04
2026-06-27 07:01:30,867 INFO Epoch 25 | Batch 500/1186 | Loss 4.51989 (NLL 3.99075 [logdet 1.14531, mahal 1.00757], L1 1.58626, Spectral 0.24130, Gradient 0.41071, Quantile 0.77096) | LR 1.00e-04
2026-06-27 07:01:51,181 INFO Epoch 25 | Batch 550/1186 | Loss 4.40993 (NLL 3.92522 [logdet 1.07281, mahal 1.01453], L1 1.51680, Spectral 0.23744, Gradient 0.41115, Quantile 0.75788) | LR 1.00e-04
2026-06-27 07:02:11,493 INFO Epoch 25 | Batch 600/1186 | Loss 4.57768 (NLL 4.02719 [logdet 1.15182, mahal 1.03749], L1 1.60509, Spectral 0.24687, Gradient 0.41929, Quantile 0.79443) | LR 1.00e-04
2026-06-27 07:02:31,818 INFO Epoch 25 | Batch 650/1186 | Loss 4.58024 (NLL 4.02783 [logdet 1.14045, mahal 1.04951], L1 1.61715, Spectral 0.24437, Gradient 0.41495, Quantile 0.79476) | LR 1.00e-04
2026-06-27 07:02:52,122 INFO Epoch 25 | Batch 700/1186 | Loss 4.53723 (NLL 3.98341 [logdet 1.13845, mahal 1.00709], L1 1.58761, Spectral 0.24733, Gradient 0.41732, Quantile 0.79455) | LR 1.00e-04
2026-06-27 07:03:12,434 INFO Epoch 25 | Batch 750/1186 | Loss 4.45083 (NLL 3.95758 [logdet 1.06066, mahal 1.05905], L1 1.53714, Spectral 0.24135, Gradient 0.40736, Quantile 0.75359) | LR 1.00e-04
2026-06-27 07:03:32,746 INFO Epoch 25 | Batch 800/1186 | Loss 4.52293 (NLL 4.00367 [logdet 1.13316, mahal 1.03263], L1 1.58660, Spectral 0.23966, Gradient 0.41044, Quantile 0.79284) | LR 1.00e-04
2026-06-27 07:03:53,057 INFO Epoch 25 | Batch 850/1186 | Loss 4.48092 (NLL 3.96742 [logdet 1.13275, mahal 0.99680], L1 1.56540, Spectral 0.24001, Gradient 0.40714, Quantile 0.78781) | LR 1.00e-04
2026-06-27 07:04:13,366 INFO Epoch 25 | Batch 900/1186 | Loss 4.54114 (NLL 3.99543 [logdet 1.12425, mahal 1.03330], L1 1.60172, Spectral 0.24225, Gradient 0.41208, Quantile 0.78230) | LR 1.00e-04
2026-06-27 07:04:33,676 INFO Epoch 25 | Batch 950/1186 | Loss 4.42866 (NLL 3.93458 [logdet 1.08631, mahal 1.01039], L1 1.52816, Spectral 0.23848, Gradient 0.41163, Quantile 0.76196) | LR 1.00e-04
2026-06-27 07:04:53,983 INFO Epoch 25 | Batch 1000/1186 | Loss 4.45154 (NLL 3.94443 [logdet 1.07508, mahal 1.03147], L1 1.55523, Spectral 0.23722, Gradient 0.40541, Quantile 0.77683) | LR 1.00e-04
2026-06-27 07:05:14,311 INFO Epoch 25 | Batch 1050/1186 | Loss 4.52229 (NLL 3.98730 [logdet 1.12763, mahal 1.02179], L1 1.57796, Spectral 0.24642, Gradient 0.41221, Quantile 0.78326) | LR 1.00e-04
2026-06-27 07:05:34,609 INFO Epoch 25 | Batch 1100/1186 | Loss 4.44997 (NLL 3.95773 [logdet 1.09770, mahal 1.02215], L1 1.55010, Spectral 0.23614, Gradient 0.40465, Quantile 0.77099) | LR 1.00e-04
2026-06-27 07:05:54,930 INFO Epoch 25 | Batch 1150/1186 | Loss 4.54647 (NLL 4.01174 [logdet 1.16315, mahal 1.01071], L1 1.59971, Spectral 0.24210, Gradient 0.41160, Quantile 0.79412) | LR 1.00e-04
2026-06-27 07:06:43,797 INFO Epoch 25 | Val Loss 5.00517 (NLL 4.37171 [logdet 1.14258, mahal 1.39125], L1 1.83825, Spectral 0.25556, Gradient 0.42277, Quantile 0.99854)
2026-06-27 07:07:04,415 INFO Epoch 26 | Batch 50/1186 | Loss 4.35157 (NLL 3.88790 [logdet 1.03713, mahal 1.01290], L1 1.49812, Spectral 0.23105, Gradient 0.40396, Quantile 0.72875) | LR 1.00e-04
2026-06-27 07:07:24,724 INFO Epoch 26 | Batch 100/1186 | Loss 4.40397 (NLL 3.91268 [logdet 1.05404, mahal 1.02077], L1 1.52328, Spectral 0.23797, Gradient 0.40412, Quantile 0.75297) | LR 1.00e-04
2026-06-27 07:07:45,040 INFO Epoch 26 | Batch 150/1186 | Loss 4.48085 (NLL 3.95624 [logdet 1.07654, mahal 1.04182], L1 1.55761, Spectral 0.24289, Gradient 0.41407, Quantile 0.78047) | LR 1.00e-04
2026-06-27 07:08:05,356 INFO Epoch 26 | Batch 200/1186 | Loss 4.47721 (NLL 3.95566 [logdet 1.11269, mahal 1.00510], L1 1.54134, Spectral 0.24702, Gradient 0.41808, Quantile 0.76142) | LR 1.00e-04
2026-06-27 07:08:25,671 INFO Epoch 26 | Batch 250/1186 | Loss 4.47098 (NLL 3.94814 [logdet 1.10033, mahal 1.00993], L1 1.56510, Spectral 0.23938, Gradient 0.40842, Quantile 0.77486) | LR 1.00e-04
2026-06-27 07:08:45,983 INFO Epoch 26 | Batch 300/1186 | Loss 4.43610 (NLL 3.94420 [logdet 1.09438, mahal 1.01194], L1 1.54070, Spectral 0.23732, Gradient 0.40444, Quantile 0.76790) | LR 1.00e-04
2026-06-27 07:09:06,293 INFO Epoch 26 | Batch 350/1186 | Loss 4.37600 (NLL 3.89903 [logdet 1.04238, mahal 1.01878], L1 1.50506, Spectral 0.23785, Gradient 0.40153, Quantile 0.73850) | LR 1.00e-04
2026-06-27 07:09:26,605 INFO Epoch 26 | Batch 400/1186 | Loss 4.41307 (NLL 3.92930 [logdet 1.10809, mahal 0.98333], L1 1.50813, Spectral 0.24188, Gradient 0.41148, Quantile 0.75684) | LR 1.00e-04
2026-06-27 07:09:46,921 INFO Epoch 26 | Batch 450/1186 | Loss 4.47605 (NLL 3.95999 [logdet 1.08860, mahal 1.03351], L1 1.56433, Spectral 0.23881, Gradient 0.40952, Quantile 0.78017) | LR 1.00e-04
2026-06-27 07:10:07,233 INFO Epoch 26 | Batch 500/1186 | Loss 4.52938 (NLL 3.99076 [logdet 1.13531, mahal 1.01758], L1 1.58652, Spectral 0.24390, Gradient 0.41426, Quantile 0.77699) | LR 1.00e-04
2026-06-27 07:10:27,547 INFO Epoch 26 | Batch 550/1186 | Loss 4.52800 (NLL 3.98404 [logdet 1.14131, mahal 1.00485], L1 1.59052, Spectral 0.24132, Gradient 0.41763, Quantile 0.77309) | LR 1.00e-04
2026-06-27 07:10:47,856 INFO Epoch 26 | Batch 600/1186 | Loss 4.47738 (NLL 3.98655 [logdet 1.12520, mahal 1.02347], L1 1.57164, Spectral 0.23236, Gradient 0.40415, Quantile 0.77400) | LR 1.00e-04
2026-06-27 07:11:08,165 INFO Epoch 26 | Batch 650/1186 | Loss 4.48503 (NLL 3.97074 [logdet 1.10395, mahal 1.02891], L1 1.57477, Spectral 0.23861, Gradient 0.40333, Quantile 0.79692) | LR 1.00e-04
2026-06-27 07:11:28,479 INFO Epoch 26 | Batch 700/1186 | Loss 4.42574 (NLL 3.93472 [logdet 1.07531, mahal 1.02152], L1 1.53277, Spectral 0.23716, Gradient 0.40699, Quantile 0.75827) | LR 1.00e-04
2026-06-27 07:11:48,790 INFO Epoch 26 | Batch 750/1186 | Loss 4.45795 (NLL 3.92966 [logdet 1.08844, mahal 1.00334], L1 1.53960, Spectral 0.24573, Gradient 0.41634, Quantile 0.76096) | LR 1.00e-04
2026-06-27 07:12:09,101 INFO Epoch 26 | Batch 800/1186 | Loss 4.46121 (NLL 3.93970 [logdet 1.09156, mahal 1.01026], L1 1.54646, Spectral 0.24333, Gradient 0.41297, Quantile 0.76684) | LR 1.00e-04
2026-06-27 07:12:29,414 INFO Epoch 26 | Batch 850/1186 | Loss 4.53002 (NLL 3.99405 [logdet 1.15573, mahal 1.00044], L1 1.58653, Spectral 0.24259, Gradient 0.41599, Quantile 0.78236) | LR 1.00e-04
2026-06-27 07:12:49,721 INFO Epoch 26 | Batch 900/1186 | Loss 4.47497 (NLL 3.95062 [logdet 1.07441, mahal 1.03834], L1 1.55782, Spectral 0.24272, Gradient 0.41124, Quantile 0.76952) | LR 1.00e-04
2026-06-27 07:13:10,059 INFO Epoch 26 | Batch 950/1186 | Loss 4.50754 (NLL 3.97497 [logdet 1.13864, mahal 0.99845], L1 1.57100, Spectral 0.24330, Gradient 0.41703, Quantile 0.78649) | LR 1.00e-04
2026-06-27 07:13:30,398 INFO Epoch 26 | Batch 1000/1186 | Loss 4.53870 (NLL 4.00165 [logdet 1.11932, mahal 1.04445], L1 1.58526, Spectral 0.24558, Gradient 0.41578, Quantile 0.77419) | LR 1.00e-04
2026-06-27 07:13:50,724 INFO Epoch 26 | Batch 1050/1186 | Loss 4.46033 (NLL 3.95020 [logdet 1.10005, mahal 1.01227], L1 1.56315, Spectral 0.23745, Gradient 0.40299, Quantile 0.77753) | LR 1.00e-04
2026-06-27 07:14:11,049 INFO Epoch 26 | Batch 1100/1186 | Loss 4.44317 (NLL 3.95029 [logdet 1.07982, mahal 1.03259], L1 1.54736, Spectral 0.23613, Gradient 0.40433, Quantile 0.77114) | LR 1.00e-04
2026-06-27 07:14:31,373 INFO Epoch 26 | Batch 1150/1186 | Loss 4.60599 (NLL 4.04395 [logdet 1.17312, mahal 1.03296], L1 1.62198, Spectral 0.24619, Gradient 0.42363, Quantile 0.80175) | LR 1.00e-04
2026-06-27 07:15:20,286 INFO Epoch 26 | Val Loss 5.02347 (NLL 4.41492 [logdet 1.06253, mahal 1.51451], L1 1.83764, Spectral 0.25466, Gradient 0.42202, Quantile 0.97685)
2026-06-27 07:15:40,922 INFO Epoch 27 | Batch 50/1186 | Loss 4.37309 (NLL 3.88849 [logdet 1.03351, mahal 1.01710], L1 1.49866, Spectral 0.23938, Gradient 0.40685, Quantile 0.74068) | LR 1.00e-04
2026-06-27 07:16:01,244 INFO Epoch 27 | Batch 100/1186 | Loss 4.47479 (NLL 3.96589 [logdet 1.10702, mahal 1.02099], L1 1.56234, Spectral 0.23879, Gradient 0.40741, Quantile 0.77511) | LR 1.00e-04
2026-06-27 07:16:21,559 INFO Epoch 27 | Batch 150/1186 | Loss 4.36416 (NLL 3.90614 [logdet 1.05193, mahal 1.01633], L1 1.49377, Spectral 0.23459, Gradient 0.40426, Quantile 0.73728) | LR 1.00e-04
2026-06-27 07:16:41,866 INFO Epoch 27 | Batch 200/1186 | Loss 4.47750 (NLL 3.96344 [logdet 1.09754, mahal 1.02803], L1 1.54746, Spectral 0.24431, Gradient 0.41425, Quantile 0.76830) | LR 1.00e-04
2026-06-27 07:17:02,173 INFO Epoch 27 | Batch 250/1186 | Loss 4.49114 (NLL 3.97065 [logdet 1.09998, mahal 1.03280], L1 1.55523, Spectral 0.24452, Gradient 0.41599, Quantile 0.77175) | LR 1.00e-04
2026-06-27 07:17:22,486 INFO Epoch 27 | Batch 300/1186 | Loss 4.44567 (NLL 3.94685 [logdet 1.10360, mahal 1.00537], L1 1.54026, Spectral 0.23973, Gradient 0.40788, Quantile 0.75686) | LR 1.00e-04
2026-06-27 07:17:42,798 INFO Epoch 27 | Batch 350/1186 | Loss 4.41032 (NLL 3.90147 [logdet 1.03650, mahal 1.02709], L1 1.53029, Spectral 0.23877, Gradient 0.40726, Quantile 0.75130) | LR 1.00e-04
2026-06-27 07:18:03,112 INFO Epoch 27 | Batch 400/1186 | Loss 4.37943 (NLL 3.87291 [logdet 1.01776, mahal 1.01727], L1 1.50788, Spectral 0.24059, Gradient 0.40911, Quantile 0.74343) | LR 1.00e-04
2026-06-27 07:18:23,430 INFO Epoch 27 | Batch 450/1186 | Loss 4.43590 (NLL 3.90807 [logdet 1.04161, mahal 1.02858], L1 1.53861, Spectral 0.24317, Gradient 0.41169, Quantile 0.76391) | LR 1.00e-04
2026-06-27 07:18:43,740 INFO Epoch 27 | Batch 500/1186 | Loss 4.47358 (NLL 3.96417 [logdet 1.12537, mahal 1.00092], L1 1.54803, Spectral 0.24161, Gradient 0.41510, Quantile 0.77866) | LR 1.00e-04
2026-06-27 07:19:04,057 INFO Epoch 27 | Batch 550/1186 | Loss 4.55388 (NLL 4.01903 [logdet 1.18231, mahal 0.99885], L1 1.60718, Spectral 0.23875, Gradient 0.41490, Quantile 0.81025) | LR 1.00e-04
2026-06-27 07:19:24,358 INFO Epoch 27 | Batch 600/1186 | Loss 4.40678 (NLL 3.89531 [logdet 1.03246, mahal 1.02497], L1 1.53882, Spectral 0.23653, Gradient 0.40316, Quantile 0.75904) | LR 1.00e-04
2026-06-27 07:19:44,643 INFO Epoch 27 | Batch 650/1186 | Loss 4.38781 (NLL 3.89908 [logdet 1.04866, mahal 1.01255], L1 1.50171, Spectral 0.23912, Gradient 0.41354, Quantile 0.74664) | LR 1.00e-04
2026-06-27 07:20:04,939 INFO Epoch 27 | Batch 700/1186 | Loss 4.41313 (NLL 3.93581 [logdet 1.05803, mahal 1.03990], L1 1.51502, Spectral 0.23867, Gradient 0.40833, Quantile 0.75162) | LR 1.00e-04
2026-06-27 07:20:25,215 INFO Epoch 27 | Batch 750/1186 | Loss 4.47362 (NLL 3.95621 [logdet 1.10620, mahal 1.01213], L1 1.55385, Spectral 0.24154, Gradient 0.41351, Quantile 0.77543) | LR 1.00e-04
2026-06-27 07:20:45,486 INFO Epoch 27 | Batch 800/1186 | Loss 4.49496 (NLL 3.99662 [logdet 1.15855, mahal 1.00019], L1 1.55881, Spectral 0.24077, Gradient 0.41139, Quantile 0.76595) | LR 1.00e-04
2026-06-27 07:21:05,769 INFO Epoch 27 | Batch 850/1186 | Loss 4.35374 (NLL 3.88343 [logdet 1.04040, mahal 1.00515], L1 1.49343, Spectral 0.23529, Gradient 0.40406, Quantile 0.74649) | LR 1.00e-04
2026-06-27 07:21:26,055 INFO Epoch 27 | Batch 900/1186 | Loss 4.39610 (NLL 3.93773 [logdet 1.05171, mahal 1.04815], L1 1.50697, Spectral 0.23436, Gradient 0.40757, Quantile 0.73910) | LR 1.00e-04
2026-06-27 07:21:46,346 INFO Epoch 27 | Batch 950/1186 | Loss 4.43601 (NLL 3.93799 [logdet 1.07455, mahal 1.02556], L1 1.53628, Spectral 0.24006, Gradient 0.40600, Quantile 0.75080) | LR 1.00e-04
2026-06-27 07:22:06,628 INFO Epoch 27 | Batch 1000/1186 | Loss 4.40400 (NLL 3.93098 [logdet 1.06957, mahal 1.02354], L1 1.53051, Spectral 0.23048, Gradient 0.40369, Quantile 0.76194) | LR 1.00e-04
2026-06-27 07:22:26,944 INFO Epoch 27 | Batch 1050/1186 | Loss 4.38699 (NLL 3.87911 [logdet 1.04456, mahal 0.99667], L1 1.50753, Spectral 0.24059, Gradient 0.41375, Quantile 0.75716) | LR 1.00e-04
2026-06-27 07:22:47,260 INFO Epoch 27 | Batch 1100/1186 | Loss 4.45782 (NLL 3.93923 [logdet 1.08959, mahal 1.01176], L1 1.54941, Spectral 0.24049, Gradient 0.41288, Quantile 0.76091) | LR 1.00e-04
2026-06-27 07:23:07,580 INFO Epoch 27 | Batch 1150/1186 | Loss 4.43128 (NLL 3.91543 [logdet 1.07163, mahal 1.00592], L1 1.53139, Spectral 0.24338, Gradient 0.41023, Quantile 0.75959) | LR 1.00e-04
2026-06-27 07:23:56,481 INFO Epoch 27 | Val Loss 5.02181 (NLL 4.38604 [logdet 1.16242, mahal 1.38574], L1 1.84896, Spectral 0.25480, Gradient 0.42314, Quantile 0.94754)
2026-06-27 07:24:17,102 INFO Epoch 28 | Batch 50/1186 | Loss 4.35315 (NLL 3.87352 [logdet 1.04521, mahal 0.99043], L1 1.48353, Spectral 0.23954, Gradient 0.40912, Quantile 0.73806) | LR 1.00e-04
2026-06-27 07:24:37,413 INFO Epoch 28 | Batch 100/1186 | Loss 4.38072 (NLL 3.90139 [logdet 1.00416, mahal 1.05935], L1 1.50531, Spectral 0.23768, Gradient 0.40507, Quantile 0.73271) | LR 1.00e-04
2026-06-27 07:24:57,695 INFO Epoch 28 | Batch 150/1186 | Loss 4.33828 (NLL 3.87489 [logdet 1.01909, mahal 1.01793], L1 1.47492, Spectral 0.23813, Gradient 0.40530, Quantile 0.73199) | LR 1.00e-04
2026-06-27 07:25:17,989 INFO Epoch 28 | Batch 200/1186 | Loss 4.53021 (NLL 3.97767 [logdet 1.10875, mahal 1.03104], L1 1.57652, Spectral 0.24746, Gradient 0.42375, Quantile 0.78349) | LR 1.00e-04
2026-06-27 07:25:38,303 INFO Epoch 28 | Batch 250/1186 | Loss 4.42346 (NLL 3.93499 [logdet 1.09828, mahal 0.99883], L1 1.52043, Spectral 0.23992, Gradient 0.41091, Quantile 0.74035) | LR 1.00e-04
2026-06-27 07:25:58,614 INFO Epoch 28 | Batch 300/1186 | Loss 4.44643 (NLL 3.93261 [logdet 1.05832, mahal 1.03642], L1 1.53509, Spectral 0.24162, Gradient 0.41659, Quantile 0.75723) | LR 1.00e-04
2026-06-27 07:26:18,927 INFO Epoch 28 | Batch 350/1186 | Loss 4.32444 (NLL 3.88038 [logdet 1.00692, mahal 1.03558], L1 1.48062, Spectral 0.23098, Gradient 0.39846, Quantile 0.74559) | LR 1.00e-04
2026-06-27 07:26:39,237 INFO Epoch 28 | Batch 400/1186 | Loss 4.45733 (NLL 3.95089 [logdet 1.08630, mahal 1.02671], L1 1.54020, Spectral 0.24231, Gradient 0.41194, Quantile 0.75380) | LR 1.00e-04
2026-06-27 07:26:59,548 INFO Epoch 28 | Batch 450/1186 | Loss 4.39472 (NLL 3.91458 [logdet 1.08339, mahal 0.99332], L1 1.51501, Spectral 0.23524, Gradient 0.40785, Quantile 0.75101) | LR 1.00e-04
2026-06-27 07:27:19,855 INFO Epoch 28 | Batch 500/1186 | Loss 4.27155 (NLL 3.84943 [logdet 0.96625, mahal 1.04530], L1 1.44316, Spectral 0.23004, Gradient 0.40042, Quantile 0.70017) | LR 1.00e-04
2026-06-27 07:27:40,161 INFO Epoch 28 | Batch 550/1186 | Loss 4.42374 (NLL 3.92114 [logdet 1.05133, mahal 1.03194], L1 1.52873, Spectral 0.24084, Gradient 0.40797, Quantile 0.76179) | LR 1.00e-04
2026-06-27 07:28:00,470 INFO Epoch 28 | Batch 600/1186 | Loss 4.37055 (NLL 3.88193 [logdet 1.05641, mahal 0.98764], L1 1.49584, Spectral 0.23824, Gradient 0.41263, Quantile 0.74101) | LR 1.00e-04
2026-06-27 07:28:20,775 INFO Epoch 28 | Batch 650/1186 | Loss 4.45933 (NLL 3.94481 [logdet 1.08358, mahal 1.02336], L1 1.53534, Spectral 0.24387, Gradient 0.41829, Quantile 0.77660) | LR 1.00e-04
2026-06-27 07:28:41,080 INFO Epoch 28 | Batch 700/1186 | Loss 4.37320 (NLL 3.88894 [logdet 1.03643, mahal 1.01463], L1 1.50335, Spectral 0.23939, Gradient 0.40219, Quantile 0.74691) | LR 1.00e-04
2026-06-27 07:29:01,396 INFO Epoch 28 | Batch 750/1186 | Loss 4.35446 (NLL 3.88479 [logdet 1.01833, mahal 1.02859], L1 1.49068, Spectral 0.23659, Gradient 0.40409, Quantile 0.73550) | LR 1.00e-04
2026-06-27 07:29:21,706 INFO Epoch 28 | Batch 800/1186 | Loss 4.38083 (NLL 3.88269 [logdet 1.05552, mahal 0.98929], L1 1.50385, Spectral 0.24011, Gradient 0.41063, Quantile 0.74038) | LR 1.00e-04
2026-06-27 07:29:42,021 INFO Epoch 28 | Batch 850/1186 | Loss 4.42730 (NLL 3.91616 [logdet 1.04620, mahal 1.03208], L1 1.52318, Spectral 0.24321, Gradient 0.41429, Quantile 0.75129) | LR 1.00e-04
2026-06-27 07:30:02,338 INFO Epoch 28 | Batch 900/1186 | Loss 4.34611 (NLL 3.86344 [logdet 1.01889, mahal 1.00667], L1 1.49341, Spectral 0.23586, Gradient 0.40519, Quantile 0.75303) | LR 1.00e-04
2026-06-27 07:30:22,646 INFO Epoch 28 | Batch 950/1186 | Loss 4.41238 (NLL 3.92891 [logdet 1.08986, mahal 1.00117], L1 1.52935, Spectral 0.23271, Gradient 0.40933, Quantile 0.76284) | LR 1.00e-04
2026-06-27 07:30:42,955 INFO Epoch 28 | Batch 1000/1186 | Loss 4.51658 (NLL 3.98504 [logdet 1.11183, mahal 1.03534], L1 1.56465, Spectral 0.24651, Gradient 0.42043, Quantile 0.76753) | LR 1.00e-04
2026-06-27 07:31:03,264 INFO Epoch 28 | Batch 1050/1186 | Loss 4.38138 (NLL 3.89677 [logdet 1.05045, mahal 1.00845], L1 1.50368, Spectral 0.23831, Gradient 0.40821, Quantile 0.75501) | LR 1.00e-04
2026-06-27 07:31:23,576 INFO Epoch 28 | Batch 1100/1186 | Loss 4.44242 (NLL 3.93433 [logdet 1.06868, mahal 1.02777], L1 1.54944, Spectral 0.23521, Gradient 0.41120, Quantile 0.76423) | LR 1.00e-04
2026-06-27 07:31:43,886 INFO Epoch 28 | Batch 1150/1186 | Loss 4.38139 (NLL 3.89131 [logdet 1.03650, mahal 1.01693], L1 1.50433, Spectral 0.23980, Gradient 0.40717, Quantile 0.75235) | LR 1.00e-04
2026-06-27 07:32:32,734 INFO Epoch 28 | Val Loss 5.01738 (NLL 4.42968 [logdet 1.01731, mahal 1.57449], L1 1.82942, Spectral 0.25338, Gradient 0.41959, Quantile 1.02673)
2026-06-27 07:32:53,357 INFO Epoch 29 | Batch 50/1186 | Loss 4.30448 (NLL 3.83285 [logdet 0.98554, mahal 1.00943], L1 1.45541, Spectral 0.23844, Gradient 0.41116, Quantile 0.72580) | LR 1.00e-04
2026-06-27 07:33:13,668 INFO Epoch 29 | Batch 100/1186 | Loss 4.32664 (NLL 3.86451 [logdet 1.01873, mahal 1.00791], L1 1.48153, Spectral 0.23258, Gradient 0.40408, Quantile 0.73640) | LR 1.00e-04
2026-06-27 07:33:33,986 INFO Epoch 29 | Batch 150/1186 | Loss 4.30933 (NLL 3.84813 [logdet 0.99288, mahal 1.01737], L1 1.46152, Spectral 0.23701, Gradient 0.40549, Quantile 0.71479) | LR 1.00e-04
2026-06-27 07:33:54,300 INFO Epoch 29 | Batch 200/1186 | Loss 4.43650 (NLL 3.93139 [logdet 1.05709, mahal 1.03642], L1 1.52490, Spectral 0.24308, Gradient 0.41443, Quantile 0.76139) | LR 1.00e-04
2026-06-27 07:34:14,613 INFO Epoch 29 | Batch 250/1186 | Loss 4.33205 (NLL 3.86784 [logdet 1.00907, mahal 1.02089], L1 1.48476, Spectral 0.23511, Gradient 0.39938, Quantile 0.74019) | LR 1.00e-04
2026-06-27 07:34:34,929 INFO Epoch 29 | Batch 300/1186 | Loss 4.30406 (NLL 3.84206 [logdet 0.97499, mahal 1.02919], L1 1.46658, Spectral 0.23456, Gradient 0.40349, Quantile 0.72973) | LR 1.00e-04
2026-06-27 07:34:55,245 INFO Epoch 29 | Batch 350/1186 | Loss 4.37402 (NLL 3.91205 [logdet 1.07938, mahal 0.99479], L1 1.49175, Spectral 0.23676, Gradient 0.40843, Quantile 0.72845) | LR 1.00e-04
2026-06-27 07:35:15,558 INFO Epoch 29 | Batch 400/1186 | Loss 4.36689 (NLL 3.87627 [logdet 0.99525, mahal 1.04315], L1 1.48893, Spectral 0.24199, Gradient 0.41080, Quantile 0.72994) | LR 1.00e-04
2026-06-27 07:35:35,869 INFO Epoch 29 | Batch 450/1186 | Loss 4.41411 (NLL 3.91785 [logdet 1.08567, mahal 0.99431], L1 1.52402, Spectral 0.23850, Gradient 0.40961, Quantile 0.76400) | LR 1.00e-04
2026-06-27 07:35:56,186 INFO Epoch 29 | Batch 500/1186 | Loss 4.36224 (NLL 3.88158 [logdet 1.03340, mahal 1.01031], L1 1.49977, Spectral 0.23522, Gradient 0.40718, Quantile 0.74165) | LR 1.00e-04
2026-06-27 07:36:16,493 INFO Epoch 29 | Batch 550/1186 | Loss 4.40533 (NLL 3.91272 [logdet 1.04115, mahal 1.03370], L1 1.51620, Spectral 0.23766, Gradient 0.41289, Quantile 0.77266) | LR 1.00e-04
2026-06-27 07:36:36,806 INFO Epoch 29 | Batch 600/1186 | Loss 4.38791 (NLL 3.90329 [logdet 1.04700, mahal 1.01842], L1 1.50520, Spectral 0.23631, Gradient 0.41400, Quantile 0.74816) | LR 1.00e-04
2026-06-27 07:36:57,094 INFO Epoch 29 | Batch 650/1186 | Loss 4.33461 (NLL 3.86393 [logdet 1.02189, mahal 1.00416], L1 1.48721, Spectral 0.23324, Gradient 0.40521, Quantile 0.73120) | LR 1.00e-04
2026-06-27 07:37:17,370 INFO Epoch 29 | Batch 700/1186 | Loss 4.39868 (NLL 3.90307 [logdet 1.02770, mahal 1.03749], L1 1.50752, Spectral 0.24119, Gradient 0.41225, Quantile 0.74776) | LR 1.00e-04
2026-06-27 07:37:37,644 INFO Epoch 29 | Batch 750/1186 | Loss 4.34021 (NLL 3.86205 [logdet 1.01829, mahal 1.00588], L1 1.47930, Spectral 0.23704, Gradient 0.41136, Quantile 0.73061) | LR 1.00e-04
2026-06-27 07:37:57,918 INFO Epoch 29 | Batch 800/1186 | Loss 4.38222 (NLL 3.89199 [logdet 1.04606, mahal 1.00805], L1 1.49774, Spectral 0.24269, Gradient 0.40808, Quantile 0.74928) | LR 1.00e-04
2026-06-27 07:38:18,191 INFO Epoch 29 | Batch 850/1186 | Loss 4.34246 (NLL 3.87729 [logdet 1.00276, mahal 1.03666], L1 1.47459, Spectral 0.23919, Gradient 0.40632, Quantile 0.71737) | LR 1.00e-04
2026-06-27 07:38:38,470 INFO Epoch 29 | Batch 900/1186 | Loss 4.35471 (NLL 3.88158 [logdet 1.02768, mahal 1.01602], L1 1.49220, Spectral 0.23616, Gradient 0.40530, Quantile 0.74258) | LR 1.00e-04
2026-06-27 07:38:58,751 INFO Epoch 29 | Batch 950/1186 | Loss 4.38029 (NLL 3.89802 [logdet 1.05582, mahal 1.00433], L1 1.50169, Spectral 0.23845, Gradient 0.40819, Quantile 0.73895) | LR 1.00e-04
2026-06-27 07:39:19,031 INFO Epoch 29 | Batch 1000/1186 | Loss 4.36903 (NLL 3.88935 [logdet 1.04314, mahal 1.00834], L1 1.48817, Spectral 0.24047, Gradient 0.41041, Quantile 0.73728) | LR 1.00e-04
2026-06-27 07:39:39,318 INFO Epoch 29 | Batch 1050/1186 | Loss 4.40615 (NLL 3.89946 [logdet 1.01989, mahal 1.04170], L1 1.51617, Spectral 0.24076, Gradient 0.41374, Quantile 0.73929) | LR 1.00e-04
2026-06-27 07:39:59,594 INFO Epoch 29 | Batch 1100/1186 | Loss 4.42254 (NLL 3.90989 [logdet 1.09388, mahal 0.97813], L1 1.52846, Spectral 0.24030, Gradient 0.41362, Quantile 0.76580) | LR 1.00e-04
2026-06-27 07:40:19,869 INFO Epoch 29 | Batch 1150/1186 | Loss 4.31579 (NLL 3.85048 [logdet 0.98812, mahal 1.02449], L1 1.47852, Spectral 0.23365, Gradient 0.40108, Quantile 0.73235) | LR 1.00e-04
2026-06-27 07:41:08,700 INFO Epoch 29 | Val Loss 5.05324 (NLL 4.49111 [logdet 0.93826, mahal 1.71497], L1 1.83689, Spectral 0.25275, Gradient 0.41863, Quantile 0.99625)
2026-06-27 07:41:29,263 INFO Epoch 30 | Batch 50/1186 | Loss 4.28419 (NLL 3.81588 [logdet 0.95456, mahal 1.02344], L1 1.44116, Spectral 0.24008, Gradient 0.41016, Quantile 0.71730) | LR 1.00e-04
2026-06-27 07:41:49,539 INFO Epoch 30 | Batch 100/1186 | Loss 4.37056 (NLL 3.87859 [logdet 1.00536, mahal 1.03535], L1 1.49496, Spectral 0.23904, Gradient 0.41346, Quantile 0.73841) | LR 1.00e-04
2026-06-27 07:42:09,824 INFO Epoch 30 | Batch 150/1186 | Loss 4.25025 (NLL 3.80260 [logdet 0.94902, mahal 1.01571], L1 1.43807, Spectral 0.23340, Gradient 0.40049, Quantile 0.71636) | LR 1.00e-04
2026-06-27 07:42:30,075 INFO Epoch 30 | Batch 200/1186 | Loss 4.32607 (NLL 3.84668 [logdet 0.99808, mahal 1.01072], L1 1.47274, Spectral 0.24008, Gradient 0.40522, Quantile 0.74371) | LR 1.00e-04
2026-06-27 07:42:50,325 INFO Epoch 30 | Batch 250/1186 | Loss 4.33739 (NLL 3.86597 [logdet 1.01651, mahal 1.01158], L1 1.47320, Spectral 0.23709, Gradient 0.41254, Quantile 0.72708) | LR 1.00e-04
2026-06-27 07:43:10,578 INFO Epoch 30 | Batch 300/1186 | Loss 4.35738 (NLL 3.87876 [logdet 1.03625, mahal 1.00464], L1 1.49569, Spectral 0.23534, Gradient 0.40754, Quantile 0.73035) | LR 1.00e-04
2026-06-27 07:43:30,834 INFO Epoch 30 | Batch 350/1186 | Loss 4.34372 (NLL 3.88299 [logdet 1.03643, mahal 1.00868], L1 1.48182, Spectral 0.23362, Gradient 0.40924, Quantile 0.73641) | LR 1.00e-04
2026-06-27 07:43:51,077 INFO Epoch 30 | Batch 400/1186 | Loss 4.49870 (NLL 3.97699 [logdet 1.09457, mahal 1.04453], L1 1.55970, Spectral 0.24082, Gradient 0.42352, Quantile 0.77865) | LR 1.00e-04
2026-06-27 07:44:11,325 INFO Epoch 30 | Batch 450/1186 | Loss 4.26980 (NLL 3.81707 [logdet 0.98961, mahal 0.98958], L1 1.44021, Spectral 0.23644, Gradient 0.40409, Quantile 0.71411) | LR 1.00e-04
2026-06-27 07:44:31,573 INFO Epoch 30 | Batch 500/1186 | Loss 4.31440 (NLL 3.82847 [logdet 0.97458, mahal 1.01601], L1 1.45581, Spectral 0.24337, Gradient 0.41235, Quantile 0.72068) | LR 1.00e-04
2026-06-27 07:44:51,831 INFO Epoch 30 | Batch 550/1186 | Loss 4.33078 (NLL 3.84918 [logdet 1.00351, mahal 1.00779], L1 1.48038, Spectral 0.23713, Gradient 0.40725, Quantile 0.73673) | LR 1.00e-04
2026-06-27 07:45:12,079 INFO Epoch 30 | Batch 600/1186 | Loss 4.29653 (NLL 3.85030 [logdet 0.99494, mahal 1.01748], L1 1.45168, Spectral 0.23548, Gradient 0.40474, Quantile 0.72028) | LR 1.00e-04
2026-06-27 07:45:32,363 INFO Epoch 30 | Batch 650/1186 | Loss 4.38207 (NLL 3.89913 [logdet 1.04124, mahal 1.02001], L1 1.50524, Spectral 0.23579, Gradient 0.41141, Quantile 0.74643) | LR 1.00e-04
2026-06-27 07:45:52,639 INFO Epoch 30 | Batch 700/1186 | Loss 4.31909 (NLL 3.84491 [logdet 0.98975, mahal 1.01728], L1 1.46825, Spectral 0.23960, Gradient 0.40466, Quantile 0.72865) | LR 1.00e-04
2026-06-27 07:46:12,944 INFO Epoch 30 | Batch 750/1186 | Loss 4.37926 (NLL 3.90054 [logdet 1.05004, mahal 1.01263], L1 1.50748, Spectral 0.23627, Gradient 0.40487, Quantile 0.74662) | LR 1.00e-04
2026-06-27 07:46:33,230 INFO Epoch 30 | Batch 800/1186 | Loss 4.37041 (NLL 3.87730 [logdet 1.01318, mahal 1.02624], L1 1.49181, Spectral 0.24135, Gradient 0.41224, Quantile 0.74274) | LR 1.00e-04
2026-06-27 07:46:53,500 INFO Epoch 30 | Batch 850/1186 | Loss 4.30266 (NLL 3.87107 [logdet 1.03504, mahal 0.99816], L1 1.45890, Spectral 0.23267, Gradient 0.39943, Quantile 0.73236) | LR 1.00e-04
2026-06-27 07:47:13,752 INFO Epoch 30 | Batch 900/1186 | Loss 4.26278 (NLL 3.81089 [logdet 0.95229, mahal 1.02073], L1 1.44173, Spectral 0.23393, Gradient 0.40396, Quantile 0.69998) | LR 1.00e-04
2026-06-27 07:47:33,999 INFO Epoch 30 | Batch 950/1186 | Loss 4.24991 (NLL 3.80359 [logdet 0.96942, mahal 0.99630], L1 1.43934, Spectral 0.23164, Gradient 0.40207, Quantile 0.72094) | LR 1.00e-04
2026-06-27 07:47:54,269 INFO Epoch 30 | Batch 1000/1186 | Loss 4.34609 (NLL 3.88636 [logdet 1.02200, mahal 1.02649], L1 1.49784, Spectral 0.23150, Gradient 0.39876, Quantile 0.72879) | LR 1.00e-04
2026-06-27 07:48:14,538 INFO Epoch 30 | Batch 1050/1186 | Loss 4.31115 (NLL 3.86152 [logdet 1.01877, mahal 1.00488], L1 1.46048, Spectral 0.23546, Gradient 0.40498, Quantile 0.72540) | LR 1.00e-04
2026-06-27 07:48:34,804 INFO Epoch 30 | Batch 1100/1186 | Loss 4.37458 (NLL 3.89101 [logdet 1.03381, mahal 1.01933], L1 1.49570, Spectral 0.23694, Gradient 0.41494, Quantile 0.73702) | LR 1.00e-04
2026-06-27 07:48:55,071 INFO Epoch 30 | Batch 1150/1186 | Loss 4.39948 (NLL 3.88003 [logdet 1.01680, mahal 1.02535], L1 1.50369, Spectral 0.24512, Gradient 0.41979, Quantile 0.74147) | LR 1.00e-04
2026-06-27 07:49:43,715 INFO Epoch 30 | Val Loss 5.14833 (NLL 4.52516 [logdet 1.05483, mahal 1.63245], L1 1.89647, Spectral 0.25761, Gradient 0.42652, Quantile 0.91993)
2026-06-27 07:50:04,370 INFO Epoch 31 | Batch 50/1186 | Loss 4.26101 (NLL 3.79019 [logdet 0.93263, mahal 1.01967], L1 1.43171, Spectral 0.23920, Gradient 0.41112, Quantile 0.71366) | LR 1.00e-04
2026-06-27 07:50:24,689 INFO Epoch 31 | Batch 100/1186 | Loss 4.32059 (NLL 3.84594 [logdet 0.97247, mahal 1.03559], L1 1.47435, Spectral 0.23554, Gradient 0.40807, Quantile 0.72364) | LR 1.00e-04
2026-06-27 07:50:45,009 INFO Epoch 31 | Batch 150/1186 | Loss 4.28832 (NLL 3.83715 [logdet 0.99897, mahal 1.00030], L1 1.45274, Spectral 0.23413, Gradient 0.40490, Quantile 0.72641) | LR 1.00e-04
2026-06-27 07:51:05,324 INFO Epoch 31 | Batch 200/1186 | Loss 4.20199 (NLL 3.77283 [logdet 0.93372, mahal 1.00124], L1 1.39537, Spectral 0.23722, Gradient 0.40165, Quantile 0.69941) | LR 1.00e-04
2026-06-27 07:51:25,635 INFO Epoch 31 | Batch 250/1186 | Loss 4.20690 (NLL 3.79013 [logdet 0.92586, mahal 1.02640], L1 1.41067, Spectral 0.22918, Gradient 0.39977, Quantile 0.68974) | LR 1.00e-04
2026-06-27 07:51:45,951 INFO Epoch 31 | Batch 300/1186 | Loss 4.21669 (NLL 3.78399 [logdet 0.93145, mahal 1.01466], L1 1.42589, Spectral 0.22784, Gradient 0.40023, Quantile 0.70538) | LR 1.00e-04
2026-06-27 07:52:06,266 INFO Epoch 31 | Batch 350/1186 | Loss 4.31367 (NLL 3.85895 [logdet 1.00336, mahal 1.01771], L1 1.46203, Spectral 0.23582, Gradient 0.40642, Quantile 0.73194) | LR 1.00e-04
2026-06-27 07:52:26,586 INFO Epoch 31 | Batch 400/1186 | Loss 4.43141 (NLL 3.94331 [logdet 1.06895, mahal 1.03649], L1 1.53515, Spectral 0.23393, Gradient 0.41265, Quantile 0.74125) | LR 1.00e-04
2026-06-27 07:52:46,896 INFO Epoch 31 | Batch 450/1186 | Loss 4.27940 (NLL 3.82078 [logdet 0.98614, mahal 0.99676], L1 1.44741, Spectral 0.23577, Gradient 0.40597, Quantile 0.71891) | LR 1.00e-04
2026-06-27 07:53:07,213 INFO Epoch 31 | Batch 500/1186 | Loss 4.30134 (NLL 3.85312 [logdet 0.99632, mahal 1.01892], L1 1.46168, Spectral 0.23239, Gradient 0.40469, Quantile 0.72299) | LR 1.00e-04
2026-06-27 07:53:27,523 INFO Epoch 31 | Batch 550/1186 | Loss 4.25756 (NLL 3.80993 [logdet 0.97125, mahal 1.00081], L1 1.45233, Spectral 0.22699, Gradient 0.40338, Quantile 0.72407) | LR 1.00e-04
2026-06-27 07:53:47,841 INFO Epoch 31 | Batch 600/1186 | Loss 4.31439 (NLL 3.86116 [logdet 1.00667, mahal 1.01661], L1 1.45803, Spectral 0.23806, Gradient 0.40530, Quantile 0.72461) | LR 1.00e-04
2026-06-27 07:54:08,152 INFO Epoch 31 | Batch 650/1186 | Loss 4.31640 (NLL 3.83534 [logdet 0.97358, mahal 1.02388], L1 1.46451, Spectral 0.23976, Gradient 0.40997, Quantile 0.73264) | LR 1.00e-04
2026-06-27 07:54:28,464 INFO Epoch 31 | Batch 700/1186 | Loss 4.28633 (NLL 3.82315 [logdet 0.95988, mahal 1.02539], L1 1.44531, Spectral 0.23782, Gradient 0.40935, Quantile 0.70584) | LR 1.00e-04
2026-06-27 07:54:48,780 INFO Epoch 31 | Batch 750/1186 | Loss 4.39426 (NLL 3.89821 [logdet 1.02531, mahal 1.03502], L1 1.51590, Spectral 0.23786, Gradient 0.40908, Quantile 0.77084) | LR 1.00e-04
2026-06-27 07:55:09,091 INFO Epoch 31 | Batch 800/1186 | Loss 4.33174 (NLL 3.85054 [logdet 1.00401, mahal 1.00865], L1 1.46206, Spectral 0.24283, Gradient 0.41350, Quantile 0.72507) | LR 1.00e-04
2026-06-27 07:55:29,400 INFO Epoch 31 | Batch 850/1186 | Loss 4.35417 (NLL 3.86105 [logdet 0.98692, mahal 1.03626], L1 1.48115, Spectral 0.24133, Gradient 0.41475, Quantile 0.74263) | LR 1.00e-04
2026-06-27 07:55:49,713 INFO Epoch 31 | Batch 900/1186 | Loss 4.29485 (NLL 3.83854 [logdet 1.00231, mahal 0.99835], L1 1.44992, Spectral 0.23777, Gradient 0.40579, Quantile 0.71002) | LR 1.00e-04
2026-06-27 07:56:10,029 INFO Epoch 31 | Batch 950/1186 | Loss 4.34302 (NLL 3.84428 [logdet 1.00466, mahal 1.00175], L1 1.47927, Spectral 0.24228, Gradient 0.41193, Quantile 0.72545) | LR 1.00e-04
2026-06-27 07:56:30,345 INFO Epoch 31 | Batch 1000/1186 | Loss 4.31811 (NLL 3.84837 [logdet 0.96366, mahal 1.04684], L1 1.46207, Spectral 0.23813, Gradient 0.41104, Quantile 0.72087) | LR 1.00e-04
2026-06-27 07:56:50,660 INFO Epoch 31 | Batch 1050/1186 | Loss 4.31020 (NLL 3.83673 [logdet 0.96357, mahal 1.03528], L1 1.45899, Spectral 0.23856, Gradient 0.41111, Quantile 0.73450) | LR 1.00e-04
2026-06-27 07:57:10,965 INFO Epoch 31 | Batch 1100/1186 | Loss 4.26291 (NLL 3.81451 [logdet 0.98177, mahal 0.99487], L1 1.43728, Spectral 0.23332, Gradient 0.40789, Quantile 0.71022) | LR 1.00e-04
2026-06-27 07:57:31,273 INFO Epoch 31 | Batch 1150/1186 | Loss 4.27491 (NLL 3.82773 [logdet 0.95981, mahal 1.03004], L1 1.44080, Spectral 0.23634, Gradient 0.40349, Quantile 0.70827) | LR 1.00e-04
2026-06-27 07:58:20,143 INFO Epoch 31 | Val Loss 5.11283 (NLL 4.52552 [logdet 0.96106, mahal 1.72659], L1 1.86654, Spectral 0.25606, Gradient 0.42413, Quantile 0.92116)
2026-06-27 07:58:40,800 INFO Epoch 32 | Batch 50/1186 | Loss 4.24970 (NLL 3.79963 [logdet 0.94651, mahal 1.01524], L1 1.42824, Spectral 0.23378, Gradient 0.41012, Quantile 0.71592) | LR 1.00e-04
2026-06-27 07:59:01,110 INFO Epoch 32 | Batch 100/1186 | Loss 4.15861 (NLL 3.73794 [logdet 0.89420, mahal 1.00586], L1 1.38139, Spectral 0.23213, Gradient 0.40056, Quantile 0.69454) | LR 1.00e-04
2026-06-27 07:59:21,416 INFO Epoch 32 | Batch 150/1186 | Loss 4.22293 (NLL 3.78779 [logdet 0.91999, mahal 1.02992], L1 1.41509, Spectral 0.23385, Gradient 0.40253, Quantile 0.69766) | LR 1.00e-04
2026-06-27 07:59:41,728 INFO Epoch 32 | Batch 200/1186 | Loss 4.27263 (NLL 3.81827 [logdet 0.96558, mahal 1.01482], L1 1.43495, Spectral 0.23683, Gradient 0.41050, Quantile 0.70453) | LR 1.00e-04
2026-06-27 08:00:02,035 INFO Epoch 32 | Batch 250/1186 | Loss 4.25577 (NLL 3.80796 [logdet 0.94836, mahal 1.02173], L1 1.44242, Spectral 0.23270, Gradient 0.40045, Quantile 0.73119) | LR 1.00e-04
2026-06-27 08:00:22,347 INFO Epoch 32 | Batch 300/1186 | Loss 4.32497 (NLL 3.84654 [logdet 0.99782, mahal 1.01085], L1 1.47577, Spectral 0.23693, Gradient 0.40777, Quantile 0.72510) | LR 1.00e-04
2026-06-27 08:00:42,665 INFO Epoch 32 | Batch 350/1186 | Loss 4.25237 (NLL 3.81107 [logdet 0.93062, mahal 1.04257], L1 1.42886, Spectral 0.23428, Gradient 0.40552, Quantile 0.71122) | LR 1.00e-04
2026-06-27 08:01:02,971 INFO Epoch 32 | Batch 400/1186 | Loss 4.28699 (NLL 3.83053 [logdet 0.98935, mahal 1.00330], L1 1.45199, Spectral 0.23398, Gradient 0.40785, Quantile 0.72438) | LR 1.00e-04
2026-06-27 08:01:23,280 INFO Epoch 32 | Batch 450/1186 | Loss 4.23142 (NLL 3.78492 [logdet 0.94710, mahal 0.99994], L1 1.41233, Spectral 0.23691, Gradient 0.40849, Quantile 0.69045) | LR 1.00e-04
2026-06-27 08:01:43,585 INFO Epoch 32 | Batch 500/1186 | Loss 4.19791 (NLL 3.76167 [logdet 0.92468, mahal 0.99911], L1 1.40963, Spectral 0.23206, Gradient 0.39993, Quantile 0.70229) | LR 1.00e-04
2026-06-27 08:02:03,876 INFO Epoch 32 | Batch 550/1186 | Loss 4.30391 (NLL 3.82046 [logdet 0.94345, mahal 1.03914], L1 1.45847, Spectral 0.24002, Gradient 0.41039, Quantile 0.72044) | LR 1.00e-04
2026-06-27 08:02:24,147 INFO Epoch 32 | Batch 600/1186 | Loss 4.23182 (NLL 3.79040 [logdet 0.95950, mahal 0.99303], L1 1.43521, Spectral 0.22843, Gradient 0.40155, Quantile 0.71112) | LR 1.00e-04
2026-06-27 08:02:44,423 INFO Epoch 32 | Batch 650/1186 | Loss 4.27172 (NLL 3.82617 [logdet 0.94717, mahal 1.04112], L1 1.43380, Spectral 0.23795, Gradient 0.40462, Quantile 0.72028) | LR 1.00e-04
2026-06-27 08:03:04,694 INFO Epoch 32 | Batch 700/1186 | Loss 4.30217 (NLL 3.82561 [logdet 0.95823, mahal 1.02950], L1 1.45807, Spectral 0.23802, Gradient 0.41073, Quantile 0.71375) | LR 1.00e-04
2026-06-27 08:03:24,999 INFO Epoch 32 | Batch 750/1186 | Loss 4.31654 (NLL 3.85432 [logdet 1.00316, mahal 1.01327], L1 1.45868, Spectral 0.23925, Gradient 0.40763, Quantile 0.72876) | LR 1.00e-04
2026-06-27 08:03:45,317 INFO Epoch 32 | Batch 800/1186 | Loss 4.21920 (NLL 3.76348 [logdet 0.90706, mahal 1.01854], L1 1.40802, Spectral 0.23899, Gradient 0.40694, Quantile 0.69154) | LR 1.00e-04
2026-06-27 08:04:05,637 INFO Epoch 32 | Batch 850/1186 | Loss 4.35682 (NLL 3.87973 [logdet 0.99437, mahal 1.04748], L1 1.48409, Spectral 0.23908, Gradient 0.41007, Quantile 0.74476) | LR 1.00e-04
2026-06-27 08:04:25,957 INFO Epoch 32 | Batch 900/1186 | Loss 4.17464 (NLL 3.76004 [logdet 0.93321, mahal 0.98895], L1 1.39382, Spectral 0.23088, Gradient 0.39593, Quantile 0.67883) | LR 1.00e-04
2026-06-27 08:04:46,279 INFO Epoch 32 | Batch 950/1186 | Loss 4.28343 (NLL 3.82804 [logdet 0.99817, mahal 0.99200], L1 1.45670, Spectral 0.23144, Gradient 0.40627, Quantile 0.72584) | LR 1.00e-04
2026-06-27 08:05:06,588 INFO Epoch 32 | Batch 1000/1186 | Loss 4.28059 (NLL 3.82125 [logdet 0.97747, mahal 1.00590], L1 1.44506, Spectral 0.23496, Gradient 0.41084, Quantile 0.71413) | LR 1.00e-04
2026-06-27 08:05:26,899 INFO Epoch 32 | Batch 1050/1186 | Loss 4.20290 (NLL 3.77456 [logdet 0.90890, mahal 1.02778], L1 1.40969, Spectral 0.22969, Gradient 0.40331, Quantile 0.70025) | LR 1.00e-04
2026-06-27 08:05:47,207 INFO Epoch 32 | Batch 1100/1186 | Loss 4.31282 (NLL 3.86775 [logdet 1.00360, mahal 1.02627], L1 1.46071, Spectral 0.23313, Gradient 0.40814, Quantile 0.73426) | LR 1.00e-04
2026-06-27 08:06:07,521 INFO Epoch 32 | Batch 1150/1186 | Loss 4.36954 (NLL 3.86426 [logdet 1.00790, mahal 1.01848], L1 1.48549, Spectral 0.24427, Gradient 0.41779, Quantile 0.73494) | LR 1.00e-04
2026-06-27 08:06:56,388 INFO Epoch 32 | Val Loss 5.07857 (NLL 4.50586 [logdet 0.95992, mahal 1.70806], L1 1.85017, Spectral 0.25383, Gradient 0.42093, Quantile 0.91785)
2026-06-27 08:07:17,015 INFO Epoch 33 | Batch 50/1186 | Loss 4.14242 (NLL 3.72666 [logdet 0.88851, mahal 1.00027], L1 1.37206, Spectral 0.23011, Gradient 0.40351, Quantile 0.67509) | LR 1.00e-04
2026-06-27 08:07:37,332 INFO Epoch 33 | Batch 100/1186 | Loss 4.27039 (NLL 3.81652 [logdet 0.94108, mahal 1.03756], L1 1.43471, Spectral 0.23670, Gradient 0.40969, Quantile 0.71448) | LR 1.00e-04
2026-06-27 08:07:57,645 INFO Epoch 33 | Batch 150/1186 | Loss 4.27784 (NLL 3.80874 [logdet 0.97107, mahal 0.99978], L1 1.43617, Spectral 0.24063, Gradient 0.41116, Quantile 0.71281) | LR 1.00e-04
2026-06-27 08:08:17,960 INFO Epoch 33 | Batch 200/1186 | Loss 4.30161 (NLL 3.83203 [logdet 0.98367, mahal 1.01049], L1 1.44776, Spectral 0.24126, Gradient 0.41039, Quantile 0.71494) | LR 1.00e-04
2026-06-27 08:08:38,273 INFO Epoch 33 | Batch 250/1186 | Loss 4.19054 (NLL 3.75237 [logdet 0.90910, mahal 1.00539], L1 1.38929, Spectral 0.23544, Gradient 0.41000, Quantile 0.69173) | LR 1.00e-04
2026-06-27 08:08:58,583 INFO Epoch 33 | Batch 300/1186 | Loss 4.18979 (NLL 3.75662 [logdet 0.88269, mahal 1.03605], L1 1.39890, Spectral 0.23149, Gradient 0.40605, Quantile 0.69632) | LR 1.00e-04
2026-06-27 08:09:18,897 INFO Epoch 33 | Batch 350/1186 | Loss 4.19021 (NLL 3.76761 [logdet 0.93918, mahal 0.99056], L1 1.39650, Spectral 0.23178, Gradient 0.40287, Quantile 0.68815) | LR 1.00e-04
2026-06-27 08:09:39,214 INFO Epoch 33 | Batch 400/1186 | Loss 4.34668 (NLL 3.86474 [logdet 1.00210, mahal 1.02477], L1 1.47669, Spectral 0.23977, Gradient 0.41324, Quantile 0.74100) | LR 1.00e-04
2026-06-27 08:09:59,533 INFO Epoch 33 | Batch 450/1186 | Loss 4.27348 (NLL 3.82870 [logdet 0.97743, mahal 1.01340], L1 1.44584, Spectral 0.23194, Gradient 0.40580, Quantile 0.71940) | LR 1.00e-04
2026-06-27 08:10:19,849 INFO Epoch 33 | Batch 500/1186 | Loss 4.33759 (NLL 3.86003 [logdet 0.98680, mahal 1.03536], L1 1.48224, Spectral 0.23525, Gradient 0.41065, Quantile 0.74253) | LR 1.00e-04
2026-06-27 08:10:40,166 INFO Epoch 33 | Batch 550/1186 | Loss 4.21046 (NLL 3.77856 [logdet 0.92665, mahal 1.01403], L1 1.41518, Spectral 0.22972, Gradient 0.40333, Quantile 0.68461) | LR 1.00e-04
2026-06-27 08:11:00,477 INFO Epoch 33 | Batch 600/1186 | Loss 4.26927 (NLL 3.80313 [logdet 0.95072, mahal 1.01454], L1 1.43706, Spectral 0.23896, Gradient 0.40817, Quantile 0.72309) | LR 1.00e-04
2026-06-27 08:11:20,790 INFO Epoch 33 | Batch 650/1186 | Loss 4.28467 (NLL 3.82124 [logdet 0.96018, mahal 1.02317], L1 1.44480, Spectral 0.23692, Gradient 0.41101, Quantile 0.71625) | LR 1.00e-04
2026-06-27 08:11:41,100 INFO Epoch 33 | Batch 700/1186 | Loss 4.19735 (NLL 3.78012 [logdet 0.93417, mahal 1.00807], L1 1.40607, Spectral 0.23055, Gradient 0.39702, Quantile 0.68988) | LR 1.00e-04
2026-06-27 08:12:01,389 INFO Epoch 33 | Batch 750/1186 | Loss 4.22191 (NLL 3.78562 [logdet 0.95939, mahal 0.98836], L1 1.41585, Spectral 0.23182, Gradient 0.40600, Quantile 0.70620) | LR 1.00e-04
2026-06-27 08:12:21,666 INFO Epoch 33 | Batch 800/1186 | Loss 4.12918 (NLL 3.72390 [logdet 0.84933, mahal 1.03669], L1 1.36497, Spectral 0.23067, Gradient 0.39775, Quantile 0.67167) | LR 1.00e-04
2026-06-27 08:12:41,949 INFO Epoch 33 | Batch 850/1186 | Loss 4.16421 (NLL 3.74271 [logdet 0.89929, mahal 1.00555], L1 1.38703, Spectral 0.23080, Gradient 0.40094, Quantile 0.69245) | LR 1.00e-04
2026-06-27 08:13:02,224 INFO Epoch 33 | Batch 900/1186 | Loss 4.22719 (NLL 3.77191 [logdet 0.90978, mahal 1.02425], L1 1.41091, Spectral 0.23820, Gradient 0.40941, Quantile 0.69565) | LR 1.00e-04
2026-06-27 08:13:22,505 INFO Epoch 33 | Batch 950/1186 | Loss 4.23088 (NLL 3.78501 [logdet 0.94723, mahal 0.99991], L1 1.41890, Spectral 0.23395, Gradient 0.40766, Quantile 0.71401) | LR 1.00e-04
2026-06-27 08:13:42,789 INFO Epoch 33 | Batch 1000/1186 | Loss 4.23608 (NLL 3.79426 [logdet 0.93694, mahal 1.01945], L1 1.42400, Spectral 0.23408, Gradient 0.40303, Quantile 0.70807) | LR 1.00e-04
2026-06-27 08:14:03,071 INFO Epoch 33 | Batch 1050/1186 | Loss 4.21911 (NLL 3.78384 [logdet 0.90172, mahal 1.04424], L1 1.40882, Spectral 0.23501, Gradient 0.40442, Quantile 0.69744) | LR 1.00e-04
2026-06-27 08:14:23,355 INFO Epoch 33 | Batch 1100/1186 | Loss 4.23572 (NLL 3.79027 [logdet 0.93654, mahal 1.01586], L1 1.42063, Spectral 0.23566, Gradient 0.40461, Quantile 0.70655) | LR 1.00e-04
2026-06-27 08:14:43,636 INFO Epoch 33 | Batch 1150/1186 | Loss 4.31995 (NLL 3.85041 [logdet 1.00879, mahal 1.00374], L1 1.47042, Spectral 0.23592, Gradient 0.40828, Quantile 0.71994) | LR 1.00e-04
2026-06-27 08:15:32,481 INFO Epoch 33 | Val Loss 5.18553 (NLL 4.64681 [logdet 0.86945, mahal 1.93948], L1 1.87643, Spectral 0.25672, Gradient 0.42486, Quantile 0.99353)
2026-06-27 08:15:53,314 INFO Epoch 34 | Batch 50/1186 | Loss 4.16326 (NLL 3.73451 [logdet 0.89245, mahal 1.00418], L1 1.37907, Spectral 0.23579, Gradient 0.40144, Quantile 0.69148) | LR 1.00e-04
2026-06-27 08:16:13,633 INFO Epoch 34 | Batch 100/1186 | Loss 4.27204 (NLL 3.83594 [logdet 0.96417, mahal 1.03389], L1 1.42961, Spectral 0.23516, Gradient 0.40999, Quantile 0.69771) | LR 1.00e-04
2026-06-27 08:16:33,922 INFO Epoch 34 | Batch 150/1186 | Loss 4.14772 (NLL 3.72864 [logdet 0.90499, mahal 0.98577], L1 1.37006, Spectral 0.23128, Gradient 0.40721, Quantile 0.67875) | LR 1.00e-04
2026-06-27 08:16:54,207 INFO Epoch 34 | Batch 200/1186 | Loss 4.16518 (NLL 3.73965 [logdet 0.86421, mahal 1.03757], L1 1.38196, Spectral 0.23413, Gradient 0.40142, Quantile 0.69508) | LR 1.00e-04
2026-06-27 08:17:14,485 INFO Epoch 34 | Batch 250/1186 | Loss 4.12554 (NLL 3.72953 [logdet 0.87190, mahal 1.01976], L1 1.37040, Spectral 0.22628, Gradient 0.39530, Quantile 0.68219) | LR 1.00e-04
2026-06-27 08:17:34,800 INFO Epoch 34 | Batch 300/1186 | Loss 4.20311 (NLL 3.75487 [logdet 0.89606, mahal 1.02093], L1 1.40535, Spectral 0.23532, Gradient 0.40565, Quantile 0.69483) | LR 1.00e-04
2026-06-27 08:17:55,115 INFO Epoch 34 | Batch 350/1186 | Loss 4.21711 (NLL 3.78860 [logdet 0.92563, mahal 1.02510], L1 1.41704, Spectral 0.23021, Gradient 0.40210, Quantile 0.70487) | LR 1.00e-04
2026-06-27 08:18:15,429 INFO Epoch 34 | Batch 400/1186 | Loss 4.10537 (NLL 3.72430 [logdet 0.88952, mahal 0.99690], L1 1.35598, Spectral 0.22493, Gradient 0.39505, Quantile 0.67463) | LR 1.00e-04
2026-06-27 08:18:35,750 INFO Epoch 34 | Batch 450/1186 | Loss 4.26945 (NLL 3.81169 [logdet 0.92379, mahal 1.05003], L1 1.44621, Spectral 0.23242, Gradient 0.40878, Quantile 0.71663) | LR 1.00e-04
2026-06-27 08:18:56,068 INFO Epoch 34 | Batch 500/1186 | Loss 4.26563 (NLL 3.79959 [logdet 0.96084, mahal 1.00087], L1 1.43876, Spectral 0.23680, Gradient 0.40915, Quantile 0.70763) | LR 1.00e-04
2026-06-27 08:19:16,376 INFO Epoch 34 | Batch 550/1186 | Loss 4.24977 (NLL 3.79148 [logdet 0.93427, mahal 1.01934], L1 1.43214, Spectral 0.23497, Gradient 0.40789, Quantile 0.70781) | LR 1.00e-04
2026-06-27 08:19:36,689 INFO Epoch 34 | Batch 600/1186 | Loss 4.34055 (NLL 3.86336 [logdet 0.99834, mahal 1.02714], L1 1.47454, Spectral 0.23805, Gradient 0.41359, Quantile 0.74111) | LR 1.00e-04
2026-06-27 08:19:57,002 INFO Epoch 34 | Batch 650/1186 | Loss 4.26988 (NLL 3.81094 [logdet 0.99368, mahal 0.97939], L1 1.43512, Spectral 0.23673, Gradient 0.41142, Quantile 0.71466) | LR 1.00e-04
2026-06-27 08:20:17,318 INFO Epoch 34 | Batch 700/1186 | Loss 4.22325 (NLL 3.78182 [logdet 0.91546, mahal 1.02848], L1 1.40991, Spectral 0.23264, Gradient 0.41319, Quantile 0.70091) | LR 1.00e-04
2026-06-27 08:20:37,636 INFO Epoch 34 | Batch 750/1186 | Loss 4.14996 (NLL 3.72677 [logdet 0.85790, mahal 1.03099], L1 1.38195, Spectral 0.23285, Gradient 0.39559, Quantile 0.68361) | LR 1.00e-04
2026-06-27 08:20:57,950 INFO Epoch 34 | Batch 800/1186 | Loss 4.20560 (NLL 3.78539 [logdet 0.93560, mahal 1.01191], L1 1.41402, Spectral 0.22896, Gradient 0.39803, Quantile 0.69543) | LR 1.00e-04
2026-06-27 08:21:18,257 INFO Epoch 34 | Batch 850/1186 | Loss 4.28096 (NLL 3.82245 [logdet 0.97433, mahal 1.01024], L1 1.43887, Spectral 0.23804, Gradient 0.41026, Quantile 0.71236) | LR 1.00e-04
2026-06-27 08:21:38,584 INFO Epoch 34 | Batch 900/1186 | Loss 4.18966 (NLL 3.76854 [logdet 0.91180, mahal 1.01886], L1 1.40168, Spectral 0.22913, Gradient 0.40233, Quantile 0.69788) | LR 1.00e-04
2026-06-27 08:21:58,891 INFO Epoch 34 | Batch 950/1186 | Loss 4.25636 (NLL 3.80379 [logdet 0.97305, mahal 0.99287], L1 1.42699, Spectral 0.23721, Gradient 0.40868, Quantile 0.70725) | LR 1.00e-04
2026-06-27 08:22:19,173 INFO Epoch 34 | Batch 1000/1186 | Loss 4.21994 (NLL 3.77249 [logdet 0.91244, mahal 1.02217], L1 1.40283, Spectral 0.23782, Gradient 0.41070, Quantile 0.70001) | LR 1.00e-04
2026-06-27 08:22:39,456 INFO Epoch 34 | Batch 1050/1186 | Loss 4.22480 (NLL 3.77325 [logdet 0.90970, mahal 1.02567], L1 1.41543, Spectral 0.23461, Gradient 0.40946, Quantile 0.70346) | LR 1.00e-04
2026-06-27 08:22:59,757 INFO Epoch 34 | Batch 1100/1186 | Loss 4.24243 (NLL 3.77745 [logdet 0.92977, mahal 1.00980], L1 1.41462, Spectral 0.24106, Gradient 0.41199, Quantile 0.70574) | LR 1.00e-04
2026-06-27 08:23:20,071 INFO Epoch 34 | Batch 1150/1186 | Loss 4.20626 (NLL 3.77373 [logdet 0.88854, mahal 1.04732], L1 1.40063, Spectral 0.23626, Gradient 0.40224, Quantile 0.68720) | LR 1.00e-04
2026-06-27 08:24:08,948 INFO Epoch 34 | Val Loss 5.23695 (NLL 4.79119 [logdet 0.70428, mahal 2.24904], L1 1.85672, Spectral 0.25653, Gradient 0.42424, Quantile 0.90670)
2026-06-27 08:24:29,558 INFO Epoch 35 | Batch 50/1186 | Loss 4.21420 (NLL 3.75875 [logdet 0.88223, mahal 1.03863], L1 1.40393, Spectral 0.23716, Gradient 0.41210, Quantile 0.68582) | LR 1.00e-04
2026-06-27 08:24:49,848 INFO Epoch 35 | Batch 100/1186 | Loss 4.09314 (NLL 3.69296 [logdet 0.85348, mahal 1.00160], L1 1.35059, Spectral 0.22807, Gradient 0.39712, Quantile 0.67611) | LR 1.00e-04
2026-06-27 08:25:10,135 INFO Epoch 35 | Batch 150/1186 | Loss 4.14565 (NLL 3.72844 [logdet 0.88291, mahal 1.00765], L1 1.36618, Spectral 0.23505, Gradient 0.40132, Quantile 0.67824) | LR 1.00e-04
2026-06-27 08:25:30,422 INFO Epoch 35 | Batch 200/1186 | Loss 4.20736 (NLL 3.75440 [logdet 0.90953, mahal 1.00700], L1 1.40146, Spectral 0.23707, Gradient 0.41015, Quantile 0.69446) | LR 1.00e-04
2026-06-27 08:25:50,710 INFO Epoch 35 | Batch 250/1186 | Loss 4.18830 (NLL 3.75016 [logdet 0.88589, mahal 1.02639], L1 1.40414, Spectral 0.23092, Gradient 0.40384, Quantile 0.69844) | LR 1.00e-04
2026-06-27 08:26:10,990 INFO Epoch 35 | Batch 300/1186 | Loss 4.10886 (NLL 3.70729 [logdet 0.84984, mahal 1.01957], L1 1.35635, Spectral 0.22893, Gradient 0.39806, Quantile 0.68474) | LR 1.00e-04
2026-06-27 08:26:31,271 INFO Epoch 35 | Batch 350/1186 | Loss 4.13528 (NLL 3.74152 [logdet 0.87422, mahal 1.02942], L1 1.36421, Spectral 0.22984, Gradient 0.39760, Quantile 0.68261) | LR 1.00e-04
2026-06-27 08:26:51,552 INFO Epoch 35 | Batch 400/1186 | Loss 4.13572 (NLL 3.72249 [logdet 0.89058, mahal 0.99403], L1 1.36758, Spectral 0.23105, Gradient 0.40147, Quantile 0.67213) | LR 1.00e-04
2026-06-27 08:27:11,831 INFO Epoch 35 | Batch 450/1186 | Loss 4.16054 (NLL 3.74452 [logdet 0.87734, mahal 1.02930], L1 1.37634, Spectral 0.23212, Gradient 0.40413, Quantile 0.68253) | LR 1.00e-04
2026-06-27 08:27:32,112 INFO Epoch 35 | Batch 500/1186 | Loss 4.19016 (NLL 3.75849 [logdet 0.89582, mahal 1.02480], L1 1.39406, Spectral 0.23476, Gradient 0.40346, Quantile 0.70033) | LR 1.00e-04
2026-06-27 08:27:52,399 INFO Epoch 35 | Batch 550/1186 | Loss 4.13839 (NLL 3.71662 [logdet 0.86045, mahal 1.01830], L1 1.36498, Spectral 0.23422, Gradient 0.40287, Quantile 0.68501) | LR 1.00e-04
2026-06-27 08:28:12,683 INFO Epoch 35 | Batch 600/1186 | Loss 4.18920 (NLL 3.75771 [logdet 0.90468, mahal 1.01515], L1 1.40017, Spectral 0.23191, Gradient 0.40288, Quantile 0.68494) | LR 1.00e-04
2026-06-27 08:28:32,975 INFO Epoch 35 | Batch 650/1186 | Loss 4.17095 (NLL 3.76043 [logdet 0.89583, mahal 1.02673], L1 1.38964, Spectral 0.22720, Gradient 0.40374, Quantile 0.69304) | LR 1.00e-04
2026-06-27 08:28:53,257 INFO Epoch 35 | Batch 700/1186 | Loss 4.21458 (NLL 3.78877 [logdet 0.92029, mahal 1.03060], L1 1.40756, Spectral 0.23164, Gradient 0.40579, Quantile 0.70532) | LR 1.00e-04
2026-06-27 08:29:13,535 INFO Epoch 35 | Batch 750/1186 | Loss 4.20887 (NLL 3.76926 [logdet 0.91930, mahal 1.01208], L1 1.39736, Spectral 0.23758, Gradient 0.40736, Quantile 0.69758) | LR 1.00e-04
2026-06-27 08:29:33,819 INFO Epoch 35 | Batch 800/1186 | Loss 4.18577 (NLL 3.75610 [logdet 0.92462, mahal 0.99360], L1 1.39563, Spectral 0.23101, Gradient 0.40656, Quantile 0.69030) | LR 1.00e-04
2026-06-27 08:29:54,106 INFO Epoch 35 | Batch 850/1186 | Loss 4.25913 (NLL 3.77657 [logdet 0.88879, mahal 1.04990], L1 1.42287, Spectral 0.24193, Gradient 0.41879, Quantile 0.70723) | LR 1.00e-04
2026-06-27 08:30:14,391 INFO Epoch 35 | Batch 900/1186 | Loss 4.20786 (NLL 3.75017 [logdet 0.90484, mahal 1.00745], L1 1.40975, Spectral 0.23706, Gradient 0.40470, Quantile 0.70267) | LR 1.00e-04
2026-06-27 08:30:34,676 INFO Epoch 35 | Batch 950/1186 | Loss 4.19091 (NLL 3.75763 [logdet 0.90030, mahal 1.01946], L1 1.39882, Spectral 0.23187, Gradient 0.40595, Quantile 0.68573) | LR 1.00e-04
2026-06-27 08:30:54,957 INFO Epoch 35 | Batch 1000/1186 | Loss 4.14619 (NLL 3.73190 [logdet 0.86596, mahal 1.02807], L1 1.37352, Spectral 0.23136, Gradient 0.40065, Quantile 0.68575) | LR 1.00e-04
2026-06-27 08:31:15,244 INFO Epoch 35 | Batch 1050/1186 | Loss 4.24230 (NLL 3.79385 [logdet 0.94159, mahal 1.01438], L1 1.41071, Spectral 0.23934, Gradient 0.41125, Quantile 0.70214) | LR 1.00e-04
2026-06-27 08:31:35,531 INFO Epoch 35 | Batch 1100/1186 | Loss 4.21478 (NLL 3.78360 [logdet 0.94506, mahal 1.00066], L1 1.42174, Spectral 0.22767, Gradient 0.40293, Quantile 0.70082) | LR 1.00e-04
2026-06-27 08:31:55,814 INFO Epoch 35 | Batch 1150/1186 | Loss 4.17798 (NLL 3.73724 [logdet 0.89088, mahal 1.00848], L1 1.39089, Spectral 0.23469, Gradient 0.40518, Quantile 0.69132) | LR 1.00e-04
2026-06-27 08:32:44,619 INFO Epoch 35 | Val Loss 5.17561 (NLL 4.65806 [logdet 0.87562, mahal 1.94456], L1 1.86880, Spectral 0.25458, Gradient 0.42162, Quantile 1.02497)
2026-06-27 08:33:05,200 INFO Epoch 36 | Batch 50/1186 | Loss 4.17596 (NLL 3.72863 [logdet 0.86990, mahal 1.02085], L1 1.38225, Spectral 0.23704, Gradient 0.41090, Quantile 0.69541) | LR 1.00e-04
2026-06-27 08:33:25,484 INFO Epoch 36 | Batch 100/1186 | Loss 4.12821 (NLL 3.69987 [logdet 0.86507, mahal 0.99692], L1 1.35563, Spectral 0.23426, Gradient 0.41007, Quantile 0.66523) | LR 1.00e-04
2026-06-27 08:33:45,769 INFO Epoch 36 | Batch 150/1186 | Loss 4.15897 (NLL 3.73088 [logdet 0.87768, mahal 1.01533], L1 1.36258, Spectral 0.23678, Gradient 0.41293, Quantile 0.67832) | LR 1.00e-04
2026-06-27 08:34:06,052 INFO Epoch 36 | Batch 200/1186 | Loss 4.06606 (NLL 3.69915 [logdet 0.84122, mahal 1.02005], L1 1.34205, Spectral 0.21976, Gradient 0.39328, Quantile 0.66287) | LR 1.00e-04
2026-06-27 08:34:26,340 INFO Epoch 36 | Batch 250/1186 | Loss 4.11317 (NLL 3.67857 [logdet 0.83256, mahal 1.00814], L1 1.35555, Spectral 0.23467, Gradient 0.40508, Quantile 0.66258) | LR 1.00e-04
2026-06-27 08:34:46,791 INFO Epoch 36 | Batch 300/1186 | Loss 4.26076 (NLL 3.79047 [logdet 0.93409, mahal 1.01850], L1 1.43160, Spectral 0.23894, Gradient 0.41137, Quantile 0.72353) | LR 1.00e-04
2026-06-27 08:35:07,098 INFO Epoch 36 | Batch 350/1186 | Loss 4.12826 (NLL 3.73991 [logdet 0.88169, mahal 1.02034], L1 1.36581, Spectral 0.22612, Gradient 0.39767, Quantile 0.68643) | LR 1.00e-04
2026-06-27 08:35:27,412 INFO Epoch 36 | Batch 400/1186 | Loss 4.15294 (NLL 3.73024 [logdet 0.88198, mahal 1.01038], L1 1.37952, Spectral 0.23232, Gradient 0.40022, Quantile 0.68111) | LR 1.00e-04
2026-06-27 08:35:47,727 INFO Epoch 36 | Batch 450/1186 | Loss 4.13573 (NLL 3.72426 [logdet 0.86767, mahal 1.01872], L1 1.37464, Spectral 0.22918, Gradient 0.39764, Quantile 0.67974) | LR 1.00e-04
2026-06-27 08:36:08,013 INFO Epoch 36 | Batch 500/1186 | Loss 4.16502 (NLL 3.74533 [logdet 0.91085, mahal 0.99660], L1 1.37890, Spectral 0.23269, Gradient 0.40443, Quantile 0.68902) | LR 1.00e-04
2026-06-27 08:36:28,289 INFO Epoch 36 | Batch 550/1186 | Loss 4.16869 (NLL 3.72693 [logdet 0.87936, mahal 1.00969], L1 1.38130, Spectral 0.23490, Gradient 0.41000, Quantile 0.68341) | LR 1.00e-04
2026-06-27 08:36:48,562 INFO Epoch 36 | Batch 600/1186 | Loss 4.09969 (NLL 3.69581 [logdet 0.82430, mahal 1.03363], L1 1.34844, Spectral 0.23098, Gradient 0.39818, Quantile 0.67480) | LR 1.00e-04
2026-06-27 08:37:08,873 INFO Epoch 36 | Batch 650/1186 | Loss 4.09779 (NLL 3.71400 [logdet 0.84460, mahal 1.03152], L1 1.35296, Spectral 0.22522, Gradient 0.39501, Quantile 0.66884) | LR 1.00e-04
2026-06-27 08:37:29,189 INFO Epoch 36 | Batch 700/1186 | Loss 4.16954 (NLL 3.73908 [logdet 0.89558, mahal 1.00562], L1 1.38357, Spectral 0.23238, Gradient 0.40793, Quantile 0.68977) | LR 1.00e-04
2026-06-27 08:37:49,505 INFO Epoch 36 | Batch 750/1186 | Loss 4.05247 (NLL 3.64806 [logdet 0.82876, mahal 0.98142], L1 1.32819, Spectral 0.22931, Gradient 0.39861, Quantile 0.66975) | LR 1.00e-04
2026-06-27 08:38:09,820 INFO Epoch 36 | Batch 800/1186 | Loss 4.13514 (NLL 3.71191 [logdet 0.84443, mahal 1.02961], L1 1.35287, Spectral 0.23721, Gradient 0.40757, Quantile 0.66376) | LR 1.00e-04
2026-06-27 08:38:30,140 INFO Epoch 36 | Batch 850/1186 | Loss 4.16496 (NLL 3.74164 [logdet 0.90289, mahal 1.00087], L1 1.38308, Spectral 0.23250, Gradient 0.40250, Quantile 0.67871) | LR 1.00e-04
2026-06-27 08:38:50,448 INFO Epoch 36 | Batch 900/1186 | Loss 4.11581 (NLL 3.73485 [logdet 0.87316, mahal 1.02380], L1 1.36806, Spectral 0.22218, Gradient 0.39401, Quantile 0.68532) | LR 1.00e-04
2026-06-27 08:39:10,763 INFO Epoch 36 | Batch 950/1186 | Loss 4.18221 (NLL 3.74967 [logdet 0.90442, mahal 1.00737], L1 1.38132, Spectral 0.23648, Gradient 0.40882, Quantile 0.68232) | LR 1.00e-04
2026-06-27 08:39:31,074 INFO Epoch 36 | Batch 1000/1186 | Loss 4.19003 (NLL 3.73329 [logdet 0.85998, mahal 1.03543], L1 1.38995, Spectral 0.23867, Gradient 0.41146, Quantile 0.68563) | LR 1.00e-04
2026-06-27 08:39:51,385 INFO Epoch 36 | Batch 1050/1186 | Loss 4.13122 (NLL 3.70605 [logdet 0.87289, mahal 0.99528], L1 1.36381, Spectral 0.23237, Gradient 0.40598, Quantile 0.68170) | LR 1.00e-04
2026-06-27 08:40:11,700 INFO Epoch 36 | Batch 1100/1186 | Loss 4.23321 (NLL 3.79260 [logdet 0.91737, mahal 1.03734], L1 1.42514, Spectral 0.23244, Gradient 0.40332, Quantile 0.69740) | LR 1.00e-04
2026-06-27 08:40:32,010 INFO Epoch 36 | Batch 1150/1186 | Loss 4.14203 (NLL 3.74005 [logdet 0.90829, mahal 0.99388], L1 1.36474, Spectral 0.23131, Gradient 0.40130, Quantile 0.67568) | LR 1.00e-04
2026-06-27 08:41:20,881 INFO Epoch 36 | Val Loss 5.16600 (NLL 4.63674 [logdet 0.86883, mahal 1.93003], L1 1.87054, Spectral 0.25417, Gradient 0.42178, Quantile 0.99964)
2026-06-27 08:41:41,501 INFO Epoch 37 | Batch 50/1186 | Loss 4.16590 (NLL 3.74276 [logdet 0.90657, mahal 0.99831], L1 1.37816, Spectral 0.23350, Gradient 0.40557, Quantile 0.68607) | LR 1.00e-04
2026-06-27 08:42:01,813 INFO Epoch 37 | Batch 100/1186 | Loss 4.15822 (NLL 3.73629 [logdet 0.86137, mahal 1.03705], L1 1.38126, Spectral 0.23010, Gradient 0.40527, Quantile 0.69151) | LR 1.00e-04
2026-06-27 08:42:22,128 INFO Epoch 37 | Batch 150/1186 | Loss 4.08923 (NLL 3.69356 [logdet 0.84249, mahal 1.01319], L1 1.34714, Spectral 0.22525, Gradient 0.40217, Quantile 0.67479) | LR 1.00e-04
2026-06-27 08:42:42,442 INFO Epoch 37 | Batch 200/1186 | Loss 4.14918 (NLL 3.74026 [logdet 0.88661, mahal 1.01577], L1 1.36804, Spectral 0.22970, Gradient 0.40820, Quantile 0.67069) | LR 1.00e-04
2026-06-27 08:43:02,758 INFO Epoch 37 | Batch 250/1186 | Loss 4.08153 (NLL 3.67313 [logdet 0.81443, mahal 1.02083], L1 1.32958, Spectral 0.23471, Gradient 0.40215, Quantile 0.66638) | LR 1.00e-04
2026-06-27 08:43:23,068 INFO Epoch 37 | Batch 300/1186 | Loss 4.09981 (NLL 3.69647 [logdet 0.84863, mahal 1.00996], L1 1.34156, Spectral 0.23097, Gradient 0.40464, Quantile 0.65585) | LR 1.00e-04
2026-06-27 08:43:43,383 INFO Epoch 37 | Batch 350/1186 | Loss 4.12144 (NLL 3.70106 [logdet 0.84433, mahal 1.01885], L1 1.36448, Spectral 0.22927, Gradient 0.40465, Quantile 0.67074) | LR 1.00e-04
2026-06-27 08:44:03,701 INFO Epoch 37 | Batch 400/1186 | Loss 4.13016 (NLL 3.70762 [logdet 0.85535, mahal 1.01440], L1 1.36312, Spectral 0.23064, Gradient 0.40841, Quantile 0.67544) | LR 1.00e-04
2026-06-27 08:44:24,011 INFO Epoch 37 | Batch 450/1186 | Loss 4.08862 (NLL 3.68469 [logdet 0.83631, mahal 1.01050], L1 1.34081, Spectral 0.23060, Gradient 0.40100, Quantile 0.66910) | LR 1.00e-04
2026-06-27 08:44:44,325 INFO Epoch 37 | Batch 500/1186 | Loss 4.08678 (NLL 3.66674 [logdet 0.81696, mahal 1.01191], L1 1.33936, Spectral 0.23477, Gradient 0.40072, Quantile 0.66069) | LR 1.00e-04
2026-06-27 08:45:04,646 INFO Epoch 37 | Batch 550/1186 | Loss 4.15715 (NLL 3.72958 [logdet 0.86215, mahal 1.02955], L1 1.37401, Spectral 0.23676, Gradient 0.40080, Quantile 0.68228) | LR 1.00e-04
2026-06-27 08:45:24,964 INFO Epoch 37 | Batch 600/1186 | Loss 4.23510 (NLL 3.78967 [logdet 0.93449, mahal 1.01730], L1 1.42271, Spectral 0.23307, Gradient 0.40759, Quantile 0.71308) | LR 1.00e-04
2026-06-27 08:45:45,280 INFO Epoch 37 | Batch 650/1186 | Loss 4.11243 (NLL 3.70840 [logdet 0.85160, mahal 1.01892], L1 1.35544, Spectral 0.22947, Gradient 0.40075, Quantile 0.66733) | LR 1.00e-04
2026-06-27 08:46:05,582 INFO Epoch 37 | Batch 700/1186 | Loss 4.11441 (NLL 3.70059 [logdet 0.84459, mahal 1.01812], L1 1.35413, Spectral 0.22967, Gradient 0.40727, Quantile 0.67416) | LR 1.00e-04
2026-06-27 08:46:25,887 INFO Epoch 37 | Batch 750/1186 | Loss 4.15289 (NLL 3.72966 [logdet 0.86358, mahal 1.02819], L1 1.36666, Spectral 0.23437, Gradient 0.40865, Quantile 0.67181) | LR 1.00e-04
2026-06-27 08:46:46,199 INFO Epoch 37 | Batch 800/1186 | Loss 4.18704 (NLL 3.75091 [logdet 0.90506, mahal 1.00797], L1 1.39469, Spectral 0.23128, Gradient 0.41064, Quantile 0.69456) | LR 1.00e-04
2026-06-27 08:47:06,514 INFO Epoch 37 | Batch 850/1186 | Loss 4.13021 (NLL 3.72608 [logdet 0.86799, mahal 1.02021], L1 1.37228, Spectral 0.22798, Gradient 0.39617, Quantile 0.67954) | LR 1.00e-04
2026-06-27 08:47:26,828 INFO Epoch 37 | Batch 900/1186 | Loss 4.09875 (NLL 3.68857 [logdet 0.83181, mahal 1.01888], L1 1.34725, Spectral 0.23207, Gradient 0.39968, Quantile 0.67093) | LR 1.00e-04
2026-06-27 08:47:47,141 INFO Epoch 37 | Batch 950/1186 | Loss 4.12048 (NLL 3.69591 [logdet 0.85304, mahal 1.00499], L1 1.35744, Spectral 0.23435, Gradient 0.40261, Quantile 0.66713) | LR 1.00e-04
2026-06-27 08:48:07,441 INFO Epoch 37 | Batch 1000/1186 | Loss 4.10197 (NLL 3.68307 [logdet 0.82768, mahal 1.01752], L1 1.35509, Spectral 0.23207, Gradient 0.39786, Quantile 0.68118) | LR 1.00e-04
2026-06-27 08:48:27,741 INFO Epoch 37 | Batch 1050/1186 | Loss 4.06711 (NLL 3.67610 [logdet 0.81850, mahal 1.01972], L1 1.33974, Spectral 0.22612, Gradient 0.39461, Quantile 0.67130) | LR 1.00e-04
2026-06-27 08:48:48,023 INFO Epoch 37 | Batch 1100/1186 | Loss 4.09637 (NLL 3.69016 [logdet 0.84541, mahal 1.00688], L1 1.33782, Spectral 0.23358, Gradient 0.40262, Quantile 0.66212) | LR 1.00e-04
2026-06-27 08:49:08,307 INFO Epoch 37 | Batch 1150/1186 | Loss 4.16791 (NLL 3.71577 [logdet 0.87080, mahal 1.00709], L1 1.38472, Spectral 0.23589, Gradient 0.40931, Quantile 0.69104) | LR 1.00e-04
2026-06-27 08:49:57,173 INFO Epoch 37 | Val Loss 5.16388 (NLL 4.60497 [logdet 0.93558, mahal 1.83152], L1 1.88127, Spectral 0.25470, Gradient 0.42364, Quantile 0.96267)
2026-06-27 08:50:17,786 INFO Epoch 38 | Batch 50/1186 | Loss 4.08032 (NLL 3.67536 [logdet 0.82973, mahal 1.00774], L1 1.34185, Spectral 0.22883, Gradient 0.40013, Quantile 0.66806) | LR 1.00e-04
2026-06-27 08:50:38,097 INFO Epoch 38 | Batch 100/1186 | Loss 4.18060 (NLL 3.73603 [logdet 0.89444, mahal 1.00371], L1 1.38236, Spectral 0.23709, Gradient 0.41161, Quantile 0.68191) | LR 1.00e-04
2026-06-27 08:50:58,413 INFO Epoch 38 | Batch 150/1186 | Loss 4.06342 (NLL 3.66005 [logdet 0.79395, mahal 1.02822], L1 1.31837, Spectral 0.23196, Gradient 0.40744, Quantile 0.64814) | LR 1.00e-04
2026-06-27 08:51:18,730 INFO Epoch 38 | Batch 200/1186 | Loss 4.09147 (NLL 3.65897 [logdet 0.80270, mahal 1.01839], L1 1.33127, Spectral 0.23832, Gradient 0.40953, Quantile 0.66238) | LR 1.00e-04
2026-06-27 08:51:39,044 INFO Epoch 38 | Batch 250/1186 | Loss 4.08110 (NLL 3.67673 [logdet 0.83512, mahal 1.00373], L1 1.33256, Spectral 0.23261, Gradient 0.40142, Quantile 0.66726) | LR 1.00e-04
2026-06-27 08:51:59,352 INFO Epoch 38 | Batch 300/1186 | Loss 4.05011 (NLL 3.64865 [logdet 0.78338, mahal 1.02740], L1 1.31665, Spectral 0.23285, Gradient 0.39992, Quantile 0.64339) | LR 1.00e-04
2026-06-27 08:52:19,660 INFO Epoch 38 | Batch 350/1186 | Loss 4.07971 (NLL 3.69876 [logdet 0.85190, mahal 1.00898], L1 1.33550, Spectral 0.22650, Gradient 0.39914, Quantile 0.66444) | LR 1.00e-04
2026-06-27 08:52:39,972 INFO Epoch 38 | Batch 400/1186 | Loss 4.15387 (NLL 3.72968 [logdet 0.86070, mahal 1.03110], L1 1.37319, Spectral 0.23300, Gradient 0.40610, Quantile 0.68597) | LR 1.00e-04
2026-06-27 08:53:00,285 INFO Epoch 38 | Batch 450/1186 | Loss 4.14175 (NLL 3.71410 [logdet 0.87097, mahal 1.00525], L1 1.36923, Spectral 0.23321, Gradient 0.40532, Quantile 0.67781) | LR 1.00e-04
2026-06-27 08:53:20,601 INFO Epoch 38 | Batch 500/1186 | Loss 4.05722 (NLL 3.66285 [logdet 0.80977, mahal 1.01519], L1 1.33484, Spectral 0.22696, Gradient 0.39447, Quantile 0.65515) | LR 1.00e-04
2026-06-27 08:53:40,920 INFO Epoch 38 | Batch 550/1186 | Loss 4.05773 (NLL 3.66770 [logdet 0.80222, mahal 1.02760], L1 1.31931, Spectral 0.22999, Gradient 0.40140, Quantile 0.65865) | LR 1.00e-04
2026-06-27 08:54:01,235 INFO Epoch 38 | Batch 600/1186 | Loss 4.10828 (NLL 3.70282 [logdet 0.85039, mahal 1.01456], L1 1.35459, Spectral 0.22911, Gradient 0.40098, Quantile 0.67122) | LR 1.00e-04
2026-06-27 08:54:21,554 INFO Epoch 38 | Batch 650/1186 | Loss 4.16275 (NLL 3.72691 [logdet 0.86502, mahal 1.02401], L1 1.38897, Spectral 0.23002, Gradient 0.40687, Quantile 0.68587) | LR 1.00e-04
2026-06-27 08:54:41,877 INFO Epoch 38 | Batch 700/1186 | Loss 4.08507 (NLL 3.69916 [logdet 0.84244, mahal 1.01884], L1 1.35297, Spectral 0.22299, Gradient 0.39447, Quantile 0.67239) | LR 1.00e-04
2026-06-27 08:55:02,197 INFO Epoch 38 | Batch 750/1186 | Loss 4.06369 (NLL 3.66754 [logdet 0.82219, mahal 1.00748], L1 1.33429, Spectral 0.22641, Gradient 0.40010, Quantile 0.66168) | LR 1.00e-04
2026-06-27 08:55:22,516 INFO Epoch 38 | Batch 800/1186 | Loss 4.10738 (NLL 3.70231 [logdet 0.84931, mahal 1.01513], L1 1.34563, Spectral 0.23169, Gradient 0.40373, Quantile 0.66496) | LR 1.00e-04
2026-06-27 08:55:42,835 INFO Epoch 38 | Batch 850/1186 | Loss 4.04988 (NLL 3.64871 [logdet 0.77965, mahal 1.03119], L1 1.32225, Spectral 0.22965, Gradient 0.40083, Quantile 0.66333) | LR 1.00e-04
2026-06-27 08:56:03,156 INFO Epoch 38 | Batch 900/1186 | Loss 4.11774 (NLL 3.71936 [logdet 0.88153, mahal 0.99995], L1 1.35851, Spectral 0.22838, Gradient 0.39985, Quantile 0.67535) | LR 1.00e-04
2026-06-27 08:56:23,477 INFO Epoch 38 | Batch 950/1186 | Loss 4.10109 (NLL 3.69532 [logdet 0.83357, mahal 1.02387], L1 1.35863, Spectral 0.22698, Gradient 0.39813, Quantile 0.67828) | LR 1.00e-04
2026-06-27 08:56:43,795 INFO Epoch 38 | Batch 1000/1186 | Loss 4.12529 (NLL 3.70366 [logdet 0.87551, mahal 0.99027], L1 1.36239, Spectral 0.23091, Gradient 0.40579, Quantile 0.67158) | LR 1.00e-04
2026-06-27 08:57:04,110 INFO Epoch 38 | Batch 1050/1186 | Loss 4.18570 (NLL 3.73411 [logdet 0.86969, mahal 1.02654], L1 1.38255, Spectral 0.23881, Gradient 0.41372, Quantile 0.68506) | LR 1.00e-04
2026-06-27 08:57:24,425 INFO Epoch 38 | Batch 1100/1186 | Loss 4.11797 (NLL 3.70589 [logdet 0.84724, mahal 1.02077], L1 1.35752, Spectral 0.23204, Gradient 0.40002, Quantile 0.67645) | LR 1.00e-04
2026-06-27 08:57:44,736 INFO Epoch 38 | Batch 1150/1186 | Loss 4.09749 (NLL 3.68801 [logdet 0.84639, mahal 1.00374], L1 1.33748, Spectral 0.23301, Gradient 0.40623, Quantile 0.67454) | LR 1.00e-04
2026-06-27 08:58:33,594 INFO Epoch 38 | Val Loss 5.24366 (NLL 4.68083 [logdet 0.90930, mahal 1.93365], L1 1.90916, Spectral 0.25915, Gradient 0.42799, Quantile 0.90665)
2026-06-27 08:58:54,220 INFO Epoch 39 | Batch 50/1186 | Loss 3.94159 (NLL 3.59125 [logdet 0.76727, mahal 0.98610], L1 1.26098, Spectral 0.22490, Gradient 0.39293, Quantile 0.62270) | LR 1.00e-04
2026-06-27 08:59:14,533 INFO Epoch 39 | Batch 100/1186 | Loss 4.13438 (NLL 3.70910 [logdet 0.85181, mahal 1.01941], L1 1.36499, Spectral 0.23457, Gradient 0.40191, Quantile 0.67877) | LR 1.00e-04
2026-06-27 08:59:34,844 INFO Epoch 39 | Batch 150/1186 | Loss 4.01860 (NLL 3.64045 [logdet 0.76538, mahal 1.03719], L1 1.31346, Spectral 0.22456, Gradient 0.39355, Quantile 0.64259) | LR 1.00e-04
2026-06-27 08:59:55,155 INFO Epoch 39 | Batch 200/1186 | Loss 4.03096 (NLL 3.63829 [logdet 0.79036, mahal 1.01005], L1 1.31035, Spectral 0.22756, Gradient 0.40337, Quantile 0.65558) | LR 1.00e-04
2026-06-27 09:00:15,467 INFO Epoch 39 | Batch 250/1186 | Loss 4.00534 (NLL 3.63488 [logdet 0.78021, mahal 1.01679], L1 1.29302, Spectral 0.22648, Gradient 0.39923, Quantile 0.63536) | LR 1.00e-04
2026-06-27 09:00:35,781 INFO Epoch 39 | Batch 300/1186 | Loss 3.99194 (NLL 3.61158 [logdet 0.76782, mahal 1.00589], L1 1.29261, Spectral 0.22777, Gradient 0.39530, Quantile 0.63808) | LR 1.00e-04
2026-06-27 09:00:56,094 INFO Epoch 39 | Batch 350/1186 | Loss 4.00751 (NLL 3.63210 [logdet 0.77790, mahal 1.01633], L1 1.30329, Spectral 0.22481, Gradient 0.39619, Quantile 0.65360) | LR 1.00e-04
2026-06-27 09:01:16,409 INFO Epoch 39 | Batch 400/1186 | Loss 4.11938 (NLL 3.70060 [logdet 0.83181, mahal 1.03091], L1 1.34916, Spectral 0.23354, Gradient 0.40892, Quantile 0.66673) | LR 1.00e-04
2026-06-27 09:01:36,712 INFO Epoch 39 | Batch 450/1186 | Loss 4.04377 (NLL 3.64851 [logdet 0.79331, mahal 1.01732], L1 1.32110, Spectral 0.22881, Gradient 0.39787, Quantile 0.65648) | LR 1.00e-04
2026-06-27 09:01:57,022 INFO Epoch 39 | Batch 500/1186 | Loss 4.08823 (NLL 3.66817 [logdet 0.82422, mahal 1.00607], L1 1.34951, Spectral 0.23170, Gradient 0.39795, Quantile 0.65611) | LR 1.00e-04
2026-06-27 09:02:17,333 INFO Epoch 39 | Batch 550/1186 | Loss 4.16452 (NLL 3.72510 [logdet 0.85979, mahal 1.02743], L1 1.37122, Spectral 0.23683, Gradient 0.41263, Quantile 0.68144) | LR 1.00e-04
2026-06-27 09:02:37,646 INFO Epoch 39 | Batch 600/1186 | Loss 4.02233 (NLL 3.62550 [logdet 0.77246, mahal 1.01516], L1 1.30336, Spectral 0.23022, Gradient 0.40252, Quantile 0.64618) | LR 1.00e-04
2026-06-27 09:02:57,960 INFO Epoch 39 | Batch 650/1186 | Loss 4.05401 (NLL 3.65560 [logdet 0.78719, mahal 1.03054], L1 1.33120, Spectral 0.22637, Gradient 0.39958, Quantile 0.66973) | LR 1.00e-04
2026-06-27 09:03:18,262 INFO Epoch 39 | Batch 700/1186 | Loss 4.05877 (NLL 3.68043 [logdet 0.83001, mahal 1.01255], L1 1.33039, Spectral 0.22505, Gradient 0.39569, Quantile 0.66197) | LR 1.00e-04
2026-06-27 09:03:38,535 INFO Epoch 39 | Batch 750/1186 | Loss 4.07690 (NLL 3.67924 [logdet 0.84230, mahal 0.99907], L1 1.33823, Spectral 0.22712, Gradient 0.40194, Quantile 0.66717) | LR 1.00e-04
2026-06-27 09:03:58,839 INFO Epoch 39 | Batch 800/1186 | Loss 4.05986 (NLL 3.65300 [logdet 0.79697, mahal 1.01815], L1 1.32147, Spectral 0.23213, Gradient 0.40407, Quantile 0.66008) | LR 1.00e-04
2026-06-27 09:04:19,151 INFO Epoch 39 | Batch 850/1186 | Loss 4.13485 (NLL 3.71592 [logdet 0.86424, mahal 1.01380], L1 1.35832, Spectral 0.23418, Gradient 0.40631, Quantile 0.66716) | LR 1.00e-04
2026-06-27 09:04:39,464 INFO Epoch 39 | Batch 900/1186 | Loss 4.20062 (NLL 3.74833 [logdet 0.87232, mahal 1.03813], L1 1.39479, Spectral 0.23633, Gradient 0.41455, Quantile 0.68926) | LR 1.00e-04
2026-06-27 09:04:59,774 INFO Epoch 39 | Batch 950/1186 | Loss 4.07135 (NLL 3.66242 [logdet 0.82606, mahal 0.99848], L1 1.31767, Spectral 0.23602, Gradient 0.40630, Quantile 0.65400) | LR 1.00e-04
2026-06-27 09:05:20,077 INFO Epoch 39 | Batch 1000/1186 | Loss 4.11486 (NLL 3.68679 [logdet 0.82113, mahal 1.02779], L1 1.35595, Spectral 0.23287, Gradient 0.40605, Quantile 0.66786) | LR 1.00e-04
2026-06-27 09:05:40,389 INFO Epoch 39 | Batch 1050/1186 | Loss 4.10930 (NLL 3.70194 [logdet 0.84686, mahal 1.01720], L1 1.35084, Spectral 0.23141, Gradient 0.40130, Quantile 0.66566) | LR 1.00e-04
2026-06-27 09:06:00,679 INFO Epoch 39 | Batch 1100/1186 | Loss 4.12234 (NLL 3.70687 [logdet 0.85833, mahal 1.01065], L1 1.35292, Spectral 0.23218, Gradient 0.40791, Quantile 0.67987) | LR 1.00e-04
2026-06-27 09:06:20,955 INFO Epoch 39 | Batch 1150/1186 | Loss 4.12500 (NLL 3.71785 [logdet 0.86474, mahal 1.01523], L1 1.35905, Spectral 0.22881, Gradient 0.40619, Quantile 0.67437) | LR 1.00e-04
2026-06-27 09:07:09,789 INFO Epoch 39 | Val Loss 5.19239 (NLL 4.64436 [logdet 0.89359, mahal 1.91288], L1 1.88713, Spectral 0.25611, Gradient 0.42360, Quantile 0.93551)
2026-06-27 09:07:30,367 INFO Epoch 40 | Batch 50/1186 | Loss 4.04412 (NLL 3.65077 [logdet 0.82047, mahal 0.99242], L1 1.31865, Spectral 0.22777, Gradient 0.40161, Quantile 0.64867) | LR 1.00e-04
2026-06-27 09:07:50,642 INFO Epoch 40 | Batch 100/1186 | Loss 4.01405 (NLL 3.62437 [logdet 0.75581, mahal 1.03068], L1 1.31017, Spectral 0.22714, Gradient 0.39480, Quantile 0.65974) | LR 1.00e-04
2026-06-27 09:08:10,919 INFO Epoch 40 | Batch 150/1186 | Loss 4.03846 (NLL 3.66389 [logdet 0.81203, mahal 1.01398], L1 1.31767, Spectral 0.22313, Gradient 0.40028, Quantile 0.64768) | LR 1.00e-04
2026-06-27 09:08:31,222 INFO Epoch 40 | Batch 200/1186 | Loss 4.05614 (NLL 3.64286 [logdet 0.79656, mahal 1.00843], L1 1.32080, Spectral 0.23219, Gradient 0.40589, Quantile 0.64984) | LR 1.00e-04
2026-06-27 09:08:51,540 INFO Epoch 40 | Batch 250/1186 | Loss 4.04816 (NLL 3.64085 [logdet 0.77817, mahal 1.02481], L1 1.31213, Spectral 0.23249, Gradient 0.40691, Quantile 0.65954) | LR 1.00e-04
2026-06-27 09:09:11,851 INFO Epoch 40 | Batch 300/1186 | Loss 4.04818 (NLL 3.66560 [logdet 0.81269, mahal 1.01504], L1 1.31599, Spectral 0.22783, Gradient 0.40082, Quantile 0.65338) | LR 1.00e-04
2026-06-27 09:09:32,161 INFO Epoch 40 | Batch 350/1186 | Loss 4.07462 (NLL 3.66112 [logdet 0.83246, mahal 0.99078], L1 1.33491, Spectral 0.23041, Gradient 0.40496, Quantile 0.65233) | LR 1.00e-04
2026-06-27 09:09:52,473 INFO Epoch 40 | Batch 400/1186 | Loss 4.02939 (NLL 3.63779 [logdet 0.77413, mahal 1.02578], L1 1.31030, Spectral 0.22897, Gradient 0.39926, Quantile 0.66330) | LR 1.00e-04
2026-06-27 09:10:12,785 INFO Epoch 40 | Batch 450/1186 | Loss 4.02985 (NLL 3.63456 [logdet 0.78124, mahal 1.01544], L1 1.30979, Spectral 0.22952, Gradient 0.40062, Quantile 0.64706) | LR 1.00e-04
2026-06-27 09:10:33,096 INFO Epoch 40 | Batch 500/1186 | Loss 4.07524 (NLL 3.65489 [logdet 0.80849, mahal 1.00853], L1 1.32379, Spectral 0.23496, Gradient 0.40995, Quantile 0.65505) | LR 1.00e-04
2026-06-27 09:10:53,407 INFO Epoch 40 | Batch 550/1186 | Loss 4.05550 (NLL 3.63190 [logdet 0.77437, mahal 1.01965], L1 1.31383, Spectral 0.23587, Gradient 0.40974, Quantile 0.65179) | LR 1.00e-04
2026-06-27 09:11:13,716 INFO Epoch 40 | Batch 600/1186 | Loss 4.03010 (NLL 3.62195 [logdet 0.77103, mahal 1.01305], L1 1.31187, Spectral 0.23192, Gradient 0.40003, Quantile 0.64989) | LR 1.00e-04
2026-06-27 09:11:34,025 INFO Epoch 40 | Batch 650/1186 | Loss 4.05675 (NLL 3.66828 [logdet 0.82358, mahal 1.00682], L1 1.32111, Spectral 0.22960, Gradient 0.39924, Quantile 0.65608) | LR 1.00e-04
2026-06-27 09:11:54,333 INFO Epoch 40 | Batch 700/1186 | Loss 4.00669 (NLL 3.62185 [logdet 0.75579, mahal 1.02819], L1 1.30095, Spectral 0.22662, Gradient 0.39888, Quantile 0.64504) | LR 1.00e-04
2026-06-27 09:12:14,645 INFO Epoch 40 | Batch 750/1186 | Loss 4.07610 (NLL 3.66587 [logdet 0.82811, mahal 0.99988], L1 1.33417, Spectral 0.23162, Gradient 0.40231, Quantile 0.66505) | LR 1.00e-04
2026-06-27 09:12:34,965 INFO Epoch 40 | Batch 800/1186 | Loss 4.14412 (NLL 3.73544 [logdet 0.87224, mahal 1.02533], L1 1.37358, Spectral 0.22714, Gradient 0.40554, Quantile 0.68226) | LR 1.00e-04
2026-06-27 09:12:55,283 INFO Epoch 40 | Batch 850/1186 | Loss 3.99738 (NLL 3.61557 [logdet 0.78085, mahal 0.99684], L1 1.29196, Spectral 0.22785, Gradient 0.39909, Quantile 0.64701) | LR 1.00e-04
2026-06-27 09:13:15,593 INFO Epoch 40 | Batch 900/1186 | Loss 4.05246 (NLL 3.64439 [logdet 0.78603, mahal 1.02048], L1 1.31588, Spectral 0.23379, Gradient 0.40307, Quantile 0.65304) | LR 1.00e-04
2026-06-27 09:13:35,903 INFO Epoch 40 | Batch 950/1186 | Loss 4.06661 (NLL 3.66669 [logdet 0.81674, mahal 1.01208], L1 1.33792, Spectral 0.22517, Gradient 0.40238, Quantile 0.65927) | LR 1.00e-04
2026-06-27 09:13:56,212 INFO Epoch 40 | Batch 1000/1186 | Loss 3.98710 (NLL 3.60888 [logdet 0.74989, mahal 1.02111], L1 1.28695, Spectral 0.22655, Gradient 0.39991, Quantile 0.65232) | LR 1.00e-04
2026-06-27 09:14:16,525 INFO Epoch 40 | Batch 1050/1186 | Loss 4.01354 (NLL 3.62817 [logdet 0.77276, mahal 1.01753], L1 1.30780, Spectral 0.22741, Gradient 0.39422, Quantile 0.64713) | LR 1.00e-04
2026-06-27 09:14:36,841 INFO Epoch 40 | Batch 1100/1186 | Loss 4.13563 (NLL 3.71272 [logdet 0.85846, mahal 1.01639], L1 1.37647, Spectral 0.22901, Gradient 0.40169, Quantile 0.67370) | LR 1.00e-04
2026-06-27 09:14:57,152 INFO Epoch 40 | Batch 1150/1186 | Loss 3.97869 (NLL 3.62165 [logdet 0.77387, mahal 1.00990], L1 1.28231, Spectral 0.22627, Gradient 0.39067, Quantile 0.63873) | LR 1.00e-04
2026-06-27 09:15:46,020 INFO Epoch 40 | Val Loss 5.23260 (NLL 4.76218 [logdet 0.78215, mahal 2.14216], L1 1.86708, Spectral 0.25665, Gradient 0.42379, Quantile 0.89372)
2026-06-27 09:16:06,603 INFO Epoch 41 | Batch 50/1186 | Loss 4.02739 (NLL 3.63792 [logdet 0.78896, mahal 1.01108], L1 1.30418, Spectral 0.22883, Gradient 0.40346, Quantile 0.64230) | LR 1.00e-04
2026-06-27 09:16:26,880 INFO Epoch 41 | Batch 100/1186 | Loss 4.04438 (NLL 3.64895 [logdet 0.79163, mahal 1.01944], L1 1.31570, Spectral 0.22845, Gradient 0.40421, Quantile 0.65079) | LR 1.00e-04
2026-06-27 09:16:47,181 INFO Epoch 41 | Batch 150/1186 | Loss 4.08223 (NLL 3.67846 [logdet 0.81223, mahal 1.02835], L1 1.33222, Spectral 0.22956, Gradient 0.40827, Quantile 0.65784) | LR 1.00e-04
2026-06-27 09:17:07,491 INFO Epoch 41 | Batch 200/1186 | Loss 4.03260 (NLL 3.63464 [logdet 0.79384, mahal 1.00292], L1 1.30809, Spectral 0.23049, Gradient 0.40289, Quantile 0.65504) | LR 1.00e-04
2026-06-27 09:17:27,800 INFO Epoch 41 | Batch 250/1186 | Loss 3.99249 (NLL 3.61766 [logdet 0.75425, mahal 1.02553], L1 1.28793, Spectral 0.22761, Gradient 0.39774, Quantile 0.63834) | LR 1.00e-04
2026-06-27 09:17:48,121 INFO Epoch 41 | Batch 300/1186 | Loss 4.02418 (NLL 3.63746 [logdet 0.76387, mahal 1.03571], L1 1.30977, Spectral 0.22727, Gradient 0.39840, Quantile 0.65018) | LR 1.00e-04
2026-06-27 09:18:08,436 INFO Epoch 41 | Batch 350/1186 | Loss 4.00931 (NLL 3.63958 [logdet 0.79498, mahal 1.00672], L1 1.30435, Spectral 0.22353, Gradient 0.39591, Quantile 0.64612) | LR 1.00e-04
2026-06-27 09:18:28,750 INFO Epoch 41 | Batch 400/1186 | Loss 4.02101 (NLL 3.64093 [logdet 0.79108, mahal 1.01197], L1 1.30755, Spectral 0.22664, Gradient 0.39708, Quantile 0.65277) | LR 1.00e-04
2026-06-27 09:18:49,061 INFO Epoch 41 | Batch 450/1186 | Loss 3.98425 (NLL 3.57795 [logdet 0.72874, mahal 1.01133], L1 1.28924, Spectral 0.22946, Gradient 0.40389, Quantile 0.63468) | LR 1.00e-04
2026-06-27 09:19:09,365 INFO Epoch 41 | Batch 500/1186 | Loss 3.99910 (NLL 3.61317 [logdet 0.77902, mahal 0.99627], L1 1.29135, Spectral 0.22944, Gradient 0.39923, Quantile 0.64626) | LR 1.00e-04
2026-06-27 09:19:29,647 INFO Epoch 41 | Batch 550/1186 | Loss 4.03984 (NLL 3.63397 [logdet 0.76944, mahal 1.02665], L1 1.30299, Spectral 0.23336, Gradient 0.40925, Quantile 0.64257) | LR 1.00e-04
2026-06-27 09:19:49,928 INFO Epoch 41 | Batch 600/1186 | Loss 4.05002 (NLL 3.66955 [logdet 0.79677, mahal 1.03490], L1 1.32586, Spectral 0.22395, Gradient 0.39912, Quantile 0.65787) | LR 1.00e-04
2026-06-27 09:20:10,236 INFO Epoch 41 | Batch 650/1186 | Loss 4.04738 (NLL 3.65222 [logdet 0.81814, mahal 0.99620], L1 1.31369, Spectral 0.22895, Gradient 0.40644, Quantile 0.63693) | LR 1.00e-04
2026-06-27 09:20:30,548 INFO Epoch 41 | Batch 700/1186 | Loss 4.03345 (NLL 3.65603 [logdet 0.78208, mahal 1.03607], L1 1.31954, Spectral 0.22398, Gradient 0.39569, Quantile 0.66870) | LR 1.00e-04
2026-06-27 09:20:50,865 INFO Epoch 41 | Batch 750/1186 | Loss 4.04763 (NLL 3.64143 [logdet 0.79818, mahal 1.00537], L1 1.32054, Spectral 0.23094, Gradient 0.40119, Quantile 0.64737) | LR 1.00e-04
2026-06-27 09:21:11,170 INFO Epoch 41 | Batch 800/1186 | Loss 4.07493 (NLL 3.65274 [logdet 0.80576, mahal 1.00910], L1 1.33112, Spectral 0.23247, Gradient 0.40872, Quantile 0.65669) | LR 1.00e-04
2026-06-27 09:21:31,478 INFO Epoch 41 | Batch 850/1186 | Loss 4.07076 (NLL 3.66163 [logdet 0.79861, mahal 1.02514], L1 1.33418, Spectral 0.23079, Gradient 0.40091, Quantile 0.66395) | LR 1.00e-04
2026-06-27 09:21:51,784 INFO Epoch 41 | Batch 900/1186 | Loss 4.07889 (NLL 3.67168 [logdet 0.80365, mahal 1.03015], L1 1.33212, Spectral 0.23286, Gradient 0.40165, Quantile 0.66140) | LR 1.00e-04
2026-06-27 09:22:12,093 INFO Epoch 41 | Batch 950/1186 | Loss 3.98202 (NLL 3.60711 [logdet 0.76518, mahal 1.00405], L1 1.28200, Spectral 0.22781, Gradient 0.39803, Quantile 0.63932) | LR 1.00e-04
2026-06-27 09:22:32,395 INFO Epoch 41 | Batch 1000/1186 | Loss 3.97497 (NLL 3.61299 [logdet 0.74858, mahal 1.02654], L1 1.29437, Spectral 0.22243, Gradient 0.38750, Quantile 0.64490) | LR 1.00e-04
2026-06-27 09:22:52,701 INFO Epoch 41 | Batch 1050/1186 | Loss 4.08136 (NLL 3.66653 [logdet 0.82326, mahal 1.00539], L1 1.32143, Spectral 0.23702, Gradient 0.40830, Quantile 0.65292) | LR 1.00e-04
2026-06-27 09:23:13,008 INFO Epoch 41 | Batch 1100/1186 | Loss 3.97156 (NLL 3.58776 [logdet 0.72469, mahal 1.02519], L1 1.28142, Spectral 0.22945, Gradient 0.39448, Quantile 0.63383) | LR 1.00e-04
2026-06-27 09:23:33,326 INFO Epoch 41 | Batch 1150/1186 | Loss 3.96839 (NLL 3.60339 [logdet 0.76287, mahal 1.00264], L1 1.28165, Spectral 0.22366, Gradient 0.39553, Quantile 0.64668) | LR 1.00e-04
2026-06-27 09:24:22,181 INFO Epoch 41 | Val Loss 5.32837 (NLL 4.83162 [logdet 0.75452, mahal 2.23922], L1 1.91063, Spectral 0.26214, Gradient 0.42943, Quantile 1.07694)
2026-06-27 09:24:42,800 INFO Epoch 42 | Batch 50/1186 | Loss 3.90479 (NLL 3.54703 [logdet 0.71393, mahal 0.99522], L1 1.25164, Spectral 0.22220, Gradient 0.39331, Quantile 0.62096) | LR 1.00e-04
2026-06-27 09:25:03,111 INFO Epoch 42 | Batch 100/1186 | Loss 3.91591 (NLL 3.56040 [logdet 0.69542, mahal 1.02710], L1 1.24581, Spectral 0.22504, Gradient 0.39738, Quantile 0.62641) | LR 1.00e-04
2026-06-27 09:25:23,425 INFO Epoch 42 | Batch 150/1186 | Loss 4.06528 (NLL 3.64075 [logdet 0.78958, mahal 1.01329], L1 1.32745, Spectral 0.23303, Gradient 0.40760, Quantile 0.66346) | LR 1.00e-04
2026-06-27 09:25:43,741 INFO Epoch 42 | Batch 200/1186 | Loss 4.00204 (NLL 3.61826 [logdet 0.76298, mahal 1.01740], L1 1.29626, Spectral 0.22678, Gradient 0.40033, Quantile 0.63852) | LR 1.00e-04
2026-06-27 09:26:04,059 INFO Epoch 42 | Batch 250/1186 | Loss 4.00121 (NLL 3.59903 [logdet 0.75180, mahal 1.00935], L1 1.30465, Spectral 0.22670, Gradient 0.40088, Quantile 0.64470) | LR 1.00e-04
2026-06-27 09:26:24,372 INFO Epoch 42 | Batch 300/1186 | Loss 3.99946 (NLL 3.62270 [logdet 0.74006, mahal 1.04477], L1 1.30735, Spectral 0.22209, Gradient 0.39460, Quantile 0.65723) | LR 1.00e-04
2026-06-27 09:26:44,685 INFO Epoch 42 | Batch 350/1186 | Loss 4.05171 (NLL 3.62673 [logdet 0.78252, mahal 1.00634], L1 1.31938, Spectral 0.23361, Gradient 0.40787, Quantile 0.64674) | LR 1.00e-04
2026-06-27 09:27:04,994 INFO Epoch 42 | Batch 400/1186 | Loss 3.96072 (NLL 3.59838 [logdet 0.73702, mahal 1.02348], L1 1.28271, Spectral 0.22373, Gradient 0.38938, Quantile 0.64747) | LR 1.00e-04
2026-06-27 09:27:25,303 INFO Epoch 42 | Batch 450/1186 | Loss 4.02784 (NLL 3.62927 [logdet 0.80073, mahal 0.99067], L1 1.30279, Spectral 0.23112, Gradient 0.40472, Quantile 0.64416) | LR 1.00e-04
2026-06-27 09:27:45,616 INFO Epoch 42 | Batch 500/1186 | Loss 4.01499 (NLL 3.62251 [logdet 0.77211, mahal 1.01252], L1 1.29765, Spectral 0.22879, Gradient 0.40531, Quantile 0.63495) | LR 1.00e-04
2026-06-27 09:28:05,930 INFO Epoch 42 | Batch 550/1186 | Loss 3.96595 (NLL 3.59753 [logdet 0.71628, mahal 1.04337], L1 1.27365, Spectral 0.22616, Gradient 0.39859, Quantile 0.62931) | LR 1.00e-04
2026-06-27 09:28:26,253 INFO Epoch 42 | Batch 600/1186 | Loss 4.02490 (NLL 3.63879 [logdet 0.80002, mahal 1.00090], L1 1.30256, Spectral 0.22898, Gradient 0.40189, Quantile 0.65076) | LR 1.00e-04
2026-06-27 09:28:46,568 INFO Epoch 42 | Batch 650/1186 | Loss 4.06540 (NLL 3.65475 [logdet 0.78949, mahal 1.02738], L1 1.31997, Spectral 0.23267, Gradient 0.40891, Quantile 0.65562) | LR 1.00e-04
2026-06-27 09:29:06,882 INFO Epoch 42 | Batch 700/1186 | Loss 4.01593 (NLL 3.61788 [logdet 0.77866, mahal 1.00134], L1 1.29825, Spectral 0.23225, Gradient 0.40079, Quantile 0.64066) | LR 1.00e-04
2026-06-27 09:29:27,193 INFO Epoch 42 | Batch 750/1186 | Loss 4.08577 (NLL 3.67863 [logdet 0.79975, mahal 1.04101], L1 1.33877, Spectral 0.22978, Gradient 0.40484, Quantile 0.65318) | LR 1.00e-04
2026-06-27 09:29:47,508 INFO Epoch 42 | Batch 800/1186 | Loss 4.05561 (NLL 3.66446 [logdet 0.80828, mahal 1.01831], L1 1.32337, Spectral 0.22632, Gradient 0.40453, Quantile 0.65306) | LR 1.00e-04
2026-06-27 09:30:07,823 INFO Epoch 42 | Batch 850/1186 | Loss 3.92211 (NLL 3.57017 [logdet 0.72897, mahal 1.00332], L1 1.26566, Spectral 0.22191, Gradient 0.38592, Quantile 0.63620) | LR 1.00e-04
2026-06-27 09:30:28,141 INFO Epoch 42 | Batch 900/1186 | Loss 3.98667 (NLL 3.61823 [logdet 0.76360, mahal 1.01675], L1 1.28839, Spectral 0.22679, Gradient 0.39308, Quantile 0.64371) | LR 1.00e-04
2026-06-27 09:30:48,448 INFO Epoch 42 | Batch 950/1186 | Loss 4.09372 (NLL 3.68152 [logdet 0.79874, mahal 1.04490], L1 1.33899, Spectral 0.23212, Gradient 0.40609, Quantile 0.66124) | LR 1.00e-04
2026-06-27 09:31:08,753 INFO Epoch 42 | Batch 1000/1186 | Loss 3.97102 (NLL 3.59214 [logdet 0.72840, mahal 1.02586], L1 1.27110, Spectral 0.23061, Gradient 0.39941, Quantile 0.63583) | LR 1.00e-04
2026-06-27 09:31:29,065 INFO Epoch 42 | Batch 1050/1186 | Loss 3.95685 (NLL 3.57950 [logdet 0.74651, mahal 0.99511], L1 1.27384, Spectral 0.22626, Gradient 0.39812, Quantile 0.63045) | LR 1.00e-04
2026-06-27 09:31:49,386 INFO Epoch 42 | Batch 1100/1186 | Loss 4.03087 (NLL 3.64786 [logdet 0.80086, mahal 1.00912], L1 1.30444, Spectral 0.22832, Gradient 0.40281, Quantile 0.64704) | LR 1.00e-04
2026-06-27 09:32:09,696 INFO Epoch 42 | Batch 1150/1186 | Loss 4.06268 (NLL 3.65308 [logdet 0.78519, mahal 1.03001], L1 1.32827, Spectral 0.23246, Gradient 0.39951, Quantile 0.66159) | LR 1.00e-04
2026-06-27 09:32:58,534 INFO Epoch 42 | Val Loss 5.39337 (NLL 4.98129 [logdet 0.68523, mahal 2.45818], L1 1.91584, Spectral 0.25720, Gradient 0.42505, Quantile 1.06360)
2026-06-27 09:33:19,153 INFO Epoch 43 | Batch 50/1186 | Loss 3.92337 (NLL 3.56917 [logdet 0.73037, mahal 1.00093], L1 1.25109, Spectral 0.22404, Gradient 0.39731, Quantile 0.62162) | LR 1.00e-04
2026-06-27 09:33:39,463 INFO Epoch 43 | Batch 100/1186 | Loss 4.05774 (NLL 3.63146 [logdet 0.75417, mahal 1.03942], L1 1.31775, Spectral 0.23506, Gradient 0.41000, Quantile 0.65010) | LR 1.00e-04
2026-06-27 09:33:59,769 INFO Epoch 43 | Batch 150/1186 | Loss 4.01038 (NLL 3.62213 [logdet 0.76694, mahal 1.01732], L1 1.30093, Spectral 0.22789, Gradient 0.39971, Quantile 0.64346) | LR 1.00e-04
2026-06-27 09:34:20,072 INFO Epoch 43 | Batch 200/1186 | Loss 3.95339 (NLL 3.58422 [logdet 0.74577, mahal 1.00058], L1 1.27281, Spectral 0.22504, Gradient 0.39600, Quantile 0.63747) | LR 1.00e-04
2026-06-27 09:34:40,376 INFO Epoch 43 | Batch 250/1186 | Loss 3.97408 (NLL 3.61123 [logdet 0.74124, mahal 1.03212], L1 1.27834, Spectral 0.22457, Gradient 0.39857, Quantile 0.63896) | LR 1.00e-04
2026-06-27 09:35:00,684 INFO Epoch 43 | Batch 300/1186 | Loss 3.92686 (NLL 3.55662 [logdet 0.70217, mahal 1.01657], L1 1.25599, Spectral 0.22699, Gradient 0.39596, Quantile 0.62775) | LR 1.00e-04
2026-06-27 09:35:20,985 INFO Epoch 43 | Batch 350/1186 | Loss 3.96878 (NLL 3.60172 [logdet 0.74765, mahal 1.01619], L1 1.27701, Spectral 0.22508, Gradient 0.39827, Quantile 0.63547) | LR 1.00e-04
2026-06-27 09:35:41,289 INFO Epoch 43 | Batch 400/1186 | Loss 3.99986 (NLL 3.61782 [logdet 0.77657, mahal 1.00338], L1 1.28935, Spectral 0.22793, Gradient 0.40275, Quantile 0.63914) | LR 1.00e-04
2026-06-27 09:36:01,591 INFO Epoch 43 | Batch 450/1186 | Loss 3.97195 (NLL 3.59276 [logdet 0.73444, mahal 1.02044], L1 1.27134, Spectral 0.22986, Gradient 0.40133, Quantile 0.63623) | LR 1.00e-04
2026-06-27 09:36:21,892 INFO Epoch 43 | Batch 500/1186 | Loss 3.92030 (NLL 3.53655 [logdet 0.70024, mahal 0.99843], L1 1.24534, Spectral 0.23164, Gradient 0.40004, Quantile 0.62285) | LR 1.00e-04
2026-06-27 09:36:42,198 INFO Epoch 43 | Batch 550/1186 | Loss 4.05926 (NLL 3.65520 [logdet 0.77430, mahal 1.04302], L1 1.30969, Spectral 0.23441, Gradient 0.40912, Quantile 0.65498) | LR 1.00e-04
2026-06-27 09:37:02,513 INFO Epoch 43 | Batch 600/1186 | Loss 4.08017 (NLL 3.65635 [logdet 0.80037, mahal 1.01810], L1 1.34401, Spectral 0.22931, Gradient 0.40607, Quantile 0.66424) | LR 1.00e-04
2026-06-27 09:37:22,823 INFO Epoch 43 | Batch 650/1186 | Loss 4.00082 (NLL 3.60913 [logdet 0.76985, mahal 1.00141], L1 1.29660, Spectral 0.22742, Gradient 0.40192, Quantile 0.64556) | LR 1.00e-04
2026-06-27 09:37:43,139 INFO Epoch 43 | Batch 700/1186 | Loss 3.88203 (NLL 3.52704 [logdet 0.68614, mahal 1.00301], L1 1.24134, Spectral 0.22182, Gradient 0.39171, Quantile 0.61498) | LR 1.00e-04
2026-06-27 09:38:03,453 INFO Epoch 43 | Batch 750/1186 | Loss 3.95207 (NLL 3.57878 [logdet 0.72809, mahal 1.01282], L1 1.27457, Spectral 0.22618, Gradient 0.39332, Quantile 0.63183) | LR 1.00e-04
2026-06-27 09:38:23,763 INFO Epoch 43 | Batch 800/1186 | Loss 4.03212 (NLL 3.63112 [logdet 0.77644, mahal 1.01681], L1 1.30616, Spectral 0.23190, Gradient 0.40310, Quantile 0.65513) | LR 1.00e-04
2026-06-27 09:38:44,077 INFO Epoch 43 | Batch 850/1186 | Loss 4.02252 (NLL 3.61775 [logdet 0.77986, mahal 1.00001], L1 1.30502, Spectral 0.23224, Gradient 0.40070, Quantile 0.63791) | LR 1.00e-04
2026-06-27 09:39:04,389 INFO Epoch 43 | Batch 900/1186 | Loss 4.04197 (NLL 3.65257 [logdet 0.77498, mahal 1.03972], L1 1.31611, Spectral 0.22696, Gradient 0.40278, Quantile 0.65472) | LR 1.00e-04
2026-06-27 09:39:24,696 INFO Epoch 43 | Batch 950/1186 | Loss 4.07459 (NLL 3.66435 [logdet 0.81696, mahal 1.00951], L1 1.33069, Spectral 0.23150, Gradient 0.40520, Quantile 0.65406) | LR 1.00e-04
2026-06-27 09:39:45,013 INFO Epoch 43 | Batch 1000/1186 | Loss 3.93722 (NLL 3.58929 [logdet 0.74108, mahal 1.01034], L1 1.27339, Spectral 0.21905, Gradient 0.38968, Quantile 0.64317) | LR 1.00e-04
2026-06-27 09:40:05,323 INFO Epoch 43 | Batch 1050/1186 | Loss 3.98183 (NLL 3.59325 [logdet 0.74675, mahal 1.00862], L1 1.28931, Spectral 0.22750, Gradient 0.39813, Quantile 0.63793) | LR 1.00e-04
2026-06-27 09:40:25,628 INFO Epoch 43 | Batch 1100/1186 | Loss 3.87093 (NLL 3.53749 [logdet 0.69290, mahal 1.00671], L1 1.24190, Spectral 0.21690, Gradient 0.38549, Quantile 0.61893) | LR 1.00e-04
2026-06-27 09:40:45,932 INFO Epoch 43 | Batch 1150/1186 | Loss 4.04880 (NLL 3.65221 [logdet 0.78483, mahal 1.02950], L1 1.31397, Spectral 0.22984, Gradient 0.40572, Quantile 0.65042) | LR 1.00e-04
2026-06-27 09:41:34,801 INFO Epoch 43 | Val Loss 5.25210 (NLL 4.78694 [logdet 0.77963, mahal 2.16943], L1 1.86699, Spectral 0.25863, Gradient 0.42669, Quantile 0.91609)
2026-06-27 09:41:55,413 INFO Epoch 44 | Batch 50/1186 | Loss 4.06055 (NLL 3.63891 [logdet 0.78239, mahal 1.01864], L1 1.31235, Spectral 0.23557, Gradient 0.41327, Quantile 0.64969) | LR 1.00e-04
2026-06-27 09:42:15,716 INFO Epoch 44 | Batch 100/1186 | Loss 3.91738 (NLL 3.55282 [logdet 0.71951, mahal 0.99543], L1 1.25371, Spectral 0.22350, Gradient 0.39799, Quantile 0.61696) | LR 1.00e-04
2026-06-27 09:42:36,011 INFO Epoch 44 | Batch 150/1186 | Loss 3.94029 (NLL 3.55589 [logdet 0.69763, mahal 1.02038], L1 1.25498, Spectral 0.23161, Gradient 0.40078, Quantile 0.63027) | LR 1.00e-04
2026-06-27 09:42:56,290 INFO Epoch 44 | Batch 200/1186 | Loss 3.97392 (NLL 3.59391 [logdet 0.74874, mahal 1.00729], L1 1.27664, Spectral 0.22783, Gradient 0.40172, Quantile 0.63976) | LR 1.00e-04
2026-06-27 09:43:16,572 INFO Epoch 44 | Batch 250/1186 | Loss 4.02408 (NLL 3.62021 [logdet 0.75365, mahal 1.02869], L1 1.30089, Spectral 0.23094, Gradient 0.40766, Quantile 0.64275) | LR 1.00e-04
2026-06-27 09:43:36,844 INFO Epoch 44 | Batch 300/1186 | Loss 3.92344 (NLL 3.55588 [logdet 0.72569, mahal 0.99231], L1 1.25604, Spectral 0.22486, Gradient 0.39732, Quantile 0.62497) | LR 1.00e-04
2026-06-27 09:43:57,115 INFO Epoch 44 | Batch 350/1186 | Loss 3.97248 (NLL 3.60001 [logdet 0.73512, mahal 1.02702], L1 1.27183, Spectral 0.22837, Gradient 0.40092, Quantile 0.62767) | LR 1.00e-04
2026-06-27 09:44:17,385 INFO Epoch 44 | Batch 400/1186 | Loss 3.96033 (NLL 3.57620 [logdet 0.74297, mahal 0.99535], L1 1.27590, Spectral 0.22724, Gradient 0.39908, Quantile 0.63466) | LR 1.00e-04
2026-06-27 09:44:37,659 INFO Epoch 44 | Batch 450/1186 | Loss 3.86199 (NLL 3.50883 [logdet 0.65818, mahal 1.01277], L1 1.22662, Spectral 0.22312, Gradient 0.39268, Quantile 0.61302) | LR 1.00e-04
2026-06-27 09:44:57,938 INFO Epoch 44 | Batch 500/1186 | Loss 3.97274 (NLL 3.59725 [logdet 0.72141, mahal 1.03797], L1 1.28383, Spectral 0.22466, Gradient 0.39852, Quantile 0.63773) | LR 1.00e-04
2026-06-27 09:45:18,214 INFO Epoch 44 | Batch 550/1186 | Loss 3.94738 (NLL 3.58343 [logdet 0.72550, mahal 1.02006], L1 1.27112, Spectral 0.22360, Gradient 0.39517, Quantile 0.63180) | LR 1.00e-04
2026-06-27 09:45:38,482 INFO Epoch 44 | Batch 600/1186 | Loss 4.01623 (NLL 3.60958 [logdet 0.76037, mahal 1.01133], L1 1.30636, Spectral 0.22993, Gradient 0.40200, Quantile 0.64499) | LR 1.00e-04
2026-06-27 09:45:58,741 INFO Epoch 44 | Batch 650/1186 | Loss 3.94782 (NLL 3.56531 [logdet 0.72122, mahal 1.00621], L1 1.26029, Spectral 0.23011, Gradient 0.40145, Quantile 0.63178) | LR 1.00e-04
2026-06-27 09:46:19,025 INFO Epoch 44 | Batch 700/1186 | Loss 3.94031 (NLL 3.56123 [logdet 0.71517, mahal 1.00818], L1 1.26860, Spectral 0.22666, Gradient 0.39521, Quantile 0.61809) | LR 1.00e-04
2026-06-27 09:46:39,333 INFO Epoch 44 | Batch 750/1186 | Loss 3.97970 (NLL 3.61314 [logdet 0.72964, mahal 1.04563], L1 1.29674, Spectral 0.22080, Gradient 0.39303, Quantile 0.64184) | LR 1.00e-04
2026-06-27 09:46:59,644 INFO Epoch 44 | Batch 800/1186 | Loss 3.95752 (NLL 3.58333 [logdet 0.75363, mahal 0.99183], L1 1.27912, Spectral 0.22494, Gradient 0.39453, Quantile 0.64323) | LR 1.00e-04
2026-06-27 09:47:19,956 INFO Epoch 44 | Batch 850/1186 | Loss 3.91421 (NLL 3.55749 [logdet 0.71290, mahal 1.00672], L1 1.24025, Spectral 0.22711, Gradient 0.39826, Quantile 0.61178) | LR 1.00e-04
2026-06-27 09:47:40,266 INFO Epoch 44 | Batch 900/1186 | Loss 3.97974 (NLL 3.59970 [logdet 0.73423, mahal 1.02759], L1 1.28867, Spectral 0.22575, Gradient 0.39721, Quantile 0.64157) | LR 1.00e-04
2026-06-27 09:48:00,573 INFO Epoch 44 | Batch 950/1186 | Loss 4.00517 (NLL 3.61817 [logdet 0.79297, mahal 0.98733], L1 1.29165, Spectral 0.22811, Gradient 0.40511, Quantile 0.62700) | LR 1.00e-04
2026-06-27 09:48:20,885 INFO Epoch 44 | Batch 1000/1186 | Loss 3.97374 (NLL 3.59995 [logdet 0.72596, mahal 1.03611], L1 1.28577, Spectral 0.22538, Gradient 0.39484, Quantile 0.64555) | LR 1.00e-04
2026-06-27 09:48:41,197 INFO Epoch 44 | Batch 1050/1186 | Loss 3.97680 (NLL 3.58547 [logdet 0.72330, mahal 1.02428], L1 1.28415, Spectral 0.22972, Gradient 0.39745, Quantile 0.64042) | LR 1.00e-04
2026-06-27 09:49:01,512 INFO Epoch 44 | Batch 1100/1186 | Loss 3.95478 (NLL 3.57582 [logdet 0.73290, mahal 1.00504], L1 1.26463, Spectral 0.22940, Gradient 0.40036, Quantile 0.62511) | LR 1.00e-04
2026-06-27 09:49:21,820 INFO Epoch 44 | Batch 1150/1186 | Loss 3.92554 (NLL 3.56870 [logdet 0.72293, mahal 1.00789], L1 1.26543, Spectral 0.22138, Gradient 0.39126, Quantile 0.62822) | LR 1.00e-04
2026-06-27 09:50:10,672 INFO Epoch 44 | Val Loss 5.34963 (NLL 4.92363 [logdet 0.70876, mahal 2.37699], L1 1.90018, Spectral 0.25734, Gradient 0.42548, Quantile 1.04936)
2026-06-27 09:50:31,289 INFO Epoch 45 | Batch 50/1186 | Loss 3.82703 (NLL 3.48146 [logdet 0.66739, mahal 0.97620], L1 1.20386, Spectral 0.22395, Gradient 0.39242, Quantile 0.59970) | LR 1.00e-04
2026-06-27 09:50:51,597 INFO Epoch 45 | Batch 100/1186 | Loss 3.92637 (NLL 3.55869 [logdet 0.67245, mahal 1.04836], L1 1.24901, Spectral 0.22840, Gradient 0.39833, Quantile 0.62000) | LR 1.00e-04
2026-06-27 09:51:11,901 INFO Epoch 45 | Batch 150/1186 | Loss 3.97165 (NLL 3.57551 [logdet 0.72767, mahal 1.00997], L1 1.27545, Spectral 0.23284, Gradient 0.39929, Quantile 0.62906) | LR 1.00e-04
2026-06-27 09:51:32,214 INFO Epoch 45 | Batch 200/1186 | Loss 3.93565 (NLL 3.57033 [logdet 0.73470, mahal 0.99775], L1 1.26390, Spectral 0.22493, Gradient 0.39443, Quantile 0.62736) | LR 1.00e-04
2026-06-27 09:51:52,533 INFO Epoch 45 | Batch 250/1186 | Loss 3.93725 (NLL 3.57775 [logdet 0.71406, mahal 1.02581], L1 1.27411, Spectral 0.22005, Gradient 0.39253, Quantile 0.63758) | LR 1.00e-04
2026-06-27 09:52:12,849 INFO Epoch 45 | Batch 300/1186 | Loss 3.94892 (NLL 3.56549 [logdet 0.71029, mahal 1.01733], L1 1.26173, Spectral 0.22665, Gradient 0.40813, Quantile 0.63418) | LR 1.00e-04
2026-06-27 09:52:33,169 INFO Epoch 45 | Batch 350/1186 | Loss 3.96105 (NLL 3.58145 [logdet 0.74265, mahal 1.00092], L1 1.27792, Spectral 0.22510, Gradient 0.39968, Quantile 0.62858) | LR 1.00e-04
2026-06-27 09:52:53,490 INFO Epoch 45 | Batch 400/1186 | Loss 3.98787 (NLL 3.59022 [logdet 0.73117, mahal 1.02118], L1 1.28840, Spectral 0.22944, Gradient 0.40232, Quantile 0.63698) | LR 1.00e-04
2026-06-27 09:53:13,808 INFO Epoch 45 | Batch 450/1186 | Loss 3.99620 (NLL 3.60905 [logdet 0.75655, mahal 1.01462], L1 1.28925, Spectral 0.22895, Gradient 0.40145, Quantile 0.64761) | LR 1.00e-04
2026-06-27 09:53:34,121 INFO Epoch 45 | Batch 500/1186 | Loss 3.91604 (NLL 3.53974 [logdet 0.69593, mahal 1.00593], L1 1.24676, Spectral 0.22774, Gradient 0.40103, Quantile 0.61525) | LR 1.00e-04
2026-06-27 09:53:54,432 INFO Epoch 45 | Batch 550/1186 | Loss 3.93799 (NLL 3.56493 [logdet 0.70374, mahal 1.02332], L1 1.26104, Spectral 0.22576, Gradient 0.40033, Quantile 0.63168) | LR 1.00e-04
2026-06-27 09:54:14,709 INFO Epoch 45 | Batch 600/1186 | Loss 3.85735 (NLL 3.51757 [logdet 0.63553, mahal 1.04416], L1 1.22686, Spectral 0.22142, Gradient 0.38724, Quantile 0.60731) | LR 1.00e-04
2026-06-27 09:54:34,983 INFO Epoch 45 | Batch 650/1186 | Loss 3.89701 (NLL 3.54953 [logdet 0.72204, mahal 0.98962], L1 1.24121, Spectral 0.22264, Gradient 0.39374, Quantile 0.61173) | LR 1.00e-04
2026-06-27 09:54:55,259 INFO Epoch 45 | Batch 700/1186 | Loss 3.99122 (NLL 3.60805 [logdet 0.76317, mahal 1.00701], L1 1.29911, Spectral 0.22532, Gradient 0.39505, Quantile 0.64802) | LR 1.00e-04
2026-06-27 09:55:15,533 INFO Epoch 45 | Batch 750/1186 | Loss 4.00082 (NLL 3.60853 [logdet 0.74180, mahal 1.02886], L1 1.28957, Spectral 0.22962, Gradient 0.40448, Quantile 0.63856) | LR 1.00e-04
2026-06-27 09:55:35,813 INFO Epoch 45 | Batch 800/1186 | Loss 3.89705 (NLL 3.54332 [logdet 0.69706, mahal 1.00839], L1 1.24260, Spectral 0.22316, Gradient 0.39438, Quantile 0.61649) | LR 1.00e-04
2026-06-27 09:55:56,126 INFO Epoch 45 | Batch 850/1186 | Loss 3.95001 (NLL 3.57123 [logdet 0.72231, mahal 1.01105], L1 1.26248, Spectral 0.22893, Gradient 0.40101, Quantile 0.62575) | LR 1.00e-04
2026-06-27 09:56:16,441 INFO Epoch 45 | Batch 900/1186 | Loss 3.87984 (NLL 3.52516 [logdet 0.65864, mahal 1.02864], L1 1.23060, Spectral 0.22461, Gradient 0.39514, Quantile 0.61368) | LR 1.00e-04
2026-06-27 09:56:36,752 INFO Epoch 45 | Batch 950/1186 | Loss 3.96115 (NLL 3.57650 [logdet 0.72849, mahal 1.01013], L1 1.27502, Spectral 0.22769, Gradient 0.39966, Quantile 0.63405) | LR 1.00e-04
2026-06-27 09:56:57,069 INFO Epoch 45 | Batch 1000/1186 | Loss 3.97383 (NLL 3.60369 [logdet 0.76706, mahal 0.99875], L1 1.27646, Spectral 0.22771, Gradient 0.39735, Quantile 0.63286) | LR 1.00e-04
2026-06-27 09:57:17,380 INFO Epoch 45 | Batch 1050/1186 | Loss 3.98211 (NLL 3.58985 [logdet 0.74088, mahal 1.01110], L1 1.28672, Spectral 0.22791, Gradient 0.40169, Quantile 0.64028) | LR 1.00e-04
2026-06-27 09:57:37,695 INFO Epoch 45 | Batch 1100/1186 | Loss 3.97672 (NLL 3.59929 [logdet 0.75773, mahal 1.00369], L1 1.28174, Spectral 0.22545, Gradient 0.40179, Quantile 0.63729) | LR 1.00e-04
2026-06-27 09:57:58,004 INFO Epoch 45 | Batch 1150/1186 | Loss 3.94256 (NLL 3.58540 [logdet 0.68771, mahal 1.05981], L1 1.26527, Spectral 0.22336, Gradient 0.39571, Quantile 0.63529) | LR 1.00e-04
2026-06-27 09:58:46,855 INFO Epoch 45 | Val Loss 5.33719 (NLL 4.89167 [logdet 0.73892, mahal 2.31487], L1 1.89740, Spectral 0.25927, Gradient 0.42762, Quantile 0.92473)
2026-06-27 09:59:07,457 INFO Epoch 46 | Batch 50/1186 | Loss 3.83716 (NLL 3.49839 [logdet 0.64464, mahal 1.01588], L1 1.21239, Spectral 0.22108, Gradient 0.39169, Quantile 0.61003) | LR 1.00e-04
2026-06-27 09:59:27,761 INFO Epoch 46 | Batch 100/1186 | Loss 3.85351 (NLL 3.51567 [logdet 0.65452, mahal 1.02327], L1 1.22226, Spectral 0.21988, Gradient 0.39205, Quantile 0.59973) | LR 1.00e-04
2026-06-27 09:59:48,069 INFO Epoch 46 | Batch 150/1186 | Loss 3.93295 (NLL 3.56832 [logdet 0.71943, mahal 1.01101], L1 1.25799, Spectral 0.22491, Gradient 0.39853, Quantile 0.62516) | LR 1.00e-04
2026-06-27 10:00:08,377 INFO Epoch 46 | Batch 200/1186 | Loss 3.88398 (NLL 3.52411 [logdet 0.66365, mahal 1.02258], L1 1.23297, Spectral 0.22420, Gradient 0.39818, Quantile 0.61761) | LR 1.00e-04
2026-06-27 10:00:28,688 INFO Epoch 46 | Batch 250/1186 | Loss 4.01646 (NLL 3.61574 [logdet 0.76502, mahal 1.01284], L1 1.30164, Spectral 0.22812, Gradient 0.40753, Quantile 0.64367) | LR 1.00e-04
2026-06-27 10:00:48,998 INFO Epoch 46 | Batch 300/1186 | Loss 3.88162 (NLL 3.52397 [logdet 0.67079, mahal 1.01529], L1 1.23078, Spectral 0.22663, Gradient 0.39312, Quantile 0.61049) | LR 1.00e-04
2026-06-27 10:01:09,304 INFO Epoch 46 | Batch 350/1186 | Loss 3.79743 (NLL 3.46252 [logdet 0.62713, mahal 0.99751], L1 1.19756, Spectral 0.21929, Gradient 0.38862, Quantile 0.58928) | LR 1.00e-04
2026-06-27 10:01:29,608 INFO Epoch 46 | Batch 400/1186 | Loss 3.81330 (NLL 3.48223 [logdet 0.62713, mahal 1.01723], L1 1.20695, Spectral 0.21810, Gradient 0.38782, Quantile 0.60583) | LR 1.00e-04
2026-06-27 10:01:49,918 INFO Epoch 46 | Batch 450/1186 | Loss 3.92580 (NLL 3.55282 [logdet 0.69553, mahal 1.01942], L1 1.25621, Spectral 0.22510, Gradient 0.40042, Quantile 0.62801) | LR 1.00e-04
2026-06-27 10:02:10,209 INFO Epoch 46 | Batch 500/1186 | Loss 3.92324 (NLL 3.56061 [logdet 0.71746, mahal 1.00527], L1 1.26015, Spectral 0.22200, Gradient 0.39675, Quantile 0.62508) | LR 1.00e-04
2026-06-27 10:02:30,491 INFO Epoch 46 | Batch 550/1186 | Loss 3.87443 (NLL 3.53010 [logdet 0.68301, mahal 1.00921], L1 1.23136, Spectral 0.22237, Gradient 0.39139, Quantile 0.60504) | LR 1.00e-04
2026-06-27 10:02:50,795 INFO Epoch 46 | Batch 600/1186 | Loss 3.94725 (NLL 3.55326 [logdet 0.69761, mahal 1.01778], L1 1.26247, Spectral 0.23047, Gradient 0.40385, Quantile 0.63083) | LR 1.00e-04
2026-06-27 10:03:11,101 INFO Epoch 46 | Batch 650/1186 | Loss 3.86842 (NLL 3.50864 [logdet 0.65881, mahal 1.01195], L1 1.23230, Spectral 0.22345, Gradient 0.39284, Quantile 0.61593) | LR 1.00e-04
2026-06-27 10:03:31,415 INFO Epoch 46 | Batch 700/1186 | Loss 3.92803 (NLL 3.54865 [logdet 0.68901, mahal 1.02177], L1 1.25831, Spectral 0.22697, Gradient 0.39872, Quantile 0.62493) | LR 1.00e-04
2026-06-27 10:03:51,724 INFO Epoch 46 | Batch 750/1186 | Loss 3.89652 (NLL 3.54310 [logdet 0.69606, mahal 1.00916], L1 1.24445, Spectral 0.22262, Gradient 0.39329, Quantile 0.61910) | LR 1.00e-04
2026-06-27 10:04:12,030 INFO Epoch 46 | Batch 800/1186 | Loss 3.96635 (NLL 3.58984 [logdet 0.72985, mahal 1.02212], L1 1.27556, Spectral 0.22509, Gradient 0.40304, Quantile 0.63628) | LR 1.00e-04
2026-06-27 10:04:32,337 INFO Epoch 46 | Batch 850/1186 | Loss 3.91650 (NLL 3.53924 [logdet 0.68933, mahal 1.01203], L1 1.24881, Spectral 0.22761, Gradient 0.40001, Quantile 0.62015) | LR 1.00e-04
2026-06-27 10:04:52,641 INFO Epoch 46 | Batch 900/1186 | Loss 3.97367 (NLL 3.57820 [logdet 0.71467, mahal 1.02565], L1 1.26999, Spectral 0.23309, Gradient 0.40469, Quantile 0.63264) | LR 1.00e-04
2026-06-27 10:05:12,937 INFO Epoch 46 | Batch 950/1186 | Loss 3.95289 (NLL 3.56695 [logdet 0.72869, mahal 1.00038], L1 1.26264, Spectral 0.23072, Gradient 0.40202, Quantile 0.63051) | LR 1.00e-04
2026-06-27 10:05:33,240 INFO Epoch 46 | Batch 1000/1186 | Loss 3.90761 (NLL 3.55841 [logdet 0.71051, mahal 1.01002], L1 1.25036, Spectral 0.22170, Gradient 0.39278, Quantile 0.62197) | LR 1.00e-04
2026-06-27 10:05:53,551 INFO Epoch 46 | Batch 1050/1186 | Loss 3.91033 (NLL 3.54585 [logdet 0.67593, mahal 1.03204], L1 1.24872, Spectral 0.22470, Gradient 0.39691, Quantile 0.62220) | LR 1.00e-04
2026-06-27 10:06:13,863 INFO Epoch 46 | Batch 1100/1186 | Loss 3.94686 (NLL 3.56657 [logdet 0.71235, mahal 1.01635], L1 1.25983, Spectral 0.23016, Gradient 0.40025, Quantile 0.62648) | LR 1.00e-04
2026-06-27 10:06:34,175 INFO Epoch 46 | Batch 1150/1186 | Loss 3.96264 (NLL 3.57647 [logdet 0.73388, mahal 1.00472], L1 1.27562, Spectral 0.22676, Gradient 0.40243, Quantile 0.62310) | LR 1.00e-04
2026-06-27 10:07:23,021 INFO Epoch 46 | Val Loss 5.40656 (NLL 5.00119 [logdet 0.66995, mahal 2.49336], L1 1.90072, Spectral 0.26311, Gradient 0.43063, Quantile 1.04675)
2026-06-27 10:07:43,632 INFO Epoch 47 | Batch 50/1186 | Loss 3.87609 (NLL 3.52371 [logdet 0.66806, mahal 1.01777], L1 1.23694, Spectral 0.22114, Gradient 0.39323, Quantile 0.61773) | LR 1.00e-04
2026-06-27 10:08:03,939 INFO Epoch 47 | Batch 100/1186 | Loss 3.85677 (NLL 3.50933 [logdet 0.65670, mahal 1.01475], L1 1.21520, Spectral 0.22447, Gradient 0.39565, Quantile 0.59482) | LR 1.00e-04
2026-06-27 10:08:24,247 INFO Epoch 47 | Batch 150/1186 | Loss 3.99011 (NLL 3.59722 [logdet 0.74756, mahal 1.01178], L1 1.28645, Spectral 0.22764, Gradient 0.40668, Quantile 0.64441) | LR 1.00e-04
2026-06-27 10:08:44,563 INFO Epoch 47 | Batch 200/1186 | Loss 3.81199 (NLL 3.48769 [logdet 0.64176, mahal 1.00806], L1 1.20429, Spectral 0.21832, Gradient 0.38601, Quantile 0.59914) | LR 1.00e-04
2026-06-27 10:09:04,869 INFO Epoch 47 | Batch 250/1186 | Loss 3.96283 (NLL 3.58381 [logdet 0.71509, mahal 1.03084], L1 1.26743, Spectral 0.22876, Gradient 0.40289, Quantile 0.63372) | LR 1.00e-04
2026-06-27 10:09:25,184 INFO Epoch 47 | Batch 300/1186 | Loss 3.95497 (NLL 3.57687 [logdet 0.73456, mahal 1.00444], L1 1.27475, Spectral 0.22582, Gradient 0.39761, Quantile 0.63500) | LR 1.00e-04
2026-06-27 10:09:45,469 INFO Epoch 47 | Batch 350/1186 | Loss 3.84409 (NLL 3.49792 [logdet 0.64718, mahal 1.01286], L1 1.22012, Spectral 0.22073, Gradient 0.39184, Quantile 0.60107) | LR 1.00e-04
2026-06-27 10:10:05,769 INFO Epoch 47 | Batch 400/1186 | Loss 3.84549 (NLL 3.49125 [logdet 0.64067, mahal 1.01270], L1 1.21541, Spectral 0.22306, Gradient 0.39620, Quantile 0.61216) | LR 1.00e-04
2026-06-27 10:10:26,083 INFO Epoch 47 | Batch 450/1186 | Loss 3.92446 (NLL 3.55727 [logdet 0.69157, mahal 1.02782], L1 1.26484, Spectral 0.22128, Gradient 0.39649, Quantile 0.63430) | LR 1.00e-04
2026-06-27 10:10:46,392 INFO Epoch 47 | Batch 500/1186 | Loss 3.88244 (NLL 3.53028 [logdet 0.68864, mahal 1.00377], L1 1.23487, Spectral 0.22380, Gradient 0.39273, Quantile 0.60541) | LR 1.00e-04
2026-06-27 10:11:06,697 INFO Epoch 47 | Batch 550/1186 | Loss 3.87007 (NLL 3.51434 [logdet 0.66244, mahal 1.01403], L1 1.22713, Spectral 0.22380, Gradient 0.39592, Quantile 0.60535) | LR 1.00e-04
2026-06-27 10:11:27,009 INFO Epoch 47 | Batch 600/1186 | Loss 3.89934 (NLL 3.53107 [logdet 0.69845, mahal 0.99474], L1 1.23793, Spectral 0.22765, Gradient 0.39781, Quantile 0.61648) | LR 1.00e-04
2026-06-27 10:11:47,316 INFO Epoch 47 | Batch 650/1186 | Loss 3.93041 (NLL 3.54424 [logdet 0.68063, mahal 1.02573], L1 1.25906, Spectral 0.22812, Gradient 0.40007, Quantile 0.62342) | LR 1.00e-04
2026-06-27 10:12:07,632 INFO Epoch 47 | Batch 700/1186 | Loss 3.86374 (NLL 3.50307 [logdet 0.65333, mahal 1.01186], L1 1.22779, Spectral 0.22390, Gradient 0.39443, Quantile 0.61025) | LR 1.00e-04
2026-06-27 10:12:27,938 INFO Epoch 47 | Batch 750/1186 | Loss 3.87837 (NLL 3.51156 [logdet 0.67956, mahal 0.99413], L1 1.22585, Spectral 0.22866, Gradient 0.39656, Quantile 0.60836) | LR 1.00e-04
2026-06-27 10:12:48,244 INFO Epoch 47 | Batch 800/1186 | Loss 3.94198 (NLL 3.56074 [logdet 0.68674, mahal 1.03612], L1 1.26381, Spectral 0.22771, Gradient 0.39953, Quantile 0.63101) | LR 1.00e-04
2026-06-27 10:13:08,543 INFO Epoch 47 | Batch 850/1186 | Loss 3.88990 (NLL 3.52836 [logdet 0.67866, mahal 1.01183], L1 1.23758, Spectral 0.22406, Gradient 0.39770, Quantile 0.61328) | LR 1.00e-04
2026-06-27 10:13:28,839 INFO Epoch 47 | Batch 900/1186 | Loss 3.90501 (NLL 3.54180 [logdet 0.68275, mahal 1.02118], L1 1.24963, Spectral 0.22336, Gradient 0.39559, Quantile 0.62941) | LR 1.00e-04
2026-06-27 10:13:49,134 INFO Epoch 47 | Batch 950/1186 | Loss 4.00956 (NLL 3.61164 [logdet 0.76805, mahal 1.00572], L1 1.30106, Spectral 0.22841, Gradient 0.40281, Quantile 0.64219) | LR 1.00e-04
2026-06-27 10:14:09,439 INFO Epoch 47 | Batch 1000/1186 | Loss 3.84555 (NLL 3.50566 [logdet 0.63311, mahal 1.03467], L1 1.22079, Spectral 0.21998, Gradient 0.39041, Quantile 0.60064) | LR 1.00e-04
2026-06-27 10:14:29,744 INFO Epoch 47 | Batch 1050/1186 | Loss 3.99075 (NLL 3.59730 [logdet 0.77187, mahal 0.98754], L1 1.27521, Spectral 0.23401, Gradient 0.40503, Quantile 0.63090) | LR 1.00e-04
2026-06-27 10:14:50,045 INFO Epoch 47 | Batch 1100/1186 | Loss 3.89702 (NLL 3.54136 [logdet 0.66979, mahal 1.03370], L1 1.24849, Spectral 0.22124, Gradient 0.39356, Quantile 0.62618) | LR 1.00e-04
2026-06-27 10:15:10,356 INFO Epoch 47 | Batch 1150/1186 | Loss 3.97681 (NLL 3.59188 [logdet 0.73584, mahal 1.01817], L1 1.28285, Spectral 0.22714, Gradient 0.40091, Quantile 0.63493) | LR 1.00e-04
2026-06-27 10:15:59,212 INFO Epoch 47 | Val Loss 5.49189 (NLL 5.22977 [logdet 0.52455, mahal 2.86735], L1 1.88817, Spectral 0.25804, Gradient 0.42519, Quantile 1.01745)
2026-06-27 10:16:19,825 INFO Epoch 48 | Batch 50/1186 | Loss 3.90864 (NLL 3.53181 [logdet 0.68238, mahal 1.01155], L1 1.24115, Spectral 0.22710, Gradient 0.40443, Quantile 0.61965) | LR 1.00e-04
2026-06-27 10:16:40,127 INFO Epoch 48 | Batch 100/1186 | Loss 3.84098 (NLL 3.48889 [logdet 0.63738, mahal 1.01363], L1 1.20764, Spectral 0.22574, Gradient 0.39498, Quantile 0.59406) | LR 1.00e-04
2026-06-27 10:17:00,428 INFO Epoch 48 | Batch 150/1186 | Loss 3.87054 (NLL 3.50320 [logdet 0.64643, mahal 1.01888], L1 1.22297, Spectral 0.22676, Gradient 0.39972, Quantile 0.61248) | LR 1.00e-04
2026-06-27 10:17:20,747 INFO Epoch 48 | Batch 200/1186 | Loss 3.84535 (NLL 3.50540 [logdet 0.67082, mahal 0.99669], L1 1.22673, Spectral 0.21862, Gradient 0.38741, Quantile 0.60474) | LR 1.00e-04
2026-06-27 10:17:41,051 INFO Epoch 48 | Batch 250/1186 | Loss 3.84397 (NLL 3.50850 [logdet 0.64904, mahal 1.02158], L1 1.22625, Spectral 0.21689, Gradient 0.38859, Quantile 0.61299) | LR 1.00e-04
2026-06-27 10:18:01,361 INFO Epoch 48 | Batch 300/1186 | Loss 3.81353 (NLL 3.46688 [logdet 0.63068, mahal 0.99832], L1 1.20638, Spectral 0.21941, Gradient 0.39329, Quantile 0.59646) | LR 1.00e-04
2026-06-27 10:18:21,668 INFO Epoch 48 | Batch 350/1186 | Loss 3.91523 (NLL 3.55118 [logdet 0.68330, mahal 1.03000], L1 1.25017, Spectral 0.22580, Gradient 0.39540, Quantile 0.61713) | LR 1.00e-04
2026-06-27 10:18:41,977 INFO Epoch 48 | Batch 400/1186 | Loss 3.86288 (NLL 3.52564 [logdet 0.68464, mahal 1.00313], L1 1.22972, Spectral 0.22018, Gradient 0.38848, Quantile 0.61727) | LR 1.00e-04
2026-06-27 10:19:02,285 INFO Epoch 48 | Batch 450/1186 | Loss 3.89867 (NLL 3.53653 [logdet 0.66987, mahal 1.02878], L1 1.24367, Spectral 0.22468, Gradient 0.39507, Quantile 0.61489) | LR 1.00e-04
2026-06-27 10:19:22,587 INFO Epoch 48 | Batch 500/1186 | Loss 4.02584 (NLL 3.60838 [logdet 0.75501, mahal 1.01549], L1 1.30422, Spectral 0.23145, Gradient 0.41080, Quantile 0.64504) | LR 1.00e-04
2026-06-27 10:19:42,893 INFO Epoch 48 | Batch 550/1186 | Loss 3.83367 (NLL 3.48984 [logdet 0.61859, mahal 1.03337], L1 1.20934, Spectral 0.22348, Gradient 0.39045, Quantile 0.60747) | LR 1.00e-04
2026-06-27 10:20:03,199 INFO Epoch 48 | Batch 600/1186 | Loss 3.84431 (NLL 3.49432 [logdet 0.65588, mahal 1.00057], L1 1.22494, Spectral 0.22035, Gradient 0.38992, Quantile 0.60767) | LR 1.00e-04
2026-06-27 10:20:23,497 INFO Epoch 48 | Batch 650/1186 | Loss 3.86068 (NLL 3.51335 [logdet 0.67272, mahal 1.00275], L1 1.22315, Spectral 0.22205, Gradient 0.39479, Quantile 0.60880) | LR 1.00e-04
2026-06-27 10:20:43,796 INFO Epoch 48 | Batch 700/1186 | Loss 3.93460 (NLL 3.55413 [logdet 0.70882, mahal 1.00744], L1 1.26592, Spectral 0.22281, Gradient 0.40361, Quantile 0.63218) | LR 1.00e-04
2026-06-27 10:21:04,105 INFO Epoch 48 | Batch 750/1186 | Loss 3.86896 (NLL 3.50685 [logdet 0.64691, mahal 1.02206], L1 1.22448, Spectral 0.22514, Gradient 0.39829, Quantile 0.61195) | LR 1.00e-04
2026-06-27 10:21:24,420 INFO Epoch 48 | Batch 800/1186 | Loss 3.90814 (NLL 3.53200 [logdet 0.68669, mahal 1.00743], L1 1.24884, Spectral 0.22595, Gradient 0.39881, Quantile 0.61794) | LR 1.00e-04
2026-06-27 10:21:44,732 INFO Epoch 48 | Batch 850/1186 | Loss 3.90855 (NLL 3.52372 [logdet 0.67833, mahal 1.00751], L1 1.24620, Spectral 0.22748, Gradient 0.40260, Quantile 0.61974) | LR 1.00e-04
2026-06-27 10:22:05,039 INFO Epoch 48 | Batch 900/1186 | Loss 3.86958 (NLL 3.53072 [logdet 0.68069, mahal 1.01215], L1 1.23532, Spectral 0.21904, Gradient 0.38943, Quantile 0.62292) | LR 1.00e-04
2026-06-27 10:22:25,336 INFO Epoch 48 | Batch 950/1186 | Loss 4.00974 (NLL 3.60437 [logdet 0.72372, mahal 1.04278], L1 1.29397, Spectral 0.23235, Gradient 0.40525, Quantile 0.64470) | LR 1.00e-04
2026-06-27 10:22:45,636 INFO Epoch 48 | Batch 1000/1186 | Loss 3.92061 (NLL 3.53613 [logdet 0.69790, mahal 1.00035], L1 1.24821, Spectral 0.22857, Gradient 0.40407, Quantile 0.62170) | LR 1.00e-04
2026-06-27 10:23:05,935 INFO Epoch 48 | Batch 1050/1186 | Loss 3.89010 (NLL 3.52339 [logdet 0.68490, mahal 1.00061], L1 1.23567, Spectral 0.22604, Gradient 0.39806, Quantile 0.62009) | LR 1.00e-04
2026-06-27 10:23:26,232 INFO Epoch 48 | Batch 1100/1186 | Loss 3.84203 (NLL 3.49352 [logdet 0.63112, mahal 1.02452], L1 1.21179, Spectral 0.22673, Gradient 0.38773, Quantile 0.59745) | LR 1.00e-04
2026-06-27 10:23:46,545 INFO Epoch 48 | Batch 1150/1186 | Loss 3.90717 (NLL 3.55918 [logdet 0.70992, mahal 1.01138], L1 1.25165, Spectral 0.22004, Gradient 0.39415, Quantile 0.62129) | LR 1.00e-04
2026-06-27 10:24:35,402 INFO Epoch 48 | Val Loss 5.46372 (NLL 5.17971 [logdet 0.50238, mahal 2.83946], L1 1.88431, Spectral 0.25810, Gradient 0.42577, Quantile 1.00141)
2026-06-27 10:24:56,135 INFO Epoch 49 | Batch 50/1186 | Loss 3.84381 (NLL 3.49546 [logdet 0.62441, mahal 1.03318], L1 1.21333, Spectral 0.22363, Gradient 0.39338, Quantile 0.60920) | LR 1.00e-04
2026-06-27 10:25:16,445 INFO Epoch 49 | Batch 100/1186 | Loss 3.85202 (NLL 3.50898 [logdet 0.66487, mahal 1.00624], L1 1.21743, Spectral 0.22204, Gradient 0.39408, Quantile 0.60836) | LR 1.00e-04
2026-06-27 10:25:36,745 INFO Epoch 49 | Batch 150/1186 | Loss 3.84449 (NLL 3.50899 [logdet 0.66624, mahal 1.00488], L1 1.22239, Spectral 0.21824, Gradient 0.38981, Quantile 0.61177) | LR 1.00e-04
2026-06-27 10:25:57,046 INFO Epoch 49 | Batch 200/1186 | Loss 3.89135 (NLL 3.51427 [logdet 0.67873, mahal 0.99766], L1 1.24213, Spectral 0.22553, Gradient 0.39848, Quantile 0.60965) | LR 1.00e-04
2026-06-27 10:26:17,348 INFO Epoch 49 | Batch 250/1186 | Loss 3.83143 (NLL 3.49197 [logdet 0.62789, mahal 1.02621], L1 1.21126, Spectral 0.22042, Gradient 0.39168, Quantile 0.60743) | LR 1.00e-04
2026-06-27 10:26:37,658 INFO Epoch 49 | Batch 300/1186 | Loss 3.80653 (NLL 3.45526 [logdet 0.61675, mahal 1.00064], L1 1.19428, Spectral 0.22404, Gradient 0.39434, Quantile 0.59187) | LR 1.00e-04
2026-06-27 10:26:57,969 INFO Epoch 49 | Batch 350/1186 | Loss 3.86991 (NLL 3.51290 [logdet 0.65756, mahal 1.01746], L1 1.22237, Spectral 0.22593, Gradient 0.39671, Quantile 0.60382) | LR 1.00e-04
2026-06-27 10:27:18,283 INFO Epoch 49 | Batch 400/1186 | Loss 3.85406 (NLL 3.48715 [logdet 0.63466, mahal 1.01462], L1 1.21738, Spectral 0.22579, Gradient 0.39893, Quantile 0.60166) | LR 1.00e-04
2026-06-27 10:27:38,591 INFO Epoch 49 | Batch 450/1186 | Loss 3.91813 (NLL 3.52254 [logdet 0.67164, mahal 1.01302], L1 1.25161, Spectral 0.22924, Gradient 0.40360, Quantile 0.62021) | LR 1.00e-04
2026-06-27 10:27:58,898 INFO Epoch 49 | Batch 500/1186 | Loss 3.81695 (NLL 3.45815 [logdet 0.61171, mahal 1.00857], L1 1.19746, Spectral 0.22710, Gradient 0.39366, Quantile 0.59071) | LR 1.00e-04
2026-06-27 10:28:19,202 INFO Epoch 49 | Batch 550/1186 | Loss 3.83491 (NLL 3.48828 [logdet 0.60730, mahal 1.04310], L1 1.20987, Spectral 0.22227, Gradient 0.39438, Quantile 0.59423) | LR 1.00e-04
2026-06-27 10:28:39,476 INFO Epoch 49 | Batch 600/1186 | Loss 3.86135 (NLL 3.51953 [logdet 0.68485, mahal 0.99681], L1 1.22423, Spectral 0.22105, Gradient 0.39346, Quantile 0.61669) | LR 1.00e-04
2026-06-27 10:28:59,746 INFO Epoch 49 | Batch 650/1186 | Loss 3.84961 (NLL 3.48634 [logdet 0.65463, mahal 0.99383], L1 1.21195, Spectral 0.22536, Gradient 0.40116, Quantile 0.60152) | LR 1.00e-04
2026-06-27 10:29:20,055 INFO Epoch 49 | Batch 700/1186 | Loss 3.93405 (NLL 3.55688 [logdet 0.69746, mahal 1.02155], L1 1.25525, Spectral 0.22753, Gradient 0.40238, Quantile 0.62103) | LR 1.00e-04
2026-06-27 10:29:40,362 INFO Epoch 49 | Batch 750/1186 | Loss 3.84369 (NLL 3.49506 [logdet 0.64104, mahal 1.01614], L1 1.21963, Spectral 0.22102, Gradient 0.39272, Quantile 0.61048) | LR 1.00e-04
2026-06-27 10:30:00,670 INFO Epoch 49 | Batch 800/1186 | Loss 3.85458 (NLL 3.51622 [logdet 0.66878, mahal 1.00956], L1 1.22699, Spectral 0.21973, Gradient 0.38857, Quantile 0.60610) | LR 1.00e-04
2026-06-27 10:30:20,978 INFO Epoch 49 | Batch 850/1186 | Loss 3.80768 (NLL 3.47734 [logdet 0.62709, mahal 1.01238], L1 1.20362, Spectral 0.21816, Gradient 0.38784, Quantile 0.60019) | LR 1.00e-04
2026-06-27 10:30:41,293 INFO Epoch 49 | Batch 900/1186 | Loss 3.94032 (NLL 3.56444 [logdet 0.71037, mahal 1.01620], L1 1.25678, Spectral 0.22592, Gradient 0.40659, Quantile 0.62483) | LR 1.00e-04
2026-06-27 10:31:01,604 INFO Epoch 49 | Batch 950/1186 | Loss 3.91716 (NLL 3.53805 [logdet 0.69644, mahal 1.00374], L1 1.24980, Spectral 0.22779, Gradient 0.39989, Quantile 0.62155) | LR 1.00e-04
2026-06-27 10:31:21,910 INFO Epoch 49 | Batch 1000/1186 | Loss 3.83861 (NLL 3.50648 [logdet 0.66972, mahal 0.99889], L1 1.21452, Spectral 0.22005, Gradient 0.38923, Quantile 0.60957) | LR 1.00e-04
2026-06-27 10:31:42,224 INFO Epoch 49 | Batch 1050/1186 | Loss 3.92736 (NLL 3.56439 [logdet 0.68697, mahal 1.03954], L1 1.26402, Spectral 0.22268, Gradient 0.39376, Quantile 0.63512) | LR 1.00e-04
2026-06-27 10:32:02,526 INFO Epoch 49 | Batch 1100/1186 | Loss 3.87777 (NLL 3.50473 [logdet 0.65776, mahal 1.00909], L1 1.23054, Spectral 0.22582, Gradient 0.40058, Quantile 0.60723) | LR 1.00e-04
2026-06-27 10:32:22,835 INFO Epoch 49 | Batch 1150/1186 | Loss 3.90399 (NLL 3.53855 [logdet 0.68476, mahal 1.01591], L1 1.24919, Spectral 0.22400, Gradient 0.39530, Quantile 0.61717) | LR 1.00e-04
2026-06-27 10:33:11,686 INFO Epoch 49 | Val Loss 5.45824 (NLL 5.11973 [logdet 0.60780, mahal 2.67405], L1 1.90925, Spectral 0.25802, Gradient 0.42551, Quantile 1.07155)
2026-06-27 10:33:32,290 INFO Epoch 50 | Batch 50/1186 | Loss 3.73462 (NLL 3.41119 [logdet 0.56617, mahal 1.00715], L1 1.16490, Spectral 0.21747, Gradient 0.38803, Quantile 0.58389) | LR 5.00e-05
2026-06-27 10:33:52,591 INFO Epoch 50 | Batch 100/1186 | Loss 3.68061 (NLL 3.36704 [logdet 0.48728, mahal 1.04188], L1 1.13262, Spectral 0.21742, Gradient 0.38848, Quantile 0.55892) | LR 5.00e-05
2026-06-27 10:34:12,872 INFO Epoch 50 | Batch 150/1186 | Loss 3.64555 (NLL 3.33919 [logdet 0.52555, mahal 0.97577], L1 1.11680, Spectral 0.21564, Gradient 0.38699, Quantile 0.55425) | LR 5.00e-05
2026-06-27 10:34:33,175 INFO Epoch 50 | Batch 200/1186 | Loss 3.73779 (NLL 3.39158 [logdet 0.54588, mahal 1.00782], L1 1.15991, Spectral 0.22226, Gradient 0.39556, Quantile 0.58061) | LR 5.00e-05
2026-06-27 10:34:53,488 INFO Epoch 50 | Batch 250/1186 | Loss 3.65776 (NLL 3.33716 [logdet 0.49540, mahal 1.00388], L1 1.12606, Spectral 0.21813, Gradient 0.38572, Quantile 0.55224) | LR 5.00e-05
2026-06-27 10:35:13,793 INFO Epoch 50 | Batch 300/1186 | Loss 3.70488 (NLL 3.37822 [logdet 0.50655, mahal 1.03379], L1 1.14625, Spectral 0.21818, Gradient 0.39177, Quantile 0.57266) | LR 5.00e-05
2026-06-27 10:35:34,112 INFO Epoch 50 | Batch 350/1186 | Loss 3.72060 (NLL 3.39440 [logdet 0.52500, mahal 1.03152], L1 1.15166, Spectral 0.21977, Gradient 0.39066, Quantile 0.57117) | LR 5.00e-05
2026-06-27 10:35:54,417 INFO Epoch 50 | Batch 400/1186 | Loss 3.75245 (NLL 3.40959 [logdet 0.56828, mahal 1.00344], L1 1.16365, Spectral 0.22246, Gradient 0.39699, Quantile 0.57801) | LR 5.00e-05
2026-06-27 10:36:14,719 INFO Epoch 50 | Batch 450/1186 | Loss 3.70751 (NLL 3.39296 [logdet 0.52628, mahal 1.02880], L1 1.14664, Spectral 0.21757, Gradient 0.38809, Quantile 0.56591) | LR 5.00e-05
2026-06-27 10:36:35,004 INFO Epoch 50 | Batch 500/1186 | Loss 3.63618 (NLL 3.32863 [logdet 0.50381, mahal 0.98693], L1 1.12148, Spectral 0.21304, Gradient 0.38385, Quantile 0.56023) | LR 5.00e-05
2026-06-27 10:36:55,287 INFO Epoch 50 | Batch 550/1186 | Loss 3.67371 (NLL 3.34764 [logdet 0.50309, mahal 1.00667], L1 1.12787, Spectral 0.21963, Gradient 0.39123, Quantile 0.55861) | LR 5.00e-05
2026-06-27 10:37:15,573 INFO Epoch 50 | Batch 600/1186 | Loss 3.75866 (NLL 3.42110 [logdet 0.53882, mahal 1.04440], L1 1.15637, Spectral 0.22573, Gradient 0.39775, Quantile 0.57702) | LR 5.00e-05
2026-06-27 10:37:35,857 INFO Epoch 50 | Batch 650/1186 | Loss 3.65986 (NLL 3.35286 [logdet 0.51992, mahal 0.99506], L1 1.12581, Spectral 0.21532, Gradient 0.38615, Quantile 0.55735) | LR 5.00e-05
2026-06-27 10:37:56,131 INFO Epoch 50 | Batch 700/1186 | Loss 3.73441 (NLL 3.40580 [logdet 0.53402, mahal 1.03390], L1 1.15779, Spectral 0.21931, Gradient 0.39353, Quantile 0.57601) | LR 5.00e-05
2026-06-27 10:38:16,406 INFO Epoch 50 | Batch 750/1186 | Loss 3.75461 (NLL 3.41741 [logdet 0.56369, mahal 1.01584], L1 1.17523, Spectral 0.21854, Gradient 0.39215, Quantile 0.58634) | LR 5.00e-05
2026-06-27 10:38:36,680 INFO Epoch 50 | Batch 800/1186 | Loss 3.70491 (NLL 3.37814 [logdet 0.57786, mahal 0.96240], L1 1.14228, Spectral 0.21915, Gradient 0.39370, Quantile 0.56582) | LR 5.00e-05
2026-06-27 10:38:56,950 INFO Epoch 50 | Batch 850/1186 | Loss 3.69168 (NLL 3.35306 [logdet 0.48077, mahal 1.03442], L1 1.14104, Spectral 0.21872, Gradient 0.39511, Quantile 0.56469) | LR 5.00e-05
2026-06-27 10:39:17,232 INFO Epoch 50 | Batch 900/1186 | Loss 3.68789 (NLL 3.37417 [logdet 0.52008, mahal 1.01621], L1 1.13498, Spectral 0.21819, Gradient 0.38820, Quantile 0.56893) | LR 5.00e-05
2026-06-27 10:39:37,536 INFO Epoch 50 | Batch 950/1186 | Loss 3.70075 (NLL 3.37301 [logdet 0.51940, mahal 1.01573], L1 1.14485, Spectral 0.21860, Gradient 0.39080, Quantile 0.56776) | LR 5.00e-05
2026-06-27 10:39:57,841 INFO Epoch 50 | Batch 1000/1186 | Loss 3.71219 (NLL 3.37501 [logdet 0.53243, mahal 1.00470], L1 1.14242, Spectral 0.22289, Gradient 0.39443, Quantile 0.56716) | LR 5.00e-05
2026-06-27 10:40:18,144 INFO Epoch 50 | Batch 1050/1186 | Loss 3.68478 (NLL 3.36448 [logdet 0.52225, mahal 1.00435], L1 1.13025, Spectral 0.22019, Gradient 0.39035, Quantile 0.55971) | LR 5.00e-05
2026-06-27 10:40:38,451 INFO Epoch 50 | Batch 1100/1186 | Loss 3.74230 (NLL 3.41097 [logdet 0.54832, mahal 1.02478], L1 1.16502, Spectral 0.21783, Gradient 0.39470, Quantile 0.58487) | LR 5.00e-05
2026-06-27 10:40:58,757 INFO Epoch 50 | Batch 1150/1186 | Loss 3.63001 (NLL 3.31815 [logdet 0.47542, mahal 1.00485], L1 1.10854, Spectral 0.21739, Gradient 0.38653, Quantile 0.55058) | LR 5.00e-05
2026-06-27 10:41:47,614 INFO Epoch 50 | Val Loss 5.62676 (NLL 5.47668 [logdet 0.40427, mahal 3.23453], L1 1.89340, Spectral 0.25996, Gradient 0.42722, Quantile 0.92217)
2026-06-27 10:42:08,233 INFO Epoch 51 | Batch 50/1186 | Loss 3.66250 (NLL 3.34356 [logdet 0.49838, mahal 1.00731], L1 1.12048, Spectral 0.21851, Gradient 0.39180, Quantile 0.56020) | LR 5.00e-05
2026-06-27 10:42:28,536 INFO Epoch 51 | Batch 100/1186 | Loss 3.68475 (NLL 3.36152 [logdet 0.50418, mahal 1.01946], L1 1.13744, Spectral 0.21717, Gradient 0.39099, Quantile 0.56461) | LR 5.00e-05
2026-06-27 10:42:48,838 INFO Epoch 51 | Batch 150/1186 | Loss 3.62601 (NLL 3.33147 [logdet 0.48050, mahal 1.01310], L1 1.11304, Spectral 0.21149, Gradient 0.38399, Quantile 0.55577) | LR 5.00e-05
2026-06-27 10:43:09,111 INFO Epoch 51 | Batch 200/1186 | Loss 3.68051 (NLL 3.35054 [logdet 0.50173, mahal 1.01094], L1 1.12658, Spectral 0.22346, Gradient 0.38977, Quantile 0.56990) | LR 5.00e-05
2026-06-27 10:43:29,389 INFO Epoch 51 | Batch 250/1186 | Loss 3.68891 (NLL 3.37043 [logdet 0.51497, mahal 1.01759], L1 1.13867, Spectral 0.21534, Gradient 0.39327, Quantile 0.56666) | LR 5.00e-05
2026-06-27 10:43:49,655 INFO Epoch 51 | Batch 300/1186 | Loss 3.68737 (NLL 3.37424 [logdet 0.51379, mahal 1.02257], L1 1.14148, Spectral 0.21431, Gradient 0.38934, Quantile 0.56887) | LR 5.00e-05
2026-06-27 10:44:09,958 INFO Epoch 51 | Batch 350/1186 | Loss 3.73069 (NLL 3.38265 [logdet 0.53996, mahal 1.00482], L1 1.15291, Spectral 0.22190, Gradient 0.40051, Quantile 0.57412) | LR 5.00e-05
2026-06-27 10:44:30,266 INFO Epoch 51 | Batch 400/1186 | Loss 3.62618 (NLL 3.31564 [logdet 0.47118, mahal 1.00658], L1 1.10680, Spectral 0.21714, Gradient 0.38623, Quantile 0.54742) | LR 5.00e-05
2026-06-27 10:44:50,581 INFO Epoch 51 | Batch 450/1186 | Loss 3.60775 (NLL 3.28735 [logdet 0.45173, mahal 0.99774], L1 1.09591, Spectral 0.21998, Gradient 0.38680, Quantile 0.54585) | LR 5.00e-05
2026-06-27 10:45:10,892 INFO Epoch 51 | Batch 500/1186 | Loss 3.60020 (NLL 3.29613 [logdet 0.42850, mahal 1.02975], L1 1.08811, Spectral 0.21809, Gradient 0.38667, Quantile 0.54430) | LR 5.00e-05
2026-06-27 10:45:31,200 INFO Epoch 51 | Batch 550/1186 | Loss 3.65395 (NLL 3.34472 [logdet 0.50525, mahal 1.00159], L1 1.12587, Spectral 0.21447, Gradient 0.38607, Quantile 0.56171) | LR 5.00e-05
2026-06-27 10:45:51,513 INFO Epoch 51 | Batch 600/1186 | Loss 3.60458 (NLL 3.31707 [logdet 0.46841, mahal 1.01079], L1 1.09752, Spectral 0.21118, Gradient 0.38587, Quantile 0.54442) | LR 5.00e-05
2026-06-27 10:46:11,823 INFO Epoch 51 | Batch 650/1186 | Loss 3.61644 (NLL 3.31571 [logdet 0.46304, mahal 1.01479], L1 1.10130, Spectral 0.21558, Gradient 0.38531, Quantile 0.55422) | LR 5.00e-05
2026-06-27 10:46:32,132 INFO Epoch 51 | Batch 700/1186 | Loss 3.73041 (NLL 3.38249 [logdet 0.52119, mahal 1.02343], L1 1.15151, Spectral 0.22494, Gradient 0.39542, Quantile 0.56829) | LR 5.00e-05
2026-06-27 10:46:52,441 INFO Epoch 51 | Batch 750/1186 | Loss 3.63928 (NLL 3.31143 [logdet 0.48014, mahal 0.99342], L1 1.10923, Spectral 0.22001, Gradient 0.39268, Quantile 0.55180) | LR 5.00e-05
2026-06-27 10:47:12,745 INFO Epoch 51 | Batch 800/1186 | Loss 3.70270 (NLL 3.36741 [logdet 0.49948, mahal 1.03006], L1 1.14315, Spectral 0.22009, Gradient 0.39399, Quantile 0.57066) | LR 5.00e-05
2026-06-27 10:47:33,048 INFO Epoch 51 | Batch 850/1186 | Loss 3.66330 (NLL 3.35015 [logdet 0.48393, mahal 1.02834], L1 1.13635, Spectral 0.21165, Gradient 0.38814, Quantile 0.55666) | LR 5.00e-05
2026-06-27 10:47:53,356 INFO Epoch 51 | Batch 900/1186 | Loss 3.68855 (NLL 3.36433 [logdet 0.51736, mahal 1.00910], L1 1.13986, Spectral 0.21770, Gradient 0.38989, Quantile 0.56919) | LR 5.00e-05
2026-06-27 10:48:13,665 INFO Epoch 51 | Batch 950/1186 | Loss 3.61879 (NLL 3.32181 [logdet 0.48010, mahal 1.00384], L1 1.10742, Spectral 0.21442, Gradient 0.38111, Quantile 0.55041) | LR 5.00e-05
2026-06-27 10:48:33,980 INFO Epoch 51 | Batch 1000/1186 | Loss 3.74388 (NLL 3.40383 [logdet 0.56535, mahal 1.00060], L1 1.16244, Spectral 0.22014, Gradient 0.39741, Quantile 0.58371) | LR 5.00e-05
2026-06-27 10:48:54,301 INFO Epoch 51 | Batch 1050/1186 | Loss 3.65382 (NLL 3.32900 [logdet 0.47602, mahal 1.01511], L1 1.11310, Spectral 0.22117, Gradient 0.39212, Quantile 0.55378) | LR 5.00e-05
2026-06-27 10:49:14,602 INFO Epoch 51 | Batch 1100/1186 | Loss 3.63976 (NLL 3.33765 [logdet 0.49349, mahal 1.00629], L1 1.11816, Spectral 0.21326, Gradient 0.38572, Quantile 0.56110) | LR 5.00e-05
2026-06-27 10:49:34,911 INFO Epoch 51 | Batch 1150/1186 | Loss 3.65234 (NLL 3.34555 [logdet 0.48326, mahal 1.02441], L1 1.11501, Spectral 0.22003, Gradient 0.38319, Quantile 0.54867) | LR 5.00e-05
2026-06-27 10:50:23,807 INFO Epoch 51 | Val Loss 5.54837 (NLL 5.27963 [logdet 0.52026, mahal 2.92150], L1 1.90953, Spectral 0.26107, Gradient 0.42882, Quantile 1.00945)
2026-06-27 10:50:44,365 INFO Epoch 52 | Batch 50/1186 | Loss 3.69083 (NLL 3.36264 [logdet 0.51857, mahal 1.00619], L1 1.14065, Spectral 0.21746, Gradient 0.39262, Quantile 0.57313) | LR 5.00e-05
2026-06-27 10:51:04,665 INFO Epoch 52 | Batch 100/1186 | Loss 3.64259 (NLL 3.32092 [logdet 0.48885, mahal 0.99419], L1 1.11403, Spectral 0.21837, Gradient 0.39004, Quantile 0.55601) | LR 5.00e-05
2026-06-27 10:51:24,973 INFO Epoch 52 | Batch 150/1186 | Loss 3.57678 (NLL 3.29391 [logdet 0.45512, mahal 1.00091], L1 1.08487, Spectral 0.21172, Gradient 0.38131, Quantile 0.54079) | LR 5.00e-05
2026-06-27 10:51:45,273 INFO Epoch 52 | Batch 200/1186 | Loss 3.63929 (NLL 3.31563 [logdet 0.46793, mahal 1.00983], L1 1.10421, Spectral 0.22302, Gradient 0.38933, Quantile 0.54868) | LR 5.00e-05
2026-06-27 10:52:05,578 INFO Epoch 52 | Batch 250/1186 | Loss 3.57810 (NLL 3.28343 [logdet 0.42493, mahal 1.02062], L1 1.08125, Spectral 0.21532, Gradient 0.38378, Quantile 0.53451) | LR 5.00e-05
2026-06-27 10:52:25,878 INFO Epoch 52 | Batch 300/1186 | Loss 3.65974 (NLL 3.33583 [logdet 0.47951, mahal 1.01844], L1 1.12438, Spectral 0.21855, Gradient 0.38903, Quantile 0.56253) | LR 5.00e-05
2026-06-27 10:52:46,181 INFO Epoch 52 | Batch 350/1186 | Loss 3.58563 (NLL 3.28251 [logdet 0.42778, mahal 1.01685], L1 1.08040, Spectral 0.21726, Gradient 0.38832, Quantile 0.53521) | LR 5.00e-05
2026-06-27 10:53:06,480 INFO Epoch 52 | Batch 400/1186 | Loss 3.65422 (NLL 3.33010 [logdet 0.47997, mahal 1.01226], L1 1.11888, Spectral 0.22018, Gradient 0.38843, Quantile 0.55565) | LR 5.00e-05
2026-06-27 10:53:26,790 INFO Epoch 52 | Batch 450/1186 | Loss 3.63315 (NLL 3.30784 [logdet 0.46683, mahal 1.00314], L1 1.10694, Spectral 0.21962, Gradient 0.39151, Quantile 0.55110) | LR 5.00e-05
2026-06-27 10:53:47,100 INFO Epoch 52 | Batch 500/1186 | Loss 3.59411 (NLL 3.30237 [logdet 0.45045, mahal 1.01404], L1 1.10373, Spectral 0.20961, Gradient 0.38008, Quantile 0.54860) | LR 5.00e-05
2026-06-27 10:54:07,416 INFO Epoch 52 | Batch 550/1186 | Loss 3.65621 (NLL 3.33514 [logdet 0.45314, mahal 1.04412], L1 1.11965, Spectral 0.21946, Gradient 0.38865, Quantile 0.55622) | LR 5.00e-05
2026-06-27 10:54:27,702 INFO Epoch 52 | Batch 600/1186 | Loss 3.58625 (NLL 3.29012 [logdet 0.46645, mahal 0.98579], L1 1.08098, Spectral 0.21597, Gradient 0.38732, Quantile 0.53706) | LR 5.00e-05
2026-06-27 10:54:47,968 INFO Epoch 52 | Batch 650/1186 | Loss 3.65871 (NLL 3.34703 [logdet 0.47798, mahal 1.03118], L1 1.12940, Spectral 0.21272, Gradient 0.38973, Quantile 0.55982) | LR 5.00e-05
2026-06-27 10:55:08,234 INFO Epoch 52 | Batch 700/1186 | Loss 3.62922 (NLL 3.33469 [logdet 0.47608, mahal 1.02073], L1 1.11220, Spectral 0.21329, Gradient 0.38266, Quantile 0.55156) | LR 5.00e-05
2026-06-27 10:55:28,505 INFO Epoch 52 | Batch 750/1186 | Loss 3.65867 (NLL 3.33334 [logdet 0.48269, mahal 1.01278], L1 1.12725, Spectral 0.21578, Gradient 0.39209, Quantile 0.56355) | LR 5.00e-05
2026-06-27 10:55:48,775 INFO Epoch 52 | Batch 800/1186 | Loss 3.69686 (NLL 3.37337 [logdet 0.52232, mahal 1.01318], L1 1.14420, Spectral 0.21721, Gradient 0.39035, Quantile 0.56798) | LR 5.00e-05
2026-06-27 10:56:09,040 INFO Epoch 52 | Batch 850/1186 | Loss 3.59672 (NLL 3.29891 [logdet 0.44517, mahal 1.01586], L1 1.09100, Spectral 0.21581, Gradient 0.38386, Quantile 0.54515) | LR 5.00e-05
2026-06-27 10:56:32,560 INFO Epoch 52 | Batch 900/1186 | Loss 3.59914 (NLL 3.28979 [logdet 0.45731, mahal 0.99460], L1 1.10266, Spectral 0.21160, Gradient 0.38798, Quantile 0.54816) | LR 5.00e-05
2026-06-27 10:56:53,494 INFO Epoch 52 | Batch 950/1186 | Loss 3.66029 (NLL 3.34579 [logdet 0.49314, mahal 1.01476], L1 1.11883, Spectral 0.21971, Gradient 0.38773, Quantile 0.56096) | LR 5.00e-05
2026-06-27 10:57:13,749 INFO Epoch 52 | Batch 1000/1186 | Loss 3.72489 (NLL 3.40090 [logdet 0.54668, mahal 1.01635], L1 1.15884, Spectral 0.21586, Gradient 0.39275, Quantile 0.58054) | LR 5.00e-05
2026-06-27 10:57:33,996 INFO Epoch 52 | Batch 1050/1186 | Loss 3.72913 (NLL 3.39220 [logdet 0.55024, mahal 1.00409], L1 1.14382, Spectral 0.22287, Gradient 0.40116, Quantile 0.56888) | LR 5.00e-05
2026-06-27 10:57:54,237 INFO Epoch 52 | Batch 1100/1186 | Loss 3.62260 (NLL 3.31661 [logdet 0.46941, mahal 1.00932], L1 1.10509, Spectral 0.21476, Gradient 0.38885, Quantile 0.55523) | LR 5.00e-05
2026-06-27 10:58:14,472 INFO Epoch 52 | Batch 1150/1186 | Loss 3.63192 (NLL 3.31463 [logdet 0.46612, mahal 1.01063], L1 1.10776, Spectral 0.21763, Gradient 0.39032, Quantile 0.54658) | LR 5.00e-05
2026-06-27 10:59:03,908 INFO Epoch 52 | Val Loss 5.56415 (NLL 5.35018 [logdet 0.48309, mahal 3.02921], L1 1.89788, Spectral 0.25867, Gradient 0.42617, Quantile 0.96108)
2026-06-27 10:59:24,432 INFO Epoch 53 | Batch 50/1186 | Loss 3.49535 (NLL 3.22093 [logdet 0.36657, mahal 1.01648], L1 1.05002, Spectral 0.20912, Gradient 0.37691, Quantile 0.51721) | LR 5.00e-05
2026-06-27 10:59:44,709 INFO Epoch 53 | Batch 100/1186 | Loss 3.66617 (NLL 3.33949 [logdet 0.50046, mahal 1.00116], L1 1.11695, Spectral 0.21949, Gradient 0.39870, Quantile 0.55626) | LR 5.00e-05
2026-06-27 11:00:04,976 INFO Epoch 53 | Batch 150/1186 | Loss 3.63325 (NLL 3.30298 [logdet 0.43675, mahal 1.02835], L1 1.10294, Spectral 0.21945, Gradient 0.39815, Quantile 0.55231) | LR 5.00e-05
2026-06-27 11:00:25,243 INFO Epoch 53 | Batch 200/1186 | Loss 3.58391 (NLL 3.28697 [logdet 0.46689, mahal 0.98221], L1 1.09700, Spectral 0.21062, Gradient 0.38209, Quantile 0.54115) | LR 5.00e-05
2026-06-27 11:00:45,529 INFO Epoch 53 | Batch 250/1186 | Loss 3.69309 (NLL 3.37031 [logdet 0.51542, mahal 1.01702], L1 1.13449, Spectral 0.21858, Gradient 0.39475, Quantile 0.56799) | LR 5.00e-05
2026-06-27 11:01:05,830 INFO Epoch 53 | Batch 300/1186 | Loss 3.62456 (NLL 3.30910 [logdet 0.43983, mahal 1.03139], L1 1.11146, Spectral 0.21578, Gradient 0.38611, Quantile 0.55959) | LR 5.00e-05
2026-06-27 11:01:26,133 INFO Epoch 53 | Batch 350/1186 | Loss 3.56839 (NLL 3.27335 [logdet 0.43596, mahal 0.99951], L1 1.07261, Spectral 0.21572, Gradient 0.38677, Quantile 0.53065) | LR 5.00e-05
2026-06-27 11:01:46,437 INFO Epoch 53 | Batch 400/1186 | Loss 3.64012 (NLL 3.31106 [logdet 0.45430, mahal 1.01888], L1 1.11380, Spectral 0.21889, Gradient 0.39155, Quantile 0.55571) | LR 5.00e-05
2026-06-27 11:02:06,738 INFO Epoch 53 | Batch 450/1186 | Loss 3.63218 (NLL 3.30125 [logdet 0.45047, mahal 1.01290], L1 1.10814, Spectral 0.21948, Gradient 0.39288, Quantile 0.55528) | LR 5.00e-05
2026-06-27 11:02:27,048 INFO Epoch 53 | Batch 500/1186 | Loss 3.59451 (NLL 3.29043 [logdet 0.45343, mahal 0.99913], L1 1.09469, Spectral 0.21390, Gradient 0.38615, Quantile 0.55026) | LR 5.00e-05
2026-06-27 11:02:47,363 INFO Epoch 53 | Batch 550/1186 | Loss 3.60390 (NLL 3.30040 [logdet 0.43120, mahal 1.03132], L1 1.09130, Spectral 0.21664, Gradient 0.38808, Quantile 0.53423) | LR 5.00e-05
2026-06-27 11:03:07,673 INFO Epoch 53 | Batch 600/1186 | Loss 3.62449 (NLL 3.30283 [logdet 0.45715, mahal 1.00780], L1 1.11121, Spectral 0.21589, Gradient 0.38909, Quantile 0.55693) | LR 5.00e-05
2026-06-27 11:03:27,981 INFO Epoch 53 | Batch 650/1186 | Loss 3.61201 (NLL 3.29088 [logdet 0.44563, mahal 1.00737], L1 1.09242, Spectral 0.22047, Gradient 0.39156, Quantile 0.54369) | LR 5.00e-05
2026-06-27 11:03:48,292 INFO Epoch 53 | Batch 700/1186 | Loss 3.47785 (NLL 3.21991 [logdet 0.36828, mahal 1.01376], L1 1.04438, Spectral 0.20712, Gradient 0.37006, Quantile 0.51870) | LR 5.00e-05
2026-06-27 11:04:08,602 INFO Epoch 53 | Batch 750/1186 | Loss 3.59336 (NLL 3.30360 [logdet 0.43842, mahal 1.02730], L1 1.10345, Spectral 0.20922, Gradient 0.37985, Quantile 0.54425) | LR 5.00e-05
2026-06-27 11:04:28,912 INFO Epoch 53 | Batch 800/1186 | Loss 3.67643 (NLL 3.34387 [logdet 0.48341, mahal 1.02259], L1 1.12919, Spectral 0.21967, Gradient 0.39432, Quantile 0.55916) | LR 5.00e-05
2026-06-27 11:04:49,224 INFO Epoch 53 | Batch 850/1186 | Loss 3.69855 (NLL 3.37096 [logdet 0.51379, mahal 1.01929], L1 1.13908, Spectral 0.21803, Gradient 0.39640, Quantile 0.56790) | LR 5.00e-05
2026-06-27 11:05:09,537 INFO Epoch 53 | Batch 900/1186 | Loss 3.60227 (NLL 3.28787 [logdet 0.44018, mahal 1.00981], L1 1.09366, Spectral 0.21922, Gradient 0.38497, Quantile 0.54395) | LR 5.00e-05
2026-06-27 11:05:29,845 INFO Epoch 53 | Batch 950/1186 | Loss 3.70346 (NLL 3.38587 [logdet 0.52328, mahal 1.02472], L1 1.14386, Spectral 0.21656, Gradient 0.39234, Quantile 0.56900) | LR 5.00e-05
2026-06-27 11:05:50,148 INFO Epoch 53 | Batch 1000/1186 | Loss 3.68153 (NLL 3.34554 [logdet 0.50834, mahal 0.99932], L1 1.13089, Spectral 0.22230, Gradient 0.39139, Quantile 0.56883) | LR 5.00e-05
2026-06-27 11:06:10,456 INFO Epoch 53 | Batch 1050/1186 | Loss 3.62296 (NLL 3.30823 [logdet 0.47322, mahal 0.99714], L1 1.10775, Spectral 0.21657, Gradient 0.38696, Quantile 0.54763) | LR 5.00e-05
2026-06-27 11:06:30,761 INFO Epoch 53 | Batch 1100/1186 | Loss 3.61450 (NLL 3.31702 [logdet 0.46064, mahal 1.01850], L1 1.10527, Spectral 0.21435, Gradient 0.38149, Quantile 0.54659) | LR 5.00e-05
2026-06-27 11:06:51,072 INFO Epoch 53 | Batch 1150/1186 | Loss 3.61358 (NLL 3.30414 [logdet 0.45739, mahal 1.00886], L1 1.09547, Spectral 0.21759, Gradient 0.38964, Quantile 0.54620) | LR 5.00e-05
2026-06-27 11:07:39,925 INFO Epoch 53 | Val Loss 5.63687 (NLL 5.45455 [logdet 0.43174, mahal 3.18494], L1 1.91310, Spectral 0.26020, Gradient 0.42816, Quantile 0.99383)
2026-06-27 11:08:00,480 INFO Epoch 54 | Batch 50/1186 | Loss 3.60109 (NLL 3.29854 [logdet 0.43853, mahal 1.02214], L1 1.09081, Spectral 0.21686, Gradient 0.38628, Quantile 0.54057) | LR 5.00e-05
2026-06-27 11:08:20,783 INFO Epoch 54 | Batch 100/1186 | Loss 3.61344 (NLL 3.28535 [logdet 0.43089, mahal 1.01658], L1 1.09367, Spectral 0.22209, Gradient 0.39106, Quantile 0.54556) | LR 5.00e-05
2026-06-27 11:08:41,090 INFO Epoch 54 | Batch 150/1186 | Loss 3.58414 (NLL 3.27369 [logdet 0.41818, mahal 1.01764], L1 1.08665, Spectral 0.21594, Gradient 0.38781, Quantile 0.54738) | LR 5.00e-05
2026-06-27 11:09:01,390 INFO Epoch 54 | Batch 200/1186 | Loss 3.64296 (NLL 3.31984 [logdet 0.45672, mahal 1.02524], L1 1.12186, Spectral 0.21510, Gradient 0.39006, Quantile 0.56451) | LR 5.00e-05
2026-06-27 11:09:21,690 INFO Epoch 54 | Batch 250/1186 | Loss 3.55851 (NLL 3.25634 [logdet 0.41037, mahal 1.00809], L1 1.07203, Spectral 0.21494, Gradient 0.38762, Quantile 0.53346) | LR 5.00e-05
2026-06-27 11:09:41,993 INFO Epoch 54 | Batch 300/1186 | Loss 3.64753 (NLL 3.32422 [logdet 0.45822, mahal 1.02812], L1 1.11067, Spectral 0.21930, Gradient 0.39453, Quantile 0.54978) | LR 5.00e-05
2026-06-27 11:10:02,295 INFO Epoch 54 | Batch 350/1186 | Loss 3.48382 (NLL 3.21587 [logdet 0.38406, mahal 0.99393], L1 1.04593, Spectral 0.20790, Gradient 0.37468, Quantile 0.52310) | LR 5.00e-05
2026-06-27 11:10:22,602 INFO Epoch 54 | Batch 400/1186 | Loss 3.62249 (NLL 3.30359 [logdet 0.47404, mahal 0.99167], L1 1.10965, Spectral 0.21642, Gradient 0.38721, Quantile 0.55105) | LR 5.00e-05
2026-06-27 11:10:42,906 INFO Epoch 54 | Batch 450/1186 | Loss 3.54431 (NLL 3.25970 [logdet 0.40078, mahal 1.02104], L1 1.06619, Spectral 0.21300, Gradient 0.38191, Quantile 0.52793) | LR 5.00e-05
2026-06-27 11:11:03,205 INFO Epoch 54 | Batch 500/1186 | Loss 3.67818 (NLL 3.34275 [logdet 0.47420, mahal 1.03067], L1 1.12856, Spectral 0.22046, Gradient 0.39553, Quantile 0.56209) | LR 5.00e-05
2026-06-27 11:11:23,507 INFO Epoch 54 | Batch 550/1186 | Loss 3.67959 (NLL 3.34626 [logdet 0.51365, mahal 0.99473], L1 1.13347, Spectral 0.21867, Gradient 0.39412, Quantile 0.55439) | LR 5.00e-05
2026-06-27 11:11:43,812 INFO Epoch 54 | Batch 600/1186 | Loss 3.59819 (NLL 3.26754 [logdet 0.41274, mahal 1.01692], L1 1.09245, Spectral 0.21977, Gradient 0.39089, Quantile 0.54601) | LR 5.00e-05
2026-06-27 11:12:04,112 INFO Epoch 54 | Batch 650/1186 | Loss 3.58089 (NLL 3.29259 [logdet 0.45345, mahal 1.00126], L1 1.09007, Spectral 0.21056, Gradient 0.38329, Quantile 0.53954) | LR 5.00e-05
2026-06-27 11:12:24,416 INFO Epoch 54 | Batch 700/1186 | Loss 3.62737 (NLL 3.31806 [logdet 0.44442, mahal 1.03576], L1 1.11173, Spectral 0.21498, Gradient 0.38588, Quantile 0.55396) | LR 5.00e-05
2026-06-27 11:12:44,713 INFO Epoch 54 | Batch 750/1186 | Loss 3.64398 (NLL 3.32233 [logdet 0.48132, mahal 1.00313], L1 1.12095, Spectral 0.21634, Gradient 0.38817, Quantile 0.55219) | LR 5.00e-05
2026-06-27 11:13:05,012 INFO Epoch 54 | Batch 800/1186 | Loss 3.67862 (NLL 3.34857 [logdet 0.49649, mahal 1.01421], L1 1.13261, Spectral 0.21762, Gradient 0.39506, Quantile 0.55797) | LR 5.00e-05
2026-06-27 11:13:25,315 INFO Epoch 54 | Batch 850/1186 | Loss 3.65454 (NLL 3.34304 [logdet 0.49890, mahal 1.00626], L1 1.12372, Spectral 0.21481, Gradient 0.38882, Quantile 0.56125) | LR 5.00e-05
2026-06-27 11:13:45,616 INFO Epoch 54 | Batch 900/1186 | Loss 3.58241 (NLL 3.27550 [logdet 0.42108, mahal 1.01654], L1 1.08632, Spectral 0.21536, Gradient 0.38679, Quantile 0.54394) | LR 5.00e-05
2026-06-27 11:14:05,918 INFO Epoch 54 | Batch 950/1186 | Loss 3.58505 (NLL 3.28639 [logdet 0.44745, mahal 1.00106], L1 1.09371, Spectral 0.21333, Gradient 0.38111, Quantile 0.54579) | LR 5.00e-05
2026-06-27 11:14:26,219 INFO Epoch 54 | Batch 1000/1186 | Loss 3.61759 (NLL 3.32405 [logdet 0.46070, mahal 1.02547], L1 1.10602, Spectral 0.21201, Gradient 0.38515, Quantile 0.54901) | LR 5.00e-05
2026-06-27 11:14:46,557 INFO Epoch 54 | Batch 1050/1186 | Loss 3.56016 (NLL 3.27314 [logdet 0.44466, mahal 0.99061], L1 1.07952, Spectral 0.21143, Gradient 0.38106, Quantile 0.53974) | LR 5.00e-05
2026-06-27 11:15:06,924 INFO Epoch 54 | Batch 1100/1186 | Loss 3.64584 (NLL 3.33373 [logdet 0.48143, mahal 1.01443], L1 1.11714, Spectral 0.21539, Gradient 0.39010, Quantile 0.55441) | LR 5.00e-05
2026-06-27 11:15:27,236 INFO Epoch 54 | Batch 1150/1186 | Loss 3.65254 (NLL 3.33283 [logdet 0.47420, mahal 1.02075], L1 1.11754, Spectral 0.21778, Gradient 0.39171, Quantile 0.54925) | LR 5.00e-05
2026-06-27 11:16:16,099 INFO Epoch 54 | Val Loss 5.61507 (NLL 5.40011 [logdet 0.49173, mahal 3.07050], L1 1.91518, Spectral 0.26148, Gradient 0.42876, Quantile 0.97308)
2026-06-27 11:16:36,637 INFO Epoch 55 | Batch 50/1186 | Loss 3.59354 (NLL 3.27301 [logdet 0.42062, mahal 1.01452], L1 1.09415, Spectral 0.21732, Gradient 0.38715, Quantile 0.55396) | LR 5.00e-05
2026-06-27 11:16:56,945 INFO Epoch 55 | Batch 100/1186 | Loss 3.65720 (NLL 3.33253 [logdet 0.47191, mahal 1.02274], L1 1.11458, Spectral 0.21955, Gradient 0.39557, Quantile 0.55278) | LR 5.00e-05
2026-06-27 11:17:17,248 INFO Epoch 55 | Batch 150/1186 | Loss 3.66517 (NLL 3.34048 [logdet 0.47458, mahal 1.02802], L1 1.12266, Spectral 0.21719, Gradient 0.39647, Quantile 0.56069) | LR 5.00e-05
