2026-07-30 11:07:07,619 INFO Logging to /home/peytonli/26.6_wind/runs/0729/train_20260730_110707.log
2026-07-30 11:07:07,620 INFO Config:
{
  "seed": 0,
  "paths": {
    "data_dir": "/home/peytonli/26.6_wind/data",
    "log_dir": "/home/peytonli/26.6_wind/runs/0729",
    "splits_path": "/home/peytonli/26.6_wind/data/splits_70_15_15/split_indices.npz"
  },
  "model": {
    "img_size": 200,
    "embed_dim": 96,
    "depths": [
      4,
      4,
      4
    ],
    "num_heads": [
      6,
      6,
      6
    ],
    "window_size": 8,
    "mlp_ratio": 4.0,
    "residual_base": "bicubic",
    "offset_spread_init": 3.0,
    "drop_rate": 0.05,
    "attn_drop_rate": 0.05,
    "drop_path_rate": 0.1,
    "head_dropout": 0.15
  },
  "training": {
    "batch_size": 4,
    "num_epochs": 100,
    "learning_rate": 1e-05,
    "weight_decay": 0.0001,
    "pin_weight": 1.0,
    "ms_weight": 1.0,
    "freq_weight": 0.5,
    "l1_weight": 0.0,
    "spectral_weight": 0.0,
    "gradient_weight": 0.0,
    "spectral_low_freq_cutoff": 0.28,
    "extreme_weight": {
      "enabled": true,
      "alpha": 2.0,
      "apply_to_q10": true
    },
    "multiscale": {
      "n_levels": 5,
      "base_sigma": 2,
      "metric_per_band": [
        "l1",
        "sw",
        "sw",
        "sw",
        "sw"
      ],
      "patch_size": 8,
      "patch_stride": 4,
      "n_projections": 64,
      "sigma_floor": 0.001,
      "sigma_max_samples": 2000,
      "histogram_weight": 0.0,
      "force_recompute_sigma_band": false
    },
    "freq_band": {
      "n_levels": 5,
      "base_sigma": 2,
      "cdf_weight_mode": "down_extremes",
      "sigma_floor": 0.001,
      "sigma_max_samples": 2000,
      "force_recompute_sigma_band": false
    },
    "grad_clip_norm": 1.0,
    "num_workers": 2,
    "val_interval": 1,
    "early_stop_patience": 8,
    "lr_milestone_fractions": [
      0.5,
      0.75,
      0.9
    ],
    "lr_gamma": 0.5
  },
  "logging": {
    "log_every": 50
  }
}
2026-07-30 11:07:07,620 INFO Using device: cuda
2026-07-30 11:07:07,622 INFO Train samples: 4744, Val samples: 1013
2026-07-30 11:07:08,590 INFO Total parameters: 2087058
2026-07-30 11:07:08,591 INFO LR schedule: milestones (steps) = [59300, 88950, 106740] (of 118600 total), gamma = 0.500
2026-07-30 11:07:08,591 INFO Loss weights: {'ms': 1.0, 'freq': 0.5, 'l1': 0.0, 'spectral': 0.0, 'gradient': 0.0, 'pin': 1.0}
2026-07-30 11:07:08,591 INFO Extreme weighting: {'enabled': True, 'alpha': 2.0, 'apply_to_q10': True}
2026-07-30 11:07:08,591 INFO Structural terms computed during training (weight > 0): ['ms', 'freq']
2026-07-30 11:07:08,592 INFO multiscale_loss built (active during training: True): n_levels=5, base_sigma=2.00, metric_per_band=('l1', 'sw', 'sw', 'sw', 'sw'), METRIC_SCALE={'l1': 1.0, 'sw': 2.75} (fixed), sigma_band=[[0.698416531085968, 0.7594446539878845], [0.3979477286338806, 0.42225831747055054], [0.5279598236083984, 0.5658146739006042], [0.80471271276474, 0.8782278895378113], [5.570250034332275, 5.404760837554932]]
2026-07-30 11:07:08,593 INFO freq_band_loss built (active during training: True): n_levels=5, base_sigma=2.00, cdf_weight_mode=down_extremes, sigma_band=[[0.698416531085968, 0.7594446539878845], [0.3979477286338806, 0.42225831747055054], [0.5279598236083984, 0.5658146739006042], [0.80471271276474, 0.8782278895378113], [5.570250034332275, 5.404760837554932]]
2026-07-30 11:07:08,593 INFO Early stop patience: 8 val check(s) without improvement
2026-07-30 11:07:58,904 INFO Epoch 0 | Batch 50/1186 | Loss 9.89552 (Pin 1.11942 [q90 0.50604, q10 0.61338], MS 6.90221, Freq 3.74777) | LR 1.00e-05
2026-07-30 11:08:48,497 INFO Epoch 0 | Batch 100/1186 | Loss 9.80466 (Pin 1.06150 [q90 0.48737, q10 0.57413], MS 6.82203, Freq 3.84224) | LR 1.00e-05
2026-07-30 11:09:38,058 INFO Epoch 0 | Batch 150/1186 | Loss 9.24210 (Pin 0.97472 [q90 0.45382, q10 0.52090], MS 6.35438, Freq 3.82600) | LR 1.00e-05
2026-07-30 11:10:27,630 INFO Epoch 0 | Batch 200/1186 | Loss 9.25501 (Pin 1.00231 [q90 0.46889, q10 0.53342], MS 6.21442, Freq 4.07656) | LR 1.00e-05
2026-07-30 11:11:17,250 INFO Epoch 0 | Batch 250/1186 | Loss 8.76816 (Pin 1.01307 [q90 0.47996, q10 0.53311], MS 5.64642, Freq 4.21735) | LR 1.00e-05
2026-07-30 11:12:06,814 INFO Epoch 0 | Batch 300/1186 | Loss 7.33723 (Pin 1.00976 [q90 0.47755, q10 0.53221], MS 3.98347, Freq 4.68799) | LR 1.00e-05
2026-07-30 11:12:56,375 INFO Epoch 0 | Batch 350/1186 | Loss 6.84491 (Pin 1.02846 [q90 0.49435, q10 0.53412], MS 3.33238, Freq 4.96812) | LR 1.00e-05
2026-07-30 11:13:45,979 INFO Epoch 0 | Batch 400/1186 | Loss 6.55891 (Pin 1.05432 [q90 0.48953, q10 0.56479], MS 3.00344, Freq 5.00232) | LR 1.00e-05
2026-07-30 11:14:35,509 INFO Epoch 0 | Batch 450/1186 | Loss 6.49727 (Pin 1.04443 [q90 0.48384, q10 0.56059], MS 2.95682, Freq 4.99203) | LR 1.00e-05
2026-07-30 11:15:25,070 INFO Epoch 0 | Batch 500/1186 | Loss 6.55533 (Pin 1.04751 [q90 0.49912, q10 0.54839], MS 2.99279, Freq 5.03006) | LR 1.00e-05
2026-07-30 11:16:14,678 INFO Epoch 0 | Batch 550/1186 | Loss 6.56926 (Pin 1.05044 [q90 0.49895, q10 0.55149], MS 2.94854, Freq 5.14058) | LR 1.00e-05
2026-07-30 11:17:04,294 INFO Epoch 0 | Batch 600/1186 | Loss 6.22960 (Pin 1.01046 [q90 0.48714, q10 0.52331], MS 2.70742, Freq 5.02345) | LR 1.00e-05
2026-07-30 11:17:53,876 INFO Epoch 0 | Batch 650/1186 | Loss 6.15151 (Pin 1.00980 [q90 0.48655, q10 0.52324], MS 2.64978, Freq 4.98386) | LR 1.00e-05
2026-07-30 11:18:43,434 INFO Epoch 0 | Batch 700/1186 | Loss 6.10286 (Pin 0.97456 [q90 0.46102, q10 0.51354], MS 2.64623, Freq 4.96413) | LR 1.00e-05
2026-07-30 11:19:33,040 INFO Epoch 0 | Batch 750/1186 | Loss 6.01927 (Pin 0.95158 [q90 0.45992, q10 0.49166], MS 2.63432, Freq 4.86676) | LR 1.00e-05
2026-07-30 11:20:22,592 INFO Epoch 0 | Batch 800/1186 | Loss 6.17574 (Pin 0.98680 [q90 0.47355, q10 0.51325], MS 2.66102, Freq 5.05583) | LR 1.00e-05
2026-07-30 11:21:12,147 INFO Epoch 0 | Batch 850/1186 | Loss 5.84091 (Pin 0.99534 [q90 0.48296, q10 0.51239], MS 2.37272, Freq 4.94568) | LR 1.00e-05
2026-07-30 11:22:01,740 INFO Epoch 0 | Batch 900/1186 | Loss 6.03319 (Pin 1.02624 [q90 0.49040, q10 0.53585], MS 2.44655, Freq 5.12078) | LR 1.00e-05
2026-07-30 11:22:51,343 INFO Epoch 0 | Batch 950/1186 | Loss 5.86933 (Pin 0.97939 [q90 0.47500, q10 0.50439], MS 2.41939, Freq 4.94109) | LR 1.00e-05
2026-07-30 11:23:40,881 INFO Epoch 0 | Batch 1000/1186 | Loss 5.72960 (Pin 0.98099 [q90 0.46913, q10 0.51186], MS 2.29185, Freq 4.91350) | LR 1.00e-05
2026-07-30 11:24:30,487 INFO Epoch 0 | Batch 1050/1186 | Loss 5.69263 (Pin 0.95012 [q90 0.45690, q10 0.49323], MS 2.32927, Freq 4.82648) | LR 1.00e-05
2026-07-30 11:25:20,077 INFO Epoch 0 | Batch 1100/1186 | Loss 5.64801 (Pin 0.94547 [q90 0.46923, q10 0.47625], MS 2.26599, Freq 4.87309) | LR 1.00e-05
2026-07-30 11:26:09,646 INFO Epoch 0 | Batch 1150/1186 | Loss 5.66914 (Pin 0.91954 [q90 0.43734, q10 0.48220], MS 2.37216, Freq 4.75488) | LR 1.00e-05
2026-07-30 11:28:18,297 INFO Epoch 0 | Val Loss 6.06544 (Pin 0.90453 [q90 0.44289, q10 0.46164], MS 2.83320, Freq 4.65543, L1 2.02110, Spectral 0.31596, Gradient 0.54385)
2026-07-30 11:28:18,298 INFO Epoch 0 | Coverage q10/q50/q90 = 0.081/0.495/0.907 (nominal .10/.50/.90) | extreme tail = 0.126/0.480/0.849
2026-07-30 11:28:18,573 INFO New best val loss: 6.06544 (saved checkpoints/best.pth)
2026-07-30 11:29:08,201 INFO Epoch 1 | Batch 50/1186 | Loss 5.54493 (Pin 0.92472 [q90 0.45536, q10 0.46936], MS 2.20278, Freq 4.83485) | LR 1.00e-05
2026-07-30 11:29:57,791 INFO Epoch 1 | Batch 100/1186 | Loss 5.61781 (Pin 0.94545 [q90 0.45337, q10 0.49208], MS 2.23806, Freq 4.86861) | LR 1.00e-05
2026-07-30 11:30:47,344 INFO Epoch 1 | Batch 150/1186 | Loss 5.45640 (Pin 0.92221 [q90 0.44153, q10 0.48067], MS 2.12934, Freq 4.80972) | LR 1.00e-05
2026-07-30 11:31:36,921 INFO Epoch 1 | Batch 200/1186 | Loss 5.44887 (Pin 0.95751 [q90 0.46523, q10 0.49228], MS 2.08363, Freq 4.81546) | LR 1.00e-05
2026-07-30 11:32:26,560 INFO Epoch 1 | Batch 250/1186 | Loss 5.67982 (Pin 0.97520 [q90 0.46873, q10 0.50647], MS 2.21170, Freq 4.98584) | LR 1.00e-05
2026-07-30 11:33:16,104 INFO Epoch 1 | Batch 300/1186 | Loss 5.47722 (Pin 0.94012 [q90 0.44468, q10 0.49545], MS 2.14830, Freq 4.77759) | LR 1.00e-05
2026-07-30 11:34:05,649 INFO Epoch 1 | Batch 350/1186 | Loss 5.41559 (Pin 0.91913 [q90 0.44208, q10 0.47706], MS 2.10397, Freq 4.78497) | LR 1.00e-05
2026-07-30 11:34:55,283 INFO Epoch 1 | Batch 400/1186 | Loss 5.48018 (Pin 0.97418 [q90 0.47096, q10 0.50323], MS 2.06975, Freq 4.87248) | LR 1.00e-05
2026-07-30 11:35:44,850 INFO Epoch 1 | Batch 450/1186 | Loss 5.49401 (Pin 0.93264 [q90 0.45069, q10 0.48195], MS 2.16364, Freq 4.79545) | LR 1.00e-05
2026-07-30 11:36:34,392 INFO Epoch 1 | Batch 500/1186 | Loss 5.51261 (Pin 0.96869 [q90 0.46238, q10 0.50631], MS 2.13076, Freq 4.82633) | LR 1.00e-05
2026-07-30 11:37:23,995 INFO Epoch 1 | Batch 550/1186 | Loss 5.41755 (Pin 0.93859 [q90 0.45060, q10 0.48799], MS 2.04473, Freq 4.86845) | LR 1.00e-05
2026-07-30 11:38:13,603 INFO Epoch 1 | Batch 600/1186 | Loss 5.33074 (Pin 0.94664 [q90 0.46262, q10 0.48402], MS 2.01905, Freq 4.73010) | LR 1.00e-05
2026-07-30 11:39:03,126 INFO Epoch 1 | Batch 650/1186 | Loss 5.43552 (Pin 0.90727 [q90 0.44006, q10 0.46721], MS 2.13546, Freq 4.78557) | LR 1.00e-05
2026-07-30 11:39:52,674 INFO Epoch 1 | Batch 700/1186 | Loss 5.57535 (Pin 0.93402 [q90 0.45904, q10 0.47497], MS 2.19332, Freq 4.89603) | LR 1.00e-05
2026-07-30 11:40:42,260 INFO Epoch 1 | Batch 750/1186 | Loss 5.48479 (Pin 0.93681 [q90 0.44810, q10 0.48871], MS 2.14314, Freq 4.80968) | LR 1.00e-05
2026-07-30 11:41:31,545 INFO Epoch 1 | Batch 800/1186 | Loss 5.10041 (Pin 0.89015 [q90 0.42441, q10 0.46574], MS 1.87000, Freq 4.68051) | LR 1.00e-05
2026-07-30 11:41:53,445 INFO Epoch 1 | Batch 850/1186 | Loss 5.23244 (Pin 0.95573 [q90 0.45756, q10 0.49817], MS 1.91232, Freq 4.72878) | LR 1.00e-05
2026-07-30 11:42:15,342 INFO Epoch 1 | Batch 900/1186 | Loss 5.30055 (Pin 0.93792 [q90 0.45349, q10 0.48443], MS 1.98867, Freq 4.74791) | LR 1.00e-05
2026-07-30 11:42:37,227 INFO Epoch 1 | Batch 950/1186 | Loss 5.39290 (Pin 0.93754 [q90 0.45785, q10 0.47969], MS 2.07292, Freq 4.76489) | LR 1.00e-05
2026-07-30 11:42:59,113 INFO Epoch 1 | Batch 1000/1186 | Loss 5.27461 (Pin 0.92408 [q90 0.44590, q10 0.47818], MS 1.95376, Freq 4.79354) | LR 1.00e-05
2026-07-30 11:43:21,001 INFO Epoch 1 | Batch 1050/1186 | Loss 5.34603 (Pin 0.93258 [q90 0.45082, q10 0.48177], MS 2.03747, Freq 4.75195) | LR 1.00e-05
2026-07-30 11:43:42,889 INFO Epoch 1 | Batch 1100/1186 | Loss 5.15617 (Pin 0.87979 [q90 0.43162, q10 0.44817], MS 1.98276, Freq 4.58724) | LR 1.00e-05
2026-07-30 11:44:04,785 INFO Epoch 1 | Batch 1150/1186 | Loss 5.44020 (Pin 0.95323 [q90 0.46073, q10 0.49250], MS 2.10995, Freq 4.75405) | LR 1.00e-05
2026-07-30 11:44:57,608 INFO Epoch 1 | Val Loss 5.81804 (Pin 0.87436 [q90 0.42600, q10 0.44836], MS 2.60968, Freq 4.66800, L1 2.00607, Spectral 0.31660, Gradient 0.55599)
2026-07-30 11:44:57,609 INFO Epoch 1 | Coverage q10/q50/q90 = 0.066/0.483/0.925 (nominal .10/.50/.90) | extreme tail = 0.112/0.450/0.868
2026-07-30 11:44:57,929 INFO New best val loss: 5.81804 (saved checkpoints/best.pth)
2026-07-30 11:45:19,868 INFO Epoch 2 | Batch 50/1186 | Loss 5.22996 (Pin 0.92533 [q90 0.44477, q10 0.48056], MS 1.93379, Freq 4.74168) | LR 1.00e-05
2026-07-30 11:45:41,746 INFO Epoch 2 | Batch 100/1186 | Loss 5.20068 (Pin 0.92869 [q90 0.44433, q10 0.48436], MS 1.91463, Freq 4.71472) | LR 1.00e-05
2026-07-30 11:46:03,633 INFO Epoch 2 | Batch 150/1186 | Loss 5.32903 (Pin 0.92704 [q90 0.45525, q10 0.47180], MS 2.05645, Freq 4.69108) | LR 1.00e-05
2026-07-30 11:46:25,503 INFO Epoch 2 | Batch 200/1186 | Loss 5.08606 (Pin 0.87253 [q90 0.42314, q10 0.44938], MS 1.91110, Freq 4.60489) | LR 1.00e-05
2026-07-30 11:46:47,386 INFO Epoch 2 | Batch 250/1186 | Loss 5.34541 (Pin 0.93629 [q90 0.45643, q10 0.47986], MS 2.00363, Freq 4.81099) | LR 1.00e-05
2026-07-30 11:47:09,269 INFO Epoch 2 | Batch 300/1186 | Loss 5.21390 (Pin 0.90604 [q90 0.43608, q10 0.46995], MS 1.97983, Freq 4.65604) | LR 1.00e-05
2026-07-30 11:47:31,152 INFO Epoch 2 | Batch 350/1186 | Loss 5.12170 (Pin 0.88048 [q90 0.43259, q10 0.44788], MS 1.92676, Freq 4.62894) | LR 1.00e-05
2026-07-30 11:47:53,037 INFO Epoch 2 | Batch 400/1186 | Loss 5.07819 (Pin 0.91724 [q90 0.43937, q10 0.47786], MS 1.87516, Freq 4.57159) | LR 1.00e-05
2026-07-30 11:48:14,919 INFO Epoch 2 | Batch 450/1186 | Loss 5.05613 (Pin 0.91130 [q90 0.44219, q10 0.46911], MS 1.86956, Freq 4.55054) | LR 1.00e-05
2026-07-30 11:48:36,786 INFO Epoch 2 | Batch 500/1186 | Loss 5.42950 (Pin 0.93598 [q90 0.45090, q10 0.48508], MS 2.07718, Freq 4.83267) | LR 1.00e-05
2026-07-30 11:48:58,660 INFO Epoch 2 | Batch 550/1186 | Loss 5.30087 (Pin 0.94082 [q90 0.46041, q10 0.48041], MS 1.98982, Freq 4.74046) | LR 1.00e-05
2026-07-30 11:49:20,543 INFO Epoch 2 | Batch 600/1186 | Loss 5.25448 (Pin 0.90684 [q90 0.43978, q10 0.46705], MS 1.98259, Freq 4.73010) | LR 1.00e-05
2026-07-30 11:49:42,416 INFO Epoch 2 | Batch 650/1186 | Loss 5.02366 (Pin 0.91355 [q90 0.44367, q10 0.46988], MS 1.84342, Freq 4.53336) | LR 1.00e-05
2026-07-30 11:50:04,313 INFO Epoch 2 | Batch 700/1186 | Loss 5.19992 (Pin 0.91187 [q90 0.43540, q10 0.47647], MS 1.94702, Freq 4.68206) | LR 1.00e-05
2026-07-30 11:50:26,200 INFO Epoch 2 | Batch 750/1186 | Loss 5.11240 (Pin 0.92539 [q90 0.44515, q10 0.48024], MS 1.86445, Freq 4.64511) | LR 1.00e-05
2026-07-30 11:50:48,080 INFO Epoch 2 | Batch 800/1186 | Loss 5.26997 (Pin 0.89529 [q90 0.43362, q10 0.46167], MS 2.08049, Freq 4.58837) | LR 1.00e-05
2026-07-30 11:51:09,960 INFO Epoch 2 | Batch 850/1186 | Loss 5.08552 (Pin 0.88735 [q90 0.43707, q10 0.45027], MS 1.88590, Freq 4.62453) | LR 1.00e-05
2026-07-30 11:51:31,837 INFO Epoch 2 | Batch 900/1186 | Loss 5.09545 (Pin 0.89045 [q90 0.43465, q10 0.45580], MS 1.92362, Freq 4.56275) | LR 1.00e-05
2026-07-30 11:51:53,706 INFO Epoch 2 | Batch 950/1186 | Loss 5.02058 (Pin 0.89281 [q90 0.42823, q10 0.46458], MS 1.84780, Freq 4.55991) | LR 1.00e-05
2026-07-30 11:52:15,574 INFO Epoch 2 | Batch 1000/1186 | Loss 5.05847 (Pin 0.90475 [q90 0.44137, q10 0.46338], MS 1.86622, Freq 4.57500) | LR 1.00e-05
2026-07-30 11:52:37,432 INFO Epoch 2 | Batch 1050/1186 | Loss 5.17129 (Pin 0.90374 [q90 0.43825, q10 0.46549], MS 1.94365, Freq 4.64780) | LR 1.00e-05
2026-07-30 11:52:59,296 INFO Epoch 2 | Batch 1100/1186 | Loss 5.20408 (Pin 0.93563 [q90 0.45653, q10 0.47910], MS 1.95381, Freq 4.62927) | LR 1.00e-05
2026-07-30 11:53:21,162 INFO Epoch 2 | Batch 1150/1186 | Loss 5.01398 (Pin 0.92042 [q90 0.44865, q10 0.47176], MS 1.82153, Freq 4.54408) | LR 1.00e-05
2026-07-30 11:54:13,870 INFO Epoch 2 | Val Loss 5.68042 (Pin 0.86200 [q90 0.42195, q10 0.44005], MS 2.56179, Freq 4.51326, L1 1.97312, Spectral 0.31610, Gradient 0.55639)
2026-07-30 11:54:13,871 INFO Epoch 2 | Coverage q10/q50/q90 = 0.070/0.479/0.915 (nominal .10/.50/.90) | extreme tail = 0.112/0.445/0.864
2026-07-30 11:54:14,176 INFO New best val loss: 5.68042 (saved checkpoints/best.pth)
2026-07-30 11:54:36,130 INFO Epoch 3 | Batch 50/1186 | Loss 4.94174 (Pin 0.88748 [q90 0.43076, q10 0.45672], MS 1.81103, Freq 4.48646) | LR 1.00e-05
2026-07-30 11:54:58,042 INFO Epoch 3 | Batch 100/1186 | Loss 5.19333 (Pin 0.91802 [q90 0.44137, q10 0.47665], MS 1.97531, Freq 4.60000) | LR 1.00e-05
2026-07-30 11:55:19,938 INFO Epoch 3 | Batch 150/1186 | Loss 5.04427 (Pin 0.89329 [q90 0.43210, q10 0.46119], MS 1.88635, Freq 4.52926) | LR 1.00e-05
2026-07-30 11:55:41,830 INFO Epoch 3 | Batch 200/1186 | Loss 5.17815 (Pin 0.89136 [q90 0.43572, q10 0.45564], MS 1.98785, Freq 4.59787) | LR 1.00e-05
2026-07-30 11:56:03,737 INFO Epoch 3 | Batch 250/1186 | Loss 5.08658 (Pin 0.88312 [q90 0.42849, q10 0.45463], MS 1.94041, Freq 4.52612) | LR 1.00e-05
2026-07-30 11:56:25,645 INFO Epoch 3 | Batch 300/1186 | Loss 5.04085 (Pin 0.89420 [q90 0.43355, q10 0.46065], MS 1.88671, Freq 4.51988) | LR 1.00e-05
2026-07-30 11:56:47,553 INFO Epoch 3 | Batch 350/1186 | Loss 5.14636 (Pin 0.89488 [q90 0.44049, q10 0.45439], MS 1.93689, Freq 4.62919) | LR 1.00e-05
2026-07-30 11:57:09,462 INFO Epoch 3 | Batch 400/1186 | Loss 4.91193 (Pin 0.90455 [q90 0.43220, q10 0.47234], MS 1.77582, Freq 4.46313) | LR 1.00e-05
2026-07-30 11:57:31,352 INFO Epoch 3 | Batch 450/1186 | Loss 5.05143 (Pin 0.90147 [q90 0.44394, q10 0.45753], MS 1.87989, Freq 4.54013) | LR 1.00e-05
2026-07-30 11:57:53,238 INFO Epoch 3 | Batch 500/1186 | Loss 5.13008 (Pin 0.92668 [q90 0.45421, q10 0.47247], MS 1.91737, Freq 4.57205) | LR 1.00e-05
2026-07-30 11:58:15,122 INFO Epoch 3 | Batch 550/1186 | Loss 4.91322 (Pin 0.89731 [q90 0.43509, q10 0.46223], MS 1.77569, Freq 4.48044) | LR 1.00e-05
2026-07-30 11:58:37,038 INFO Epoch 3 | Batch 600/1186 | Loss 4.86114 (Pin 0.87530 [q90 0.43101, q10 0.44429], MS 1.74748, Freq 4.47672) | LR 1.00e-05
2026-07-30 11:58:58,933 INFO Epoch 3 | Batch 650/1186 | Loss 5.04333 (Pin 0.92422 [q90 0.44932, q10 0.47490], MS 1.85196, Freq 4.53429) | LR 1.00e-05
2026-07-30 11:59:20,816 INFO Epoch 3 | Batch 700/1186 | Loss 4.94197 (Pin 0.88675 [q90 0.43211, q10 0.45465], MS 1.76536, Freq 4.57970) | LR 1.00e-05
2026-07-30 11:59:42,710 INFO Epoch 3 | Batch 750/1186 | Loss 5.03617 (Pin 0.91565 [q90 0.43915, q10 0.47651], MS 1.88304, Freq 4.47497) | LR 1.00e-05
2026-07-30 12:00:04,584 INFO Epoch 3 | Batch 800/1186 | Loss 4.94713 (Pin 0.88858 [q90 0.43526, q10 0.45332], MS 1.80199, Freq 4.51313) | LR 1.00e-05
2026-07-30 12:00:26,463 INFO Epoch 3 | Batch 850/1186 | Loss 5.12175 (Pin 0.92519 [q90 0.44316, q10 0.48203], MS 1.90851, Freq 4.57611) | LR 1.00e-05
2026-07-30 12:00:48,340 INFO Epoch 3 | Batch 900/1186 | Loss 5.04801 (Pin 0.90243 [q90 0.42415, q10 0.47828], MS 1.86320, Freq 4.56478) | LR 1.00e-05
2026-07-30 12:01:10,212 INFO Epoch 3 | Batch 950/1186 | Loss 5.03732 (Pin 0.89151 [q90 0.43811, q10 0.45341], MS 1.87857, Freq 4.53448) | LR 1.00e-05
2026-07-30 12:01:32,076 INFO Epoch 3 | Batch 1000/1186 | Loss 5.01726 (Pin 0.91034 [q90 0.44133, q10 0.46901], MS 1.85394, Freq 4.50595) | LR 1.00e-05
2026-07-30 12:01:53,945 INFO Epoch 3 | Batch 1050/1186 | Loss 4.92123 (Pin 0.86967 [q90 0.42512, q10 0.44455], MS 1.86886, Freq 4.36541) | LR 1.00e-05
2026-07-30 12:02:15,810 INFO Epoch 3 | Batch 1100/1186 | Loss 4.93176 (Pin 0.88242 [q90 0.42740, q10 0.45502], MS 1.82777, Freq 4.44313) | LR 1.00e-05
2026-07-30 12:02:37,680 INFO Epoch 3 | Batch 1150/1186 | Loss 4.90151 (Pin 0.87832 [q90 0.43169, q10 0.44663], MS 1.80793, Freq 4.43052) | LR 1.00e-05
2026-07-30 12:03:30,327 INFO Epoch 3 | Val Loss 5.44968 (Pin 0.84230 [q90 0.41826, q10 0.42404], MS 2.40414, Freq 4.40648, L1 1.90067, Spectral 0.31432, Gradient 0.54763)
2026-07-30 12:03:30,327 INFO Epoch 3 | Coverage q10/q50/q90 = 0.070/0.448/0.891 (nominal .10/.50/.90) | extreme tail = 0.109/0.431/0.847
2026-07-30 12:03:30,633 INFO New best val loss: 5.44968 (saved checkpoints/best.pth)
2026-07-30 12:03:52,579 INFO Epoch 4 | Batch 50/1186 | Loss 5.05382 (Pin 0.91212 [q90 0.44545, q10 0.46667], MS 1.86440, Freq 4.55461) | LR 1.00e-05
2026-07-30 12:04:14,469 INFO Epoch 4 | Batch 100/1186 | Loss 5.01707 (Pin 0.90150 [q90 0.44218, q10 0.45932], MS 1.87398, Freq 4.48318) | LR 1.00e-05
2026-07-30 12:04:36,339 INFO Epoch 4 | Batch 150/1186 | Loss 4.99030 (Pin 0.88403 [q90 0.44406, q10 0.43997], MS 1.87301, Freq 4.46652) | LR 1.00e-05
2026-07-30 12:04:58,204 INFO Epoch 4 | Batch 200/1186 | Loss 4.99104 (Pin 0.89251 [q90 0.43159, q10 0.46092], MS 1.83639, Freq 4.52429) | LR 1.00e-05
2026-07-30 12:05:20,062 INFO Epoch 4 | Batch 250/1186 | Loss 5.04328 (Pin 0.90113 [q90 0.43525, q10 0.46587], MS 1.92494, Freq 4.43444) | LR 1.00e-05
2026-07-30 12:05:41,933 INFO Epoch 4 | Batch 300/1186 | Loss 4.89039 (Pin 0.89110 [q90 0.43576, q10 0.45535], MS 1.79121, Freq 4.41615) | LR 1.00e-05
2026-07-30 12:06:03,796 INFO Epoch 4 | Batch 350/1186 | Loss 4.95248 (Pin 0.85612 [q90 0.41614, q10 0.43997], MS 1.90515, Freq 4.38241) | LR 1.00e-05
2026-07-30 12:06:25,658 INFO Epoch 4 | Batch 400/1186 | Loss 4.92605 (Pin 0.88998 [q90 0.42816, q10 0.46182], MS 1.78736, Freq 4.49742) | LR 1.00e-05
2026-07-30 12:06:47,514 INFO Epoch 4 | Batch 450/1186 | Loss 4.90510 (Pin 0.87966 [q90 0.42205, q10 0.45761], MS 1.81430, Freq 4.42227) | LR 1.00e-05
2026-07-30 12:07:09,369 INFO Epoch 4 | Batch 500/1186 | Loss 4.95849 (Pin 0.87900 [q90 0.43302, q10 0.44598], MS 1.89384, Freq 4.37130) | LR 1.00e-05
2026-07-30 12:07:31,218 INFO Epoch 4 | Batch 550/1186 | Loss 5.06859 (Pin 0.89683 [q90 0.42675, q10 0.47008], MS 1.90524, Freq 4.53305) | LR 1.00e-05
2026-07-30 12:07:53,083 INFO Epoch 4 | Batch 600/1186 | Loss 5.00287 (Pin 0.90140 [q90 0.43560, q10 0.46580], MS 1.86404, Freq 4.47485) | LR 1.00e-05
2026-07-30 12:08:14,931 INFO Epoch 4 | Batch 650/1186 | Loss 4.80840 (Pin 0.85414 [q90 0.41736, q10 0.43678], MS 1.73407, Freq 4.44036) | LR 1.00e-05
2026-07-30 12:08:36,794 INFO Epoch 4 | Batch 700/1186 | Loss 4.87217 (Pin 0.87215 [q90 0.42769, q10 0.44446], MS 1.79813, Freq 4.40378) | LR 1.00e-05
2026-07-30 12:08:58,663 INFO Epoch 4 | Batch 750/1186 | Loss 4.92964 (Pin 0.89557 [q90 0.43460, q10 0.46096], MS 1.81999, Freq 4.42817) | LR 1.00e-05
2026-07-30 12:09:20,538 INFO Epoch 4 | Batch 800/1186 | Loss 4.94025 (Pin 0.87990 [q90 0.42008, q10 0.45983], MS 1.84006, Freq 4.44058) | LR 1.00e-05
2026-07-30 12:09:42,396 INFO Epoch 4 | Batch 850/1186 | Loss 4.95106 (Pin 0.88876 [q90 0.43436, q10 0.45440], MS 1.86806, Freq 4.38846) | LR 1.00e-05
2026-07-30 12:10:04,258 INFO Epoch 4 | Batch 900/1186 | Loss 4.91164 (Pin 0.89395 [q90 0.43489, q10 0.45906], MS 1.78995, Freq 4.45547) | LR 1.00e-05
2026-07-30 12:10:26,100 INFO Epoch 4 | Batch 950/1186 | Loss 4.76579 (Pin 0.88474 [q90 0.43041, q10 0.45433], MS 1.70249, Freq 4.35711) | LR 1.00e-05
2026-07-30 12:10:47,961 INFO Epoch 4 | Batch 1000/1186 | Loss 4.94844 (Pin 0.89242 [q90 0.42810, q10 0.46432], MS 1.83319, Freq 4.44566) | LR 1.00e-05
2026-07-30 12:11:09,836 INFO Epoch 4 | Batch 1050/1186 | Loss 4.87362 (Pin 0.89398 [q90 0.43852, q10 0.45546], MS 1.76295, Freq 4.43339) | LR 1.00e-05
2026-07-30 12:11:31,705 INFO Epoch 4 | Batch 1100/1186 | Loss 4.86926 (Pin 0.88218 [q90 0.43348, q10 0.44870], MS 1.77750, Freq 4.41917) | LR 1.00e-05
2026-07-30 12:11:53,579 INFO Epoch 4 | Batch 1150/1186 | Loss 4.88152 (Pin 0.89999 [q90 0.44604, q10 0.45395], MS 1.76717, Freq 4.42872) | LR 1.00e-05
2026-07-30 12:12:46,691 INFO Epoch 4 | Val Loss 5.34565 (Pin 0.83567 [q90 0.41480, q10 0.42088], MS 2.37854, Freq 4.26286, L1 1.85256, Spectral 0.31382, Gradient 0.53445)
2026-07-30 12:12:46,691 INFO Epoch 4 | Coverage q10/q50/q90 = 0.081/0.486/0.899 (nominal .10/.50/.90) | extreme tail = 0.120/0.453/0.856
2026-07-30 12:12:47,012 INFO New best val loss: 5.34565 (saved checkpoints/best.pth)
2026-07-30 12:13:08,920 INFO Epoch 5 | Batch 50/1186 | Loss 4.77018 (Pin 0.84354 [q90 0.41162, q10 0.43191], MS 1.79193, Freq 4.26944) | LR 1.00e-05
2026-07-30 12:13:30,791 INFO Epoch 5 | Batch 100/1186 | Loss 4.92728 (Pin 0.88355 [q90 0.42648, q10 0.45707], MS 1.81727, Freq 4.45292) | LR 1.00e-05
2026-07-30 12:13:52,653 INFO Epoch 5 | Batch 150/1186 | Loss 4.89991 (Pin 0.86300 [q90 0.41902, q10 0.44398], MS 1.86662, Freq 4.34057) | LR 1.00e-05
2026-07-30 12:14:14,535 INFO Epoch 5 | Batch 200/1186 | Loss 4.85483 (Pin 0.89966 [q90 0.43804, q10 0.46162], MS 1.74374, Freq 4.42286) | LR 1.00e-05
2026-07-30 12:14:36,435 INFO Epoch 5 | Batch 250/1186 | Loss 4.88352 (Pin 0.85908 [q90 0.42309, q10 0.43599], MS 1.82636, Freq 4.39617) | LR 1.00e-05
2026-07-30 12:14:58,302 INFO Epoch 5 | Batch 300/1186 | Loss 4.88740 (Pin 0.87896 [q90 0.42919, q10 0.44977], MS 1.81151, Freq 4.39386) | LR 1.00e-05
2026-07-30 12:15:20,178 INFO Epoch 5 | Batch 350/1186 | Loss 5.01431 (Pin 0.88484 [q90 0.42609, q10 0.45875], MS 1.86921, Freq 4.52052) | LR 1.00e-05
2026-07-30 12:15:42,045 INFO Epoch 5 | Batch 400/1186 | Loss 4.88683 (Pin 0.92764 [q90 0.45821, q10 0.46943], MS 1.75558, Freq 4.40721) | LR 1.00e-05
2026-07-30 12:16:03,909 INFO Epoch 5 | Batch 450/1186 | Loss 4.95427 (Pin 0.88750 [q90 0.43171, q10 0.45579], MS 1.84041, Freq 4.45273) | LR 1.00e-05
2026-07-30 12:16:25,767 INFO Epoch 5 | Batch 500/1186 | Loss 4.90369 (Pin 0.89137 [q90 0.43641, q10 0.45495], MS 1.80205, Freq 4.42056) | LR 1.00e-05
2026-07-30 12:16:47,643 INFO Epoch 5 | Batch 550/1186 | Loss 4.87044 (Pin 0.86494 [q90 0.42344, q10 0.44150], MS 1.83093, Freq 4.34915) | LR 1.00e-05
2026-07-30 12:17:09,503 INFO Epoch 5 | Batch 600/1186 | Loss 4.97451 (Pin 0.89854 [q90 0.44084, q10 0.45770], MS 1.89126, Freq 4.36942) | LR 1.00e-05
2026-07-30 12:17:31,368 INFO Epoch 5 | Batch 650/1186 | Loss 4.84814 (Pin 0.87558 [q90 0.42807, q10 0.44752], MS 1.76976, Freq 4.40560) | LR 1.00e-05
2026-07-30 12:17:53,238 INFO Epoch 5 | Batch 700/1186 | Loss 4.87910 (Pin 0.88662 [q90 0.42901, q10 0.45762], MS 1.80245, Freq 4.38004) | LR 1.00e-05
2026-07-30 12:18:15,094 INFO Epoch 5 | Batch 750/1186 | Loss 4.87217 (Pin 0.90108 [q90 0.44255, q10 0.45852], MS 1.79076, Freq 4.36067) | LR 1.00e-05
2026-07-30 12:18:36,956 INFO Epoch 5 | Batch 800/1186 | Loss 4.74871 (Pin 0.86298 [q90 0.41698, q10 0.44599], MS 1.74996, Freq 4.27155) | LR 1.00e-05
2026-07-30 12:18:58,801 INFO Epoch 5 | Batch 850/1186 | Loss 4.88110 (Pin 0.86868 [q90 0.42353, q10 0.44515], MS 1.83407, Freq 4.35671) | LR 1.00e-05
2026-07-30 12:19:20,658 INFO Epoch 5 | Batch 900/1186 | Loss 4.90107 (Pin 0.90060 [q90 0.44353, q10 0.45708], MS 1.75201, Freq 4.49691) | LR 1.00e-05
2026-07-30 12:19:42,663 INFO Epoch 5 | Batch 950/1186 | Loss 4.88010 (Pin 0.88302 [q90 0.43116, q10 0.45187], MS 1.77271, Freq 4.44872) | LR 1.00e-05
2026-07-30 12:20:04,519 INFO Epoch 5 | Batch 1000/1186 | Loss 4.89313 (Pin 0.90759 [q90 0.44446, q10 0.46313], MS 1.78528, Freq 4.40052) | LR 1.00e-05
2026-07-30 12:20:26,381 INFO Epoch 5 | Batch 1050/1186 | Loss 4.75242 (Pin 0.85298 [q90 0.41756, q10 0.43542], MS 1.73584, Freq 4.32720) | LR 1.00e-05
2026-07-30 12:20:48,252 INFO Epoch 5 | Batch 1100/1186 | Loss 4.95031 (Pin 0.91327 [q90 0.44763, q10 0.46564], MS 1.77899, Freq 4.51611) | LR 1.00e-05
2026-07-30 12:21:10,112 INFO Epoch 5 | Batch 1150/1186 | Loss 4.80720 (Pin 0.87861 [q90 0.43002, q10 0.44860], MS 1.72246, Freq 4.41224) | LR 1.00e-05
2026-07-30 12:22:02,392 INFO Epoch 5 | Val Loss 5.43712 (Pin 0.83314 [q90 0.41337, q10 0.41977], MS 2.43649, Freq 4.33499, L1 1.87423, Spectral 0.31938, Gradient 0.55577)
2026-07-30 12:22:02,392 INFO Epoch 5 | Coverage q10/q50/q90 = 0.077/0.487/0.903 (nominal .10/.50/.90) | extreme tail = 0.118/0.457/0.847
2026-07-30 12:22:02,556 INFO Epoch 5 | Val loss did not improve (1/8 val checks since best=5.34565)
2026-07-30 12:22:24,463 INFO Epoch 6 | Batch 50/1186 | Loss 4.91994 (Pin 0.88384 [q90 0.43384, q10 0.44999], MS 1.84278, Freq 4.38663) | LR 1.00e-05
2026-07-30 12:22:46,315 INFO Epoch 6 | Batch 100/1186 | Loss 4.95216 (Pin 0.89379 [q90 0.42680, q10 0.46700], MS 1.81427, Freq 4.48820) | LR 1.00e-05
2026-07-30 12:23:08,165 INFO Epoch 6 | Batch 150/1186 | Loss 4.87060 (Pin 0.88089 [q90 0.43043, q10 0.45047], MS 1.81383, Freq 4.35174) | LR 1.00e-05
2026-07-30 12:23:30,028 INFO Epoch 6 | Batch 200/1186 | Loss 4.89660 (Pin 0.88987 [q90 0.42851, q10 0.46136], MS 1.80974, Freq 4.39398) | LR 1.00e-05
2026-07-30 12:23:51,878 INFO Epoch 6 | Batch 250/1186 | Loss 4.80731 (Pin 0.88918 [q90 0.43767, q10 0.45151], MS 1.74752, Freq 4.34120) | LR 1.00e-05
2026-07-30 12:24:13,746 INFO Epoch 6 | Batch 300/1186 | Loss 4.72142 (Pin 0.85697 [q90 0.42488, q10 0.43209], MS 1.68697, Freq 4.35497) | LR 1.00e-05
2026-07-30 12:24:35,600 INFO Epoch 6 | Batch 350/1186 | Loss 4.68850 (Pin 0.84676 [q90 0.40867, q10 0.43809], MS 1.70249, Freq 4.27850) | LR 1.00e-05
2026-07-30 12:24:57,450 INFO Epoch 6 | Batch 400/1186 | Loss 4.82741 (Pin 0.87531 [q90 0.43404, q10 0.44127], MS 1.79618, Freq 4.31185) | LR 1.00e-05
2026-07-30 12:25:19,305 INFO Epoch 6 | Batch 450/1186 | Loss 4.71589 (Pin 0.87049 [q90 0.42325, q10 0.44724], MS 1.69882, Freq 4.29316) | LR 1.00e-05
2026-07-30 12:25:41,175 INFO Epoch 6 | Batch 500/1186 | Loss 4.92703 (Pin 0.90574 [q90 0.43320, q10 0.47254], MS 1.85329, Freq 4.33599) | LR 1.00e-05
2026-07-30 12:26:03,038 INFO Epoch 6 | Batch 550/1186 | Loss 4.97857 (Pin 0.90240 [q90 0.44313, q10 0.45927], MS 1.84541, Freq 4.46153) | LR 1.00e-05
2026-07-30 12:26:24,904 INFO Epoch 6 | Batch 600/1186 | Loss 4.84903 (Pin 0.89560 [q90 0.43909, q10 0.45651], MS 1.74134, Freq 4.42419) | LR 1.00e-05
2026-07-30 12:26:46,765 INFO Epoch 6 | Batch 650/1186 | Loss 4.71155 (Pin 0.85377 [q90 0.41391, q10 0.43985], MS 1.69673, Freq 4.32211) | LR 1.00e-05
2026-07-30 12:27:08,629 INFO Epoch 6 | Batch 700/1186 | Loss 4.64556 (Pin 0.82979 [q90 0.40477, q10 0.42502], MS 1.67441, Freq 4.28272) | LR 1.00e-05
2026-07-30 12:27:30,480 INFO Epoch 6 | Batch 750/1186 | Loss 4.86347 (Pin 0.85755 [q90 0.42638, q10 0.43117], MS 1.86933, Freq 4.27319) | LR 1.00e-05
2026-07-30 12:27:52,322 INFO Epoch 6 | Batch 800/1186 | Loss 4.99372 (Pin 0.89942 [q90 0.44132, q10 0.45810], MS 1.87704, Freq 4.43450) | LR 1.00e-05
2026-07-30 12:28:14,164 INFO Epoch 6 | Batch 850/1186 | Loss 4.78366 (Pin 0.86346 [q90 0.41709, q10 0.44637], MS 1.73847, Freq 4.36346) | LR 1.00e-05
2026-07-30 12:28:36,023 INFO Epoch 6 | Batch 900/1186 | Loss 4.86906 (Pin 0.87746 [q90 0.42938, q10 0.44808], MS 1.81295, Freq 4.35730) | LR 1.00e-05
2026-07-30 12:28:57,884 INFO Epoch 6 | Batch 950/1186 | Loss 4.82306 (Pin 0.89722 [q90 0.44000, q10 0.45722], MS 1.71688, Freq 4.41791) | LR 1.00e-05
2026-07-30 12:29:19,744 INFO Epoch 6 | Batch 1000/1186 | Loss 4.98465 (Pin 0.87231 [q90 0.42614, q10 0.44617], MS 1.92860, Freq 4.36748) | LR 1.00e-05
2026-07-30 12:29:41,600 INFO Epoch 6 | Batch 1050/1186 | Loss 4.89237 (Pin 0.89741 [q90 0.43508, q10 0.46233], MS 1.78688, Freq 4.41616) | LR 1.00e-05
2026-07-30 12:30:03,455 INFO Epoch 6 | Batch 1100/1186 | Loss 4.73636 (Pin 0.86582 [q90 0.42756, q10 0.43826], MS 1.68673, Freq 4.36763) | LR 1.00e-05
2026-07-30 12:30:25,310 INFO Epoch 6 | Batch 1150/1186 | Loss 4.78464 (Pin 0.86723 [q90 0.42043, q10 0.44680], MS 1.72850, Freq 4.37781) | LR 1.00e-05
2026-07-30 12:31:17,589 INFO Epoch 6 | Val Loss 5.29331 (Pin 0.82894 [q90 0.41325, q10 0.41570], MS 2.30546, Freq 4.31781, L1 1.85768, Spectral 0.31827, Gradient 0.54506)
2026-07-30 12:31:17,589 INFO Epoch 6 | Coverage q10/q50/q90 = 0.086/0.488/0.898 (nominal .10/.50/.90) | extreme tail = 0.120/0.476/0.847
2026-07-30 12:31:17,906 INFO New best val loss: 5.29331 (saved checkpoints/best.pth)
2026-07-30 12:31:39,815 INFO Epoch 7 | Batch 50/1186 | Loss 4.87011 (Pin 0.90499 [q90 0.44523, q10 0.45976], MS 1.73644, Freq 4.45736) | LR 1.00e-05
2026-07-30 12:32:01,677 INFO Epoch 7 | Batch 100/1186 | Loss 4.79817 (Pin 0.87214 [q90 0.42556, q10 0.44658], MS 1.76170, Freq 4.32865) | LR 1.00e-05
2026-07-30 12:32:23,543 INFO Epoch 7 | Batch 150/1186 | Loss 4.90644 (Pin 0.88883 [q90 0.43387, q10 0.45497], MS 1.80610, Freq 4.42301) | LR 1.00e-05
2026-07-30 12:32:45,424 INFO Epoch 7 | Batch 200/1186 | Loss 4.86546 (Pin 0.88022 [q90 0.43041, q10 0.44981], MS 1.81151, Freq 4.34744) | LR 1.00e-05
2026-07-30 12:33:07,303 INFO Epoch 7 | Batch 250/1186 | Loss 4.81364 (Pin 0.89999 [q90 0.44090, q10 0.45909], MS 1.71816, Freq 4.39098) | LR 1.00e-05
2026-07-30 12:33:29,192 INFO Epoch 7 | Batch 300/1186 | Loss 4.73321 (Pin 0.87700 [q90 0.42980, q10 0.44720], MS 1.69171, Freq 4.32900) | LR 1.00e-05
2026-07-30 12:33:51,068 INFO Epoch 7 | Batch 350/1186 | Loss 4.81040 (Pin 0.88907 [q90 0.43187, q10 0.45720], MS 1.73029, Freq 4.38208) | LR 1.00e-05
2026-07-30 12:34:12,941 INFO Epoch 7 | Batch 400/1186 | Loss 4.86366 (Pin 0.87052 [q90 0.42795, q10 0.44257], MS 1.82678, Freq 4.33272) | LR 1.00e-05
2026-07-30 12:34:34,840 INFO Epoch 7 | Batch 450/1186 | Loss 4.93090 (Pin 0.88337 [q90 0.43115, q10 0.45222], MS 1.84105, Freq 4.41298) | LR 1.00e-05
2026-07-30 12:34:56,737 INFO Epoch 7 | Batch 500/1186 | Loss 4.73348 (Pin 0.84879 [q90 0.40936, q10 0.43944], MS 1.71753, Freq 4.33432) | LR 1.00e-05
2026-07-30 12:35:18,640 INFO Epoch 7 | Batch 550/1186 | Loss 4.70235 (Pin 0.86071 [q90 0.41915, q10 0.44157], MS 1.70054, Freq 4.28219) | LR 1.00e-05
2026-07-30 12:35:40,521 INFO Epoch 7 | Batch 600/1186 | Loss 4.78643 (Pin 0.88734 [q90 0.43588, q10 0.45146], MS 1.72719, Freq 4.34379) | LR 1.00e-05
2026-07-30 12:36:02,408 INFO Epoch 7 | Batch 650/1186 | Loss 4.81427 (Pin 0.84689 [q90 0.41309, q10 0.43380], MS 1.82368, Freq 4.28738) | LR 1.00e-05
2026-07-30 12:36:24,313 INFO Epoch 7 | Batch 700/1186 | Loss 4.84024 (Pin 0.87158 [q90 0.42548, q10 0.44610], MS 1.80305, Freq 4.33122) | LR 1.00e-05
2026-07-30 12:36:46,212 INFO Epoch 7 | Batch 750/1186 | Loss 4.67349 (Pin 0.84840 [q90 0.41225, q10 0.43615], MS 1.66457, Freq 4.32104) | LR 1.00e-05
2026-07-30 12:37:08,113 INFO Epoch 7 | Batch 800/1186 | Loss 4.86432 (Pin 0.88257 [q90 0.43485, q10 0.44772], MS 1.77675, Freq 4.40999) | LR 1.00e-05
2026-07-30 12:37:30,008 INFO Epoch 7 | Batch 850/1186 | Loss 4.60991 (Pin 0.84813 [q90 0.41405, q10 0.43408], MS 1.65799, Freq 4.20757) | LR 1.00e-05
2026-07-30 12:37:51,912 INFO Epoch 7 | Batch 900/1186 | Loss 4.82181 (Pin 0.88820 [q90 0.43218, q10 0.45602], MS 1.75507, Freq 4.35708) | LR 1.00e-05
2026-07-30 12:38:13,813 INFO Epoch 7 | Batch 950/1186 | Loss 4.85636 (Pin 0.87357 [q90 0.42939, q10 0.44418], MS 1.77323, Freq 4.41911) | LR 1.00e-05
2026-07-30 12:38:35,699 INFO Epoch 7 | Batch 1000/1186 | Loss 4.81086 (Pin 0.85616 [q90 0.41419, q10 0.44198], MS 1.77218, Freq 4.36505) | LR 1.00e-05
2026-07-30 12:38:57,625 INFO Epoch 7 | Batch 1050/1186 | Loss 4.81445 (Pin 0.84496 [q90 0.41633, q10 0.42863], MS 1.82822, Freq 4.28256) | LR 1.00e-05
2026-07-30 12:39:19,518 INFO Epoch 7 | Batch 1100/1186 | Loss 4.76870 (Pin 0.87003 [q90 0.42365, q10 0.44638], MS 1.74302, Freq 4.31130) | LR 1.00e-05
2026-07-30 12:39:41,410 INFO Epoch 7 | Batch 1150/1186 | Loss 4.70434 (Pin 0.86089 [q90 0.42293, q10 0.43796], MS 1.70567, Freq 4.27556) | LR 1.00e-05
2026-07-30 12:40:33,556 INFO Epoch 7 | Val Loss 5.24486 (Pin 0.82641 [q90 0.41420, q10 0.41221], MS 2.35246, Freq 4.13197, L1 1.81183, Spectral 0.31249, Gradient 0.51713)
2026-07-30 12:40:33,556 INFO Epoch 7 | Coverage q10/q50/q90 = 0.085/0.477/0.891 (nominal .10/.50/.90) | extreme tail = 0.119/0.468/0.831
2026-07-30 12:40:33,881 INFO New best val loss: 5.24486 (saved checkpoints/best.pth)
2026-07-30 12:40:55,821 INFO Epoch 8 | Batch 50/1186 | Loss 4.84410 (Pin 0.87998 [q90 0.43333, q10 0.44665], MS 1.77524, Freq 4.37777) | LR 1.00e-05
2026-07-30 12:41:17,708 INFO Epoch 8 | Batch 100/1186 | Loss 4.75729 (Pin 0.86247 [q90 0.42552, q10 0.43695], MS 1.73975, Freq 4.31014) | LR 1.00e-05
2026-07-30 12:41:39,590 INFO Epoch 8 | Batch 150/1186 | Loss 4.99665 (Pin 0.88689 [q90 0.42624, q10 0.46065], MS 1.86293, Freq 4.49365) | LR 1.00e-05
2026-07-30 12:42:01,462 INFO Epoch 8 | Batch 200/1186 | Loss 4.68859 (Pin 0.87682 [q90 0.43176, q10 0.44506], MS 1.65874, Freq 4.30606) | LR 1.00e-05
2026-07-30 12:42:23,347 INFO Epoch 8 | Batch 250/1186 | Loss 4.80641 (Pin 0.87159 [q90 0.41630, q10 0.45528], MS 1.73156, Freq 4.40654) | LR 1.00e-05
2026-07-30 12:42:45,231 INFO Epoch 8 | Batch 300/1186 | Loss 4.72951 (Pin 0.87939 [q90 0.43062, q10 0.44877], MS 1.68822, Freq 4.32380) | LR 1.00e-05
2026-07-30 12:43:07,109 INFO Epoch 8 | Batch 350/1186 | Loss 4.82543 (Pin 0.88613 [q90 0.42900, q10 0.45713], MS 1.77642, Freq 4.32577) | LR 1.00e-05
2026-07-30 12:43:28,979 INFO Epoch 8 | Batch 400/1186 | Loss 4.84300 (Pin 0.87166 [q90 0.42831, q10 0.44335], MS 1.78789, Freq 4.36690) | LR 1.00e-05
2026-07-30 12:43:50,861 INFO Epoch 8 | Batch 450/1186 | Loss 4.87669 (Pin 0.87270 [q90 0.42419, q10 0.44852], MS 1.81295, Freq 4.38209) | LR 1.00e-05
2026-07-30 12:44:12,733 INFO Epoch 8 | Batch 500/1186 | Loss 4.59808 (Pin 0.83551 [q90 0.40846, q10 0.42705], MS 1.66851, Freq 4.18813) | LR 1.00e-05
2026-07-30 12:44:34,645 INFO Epoch 8 | Batch 550/1186 | Loss 4.69035 (Pin 0.86514 [q90 0.42222, q10 0.44291], MS 1.66398, Freq 4.32248) | LR 1.00e-05
2026-07-30 12:44:56,561 INFO Epoch 8 | Batch 600/1186 | Loss 4.87296 (Pin 0.87742 [q90 0.42391, q10 0.45351], MS 1.81377, Freq 4.36355) | LR 1.00e-05
2026-07-30 12:45:18,469 INFO Epoch 8 | Batch 650/1186 | Loss 4.76622 (Pin 0.89945 [q90 0.44326, q10 0.45619], MS 1.66277, Freq 4.40800) | LR 1.00e-05
2026-07-30 12:45:40,370 INFO Epoch 8 | Batch 700/1186 | Loss 4.61935 (Pin 0.85112 [q90 0.41849, q10 0.43263], MS 1.63708, Freq 4.26231) | LR 1.00e-05
2026-07-30 12:46:02,265 INFO Epoch 8 | Batch 750/1186 | Loss 4.67599 (Pin 0.83046 [q90 0.41283, q10 0.41763], MS 1.69858, Freq 4.29391) | LR 1.00e-05
2026-07-30 12:46:24,151 INFO Epoch 8 | Batch 800/1186 | Loss 4.79444 (Pin 0.87990 [q90 0.43109, q10 0.44881], MS 1.72949, Freq 4.37010) | LR 1.00e-05
2026-07-30 12:46:46,045 INFO Epoch 8 | Batch 850/1186 | Loss 4.81834 (Pin 0.89581 [q90 0.42778, q10 0.46803], MS 1.73458, Freq 4.37590) | LR 1.00e-05
2026-07-30 12:47:07,934 INFO Epoch 8 | Batch 900/1186 | Loss 4.71794 (Pin 0.83307 [q90 0.41150, q10 0.42157], MS 1.76112, Freq 4.24751) | LR 1.00e-05
2026-07-30 12:47:29,833 INFO Epoch 8 | Batch 950/1186 | Loss 4.73263 (Pin 0.87463 [q90 0.42569, q10 0.44895], MS 1.71637, Freq 4.28325) | LR 1.00e-05
2026-07-30 12:47:51,737 INFO Epoch 8 | Batch 1000/1186 | Loss 4.68309 (Pin 0.85030 [q90 0.41317, q10 0.43713], MS 1.72268, Freq 4.22021) | LR 1.00e-05
2026-07-30 12:48:13,634 INFO Epoch 8 | Batch 1050/1186 | Loss 4.73534 (Pin 0.86972 [q90 0.43145, q10 0.43827], MS 1.68322, Freq 4.36481) | LR 1.00e-05
2026-07-30 12:48:35,533 INFO Epoch 8 | Batch 1100/1186 | Loss 4.59704 (Pin 0.85341 [q90 0.41645, q10 0.43696], MS 1.64752, Freq 4.19222) | LR 1.00e-05
2026-07-30 12:48:57,434 INFO Epoch 8 | Batch 1150/1186 | Loss 4.70170 (Pin 0.87804 [q90 0.43271, q10 0.44533], MS 1.67572, Freq 4.29588) | LR 1.00e-05
2026-07-30 12:49:50,509 INFO Epoch 8 | Val Loss 5.14943 (Pin 0.82035 [q90 0.40708, q10 0.41327], MS 2.24546, Freq 4.16723, L1 1.80933, Spectral 0.31319, Gradient 0.51747)
2026-07-30 12:49:50,509 INFO Epoch 8 | Coverage q10/q50/q90 = 0.075/0.491/0.907 (nominal .10/.50/.90) | extreme tail = 0.114/0.459/0.857
2026-07-30 12:49:50,837 INFO New best val loss: 5.14943 (saved checkpoints/best.pth)
2026-07-30 12:50:12,772 INFO Epoch 9 | Batch 50/1186 | Loss 4.79719 (Pin 0.86792 [q90 0.42670, q10 0.44122], MS 1.76601, Freq 4.32651) | LR 1.00e-05
2026-07-30 12:50:34,672 INFO Epoch 9 | Batch 100/1186 | Loss 4.68648 (Pin 0.83504 [q90 0.40446, q10 0.43058], MS 1.74098, Freq 4.22093) | LR 1.00e-05
2026-07-30 12:50:56,558 INFO Epoch 9 | Batch 150/1186 | Loss 4.73670 (Pin 0.85578 [q90 0.41284, q10 0.44294], MS 1.74422, Freq 4.27338) | LR 1.00e-05
2026-07-30 12:51:18,428 INFO Epoch 9 | Batch 200/1186 | Loss 4.69591 (Pin 0.88678 [q90 0.42156, q10 0.46522], MS 1.67058, Freq 4.27712) | LR 1.00e-05
2026-07-30 12:51:40,318 INFO Epoch 9 | Batch 250/1186 | Loss 4.69171 (Pin 0.85013 [q90 0.41153, q10 0.43860], MS 1.67275, Freq 4.33765) | LR 1.00e-05
2026-07-30 12:52:02,209 INFO Epoch 9 | Batch 300/1186 | Loss 4.77777 (Pin 0.88722 [q90 0.43509, q10 0.45213], MS 1.73067, Freq 4.31975) | LR 1.00e-05
2026-07-30 12:52:24,082 INFO Epoch 9 | Batch 350/1186 | Loss 4.67773 (Pin 0.87480 [q90 0.43436, q10 0.44044], MS 1.64907, Freq 4.30774) | LR 1.00e-05
2026-07-30 12:52:45,960 INFO Epoch 9 | Batch 400/1186 | Loss 4.92583 (Pin 0.91769 [q90 0.44476, q10 0.47293], MS 1.83220, Freq 4.35189) | LR 1.00e-05
2026-07-30 12:53:07,852 INFO Epoch 9 | Batch 450/1186 | Loss 4.87993 (Pin 0.87263 [q90 0.41995, q10 0.45267], MS 1.82317, Freq 4.36827) | LR 1.00e-05
2026-07-30 12:53:29,725 INFO Epoch 9 | Batch 500/1186 | Loss 4.80069 (Pin 0.86126 [q90 0.42045, q10 0.44081], MS 1.79417, Freq 4.29052) | LR 1.00e-05
2026-07-30 12:53:51,612 INFO Epoch 9 | Batch 550/1186 | Loss 4.84989 (Pin 0.87093 [q90 0.42322, q10 0.44771], MS 1.75957, Freq 4.43877) | LR 1.00e-05
2026-07-30 12:54:13,483 INFO Epoch 9 | Batch 600/1186 | Loss 4.72879 (Pin 0.86920 [q90 0.43072, q10 0.43848], MS 1.70955, Freq 4.30008) | LR 1.00e-05
2026-07-30 12:54:35,364 INFO Epoch 9 | Batch 650/1186 | Loss 4.65057 (Pin 0.83424 [q90 0.41316, q10 0.42108], MS 1.69696, Freq 4.23872) | LR 1.00e-05
2026-07-30 12:54:57,250 INFO Epoch 9 | Batch 700/1186 | Loss 4.78147 (Pin 0.87616 [q90 0.42367, q10 0.45249], MS 1.72161, Freq 4.36740) | LR 1.00e-05
2026-07-30 12:55:19,128 INFO Epoch 9 | Batch 750/1186 | Loss 4.84859 (Pin 0.86224 [q90 0.42291, q10 0.43934], MS 1.81321, Freq 4.34627) | LR 1.00e-05
2026-07-30 12:55:40,999 INFO Epoch 9 | Batch 800/1186 | Loss 4.75804 (Pin 0.84628 [q90 0.41787, q10 0.42841], MS 1.77357, Freq 4.27637) | LR 1.00e-05
2026-07-30 12:56:02,887 INFO Epoch 9 | Batch 850/1186 | Loss 4.49095 (Pin 0.83523 [q90 0.40886, q10 0.42638], MS 1.55933, Freq 4.19277) | LR 1.00e-05
2026-07-30 12:56:24,753 INFO Epoch 9 | Batch 900/1186 | Loss 4.66521 (Pin 0.85385 [q90 0.41587, q10 0.43798], MS 1.68370, Freq 4.25531) | LR 1.00e-05
2026-07-30 12:56:46,623 INFO Epoch 9 | Batch 950/1186 | Loss 4.85076 (Pin 0.88802 [q90 0.43717, q10 0.45085], MS 1.76950, Freq 4.38649) | LR 1.00e-05
2026-07-30 12:57:08,508 INFO Epoch 9 | Batch 1000/1186 | Loss 4.77423 (Pin 0.87359 [q90 0.42836, q10 0.44522], MS 1.75889, Freq 4.28350) | LR 1.00e-05
2026-07-30 12:57:30,393 INFO Epoch 9 | Batch 1050/1186 | Loss 4.88517 (Pin 0.90039 [q90 0.43612, q10 0.46427], MS 1.80337, Freq 4.36281) | LR 1.00e-05
2026-07-30 12:57:52,272 INFO Epoch 9 | Batch 1100/1186 | Loss 4.67667 (Pin 0.84618 [q90 0.41160, q10 0.43458], MS 1.70220, Freq 4.25658) | LR 1.00e-05
2026-07-30 12:58:14,139 INFO Epoch 9 | Batch 1150/1186 | Loss 4.65714 (Pin 0.84718 [q90 0.41975, q10 0.42743], MS 1.70273, Freq 4.21448) | LR 1.00e-05
2026-07-30 12:59:07,215 INFO Epoch 9 | Val Loss 5.18053 (Pin 0.81933 [q90 0.41026, q10 0.40907], MS 2.25904, Freq 4.20433, L1 1.82170, Spectral 0.31425, Gradient 0.51842)
2026-07-30 12:59:07,215 INFO Epoch 9 | Coverage q10/q50/q90 = 0.095/0.488/0.892 (nominal .10/.50/.90) | extreme tail = 0.118/0.448/0.852
2026-07-30 12:59:07,386 INFO Epoch 9 | Val loss did not improve (1/8 val checks since best=5.14943)
2026-07-30 12:59:29,326 INFO Epoch 10 | Batch 50/1186 | Loss 4.71019 (Pin 0.88069 [q90 0.44024, q10 0.44045], MS 1.69149, Freq 4.27603) | LR 1.00e-05
2026-07-30 12:59:51,203 INFO Epoch 10 | Batch 100/1186 | Loss 4.70467 (Pin 0.87104 [q90 0.42444, q10 0.44660], MS 1.64419, Freq 4.37889) | LR 1.00e-05
2026-07-30 13:00:13,083 INFO Epoch 10 | Batch 150/1186 | Loss 4.71507 (Pin 0.85375 [q90 0.41535, q10 0.43839], MS 1.70038, Freq 4.32188) | LR 1.00e-05
2026-07-30 13:00:34,965 INFO Epoch 10 | Batch 200/1186 | Loss 4.83748 (Pin 0.88370 [q90 0.42808, q10 0.45562], MS 1.80577, Freq 4.29602) | LR 1.00e-05
2026-07-30 13:00:56,832 INFO Epoch 10 | Batch 250/1186 | Loss 4.76363 (Pin 0.87098 [q90 0.42789, q10 0.44309], MS 1.71957, Freq 4.34618) | LR 1.00e-05
2026-07-30 13:01:18,700 INFO Epoch 10 | Batch 300/1186 | Loss 4.80963 (Pin 0.86401 [q90 0.42090, q10 0.44311], MS 1.79129, Freq 4.30867) | LR 1.00e-05
2026-07-30 13:01:40,576 INFO Epoch 10 | Batch 350/1186 | Loss 4.65389 (Pin 0.83989 [q90 0.40775, q10 0.43215], MS 1.68771, Freq 4.25257) | LR 1.00e-05
2026-07-30 13:02:02,437 INFO Epoch 10 | Batch 400/1186 | Loss 4.60795 (Pin 0.84803 [q90 0.41082, q10 0.43721], MS 1.64961, Freq 4.22062) | LR 1.00e-05
2026-07-30 13:02:24,303 INFO Epoch 10 | Batch 450/1186 | Loss 4.80314 (Pin 0.88287 [q90 0.43451, q10 0.44836], MS 1.77371, Freq 4.29314) | LR 1.00e-05
2026-07-30 13:02:46,161 INFO Epoch 10 | Batch 500/1186 | Loss 4.60540 (Pin 0.84198 [q90 0.40707, q10 0.43491], MS 1.63763, Freq 4.25158) | LR 1.00e-05
2026-07-30 13:03:08,028 INFO Epoch 10 | Batch 550/1186 | Loss 4.63348 (Pin 0.81696 [q90 0.39968, q10 0.41728], MS 1.71521, Freq 4.20263) | LR 1.00e-05
2026-07-30 13:03:29,900 INFO Epoch 10 | Batch 600/1186 | Loss 4.77873 (Pin 0.85227 [q90 0.41519, q10 0.43708], MS 1.78816, Freq 4.27659) | LR 1.00e-05
2026-07-30 13:03:51,771 INFO Epoch 10 | Batch 650/1186 | Loss 4.83649 (Pin 0.90039 [q90 0.44039, q10 0.46000], MS 1.74833, Freq 4.37554) | LR 1.00e-05
2026-07-30 13:04:13,652 INFO Epoch 10 | Batch 700/1186 | Loss 4.69050 (Pin 0.86734 [q90 0.42122, q10 0.44612], MS 1.63308, Freq 4.38014) | LR 1.00e-05
2026-07-30 13:04:35,540 INFO Epoch 10 | Batch 750/1186 | Loss 4.72601 (Pin 0.86023 [q90 0.41918, q10 0.44105], MS 1.73885, Freq 4.25387) | LR 1.00e-05
2026-07-30 13:04:57,420 INFO Epoch 10 | Batch 800/1186 | Loss 4.63549 (Pin 0.86285 [q90 0.42275, q10 0.44011], MS 1.64482, Freq 4.25562) | LR 1.00e-05
2026-07-30 13:05:19,283 INFO Epoch 10 | Batch 850/1186 | Loss 4.71280 (Pin 0.85895 [q90 0.42397, q10 0.43498], MS 1.73496, Freq 4.23777) | LR 1.00e-05
2026-07-30 13:05:41,161 INFO Epoch 10 | Batch 900/1186 | Loss 4.71514 (Pin 0.85959 [q90 0.42301, q10 0.43658], MS 1.68606, Freq 4.33900) | LR 1.00e-05
2026-07-30 13:06:03,037 INFO Epoch 10 | Batch 950/1186 | Loss 4.74843 (Pin 0.88617 [q90 0.43457, q10 0.45160], MS 1.69086, Freq 4.34278) | LR 1.00e-05
2026-07-30 13:06:24,931 INFO Epoch 10 | Batch 1000/1186 | Loss 4.62804 (Pin 0.84327 [q90 0.41274, q10 0.43053], MS 1.65318, Freq 4.26318) | LR 1.00e-05
2026-07-30 13:06:46,806 INFO Epoch 10 | Batch 1050/1186 | Loss 4.65296 (Pin 0.86885 [q90 0.42834, q10 0.44051], MS 1.68836, Freq 4.19151) | LR 1.00e-05
2026-07-30 13:07:08,690 INFO Epoch 10 | Batch 1100/1186 | Loss 4.57913 (Pin 0.83037 [q90 0.39994, q10 0.43044], MS 1.65556, Freq 4.18639) | LR 1.00e-05
2026-07-30 13:07:30,549 INFO Epoch 10 | Batch 1150/1186 | Loss 4.63890 (Pin 0.85687 [q90 0.41579, q10 0.44108], MS 1.64908, Freq 4.26590) | LR 1.00e-05
2026-07-30 13:08:23,311 INFO Epoch 10 | Val Loss 5.31514 (Pin 0.82201 [q90 0.40680, q10 0.41521], MS 2.32747, Freq 4.33133, L1 1.84472, Spectral 0.31697, Gradient 0.53642)
2026-07-30 13:08:23,311 INFO Epoch 10 | Coverage q10/q50/q90 = 0.070/0.478/0.910 (nominal .10/.50/.90) | extreme tail = 0.101/0.456/0.854
2026-07-30 13:08:23,487 INFO Epoch 10 | Val loss did not improve (2/8 val checks since best=5.14943)
2026-07-30 13:08:45,400 INFO Epoch 11 | Batch 50/1186 | Loss 4.66169 (Pin 0.86144 [q90 0.42018, q10 0.44125], MS 1.63868, Freq 4.32314) | LR 1.00e-05
2026-07-30 13:09:07,282 INFO Epoch 11 | Batch 100/1186 | Loss 4.80214 (Pin 0.88110 [q90 0.42903, q10 0.45207], MS 1.74757, Freq 4.34693) | LR 1.00e-05
2026-07-30 13:09:29,156 INFO Epoch 11 | Batch 150/1186 | Loss 4.57856 (Pin 0.83394 [q90 0.40639, q10 0.42755], MS 1.63650, Freq 4.21625) | LR 1.00e-05
2026-07-30 13:09:51,041 INFO Epoch 11 | Batch 200/1186 | Loss 4.76902 (Pin 0.83747 [q90 0.40750, q10 0.42996], MS 1.79686, Freq 4.26940) | LR 1.00e-05
2026-07-30 13:10:12,918 INFO Epoch 11 | Batch 250/1186 | Loss 4.59980 (Pin 0.85503 [q90 0.42195, q10 0.43309], MS 1.63133, Freq 4.22686) | LR 1.00e-05
2026-07-30 13:10:34,808 INFO Epoch 11 | Batch 300/1186 | Loss 4.69465 (Pin 0.84871 [q90 0.41446, q10 0.43424], MS 1.72691, Freq 4.23807) | LR 1.00e-05
2026-07-30 13:10:56,711 INFO Epoch 11 | Batch 350/1186 | Loss 4.76637 (Pin 0.88530 [q90 0.43081, q10 0.45449], MS 1.72907, Freq 4.30401) | LR 1.00e-05
2026-07-30 13:11:18,616 INFO Epoch 11 | Batch 400/1186 | Loss 4.67499 (Pin 0.85753 [q90 0.41819, q10 0.43935], MS 1.69573, Freq 4.24344) | LR 1.00e-05
2026-07-30 13:11:40,517 INFO Epoch 11 | Batch 450/1186 | Loss 4.66446 (Pin 0.85923 [q90 0.41859, q10 0.44064], MS 1.66689, Freq 4.27668) | LR 1.00e-05
2026-07-30 13:12:02,414 INFO Epoch 11 | Batch 500/1186 | Loss 4.75787 (Pin 0.85436 [q90 0.42169, q10 0.43267], MS 1.75640, Freq 4.29423) | LR 1.00e-05
2026-07-30 13:12:24,309 INFO Epoch 11 | Batch 550/1186 | Loss 4.64375 (Pin 0.85110 [q90 0.42029, q10 0.43082], MS 1.68345, Freq 4.21839) | LR 1.00e-05
2026-07-30 13:12:46,205 INFO Epoch 11 | Batch 600/1186 | Loss 4.75295 (Pin 0.88148 [q90 0.43133, q10 0.45016], MS 1.71966, Freq 4.30362) | LR 1.00e-05
2026-07-30 13:13:08,116 INFO Epoch 11 | Batch 650/1186 | Loss 4.80760 (Pin 0.87507 [q90 0.43649, q10 0.43858], MS 1.80759, Freq 4.24989) | LR 1.00e-05
2026-07-30 13:13:30,024 INFO Epoch 11 | Batch 700/1186 | Loss 4.76667 (Pin 0.86304 [q90 0.41846, q10 0.44458], MS 1.75415, Freq 4.29896) | LR 1.00e-05
2026-07-30 13:13:51,926 INFO Epoch 11 | Batch 750/1186 | Loss 4.76032 (Pin 0.88049 [q90 0.42543, q10 0.45505], MS 1.70797, Freq 4.34374) | LR 1.00e-05
2026-07-30 13:14:13,834 INFO Epoch 11 | Batch 800/1186 | Loss 4.74214 (Pin 0.86230 [q90 0.42978, q10 0.43251], MS 1.74009, Freq 4.27951) | LR 1.00e-05
2026-07-30 13:14:35,725 INFO Epoch 11 | Batch 850/1186 | Loss 4.67636 (Pin 0.87167 [q90 0.41903, q10 0.45263], MS 1.64750, Freq 4.31439) | LR 1.00e-05
2026-07-30 13:14:57,613 INFO Epoch 11 | Batch 900/1186 | Loss 4.70597 (Pin 0.87895 [q90 0.43099, q10 0.44797], MS 1.68797, Freq 4.27810) | LR 1.00e-05
2026-07-30 13:15:19,513 INFO Epoch 11 | Batch 950/1186 | Loss 4.54898 (Pin 0.82797 [q90 0.40646, q10 0.42151], MS 1.63569, Freq 4.17065) | LR 1.00e-05
2026-07-30 13:15:41,401 INFO Epoch 11 | Batch 1000/1186 | Loss 4.62725 (Pin 0.83840 [q90 0.40691, q10 0.43149], MS 1.69782, Freq 4.18208) | LR 1.00e-05
2026-07-30 13:16:03,303 INFO Epoch 11 | Batch 1050/1186 | Loss 4.59897 (Pin 0.84490 [q90 0.41378, q10 0.43112], MS 1.63432, Freq 4.23950) | LR 1.00e-05
2026-07-30 13:16:25,201 INFO Epoch 11 | Batch 1100/1186 | Loss 4.72780 (Pin 0.87122 [q90 0.42478, q10 0.44644], MS 1.69559, Freq 4.32198) | LR 1.00e-05
2026-07-30 13:16:47,100 INFO Epoch 11 | Batch 1150/1186 | Loss 4.86072 (Pin 0.87229 [q90 0.42692, q10 0.44537], MS 1.83894, Freq 4.29898) | LR 1.00e-05
2026-07-30 13:17:39,822 INFO Epoch 11 | Val Loss 5.17351 (Pin 0.81998 [q90 0.40557, q10 0.41440], MS 2.27630, Freq 4.15448, L1 1.81193, Spectral 0.31160, Gradient 0.51091)
2026-07-30 13:17:39,823 INFO Epoch 11 | Coverage q10/q50/q90 = 0.075/0.484/0.903 (nominal .10/.50/.90) | extreme tail = 0.095/0.440/0.868
2026-07-30 13:17:39,990 INFO Epoch 11 | Val loss did not improve (3/8 val checks since best=5.14943)
2026-07-30 13:18:01,916 INFO Epoch 12 | Batch 50/1186 | Loss 4.75032 (Pin 0.87746 [q90 0.42824, q10 0.44922], MS 1.70693, Freq 4.33186) | LR 1.00e-05
2026-07-30 13:18:23,767 INFO Epoch 12 | Batch 100/1186 | Loss 4.61377 (Pin 0.85111 [q90 0.41859, q10 0.43252], MS 1.64140, Freq 4.24252) | LR 1.00e-05
2026-07-30 13:18:45,626 INFO Epoch 12 | Batch 150/1186 | Loss 4.43083 (Pin 0.81686 [q90 0.40018, q10 0.41668], MS 1.52383, Freq 4.18029) | LR 1.00e-05
2026-07-30 13:19:07,487 INFO Epoch 12 | Batch 200/1186 | Loss 4.79893 (Pin 0.88387 [q90 0.43423, q10 0.44964], MS 1.76769, Freq 4.29475) | LR 1.00e-05
2026-07-30 13:19:29,344 INFO Epoch 12 | Batch 250/1186 | Loss 4.61223 (Pin 0.83376 [q90 0.40971, q10 0.42405], MS 1.66430, Freq 4.22834) | LR 1.00e-05
2026-07-30 13:19:51,200 INFO Epoch 12 | Batch 300/1186 | Loss 4.85364 (Pin 0.89775 [q90 0.43434, q10 0.46341], MS 1.75385, Freq 4.40408) | LR 1.00e-05
2026-07-30 13:20:13,188 INFO Epoch 12 | Batch 350/1186 | Loss 4.71593 (Pin 0.88133 [q90 0.42041, q10 0.46093], MS 1.67113, Freq 4.32694) | LR 1.00e-05
2026-07-30 13:20:35,049 INFO Epoch 12 | Batch 400/1186 | Loss 4.57254 (Pin 0.85238 [q90 0.41805, q10 0.43433], MS 1.63197, Freq 4.17637) | LR 1.00e-05
2026-07-30 13:20:56,904 INFO Epoch 12 | Batch 450/1186 | Loss 4.55006 (Pin 0.81744 [q90 0.40034, q10 0.41709], MS 1.64245, Freq 4.18034) | LR 1.00e-05
2026-07-30 13:21:18,767 INFO Epoch 12 | Batch 500/1186 | Loss 4.62291 (Pin 0.83191 [q90 0.40723, q10 0.42468], MS 1.70856, Freq 4.16487) | LR 1.00e-05
2026-07-30 13:21:40,631 INFO Epoch 12 | Batch 550/1186 | Loss 4.74716 (Pin 0.86091 [q90 0.41976, q10 0.44115], MS 1.75718, Freq 4.25814) | LR 1.00e-05
2026-07-30 13:22:02,500 INFO Epoch 12 | Batch 600/1186 | Loss 4.67666 (Pin 0.87551 [q90 0.43327, q10 0.44223], MS 1.68982, Freq 4.22265) | LR 1.00e-05
2026-07-30 13:22:24,352 INFO Epoch 12 | Batch 650/1186 | Loss 4.81175 (Pin 0.89276 [q90 0.43326, q10 0.45950], MS 1.74707, Freq 4.34385) | LR 1.00e-05
2026-07-30 13:22:46,211 INFO Epoch 12 | Batch 700/1186 | Loss 4.67857 (Pin 0.84421 [q90 0.41494, q10 0.42927], MS 1.71314, Freq 4.24245) | LR 1.00e-05
2026-07-30 13:23:08,081 INFO Epoch 12 | Batch 750/1186 | Loss 4.71996 (Pin 0.86000 [q90 0.41706, q10 0.44294], MS 1.74183, Freq 4.23626) | LR 1.00e-05
2026-07-30 13:23:29,950 INFO Epoch 12 | Batch 800/1186 | Loss 4.64216 (Pin 0.84012 [q90 0.40336, q10 0.43676], MS 1.71957, Freq 4.16494) | LR 1.00e-05
2026-07-30 13:23:51,832 INFO Epoch 12 | Batch 850/1186 | Loss 4.62122 (Pin 0.86139 [q90 0.42408, q10 0.43731], MS 1.64490, Freq 4.22988) | LR 1.00e-05
2026-07-30 13:24:13,700 INFO Epoch 12 | Batch 900/1186 | Loss 4.86647 (Pin 0.89053 [q90 0.43426, q10 0.45627], MS 1.79684, Freq 4.35821) | LR 1.00e-05
2026-07-30 13:24:35,565 INFO Epoch 12 | Batch 950/1186 | Loss 4.76251 (Pin 0.87404 [q90 0.42918, q10 0.44486], MS 1.74844, Freq 4.28008) | LR 1.00e-05
2026-07-30 13:24:57,438 INFO Epoch 12 | Batch 1000/1186 | Loss 4.61513 (Pin 0.85961 [q90 0.42497, q10 0.43464], MS 1.62043, Freq 4.27017) | LR 1.00e-05
2026-07-30 13:25:19,302 INFO Epoch 12 | Batch 1050/1186 | Loss 4.64367 (Pin 0.83949 [q90 0.41413, q10 0.42536], MS 1.68747, Freq 4.23341) | LR 1.00e-05
2026-07-30 13:25:41,175 INFO Epoch 12 | Batch 1100/1186 | Loss 4.70939 (Pin 0.85659 [q90 0.41516, q10 0.44143], MS 1.71341, Freq 4.27879) | LR 1.00e-05
2026-07-30 13:26:03,038 INFO Epoch 12 | Batch 1150/1186 | Loss 4.84694 (Pin 0.85640 [q90 0.42127, q10 0.43513], MS 1.84597, Freq 4.28913) | LR 1.00e-05
2026-07-30 13:26:55,369 INFO Epoch 12 | Val Loss 5.16033 (Pin 0.81584 [q90 0.40459, q10 0.41125], MS 2.26012, Freq 4.16875, L1 1.80252, Spectral 0.31335, Gradient 0.51432)
2026-07-30 13:26:55,369 INFO Epoch 12 | Coverage q10/q50/q90 = 0.081/0.486/0.905 (nominal .10/.50/.90) | extreme tail = 0.110/0.442/0.859
2026-07-30 13:26:55,544 INFO Epoch 12 | Val loss did not improve (4/8 val checks since best=5.14943)
2026-07-30 13:27:17,466 INFO Epoch 13 | Batch 50/1186 | Loss 4.66774 (Pin 0.86639 [q90 0.42318, q10 0.44321], MS 1.64445, Freq 4.31380) | LR 1.00e-05
2026-07-30 13:27:39,319 INFO Epoch 13 | Batch 100/1186 | Loss 4.54229 (Pin 0.83379 [q90 0.40526, q10 0.42853], MS 1.60608, Freq 4.20484) | LR 1.00e-05
2026-07-30 13:28:01,184 INFO Epoch 13 | Batch 150/1186 | Loss 4.62165 (Pin 0.83906 [q90 0.41245, q10 0.42661], MS 1.70662, Freq 4.15194) | LR 1.00e-05
2026-07-30 13:28:23,042 INFO Epoch 13 | Batch 200/1186 | Loss 4.63886 (Pin 0.87243 [q90 0.42583, q10 0.44659], MS 1.62584, Freq 4.28120) | LR 1.00e-05
2026-07-30 13:28:44,907 INFO Epoch 13 | Batch 250/1186 | Loss 4.67243 (Pin 0.85932 [q90 0.42126, q10 0.43805], MS 1.69450, Freq 4.23722) | LR 1.00e-05
2026-07-30 13:29:06,777 INFO Epoch 13 | Batch 300/1186 | Loss 4.64985 (Pin 0.84992 [q90 0.41712, q10 0.43280], MS 1.64323, Freq 4.31340) | LR 1.00e-05
2026-07-30 13:29:28,646 INFO Epoch 13 | Batch 350/1186 | Loss 4.83487 (Pin 0.89318 [q90 0.43976, q10 0.45342], MS 1.76758, Freq 4.34822) | LR 1.00e-05
2026-07-30 13:29:50,508 INFO Epoch 13 | Batch 400/1186 | Loss 4.69156 (Pin 0.85003 [q90 0.40954, q10 0.44049], MS 1.70464, Freq 4.27380) | LR 1.00e-05
2026-07-30 13:30:12,354 INFO Epoch 13 | Batch 450/1186 | Loss 4.75219 (Pin 0.89029 [q90 0.43369, q10 0.45660], MS 1.70748, Freq 4.30885) | LR 1.00e-05
2026-07-30 13:30:34,217 INFO Epoch 13 | Batch 500/1186 | Loss 4.68676 (Pin 0.83920 [q90 0.41226, q10 0.42694], MS 1.72890, Freq 4.23731) | LR 1.00e-05
2026-07-30 13:30:56,073 INFO Epoch 13 | Batch 550/1186 | Loss 4.81259 (Pin 0.87709 [q90 0.43350, q10 0.44359], MS 1.75564, Freq 4.35972) | LR 1.00e-05
2026-07-30 13:31:17,930 INFO Epoch 13 | Batch 600/1186 | Loss 4.53534 (Pin 0.83438 [q90 0.40926, q10 0.42512], MS 1.64084, Freq 4.12023) | LR 1.00e-05
2026-07-30 13:31:39,769 INFO Epoch 13 | Batch 650/1186 | Loss 4.73014 (Pin 0.85065 [q90 0.41632, q10 0.43433], MS 1.74917, Freq 4.26064) | LR 1.00e-05
2026-07-30 13:32:01,630 INFO Epoch 13 | Batch 700/1186 | Loss 4.66310 (Pin 0.86429 [q90 0.42822, q10 0.43606], MS 1.67756, Freq 4.24251) | LR 1.00e-05
2026-07-30 13:32:23,489 INFO Epoch 13 | Batch 750/1186 | Loss 4.61554 (Pin 0.82440 [q90 0.40429, q10 0.42011], MS 1.68955, Freq 4.20317) | LR 1.00e-05
2026-07-30 13:32:45,355 INFO Epoch 13 | Batch 800/1186 | Loss 4.69447 (Pin 0.87200 [q90 0.42582, q10 0.44617], MS 1.67404, Freq 4.29686) | LR 1.00e-05
2026-07-30 13:33:07,209 INFO Epoch 13 | Batch 850/1186 | Loss 4.73480 (Pin 0.83057 [q90 0.40588, q10 0.42469], MS 1.78460, Freq 4.23927) | LR 1.00e-05
2026-07-30 13:33:29,072 INFO Epoch 13 | Batch 900/1186 | Loss 4.58417 (Pin 0.86083 [q90 0.42197, q10 0.43886], MS 1.61804, Freq 4.21061) | LR 1.00e-05
2026-07-30 13:33:50,922 INFO Epoch 13 | Batch 950/1186 | Loss 4.61283 (Pin 0.85947 [q90 0.41771, q10 0.44177], MS 1.63209, Freq 4.24253) | LR 1.00e-05
2026-07-30 13:34:12,798 INFO Epoch 13 | Batch 1000/1186 | Loss 4.57062 (Pin 0.84135 [q90 0.41749, q10 0.42386], MS 1.63415, Freq 4.19023) | LR 1.00e-05
2026-07-30 13:34:34,653 INFO Epoch 13 | Batch 1050/1186 | Loss 4.62119 (Pin 0.86885 [q90 0.42840, q10 0.44045], MS 1.60985, Freq 4.28499) | LR 1.00e-05
2026-07-30 13:34:56,506 INFO Epoch 13 | Batch 1100/1186 | Loss 4.68536 (Pin 0.84462 [q90 0.41127, q10 0.43335], MS 1.71381, Freq 4.25386) | LR 1.00e-05
2026-07-30 13:35:18,369 INFO Epoch 13 | Batch 1150/1186 | Loss 4.80104 (Pin 0.88601 [q90 0.43090, q10 0.45511], MS 1.76826, Freq 4.29353) | LR 1.00e-05
2026-07-30 13:36:10,694 INFO Epoch 13 | Val Loss 5.22161 (Pin 0.81525 [q90 0.40560, q10 0.40965], MS 2.29503, Freq 4.22266, L1 1.82164, Spectral 0.32068, Gradient 0.53042)
2026-07-30 13:36:10,694 INFO Epoch 13 | Coverage q10/q50/q90 = 0.083/0.481/0.903 (nominal .10/.50/.90) | extreme tail = 0.111/0.439/0.857
2026-07-30 13:36:10,860 INFO Epoch 13 | Val loss did not improve (5/8 val checks since best=5.14943)
2026-07-30 13:36:32,772 INFO Epoch 14 | Batch 50/1186 | Loss 4.71531 (Pin 0.86650 [q90 0.42750, q10 0.43900], MS 1.71646, Freq 4.26470) | LR 1.00e-05
2026-07-30 13:36:54,634 INFO Epoch 14 | Batch 100/1186 | Loss 4.64630 (Pin 0.85394 [q90 0.42597, q10 0.42796], MS 1.71120, Freq 4.16233) | LR 1.00e-05
2026-07-30 13:37:16,485 INFO Epoch 14 | Batch 150/1186 | Loss 4.69482 (Pin 0.87291 [q90 0.42207, q10 0.45084], MS 1.66241, Freq 4.31900) | LR 1.00e-05
2026-07-30 13:37:38,347 INFO Epoch 14 | Batch 200/1186 | Loss 4.67772 (Pin 0.85379 [q90 0.41751, q10 0.43629], MS 1.70996, Freq 4.22793) | LR 1.00e-05
2026-07-30 13:38:00,226 INFO Epoch 14 | Batch 250/1186 | Loss 4.61565 (Pin 0.86156 [q90 0.41534, q10 0.44623], MS 1.62395, Freq 4.26027) | LR 1.00e-05
2026-07-30 13:38:22,082 INFO Epoch 14 | Batch 300/1186 | Loss 4.58248 (Pin 0.85415 [q90 0.42059, q10 0.43357], MS 1.62432, Freq 4.20802) | LR 1.00e-05
2026-07-30 13:38:43,954 INFO Epoch 14 | Batch 350/1186 | Loss 4.68301 (Pin 0.87669 [q90 0.42855, q10 0.44814], MS 1.64964, Freq 4.31334) | LR 1.00e-05
2026-07-30 13:39:05,813 INFO Epoch 14 | Batch 400/1186 | Loss 4.72373 (Pin 0.85861 [q90 0.41090, q10 0.44771], MS 1.74678, Freq 4.23667) | LR 1.00e-05
2026-07-30 13:39:27,675 INFO Epoch 14 | Batch 450/1186 | Loss 4.58027 (Pin 0.80484 [q90 0.39348, q10 0.41136], MS 1.68115, Freq 4.18857) | LR 1.00e-05
2026-07-30 13:39:49,528 INFO Epoch 14 | Batch 500/1186 | Loss 4.65253 (Pin 0.84744 [q90 0.41457, q10 0.43288], MS 1.69758, Freq 4.21500) | LR 1.00e-05
2026-07-30 13:40:11,401 INFO Epoch 14 | Batch 550/1186 | Loss 4.64066 (Pin 0.84625 [q90 0.42096, q10 0.42528], MS 1.68227, Freq 4.22429) | LR 1.00e-05
2026-07-30 13:40:33,258 INFO Epoch 14 | Batch 600/1186 | Loss 4.63046 (Pin 0.84855 [q90 0.41446, q10 0.43409], MS 1.66086, Freq 4.24212) | LR 1.00e-05
2026-07-30 13:40:55,114 INFO Epoch 14 | Batch 650/1186 | Loss 4.69999 (Pin 0.86900 [q90 0.42377, q10 0.44523], MS 1.69330, Freq 4.27538) | LR 1.00e-05
2026-07-30 13:41:16,980 INFO Epoch 14 | Batch 700/1186 | Loss 4.81707 (Pin 0.87891 [q90 0.42924, q10 0.44967], MS 1.77687, Freq 4.32259) | LR 1.00e-05
2026-07-30 13:41:38,838 INFO Epoch 14 | Batch 750/1186 | Loss 4.61700 (Pin 0.83761 [q90 0.40928, q10 0.42833], MS 1.65996, Freq 4.23886) | LR 1.00e-05
2026-07-30 13:42:00,709 INFO Epoch 14 | Batch 800/1186 | Loss 4.62863 (Pin 0.84335 [q90 0.40900, q10 0.43435], MS 1.66862, Freq 4.23331) | LR 1.00e-05
2026-07-30 13:42:22,573 INFO Epoch 14 | Batch 850/1186 | Loss 4.64127 (Pin 0.85005 [q90 0.42097, q10 0.42909], MS 1.69130, Freq 4.19984) | LR 1.00e-05
2026-07-30 13:42:44,432 INFO Epoch 14 | Batch 900/1186 | Loss 4.66582 (Pin 0.84922 [q90 0.41260, q10 0.43662], MS 1.67928, Freq 4.27464) | LR 1.00e-05
2026-07-30 13:43:06,290 INFO Epoch 14 | Batch 950/1186 | Loss 4.76223 (Pin 0.88362 [q90 0.42885, q10 0.45477], MS 1.70189, Freq 4.35346) | LR 1.00e-05
2026-07-30 13:43:28,162 INFO Epoch 14 | Batch 1000/1186 | Loss 4.70626 (Pin 0.88160 [q90 0.43576, q10 0.44584], MS 1.67339, Freq 4.30254) | LR 1.00e-05
2026-07-30 13:43:50,035 INFO Epoch 14 | Batch 1050/1186 | Loss 4.68796 (Pin 0.88435 [q90 0.43764, q10 0.44672], MS 1.67374, Freq 4.25972) | LR 1.00e-05
2026-07-30 13:44:11,902 INFO Epoch 14 | Batch 1100/1186 | Loss 4.52614 (Pin 0.81235 [q90 0.39672, q10 0.41563], MS 1.62148, Freq 4.18463) | LR 1.00e-05
2026-07-30 13:44:33,748 INFO Epoch 14 | Batch 1150/1186 | Loss 4.68050 (Pin 0.83995 [q90 0.41360, q10 0.42635], MS 1.70264, Freq 4.27584) | LR 1.00e-05
2026-07-30 13:45:26,862 INFO Epoch 14 | Val Loss 5.15496 (Pin 0.80874 [q90 0.40332, q10 0.40541], MS 2.23622, Freq 4.22000, L1 1.80517, Spectral 0.31167, Gradient 0.51110)
2026-07-30 13:45:26,862 INFO Epoch 14 | Coverage q10/q50/q90 = 0.082/0.492/0.900 (nominal .10/.50/.90) | extreme tail = 0.113/0.477/0.855
2026-07-30 13:45:27,035 INFO Epoch 14 | Val loss did not improve (6/8 val checks since best=5.14943)
2026-07-30 13:45:48,963 INFO Epoch 15 | Batch 50/1186 | Loss 4.60562 (Pin 0.86892 [q90 0.42719, q10 0.44173], MS 1.62801, Freq 4.21737) | LR 1.00e-05
2026-07-30 13:46:10,822 INFO Epoch 15 | Batch 100/1186 | Loss 4.69468 (Pin 0.85422 [q90 0.41338, q10 0.44084], MS 1.70187, Freq 4.27719) | LR 1.00e-05
2026-07-30 13:46:32,664 INFO Epoch 15 | Batch 150/1186 | Loss 4.70405 (Pin 0.85917 [q90 0.41447, q10 0.44470], MS 1.69116, Freq 4.30745) | LR 1.00e-05
2026-07-30 13:46:54,526 INFO Epoch 15 | Batch 200/1186 | Loss 4.71599 (Pin 0.86575 [q90 0.41921, q10 0.44655], MS 1.72053, Freq 4.25942) | LR 1.00e-05
2026-07-30 13:47:16,389 INFO Epoch 15 | Batch 250/1186 | Loss 4.80097 (Pin 0.89156 [q90 0.44296, q10 0.44860], MS 1.75475, Freq 4.30934) | LR 1.00e-05
2026-07-30 13:47:38,260 INFO Epoch 15 | Batch 300/1186 | Loss 4.68072 (Pin 0.87009 [q90 0.42318, q10 0.44692], MS 1.67574, Freq 4.26978) | LR 1.00e-05
2026-07-30 13:48:00,119 INFO Epoch 15 | Batch 350/1186 | Loss 4.58707 (Pin 0.84023 [q90 0.40735, q10 0.43288], MS 1.61255, Freq 4.26858) | LR 1.00e-05
2026-07-30 13:48:21,975 INFO Epoch 15 | Batch 400/1186 | Loss 4.76026 (Pin 0.87269 [q90 0.42891, q10 0.44378], MS 1.77908, Freq 4.21697) | LR 1.00e-05
2026-07-30 13:48:43,841 INFO Epoch 15 | Batch 450/1186 | Loss 4.74826 (Pin 0.85715 [q90 0.42127, q10 0.43588], MS 1.75579, Freq 4.27064) | LR 1.00e-05
2026-07-30 13:49:05,701 INFO Epoch 15 | Batch 500/1186 | Loss 4.62989 (Pin 0.85735 [q90 0.42003, q10 0.43732], MS 1.64400, Freq 4.25708) | LR 1.00e-05
2026-07-30 13:49:27,559 INFO Epoch 15 | Batch 550/1186 | Loss 4.66728 (Pin 0.84916 [q90 0.41317, q10 0.43599], MS 1.70196, Freq 4.23233) | LR 1.00e-05
2026-07-30 13:49:49,407 INFO Epoch 15 | Batch 600/1186 | Loss 4.51106 (Pin 0.82572 [q90 0.40970, q10 0.41602], MS 1.61525, Freq 4.14020) | LR 1.00e-05
2026-07-30 13:50:11,263 INFO Epoch 15 | Batch 650/1186 | Loss 4.61375 (Pin 0.85169 [q90 0.40910, q10 0.44259], MS 1.67707, Freq 4.16997) | LR 1.00e-05
2026-07-30 13:50:33,129 INFO Epoch 15 | Batch 700/1186 | Loss 4.62654 (Pin 0.86090 [q90 0.42853, q10 0.43237], MS 1.64104, Freq 4.24920) | LR 1.00e-05
2026-07-30 13:50:54,987 INFO Epoch 15 | Batch 750/1186 | Loss 4.73814 (Pin 0.87228 [q90 0.42684, q10 0.44544], MS 1.72848, Freq 4.27475) | LR 1.00e-05
2026-07-30 13:51:16,833 INFO Epoch 15 | Batch 800/1186 | Loss 4.67120 (Pin 0.83451 [q90 0.40488, q10 0.42963], MS 1.74839, Freq 4.17660) | LR 1.00e-05
2026-07-30 13:51:38,701 INFO Epoch 15 | Batch 850/1186 | Loss 4.62520 (Pin 0.86494 [q90 0.41869, q10 0.44625], MS 1.62518, Freq 4.27016) | LR 1.00e-05
2026-07-30 13:52:00,577 INFO Epoch 15 | Batch 900/1186 | Loss 4.56090 (Pin 0.80757 [q90 0.39959, q10 0.40798], MS 1.68179, Freq 4.14306) | LR 1.00e-05
2026-07-30 13:52:22,443 INFO Epoch 15 | Batch 950/1186 | Loss 4.55638 (Pin 0.82651 [q90 0.40445, q10 0.42205], MS 1.60700, Freq 4.24575) | LR 1.00e-05
2026-07-30 13:52:44,300 INFO Epoch 15 | Batch 1000/1186 | Loss 4.48914 (Pin 0.84354 [q90 0.41587, q10 0.42767], MS 1.52943, Freq 4.23233) | LR 1.00e-05
2026-07-30 13:53:06,139 INFO Epoch 15 | Batch 1050/1186 | Loss 4.63132 (Pin 0.84646 [q90 0.42031, q10 0.42615], MS 1.65596, Freq 4.25781) | LR 1.00e-05
2026-07-30 13:53:27,991 INFO Epoch 15 | Batch 1100/1186 | Loss 4.71608 (Pin 0.84678 [q90 0.41690, q10 0.42988], MS 1.73306, Freq 4.27246) | LR 1.00e-05
2026-07-30 13:53:49,844 INFO Epoch 15 | Batch 1150/1186 | Loss 4.56220 (Pin 0.83867 [q90 0.40797, q10 0.43070], MS 1.63224, Freq 4.18257) | LR 1.00e-05
2026-07-30 13:54:42,921 INFO Epoch 15 | Val Loss 5.18812 (Pin 0.81235 [q90 0.40521, q10 0.40714], MS 2.28204, Freq 4.18746, L1 1.80314, Spectral 0.31809, Gradient 0.52410)
2026-07-30 13:54:42,921 INFO Epoch 15 | Coverage q10/q50/q90 = 0.082/0.498/0.904 (nominal .10/.50/.90) | extreme tail = 0.112/0.461/0.853
2026-07-30 13:54:43,088 INFO Epoch 15 | Val loss did not improve (7/8 val checks since best=5.14943)
2026-07-30 13:55:05,006 INFO Epoch 16 | Batch 50/1186 | Loss 4.61987 (Pin 0.86580 [q90 0.42759, q10 0.43821], MS 1.60833, Freq 4.29149) | LR 1.00e-05
2026-07-30 13:55:26,862 INFO Epoch 16 | Batch 100/1186 | Loss 4.61446 (Pin 0.85084 [q90 0.41233, q10 0.43850], MS 1.65048, Freq 4.22629) | LR 1.00e-05
2026-07-30 13:55:48,720 INFO Epoch 16 | Batch 150/1186 | Loss 4.65943 (Pin 0.86329 [q90 0.42041, q10 0.44288], MS 1.69717, Freq 4.19795) | LR 1.00e-05
2026-07-30 13:56:10,562 INFO Epoch 16 | Batch 200/1186 | Loss 4.58552 (Pin 0.83641 [q90 0.41073, q10 0.42568], MS 1.66335, Freq 4.17154) | LR 1.00e-05
2026-07-30 13:56:32,418 INFO Epoch 16 | Batch 250/1186 | Loss 4.68948 (Pin 0.84244 [q90 0.41618, q10 0.42625], MS 1.70530, Freq 4.28349) | LR 1.00e-05
2026-07-30 13:56:54,275 INFO Epoch 16 | Batch 300/1186 | Loss 4.66068 (Pin 0.86483 [q90 0.41940, q10 0.44543], MS 1.67630, Freq 4.23910) | LR 1.00e-05
2026-07-30 13:57:16,144 INFO Epoch 16 | Batch 350/1186 | Loss 4.59553 (Pin 0.86335 [q90 0.42326, q10 0.44009], MS 1.61861, Freq 4.22714) | LR 1.00e-05
2026-07-30 13:57:38,007 INFO Epoch 16 | Batch 400/1186 | Loss 4.67990 (Pin 0.84616 [q90 0.41698, q10 0.42917], MS 1.69990, Freq 4.26770) | LR 1.00e-05
2026-07-30 13:57:59,873 INFO Epoch 16 | Batch 450/1186 | Loss 4.75443 (Pin 0.87402 [q90 0.42723, q10 0.44679], MS 1.74804, Freq 4.26473) | LR 1.00e-05
2026-07-30 13:58:21,738 INFO Epoch 16 | Batch 500/1186 | Loss 4.62223 (Pin 0.86654 [q90 0.41989, q10 0.44665], MS 1.62563, Freq 4.26012) | LR 1.00e-05
2026-07-30 13:58:43,595 INFO Epoch 16 | Batch 550/1186 | Loss 4.63578 (Pin 0.84029 [q90 0.41241, q10 0.42789], MS 1.67905, Freq 4.23289) | LR 1.00e-05
2026-07-30 13:59:05,452 INFO Epoch 16 | Batch 600/1186 | Loss 4.60537 (Pin 0.86546 [q90 0.42348, q10 0.44197], MS 1.59729, Freq 4.28524) | LR 1.00e-05
2026-07-30 13:59:27,317 INFO Epoch 16 | Batch 650/1186 | Loss 4.53315 (Pin 0.83106 [q90 0.40940, q10 0.42166], MS 1.64260, Freq 4.11899) | LR 1.00e-05
2026-07-30 13:59:49,188 INFO Epoch 16 | Batch 700/1186 | Loss 4.58649 (Pin 0.84267 [q90 0.41217, q10 0.43049], MS 1.64213, Freq 4.20340) | LR 1.00e-05
2026-07-30 14:00:11,038 INFO Epoch 16 | Batch 750/1186 | Loss 4.63164 (Pin 0.86175 [q90 0.42368, q10 0.43807], MS 1.63530, Freq 4.26920) | LR 1.00e-05
2026-07-30 14:00:32,912 INFO Epoch 16 | Batch 800/1186 | Loss 4.63481 (Pin 0.86688 [q90 0.42251, q10 0.44438], MS 1.63826, Freq 4.25933) | LR 1.00e-05
2026-07-30 14:00:54,777 INFO Epoch 16 | Batch 850/1186 | Loss 4.56754 (Pin 0.81853 [q90 0.40248, q10 0.41605], MS 1.67185, Freq 4.15433) | LR 1.00e-05
2026-07-30 14:01:16,651 INFO Epoch 16 | Batch 900/1186 | Loss 4.75085 (Pin 0.85636 [q90 0.41843, q10 0.43793], MS 1.77151, Freq 4.24596) | LR 1.00e-05
2026-07-30 14:01:38,511 INFO Epoch 16 | Batch 950/1186 | Loss 4.48911 (Pin 0.83628 [q90 0.40857, q10 0.42772], MS 1.59843, Freq 4.10879) | LR 1.00e-05
2026-07-30 14:02:00,373 INFO Epoch 16 | Batch 1000/1186 | Loss 4.66335 (Pin 0.85624 [q90 0.41222, q10 0.44402], MS 1.66091, Freq 4.29240) | LR 1.00e-05
2026-07-30 14:02:22,240 INFO Epoch 16 | Batch 1050/1186 | Loss 4.44191 (Pin 0.82981 [q90 0.40650, q10 0.42330], MS 1.52249, Freq 4.17922) | LR 1.00e-05
2026-07-30 14:02:44,128 INFO Epoch 16 | Batch 1100/1186 | Loss 4.63083 (Pin 0.84694 [q90 0.42568, q10 0.42126], MS 1.64069, Freq 4.28640) | LR 1.00e-05
2026-07-30 14:03:06,016 INFO Epoch 16 | Batch 1150/1186 | Loss 4.60207 (Pin 0.84581 [q90 0.40957, q10 0.43624], MS 1.61571, Freq 4.28108) | LR 1.00e-05
2026-07-30 14:03:58,846 INFO Epoch 16 | Val Loss 5.11014 (Pin 0.80903 [q90 0.40237, q10 0.40666], MS 2.23167, Freq 4.13887, L1 1.79461, Spectral 0.31638, Gradient 0.51745)
2026-07-30 14:03:58,846 INFO Epoch 16 | Coverage q10/q50/q90 = 0.079/0.501/0.899 (nominal .10/.50/.90) | extreme tail = 0.109/0.468/0.852
2026-07-30 14:03:59,166 INFO New best val loss: 5.11014 (saved checkpoints/best.pth)
2026-07-30 14:04:21,113 INFO Epoch 17 | Batch 50/1186 | Loss 4.69932 (Pin 0.85903 [q90 0.42345, q10 0.43558], MS 1.72135, Freq 4.23789) | LR 1.00e-05
2026-07-30 14:04:42,995 INFO Epoch 17 | Batch 100/1186 | Loss 4.64755 (Pin 0.84492 [q90 0.41838, q10 0.42654], MS 1.72614, Freq 4.15298) | LR 1.00e-05
2026-07-30 14:05:04,874 INFO Epoch 17 | Batch 150/1186 | Loss 4.73424 (Pin 0.86153 [q90 0.42754, q10 0.43399], MS 1.73881, Freq 4.26778) | LR 1.00e-05
2026-07-30 14:05:26,776 INFO Epoch 17 | Batch 200/1186 | Loss 4.58865 (Pin 0.83337 [q90 0.40771, q10 0.42566], MS 1.68167, Freq 4.14720) | LR 1.00e-05
2026-07-30 14:05:48,665 INFO Epoch 17 | Batch 250/1186 | Loss 4.85930 (Pin 0.88097 [q90 0.43321, q10 0.44776], MS 1.82781, Freq 4.30103) | LR 1.00e-05
2026-07-30 14:06:10,556 INFO Epoch 17 | Batch 300/1186 | Loss 4.53924 (Pin 0.83670 [q90 0.40722, q10 0.42948], MS 1.60356, Freq 4.19797) | LR 1.00e-05
2026-07-30 14:06:32,439 INFO Epoch 17 | Batch 350/1186 | Loss 4.60439 (Pin 0.85221 [q90 0.40956, q10 0.44265], MS 1.64672, Freq 4.21090) | LR 1.00e-05
2026-07-30 14:06:54,341 INFO Epoch 17 | Batch 400/1186 | Loss 4.62983 (Pin 0.83576 [q90 0.40164, q10 0.43412], MS 1.67758, Freq 4.23298) | LR 1.00e-05
2026-07-30 14:07:16,227 INFO Epoch 17 | Batch 450/1186 | Loss 4.35663 (Pin 0.79680 [q90 0.38909, q10 0.40771], MS 1.52005, Freq 4.07957) | LR 1.00e-05
2026-07-30 14:07:38,126 INFO Epoch 17 | Batch 500/1186 | Loss 4.56408 (Pin 0.84622 [q90 0.41234, q10 0.43387], MS 1.63325, Freq 4.16923) | LR 1.00e-05
2026-07-30 14:08:00,022 INFO Epoch 17 | Batch 550/1186 | Loss 4.60560 (Pin 0.83432 [q90 0.40867, q10 0.42564], MS 1.68373, Freq 4.17510) | LR 1.00e-05
2026-07-30 14:08:21,929 INFO Epoch 17 | Batch 600/1186 | Loss 4.57127 (Pin 0.83441 [q90 0.40271, q10 0.43170], MS 1.61910, Freq 4.23553) | LR 1.00e-05
2026-07-30 14:08:43,820 INFO Epoch 17 | Batch 650/1186 | Loss 4.65065 (Pin 0.86531 [q90 0.42749, q10 0.43782], MS 1.65727, Freq 4.25616) | LR 1.00e-05
2026-07-30 14:09:05,716 INFO Epoch 17 | Batch 700/1186 | Loss 4.71216 (Pin 0.85124 [q90 0.41479, q10 0.43645], MS 1.75872, Freq 4.20441) | LR 1.00e-05
2026-07-30 14:09:27,612 INFO Epoch 17 | Batch 750/1186 | Loss 4.71430 (Pin 0.86589 [q90 0.42481, q10 0.44108], MS 1.72083, Freq 4.25516) | LR 1.00e-05
2026-07-30 14:09:49,513 INFO Epoch 17 | Batch 800/1186 | Loss 4.61210 (Pin 0.85637 [q90 0.42184, q10 0.43453], MS 1.63206, Freq 4.24734) | LR 1.00e-05
2026-07-30 14:10:11,383 INFO Epoch 17 | Batch 850/1186 | Loss 4.77272 (Pin 0.85008 [q90 0.40882, q10 0.44126], MS 1.79686, Freq 4.25154) | LR 1.00e-05
2026-07-30 14:10:33,229 INFO Epoch 17 | Batch 900/1186 | Loss 4.74415 (Pin 0.88184 [q90 0.42992, q10 0.45192], MS 1.69159, Freq 4.34145) | LR 1.00e-05
2026-07-30 14:10:55,092 INFO Epoch 17 | Batch 950/1186 | Loss 4.65746 (Pin 0.85730 [q90 0.41507, q10 0.44222], MS 1.67336, Freq 4.25360) | LR 1.00e-05
2026-07-30 14:11:16,950 INFO Epoch 17 | Batch 1000/1186 | Loss 4.67889 (Pin 0.83884 [q90 0.41049, q10 0.42835], MS 1.72243, Freq 4.23524) | LR 1.00e-05
2026-07-30 14:11:38,793 INFO Epoch 17 | Batch 1050/1186 | Loss 4.64449 (Pin 0.85719 [q90 0.42439, q10 0.43281], MS 1.68487, Freq 4.20485) | LR 1.00e-05
2026-07-30 14:12:00,655 INFO Epoch 17 | Batch 1100/1186 | Loss 4.61654 (Pin 0.84461 [q90 0.42119, q10 0.42342], MS 1.67366, Freq 4.19654) | LR 1.00e-05
2026-07-30 14:12:22,511 INFO Epoch 17 | Batch 1150/1186 | Loss 4.73212 (Pin 0.86058 [q90 0.42308, q10 0.43750], MS 1.69421, Freq 4.35467) | LR 1.00e-05
2026-07-30 14:13:15,252 INFO Epoch 17 | Val Loss 5.08435 (Pin 0.80788 [q90 0.40372, q10 0.40416], MS 2.25080, Freq 4.05133, L1 1.77351, Spectral 0.31220, Gradient 0.50057)
2026-07-30 14:13:15,252 INFO Epoch 17 | Coverage q10/q50/q90 = 0.096/0.511/0.903 (nominal .10/.50/.90) | extreme tail = 0.124/0.487/0.854
2026-07-30 14:13:15,581 INFO New best val loss: 5.08435 (saved checkpoints/best.pth)
2026-07-30 14:13:37,542 INFO Epoch 18 | Batch 50/1186 | Loss 4.55007 (Pin 0.84745 [q90 0.41801, q10 0.42944], MS 1.60422, Freq 4.19679) | LR 1.00e-05
2026-07-30 14:13:59,450 INFO Epoch 18 | Batch 100/1186 | Loss 4.58301 (Pin 0.86597 [q90 0.42587, q10 0.44011], MS 1.58735, Freq 4.25936) | LR 1.00e-05
2026-07-30 14:14:21,346 INFO Epoch 18 | Batch 150/1186 | Loss 4.54543 (Pin 0.83170 [q90 0.40580, q10 0.42590], MS 1.63377, Freq 4.15992) | LR 1.00e-05
2026-07-30 14:14:43,241 INFO Epoch 18 | Batch 200/1186 | Loss 4.62693 (Pin 0.85584 [q90 0.41212, q10 0.44372], MS 1.67587, Freq 4.19043) | LR 1.00e-05
2026-07-30 14:15:05,142 INFO Epoch 18 | Batch 250/1186 | Loss 4.60983 (Pin 0.85285 [q90 0.41397, q10 0.43888], MS 1.65274, Freq 4.20847) | LR 1.00e-05
2026-07-30 14:15:27,041 INFO Epoch 18 | Batch 300/1186 | Loss 4.55203 (Pin 0.85741 [q90 0.41927, q10 0.43814], MS 1.58843, Freq 4.21238) | LR 1.00e-05
2026-07-30 14:15:48,951 INFO Epoch 18 | Batch 350/1186 | Loss 4.52764 (Pin 0.83198 [q90 0.41241, q10 0.41957], MS 1.63691, Freq 4.11749) | LR 1.00e-05
2026-07-30 14:16:10,835 INFO Epoch 18 | Batch 400/1186 | Loss 4.63550 (Pin 0.84307 [q90 0.42073, q10 0.42233], MS 1.69085, Freq 4.20317) | LR 1.00e-05
2026-07-30 14:16:32,729 INFO Epoch 18 | Batch 450/1186 | Loss 4.60262 (Pin 0.85086 [q90 0.41163, q10 0.43924], MS 1.66631, Freq 4.17089) | LR 1.00e-05
2026-07-30 14:16:54,620 INFO Epoch 18 | Batch 500/1186 | Loss 4.64070 (Pin 0.85400 [q90 0.41216, q10 0.44184], MS 1.69430, Freq 4.18481) | LR 1.00e-05
2026-07-30 14:17:16,505 INFO Epoch 18 | Batch 550/1186 | Loss 4.58160 (Pin 0.84297 [q90 0.41286, q10 0.43011], MS 1.67230, Freq 4.13266) | LR 1.00e-05
2026-07-30 14:17:38,388 INFO Epoch 18 | Batch 600/1186 | Loss 4.68418 (Pin 0.85795 [q90 0.41992, q10 0.43803], MS 1.73846, Freq 4.17553) | LR 1.00e-05
2026-07-30 14:18:00,284 INFO Epoch 18 | Batch 650/1186 | Loss 4.61984 (Pin 0.84150 [q90 0.41516, q10 0.42633], MS 1.66905, Freq 4.21859) | LR 1.00e-05
2026-07-30 14:18:22,302 INFO Epoch 18 | Batch 700/1186 | Loss 4.55536 (Pin 0.85754 [q90 0.42073, q10 0.43681], MS 1.61830, Freq 4.15903) | LR 1.00e-05
2026-07-30 14:18:44,193 INFO Epoch 18 | Batch 750/1186 | Loss 4.66973 (Pin 0.81925 [q90 0.39872, q10 0.42053], MS 1.77518, Freq 4.15059) | LR 1.00e-05
2026-07-30 14:19:06,091 INFO Epoch 18 | Batch 800/1186 | Loss 4.67090 (Pin 0.84728 [q90 0.41483, q10 0.43244], MS 1.70423, Freq 4.23878) | LR 1.00e-05
2026-07-30 14:19:27,975 INFO Epoch 18 | Batch 850/1186 | Loss 4.66413 (Pin 0.85239 [q90 0.41861, q10 0.43378], MS 1.66584, Freq 4.29181) | LR 1.00e-05
2026-07-30 14:19:49,859 INFO Epoch 18 | Batch 900/1186 | Loss 4.67240 (Pin 0.86541 [q90 0.42873, q10 0.43668], MS 1.63982, Freq 4.33434) | LR 1.00e-05
2026-07-30 14:20:11,754 INFO Epoch 18 | Batch 950/1186 | Loss 4.64930 (Pin 0.86557 [q90 0.41516, q10 0.45041], MS 1.65254, Freq 4.26240) | LR 1.00e-05
2026-07-30 14:20:33,635 INFO Epoch 18 | Batch 1000/1186 | Loss 4.79101 (Pin 0.84894 [q90 0.41624, q10 0.43270], MS 1.76518, Freq 4.35377) | LR 1.00e-05
2026-07-30 14:20:55,532 INFO Epoch 18 | Batch 1050/1186 | Loss 4.63859 (Pin 0.84744 [q90 0.41877, q10 0.42867], MS 1.65663, Freq 4.26904) | LR 1.00e-05
2026-07-30 14:21:17,419 INFO Epoch 18 | Batch 1100/1186 | Loss 4.59270 (Pin 0.84746 [q90 0.41466, q10 0.43280], MS 1.66008, Freq 4.17032) | LR 1.00e-05
2026-07-30 14:21:39,301 INFO Epoch 18 | Batch 1150/1186 | Loss 4.63483 (Pin 0.83867 [q90 0.41057, q10 0.42810], MS 1.66481, Freq 4.26270) | LR 1.00e-05
2026-07-30 14:22:32,296 INFO Epoch 18 | Val Loss 5.06141 (Pin 0.80577 [q90 0.40155, q10 0.40422], MS 2.20276, Freq 4.10576, L1 1.77394, Spectral 0.30827, Gradient 0.49809)
2026-07-30 14:22:32,296 INFO Epoch 18 | Coverage q10/q50/q90 = 0.084/0.487/0.901 (nominal .10/.50/.90) | extreme tail = 0.118/0.470/0.861
2026-07-30 14:22:32,633 INFO New best val loss: 5.06141 (saved checkpoints/best.pth)
2026-07-30 14:22:54,571 INFO Epoch 19 | Batch 50/1186 | Loss 4.70509 (Pin 0.84607 [q90 0.41141, q10 0.43467], MS 1.73912, Freq 4.23978) | LR 1.00e-05
2026-07-30 14:23:16,469 INFO Epoch 19 | Batch 100/1186 | Loss 4.50675 (Pin 0.81374 [q90 0.40292, q10 0.41081], MS 1.63104, Freq 4.12395) | LR 1.00e-05
2026-07-30 14:23:38,360 INFO Epoch 19 | Batch 150/1186 | Loss 4.62372 (Pin 0.83754 [q90 0.41349, q10 0.42406], MS 1.66341, Freq 4.24554) | LR 1.00e-05
2026-07-30 14:24:00,254 INFO Epoch 19 | Batch 200/1186 | Loss 4.48632 (Pin 0.83071 [q90 0.40301, q10 0.42770], MS 1.59652, Freq 4.11817) | LR 1.00e-05
2026-07-30 14:24:22,156 INFO Epoch 19 | Batch 250/1186 | Loss 4.63917 (Pin 0.82922 [q90 0.40947, q10 0.41975], MS 1.67440, Freq 4.27111) | LR 1.00e-05
2026-07-30 14:24:44,043 INFO Epoch 19 | Batch 300/1186 | Loss 4.66326 (Pin 0.85647 [q90 0.41494, q10 0.44153], MS 1.66997, Freq 4.27363) | LR 1.00e-05
2026-07-30 14:25:05,929 INFO Epoch 19 | Batch 350/1186 | Loss 4.66032 (Pin 0.84270 [q90 0.41326, q10 0.42944], MS 1.70649, Freq 4.22224) | LR 1.00e-05
2026-07-30 14:25:27,823 INFO Epoch 19 | Batch 400/1186 | Loss 4.63248 (Pin 0.88261 [q90 0.42763, q10 0.45498], MS 1.63409, Freq 4.23156) | LR 1.00e-05
2026-07-30 14:25:49,723 INFO Epoch 19 | Batch 450/1186 | Loss 4.60205 (Pin 0.85833 [q90 0.41748, q10 0.44085], MS 1.66636, Freq 4.15474) | LR 1.00e-05
2026-07-30 14:26:11,614 INFO Epoch 19 | Batch 500/1186 | Loss 4.55475 (Pin 0.85145 [q90 0.41888, q10 0.43257], MS 1.60547, Freq 4.19566) | LR 1.00e-05
2026-07-30 14:26:33,517 INFO Epoch 19 | Batch 550/1186 | Loss 4.53267 (Pin 0.84111 [q90 0.41117, q10 0.42995], MS 1.58355, Freq 4.21601) | LR 1.00e-05
2026-07-30 14:26:55,412 INFO Epoch 19 | Batch 600/1186 | Loss 4.59554 (Pin 0.83414 [q90 0.40936, q10 0.42479], MS 1.68544, Freq 4.15191) | LR 1.00e-05
2026-07-30 14:27:17,293 INFO Epoch 19 | Batch 650/1186 | Loss 4.71577 (Pin 0.86564 [q90 0.42108, q10 0.44456], MS 1.74222, Freq 4.21583) | LR 1.00e-05
2026-07-30 14:27:39,185 INFO Epoch 19 | Batch 700/1186 | Loss 4.59838 (Pin 0.85631 [q90 0.42073, q10 0.43558], MS 1.62434, Freq 4.23545) | LR 1.00e-05
2026-07-30 14:28:01,067 INFO Epoch 19 | Batch 750/1186 | Loss 4.58511 (Pin 0.84123 [q90 0.41436, q10 0.42687], MS 1.66071, Freq 4.16633) | LR 1.00e-05
2026-07-30 14:28:22,956 INFO Epoch 19 | Batch 800/1186 | Loss 4.55087 (Pin 0.84999 [q90 0.41287, q10 0.43713], MS 1.57717, Freq 4.24740) | LR 1.00e-05
2026-07-30 14:28:44,845 INFO Epoch 19 | Batch 850/1186 | Loss 4.61110 (Pin 0.85085 [q90 0.42030, q10 0.43055], MS 1.63707, Freq 4.24636) | LR 1.00e-05
2026-07-30 14:29:06,749 INFO Epoch 19 | Batch 900/1186 | Loss 4.64516 (Pin 0.83785 [q90 0.40668, q10 0.43117], MS 1.71753, Freq 4.17956) | LR 1.00e-05
2026-07-30 14:29:28,645 INFO Epoch 19 | Batch 950/1186 | Loss 4.62959 (Pin 0.84761 [q90 0.41453, q10 0.43308], MS 1.68578, Freq 4.19240) | LR 1.00e-05
2026-07-30 14:29:50,536 INFO Epoch 19 | Batch 1000/1186 | Loss 4.69127 (Pin 0.86235 [q90 0.42427, q10 0.43809], MS 1.70672, Freq 4.24440) | LR 1.00e-05
2026-07-30 14:30:12,415 INFO Epoch 19 | Batch 1050/1186 | Loss 4.72047 (Pin 0.87447 [q90 0.42581, q10 0.44865], MS 1.71553, Freq 4.26093) | LR 1.00e-05
2026-07-30 14:30:34,305 INFO Epoch 19 | Batch 1100/1186 | Loss 4.53479 (Pin 0.83304 [q90 0.40965, q10 0.42339], MS 1.58004, Freq 4.24343) | LR 1.00e-05
2026-07-30 14:30:56,201 INFO Epoch 19 | Batch 1150/1186 | Loss 4.63332 (Pin 0.85070 [q90 0.42327, q10 0.42743], MS 1.69108, Freq 4.18308) | LR 1.00e-05
2026-07-30 14:31:48,977 INFO Epoch 19 | Val Loss 5.10126 (Pin 0.80695 [q90 0.40314, q10 0.40381], MS 2.22925, Freq 4.13013, L1 1.79040, Spectral 0.31605, Gradient 0.51293)
2026-07-30 14:31:48,977 INFO Epoch 19 | Coverage q10/q50/q90 = 0.086/0.491/0.902 (nominal .10/.50/.90) | extreme tail = 0.120/0.452/0.862
2026-07-30 14:31:49,147 INFO Epoch 19 | Val loss did not improve (1/8 val checks since best=5.06141)
2026-07-30 14:32:11,103 INFO Epoch 20 | Batch 50/1186 | Loss 4.57625 (Pin 0.84861 [q90 0.41453, q10 0.43408], MS 1.63095, Freq 4.19338) | LR 1.00e-05
2026-07-30 14:32:33,000 INFO Epoch 20 | Batch 100/1186 | Loss 4.51335 (Pin 0.80531 [q90 0.39737, q10 0.40795], MS 1.66980, Freq 4.07648) | LR 1.00e-05
2026-07-30 14:32:54,886 INFO Epoch 20 | Batch 150/1186 | Loss 4.48508 (Pin 0.83422 [q90 0.41452, q10 0.41971], MS 1.57806, Freq 4.14559) | LR 1.00e-05
2026-07-30 14:33:16,777 INFO Epoch 20 | Batch 200/1186 | Loss 4.60774 (Pin 0.83330 [q90 0.40753, q10 0.42577], MS 1.68531, Freq 4.17825) | LR 1.00e-05
2026-07-30 14:33:38,665 INFO Epoch 20 | Batch 250/1186 | Loss 4.63166 (Pin 0.86288 [q90 0.42094, q10 0.44194], MS 1.63479, Freq 4.26797) | LR 1.00e-05
2026-07-30 14:34:00,557 INFO Epoch 20 | Batch 300/1186 | Loss 4.66949 (Pin 0.86932 [q90 0.42406, q10 0.44526], MS 1.66293, Freq 4.27449) | LR 1.00e-05
2026-07-30 14:34:22,437 INFO Epoch 20 | Batch 350/1186 | Loss 4.58998 (Pin 0.82769 [q90 0.40612, q10 0.42157], MS 1.67287, Freq 4.17882) | LR 1.00e-05
2026-07-30 14:34:44,332 INFO Epoch 20 | Batch 400/1186 | Loss 4.67181 (Pin 0.85226 [q90 0.42022, q10 0.43203], MS 1.65550, Freq 4.32811) | LR 1.00e-05
2026-07-30 14:35:06,231 INFO Epoch 20 | Batch 450/1186 | Loss 4.59679 (Pin 0.84191 [q90 0.41535, q10 0.42656], MS 1.67148, Freq 4.16681) | LR 1.00e-05
2026-07-30 14:35:28,120 INFO Epoch 20 | Batch 500/1186 | Loss 4.48928 (Pin 0.83288 [q90 0.40461, q10 0.42828], MS 1.60549, Freq 4.10181) | LR 1.00e-05
2026-07-30 14:35:50,000 INFO Epoch 20 | Batch 550/1186 | Loss 4.60946 (Pin 0.84553 [q90 0.41486, q10 0.43068], MS 1.64312, Freq 4.24162) | LR 1.00e-05
2026-07-30 14:36:11,894 INFO Epoch 20 | Batch 600/1186 | Loss 4.71975 (Pin 0.88715 [q90 0.44161, q10 0.44554], MS 1.68888, Freq 4.28743) | LR 1.00e-05
2026-07-30 14:36:33,778 INFO Epoch 20 | Batch 650/1186 | Loss 4.68695 (Pin 0.87101 [q90 0.41995, q10 0.45106], MS 1.64897, Freq 4.33395) | LR 1.00e-05
2026-07-30 14:36:55,647 INFO Epoch 20 | Batch 700/1186 | Loss 4.66368 (Pin 0.84101 [q90 0.41296, q10 0.42806], MS 1.73877, Freq 4.16780) | LR 1.00e-05
2026-07-30 14:37:17,529 INFO Epoch 20 | Batch 750/1186 | Loss 4.73448 (Pin 0.84847 [q90 0.41497, q10 0.43350], MS 1.77435, Freq 4.22333) | LR 1.00e-05
2026-07-30 14:37:39,425 INFO Epoch 20 | Batch 800/1186 | Loss 4.44179 (Pin 0.81243 [q90 0.40133, q10 0.41110], MS 1.57974, Freq 4.09924) | LR 1.00e-05
2026-07-30 14:38:01,325 INFO Epoch 20 | Batch 850/1186 | Loss 4.50804 (Pin 0.83954 [q90 0.40917, q10 0.43038], MS 1.60742, Freq 4.12215) | LR 1.00e-05
2026-07-30 14:38:23,212 INFO Epoch 20 | Batch 900/1186 | Loss 4.76655 (Pin 0.87424 [q90 0.42898, q10 0.44526], MS 1.77805, Freq 4.22851) | LR 1.00e-05
2026-07-30 14:38:45,103 INFO Epoch 20 | Batch 950/1186 | Loss 4.71856 (Pin 0.86444 [q90 0.42376, q10 0.44068], MS 1.70905, Freq 4.29015) | LR 1.00e-05
2026-07-30 14:39:07,008 INFO Epoch 20 | Batch 1000/1186 | Loss 4.75471 (Pin 0.85344 [q90 0.42515, q10 0.42829], MS 1.78139, Freq 4.23976) | LR 1.00e-05
2026-07-30 14:39:28,897 INFO Epoch 20 | Batch 1050/1186 | Loss 4.50357 (Pin 0.86098 [q90 0.41489, q10 0.44609], MS 1.54756, Freq 4.19006) | LR 1.00e-05
2026-07-30 14:39:50,802 INFO Epoch 20 | Batch 1100/1186 | Loss 4.61739 (Pin 0.83289 [q90 0.40846, q10 0.42443], MS 1.67622, Freq 4.21656) | LR 1.00e-05
2026-07-30 14:40:12,702 INFO Epoch 20 | Batch 1150/1186 | Loss 4.70151 (Pin 0.84431 [q90 0.40701, q10 0.43730], MS 1.73821, Freq 4.23797) | LR 1.00e-05
2026-07-30 14:41:05,421 INFO Epoch 20 | Val Loss 5.11908 (Pin 0.80867 [q90 0.40109, q10 0.40758], MS 2.21618, Freq 4.18846, L1 1.79388, Spectral 0.30599, Gradient 0.50044)
2026-07-30 14:41:05,422 INFO Epoch 20 | Coverage q10/q50/q90 = 0.080/0.495/0.907 (nominal .10/.50/.90) | extreme tail = 0.109/0.457/0.851
2026-07-30 14:41:05,578 INFO Epoch 20 | Val loss did not improve (2/8 val checks since best=5.06141)
2026-07-30 14:41:27,535 INFO Epoch 21 | Batch 50/1186 | Loss 4.67324 (Pin 0.86290 [q90 0.42884, q10 0.43406], MS 1.69418, Freq 4.23231) | LR 1.00e-05
2026-07-30 14:41:49,443 INFO Epoch 21 | Batch 100/1186 | Loss 4.60346 (Pin 0.84143 [q90 0.41092, q10 0.43051], MS 1.68597, Freq 4.15213) | LR 1.00e-05
2026-07-30 14:42:11,344 INFO Epoch 21 | Batch 150/1186 | Loss 4.58663 (Pin 0.84885 [q90 0.41636, q10 0.43249], MS 1.63812, Freq 4.19932) | LR 1.00e-05
2026-07-30 14:42:33,243 INFO Epoch 21 | Batch 200/1186 | Loss 4.76173 (Pin 0.88462 [q90 0.42625, q10 0.45837], MS 1.70599, Freq 4.34225) | LR 1.00e-05
2026-07-30 14:42:55,139 INFO Epoch 21 | Batch 250/1186 | Loss 4.49586 (Pin 0.82356 [q90 0.39581, q10 0.42775], MS 1.58952, Freq 4.16557) | LR 1.00e-05
2026-07-30 14:43:17,024 INFO Epoch 21 | Batch 300/1186 | Loss 4.51187 (Pin 0.83539 [q90 0.41469, q10 0.42070], MS 1.60178, Freq 4.14940) | LR 1.00e-05
2026-07-30 14:43:38,928 INFO Epoch 21 | Batch 350/1186 | Loss 4.65445 (Pin 0.86133 [q90 0.42065, q10 0.44068], MS 1.71208, Freq 4.16210) | LR 1.00e-05
2026-07-30 14:44:00,837 INFO Epoch 21 | Batch 400/1186 | Loss 4.77175 (Pin 0.86170 [q90 0.41815, q10 0.44355], MS 1.80398, Freq 4.21213) | LR 1.00e-05
2026-07-30 14:44:22,746 INFO Epoch 21 | Batch 450/1186 | Loss 4.52265 (Pin 0.80914 [q90 0.39535, q10 0.41379], MS 1.63457, Freq 4.15789) | LR 1.00e-05
2026-07-30 14:44:44,653 INFO Epoch 21 | Batch 500/1186 | Loss 4.58400 (Pin 0.84958 [q90 0.41634, q10 0.43324], MS 1.61589, Freq 4.23706) | LR 1.00e-05
2026-07-30 14:45:06,556 INFO Epoch 21 | Batch 550/1186 | Loss 4.56640 (Pin 0.83466 [q90 0.41296, q10 0.42170], MS 1.63403, Freq 4.19541) | LR 1.00e-05
2026-07-30 14:45:28,463 INFO Epoch 21 | Batch 600/1186 | Loss 4.52178 (Pin 0.83143 [q90 0.40640, q10 0.42503], MS 1.64132, Freq 4.09805) | LR 1.00e-05
2026-07-30 14:45:50,360 INFO Epoch 21 | Batch 650/1186 | Loss 4.64221 (Pin 0.85658 [q90 0.42180, q10 0.43477], MS 1.68364, Freq 4.20398) | LR 1.00e-05
2026-07-30 14:46:12,254 INFO Epoch 21 | Batch 700/1186 | Loss 4.67830 (Pin 0.85045 [q90 0.41422, q10 0.43622], MS 1.71359, Freq 4.22852) | LR 1.00e-05
2026-07-30 14:46:34,143 INFO Epoch 21 | Batch 750/1186 | Loss 4.57194 (Pin 0.83403 [q90 0.40862, q10 0.42542], MS 1.62714, Freq 4.22154) | LR 1.00e-05
2026-07-30 14:46:56,040 INFO Epoch 21 | Batch 800/1186 | Loss 4.53587 (Pin 0.81275 [q90 0.39960, q10 0.41316], MS 1.62727, Freq 4.19169) | LR 1.00e-05
2026-07-30 14:47:17,953 INFO Epoch 21 | Batch 850/1186 | Loss 4.62272 (Pin 0.86780 [q90 0.42085, q10 0.44695], MS 1.63292, Freq 4.24401) | LR 1.00e-05
2026-07-30 14:47:39,857 INFO Epoch 21 | Batch 900/1186 | Loss 4.46539 (Pin 0.81303 [q90 0.40769, q10 0.40534], MS 1.61797, Freq 4.06877) | LR 1.00e-05
2026-07-30 14:48:01,748 INFO Epoch 21 | Batch 950/1186 | Loss 4.76601 (Pin 0.88363 [q90 0.43967, q10 0.44396], MS 1.72089, Freq 4.32298) | LR 1.00e-05
2026-07-30 14:48:23,643 INFO Epoch 21 | Batch 1000/1186 | Loss 4.52430 (Pin 0.83769 [q90 0.40753, q10 0.43015], MS 1.60162, Freq 4.17000) | LR 1.00e-05
2026-07-30 14:48:45,531 INFO Epoch 21 | Batch 1050/1186 | Loss 4.67164 (Pin 0.86027 [q90 0.42365, q10 0.43662], MS 1.67764, Freq 4.26745) | LR 1.00e-05
2026-07-30 14:49:07,435 INFO Epoch 21 | Batch 1100/1186 | Loss 4.65766 (Pin 0.84488 [q90 0.41132, q10 0.43356], MS 1.72135, Freq 4.18286) | LR 1.00e-05
2026-07-30 14:49:29,335 INFO Epoch 21 | Batch 1150/1186 | Loss 4.39072 (Pin 0.82409 [q90 0.39872, q10 0.42537], MS 1.51575, Freq 4.10178) | LR 1.00e-05
2026-07-30 14:50:22,074 INFO Epoch 21 | Val Loss 5.19136 (Pin 0.80359 [q90 0.40235, q10 0.40124], MS 2.25651, Freq 4.26254, L1 1.80878, Spectral 0.31419, Gradient 0.52025)
2026-07-30 14:50:22,074 INFO Epoch 21 | Coverage q10/q50/q90 = 0.081/0.477/0.907 (nominal .10/.50/.90) | extreme tail = 0.122/0.467/0.857
2026-07-30 14:50:22,250 INFO Epoch 21 | Val loss did not improve (3/8 val checks since best=5.06141)
2026-07-30 14:50:44,202 INFO Epoch 22 | Batch 50/1186 | Loss 4.51307 (Pin 0.81613 [q90 0.40146, q10 0.41467], MS 1.63363, Freq 4.12661) | LR 1.00e-05
2026-07-30 14:51:06,100 INFO Epoch 22 | Batch 100/1186 | Loss 4.53845 (Pin 0.82450 [q90 0.40554, q10 0.41896], MS 1.65347, Freq 4.12096) | LR 1.00e-05
2026-07-30 14:51:28,010 INFO Epoch 22 | Batch 150/1186 | Loss 4.54110 (Pin 0.84491 [q90 0.40768, q10 0.43723], MS 1.59213, Freq 4.20812) | LR 1.00e-05
2026-07-30 14:51:49,896 INFO Epoch 22 | Batch 200/1186 | Loss 4.49399 (Pin 0.80746 [q90 0.39967, q10 0.40779], MS 1.65627, Freq 4.06053) | LR 1.00e-05
2026-07-30 14:52:11,805 INFO Epoch 22 | Batch 250/1186 | Loss 4.49516 (Pin 0.81546 [q90 0.39397, q10 0.42149], MS 1.59576, Freq 4.16789) | LR 1.00e-05
2026-07-30 14:52:33,706 INFO Epoch 22 | Batch 300/1186 | Loss 4.49241 (Pin 0.83508 [q90 0.41229, q10 0.42279], MS 1.58386, Freq 4.14697) | LR 1.00e-05
2026-07-30 14:52:55,602 INFO Epoch 22 | Batch 350/1186 | Loss 4.53411 (Pin 0.83677 [q90 0.41579, q10 0.42099], MS 1.63928, Freq 4.11611) | LR 1.00e-05
2026-07-30 14:53:17,496 INFO Epoch 22 | Batch 400/1186 | Loss 4.63903 (Pin 0.84648 [q90 0.41265, q10 0.43383], MS 1.69913, Freq 4.18686) | LR 1.00e-05
2026-07-30 14:53:39,401 INFO Epoch 22 | Batch 450/1186 | Loss 4.73868 (Pin 0.87545 [q90 0.42986, q10 0.44559], MS 1.74117, Freq 4.24412) | LR 1.00e-05
2026-07-30 14:54:01,290 INFO Epoch 22 | Batch 500/1186 | Loss 4.69162 (Pin 0.85689 [q90 0.42353, q10 0.43335], MS 1.70018, Freq 4.26911) | LR 1.00e-05
2026-07-30 14:54:23,194 INFO Epoch 22 | Batch 550/1186 | Loss 4.49270 (Pin 0.83307 [q90 0.40559, q10 0.42748], MS 1.59000, Freq 4.13927) | LR 1.00e-05
2026-07-30 14:54:45,089 INFO Epoch 22 | Batch 600/1186 | Loss 4.70995 (Pin 0.85649 [q90 0.42014, q10 0.43635], MS 1.76511, Freq 4.17670) | LR 1.00e-05
2026-07-30 14:55:06,971 INFO Epoch 22 | Batch 650/1186 | Loss 4.60494 (Pin 0.84738 [q90 0.42208, q10 0.42531], MS 1.65264, Freq 4.20984) | LR 1.00e-05
2026-07-30 14:55:28,869 INFO Epoch 22 | Batch 700/1186 | Loss 4.61661 (Pin 0.85487 [q90 0.41379, q10 0.44108], MS 1.63415, Freq 4.25518) | LR 1.00e-05
2026-07-30 14:55:50,770 INFO Epoch 22 | Batch 750/1186 | Loss 4.60735 (Pin 0.82655 [q90 0.40405, q10 0.42251], MS 1.70104, Freq 4.15952) | LR 1.00e-05
2026-07-30 14:56:12,677 INFO Epoch 22 | Batch 800/1186 | Loss 4.62665 (Pin 0.84341 [q90 0.40988, q10 0.43354], MS 1.68068, Freq 4.20512) | LR 1.00e-05
2026-07-30 14:56:34,563 INFO Epoch 22 | Batch 850/1186 | Loss 4.56367 (Pin 0.86255 [q90 0.41782, q10 0.44474], MS 1.61177, Freq 4.17868) | LR 1.00e-05
2026-07-30 14:56:56,462 INFO Epoch 22 | Batch 900/1186 | Loss 4.57697 (Pin 0.84318 [q90 0.41504, q10 0.42813], MS 1.64316, Freq 4.18127) | LR 1.00e-05
2026-07-30 14:57:18,355 INFO Epoch 22 | Batch 950/1186 | Loss 4.62038 (Pin 0.86985 [q90 0.41876, q10 0.45109], MS 1.63385, Freq 4.23337) | LR 1.00e-05
2026-07-30 14:57:40,251 INFO Epoch 22 | Batch 1000/1186 | Loss 4.55247 (Pin 0.83830 [q90 0.40885, q10 0.42945], MS 1.60670, Freq 4.21494) | LR 1.00e-05
2026-07-30 14:58:02,135 INFO Epoch 22 | Batch 1050/1186 | Loss 4.60225 (Pin 0.84184 [q90 0.40867, q10 0.43317], MS 1.62007, Freq 4.28066) | LR 1.00e-05
2026-07-30 14:58:24,032 INFO Epoch 22 | Batch 1100/1186 | Loss 4.51397 (Pin 0.83809 [q90 0.41375, q10 0.42434], MS 1.59279, Freq 4.16619) | LR 1.00e-05
2026-07-30 14:58:45,918 INFO Epoch 22 | Batch 1150/1186 | Loss 4.69501 (Pin 0.86165 [q90 0.42539, q10 0.43626], MS 1.68617, Freq 4.29440) | LR 1.00e-05
2026-07-30 14:59:38,618 INFO Epoch 22 | Val Loss 5.15678 (Pin 0.80595 [q90 0.39972, q10 0.40623], MS 2.23544, Freq 4.23079, L1 1.80837, Spectral 0.30767, Gradient 0.50499)
2026-07-30 14:59:38,618 INFO Epoch 22 | Coverage q10/q50/q90 = 0.074/0.472/0.906 (nominal .10/.50/.90) | extreme tail = 0.105/0.451/0.865
2026-07-30 14:59:38,783 INFO Epoch 22 | Val loss did not improve (4/8 val checks since best=5.06141)
2026-07-30 15:00:00,721 INFO Epoch 23 | Batch 50/1186 | Loss 4.53429 (Pin 0.83964 [q90 0.41217, q10 0.42746], MS 1.61598, Freq 4.15733) | LR 1.00e-05
2026-07-30 15:00:22,586 INFO Epoch 23 | Batch 100/1186 | Loss 4.63247 (Pin 0.84526 [q90 0.41199, q10 0.43327], MS 1.66233, Freq 4.24977) | LR 1.00e-05
2026-07-30 15:00:44,476 INFO Epoch 23 | Batch 150/1186 | Loss 4.60554 (Pin 0.85070 [q90 0.42045, q10 0.43025], MS 1.66955, Freq 4.17057) | LR 1.00e-05
2026-07-30 15:01:06,359 INFO Epoch 23 | Batch 200/1186 | Loss 4.58796 (Pin 0.84646 [q90 0.41395, q10 0.43251], MS 1.62826, Freq 4.22648) | LR 1.00e-05
2026-07-30 15:01:28,249 INFO Epoch 23 | Batch 250/1186 | Loss 4.59969 (Pin 0.83128 [q90 0.40744, q10 0.42384], MS 1.67990, Freq 4.17702) | LR 1.00e-05
2026-07-30 15:01:50,134 INFO Epoch 23 | Batch 300/1186 | Loss 4.52195 (Pin 0.81522 [q90 0.40146, q10 0.41375], MS 1.64064, Freq 4.13220) | LR 1.00e-05
2026-07-30 15:02:12,024 INFO Epoch 23 | Batch 350/1186 | Loss 4.53823 (Pin 0.83403 [q90 0.41338, q10 0.42065], MS 1.61734, Freq 4.17371) | LR 1.00e-05
2026-07-30 15:02:33,922 INFO Epoch 23 | Batch 400/1186 | Loss 4.59301 (Pin 0.86591 [q90 0.41492, q10 0.45099], MS 1.61411, Freq 4.22599) | LR 1.00e-05
2026-07-30 15:02:55,818 INFO Epoch 23 | Batch 450/1186 | Loss 4.64128 (Pin 0.86277 [q90 0.42411, q10 0.43866], MS 1.68030, Freq 4.19641) | LR 1.00e-05
2026-07-30 15:03:17,713 INFO Epoch 23 | Batch 500/1186 | Loss 4.66586 (Pin 0.86138 [q90 0.42644, q10 0.43494], MS 1.70077, Freq 4.20742) | LR 1.00e-05
2026-07-30 15:03:39,593 INFO Epoch 23 | Batch 550/1186 | Loss 4.70053 (Pin 0.84688 [q90 0.41826, q10 0.42862], MS 1.72021, Freq 4.26688) | LR 1.00e-05
2026-07-30 15:04:01,496 INFO Epoch 23 | Batch 600/1186 | Loss 4.56997 (Pin 0.83226 [q90 0.40928, q10 0.42297], MS 1.64175, Freq 4.19194) | LR 1.00e-05
2026-07-30 15:04:23,388 INFO Epoch 23 | Batch 650/1186 | Loss 4.50904 (Pin 0.83290 [q90 0.40784, q10 0.42506], MS 1.60600, Freq 4.14029) | LR 1.00e-05
2026-07-30 15:04:45,268 INFO Epoch 23 | Batch 700/1186 | Loss 4.62643 (Pin 0.84331 [q90 0.41420, q10 0.42911], MS 1.69244, Freq 4.18138) | LR 1.00e-05
2026-07-30 15:05:07,148 INFO Epoch 23 | Batch 750/1186 | Loss 4.46282 (Pin 0.84472 [q90 0.40793, q10 0.43679], MS 1.52745, Freq 4.18130) | LR 1.00e-05
2026-07-30 15:05:29,044 INFO Epoch 23 | Batch 800/1186 | Loss 4.55579 (Pin 0.85408 [q90 0.41802, q10 0.43606], MS 1.58787, Freq 4.22768) | LR 1.00e-05
2026-07-30 15:05:50,959 INFO Epoch 23 | Batch 850/1186 | Loss 4.60020 (Pin 0.85053 [q90 0.41591, q10 0.43463], MS 1.64903, Freq 4.20126) | LR 1.00e-05
2026-07-30 15:06:12,852 INFO Epoch 23 | Batch 900/1186 | Loss 4.55669 (Pin 0.84706 [q90 0.41414, q10 0.43292], MS 1.62590, Freq 4.16746) | LR 1.00e-05
2026-07-30 15:06:34,752 INFO Epoch 23 | Batch 950/1186 | Loss 4.61092 (Pin 0.86465 [q90 0.41960, q10 0.44505], MS 1.63073, Freq 4.23109) | LR 1.00e-05
2026-07-30 15:06:56,641 INFO Epoch 23 | Batch 1000/1186 | Loss 4.47403 (Pin 0.82499 [q90 0.40818, q10 0.41681], MS 1.56898, Freq 4.16012) | LR 1.00e-05
2026-07-30 15:07:18,535 INFO Epoch 23 | Batch 1050/1186 | Loss 4.62912 (Pin 0.83425 [q90 0.40867, q10 0.42558], MS 1.69953, Freq 4.19067) | LR 1.00e-05
2026-07-30 15:07:40,427 INFO Epoch 23 | Batch 1100/1186 | Loss 4.37118 (Pin 0.81602 [q90 0.40250, q10 0.41351], MS 1.49648, Freq 4.11738) | LR 1.00e-05
2026-07-30 15:08:02,328 INFO Epoch 23 | Batch 1150/1186 | Loss 4.63759 (Pin 0.83708 [q90 0.41213, q10 0.42495], MS 1.69677, Freq 4.20748) | LR 1.00e-05
2026-07-30 15:08:55,356 INFO Epoch 23 | Val Loss 5.04137 (Pin 0.80138 [q90 0.40078, q10 0.40060], MS 2.19814, Freq 4.08368, L1 1.76488, Spectral 0.30173, Gradient 0.48800)
2026-07-30 15:08:55,356 INFO Epoch 23 | Coverage q10/q50/q90 = 0.088/0.494/0.905 (nominal .10/.50/.90) | extreme tail = 0.119/0.472/0.866
2026-07-30 15:08:55,817 INFO New best val loss: 5.04137 (saved checkpoints/best.pth)
2026-07-30 15:09:17,729 INFO Epoch 24 | Batch 50/1186 | Loss 4.38290 (Pin 0.81584 [q90 0.39435, q10 0.42149], MS 1.49196, Freq 4.15020) | LR 1.00e-05
2026-07-30 15:09:39,585 INFO Epoch 24 | Batch 100/1186 | Loss 4.47863 (Pin 0.83338 [q90 0.41149, q10 0.42188], MS 1.56881, Freq 4.15288) | LR 1.00e-05
2026-07-30 15:10:01,450 INFO Epoch 24 | Batch 150/1186 | Loss 4.61748 (Pin 0.85941 [q90 0.42473, q10 0.43467], MS 1.63477, Freq 4.24659) | LR 1.00e-05
2026-07-30 15:10:23,314 INFO Epoch 24 | Batch 200/1186 | Loss 4.53366 (Pin 0.84975 [q90 0.40921, q10 0.44054], MS 1.59903, Freq 4.16977) | LR 1.00e-05
2026-07-30 15:10:45,173 INFO Epoch 24 | Batch 250/1186 | Loss 4.41064 (Pin 0.82628 [q90 0.40349, q10 0.42279], MS 1.53710, Freq 4.09451) | LR 1.00e-05
2026-07-30 15:11:07,033 INFO Epoch 24 | Batch 300/1186 | Loss 4.54572 (Pin 0.84593 [q90 0.41249, q10 0.43344], MS 1.60909, Freq 4.18140) | LR 1.00e-05
2026-07-30 15:11:28,899 INFO Epoch 24 | Batch 350/1186 | Loss 4.57265 (Pin 0.84574 [q90 0.42489, q10 0.42085], MS 1.65933, Freq 4.13516) | LR 1.00e-05
2026-07-30 15:11:50,752 INFO Epoch 24 | Batch 400/1186 | Loss 4.55696 (Pin 0.83129 [q90 0.40858, q10 0.42271], MS 1.60980, Freq 4.23175) | LR 1.00e-05
2026-07-30 15:12:12,617 INFO Epoch 24 | Batch 450/1186 | Loss 4.48835 (Pin 0.82444 [q90 0.40237, q10 0.42207], MS 1.60190, Freq 4.12402) | LR 1.00e-05
2026-07-30 15:12:34,489 INFO Epoch 24 | Batch 500/1186 | Loss 4.53086 (Pin 0.83619 [q90 0.40990, q10 0.42629], MS 1.62799, Freq 4.13336) | LR 1.00e-05
2026-07-30 15:12:56,347 INFO Epoch 24 | Batch 550/1186 | Loss 4.62922 (Pin 0.83111 [q90 0.40715, q10 0.42396], MS 1.70520, Freq 4.18581) | LR 1.00e-05
2026-07-30 15:13:18,194 INFO Epoch 24 | Batch 600/1186 | Loss 4.60797 (Pin 0.85994 [q90 0.41146, q10 0.44848], MS 1.62900, Freq 4.23806) | LR 1.00e-05
2026-07-30 15:13:40,187 INFO Epoch 24 | Batch 650/1186 | Loss 4.64825 (Pin 0.85476 [q90 0.42108, q10 0.43368], MS 1.68148, Freq 4.22401) | LR 1.00e-05
2026-07-30 15:14:02,049 INFO Epoch 24 | Batch 700/1186 | Loss 4.52582 (Pin 0.85297 [q90 0.41548, q10 0.43749], MS 1.58674, Freq 4.17222) | LR 1.00e-05
2026-07-30 15:14:23,902 INFO Epoch 24 | Batch 750/1186 | Loss 4.61756 (Pin 0.85412 [q90 0.42153, q10 0.43259], MS 1.65662, Freq 4.21366) | LR 1.00e-05
2026-07-30 15:14:45,768 INFO Epoch 24 | Batch 800/1186 | Loss 4.55911 (Pin 0.82754 [q90 0.40672, q10 0.42082], MS 1.63237, Freq 4.19838) | LR 1.00e-05
2026-07-30 15:15:07,632 INFO Epoch 24 | Batch 850/1186 | Loss 4.54275 (Pin 0.82493 [q90 0.40033, q10 0.42460], MS 1.65565, Freq 4.12435) | LR 1.00e-05
2026-07-30 15:15:29,501 INFO Epoch 24 | Batch 900/1186 | Loss 4.52787 (Pin 0.83668 [q90 0.40809, q10 0.42859], MS 1.59454, Freq 4.19330) | LR 1.00e-05
2026-07-30 15:15:51,358 INFO Epoch 24 | Batch 950/1186 | Loss 4.50337 (Pin 0.83846 [q90 0.41102, q10 0.42744], MS 1.56505, Freq 4.19971) | LR 1.00e-05
2026-07-30 15:16:13,214 INFO Epoch 24 | Batch 1000/1186 | Loss 4.63917 (Pin 0.84377 [q90 0.40971, q10 0.43405], MS 1.67552, Freq 4.23977) | LR 1.00e-05
2026-07-30 15:16:35,083 INFO Epoch 24 | Batch 1050/1186 | Loss 4.57337 (Pin 0.85107 [q90 0.41904, q10 0.43203], MS 1.61239, Freq 4.21982) | LR 1.00e-05
2026-07-30 15:16:56,941 INFO Epoch 24 | Batch 1100/1186 | Loss 4.76459 (Pin 0.86510 [q90 0.42058, q10 0.44452], MS 1.76538, Freq 4.26822) | LR 1.00e-05
2026-07-30 15:17:18,806 INFO Epoch 24 | Batch 1150/1186 | Loss 4.53077 (Pin 0.84620 [q90 0.41658, q10 0.42962], MS 1.61150, Freq 4.14612) | LR 1.00e-05
2026-07-30 15:18:11,038 INFO Epoch 24 | Val Loss 4.99496 (Pin 0.80495 [q90 0.39884, q10 0.40611], MS 2.16919, Freq 4.04163, L1 1.76138, Spectral 0.30209, Gradient 0.48673)
2026-07-30 15:18:11,038 INFO Epoch 24 | Coverage q10/q50/q90 = 0.069/0.472/0.905 (nominal .10/.50/.90) | extreme tail = 0.103/0.454/0.864
2026-07-30 15:18:11,503 INFO New best val loss: 4.99496 (saved checkpoints/best.pth)
2026-07-30 15:18:33,398 INFO Epoch 25 | Batch 50/1186 | Loss 4.54113 (Pin 0.81805 [q90 0.40179, q10 0.41626], MS 1.63581, Freq 4.17456) | LR 1.00e-05
2026-07-30 15:18:55,251 INFO Epoch 25 | Batch 100/1186 | Loss 4.68467 (Pin 0.87693 [q90 0.43331, q10 0.44361], MS 1.67233, Freq 4.27082) | LR 1.00e-05
2026-07-30 15:19:17,099 INFO Epoch 25 | Batch 150/1186 | Loss 4.52399 (Pin 0.82968 [q90 0.40844, q10 0.42124], MS 1.63391, Freq 4.12080) | LR 1.00e-05
2026-07-30 15:19:38,945 INFO Epoch 25 | Batch 200/1186 | Loss 4.53911 (Pin 0.85413 [q90 0.41683, q10 0.43730], MS 1.63541, Freq 4.09913) | LR 1.00e-05
2026-07-30 15:20:00,815 INFO Epoch 25 | Batch 250/1186 | Loss 4.70057 (Pin 0.82471 [q90 0.40590, q10 0.41881], MS 1.81203, Freq 4.12764) | LR 1.00e-05
2026-07-30 15:20:22,665 INFO Epoch 25 | Batch 300/1186 | Loss 4.68250 (Pin 0.87203 [q90 0.41910, q10 0.45292], MS 1.67447, Freq 4.27201) | LR 1.00e-05
2026-07-30 15:20:44,531 INFO Epoch 25 | Batch 350/1186 | Loss 4.62216 (Pin 0.84590 [q90 0.41492, q10 0.43097], MS 1.63494, Freq 4.28264) | LR 1.00e-05
2026-07-30 15:21:06,387 INFO Epoch 25 | Batch 400/1186 | Loss 4.55578 (Pin 0.83255 [q90 0.40754, q10 0.42502], MS 1.64538, Freq 4.15570) | LR 1.00e-05
2026-07-30 15:21:28,250 INFO Epoch 25 | Batch 450/1186 | Loss 4.52705 (Pin 0.80700 [q90 0.39362, q10 0.41338], MS 1.62371, Freq 4.19269) | LR 1.00e-05
2026-07-30 15:21:50,115 INFO Epoch 25 | Batch 500/1186 | Loss 4.47187 (Pin 0.82155 [q90 0.39766, q10 0.42389], MS 1.57461, Freq 4.15143) | LR 1.00e-05
2026-07-30 15:22:11,963 INFO Epoch 25 | Batch 550/1186 | Loss 4.43576 (Pin 0.83260 [q90 0.40981, q10 0.42278], MS 1.56761, Freq 4.07110) | LR 1.00e-05
2026-07-30 15:22:33,817 INFO Epoch 25 | Batch 600/1186 | Loss 4.56673 (Pin 0.82536 [q90 0.40055, q10 0.42481], MS 1.67904, Freq 4.12467) | LR 1.00e-05
2026-07-30 15:22:55,678 INFO Epoch 25 | Batch 650/1186 | Loss 4.51996 (Pin 0.83083 [q90 0.40625, q10 0.42459], MS 1.56273, Freq 4.25279) | LR 1.00e-05
2026-07-30 15:23:17,540 INFO Epoch 25 | Batch 700/1186 | Loss 4.55539 (Pin 0.87541 [q90 0.42277, q10 0.45264], MS 1.57955, Freq 4.20086) | LR 1.00e-05
2026-07-30 15:23:39,419 INFO Epoch 25 | Batch 750/1186 | Loss 4.52135 (Pin 0.83279 [q90 0.40931, q10 0.42348], MS 1.59263, Freq 4.19187) | LR 1.00e-05
2026-07-30 15:24:01,275 INFO Epoch 25 | Batch 800/1186 | Loss 4.61672 (Pin 0.86294 [q90 0.42292, q10 0.44003], MS 1.63602, Freq 4.23551) | LR 1.00e-05
2026-07-30 15:24:23,127 INFO Epoch 25 | Batch 850/1186 | Loss 4.56373 (Pin 0.84532 [q90 0.41744, q10 0.42789], MS 1.64798, Freq 4.14084) | LR 1.00e-05
2026-07-30 15:24:44,985 INFO Epoch 25 | Batch 900/1186 | Loss 4.55093 (Pin 0.85434 [q90 0.42216, q10 0.43218], MS 1.60679, Freq 4.17961) | LR 1.00e-05
2026-07-30 15:25:06,853 INFO Epoch 25 | Batch 950/1186 | Loss 4.68732 (Pin 0.87590 [q90 0.43149, q10 0.44442], MS 1.67179, Freq 4.27926) | LR 1.00e-05
2026-07-30 15:25:28,709 INFO Epoch 25 | Batch 1000/1186 | Loss 4.56627 (Pin 0.84198 [q90 0.40996, q10 0.43202], MS 1.65413, Freq 4.14034) | LR 1.00e-05
2026-07-30 15:25:50,576 INFO Epoch 25 | Batch 1050/1186 | Loss 4.58768 (Pin 0.84715 [q90 0.41424, q10 0.43291], MS 1.65117, Freq 4.17872) | LR 1.00e-05
2026-07-30 15:26:12,438 INFO Epoch 25 | Batch 1100/1186 | Loss 4.43006 (Pin 0.81308 [q90 0.39819, q10 0.41489], MS 1.58015, Freq 4.07367) | LR 1.00e-05
2026-07-30 15:26:34,303 INFO Epoch 25 | Batch 1150/1186 | Loss 4.45993 (Pin 0.84202 [q90 0.41439, q10 0.42764], MS 1.52748, Freq 4.18085) | LR 1.00e-05
2026-07-30 15:27:27,762 INFO Epoch 25 | Val Loss 5.14303 (Pin 0.80623 [q90 0.40367, q10 0.40256], MS 2.25227, Freq 4.16906, L1 1.79009, Spectral 0.31032, Gradient 0.50408)
2026-07-30 15:27:27,762 INFO Epoch 25 | Coverage q10/q50/q90 = 0.097/0.513/0.897 (nominal .10/.50/.90) | extreme tail = 0.117/0.477/0.857
2026-07-30 15:27:27,989 INFO Epoch 25 | Val loss did not improve (1/8 val checks since best=4.99496)
2026-07-30 15:27:49,909 INFO Epoch 26 | Batch 50/1186 | Loss 4.61690 (Pin 0.85288 [q90 0.41492, q10 0.43796], MS 1.67997, Freq 4.16809) | LR 1.00e-05
2026-07-30 15:28:11,768 INFO Epoch 26 | Batch 100/1186 | Loss 4.41425 (Pin 0.81020 [q90 0.39808, q10 0.41211], MS 1.56374, Freq 4.08063) | LR 1.00e-05
2026-07-30 15:28:33,640 INFO Epoch 26 | Batch 150/1186 | Loss 4.61252 (Pin 0.83383 [q90 0.41116, q10 0.42266], MS 1.67346, Freq 4.21048) | LR 1.00e-05
2026-07-30 15:28:55,522 INFO Epoch 26 | Batch 200/1186 | Loss 4.50776 (Pin 0.85189 [q90 0.41875, q10 0.43314], MS 1.57309, Freq 4.16556) | LR 1.00e-05
2026-07-30 15:29:17,384 INFO Epoch 26 | Batch 250/1186 | Loss 4.69258 (Pin 0.86060 [q90 0.41442, q10 0.44618], MS 1.70458, Freq 4.25482) | LR 1.00e-05
2026-07-30 15:29:39,246 INFO Epoch 26 | Batch 300/1186 | Loss 4.50060 (Pin 0.82959 [q90 0.40738, q10 0.42220], MS 1.60777, Freq 4.12647) | LR 1.00e-05
2026-07-30 15:30:01,122 INFO Epoch 26 | Batch 350/1186 | Loss 4.63422 (Pin 0.87330 [q90 0.42612, q10 0.44718], MS 1.62932, Freq 4.26320) | LR 1.00e-05
2026-07-30 15:30:22,979 INFO Epoch 26 | Batch 400/1186 | Loss 4.75001 (Pin 0.86171 [q90 0.42553, q10 0.43618], MS 1.77346, Freq 4.22967) | LR 1.00e-05
2026-07-30 15:30:44,845 INFO Epoch 26 | Batch 450/1186 | Loss 4.47493 (Pin 0.83159 [q90 0.41042, q10 0.42117], MS 1.57407, Freq 4.13854) | LR 1.00e-05
2026-07-30 15:31:06,703 INFO Epoch 26 | Batch 500/1186 | Loss 4.53280 (Pin 0.84536 [q90 0.41672, q10 0.42864], MS 1.59116, Freq 4.19255) | LR 1.00e-05
2026-07-30 15:31:28,561 INFO Epoch 26 | Batch 550/1186 | Loss 4.45528 (Pin 0.82298 [q90 0.40076, q10 0.42222], MS 1.54546, Freq 4.17369) | LR 1.00e-05
2026-07-30 15:31:50,418 INFO Epoch 26 | Batch 600/1186 | Loss 4.69514 (Pin 0.87602 [q90 0.43085, q10 0.44518], MS 1.68205, Freq 4.27413) | LR 1.00e-05
2026-07-30 15:32:12,280 INFO Epoch 26 | Batch 650/1186 | Loss 4.61788 (Pin 0.85235 [q90 0.41636, q10 0.43598], MS 1.67703, Freq 4.17701) | LR 1.00e-05
2026-07-30 15:32:34,152 INFO Epoch 26 | Batch 700/1186 | Loss 4.48966 (Pin 0.83519 [q90 0.41402, q10 0.42117], MS 1.58990, Freq 4.12915) | LR 1.00e-05
2026-07-30 15:32:56,027 INFO Epoch 26 | Batch 750/1186 | Loss 4.52603 (Pin 0.82900 [q90 0.40178, q10 0.42722], MS 1.60069, Freq 4.19270) | LR 1.00e-05
2026-07-30 15:33:17,885 INFO Epoch 26 | Batch 800/1186 | Loss 4.41562 (Pin 0.80818 [q90 0.40278, q10 0.40540], MS 1.54793, Freq 4.11902) | LR 1.00e-05
2026-07-30 15:33:39,747 INFO Epoch 26 | Batch 850/1186 | Loss 4.55026 (Pin 0.81197 [q90 0.39921, q10 0.41275], MS 1.68359, Freq 4.10941) | LR 1.00e-05
2026-07-30 15:34:01,620 INFO Epoch 26 | Batch 900/1186 | Loss 4.58842 (Pin 0.84739 [q90 0.41487, q10 0.43252], MS 1.64163, Freq 4.19881) | LR 1.00e-05
2026-07-30 15:34:23,478 INFO Epoch 26 | Batch 950/1186 | Loss 4.61532 (Pin 0.84167 [q90 0.41196, q10 0.42970], MS 1.66081, Freq 4.22569) | LR 1.00e-05
2026-07-30 15:34:45,340 INFO Epoch 26 | Batch 1000/1186 | Loss 4.44273 (Pin 0.82362 [q90 0.40443, q10 0.41919], MS 1.55211, Freq 4.13399) | LR 1.00e-05
2026-07-30 15:35:07,207 INFO Epoch 26 | Batch 1050/1186 | Loss 4.53254 (Pin 0.84482 [q90 0.40975, q10 0.43507], MS 1.58860, Freq 4.19824) | LR 1.00e-05
2026-07-30 15:35:29,086 INFO Epoch 26 | Batch 1100/1186 | Loss 4.43688 (Pin 0.82599 [q90 0.40407, q10 0.42192], MS 1.55107, Freq 4.11964) | LR 1.00e-05
2026-07-30 15:35:50,945 INFO Epoch 26 | Batch 1150/1186 | Loss 4.70953 (Pin 0.85424 [q90 0.41934, q10 0.43490], MS 1.73558, Freq 4.23944) | LR 1.00e-05
2026-07-30 15:36:43,777 INFO Epoch 26 | Val Loss 5.03890 (Pin 0.80341 [q90 0.40085, q10 0.40256], MS 2.17735, Freq 4.11628, L1 1.77453, Spectral 0.29954, Gradient 0.49068)
2026-07-30 15:36:43,777 INFO Epoch 26 | Coverage q10/q50/q90 = 0.080/0.495/0.903 (nominal .10/.50/.90) | extreme tail = 0.101/0.442/0.861
2026-07-30 15:36:44,012 INFO Epoch 26 | Val loss did not improve (2/8 val checks since best=4.99496)
2026-07-30 15:37:05,935 INFO Epoch 27 | Batch 50/1186 | Loss 4.71557 (Pin 0.86806 [q90 0.42041, q10 0.44764], MS 1.70767, Freq 4.27967) | LR 1.00e-05
2026-07-30 15:37:27,798 INFO Epoch 27 | Batch 100/1186 | Loss 4.52405 (Pin 0.82883 [q90 0.40600, q10 0.42283], MS 1.61066, Freq 4.16912) | LR 1.00e-05
2026-07-30 15:37:49,649 INFO Epoch 27 | Batch 150/1186 | Loss 4.42156 (Pin 0.82983 [q90 0.40841, q10 0.42142], MS 1.53383, Freq 4.11580) | LR 1.00e-05
2026-07-30 15:38:11,510 INFO Epoch 27 | Batch 200/1186 | Loss 4.52636 (Pin 0.83070 [q90 0.40718, q10 0.42352], MS 1.60125, Freq 4.18880) | LR 1.00e-05
2026-07-30 15:38:33,362 INFO Epoch 27 | Batch 250/1186 | Loss 4.52706 (Pin 0.82799 [q90 0.40530, q10 0.42269], MS 1.60266, Freq 4.19283) | LR 1.00e-05
2026-07-30 15:38:55,223 INFO Epoch 27 | Batch 300/1186 | Loss 4.60331 (Pin 0.84461 [q90 0.41087, q10 0.43374], MS 1.66665, Freq 4.18410) | LR 1.00e-05
2026-07-30 15:39:17,096 INFO Epoch 27 | Batch 350/1186 | Loss 4.72093 (Pin 0.87194 [q90 0.43055, q10 0.44139], MS 1.70474, Freq 4.28850) | LR 1.00e-05
2026-07-30 15:39:38,957 INFO Epoch 27 | Batch 400/1186 | Loss 4.48455 (Pin 0.82860 [q90 0.41147, q10 0.41713], MS 1.58955, Freq 4.13280) | LR 1.00e-05
2026-07-30 15:40:00,823 INFO Epoch 27 | Batch 450/1186 | Loss 4.47679 (Pin 0.82423 [q90 0.39819, q10 0.42604], MS 1.60045, Freq 4.10421) | LR 1.00e-05
2026-07-30 15:40:22,705 INFO Epoch 27 | Batch 500/1186 | Loss 4.36785 (Pin 0.79369 [q90 0.39036, q10 0.40333], MS 1.53658, Freq 4.07516) | LR 1.00e-05
2026-07-30 15:40:44,562 INFO Epoch 27 | Batch 550/1186 | Loss 4.62240 (Pin 0.86717 [q90 0.42403, q10 0.44314], MS 1.65593, Freq 4.19860) | LR 1.00e-05
2026-07-30 15:41:06,423 INFO Epoch 27 | Batch 600/1186 | Loss 4.52593 (Pin 0.85977 [q90 0.41928, q10 0.44049], MS 1.57284, Freq 4.18662) | LR 1.00e-05
2026-07-30 15:41:28,292 INFO Epoch 27 | Batch 650/1186 | Loss 4.52508 (Pin 0.83807 [q90 0.40964, q10 0.42843], MS 1.58153, Freq 4.21096) | LR 1.00e-05
2026-07-30 15:41:50,152 INFO Epoch 27 | Batch 700/1186 | Loss 4.52718 (Pin 0.84453 [q90 0.41841, q10 0.42612], MS 1.58352, Freq 4.19826) | LR 1.00e-05
2026-07-30 15:42:12,010 INFO Epoch 27 | Batch 750/1186 | Loss 4.60431 (Pin 0.84627 [q90 0.41333, q10 0.43294], MS 1.64769, Freq 4.22070) | LR 1.00e-05
2026-07-30 15:42:33,872 INFO Epoch 27 | Batch 800/1186 | Loss 4.55561 (Pin 0.84110 [q90 0.41402, q10 0.42709], MS 1.64838, Freq 4.13225) | LR 1.00e-05
2026-07-30 15:42:55,722 INFO Epoch 27 | Batch 850/1186 | Loss 4.44868 (Pin 0.84676 [q90 0.41271, q10 0.43405], MS 1.51641, Freq 4.17101) | LR 1.00e-05
2026-07-30 15:43:17,579 INFO Epoch 27 | Batch 900/1186 | Loss 4.56555 (Pin 0.83231 [q90 0.40748, q10 0.42483], MS 1.63516, Freq 4.19618) | LR 1.00e-05
2026-07-30 15:43:39,446 INFO Epoch 27 | Batch 950/1186 | Loss 4.45695 (Pin 0.82279 [q90 0.39865, q10 0.42414], MS 1.57890, Freq 4.11054) | LR 1.00e-05
2026-07-30 15:44:01,305 INFO Epoch 27 | Batch 1000/1186 | Loss 4.51454 (Pin 0.82479 [q90 0.40469, q10 0.42010], MS 1.61314, Freq 4.15324) | LR 1.00e-05
2026-07-30 15:44:23,167 INFO Epoch 27 | Batch 1050/1186 | Loss 4.37169 (Pin 0.80401 [q90 0.39314, q10 0.41087], MS 1.53994, Freq 4.05549) | LR 1.00e-05
2026-07-30 15:44:45,026 INFO Epoch 27 | Batch 1100/1186 | Loss 4.67742 (Pin 0.88143 [q90 0.43411, q10 0.44733], MS 1.66057, Freq 4.27084) | LR 1.00e-05
2026-07-30 15:45:06,886 INFO Epoch 27 | Batch 1150/1186 | Loss 4.52452 (Pin 0.83843 [q90 0.41244, q10 0.42598], MS 1.60652, Freq 4.15914) | LR 1.00e-05
2026-07-30 15:45:59,915 INFO Epoch 27 | Val Loss 5.01677 (Pin 0.80294 [q90 0.40146, q10 0.40148], MS 2.20961, Freq 4.00844, L1 1.75500, Spectral 0.29973, Gradient 0.48299)
2026-07-30 15:45:59,915 INFO Epoch 27 | Coverage q10/q50/q90 = 0.081/0.488/0.895 (nominal .10/.50/.90) | extreme tail = 0.117/0.452/0.843
2026-07-30 15:46:00,152 INFO Epoch 27 | Val loss did not improve (3/8 val checks since best=4.99496)
2026-07-30 15:46:22,077 INFO Epoch 28 | Batch 50/1186 | Loss 4.49616 (Pin 0.83424 [q90 0.40410, q10 0.43014], MS 1.60144, Freq 4.12096) | LR 1.00e-05
2026-07-30 15:46:43,938 INFO Epoch 28 | Batch 100/1186 | Loss 4.53869 (Pin 0.82040 [q90 0.40321, q10 0.41720], MS 1.61427, Freq 4.20805) | LR 1.00e-05
2026-07-30 15:47:05,803 INFO Epoch 28 | Batch 150/1186 | Loss 4.42025 (Pin 0.80821 [q90 0.39894, q10 0.40928], MS 1.57438, Freq 4.07532) | LR 1.00e-05
2026-07-30 15:47:27,663 INFO Epoch 28 | Batch 200/1186 | Loss 4.60840 (Pin 0.86929 [q90 0.43144, q10 0.43786], MS 1.66831, Freq 4.14160) | LR 1.00e-05
2026-07-30 15:47:49,538 INFO Epoch 28 | Batch 250/1186 | Loss 4.57927 (Pin 0.87044 [q90 0.42575, q10 0.44469], MS 1.60058, Freq 4.21650) | LR 1.00e-05
2026-07-30 15:48:11,397 INFO Epoch 28 | Batch 300/1186 | Loss 4.53485 (Pin 0.82541 [q90 0.40401, q10 0.42140], MS 1.63493, Freq 4.14902) | LR 1.00e-05
2026-07-30 15:48:33,266 INFO Epoch 28 | Batch 350/1186 | Loss 4.65337 (Pin 0.84467 [q90 0.42182, q10 0.42285], MS 1.72057, Freq 4.17627) | LR 1.00e-05
2026-07-30 15:48:55,128 INFO Epoch 28 | Batch 400/1186 | Loss 4.64986 (Pin 0.84964 [q90 0.41482, q10 0.43482], MS 1.67144, Freq 4.25756) | LR 1.00e-05
2026-07-30 15:49:16,995 INFO Epoch 28 | Batch 450/1186 | Loss 4.48878 (Pin 0.82699 [q90 0.40420, q10 0.42279], MS 1.59099, Freq 4.14162) | LR 1.00e-05
2026-07-30 15:49:38,850 INFO Epoch 28 | Batch 500/1186 | Loss 4.56242 (Pin 0.85614 [q90 0.42288, q10 0.43326], MS 1.59996, Freq 4.21263) | LR 1.00e-05
2026-07-30 15:50:00,716 INFO Epoch 28 | Batch 550/1186 | Loss 4.49400 (Pin 0.84489 [q90 0.40613, q10 0.43877], MS 1.56206, Freq 4.17408) | LR 1.00e-05
2026-07-30 15:50:22,591 INFO Epoch 28 | Batch 600/1186 | Loss 4.44550 (Pin 0.81595 [q90 0.40025, q10 0.41571], MS 1.55956, Freq 4.13997) | LR 1.00e-05
2026-07-30 15:50:44,454 INFO Epoch 28 | Batch 650/1186 | Loss 4.53646 (Pin 0.84545 [q90 0.41334, q10 0.43211], MS 1.60020, Freq 4.18163) | LR 1.00e-05
2026-07-30 15:51:06,331 INFO Epoch 28 | Batch 700/1186 | Loss 4.52648 (Pin 0.82604 [q90 0.40616, q10 0.41987], MS 1.61975, Freq 4.16138) | LR 1.00e-05
2026-07-30 15:51:28,192 INFO Epoch 28 | Batch 750/1186 | Loss 4.54115 (Pin 0.83186 [q90 0.40134, q10 0.43052], MS 1.61657, Freq 4.18544) | LR 1.00e-05
2026-07-30 15:51:50,066 INFO Epoch 28 | Batch 800/1186 | Loss 4.48536 (Pin 0.81312 [q90 0.39470, q10 0.41842], MS 1.61990, Freq 4.10468) | LR 1.00e-05
2026-07-30 15:52:11,927 INFO Epoch 28 | Batch 850/1186 | Loss 4.62169 (Pin 0.82671 [q90 0.40518, q10 0.42154], MS 1.72913, Freq 4.13171) | LR 1.00e-05
2026-07-30 15:52:33,798 INFO Epoch 28 | Batch 900/1186 | Loss 4.58213 (Pin 0.82391 [q90 0.39577, q10 0.42814], MS 1.66745, Freq 4.18156) | LR 1.00e-05
2026-07-30 15:52:55,668 INFO Epoch 28 | Batch 950/1186 | Loss 4.52732 (Pin 0.84588 [q90 0.41634, q10 0.42953], MS 1.59275, Freq 4.17738) | LR 1.00e-05
2026-07-30 15:53:17,532 INFO Epoch 28 | Batch 1000/1186 | Loss 4.56026 (Pin 0.85780 [q90 0.42787, q10 0.42993], MS 1.61726, Freq 4.17040) | LR 1.00e-05
2026-07-30 15:53:39,392 INFO Epoch 28 | Batch 1050/1186 | Loss 4.50295 (Pin 0.84853 [q90 0.41535, q10 0.43317], MS 1.58254, Freq 4.14376) | LR 1.00e-05
2026-07-30 15:54:01,270 INFO Epoch 28 | Batch 1100/1186 | Loss 4.48871 (Pin 0.83323 [q90 0.41093, q10 0.42230], MS 1.61819, Freq 4.07457) | LR 1.00e-05
2026-07-30 15:54:23,131 INFO Epoch 28 | Batch 1150/1186 | Loss 4.61624 (Pin 0.86636 [q90 0.42180, q10 0.44456], MS 1.62908, Freq 4.24159) | LR 1.00e-05
2026-07-30 15:55:15,394 INFO Epoch 28 | Val Loss 5.00027 (Pin 0.80282 [q90 0.40090, q10 0.40193], MS 2.16764, Freq 4.05962, L1 1.76157, Spectral 0.29772, Gradient 0.48386)
2026-07-30 15:55:15,395 INFO Epoch 28 | Coverage q10/q50/q90 = 0.076/0.466/0.894 (nominal .10/.50/.90) | extreme tail = 0.105/0.449/0.850
2026-07-30 15:55:15,624 INFO Epoch 28 | Val loss did not improve (4/8 val checks since best=4.99496)
2026-07-30 15:55:37,532 INFO Epoch 29 | Batch 50/1186 | Loss 4.36336 (Pin 0.82301 [q90 0.40484, q10 0.41817], MS 1.51207, Freq 4.05656) | LR 1.00e-05
2026-07-30 15:55:59,402 INFO Epoch 29 | Batch 100/1186 | Loss 4.60826 (Pin 0.85940 [q90 0.41786, q10 0.44154], MS 1.63046, Freq 4.23680) | LR 1.00e-05
2026-07-30 15:56:21,290 INFO Epoch 29 | Batch 150/1186 | Loss 4.61754 (Pin 0.85101 [q90 0.42128, q10 0.42972], MS 1.65394, Freq 4.22518) | LR 1.00e-05
2026-07-30 15:56:43,169 INFO Epoch 29 | Batch 200/1186 | Loss 4.62551 (Pin 0.84645 [q90 0.40947, q10 0.43698], MS 1.68354, Freq 4.19105) | LR 1.00e-05
2026-07-30 15:57:05,052 INFO Epoch 29 | Batch 250/1186 | Loss 4.32078 (Pin 0.78507 [q90 0.38460, q10 0.40047], MS 1.54761, Freq 3.97619) | LR 1.00e-05
2026-07-30 15:57:26,962 INFO Epoch 29 | Batch 300/1186 | Loss 4.53067 (Pin 0.82766 [q90 0.40754, q10 0.42012], MS 1.63028, Freq 4.14546) | LR 1.00e-05
2026-07-30 15:57:49,143 INFO Epoch 29 | Batch 350/1186 | Loss 4.54149 (Pin 0.82918 [q90 0.40994, q10 0.41924], MS 1.66055, Freq 4.10352) | LR 1.00e-05
2026-07-30 15:58:11,711 INFO Epoch 29 | Batch 400/1186 | Loss 4.52507 (Pin 0.83862 [q90 0.41024, q10 0.42838], MS 1.59554, Freq 4.18182) | LR 1.00e-05
2026-07-30 15:58:33,923 INFO Epoch 29 | Batch 450/1186 | Loss 4.60379 (Pin 0.87234 [q90 0.43036, q10 0.44198], MS 1.61092, Freq 4.24106) | LR 1.00e-05
2026-07-30 15:58:56,246 INFO Epoch 29 | Batch 500/1186 | Loss 4.47515 (Pin 0.83672 [q90 0.41113, q10 0.42559], MS 1.56461, Freq 4.14765) | LR 1.00e-05
2026-07-30 15:59:18,675 INFO Epoch 29 | Batch 550/1186 | Loss 4.53463 (Pin 0.84527 [q90 0.41631, q10 0.42895], MS 1.57313, Freq 4.23245) | LR 1.00e-05
2026-07-30 15:59:41,147 INFO Epoch 29 | Batch 600/1186 | Loss 4.62426 (Pin 0.85974 [q90 0.41643, q10 0.44331], MS 1.64574, Freq 4.23755) | LR 1.00e-05
2026-07-30 16:00:03,435 INFO Epoch 29 | Batch 650/1186 | Loss 4.45443 (Pin 0.81611 [q90 0.39445, q10 0.42166], MS 1.57031, Freq 4.13603) | LR 1.00e-05
2026-07-30 16:00:25,648 INFO Epoch 29 | Batch 700/1186 | Loss 4.63031 (Pin 0.86243 [q90 0.42717, q10 0.43526], MS 1.66279, Freq 4.21017) | LR 1.00e-05
2026-07-30 16:00:48,166 INFO Epoch 29 | Batch 750/1186 | Loss 4.44973 (Pin 0.83617 [q90 0.41095, q10 0.42522], MS 1.56630, Freq 4.09454) | LR 1.00e-05
2026-07-30 16:01:10,387 INFO Epoch 29 | Batch 800/1186 | Loss 4.41863 (Pin 0.81589 [q90 0.40407, q10 0.41182], MS 1.53808, Freq 4.12933) | LR 1.00e-05
2026-07-30 16:01:32,278 INFO Epoch 29 | Batch 850/1186 | Loss 4.53252 (Pin 0.83298 [q90 0.40991, q10 0.42307], MS 1.61601, Freq 4.16705) | LR 1.00e-05
2026-07-30 16:01:54,513 INFO Epoch 29 | Batch 900/1186 | Loss 4.70575 (Pin 0.84735 [q90 0.42641, q10 0.42094], MS 1.75651, Freq 4.20377) | LR 1.00e-05
2026-07-30 16:02:16,624 INFO Epoch 29 | Batch 950/1186 | Loss 4.45692 (Pin 0.82017 [q90 0.39674, q10 0.42342], MS 1.59543, Freq 4.08266) | LR 1.00e-05
2026-07-30 16:02:38,996 INFO Epoch 29 | Batch 1000/1186 | Loss 4.53967 (Pin 0.82286 [q90 0.40185, q10 0.42101], MS 1.60490, Freq 4.22383) | LR 1.00e-05
2026-07-30 16:03:01,225 INFO Epoch 29 | Batch 1050/1186 | Loss 4.51483 (Pin 0.83499 [q90 0.41307, q10 0.42192], MS 1.59774, Freq 4.16420) | LR 1.00e-05
2026-07-30 16:03:23,509 INFO Epoch 29 | Batch 1100/1186 | Loss 4.61627 (Pin 0.87187 [q90 0.41587, q10 0.45600], MS 1.63990, Freq 4.20902) | LR 1.00e-05
2026-07-30 16:03:45,807 INFO Epoch 29 | Batch 1150/1186 | Loss 4.55612 (Pin 0.85426 [q90 0.41523, q10 0.43903], MS 1.59092, Freq 4.22187) | LR 1.00e-05
2026-07-30 16:04:39,168 INFO Epoch 29 | Val Loss 5.02148 (Pin 0.80109 [q90 0.40136, q10 0.39973], MS 2.16011, Freq 4.12056, L1 1.77141, Spectral 0.29992, Gradient 0.48937)
2026-07-30 16:04:39,168 INFO Epoch 29 | Coverage q10/q50/q90 = 0.088/0.497/0.900 (nominal .10/.50/.90) | extreme tail = 0.118/0.443/0.844
2026-07-30 16:04:39,459 INFO Epoch 29 | Val loss did not improve (5/8 val checks since best=4.99496)
2026-07-30 16:05:01,406 INFO Epoch 30 | Batch 50/1186 | Loss 4.48927 (Pin 0.81745 [q90 0.40137, q10 0.41609], MS 1.60219, Freq 4.13925) | LR 1.00e-05
2026-07-30 16:05:23,289 INFO Epoch 30 | Batch 100/1186 | Loss 4.41033 (Pin 0.82217 [q90 0.39895, q10 0.42322], MS 1.53195, Freq 4.11242) | LR 1.00e-05
2026-07-30 16:05:45,178 INFO Epoch 30 | Batch 150/1186 | Loss 4.57189 (Pin 0.84384 [q90 0.40758, q10 0.43627], MS 1.61574, Freq 4.22461) | LR 1.00e-05
2026-07-30 16:06:07,067 INFO Epoch 30 | Batch 200/1186 | Loss 4.54957 (Pin 0.85009 [q90 0.41455, q10 0.43554], MS 1.60443, Freq 4.19011) | LR 1.00e-05
2026-07-30 16:06:28,966 INFO Epoch 30 | Batch 250/1186 | Loss 4.52518 (Pin 0.81932 [q90 0.39807, q10 0.42126], MS 1.62897, Freq 4.15377) | LR 1.00e-05
2026-07-30 16:06:50,858 INFO Epoch 30 | Batch 300/1186 | Loss 4.41344 (Pin 0.80070 [q90 0.39216, q10 0.40854], MS 1.58119, Freq 4.06311) | LR 1.00e-05
2026-07-30 16:07:12,747 INFO Epoch 30 | Batch 350/1186 | Loss 4.62097 (Pin 0.85877 [q90 0.42701, q10 0.43175], MS 1.66099, Freq 4.20241) | LR 1.00e-05
2026-07-30 16:07:34,632 INFO Epoch 30 | Batch 400/1186 | Loss 4.58034 (Pin 0.85073 [q90 0.42208, q10 0.42865], MS 1.65782, Freq 4.14357) | LR 1.00e-05
2026-07-30 16:07:56,520 INFO Epoch 30 | Batch 450/1186 | Loss 4.61736 (Pin 0.84904 [q90 0.41029, q10 0.43875], MS 1.69100, Freq 4.15463) | LR 1.00e-05
2026-07-30 16:08:18,399 INFO Epoch 30 | Batch 500/1186 | Loss 4.53059 (Pin 0.84068 [q90 0.40686, q10 0.43382], MS 1.60984, Freq 4.16015) | LR 1.00e-05
2026-07-30 16:08:40,281 INFO Epoch 30 | Batch 550/1186 | Loss 4.52060 (Pin 0.82303 [q90 0.40333, q10 0.41970], MS 1.61728, Freq 4.16058) | LR 1.00e-05
2026-07-30 16:09:02,176 INFO Epoch 30 | Batch 600/1186 | Loss 4.58027 (Pin 0.84305 [q90 0.41465, q10 0.42840], MS 1.66907, Freq 4.13630) | LR 1.00e-05
2026-07-30 16:09:24,063 INFO Epoch 30 | Batch 650/1186 | Loss 4.53117 (Pin 0.82999 [q90 0.40566, q10 0.42433], MS 1.64360, Freq 4.11515) | LR 1.00e-05
2026-07-30 16:09:46,048 INFO Epoch 30 | Batch 700/1186 | Loss 4.63793 (Pin 0.86614 [q90 0.43094, q10 0.43520], MS 1.65190, Freq 4.23977) | LR 1.00e-05
2026-07-30 16:10:08,437 INFO Epoch 30 | Batch 750/1186 | Loss 4.46277 (Pin 0.82897 [q90 0.40692, q10 0.42205], MS 1.57333, Freq 4.12092) | LR 1.00e-05
2026-07-30 16:10:30,528 INFO Epoch 30 | Batch 800/1186 | Loss 4.52417 (Pin 0.83382 [q90 0.40798, q10 0.42584], MS 1.61001, Freq 4.16069) | LR 1.00e-05
2026-07-30 16:10:52,729 INFO Epoch 30 | Batch 850/1186 | Loss 4.52477 (Pin 0.83681 [q90 0.41187, q10 0.42494], MS 1.57839, Freq 4.21914) | LR 1.00e-05
2026-07-30 16:11:14,911 INFO Epoch 30 | Batch 900/1186 | Loss 4.43965 (Pin 0.80353 [q90 0.39549, q10 0.40804], MS 1.56942, Freq 4.13340) | LR 1.00e-05
2026-07-30 16:11:37,176 INFO Epoch 30 | Batch 950/1186 | Loss 4.52555 (Pin 0.83078 [q90 0.40795, q10 0.42283], MS 1.60577, Freq 4.17801) | LR 1.00e-05
2026-07-30 16:11:59,865 INFO Epoch 30 | Batch 1000/1186 | Loss 4.60782 (Pin 0.86746 [q90 0.42826, q10 0.43920], MS 1.62420, Freq 4.23233) | LR 1.00e-05
2026-07-30 16:12:22,014 INFO Epoch 30 | Batch 1050/1186 | Loss 4.49770 (Pin 0.85534 [q90 0.42349, q10 0.43185], MS 1.58769, Freq 4.10936) | LR 1.00e-05
2026-07-30 16:12:44,904 INFO Epoch 30 | Batch 1100/1186 | Loss 4.54905 (Pin 0.84931 [q90 0.41046, q10 0.43885], MS 1.61913, Freq 4.16121) | LR 1.00e-05
2026-07-30 16:13:07,300 INFO Epoch 30 | Batch 1150/1186 | Loss 4.53414 (Pin 0.82799 [q90 0.40762, q10 0.42038], MS 1.59881, Freq 4.21468) | LR 1.00e-05
2026-07-30 16:13:59,544 INFO Epoch 30 | Val Loss 5.00216 (Pin 0.80350 [q90 0.39870, q10 0.40481], MS 2.18208, Freq 4.03314, L1 1.75110, Spectral 0.29840, Gradient 0.48201)
2026-07-30 16:13:59,544 INFO Epoch 30 | Coverage q10/q50/q90 = 0.078/0.492/0.899 (nominal .10/.50/.90) | extreme tail = 0.103/0.442/0.852
2026-07-30 16:13:59,776 INFO Epoch 30 | Val loss did not improve (6/8 val checks since best=4.99496)
2026-07-30 16:14:22,011 INFO Epoch 31 | Batch 50/1186 | Loss 4.60489 (Pin 0.85096 [q90 0.41290, q10 0.43806], MS 1.65964, Freq 4.18857) | LR 1.00e-05
2026-07-30 16:14:44,284 INFO Epoch 31 | Batch 100/1186 | Loss 4.55658 (Pin 0.82955 [q90 0.40056, q10 0.42899], MS 1.63702, Freq 4.18001) | LR 1.00e-05
2026-07-30 16:15:06,354 INFO Epoch 31 | Batch 150/1186 | Loss 4.57267 (Pin 0.83511 [q90 0.41484, q10 0.42028], MS 1.64031, Freq 4.19451) | LR 1.00e-05
2026-07-30 16:15:28,520 INFO Epoch 31 | Batch 200/1186 | Loss 4.46545 (Pin 0.82337 [q90 0.40652, q10 0.41685], MS 1.58781, Freq 4.10854) | LR 1.00e-05
2026-07-30 16:15:50,679 INFO Epoch 31 | Batch 250/1186 | Loss 4.52280 (Pin 0.84361 [q90 0.40812, q10 0.43548], MS 1.58720, Freq 4.18400) | LR 1.00e-05
2026-07-30 16:16:13,121 INFO Epoch 31 | Batch 300/1186 | Loss 4.48529 (Pin 0.81869 [q90 0.40043, q10 0.41826], MS 1.58754, Freq 4.15813) | LR 1.00e-05
2026-07-30 16:16:35,416 INFO Epoch 31 | Batch 350/1186 | Loss 4.52258 (Pin 0.85395 [q90 0.41621, q10 0.43774], MS 1.58238, Freq 4.17251) | LR 1.00e-05
2026-07-30 16:16:57,781 INFO Epoch 31 | Batch 400/1186 | Loss 4.43171 (Pin 0.82315 [q90 0.40838, q10 0.41477], MS 1.57277, Freq 4.07159) | LR 1.00e-05
2026-07-30 16:17:19,678 INFO Epoch 31 | Batch 450/1186 | Loss 4.65311 (Pin 0.85296 [q90 0.41645, q10 0.43652], MS 1.70212, Freq 4.19604) | LR 1.00e-05
2026-07-30 16:17:41,554 INFO Epoch 31 | Batch 500/1186 | Loss 4.46034 (Pin 0.82499 [q90 0.40753, q10 0.41746], MS 1.52413, Freq 4.22245) | LR 1.00e-05
2026-07-30 16:18:03,436 INFO Epoch 31 | Batch 550/1186 | Loss 4.53293 (Pin 0.82086 [q90 0.40641, q10 0.41445], MS 1.64342, Freq 4.13730) | LR 1.00e-05
2026-07-30 16:18:25,297 INFO Epoch 31 | Batch 600/1186 | Loss 4.52153 (Pin 0.83622 [q90 0.41144, q10 0.42478], MS 1.60949, Freq 4.15164) | LR 1.00e-05
2026-07-30 16:18:47,138 INFO Epoch 31 | Batch 650/1186 | Loss 4.57396 (Pin 0.86394 [q90 0.42128, q10 0.44266], MS 1.62751, Freq 4.16502) | LR 1.00e-05
2026-07-30 16:19:09,001 INFO Epoch 31 | Batch 700/1186 | Loss 4.48830 (Pin 0.83761 [q90 0.41617, q10 0.42143], MS 1.60211, Freq 4.09717) | LR 1.00e-05
2026-07-30 16:19:30,883 INFO Epoch 31 | Batch 750/1186 | Loss 4.58509 (Pin 0.85087 [q90 0.41225, q10 0.43863], MS 1.61693, Freq 4.23458) | LR 1.00e-05
2026-07-30 16:19:52,733 INFO Epoch 31 | Batch 800/1186 | Loss 4.63573 (Pin 0.83560 [q90 0.41035, q10 0.42525], MS 1.73605, Freq 4.12816) | LR 1.00e-05
2026-07-30 16:20:14,584 INFO Epoch 31 | Batch 850/1186 | Loss 4.52842 (Pin 0.82942 [q90 0.40780, q10 0.42162], MS 1.63548, Freq 4.12705) | LR 1.00e-05
2026-07-30 16:20:36,457 INFO Epoch 31 | Batch 900/1186 | Loss 4.44928 (Pin 0.83310 [q90 0.40999, q10 0.42311], MS 1.57847, Freq 4.07542) | LR 1.00e-05
2026-07-30 16:20:58,337 INFO Epoch 31 | Batch 950/1186 | Loss 4.46351 (Pin 0.80999 [q90 0.40090, q10 0.40909], MS 1.57930, Freq 4.14843) | LR 1.00e-05
2026-07-30 16:21:20,225 INFO Epoch 31 | Batch 1000/1186 | Loss 4.51183 (Pin 0.84179 [q90 0.41373, q10 0.42806], MS 1.60233, Freq 4.13543) | LR 1.00e-05
2026-07-30 16:21:42,108 INFO Epoch 31 | Batch 1050/1186 | Loss 4.58981 (Pin 0.84710 [q90 0.40828, q10 0.43882], MS 1.64103, Freq 4.20335) | LR 1.00e-05
2026-07-30 16:22:04,009 INFO Epoch 31 | Batch 1100/1186 | Loss 4.50767 (Pin 0.82658 [q90 0.41003, q10 0.41655], MS 1.59504, Freq 4.17210) | LR 1.00e-05
2026-07-30 16:22:25,904 INFO Epoch 31 | Batch 1150/1186 | Loss 4.47000 (Pin 0.84115 [q90 0.40964, q10 0.43151], MS 1.55338, Freq 4.15094) | LR 1.00e-05
2026-07-30 16:23:18,183 INFO Epoch 31 | Val Loss 5.01274 (Pin 0.79914 [q90 0.40013, q10 0.39901], MS 2.17041, Freq 4.08638, L1 1.76236, Spectral 0.29690, Gradient 0.48263)
2026-07-30 16:23:18,183 INFO Epoch 31 | Coverage q10/q50/q90 = 0.085/0.478/0.898 (nominal .10/.50/.90) | extreme tail = 0.121/0.458/0.852
2026-07-30 16:23:18,414 INFO Epoch 31 | Val loss did not improve (7/8 val checks since best=4.99496)
2026-07-30 16:23:40,365 INFO Epoch 32 | Batch 50/1186 | Loss 4.56146 (Pin 0.84781 [q90 0.41558, q10 0.43222], MS 1.60163, Freq 4.22404) | LR 1.00e-05
2026-07-30 16:24:02,255 INFO Epoch 32 | Batch 100/1186 | Loss 4.46129 (Pin 0.83401 [q90 0.40949, q10 0.42452], MS 1.53196, Freq 4.19064) | LR 1.00e-05
2026-07-30 16:24:24,145 INFO Epoch 32 | Batch 150/1186 | Loss 4.48916 (Pin 0.83669 [q90 0.41162, q10 0.42507], MS 1.58305, Freq 4.13883) | LR 1.00e-05
2026-07-30 16:24:46,015 INFO Epoch 32 | Batch 200/1186 | Loss 4.48766 (Pin 0.82920 [q90 0.40546, q10 0.42374], MS 1.61000, Freq 4.09692) | LR 1.00e-05
2026-07-30 16:25:07,888 INFO Epoch 32 | Batch 250/1186 | Loss 4.60603 (Pin 0.86387 [q90 0.42097, q10 0.44290], MS 1.61931, Freq 4.24567) | LR 1.00e-05
2026-07-30 16:25:29,750 INFO Epoch 32 | Batch 300/1186 | Loss 4.53160 (Pin 0.83691 [q90 0.40674, q10 0.43018], MS 1.65129, Freq 4.08679) | LR 1.00e-05
2026-07-30 16:25:51,602 INFO Epoch 32 | Batch 350/1186 | Loss 4.44435 (Pin 0.82314 [q90 0.40026, q10 0.42288], MS 1.59601, Freq 4.05041) | LR 1.00e-05
2026-07-30 16:26:13,450 INFO Epoch 32 | Batch 400/1186 | Loss 4.54696 (Pin 0.83357 [q90 0.40974, q10 0.42383], MS 1.60055, Freq 4.22568) | LR 1.00e-05
2026-07-30 16:26:35,297 INFO Epoch 32 | Batch 450/1186 | Loss 4.48767 (Pin 0.83477 [q90 0.40727, q10 0.42750], MS 1.56977, Freq 4.16625) | LR 1.00e-05
2026-07-30 16:26:57,157 INFO Epoch 32 | Batch 500/1186 | Loss 4.49019 (Pin 0.82910 [q90 0.40262, q10 0.42648], MS 1.58419, Freq 4.15380) | LR 1.00e-05
2026-07-30 16:27:19,021 INFO Epoch 32 | Batch 550/1186 | Loss 4.47349 (Pin 0.84397 [q90 0.41380, q10 0.43017], MS 1.53116, Freq 4.19672) | LR 1.00e-05
2026-07-30 16:27:40,922 INFO Epoch 32 | Batch 600/1186 | Loss 4.34571 (Pin 0.81100 [q90 0.40339, q10 0.40761], MS 1.50229, Freq 4.06484) | LR 1.00e-05
2026-07-30 16:28:02,812 INFO Epoch 32 | Batch 650/1186 | Loss 4.63743 (Pin 0.83873 [q90 0.41759, q10 0.42114], MS 1.71327, Freq 4.17087) | LR 1.00e-05
2026-07-30 16:28:24,712 INFO Epoch 32 | Batch 700/1186 | Loss 4.58272 (Pin 0.86015 [q90 0.42669, q10 0.43346], MS 1.62382, Freq 4.19750) | LR 1.00e-05
2026-07-30 16:28:46,610 INFO Epoch 32 | Batch 750/1186 | Loss 4.52374 (Pin 0.84046 [q90 0.42076, q10 0.41970], MS 1.59117, Freq 4.18422) | LR 1.00e-05
2026-07-30 16:29:08,504 INFO Epoch 32 | Batch 800/1186 | Loss 4.42850 (Pin 0.81976 [q90 0.40497, q10 0.41480], MS 1.55074, Freq 4.11598) | LR 1.00e-05
2026-07-30 16:29:30,382 INFO Epoch 32 | Batch 850/1186 | Loss 4.46029 (Pin 0.82264 [q90 0.39890, q10 0.42374], MS 1.55572, Freq 4.16386) | LR 1.00e-05
2026-07-30 16:29:52,285 INFO Epoch 32 | Batch 900/1186 | Loss 4.46701 (Pin 0.83509 [q90 0.40567, q10 0.42942], MS 1.57649, Freq 4.11086) | LR 1.00e-05
2026-07-30 16:30:14,176 INFO Epoch 32 | Batch 950/1186 | Loss 4.46885 (Pin 0.81288 [q90 0.39332, q10 0.41956], MS 1.58114, Freq 4.14966) | LR 1.00e-05
2026-07-30 16:30:36,058 INFO Epoch 32 | Batch 1000/1186 | Loss 4.46020 (Pin 0.81312 [q90 0.39698, q10 0.41613], MS 1.61310, Freq 4.06795) | LR 1.00e-05
2026-07-30 16:30:57,939 INFO Epoch 32 | Batch 1050/1186 | Loss 4.42690 (Pin 0.82045 [q90 0.39990, q10 0.42055], MS 1.55627, Freq 4.10036) | LR 1.00e-05
2026-07-30 16:31:19,833 INFO Epoch 32 | Batch 1100/1186 | Loss 4.59192 (Pin 0.84753 [q90 0.41948, q10 0.42806], MS 1.65886, Freq 4.17107) | LR 1.00e-05
2026-07-30 16:31:41,724 INFO Epoch 32 | Batch 1150/1186 | Loss 4.52612 (Pin 0.83795 [q90 0.40779, q10 0.43016], MS 1.61341, Freq 4.14952) | LR 1.00e-05
2026-07-30 16:32:34,053 INFO Epoch 32 | Val Loss 5.00082 (Pin 0.80216 [q90 0.39917, q10 0.40299], MS 2.14843, Freq 4.10047, L1 1.77037, Spectral 0.30068, Gradient 0.49027)
2026-07-30 16:32:34,053 INFO Epoch 32 | Coverage q10/q50/q90 = 0.082/0.495/0.904 (nominal .10/.50/.90) | extreme tail = 0.108/0.455/0.868
2026-07-30 16:32:34,286 INFO Epoch 32 | Val loss did not improve (8/8 val checks since best=4.99496)
2026-07-30 16:32:34,286 INFO Epoch 32 | Early stopping: no improvement for 8 val check(s) (patience=8).
2026-07-30 16:32:34,286 INFO Training complete.
