2026-07-15 13:33:02,185 INFO Logging to /home/peytonli/26.6_wind/runs/0714/train_20260715_133302.log
2026-07-15 13:33:02,186 INFO Config:
{
  "seed": 0,
  "paths": {
    "data_dir": "/home/peytonli/26.6_wind/data",
    "log_dir": "/home/peytonli/26.6_wind/runs/0714",
    "splits_path": "/home/peytonli/26.6_wind/data/splits_70_15_15/split_indices.npz"
  },
  "model": {
    "img_size": 200,
    "embed_dim": 96,
    "depths": [
      4,
      4,
      4
    ],
    "num_heads": [
      6,
      6,
      6
    ],
    "window_size": 8,
    "mlp_ratio": 4.0,
    "residual_base": "bicubic",
    "residual_gate_init": 0.1,
    "init_spread_scale": 1.28,
    "drop_rate": 0.05,
    "attn_drop_rate": 0.05,
    "drop_path_rate": 0.1,
    "head_dropout": 0.15
  },
  "training": {
    "batch_size": 4,
    "num_epochs": 100,
    "learning_rate": 5e-06,
    "weight_decay": 0.0001,
    "pin_weight": 1.0,
    "ms_weight": 1.0,
    "freq_weight": 0.5,
    "l1_weight": 0.0,
    "spectral_weight": 0.0,
    "gradient_weight": 0.0,
    "spectral_low_freq_cutoff": 0.28,
    "extreme_weight": {
      "enabled": true,
      "alpha": 1.5,
      "apply_to_q10": false
    },
    "multiscale": {
      "n_levels": 5,
      "base_sigma": 2,
      "metric_per_band": [
        "l1",
        "sw",
        "sw",
        "sw",
        "sw"
      ],
      "metric_scale": {
        "l1": 1.0,
        "sw": 2.75
      },
      "patch_size": 8,
      "patch_stride": 4,
      "n_projections": 64,
      "sigma_floor": 0.001,
      "sigma_max_samples": 2000,
      "histogram_weight": 0.0,
      "force_recompute_sigma_band": false
    },
    "freq_band": {
      "n_levels": 5,
      "base_sigma": 2,
      "cdf_weight_mode": "down_extremes",
      "sigma_floor": 0.001,
      "sigma_max_samples": 2000,
      "force_recompute_sigma_band": false
    },
    "grad_clip_norm": 1.0,
    "num_workers": 2,
    "val_interval": 1,
    "early_stop_patience": 8,
    "lr_milestone_fractions": [
      0.5,
      0.75,
      0.9
    ],
    "lr_gamma": 0.5
  },
  "logging": {
    "log_every": 50
  }
}
2026-07-15 13:33:02,186 INFO Using device: cuda
2026-07-15 13:33:02,189 INFO Train samples: 4744, Val samples: 1013
2026-07-15 13:33:02,532 INFO Total parameters: 2087060
2026-07-15 13:33:02,533 INFO LR schedule: milestones (steps) = [59300, 88950, 106740] (of 118600 total), gamma = 0.500
2026-07-15 13:33:02,729 INFO Partial weights-only load from /home/peytonli/26.6_wind/runs/0714/checkpoints/best.pth: transferred 278/278 tensors.
2026-07-15 13:33:02,730 INFO   Fresh (not in checkpoint): []
2026-07-15 13:33:02,730 INFO   Dropped (not in model): []
2026-07-15 13:33:02,730 INFO Loss weights: {'ms': 1.0, 'freq': 0.5, 'l1': 0.0, 'spectral': 0.0, 'gradient': 0.0, 'pin': 1.0}
2026-07-15 13:33:02,730 INFO Extreme weighting: {'enabled': True, 'alpha': 1.5, 'apply_to_q10': False}
2026-07-15 13:33:02,731 INFO multiscale_loss enabled: n_levels=5, base_sigma=2.00, metric_per_band=('l1', 'sw', 'sw', 'sw', 'sw'), metric_scale={'l1': 1.0, 'sw': 2.75}, sigma_band=[[0.698416531085968, 0.7594446539878845], [0.3979477286338806, 0.42225831747055054], [0.5279598236083984, 0.5658146739006042], [0.80471271276474, 0.8782278895378113], [5.570250034332275, 5.404760837554932]]
2026-07-15 13:33:02,732 INFO freq_band_loss enabled: n_levels=5, base_sigma=2.00, cdf_weight_mode=down_extremes, sigma_band=[[0.698416531085968, 0.7594446539878845], [0.3979477286338806, 0.42225831747055054], [0.5279598236083984, 0.5658146739006042], [0.80471271276474, 0.8782278895378113], [5.570250034332275, 5.404760837554932]]
2026-07-15 13:33:25,311 INFO Epoch 0 | Batch 50/1186 | Loss 4.29734 (Pin 0.79458 [q90 0.40602, q10 0.38856], MS 1.49974, Freq 4.00604, L1 1.73687, Spectral 0.28207, Gradient 0.47376) | LR 5.00e-06
2026-07-15 13:33:47,374 INFO Epoch 0 | Batch 100/1186 | Loss 4.24534 (Pin 0.79338 [q90 0.41043, q10 0.38296], MS 1.47195, Freq 3.96000, L1 1.72307, Spectral 0.27872, Gradient 0.46183) | LR 5.00e-06
2026-07-15 13:34:09,422 INFO Epoch 0 | Batch 150/1186 | Loss 4.13879 (Pin 0.77778 [q90 0.39951, q10 0.37827], MS 1.40736, Freq 3.90730, L1 1.67213, Spectral 0.27436, Gradient 0.45897) | LR 5.00e-06
2026-07-15 13:34:31,499 INFO Epoch 0 | Batch 200/1186 | Loss 4.27378 (Pin 0.80256 [q90 0.41111, q10 0.39145], MS 1.47115, Freq 4.00013, L1 1.73789, Spectral 0.28056, Gradient 0.46635) | LR 5.00e-06
2026-07-15 13:34:53,557 INFO Epoch 0 | Batch 250/1186 | Loss 4.31531 (Pin 0.82351 [q90 0.42068, q10 0.40284], MS 1.48346, Freq 4.01667, L1 1.76285, Spectral 0.28731, Gradient 0.47237) | LR 5.00e-06
2026-07-15 13:35:15,623 INFO Epoch 0 | Batch 300/1186 | Loss 4.20884 (Pin 0.80955 [q90 0.40941, q10 0.40013], MS 1.40036, Freq 3.99788, L1 1.72965, Spectral 0.28550, Gradient 0.47335) | LR 5.00e-06
2026-07-15 13:35:37,696 INFO Epoch 0 | Batch 350/1186 | Loss 4.39689 (Pin 0.81788 [q90 0.42196, q10 0.39592], MS 1.56900, Freq 4.02003, L1 1.75341, Spectral 0.28887, Gradient 0.47646) | LR 5.00e-06
2026-07-15 13:35:59,774 INFO Epoch 0 | Batch 400/1186 | Loss 4.39637 (Pin 0.83356 [q90 0.42461, q10 0.40895], MS 1.50956, Freq 4.10652, L1 1.79236, Spectral 0.28927, Gradient 0.47874) | LR 5.00e-06
2026-07-15 13:36:21,841 INFO Epoch 0 | Batch 450/1186 | Loss 4.36327 (Pin 0.82979 [q90 0.42267, q10 0.40712], MS 1.49411, Freq 4.07875, L1 1.79272, Spectral 0.28769, Gradient 0.47808) | LR 5.00e-06
2026-07-15 13:36:43,909 INFO Epoch 0 | Batch 500/1186 | Loss 4.34098 (Pin 0.83771 [q90 0.43467, q10 0.40304], MS 1.47166, Freq 4.06324, L1 1.79369, Spectral 0.28730, Gradient 0.47802) | LR 5.00e-06
2026-07-15 13:37:05,972 INFO Epoch 0 | Batch 550/1186 | Loss 4.47260 (Pin 0.86000 [q90 0.44364, q10 0.41635], MS 1.56046, Freq 4.10428, L1 1.83025, Spectral 0.29217, Gradient 0.48538) | LR 5.00e-06
2026-07-15 13:37:28,036 INFO Epoch 0 | Batch 600/1186 | Loss 4.25605 (Pin 0.82293 [q90 0.42517, q10 0.39777], MS 1.41442, Freq 4.03739, L1 1.76356, Spectral 0.28394, Gradient 0.47407) | LR 5.00e-06
2026-07-15 13:37:50,092 INFO Epoch 0 | Batch 650/1186 | Loss 4.35433 (Pin 0.83878 [q90 0.43653, q10 0.40225], MS 1.47844, Freq 4.07423, L1 1.79251, Spectral 0.28767, Gradient 0.47753) | LR 5.00e-06
2026-07-15 13:38:12,154 INFO Epoch 0 | Batch 700/1186 | Loss 4.31983 (Pin 0.80896 [q90 0.41219, q10 0.39677], MS 1.48693, Freq 4.04789, L1 1.76404, Spectral 0.28157, Gradient 0.47185) | LR 5.00e-06
2026-07-15 13:38:34,229 INFO Epoch 0 | Batch 750/1186 | Loss 4.26921 (Pin 0.79066 [q90 0.40479, q10 0.38587], MS 1.49676, Freq 3.96359, L1 1.70737, Spectral 0.28570, Gradient 0.47236) | LR 5.00e-06
2026-07-15 13:38:56,286 INFO Epoch 0 | Batch 800/1186 | Loss 4.46313 (Pin 0.82226 [q90 0.42001, q10 0.40225], MS 1.59680, Freq 4.08813, L1 1.77033, Spectral 0.29006, Gradient 0.48454) | LR 5.00e-06
2026-07-15 13:39:18,348 INFO Epoch 0 | Batch 850/1186 | Loss 4.43433 (Pin 0.84062 [q90 0.43147, q10 0.40915], MS 1.53915, Freq 4.10910, L1 1.79913, Spectral 0.28672, Gradient 0.48235) | LR 5.00e-06
2026-07-15 13:39:40,417 INFO Epoch 0 | Batch 900/1186 | Loss 4.45024 (Pin 0.86209 [q90 0.44272, q10 0.41938], MS 1.50766, Freq 4.16096, L1 1.85259, Spectral 0.29080, Gradient 0.48385) | LR 5.00e-06
2026-07-15 13:40:02,478 INFO Epoch 0 | Batch 950/1186 | Loss 4.37291 (Pin 0.82671 [q90 0.42276, q10 0.40395], MS 1.52359, Freq 4.04524, L1 1.76824, Spectral 0.28577, Gradient 0.47995) | LR 5.00e-06
2026-07-15 13:40:24,541 INFO Epoch 0 | Batch 1000/1186 | Loss 4.24518 (Pin 0.82303 [q90 0.42005, q10 0.40299], MS 1.40430, Freq 4.03569, L1 1.76778, Spectral 0.28051, Gradient 0.46676) | LR 5.00e-06
2026-07-15 13:40:46,587 INFO Epoch 0 | Batch 1050/1186 | Loss 4.35054 (Pin 0.81202 [q90 0.41050, q10 0.40151], MS 1.52833, Freq 4.02040, L1 1.74683, Spectral 0.28214, Gradient 0.47235) | LR 5.00e-06
2026-07-15 13:41:08,656 INFO Epoch 0 | Batch 1100/1186 | Loss 4.33055 (Pin 0.81387 [q90 0.42364, q10 0.39024], MS 1.50837, Freq 4.01661, L1 1.74885, Spectral 0.27985, Gradient 0.46806) | LR 5.00e-06
2026-07-15 13:41:30,718 INFO Epoch 0 | Batch 1150/1186 | Loss 4.15354 (Pin 0.77543 [q90 0.39154, q10 0.38389], MS 1.43027, Freq 3.89570, L1 1.69052, Spectral 0.27524, Gradient 0.45978) | LR 5.00e-06
2026-07-15 13:42:23,618 INFO Epoch 0 | Val Loss 4.85044 (Pin 0.78772 [q90 0.40650, q10 0.38122], MS 2.06316, Freq 3.99913, L1 1.72847, Spectral 0.28004, Gradient 0.46838)
2026-07-15 13:42:23,619 INFO Epoch 0 | Coverage q10/q50/q90 = 0.093/0.493/0.895 (nominal .10/.50/.90) | extreme tail = 0.131/0.459/0.847
2026-07-15 13:42:23,922 INFO New best val loss: 4.85044 (saved checkpoints/best.pth)
2026-07-15 13:42:46,038 INFO Epoch 1 | Batch 50/1186 | Loss 4.33303 (Pin 0.79829 [q90 0.41260, q10 0.38569], MS 1.52610, Freq 4.01728, L1 1.73440, Spectral 0.28590, Gradient 0.47456) | LR 5.00e-06
2026-07-15 13:43:08,108 INFO Epoch 1 | Batch 100/1186 | Loss 4.36611 (Pin 0.81142 [q90 0.41727, q10 0.39416], MS 1.56588, Freq 3.97761, L1 1.73745, Spectral 0.28054, Gradient 0.46680) | LR 5.00e-06
2026-07-15 13:43:30,175 INFO Epoch 1 | Batch 150/1186 | Loss 4.26436 (Pin 0.79490 [q90 0.40258, q10 0.39232], MS 1.45688, Freq 4.02517, L1 1.72658, Spectral 0.28314, Gradient 0.47290) | LR 5.00e-06
2026-07-15 13:43:52,248 INFO Epoch 1 | Batch 200/1186 | Loss 4.27477 (Pin 0.83242 [q90 0.42960, q10 0.40282], MS 1.41857, Freq 4.04754, L1 1.77569, Spectral 0.28283, Gradient 0.46918) | LR 5.00e-06
2026-07-15 13:44:14,314 INFO Epoch 1 | Batch 250/1186 | Loss 4.45220 (Pin 0.84582 [q90 0.43239, q10 0.41343], MS 1.55831, Freq 4.09614, L1 1.80910, Spectral 0.28702, Gradient 0.48294) | LR 5.00e-06
2026-07-15 13:44:36,365 INFO Epoch 1 | Batch 300/1186 | Loss 4.34448 (Pin 0.81076 [q90 0.40868, q10 0.40208], MS 1.52726, Freq 4.01292, L1 1.75822, Spectral 0.28373, Gradient 0.47324) | LR 5.00e-06
2026-07-15 13:44:58,438 INFO Epoch 1 | Batch 350/1186 | Loss 4.28962 (Pin 0.79685 [q90 0.40612, q10 0.39074], MS 1.51920, Freq 3.94713, L1 1.71994, Spectral 0.28245, Gradient 0.46537) | LR 5.00e-06
2026-07-15 13:45:20,515 INFO Epoch 1 | Batch 400/1186 | Loss 4.40742 (Pin 0.84813 [q90 0.43836, q10 0.40977], MS 1.50762, Freq 4.10334, L1 1.82237, Spectral 0.28153, Gradient 0.47261) | LR 5.00e-06
2026-07-15 13:45:42,576 INFO Epoch 1 | Batch 450/1186 | Loss 4.28696 (Pin 0.80933 [q90 0.41342, q10 0.39591], MS 1.47612, Freq 4.00301, L1 1.74523, Spectral 0.28191, Gradient 0.46967) | LR 5.00e-06
2026-07-15 13:46:04,641 INFO Epoch 1 | Batch 500/1186 | Loss 4.40026 (Pin 0.84180 [q90 0.42694, q10 0.41485], MS 1.52908, Freq 4.05876, L1 1.79680, Spectral 0.28363, Gradient 0.47693) | LR 5.00e-06
2026-07-15 13:46:26,712 INFO Epoch 1 | Batch 550/1186 | Loss 4.28475 (Pin 0.81825 [q90 0.41792, q10 0.40033], MS 1.43110, Freq 4.07080, L1 1.75950, Spectral 0.28889, Gradient 0.48516) | LR 5.00e-06
2026-07-15 13:46:48,781 INFO Epoch 1 | Batch 600/1186 | Loss 4.35673 (Pin 0.83508 [q90 0.43366, q10 0.40142], MS 1.50280, Freq 4.03768, L1 1.79866, Spectral 0.27700, Gradient 0.46722) | LR 5.00e-06
2026-07-15 13:47:10,856 INFO Epoch 1 | Batch 650/1186 | Loss 4.34017 (Pin 0.80093 [q90 0.41164, q10 0.38929], MS 1.55349, Freq 3.97149, L1 1.71975, Spectral 0.28430, Gradient 0.46709) | LR 5.00e-06
2026-07-15 13:47:32,924 INFO Epoch 1 | Batch 700/1186 | Loss 4.42667 (Pin 0.81485 [q90 0.41656, q10 0.39829], MS 1.57122, Freq 4.08119, L1 1.75303, Spectral 0.29676, Gradient 0.49138) | LR 5.00e-06
2026-07-15 13:47:54,998 INFO Epoch 1 | Batch 750/1186 | Loss 4.36353 (Pin 0.81194 [q90 0.41028, q10 0.40165], MS 1.53698, Freq 4.02923, L1 1.74846, Spectral 0.29976, Gradient 0.48116) | LR 5.00e-06
2026-07-15 13:48:17,061 INFO Epoch 1 | Batch 800/1186 | Loss 4.16327 (Pin 0.78104 [q90 0.39938, q10 0.38166], MS 1.42045, Freq 3.92356, L1 1.69089, Spectral 0.27810, Gradient 0.46122) | LR 5.00e-06
2026-07-15 13:48:39,110 INFO Epoch 1 | Batch 850/1186 | Loss 4.32137 (Pin 0.83052 [q90 0.42722, q10 0.40330], MS 1.47251, Freq 4.03667, L1 1.78507, Spectral 0.28434, Gradient 0.47329) | LR 5.00e-06
2026-07-15 13:49:01,155 INFO Epoch 1 | Batch 900/1186 | Loss 4.34164 (Pin 0.82804 [q90 0.42471, q10 0.40333], MS 1.48646, Freq 4.05426, L1 1.77375, Spectral 0.28419, Gradient 0.47439) | LR 5.00e-06
2026-07-15 13:49:23,209 INFO Epoch 1 | Batch 950/1186 | Loss 4.35751 (Pin 0.82396 [q90 0.42756, q10 0.39639], MS 1.53282, Freq 4.00146, L1 1.75862, Spectral 0.28609, Gradient 0.47366) | LR 5.00e-06
2026-07-15 13:49:45,266 INFO Epoch 1 | Batch 1000/1186 | Loss 4.28556 (Pin 0.81663 [q90 0.41628, q10 0.40035], MS 1.43465, Freq 4.06854, L1 1.77331, Spectral 0.28221, Gradient 0.47497) | LR 5.00e-06
2026-07-15 13:50:07,341 INFO Epoch 1 | Batch 1050/1186 | Loss 4.37162 (Pin 0.82993 [q90 0.43031, q10 0.39961], MS 1.51221, Freq 4.05897, L1 1.78679, Spectral 0.27853, Gradient 0.46987) | LR 5.00e-06
2026-07-15 13:50:29,405 INFO Epoch 1 | Batch 1100/1186 | Loss 4.26568 (Pin 0.77458 [q90 0.39551, q10 0.37907], MS 1.52073, Freq 3.94074, L1 1.68467, Spectral 0.28344, Gradient 0.46695) | LR 5.00e-06
2026-07-15 13:50:51,468 INFO Epoch 1 | Batch 1150/1186 | Loss 4.43175 (Pin 0.84768 [q90 0.43316, q10 0.41452], MS 1.52398, Freq 4.12018, L1 1.81895, Spectral 0.28966, Gradient 0.48671) | LR 5.00e-06
2026-07-15 13:51:45,006 INFO Epoch 1 | Val Loss 4.86360 (Pin 0.78814 [q90 0.40641, q10 0.38173], MS 2.05851, Freq 4.03390, L1 1.73758, Spectral 0.27908, Gradient 0.47024)
2026-07-15 13:51:45,007 INFO Epoch 1 | Coverage q10/q50/q90 = 0.090/0.495/0.902 (nominal .10/.50/.90) | extreme tail = 0.126/0.458/0.853
2026-07-15 13:52:07,294 INFO Epoch 2 | Batch 50/1186 | Loss 4.33498 (Pin 0.81489 [q90 0.41871, q10 0.39618], MS 1.48130, Freq 4.07756, L1 1.76747, Spectral 0.28470, Gradient 0.47731) | LR 5.00e-06
2026-07-15 13:52:29,345 INFO Epoch 2 | Batch 100/1186 | Loss 4.30866 (Pin 0.82160 [q90 0.41932, q10 0.40228], MS 1.47730, Freq 4.01951, L1 1.76576, Spectral 0.28527, Gradient 0.47059) | LR 5.00e-06
2026-07-15 13:52:51,412 INFO Epoch 2 | Batch 150/1186 | Loss 4.32162 (Pin 0.81804 [q90 0.42272, q10 0.39532], MS 1.47872, Freq 4.04970, L1 1.75388, Spectral 0.28809, Gradient 0.47603) | LR 5.00e-06
2026-07-15 13:53:13,482 INFO Epoch 2 | Batch 200/1186 | Loss 4.25763 (Pin 0.78622 [q90 0.40154, q10 0.38467], MS 1.48877, Freq 3.96529, L1 1.71215, Spectral 0.28045, Gradient 0.46704) | LR 5.00e-06
2026-07-15 13:53:35,545 INFO Epoch 2 | Batch 250/1186 | Loss 4.44240 (Pin 0.84513 [q90 0.43382, q10 0.41131], MS 1.54301, Freq 4.10851, L1 1.81779, Spectral 0.28824, Gradient 0.47963) | LR 5.00e-06
2026-07-15 13:53:57,610 INFO Epoch 2 | Batch 300/1186 | Loss 4.27322 (Pin 0.80320 [q90 0.41091, q10 0.39229], MS 1.47775, Freq 3.98454, L1 1.72881, Spectral 0.28907, Gradient 0.47422) | LR 5.00e-06
2026-07-15 13:54:19,668 INFO Epoch 2 | Batch 350/1186 | Loss 4.17481 (Pin 0.78784 [q90 0.40739, q10 0.38046], MS 1.40953, Freq 3.95488, L1 1.70038, Spectral 0.28216, Gradient 0.46798) | LR 5.00e-06
2026-07-15 13:54:41,740 INFO Epoch 2 | Batch 400/1186 | Loss 4.24733 (Pin 0.82598 [q90 0.42497, q10 0.40101], MS 1.43989, Freq 3.96292, L1 1.76822, Spectral 0.27652, Gradient 0.46124) | LR 5.00e-06
2026-07-15 13:55:03,807 INFO Epoch 2 | Batch 450/1186 | Loss 4.25328 (Pin 0.81732 [q90 0.41779, q10 0.39953], MS 1.43525, Freq 4.00142, L1 1.74973, Spectral 0.27763, Gradient 0.47179) | LR 5.00e-06
2026-07-15 13:55:25,863 INFO Epoch 2 | Batch 500/1186 | Loss 4.46149 (Pin 0.83844 [q90 0.42440, q10 0.41404], MS 1.57319, Freq 4.09972, L1 1.79762, Spectral 0.28397, Gradient 0.47825) | LR 5.00e-06
2026-07-15 13:55:47,931 INFO Epoch 2 | Batch 550/1186 | Loss 4.40765 (Pin 0.83834 [q90 0.43416, q10 0.40418], MS 1.51531, Freq 4.10798, L1 1.79135, Spectral 0.28839, Gradient 0.48316) | LR 5.00e-06
2026-07-15 13:56:10,008 INFO Epoch 2 | Batch 600/1186 | Loss 4.36262 (Pin 0.81107 [q90 0.41782, q10 0.39325], MS 1.49857, Freq 4.10597, L1 1.75313, Spectral 0.28985, Gradient 0.48884) | LR 5.00e-06
2026-07-15 13:56:32,068 INFO Epoch 2 | Batch 650/1186 | Loss 4.21939 (Pin 0.80957 [q90 0.41582, q10 0.39376], MS 1.42352, Freq 3.97260, L1 1.74993, Spectral 0.27650, Gradient 0.46056) | LR 5.00e-06
2026-07-15 13:56:54,248 INFO Epoch 2 | Batch 700/1186 | Loss 4.36303 (Pin 0.82340 [q90 0.41803, q10 0.40537], MS 1.50690, Freq 4.06546, L1 1.77776, Spectral 0.28444, Gradient 0.47603) | LR 5.00e-06
2026-07-15 13:57:16,317 INFO Epoch 2 | Batch 750/1186 | Loss 4.33232 (Pin 0.82623 [q90 0.41926, q10 0.40697], MS 1.49733, Freq 4.01752, L1 1.75900, Spectral 0.28806, Gradient 0.47833) | LR 5.00e-06
2026-07-15 13:57:38,385 INFO Epoch 2 | Batch 800/1186 | Loss 4.36150 (Pin 0.80896 [q90 0.41541, q10 0.39355], MS 1.54349, Freq 4.01810, L1 1.73918, Spectral 0.28068, Gradient 0.46981) | LR 5.00e-06
2026-07-15 13:58:00,464 INFO Epoch 2 | Batch 850/1186 | Loss 4.20617 (Pin 0.79111 [q90 0.40633, q10 0.38478], MS 1.41148, Freq 4.00716, L1 1.71703, Spectral 0.28537, Gradient 0.47156) | LR 5.00e-06
2026-07-15 13:58:22,527 INFO Epoch 2 | Batch 900/1186 | Loss 4.36713 (Pin 0.80887 [q90 0.41472, q10 0.39415], MS 1.53962, Freq 4.03729, L1 1.74544, Spectral 0.28374, Gradient 0.47751) | LR 5.00e-06
2026-07-15 13:58:44,585 INFO Epoch 2 | Batch 950/1186 | Loss 4.20884 (Pin 0.79985 [q90 0.40951, q10 0.39033], MS 1.42916, Freq 3.95965, L1 1.71526, Spectral 0.28580, Gradient 0.46705) | LR 5.00e-06
2026-07-15 13:59:06,638 INFO Epoch 2 | Batch 1000/1186 | Loss 4.34592 (Pin 0.82354 [q90 0.42303, q10 0.40051], MS 1.48882, Freq 4.06712, L1 1.78049, Spectral 0.28298, Gradient 0.47633) | LR 5.00e-06
2026-07-15 13:59:28,705 INFO Epoch 2 | Batch 1050/1186 | Loss 4.34516 (Pin 0.81683 [q90 0.41997, q10 0.39686], MS 1.50466, Freq 4.04733, L1 1.76593, Spectral 0.28103, Gradient 0.47205) | LR 5.00e-06
2026-07-15 13:59:50,767 INFO Epoch 2 | Batch 1100/1186 | Loss 4.40843 (Pin 0.84065 [q90 0.42910, q10 0.41156], MS 1.51283, Freq 4.10990, L1 1.81461, Spectral 0.28585, Gradient 0.47960) | LR 5.00e-06
2026-07-15 14:00:12,824 INFO Epoch 2 | Batch 1150/1186 | Loss 4.29127 (Pin 0.83495 [q90 0.42757, q10 0.40739], MS 1.45396, Freq 4.00472, L1 1.78505, Spectral 0.28059, Gradient 0.46597) | LR 5.00e-06
2026-07-15 14:01:06,297 INFO Epoch 2 | Val Loss 4.95776 (Pin 0.79140 [q90 0.40645, q10 0.38496], MS 2.10860, Freq 4.11550, L1 1.75473, Spectral 0.28176, Gradient 0.47824)
2026-07-15 14:01:06,298 INFO Epoch 2 | Coverage q10/q50/q90 = 0.083/0.491/0.905 (nominal .10/.50/.90) | extreme tail = 0.112/0.452/0.865
2026-07-15 14:01:28,576 INFO Epoch 3 | Batch 50/1186 | Loss 4.28183 (Pin 0.81093 [q90 0.41504, q10 0.39588], MS 1.46264, Freq 4.01654, L1 1.75542, Spectral 0.27773, Gradient 0.46805) | LR 5.00e-06
2026-07-15 14:01:50,645 INFO Epoch 3 | Batch 100/1186 | Loss 4.39203 (Pin 0.82596 [q90 0.42272, q10 0.40324], MS 1.54838, Freq 4.03539, L1 1.76465, Spectral 0.28439, Gradient 0.47317) | LR 5.00e-06
2026-07-15 14:02:12,713 INFO Epoch 3 | Batch 150/1186 | Loss 4.22153 (Pin 0.81110 [q90 0.41467, q10 0.39643], MS 1.40342, Freq 4.01401, L1 1.76288, Spectral 0.28481, Gradient 0.47173) | LR 5.00e-06
2026-07-15 14:02:34,784 INFO Epoch 3 | Batch 200/1186 | Loss 4.38429 (Pin 0.80663 [q90 0.41547, q10 0.39116], MS 1.57924, Freq 3.99684, L1 1.74191, Spectral 0.29018, Gradient 0.47816) | LR 5.00e-06
2026-07-15 14:02:56,855 INFO Epoch 3 | Batch 250/1186 | Loss 4.28896 (Pin 0.79342 [q90 0.40568, q10 0.38774], MS 1.50382, Freq 3.98343, L1 1.71327, Spectral 0.28718, Gradient 0.47379) | LR 5.00e-06
2026-07-15 14:03:18,916 INFO Epoch 3 | Batch 300/1186 | Loss 4.35150 (Pin 0.81121 [q90 0.41921, q10 0.39200], MS 1.52246, Freq 4.03566, L1 1.75783, Spectral 0.28212, Gradient 0.47458) | LR 5.00e-06
2026-07-15 14:03:40,978 INFO Epoch 3 | Batch 350/1186 | Loss 4.37121 (Pin 0.81488 [q90 0.42079, q10 0.39408], MS 1.52006, Freq 4.07255, L1 1.75705, Spectral 0.28945, Gradient 0.48202) | LR 5.00e-06
2026-07-15 14:04:03,040 INFO Epoch 3 | Batch 400/1186 | Loss 4.30047 (Pin 0.82447 [q90 0.41984, q10 0.40462], MS 1.48664, Freq 3.97874, L1 1.76812, Spectral 0.27790, Gradient 0.46462) | LR 5.00e-06
2026-07-15 14:04:25,095 INFO Epoch 3 | Batch 450/1186 | Loss 4.33266 (Pin 0.81868 [q90 0.42294, q10 0.39574], MS 1.49970, Freq 4.02857, L1 1.75284, Spectral 0.28688, Gradient 0.47725) | LR 5.00e-06
2026-07-15 14:04:47,147 INFO Epoch 3 | Batch 500/1186 | Loss 4.43484 (Pin 0.83956 [q90 0.43301, q10 0.40655], MS 1.54531, Freq 4.09993, L1 1.80593, Spectral 0.28478, Gradient 0.47738) | LR 5.00e-06
2026-07-15 14:05:09,204 INFO Epoch 3 | Batch 550/1186 | Loss 4.23157 (Pin 0.80959 [q90 0.41427, q10 0.39532], MS 1.41680, Freq 4.01036, L1 1.74899, Spectral 0.28400, Gradient 0.47236) | LR 5.00e-06
2026-07-15 14:05:31,271 INFO Epoch 3 | Batch 600/1186 | Loss 4.20825 (Pin 0.80179 [q90 0.41102, q10 0.39077], MS 1.41762, Freq 3.97769, L1 1.72930, Spectral 0.27693, Gradient 0.46830) | LR 5.00e-06
2026-07-15 14:05:53,330 INFO Epoch 3 | Batch 650/1186 | Loss 4.34820 (Pin 0.84228 [q90 0.43633, q10 0.40595], MS 1.46386, Freq 4.08411, L1 1.79205, Spectral 0.28516, Gradient 0.47513) | LR 5.00e-06
2026-07-15 14:06:15,383 INFO Epoch 3 | Batch 700/1186 | Loss 4.29601 (Pin 0.81001 [q90 0.41586, q10 0.39414], MS 1.44924, Freq 4.07352, L1 1.75994, Spectral 0.28019, Gradient 0.47453) | LR 5.00e-06
2026-07-15 14:06:37,447 INFO Epoch 3 | Batch 750/1186 | Loss 4.30247 (Pin 0.83523 [q90 0.42607, q10 0.40917], MS 1.44494, Freq 4.04459, L1 1.79346, Spectral 0.28244, Gradient 0.47118) | LR 5.00e-06
2026-07-15 14:06:59,502 INFO Epoch 3 | Batch 800/1186 | Loss 4.35238 (Pin 0.82018 [q90 0.42155, q10 0.39863], MS 1.48101, Freq 4.10239, L1 1.78845, Spectral 0.28302, Gradient 0.47875) | LR 5.00e-06
2026-07-15 14:07:21,557 INFO Epoch 3 | Batch 850/1186 | Loss 4.42641 (Pin 0.84303 [q90 0.42959, q10 0.41344], MS 1.54261, Freq 4.08152, L1 1.80384, Spectral 0.28648, Gradient 0.48136) | LR 5.00e-06
2026-07-15 14:07:43,621 INFO Epoch 3 | Batch 900/1186 | Loss 4.42170 (Pin 0.82754 [q90 0.41591, q10 0.41163], MS 1.54165, Freq 4.10501, L1 1.78094, Spectral 0.28237, Gradient 0.47465) | LR 5.00e-06
2026-07-15 14:08:05,680 INFO Epoch 3 | Batch 950/1186 | Loss 4.31008 (Pin 0.81582 [q90 0.42116, q10 0.39465], MS 1.45703, Freq 4.07446, L1 1.76388, Spectral 0.28738, Gradient 0.47620) | LR 5.00e-06
2026-07-15 14:08:27,735 INFO Epoch 3 | Batch 1000/1186 | Loss 4.36912 (Pin 0.83092 [q90 0.42415, q10 0.40677], MS 1.50382, Freq 4.06878, L1 1.78896, Spectral 0.28543, Gradient 0.47917) | LR 5.00e-06
2026-07-15 14:08:49,782 INFO Epoch 3 | Batch 1050/1186 | Loss 4.30583 (Pin 0.80121 [q90 0.41232, q10 0.38889], MS 1.52245, Freq 3.96433, L1 1.72338, Spectral 0.28190, Gradient 0.46796) | LR 5.00e-06
2026-07-15 14:09:11,850 INFO Epoch 3 | Batch 1100/1186 | Loss 4.25910 (Pin 0.81450 [q90 0.41295, q10 0.40155], MS 1.44691, Freq 3.99537, L1 1.75077, Spectral 0.28306, Gradient 0.47175) | LR 5.00e-06
2026-07-15 14:09:33,911 INFO Epoch 3 | Batch 1150/1186 | Loss 4.21950 (Pin 0.80012 [q90 0.41465, q10 0.38547], MS 1.42306, Freq 3.99264, L1 1.72001, Spectral 0.28443, Gradient 0.47011) | LR 5.00e-06
2026-07-15 14:10:27,374 INFO Epoch 3 | Val Loss 4.87170 (Pin 0.78831 [q90 0.40596, q10 0.38235], MS 2.06921, Freq 4.02834, L1 1.73877, Spectral 0.28028, Gradient 0.47181)
2026-07-15 14:10:27,374 INFO Epoch 3 | Coverage q10/q50/q90 = 0.089/0.483/0.898 (nominal .10/.50/.90) | extreme tail = 0.129/0.458/0.855
2026-07-15 14:10:49,655 INFO Epoch 4 | Batch 50/1186 | Loss 4.39076 (Pin 0.83256 [q90 0.42805, q10 0.40451], MS 1.51216, Freq 4.09207, L1 1.79838, Spectral 0.29321, Gradient 0.48435) | LR 5.00e-06
2026-07-15 14:11:11,714 INFO Epoch 4 | Batch 100/1186 | Loss 4.36282 (Pin 0.82213 [q90 0.42433, q10 0.39780], MS 1.52027, Freq 4.04083, L1 1.76039, Spectral 0.28866, Gradient 0.47961) | LR 5.00e-06
2026-07-15 14:11:33,775 INFO Epoch 4 | Batch 150/1186 | Loss 4.38413 (Pin 0.82048 [q90 0.42576, q10 0.39471], MS 1.53314, Freq 4.06102, L1 1.76874, Spectral 0.28210, Gradient 0.47640) | LR 5.00e-06
2026-07-15 14:11:55,841 INFO Epoch 4 | Batch 200/1186 | Loss 4.29025 (Pin 0.82169 [q90 0.41843, q10 0.40326], MS 1.43909, Freq 4.05894, L1 1.76956, Spectral 0.28171, Gradient 0.47564) | LR 5.00e-06
2026-07-15 14:12:17,893 INFO Epoch 4 | Batch 250/1186 | Loss 4.43148 (Pin 0.82650 [q90 0.42076, q10 0.40575], MS 1.58937, Freq 4.03122, L1 1.78496, Spectral 0.28043, Gradient 0.47260) | LR 5.00e-06
2026-07-15 14:12:39,957 INFO Epoch 4 | Batch 300/1186 | Loss 4.29962 (Pin 0.81980 [q90 0.41840, q10 0.40140], MS 1.48599, Freq 3.98768, L1 1.76256, Spectral 0.28112, Gradient 0.46890) | LR 5.00e-06
2026-07-15 14:13:02,030 INFO Epoch 4 | Batch 350/1186 | Loss 4.25654 (Pin 0.79006 [q90 0.40251, q10 0.38755], MS 1.46615, Freq 4.00066, L1 1.71543, Spectral 0.28213, Gradient 0.46971) | LR 5.00e-06
2026-07-15 14:13:24,095 INFO Epoch 4 | Batch 400/1186 | Loss 4.32600 (Pin 0.82163 [q90 0.41773, q10 0.40391], MS 1.47739, Freq 4.05396, L1 1.76492, Spectral 0.28569, Gradient 0.47886) | LR 5.00e-06
2026-07-15 14:13:46,161 INFO Epoch 4 | Batch 450/1186 | Loss 4.30661 (Pin 0.81613 [q90 0.41215, q10 0.40398], MS 1.48981, Freq 4.00133, L1 1.74867, Spectral 0.27883, Gradient 0.46977) | LR 5.00e-06
2026-07-15 14:14:08,228 INFO Epoch 4 | Batch 500/1186 | Loss 4.33460 (Pin 0.80798 [q90 0.41878, q10 0.38920], MS 1.54859, Freq 3.95607, L1 1.74051, Spectral 0.27907, Gradient 0.46320) | LR 5.00e-06
2026-07-15 14:14:30,302 INFO Epoch 4 | Batch 550/1186 | Loss 4.37858 (Pin 0.82079 [q90 0.41277, q10 0.40803], MS 1.51648, Freq 4.08262, L1 1.77020, Spectral 0.29690, Gradient 0.48680) | LR 5.00e-06
2026-07-15 14:14:52,364 INFO Epoch 4 | Batch 600/1186 | Loss 4.33894 (Pin 0.81947 [q90 0.41857, q10 0.40090], MS 1.49748, Freq 4.04398, L1 1.76331, Spectral 0.29232, Gradient 0.48199) | LR 5.00e-06
2026-07-15 14:15:14,424 INFO Epoch 4 | Batch 650/1186 | Loss 4.26356 (Pin 0.79473 [q90 0.40671, q10 0.38803], MS 1.46576, Freq 4.00614, L1 1.72863, Spectral 0.28227, Gradient 0.46929) | LR 5.00e-06
2026-07-15 14:15:36,480 INFO Epoch 4 | Batch 700/1186 | Loss 4.25597 (Pin 0.80339 [q90 0.41322, q10 0.39017], MS 1.43989, Freq 4.02536, L1 1.74381, Spectral 0.28563, Gradient 0.47321) | LR 5.00e-06
2026-07-15 14:15:58,550 INFO Epoch 4 | Batch 750/1186 | Loss 4.31277 (Pin 0.82457 [q90 0.42091, q10 0.40366], MS 1.49396, Freq 3.98847, L1 1.76094, Spectral 0.27848, Gradient 0.46732) | LR 5.00e-06
2026-07-15 14:16:20,606 INFO Epoch 4 | Batch 800/1186 | Loss 4.30964 (Pin 0.81328 [q90 0.41199, q10 0.40129], MS 1.45308, Freq 4.08656, L1 1.76769, Spectral 0.27904, Gradient 0.47611) | LR 5.00e-06
2026-07-15 14:16:42,668 INFO Epoch 4 | Batch 850/1186 | Loss 4.37612 (Pin 0.82376 [q90 0.42411, q10 0.39965], MS 1.53947, Freq 4.02579, L1 1.76960, Spectral 0.28394, Gradient 0.47284) | LR 5.00e-06
2026-07-15 14:17:04,718 INFO Epoch 4 | Batch 900/1186 | Loss 4.29982 (Pin 0.82751 [q90 0.42543, q10 0.40208], MS 1.44392, Freq 4.05677, L1 1.77845, Spectral 0.28114, Gradient 0.47113) | LR 5.00e-06
2026-07-15 14:17:26,775 INFO Epoch 4 | Batch 950/1186 | Loss 4.22235 (Pin 0.81721 [q90 0.42005, q10 0.39715], MS 1.40929, Freq 3.99172, L1 1.74382, Spectral 0.27703, Gradient 0.46372) | LR 5.00e-06
2026-07-15 14:17:48,850 INFO Epoch 4 | Batch 1000/1186 | Loss 4.37060 (Pin 0.82447 [q90 0.42157, q10 0.40290], MS 1.52805, Freq 4.03615, L1 1.77185, Spectral 0.28962, Gradient 0.47478) | LR 5.00e-06
2026-07-15 14:18:10,924 INFO Epoch 4 | Batch 1050/1186 | Loss 4.26619 (Pin 0.82664 [q90 0.42673, q10 0.39991], MS 1.41462, Freq 4.04986, L1 1.77796, Spectral 0.28347, Gradient 0.47434) | LR 5.00e-06
2026-07-15 14:18:32,985 INFO Epoch 4 | Batch 1100/1186 | Loss 4.27285 (Pin 0.80828 [q90 0.42091, q10 0.38737], MS 1.48151, Freq 3.96611, L1 1.72636, Spectral 0.28437, Gradient 0.46934) | LR 5.00e-06
2026-07-15 14:18:55,065 INFO Epoch 4 | Batch 1150/1186 | Loss 4.36707 (Pin 0.84336 [q90 0.44028, q10 0.40308], MS 1.47961, Freq 4.08821, L1 1.80328, Spectral 0.28149, Gradient 0.47297) | LR 5.00e-06
2026-07-15 14:19:48,177 INFO Epoch 4 | Val Loss 4.90162 (Pin 0.78778 [q90 0.40671, q10 0.38107], MS 2.08313, Freq 4.06142, L1 1.74000, Spectral 0.28163, Gradient 0.47397)
2026-07-15 14:19:48,178 INFO Epoch 4 | Coverage q10/q50/q90 = 0.090/0.491/0.896 (nominal .10/.50/.90) | extreme tail = 0.127/0.464/0.853
2026-07-15 14:20:10,449 INFO Epoch 5 | Batch 50/1186 | Loss 4.20006 (Pin 0.78501 [q90 0.40314, q10 0.38187], MS 1.44264, Freq 3.94483, L1 1.70435, Spectral 0.28025, Gradient 0.47064) | LR 5.00e-06
2026-07-15 14:20:32,505 INFO Epoch 5 | Batch 100/1186 | Loss 4.33134 (Pin 0.81440 [q90 0.41262, q10 0.40179], MS 1.48481, Freq 4.06425, L1 1.76271, Spectral 0.28495, Gradient 0.47726) | LR 5.00e-06
2026-07-15 14:20:54,564 INFO Epoch 5 | Batch 150/1186 | Loss 4.24218 (Pin 0.79543 [q90 0.40871, q10 0.38672], MS 1.48031, Freq 3.93288, L1 1.72232, Spectral 0.28329, Gradient 0.46736) | LR 5.00e-06
2026-07-15 14:21:16,640 INFO Epoch 5 | Batch 200/1186 | Loss 4.33749 (Pin 0.83777 [q90 0.42831, q10 0.40946], MS 1.46638, Freq 4.06668, L1 1.78981, Spectral 0.28381, Gradient 0.47604) | LR 5.00e-06
2026-07-15 14:21:38,738 INFO Epoch 5 | Batch 250/1186 | Loss 4.29891 (Pin 0.79796 [q90 0.41147, q10 0.38649], MS 1.49948, Freq 4.00295, L1 1.72320, Spectral 0.28739, Gradient 0.47814) | LR 5.00e-06
2026-07-15 14:22:00,808 INFO Epoch 5 | Batch 300/1186 | Loss 4.33191 (Pin 0.81908 [q90 0.41800, q10 0.40108], MS 1.46176, Freq 4.10213, L1 1.77381, Spectral 0.28572, Gradient 0.48113) | LR 5.00e-06
2026-07-15 14:22:22,877 INFO Epoch 5 | Batch 350/1186 | Loss 4.30729 (Pin 0.81231 [q90 0.41097, q10 0.40134], MS 1.46134, Freq 4.06728, L1 1.77236, Spectral 0.28560, Gradient 0.47975) | LR 5.00e-06
2026-07-15 14:22:44,946 INFO Epoch 5 | Batch 400/1186 | Loss 4.35549 (Pin 0.86156 [q90 0.44722, q10 0.41434], MS 1.45589, Freq 4.07607, L1 1.83471, Spectral 0.27266, Gradient 0.46567) | LR 5.00e-06
2026-07-15 14:23:07,020 INFO Epoch 5 | Batch 450/1186 | Loss 4.38456 (Pin 0.82227 [q90 0.42174, q10 0.40054], MS 1.51913, Freq 4.08633, L1 1.76805, Spectral 0.28553, Gradient 0.48027) | LR 5.00e-06
2026-07-15 14:23:29,101 INFO Epoch 5 | Batch 500/1186 | Loss 4.27975 (Pin 0.81939 [q90 0.41986, q10 0.39953], MS 1.43544, Freq 4.04985, L1 1.75537, Spectral 0.28070, Gradient 0.47159) | LR 5.00e-06
2026-07-15 14:23:51,286 INFO Epoch 5 | Batch 550/1186 | Loss 4.27037 (Pin 0.79960 [q90 0.41101, q10 0.38859], MS 1.48484, Freq 3.97186, L1 1.72199, Spectral 0.28854, Gradient 0.47162) | LR 5.00e-06
2026-07-15 14:24:13,345 INFO Epoch 5 | Batch 600/1186 | Loss 4.37213 (Pin 0.83943 [q90 0.43234, q10 0.40710], MS 1.51658, Freq 4.03225, L1 1.78255, Spectral 0.28957, Gradient 0.47603) | LR 5.00e-06
2026-07-15 14:24:35,399 INFO Epoch 5 | Batch 650/1186 | Loss 4.32961 (Pin 0.81155 [q90 0.41374, q10 0.39781], MS 1.48805, Freq 4.06002, L1 1.75244, Spectral 0.29086, Gradient 0.48134) | LR 5.00e-06
2026-07-15 14:24:57,474 INFO Epoch 5 | Batch 700/1186 | Loss 4.34896 (Pin 0.82058 [q90 0.41889, q10 0.40169], MS 1.49682, Freq 4.06314, L1 1.77244, Spectral 0.27951, Gradient 0.47370) | LR 5.00e-06
2026-07-15 14:25:19,489 INFO Epoch 5 | Batch 750/1186 | Loss 4.36386 (Pin 0.84075 [q90 0.43319, q10 0.40756], MS 1.50971, Freq 4.02678, L1 1.78559, Spectral 0.27899, Gradient 0.46998) | LR 5.00e-06
2026-07-15 14:25:41,514 INFO Epoch 5 | Batch 800/1186 | Loss 4.18026 (Pin 0.79645 [q90 0.40577, q10 0.39069], MS 1.42765, Freq 3.91230, L1 1.72544, Spectral 0.27960, Gradient 0.46230) | LR 5.00e-06
2026-07-15 14:26:03,578 INFO Epoch 5 | Batch 850/1186 | Loss 4.29828 (Pin 0.80610 [q90 0.41440, q10 0.39170], MS 1.49508, Freq 3.99419, L1 1.74189, Spectral 0.28292, Gradient 0.47351) | LR 5.00e-06
2026-07-15 14:26:25,639 INFO Epoch 5 | Batch 900/1186 | Loss 4.37805 (Pin 0.83794 [q90 0.43116, q10 0.40678], MS 1.47799, Freq 4.12424, L1 1.78912, Spectral 0.29131, Gradient 0.48215) | LR 5.00e-06
2026-07-15 14:26:47,700 INFO Epoch 5 | Batch 950/1186 | Loss 4.31013 (Pin 0.81675 [q90 0.41748, q10 0.39927], MS 1.46248, Freq 4.06180, L1 1.76019, Spectral 0.29079, Gradient 0.47902) | LR 5.00e-06
2026-07-15 14:27:09,754 INFO Epoch 5 | Batch 1000/1186 | Loss 4.40489 (Pin 0.84064 [q90 0.43101, q10 0.40963], MS 1.52042, Freq 4.08767, L1 1.80974, Spectral 0.28494, Gradient 0.47690) | LR 5.00e-06
2026-07-15 14:27:31,827 INFO Epoch 5 | Batch 1050/1186 | Loss 4.20027 (Pin 0.79182 [q90 0.40650, q10 0.38533], MS 1.42502, Freq 3.96687, L1 1.71251, Spectral 0.28038, Gradient 0.46867) | LR 5.00e-06
2026-07-15 14:27:53,887 INFO Epoch 5 | Batch 1100/1186 | Loss 4.46654 (Pin 0.85187 [q90 0.43929, q10 0.41258], MS 1.54454, Freq 4.14027, L1 1.81991, Spectral 0.28904, Gradient 0.48677) | LR 5.00e-06
2026-07-15 14:28:15,943 INFO Epoch 5 | Batch 1150/1186 | Loss 4.30771 (Pin 0.82014 [q90 0.42345, q10 0.39668], MS 1.46698, Freq 4.04119, L1 1.76072, Spectral 0.28406, Gradient 0.47255) | LR 5.00e-06
2026-07-15 14:29:09,553 INFO Epoch 5 | Val Loss 4.85929 (Pin 0.78889 [q90 0.40784, q10 0.38105], MS 2.05969, Freq 4.02144, L1 1.73733, Spectral 0.28076, Gradient 0.47186)
2026-07-15 14:29:09,553 INFO Epoch 5 | Coverage q10/q50/q90 = 0.094/0.489/0.892 (nominal .10/.50/.90) | extreme tail = 0.133/0.457/0.842
2026-07-15 14:29:31,851 INFO Epoch 6 | Batch 50/1186 | Loss 4.35587 (Pin 0.81879 [q90 0.42227, q10 0.39652], MS 1.51519, Freq 4.04378, L1 1.76132, Spectral 0.28815, Gradient 0.48003) | LR 5.00e-06
2026-07-15 14:29:53,914 INFO Epoch 6 | Batch 100/1186 | Loss 4.45652 (Pin 0.82999 [q90 0.42005, q10 0.40994], MS 1.56353, Freq 4.12597, L1 1.79942, Spectral 0.29075, Gradient 0.48748) | LR 5.00e-06
2026-07-15 14:30:15,984 INFO Epoch 6 | Batch 150/1186 | Loss 4.37403 (Pin 0.82328 [q90 0.42501, q10 0.39827], MS 1.52761, Freq 4.04629, L1 1.77792, Spectral 0.28014, Gradient 0.47167) | LR 5.00e-06
2026-07-15 14:30:38,053 INFO Epoch 6 | Batch 200/1186 | Loss 4.39628 (Pin 0.83076 [q90 0.42650, q10 0.40425], MS 1.54183, Freq 4.04739, L1 1.78829, Spectral 0.28356, Gradient 0.47524) | LR 5.00e-06
2026-07-15 14:31:00,113 INFO Epoch 6 | Batch 250/1186 | Loss 4.31594 (Pin 0.82575 [q90 0.42535, q10 0.40040], MS 1.47343, Freq 4.03352, L1 1.76172, Spectral 0.28570, Gradient 0.47380) | LR 5.00e-06
2026-07-15 14:31:22,193 INFO Epoch 6 | Batch 300/1186 | Loss 4.20801 (Pin 0.80306 [q90 0.41565, q10 0.38741], MS 1.39937, Freq 4.01115, L1 1.73075, Spectral 0.28644, Gradient 0.47536) | LR 5.00e-06
2026-07-15 14:31:44,268 INFO Epoch 6 | Batch 350/1186 | Loss 4.23309 (Pin 0.78752 [q90 0.39917, q10 0.38835], MS 1.47607, Freq 3.93901, L1 1.70814, Spectral 0.28598, Gradient 0.47166) | LR 5.00e-06
2026-07-15 14:32:06,328 INFO Epoch 6 | Batch 400/1186 | Loss 4.27754 (Pin 0.81608 [q90 0.42378, q10 0.39230], MS 1.46784, Freq 3.98723, L1 1.74627, Spectral 0.28242, Gradient 0.46664) | LR 5.00e-06
2026-07-15 14:32:28,396 INFO Epoch 6 | Batch 450/1186 | Loss 4.21281 (Pin 0.80923 [q90 0.41386, q10 0.39537], MS 1.42620, Freq 3.95476, L1 1.73686, Spectral 0.28426, Gradient 0.46894) | LR 5.00e-06
2026-07-15 14:32:50,468 INFO Epoch 6 | Batch 500/1186 | Loss 4.34462 (Pin 0.84307 [q90 0.43061, q10 0.41246], MS 1.50597, Freq 3.99116, L1 1.79255, Spectral 0.27936, Gradient 0.46610) | LR 5.00e-06
2026-07-15 14:33:12,532 INFO Epoch 6 | Batch 550/1186 | Loss 4.42609 (Pin 0.83801 [q90 0.43352, q10 0.40449], MS 1.52739, Freq 4.12139, L1 1.79380, Spectral 0.29487, Gradient 0.48619) | LR 5.00e-06
2026-07-15 14:33:34,599 INFO Epoch 6 | Batch 600/1186 | Loss 4.33630 (Pin 0.83286 [q90 0.42788, q10 0.40498], MS 1.46819, Freq 4.07049, L1 1.78633, Spectral 0.28839, Gradient 0.47793) | LR 5.00e-06
2026-07-15 14:33:56,665 INFO Epoch 6 | Batch 650/1186 | Loss 4.24276 (Pin 0.79809 [q90 0.40708, q10 0.39101], MS 1.43983, Freq 4.00968, L1 1.74732, Spectral 0.27821, Gradient 0.47165) | LR 5.00e-06
2026-07-15 14:34:18,732 INFO Epoch 6 | Batch 700/1186 | Loss 4.13239 (Pin 0.77495 [q90 0.39439, q10 0.38056], MS 1.37811, Freq 3.95866, L1 1.68993, Spectral 0.27350, Gradient 0.46346) | LR 5.00e-06
2026-07-15 14:34:40,794 INFO Epoch 6 | Batch 750/1186 | Loss 4.33161 (Pin 0.79914 [q90 0.41308, q10 0.38607], MS 1.53657, Freq 3.99179, L1 1.72466, Spectral 0.28266, Gradient 0.47543) | LR 5.00e-06
2026-07-15 14:35:02,860 INFO Epoch 6 | Batch 800/1186 | Loss 4.46209 (Pin 0.84271 [q90 0.43548, q10 0.40723], MS 1.57400, Freq 4.09075, L1 1.79994, Spectral 0.28322, Gradient 0.47403) | LR 5.00e-06
2026-07-15 14:35:24,947 INFO Epoch 6 | Batch 850/1186 | Loss 4.27426 (Pin 0.81651 [q90 0.41671, q10 0.39980], MS 1.42587, Freq 4.06377, L1 1.75595, Spectral 0.28133, Gradient 0.47409) | LR 5.00e-06
2026-07-15 14:35:47,025 INFO Epoch 6 | Batch 900/1186 | Loss 4.39089 (Pin 0.82263 [q90 0.42441, q10 0.39821], MS 1.52839, Freq 4.07975, L1 1.78183, Spectral 0.28201, Gradient 0.47294) | LR 5.00e-06
2026-07-15 14:36:09,109 INFO Epoch 6 | Batch 950/1186 | Loss 4.38104 (Pin 0.83783 [q90 0.43062, q10 0.40721], MS 1.49355, Freq 4.09932, L1 1.80332, Spectral 0.28558, Gradient 0.48135) | LR 5.00e-06
2026-07-15 14:36:31,176 INFO Epoch 6 | Batch 1000/1186 | Loss 4.39473 (Pin 0.81589 [q90 0.41915, q10 0.39674], MS 1.56504, Freq 4.02761, L1 1.74905, Spectral 0.28377, Gradient 0.47732) | LR 5.00e-06
2026-07-15 14:36:53,237 INFO Epoch 6 | Batch 1050/1186 | Loss 4.39677 (Pin 0.84466 [q90 0.43212, q10 0.41254], MS 1.49950, Freq 4.10523, L1 1.80390, Spectral 0.28515, Gradient 0.47846) | LR 5.00e-06
2026-07-15 14:37:15,307 INFO Epoch 6 | Batch 1100/1186 | Loss 4.26839 (Pin 0.81043 [q90 0.41541, q10 0.39503], MS 1.44366, Freq 4.02859, L1 1.75247, Spectral 0.28112, Gradient 0.47321) | LR 5.00e-06
2026-07-15 14:37:37,391 INFO Epoch 6 | Batch 1150/1186 | Loss 4.33645 (Pin 0.81513 [q90 0.41259, q10 0.40254], MS 1.48199, Freq 4.07865, L1 1.75676, Spectral 0.28633, Gradient 0.47981) | LR 5.00e-06
2026-07-15 14:38:30,266 INFO Epoch 6 | Val Loss 4.85158 (Pin 0.78654 [q90 0.40647, q10 0.38007], MS 2.06248, Freq 4.00511, L1 1.72757, Spectral 0.27927, Gradient 0.46777)
2026-07-15 14:38:30,266 INFO Epoch 6 | Coverage q10/q50/q90 = 0.097/0.495/0.893 (nominal .10/.50/.90) | extreme tail = 0.131/0.460/0.851
2026-07-15 14:38:52,669 INFO Epoch 7 | Batch 50/1186 | Loss 4.42864 (Pin 0.84742 [q90 0.43721, q10 0.41021], MS 1.51991, Freq 4.12262, L1 1.81846, Spectral 0.28264, Gradient 0.48255) | LR 5.00e-06
2026-07-15 14:39:14,745 INFO Epoch 7 | Batch 100/1186 | Loss 4.32508 (Pin 0.82098 [q90 0.42217, q10 0.39881], MS 1.48728, Freq 4.03365, L1 1.75078, Spectral 0.28752, Gradient 0.47486) | LR 5.00e-06
2026-07-15 14:39:36,812 INFO Epoch 7 | Batch 150/1186 | Loss 4.39796 (Pin 0.82875 [q90 0.42414, q10 0.40461], MS 1.50682, Freq 4.12477, L1 1.80549, Spectral 0.28759, Gradient 0.48102) | LR 5.00e-06
2026-07-15 14:39:58,883 INFO Epoch 7 | Batch 200/1186 | Loss 4.35112 (Pin 0.82584 [q90 0.42349, q10 0.40234], MS 1.51892, Freq 4.01274, L1 1.76460, Spectral 0.28700, Gradient 0.47181) | LR 5.00e-06
2026-07-15 14:40:20,948 INFO Epoch 7 | Batch 250/1186 | Loss 4.40570 (Pin 0.84674 [q90 0.43723, q10 0.40952], MS 1.51494, Freq 4.08803, L1 1.80688, Spectral 0.28591, Gradient 0.48170) | LR 5.00e-06
2026-07-15 14:40:43,026 INFO Epoch 7 | Batch 300/1186 | Loss 4.27741 (Pin 0.82264 [q90 0.42026, q10 0.40238], MS 1.44839, Freq 4.01276, L1 1.76641, Spectral 0.27953, Gradient 0.46920) | LR 5.00e-06
2026-07-15 14:41:05,102 INFO Epoch 7 | Batch 350/1186 | Loss 4.33818 (Pin 0.82691 [q90 0.42322, q10 0.40370], MS 1.46839, Freq 4.08575, L1 1.78763, Spectral 0.28115, Gradient 0.47622) | LR 5.00e-06
2026-07-15 14:41:27,182 INFO Epoch 7 | Batch 400/1186 | Loss 4.29978 (Pin 0.81616 [q90 0.42203, q10 0.39413], MS 1.48034, Freq 4.00654, L1 1.75709, Spectral 0.27810, Gradient 0.46663) | LR 5.00e-06
2026-07-15 14:41:49,245 INFO Epoch 7 | Batch 450/1186 | Loss 4.41401 (Pin 0.82951 [q90 0.42509, q10 0.40442], MS 1.54245, Freq 4.08410, L1 1.78246, Spectral 0.28691, Gradient 0.47792) | LR 5.00e-06
2026-07-15 14:42:11,310 INFO Epoch 7 | Batch 500/1186 | Loss 4.27290 (Pin 0.79521 [q90 0.40116, q10 0.39405], MS 1.46967, Freq 4.01604, L1 1.73535, Spectral 0.28426, Gradient 0.47123) | LR 5.00e-06
2026-07-15 14:42:33,377 INFO Epoch 7 | Batch 550/1186 | Loss 4.18850 (Pin 0.80583 [q90 0.41345, q10 0.39239], MS 1.39401, Freq 3.97732, L1 1.72437, Spectral 0.28097, Gradient 0.46996) | LR 5.00e-06
2026-07-15 14:42:55,450 INFO Epoch 7 | Batch 600/1186 | Loss 4.30910 (Pin 0.83378 [q90 0.42962, q10 0.40416], MS 1.45887, Freq 4.03290, L1 1.77332, Spectral 0.28246, Gradient 0.46922) | LR 5.00e-06
2026-07-15 14:43:17,514 INFO Epoch 7 | Batch 650/1186 | Loss 4.33821 (Pin 0.80108 [q90 0.40808, q10 0.39300], MS 1.53422, Freq 4.00583, L1 1.74089, Spectral 0.27904, Gradient 0.47089) | LR 5.00e-06
2026-07-15 14:43:39,580 INFO Epoch 7 | Batch 700/1186 | Loss 4.30438 (Pin 0.81909 [q90 0.42108, q10 0.39801], MS 1.48628, Freq 3.99801, L1 1.75081, Spectral 0.27905, Gradient 0.47135) | LR 5.00e-06
2026-07-15 14:44:01,650 INFO Epoch 7 | Batch 750/1186 | Loss 4.14982 (Pin 0.79015 [q90 0.40321, q10 0.38694], MS 1.35793, Freq 4.00348, L1 1.71373, Spectral 0.27966, Gradient 0.46823) | LR 5.00e-06
2026-07-15 14:44:23,692 INFO Epoch 7 | Batch 800/1186 | Loss 4.38208 (Pin 0.83179 [q90 0.43056, q10 0.40123], MS 1.50991, Freq 4.08076, L1 1.78649, Spectral 0.29027, Gradient 0.47879) | LR 5.00e-06
2026-07-15 14:44:45,724 INFO Epoch 7 | Batch 850/1186 | Loss 4.17691 (Pin 0.79654 [q90 0.40920, q10 0.38734], MS 1.41543, Freq 3.92987, L1 1.72160, Spectral 0.27868, Gradient 0.46255) | LR 5.00e-06
2026-07-15 14:45:07,744 INFO Epoch 7 | Batch 900/1186 | Loss 4.35299 (Pin 0.82934 [q90 0.42385, q10 0.40549], MS 1.49860, Freq 4.05011, L1 1.78647, Spectral 0.28727, Gradient 0.47682) | LR 5.00e-06
2026-07-15 14:45:29,762 INFO Epoch 7 | Batch 950/1186 | Loss 4.37561 (Pin 0.82493 [q90 0.42524, q10 0.39969], MS 1.51580, Freq 4.06975, L1 1.76983, Spectral 0.28487, Gradient 0.47699) | LR 5.00e-06
2026-07-15 14:45:51,788 INFO Epoch 7 | Batch 1000/1186 | Loss 4.32906 (Pin 0.80029 [q90 0.40519, q10 0.39510], MS 1.49437, Freq 4.06880, L1 1.74978, Spectral 0.29133, Gradient 0.48203) | LR 5.00e-06
2026-07-15 14:46:13,806 INFO Epoch 7 | Batch 1050/1186 | Loss 4.29956 (Pin 0.79547 [q90 0.40900, q10 0.38647], MS 1.51208, Freq 3.98403, L1 1.73034, Spectral 0.28379, Gradient 0.47403) | LR 5.00e-06
2026-07-15 14:46:35,831 INFO Epoch 7 | Batch 1100/1186 | Loss 4.28533 (Pin 0.81272 [q90 0.41453, q10 0.39820], MS 1.46279, Freq 4.01961, L1 1.75122, Spectral 0.28322, Gradient 0.47486) | LR 5.00e-06
2026-07-15 14:46:57,843 INFO Epoch 7 | Batch 1150/1186 | Loss 4.28609 (Pin 0.80683 [q90 0.41796, q10 0.38886], MS 1.49783, Freq 3.96287, L1 1.71596, Spectral 0.28547, Gradient 0.47042) | LR 5.00e-06
2026-07-15 14:47:51,389 INFO Epoch 7 | Val Loss 4.85790 (Pin 0.78786 [q90 0.40733, q10 0.38053], MS 2.05957, Freq 4.02094, L1 1.73821, Spectral 0.28093, Gradient 0.47093)
2026-07-15 14:47:51,390 INFO Epoch 7 | Coverage q10/q50/q90 = 0.096/0.491/0.892 (nominal .10/.50/.90) | extreme tail = 0.133/0.459/0.843
2026-07-15 14:48:13,719 INFO Epoch 8 | Batch 50/1186 | Loss 4.36045 (Pin 0.83181 [q90 0.42740, q10 0.40440], MS 1.48456, Freq 4.08817, L1 1.78264, Spectral 0.28674, Gradient 0.48176) | LR 5.00e-06
2026-07-15 14:48:35,786 INFO Epoch 8 | Batch 100/1186 | Loss 4.32337 (Pin 0.81315 [q90 0.41864, q10 0.39451], MS 1.49124, Freq 4.03796, L1 1.76206, Spectral 0.28500, Gradient 0.47383) | LR 5.00e-06
2026-07-15 14:48:57,988 INFO Epoch 8 | Batch 150/1186 | Loss 4.46453 (Pin 0.83679 [q90 0.42338, q10 0.41341], MS 1.55575, Freq 4.14400, L1 1.81090, Spectral 0.29220, Gradient 0.48897) | LR 5.00e-06
2026-07-15 14:49:20,069 INFO Epoch 8 | Batch 200/1186 | Loss 4.29976 (Pin 0.82197 [q90 0.42604, q10 0.39593], MS 1.46377, Freq 4.02803, L1 1.75073, Spectral 0.28180, Gradient 0.47671) | LR 5.00e-06
2026-07-15 14:49:42,131 INFO Epoch 8 | Batch 250/1186 | Loss 4.39026 (Pin 0.82013 [q90 0.41200, q10 0.40812], MS 1.50792, Freq 4.12442, L1 1.77833, Spectral 0.29144, Gradient 0.48684) | LR 5.00e-06
2026-07-15 14:50:04,187 INFO Epoch 8 | Batch 300/1186 | Loss 4.28538 (Pin 0.82523 [q90 0.42639, q10 0.39884], MS 1.42932, Freq 4.06165, L1 1.77906, Spectral 0.28218, Gradient 0.47278) | LR 5.00e-06
2026-07-15 14:50:26,246 INFO Epoch 8 | Batch 350/1186 | Loss 4.34138 (Pin 0.82973 [q90 0.42597, q10 0.40376], MS 1.50544, Freq 4.01242, L1 1.77795, Spectral 0.28656, Gradient 0.47202) | LR 5.00e-06
2026-07-15 14:50:48,312 INFO Epoch 8 | Batch 400/1186 | Loss 4.36154 (Pin 0.82723 [q90 0.42423, q10 0.40301], MS 1.50597, Freq 4.05667, L1 1.76606, Spectral 0.28131, Gradient 0.47197) | LR 5.00e-06
2026-07-15 14:51:10,379 INFO Epoch 8 | Batch 450/1186 | Loss 4.39099 (Pin 0.81960 [q90 0.41871, q10 0.40089], MS 1.50986, Freq 4.12306, L1 1.77626, Spectral 0.28711, Gradient 0.48154) | LR 5.00e-06
2026-07-15 14:51:32,449 INFO Epoch 8 | Batch 500/1186 | Loss 4.16109 (Pin 0.78842 [q90 0.40509, q10 0.38334], MS 1.42793, Freq 3.88947, L1 1.69504, Spectral 0.27550, Gradient 0.46030) | LR 5.00e-06
2026-07-15 14:51:54,523 INFO Epoch 8 | Batch 550/1186 | Loss 4.25351 (Pin 0.81331 [q90 0.41692, q10 0.39639], MS 1.43019, Freq 4.02002, L1 1.74592, Spectral 0.28603, Gradient 0.47505) | LR 5.00e-06
2026-07-15 14:52:16,601 INFO Epoch 8 | Batch 600/1186 | Loss 4.38935 (Pin 0.82082 [q90 0.41804, q10 0.40279], MS 1.53848, Freq 4.06010, L1 1.77827, Spectral 0.28875, Gradient 0.47893) | LR 5.00e-06
2026-07-15 14:52:38,673 INFO Epoch 8 | Batch 650/1186 | Loss 4.35644 (Pin 0.84781 [q90 0.43905, q10 0.40876], MS 1.44220, Freq 4.13285, L1 1.81696, Spectral 0.28624, Gradient 0.48312) | LR 5.00e-06
2026-07-15 14:53:00,730 INFO Epoch 8 | Batch 700/1186 | Loss 4.16188 (Pin 0.79784 [q90 0.40869, q10 0.38915], MS 1.37860, Freq 3.97088, L1 1.72478, Spectral 0.28883, Gradient 0.46994) | LR 5.00e-06
2026-07-15 14:53:22,789 INFO Epoch 8 | Batch 750/1186 | Loss 4.24444 (Pin 0.78927 [q90 0.40942, q10 0.37986], MS 1.45313, Freq 4.00407, L1 1.70707, Spectral 0.28476, Gradient 0.47600) | LR 5.00e-06
2026-07-15 14:53:44,847 INFO Epoch 8 | Batch 800/1186 | Loss 4.28051 (Pin 0.82260 [q90 0.42235, q10 0.40026], MS 1.43398, Freq 4.04785, L1 1.76629, Spectral 0.28905, Gradient 0.48009) | LR 5.00e-06
2026-07-15 14:54:06,919 INFO Epoch 8 | Batch 850/1186 | Loss 4.35537 (Pin 0.84267 [q90 0.42696, q10 0.41571], MS 1.46050, Freq 4.10439, L1 1.79935, Spectral 0.28687, Gradient 0.48148) | LR 5.00e-06
2026-07-15 14:54:28,993 INFO Epoch 8 | Batch 900/1186 | Loss 4.23265 (Pin 0.78641 [q90 0.40663, q10 0.37978], MS 1.46841, Freq 3.95565, L1 1.70003, Spectral 0.28042, Gradient 0.46652) | LR 5.00e-06
2026-07-15 14:54:51,064 INFO Epoch 8 | Batch 950/1186 | Loss 4.26184 (Pin 0.82330 [q90 0.42051, q10 0.40279], MS 1.42729, Freq 4.02248, L1 1.76607, Spectral 0.28198, Gradient 0.46922) | LR 5.00e-06
2026-07-15 14:55:13,131 INFO Epoch 8 | Batch 1000/1186 | Loss 4.19633 (Pin 0.80468 [q90 0.41242, q10 0.39226], MS 1.41706, Freq 3.94919, L1 1.73526, Spectral 0.26940, Gradient 0.45442) | LR 5.00e-06
2026-07-15 14:55:35,211 INFO Epoch 8 | Batch 1050/1186 | Loss 4.29039 (Pin 0.82264 [q90 0.42808, q10 0.39456], MS 1.42706, Freq 4.08139, L1 1.77100, Spectral 0.28592, Gradient 0.47622) | LR 5.00e-06
2026-07-15 14:55:57,276 INFO Epoch 8 | Batch 1100/1186 | Loss 4.20276 (Pin 0.80286 [q90 0.41281, q10 0.39004], MS 1.42876, Freq 3.94230, L1 1.72125, Spectral 0.27768, Gradient 0.46555) | LR 5.00e-06
2026-07-15 14:56:19,345 INFO Epoch 8 | Batch 1150/1186 | Loss 4.27532 (Pin 0.83120 [q90 0.42749, q10 0.40371], MS 1.44105, Freq 4.00614, L1 1.77801, Spectral 0.27964, Gradient 0.46527) | LR 5.00e-06
2026-07-15 14:57:12,560 INFO Epoch 8 | Val Loss 4.86007 (Pin 0.78729 [q90 0.40584, q10 0.38145], MS 2.05849, Freq 4.02858, L1 1.73455, Spectral 0.27938, Gradient 0.47041)
2026-07-15 14:57:12,560 INFO Epoch 8 | Coverage q10/q50/q90 = 0.092/0.494/0.898 (nominal .10/.50/.90) | extreme tail = 0.127/0.453/0.853
2026-07-15 14:57:34,874 INFO Epoch 9 | Batch 50/1186 | Loss 4.35113 (Pin 0.82112 [q90 0.42169, q10 0.39943], MS 1.49135, Freq 4.07734, L1 1.77840, Spectral 0.28146, Gradient 0.47352) | LR 5.00e-06
2026-07-15 14:57:56,959 INFO Epoch 9 | Batch 100/1186 | Loss 4.23759 (Pin 0.78377 [q90 0.39835, q10 0.38542], MS 1.48581, Freq 3.93602, L1 1.70583, Spectral 0.28216, Gradient 0.46696) | LR 5.00e-06
2026-07-15 14:58:19,041 INFO Epoch 9 | Batch 150/1186 | Loss 4.23807 (Pin 0.80367 [q90 0.40944, q10 0.39423], MS 1.43852, Freq 3.99175, L1 1.73597, Spectral 0.28709, Gradient 0.47414) | LR 5.00e-06
2026-07-15 14:58:41,105 INFO Epoch 9 | Batch 200/1186 | Loss 4.30299 (Pin 0.83922 [q90 0.42338, q10 0.41584], MS 1.45240, Freq 4.02272, L1 1.79377, Spectral 0.28725, Gradient 0.47084) | LR 5.00e-06
2026-07-15 14:59:03,173 INFO Epoch 9 | Batch 250/1186 | Loss 4.28891 (Pin 0.80246 [q90 0.40684, q10 0.39562], MS 1.46278, Freq 4.04733, L1 1.73749, Spectral 0.28754, Gradient 0.47972) | LR 5.00e-06
2026-07-15 14:59:25,234 INFO Epoch 9 | Batch 300/1186 | Loss 4.33138 (Pin 0.83048 [q90 0.42950, q10 0.40098], MS 1.47720, Freq 4.04739, L1 1.78205, Spectral 0.28294, Gradient 0.47298) | LR 5.00e-06
2026-07-15 14:59:47,305 INFO Epoch 9 | Batch 350/1186 | Loss 4.27550 (Pin 0.82687 [q90 0.42908, q10 0.39779], MS 1.43315, Freq 4.03096, L1 1.77550, Spectral 0.28451, Gradient 0.47407) | LR 5.00e-06
2026-07-15 15:00:09,383 INFO Epoch 9 | Batch 400/1186 | Loss 4.46491 (Pin 0.86394 [q90 0.44559, q10 0.41835], MS 1.54774, Freq 4.10645, L1 1.83494, Spectral 0.28331, Gradient 0.47494) | LR 5.00e-06
2026-07-15 15:00:31,451 INFO Epoch 9 | Batch 450/1186 | Loss 4.42470 (Pin 0.82469 [q90 0.41762, q10 0.40707], MS 1.54372, Freq 4.11259, L1 1.78687, Spectral 0.28160, Gradient 0.47694) | LR 5.00e-06
2026-07-15 15:00:53,526 INFO Epoch 9 | Batch 500/1186 | Loss 4.33008 (Pin 0.80966 [q90 0.41581, q10 0.39384], MS 1.51601, Freq 4.00884, L1 1.75216, Spectral 0.28894, Gradient 0.47653) | LR 5.00e-06
2026-07-15 15:01:15,603 INFO Epoch 9 | Batch 550/1186 | Loss 4.41580 (Pin 0.82375 [q90 0.41968, q10 0.40407], MS 1.50890, Freq 4.16629, L1 1.77812, Spectral 0.29054, Gradient 0.49001) | LR 5.00e-06
2026-07-15 15:01:37,670 INFO Epoch 9 | Batch 600/1186 | Loss 4.26421 (Pin 0.82188 [q90 0.42800, q10 0.39388], MS 1.41031, Freq 4.06403, L1 1.77178, Spectral 0.28337, Gradient 0.47494) | LR 5.00e-06
2026-07-15 15:01:59,754 INFO Epoch 9 | Batch 650/1186 | Loss 4.27796 (Pin 0.79583 [q90 0.40922, q10 0.38661], MS 1.49260, Freq 3.97906, L1 1.72230, Spectral 0.28249, Gradient 0.47249) | LR 5.00e-06
2026-07-15 15:02:21,822 INFO Epoch 9 | Batch 700/1186 | Loss 4.38365 (Pin 0.82484 [q90 0.41707, q10 0.40777], MS 1.51301, Freq 4.09161, L1 1.78469, Spectral 0.28541, Gradient 0.47943) | LR 5.00e-06
2026-07-15 15:02:43,901 INFO Epoch 9 | Batch 750/1186 | Loss 4.39012 (Pin 0.81467 [q90 0.41811, q10 0.39656], MS 1.54742, Freq 4.05606, L1 1.76551, Spectral 0.28330, Gradient 0.47863) | LR 5.00e-06
2026-07-15 15:03:05,976 INFO Epoch 9 | Batch 800/1186 | Loss 4.33065 (Pin 0.80002 [q90 0.41243, q10 0.38759], MS 1.51720, Freq 4.02685, L1 1.73625, Spectral 0.28172, Gradient 0.47197) | LR 5.00e-06
2026-07-15 15:03:28,065 INFO Epoch 9 | Batch 850/1186 | Loss 4.07047 (Pin 0.78729 [q90 0.40318, q10 0.38411], MS 1.31140, Freq 3.94356, L1 1.71224, Spectral 0.27816, Gradient 0.46080) | LR 5.00e-06
2026-07-15 15:03:50,133 INFO Epoch 9 | Batch 900/1186 | Loss 4.24773 (Pin 0.80411 [q90 0.41027, q10 0.39384], MS 1.43871, Freq 4.00982, L1 1.73187, Spectral 0.27924, Gradient 0.47208) | LR 5.00e-06
2026-07-15 15:04:12,205 INFO Epoch 9 | Batch 950/1186 | Loss 4.44061 (Pin 0.85105 [q90 0.43921, q10 0.41183], MS 1.51958, Freq 4.13997, L1 1.82255, Spectral 0.28680, Gradient 0.48347) | LR 5.00e-06
2026-07-15 15:04:34,286 INFO Epoch 9 | Batch 1000/1186 | Loss 4.28744 (Pin 0.82281 [q90 0.42344, q10 0.39936], MS 1.48183, Freq 3.96560, L1 1.75092, Spectral 0.28009, Gradient 0.46789) | LR 5.00e-06
2026-07-15 15:04:56,389 INFO Epoch 9 | Batch 1050/1186 | Loss 4.37759 (Pin 0.84416 [q90 0.43332, q10 0.41085], MS 1.48670, Freq 4.09345, L1 1.81268, Spectral 0.28594, Gradient 0.48035) | LR 5.00e-06
2026-07-15 15:05:18,456 INFO Epoch 9 | Batch 1100/1186 | Loss 4.23956 (Pin 0.79598 [q90 0.40626, q10 0.38972], MS 1.46178, Freq 3.96360, L1 1.71149, Spectral 0.28400, Gradient 0.47192) | LR 5.00e-06
2026-07-15 15:05:40,514 INFO Epoch 9 | Batch 1150/1186 | Loss 4.25109 (Pin 0.80350 [q90 0.41730, q10 0.38620], MS 1.46855, Freq 3.95808, L1 1.72390, Spectral 0.28484, Gradient 0.46777) | LR 5.00e-06
2026-07-15 15:06:34,076 INFO Epoch 9 | Val Loss 4.89609 (Pin 0.78888 [q90 0.40755, q10 0.38132], MS 2.07655, Freq 4.06132, L1 1.74465, Spectral 0.28158, Gradient 0.47559)
2026-07-15 15:06:34,077 INFO Epoch 9 | Coverage q10/q50/q90 = 0.096/0.486/0.892 (nominal .10/.50/.90) | extreme tail = 0.132/0.454/0.851
2026-07-15 15:06:56,394 INFO Epoch 10 | Batch 50/1186 | Loss 4.30832 (Pin 0.84179 [q90 0.43881, q10 0.40298], MS 1.44527, Freq 4.04253, L1 1.79564, Spectral 0.28104, Gradient 0.46617) | LR 5.00e-06
2026-07-15 15:07:18,467 INFO Epoch 10 | Batch 100/1186 | Loss 4.28844 (Pin 0.82212 [q90 0.41926, q10 0.40286], MS 1.42202, Freq 4.08860, L1 1.77170, Spectral 0.28432, Gradient 0.47611) | LR 5.00e-06
2026-07-15 15:07:40,528 INFO Epoch 10 | Batch 150/1186 | Loss 4.31930 (Pin 0.80970 [q90 0.41248, q10 0.39721], MS 1.49190, Freq 4.03542, L1 1.76479, Spectral 0.28380, Gradient 0.47586) | LR 5.00e-06
2026-07-15 15:08:02,585 INFO Epoch 10 | Batch 200/1186 | Loss 4.36745 (Pin 0.83242 [q90 0.42488, q10 0.40754], MS 1.50718, Freq 4.05569, L1 1.77253, Spectral 0.29451, Gradient 0.48110) | LR 5.00e-06
2026-07-15 15:08:24,633 INFO Epoch 10 | Batch 250/1186 | Loss 4.36755 (Pin 0.82711 [q90 0.42672, q10 0.40040], MS 1.49250, Freq 4.09585, L1 1.78741, Spectral 0.28941, Gradient 0.48153) | LR 5.00e-06
2026-07-15 15:08:46,698 INFO Epoch 10 | Batch 300/1186 | Loss 4.37153 (Pin 0.81809 [q90 0.42055, q10 0.39754], MS 1.52434, Freq 4.05819, L1 1.75202, Spectral 0.28438, Gradient 0.47760) | LR 5.00e-06
2026-07-15 15:09:08,768 INFO Epoch 10 | Batch 350/1186 | Loss 4.25350 (Pin 0.79120 [q90 0.40258, q10 0.38862], MS 1.48092, Freq 3.96274, L1 1.71460, Spectral 0.27898, Gradient 0.46736) | LR 5.00e-06
2026-07-15 15:09:30,834 INFO Epoch 10 | Batch 400/1186 | Loss 4.22360 (Pin 0.80007 [q90 0.40475, q10 0.39532], MS 1.44951, Freq 3.94805, L1 1.72342, Spectral 0.28928, Gradient 0.47375) | LR 5.00e-06
2026-07-15 15:09:52,898 INFO Epoch 10 | Batch 450/1186 | Loss 4.35362 (Pin 0.83522 [q90 0.43243, q10 0.40279], MS 1.49141, Freq 4.05399, L1 1.78598, Spectral 0.28369, Gradient 0.47512) | LR 5.00e-06
2026-07-15 15:10:14,981 INFO Epoch 10 | Batch 500/1186 | Loss 4.22491 (Pin 0.79869 [q90 0.40563, q10 0.39306], MS 1.42119, Freq 4.01004, L1 1.74449, Spectral 0.28169, Gradient 0.47027) | LR 5.00e-06
2026-07-15 15:10:37,041 INFO Epoch 10 | Batch 550/1186 | Loss 4.21857 (Pin 0.77520 [q90 0.39486, q10 0.38034], MS 1.46503, Freq 3.95668, L1 1.69326, Spectral 0.28601, Gradient 0.47301) | LR 5.00e-06
2026-07-15 15:10:59,093 INFO Epoch 10 | Batch 600/1186 | Loss 4.35701 (Pin 0.81135 [q90 0.41469, q10 0.39667], MS 1.54627, Freq 3.99878, L1 1.75326, Spectral 0.27813, Gradient 0.46672) | LR 5.00e-06
2026-07-15 15:11:21,130 INFO Epoch 10 | Batch 650/1186 | Loss 4.42358 (Pin 0.85266 [q90 0.44048, q10 0.41218], MS 1.50964, Freq 4.12255, L1 1.83112, Spectral 0.28335, Gradient 0.47693) | LR 5.00e-06
2026-07-15 15:11:43,199 INFO Epoch 10 | Batch 700/1186 | Loss 4.28221 (Pin 0.81820 [q90 0.41702, q10 0.40118], MS 1.41553, Freq 4.09695, L1 1.77258, Spectral 0.28444, Gradient 0.48329) | LR 5.00e-06
2026-07-15 15:12:05,282 INFO Epoch 10 | Batch 750/1186 | Loss 4.31849 (Pin 0.81215 [q90 0.41653, q10 0.39562], MS 1.51561, Freq 3.98146, L1 1.73251, Spectral 0.28255, Gradient 0.47127) | LR 5.00e-06
2026-07-15 15:12:27,361 INFO Epoch 10 | Batch 800/1186 | Loss 4.22714 (Pin 0.81658 [q90 0.42113, q10 0.39545], MS 1.41714, Freq 3.98685, L1 1.74178, Spectral 0.28078, Gradient 0.46941) | LR 5.00e-06
2026-07-15 15:12:49,395 INFO Epoch 10 | Batch 850/1186 | Loss 4.29035 (Pin 0.82174 [q90 0.42721, q10 0.39454], MS 1.45799, Freq 4.02124, L1 1.75038, Spectral 0.28465, Gradient 0.47303) | LR 5.00e-06
2026-07-15 15:13:11,441 INFO Epoch 10 | Batch 900/1186 | Loss 4.25035 (Pin 0.81588 [q90 0.42124, q10 0.39464], MS 1.41530, Freq 4.03835, L1 1.75486, Spectral 0.28261, Gradient 0.47457) | LR 5.00e-06
2026-07-15 15:13:33,486 INFO Epoch 10 | Batch 950/1186 | Loss 4.32781 (Pin 0.84063 [q90 0.43314, q10 0.40749], MS 1.44641, Freq 4.08154, L1 1.79312, Spectral 0.28621, Gradient 0.47928) | LR 5.00e-06
2026-07-15 15:13:55,543 INFO Epoch 10 | Batch 1000/1186 | Loss 4.20514 (Pin 0.79739 [q90 0.40965, q10 0.38775], MS 1.40810, Freq 3.99930, L1 1.72167, Spectral 0.28373, Gradient 0.46938) | LR 5.00e-06
2026-07-15 15:14:17,600 INFO Epoch 10 | Batch 1050/1186 | Loss 4.25077 (Pin 0.81865 [q90 0.42265, q10 0.39601], MS 1.44306, Freq 3.97812, L1 1.75615, Spectral 0.27620, Gradient 0.46535) | LR 5.00e-06
2026-07-15 15:14:39,788 INFO Epoch 10 | Batch 1100/1186 | Loss 4.20129 (Pin 0.78805 [q90 0.39801, q10 0.39005], MS 1.44484, Freq 3.93681, L1 1.71193, Spectral 0.28350, Gradient 0.46838) | LR 5.00e-06
2026-07-15 15:15:01,842 INFO Epoch 10 | Batch 1150/1186 | Loss 4.23762 (Pin 0.81400 [q90 0.41581, q10 0.39820], MS 1.42000, Freq 4.00725, L1 1.76526, Spectral 0.28156, Gradient 0.47104) | LR 5.00e-06
2026-07-15 15:15:55,420 INFO Epoch 10 | Val Loss 4.89728 (Pin 0.78808 [q90 0.40596, q10 0.38212], MS 2.07710, Freq 4.06422, L1 1.74383, Spectral 0.28138, Gradient 0.47613)
2026-07-15 15:15:55,420 INFO Epoch 10 | Coverage q10/q50/q90 = 0.090/0.490/0.900 (nominal .10/.50/.90) | extreme tail = 0.124/0.454/0.852
2026-07-15 15:16:17,729 INFO Epoch 11 | Batch 50/1186 | Loss 4.30385 (Pin 0.81450 [q90 0.41593, q10 0.39857], MS 1.44922, Freq 4.08025, L1 1.76518, Spectral 0.28592, Gradient 0.48356) | LR 5.00e-06
2026-07-15 15:16:39,806 INFO Epoch 11 | Batch 100/1186 | Loss 4.43400 (Pin 0.83296 [q90 0.42610, q10 0.40686], MS 1.56255, Freq 4.07700, L1 1.78531, Spectral 0.29064, Gradient 0.48440) | LR 5.00e-06
2026-07-15 15:17:01,875 INFO Epoch 11 | Batch 150/1186 | Loss 4.19845 (Pin 0.79724 [q90 0.40519, q10 0.39206], MS 1.41275, Freq 3.97691, L1 1.74450, Spectral 0.27966, Gradient 0.46604) | LR 5.00e-06
2026-07-15 15:17:23,961 INFO Epoch 11 | Batch 200/1186 | Loss 4.32615 (Pin 0.79711 [q90 0.40609, q10 0.39102], MS 1.51733, Freq 4.02342, L1 1.73044, Spectral 0.27816, Gradient 0.47131) | LR 5.00e-06
2026-07-15 15:17:46,041 INFO Epoch 11 | Batch 250/1186 | Loss 4.21705 (Pin 0.81280 [q90 0.41877, q10 0.39403], MS 1.41352, Freq 3.98147, L1 1.74545, Spectral 0.28528, Gradient 0.47100) | LR 5.00e-06
2026-07-15 15:18:08,075 INFO Epoch 11 | Batch 300/1186 | Loss 4.25002 (Pin 0.80439 [q90 0.41256, q10 0.39183], MS 1.44353, Freq 4.00418, L1 1.72703, Spectral 0.28214, Gradient 0.46758) | LR 5.00e-06
2026-07-15 15:18:30,096 INFO Epoch 11 | Batch 350/1186 | Loss 4.38568 (Pin 0.83937 [q90 0.43084, q10 0.40853], MS 1.50157, Freq 4.08947, L1 1.79753, Spectral 0.28344, Gradient 0.47889) | LR 5.00e-06
2026-07-15 15:18:52,152 INFO Epoch 11 | Batch 400/1186 | Loss 4.25144 (Pin 0.80808 [q90 0.41542, q10 0.39266], MS 1.44262, Freq 4.00148, L1 1.74337, Spectral 0.28193, Gradient 0.47116) | LR 5.00e-06
2026-07-15 15:19:14,219 INFO Epoch 11 | Batch 450/1186 | Loss 4.24743 (Pin 0.80940 [q90 0.41446, q10 0.39493], MS 1.42132, Freq 4.03343, L1 1.75191, Spectral 0.28715, Gradient 0.47247) | LR 5.00e-06
2026-07-15 15:19:36,288 INFO Epoch 11 | Batch 500/1186 | Loss 4.34018 (Pin 0.81597 [q90 0.42138, q10 0.39459], MS 1.50535, Freq 4.03771, L1 1.77231, Spectral 0.27801, Gradient 0.47144) | LR 5.00e-06
2026-07-15 15:19:58,349 INFO Epoch 11 | Batch 550/1186 | Loss 4.24389 (Pin 0.80921 [q90 0.41751, q10 0.39170], MS 1.43181, Freq 4.00573, L1 1.73745, Spectral 0.28077, Gradient 0.47034) | LR 5.00e-06
2026-07-15 15:20:20,419 INFO Epoch 11 | Batch 600/1186 | Loss 4.32258 (Pin 0.83593 [q90 0.42813, q10 0.40781], MS 1.45194, Freq 4.06941, L1 1.78929, Spectral 0.28537, Gradient 0.47439) | LR 5.00e-06
2026-07-15 15:20:42,475 INFO Epoch 11 | Batch 650/1186 | Loss 4.34014 (Pin 0.82971 [q90 0.43448, q10 0.39523], MS 1.50036, Freq 4.02014, L1 1.78043, Spectral 0.28298, Gradient 0.46927) | LR 5.00e-06
2026-07-15 15:21:04,534 INFO Epoch 11 | Batch 700/1186 | Loss 4.36102 (Pin 0.82283 [q90 0.41873, q10 0.40410], MS 1.51093, Freq 4.05451, L1 1.75881, Spectral 0.28814, Gradient 0.47949) | LR 5.00e-06
2026-07-15 15:21:26,592 INFO Epoch 11 | Batch 750/1186 | Loss 4.39626 (Pin 0.83864 [q90 0.42309, q10 0.41555], MS 1.49775, Freq 4.11974, L1 1.80193, Spectral 0.28613, Gradient 0.48330) | LR 5.00e-06
2026-07-15 15:21:48,655 INFO Epoch 11 | Batch 800/1186 | Loss 4.33562 (Pin 0.81666 [q90 0.42414, q10 0.39252], MS 1.51195, Freq 4.01402, L1 1.75665, Spectral 0.28742, Gradient 0.47624) | LR 5.00e-06
2026-07-15 15:22:10,705 INFO Epoch 11 | Batch 850/1186 | Loss 4.28151 (Pin 0.82305 [q90 0.41920, q10 0.40385], MS 1.42544, Freq 4.06606, L1 1.76874, Spectral 0.28304, Gradient 0.47687) | LR 5.00e-06
2026-07-15 15:22:32,779 INFO Epoch 11 | Batch 900/1186 | Loss 4.31487 (Pin 0.83467 [q90 0.42803, q10 0.40664], MS 1.44804, Freq 4.06432, L1 1.78022, Spectral 0.28410, Gradient 0.47747) | LR 5.00e-06
2026-07-15 15:22:54,834 INFO Epoch 11 | Batch 950/1186 | Loss 4.17500 (Pin 0.78666 [q90 0.40182, q10 0.38485], MS 1.41205, Freq 3.95257, L1 1.71071, Spectral 0.27707, Gradient 0.46139) | LR 5.00e-06
2026-07-15 15:23:16,907 INFO Epoch 11 | Batch 1000/1186 | Loss 4.22511 (Pin 0.79217 [q90 0.40580, q10 0.38637], MS 1.45895, Freq 3.94798, L1 1.71258, Spectral 0.28028, Gradient 0.46579) | LR 5.00e-06
2026-07-15 15:23:38,982 INFO Epoch 11 | Batch 1050/1186 | Loss 4.24801 (Pin 0.80397 [q90 0.41218, q10 0.39179], MS 1.43838, Freq 4.01133, L1 1.72657, Spectral 0.28610, Gradient 0.47198) | LR 5.00e-06
2026-07-15 15:24:01,045 INFO Epoch 11 | Batch 1100/1186 | Loss 4.31882 (Pin 0.83198 [q90 0.42499, q10 0.40699], MS 1.43977, Freq 4.09415, L1 1.78379, Spectral 0.28673, Gradient 0.48112) | LR 5.00e-06
2026-07-15 15:24:23,103 INFO Epoch 11 | Batch 1150/1186 | Loss 4.42878 (Pin 0.82276 [q90 0.42212, q10 0.40064], MS 1.57521, Freq 4.06163, L1 1.77545, Spectral 0.28998, Gradient 0.48098) | LR 5.00e-06
2026-07-15 15:25:15,855 INFO Epoch 11 | Val Loss 4.89825 (Pin 0.78857 [q90 0.40598, q10 0.38259], MS 2.07766, Freq 4.06403, L1 1.74402, Spectral 0.28170, Gradient 0.47589)
2026-07-15 15:25:15,855 INFO Epoch 11 | Coverage q10/q50/q90 = 0.088/0.486/0.896 (nominal .10/.50/.90) | extreme tail = 0.115/0.450/0.853
2026-07-15 15:25:38,142 INFO Epoch 12 | Batch 50/1186 | Loss 4.39175 (Pin 0.83350 [q90 0.42636, q10 0.40715], MS 1.50371, Freq 4.10907, L1 1.79525, Spectral 0.28842, Gradient 0.48287) | LR 5.00e-06
2026-07-15 15:26:00,214 INFO Epoch 12 | Batch 100/1186 | Loss 4.25098 (Pin 0.80992 [q90 0.41762, q10 0.39230], MS 1.43439, Freq 4.01334, L1 1.74259, Spectral 0.27874, Gradient 0.46858) | LR 5.00e-06
2026-07-15 15:26:22,274 INFO Epoch 12 | Batch 150/1186 | Loss 4.08472 (Pin 0.77546 [q90 0.39798, q10 0.37748], MS 1.33390, Freq 3.95072, L1 1.69069, Spectral 0.28115, Gradient 0.46692) | LR 5.00e-06
2026-07-15 15:26:44,337 INFO Epoch 12 | Batch 200/1186 | Loss 4.37845 (Pin 0.83783 [q90 0.42983, q10 0.40800], MS 1.51006, Freq 4.06113, L1 1.79298, Spectral 0.28720, Gradient 0.47739) | LR 5.00e-06
2026-07-15 15:27:06,408 INFO Epoch 12 | Batch 250/1186 | Loss 4.21011 (Pin 0.79266 [q90 0.40432, q10 0.38834], MS 1.42920, Freq 3.97651, L1 1.71353, Spectral 0.29239, Gradient 0.47597) | LR 5.00e-06
2026-07-15 15:27:28,466 INFO Epoch 12 | Batch 300/1186 | Loss 4.47213 (Pin 0.85394 [q90 0.43712, q10 0.41682], MS 1.54954, Freq 4.13731, L1 1.83142, Spectral 0.28737, Gradient 0.48541) | LR 5.00e-06
2026-07-15 15:27:50,537 INFO Epoch 12 | Batch 350/1186 | Loss 4.31718 (Pin 0.83163 [q90 0.42133, q10 0.41030], MS 1.44537, Freq 4.08036, L1 1.79431, Spectral 0.28030, Gradient 0.47528) | LR 5.00e-06
2026-07-15 15:28:12,615 INFO Epoch 12 | Batch 400/1186 | Loss 4.19059 (Pin 0.80874 [q90 0.41375, q10 0.39499], MS 1.40443, Freq 3.95485, L1 1.72970, Spectral 0.27975, Gradient 0.46865) | LR 5.00e-06
2026-07-15 15:28:34,676 INFO Epoch 12 | Batch 450/1186 | Loss 4.21573 (Pin 0.78037 [q90 0.39989, q10 0.38048], MS 1.46147, Freq 3.94779, L1 1.68987, Spectral 0.28020, Gradient 0.46782) | LR 5.00e-06
2026-07-15 15:28:56,720 INFO Epoch 12 | Batch 500/1186 | Loss 4.24558 (Pin 0.78655 [q90 0.40177, q10 0.38478], MS 1.49510, Freq 3.92785, L1 1.69774, Spectral 0.28038, Gradient 0.46491) | LR 5.00e-06
2026-07-15 15:29:18,784 INFO Epoch 12 | Batch 550/1186 | Loss 4.36687 (Pin 0.81795 [q90 0.41975, q10 0.39820], MS 1.52643, Freq 4.04498, L1 1.75453, Spectral 0.29118, Gradient 0.48146) | LR 5.00e-06
2026-07-15 15:29:40,853 INFO Epoch 12 | Batch 600/1186 | Loss 4.33101 (Pin 0.83182 [q90 0.43410, q10 0.39772], MS 1.49217, Freq 4.01404, L1 1.77435, Spectral 0.28702, Gradient 0.47505) | LR 5.00e-06
2026-07-15 15:30:02,914 INFO Epoch 12 | Batch 650/1186 | Loss 4.40691 (Pin 0.84321 [q90 0.43143, q10 0.41178], MS 1.50380, Freq 4.11982, L1 1.81796, Spectral 0.28470, Gradient 0.47894) | LR 5.00e-06
2026-07-15 15:30:24,968 INFO Epoch 12 | Batch 700/1186 | Loss 4.22509 (Pin 0.79932 [q90 0.41107, q10 0.38825], MS 1.42539, Freq 4.00075, L1 1.72683, Spectral 0.28910, Gradient 0.47559) | LR 5.00e-06
2026-07-15 15:30:47,014 INFO Epoch 12 | Batch 750/1186 | Loss 4.34874 (Pin 0.81986 [q90 0.41327, q10 0.40659], MS 1.53026, Freq 3.99724, L1 1.77719, Spectral 0.28512, Gradient 0.47238) | LR 5.00e-06
2026-07-15 15:31:09,082 INFO Epoch 12 | Batch 800/1186 | Loss 4.24612 (Pin 0.79657 [q90 0.40300, q10 0.39357], MS 1.46312, Freq 3.97287, L1 1.72034, Spectral 0.27850, Gradient 0.46841) | LR 5.00e-06
2026-07-15 15:31:31,150 INFO Epoch 12 | Batch 850/1186 | Loss 4.26156 (Pin 0.82104 [q90 0.42578, q10 0.39526], MS 1.42967, Freq 4.02172, L1 1.75160, Spectral 0.27593, Gradient 0.46723) | LR 5.00e-06
2026-07-15 15:31:53,218 INFO Epoch 12 | Batch 900/1186 | Loss 4.42877 (Pin 0.85353 [q90 0.43943, q10 0.41410], MS 1.49566, Freq 4.15917, L1 1.83653, Spectral 0.28712, Gradient 0.48439) | LR 5.00e-06
2026-07-15 15:32:15,281 INFO Epoch 12 | Batch 950/1186 | Loss 4.37085 (Pin 0.83481 [q90 0.43267, q10 0.40214], MS 1.51968, Freq 4.03272, L1 1.77720, Spectral 0.27808, Gradient 0.47086) | LR 5.00e-06
2026-07-15 15:32:37,346 INFO Epoch 12 | Batch 1000/1186 | Loss 4.24218 (Pin 0.81974 [q90 0.42410, q10 0.39565], MS 1.41238, Freq 4.02011, L1 1.75443, Spectral 0.28623, Gradient 0.47525) | LR 5.00e-06
2026-07-15 15:32:59,416 INFO Epoch 12 | Batch 1050/1186 | Loss 4.31344 (Pin 0.80636 [q90 0.41606, q10 0.39031], MS 1.49627, Freq 4.02161, L1 1.75527, Spectral 0.27490, Gradient 0.46746) | LR 5.00e-06
2026-07-15 15:33:21,484 INFO Epoch 12 | Batch 1100/1186 | Loss 4.29401 (Pin 0.81087 [q90 0.41194, q10 0.39894], MS 1.47353, Freq 4.01922, L1 1.74218, Spectral 0.28587, Gradient 0.47641) | LR 5.00e-06
2026-07-15 15:33:43,555 INFO Epoch 12 | Batch 1150/1186 | Loss 4.39476 (Pin 0.81661 [q90 0.42071, q10 0.39590], MS 1.54016, Freq 4.07597, L1 1.76657, Spectral 0.29200, Gradient 0.48167) | LR 5.00e-06
2026-07-15 15:34:36,696 INFO Epoch 12 | Val Loss 4.85825 (Pin 0.78687 [q90 0.40641, q10 0.38047], MS 2.07106, Freq 4.00062, L1 1.73060, Spectral 0.28116, Gradient 0.47093)
2026-07-15 15:34:36,696 INFO Epoch 12 | Coverage q10/q50/q90 = 0.093/0.490/0.892 (nominal .10/.50/.90) | extreme tail = 0.130/0.457/0.848
2026-07-15 15:34:58,985 INFO Epoch 13 | Batch 50/1186 | Loss 4.29446 (Pin 0.82555 [q90 0.42038, q10 0.40517], MS 1.43069, Freq 4.07643, L1 1.77814, Spectral 0.28166, Gradient 0.47989) | LR 5.00e-06
2026-07-15 15:35:21,053 INFO Epoch 13 | Batch 100/1186 | Loss 4.21173 (Pin 0.79374 [q90 0.40743, q10 0.38631], MS 1.41774, Freq 4.00051, L1 1.72568, Spectral 0.28156, Gradient 0.46969) | LR 5.00e-06
2026-07-15 15:35:43,104 INFO Epoch 13 | Batch 150/1186 | Loss 4.25567 (Pin 0.79839 [q90 0.40946, q10 0.38893], MS 1.49219, Freq 3.93017, L1 1.72693, Spectral 0.27977, Gradient 0.46476) | LR 5.00e-06
2026-07-15 15:36:05,172 INFO Epoch 13 | Batch 200/1186 | Loss 4.27157 (Pin 0.82900 [q90 0.42644, q10 0.40257], MS 1.41988, Freq 4.04537, L1 1.78458, Spectral 0.28337, Gradient 0.47427) | LR 5.00e-06
2026-07-15 15:36:27,245 INFO Epoch 13 | Batch 250/1186 | Loss 4.32436 (Pin 0.81996 [q90 0.42110, q10 0.39886], MS 1.49828, Freq 4.01224, L1 1.76051, Spectral 0.28419, Gradient 0.47225) | LR 5.00e-06
2026-07-15 15:36:49,313 INFO Epoch 13 | Batch 300/1186 | Loss 4.30524 (Pin 0.81324 [q90 0.41851, q10 0.39473], MS 1.46870, Freq 4.04661, L1 1.75299, Spectral 0.28697, Gradient 0.47825) | LR 5.00e-06
2026-07-15 15:37:11,352 INFO Epoch 13 | Batch 350/1186 | Loss 4.41070 (Pin 0.84808 [q90 0.43841, q10 0.40967], MS 1.49588, Freq 4.13350, L1 1.80514, Spectral 0.29028, Gradient 0.49124) | LR 5.00e-06
2026-07-15 15:37:33,422 INFO Epoch 13 | Batch 400/1186 | Loss 4.33756 (Pin 0.81016 [q90 0.40953, q10 0.40063], MS 1.51319, Freq 4.02842, L1 1.74962, Spectral 0.28277, Gradient 0.47218) | LR 5.00e-06
2026-07-15 15:37:55,479 INFO Epoch 13 | Batch 450/1186 | Loss 4.39209 (Pin 0.84709 [q90 0.43244, q10 0.41465], MS 1.48664, Freq 4.11672, L1 1.82434, Spectral 0.28758, Gradient 0.48157) | LR 5.00e-06
2026-07-15 15:38:17,543 INFO Epoch 13 | Batch 500/1186 | Loss 4.30933 (Pin 0.79914 [q90 0.40964, q10 0.38951], MS 1.51804, Freq 3.98431, L1 1.72363, Spectral 0.28403, Gradient 0.47442) | LR 5.00e-06
2026-07-15 15:38:39,604 INFO Epoch 13 | Batch 550/1186 | Loss 4.41729 (Pin 0.83533 [q90 0.43312, q10 0.40221], MS 1.51556, Freq 4.13280, L1 1.80087, Spectral 0.28854, Gradient 0.48567) | LR 5.00e-06
2026-07-15 15:39:01,678 INFO Epoch 13 | Batch 600/1186 | Loss 4.16180 (Pin 0.79159 [q90 0.40555, q10 0.38604], MS 1.41879, Freq 3.90284, L1 1.69455, Spectral 0.28694, Gradient 0.46600) | LR 5.00e-06
2026-07-15 15:39:23,750 INFO Epoch 13 | Batch 650/1186 | Loss 4.32276 (Pin 0.81289 [q90 0.41755, q10 0.39535], MS 1.48498, Freq 4.04977, L1 1.76296, Spectral 0.27832, Gradient 0.47449) | LR 5.00e-06
2026-07-15 15:39:45,804 INFO Epoch 13 | Batch 700/1186 | Loss 4.34230 (Pin 0.82714 [q90 0.42951, q10 0.39763], MS 1.48850, Freq 4.05332, L1 1.77111, Spectral 0.28078, Gradient 0.47362) | LR 5.00e-06
2026-07-15 15:40:07,881 INFO Epoch 13 | Batch 750/1186 | Loss 4.22516 (Pin 0.78191 [q90 0.39936, q10 0.38255], MS 1.46343, Freq 3.95966, L1 1.70059, Spectral 0.28235, Gradient 0.47030) | LR 5.00e-06
2026-07-15 15:40:29,947 INFO Epoch 13 | Batch 800/1186 | Loss 4.31965 (Pin 0.83353 [q90 0.42493, q10 0.40859], MS 1.44643, Freq 4.07939, L1 1.79501, Spectral 0.28533, Gradient 0.47298) | LR 5.00e-06
2026-07-15 15:40:52,135 INFO Epoch 13 | Batch 850/1186 | Loss 4.32886 (Pin 0.79519 [q90 0.40651, q10 0.38868], MS 1.52361, Freq 4.02011, L1 1.72558, Spectral 0.28610, Gradient 0.47370) | LR 5.00e-06
2026-07-15 15:41:14,206 INFO Epoch 13 | Batch 900/1186 | Loss 4.26498 (Pin 0.81878 [q90 0.42072, q10 0.39806], MS 1.46014, Freq 3.97212, L1 1.74979, Spectral 0.28418, Gradient 0.47090) | LR 5.00e-06
2026-07-15 15:41:36,270 INFO Epoch 13 | Batch 950/1186 | Loss 4.27726 (Pin 0.81802 [q90 0.41684, q10 0.40118], MS 1.44218, Freq 4.03414, L1 1.76368, Spectral 0.27912, Gradient 0.47161) | LR 5.00e-06
2026-07-15 15:41:58,340 INFO Epoch 13 | Batch 1000/1186 | Loss 4.24613 (Pin 0.80961 [q90 0.41717, q10 0.39244], MS 1.44406, Freq 3.98492, L1 1.74029, Spectral 0.27909, Gradient 0.46827) | LR 5.00e-06
2026-07-15 15:42:20,404 INFO Epoch 13 | Batch 1050/1186 | Loss 4.30030 (Pin 0.83028 [q90 0.42935, q10 0.40093], MS 1.43102, Freq 4.07800, L1 1.78760, Spectral 0.28796, Gradient 0.47770) | LR 5.00e-06
2026-07-15 15:42:42,458 INFO Epoch 13 | Batch 1100/1186 | Loss 4.34673 (Pin 0.80929 [q90 0.41305, q10 0.39625], MS 1.51885, Freq 4.03717, L1 1.75531, Spectral 0.28679, Gradient 0.47545) | LR 5.00e-06
2026-07-15 15:43:04,525 INFO Epoch 13 | Batch 1150/1186 | Loss 4.43025 (Pin 0.84310 [q90 0.42913, q10 0.41397], MS 1.55755, Freq 4.05918, L1 1.79973, Spectral 0.28810, Gradient 0.47824) | LR 5.00e-06
2026-07-15 15:43:58,063 INFO Epoch 13 | Val Loss 4.91238 (Pin 0.78806 [q90 0.40690, q10 0.38115], MS 2.08527, Freq 4.07811, L1 1.74583, Spectral 0.28294, Gradient 0.47732)
2026-07-15 15:43:58,063 INFO Epoch 13 | Coverage q10/q50/q90 = 0.093/0.484/0.893 (nominal .10/.50/.90) | extreme tail = 0.124/0.452/0.853
2026-07-15 15:44:20,333 INFO Epoch 14 | Batch 50/1186 | Loss 4.31732 (Pin 0.82763 [q90 0.42841, q10 0.39922], MS 1.46307, Freq 4.05323, L1 1.77796, Spectral 0.28351, Gradient 0.47254) | LR 5.00e-06
2026-07-15 15:44:42,351 INFO Epoch 14 | Batch 100/1186 | Loss 4.28651 (Pin 0.81720 [q90 0.42261, q10 0.39459], MS 1.49173, Freq 3.95515, L1 1.74937, Spectral 0.28061, Gradient 0.46581) | LR 5.00e-06
2026-07-15 15:45:04,368 INFO Epoch 14 | Batch 150/1186 | Loss 4.34263 (Pin 0.83118 [q90 0.42136, q10 0.40982], MS 1.44999, Freq 4.12291, L1 1.79743, Spectral 0.28767, Gradient 0.48107) | LR 5.00e-06
2026-07-15 15:45:26,427 INFO Epoch 14 | Batch 200/1186 | Loss 4.33584 (Pin 0.81468 [q90 0.41717, q10 0.39751], MS 1.51816, Freq 4.00600, L1 1.75775, Spectral 0.28274, Gradient 0.47267) | LR 5.00e-06
2026-07-15 15:45:48,488 INFO Epoch 14 | Batch 250/1186 | Loss 4.23014 (Pin 0.81822 [q90 0.41645, q10 0.40176], MS 1.39912, Freq 4.02559, L1 1.76856, Spectral 0.28322, Gradient 0.47035) | LR 5.00e-06
2026-07-15 15:46:10,543 INFO Epoch 14 | Batch 300/1186 | Loss 4.25219 (Pin 0.81878 [q90 0.42138, q10 0.39739], MS 1.43478, Freq 3.99725, L1 1.75461, Spectral 0.28761, Gradient 0.47250) | LR 5.00e-06
2026-07-15 15:46:32,608 INFO Epoch 14 | Batch 350/1186 | Loss 4.30249 (Pin 0.83913 [q90 0.43280, q10 0.40633], MS 1.41811, Freq 4.09050, L1 1.79091, Spectral 0.28982, Gradient 0.48010) | LR 5.00e-06
2026-07-15 15:46:54,668 INFO Epoch 14 | Batch 400/1186 | Loss 4.35402 (Pin 0.82141 [q90 0.41700, q10 0.40441], MS 1.51496, Freq 4.03530, L1 1.77662, Spectral 0.28249, Gradient 0.47558) | LR 5.00e-06
2026-07-15 15:47:16,725 INFO Epoch 14 | Batch 450/1186 | Loss 4.23667 (Pin 0.77286 [q90 0.39448, q10 0.37837], MS 1.47121, Freq 3.98520, L1 1.67767, Spectral 0.28462, Gradient 0.47590) | LR 5.00e-06
2026-07-15 15:47:38,786 INFO Epoch 14 | Batch 500/1186 | Loss 4.31500 (Pin 0.80725 [q90 0.41272, q10 0.39453], MS 1.50942, Freq 3.99667, L1 1.73744, Spectral 0.28384, Gradient 0.47251) | LR 5.00e-06
2026-07-15 15:48:00,838 INFO Epoch 14 | Batch 550/1186 | Loss 4.19857 (Pin 0.80576 [q90 0.41945, q10 0.38631], MS 1.40464, Freq 3.97634, L1 1.72669, Spectral 0.27921, Gradient 0.46993) | LR 5.00e-06
2026-07-15 15:48:22,894 INFO Epoch 14 | Batch 600/1186 | Loss 4.25346 (Pin 0.80786 [q90 0.41341, q10 0.39445], MS 1.44399, Freq 4.00322, L1 1.74443, Spectral 0.28101, Gradient 0.46936) | LR 5.00e-06
2026-07-15 15:48:44,969 INFO Epoch 14 | Batch 650/1186 | Loss 4.32023 (Pin 0.82483 [q90 0.42138, q10 0.40344], MS 1.46728, Freq 4.05625, L1 1.76713, Spectral 0.29287, Gradient 0.48095) | LR 5.00e-06
2026-07-15 15:49:07,030 INFO Epoch 14 | Batch 700/1186 | Loss 4.42418 (Pin 0.83614 [q90 0.43042, q10 0.40572], MS 1.54501, Freq 4.08608, L1 1.77742, Spectral 0.28754, Gradient 0.48051) | LR 5.00e-06
2026-07-15 15:49:29,100 INFO Epoch 14 | Batch 750/1186 | Loss 4.27435 (Pin 0.80496 [q90 0.40690, q10 0.39806], MS 1.44251, Freq 4.05377, L1 1.76129, Spectral 0.28219, Gradient 0.47593) | LR 5.00e-06
2026-07-15 15:49:51,161 INFO Epoch 14 | Batch 800/1186 | Loss 4.25634 (Pin 0.80828 [q90 0.41037, q10 0.39791], MS 1.43341, Freq 4.02930, L1 1.75148, Spectral 0.28180, Gradient 0.47098) | LR 5.00e-06
2026-07-15 15:50:13,227 INFO Epoch 14 | Batch 850/1186 | Loss 4.24785 (Pin 0.80931 [q90 0.41890, q10 0.39041], MS 1.44264, Freq 3.99180, L1 1.74823, Spectral 0.28079, Gradient 0.47076) | LR 5.00e-06
2026-07-15 15:50:35,292 INFO Epoch 14 | Batch 900/1186 | Loss 4.32556 (Pin 0.81151 [q90 0.41478, q10 0.39673], MS 1.48356, Freq 4.06098, L1 1.75707, Spectral 0.28560, Gradient 0.47802) | LR 5.00e-06
2026-07-15 15:50:57,341 INFO Epoch 14 | Batch 950/1186 | Loss 4.44566 (Pin 0.84836 [q90 0.43525, q10 0.41311], MS 1.52533, Freq 4.14393, L1 1.83179, Spectral 0.28580, Gradient 0.48464) | LR 5.00e-06
2026-07-15 15:51:19,405 INFO Epoch 14 | Batch 1000/1186 | Loss 4.35308 (Pin 0.83959 [q90 0.43642, q10 0.40318], MS 1.47668, Freq 4.07360, L1 1.78981, Spectral 0.28424, Gradient 0.47819) | LR 5.00e-06
2026-07-15 15:51:41,462 INFO Epoch 14 | Batch 1050/1186 | Loss 4.38528 (Pin 0.85313 [q90 0.44082, q10 0.41231], MS 1.50502, Freq 4.05426, L1 1.81684, Spectral 0.27687, Gradient 0.46900) | LR 5.00e-06
2026-07-15 15:52:03,533 INFO Epoch 14 | Batch 1100/1186 | Loss 4.16784 (Pin 0.77948 [q90 0.39779, q10 0.38169], MS 1.41598, Freq 3.94477, L1 1.68192, Spectral 0.27824, Gradient 0.46661) | LR 5.00e-06
2026-07-15 15:52:25,600 INFO Epoch 14 | Batch 1150/1186 | Loss 4.34797 (Pin 0.80497 [q90 0.41572, q10 0.38925], MS 1.50950, Freq 4.06702, L1 1.73971, Spectral 0.28677, Gradient 0.48113) | LR 5.00e-06
2026-07-15 15:53:18,773 INFO Epoch 14 | Val Loss 4.86063 (Pin 0.78584 [q90 0.40628, q10 0.37956], MS 2.05641, Freq 4.03675, L1 1.73369, Spectral 0.28047, Gradient 0.47269)
2026-07-15 15:53:18,774 INFO Epoch 14 | Coverage q10/q50/q90 = 0.095/0.493/0.893 (nominal .10/.50/.90) | extreme tail = 0.134/0.467/0.849
2026-07-15 15:53:41,073 INFO Epoch 15 | Batch 50/1186 | Loss 4.27259 (Pin 0.83052 [q90 0.42620, q10 0.40431], MS 1.44006, Freq 4.00401, L1 1.78087, Spectral 0.27485, Gradient 0.46416) | LR 5.00e-06
2026-07-15 15:54:03,141 INFO Epoch 15 | Batch 100/1186 | Loss 4.31635 (Pin 0.81701 [q90 0.41441, q10 0.40259], MS 1.46792, Freq 4.06285, L1 1.77539, Spectral 0.28664, Gradient 0.47526) | LR 5.00e-06
2026-07-15 15:54:25,209 INFO Epoch 15 | Batch 150/1186 | Loss 4.33750 (Pin 0.82157 [q90 0.41842, q10 0.40316], MS 1.46004, Freq 4.11177, L1 1.77563, Spectral 0.28799, Gradient 0.48298) | LR 5.00e-06
2026-07-15 15:54:47,288 INFO Epoch 15 | Batch 200/1186 | Loss 4.28085 (Pin 0.82785 [q90 0.42255, q10 0.40531], MS 1.43203, Freq 4.04193, L1 1.78189, Spectral 0.28289, Gradient 0.47237) | LR 5.00e-06
2026-07-15 15:55:09,335 INFO Epoch 15 | Batch 250/1186 | Loss 4.43443 (Pin 0.85701 [q90 0.44628, q10 0.41074], MS 1.52974, Freq 4.09536, L1 1.82632, Spectral 0.29108, Gradient 0.48353) | LR 5.00e-06
2026-07-15 15:55:31,347 INFO Epoch 15 | Batch 300/1186 | Loss 4.35520 (Pin 0.82919 [q90 0.42329, q10 0.40590], MS 1.48958, Freq 4.07286, L1 1.78664, Spectral 0.28286, Gradient 0.47482) | LR 5.00e-06
2026-07-15 15:55:53,380 INFO Epoch 15 | Batch 350/1186 | Loss 4.27349 (Pin 0.80491 [q90 0.40693, q10 0.39797], MS 1.45677, Freq 4.02363, L1 1.73212, Spectral 0.28469, Gradient 0.47632) | LR 5.00e-06
2026-07-15 15:56:15,403 INFO Epoch 15 | Batch 400/1186 | Loss 4.38606 (Pin 0.83870 [q90 0.43235, q10 0.40635], MS 1.54303, Freq 4.00867, L1 1.77913, Spectral 0.27799, Gradient 0.46428) | LR 5.00e-06
2026-07-15 15:56:37,443 INFO Epoch 15 | Batch 450/1186 | Loss 4.39091 (Pin 0.82052 [q90 0.42351, q10 0.39701], MS 1.54580, Freq 4.04918, L1 1.75760, Spectral 0.28792, Gradient 0.47981) | LR 5.00e-06
2026-07-15 15:56:59,510 INFO Epoch 15 | Batch 500/1186 | Loss 4.31453 (Pin 0.82413 [q90 0.42308, q10 0.40105], MS 1.46844, Freq 4.04391, L1 1.76885, Spectral 0.28235, Gradient 0.47382) | LR 5.00e-06
2026-07-15 15:57:21,568 INFO Epoch 15 | Batch 550/1186 | Loss 4.31012 (Pin 0.80867 [q90 0.41155, q10 0.39712], MS 1.49123, Freq 4.02043, L1 1.73258, Spectral 0.29002, Gradient 0.47943) | LR 5.00e-06
2026-07-15 15:57:43,636 INFO Epoch 15 | Batch 600/1186 | Loss 4.17708 (Pin 0.78916 [q90 0.40616, q10 0.38300], MS 1.40964, Freq 3.95656, L1 1.71624, Spectral 0.28332, Gradient 0.46963) | LR 5.00e-06
2026-07-15 15:58:05,704 INFO Epoch 15 | Batch 650/1186 | Loss 4.28565 (Pin 0.81637 [q90 0.41397, q10 0.40240], MS 1.47786, Freq 3.98285, L1 1.75809, Spectral 0.28325, Gradient 0.47023) | LR 5.00e-06
2026-07-15 15:58:27,802 INFO Epoch 15 | Batch 700/1186 | Loss 4.32143 (Pin 0.82352 [q90 0.42789, q10 0.39564], MS 1.46805, Freq 4.05973, L1 1.77634, Spectral 0.28483, Gradient 0.47676) | LR 5.00e-06
2026-07-15 15:58:49,851 INFO Epoch 15 | Batch 750/1186 | Loss 4.40447 (Pin 0.83079 [q90 0.42778, q10 0.40301], MS 1.53412, Freq 4.07911, L1 1.77815, Spectral 0.28547, Gradient 0.47626) | LR 5.00e-06
2026-07-15 15:59:11,909 INFO Epoch 15 | Batch 800/1186 | Loss 4.24356 (Pin 0.79704 [q90 0.40658, q10 0.39046], MS 1.45182, Freq 3.98940, L1 1.72426, Spectral 0.27711, Gradient 0.46758) | LR 5.00e-06
2026-07-15 15:59:33,971 INFO Epoch 15 | Batch 850/1186 | Loss 4.26021 (Pin 0.82332 [q90 0.41830, q10 0.40502], MS 1.41542, Freq 4.04294, L1 1.76558, Spectral 0.29685, Gradient 0.48421) | LR 5.00e-06
2026-07-15 15:59:56,030 INFO Epoch 15 | Batch 900/1186 | Loss 4.18587 (Pin 0.77567 [q90 0.39991, q10 0.37577], MS 1.43223, Freq 3.95595, L1 1.68681, Spectral 0.28105, Gradient 0.47366) | LR 5.00e-06
2026-07-15 16:00:18,101 INFO Epoch 15 | Batch 950/1186 | Loss 4.18310 (Pin 0.78985 [q90 0.40337, q10 0.38648], MS 1.38627, Freq 4.01395, L1 1.71884, Spectral 0.29052, Gradient 0.47508) | LR 5.00e-06
2026-07-15 16:00:40,173 INFO Epoch 15 | Batch 1000/1186 | Loss 4.20440 (Pin 0.81319 [q90 0.42025, q10 0.39293], MS 1.37254, Freq 4.03734, L1 1.75374, Spectral 0.27631, Gradient 0.46962) | LR 5.00e-06
2026-07-15 16:01:02,232 INFO Epoch 15 | Batch 1050/1186 | Loss 4.31986 (Pin 0.81483 [q90 0.41689, q10 0.39794], MS 1.48512, Freq 4.03980, L1 1.75934, Spectral 0.27948, Gradient 0.47134) | LR 5.00e-06
2026-07-15 16:01:24,289 INFO Epoch 15 | Batch 1100/1186 | Loss 4.30057 (Pin 0.81266 [q90 0.42151, q10 0.39115], MS 1.46272, Freq 4.05039, L1 1.75452, Spectral 0.27794, Gradient 0.47282) | LR 5.00e-06
2026-07-15 16:01:46,349 INFO Epoch 15 | Batch 1150/1186 | Loss 4.23960 (Pin 0.80371 [q90 0.41180, q10 0.39190], MS 1.45596, Freq 3.95988, L1 1.72267, Spectral 0.28268, Gradient 0.46961) | LR 5.00e-06
2026-07-15 16:02:39,906 INFO Epoch 15 | Val Loss 4.89637 (Pin 0.78865 [q90 0.40676, q10 0.38189], MS 2.08538, Freq 4.04467, L1 1.74608, Spectral 0.28296, Gradient 0.47631)
2026-07-15 16:02:39,906 INFO Epoch 15 | Coverage q10/q50/q90 = 0.093/0.494/0.894 (nominal .10/.50/.90) | extreme tail = 0.128/0.453/0.848
2026-07-15 16:03:02,193 INFO Epoch 16 | Batch 50/1186 | Loss 4.28940 (Pin 0.82790 [q90 0.43070, q10 0.39720], MS 1.44557, Freq 4.03186, L1 1.78051, Spectral 0.27698, Gradient 0.47038) | LR 5.00e-06
2026-07-15 16:03:24,265 INFO Epoch 16 | Batch 100/1186 | Loss 4.26193 (Pin 0.81245 [q90 0.41515, q10 0.39730], MS 1.45713, Freq 3.98469, L1 1.74474, Spectral 0.28212, Gradient 0.46903) | LR 5.00e-06
2026-07-15 16:03:46,336 INFO Epoch 16 | Batch 150/1186 | Loss 4.30604 (Pin 0.82822 [q90 0.42490, q10 0.40332], MS 1.47533, Freq 4.00499, L1 1.76902, Spectral 0.28730, Gradient 0.47761) | LR 5.00e-06
2026-07-15 16:04:08,385 INFO Epoch 16 | Batch 200/1186 | Loss 4.24556 (Pin 0.80706 [q90 0.41592, q10 0.39114], MS 1.44585, Freq 3.98530, L1 1.74440, Spectral 0.27947, Gradient 0.46924) | LR 5.00e-06
2026-07-15 16:04:30,443 INFO Epoch 16 | Batch 250/1186 | Loss 4.35662 (Pin 0.80964 [q90 0.41496, q10 0.39468], MS 1.48337, Freq 4.12721, L1 1.76544, Spectral 0.28655, Gradient 0.48520) | LR 5.00e-06
2026-07-15 16:04:52,512 INFO Epoch 16 | Batch 300/1186 | Loss 4.30627 (Pin 0.81900 [q90 0.41721, q10 0.40179], MS 1.46629, Freq 4.04195, L1 1.76409, Spectral 0.28434, Gradient 0.47443) | LR 5.00e-06
2026-07-15 16:05:14,562 INFO Epoch 16 | Batch 350/1186 | Loss 4.28171 (Pin 0.82822 [q90 0.42557, q10 0.40266], MS 1.44828, Freq 4.01041, L1 1.76120, Spectral 0.28187, Gradient 0.46820) | LR 5.00e-06
2026-07-15 16:05:36,643 INFO Epoch 16 | Batch 400/1186 | Loss 4.31163 (Pin 0.80762 [q90 0.41679, q10 0.39083], MS 1.49335, Freq 4.02131, L1 1.74453, Spectral 0.28656, Gradient 0.47376) | LR 5.00e-06
2026-07-15 16:05:58,711 INFO Epoch 16 | Batch 450/1186 | Loss 4.40658 (Pin 0.83950 [q90 0.42831, q10 0.41119], MS 1.53507, Freq 4.06403, L1 1.79011, Spectral 0.28464, Gradient 0.47670) | LR 5.00e-06
2026-07-15 16:06:20,778 INFO Epoch 16 | Batch 500/1186 | Loss 4.32454 (Pin 0.83027 [q90 0.42489, q10 0.40538], MS 1.48479, Freq 4.01896, L1 1.78377, Spectral 0.28593, Gradient 0.47322) | LR 5.00e-06
2026-07-15 16:06:42,843 INFO Epoch 16 | Batch 550/1186 | Loss 4.28102 (Pin 0.80946 [q90 0.41876, q10 0.39070], MS 1.44959, Freq 4.04395, L1 1.76458, Spectral 0.27872, Gradient 0.47010) | LR 5.00e-06
2026-07-15 16:07:04,915 INFO Epoch 16 | Batch 600/1186 | Loss 4.27352 (Pin 0.83100 [q90 0.42613, q10 0.40487], MS 1.41048, Freq 4.06408, L1 1.78104, Spectral 0.29012, Gradient 0.47938) | LR 5.00e-06
2026-07-15 16:07:26,975 INFO Epoch 16 | Batch 650/1186 | Loss 4.21012 (Pin 0.79709 [q90 0.41039, q10 0.38669], MS 1.46476, Freq 3.89655, L1 1.69925, Spectral 0.28329, Gradient 0.46563) | LR 5.00e-06
2026-07-15 16:07:49,025 INFO Epoch 16 | Batch 700/1186 | Loss 4.27850 (Pin 0.81058 [q90 0.41626, q10 0.39431], MS 1.45294, Freq 4.02997, L1 1.76160, Spectral 0.28431, Gradient 0.47163) | LR 5.00e-06
2026-07-15 16:08:11,221 INFO Epoch 16 | Batch 750/1186 | Loss 4.31673 (Pin 0.82677 [q90 0.42424, q10 0.40254], MS 1.44991, Freq 4.08010, L1 1.78543, Spectral 0.28406, Gradient 0.47639) | LR 5.00e-06
2026-07-15 16:08:33,283 INFO Epoch 16 | Batch 800/1186 | Loss 4.35073 (Pin 0.83272 [q90 0.42463, q10 0.40809], MS 1.48313, Freq 4.06976, L1 1.78969, Spectral 0.28344, Gradient 0.47831) | LR 5.00e-06
2026-07-15 16:08:55,341 INFO Epoch 16 | Batch 850/1186 | Loss 4.22707 (Pin 0.78653 [q90 0.40542, q10 0.38111], MS 1.45304, Freq 3.97501, L1 1.69260, Spectral 0.28450, Gradient 0.47483) | LR 5.00e-06
2026-07-15 16:09:17,398 INFO Epoch 16 | Batch 900/1186 | Loss 4.37295 (Pin 0.82036 [q90 0.41891, q10 0.40146], MS 1.52940, Freq 4.04637, L1 1.76980, Spectral 0.29258, Gradient 0.48362) | LR 5.00e-06
2026-07-15 16:09:39,460 INFO Epoch 16 | Batch 950/1186 | Loss 4.20935 (Pin 0.80418 [q90 0.41236, q10 0.39182], MS 1.44736, Freq 3.91563, L1 1.71974, Spectral 0.28176, Gradient 0.46685) | LR 5.00e-06
2026-07-15 16:10:01,526 INFO Epoch 16 | Batch 1000/1186 | Loss 4.33675 (Pin 0.82481 [q90 0.41727, q10 0.40754], MS 1.47965, Freq 4.06457, L1 1.78716, Spectral 0.27941, Gradient 0.47531) | LR 5.00e-06
2026-07-15 16:10:23,589 INFO Epoch 16 | Batch 1050/1186 | Loss 4.13867 (Pin 0.79889 [q90 0.41061, q10 0.38827], MS 1.34495, Freq 3.98967, L1 1.72611, Spectral 0.27921, Gradient 0.46724) | LR 5.00e-06
2026-07-15 16:10:45,658 INFO Epoch 16 | Batch 1100/1186 | Loss 4.33698 (Pin 0.81502 [q90 0.42417, q10 0.39085], MS 1.46229, Freq 4.11935, L1 1.76441, Spectral 0.28818, Gradient 0.48360) | LR 5.00e-06
2026-07-15 16:11:07,710 INFO Epoch 16 | Batch 1150/1186 | Loss 4.29916 (Pin 0.81059 [q90 0.41070, q10 0.39989], MS 1.46454, Freq 4.04806, L1 1.74982, Spectral 0.28501, Gradient 0.47587) | LR 5.00e-06
2026-07-15 16:12:00,762 INFO Epoch 16 | Val Loss 4.85538 (Pin 0.78762 [q90 0.40639, q10 0.38123], MS 2.06984, Freq 3.99583, L1 1.73363, Spectral 0.28071, Gradient 0.46966)
2026-07-15 16:12:00,762 INFO Epoch 16 | Coverage q10/q50/q90 = 0.094/0.488/0.890 (nominal .10/.50/.90) | extreme tail = 0.130/0.454/0.848
2026-07-15 16:12:23,029 INFO Epoch 17 | Batch 50/1186 | Loss 4.36967 (Pin 0.82394 [q90 0.42244, q10 0.40150], MS 1.53436, Freq 4.02275, L1 1.78393, Spectral 0.28151, Gradient 0.46985) | LR 5.00e-06
2026-07-15 16:12:45,057 INFO Epoch 17 | Batch 100/1186 | Loss 4.31333 (Pin 0.81443 [q90 0.42010, q10 0.39432], MS 1.51868, Freq 3.96045, L1 1.73731, Spectral 0.28051, Gradient 0.46585) | LR 5.00e-06
2026-07-15 16:13:07,087 INFO Epoch 17 | Batch 150/1186 | Loss 4.36917 (Pin 0.82908 [q90 0.43115, q10 0.39793], MS 1.50948, Freq 4.06122, L1 1.77293, Spectral 0.28481, Gradient 0.47730) | LR 5.00e-06
2026-07-15 16:13:29,117 INFO Epoch 17 | Batch 200/1186 | Loss 4.22590 (Pin 0.80050 [q90 0.40849, q10 0.39201], MS 1.43864, Freq 3.97351, L1 1.73283, Spectral 0.28616, Gradient 0.47159) | LR 5.00e-06
2026-07-15 16:13:51,147 INFO Epoch 17 | Batch 250/1186 | Loss 4.42179 (Pin 0.84686 [q90 0.43866, q10 0.40819], MS 1.52707, Freq 4.09571, L1 1.80057, Spectral 0.29302, Gradient 0.48521) | LR 5.00e-06
2026-07-15 16:14:13,219 INFO Epoch 17 | Batch 300/1186 | Loss 4.24693 (Pin 0.79872 [q90 0.40905, q10 0.38968], MS 1.44848, Freq 3.99944, L1 1.72759, Spectral 0.28162, Gradient 0.47481) | LR 5.00e-06
2026-07-15 16:14:35,278 INFO Epoch 17 | Batch 350/1186 | Loss 4.29262 (Pin 0.81351 [q90 0.41372, q10 0.39980], MS 1.46138, Freq 4.03546, L1 1.75958, Spectral 0.28417, Gradient 0.47934) | LR 5.00e-06
2026-07-15 16:14:57,347 INFO Epoch 17 | Batch 400/1186 | Loss 4.26846 (Pin 0.80296 [q90 0.40943, q10 0.39352], MS 1.44306, Freq 4.04489, L1 1.73776, Spectral 0.28604, Gradient 0.47767) | LR 5.00e-06
2026-07-15 16:15:19,412 INFO Epoch 17 | Batch 450/1186 | Loss 4.06061 (Pin 0.76896 [q90 0.39065, q10 0.37831], MS 1.35524, Freq 3.87283, L1 1.64951, Spectral 0.28201, Gradient 0.46681) | LR 5.00e-06
2026-07-15 16:15:41,475 INFO Epoch 17 | Batch 500/1186 | Loss 4.28415 (Pin 0.81611 [q90 0.41670, q10 0.39941], MS 1.45744, Freq 4.02121, L1 1.76817, Spectral 0.28230, Gradient 0.47004) | LR 5.00e-06
2026-07-15 16:16:03,550 INFO Epoch 17 | Batch 550/1186 | Loss 4.25770 (Pin 0.80087 [q90 0.41095, q10 0.38992], MS 1.47114, Freq 3.97137, L1 1.72695, Spectral 0.28083, Gradient 0.46677) | LR 5.00e-06
2026-07-15 16:16:25,628 INFO Epoch 17 | Batch 600/1186 | Loss 4.26110 (Pin 0.80238 [q90 0.40963, q10 0.39275], MS 1.43823, Freq 4.04099, L1 1.74843, Spectral 0.27926, Gradient 0.47265) | LR 5.00e-06
2026-07-15 16:16:47,702 INFO Epoch 17 | Batch 650/1186 | Loss 4.27270 (Pin 0.82819 [q90 0.42847, q10 0.39971], MS 1.41702, Freq 4.05499, L1 1.79966, Spectral 0.28751, Gradient 0.47533) | LR 5.00e-06
2026-07-15 16:17:09,771 INFO Epoch 17 | Batch 700/1186 | Loss 4.33223 (Pin 0.81560 [q90 0.41764, q10 0.39796], MS 1.50261, Freq 4.02804, L1 1.77115, Spectral 0.27996, Gradient 0.46980) | LR 5.00e-06
2026-07-15 16:17:31,839 INFO Epoch 17 | Batch 750/1186 | Loss 4.33862 (Pin 0.82632 [q90 0.42340, q10 0.40292], MS 1.47634, Freq 4.07191, L1 1.78180, Spectral 0.28090, Gradient 0.47622) | LR 5.00e-06
2026-07-15 16:17:53,911 INFO Epoch 17 | Batch 800/1186 | Loss 4.30400 (Pin 0.82419 [q90 0.42698, q10 0.39721], MS 1.44112, Freq 4.07739, L1 1.78070, Spectral 0.28046, Gradient 0.47512) | LR 5.00e-06
2026-07-15 16:18:15,987 INFO Epoch 17 | Batch 850/1186 | Loss 4.43712 (Pin 0.81879 [q90 0.41301, q10 0.40579], MS 1.60072, Freq 4.03522, L1 1.75436, Spectral 0.28737, Gradient 0.47923) | LR 5.00e-06
2026-07-15 16:18:38,046 INFO Epoch 17 | Batch 900/1186 | Loss 4.44646 (Pin 0.84529 [q90 0.43105, q10 0.41424], MS 1.52747, Freq 4.14738, L1 1.81629, Spectral 0.28388, Gradient 0.48360) | LR 5.00e-06
2026-07-15 16:19:00,116 INFO Epoch 17 | Batch 950/1186 | Loss 4.34970 (Pin 0.82129 [q90 0.41449, q10 0.40680], MS 1.48548, Freq 4.08584, L1 1.77707, Spectral 0.28127, Gradient 0.47836) | LR 5.00e-06
2026-07-15 16:19:22,203 INFO Epoch 17 | Batch 1000/1186 | Loss 4.32134 (Pin 0.80285 [q90 0.41237, q10 0.39047], MS 1.50422, Freq 4.02855, L1 1.73664, Spectral 0.28261, Gradient 0.47120) | LR 5.00e-06
2026-07-15 16:19:44,277 INFO Epoch 17 | Batch 1050/1186 | Loss 4.29772 (Pin 0.82203 [q90 0.42697, q10 0.39506], MS 1.47178, Freq 4.00781, L1 1.75109, Spectral 0.28514, Gradient 0.47297) | LR 5.00e-06
2026-07-15 16:20:06,343 INFO Epoch 17 | Batch 1100/1186 | Loss 4.26694 (Pin 0.81097 [q90 0.42303, q10 0.38794], MS 1.45368, Freq 4.00457, L1 1.73531, Spectral 0.28352, Gradient 0.47217) | LR 5.00e-06
2026-07-15 16:20:28,401 INFO Epoch 17 | Batch 1150/1186 | Loss 4.41318 (Pin 0.82618 [q90 0.42488, q10 0.40130], MS 1.52114, Freq 4.13173, L1 1.79121, Spectral 0.28615, Gradient 0.48224) | LR 5.00e-06
2026-07-15 16:21:21,168 INFO Epoch 17 | Val Loss 4.85408 (Pin 0.78716 [q90 0.40661, q10 0.38055], MS 2.06469, Freq 4.00448, L1 1.73305, Spectral 0.28141, Gradient 0.47140)
2026-07-15 16:21:21,168 INFO Epoch 17 | Coverage q10/q50/q90 = 0.100/0.503/0.896 (nominal .10/.50/.90) | extreme tail = 0.133/0.469/0.847
2026-07-15 16:21:43,449 INFO Epoch 18 | Batch 50/1186 | Loss 4.22923 (Pin 0.81392 [q90 0.42050, q10 0.39342], MS 1.40898, Freq 4.01267, L1 1.75688, Spectral 0.27530, Gradient 0.46667) | LR 5.00e-06
2026-07-15 16:22:05,531 INFO Epoch 18 | Batch 100/1186 | Loss 4.27735 (Pin 0.83361 [q90 0.42738, q10 0.40623], MS 1.40432, Freq 4.07882, L1 1.78194, Spectral 0.28449, Gradient 0.47489) | LR 5.00e-06
2026-07-15 16:22:27,605 INFO Epoch 18 | Batch 150/1186 | Loss 4.24644 (Pin 0.80328 [q90 0.41036, q10 0.39293], MS 1.45868, Freq 3.96894, L1 1.73310, Spectral 0.28558, Gradient 0.47411) | LR 5.00e-06
2026-07-15 16:22:49,687 INFO Epoch 18 | Batch 200/1186 | Loss 4.28100 (Pin 0.81766 [q90 0.41442, q10 0.40323], MS 1.46372, Freq 3.99926, L1 1.77202, Spectral 0.27857, Gradient 0.46569) | LR 5.00e-06
2026-07-15 16:23:11,772 INFO Epoch 18 | Batch 250/1186 | Loss 4.30388 (Pin 0.82306 [q90 0.41775, q10 0.40532], MS 1.47137, Freq 4.01890, L1 1.76614, Spectral 0.28219, Gradient 0.47306) | LR 5.00e-06
2026-07-15 16:23:33,826 INFO Epoch 18 | Batch 300/1186 | Loss 4.26079 (Pin 0.82621 [q90 0.42448, q10 0.40174], MS 1.42244, Freq 4.02429, L1 1.76670, Spectral 0.28592, Gradient 0.47416) | LR 5.00e-06
2026-07-15 16:23:55,879 INFO Epoch 18 | Batch 350/1186 | Loss 4.24030 (Pin 0.80387 [q90 0.41500, q10 0.38887], MS 1.46396, Freq 3.94493, L1 1.71333, Spectral 0.28333, Gradient 0.47084) | LR 5.00e-06
2026-07-15 16:24:17,903 INFO Epoch 18 | Batch 400/1186 | Loss 4.30563 (Pin 0.81275 [q90 0.42429, q10 0.38846], MS 1.48511, Freq 4.01554, L1 1.74230, Spectral 0.28842, Gradient 0.47784) | LR 5.00e-06
2026-07-15 16:24:39,963 INFO Epoch 18 | Batch 450/1186 | Loss 4.26814 (Pin 0.81294 [q90 0.41384, q10 0.39911], MS 1.46301, Freq 3.98439, L1 1.74392, Spectral 0.28182, Gradient 0.46870) | LR 5.00e-06
2026-07-15 16:25:02,018 INFO Epoch 18 | Batch 500/1186 | Loss 4.33522 (Pin 0.82221 [q90 0.41689, q10 0.40532], MS 1.50847, Freq 4.00909, L1 1.76546, Spectral 0.28160, Gradient 0.46895) | LR 5.00e-06
2026-07-15 16:25:24,067 INFO Epoch 18 | Batch 550/1186 | Loss 4.24481 (Pin 0.80876 [q90 0.41695, q10 0.39181], MS 1.47222, Freq 3.92766, L1 1.73231, Spectral 0.28482, Gradient 0.46412) | LR 5.00e-06
2026-07-15 16:25:46,107 INFO Epoch 18 | Batch 600/1186 | Loss 4.34859 (Pin 0.82339 [q90 0.41913, q10 0.40426], MS 1.52054, Freq 4.00933, L1 1.75668, Spectral 0.27564, Gradient 0.46709) | LR 5.00e-06
2026-07-15 16:26:08,164 INFO Epoch 18 | Batch 650/1186 | Loss 4.30935 (Pin 0.81018 [q90 0.41473, q10 0.39544], MS 1.47470, Freq 4.04895, L1 1.74329, Spectral 0.28679, Gradient 0.48079) | LR 5.00e-06
2026-07-15 16:26:30,229 INFO Epoch 18 | Batch 700/1186 | Loss 4.24475 (Pin 0.82127 [q90 0.42092, q10 0.40035], MS 1.44920, Freq 3.94856, L1 1.74618, Spectral 0.28417, Gradient 0.46917) | LR 5.00e-06
2026-07-15 16:26:52,313 INFO Epoch 18 | Batch 750/1186 | Loss 4.28706 (Pin 0.78765 [q90 0.40192, q10 0.38572], MS 1.50831, Freq 3.98221, L1 1.70359, Spectral 0.28927, Gradient 0.47903) | LR 5.00e-06
2026-07-15 16:27:14,358 INFO Epoch 18 | Batch 800/1186 | Loss 4.30415 (Pin 0.81589 [q90 0.42011, q10 0.39578], MS 1.46678, Freq 4.04297, L1 1.75473, Spectral 0.28717, Gradient 0.47656) | LR 5.00e-06
2026-07-15 16:27:36,390 INFO Epoch 18 | Batch 850/1186 | Loss 4.36850 (Pin 0.82433 [q90 0.42545, q10 0.39888], MS 1.48259, Freq 4.12317, L1 1.79050, Spectral 0.28543, Gradient 0.48080) | LR 5.00e-06
2026-07-15 16:27:58,395 INFO Epoch 18 | Batch 900/1186 | Loss 4.35099 (Pin 0.83454 [q90 0.43381, q10 0.40073], MS 1.44928, Freq 4.13434, L1 1.81795, Spectral 0.28405, Gradient 0.48319) | LR 5.00e-06
2026-07-15 16:28:20,458 INFO Epoch 18 | Batch 950/1186 | Loss 4.35251 (Pin 0.83082 [q90 0.42009, q10 0.41074], MS 1.48202, Freq 4.07933, L1 1.79087, Spectral 0.28990, Gradient 0.48397) | LR 5.00e-06
2026-07-15 16:28:42,521 INFO Epoch 18 | Batch 1000/1186 | Loss 4.41988 (Pin 0.82031 [q90 0.42198, q10 0.39833], MS 1.52941, Freq 4.14032, L1 1.78310, Spectral 0.28420, Gradient 0.48058) | LR 5.00e-06
2026-07-15 16:29:04,598 INFO Epoch 18 | Batch 1050/1186 | Loss 4.32161 (Pin 0.81564 [q90 0.42042, q10 0.39523], MS 1.44459, Freq 4.12275, L1 1.77019, Spectral 0.28513, Gradient 0.48204) | LR 5.00e-06
2026-07-15 16:29:26,613 INFO Epoch 18 | Batch 1100/1186 | Loss 4.28748 (Pin 0.81098 [q90 0.41772, q10 0.39326], MS 1.48538, Freq 3.98225, L1 1.73535, Spectral 0.28366, Gradient 0.47352) | LR 5.00e-06
2026-07-15 16:29:48,664 INFO Epoch 18 | Batch 1150/1186 | Loss 4.28403 (Pin 0.80915 [q90 0.41612, q10 0.39303], MS 1.44988, Freq 4.05000, L1 1.75506, Spectral 0.28236, Gradient 0.47614) | LR 5.00e-06
2026-07-15 16:30:41,838 INFO Epoch 18 | Val Loss 4.85542 (Pin 0.78676 [q90 0.40665, q10 0.38011], MS 2.06626, Freq 4.00480, L1 1.73275, Spectral 0.27874, Gradient 0.46841)
2026-07-15 16:30:41,839 INFO Epoch 18 | Coverage q10/q50/q90 = 0.101/0.503/0.895 (nominal .10/.50/.90) | extreme tail = 0.131/0.459/0.846
2026-07-15 16:31:04,145 INFO Epoch 19 | Batch 50/1186 | Loss 4.39729 (Pin 0.81491 [q90 0.41369, q10 0.40123], MS 1.56022, Freq 4.04432, L1 1.76240, Spectral 0.28568, Gradient 0.47840) | LR 5.00e-06
2026-07-15 16:31:26,216 INFO Epoch 19 | Batch 100/1186 | Loss 4.19113 (Pin 0.78558 [q90 0.40664, q10 0.37894], MS 1.44620, Freq 3.91869, L1 1.68878, Spectral 0.27991, Gradient 0.46734) | LR 5.00e-06
2026-07-15 16:31:48,267 INFO Epoch 19 | Batch 150/1186 | Loss 4.25886 (Pin 0.80731 [q90 0.41570, q10 0.39161], MS 1.42455, Freq 4.05398, L1 1.75345, Spectral 0.28652, Gradient 0.48171) | LR 5.00e-06
2026-07-15 16:32:10,315 INFO Epoch 19 | Batch 200/1186 | Loss 4.17729 (Pin 0.79790 [q90 0.40887, q10 0.38903], MS 1.40991, Freq 3.93896, L1 1.71779, Spectral 0.27924, Gradient 0.46312) | LR 5.00e-06
2026-07-15 16:32:32,381 INFO Epoch 19 | Batch 250/1186 | Loss 4.29364 (Pin 0.80149 [q90 0.41384, q10 0.38765], MS 1.46498, Freq 4.05435, L1 1.74199, Spectral 0.28618, Gradient 0.47770) | LR 5.00e-06
2026-07-15 16:32:54,430 INFO Epoch 19 | Batch 300/1186 | Loss 4.35393 (Pin 0.82828 [q90 0.42093, q10 0.40734], MS 1.48234, Freq 4.08664, L1 1.78566, Spectral 0.28809, Gradient 0.48186) | LR 5.00e-06
2026-07-15 16:33:16,489 INFO Epoch 19 | Batch 350/1186 | Loss 4.33568 (Pin 0.81544 [q90 0.41871, q10 0.39674], MS 1.48765, Freq 4.06517, L1 1.76503, Spectral 0.28233, Gradient 0.47500) | LR 5.00e-06
2026-07-15 16:33:38,553 INFO Epoch 19 | Batch 400/1186 | Loss 4.33272 (Pin 0.84404 [q90 0.43044, q10 0.41360], MS 1.45725, Freq 4.06288, L1 1.80884, Spectral 0.28321, Gradient 0.46990) | LR 5.00e-06
2026-07-15 16:34:00,617 INFO Epoch 19 | Batch 450/1186 | Loss 4.27672 (Pin 0.82860 [q90 0.42559, q10 0.40301], MS 1.45503, Freq 3.98618, L1 1.76500, Spectral 0.27993, Gradient 0.46650) | LR 5.00e-06
2026-07-15 16:34:22,645 INFO Epoch 19 | Batch 500/1186 | Loss 4.22470 (Pin 0.81631 [q90 0.42113, q10 0.39518], MS 1.40516, Freq 4.00647, L1 1.75156, Spectral 0.28195, Gradient 0.46990) | LR 5.00e-06
2026-07-15 16:34:44,670 INFO Epoch 19 | Batch 550/1186 | Loss 4.24176 (Pin 0.80400 [q90 0.40988, q10 0.39412], MS 1.41845, Freq 4.03861, L1 1.74285, Spectral 0.28067, Gradient 0.47016) | LR 5.00e-06
2026-07-15 16:35:06,728 INFO Epoch 19 | Batch 600/1186 | Loss 4.25097 (Pin 0.80444 [q90 0.41366, q10 0.39078], MS 1.45436, Freq 3.98434, L1 1.72956, Spectral 0.28190, Gradient 0.47130) | LR 5.00e-06
2026-07-15 16:35:28,907 INFO Epoch 19 | Batch 650/1186 | Loss 4.36393 (Pin 0.83452 [q90 0.42630, q10 0.40822], MS 1.51278, Freq 4.03327, L1 1.78457, Spectral 0.28872, Gradient 0.47781) | LR 5.00e-06
2026-07-15 16:35:50,970 INFO Epoch 19 | Batch 700/1186 | Loss 4.30819 (Pin 0.82408 [q90 0.42322, q10 0.40086], MS 1.45510, Freq 4.05802, L1 1.77824, Spectral 0.28036, Gradient 0.47472) | LR 5.00e-06
2026-07-15 16:36:12,987 INFO Epoch 19 | Batch 750/1186 | Loss 4.30793 (Pin 0.81230 [q90 0.41742, q10 0.39489], MS 1.50382, Freq 3.98361, L1 1.74545, Spectral 0.28274, Gradient 0.46903) | LR 5.00e-06
2026-07-15 16:36:35,050 INFO Epoch 19 | Batch 800/1186 | Loss 4.22312 (Pin 0.81787 [q90 0.41594, q10 0.40192], MS 1.37846, Freq 4.05357, L1 1.77505, Spectral 0.29125, Gradient 0.48393) | LR 5.00e-06
2026-07-15 16:36:57,099 INFO Epoch 19 | Batch 850/1186 | Loss 4.32355 (Pin 0.82370 [q90 0.42521, q10 0.39850], MS 1.46420, Freq 4.07129, L1 1.76769, Spectral 0.28312, Gradient 0.47732) | LR 5.00e-06
2026-07-15 16:37:19,111 INFO Epoch 19 | Batch 900/1186 | Loss 4.28931 (Pin 0.80504 [q90 0.41083, q10 0.39421], MS 1.49572, Freq 3.97711, L1 1.74367, Spectral 0.28329, Gradient 0.47182) | LR 5.00e-06
2026-07-15 16:37:41,138 INFO Epoch 19 | Batch 950/1186 | Loss 4.30813 (Pin 0.81313 [q90 0.41693, q10 0.39620], MS 1.49041, Freq 4.00918, L1 1.75655, Spectral 0.28754, Gradient 0.47183) | LR 5.00e-06
2026-07-15 16:38:03,170 INFO Epoch 19 | Batch 1000/1186 | Loss 4.37907 (Pin 0.83578 [q90 0.42934, q10 0.40644], MS 1.50502, Freq 4.07654, L1 1.79169, Spectral 0.28268, Gradient 0.47915) | LR 5.00e-06
2026-07-15 16:38:25,228 INFO Epoch 19 | Batch 1050/1186 | Loss 4.37504 (Pin 0.84197 [q90 0.43209, q10 0.40988], MS 1.49069, Freq 4.08476, L1 1.80130, Spectral 0.27797, Gradient 0.47338) | LR 5.00e-06
2026-07-15 16:38:47,283 INFO Epoch 19 | Batch 1100/1186 | Loss 4.21639 (Pin 0.80037 [q90 0.41154, q10 0.38882], MS 1.39124, Freq 4.04956, L1 1.73773, Spectral 0.28371, Gradient 0.47637) | LR 5.00e-06
2026-07-15 16:39:09,342 INFO Epoch 19 | Batch 1150/1186 | Loss 4.31182 (Pin 0.81471 [q90 0.42239, q10 0.39232], MS 1.49437, Freq 4.00547, L1 1.73280, Spectral 0.28289, Gradient 0.47472) | LR 5.00e-06
2026-07-15 16:40:02,530 INFO Epoch 19 | Val Loss 4.85484 (Pin 0.78691 [q90 0.40692, q10 0.37999], MS 2.05210, Freq 4.03168, L1 1.73474, Spectral 0.28103, Gradient 0.47474)
2026-07-15 16:40:02,530 INFO Epoch 19 | Coverage q10/q50/q90 = 0.101/0.495/0.892 (nominal .10/.50/.90) | extreme tail = 0.137/0.468/0.849
2026-07-15 16:40:24,825 INFO Epoch 20 | Batch 50/1186 | Loss 4.30142 (Pin 0.81650 [q90 0.41891, q10 0.39759], MS 1.48693, Freq 3.99597, L1 1.74432, Spectral 0.28312, Gradient 0.47338) | LR 5.00e-06
2026-07-15 16:40:46,898 INFO Epoch 20 | Batch 100/1186 | Loss 4.15852 (Pin 0.77862 [q90 0.40212, q10 0.37650], MS 1.42277, Freq 3.91425, L1 1.68385, Spectral 0.27966, Gradient 0.46301) | LR 5.00e-06
2026-07-15 16:41:08,951 INFO Epoch 20 | Batch 150/1186 | Loss 4.19718 (Pin 0.80654 [q90 0.41768, q10 0.38886], MS 1.40006, Freq 3.98116, L1 1.72943, Spectral 0.27887, Gradient 0.46792) | LR 5.00e-06
2026-07-15 16:41:31,014 INFO Epoch 20 | Batch 200/1186 | Loss 4.30229 (Pin 0.80033 [q90 0.40821, q10 0.39213], MS 1.48328, Freq 4.03736, L1 1.73812, Spectral 0.29010, Gradient 0.48073) | LR 5.00e-06
2026-07-15 16:41:53,069 INFO Epoch 20 | Batch 250/1186 | Loss 4.31563 (Pin 0.83162 [q90 0.42285, q10 0.40878], MS 1.44990, Freq 4.06822, L1 1.78350, Spectral 0.28926, Gradient 0.48178) | LR 5.00e-06
2026-07-15 16:42:15,126 INFO Epoch 20 | Batch 300/1186 | Loss 4.34563 (Pin 0.83321 [q90 0.42847, q10 0.40474], MS 1.47247, Freq 4.07989, L1 1.79512, Spectral 0.28283, Gradient 0.48086) | LR 5.00e-06
2026-07-15 16:42:37,188 INFO Epoch 20 | Batch 350/1186 | Loss 4.25775 (Pin 0.79467 [q90 0.40906, q10 0.38561], MS 1.47470, Freq 3.97675, L1 1.70915, Spectral 0.29540, Gradient 0.48098) | LR 5.00e-06
2026-07-15 16:42:59,254 INFO Epoch 20 | Batch 400/1186 | Loss 4.40180 (Pin 0.82375 [q90 0.42183, q10 0.40192], MS 1.50371, Freq 4.14867, L1 1.79430, Spectral 0.29276, Gradient 0.49264) | LR 5.00e-06
2026-07-15 16:43:21,303 INFO Epoch 20 | Batch 450/1186 | Loss 4.27072 (Pin 0.80712 [q90 0.41687, q10 0.39026], MS 1.45797, Freq 4.01126, L1 1.74639, Spectral 0.28365, Gradient 0.47115) | LR 5.00e-06
2026-07-15 16:43:43,362 INFO Epoch 20 | Batch 500/1186 | Loss 4.19039 (Pin 0.80119 [q90 0.40722, q10 0.39397], MS 1.40862, Freq 3.96118, L1 1.73030, Spectral 0.27800, Gradient 0.46458) | LR 5.00e-06
2026-07-15 16:44:05,422 INFO Epoch 20 | Batch 550/1186 | Loss 4.30628 (Pin 0.81518 [q90 0.42120, q10 0.39398], MS 1.47738, Freq 4.02744, L1 1.76121, Spectral 0.28877, Gradient 0.47815) | LR 5.00e-06
2026-07-15 16:44:27,482 INFO Epoch 20 | Batch 600/1186 | Loss 4.39233 (Pin 0.85571 [q90 0.44572, q10 0.41000], MS 1.48643, Freq 4.10038, L1 1.82493, Spectral 0.28384, Gradient 0.48088) | LR 5.00e-06
2026-07-15 16:44:49,541 INFO Epoch 20 | Batch 650/1186 | Loss 4.39769 (Pin 0.84036 [q90 0.42489, q10 0.41547], MS 1.50433, Freq 4.10601, L1 1.79621, Spectral 0.28869, Gradient 0.48467) | LR 5.00e-06
2026-07-15 16:45:11,610 INFO Epoch 20 | Batch 700/1186 | Loss 4.37404 (Pin 0.81167 [q90 0.41473, q10 0.39695], MS 1.55477, Freq 4.01520, L1 1.76445, Spectral 0.28078, Gradient 0.47042) | LR 5.00e-06
2026-07-15 16:45:33,669 INFO Epoch 20 | Batch 750/1186 | Loss 4.39393 (Pin 0.81838 [q90 0.42077, q10 0.39761], MS 1.54929, Freq 4.05251, L1 1.76549, Spectral 0.28399, Gradient 0.47757) | LR 5.00e-06
2026-07-15 16:45:55,687 INFO Epoch 20 | Batch 800/1186 | Loss 4.14835 (Pin 0.78365 [q90 0.40267, q10 0.38098], MS 1.39594, Freq 3.93752, L1 1.69338, Spectral 0.27141, Gradient 0.45982) | LR 5.00e-06
2026-07-15 16:46:17,704 INFO Epoch 20 | Batch 850/1186 | Loss 4.21972 (Pin 0.80524 [q90 0.41395, q10 0.39129], MS 1.43376, Freq 3.96146, L1 1.73675, Spectral 0.27478, Gradient 0.46586) | LR 5.00e-06
2026-07-15 16:46:39,720 INFO Epoch 20 | Batch 900/1186 | Loss 4.45721 (Pin 0.84512 [q90 0.43603, q10 0.40909], MS 1.57155, Freq 4.08108, L1 1.80202, Spectral 0.28476, Gradient 0.47719) | LR 5.00e-06
2026-07-15 16:47:01,727 INFO Epoch 20 | Batch 950/1186 | Loss 4.37237 (Pin 0.83019 [q90 0.42648, q10 0.40371], MS 1.48937, Freq 4.10560, L1 1.79405, Spectral 0.28614, Gradient 0.47989) | LR 5.00e-06
2026-07-15 16:47:23,736 INFO Epoch 20 | Batch 1000/1186 | Loss 4.37461 (Pin 0.82054 [q90 0.42689, q10 0.39365], MS 1.52116, Freq 4.06582, L1 1.77402, Spectral 0.28488, Gradient 0.47782) | LR 5.00e-06
2026-07-15 16:47:45,758 INFO Epoch 20 | Batch 1050/1186 | Loss 4.24199 (Pin 0.82905 [q90 0.42412, q10 0.40493], MS 1.39546, Freq 4.03497, L1 1.78478, Spectral 0.28080, Gradient 0.47046) | LR 5.00e-06
2026-07-15 16:48:07,773 INFO Epoch 20 | Batch 1100/1186 | Loss 4.36108 (Pin 0.81025 [q90 0.41232, q10 0.39793], MS 1.52371, Freq 4.05424, L1 1.75161, Spectral 0.28304, Gradient 0.47623) | LR 5.00e-06
2026-07-15 16:48:29,820 INFO Epoch 20 | Batch 1150/1186 | Loss 4.33204 (Pin 0.81802 [q90 0.41270, q10 0.40532], MS 1.49887, Freq 4.03031, L1 1.74869, Spectral 0.29234, Gradient 0.47860) | LR 5.00e-06
2026-07-15 16:49:22,938 INFO Epoch 20 | Val Loss 4.86292 (Pin 0.78843 [q90 0.40801, q10 0.38042], MS 2.09322, Freq 3.96253, L1 1.72694, Spectral 0.27843, Gradient 0.46385)
2026-07-15 16:49:22,938 INFO Epoch 20 | Coverage q10/q50/q90 = 0.096/0.485/0.884 (nominal .10/.50/.90) | extreme tail = 0.132/0.461/0.839
2026-07-15 16:49:45,134 INFO Epoch 21 | Batch 50/1186 | Loss 4.36795 (Pin 0.83140 [q90 0.43163, q10 0.39977], MS 1.51726, Freq 4.03858, L1 1.78573, Spectral 0.28585, Gradient 0.47701) | LR 5.00e-06
2026-07-15 16:50:07,124 INFO Epoch 21 | Batch 100/1186 | Loss 4.27803 (Pin 0.81186 [q90 0.41831, q10 0.39355], MS 1.47326, Freq 3.98582, L1 1.74306, Spectral 0.28039, Gradient 0.46896) | LR 5.00e-06
2026-07-15 16:50:29,104 INFO Epoch 21 | Batch 150/1186 | Loss 4.29079 (Pin 0.81733 [q90 0.41804, q10 0.39930], MS 1.45839, Freq 4.03015, L1 1.75641, Spectral 0.28413, Gradient 0.47395) | LR 5.00e-06
2026-07-15 16:50:51,092 INFO Epoch 21 | Batch 200/1186 | Loss 4.45629 (Pin 0.84950 [q90 0.43281, q10 0.41670], MS 1.53011, Freq 4.15336, L1 1.83166, Spectral 0.28838, Gradient 0.48934) | LR 5.00e-06
2026-07-15 16:51:13,082 INFO Epoch 21 | Batch 250/1186 | Loss 4.23545 (Pin 0.79495 [q90 0.40315, q10 0.39179], MS 1.44031, Freq 4.00038, L1 1.72075, Spectral 0.28792, Gradient 0.47640) | LR 5.00e-06
2026-07-15 16:51:35,085 INFO Epoch 21 | Batch 300/1186 | Loss 4.22433 (Pin 0.80578 [q90 0.41638, q10 0.38940], MS 1.42096, Freq 3.99518, L1 1.74328, Spectral 0.28017, Gradient 0.46722) | LR 5.00e-06
2026-07-15 16:51:57,076 INFO Epoch 21 | Batch 350/1186 | Loss 4.31889 (Pin 0.82821 [q90 0.42361, q10 0.40461], MS 1.50431, Freq 3.97273, L1 1.75728, Spectral 0.28146, Gradient 0.46889) | LR 5.00e-06
2026-07-15 16:52:19,060 INFO Epoch 21 | Batch 400/1186 | Loss 4.41598 (Pin 0.82966 [q90 0.42350, q10 0.40616], MS 1.56784, Freq 4.03696, L1 1.77365, Spectral 0.27809, Gradient 0.47324) | LR 5.00e-06
2026-07-15 16:52:41,087 INFO Epoch 21 | Batch 450/1186 | Loss 4.23927 (Pin 0.78517 [q90 0.40261, q10 0.38256], MS 1.46878, Freq 3.97063, L1 1.70396, Spectral 0.27717, Gradient 0.46752) | LR 5.00e-06
2026-07-15 16:53:03,111 INFO Epoch 21 | Batch 500/1186 | Loss 4.28408 (Pin 0.81858 [q90 0.41966, q10 0.39892], MS 1.43283, Freq 4.06533, L1 1.76533, Spectral 0.28349, Gradient 0.47694) | LR 5.00e-06
2026-07-15 16:53:25,142 INFO Epoch 21 | Batch 550/1186 | Loss 4.25679 (Pin 0.81027 [q90 0.41869, q10 0.39158], MS 1.42181, Freq 4.04942, L1 1.75294, Spectral 0.28096, Gradient 0.47410) | LR 5.00e-06
2026-07-15 16:53:47,170 INFO Epoch 21 | Batch 600/1186 | Loss 4.21867 (Pin 0.79831 [q90 0.40690, q10 0.39141], MS 1.45888, Freq 3.92297, L1 1.70503, Spectral 0.28375, Gradient 0.46579) | LR 5.00e-06
2026-07-15 16:54:09,199 INFO Epoch 21 | Batch 650/1186 | Loss 4.32533 (Pin 0.82995 [q90 0.42675, q10 0.40321], MS 1.48693, Freq 4.01690, L1 1.76400, Spectral 0.28326, Gradient 0.47421) | LR 5.00e-06
2026-07-15 16:54:31,228 INFO Epoch 21 | Batch 700/1186 | Loss 4.36194 (Pin 0.82228 [q90 0.42123, q10 0.40105], MS 1.52614, Freq 4.02704, L1 1.76578, Spectral 0.29007, Gradient 0.47732) | LR 5.00e-06
2026-07-15 16:54:53,258 INFO Epoch 21 | Batch 750/1186 | Loss 4.24650 (Pin 0.80537 [q90 0.41292, q10 0.39245], MS 1.40861, Freq 4.06502, L1 1.73985, Spectral 0.28410, Gradient 0.47849) | LR 5.00e-06
2026-07-15 16:55:15,289 INFO Epoch 21 | Batch 800/1186 | Loss 4.23716 (Pin 0.78900 [q90 0.40333, q10 0.38567], MS 1.43559, Freq 4.02516, L1 1.72845, Spectral 0.29397, Gradient 0.48493) | LR 5.00e-06
2026-07-15 16:55:37,315 INFO Epoch 21 | Batch 850/1186 | Loss 4.34053 (Pin 0.83249 [q90 0.42645, q10 0.40604], MS 1.48294, Freq 4.05019, L1 1.79381, Spectral 0.28537, Gradient 0.47657) | LR 5.00e-06
2026-07-15 16:55:59,324 INFO Epoch 21 | Batch 900/1186 | Loss 4.18617 (Pin 0.79148 [q90 0.41159, q10 0.37989], MS 1.42823, Freq 3.93292, L1 1.70267, Spectral 0.28561, Gradient 0.47036) | LR 5.00e-06
2026-07-15 16:56:21,311 INFO Epoch 21 | Batch 950/1186 | Loss 4.46431 (Pin 0.85581 [q90 0.44544, q10 0.41037], MS 1.53955, Freq 4.13791, L1 1.82786, Spectral 0.29360, Gradient 0.48788) | LR 5.00e-06
2026-07-15 16:56:43,308 INFO Epoch 21 | Batch 1000/1186 | Loss 4.25988 (Pin 0.81065 [q90 0.41450, q10 0.39616], MS 1.46181, Freq 3.97483, L1 1.74324, Spectral 0.27643, Gradient 0.46552) | LR 5.00e-06
2026-07-15 16:57:05,289 INFO Epoch 21 | Batch 1050/1186 | Loss 4.33375 (Pin 0.83089 [q90 0.42579, q10 0.40511], MS 1.45645, Freq 4.09281, L1 1.79932, Spectral 0.28191, Gradient 0.47639) | LR 5.00e-06
2026-07-15 16:57:27,280 INFO Epoch 21 | Batch 1100/1186 | Loss 4.33302 (Pin 0.81655 [q90 0.41812, q10 0.39843], MS 1.49813, Freq 4.03669, L1 1.75951, Spectral 0.28696, Gradient 0.47672) | LR 5.00e-06
2026-07-15 16:57:49,283 INFO Epoch 21 | Batch 1150/1186 | Loss 4.08422 (Pin 0.79305 [q90 0.40340, q10 0.38965], MS 1.33394, Freq 3.91447, L1 1.70506, Spectral 0.27789, Gradient 0.46332) | LR 5.00e-06
2026-07-15 16:58:42,002 INFO Epoch 21 | Val Loss 4.90921 (Pin 0.78700 [q90 0.40583, q10 0.38117], MS 2.07984, Freq 4.08475, L1 1.74650, Spectral 0.28035, Gradient 0.47583)
2026-07-15 16:58:42,002 INFO Epoch 21 | Coverage q10/q50/q90 = 0.092/0.486/0.896 (nominal .10/.50/.90) | extreme tail = 0.130/0.457/0.851
2026-07-15 16:59:04,255 INFO Epoch 22 | Batch 50/1186 | Loss 4.20063 (Pin 0.79390 [q90 0.40911, q10 0.38479], MS 1.41842, Freq 3.97663, L1 1.72076, Spectral 0.27733, Gradient 0.46595) | LR 5.00e-06
2026-07-15 16:59:26,281 INFO Epoch 22 | Batch 100/1186 | Loss 4.26400 (Pin 0.80153 [q90 0.41283, q10 0.38870], MS 1.47221, Freq 3.98051, L1 1.73113, Spectral 0.27830, Gradient 0.46731) | LR 5.00e-06
2026-07-15 16:59:48,438 INFO Epoch 22 | Batch 150/1186 | Loss 4.28706 (Pin 0.81306 [q90 0.41481, q10 0.39825], MS 1.46810, Freq 4.01180, L1 1.74007, Spectral 0.28212, Gradient 0.47074) | LR 5.00e-06
2026-07-15 17:00:10,452 INFO Epoch 22 | Batch 200/1186 | Loss 4.17688 (Pin 0.77834 [q90 0.40256, q10 0.37579], MS 1.43142, Freq 3.93421, L1 1.68642, Spectral 0.28352, Gradient 0.47003) | LR 5.00e-06
2026-07-15 17:00:32,470 INFO Epoch 22 | Batch 250/1186 | Loss 4.24834 (Pin 0.78749 [q90 0.39832, q10 0.38917], MS 1.46581, Freq 3.99009, L1 1.72341, Spectral 0.28712, Gradient 0.47674) | LR 5.00e-06
2026-07-15 17:00:54,498 INFO Epoch 22 | Batch 300/1186 | Loss 4.21492 (Pin 0.80649 [q90 0.41683, q10 0.38965], MS 1.41326, Freq 3.99036, L1 1.73016, Spectral 0.28311, Gradient 0.47381) | LR 5.00e-06
2026-07-15 17:01:16,535 INFO Epoch 22 | Batch 350/1186 | Loss 4.22895 (Pin 0.80984 [q90 0.42047, q10 0.38937], MS 1.44311, Freq 3.95199, L1 1.73103, Spectral 0.28341, Gradient 0.46959) | LR 5.00e-06
2026-07-15 17:01:38,589 INFO Epoch 22 | Batch 400/1186 | Loss 4.32676 (Pin 0.82010 [q90 0.41712, q10 0.40297], MS 1.49250, Freq 4.02833, L1 1.76820, Spectral 0.28204, Gradient 0.47107) | LR 5.00e-06
2026-07-15 17:02:00,642 INFO Epoch 22 | Batch 450/1186 | Loss 4.42196 (Pin 0.84919 [q90 0.43859, q10 0.41060], MS 1.52093, Freq 4.10366, L1 1.81737, Spectral 0.28700, Gradient 0.48182) | LR 5.00e-06
2026-07-15 17:02:22,707 INFO Epoch 22 | Batch 500/1186 | Loss 4.39134 (Pin 0.83217 [q90 0.42921, q10 0.40296], MS 1.50816, Freq 4.10202, L1 1.78261, Spectral 0.28610, Gradient 0.48411) | LR 5.00e-06
2026-07-15 17:02:44,777 INFO Epoch 22 | Batch 550/1186 | Loss 4.24275 (Pin 0.80762 [q90 0.41376, q10 0.39386], MS 1.44141, Freq 3.98744, L1 1.74436, Spectral 0.28113, Gradient 0.46825) | LR 5.00e-06
2026-07-15 17:03:06,833 INFO Epoch 22 | Batch 600/1186 | Loss 4.40894 (Pin 0.82368 [q90 0.42309, q10 0.40060], MS 1.58010, Freq 4.01032, L1 1.76638, Spectral 0.28306, Gradient 0.47130) | LR 5.00e-06
2026-07-15 17:03:28,905 INFO Epoch 22 | Batch 650/1186 | Loss 4.30964 (Pin 0.81769 [q90 0.42576, q10 0.39194], MS 1.46865, Freq 4.04659, L1 1.76177, Spectral 0.28832, Gradient 0.48200) | LR 5.00e-06
2026-07-15 17:03:50,973 INFO Epoch 22 | Batch 700/1186 | Loss 4.29427 (Pin 0.82059 [q90 0.41590, q10 0.40469], MS 1.42322, Freq 4.10092, L1 1.76487, Spectral 0.28712, Gradient 0.48296) | LR 5.00e-06
2026-07-15 17:04:13,037 INFO Epoch 22 | Batch 750/1186 | Loss 4.30207 (Pin 0.80176 [q90 0.41005, q10 0.39171], MS 1.50891, Freq 3.98281, L1 1.71945, Spectral 0.28938, Gradient 0.47773) | LR 5.00e-06
2026-07-15 17:04:35,112 INFO Epoch 22 | Batch 800/1186 | Loss 4.28604 (Pin 0.81556 [q90 0.41722, q10 0.39833], MS 1.45988, Freq 4.02120, L1 1.74950, Spectral 0.28854, Gradient 0.47772) | LR 5.00e-06
2026-07-15 17:04:57,175 INFO Epoch 22 | Batch 850/1186 | Loss 4.33355 (Pin 0.83640 [q90 0.42495, q10 0.41145], MS 1.47155, Freq 4.05121, L1 1.78447, Spectral 0.27769, Gradient 0.46960) | LR 5.00e-06
2026-07-15 17:05:19,244 INFO Epoch 22 | Batch 900/1186 | Loss 4.29589 (Pin 0.81359 [q90 0.41792, q10 0.39566], MS 1.47053, Freq 4.02356, L1 1.76050, Spectral 0.28528, Gradient 0.47451) | LR 5.00e-06
2026-07-15 17:05:41,315 INFO Epoch 22 | Batch 950/1186 | Loss 4.36656 (Pin 0.83929 [q90 0.42627, q10 0.41302], MS 1.48574, Freq 4.08306, L1 1.80122, Spectral 0.27981, Gradient 0.47249) | LR 5.00e-06
2026-07-15 17:06:03,331 INFO Epoch 22 | Batch 1000/1186 | Loss 4.26559 (Pin 0.81182 [q90 0.41341, q10 0.39841], MS 1.43494, Freq 4.03766, L1 1.76916, Spectral 0.27605, Gradient 0.46948) | LR 5.00e-06
2026-07-15 17:06:25,362 INFO Epoch 22 | Batch 1050/1186 | Loss 4.33062 (Pin 0.81347 [q90 0.41593, q10 0.39754], MS 1.46755, Freq 4.09920, L1 1.75435, Spectral 0.28709, Gradient 0.48792) | LR 5.00e-06
2026-07-15 17:06:47,379 INFO Epoch 22 | Batch 1100/1186 | Loss 4.23100 (Pin 0.81041 [q90 0.41868, q10 0.39172], MS 1.41749, Freq 4.00620, L1 1.74810, Spectral 0.28174, Gradient 0.47160) | LR 5.00e-06
2026-07-15 17:07:09,391 INFO Epoch 22 | Batch 1150/1186 | Loss 4.38057 (Pin 0.83334 [q90 0.42899, q10 0.40435], MS 1.49319, Freq 4.10806, L1 1.78693, Spectral 0.29389, Gradient 0.48607) | LR 5.00e-06
2026-07-15 17:08:02,522 INFO Epoch 22 | Val Loss 4.87894 (Pin 0.78733 [q90 0.40572, q10 0.38161], MS 2.06119, Freq 4.06085, L1 1.74332, Spectral 0.27897, Gradient 0.47314)
2026-07-15 17:08:02,522 INFO Epoch 22 | Coverage q10/q50/q90 = 0.090/0.487/0.895 (nominal .10/.50/.90) | extreme tail = 0.124/0.452/0.852
2026-07-15 17:08:24,764 INFO Epoch 23 | Batch 50/1186 | Loss 4.26994 (Pin 0.81016 [q90 0.41672, q10 0.39343], MS 1.46136, Freq 3.99683, L1 1.74133, Spectral 0.28546, Gradient 0.47360) | LR 5.00e-06
2026-07-15 17:08:46,780 INFO Epoch 23 | Batch 100/1186 | Loss 4.34674 (Pin 0.81709 [q90 0.41815, q10 0.39894], MS 1.48515, Freq 4.08902, L1 1.78287, Spectral 0.28021, Gradient 0.47850) | LR 5.00e-06
2026-07-15 17:09:08,792 INFO Epoch 23 | Batch 150/1186 | Loss 4.31072 (Pin 0.82623 [q90 0.42556, q10 0.40067], MS 1.46587, Freq 4.03723, L1 1.76282, Spectral 0.28293, Gradient 0.47502) | LR 5.00e-06
2026-07-15 17:09:30,830 INFO Epoch 23 | Batch 200/1186 | Loss 4.28037 (Pin 0.82000 [q90 0.42300, q10 0.39700], MS 1.43746, Freq 4.04581, L1 1.76727, Spectral 0.28060, Gradient 0.47060) | LR 5.00e-06
2026-07-15 17:09:52,848 INFO Epoch 23 | Batch 250/1186 | Loss 4.29185 (Pin 0.80814 [q90 0.41245, q10 0.39569], MS 1.47857, Freq 4.01028, L1 1.74513, Spectral 0.28533, Gradient 0.47557) | LR 5.00e-06
2026-07-15 17:10:14,868 INFO Epoch 23 | Batch 300/1186 | Loss 4.23491 (Pin 0.78900 [q90 0.40237, q10 0.38662], MS 1.46668, Freq 3.95846, L1 1.70797, Spectral 0.28132, Gradient 0.47001) | LR 5.00e-06
2026-07-15 17:10:36,884 INFO Epoch 23 | Batch 350/1186 | Loss 4.25743 (Pin 0.80608 [q90 0.41556, q10 0.39052], MS 1.44438, Freq 4.01395, L1 1.73851, Spectral 0.28011, Gradient 0.46807) | LR 5.00e-06
2026-07-15 17:10:58,896 INFO Epoch 23 | Batch 400/1186 | Loss 4.30623 (Pin 0.83078 [q90 0.42187, q10 0.40891], MS 1.44200, Freq 4.06690, L1 1.77688, Spectral 0.28318, Gradient 0.47626) | LR 5.00e-06
2026-07-15 17:11:20,912 INFO Epoch 23 | Batch 450/1186 | Loss 4.34444 (Pin 0.83035 [q90 0.42740, q10 0.40295], MS 1.49592, Freq 4.03633, L1 1.77262, Spectral 0.28934, Gradient 0.47896) | LR 5.00e-06
2026-07-15 17:11:42,927 INFO Epoch 23 | Batch 500/1186 | Loss 4.32521 (Pin 0.82887 [q90 0.43024, q10 0.39863], MS 1.47200, Freq 4.04868, L1 1.78731, Spectral 0.27992, Gradient 0.47190) | LR 5.00e-06
2026-07-15 17:12:04,943 INFO Epoch 23 | Batch 550/1186 | Loss 4.41085 (Pin 0.81909 [q90 0.42317, q10 0.39592], MS 1.54567, Freq 4.09219, L1 1.77682, Spectral 0.29076, Gradient 0.48774) | LR 5.00e-06
2026-07-15 17:12:26,959 INFO Epoch 23 | Batch 600/1186 | Loss 4.29188 (Pin 0.80515 [q90 0.41400, q10 0.39115], MS 1.47228, Freq 4.02891, L1 1.73535, Spectral 0.29386, Gradient 0.48402) | LR 5.00e-06
2026-07-15 17:12:48,977 INFO Epoch 23 | Batch 650/1186 | Loss 4.23118 (Pin 0.79945 [q90 0.40817, q10 0.39129], MS 1.44141, Freq 3.98064, L1 1.72055, Spectral 0.28870, Gradient 0.47938) | LR 5.00e-06
2026-07-15 17:13:10,990 INFO Epoch 23 | Batch 700/1186 | Loss 4.33899 (Pin 0.81479 [q90 0.41787, q10 0.39692], MS 1.51844, Freq 4.01151, L1 1.75421, Spectral 0.28920, Gradient 0.47491) | LR 5.00e-06
2026-07-15 17:13:33,004 INFO Epoch 23 | Batch 750/1186 | Loss 4.19238 (Pin 0.81499 [q90 0.41203, q10 0.40295], MS 1.36685, Freq 4.02109, L1 1.75564, Spectral 0.28506, Gradient 0.47225) | LR 5.00e-06
2026-07-15 17:13:55,024 INFO Epoch 23 | Batch 800/1186 | Loss 4.29606 (Pin 0.83197 [q90 0.42779, q10 0.40418], MS 1.42506, Freq 4.07807, L1 1.79262, Spectral 0.28376, Gradient 0.47926) | LR 5.00e-06
2026-07-15 17:14:17,048 INFO Epoch 23 | Batch 850/1186 | Loss 4.35874 (Pin 0.82132 [q90 0.42138, q10 0.39994], MS 1.51087, Freq 4.05311, L1 1.77961, Spectral 0.28059, Gradient 0.47495) | LR 5.00e-06
2026-07-15 17:14:39,065 INFO Epoch 23 | Batch 900/1186 | Loss 4.30006 (Pin 0.82618 [q90 0.42516, q10 0.40102], MS 1.45733, Freq 4.03310, L1 1.76460, Spectral 0.27840, Gradient 0.46926) | LR 5.00e-06
2026-07-15 17:15:01,066 INFO Epoch 23 | Batch 950/1186 | Loss 4.32798 (Pin 0.83047 [q90 0.42349, q10 0.40698], MS 1.46942, Freq 4.05618, L1 1.78262, Spectral 0.28352, Gradient 0.47573) | LR 5.00e-06
2026-07-15 17:15:23,089 INFO Epoch 23 | Batch 1000/1186 | Loss 4.22426 (Pin 0.80184 [q90 0.41287, q10 0.38897], MS 1.42413, Freq 3.99658, L1 1.72933, Spectral 0.28571, Gradient 0.47321) | LR 5.00e-06
2026-07-15 17:15:45,114 INFO Epoch 23 | Batch 1050/1186 | Loss 4.34908 (Pin 0.80779 [q90 0.41875, q10 0.38903], MS 1.52447, Freq 4.03364, L1 1.74290, Spectral 0.27714, Gradient 0.47230) | LR 5.00e-06
2026-07-15 17:16:07,130 INFO Epoch 23 | Batch 1100/1186 | Loss 4.13029 (Pin 0.79128 [q90 0.40781, q10 0.38347], MS 1.34581, Freq 3.98639, L1 1.72912, Spectral 0.27698, Gradient 0.46814) | LR 5.00e-06
2026-07-15 17:16:29,152 INFO Epoch 23 | Batch 1150/1186 | Loss 4.32324 (Pin 0.81085 [q90 0.41523, q10 0.39562], MS 1.49902, Freq 4.02673, L1 1.73781, Spectral 0.28657, Gradient 0.47625) | LR 5.00e-06
2026-07-15 17:17:22,230 INFO Epoch 23 | Val Loss 4.83791 (Pin 0.78526 [q90 0.40559, q10 0.37967], MS 2.05592, Freq 3.99346, L1 1.72671, Spectral 0.27751, Gradient 0.46583)
2026-07-15 17:17:22,231 INFO Epoch 23 | Coverage q10/q50/q90 = 0.099/0.499/0.895 (nominal .10/.50/.90) | extreme tail = 0.133/0.465/0.851
2026-07-15 17:17:22,574 INFO New best val loss: 4.83791 (saved checkpoints/best.pth)
2026-07-15 17:17:44,661 INFO Epoch 24 | Batch 50/1186 | Loss 4.17474 (Pin 0.78809 [q90 0.39941, q10 0.38868], MS 1.39521, Freq 3.98290, L1 1.69585, Spectral 0.28652, Gradient 0.47550) | LR 5.00e-06
2026-07-15 17:18:06,697 INFO Epoch 24 | Batch 100/1186 | Loss 4.24439 (Pin 0.80646 [q90 0.41575, q10 0.39071], MS 1.43674, Freq 4.00238, L1 1.74165, Spectral 0.27927, Gradient 0.47101) | LR 5.00e-06
2026-07-15 17:18:28,755 INFO Epoch 24 | Batch 150/1186 | Loss 4.37698 (Pin 0.82999 [q90 0.43027, q10 0.39971], MS 1.51001, Freq 4.07397, L1 1.78248, Spectral 0.28605, Gradient 0.47680) | LR 5.00e-06
2026-07-15 17:18:50,772 INFO Epoch 24 | Batch 200/1186 | Loss 4.25073 (Pin 0.82159 [q90 0.41668, q10 0.40491], MS 1.42452, Freq 4.00924, L1 1.74810, Spectral 0.28063, Gradient 0.47203) | LR 5.00e-06
2026-07-15 17:19:12,793 INFO Epoch 24 | Batch 250/1186 | Loss 4.16346 (Pin 0.79699 [q90 0.40732, q10 0.38967], MS 1.39175, Freq 3.94945, L1 1.71477, Spectral 0.28378, Gradient 0.46931) | LR 5.00e-06
2026-07-15 17:19:34,813 INFO Epoch 24 | Batch 300/1186 | Loss 4.25506 (Pin 0.81326 [q90 0.41888, q10 0.39438], MS 1.45236, Freq 3.97888, L1 1.72877, Spectral 0.29013, Gradient 0.47747) | LR 5.00e-06
2026-07-15 17:19:56,841 INFO Epoch 24 | Batch 350/1186 | Loss 4.25012 (Pin 0.81640 [q90 0.42538, q10 0.39102], MS 1.45488, Freq 3.95769, L1 1.73538, Spectral 0.28235, Gradient 0.46822) | LR 5.00e-06
2026-07-15 17:20:18,848 INFO Epoch 24 | Batch 400/1186 | Loss 4.24402 (Pin 0.80505 [q90 0.41227, q10 0.39278], MS 1.41300, Freq 4.05193, L1 1.74027, Spectral 0.29078, Gradient 0.47801) | LR 5.00e-06
2026-07-15 17:20:40,874 INFO Epoch 24 | Batch 450/1186 | Loss 4.20314 (Pin 0.79945 [q90 0.40700, q10 0.39246], MS 1.41864, Freq 3.97009, L1 1.72611, Spectral 0.27479, Gradient 0.46261) | LR 5.00e-06
2026-07-15 17:21:02,902 INFO Epoch 24 | Batch 500/1186 | Loss 4.21025 (Pin 0.81007 [q90 0.41739, q10 0.39267], MS 1.41277, Freq 3.97482, L1 1.74613, Spectral 0.27392, Gradient 0.46422) | LR 5.00e-06
2026-07-15 17:21:24,931 INFO Epoch 24 | Batch 550/1186 | Loss 4.32970 (Pin 0.80451 [q90 0.41135, q10 0.39316], MS 1.53115, Freq 3.98809, L1 1.72460, Spectral 0.28153, Gradient 0.47191) | LR 5.00e-06
2026-07-15 17:21:46,960 INFO Epoch 24 | Batch 600/1186 | Loss 4.28220 (Pin 0.82988 [q90 0.41835, q10 0.41153], MS 1.39834, Freq 4.10798, L1 1.79331, Spectral 0.28204, Gradient 0.47671) | LR 5.00e-06
2026-07-15 17:22:08,994 INFO Epoch 24 | Batch 650/1186 | Loss 4.35714 (Pin 0.82369 [q90 0.42578, q10 0.39791], MS 1.51645, Freq 4.03401, L1 1.76904, Spectral 0.28509, Gradient 0.47810) | LR 5.00e-06
2026-07-15 17:22:31,017 INFO Epoch 24 | Batch 700/1186 | Loss 4.30049 (Pin 0.82433 [q90 0.42511, q10 0.39922], MS 1.44698, Freq 4.05838, L1 1.78440, Spectral 0.27942, Gradient 0.47525) | LR 5.00e-06
2026-07-15 17:22:53,075 INFO Epoch 24 | Batch 750/1186 | Loss 4.31614 (Pin 0.82672 [q90 0.42831, q10 0.39841], MS 1.46352, Freq 4.05181, L1 1.77765, Spectral 0.28697, Gradient 0.47618) | LR 5.00e-06
2026-07-15 17:23:15,129 INFO Epoch 24 | Batch 800/1186 | Loss 4.29190 (Pin 0.80235 [q90 0.41153, q10 0.39082], MS 1.47582, Freq 4.02746, L1 1.73030, Spectral 0.28811, Gradient 0.47848) | LR 5.00e-06
2026-07-15 17:23:37,200 INFO Epoch 24 | Batch 850/1186 | Loss 4.31546 (Pin 0.79763 [q90 0.40443, q10 0.39319], MS 1.52537, Freq 3.98494, L1 1.73572, Spectral 0.28567, Gradient 0.47712) | LR 5.00e-06
2026-07-15 17:23:59,257 INFO Epoch 24 | Batch 900/1186 | Loss 4.25294 (Pin 0.81056 [q90 0.41352, q10 0.39704], MS 1.42301, Freq 4.03874, L1 1.75210, Spectral 0.28456, Gradient 0.47504) | LR 5.00e-06
2026-07-15 17:24:21,309 INFO Epoch 24 | Batch 950/1186 | Loss 4.23072 (Pin 0.81437 [q90 0.41662, q10 0.39775], MS 1.38647, Freq 4.05976, L1 1.75703, Spectral 0.27658, Gradient 0.47086) | LR 5.00e-06
2026-07-15 17:24:43,369 INFO Epoch 24 | Batch 1000/1186 | Loss 4.33893 (Pin 0.81653 [q90 0.41447, q10 0.40205], MS 1.48806, Freq 4.06870, L1 1.77015, Spectral 0.28901, Gradient 0.48827) | LR 5.00e-06
2026-07-15 17:25:05,550 INFO Epoch 24 | Batch 1050/1186 | Loss 4.30613 (Pin 0.82544 [q90 0.42777, q10 0.39767], MS 1.44586, Freq 4.06966, L1 1.78996, Spectral 0.28509, Gradient 0.47784) | LR 5.00e-06
2026-07-15 17:25:27,612 INFO Epoch 24 | Batch 1100/1186 | Loss 4.43190 (Pin 0.83935 [q90 0.42679, q10 0.41256], MS 1.53334, Freq 4.11843, L1 1.81041, Spectral 0.29041, Gradient 0.48434) | LR 5.00e-06
2026-07-15 17:25:49,675 INFO Epoch 24 | Batch 1150/1186 | Loss 4.26402 (Pin 0.81946 [q90 0.42263, q10 0.39683], MS 1.44310, Freq 4.00292, L1 1.76078, Spectral 0.28052, Gradient 0.47166) | LR 5.00e-06
2026-07-15 17:26:43,176 INFO Epoch 24 | Val Loss 4.83631 (Pin 0.78654 [q90 0.40615, q10 0.38038], MS 2.05485, Freq 3.98985, L1 1.72662, Spectral 0.27885, Gradient 0.46726)
2026-07-15 17:26:43,176 INFO Epoch 24 | Coverage q10/q50/q90 = 0.093/0.486/0.892 (nominal .10/.50/.90) | extreme tail = 0.125/0.462/0.845
2026-07-15 17:26:43,517 INFO New best val loss: 4.83631 (saved checkpoints/best.pth)
2026-07-15 17:27:05,640 INFO Epoch 25 | Batch 50/1186 | Loss 4.25074 (Pin 0.78964 [q90 0.40465, q10 0.38499], MS 1.46311, Freq 3.99598, L1 1.70474, Spectral 0.28382, Gradient 0.47371) | LR 5.00e-06
2026-07-15 17:27:27,702 INFO Epoch 25 | Batch 100/1186 | Loss 4.40550 (Pin 0.85073 [q90 0.44023, q10 0.41050], MS 1.49379, Freq 4.12196, L1 1.81804, Spectral 0.28592, Gradient 0.48401) | LR 5.00e-06
2026-07-15 17:27:49,767 INFO Epoch 25 | Batch 150/1186 | Loss 4.22345 (Pin 0.80681 [q90 0.41746, q10 0.38935], MS 1.42773, Freq 3.97782, L1 1.73289, Spectral 0.28094, Gradient 0.46452) | LR 5.00e-06
2026-07-15 17:28:11,841 INFO Epoch 25 | Batch 200/1186 | Loss 4.25589 (Pin 0.82521 [q90 0.42233, q10 0.40289], MS 1.45120, Freq 3.95894, L1 1.75733, Spectral 0.27674, Gradient 0.46416) | LR 5.00e-06
2026-07-15 17:28:33,890 INFO Epoch 25 | Batch 250/1186 | Loss 4.35974 (Pin 0.79666 [q90 0.40616, q10 0.39050], MS 1.58251, Freq 3.96114, L1 1.71886, Spectral 0.28802, Gradient 0.47309) | LR 5.00e-06
2026-07-15 17:28:55,948 INFO Epoch 25 | Batch 300/1186 | Loss 4.41072 (Pin 0.84132 [q90 0.42498, q10 0.41634], MS 1.51992, Freq 4.09897, L1 1.80413, Spectral 0.29133, Gradient 0.48497) | LR 5.00e-06
2026-07-15 17:29:18,025 INFO Epoch 25 | Batch 350/1186 | Loss 4.36560 (Pin 0.82213 [q90 0.42274, q10 0.39939], MS 1.48233, Freq 4.12228, L1 1.78310, Spectral 0.28831, Gradient 0.48505) | LR 5.00e-06
2026-07-15 17:29:40,085 INFO Epoch 25 | Batch 400/1186 | Loss 4.31199 (Pin 0.80658 [q90 0.41338, q10 0.39320], MS 1.51243, Freq 3.98596, L1 1.72465, Spectral 0.28815, Gradient 0.47365) | LR 5.00e-06
2026-07-15 17:30:02,144 INFO Epoch 25 | Batch 450/1186 | Loss 4.28753 (Pin 0.78641 [q90 0.39942, q10 0.38699], MS 1.48711, Freq 4.02800, L1 1.70929, Spectral 0.28795, Gradient 0.47946) | LR 5.00e-06
2026-07-15 17:30:24,200 INFO Epoch 25 | Batch 500/1186 | Loss 4.16217 (Pin 0.79392 [q90 0.40210, q10 0.39182], MS 1.37135, Freq 3.99382, L1 1.72644, Spectral 0.28115, Gradient 0.47257) | LR 5.00e-06
2026-07-15 17:30:46,268 INFO Epoch 25 | Batch 550/1186 | Loss 4.17896 (Pin 0.80752 [q90 0.41508, q10 0.39243], MS 1.40886, Freq 3.92517, L1 1.74557, Spectral 0.26819, Gradient 0.45460) | LR 5.00e-06
2026-07-15 17:31:08,323 INFO Epoch 25 | Batch 600/1186 | Loss 4.29339 (Pin 0.79893 [q90 0.40730, q10 0.39163], MS 1.49956, Freq 3.98980, L1 1.73845, Spectral 0.28028, Gradient 0.47137) | LR 5.00e-06
2026-07-15 17:31:30,383 INFO Epoch 25 | Batch 650/1186 | Loss 4.23647 (Pin 0.80446 [q90 0.41389, q10 0.39057], MS 1.40035, Freq 4.06331, L1 1.75060, Spectral 0.28608, Gradient 0.47949) | LR 5.00e-06
2026-07-15 17:31:52,432 INFO Epoch 25 | Batch 700/1186 | Loss 4.31844 (Pin 0.84559 [q90 0.43009, q10 0.41550], MS 1.44615, Freq 4.05341, L1 1.80293, Spectral 0.27774, Gradient 0.46732) | LR 5.00e-06
2026-07-15 17:32:14,492 INFO Epoch 25 | Batch 750/1186 | Loss 4.25415 (Pin 0.80718 [q90 0.41498, q10 0.39220], MS 1.43195, Freq 4.03004, L1 1.74854, Spectral 0.28561, Gradient 0.47812) | LR 5.00e-06
2026-07-15 17:32:36,551 INFO Epoch 25 | Batch 800/1186 | Loss 4.33228 (Pin 0.83993 [q90 0.43245, q10 0.40748], MS 1.45666, Freq 4.07140, L1 1.78500, Spectral 0.28512, Gradient 0.47862) | LR 5.00e-06
2026-07-15 17:32:58,607 INFO Epoch 25 | Batch 850/1186 | Loss 4.27491 (Pin 0.81883 [q90 0.42473, q10 0.39410], MS 1.45749, Freq 3.99718, L1 1.75982, Spectral 0.27841, Gradient 0.47282) | LR 5.00e-06
2026-07-15 17:33:20,652 INFO Epoch 25 | Batch 900/1186 | Loss 4.26982 (Pin 0.82456 [q90 0.42633, q10 0.39823], MS 1.42073, Freq 4.04905, L1 1.77258, Spectral 0.28304, Gradient 0.47565) | LR 5.00e-06
2026-07-15 17:33:42,714 INFO Epoch 25 | Batch 950/1186 | Loss 4.45168 (Pin 0.84682 [q90 0.43834, q10 0.40848], MS 1.55793, Freq 4.09386, L1 1.80828, Spectral 0.28937, Gradient 0.48349) | LR 5.00e-06
2026-07-15 17:34:04,776 INFO Epoch 25 | Batch 1000/1186 | Loss 4.29926 (Pin 0.81190 [q90 0.41556, q10 0.39634], MS 1.49905, Freq 3.97660, L1 1.74562, Spectral 0.28271, Gradient 0.46815) | LR 5.00e-06
2026-07-15 17:34:26,831 INFO Epoch 25 | Batch 1050/1186 | Loss 4.25813 (Pin 0.81581 [q90 0.41698, q10 0.39883], MS 1.42637, Freq 4.03190, L1 1.75457, Spectral 0.28783, Gradient 0.47457) | LR 5.00e-06
2026-07-15 17:34:48,896 INFO Epoch 25 | Batch 1100/1186 | Loss 4.15857 (Pin 0.79083 [q90 0.40723, q10 0.38360], MS 1.40077, Freq 3.93394, L1 1.70156, Spectral 0.28431, Gradient 0.47148) | LR 5.00e-06
2026-07-15 17:35:10,949 INFO Epoch 25 | Batch 1150/1186 | Loss 4.19130 (Pin 0.81091 [q90 0.41614, q10 0.39477], MS 1.36765, Freq 4.02548, L1 1.74622, Spectral 0.28354, Gradient 0.47415) | LR 5.00e-06
2026-07-15 17:36:04,021 INFO Epoch 25 | Val Loss 4.88339 (Pin 0.78830 [q90 0.40677, q10 0.38152], MS 2.07569, Freq 4.03880, L1 1.73969, Spectral 0.28098, Gradient 0.47278)
2026-07-15 17:36:04,021 INFO Epoch 25 | Coverage q10/q50/q90 = 0.096/0.490/0.890 (nominal .10/.50/.90) | extreme tail = 0.129/0.463/0.850
2026-07-15 17:36:26,314 INFO Epoch 26 | Batch 50/1186 | Loss 4.36393 (Pin 0.82405 [q90 0.42134, q10 0.40271], MS 1.53231, Freq 4.01513, L1 1.76848, Spectral 0.28495, Gradient 0.47249) | LR 5.00e-06
2026-07-15 17:36:48,371 INFO Epoch 26 | Batch 100/1186 | Loss 4.16156 (Pin 0.78611 [q90 0.40226, q10 0.38385], MS 1.39205, Freq 3.96680, L1 1.71172, Spectral 0.27106, Gradient 0.46117) | LR 5.00e-06
2026-07-15 17:37:10,420 INFO Epoch 26 | Batch 150/1186 | Loss 4.31115 (Pin 0.81036 [q90 0.41827, q10 0.39209], MS 1.47471, Freq 4.05216, L1 1.76023, Spectral 0.28647, Gradient 0.47585) | LR 5.00e-06
2026-07-15 17:37:32,480 INFO Epoch 26 | Batch 200/1186 | Loss 4.27821 (Pin 0.82637 [q90 0.42704, q10 0.39933], MS 1.44542, Freq 4.01286, L1 1.76541, Spectral 0.28240, Gradient 0.47161) | LR 5.00e-06
2026-07-15 17:37:54,539 INFO Epoch 26 | Batch 250/1186 | Loss 4.38778 (Pin 0.83032 [q90 0.42040, q10 0.40992], MS 1.51632, Freq 4.08227, L1 1.78913, Spectral 0.28787, Gradient 0.48345) | LR 5.00e-06
2026-07-15 17:38:16,595 INFO Epoch 26 | Batch 300/1186 | Loss 4.20382 (Pin 0.80624 [q90 0.41415, q10 0.39208], MS 1.40620, Freq 3.98278, L1 1.73800, Spectral 0.28227, Gradient 0.47172) | LR 5.00e-06
2026-07-15 17:38:38,653 INFO Epoch 26 | Batch 350/1186 | Loss 4.33764 (Pin 0.84482 [q90 0.43181, q10 0.41301], MS 1.43766, Freq 4.11032, L1 1.82320, Spectral 0.28215, Gradient 0.47999) | LR 5.00e-06
2026-07-15 17:39:00,718 INFO Epoch 26 | Batch 400/1186 | Loss 4.36903 (Pin 0.83409 [q90 0.43235, q10 0.40174], MS 1.49432, Freq 4.08124, L1 1.78217, Spectral 0.28797, Gradient 0.48229) | LR 5.00e-06
2026-07-15 17:39:22,765 INFO Epoch 26 | Batch 450/1186 | Loss 4.21605 (Pin 0.80368 [q90 0.41339, q10 0.39029], MS 1.41740, Freq 3.98994, L1 1.72616, Spectral 0.28238, Gradient 0.47091) | LR 5.00e-06
2026-07-15 17:39:44,813 INFO Epoch 26 | Batch 500/1186 | Loss 4.28838 (Pin 0.82167 [q90 0.42473, q10 0.39695], MS 1.45585, Freq 4.02171, L1 1.76002, Spectral 0.28071, Gradient 0.47168) | LR 5.00e-06
2026-07-15 17:40:06,869 INFO Epoch 26 | Batch 550/1186 | Loss 4.19981 (Pin 0.79744 [q90 0.40614, q10 0.39130], MS 1.38219, Freq 4.04036, L1 1.73078, Spectral 0.28293, Gradient 0.47652) | LR 5.00e-06
2026-07-15 17:40:28,913 INFO Epoch 26 | Batch 600/1186 | Loss 4.38342 (Pin 0.84575 [q90 0.43213, q10 0.41362], MS 1.48257, Freq 4.11019, L1 1.79983, Spectral 0.29151, Gradient 0.48602) | LR 5.00e-06
2026-07-15 17:40:50,979 INFO Epoch 26 | Batch 650/1186 | Loss 4.35744 (Pin 0.82322 [q90 0.41851, q10 0.40471], MS 1.52136, Freq 4.02571, L1 1.75306, Spectral 0.28506, Gradient 0.47628) | LR 5.00e-06
2026-07-15 17:41:13,031 INFO Epoch 26 | Batch 700/1186 | Loss 4.23699 (Pin 0.80902 [q90 0.41754, q10 0.39148], MS 1.43292, Freq 3.99010, L1 1.75265, Spectral 0.27762, Gradient 0.46836) | LR 5.00e-06
2026-07-15 17:41:35,097 INFO Epoch 26 | Batch 750/1186 | Loss 4.22729 (Pin 0.80427 [q90 0.40851, q10 0.39576], MS 1.40898, Freq 4.02807, L1 1.75503, Spectral 0.28169, Gradient 0.47323) | LR 5.00e-06
2026-07-15 17:41:57,157 INFO Epoch 26 | Batch 800/1186 | Loss 4.15652 (Pin 0.78327 [q90 0.40775, q10 0.37551], MS 1.39168, Freq 3.96315, L1 1.68327, Spectral 0.28273, Gradient 0.47277) | LR 5.00e-06
2026-07-15 17:42:19,210 INFO Epoch 26 | Batch 850/1186 | Loss 4.26688 (Pin 0.78685 [q90 0.40342, q10 0.38342], MS 1.49466, Freq 3.97075, L1 1.69561, Spectral 0.28880, Gradient 0.47544) | LR 5.00e-06
2026-07-15 17:42:41,282 INFO Epoch 26 | Batch 900/1186 | Loss 4.29589 (Pin 0.82414 [q90 0.42390, q10 0.40024], MS 1.45141, Freq 4.04070, L1 1.76047, Spectral 0.29363, Gradient 0.48353) | LR 5.00e-06
2026-07-15 17:43:03,350 INFO Epoch 26 | Batch 950/1186 | Loss 4.25933 (Pin 0.81442 [q90 0.42004, q10 0.39438], MS 1.41188, Freq 4.06607, L1 1.77068, Spectral 0.28201, Gradient 0.47553) | LR 5.00e-06
2026-07-15 17:43:25,417 INFO Epoch 26 | Batch 1000/1186 | Loss 4.20051 (Pin 0.79688 [q90 0.40761, q10 0.38927], MS 1.40852, Freq 3.99022, L1 1.74354, Spectral 0.27147, Gradient 0.46132) | LR 5.00e-06
2026-07-15 17:43:47,481 INFO Epoch 26 | Batch 1050/1186 | Loss 4.23781 (Pin 0.82039 [q90 0.41956, q10 0.40083], MS 1.40287, Freq 4.02909, L1 1.75566, Spectral 0.28646, Gradient 0.47564) | LR 5.00e-06
2026-07-15 17:44:09,552 INFO Epoch 26 | Batch 1100/1186 | Loss 4.20706 (Pin 0.80164 [q90 0.40934, q10 0.39230], MS 1.41765, Freq 3.97553, L1 1.71733, Spectral 0.28454, Gradient 0.46823) | LR 5.00e-06
2026-07-15 17:44:31,607 INFO Epoch 26 | Batch 1150/1186 | Loss 4.35526 (Pin 0.82990 [q90 0.42493, q10 0.40498], MS 1.48554, Freq 4.07962, L1 1.77698, Spectral 0.29076, Gradient 0.48429) | LR 5.00e-06
2026-07-15 17:45:24,414 INFO Epoch 26 | Val Loss 4.85643 (Pin 0.78875 [q90 0.40718, q10 0.38156], MS 2.05081, Freq 4.03374, L1 1.74076, Spectral 0.27904, Gradient 0.47151)
2026-07-15 17:45:24,414 INFO Epoch 26 | Coverage q10/q50/q90 = 0.093/0.485/0.892 (nominal .10/.50/.90) | extreme tail = 0.128/0.452/0.849
2026-07-15 17:45:46,714 INFO Epoch 27 | Batch 50/1186 | Loss 4.43995 (Pin 0.84244 [q90 0.42870, q10 0.41374], MS 1.52858, Freq 4.13787, L1 1.82371, Spectral 0.29144, Gradient 0.48545) | LR 5.00e-06
2026-07-15 17:46:08,774 INFO Epoch 27 | Batch 100/1186 | Loss 4.26603 (Pin 0.80407 [q90 0.41320, q10 0.39088], MS 1.44782, Freq 4.02828, L1 1.73730, Spectral 0.28614, Gradient 0.47831) | LR 5.00e-06
2026-07-15 17:46:30,843 INFO Epoch 27 | Batch 150/1186 | Loss 4.20691 (Pin 0.80627 [q90 0.41238, q10 0.39389], MS 1.40756, Freq 3.98617, L1 1.73581, Spectral 0.27749, Gradient 0.46639) | LR 5.00e-06
2026-07-15 17:46:52,912 INFO Epoch 27 | Batch 200/1186 | Loss 4.29234 (Pin 0.80943 [q90 0.41415, q10 0.39528], MS 1.46116, Freq 4.04350, L1 1.74783, Spectral 0.28778, Gradient 0.47379) | LR 5.00e-06
2026-07-15 17:47:14,982 INFO Epoch 27 | Batch 250/1186 | Loss 4.23684 (Pin 0.80068 [q90 0.41132, q10 0.38936], MS 1.41691, Freq 4.03851, L1 1.71762, Spectral 0.28737, Gradient 0.48159) | LR 5.00e-06
2026-07-15 17:47:37,052 INFO Epoch 27 | Batch 300/1186 | Loss 4.31164 (Pin 0.81918 [q90 0.41811, q10 0.40107], MS 1.48218, Freq 4.02058, L1 1.75516, Spectral 0.28875, Gradient 0.48011) | LR 5.00e-06
2026-07-15 17:47:59,117 INFO Epoch 27 | Batch 350/1186 | Loss 4.41239 (Pin 0.84889 [q90 0.44175, q10 0.40715], MS 1.48673, Freq 4.15353, L1 1.82552, Spectral 0.28474, Gradient 0.47854) | LR 5.00e-06
2026-07-15 17:48:21,200 INFO Epoch 27 | Batch 400/1186 | Loss 4.23213 (Pin 0.80502 [q90 0.41854, q10 0.38648], MS 1.42921, Freq 3.99579, L1 1.73395, Spectral 0.27633, Gradient 0.47012) | LR 5.00e-06
2026-07-15 17:48:43,258 INFO Epoch 27 | Batch 450/1186 | Loss 4.22796 (Pin 0.80036 [q90 0.40590, q10 0.39447], MS 1.43937, Freq 3.97645, L1 1.72649, Spectral 0.28288, Gradient 0.47060) | LR 5.00e-06
2026-07-15 17:49:05,469 INFO Epoch 27 | Batch 500/1186 | Loss 4.09691 (Pin 0.77058 [q90 0.39525, q10 0.37533], MS 1.37031, Freq 3.91205, L1 1.66418, Spectral 0.27764, Gradient 0.46529) | LR 5.00e-06
2026-07-15 17:49:27,549 INFO Epoch 27 | Batch 550/1186 | Loss 4.36200 (Pin 0.84201 [q90 0.43110, q10 0.41091], MS 1.48006, Freq 4.07986, L1 1.79368, Spectral 0.28420, Gradient 0.47876) | LR 5.00e-06
2026-07-15 17:49:49,617 INFO Epoch 27 | Batch 600/1186 | Loss 4.30514 (Pin 0.83322 [q90 0.42779, q10 0.40542], MS 1.45218, Freq 4.03949, L1 1.77731, Spectral 0.27869, Gradient 0.47130) | LR 5.00e-06
2026-07-15 17:50:11,673 INFO Epoch 27 | Batch 650/1186 | Loss 4.28188 (Pin 0.81741 [q90 0.41772, q10 0.39969], MS 1.43911, Freq 4.05072, L1 1.76247, Spectral 0.28161, Gradient 0.47632) | LR 5.00e-06
2026-07-15 17:50:33,748 INFO Epoch 27 | Batch 700/1186 | Loss 4.28990 (Pin 0.82017 [q90 0.42415, q10 0.39602], MS 1.45068, Freq 4.03809, L1 1.75978, Spectral 0.28657, Gradient 0.47623) | LR 5.00e-06
2026-07-15 17:50:55,818 INFO Epoch 27 | Batch 750/1186 | Loss 4.39125 (Pin 0.82159 [q90 0.41998, q10 0.40162], MS 1.51738, Freq 4.10457, L1 1.77812, Spectral 0.28745, Gradient 0.48221) | LR 5.00e-06
2026-07-15 17:51:17,883 INFO Epoch 27 | Batch 800/1186 | Loss 4.28178 (Pin 0.81503 [q90 0.41783, q10 0.39721], MS 1.47677, Freq 3.97996, L1 1.74402, Spectral 0.28635, Gradient 0.47382) | LR 5.00e-06
2026-07-15 17:51:39,961 INFO Epoch 27 | Batch 850/1186 | Loss 4.22149 (Pin 0.82163 [q90 0.42157, q10 0.40007], MS 1.39327, Freq 4.01317, L1 1.75717, Spectral 0.28069, Gradient 0.47550) | LR 5.00e-06
2026-07-15 17:52:02,035 INFO Epoch 27 | Batch 900/1186 | Loss 4.27725 (Pin 0.80667 [q90 0.41249, q10 0.39417], MS 1.46894, Freq 4.00328, L1 1.74209, Spectral 0.28017, Gradient 0.46950) | LR 5.00e-06
2026-07-15 17:52:24,089 INFO Epoch 27 | Batch 950/1186 | Loss 4.21502 (Pin 0.79864 [q90 0.40595, q10 0.39270], MS 1.42052, Freq 3.99171, L1 1.72671, Spectral 0.28179, Gradient 0.47107) | LR 5.00e-06
2026-07-15 17:52:46,163 INFO Epoch 27 | Batch 1000/1186 | Loss 4.23476 (Pin 0.79676 [q90 0.40539, q10 0.39136], MS 1.44297, Freq 3.99008, L1 1.72295, Spectral 0.28462, Gradient 0.47182) | LR 5.00e-06
2026-07-15 17:53:08,232 INFO Epoch 27 | Batch 1050/1186 | Loss 4.13979 (Pin 0.78192 [q90 0.40000, q10 0.38192], MS 1.39542, Freq 3.92490, L1 1.70476, Spectral 0.27754, Gradient 0.46267) | LR 5.00e-06
2026-07-15 17:53:30,291 INFO Epoch 27 | Batch 1100/1186 | Loss 4.43854 (Pin 0.85346 [q90 0.44064, q10 0.41282], MS 1.52467, Freq 4.12082, L1 1.82999, Spectral 0.29064, Gradient 0.48469) | LR 5.00e-06
2026-07-15 17:53:52,367 INFO Epoch 27 | Batch 1150/1186 | Loss 4.27455 (Pin 0.81384 [q90 0.41766, q10 0.39618], MS 1.45841, Freq 4.00459, L1 1.75503, Spectral 0.28344, Gradient 0.47560) | LR 5.00e-06
2026-07-15 17:54:45,933 INFO Epoch 27 | Val Loss 4.83710 (Pin 0.78711 [q90 0.40677, q10 0.38034], MS 2.06936, Freq 3.96127, L1 1.72512, Spectral 0.27895, Gradient 0.46589)
2026-07-15 17:54:45,933 INFO Epoch 27 | Coverage q10/q50/q90 = 0.093/0.484/0.888 (nominal .10/.50/.90) | extreme tail = 0.132/0.460/0.840
2026-07-15 17:55:08,226 INFO Epoch 28 | Batch 50/1186 | Loss 4.27021 (Pin 0.81122 [q90 0.41388, q10 0.39734], MS 1.46335, Freq 3.99128, L1 1.75378, Spectral 0.27687, Gradient 0.46868) | LR 5.00e-06
2026-07-15 17:55:30,285 INFO Epoch 28 | Batch 100/1186 | Loss 4.29748 (Pin 0.80003 [q90 0.40859, q10 0.39143], MS 1.46681, Freq 4.06129, L1 1.72842, Spectral 0.28672, Gradient 0.48286) | LR 5.00e-06
2026-07-15 17:55:52,349 INFO Epoch 28 | Batch 150/1186 | Loss 4.19451 (Pin 0.78894 [q90 0.40631, q10 0.38263], MS 1.44422, Freq 3.92270, L1 1.69759, Spectral 0.27497, Gradient 0.46339) | LR 5.00e-06
2026-07-15 17:56:14,405 INFO Epoch 28 | Batch 200/1186 | Loss 4.33456 (Pin 0.83987 [q90 0.43246, q10 0.40742], MS 1.48926, Freq 4.01084, L1 1.78711, Spectral 0.28297, Gradient 0.46671) | LR 5.00e-06
2026-07-15 17:56:36,483 INFO Epoch 28 | Batch 250/1186 | Loss 4.32879 (Pin 0.84623 [q90 0.43342, q10 0.41281], MS 1.43633, Freq 4.09246, L1 1.81347, Spectral 0.28197, Gradient 0.47839) | LR 5.00e-06
2026-07-15 17:56:58,562 INFO Epoch 28 | Batch 300/1186 | Loss 4.26674 (Pin 0.80232 [q90 0.41144, q10 0.39088], MS 1.46778, Freq 3.99329, L1 1.72743, Spectral 0.28108, Gradient 0.47263) | LR 5.00e-06
2026-07-15 17:57:20,636 INFO Epoch 28 | Batch 350/1186 | Loss 4.35076 (Pin 0.82050 [q90 0.42712, q10 0.39338], MS 1.50068, Freq 4.05917, L1 1.77180, Spectral 0.28328, Gradient 0.47542) | LR 5.00e-06
2026-07-15 17:57:42,706 INFO Epoch 28 | Batch 400/1186 | Loss 4.37970 (Pin 0.83115 [q90 0.42679, q10 0.40436], MS 1.48738, Freq 4.12234, L1 1.79372, Spectral 0.28616, Gradient 0.47928) | LR 5.00e-06
2026-07-15 17:58:04,762 INFO Epoch 28 | Batch 450/1186 | Loss 4.25605 (Pin 0.79830 [q90 0.40898, q10 0.38933], MS 1.46725, Freq 3.98101, L1 1.72026, Spectral 0.29000, Gradient 0.47684) | LR 5.00e-06
2026-07-15 17:58:26,838 INFO Epoch 28 | Batch 500/1186 | Loss 4.30722 (Pin 0.83489 [q90 0.43056, q10 0.40433], MS 1.43920, Freq 4.06625, L1 1.78225, Spectral 0.28373, Gradient 0.47464) | LR 5.00e-06
2026-07-15 17:58:48,901 INFO Epoch 28 | Batch 550/1186 | Loss 4.26961 (Pin 0.81795 [q90 0.41507, q10 0.40288], MS 1.43564, Freq 4.03205, L1 1.75645, Spectral 0.28593, Gradient 0.47616) | LR 5.00e-06
2026-07-15 17:59:10,964 INFO Epoch 28 | Batch 600/1186 | Loss 4.16542 (Pin 0.79202 [q90 0.40692, q10 0.38510], MS 1.39114, Freq 3.96451, L1 1.71059, Spectral 0.28462, Gradient 0.47185) | LR 5.00e-06
2026-07-15 17:59:33,039 INFO Epoch 28 | Batch 650/1186 | Loss 4.29903 (Pin 0.82330 [q90 0.42206, q10 0.40124], MS 1.45672, Freq 4.03803, L1 1.77294, Spectral 0.28243, Gradient 0.47484) | LR 5.00e-06
2026-07-15 17:59:55,097 INFO Epoch 28 | Batch 700/1186 | Loss 4.29610 (Pin 0.80241 [q90 0.41084, q10 0.39156], MS 1.48213, Freq 4.02314, L1 1.74175, Spectral 0.28939, Gradient 0.47890) | LR 5.00e-06
2026-07-15 18:00:17,138 INFO Epoch 28 | Batch 750/1186 | Loss 4.25866 (Pin 0.80564 [q90 0.41144, q10 0.39419], MS 1.43874, Freq 4.02857, L1 1.74038, Spectral 0.27690, Gradient 0.46739) | LR 5.00e-06
2026-07-15 18:00:39,219 INFO Epoch 28 | Batch 800/1186 | Loss 4.19911 (Pin 0.78836 [q90 0.40008, q10 0.38828], MS 1.42064, Freq 3.98022, L1 1.71491, Spectral 0.28022, Gradient 0.46719) | LR 5.00e-06
2026-07-15 18:01:01,301 INFO Epoch 28 | Batch 850/1186 | Loss 4.35228 (Pin 0.80605 [q90 0.41263, q10 0.39342], MS 1.54553, Freq 4.00141, L1 1.73487, Spectral 0.28798, Gradient 0.47937) | LR 5.00e-06
2026-07-15 18:01:23,368 INFO Epoch 28 | Batch 900/1186 | Loss 4.29833 (Pin 0.80278 [q90 0.40477, q10 0.39801], MS 1.48452, Freq 4.02205, L1 1.72666, Spectral 0.28533, Gradient 0.47903) | LR 5.00e-06
2026-07-15 18:01:45,441 INFO Epoch 28 | Batch 950/1186 | Loss 4.27256 (Pin 0.82106 [q90 0.42181, q10 0.39925], MS 1.43029, Freq 4.04242, L1 1.77793, Spectral 0.28507, Gradient 0.47484) | LR 5.00e-06
2026-07-15 18:02:07,494 INFO Epoch 28 | Batch 1000/1186 | Loss 4.31531 (Pin 0.83195 [q90 0.43467, q10 0.39728], MS 1.46256, Freq 4.04159, L1 1.78069, Spectral 0.28112, Gradient 0.47096) | LR 5.00e-06
2026-07-15 18:02:29,553 INFO Epoch 28 | Batch 1050/1186 | Loss 4.27542 (Pin 0.82554 [q90 0.42003, q10 0.40551], MS 1.44868, Freq 4.00241, L1 1.75434, Spectral 0.28458, Gradient 0.47059) | LR 5.00e-06
2026-07-15 18:02:51,576 INFO Epoch 28 | Batch 1100/1186 | Loss 4.22014 (Pin 0.80907 [q90 0.42003, q10 0.38904], MS 1.44642, Freq 3.92928, L1 1.73414, Spectral 0.27987, Gradient 0.46443) | LR 5.00e-06
2026-07-15 18:03:13,623 INFO Epoch 28 | Batch 1150/1186 | Loss 4.37745 (Pin 0.84430 [q90 0.43229, q10 0.41201], MS 1.47519, Freq 4.11593, L1 1.82122, Spectral 0.27947, Gradient 0.47970) | LR 5.00e-06
2026-07-15 18:04:06,458 INFO Epoch 28 | Val Loss 4.84478 (Pin 0.78781 [q90 0.40700, q10 0.38081], MS 2.06033, Freq 3.99328, L1 1.73294, Spectral 0.27867, Gradient 0.46832)
2026-07-15 18:04:06,458 INFO Epoch 28 | Coverage q10/q50/q90 = 0.091/0.490/0.892 (nominal .10/.50/.90) | extreme tail = 0.124/0.461/0.840
2026-07-15 18:04:28,758 INFO Epoch 29 | Batch 50/1186 | Loss 4.13116 (Pin 0.79695 [q90 0.40975, q10 0.38719], MS 1.37941, Freq 3.90961, L1 1.71469, Spectral 0.27947, Gradient 0.46283) | LR 5.00e-06
2026-07-15 18:04:50,812 INFO Epoch 29 | Batch 100/1186 | Loss 4.32880 (Pin 0.83194 [q90 0.42377, q10 0.40817], MS 1.46066, Freq 4.07240, L1 1.79924, Spectral 0.28975, Gradient 0.48213) | LR 5.00e-06
2026-07-15 18:05:12,880 INFO Epoch 29 | Batch 150/1186 | Loss 4.32972 (Pin 0.82577 [q90 0.42606, q10 0.39971], MS 1.46351, Freq 4.08088, L1 1.76788, Spectral 0.28666, Gradient 0.48241) | LR 5.00e-06
2026-07-15 18:05:34,947 INFO Epoch 29 | Batch 200/1186 | Loss 4.30545 (Pin 0.81965 [q90 0.41735, q10 0.40231], MS 1.46927, Freq 4.03307, L1 1.76445, Spectral 0.29074, Gradient 0.48121) | LR 5.00e-06
2026-07-15 18:05:56,992 INFO Epoch 29 | Batch 250/1186 | Loss 4.07688 (Pin 0.76228 [q90 0.38939, q10 0.37289], MS 1.38457, Freq 3.86007, L1 1.65758, Spectral 0.27804, Gradient 0.46358) | LR 5.00e-06
2026-07-15 18:06:19,059 INFO Epoch 29 | Batch 300/1186 | Loss 4.27388 (Pin 0.80700 [q90 0.41505, q10 0.39195], MS 1.46292, Freq 4.00791, L1 1.73343, Spectral 0.28464, Gradient 0.47172) | LR 5.00e-06
2026-07-15 18:06:41,120 INFO Epoch 29 | Batch 350/1186 | Loss 4.27219 (Pin 0.80621 [q90 0.41838, q10 0.38783], MS 1.48044, Freq 3.97107, L1 1.73450, Spectral 0.28507, Gradient 0.47311) | LR 5.00e-06
2026-07-15 18:07:03,178 INFO Epoch 29 | Batch 400/1186 | Loss 4.28393 (Pin 0.81670 [q90 0.41824, q10 0.39845], MS 1.43604, Freq 4.06239, L1 1.78429, Spectral 0.27965, Gradient 0.47397) | LR 5.00e-06
2026-07-15 18:07:25,236 INFO Epoch 29 | Batch 450/1186 | Loss 4.35147 (Pin 0.84815 [q90 0.44070, q10 0.40745], MS 1.45140, Freq 4.10385, L1 1.81575, Spectral 0.27311, Gradient 0.47502) | LR 5.00e-06
2026-07-15 18:07:47,312 INFO Epoch 29 | Batch 500/1186 | Loss 4.25834 (Pin 0.81437 [q90 0.41780, q10 0.39657], MS 1.42320, Freq 4.04154, L1 1.76449, Spectral 0.28112, Gradient 0.47577) | LR 5.00e-06
2026-07-15 18:08:09,383 INFO Epoch 29 | Batch 550/1186 | Loss 4.28101 (Pin 0.82566 [q90 0.42643, q10 0.39923], MS 1.41810, Freq 4.07450, L1 1.76376, Spectral 0.28289, Gradient 0.47328) | LR 5.00e-06
2026-07-15 18:08:31,440 INFO Epoch 29 | Batch 600/1186 | Loss 4.38336 (Pin 0.83649 [q90 0.42714, q10 0.40935], MS 1.50010, Freq 4.09353, L1 1.80286, Spectral 0.28770, Gradient 0.48092) | LR 5.00e-06
2026-07-15 18:08:53,509 INFO Epoch 29 | Batch 650/1186 | Loss 4.18017 (Pin 0.79177 [q90 0.39970, q10 0.39207], MS 1.40088, Freq 3.97504, L1 1.70863, Spectral 0.29217, Gradient 0.47535) | LR 5.00e-06
2026-07-15 18:09:15,571 INFO Epoch 29 | Batch 700/1186 | Loss 4.35140 (Pin 0.83789 [q90 0.43080, q10 0.40709], MS 1.47441, Freq 4.07819, L1 1.79996, Spectral 0.28631, Gradient 0.47855) | LR 5.00e-06
2026-07-15 18:09:37,633 INFO Epoch 29 | Batch 750/1186 | Loss 4.21903 (Pin 0.80761 [q90 0.41257, q10 0.39505], MS 1.43444, Freq 3.95395, L1 1.72736, Spectral 0.28746, Gradient 0.47222) | LR 5.00e-06
2026-07-15 18:09:59,701 INFO Epoch 29 | Batch 800/1186 | Loss 4.18472 (Pin 0.79462 [q90 0.40966, q10 0.38496], MS 1.39925, Freq 3.98171, L1 1.70572, Spectral 0.28469, Gradient 0.47494) | LR 5.00e-06
2026-07-15 18:10:21,770 INFO Epoch 29 | Batch 850/1186 | Loss 4.32542 (Pin 0.80909 [q90 0.41409, q10 0.39500], MS 1.49801, Freq 4.03665, L1 1.75188, Spectral 0.28578, Gradient 0.47215) | LR 5.00e-06
2026-07-15 18:10:43,800 INFO Epoch 29 | Batch 900/1186 | Loss 4.43044 (Pin 0.83194 [q90 0.43547, q10 0.39647], MS 1.56818, Freq 4.06063, L1 1.78789, Spectral 0.28475, Gradient 0.48204) | LR 5.00e-06
2026-07-15 18:11:05,828 INFO Epoch 29 | Batch 950/1186 | Loss 4.19465 (Pin 0.79789 [q90 0.40508, q10 0.39281], MS 1.41881, Freq 3.95592, L1 1.71408, Spectral 0.27291, Gradient 0.46068) | LR 5.00e-06
2026-07-15 18:11:27,887 INFO Epoch 29 | Batch 1000/1186 | Loss 4.25819 (Pin 0.80114 [q90 0.40832, q10 0.39282], MS 1.43193, Freq 4.05024, L1 1.74460, Spectral 0.28878, Gradient 0.47957) | LR 5.00e-06
2026-07-15 18:11:49,938 INFO Epoch 29 | Batch 1050/1186 | Loss 4.27129 (Pin 0.81552 [q90 0.42340, q10 0.39212], MS 1.43857, Freq 4.03441, L1 1.75075, Spectral 0.28554, Gradient 0.47669) | LR 5.00e-06
2026-07-15 18:12:12,009 INFO Epoch 29 | Batch 1100/1186 | Loss 4.39784 (Pin 0.84601 [q90 0.42657, q10 0.41945], MS 1.51123, Freq 4.08118, L1 1.80814, Spectral 0.28307, Gradient 0.47551) | LR 5.00e-06
2026-07-15 18:12:34,086 INFO Epoch 29 | Batch 1150/1186 | Loss 4.32335 (Pin 0.82865 [q90 0.42396, q10 0.40469], MS 1.46247, Freq 4.06446, L1 1.78993, Spectral 0.27838, Gradient 0.47264) | LR 5.00e-06
2026-07-15 18:13:26,835 INFO Epoch 29 | Val Loss 4.82853 (Pin 0.78613 [q90 0.40574, q10 0.38039], MS 2.04645, Freq 3.99190, L1 1.72516, Spectral 0.27601, Gradient 0.46552)
2026-07-15 18:13:26,835 INFO Epoch 29 | Coverage q10/q50/q90 = 0.098/0.494/0.892 (nominal .10/.50/.90) | extreme tail = 0.125/0.458/0.844
2026-07-15 18:13:27,366 INFO New best val loss: 4.82853 (saved checkpoints/best.pth)
2026-07-15 18:13:49,648 INFO Epoch 30 | Batch 50/1186 | Loss 4.20129 (Pin 0.79190 [q90 0.40565, q10 0.38625], MS 1.42200, Freq 3.97478, L1 1.70211, Spectral 0.28734, Gradient 0.47446) | LR 5.00e-06
2026-07-15 18:14:11,695 INFO Epoch 30 | Batch 100/1186 | Loss 4.20443 (Pin 0.80001 [q90 0.40622, q10 0.39379], MS 1.40725, Freq 3.99434, L1 1.72717, Spectral 0.28030, Gradient 0.47173) | LR 5.00e-06
2026-07-15 18:14:33,719 INFO Epoch 30 | Batch 150/1186 | Loss 4.31963 (Pin 0.82105 [q90 0.41577, q10 0.40528], MS 1.46007, Freq 4.07702, L1 1.77174, Spectral 0.28370, Gradient 0.47787) | LR 5.00e-06
2026-07-15 18:14:55,746 INFO Epoch 30 | Batch 200/1186 | Loss 4.31725 (Pin 0.83083 [q90 0.42165, q10 0.40919], MS 1.44950, Freq 4.07383, L1 1.78944, Spectral 0.27573, Gradient 0.47404) | LR 5.00e-06
2026-07-15 18:15:17,757 INFO Epoch 30 | Batch 250/1186 | Loss 4.26729 (Pin 0.80015 [q90 0.40711, q10 0.39304], MS 1.46443, Freq 4.00542, L1 1.73176, Spectral 0.28099, Gradient 0.47423) | LR 5.00e-06
2026-07-15 18:15:39,771 INFO Epoch 30 | Batch 300/1186 | Loss 4.16622 (Pin 0.78119 [q90 0.39915, q10 0.38204], MS 1.41994, Freq 3.93017, L1 1.69144, Spectral 0.27568, Gradient 0.46534) | LR 5.00e-06
2026-07-15 18:16:01,819 INFO Epoch 30 | Batch 350/1186 | Loss 4.36346 (Pin 0.83514 [q90 0.43271, q10 0.40243], MS 1.49929, Freq 4.05805, L1 1.78666, Spectral 0.28422, Gradient 0.47482) | LR 5.00e-06
2026-07-15 18:16:23,870 INFO Epoch 30 | Batch 400/1186 | Loss 4.31489 (Pin 0.82796 [q90 0.42901, q10 0.39894], MS 1.49379, Freq 3.98628, L1 1.77586, Spectral 0.27640, Gradient 0.46776) | LR 5.00e-06
2026-07-15 18:16:45,921 INFO Epoch 30 | Batch 450/1186 | Loss 4.34022 (Pin 0.82912 [q90 0.42385, q10 0.40526], MS 1.49932, Freq 4.02356, L1 1.76533, Spectral 0.28805, Gradient 0.47551) | LR 5.00e-06
2026-07-15 18:17:07,986 INFO Epoch 30 | Batch 500/1186 | Loss 4.26490 (Pin 0.81185 [q90 0.41141, q10 0.40044], MS 1.45597, Freq 3.99416, L1 1.73399, Spectral 0.29085, Gradient 0.48038) | LR 5.00e-06
2026-07-15 18:17:30,045 INFO Epoch 30 | Batch 550/1186 | Loss 4.27341 (Pin 0.80209 [q90 0.40963, q10 0.39246], MS 1.45865, Freq 4.02536, L1 1.73495, Spectral 0.28154, Gradient 0.47108) | LR 5.00e-06
2026-07-15 18:17:52,107 INFO Epoch 30 | Batch 600/1186 | Loss 4.32633 (Pin 0.82118 [q90 0.42335, q10 0.39783], MS 1.48975, Freq 4.03079, L1 1.77080, Spectral 0.28457, Gradient 0.47109) | LR 5.00e-06
2026-07-15 18:18:14,173 INFO Epoch 30 | Batch 650/1186 | Loss 4.23099 (Pin 0.80123 [q90 0.41300, q10 0.38823], MS 1.43999, Freq 3.97955, L1 1.71875, Spectral 0.28330, Gradient 0.47081) | LR 5.00e-06
2026-07-15 18:18:36,229 INFO Epoch 30 | Batch 700/1186 | Loss 4.36745 (Pin 0.84085 [q90 0.43679, q10 0.40406], MS 1.48401, Freq 4.08517, L1 1.80399, Spectral 0.28630, Gradient 0.48015) | LR 5.00e-06
2026-07-15 18:18:58,289 INFO Epoch 30 | Batch 750/1186 | Loss 4.23715 (Pin 0.80487 [q90 0.41243, q10 0.39244], MS 1.43252, Freq 3.99953, L1 1.75525, Spectral 0.28108, Gradient 0.46967) | LR 5.00e-06
2026-07-15 18:19:20,344 INFO Epoch 30 | Batch 800/1186 | Loss 4.26165 (Pin 0.80993 [q90 0.41712, q10 0.39281], MS 1.44031, Freq 4.02281, L1 1.75717, Spectral 0.28194, Gradient 0.47217) | LR 5.00e-06
2026-07-15 18:19:42,400 INFO Epoch 30 | Batch 850/1186 | Loss 4.28210 (Pin 0.81550 [q90 0.41758, q10 0.39793], MS 1.43169, Freq 4.06981, L1 1.74679, Spectral 0.28674, Gradient 0.48302) | LR 5.00e-06
2026-07-15 18:20:04,465 INFO Epoch 30 | Batch 900/1186 | Loss 4.23408 (Pin 0.78172 [q90 0.39899, q10 0.38273], MS 1.44717, Freq 4.01037, L1 1.70087, Spectral 0.28595, Gradient 0.47730) | LR 5.00e-06
2026-07-15 18:20:26,520 INFO Epoch 30 | Batch 950/1186 | Loss 4.25113 (Pin 0.80927 [q90 0.41717, q10 0.39210], MS 1.41810, Freq 4.04753, L1 1.75242, Spectral 0.29181, Gradient 0.48026) | LR 5.00e-06
2026-07-15 18:20:48,579 INFO Epoch 30 | Batch 1000/1186 | Loss 4.37932 (Pin 0.84573 [q90 0.43678, q10 0.40895], MS 1.48305, Freq 4.10106, L1 1.82382, Spectral 0.27947, Gradient 0.47360) | LR 5.00e-06
2026-07-15 18:21:10,639 INFO Epoch 30 | Batch 1050/1186 | Loss 4.25712 (Pin 0.83453 [q90 0.43319, q10 0.40134], MS 1.42155, Freq 4.00210, L1 1.78201, Spectral 0.27971, Gradient 0.46548) | LR 5.00e-06
2026-07-15 18:21:32,672 INFO Epoch 30 | Batch 1100/1186 | Loss 4.25017 (Pin 0.82403 [q90 0.42221, q10 0.40182], MS 1.41778, Freq 4.01671, L1 1.76336, Spectral 0.28883, Gradient 0.47851) | LR 5.00e-06
2026-07-15 18:21:54,680 INFO Epoch 30 | Batch 1150/1186 | Loss 4.31079 (Pin 0.80626 [q90 0.41580, q10 0.39046], MS 1.47984, Freq 4.04938, L1 1.74456, Spectral 0.28256, Gradient 0.47879) | LR 5.00e-06
2026-07-15 18:22:47,770 INFO Epoch 30 | Val Loss 4.88227 (Pin 0.78875 [q90 0.40568, q10 0.38307], MS 2.06849, Freq 4.05006, L1 1.74683, Spectral 0.27892, Gradient 0.47307)
2026-07-15 18:22:47,770 INFO Epoch 30 | Coverage q10/q50/q90 = 0.091/0.487/0.896 (nominal .10/.50/.90) | extreme tail = 0.119/0.443/0.848
2026-07-15 18:23:10,014 INFO Epoch 31 | Batch 50/1186 | Loss 4.34984 (Pin 0.82415 [q90 0.42104, q10 0.40311], MS 1.50109, Freq 4.04921, L1 1.77933, Spectral 0.28164, Gradient 0.47502) | LR 5.00e-06
2026-07-15 18:23:32,028 INFO Epoch 31 | Batch 100/1186 | Loss 4.27267 (Pin 0.80898 [q90 0.40979, q10 0.39919], MS 1.44356, Freq 4.04025, L1 1.75676, Spectral 0.28295, Gradient 0.47341) | LR 5.00e-06
2026-07-15 18:23:54,031 INFO Epoch 31 | Batch 150/1186 | Loss 4.29602 (Pin 0.81860 [q90 0.42358, q10 0.39503], MS 1.44662, Freq 4.06158, L1 1.76938, Spectral 0.28712, Gradient 0.47964) | LR 5.00e-06
2026-07-15 18:24:16,044 INFO Epoch 31 | Batch 200/1186 | Loss 4.16736 (Pin 0.80195 [q90 0.41284, q10 0.38911], MS 1.37197, Freq 3.98688, L1 1.74462, Spectral 0.27674, Gradient 0.46840) | LR 5.00e-06
2026-07-15 18:24:38,057 INFO Epoch 31 | Batch 250/1186 | Loss 4.27137 (Pin 0.81710 [q90 0.41667, q10 0.40043], MS 1.43418, Freq 4.04018, L1 1.75235, Spectral 0.28090, Gradient 0.47130) | LR 5.00e-06
2026-07-15 18:25:00,092 INFO Epoch 31 | Batch 300/1186 | Loss 4.22016 (Pin 0.79613 [q90 0.40629, q10 0.38984], MS 1.41936, Freq 4.00936, L1 1.73776, Spectral 0.28821, Gradient 0.48105) | LR 5.00e-06
2026-07-15 18:25:22,150 INFO Epoch 31 | Batch 350/1186 | Loss 4.29390 (Pin 0.82653 [q90 0.42305, q10 0.40348], MS 1.44550, Freq 4.04375, L1 1.78032, Spectral 0.28959, Gradient 0.48062) | LR 5.00e-06
2026-07-15 18:25:44,217 INFO Epoch 31 | Batch 400/1186 | Loss 4.16335 (Pin 0.80069 [q90 0.41612, q10 0.38457], MS 1.38696, Freq 3.95140, L1 1.71511, Spectral 0.28137, Gradient 0.46960) | LR 5.00e-06
2026-07-15 18:26:06,288 INFO Epoch 31 | Batch 450/1186 | Loss 4.38527 (Pin 0.83267 [q90 0.42620, q10 0.40647], MS 1.51584, Freq 4.07352, L1 1.80004, Spectral 0.28985, Gradient 0.47782) | LR 5.00e-06
2026-07-15 18:26:28,344 INFO Epoch 31 | Batch 500/1186 | Loss 4.22611 (Pin 0.80280 [q90 0.41094, q10 0.39187], MS 1.38483, Freq 4.07697, L1 1.74317, Spectral 0.28027, Gradient 0.47818) | LR 5.00e-06
2026-07-15 18:26:50,402 INFO Epoch 31 | Batch 550/1186 | Loss 4.26021 (Pin 0.79758 [q90 0.41119, q10 0.38639], MS 1.47148, Freq 3.98228, L1 1.71573, Spectral 0.28691, Gradient 0.47433) | LR 5.00e-06
2026-07-15 18:27:12,465 INFO Epoch 31 | Batch 600/1186 | Loss 4.32449 (Pin 0.81524 [q90 0.42090, q10 0.39434], MS 1.48004, Freq 4.05843, L1 1.75735, Spectral 0.28561, Gradient 0.48186) | LR 5.00e-06
2026-07-15 18:27:34,510 INFO Epoch 31 | Batch 650/1186 | Loss 4.30344 (Pin 0.83955 [q90 0.43109, q10 0.40846], MS 1.45578, Freq 4.01623, L1 1.78043, Spectral 0.27945, Gradient 0.46683) | LR 5.00e-06
2026-07-15 18:27:56,568 INFO Epoch 31 | Batch 700/1186 | Loss 4.25674 (Pin 0.81671 [q90 0.42444, q10 0.39227], MS 1.44801, Freq 3.98405, L1 1.74244, Spectral 0.27772, Gradient 0.46711) | LR 5.00e-06
2026-07-15 18:28:18,625 INFO Epoch 31 | Batch 750/1186 | Loss 4.35635 (Pin 0.83220 [q90 0.42076, q10 0.41144], MS 1.47322, Freq 4.10185, L1 1.79223, Spectral 0.28598, Gradient 0.47834) | LR 5.00e-06
2026-07-15 18:28:40,694 INFO Epoch 31 | Batch 800/1186 | Loss 4.39220 (Pin 0.81726 [q90 0.41977, q10 0.39749], MS 1.55976, Freq 4.03037, L1 1.76245, Spectral 0.28576, Gradient 0.47631) | LR 5.00e-06
2026-07-15 18:29:02,763 INFO Epoch 31 | Batch 850/1186 | Loss 4.21319 (Pin 0.80668 [q90 0.41461, q10 0.39207], MS 1.41922, Freq 3.97458, L1 1.73402, Spectral 0.27915, Gradient 0.46586) | LR 5.00e-06
2026-07-15 18:29:24,814 INFO Epoch 31 | Batch 900/1186 | Loss 4.22127 (Pin 0.81150 [q90 0.42166, q10 0.38984], MS 1.44680, Freq 3.92594, L1 1.72792, Spectral 0.27977, Gradient 0.46442) | LR 5.00e-06
2026-07-15 18:29:46,882 INFO Epoch 31 | Batch 950/1186 | Loss 4.20527 (Pin 0.79177 [q90 0.41020, q10 0.38158], MS 1.40186, Freq 4.02327, L1 1.70744, Spectral 0.28913, Gradient 0.47833) | LR 5.00e-06
2026-07-15 18:30:08,953 INFO Epoch 31 | Batch 1000/1186 | Loss 4.31531 (Pin 0.81933 [q90 0.42102, q10 0.39832], MS 1.48158, Freq 4.02882, L1 1.76557, Spectral 0.28070, Gradient 0.47537) | LR 5.00e-06
2026-07-15 18:30:31,004 INFO Epoch 31 | Batch 1050/1186 | Loss 4.35519 (Pin 0.82042 [q90 0.41291, q10 0.40750], MS 1.50090, Freq 4.06773, L1 1.77527, Spectral 0.29192, Gradient 0.48320) | LR 5.00e-06
2026-07-15 18:30:53,067 INFO Epoch 31 | Batch 1100/1186 | Loss 4.30547 (Pin 0.80528 [q90 0.41537, q10 0.38991], MS 1.48013, Freq 4.04013, L1 1.74131, Spectral 0.28189, Gradient 0.47773) | LR 5.00e-06
2026-07-15 18:31:15,123 INFO Epoch 31 | Batch 1150/1186 | Loss 4.23130 (Pin 0.81583 [q90 0.41506, q10 0.40076], MS 1.41058, Freq 4.00978, L1 1.74740, Spectral 0.28369, Gradient 0.47194) | LR 5.00e-06
2026-07-15 18:32:08,599 INFO Epoch 31 | Val Loss 4.85040 (Pin 0.78714 [q90 0.40655, q10 0.38059], MS 2.06691, Freq 3.99269, L1 1.73149, Spectral 0.27683, Gradient 0.46516)
2026-07-15 18:32:08,600 INFO Epoch 31 | Coverage q10/q50/q90 = 0.097/0.490/0.893 (nominal .10/.50/.90) | extreme tail = 0.132/0.462/0.848
2026-07-15 18:32:30,879 INFO Epoch 32 | Batch 50/1186 | Loss 4.31567 (Pin 0.82593 [q90 0.42373, q10 0.40220], MS 1.44935, Freq 4.08076, L1 1.78345, Spectral 0.28305, Gradient 0.47805) | LR 5.00e-06
2026-07-15 18:32:52,929 INFO Epoch 32 | Batch 100/1186 | Loss 4.24037 (Pin 0.81022 [q90 0.41492, q10 0.39530], MS 1.40538, Freq 4.04955, L1 1.74630, Spectral 0.28445, Gradient 0.47691) | LR 5.00e-06
2026-07-15 18:33:14,990 INFO Epoch 32 | Batch 150/1186 | Loss 4.25900 (Pin 0.81191 [q90 0.41948, q10 0.39244], MS 1.44801, Freq 3.99814, L1 1.73690, Spectral 0.28194, Gradient 0.46980) | LR 5.00e-06
2026-07-15 18:33:37,050 INFO Epoch 32 | Batch 200/1186 | Loss 4.22501 (Pin 0.80677 [q90 0.41413, q10 0.39263], MS 1.43258, Freq 3.97133, L1 1.73279, Spectral 0.28064, Gradient 0.47081) | LR 5.00e-06
2026-07-15 18:33:59,107 INFO Epoch 32 | Batch 250/1186 | Loss 4.34713 (Pin 0.83681 [q90 0.42871, q10 0.40810], MS 1.45509, Freq 4.11047, L1 1.80430, Spectral 0.28693, Gradient 0.48336) | LR 5.00e-06
2026-07-15 18:34:21,161 INFO Epoch 32 | Batch 300/1186 | Loss 4.26064 (Pin 0.81373 [q90 0.41386, q10 0.39987], MS 1.46149, Freq 3.97084, L1 1.75490, Spectral 0.28401, Gradient 0.47336) | LR 5.00e-06
2026-07-15 18:34:43,230 INFO Epoch 32 | Batch 350/1186 | Loss 4.21666 (Pin 0.80224 [q90 0.41090, q10 0.39134], MS 1.44700, Freq 3.93483, L1 1.72972, Spectral 0.28136, Gradient 0.46649) | LR 5.00e-06
2026-07-15 18:35:05,280 INFO Epoch 32 | Batch 400/1186 | Loss 4.29245 (Pin 0.80870 [q90 0.41637, q10 0.39234], MS 1.44143, Freq 4.08463, L1 1.76145, Spectral 0.28637, Gradient 0.48420) | LR 5.00e-06
2026-07-15 18:35:27,323 INFO Epoch 32 | Batch 450/1186 | Loss 4.25861 (Pin 0.81251 [q90 0.41519, q10 0.39732], MS 1.43098, Freq 4.03026, L1 1.74277, Spectral 0.28753, Gradient 0.47694) | LR 5.00e-06
2026-07-15 18:35:49,382 INFO Epoch 32 | Batch 500/1186 | Loss 4.25473 (Pin 0.81246 [q90 0.41343, q10 0.39904], MS 1.43403, Freq 4.01647, L1 1.75870, Spectral 0.27921, Gradient 0.47019) | LR 5.00e-06
2026-07-15 18:36:11,422 INFO Epoch 32 | Batch 550/1186 | Loss 4.28545 (Pin 0.82500 [q90 0.42252, q10 0.40248], MS 1.43012, Freq 4.06065, L1 1.77064, Spectral 0.28235, Gradient 0.47523) | LR 5.00e-06
2026-07-15 18:36:33,465 INFO Epoch 32 | Batch 600/1186 | Loss 4.14319 (Pin 0.78798 [q90 0.40941, q10 0.37857], MS 1.37927, Freq 3.95188, L1 1.70480, Spectral 0.27514, Gradient 0.46397) | LR 5.00e-06
2026-07-15 18:36:55,521 INFO Epoch 32 | Batch 650/1186 | Loss 4.35963 (Pin 0.82042 [q90 0.42512, q10 0.39530], MS 1.51176, Freq 4.05488, L1 1.76967, Spectral 0.29142, Gradient 0.48323) | LR 5.00e-06
2026-07-15 18:37:17,566 INFO Epoch 32 | Batch 700/1186 | Loss 4.37551 (Pin 0.84444 [q90 0.43573, q10 0.40871], MS 1.49909, Freq 4.06397, L1 1.79433, Spectral 0.29021, Gradient 0.47970) | LR 5.00e-06
2026-07-15 18:37:39,632 INFO Epoch 32 | Batch 750/1186 | Loss 4.25125 (Pin 0.82252 [q90 0.42886, q10 0.39366], MS 1.40811, Freq 4.04125, L1 1.77212, Spectral 0.28136, Gradient 0.47619) | LR 5.00e-06
2026-07-15 18:38:01,702 INFO Epoch 32 | Batch 800/1186 | Loss 4.21373 (Pin 0.80027 [q90 0.41383, q10 0.38644], MS 1.41938, Freq 3.98816, L1 1.72279, Spectral 0.28616, Gradient 0.47393) | LR 5.00e-06
2026-07-15 18:38:23,766 INFO Epoch 32 | Batch 850/1186 | Loss 4.26151 (Pin 0.80590 [q90 0.41035, q10 0.39555], MS 1.44366, Freq 4.02390, L1 1.75152, Spectral 0.27651, Gradient 0.47143) | LR 5.00e-06
2026-07-15 18:38:45,826 INFO Epoch 32 | Batch 900/1186 | Loss 4.23408 (Pin 0.81250 [q90 0.41661, q10 0.39589], MS 1.41167, Freq 4.01981, L1 1.75524, Spectral 0.27786, Gradient 0.46659) | LR 5.00e-06
2026-07-15 18:39:07,896 INFO Epoch 32 | Batch 950/1186 | Loss 4.23503 (Pin 0.79412 [q90 0.40343, q10 0.39070], MS 1.44145, Freq 3.99891, L1 1.72173, Spectral 0.28079, Gradient 0.47314) | LR 5.00e-06
2026-07-15 18:39:30,097 INFO Epoch 32 | Batch 1000/1186 | Loss 4.20276 (Pin 0.79172 [q90 0.40373, q10 0.38799], MS 1.44424, Freq 3.93360, L1 1.71009, Spectral 0.27690, Gradient 0.46157) | LR 5.00e-06
2026-07-15 18:39:52,153 INFO Epoch 32 | Batch 1050/1186 | Loss 4.16855 (Pin 0.79799 [q90 0.40727, q10 0.39073], MS 1.38017, Freq 3.98078, L1 1.71668, Spectral 0.28015, Gradient 0.46758) | LR 5.00e-06
2026-07-15 18:40:14,213 INFO Epoch 32 | Batch 1100/1186 | Loss 4.32725 (Pin 0.82391 [q90 0.42727, q10 0.39664], MS 1.48924, Freq 4.02819, L1 1.76330, Spectral 0.28741, Gradient 0.47875) | LR 5.00e-06
2026-07-15 18:40:36,281 INFO Epoch 32 | Batch 1150/1186 | Loss 4.31046 (Pin 0.82032 [q90 0.41814, q10 0.40218], MS 1.47990, Freq 4.02049, L1 1.76280, Spectral 0.29366, Gradient 0.48039) | LR 5.00e-06
2026-07-15 18:41:29,082 INFO Epoch 32 | Val Loss 4.86621 (Pin 0.78855 [q90 0.40649, q10 0.38206], MS 2.05704, Freq 4.04122, L1 1.74382, Spectral 0.27970, Gradient 0.47251)
2026-07-15 18:41:29,082 INFO Epoch 32 | Coverage q10/q50/q90 = 0.095/0.490/0.895 (nominal .10/.50/.90) | extreme tail = 0.128/0.458/0.857
2026-07-15 18:41:51,369 INFO Epoch 33 | Batch 50/1186 | Loss 4.23542 (Pin 0.81407 [q90 0.41762, q10 0.39645], MS 1.40512, Freq 4.03246, L1 1.74787, Spectral 0.28792, Gradient 0.47795) | LR 5.00e-06
2026-07-15 18:42:13,448 INFO Epoch 33 | Batch 100/1186 | Loss 4.23830 (Pin 0.81947 [q90 0.41855, q10 0.40091], MS 1.43424, Freq 3.96919, L1 1.75574, Spectral 0.28799, Gradient 0.47291) | LR 5.00e-06
2026-07-15 18:42:35,512 INFO Epoch 33 | Batch 150/1186 | Loss 4.27339 (Pin 0.83536 [q90 0.43162, q10 0.40374], MS 1.42539, Freq 4.02527, L1 1.77515, Spectral 0.28030, Gradient 0.46961) | LR 5.00e-06
2026-07-15 18:42:57,588 INFO Epoch 33 | Batch 200/1186 | Loss 4.37213 (Pin 0.83093 [q90 0.42846, q10 0.40247], MS 1.50709, Freq 4.06822, L1 1.80050, Spectral 0.28637, Gradient 0.47888) | LR 5.00e-06
2026-07-15 18:43:19,660 INFO Epoch 33 | Batch 250/1186 | Loss 4.32920 (Pin 0.84039 [q90 0.43485, q10 0.40554], MS 1.45108, Freq 4.07545, L1 1.81462, Spectral 0.28925, Gradient 0.47951) | LR 5.00e-06
2026-07-15 18:43:41,734 INFO Epoch 33 | Batch 300/1186 | Loss 4.28792 (Pin 0.82350 [q90 0.42441, q10 0.39908], MS 1.43383, Freq 4.06119, L1 1.76754, Spectral 0.27918, Gradient 0.47148) | LR 5.00e-06
2026-07-15 18:44:03,790 INFO Epoch 33 | Batch 350/1186 | Loss 4.26409 (Pin 0.80696 [q90 0.41006, q10 0.39690], MS 1.46883, Freq 3.97660, L1 1.74221, Spectral 0.28194, Gradient 0.46929) | LR 5.00e-06
2026-07-15 18:44:25,862 INFO Epoch 33 | Batch 400/1186 | Loss 4.31236 (Pin 0.81053 [q90 0.41221, q10 0.39832], MS 1.48780, Freq 4.02803, L1 1.73029, Spectral 0.28617, Gradient 0.47864) | LR 5.00e-06
2026-07-15 18:44:47,928 INFO Epoch 33 | Batch 450/1186 | Loss 4.31094 (Pin 0.82066 [q90 0.41790, q10 0.40276], MS 1.42571, Freq 4.12913, L1 1.78939, Spectral 0.28522, Gradient 0.48437) | LR 5.00e-06
2026-07-15 18:45:09,998 INFO Epoch 33 | Batch 500/1186 | Loss 4.50045 (Pin 0.86096 [q90 0.44368, q10 0.41728], MS 1.55794, Freq 4.16311, L1 1.83420, Spectral 0.29502, Gradient 0.49041) | LR 5.00e-06
2026-07-15 18:45:32,060 INFO Epoch 33 | Batch 550/1186 | Loss 4.18245 (Pin 0.78992 [q90 0.40672, q10 0.38320], MS 1.41537, Freq 3.95432, L1 1.71116, Spectral 0.28182, Gradient 0.46598) | LR 5.00e-06
2026-07-15 18:45:54,128 INFO Epoch 33 | Batch 600/1186 | Loss 4.18372 (Pin 0.78865 [q90 0.40733, q10 0.38132], MS 1.40162, Freq 3.98691, L1 1.71168, Spectral 0.27961, Gradient 0.47150) | LR 5.00e-06
2026-07-15 18:46:16,197 INFO Epoch 33 | Batch 650/1186 | Loss 4.30372 (Pin 0.81607 [q90 0.41570, q10 0.40036], MS 1.45602, Freq 4.06326, L1 1.76287, Spectral 0.28420, Gradient 0.47836) | LR 5.00e-06
2026-07-15 18:46:38,266 INFO Epoch 33 | Batch 700/1186 | Loss 4.20035 (Pin 0.79764 [q90 0.40306, q10 0.39458], MS 1.40144, Freq 4.00254, L1 1.72362, Spectral 0.28439, Gradient 0.47401) | LR 5.00e-06
2026-07-15 18:47:00,338 INFO Epoch 33 | Batch 750/1186 | Loss 4.15679 (Pin 0.78817 [q90 0.40393, q10 0.38424], MS 1.40716, Freq 3.92292, L1 1.69657, Spectral 0.27948, Gradient 0.46285) | LR 5.00e-06
2026-07-15 18:47:22,412 INFO Epoch 33 | Batch 800/1186 | Loss 4.28728 (Pin 0.81639 [q90 0.42194, q10 0.39446], MS 1.46353, Freq 4.01471, L1 1.76073, Spectral 0.27489, Gradient 0.46582) | LR 5.00e-06
2026-07-15 18:47:44,470 INFO Epoch 33 | Batch 850/1186 | Loss 4.34732 (Pin 0.81818 [q90 0.42370, q10 0.39448], MS 1.52850, Freq 4.00126, L1 1.75279, Spectral 0.28318, Gradient 0.47391) | LR 5.00e-06
2026-07-15 18:48:06,526 INFO Epoch 33 | Batch 900/1186 | Loss 4.31540 (Pin 0.81183 [q90 0.41457, q10 0.39726], MS 1.47730, Freq 4.05254, L1 1.77033, Spectral 0.27930, Gradient 0.47183) | LR 5.00e-06
2026-07-15 18:48:28,593 INFO Epoch 33 | Batch 950/1186 | Loss 4.38477 (Pin 0.82516 [q90 0.42238, q10 0.40278], MS 1.54287, Freq 4.03347, L1 1.76384, Spectral 0.29105, Gradient 0.47927) | LR 5.00e-06
2026-07-15 18:48:50,657 INFO Epoch 33 | Batch 1000/1186 | Loss 4.21184 (Pin 0.77981 [q90 0.39931, q10 0.38050], MS 1.43803, Freq 3.98800, L1 1.69289, Spectral 0.28620, Gradient 0.47418) | LR 5.00e-06
2026-07-15 18:49:12,729 INFO Epoch 33 | Batch 1050/1186 | Loss 4.29229 (Pin 0.82846 [q90 0.42821, q10 0.40025], MS 1.40746, Freq 4.11273, L1 1.79607, Spectral 0.28049, Gradient 0.47614) | LR 5.00e-06
2026-07-15 18:49:34,785 INFO Epoch 33 | Batch 1100/1186 | Loss 4.10725 (Pin 0.78271 [q90 0.40133, q10 0.38138], MS 1.40102, Freq 3.84703, L1 1.66124, Spectral 0.28288, Gradient 0.46345) | LR 5.00e-06
2026-07-15 18:49:56,842 INFO Epoch 33 | Batch 1150/1186 | Loss 4.26131 (Pin 0.81621 [q90 0.41809, q10 0.39813], MS 1.42815, Freq 4.03389, L1 1.75517, Spectral 0.27907, Gradient 0.47139) | LR 5.00e-06
2026-07-15 18:50:50,035 INFO Epoch 33 | Val Loss 4.85466 (Pin 0.78661 [q90 0.40707, q10 0.37954], MS 2.06170, Freq 4.01269, L1 1.73419, Spectral 0.27960, Gradient 0.47091)
2026-07-15 18:50:50,035 INFO Epoch 33 | Coverage q10/q50/q90 = 0.095/0.488/0.889 (nominal .10/.50/.90) | extreme tail = 0.128/0.454/0.837
2026-07-15 18:51:12,318 INFO Epoch 34 | Batch 50/1186 | Loss 4.29145 (Pin 0.81698 [q90 0.41856, q10 0.39842], MS 1.45867, Freq 4.03161, L1 1.74844, Spectral 0.28606, Gradient 0.48126) | LR 5.00e-06
2026-07-15 18:51:34,388 INFO Epoch 34 | Batch 100/1186 | Loss 4.21545 (Pin 0.78905 [q90 0.40471, q10 0.38434], MS 1.45496, Freq 3.94288, L1 1.70955, Spectral 0.28055, Gradient 0.46598) | LR 5.00e-06
2026-07-15 18:51:56,433 INFO Epoch 34 | Batch 150/1186 | Loss 4.22862 (Pin 0.80841 [q90 0.41785, q10 0.39056], MS 1.44798, Freq 3.94446, L1 1.74106, Spectral 0.28072, Gradient 0.47065) | LR 5.00e-06
2026-07-15 18:52:18,489 INFO Epoch 34 | Batch 200/1186 | Loss 4.23403 (Pin 0.80648 [q90 0.41345, q10 0.39303], MS 1.43977, Freq 3.97556, L1 1.73403, Spectral 0.28443, Gradient 0.47109) | LR 5.00e-06
2026-07-15 18:52:40,560 INFO Epoch 34 | Batch 250/1186 | Loss 4.31025 (Pin 0.83511 [q90 0.42847, q10 0.40665], MS 1.45200, Freq 4.04628, L1 1.79047, Spectral 0.28782, Gradient 0.47876) | LR 5.00e-06
2026-07-15 18:53:02,622 INFO Epoch 34 | Batch 300/1186 | Loss 4.15851 (Pin 0.78922 [q90 0.39989, q10 0.38934], MS 1.36705, Freq 4.00446, L1 1.69864, Spectral 0.27812, Gradient 0.47257) | LR 5.00e-06
2026-07-15 18:53:24,680 INFO Epoch 34 | Batch 350/1186 | Loss 4.35193 (Pin 0.83284 [q90 0.42441, q10 0.40843], MS 1.46244, Freq 4.11331, L1 1.79126, Spectral 0.28589, Gradient 0.48035) | LR 5.00e-06
2026-07-15 18:53:46,747 INFO Epoch 34 | Batch 400/1186 | Loss 4.30287 (Pin 0.82548 [q90 0.42985, q10 0.39562], MS 1.45693, Freq 4.04092, L1 1.75974, Spectral 0.29215, Gradient 0.48201) | LR 5.00e-06
2026-07-15 18:54:08,801 INFO Epoch 34 | Batch 450/1186 | Loss 4.25883 (Pin 0.80785 [q90 0.41383, q10 0.39402], MS 1.44059, Freq 4.02076, L1 1.74966, Spectral 0.28325, Gradient 0.47136) | LR 5.00e-06
2026-07-15 18:54:30,862 INFO Epoch 34 | Batch 500/1186 | Loss 4.26111 (Pin 0.81077 [q90 0.41831, q10 0.39246], MS 1.44635, Freq 4.00800, L1 1.73663, Spectral 0.27956, Gradient 0.46924) | LR 5.00e-06
2026-07-15 18:54:52,907 INFO Epoch 34 | Batch 550/1186 | Loss 4.33200 (Pin 0.80551 [q90 0.41425, q10 0.39126], MS 1.49258, Freq 4.06782, L1 1.75476, Spectral 0.27721, Gradient 0.47641) | LR 5.00e-06
2026-07-15 18:55:14,973 INFO Epoch 34 | Batch 600/1186 | Loss 4.19347 (Pin 0.79840 [q90 0.40990, q10 0.38849], MS 1.40079, Freq 3.98856, L1 1.71636, Spectral 0.27740, Gradient 0.47055) | LR 5.00e-06
2026-07-15 18:55:37,028 INFO Epoch 34 | Batch 650/1186 | Loss 4.23077 (Pin 0.79589 [q90 0.40874, q10 0.38715], MS 1.47889, Freq 3.91199, L1 1.69827, Spectral 0.28173, Gradient 0.46718) | LR 5.00e-06
2026-07-15 18:55:59,085 INFO Epoch 34 | Batch 700/1186 | Loss 4.32102 (Pin 0.83369 [q90 0.42642, q10 0.40727], MS 1.43685, Freq 4.10095, L1 1.79187, Spectral 0.30384, Gradient 0.49185) | LR 5.00e-06
2026-07-15 18:56:21,150 INFO Epoch 34 | Batch 750/1186 | Loss 4.26119 (Pin 0.82797 [q90 0.42654, q10 0.40143], MS 1.40342, Freq 4.05961, L1 1.78706, Spectral 0.28622, Gradient 0.47984) | LR 5.00e-06
2026-07-15 18:56:43,203 INFO Epoch 34 | Batch 800/1186 | Loss 4.35825 (Pin 0.84070 [q90 0.42420, q10 0.41650], MS 1.48377, Freq 4.06756, L1 1.81256, Spectral 0.27846, Gradient 0.47001) | LR 5.00e-06
2026-07-15 18:57:05,259 INFO Epoch 34 | Batch 850/1186 | Loss 4.40459 (Pin 0.82720 [q90 0.42110, q10 0.40610], MS 1.51574, Freq 4.12329, L1 1.79550, Spectral 0.29027, Gradient 0.49002) | LR 5.00e-06
2026-07-15 18:57:27,325 INFO Epoch 34 | Batch 900/1186 | Loss 4.33547 (Pin 0.81689 [q90 0.42027, q10 0.39663], MS 1.49895, Freq 4.03925, L1 1.75661, Spectral 0.28338, Gradient 0.47370) | LR 5.00e-06
2026-07-15 18:57:49,384 INFO Epoch 34 | Batch 950/1186 | Loss 4.24098 (Pin 0.78972 [q90 0.40719, q10 0.38253], MS 1.44962, Freq 4.00326, L1 1.71981, Spectral 0.28261, Gradient 0.47460) | LR 5.00e-06
2026-07-15 18:58:11,455 INFO Epoch 34 | Batch 1000/1186 | Loss 4.40584 (Pin 0.83855 [q90 0.42718, q10 0.41137], MS 1.52377, Freq 4.08702, L1 1.81349, Spectral 0.28426, Gradient 0.47149) | LR 5.00e-06
2026-07-15 18:58:33,528 INFO Epoch 34 | Batch 1050/1186 | Loss 4.32012 (Pin 0.82263 [q90 0.42445, q10 0.39818], MS 1.45115, Freq 4.09269, L1 1.77503, Spectral 0.28191, Gradient 0.47508) | LR 5.00e-06
2026-07-15 18:58:55,594 INFO Epoch 34 | Batch 1100/1186 | Loss 4.42067 (Pin 0.83361 [q90 0.42613, q10 0.40748], MS 1.55312, Freq 4.06789, L1 1.79927, Spectral 0.28716, Gradient 0.47914) | LR 5.00e-06
2026-07-15 18:59:17,646 INFO Epoch 34 | Batch 1150/1186 | Loss 4.13108 (Pin 0.76541 [q90 0.39461, q10 0.37080], MS 1.41109, Freq 3.90916, L1 1.66529, Spectral 0.27152, Gradient 0.46058) | LR 5.00e-06
2026-07-15 19:00:11,179 INFO Epoch 34 | Val Loss 4.89029 (Pin 0.78712 [q90 0.40633, q10 0.38079], MS 2.06587, Freq 4.07460, L1 1.74605, Spectral 0.27914, Gradient 0.47413)
2026-07-15 19:00:11,179 INFO Epoch 34 | Coverage q10/q50/q90 = 0.096/0.493/0.893 (nominal .10/.50/.90) | extreme tail = 0.128/0.452/0.845
2026-07-15 19:00:33,486 INFO Epoch 35 | Batch 50/1186 | Loss 4.42897 (Pin 0.81975 [q90 0.42687, q10 0.39288], MS 1.59518, Freq 4.02807, L1 1.75546, Spectral 0.28219, Gradient 0.47428) | LR 5.00e-06
2026-07-15 19:00:55,548 INFO Epoch 35 | Batch 100/1186 | Loss 4.14058 (Pin 0.79200 [q90 0.40821, q10 0.38380], MS 1.40131, Freq 3.89452, L1 1.71077, Spectral 0.27189, Gradient 0.45944) | LR 5.00e-06
2026-07-15 19:01:17,617 INFO Epoch 35 | Batch 150/1186 | Loss 4.18191 (Pin 0.79057 [q90 0.40484, q10 0.38573], MS 1.40423, Freq 3.97423, L1 1.70434, Spectral 0.28127, Gradient 0.46874) | LR 5.00e-06
2026-07-15 19:01:39,682 INFO Epoch 35 | Batch 200/1186 | Loss 4.20075 (Pin 0.81035 [q90 0.41653, q10 0.39381], MS 1.37782, Freq 4.02518, L1 1.74198, Spectral 0.28516, Gradient 0.47474) | LR 5.00e-06
2026-07-15 19:02:01,744 INFO Epoch 35 | Batch 250/1186 | Loss 4.15887 (Pin 0.79481 [q90 0.40928, q10 0.38552], MS 1.37552, Freq 3.97709, L1 1.71311, Spectral 0.27946, Gradient 0.46966) | LR 5.00e-06
2026-07-15 19:02:23,792 INFO Epoch 35 | Batch 300/1186 | Loss 4.40508 (Pin 0.85328 [q90 0.44215, q10 0.41113], MS 1.46385, Freq 4.17591, L1 1.82642, Spectral 0.28583, Gradient 0.48233) | LR 5.00e-06
2026-07-15 19:02:45,846 INFO Epoch 35 | Batch 350/1186 | Loss 4.18072 (Pin 0.76903 [q90 0.39163, q10 0.37740], MS 1.43518, Freq 3.95302, L1 1.68055, Spectral 0.27443, Gradient 0.46650) | LR 5.00e-06
2026-07-15 19:03:07,910 INFO Epoch 35 | Batch 400/1186 | Loss 4.40649 (Pin 0.84339 [q90 0.43310, q10 0.41030], MS 1.51613, Freq 4.09392, L1 1.80621, Spectral 0.28014, Gradient 0.47404) | LR 5.00e-06
2026-07-15 19:03:29,970 INFO Epoch 35 | Batch 450/1186 | Loss 4.28222 (Pin 0.81062 [q90 0.41544, q10 0.39517], MS 1.46918, Freq 4.00483, L1 1.75544, Spectral 0.28737, Gradient 0.47304) | LR 5.00e-06
2026-07-15 19:03:52,177 INFO Epoch 35 | Batch 500/1186 | Loss 4.22680 (Pin 0.81794 [q90 0.41792, q10 0.40002], MS 1.39676, Freq 4.02421, L1 1.75558, Spectral 0.28381, Gradient 0.47720) | LR 5.00e-06
2026-07-15 19:04:14,246 INFO Epoch 35 | Batch 550/1186 | Loss 4.22560 (Pin 0.80701 [q90 0.41594, q10 0.39107], MS 1.40504, Freq 4.02710, L1 1.74700, Spectral 0.28522, Gradient 0.47724) | LR 5.00e-06
2026-07-15 19:04:36,314 INFO Epoch 35 | Batch 600/1186 | Loss 4.30584 (Pin 0.82456 [q90 0.42157, q10 0.40299], MS 1.45983, Freq 4.04290, L1 1.77206, Spectral 0.28301, Gradient 0.47487) | LR 5.00e-06
2026-07-15 19:04:58,387 INFO Epoch 35 | Batch 650/1186 | Loss 4.19483 (Pin 0.78971 [q90 0.40315, q10 0.38656], MS 1.41927, Freq 3.97169, L1 1.69950, Spectral 0.27989, Gradient 0.47025) | LR 5.00e-06
2026-07-15 19:05:20,450 INFO Epoch 35 | Batch 700/1186 | Loss 4.31370 (Pin 0.82792 [q90 0.42037, q10 0.40755], MS 1.46033, Freq 4.05087, L1 1.78602, Spectral 0.28344, Gradient 0.47640) | LR 5.00e-06
2026-07-15 19:05:42,507 INFO Epoch 35 | Batch 750/1186 | Loss 4.25022 (Pin 0.81316 [q90 0.40960, q10 0.40355], MS 1.43775, Freq 3.99864, L1 1.75542, Spectral 0.28055, Gradient 0.46801) | LR 5.00e-06
2026-07-15 19:06:04,578 INFO Epoch 35 | Batch 800/1186 | Loss 4.28068 (Pin 0.82065 [q90 0.41931, q10 0.40134], MS 1.41798, Freq 4.08409, L1 1.77900, Spectral 0.28577, Gradient 0.48136) | LR 5.00e-06
2026-07-15 19:06:26,640 INFO Epoch 35 | Batch 850/1186 | Loss 4.29744 (Pin 0.81779 [q90 0.42049, q10 0.39729], MS 1.44853, Freq 4.06225, L1 1.77233, Spectral 0.29032, Gradient 0.48616) | LR 5.00e-06
2026-07-15 19:06:48,693 INFO Epoch 35 | Batch 900/1186 | Loss 4.31790 (Pin 0.83250 [q90 0.43054, q10 0.40197], MS 1.46324, Freq 4.04432, L1 1.77139, Spectral 0.28674, Gradient 0.47360) | LR 5.00e-06
2026-07-15 19:07:10,746 INFO Epoch 35 | Batch 950/1186 | Loss 4.25244 (Pin 0.80280 [q90 0.40680, q10 0.39600], MS 1.44313, Freq 4.01303, L1 1.73039, Spectral 0.28138, Gradient 0.47453) | LR 5.00e-06
2026-07-15 19:07:32,807 INFO Epoch 35 | Batch 1000/1186 | Loss 4.46002 (Pin 0.86648 [q90 0.44841, q10 0.41807], MS 1.53437, Freq 4.11834, L1 1.84263, Spectral 0.29027, Gradient 0.48149) | LR 5.00e-06
2026-07-15 19:07:54,876 INFO Epoch 35 | Batch 1050/1186 | Loss 4.17976 (Pin 0.79715 [q90 0.40899, q10 0.38816], MS 1.38463, Freq 3.99598, L1 1.72034, Spectral 0.28210, Gradient 0.47110) | LR 5.00e-06
2026-07-15 19:08:16,933 INFO Epoch 35 | Batch 1100/1186 | Loss 4.22705 (Pin 0.80597 [q90 0.41159, q10 0.39438], MS 1.39830, Freq 4.04556, L1 1.73820, Spectral 0.28906, Gradient 0.47995) | LR 5.00e-06
2026-07-15 19:08:38,993 INFO Epoch 35 | Batch 1150/1186 | Loss 4.30518 (Pin 0.82051 [q90 0.42156, q10 0.39895], MS 1.45162, Freq 4.06609, L1 1.76561, Spectral 0.28537, Gradient 0.47922) | LR 5.00e-06
2026-07-15 19:09:32,407 INFO Epoch 35 | Val Loss 4.86968 (Pin 0.78741 [q90 0.40669, q10 0.38072], MS 2.06262, Freq 4.03931, L1 1.73918, Spectral 0.27997, Gradient 0.47157)
2026-07-15 19:09:32,407 INFO Epoch 35 | Coverage q10/q50/q90 = 0.101/0.495/0.892 (nominal .10/.50/.90) | extreme tail = 0.133/0.461/0.843
2026-07-15 19:09:54,698 INFO Epoch 36 | Batch 50/1186 | Loss 4.11014 (Pin 0.79827 [q90 0.40898, q10 0.38928], MS 1.34958, Freq 3.92459, L1 1.71210, Spectral 0.27928, Gradient 0.46306) | LR 5.00e-06
2026-07-15 19:10:16,769 INFO Epoch 36 | Batch 100/1186 | Loss 4.29386 (Pin 0.81346 [q90 0.41541, q10 0.39806], MS 1.46557, Freq 4.02966, L1 1.74969, Spectral 0.28203, Gradient 0.47741) | LR 5.00e-06
2026-07-15 19:10:38,828 INFO Epoch 36 | Batch 150/1186 | Loss 4.23140 (Pin 0.81162 [q90 0.41920, q10 0.39242], MS 1.39483, Freq 4.04989, L1 1.74248, Spectral 0.28208, Gradient 0.47854) | LR 5.00e-06
2026-07-15 19:11:00,901 INFO Epoch 36 | Batch 200/1186 | Loss 4.34108 (Pin 0.84267 [q90 0.43529, q10 0.40738], MS 1.45541, Freq 4.08601, L1 1.80676, Spectral 0.28120, Gradient 0.47335) | LR 5.00e-06
2026-07-15 19:11:22,960 INFO Epoch 36 | Batch 250/1186 | Loss 4.19983 (Pin 0.78455 [q90 0.39740, q10 0.38715], MS 1.44998, Freq 3.93059, L1 1.70152, Spectral 0.28174, Gradient 0.46460) | LR 5.00e-06
2026-07-15 19:11:45,021 INFO Epoch 36 | Batch 300/1186 | Loss 4.34677 (Pin 0.81305 [q90 0.41219, q10 0.40087], MS 1.51932, Freq 4.02878, L1 1.74220, Spectral 0.29108, Gradient 0.47972) | LR 5.00e-06
2026-07-15 19:12:07,086 INFO Epoch 36 | Batch 350/1186 | Loss 4.38606 (Pin 0.84306 [q90 0.42869, q10 0.41437], MS 1.47909, Freq 4.12783, L1 1.81644, Spectral 0.28641, Gradient 0.48269) | LR 5.00e-06
2026-07-15 19:12:29,152 INFO Epoch 36 | Batch 400/1186 | Loss 4.22323 (Pin 0.79257 [q90 0.40620, q10 0.38637], MS 1.44515, Freq 3.97101, L1 1.70691, Spectral 0.27551, Gradient 0.46525) | LR 5.00e-06
2026-07-15 19:12:51,214 INFO Epoch 36 | Batch 450/1186 | Loss 4.28659 (Pin 0.81488 [q90 0.41950, q10 0.39538], MS 1.45544, Freq 4.03253, L1 1.75261, Spectral 0.28285, Gradient 0.47611) | LR 5.00e-06
2026-07-15 19:13:13,280 INFO Epoch 36 | Batch 500/1186 | Loss 4.23407 (Pin 0.81091 [q90 0.41618, q10 0.39473], MS 1.41549, Freq 4.01535, L1 1.74494, Spectral 0.28592, Gradient 0.47539) | LR 5.00e-06
2026-07-15 19:13:35,344 INFO Epoch 36 | Batch 550/1186 | Loss 4.31011 (Pin 0.79913 [q90 0.41431, q10 0.38483], MS 1.51259, Freq 3.99677, L1 1.72832, Spectral 0.28140, Gradient 0.47434) | LR 5.00e-06
2026-07-15 19:13:57,401 INFO Epoch 36 | Batch 600/1186 | Loss 4.27520 (Pin 0.81608 [q90 0.41661, q10 0.39947], MS 1.45511, Freq 4.00801, L1 1.75476, Spectral 0.28279, Gradient 0.47302) | LR 5.00e-06
2026-07-15 19:14:19,472 INFO Epoch 36 | Batch 650/1186 | Loss 4.28010 (Pin 0.80661 [q90 0.41278, q10 0.39383], MS 1.46393, Freq 4.01913, L1 1.75820, Spectral 0.27722, Gradient 0.46815) | LR 5.00e-06
2026-07-15 19:14:41,536 INFO Epoch 36 | Batch 700/1186 | Loss 4.41488 (Pin 0.83928 [q90 0.42323, q10 0.41605], MS 1.51042, Freq 4.13035, L1 1.82273, Spectral 0.28976, Gradient 0.48630) | LR 5.00e-06
2026-07-15 19:15:03,596 INFO Epoch 36 | Batch 750/1186 | Loss 4.31870 (Pin 0.82541 [q90 0.42198, q10 0.40343], MS 1.49015, Freq 4.00628, L1 1.76613, Spectral 0.28244, Gradient 0.46904) | LR 5.00e-06
2026-07-15 19:15:25,666 INFO Epoch 36 | Batch 800/1186 | Loss 4.31781 (Pin 0.79346 [q90 0.40685, q10 0.38661], MS 1.50859, Freq 4.03150, L1 1.71465, Spectral 0.28934, Gradient 0.48151) | LR 5.00e-06
2026-07-15 19:15:47,720 INFO Epoch 36 | Batch 850/1186 | Loss 4.26059 (Pin 0.80589 [q90 0.41469, q10 0.39119], MS 1.47528, Freq 3.95885, L1 1.73167, Spectral 0.28065, Gradient 0.46729) | LR 5.00e-06
2026-07-15 19:16:09,789 INFO Epoch 36 | Batch 900/1186 | Loss 4.22249 (Pin 0.80353 [q90 0.41536, q10 0.38817], MS 1.43780, Freq 3.96232, L1 1.70847, Spectral 0.28156, Gradient 0.47201) | LR 5.00e-06
2026-07-15 19:16:31,847 INFO Epoch 36 | Batch 950/1186 | Loss 4.25411 (Pin 0.81532 [q90 0.42241, q10 0.39291], MS 1.44556, Freq 3.98647, L1 1.74754, Spectral 0.27929, Gradient 0.46674) | LR 5.00e-06
2026-07-15 19:16:53,903 INFO Epoch 36 | Batch 1000/1186 | Loss 4.31717 (Pin 0.80504 [q90 0.41396, q10 0.39109], MS 1.48714, Freq 4.04997, L1 1.74504, Spectral 0.28622, Gradient 0.47840) | LR 5.00e-06
2026-07-15 19:17:15,958 INFO Epoch 36 | Batch 1050/1186 | Loss 4.35941 (Pin 0.83715 [q90 0.42825, q10 0.40890], MS 1.47888, Freq 4.08677, L1 1.80013, Spectral 0.28496, Gradient 0.47732) | LR 5.00e-06
2026-07-15 19:17:38,023 INFO Epoch 36 | Batch 1100/1186 | Loss 4.35158 (Pin 0.82432 [q90 0.41947, q10 0.40484], MS 1.48151, Freq 4.09149, L1 1.78457, Spectral 0.28880, Gradient 0.48466) | LR 5.00e-06
2026-07-15 19:18:00,079 INFO Epoch 36 | Batch 1150/1186 | Loss 4.34130 (Pin 0.82954 [q90 0.42920, q10 0.40034], MS 1.51439, Freq 3.99475, L1 1.75958, Spectral 0.27777, Gradient 0.46593) | LR 5.00e-06
2026-07-15 19:18:53,297 INFO Epoch 36 | Val Loss 4.87592 (Pin 0.78823 [q90 0.40580, q10 0.38243], MS 2.07075, Freq 4.03388, L1 1.74222, Spectral 0.28088, Gradient 0.47346)
2026-07-15 19:18:53,297 INFO Epoch 36 | Coverage q10/q50/q90 = 0.093/0.491/0.894 (nominal .10/.50/.90) | extreme tail = 0.131/0.457/0.848
2026-07-15 19:19:15,589 INFO Epoch 37 | Batch 50/1186 | Loss 4.12694 (Pin 0.78467 [q90 0.40046, q10 0.38422], MS 1.36152, Freq 3.96150, L1 1.69809, Spectral 0.27635, Gradient 0.46714) | LR 5.00e-06
2026-07-15 19:19:37,636 INFO Epoch 37 | Batch 100/1186 | Loss 4.32611 (Pin 0.81976 [q90 0.42230, q10 0.39746], MS 1.48599, Freq 4.04073, L1 1.77557, Spectral 0.28273, Gradient 0.47366) | LR 5.00e-06
2026-07-15 19:19:59,700 INFO Epoch 37 | Batch 150/1186 | Loss 4.20753 (Pin 0.79944 [q90 0.41143, q10 0.38801], MS 1.41346, Freq 3.98925, L1 1.73331, Spectral 0.28049, Gradient 0.46890) | LR 5.00e-06
2026-07-15 19:20:21,753 INFO Epoch 37 | Batch 200/1186 | Loss 4.28349 (Pin 0.82146 [q90 0.42592, q10 0.39554], MS 1.45091, Freq 4.02224, L1 1.75126, Spectral 0.28813, Gradient 0.47777) | LR 5.00e-06
2026-07-15 19:20:43,822 INFO Epoch 37 | Batch 250/1186 | Loss 4.39849 (Pin 0.84457 [q90 0.43457, q10 0.41000], MS 1.52975, Freq 4.04834, L1 1.80400, Spectral 0.28479, Gradient 0.47530) | LR 5.00e-06
2026-07-15 19:21:05,883 INFO Epoch 37 | Batch 300/1186 | Loss 4.24740 (Pin 0.82717 [q90 0.42754, q10 0.39964], MS 1.40604, Freq 4.02837, L1 1.76393, Spectral 0.28271, Gradient 0.47376) | LR 5.00e-06
2026-07-15 19:21:27,943 INFO Epoch 37 | Batch 350/1186 | Loss 4.26230 (Pin 0.80381 [q90 0.40775, q10 0.39607], MS 1.42897, Freq 4.05904, L1 1.73877, Spectral 0.27816, Gradient 0.47800) | LR 5.00e-06
2026-07-15 19:21:50,002 INFO Epoch 37 | Batch 400/1186 | Loss 4.27435 (Pin 0.80841 [q90 0.41765, q10 0.39076], MS 1.44312, Freq 4.04565, L1 1.74066, Spectral 0.29044, Gradient 0.47578) | LR 5.00e-06
2026-07-15 19:22:12,064 INFO Epoch 37 | Batch 450/1186 | Loss 4.25293 (Pin 0.80628 [q90 0.40819, q10 0.39809], MS 1.45257, Freq 3.98816, L1 1.72590, Spectral 0.28158, Gradient 0.47129) | LR 5.00e-06
2026-07-15 19:22:34,129 INFO Epoch 37 | Batch 500/1186 | Loss 4.15548 (Pin 0.78102 [q90 0.39719, q10 0.38382], MS 1.39054, Freq 3.96785, L1 1.70507, Spectral 0.27743, Gradient 0.46975) | LR 5.00e-06
2026-07-15 19:22:56,201 INFO Epoch 37 | Batch 550/1186 | Loss 4.27399 (Pin 0.82869 [q90 0.43213, q10 0.39656], MS 1.43199, Freq 4.02663, L1 1.77769, Spectral 0.28155, Gradient 0.47320) | LR 5.00e-06
2026-07-15 19:23:18,260 INFO Epoch 37 | Batch 600/1186 | Loss 4.28561 (Pin 0.82494 [q90 0.42056, q10 0.40438], MS 1.45119, Freq 4.01897, L1 1.77661, Spectral 0.27732, Gradient 0.46867) | LR 5.00e-06
2026-07-15 19:23:40,319 INFO Epoch 37 | Batch 650/1186 | Loss 4.31292 (Pin 0.81051 [q90 0.41714, q10 0.39338], MS 1.48542, Freq 4.03399, L1 1.73979, Spectral 0.29486, Gradient 0.48404) | LR 5.00e-06
2026-07-15 19:24:02,380 INFO Epoch 37 | Batch 700/1186 | Loss 4.24678 (Pin 0.81952 [q90 0.42202, q10 0.39749], MS 1.41146, Freq 4.03159, L1 1.74831, Spectral 0.28343, Gradient 0.47399) | LR 5.00e-06
2026-07-15 19:24:24,436 INFO Epoch 37 | Batch 750/1186 | Loss 4.47281 (Pin 0.83623 [q90 0.42871, q10 0.40752], MS 1.57376, Freq 4.12563, L1 1.80072, Spectral 0.28436, Gradient 0.48017) | LR 5.00e-06
2026-07-15 19:24:46,505 INFO Epoch 37 | Batch 800/1186 | Loss 4.32348 (Pin 0.82895 [q90 0.42381, q10 0.40514], MS 1.47248, Freq 4.04411, L1 1.78057, Spectral 0.28296, Gradient 0.47538) | LR 5.00e-06
2026-07-15 19:25:08,561 INFO Epoch 37 | Batch 850/1186 | Loss 4.24217 (Pin 0.79840 [q90 0.40866, q10 0.38974], MS 1.46848, Freq 3.95060, L1 1.71250, Spectral 0.27846, Gradient 0.46861) | LR 5.00e-06
2026-07-15 19:25:30,613 INFO Epoch 37 | Batch 900/1186 | Loss 4.37151 (Pin 0.82633 [q90 0.41927, q10 0.40706], MS 1.50362, Freq 4.08314, L1 1.78248, Spectral 0.28694, Gradient 0.48024) | LR 5.00e-06
2026-07-15 19:25:52,684 INFO Epoch 37 | Batch 950/1186 | Loss 4.29744 (Pin 0.80902 [q90 0.41778, q10 0.39124], MS 1.48159, Freq 4.01365, L1 1.75004, Spectral 0.29064, Gradient 0.48021) | LR 5.00e-06
2026-07-15 19:26:14,748 INFO Epoch 37 | Batch 1000/1186 | Loss 4.29854 (Pin 0.81747 [q90 0.41970, q10 0.39777], MS 1.47353, Freq 4.01506, L1 1.75266, Spectral 0.28573, Gradient 0.47857) | LR 5.00e-06
2026-07-15 19:26:36,802 INFO Epoch 37 | Batch 1050/1186 | Loss 4.30435 (Pin 0.82572 [q90 0.42475, q10 0.40097], MS 1.47731, Freq 4.00264, L1 1.77031, Spectral 0.28258, Gradient 0.46995) | LR 5.00e-06
2026-07-15 19:26:58,870 INFO Epoch 37 | Batch 1100/1186 | Loss 4.41712 (Pin 0.83831 [q90 0.43226, q10 0.40606], MS 1.51656, Freq 4.12450, L1 1.80751, Spectral 0.28422, Gradient 0.48080) | LR 5.00e-06
2026-07-15 19:27:20,935 INFO Epoch 37 | Batch 1150/1186 | Loss 4.23905 (Pin 0.78613 [q90 0.40141, q10 0.38472], MS 1.47252, Freq 3.96081, L1 1.70187, Spectral 0.29345, Gradient 0.47611) | LR 5.00e-06
2026-07-15 19:28:14,505 INFO Epoch 37 | Val Loss 4.85317 (Pin 0.78806 [q90 0.40692, q10 0.38114], MS 2.05051, Freq 4.02919, L1 1.74002, Spectral 0.27948, Gradient 0.47103)
2026-07-15 19:28:14,505 INFO Epoch 37 | Coverage q10/q50/q90 = 0.095/0.488/0.891 (nominal .10/.50/.90) | extreme tail = 0.128/0.451/0.848
2026-07-15 19:28:36,940 INFO Epoch 38 | Batch 50/1186 | Loss 4.27941 (Pin 0.80877 [q90 0.41841, q10 0.39036], MS 1.46031, Freq 4.02066, L1 1.74540, Spectral 0.28448, Gradient 0.47407) | LR 5.00e-06
2026-07-15 19:28:58,997 INFO Epoch 38 | Batch 100/1186 | Loss 4.23907 (Pin 0.81896 [q90 0.42281, q10 0.39616], MS 1.41174, Freq 4.01673, L1 1.75858, Spectral 0.28483, Gradient 0.47445) | LR 5.00e-06
2026-07-15 19:29:21,052 INFO Epoch 38 | Batch 150/1186 | Loss 4.32235 (Pin 0.84398 [q90 0.43525, q10 0.40873], MS 1.46583, Freq 4.02507, L1 1.79489, Spectral 0.28225, Gradient 0.46794) | LR 5.00e-06
2026-07-15 19:29:43,110 INFO Epoch 38 | Batch 200/1186 | Loss 4.22077 (Pin 0.80033 [q90 0.40997, q10 0.39036], MS 1.43267, Freq 3.97555, L1 1.73675, Spectral 0.28279, Gradient 0.46903) | LR 5.00e-06
2026-07-15 19:30:05,168 INFO Epoch 38 | Batch 250/1186 | Loss 4.30122 (Pin 0.80851 [q90 0.41353, q10 0.39498], MS 1.48078, Freq 4.02385, L1 1.75315, Spectral 0.28557, Gradient 0.47604) | LR 5.00e-06
2026-07-15 19:30:27,232 INFO Epoch 38 | Batch 300/1186 | Loss 4.34241 (Pin 0.82401 [q90 0.41986, q10 0.40416], MS 1.47493, Freq 4.08692, L1 1.77417, Spectral 0.27834, Gradient 0.47436) | LR 5.00e-06
2026-07-15 19:30:49,290 INFO Epoch 38 | Batch 350/1186 | Loss 4.28607 (Pin 0.81243 [q90 0.41585, q10 0.39659], MS 1.45475, Freq 4.03776, L1 1.74578, Spectral 0.27972, Gradient 0.47301) | LR 5.00e-06
2026-07-15 19:31:11,351 INFO Epoch 38 | Batch 400/1186 | Loss 4.28656 (Pin 0.81670 [q90 0.41965, q10 0.39705], MS 1.45542, Freq 4.02889, L1 1.74242, Spectral 0.28987, Gradient 0.47584) | LR 5.00e-06
2026-07-15 19:31:33,412 INFO Epoch 38 | Batch 450/1186 | Loss 4.37739 (Pin 0.84109 [q90 0.42962, q10 0.41147], MS 1.49353, Freq 4.08553, L1 1.81098, Spectral 0.28936, Gradient 0.48438) | LR 5.00e-06
2026-07-15 19:31:55,458 INFO Epoch 38 | Batch 500/1186 | Loss 4.22834 (Pin 0.78948 [q90 0.40298, q10 0.38650], MS 1.44762, Freq 3.98247, L1 1.69858, Spectral 0.28258, Gradient 0.47389) | LR 5.00e-06
2026-07-15 19:32:17,517 INFO Epoch 38 | Batch 550/1186 | Loss 4.30901 (Pin 0.79518 [q90 0.40732, q10 0.38786], MS 1.49030, Freq 4.04705, L1 1.73699, Spectral 0.28582, Gradient 0.47809) | LR 5.00e-06
2026-07-15 19:32:39,586 INFO Epoch 38 | Batch 600/1186 | Loss 4.27554 (Pin 0.80811 [q90 0.41362, q10 0.39449], MS 1.47080, Freq 3.99325, L1 1.74321, Spectral 0.28356, Gradient 0.46925) | LR 5.00e-06
2026-07-15 19:33:01,651 INFO Epoch 38 | Batch 650/1186 | Loss 4.15040 (Pin 0.79002 [q90 0.40574, q10 0.38428], MS 1.36332, Freq 3.99413, L1 1.71342, Spectral 0.27894, Gradient 0.47030) | LR 5.00e-06
2026-07-15 19:33:23,710 INFO Epoch 38 | Batch 700/1186 | Loss 4.17014 (Pin 0.79647 [q90 0.40758, q10 0.38889], MS 1.41669, Freq 3.91396, L1 1.70044, Spectral 0.28025, Gradient 0.46343) | LR 5.00e-06
2026-07-15 19:33:45,765 INFO Epoch 38 | Batch 750/1186 | Loss 4.23871 (Pin 0.81637 [q90 0.41738, q10 0.39900], MS 1.42182, Freq 4.00103, L1 1.76974, Spectral 0.28195, Gradient 0.47130) | LR 5.00e-06
2026-07-15 19:34:07,834 INFO Epoch 38 | Batch 800/1186 | Loss 4.35149 (Pin 0.82100 [q90 0.41892, q10 0.40208], MS 1.49912, Freq 4.06273, L1 1.77188, Spectral 0.28643, Gradient 0.48146) | LR 5.00e-06
2026-07-15 19:34:29,901 INFO Epoch 38 | Batch 850/1186 | Loss 4.13060 (Pin 0.79672 [q90 0.41357, q10 0.38315], MS 1.35073, Freq 3.96631, L1 1.71630, Spectral 0.27953, Gradient 0.46632) | LR 5.00e-06
2026-07-15 19:34:51,958 INFO Epoch 38 | Batch 900/1186 | Loss 4.36401 (Pin 0.83705 [q90 0.42653, q10 0.41052], MS 1.47224, Freq 4.10944, L1 1.80228, Spectral 0.28609, Gradient 0.48237) | LR 5.00e-06
2026-07-15 19:35:14,020 INFO Epoch 38 | Batch 950/1186 | Loss 4.19236 (Pin 0.81307 [q90 0.42268, q10 0.39039], MS 1.36919, Freq 4.02021, L1 1.73538, Spectral 0.28477, Gradient 0.47438) | LR 5.00e-06
2026-07-15 19:35:36,075 INFO Epoch 38 | Batch 1000/1186 | Loss 4.14371 (Pin 0.79378 [q90 0.40848, q10 0.38530], MS 1.37194, Freq 3.95599, L1 1.70153, Spectral 0.27863, Gradient 0.46414) | LR 5.00e-06
2026-07-15 19:35:58,135 INFO Epoch 38 | Batch 1050/1186 | Loss 4.28576 (Pin 0.81793 [q90 0.41340, q10 0.40453], MS 1.44814, Freq 4.03938, L1 1.77057, Spectral 0.27197, Gradient 0.46845) | LR 5.00e-06
2026-07-15 19:36:20,192 INFO Epoch 38 | Batch 1100/1186 | Loss 4.36122 (Pin 0.81803 [q90 0.42535, q10 0.39268], MS 1.55706, Freq 3.97226, L1 1.75136, Spectral 0.28958, Gradient 0.47622) | LR 5.00e-06
2026-07-15 19:36:42,263 INFO Epoch 38 | Batch 1150/1186 | Loss 4.28350 (Pin 0.80362 [q90 0.41204, q10 0.39158], MS 1.46865, Freq 4.02246, L1 1.74011, Spectral 0.28528, Gradient 0.48021) | LR 5.00e-06
2026-07-15 19:37:35,075 INFO Epoch 38 | Val Loss 4.87771 (Pin 0.78684 [q90 0.40507, q10 0.38177], MS 2.07306, Freq 4.03562, L1 1.74508, Spectral 0.27835, Gradient 0.47071)
2026-07-15 19:37:35,075 INFO Epoch 38 | Coverage q10/q50/q90 = 0.091/0.486/0.895 (nominal .10/.50/.90) | extreme tail = 0.123/0.447/0.845
2026-07-15 19:37:57,362 INFO Epoch 39 | Batch 50/1186 | Loss 4.29152 (Pin 0.80735 [q90 0.41428, q10 0.39307], MS 1.49893, Freq 3.97048, L1 1.74234, Spectral 0.27979, Gradient 0.46445) | LR 5.00e-06
2026-07-15 19:38:19,427 INFO Epoch 39 | Batch 100/1186 | Loss 4.26173 (Pin 0.80337 [q90 0.41123, q10 0.39213], MS 1.47526, Freq 3.96622, L1 1.73145, Spectral 0.28133, Gradient 0.46749) | LR 5.00e-06
2026-07-15 19:38:41,482 INFO Epoch 39 | Batch 150/1186 | Loss 4.12160 (Pin 0.78903 [q90 0.40987, q10 0.37915], MS 1.36675, Freq 3.93164, L1 1.70513, Spectral 0.27880, Gradient 0.46577) | LR 5.00e-06
2026-07-15 19:39:03,549 INFO Epoch 39 | Batch 200/1186 | Loss 4.36947 (Pin 0.83162 [q90 0.42844, q10 0.40318], MS 1.51292, Freq 4.04986, L1 1.79051, Spectral 0.27997, Gradient 0.47092) | LR 5.00e-06
2026-07-15 19:39:25,603 INFO Epoch 39 | Batch 250/1186 | Loss 4.29159 (Pin 0.82784 [q90 0.41792, q10 0.40992], MS 1.43447, Freq 4.05855, L1 1.77825, Spectral 0.28813, Gradient 0.48164) | LR 5.00e-06
2026-07-15 19:39:47,662 INFO Epoch 39 | Batch 300/1186 | Loss 4.23608 (Pin 0.79394 [q90 0.40170, q10 0.39223], MS 1.48900, Freq 3.90630, L1 1.70385, Spectral 0.29063, Gradient 0.46949) | LR 5.00e-06
2026-07-15 19:40:09,719 INFO Epoch 39 | Batch 350/1186 | Loss 4.21362 (Pin 0.79348 [q90 0.41035, q10 0.38313], MS 1.39343, Freq 4.05340, L1 1.72093, Spectral 0.28939, Gradient 0.48448) | LR 5.00e-06
2026-07-15 19:40:31,790 INFO Epoch 39 | Batch 400/1186 | Loss 4.34791 (Pin 0.82956 [q90 0.42474, q10 0.40483], MS 1.45507, Freq 4.12655, L1 1.80475, Spectral 0.28304, Gradient 0.48175) | LR 5.00e-06
2026-07-15 19:40:53,854 INFO Epoch 39 | Batch 450/1186 | Loss 4.29399 (Pin 0.82566 [q90 0.42415, q10 0.40150], MS 1.45146, Freq 4.03374, L1 1.77059, Spectral 0.28622, Gradient 0.47672) | LR 5.00e-06
2026-07-15 19:41:15,911 INFO Epoch 39 | Batch 500/1186 | Loss 4.29392 (Pin 0.80090 [q90 0.41104, q10 0.38986], MS 1.49545, Freq 3.99514, L1 1.71998, Spectral 0.28223, Gradient 0.47399) | LR 5.00e-06
2026-07-15 19:41:37,975 INFO Epoch 39 | Batch 550/1186 | Loss 4.20979 (Pin 0.81461 [q90 0.42118, q10 0.39343], MS 1.36222, Freq 4.06593, L1 1.77062, Spectral 0.27875, Gradient 0.47224) | LR 5.00e-06
2026-07-15 19:42:00,036 INFO Epoch 39 | Batch 600/1186 | Loss 4.22595 (Pin 0.79797 [q90 0.40618, q10 0.39179], MS 1.41918, Freq 4.01760, L1 1.72490, Spectral 0.28500, Gradient 0.47700) | LR 5.00e-06
2026-07-15 19:42:22,100 INFO Epoch 39 | Batch 650/1186 | Loss 4.28144 (Pin 0.82127 [q90 0.41752, q10 0.40374], MS 1.42316, Freq 4.07403, L1 1.78553, Spectral 0.28304, Gradient 0.47656) | LR 5.00e-06
2026-07-15 19:42:44,151 INFO Epoch 39 | Batch 700/1186 | Loss 4.28108 (Pin 0.82350 [q90 0.43242, q10 0.39109], MS 1.45379, Freq 4.00758, L1 1.75879, Spectral 0.27931, Gradient 0.46930) | LR 5.00e-06
2026-07-15 19:43:06,213 INFO Epoch 39 | Batch 750/1186 | Loss 4.25185 (Pin 0.80728 [q90 0.41588, q10 0.39140], MS 1.42552, Freq 4.03809, L1 1.74771, Spectral 0.28373, Gradient 0.47780) | LR 5.00e-06
2026-07-15 19:43:28,276 INFO Epoch 39 | Batch 800/1186 | Loss 4.16959 (Pin 0.79881 [q90 0.41328, q10 0.38552], MS 1.40549, Freq 3.93058, L1 1.71658, Spectral 0.27351, Gradient 0.46344) | LR 5.00e-06
2026-07-15 19:43:50,344 INFO Epoch 39 | Batch 850/1186 | Loss 4.28708 (Pin 0.81548 [q90 0.42239, q10 0.39309], MS 1.44879, Freq 4.04564, L1 1.73863, Spectral 0.28661, Gradient 0.47539) | LR 5.00e-06
2026-07-15 19:44:12,401 INFO Epoch 39 | Batch 900/1186 | Loss 4.16275 (Pin 0.78538 [q90 0.40023, q10 0.38516], MS 1.40149, Freq 3.95175, L1 1.70228, Spectral 0.28084, Gradient 0.46925) | LR 5.00e-06
2026-07-15 19:44:34,472 INFO Epoch 39 | Batch 950/1186 | Loss 4.40933 (Pin 0.84386 [q90 0.43018, q10 0.41368], MS 1.52469, Freq 4.08155, L1 1.79928, Spectral 0.28680, Gradient 0.47553) | LR 5.00e-06
2026-07-15 19:44:56,547 INFO Epoch 39 | Batch 1000/1186 | Loss 4.30723 (Pin 0.81905 [q90 0.41454, q10 0.40451], MS 1.46027, Freq 4.05582, L1 1.76767, Spectral 0.28562, Gradient 0.48161) | LR 5.00e-06
2026-07-15 19:45:18,606 INFO Epoch 39 | Batch 1050/1186 | Loss 4.36599 (Pin 0.82309 [q90 0.42223, q10 0.40086], MS 1.48970, Freq 4.10639, L1 1.77696, Spectral 0.28997, Gradient 0.48497) | LR 5.00e-06
2026-07-15 19:45:40,680 INFO Epoch 39 | Batch 1100/1186 | Loss 4.34530 (Pin 0.82515 [q90 0.42387, q10 0.40128], MS 1.49827, Freq 4.04376, L1 1.77047, Spectral 0.28894, Gradient 0.47652) | LR 5.00e-06
2026-07-15 19:46:02,743 INFO Epoch 39 | Batch 1150/1186 | Loss 4.17417 (Pin 0.79739 [q90 0.41062, q10 0.38677], MS 1.39389, Freq 3.96580, L1 1.70803, Spectral 0.28358, Gradient 0.47585) | LR 5.00e-06
2026-07-15 19:46:55,563 INFO Epoch 39 | Val Loss 4.86471 (Pin 0.78660 [q90 0.40571, q10 0.38089], MS 2.05704, Freq 4.04215, L1 1.73993, Spectral 0.27787, Gradient 0.47045)
2026-07-15 19:46:55,563 INFO Epoch 39 | Coverage q10/q50/q90 = 0.092/0.491/0.898 (nominal .10/.50/.90) | extreme tail = 0.122/0.455/0.856
2026-07-15 19:47:17,858 INFO Epoch 40 | Batch 50/1186 | Loss 4.26404 (Pin 0.81767 [q90 0.41981, q10 0.39786], MS 1.44074, Freq 4.01124, L1 1.77000, Spectral 0.27850, Gradient 0.46759) | LR 5.00e-06
2026-07-15 19:47:39,912 INFO Epoch 40 | Batch 100/1186 | Loss 4.27821 (Pin 0.80714 [q90 0.41587, q10 0.39127], MS 1.46743, Freq 4.00727, L1 1.74790, Spectral 0.28198, Gradient 0.47072) | LR 5.00e-06
2026-07-15 19:48:01,968 INFO Epoch 40 | Batch 150/1186 | Loss 4.33858 (Pin 0.84180 [q90 0.43475, q10 0.40705], MS 1.44055, Freq 4.11247, L1 1.80603, Spectral 0.28561, Gradient 0.48212) | LR 5.00e-06
2026-07-15 19:48:24,028 INFO Epoch 40 | Batch 200/1186 | Loss 4.11732 (Pin 0.78707 [q90 0.40645, q10 0.38062], MS 1.40447, Freq 3.85156, L1 1.67051, Spectral 0.27878, Gradient 0.45821) | LR 5.00e-06
2026-07-15 19:48:46,085 INFO Epoch 40 | Batch 250/1186 | Loss 4.23702 (Pin 0.79959 [q90 0.40824, q10 0.39135], MS 1.42673, Freq 4.02141, L1 1.72532, Spectral 0.27398, Gradient 0.47241) | LR 5.00e-06
2026-07-15 19:49:08,145 INFO Epoch 40 | Batch 300/1186 | Loss 4.22854 (Pin 0.79655 [q90 0.41175, q10 0.38480], MS 1.44589, Freq 3.97220, L1 1.71331, Spectral 0.28614, Gradient 0.47214) | LR 5.00e-06
2026-07-15 19:49:30,205 INFO Epoch 40 | Batch 350/1186 | Loss 4.42843 (Pin 0.83078 [q90 0.42427, q10 0.40651], MS 1.55957, Freq 4.07615, L1 1.77403, Spectral 0.28882, Gradient 0.48124) | LR 5.00e-06
2026-07-15 19:49:52,291 INFO Epoch 40 | Batch 400/1186 | Loss 4.33473 (Pin 0.82805 [q90 0.42777, q10 0.40027], MS 1.46306, Freq 4.08725, L1 1.78952, Spectral 0.28374, Gradient 0.47704) | LR 5.00e-06
2026-07-15 19:50:14,359 INFO Epoch 40 | Batch 450/1186 | Loss 4.24158 (Pin 0.80612 [q90 0.41349, q10 0.39262], MS 1.44748, Freq 3.97597, L1 1.73194, Spectral 0.28547, Gradient 0.47147) | LR 5.00e-06
2026-07-15 19:50:36,410 INFO Epoch 40 | Batch 500/1186 | Loss 4.20508 (Pin 0.77922 [q90 0.39948, q10 0.37973], MS 1.42953, Freq 3.99266, L1 1.70212, Spectral 0.28871, Gradient 0.47824) | LR 5.00e-06
2026-07-15 19:50:58,476 INFO Epoch 40 | Batch 550/1186 | Loss 4.21095 (Pin 0.81976 [q90 0.41603, q10 0.40373], MS 1.40305, Freq 3.97629, L1 1.75918, Spectral 0.28121, Gradient 0.46926) | LR 5.00e-06
2026-07-15 19:51:20,544 INFO Epoch 40 | Batch 600/1186 | Loss 4.28978 (Pin 0.83005 [q90 0.42671, q10 0.40334], MS 1.43589, Freq 4.04769, L1 1.78181, Spectral 0.28124, Gradient 0.47527) | LR 5.00e-06
2026-07-15 19:51:42,624 INFO Epoch 40 | Batch 650/1186 | Loss 4.24355 (Pin 0.80253 [q90 0.40813, q10 0.39440], MS 1.44221, Freq 3.99761, L1 1.73153, Spectral 0.27812, Gradient 0.47070) | LR 5.00e-06
2026-07-15 19:52:04,680 INFO Epoch 40 | Batch 700/1186 | Loss 4.31505 (Pin 0.82975 [q90 0.42877, q10 0.40098], MS 1.46103, Freq 4.04854, L1 1.78347, Spectral 0.28437, Gradient 0.47079) | LR 5.00e-06
2026-07-15 19:52:26,736 INFO Epoch 40 | Batch 750/1186 | Loss 4.44381 (Pin 0.84792 [q90 0.43814, q10 0.40979], MS 1.49703, Freq 4.19770, L1 1.82394, Spectral 0.29791, Gradient 0.49870) | LR 5.00e-06
2026-07-15 19:52:48,807 INFO Epoch 40 | Batch 800/1186 | Loss 4.27421 (Pin 0.81157 [q90 0.41623, q10 0.39534], MS 1.43662, Freq 4.05203, L1 1.75267, Spectral 0.28306, Gradient 0.47848) | LR 5.00e-06
2026-07-15 19:53:11,011 INFO Epoch 40 | Batch 850/1186 | Loss 4.19445 (Pin 0.78874 [q90 0.40527, q10 0.38347], MS 1.42416, Freq 3.96311, L1 1.70468, Spectral 0.27610, Gradient 0.46377) | LR 5.00e-06
2026-07-15 19:53:33,077 INFO Epoch 40 | Batch 900/1186 | Loss 4.28185 (Pin 0.81836 [q90 0.41680, q10 0.40156], MS 1.45034, Freq 4.02631, L1 1.76207, Spectral 0.28226, Gradient 0.47375) | LR 5.00e-06
2026-07-15 19:53:55,138 INFO Epoch 40 | Batch 950/1186 | Loss 4.29167 (Pin 0.81392 [q90 0.41492, q10 0.39900], MS 1.44998, Freq 4.05552, L1 1.76321, Spectral 0.28165, Gradient 0.47762) | LR 5.00e-06
2026-07-15 19:54:17,196 INFO Epoch 40 | Batch 1000/1186 | Loss 4.24156 (Pin 0.80205 [q90 0.41516, q10 0.38689], MS 1.45732, Freq 3.96438, L1 1.72064, Spectral 0.28199, Gradient 0.46905) | LR 5.00e-06
2026-07-15 19:54:39,266 INFO Epoch 40 | Batch 1050/1186 | Loss 4.26143 (Pin 0.80406 [q90 0.40966, q10 0.39439], MS 1.41945, Freq 4.07585, L1 1.74297, Spectral 0.29362, Gradient 0.48870) | LR 5.00e-06
2026-07-15 19:55:01,332 INFO Epoch 40 | Batch 1100/1186 | Loss 4.21453 (Pin 0.80703 [q90 0.41401, q10 0.39303], MS 1.41058, Freq 3.99385, L1 1.72905, Spectral 0.27823, Gradient 0.47321) | LR 5.00e-06
2026-07-15 19:55:23,387 INFO Epoch 40 | Batch 1150/1186 | Loss 4.27298 (Pin 0.81907 [q90 0.42074, q10 0.39832], MS 1.45817, Freq 3.99148, L1 1.75348, Spectral 0.28058, Gradient 0.47166) | LR 5.00e-06
2026-07-15 19:56:16,206 INFO Epoch 40 | Val Loss 4.83498 (Pin 0.78758 [q90 0.40662, q10 0.38096], MS 2.05454, Freq 3.98571, L1 1.73206, Spectral 0.27802, Gradient 0.46776)
2026-07-15 19:56:16,207 INFO Epoch 40 | Coverage q10/q50/q90 = 0.094/0.489/0.891 (nominal .10/.50/.90) | extreme tail = 0.126/0.456/0.844
2026-07-15 19:56:38,505 INFO Epoch 41 | Batch 50/1186 | Loss 4.28011 (Pin 0.82377 [q90 0.42372, q10 0.40005], MS 1.43920, Freq 4.03427, L1 1.77456, Spectral 0.28637, Gradient 0.47679) | LR 5.00e-06
2026-07-15 19:57:00,584 INFO Epoch 41 | Batch 100/1186 | Loss 4.24304 (Pin 0.79680 [q90 0.40835, q10 0.38844], MS 1.43698, Freq 4.01851, L1 1.73336, Spectral 0.28089, Gradient 0.47419) | LR 5.00e-06
2026-07-15 19:57:22,654 INFO Epoch 41 | Batch 150/1186 | Loss 4.27238 (Pin 0.80786 [q90 0.41387, q10 0.39398], MS 1.45078, Freq 4.02748, L1 1.76028, Spectral 0.28065, Gradient 0.47277) | LR 5.00e-06
2026-07-15 19:57:44,725 INFO Epoch 41 | Batch 200/1186 | Loss 4.17886 (Pin 0.79384 [q90 0.40666, q10 0.38718], MS 1.38811, Freq 3.99382, L1 1.71828, Spectral 0.28325, Gradient 0.47315) | LR 5.00e-06
2026-07-15 19:58:06,793 INFO Epoch 41 | Batch 250/1186 | Loss 4.29085 (Pin 0.81998 [q90 0.41927, q10 0.40070], MS 1.45482, Freq 4.03210, L1 1.75470, Spectral 0.28533, Gradient 0.47304) | LR 5.00e-06
2026-07-15 19:58:28,856 INFO Epoch 41 | Batch 300/1186 | Loss 4.16699 (Pin 0.79910 [q90 0.40907, q10 0.39003], MS 1.38632, Freq 3.96314, L1 1.72638, Spectral 0.28368, Gradient 0.47221) | LR 5.00e-06
2026-07-15 19:58:50,928 INFO Epoch 41 | Batch 350/1186 | Loss 4.20735 (Pin 0.81397 [q90 0.41774, q10 0.39623], MS 1.40766, Freq 3.97144, L1 1.74319, Spectral 0.27538, Gradient 0.46637) | LR 5.00e-06
2026-07-15 19:59:12,996 INFO Epoch 41 | Batch 400/1186 | Loss 4.24858 (Pin 0.80799 [q90 0.41147, q10 0.39652], MS 1.45657, Freq 3.96803, L1 1.72834, Spectral 0.28587, Gradient 0.47381) | LR 5.00e-06
2026-07-15 19:59:35,065 INFO Epoch 41 | Batch 450/1186 | Loss 4.25708 (Pin 0.81879 [q90 0.41998, q10 0.39881], MS 1.40995, Freq 4.05667, L1 1.76265, Spectral 0.28873, Gradient 0.48098) | LR 5.00e-06
2026-07-15 19:59:57,128 INFO Epoch 41 | Batch 500/1186 | Loss 4.15645 (Pin 0.78497 [q90 0.40041, q10 0.38456], MS 1.43244, Freq 3.87808, L1 1.68342, Spectral 0.27593, Gradient 0.45842) | LR 5.00e-06
2026-07-15 20:00:19,188 INFO Epoch 41 | Batch 550/1186 | Loss 4.31220 (Pin 0.82594 [q90 0.42294, q10 0.40301], MS 1.46291, Freq 4.04669, L1 1.77209, Spectral 0.28154, Gradient 0.47428) | LR 5.00e-06
2026-07-15 20:00:41,251 INFO Epoch 41 | Batch 600/1186 | Loss 4.43873 (Pin 0.84368 [q90 0.43522, q10 0.40846], MS 1.51776, Freq 4.15460, L1 1.82577, Spectral 0.28951, Gradient 0.48856) | LR 5.00e-06
2026-07-15 20:01:03,311 INFO Epoch 41 | Batch 650/1186 | Loss 4.21393 (Pin 0.78917 [q90 0.40916, q10 0.38002], MS 1.43969, Freq 3.97013, L1 1.69299, Spectral 0.28957, Gradient 0.47856) | LR 5.00e-06
2026-07-15 20:01:25,386 INFO Epoch 41 | Batch 700/1186 | Loss 4.22542 (Pin 0.82657 [q90 0.42726, q10 0.39931], MS 1.39499, Freq 4.00771, L1 1.75147, Spectral 0.28377, Gradient 0.47642) | LR 5.00e-06
2026-07-15 20:01:47,456 INFO Epoch 41 | Batch 750/1186 | Loss 4.24750 (Pin 0.81613 [q90 0.41463, q10 0.40150], MS 1.43381, Freq 3.99512, L1 1.76027, Spectral 0.27850, Gradient 0.46856) | LR 5.00e-06
2026-07-15 20:02:09,521 INFO Epoch 41 | Batch 800/1186 | Loss 4.14473 (Pin 0.78764 [q90 0.41085, q10 0.37679], MS 1.38323, Freq 3.94772, L1 1.70264, Spectral 0.27913, Gradient 0.46639) | LR 5.00e-06
2026-07-15 20:02:31,591 INFO Epoch 41 | Batch 850/1186 | Loss 4.26875 (Pin 0.81752 [q90 0.41661, q10 0.40091], MS 1.41305, Freq 4.07638, L1 1.75969, Spectral 0.28791, Gradient 0.48277) | LR 5.00e-06
2026-07-15 20:02:53,650 INFO Epoch 41 | Batch 900/1186 | Loss 4.31610 (Pin 0.83159 [q90 0.42670, q10 0.40489], MS 1.44348, Freq 4.08206, L1 1.77909, Spectral 0.27863, Gradient 0.47355) | LR 5.00e-06
2026-07-15 20:03:15,721 INFO Epoch 41 | Batch 950/1186 | Loss 4.30446 (Pin 0.80426 [q90 0.40916, q10 0.39510], MS 1.46498, Freq 4.07043, L1 1.74828, Spectral 0.28193, Gradient 0.47665) | LR 5.00e-06
2026-07-15 20:03:37,789 INFO Epoch 41 | Batch 1000/1186 | Loss 4.36167 (Pin 0.83348 [q90 0.43694, q10 0.39655], MS 1.48384, Freq 4.08871, L1 1.78497, Spectral 0.28356, Gradient 0.47879) | LR 5.00e-06
2026-07-15 20:03:59,860 INFO Epoch 41 | Batch 1050/1186 | Loss 4.28435 (Pin 0.82227 [q90 0.41879, q10 0.40348], MS 1.43776, Freq 4.04864, L1 1.76752, Spectral 0.28605, Gradient 0.47592) | LR 5.00e-06
2026-07-15 20:04:21,927 INFO Epoch 41 | Batch 1100/1186 | Loss 4.29575 (Pin 0.81439 [q90 0.41608, q10 0.39831], MS 1.47149, Freq 4.01975, L1 1.75319, Spectral 0.28701, Gradient 0.47815) | LR 5.00e-06
2026-07-15 20:04:43,995 INFO Epoch 41 | Batch 1150/1186 | Loss 4.13565 (Pin 0.79058 [q90 0.41283, q10 0.37774], MS 1.36756, Freq 3.95503, L1 1.71529, Spectral 0.27687, Gradient 0.46217) | LR 5.00e-06
2026-07-15 20:05:36,743 INFO Epoch 41 | Val Loss 4.90417 (Pin 0.79052 [q90 0.40645, q10 0.38407], MS 2.07697, Freq 4.07337, L1 1.75585, Spectral 0.27921, Gradient 0.47576)
2026-07-15 20:05:36,743 INFO Epoch 41 | Coverage q10/q50/q90 = 0.089/0.477/0.892 (nominal .10/.50/.90) | extreme tail = 0.123/0.446/0.853
2026-07-15 20:05:59,028 INFO Epoch 42 | Batch 50/1186 | Loss 4.12516 (Pin 0.76927 [q90 0.39016, q10 0.37911], MS 1.41508, Freq 3.88163, L1 1.67392, Spectral 0.27741, Gradient 0.46155) | LR 5.00e-06
2026-07-15 20:06:21,096 INFO Epoch 42 | Batch 100/1186 | Loss 4.35033 (Pin 0.84579 [q90 0.43960, q10 0.40618], MS 1.48696, Freq 4.03517, L1 1.78303, Spectral 0.28649, Gradient 0.47878) | LR 5.00e-06
2026-07-15 20:06:43,153 INFO Epoch 42 | Batch 150/1186 | Loss 4.29105 (Pin 0.80601 [q90 0.41080, q10 0.39520], MS 1.46442, Freq 4.04124, L1 1.74785, Spectral 0.28395, Gradient 0.47959) | LR 5.00e-06
2026-07-15 20:07:05,225 INFO Epoch 42 | Batch 200/1186 | Loss 4.41103 (Pin 0.81827 [q90 0.41792, q10 0.40035], MS 1.58091, Freq 4.02370, L1 1.75436, Spectral 0.28465, Gradient 0.47728) | LR 5.00e-06
2026-07-15 20:07:27,263 INFO Epoch 42 | Batch 250/1186 | Loss 4.19064 (Pin 0.78383 [q90 0.40427, q10 0.37955], MS 1.43068, Freq 3.95227, L1 1.69374, Spectral 0.28499, Gradient 0.47013) | LR 5.00e-06
2026-07-15 20:07:49,282 INFO Epoch 42 | Batch 300/1186 | Loss 4.14764 (Pin 0.78495 [q90 0.40381, q10 0.38114], MS 1.41268, Freq 3.90000, L1 1.68137, Spectral 0.28313, Gradient 0.46896) | LR 5.00e-06
2026-07-15 20:08:11,299 INFO Epoch 42 | Batch 350/1186 | Loss 4.41327 (Pin 0.86295 [q90 0.44631, q10 0.41664], MS 1.48145, Freq 4.13775, L1 1.85101, Spectral 0.29075, Gradient 0.48516) | LR 5.00e-06
2026-07-15 20:08:33,310 INFO Epoch 42 | Batch 400/1186 | Loss 4.30600 (Pin 0.82320 [q90 0.42000, q10 0.40320], MS 1.43704, Freq 4.09152, L1 1.79641, Spectral 0.28296, Gradient 0.47956) | LR 5.00e-06
2026-07-15 20:08:55,327 INFO Epoch 42 | Batch 450/1186 | Loss 4.24231 (Pin 0.82430 [q90 0.42518, q10 0.39912], MS 1.38120, Freq 4.07361, L1 1.77620, Spectral 0.28486, Gradient 0.47634) | LR 5.00e-06
2026-07-15 20:09:17,332 INFO Epoch 42 | Batch 500/1186 | Loss 4.18394 (Pin 0.79671 [q90 0.40836, q10 0.38835], MS 1.41643, Freq 3.94160, L1 1.71230, Spectral 0.28321, Gradient 0.46633) | LR 5.00e-06
2026-07-15 20:09:39,364 INFO Epoch 42 | Batch 550/1186 | Loss 4.39384 (Pin 0.82748 [q90 0.42307, q10 0.40441], MS 1.53346, Freq 4.06580, L1 1.78350, Spectral 0.27951, Gradient 0.47243) | LR 5.00e-06
2026-07-15 20:10:01,376 INFO Epoch 42 | Batch 600/1186 | Loss 4.31492 (Pin 0.83361 [q90 0.42918, q10 0.40443], MS 1.45367, Freq 4.05528, L1 1.77608, Spectral 0.28943, Gradient 0.48134) | LR 5.00e-06
2026-07-15 20:10:23,390 INFO Epoch 42 | Batch 650/1186 | Loss 4.26306 (Pin 0.80778 [q90 0.41313, q10 0.39465], MS 1.43168, Freq 4.04722, L1 1.73938, Spectral 0.28813, Gradient 0.47570) | LR 5.00e-06
2026-07-15 20:10:45,412 INFO Epoch 42 | Batch 700/1186 | Loss 4.07469 (Pin 0.76198 [q90 0.39464, q10 0.36734], MS 1.37785, Freq 3.86972, L1 1.65022, Spectral 0.27820, Gradient 0.46074) | LR 5.00e-06
2026-07-15 20:11:07,436 INFO Epoch 42 | Batch 750/1186 | Loss 4.35332 (Pin 0.82739 [q90 0.42015, q10 0.40724], MS 1.52064, Freq 4.01058, L1 1.77600, Spectral 0.27955, Gradient 0.47108) | LR 5.00e-06
2026-07-15 20:11:29,460 INFO Epoch 42 | Batch 800/1186 | Loss 4.22022 (Pin 0.80298 [q90 0.40956, q10 0.39342], MS 1.41498, Freq 4.00453, L1 1.73665, Spectral 0.28702, Gradient 0.47388) | LR 5.00e-06
2026-07-15 20:11:51,474 INFO Epoch 42 | Batch 850/1186 | Loss 4.21363 (Pin 0.80004 [q90 0.40700, q10 0.39305], MS 1.41458, Freq 3.99801, L1 1.73153, Spectral 0.28111, Gradient 0.46938) | LR 5.00e-06
2026-07-15 20:12:13,498 INFO Epoch 42 | Batch 900/1186 | Loss 4.13088 (Pin 0.79747 [q90 0.41255, q10 0.38492], MS 1.34796, Freq 3.97091, L1 1.73130, Spectral 0.28815, Gradient 0.47469) | LR 5.00e-06
2026-07-15 20:12:35,528 INFO Epoch 42 | Batch 950/1186 | Loss 4.22496 (Pin 0.80867 [q90 0.42001, q10 0.38865], MS 1.40425, Freq 4.02407, L1 1.73318, Spectral 0.28195, Gradient 0.47349) | LR 5.00e-06
2026-07-15 20:12:57,557 INFO Epoch 42 | Batch 1000/1186 | Loss 4.32857 (Pin 0.83987 [q90 0.42906, q10 0.41080], MS 1.45993, Freq 4.05756, L1 1.80107, Spectral 0.27499, Gradient 0.46907) | LR 5.00e-06
2026-07-15 20:13:19,579 INFO Epoch 42 | Batch 1050/1186 | Loss 4.31677 (Pin 0.82726 [q90 0.42424, q10 0.40302], MS 1.45875, Freq 4.06152, L1 1.78165, Spectral 0.28043, Gradient 0.47378) | LR 5.00e-06
2026-07-15 20:13:41,591 INFO Epoch 42 | Batch 1100/1186 | Loss 4.22301 (Pin 0.81555 [q90 0.42016, q10 0.39538], MS 1.42256, Freq 3.96980, L1 1.75021, Spectral 0.27109, Gradient 0.46410) | LR 5.00e-06
2026-07-15 20:14:03,613 INFO Epoch 42 | Batch 1150/1186 | Loss 4.37557 (Pin 0.83254 [q90 0.42672, q10 0.40582], MS 1.46492, Freq 4.15622, L1 1.80245, Spectral 0.28992, Gradient 0.49328) | LR 5.00e-06
2026-07-15 20:14:56,738 INFO Epoch 42 | Val Loss 4.84872 (Pin 0.78612 [q90 0.40549, q10 0.38063], MS 2.06091, Freq 4.00339, L1 1.73230, Spectral 0.27870, Gradient 0.46845)
2026-07-15 20:14:56,739 INFO Epoch 42 | Coverage q10/q50/q90 = 0.094/0.491/0.893 (nominal .10/.50/.90) | extreme tail = 0.126/0.459/0.849
2026-07-15 20:15:18,993 INFO Epoch 43 | Batch 50/1186 | Loss 4.27142 (Pin 0.81026 [q90 0.42449, q10 0.38577], MS 1.44421, Freq 4.03391, L1 1.73397, Spectral 0.27734, Gradient 0.47227) | LR 5.00e-06
2026-07-15 20:15:41,030 INFO Epoch 43 | Batch 100/1186 | Loss 4.29610 (Pin 0.81605 [q90 0.41658, q10 0.39946], MS 1.45178, Freq 4.05654, L1 1.76148, Spectral 0.28626, Gradient 0.48042) | LR 5.00e-06
2026-07-15 20:16:03,097 INFO Epoch 43 | Batch 150/1186 | Loss 4.23434 (Pin 0.81918 [q90 0.42703, q10 0.39215], MS 1.44081, Freq 3.94869, L1 1.72689, Spectral 0.27529, Gradient 0.45861) | LR 5.00e-06
2026-07-15 20:16:25,148 INFO Epoch 43 | Batch 200/1186 | Loss 4.14941 (Pin 0.79627 [q90 0.40805, q10 0.38822], MS 1.38272, Freq 3.94084, L1 1.71645, Spectral 0.27909, Gradient 0.46479) | LR 5.00e-06
2026-07-15 20:16:47,204 INFO Epoch 43 | Batch 250/1186 | Loss 4.16608 (Pin 0.79456 [q90 0.40766, q10 0.38690], MS 1.36271, Freq 4.01762, L1 1.72750, Spectral 0.28660, Gradient 0.48045) | LR 5.00e-06
2026-07-15 20:17:09,277 INFO Epoch 43 | Batch 300/1186 | Loss 4.39839 (Pin 0.81949 [q90 0.41621, q10 0.40328], MS 1.51550, Freq 4.12680, L1 1.78197, Spectral 0.28671, Gradient 0.48386) | LR 5.00e-06
2026-07-15 20:17:31,350 INFO Epoch 43 | Batch 350/1186 | Loss 4.11996 (Pin 0.79089 [q90 0.40071, q10 0.39019], MS 1.36974, Freq 3.91864, L1 1.71076, Spectral 0.27407, Gradient 0.45955) | LR 5.00e-06
2026-07-15 20:17:53,555 INFO Epoch 43 | Batch 400/1186 | Loss 4.19311 (Pin 0.80105 [q90 0.40900, q10 0.39205], MS 1.39101, Freq 4.00211, L1 1.72583, Spectral 0.28471, Gradient 0.47849) | LR 5.00e-06
2026-07-15 20:18:15,614 INFO Epoch 43 | Batch 450/1186 | Loss 4.22305 (Pin 0.80249 [q90 0.41238, q10 0.39011], MS 1.43609, Freq 3.96893, L1 1.74186, Spectral 0.28052, Gradient 0.46794) | LR 5.00e-06
2026-07-15 20:18:37,675 INFO Epoch 43 | Batch 500/1186 | Loss 4.26871 (Pin 0.79818 [q90 0.40150, q10 0.39668], MS 1.44625, Freq 4.04856, L1 1.74826, Spectral 0.28610, Gradient 0.47947) | LR 5.00e-06
2026-07-15 20:18:59,733 INFO Epoch 43 | Batch 550/1186 | Loss 4.28566 (Pin 0.83054 [q90 0.42764, q10 0.40291], MS 1.44425, Freq 4.02173, L1 1.77946, Spectral 0.27913, Gradient 0.46959) | LR 5.00e-06
2026-07-15 20:19:21,791 INFO Epoch 43 | Batch 600/1186 | Loss 4.09514 (Pin 0.78273 [q90 0.40068, q10 0.38205], MS 1.36004, Freq 3.90474, L1 1.69972, Spectral 0.27457, Gradient 0.46014) | LR 5.00e-06
2026-07-15 20:19:43,860 INFO Epoch 43 | Batch 650/1186 | Loss 4.28980 (Pin 0.81343 [q90 0.41352, q10 0.39991], MS 1.42654, Freq 4.09965, L1 1.76681, Spectral 0.28746, Gradient 0.48254) | LR 5.00e-06
2026-07-15 20:20:05,934 INFO Epoch 43 | Batch 700/1186 | Loss 4.33076 (Pin 0.82780 [q90 0.42891, q10 0.39889], MS 1.49104, Freq 4.02385, L1 1.76381, Spectral 0.28089, Gradient 0.46860) | LR 5.00e-06
2026-07-15 20:20:27,999 INFO Epoch 43 | Batch 750/1186 | Loss 4.45063 (Pin 0.84293 [q90 0.43246, q10 0.41046], MS 1.52372, Freq 4.16797, L1 1.80778, Spectral 0.29567, Gradient 0.49362) | LR 5.00e-06
2026-07-15 20:20:50,063 INFO Epoch 43 | Batch 800/1186 | Loss 4.24351 (Pin 0.81540 [q90 0.42133, q10 0.39407], MS 1.42639, Freq 4.00342, L1 1.74568, Spectral 0.28501, Gradient 0.47596) | LR 5.00e-06
2026-07-15 20:21:12,116 INFO Epoch 43 | Batch 850/1186 | Loss 4.18563 (Pin 0.80504 [q90 0.41791, q10 0.38712], MS 1.38860, Freq 3.98400, L1 1.73775, Spectral 0.28583, Gradient 0.47535) | LR 5.00e-06
2026-07-15 20:21:34,174 INFO Epoch 43 | Batch 900/1186 | Loss 4.31288 (Pin 0.83500 [q90 0.42635, q10 0.40865], MS 1.42295, Freq 4.10987, L1 1.79891, Spectral 0.28288, Gradient 0.47969) | LR 5.00e-06
2026-07-15 20:21:56,234 INFO Epoch 43 | Batch 950/1186 | Loss 4.28401 (Pin 0.81873 [q90 0.41911, q10 0.39961], MS 1.45523, Freq 4.02011, L1 1.76028, Spectral 0.28631, Gradient 0.47590) | LR 5.00e-06
2026-07-15 20:22:18,285 INFO Epoch 43 | Batch 1000/1186 | Loss 4.07747 (Pin 0.77187 [q90 0.39426, q10 0.37761], MS 1.38434, Freq 3.84252, L1 1.64992, Spectral 0.27810, Gradient 0.45981) | LR 5.00e-06
2026-07-15 20:22:40,329 INFO Epoch 43 | Batch 1050/1186 | Loss 4.27829 (Pin 0.81821 [q90 0.42467, q10 0.39354], MS 1.45912, Freq 4.00192, L1 1.73657, Spectral 0.28667, Gradient 0.47421) | LR 5.00e-06
2026-07-15 20:23:02,389 INFO Epoch 43 | Batch 1100/1186 | Loss 4.35782 (Pin 0.85084 [q90 0.44462, q10 0.40623], MS 1.45374, Freq 4.10646, L1 1.80375, Spectral 0.28808, Gradient 0.48374) | LR 5.00e-06
2026-07-15 20:23:24,458 INFO Epoch 43 | Batch 1150/1186 | Loss 4.37230 (Pin 0.83104 [q90 0.42568, q10 0.40535], MS 1.51920, Freq 4.04413, L1 1.79410, Spectral 0.28365, Gradient 0.47524) | LR 5.00e-06
2026-07-15 20:24:17,938 INFO Epoch 43 | Val Loss 4.84944 (Pin 0.78946 [q90 0.40602, q10 0.38344], MS 2.04985, Freq 4.02027, L1 1.74499, Spectral 0.27824, Gradient 0.46973)
2026-07-15 20:24:17,939 INFO Epoch 43 | Coverage q10/q50/q90 = 0.089/0.481/0.891 (nominal .10/.50/.90) | extreme tail = 0.120/0.442/0.848
2026-07-15 20:24:40,228 INFO Epoch 44 | Batch 50/1186 | Loss 4.24209 (Pin 0.80101 [q90 0.40814, q10 0.39287], MS 1.43971, Freq 4.00273, L1 1.73264, Spectral 0.28281, Gradient 0.47244) | LR 5.00e-06
2026-07-15 20:25:02,296 INFO Epoch 44 | Batch 100/1186 | Loss 4.35193 (Pin 0.82774 [q90 0.42634, q10 0.40140], MS 1.50902, Freq 4.03034, L1 1.77906, Spectral 0.29138, Gradient 0.47751) | LR 5.00e-06
2026-07-15 20:25:24,364 INFO Epoch 44 | Batch 150/1186 | Loss 4.19126 (Pin 0.81448 [q90 0.42083, q10 0.39365], MS 1.38946, Freq 3.97466, L1 1.75119, Spectral 0.28010, Gradient 0.47183) | LR 5.00e-06
2026-07-15 20:25:46,435 INFO Epoch 44 | Batch 200/1186 | Loss 4.34750 (Pin 0.80703 [q90 0.41032, q10 0.39671], MS 1.55806, Freq 3.96482, L1 1.73639, Spectral 0.28674, Gradient 0.47084) | LR 5.00e-06
2026-07-15 20:26:08,505 INFO Epoch 44 | Batch 250/1186 | Loss 4.27338 (Pin 0.81168 [q90 0.42067, q10 0.39101], MS 1.45144, Freq 4.02052, L1 1.74584, Spectral 0.28176, Gradient 0.47259) | LR 5.00e-06
2026-07-15 20:26:30,557 INFO Epoch 44 | Batch 300/1186 | Loss 4.12865 (Pin 0.78499 [q90 0.40400, q10 0.38099], MS 1.39129, Freq 3.90476, L1 1.69808, Spectral 0.27095, Gradient 0.45704) | LR 5.00e-06
2026-07-15 20:26:52,614 INFO Epoch 44 | Batch 350/1186 | Loss 4.36590 (Pin 0.85174 [q90 0.44119, q10 0.41055], MS 1.48350, Freq 4.06132, L1 1.80806, Spectral 0.28330, Gradient 0.47224) | LR 5.00e-06
2026-07-15 20:27:14,675 INFO Epoch 44 | Batch 400/1186 | Loss 4.29244 (Pin 0.80695 [q90 0.41386, q10 0.39310], MS 1.42705, Freq 4.11686, L1 1.74580, Spectral 0.28582, Gradient 0.48352) | LR 5.00e-06
2026-07-15 20:27:36,745 INFO Epoch 44 | Batch 450/1186 | Loss 4.23745 (Pin 0.80243 [q90 0.40627, q10 0.39616], MS 1.47848, Freq 3.91309, L1 1.72286, Spectral 0.27482, Gradient 0.46084) | LR 5.00e-06
2026-07-15 20:27:58,805 INFO Epoch 44 | Batch 500/1186 | Loss 4.24665 (Pin 0.81788 [q90 0.42183, q10 0.39606], MS 1.41882, Freq 4.01989, L1 1.75144, Spectral 0.28334, Gradient 0.47334) | LR 5.00e-06
2026-07-15 20:28:20,871 INFO Epoch 44 | Batch 550/1186 | Loss 4.08882 (Pin 0.77801 [q90 0.40237, q10 0.37564], MS 1.35560, Freq 3.91041, L1 1.69220, Spectral 0.27544, Gradient 0.46227) | LR 5.00e-06
2026-07-15 20:28:42,933 INFO Epoch 44 | Batch 600/1186 | Loss 4.25728 (Pin 0.81777 [q90 0.41498, q10 0.40280], MS 1.43105, Freq 4.01692, L1 1.75624, Spectral 0.28069, Gradient 0.46941) | LR 5.00e-06
2026-07-15 20:29:04,998 INFO Epoch 44 | Batch 650/1186 | Loss 4.31615 (Pin 0.82519 [q90 0.42348, q10 0.40171], MS 1.43847, Freq 4.10496, L1 1.79286, Spectral 0.28553, Gradient 0.48084) | LR 5.00e-06
2026-07-15 20:29:27,057 INFO Epoch 44 | Batch 700/1186 | Loss 4.10273 (Pin 0.79771 [q90 0.40786, q10 0.38986], MS 1.32256, Freq 3.96492, L1 1.71466, Spectral 0.27531, Gradient 0.46349) | LR 5.00e-06
2026-07-15 20:29:49,114 INFO Epoch 44 | Batch 750/1186 | Loss 4.29383 (Pin 0.82130 [q90 0.42350, q10 0.39780], MS 1.43585, Freq 4.07336, L1 1.77246, Spectral 0.28803, Gradient 0.48292) | LR 5.00e-06
2026-07-15 20:30:11,173 INFO Epoch 44 | Batch 800/1186 | Loss 4.21132 (Pin 0.81472 [q90 0.41252, q10 0.40221], MS 1.38887, Freq 4.01545, L1 1.74500, Spectral 0.28074, Gradient 0.47371) | LR 5.00e-06
2026-07-15 20:30:33,243 INFO Epoch 44 | Batch 850/1186 | Loss 4.23673 (Pin 0.80075 [q90 0.40712, q10 0.39363], MS 1.44030, Freq 3.99134, L1 1.72967, Spectral 0.28064, Gradient 0.47254) | LR 5.00e-06
2026-07-15 20:30:55,302 INFO Epoch 44 | Batch 900/1186 | Loss 4.29823 (Pin 0.80500 [q90 0.41484, q10 0.39017], MS 1.47872, Freq 4.02901, L1 1.74128, Spectral 0.27992, Gradient 0.47333) | LR 5.00e-06
2026-07-15 20:31:17,352 INFO Epoch 44 | Batch 950/1186 | Loss 4.25187 (Pin 0.81703 [q90 0.41646, q10 0.40057], MS 1.41336, Freq 4.04296, L1 1.75089, Spectral 0.28676, Gradient 0.48239) | LR 5.00e-06
2026-07-15 20:31:39,407 INFO Epoch 44 | Batch 1000/1186 | Loss 4.29024 (Pin 0.81795 [q90 0.42093, q10 0.39702], MS 1.44154, Freq 4.06148, L1 1.75237, Spectral 0.28871, Gradient 0.48183) | LR 5.00e-06
2026-07-15 20:32:01,475 INFO Epoch 44 | Batch 1050/1186 | Loss 4.21721 (Pin 0.79188 [q90 0.41272, q10 0.37916], MS 1.46348, Freq 3.92368, L1 1.70094, Spectral 0.28252, Gradient 0.46710) | LR 5.00e-06
2026-07-15 20:32:23,522 INFO Epoch 44 | Batch 1100/1186 | Loss 4.24854 (Pin 0.81025 [q90 0.41913, q10 0.39112], MS 1.42399, Freq 4.02860, L1 1.72494, Spectral 0.28990, Gradient 0.48146) | LR 5.00e-06
2026-07-15 20:32:45,577 INFO Epoch 44 | Batch 1150/1186 | Loss 4.35333 (Pin 0.82949 [q90 0.42592, q10 0.40357], MS 1.50782, Freq 4.03204, L1 1.78920, Spectral 0.28367, Gradient 0.47271) | LR 5.00e-06
2026-07-15 20:33:38,751 INFO Epoch 44 | Val Loss 4.94792 (Pin 0.78893 [q90 0.40573, q10 0.38320], MS 2.09814, Freq 4.12172, L1 1.76059, Spectral 0.28007, Gradient 0.47754)
2026-07-15 20:33:38,752 INFO Epoch 44 | Coverage q10/q50/q90 = 0.092/0.481/0.894 (nominal .10/.50/.90) | extreme tail = 0.128/0.455/0.853
2026-07-15 20:34:01,057 INFO Epoch 45 | Batch 50/1186 | Loss 4.10532 (Pin 0.77670 [q90 0.39360, q10 0.38310], MS 1.34085, Freq 3.97554, L1 1.69812, Spectral 0.28118, Gradient 0.47152) | LR 5.00e-06
2026-07-15 20:34:23,126 INFO Epoch 45 | Batch 100/1186 | Loss 4.32763 (Pin 0.82305 [q90 0.42264, q10 0.40041], MS 1.47422, Freq 4.06072, L1 1.76947, Spectral 0.27860, Gradient 0.47177) | LR 5.00e-06
2026-07-15 20:34:45,187 INFO Epoch 45 | Batch 150/1186 | Loss 4.21709 (Pin 0.80501 [q90 0.41467, q10 0.39034], MS 1.42139, Freq 3.98136, L1 1.73368, Spectral 0.28375, Gradient 0.47205) | LR 5.00e-06
2026-07-15 20:35:07,245 INFO Epoch 45 | Batch 200/1186 | Loss 4.38770 (Pin 0.85778 [q90 0.44364, q10 0.41414], MS 1.47038, Freq 4.11906, L1 1.82447, Spectral 0.28032, Gradient 0.48149) | LR 5.00e-06
2026-07-15 20:35:29,312 INFO Epoch 45 | Batch 250/1186 | Loss 4.22945 (Pin 0.80010 [q90 0.41269, q10 0.38741], MS 1.40507, Freq 4.04857, L1 1.74294, Spectral 0.28534, Gradient 0.47783) | LR 5.00e-06
2026-07-15 20:35:51,377 INFO Epoch 45 | Batch 300/1186 | Loss 4.31529 (Pin 0.81802 [q90 0.41697, q10 0.40105], MS 1.46293, Freq 4.06870, L1 1.76985, Spectral 0.28475, Gradient 0.47841) | LR 5.00e-06
2026-07-15 20:36:13,440 INFO Epoch 45 | Batch 350/1186 | Loss 4.25974 (Pin 0.82863 [q90 0.42639, q10 0.40224], MS 1.42552, Freq 4.01118, L1 1.76212, Spectral 0.28911, Gradient 0.47722) | LR 5.00e-06
2026-07-15 20:36:35,500 INFO Epoch 45 | Batch 400/1186 | Loss 4.23778 (Pin 0.80125 [q90 0.41239, q10 0.38886], MS 1.42965, Freq 4.01375, L1 1.73911, Spectral 0.28076, Gradient 0.47233) | LR 5.00e-06
2026-07-15 20:36:57,565 INFO Epoch 45 | Batch 450/1186 | Loss 4.22767 (Pin 0.79235 [q90 0.40936, q10 0.38299], MS 1.47524, Freq 3.92017, L1 1.71073, Spectral 0.28156, Gradient 0.46684) | LR 5.00e-06
2026-07-15 20:37:19,615 INFO Epoch 45 | Batch 500/1186 | Loss 4.40074 (Pin 0.83638 [q90 0.42648, q10 0.40991], MS 1.49657, Freq 4.13558, L1 1.79460, Spectral 0.29484, Gradient 0.48956) | LR 5.00e-06
2026-07-15 20:37:41,679 INFO Epoch 45 | Batch 550/1186 | Loss 4.21075 (Pin 0.79960 [q90 0.41049, q10 0.38912], MS 1.45872, Freq 3.90486, L1 1.71793, Spectral 0.28326, Gradient 0.46083) | LR 5.00e-06
2026-07-15 20:38:03,753 INFO Epoch 45 | Batch 600/1186 | Loss 4.25975 (Pin 0.81912 [q90 0.41742, q10 0.40170], MS 1.38261, Freq 4.11602, L1 1.77253, Spectral 0.28195, Gradient 0.48384) | LR 5.00e-06
2026-07-15 20:38:25,812 INFO Epoch 45 | Batch 650/1186 | Loss 4.27437 (Pin 0.81781 [q90 0.41876, q10 0.39904], MS 1.41758, Freq 4.07797, L1 1.77203, Spectral 0.27818, Gradient 0.47398) | LR 5.00e-06
2026-07-15 20:38:47,891 INFO Epoch 45 | Batch 700/1186 | Loss 4.22439 (Pin 0.80536 [q90 0.41967, q10 0.38569], MS 1.41898, Freq 4.00011, L1 1.72096, Spectral 0.28574, Gradient 0.47564) | LR 5.00e-06
2026-07-15 20:39:09,959 INFO Epoch 45 | Batch 750/1186 | Loss 4.32218 (Pin 0.82939 [q90 0.42449, q10 0.40490], MS 1.47475, Freq 4.03609, L1 1.76350, Spectral 0.28252, Gradient 0.47734) | LR 5.00e-06
2026-07-15 20:39:32,019 INFO Epoch 45 | Batch 800/1186 | Loss 4.22983 (Pin 0.80032 [q90 0.41640, q10 0.38393], MS 1.44676, Freq 3.96549, L1 1.72883, Spectral 0.27869, Gradient 0.46722) | LR 5.00e-06
2026-07-15 20:39:54,073 INFO Epoch 45 | Batch 850/1186 | Loss 4.18576 (Pin 0.80361 [q90 0.40737, q10 0.39624], MS 1.39422, Freq 3.97585, L1 1.73162, Spectral 0.28340, Gradient 0.47305) | LR 5.00e-06
2026-07-15 20:40:16,143 INFO Epoch 45 | Batch 900/1186 | Loss 4.22564 (Pin 0.81196 [q90 0.41889, q10 0.39307], MS 1.39276, Freq 4.04185, L1 1.75258, Spectral 0.28374, Gradient 0.47971) | LR 5.00e-06
2026-07-15 20:40:38,206 INFO Epoch 45 | Batch 950/1186 | Loss 4.17225 (Pin 0.79626 [q90 0.41264, q10 0.38362], MS 1.39356, Freq 3.96486, L1 1.72976, Spectral 0.27597, Gradient 0.46447) | LR 5.00e-06
2026-07-15 20:41:00,265 INFO Epoch 45 | Batch 1000/1186 | Loss 4.38323 (Pin 0.84219 [q90 0.43145, q10 0.41073], MS 1.47588, Freq 4.13033, L1 1.81073, Spectral 0.28600, Gradient 0.48458) | LR 5.00e-06
2026-07-15 20:41:22,321 INFO Epoch 45 | Batch 1050/1186 | Loss 4.41250 (Pin 0.83651 [q90 0.42613, q10 0.41038], MS 1.54593, Freq 4.06011, L1 1.77852, Spectral 0.28483, Gradient 0.47399) | LR 5.00e-06
2026-07-15 20:41:44,372 INFO Epoch 45 | Batch 1100/1186 | Loss 4.26979 (Pin 0.80469 [q90 0.40942, q10 0.39528], MS 1.44188, Freq 4.04643, L1 1.73808, Spectral 0.29098, Gradient 0.48189) | LR 5.00e-06
2026-07-15 20:42:06,428 INFO Epoch 45 | Batch 1150/1186 | Loss 4.23179 (Pin 0.80722 [q90 0.41327, q10 0.39394], MS 1.44639, Freq 3.95636, L1 1.72619, Spectral 0.27808, Gradient 0.46538) | LR 5.00e-06
2026-07-15 20:42:59,187 INFO Epoch 45 | Val Loss 4.83401 (Pin 0.78799 [q90 0.40760, q10 0.38038], MS 2.05957, Freq 3.97291, L1 1.72811, Spectral 0.28025, Gradient 0.46851)
2026-07-15 20:42:59,187 INFO Epoch 45 | Coverage q10/q50/q90 = 0.100/0.491/0.885 (nominal .10/.50/.90) | extreme tail = 0.145/0.468/0.838
2026-07-15 20:43:21,478 INFO Epoch 46 | Batch 50/1186 | Loss 4.25925 (Pin 0.80028 [q90 0.40755, q10 0.39273], MS 1.44920, Freq 4.01953, L1 1.72099, Spectral 0.28854, Gradient 0.47956) | LR 5.00e-06
2026-07-15 20:43:43,531 INFO Epoch 46 | Batch 100/1186 | Loss 4.30383 (Pin 0.80620 [q90 0.41243, q10 0.39377], MS 1.47759, Freq 4.04008, L1 1.73071, Spectral 0.28494, Gradient 0.48020) | LR 5.00e-06
2026-07-15 20:44:05,588 INFO Epoch 46 | Batch 150/1186 | Loss 4.19083 (Pin 0.81032 [q90 0.41313, q10 0.39719], MS 1.39660, Freq 3.96782, L1 1.72922, Spectral 0.28229, Gradient 0.46883) | LR 5.00e-06
2026-07-15 20:44:27,785 INFO Epoch 46 | Batch 200/1186 | Loss 4.20451 (Pin 0.79752 [q90 0.41576, q10 0.38176], MS 1.42452, Freq 3.96493, L1 1.71890, Spectral 0.27832, Gradient 0.47069) | LR 5.00e-06
2026-07-15 20:44:49,857 INFO Epoch 46 | Batch 250/1186 | Loss 4.22972 (Pin 0.81665 [q90 0.42142, q10 0.39523], MS 1.41839, Freq 3.98934, L1 1.76541, Spectral 0.27737, Gradient 0.46630) | LR 5.00e-06
2026-07-15 20:45:11,909 INFO Epoch 46 | Batch 300/1186 | Loss 4.34414 (Pin 0.81402 [q90 0.41914, q10 0.39488], MS 1.52303, Freq 4.01419, L1 1.75385, Spectral 0.28220, Gradient 0.47350) | LR 5.00e-06
2026-07-15 20:45:33,977 INFO Epoch 46 | Batch 350/1186 | Loss 4.14273 (Pin 0.77568 [q90 0.39888, q10 0.37680], MS 1.39619, Freq 3.94171, L1 1.68927, Spectral 0.28161, Gradient 0.47049) | LR 5.00e-06
2026-07-15 20:45:56,031 INFO Epoch 46 | Batch 400/1186 | Loss 4.18818 (Pin 0.79775 [q90 0.41451, q10 0.38324], MS 1.40591, Freq 3.96903, L1 1.70934, Spectral 0.27762, Gradient 0.46862) | LR 5.00e-06
2026-07-15 20:46:18,094 INFO Epoch 46 | Batch 450/1186 | Loss 4.25805 (Pin 0.81601 [q90 0.41705, q10 0.39896], MS 1.41194, Freq 4.06021, L1 1.76878, Spectral 0.28337, Gradient 0.47492) | LR 5.00e-06
2026-07-15 20:46:40,133 INFO Epoch 46 | Batch 500/1186 | Loss 4.30071 (Pin 0.82425 [q90 0.42469, q10 0.39956], MS 1.45871, Freq 4.03550, L1 1.77522, Spectral 0.28565, Gradient 0.47445) | LR 5.00e-06
2026-07-15 20:47:02,206 INFO Epoch 46 | Batch 550/1186 | Loss 4.21206 (Pin 0.80321 [q90 0.41776, q10 0.38545], MS 1.43782, Freq 3.94205, L1 1.72434, Spectral 0.28188, Gradient 0.46591) | LR 5.00e-06
2026-07-15 20:47:24,261 INFO Epoch 46 | Batch 600/1186 | Loss 4.10447 (Pin 0.76943 [q90 0.39458, q10 0.37485], MS 1.40598, Freq 3.85813, L1 1.66760, Spectral 0.27398, Gradient 0.45790) | LR 5.00e-06
2026-07-15 20:47:46,315 INFO Epoch 46 | Batch 650/1186 | Loss 4.37408 (Pin 0.83543 [q90 0.42568, q10 0.40974], MS 1.46778, Freq 4.14174, L1 1.79617, Spectral 0.29243, Gradient 0.48743) | LR 5.00e-06
2026-07-15 20:48:08,383 INFO Epoch 46 | Batch 700/1186 | Loss 4.39976 (Pin 0.83944 [q90 0.43119, q10 0.40825], MS 1.49771, Freq 4.12522, L1 1.80639, Spectral 0.28479, Gradient 0.48219) | LR 5.00e-06
2026-07-15 20:48:30,433 INFO Epoch 46 | Batch 750/1186 | Loss 4.28229 (Pin 0.83776 [q90 0.42835, q10 0.40941], MS 1.41768, Freq 4.05371, L1 1.79925, Spectral 0.27670, Gradient 0.46925) | LR 5.00e-06
2026-07-15 20:48:52,495 INFO Epoch 46 | Batch 800/1186 | Loss 4.34812 (Pin 0.82993 [q90 0.42632, q10 0.40361], MS 1.51572, Freq 4.00494, L1 1.76718, Spectral 0.27835, Gradient 0.46859) | LR 5.00e-06
2026-07-15 20:49:14,549 INFO Epoch 46 | Batch 850/1186 | Loss 4.26589 (Pin 0.80998 [q90 0.41968, q10 0.39029], MS 1.46352, Freq 3.98479, L1 1.73006, Spectral 0.27460, Gradient 0.46840) | LR 5.00e-06
2026-07-15 20:49:36,604 INFO Epoch 46 | Batch 900/1186 | Loss 4.25445 (Pin 0.80480 [q90 0.41687, q10 0.38793], MS 1.40651, Freq 4.08627, L1 1.75554, Spectral 0.29305, Gradient 0.48726) | LR 5.00e-06
2026-07-15 20:49:58,666 INFO Epoch 46 | Batch 950/1186 | Loss 4.19385 (Pin 0.79682 [q90 0.40365, q10 0.39318], MS 1.43098, Freq 3.93208, L1 1.71717, Spectral 0.28890, Gradient 0.46933) | LR 5.00e-06
2026-07-15 20:50:20,732 INFO Epoch 46 | Batch 1000/1186 | Loss 4.26282 (Pin 0.83415 [q90 0.42853, q10 0.40562], MS 1.39123, Freq 4.07488, L1 1.78051, Spectral 0.27702, Gradient 0.47523) | LR 5.00e-06
2026-07-15 20:50:42,784 INFO Epoch 46 | Batch 1050/1186 | Loss 4.22662 (Pin 0.80839 [q90 0.40992, q10 0.39847], MS 1.41790, Freq 4.00065, L1 1.74845, Spectral 0.28068, Gradient 0.46851) | LR 5.00e-06
2026-07-15 20:51:04,846 INFO Epoch 46 | Batch 1100/1186 | Loss 4.36348 (Pin 0.83322 [q90 0.42865, q10 0.40457], MS 1.47266, Freq 4.11521, L1 1.78486, Spectral 0.29238, Gradient 0.48716) | LR 5.00e-06
2026-07-15 20:51:26,910 INFO Epoch 46 | Batch 1150/1186 | Loss 4.24019 (Pin 0.81372 [q90 0.41623, q10 0.39749], MS 1.41645, Freq 4.02004, L1 1.75487, Spectral 0.28875, Gradient 0.47684) | LR 5.00e-06
2026-07-15 20:52:19,724 INFO Epoch 46 | Val Loss 4.86855 (Pin 0.78620 [q90 0.40545, q10 0.38075], MS 2.06098, Freq 4.04275, L1 1.74155, Spectral 0.27879, Gradient 0.47090)
2026-07-15 20:52:19,724 INFO Epoch 46 | Coverage q10/q50/q90 = 0.100/0.494/0.896 (nominal .10/.50/.90) | extreme tail = 0.133/0.458/0.852
2026-07-15 20:52:42,025 INFO Epoch 47 | Batch 50/1186 | Loss 4.23655 (Pin 0.80619 [q90 0.41232, q10 0.39387], MS 1.40471, Freq 4.05130, L1 1.73829, Spectral 0.28565, Gradient 0.47937) | LR 5.00e-06
2026-07-15 20:53:04,084 INFO Epoch 47 | Batch 100/1186 | Loss 4.24252 (Pin 0.81111 [q90 0.41789, q10 0.39322], MS 1.42501, Freq 4.01280, L1 1.74579, Spectral 0.28094, Gradient 0.47328) | LR 5.00e-06
2026-07-15 20:53:26,150 INFO Epoch 47 | Batch 150/1186 | Loss 4.29539 (Pin 0.81645 [q90 0.41678, q10 0.39967], MS 1.45521, Freq 4.04745, L1 1.75531, Spectral 0.28313, Gradient 0.47556) | LR 5.00e-06
2026-07-15 20:53:48,208 INFO Epoch 47 | Batch 200/1186 | Loss 4.24270 (Pin 0.80536 [q90 0.41337, q10 0.39199], MS 1.44486, Freq 3.98496, L1 1.72587, Spectral 0.28838, Gradient 0.47208) | LR 5.00e-06
2026-07-15 20:54:10,284 INFO Epoch 47 | Batch 250/1186 | Loss 4.36235 (Pin 0.83313 [q90 0.42425, q10 0.40888], MS 1.48475, Freq 4.08895, L1 1.80040, Spectral 0.28726, Gradient 0.48193) | LR 5.00e-06
2026-07-15 20:54:32,354 INFO Epoch 47 | Batch 300/1186 | Loss 4.33337 (Pin 0.81460 [q90 0.41969, q10 0.39490], MS 1.54312, Freq 3.95131, L1 1.75595, Spectral 0.28187, Gradient 0.46506) | LR 5.00e-06
2026-07-15 20:54:54,404 INFO Epoch 47 | Batch 350/1186 | Loss 4.11065 (Pin 0.78748 [q90 0.39847, q10 0.38901], MS 1.35562, Freq 3.93510, L1 1.68957, Spectral 0.28307, Gradient 0.46982) | LR 5.00e-06
2026-07-15 20:55:16,458 INFO Epoch 47 | Batch 400/1186 | Loss 4.20622 (Pin 0.78452 [q90 0.40219, q10 0.38233], MS 1.45077, Freq 3.94186, L1 1.70457, Spectral 0.28334, Gradient 0.47296) | LR 5.00e-06
2026-07-15 20:55:38,527 INFO Epoch 47 | Batch 450/1186 | Loss 4.21356 (Pin 0.80416 [q90 0.41402, q10 0.39014], MS 1.39991, Freq 4.01898, L1 1.74555, Spectral 0.27343, Gradient 0.46473) | LR 5.00e-06
2026-07-15 20:56:00,599 INFO Epoch 47 | Batch 500/1186 | Loss 4.21096 (Pin 0.80157 [q90 0.41378, q10 0.38779], MS 1.41563, Freq 3.98751, L1 1.72275, Spectral 0.28082, Gradient 0.47096) | LR 5.00e-06
2026-07-15 20:56:22,664 INFO Epoch 47 | Batch 550/1186 | Loss 4.20419 (Pin 0.77794 [q90 0.39591, q10 0.38203], MS 1.43550, Freq 3.98148, L1 1.69701, Spectral 0.28496, Gradient 0.47376) | LR 5.00e-06
2026-07-15 20:56:44,736 INFO Epoch 47 | Batch 600/1186 | Loss 4.31987 (Pin 0.81304 [q90 0.41991, q10 0.39313], MS 1.48961, Freq 4.03445, L1 1.75267, Spectral 0.28391, Gradient 0.47844) | LR 5.00e-06
2026-07-15 20:57:06,792 INFO Epoch 47 | Batch 650/1186 | Loss 4.38041 (Pin 0.79914 [q90 0.41055, q10 0.38859], MS 1.57417, Freq 4.01420, L1 1.72008, Spectral 0.27941, Gradient 0.47390) | LR 5.00e-06
2026-07-15 20:57:28,856 INFO Epoch 47 | Batch 700/1186 | Loss 4.26645 (Pin 0.80027 [q90 0.40822, q10 0.39205], MS 1.47896, Freq 3.97446, L1 1.73113, Spectral 0.27406, Gradient 0.46539) | LR 5.00e-06
2026-07-15 20:57:50,924 INFO Epoch 47 | Batch 750/1186 | Loss 4.41884 (Pin 0.82766 [q90 0.42356, q10 0.40409], MS 1.55275, Freq 4.07686, L1 1.77052, Spectral 0.28585, Gradient 0.47791) | LR 5.00e-06
2026-07-15 20:58:12,977 INFO Epoch 47 | Batch 800/1186 | Loss 4.30606 (Pin 0.83173 [q90 0.41979, q10 0.41194], MS 1.47232, Freq 4.00401, L1 1.76981, Spectral 0.28181, Gradient 0.46984) | LR 5.00e-06
2026-07-15 20:58:35,021 INFO Epoch 47 | Batch 850/1186 | Loss 4.35437 (Pin 0.84770 [q90 0.42657, q10 0.42112], MS 1.46107, Freq 4.09121, L1 1.82306, Spectral 0.28091, Gradient 0.47464) | LR 5.00e-06
2026-07-15 20:58:57,080 INFO Epoch 47 | Batch 900/1186 | Loss 4.29535 (Pin 0.82462 [q90 0.42531, q10 0.39931], MS 1.44067, Freq 4.06012, L1 1.76984, Spectral 0.28993, Gradient 0.48038) | LR 5.00e-06
2026-07-15 20:59:19,140 INFO Epoch 47 | Batch 950/1186 | Loss 4.24636 (Pin 0.82344 [q90 0.42352, q10 0.39992], MS 1.41467, Freq 4.01650, L1 1.77660, Spectral 0.27597, Gradient 0.46830) | LR 5.00e-06
2026-07-15 20:59:41,189 INFO Epoch 47 | Batch 1000/1186 | Loss 4.21240 (Pin 0.78800 [q90 0.40139, q10 0.38660], MS 1.43697, Freq 3.97487, L1 1.69696, Spectral 0.28956, Gradient 0.47824) | LR 5.00e-06
2026-07-15 21:00:03,239 INFO Epoch 47 | Batch 1050/1186 | Loss 4.24409 (Pin 0.79974 [q90 0.41279, q10 0.38694], MS 1.43825, Freq 4.01221, L1 1.72963, Spectral 0.28398, Gradient 0.47450) | LR 5.00e-06
2026-07-15 21:00:25,308 INFO Epoch 47 | Batch 1100/1186 | Loss 4.25518 (Pin 0.81292 [q90 0.42038, q10 0.39253], MS 1.41593, Freq 4.05268, L1 1.75697, Spectral 0.28420, Gradient 0.47828) | LR 5.00e-06
2026-07-15 21:00:47,369 INFO Epoch 47 | Batch 1150/1186 | Loss 4.33244 (Pin 0.84632 [q90 0.44187, q10 0.40445], MS 1.46834, Freq 4.03554, L1 1.79204, Spectral 0.28323, Gradient 0.47665) | LR 5.00e-06
2026-07-15 21:01:40,236 INFO Epoch 47 | Val Loss 4.89889 (Pin 0.78745 [q90 0.40567, q10 0.38179], MS 2.07263, Freq 4.07763, L1 1.74856, Spectral 0.28059, Gradient 0.47657)
2026-07-15 21:01:40,237 INFO Epoch 47 | Coverage q10/q50/q90 = 0.093/0.492/0.898 (nominal .10/.50/.90) | extreme tail = 0.131/0.465/0.861
2026-07-15 21:02:02,532 INFO Epoch 48 | Batch 50/1186 | Loss 4.38520 (Pin 0.82939 [q90 0.42668, q10 0.40271], MS 1.53386, Freq 4.04389, L1 1.77385, Spectral 0.28698, Gradient 0.47608) | LR 5.00e-06
2026-07-15 21:02:24,592 INFO Epoch 48 | Batch 100/1186 | Loss 4.28478 (Pin 0.82106 [q90 0.41846, q10 0.40260], MS 1.42924, Freq 4.06897, L1 1.76575, Spectral 0.28470, Gradient 0.47820) | LR 5.00e-06
2026-07-15 21:02:46,658 INFO Epoch 48 | Batch 150/1186 | Loss 4.21495 (Pin 0.81870 [q90 0.41884, q10 0.39985], MS 1.38482, Freq 4.02287, L1 1.77235, Spectral 0.28377, Gradient 0.47091) | LR 5.00e-06
2026-07-15 21:03:08,707 INFO Epoch 48 | Batch 200/1186 | Loss 4.26118 (Pin 0.80951 [q90 0.41493, q10 0.39458], MS 1.42717, Freq 4.04900, L1 1.74691, Spectral 0.28604, Gradient 0.48145) | LR 5.00e-06
2026-07-15 21:03:30,753 INFO Epoch 48 | Batch 250/1186 | Loss 4.32724 (Pin 0.82786 [q90 0.42789, q10 0.39997], MS 1.49184, Freq 4.01508, L1 1.76210, Spectral 0.28949, Gradient 0.47681) | LR 5.00e-06
2026-07-15 21:03:52,806 INFO Epoch 48 | Batch 300/1186 | Loss 4.29889 (Pin 0.81409 [q90 0.41677, q10 0.39732], MS 1.46109, Freq 4.04742, L1 1.75995, Spectral 0.29013, Gradient 0.47838) | LR 5.00e-06
2026-07-15 21:04:14,849 INFO Epoch 48 | Batch 350/1186 | Loss 4.34483 (Pin 0.82311 [q90 0.42587, q10 0.39723], MS 1.50766, Freq 4.02811, L1 1.76229, Spectral 0.28474, Gradient 0.47975) | LR 5.00e-06
2026-07-15 21:04:36,890 INFO Epoch 48 | Batch 400/1186 | Loss 4.19104 (Pin 0.80479 [q90 0.41750, q10 0.38729], MS 1.38221, Freq 4.00808, L1 1.72516, Spectral 0.28043, Gradient 0.47158) | LR 5.00e-06
2026-07-15 21:04:58,947 INFO Epoch 48 | Batch 450/1186 | Loss 4.39033 (Pin 0.83606 [q90 0.43165, q10 0.40441], MS 1.50985, Freq 4.08884, L1 1.79279, Spectral 0.28842, Gradient 0.48425) | LR 5.00e-06
2026-07-15 21:05:21,009 INFO Epoch 48 | Batch 500/1186 | Loss 4.16022 (Pin 0.78690 [q90 0.40759, q10 0.37931], MS 1.38633, Freq 3.97398, L1 1.71357, Spectral 0.28075, Gradient 0.47445) | LR 5.00e-06
2026-07-15 21:05:43,065 INFO Epoch 48 | Batch 550/1186 | Loss 4.27376 (Pin 0.82840 [q90 0.42712, q10 0.40128], MS 1.43164, Freq 4.02745, L1 1.76808, Spectral 0.28002, Gradient 0.47569) | LR 5.00e-06
2026-07-15 21:06:05,118 INFO Epoch 48 | Batch 600/1186 | Loss 4.30124 (Pin 0.83321 [q90 0.42274, q10 0.41047], MS 1.44166, Freq 4.05274, L1 1.78198, Spectral 0.28538, Gradient 0.47379) | LR 5.00e-06
2026-07-15 21:06:27,179 INFO Epoch 48 | Batch 650/1186 | Loss 4.31801 (Pin 0.81993 [q90 0.41557, q10 0.40437], MS 1.46564, Freq 4.06488, L1 1.77280, Spectral 0.28009, Gradient 0.47693) | LR 5.00e-06
2026-07-15 21:06:49,233 INFO Epoch 48 | Batch 700/1186 | Loss 4.23542 (Pin 0.79789 [q90 0.40465, q10 0.39325], MS 1.43573, Freq 4.00361, L1 1.75028, Spectral 0.28345, Gradient 0.47497) | LR 5.00e-06
2026-07-15 21:07:11,287 INFO Epoch 48 | Batch 750/1186 | Loss 4.27630 (Pin 0.80353 [q90 0.40918, q10 0.39435], MS 1.47632, Freq 3.99290, L1 1.73066, Spectral 0.27529, Gradient 0.46890) | LR 5.00e-06
2026-07-15 21:07:33,357 INFO Epoch 48 | Batch 800/1186 | Loss 4.21130 (Pin 0.79720 [q90 0.40905, q10 0.38815], MS 1.39659, Freq 4.03502, L1 1.72574, Spectral 0.28371, Gradient 0.47637) | LR 5.00e-06
2026-07-15 21:07:55,435 INFO Epoch 48 | Batch 850/1186 | Loss 4.22991 (Pin 0.82739 [q90 0.42958, q10 0.39781], MS 1.40333, Freq 3.99838, L1 1.75635, Spectral 0.27679, Gradient 0.46805) | LR 5.00e-06
2026-07-15 21:08:17,479 INFO Epoch 48 | Batch 900/1186 | Loss 4.18849 (Pin 0.78691 [q90 0.40501, q10 0.38190], MS 1.43963, Freq 3.92391, L1 1.69436, Spectral 0.28923, Gradient 0.47129) | LR 5.00e-06
2026-07-15 21:08:39,545 INFO Epoch 48 | Batch 950/1186 | Loss 4.31466 (Pin 0.83728 [q90 0.43384, q10 0.40344], MS 1.44642, Freq 4.06193, L1 1.80155, Spectral 0.27913, Gradient 0.47407) | LR 5.00e-06
2026-07-15 21:09:01,615 INFO Epoch 48 | Batch 1000/1186 | Loss 4.31517 (Pin 0.81117 [q90 0.41790, q10 0.39327], MS 1.46520, Freq 4.07759, L1 1.75341, Spectral 0.29340, Gradient 0.48627) | LR 5.00e-06
2026-07-15 21:09:23,672 INFO Epoch 48 | Batch 1050/1186 | Loss 4.26117 (Pin 0.80882 [q90 0.41261, q10 0.39621], MS 1.45621, Freq 3.99230, L1 1.73596, Spectral 0.28293, Gradient 0.47026) | LR 5.00e-06
2026-07-15 21:09:45,741 INFO Epoch 48 | Batch 1100/1186 | Loss 4.06167 (Pin 0.77460 [q90 0.39364, q10 0.38097], MS 1.34933, Freq 3.87545, L1 1.67614, Spectral 0.27469, Gradient 0.45894) | LR 5.00e-06
2026-07-15 21:10:07,802 INFO Epoch 48 | Batch 1150/1186 | Loss 4.23466 (Pin 0.78433 [q90 0.39864, q10 0.38569], MS 1.44470, Freq 4.01126, L1 1.70234, Spectral 0.28393, Gradient 0.47762) | LR 5.00e-06
2026-07-15 21:11:00,572 INFO Epoch 48 | Val Loss 4.88912 (Pin 0.78988 [q90 0.40803, q10 0.38186], MS 2.06697, Freq 4.06453, L1 1.75124, Spectral 0.27839, Gradient 0.47208)
2026-07-15 21:11:00,572 INFO Epoch 48 | Coverage q10/q50/q90 = 0.096/0.484/0.886 (nominal .10/.50/.90) | extreme tail = 0.136/0.458/0.843
2026-07-15 21:11:23,010 INFO Epoch 49 | Batch 50/1186 | Loss 4.23421 (Pin 0.82812 [q90 0.43519, q10 0.39293], MS 1.41737, Freq 3.97743, L1 1.75652, Spectral 0.27608, Gradient 0.46706) | LR 5.00e-06
2026-07-15 21:11:45,080 INFO Epoch 49 | Batch 100/1186 | Loss 4.27888 (Pin 0.80138 [q90 0.41159, q10 0.38979], MS 1.49168, Freq 3.97162, L1 1.72160, Spectral 0.28905, Gradient 0.47647) | LR 5.00e-06
2026-07-15 21:12:07,153 INFO Epoch 49 | Batch 150/1186 | Loss 4.25448 (Pin 0.79490 [q90 0.40794, q10 0.38696], MS 1.42936, Freq 4.06045, L1 1.72616, Spectral 0.28656, Gradient 0.47777) | LR 5.00e-06
2026-07-15 21:12:29,217 INFO Epoch 49 | Batch 200/1186 | Loss 4.28122 (Pin 0.81699 [q90 0.41749, q10 0.39950], MS 1.44745, Freq 4.03357, L1 1.76325, Spectral 0.29356, Gradient 0.47926) | LR 5.00e-06
2026-07-15 21:12:51,281 INFO Epoch 49 | Batch 250/1186 | Loss 4.28980 (Pin 0.82048 [q90 0.41436, q10 0.40612], MS 1.43239, Freq 4.07387, L1 1.77676, Spectral 0.28945, Gradient 0.48353) | LR 5.00e-06
2026-07-15 21:13:13,330 INFO Epoch 49 | Batch 300/1186 | Loss 4.32604 (Pin 0.81389 [q90 0.41443, q10 0.39946], MS 1.49556, Freq 4.03319, L1 1.75486, Spectral 0.28681, Gradient 0.47838) | LR 5.00e-06
2026-07-15 21:13:35,393 INFO Epoch 49 | Batch 350/1186 | Loss 4.02701 (Pin 0.75965 [q90 0.38997, q10 0.36968], MS 1.34215, Freq 3.85041, L1 1.64491, Spectral 0.27621, Gradient 0.45660) | LR 5.00e-06
2026-07-15 21:13:57,455 INFO Epoch 49 | Batch 400/1186 | Loss 4.22428 (Pin 0.80638 [q90 0.41381, q10 0.39257], MS 1.41753, Freq 4.00074, L1 1.73850, Spectral 0.28028, Gradient 0.47067) | LR 5.00e-06
2026-07-15 21:14:19,519 INFO Epoch 49 | Batch 450/1186 | Loss 4.33332 (Pin 0.81580 [q90 0.41546, q10 0.40034], MS 1.47722, Freq 4.08060, L1 1.77913, Spectral 0.28495, Gradient 0.47942) | LR 5.00e-06
2026-07-15 21:14:41,588 INFO Epoch 49 | Batch 500/1186 | Loss 4.22150 (Pin 0.80979 [q90 0.41195, q10 0.39785], MS 1.41354, Freq 3.99633, L1 1.73995, Spectral 0.28463, Gradient 0.47567) | LR 5.00e-06
2026-07-15 21:15:03,647 INFO Epoch 49 | Batch 550/1186 | Loss 4.34658 (Pin 0.82637 [q90 0.42815, q10 0.39822], MS 1.48672, Freq 4.06698, L1 1.76254, Spectral 0.29101, Gradient 0.48460) | LR 5.00e-06
2026-07-15 21:15:25,705 INFO Epoch 49 | Batch 600/1186 | Loss 4.32672 (Pin 0.81902 [q90 0.42414, q10 0.39488], MS 1.45749, Freq 4.10042, L1 1.76954, Spectral 0.29066, Gradient 0.48557) | LR 5.00e-06
2026-07-15 21:15:47,776 INFO Epoch 49 | Batch 650/1186 | Loss 4.15062 (Pin 0.80403 [q90 0.41173, q10 0.39230], MS 1.37189, Freq 3.94939, L1 1.72849, Spectral 0.27285, Gradient 0.45978) | LR 5.00e-06
2026-07-15 21:16:09,822 INFO Epoch 49 | Batch 700/1186 | Loss 4.24082 (Pin 0.80599 [q90 0.41157, q10 0.39443], MS 1.44013, Freq 3.98941, L1 1.72976, Spectral 0.28051, Gradient 0.47113) | LR 5.00e-06
2026-07-15 21:16:31,884 INFO Epoch 49 | Batch 750/1186 | Loss 4.31364 (Pin 0.81167 [q90 0.41435, q10 0.39732], MS 1.47490, Freq 4.05414, L1 1.76588, Spectral 0.28208, Gradient 0.47711) | LR 5.00e-06
2026-07-15 21:16:53,946 INFO Epoch 49 | Batch 800/1186 | Loss 4.39619 (Pin 0.85968 [q90 0.44907, q10 0.41061], MS 1.47779, Freq 4.11743, L1 1.82965, Spectral 0.28530, Gradient 0.48273) | LR 5.00e-06
2026-07-15 21:17:16,015 INFO Epoch 49 | Batch 850/1186 | Loss 4.22597 (Pin 0.80011 [q90 0.41162, q10 0.38848], MS 1.43954, Freq 3.97265, L1 1.71727, Spectral 0.27743, Gradient 0.47013) | LR 5.00e-06
2026-07-15 21:17:38,070 INFO Epoch 49 | Batch 900/1186 | Loss 4.21106 (Pin 0.78738 [q90 0.40085, q10 0.38653], MS 1.42882, Freq 3.98973, L1 1.70637, Spectral 0.28223, Gradient 0.47182) | LR 5.00e-06
2026-07-15 21:18:00,138 INFO Epoch 49 | Batch 950/1186 | Loss 4.17125 (Pin 0.79123 [q90 0.40465, q10 0.38658], MS 1.40752, Freq 3.94500, L1 1.70042, Spectral 0.27804, Gradient 0.46341) | LR 5.00e-06
2026-07-15 21:18:22,211 INFO Epoch 49 | Batch 1000/1186 | Loss 4.29546 (Pin 0.82115 [q90 0.41530, q10 0.40584], MS 1.46741, Freq 4.01380, L1 1.75999, Spectral 0.28441, Gradient 0.47290) | LR 5.00e-06
2026-07-15 21:18:44,289 INFO Epoch 49 | Batch 1050/1186 | Loss 4.27341 (Pin 0.81205 [q90 0.42311, q10 0.38893], MS 1.45688, Freq 4.00896, L1 1.74807, Spectral 0.28371, Gradient 0.47266) | LR 5.00e-06
2026-07-15 21:19:06,351 INFO Epoch 49 | Batch 1100/1186 | Loss 4.29004 (Pin 0.81067 [q90 0.41757, q10 0.39310], MS 1.44395, Freq 4.07086, L1 1.76401, Spectral 0.28058, Gradient 0.47946) | LR 5.00e-06
2026-07-15 21:19:28,421 INFO Epoch 49 | Batch 1150/1186 | Loss 4.23233 (Pin 0.80342 [q90 0.41245, q10 0.39096], MS 1.46167, Freq 3.93448, L1 1.72699, Spectral 0.27542, Gradient 0.46302) | LR 5.00e-06
2026-07-15 21:20:21,552 INFO Epoch 49 | Val Loss 4.88528 (Pin 0.78823 [q90 0.40635, q10 0.38188], MS 2.06310, Freq 4.06788, L1 1.75046, Spectral 0.28036, Gradient 0.47527)
2026-07-15 21:20:21,552 INFO Epoch 49 | Coverage q10/q50/q90 = 0.093/0.482/0.889 (nominal .10/.50/.90) | extreme tail = 0.125/0.451/0.848
2026-07-15 21:20:43,844 INFO Epoch 50 | Batch 50/1186 | Loss 4.25309 (Pin 0.81380 [q90 0.41773, q10 0.39606], MS 1.40474, Freq 4.06911, L1 1.75712, Spectral 0.28197, Gradient 0.47465) | LR 2.50e-06
2026-07-15 21:21:05,909 INFO Epoch 50 | Batch 100/1186 | Loss 4.30922 (Pin 0.82318 [q90 0.41862, q10 0.40456], MS 1.45578, Freq 4.06051, L1 1.76925, Spectral 0.28506, Gradient 0.47894) | LR 2.50e-06
2026-07-15 21:21:27,961 INFO Epoch 50 | Batch 150/1186 | Loss 4.23604 (Pin 0.80136 [q90 0.40926, q10 0.39210], MS 1.43779, Freq 3.99378, L1 1.72671, Spectral 0.28374, Gradient 0.47422) | LR 2.50e-06
2026-07-15 21:21:50,023 INFO Epoch 50 | Batch 200/1186 | Loss 4.21399 (Pin 0.80635 [q90 0.41413, q10 0.39221], MS 1.39429, Freq 4.02671, L1 1.73668, Spectral 0.28049, Gradient 0.47403) | LR 2.50e-06
2026-07-15 21:22:12,069 INFO Epoch 50 | Batch 250/1186 | Loss 4.18622 (Pin 0.81845 [q90 0.41600, q10 0.40246], MS 1.34602, Freq 4.04350, L1 1.77114, Spectral 0.28263, Gradient 0.47283) | LR 2.50e-06
2026-07-15 21:22:34,136 INFO Epoch 50 | Batch 300/1186 | Loss 4.29443 (Pin 0.81632 [q90 0.42220, q10 0.39412], MS 1.46709, Freq 4.02205, L1 1.74002, Spectral 0.28730, Gradient 0.47871) | LR 2.50e-06
2026-07-15 21:22:56,196 INFO Epoch 50 | Batch 350/1186 | Loss 4.19150 (Pin 0.80724 [q90 0.41359, q10 0.39365], MS 1.37364, Freq 4.02122, L1 1.72886, Spectral 0.28351, Gradient 0.47501) | LR 2.50e-06
2026-07-15 21:23:18,255 INFO Epoch 50 | Batch 400/1186 | Loss 4.15589 (Pin 0.79336 [q90 0.41184, q10 0.38152], MS 1.38510, Freq 3.95487, L1 1.71323, Spectral 0.27612, Gradient 0.46557) | LR 2.50e-06
2026-07-15 21:23:40,311 INFO Epoch 50 | Batch 450/1186 | Loss 4.17776 (Pin 0.78978 [q90 0.40375, q10 0.38603], MS 1.39210, Freq 3.99178, L1 1.71363, Spectral 0.28454, Gradient 0.47401) | LR 2.50e-06
2026-07-15 21:24:02,361 INFO Epoch 50 | Batch 500/1186 | Loss 4.10038 (Pin 0.78052 [q90 0.39572, q10 0.38481], MS 1.35461, Freq 3.93050, L1 1.68089, Spectral 0.27837, Gradient 0.46767) | LR 2.50e-06
2026-07-15 21:24:24,494 INFO Epoch 50 | Batch 550/1186 | Loss 4.24094 (Pin 0.80627 [q90 0.41654, q10 0.38974], MS 1.43149, Freq 4.00636, L1 1.74770, Spectral 0.27832, Gradient 0.47015) | LR 2.50e-06
2026-07-15 21:24:46,557 INFO Epoch 50 | Batch 600/1186 | Loss 4.18466 (Pin 0.77856 [q90 0.39904, q10 0.37952], MS 1.41981, Freq 3.97258, L1 1.67638, Spectral 0.28483, Gradient 0.47319) | LR 2.50e-06
2026-07-15 21:25:08,628 INFO Epoch 50 | Batch 650/1186 | Loss 4.38277 (Pin 0.84442 [q90 0.42911, q10 0.41532], MS 1.47276, Freq 4.13119, L1 1.83084, Spectral 0.28620, Gradient 0.48508) | LR 2.50e-06
2026-07-15 21:25:30,689 INFO Epoch 50 | Batch 700/1186 | Loss 4.33048 (Pin 0.83758 [q90 0.43369, q10 0.40389], MS 1.47260, Freq 4.04061, L1 1.77856, Spectral 0.28686, Gradient 0.47534) | LR 2.50e-06
2026-07-15 21:25:52,743 INFO Epoch 50 | Batch 750/1186 | Loss 4.45273 (Pin 0.87292 [q90 0.45098, q10 0.42194], MS 1.49324, Freq 4.17314, L1 1.85493, Spectral 0.29129, Gradient 0.48977) | LR 2.50e-06
2026-07-15 21:26:14,805 INFO Epoch 50 | Batch 800/1186 | Loss 4.22117 (Pin 0.80869 [q90 0.41709, q10 0.39160], MS 1.41625, Freq 3.99247, L1 1.74416, Spectral 0.28312, Gradient 0.47352) | LR 2.50e-06
2026-07-15 21:26:36,870 INFO Epoch 50 | Batch 850/1186 | Loss 4.19958 (Pin 0.79982 [q90 0.40604, q10 0.39378], MS 1.39064, Freq 4.01824, L1 1.73189, Spectral 0.28825, Gradient 0.48012) | LR 2.50e-06
2026-07-15 21:26:58,930 INFO Epoch 50 | Batch 900/1186 | Loss 4.15925 (Pin 0.80288 [q90 0.41420, q10 0.38868], MS 1.40971, Freq 3.89331, L1 1.71629, Spectral 0.27574, Gradient 0.45907) | LR 2.50e-06
2026-07-15 21:27:20,989 INFO Epoch 50 | Batch 950/1186 | Loss 4.31574 (Pin 0.80759 [q90 0.41688, q10 0.39071], MS 1.51177, Freq 3.99276, L1 1.72204, Spectral 0.28067, Gradient 0.47226) | LR 2.50e-06
2026-07-15 21:27:43,048 INFO Epoch 50 | Batch 1000/1186 | Loss 4.27086 (Pin 0.81944 [q90 0.42561, q10 0.39382], MS 1.44319, Freq 4.01647, L1 1.76231, Spectral 0.28637, Gradient 0.47609) | LR 2.50e-06
2026-07-15 21:28:05,109 INFO Epoch 50 | Batch 1050/1186 | Loss 4.14989 (Pin 0.78352 [q90 0.40064, q10 0.38287], MS 1.38723, Freq 3.95830, L1 1.69659, Spectral 0.27848, Gradient 0.46900) | LR 2.50e-06
2026-07-15 21:28:27,176 INFO Epoch 50 | Batch 1100/1186 | Loss 4.15038 (Pin 0.80800 [q90 0.41122, q10 0.39678], MS 1.37976, Freq 3.92525, L1 1.73502, Spectral 0.27522, Gradient 0.45753) | LR 2.50e-06
2026-07-15 21:28:49,238 INFO Epoch 50 | Batch 1150/1186 | Loss 4.14062 (Pin 0.79554 [q90 0.40859, q10 0.38695], MS 1.35769, Freq 3.97480, L1 1.72441, Spectral 0.28719, Gradient 0.47288) | LR 2.50e-06
2026-07-15 21:29:42,444 INFO Epoch 50 | Val Loss 4.88279 (Pin 0.78757 [q90 0.40568, q10 0.38189], MS 2.06784, Freq 4.05476, L1 1.74528, Spectral 0.28079, Gradient 0.47547)
2026-07-15 21:29:42,444 INFO Epoch 50 | Coverage q10/q50/q90 = 0.095/0.490/0.894 (nominal .10/.50/.90) | extreme tail = 0.130/0.460/0.851
2026-07-15 21:30:04,771 INFO Epoch 51 | Batch 50/1186 | Loss 4.24613 (Pin 0.81547 [q90 0.41663, q10 0.39884], MS 1.40459, Freq 4.05213, L1 1.76359, Spectral 0.28574, Gradient 0.47851) | LR 2.50e-06
2026-07-15 21:30:26,852 INFO Epoch 51 | Batch 100/1186 | Loss 4.25981 (Pin 0.79892 [q90 0.41191, q10 0.38700], MS 1.45585, Freq 4.01008, L1 1.72948, Spectral 0.28364, Gradient 0.47607) | LR 2.50e-06
2026-07-15 21:30:48,938 INFO Epoch 51 | Batch 150/1186 | Loss 4.28577 (Pin 0.81068 [q90 0.41344, q10 0.39724], MS 1.45916, Freq 4.03188, L1 1.75378, Spectral 0.28686, Gradient 0.47974) | LR 2.50e-06
2026-07-15 21:31:11,020 INFO Epoch 51 | Batch 200/1186 | Loss 4.25579 (Pin 0.81045 [q90 0.41652, q10 0.39393], MS 1.43633, Freq 4.01801, L1 1.74405, Spectral 0.28533, Gradient 0.47741) | LR 2.50e-06
2026-07-15 21:31:33,114 INFO Epoch 51 | Batch 250/1186 | Loss 4.32370 (Pin 0.82325 [q90 0.42549, q10 0.39776], MS 1.49347, Freq 4.01394, L1 1.75462, Spectral 0.28299, Gradient 0.47625) | LR 2.50e-06
2026-07-15 21:31:55,200 INFO Epoch 51 | Batch 300/1186 | Loss 4.24220 (Pin 0.81842 [q90 0.42209, q10 0.39633], MS 1.41217, Freq 4.02321, L1 1.74789, Spectral 0.28070, Gradient 0.47037) | LR 2.50e-06
2026-07-15 21:32:17,279 INFO Epoch 51 | Batch 350/1186 | Loss 4.26313 (Pin 0.81169 [q90 0.41584, q10 0.39585], MS 1.44303, Freq 4.01682, L1 1.74931, Spectral 0.28176, Gradient 0.47301) | LR 2.50e-06
2026-07-15 21:32:39,360 INFO Epoch 51 | Batch 400/1186 | Loss 4.25930 (Pin 0.82366 [q90 0.42547, q10 0.39819], MS 1.41132, Freq 4.04866, L1 1.75725, Spectral 0.28409, Gradient 0.47609) | LR 2.50e-06
2026-07-15 21:33:01,445 INFO Epoch 51 | Batch 450/1186 | Loss 4.25269 (Pin 0.81300 [q90 0.41664, q10 0.39636], MS 1.43073, Freq 4.01792, L1 1.76266, Spectral 0.27741, Gradient 0.46856) | LR 2.50e-06
2026-07-15 21:33:23,533 INFO Epoch 51 | Batch 500/1186 | Loss 4.12398 (Pin 0.78454 [q90 0.40274, q10 0.38179], MS 1.37588, Freq 3.92712, L1 1.70124, Spectral 0.28348, Gradient 0.47068) | LR 2.50e-06
2026-07-15 21:33:45,622 INFO Epoch 51 | Batch 550/1186 | Loss 4.21322 (Pin 0.83214 [q90 0.42714, q10 0.40500], MS 1.36392, Freq 4.03432, L1 1.77173, Spectral 0.28880, Gradient 0.47695) | LR 2.50e-06
2026-07-15 21:34:07,703 INFO Epoch 51 | Batch 600/1186 | Loss 4.10262 (Pin 0.78106 [q90 0.39764, q10 0.38342], MS 1.36272, Freq 3.91767, L1 1.68651, Spectral 0.28254, Gradient 0.46574) | LR 2.50e-06
2026-07-15 21:34:29,791 INFO Epoch 51 | Batch 650/1186 | Loss 4.37177 (Pin 0.82171 [q90 0.42503, q10 0.39668], MS 1.51167, Freq 4.07678, L1 1.76905, Spectral 0.28346, Gradient 0.47964) | LR 2.50e-06
2026-07-15 21:34:51,880 INFO Epoch 51 | Batch 700/1186 | Loss 4.23725 (Pin 0.80608 [q90 0.41959, q10 0.38649], MS 1.44701, Freq 3.96832, L1 1.71513, Spectral 0.28382, Gradient 0.46989) | LR 2.50e-06
2026-07-15 21:35:13,978 INFO Epoch 51 | Batch 750/1186 | Loss 4.18917 (Pin 0.79765 [q90 0.40645, q10 0.39120], MS 1.42084, Freq 3.94135, L1 1.71591, Spectral 0.27526, Gradient 0.46856) | LR 2.50e-06
2026-07-15 21:35:36,065 INFO Epoch 51 | Batch 800/1186 | Loss 4.29497 (Pin 0.81287 [q90 0.41669, q10 0.39618], MS 1.45631, Freq 4.05157, L1 1.76497, Spectral 0.27852, Gradient 0.47267) | LR 2.50e-06
2026-07-15 21:35:58,156 INFO Epoch 51 | Batch 850/1186 | Loss 4.37746 (Pin 0.83008 [q90 0.42445, q10 0.40562], MS 1.49067, Freq 4.11344, L1 1.79072, Spectral 0.28737, Gradient 0.48235) | LR 2.50e-06
2026-07-15 21:36:20,253 INFO Epoch 51 | Batch 900/1186 | Loss 4.39483 (Pin 0.82966 [q90 0.42069, q10 0.40897], MS 1.51624, Freq 4.09785, L1 1.78037, Spectral 0.28762, Gradient 0.48154) | LR 2.50e-06
2026-07-15 21:36:42,345 INFO Epoch 51 | Batch 950/1186 | Loss 4.14506 (Pin 0.79628 [q90 0.40840, q10 0.38788], MS 1.39530, Freq 3.90696, L1 1.71328, Spectral 0.27740, Gradient 0.46120) | LR 2.50e-06
2026-07-15 21:37:04,559 INFO Epoch 51 | Batch 1000/1186 | Loss 4.23010 (Pin 0.80889 [q90 0.41476, q10 0.39413], MS 1.40940, Freq 4.02361, L1 1.74040, Spectral 0.28662, Gradient 0.47838) | LR 2.50e-06
2026-07-15 21:37:26,639 INFO Epoch 51 | Batch 1050/1186 | Loss 4.12564 (Pin 0.78035 [q90 0.39874, q10 0.38161], MS 1.34329, Freq 4.00398, L1 1.68628, Spectral 0.28500, Gradient 0.47748) | LR 2.50e-06
2026-07-15 21:37:48,723 INFO Epoch 51 | Batch 1100/1186 | Loss 4.20093 (Pin 0.81786 [q90 0.41517, q10 0.40269], MS 1.39501, Freq 3.97611, L1 1.75325, Spectral 0.27656, Gradient 0.46505) | LR 2.50e-06
2026-07-15 21:38:10,816 INFO Epoch 51 | Batch 1150/1186 | Loss 4.26253 (Pin 0.81693 [q90 0.42632, q10 0.39060], MS 1.43814, Freq 4.01492, L1 1.75589, Spectral 0.28333, Gradient 0.47593) | LR 2.50e-06
2026-07-15 21:39:04,015 INFO Epoch 51 | Val Loss 4.88767 (Pin 0.78784 [q90 0.40606, q10 0.38177], MS 2.06051, Freq 4.07865, L1 1.74991, Spectral 0.27927, Gradient 0.47516)
2026-07-15 21:39:04,015 INFO Epoch 51 | Coverage q10/q50/q90 = 0.091/0.485/0.894 (nominal .10/.50/.90) | extreme tail = 0.124/0.452/0.851
2026-07-15 21:39:26,329 INFO Epoch 52 | Batch 50/1186 | Loss 4.23430 (Pin 0.80149 [q90 0.40801, q10 0.39348], MS 1.41273, Freq 4.04018, L1 1.74639, Spectral 0.28487, Gradient 0.48115) | LR 2.50e-06
2026-07-15 21:39:48,412 INFO Epoch 52 | Batch 100/1186 | Loss 4.21399 (Pin 0.81582 [q90 0.42136, q10 0.39446], MS 1.37749, Freq 4.04135, L1 1.75127, Spectral 0.27584, Gradient 0.46978) | LR 2.50e-06
2026-07-15 21:40:10,488 INFO Epoch 52 | Batch 150/1186 | Loss 4.27800 (Pin 0.82908 [q90 0.42544, q10 0.40364], MS 1.42645, Freq 4.04495, L1 1.77547, Spectral 0.28477, Gradient 0.47699) | LR 2.50e-06
2026-07-15 21:40:32,564 INFO Epoch 52 | Batch 200/1186 | Loss 4.13368 (Pin 0.78172 [q90 0.40293, q10 0.37879], MS 1.42153, Freq 3.86085, L1 1.68485, Spectral 0.27402, Gradient 0.45406) | LR 2.50e-06
2026-07-15 21:40:54,647 INFO Epoch 52 | Batch 250/1186 | Loss 4.24619 (Pin 0.80777 [q90 0.41340, q10 0.39437], MS 1.45862, Freq 3.95959, L1 1.72238, Spectral 0.28233, Gradient 0.46794) | LR 2.50e-06
2026-07-15 21:41:16,726 INFO Epoch 52 | Batch 300/1186 | Loss 4.28202 (Pin 0.82013 [q90 0.42513, q10 0.39500], MS 1.43647, Freq 4.05082, L1 1.75322, Spectral 0.28625, Gradient 0.47944) | LR 2.50e-06
2026-07-15 21:41:38,801 INFO Epoch 52 | Batch 350/1186 | Loss 4.25267 (Pin 0.79986 [q90 0.41111, q10 0.38875], MS 1.45311, Freq 3.99940, L1 1.72793, Spectral 0.28478, Gradient 0.47498) | LR 2.50e-06
2026-07-15 21:42:00,881 INFO Epoch 52 | Batch 400/1186 | Loss 4.20170 (Pin 0.81632 [q90 0.41437, q10 0.40195], MS 1.37498, Freq 4.02080, L1 1.74936, Spectral 0.28145, Gradient 0.47222) | LR 2.50e-06
2026-07-15 21:42:22,961 INFO Epoch 52 | Batch 450/1186 | Loss 4.20568 (Pin 0.79142 [q90 0.40728, q10 0.38413], MS 1.43265, Freq 3.96321, L1 1.71133, Spectral 0.28301, Gradient 0.47004) | LR 2.50e-06
2026-07-15 21:42:45,037 INFO Epoch 52 | Batch 500/1186 | Loss 4.19480 (Pin 0.80606 [q90 0.41291, q10 0.39315], MS 1.36927, Freq 4.03894, L1 1.74029, Spectral 0.28013, Gradient 0.47622) | LR 2.50e-06
2026-07-15 21:43:07,113 INFO Epoch 52 | Batch 550/1186 | Loss 4.32677 (Pin 0.81226 [q90 0.42058, q10 0.39168], MS 1.50232, Freq 4.02438, L1 1.73945, Spectral 0.28355, Gradient 0.47428) | LR 2.50e-06
2026-07-15 21:43:29,198 INFO Epoch 52 | Batch 600/1186 | Loss 4.31016 (Pin 0.82938 [q90 0.42625, q10 0.40313], MS 1.43032, Freq 4.10091, L1 1.78832, Spectral 0.28359, Gradient 0.47849) | LR 2.50e-06
2026-07-15 21:43:51,277 INFO Epoch 52 | Batch 650/1186 | Loss 4.26715 (Pin 0.81128 [q90 0.41973, q10 0.39155], MS 1.44394, Freq 4.02386, L1 1.75062, Spectral 0.28074, Gradient 0.47299) | LR 2.50e-06
2026-07-15 21:44:13,353 INFO Epoch 52 | Batch 700/1186 | Loss 4.24285 (Pin 0.80165 [q90 0.41300, q10 0.38865], MS 1.45486, Freq 3.97269, L1 1.71355, Spectral 0.28699, Gradient 0.47589) | LR 2.50e-06
2026-07-15 21:44:35,429 INFO Epoch 52 | Batch 750/1186 | Loss 4.29779 (Pin 0.82269 [q90 0.42481, q10 0.39788], MS 1.44411, Freq 4.06198, L1 1.77135, Spectral 0.27842, Gradient 0.47449) | LR 2.50e-06
2026-07-15 21:44:57,503 INFO Epoch 52 | Batch 800/1186 | Loss 4.37063 (Pin 0.83256 [q90 0.42612, q10 0.40644], MS 1.48789, Freq 4.10038, L1 1.79726, Spectral 0.28817, Gradient 0.48247) | LR 2.50e-06
2026-07-15 21:45:19,578 INFO Epoch 52 | Batch 850/1186 | Loss 4.17041 (Pin 0.78840 [q90 0.40636, q10 0.38204], MS 1.39781, Freq 3.96838, L1 1.70421, Spectral 0.28446, Gradient 0.47089) | LR 2.50e-06
2026-07-15 21:45:41,653 INFO Epoch 52 | Batch 900/1186 | Loss 4.33162 (Pin 0.82879 [q90 0.42718, q10 0.40161], MS 1.45411, Freq 4.09745, L1 1.79514, Spectral 0.29293, Gradient 0.48765) | LR 2.50e-06
2026-07-15 21:46:03,732 INFO Epoch 52 | Batch 950/1186 | Loss 4.21702 (Pin 0.80414 [q90 0.41261, q10 0.39153], MS 1.42431, Freq 3.97712, L1 1.73251, Spectral 0.27751, Gradient 0.46694) | LR 2.50e-06
2026-07-15 21:46:25,809 INFO Epoch 52 | Batch 1000/1186 | Loss 4.30252 (Pin 0.81920 [q90 0.41738, q10 0.40182], MS 1.47296, Freq 4.02073, L1 1.75524, Spectral 0.28591, Gradient 0.47940) | LR 2.50e-06
2026-07-15 21:46:47,886 INFO Epoch 52 | Batch 1050/1186 | Loss 4.13091 (Pin 0.78389 [q90 0.39840, q10 0.38549], MS 1.34717, Freq 3.99967, L1 1.70022, Spectral 0.28281, Gradient 0.47715) | LR 2.50e-06
2026-07-15 21:47:09,967 INFO Epoch 52 | Batch 1100/1186 | Loss 4.26451 (Pin 0.81587 [q90 0.41936, q10 0.39651], MS 1.41930, Freq 4.05869, L1 1.76069, Spectral 0.28244, Gradient 0.47440) | LR 2.50e-06
2026-07-15 21:47:32,044 INFO Epoch 52 | Batch 1150/1186 | Loss 4.16342 (Pin 0.80246 [q90 0.41112, q10 0.39134], MS 1.37638, Freq 3.96914, L1 1.71306, Spectral 0.28143, Gradient 0.47073) | LR 2.50e-06
2026-07-15 21:48:25,270 INFO Epoch 52 | Val Loss 4.83944 (Pin 0.78836 [q90 0.40715, q10 0.38121], MS 2.04857, Freq 4.00501, L1 1.73736, Spectral 0.27897, Gradient 0.46972)
2026-07-15 21:48:25,270 INFO Epoch 52 | Coverage q10/q50/q90 = 0.100/0.497/0.891 (nominal .10/.50/.90) | extreme tail = 0.129/0.457/0.842
2026-07-15 21:48:47,577 INFO Epoch 53 | Batch 50/1186 | Loss 4.27430 (Pin 0.82316 [q90 0.41903, q10 0.40413], MS 1.45341, Freq 3.99545, L1 1.76049, Spectral 0.28187, Gradient 0.47157) | LR 2.50e-06
2026-07-15 21:49:09,655 INFO Epoch 53 | Batch 100/1186 | Loss 4.18051 (Pin 0.79771 [q90 0.40755, q10 0.39016], MS 1.40215, Freq 3.96128, L1 1.71565, Spectral 0.28259, Gradient 0.47047) | LR 2.50e-06
2026-07-15 21:49:31,731 INFO Epoch 53 | Batch 150/1186 | Loss 4.25389 (Pin 0.82486 [q90 0.41936, q10 0.40550], MS 1.42672, Freq 4.00462, L1 1.76793, Spectral 0.28396, Gradient 0.47229) | LR 2.50e-06
2026-07-15 21:49:53,805 INFO Epoch 53 | Batch 200/1186 | Loss 4.20783 (Pin 0.81267 [q90 0.41733, q10 0.39534], MS 1.40512, Freq 3.98008, L1 1.74188, Spectral 0.28085, Gradient 0.46917) | LR 2.50e-06
2026-07-15 21:50:15,920 INFO Epoch 53 | Batch 250/1186 | Loss 4.20625 (Pin 0.80530 [q90 0.41246, q10 0.39284], MS 1.38596, Freq 4.02996, L1 1.73338, Spectral 0.28307, Gradient 0.47278) | LR 2.50e-06
2026-07-15 21:50:38,016 INFO Epoch 53 | Batch 300/1186 | Loss 4.15680 (Pin 0.81038 [q90 0.41641, q10 0.39397], MS 1.39973, Freq 3.89339, L1 1.71850, Spectral 0.28077, Gradient 0.46498) | LR 2.50e-06
2026-07-15 21:51:00,107 INFO Epoch 53 | Batch 350/1186 | Loss 4.14734 (Pin 0.79744 [q90 0.41343, q10 0.38400], MS 1.36654, Freq 3.96672, L1 1.71352, Spectral 0.28772, Gradient 0.47485) | LR 2.50e-06
2026-07-15 21:51:22,185 INFO Epoch 53 | Batch 400/1186 | Loss 4.22277 (Pin 0.81316 [q90 0.42171, q10 0.39145], MS 1.39047, Freq 4.03829, L1 1.75413, Spectral 0.28007, Gradient 0.47471) | LR 2.50e-06
2026-07-15 21:51:44,265 INFO Epoch 53 | Batch 450/1186 | Loss 4.30262 (Pin 0.81334 [q90 0.41982, q10 0.39352], MS 1.45803, Freq 4.06252, L1 1.75355, Spectral 0.28643, Gradient 0.48263) | LR 2.50e-06
2026-07-15 21:52:06,349 INFO Epoch 53 | Batch 500/1186 | Loss 4.21431 (Pin 0.81364 [q90 0.42046, q10 0.39317], MS 1.39481, Freq 4.01174, L1 1.75378, Spectral 0.27887, Gradient 0.47210) | LR 2.50e-06
2026-07-15 21:52:28,448 INFO Epoch 53 | Batch 550/1186 | Loss 4.18817 (Pin 0.80698 [q90 0.40855, q10 0.39842], MS 1.34572, Freq 4.07096, L1 1.74950, Spectral 0.28320, Gradient 0.47463) | LR 2.50e-06
2026-07-15 21:52:50,534 INFO Epoch 53 | Batch 600/1186 | Loss 4.25388 (Pin 0.81377 [q90 0.42221, q10 0.39156], MS 1.43850, Freq 4.00321, L1 1.74377, Spectral 0.28196, Gradient 0.47302) | LR 2.50e-06
2026-07-15 21:53:12,617 INFO Epoch 53 | Batch 650/1186 | Loss 4.21290 (Pin 0.80288 [q90 0.41146, q10 0.39143], MS 1.40392, Freq 4.01220, L1 1.72473, Spectral 0.29091, Gradient 0.47426) | LR 2.50e-06
2026-07-15 21:53:34,672 INFO Epoch 53 | Batch 700/1186 | Loss 4.26035 (Pin 0.81014 [q90 0.41702, q10 0.39312], MS 1.44676, Freq 4.00689, L1 1.73440, Spectral 0.28541, Gradient 0.47873) | LR 2.50e-06
2026-07-15 21:53:56,715 INFO Epoch 53 | Batch 750/1186 | Loss 4.30625 (Pin 0.81299 [q90 0.41957, q10 0.39342], MS 1.46363, Freq 4.05926, L1 1.76065, Spectral 0.28486, Gradient 0.48194) | LR 2.50e-06
2026-07-15 21:54:18,755 INFO Epoch 53 | Batch 800/1186 | Loss 4.13067 (Pin 0.78807 [q90 0.39983, q10 0.38825], MS 1.39061, Freq 3.90396, L1 1.69382, Spectral 0.27962, Gradient 0.45933) | LR 2.50e-06
2026-07-15 21:54:40,809 INFO Epoch 53 | Batch 850/1186 | Loss 4.26573 (Pin 0.81633 [q90 0.42058, q10 0.39575], MS 1.41575, Freq 4.06730, L1 1.76353, Spectral 0.27745, Gradient 0.47324) | LR 2.50e-06
2026-07-15 21:55:02,848 INFO Epoch 53 | Batch 900/1186 | Loss 4.09861 (Pin 0.79508 [q90 0.41094, q10 0.38414], MS 1.33574, Freq 3.93557, L1 1.70004, Spectral 0.27668, Gradient 0.46422) | LR 2.50e-06
2026-07-15 21:55:24,880 INFO Epoch 53 | Batch 950/1186 | Loss 4.31779 (Pin 0.82930 [q90 0.42568, q10 0.40363], MS 1.47751, Freq 4.02194, L1 1.77756, Spectral 0.28238, Gradient 0.47430) | LR 2.50e-06
2026-07-15 21:55:46,924 INFO Epoch 53 | Batch 1000/1186 | Loss 4.25026 (Pin 0.81805 [q90 0.42343, q10 0.39462], MS 1.41268, Freq 4.03905, L1 1.75933, Spectral 0.28636, Gradient 0.48049) | LR 2.50e-06
2026-07-15 21:56:08,959 INFO Epoch 53 | Batch 1050/1186 | Loss 4.22676 (Pin 0.80708 [q90 0.41366, q10 0.39342], MS 1.42475, Freq 3.98987, L1 1.74055, Spectral 0.27782, Gradient 0.46455) | LR 2.50e-06
2026-07-15 21:56:30,995 INFO Epoch 53 | Batch 1100/1186 | Loss 4.31659 (Pin 0.84286 [q90 0.43348, q10 0.40938], MS 1.41488, Freq 4.11771, L1 1.79744, Spectral 0.29226, Gradient 0.48775) | LR 2.50e-06
2026-07-15 21:56:53,040 INFO Epoch 53 | Batch 1150/1186 | Loss 4.23307 (Pin 0.78954 [q90 0.40158, q10 0.38796], MS 1.42319, Freq 4.04068, L1 1.72975, Spectral 0.28121, Gradient 0.47669) | LR 2.50e-06
2026-07-15 21:57:46,218 INFO Epoch 53 | Val Loss 4.85327 (Pin 0.78720 [q90 0.40630, q10 0.38090], MS 2.05628, Freq 4.01958, L1 1.73872, Spectral 0.27862, Gradient 0.46924)
2026-07-15 21:57:46,218 INFO Epoch 53 | Coverage q10/q50/q90 = 0.099/0.495/0.891 (nominal .10/.50/.90) | extreme tail = 0.131/0.458/0.846
2026-07-15 21:58:08,571 INFO Epoch 54 | Batch 50/1186 | Loss 4.24920 (Pin 0.79880 [q90 0.40735, q10 0.39145], MS 1.48339, Freq 3.93401, L1 1.71598, Spectral 0.27739, Gradient 0.46328) | LR 2.50e-06
2026-07-15 21:58:30,610 INFO Epoch 54 | Batch 100/1186 | Loss 4.19646 (Pin 0.80818 [q90 0.41768, q10 0.39050], MS 1.38732, Freq 4.00193, L1 1.73526, Spectral 0.28322, Gradient 0.47554) | LR 2.50e-06
2026-07-15 21:58:52,653 INFO Epoch 54 | Batch 150/1186 | Loss 4.14054 (Pin 0.77344 [q90 0.39971, q10 0.37374], MS 1.40378, Freq 3.92663, L1 1.66857, Spectral 0.28249, Gradient 0.47061) | LR 2.50e-06
2026-07-15 21:59:14,684 INFO Epoch 54 | Batch 200/1186 | Loss 4.24172 (Pin 0.79798 [q90 0.40384, q10 0.39414], MS 1.46705, Freq 3.95336, L1 1.72025, Spectral 0.28683, Gradient 0.47057) | LR 2.50e-06
2026-07-15 21:59:36,725 INFO Epoch 54 | Batch 250/1186 | Loss 4.34026 (Pin 0.82706 [q90 0.42388, q10 0.40318], MS 1.45961, Freq 4.10719, L1 1.78734, Spectral 0.28859, Gradient 0.48215) | LR 2.50e-06
2026-07-15 21:59:58,770 INFO Epoch 54 | Batch 300/1186 | Loss 4.23022 (Pin 0.80895 [q90 0.41545, q10 0.39350], MS 1.41366, Freq 4.01523, L1 1.74176, Spectral 0.28813, Gradient 0.47364) | LR 2.50e-06
2026-07-15 22:00:20,828 INFO Epoch 54 | Batch 350/1186 | Loss 4.33203 (Pin 0.82584 [q90 0.42881, q10 0.39703], MS 1.46765, Freq 4.07710, L1 1.78256, Spectral 0.28312, Gradient 0.47429) | LR 2.50e-06
2026-07-15 22:00:42,879 INFO Epoch 54 | Batch 400/1186 | Loss 4.29715 (Pin 0.80955 [q90 0.41723, q10 0.39231], MS 1.44967, Freq 4.07588, L1 1.75018, Spectral 0.28331, Gradient 0.48391) | LR 2.50e-06
2026-07-15 22:01:04,921 INFO Epoch 54 | Batch 450/1186 | Loss 4.33743 (Pin 0.81937 [q90 0.42481, q10 0.39456], MS 1.48258, Freq 4.07097, L1 1.76043, Spectral 0.29145, Gradient 0.48123) | LR 2.50e-06
2026-07-15 22:01:26,960 INFO Epoch 54 | Batch 500/1186 | Loss 4.19333 (Pin 0.79885 [q90 0.40200, q10 0.39684], MS 1.39180, Freq 4.00537, L1 1.73349, Spectral 0.28396, Gradient 0.47030) | LR 2.50e-06
2026-07-15 22:01:49,129 INFO Epoch 54 | Batch 550/1186 | Loss 4.07157 (Pin 0.78858 [q90 0.40305, q10 0.38553], MS 1.31654, Freq 3.93289, L1 1.70315, Spectral 0.27991, Gradient 0.46714) | LR 2.50e-06
2026-07-15 22:02:11,165 INFO Epoch 54 | Batch 600/1186 | Loss 4.26292 (Pin 0.83430 [q90 0.43084, q10 0.40346], MS 1.40903, Freq 4.03919, L1 1.77958, Spectral 0.28317, Gradient 0.47624) | LR 2.50e-06
2026-07-15 22:02:33,199 INFO Epoch 54 | Batch 650/1186 | Loss 4.22857 (Pin 0.81373 [q90 0.41188, q10 0.40184], MS 1.41820, Freq 3.99328, L1 1.74448, Spectral 0.27661, Gradient 0.46733) | LR 2.50e-06
2026-07-15 22:02:55,234 INFO Epoch 54 | Batch 700/1186 | Loss 4.22595 (Pin 0.78354 [q90 0.40587, q10 0.37767], MS 1.48531, Freq 3.91421, L1 1.69495, Spectral 0.27575, Gradient 0.46273) | LR 2.50e-06
2026-07-15 22:03:17,277 INFO Epoch 54 | Batch 750/1186 | Loss 4.21330 (Pin 0.81645 [q90 0.41655, q10 0.39991], MS 1.37762, Freq 4.03845, L1 1.75748, Spectral 0.28193, Gradient 0.47514) | LR 2.50e-06
2026-07-15 22:03:39,314 INFO Epoch 54 | Batch 800/1186 | Loss 4.23090 (Pin 0.81466 [q90 0.41890, q10 0.39576], MS 1.40134, Freq 4.02980, L1 1.75258, Spectral 0.28416, Gradient 0.47307) | LR 2.50e-06
2026-07-15 22:04:01,348 INFO Epoch 54 | Batch 850/1186 | Loss 4.36060 (Pin 0.82264 [q90 0.42567, q10 0.39697], MS 1.51245, Freq 4.05103, L1 1.76446, Spectral 0.28922, Gradient 0.47871) | LR 2.50e-06
2026-07-15 22:04:23,381 INFO Epoch 54 | Batch 900/1186 | Loss 4.23244 (Pin 0.79477 [q90 0.40655, q10 0.38822], MS 1.42938, Freq 4.01657, L1 1.71437, Spectral 0.28831, Gradient 0.47729) | LR 2.50e-06
2026-07-15 22:04:45,418 INFO Epoch 54 | Batch 950/1186 | Loss 4.30048 (Pin 0.83816 [q90 0.42671, q10 0.41145], MS 1.43087, Freq 4.06288, L1 1.77156, Spectral 0.28009, Gradient 0.47536) | LR 2.50e-06
2026-07-15 22:05:07,451 INFO Epoch 54 | Batch 1000/1186 | Loss 4.21897 (Pin 0.80332 [q90 0.40834, q10 0.39499], MS 1.40966, Freq 4.01197, L1 1.73428, Spectral 0.28252, Gradient 0.47525) | LR 2.50e-06
2026-07-15 22:05:29,483 INFO Epoch 54 | Batch 1050/1186 | Loss 4.37358 (Pin 0.84817 [q90 0.43721, q10 0.41095], MS 1.47798, Freq 4.09487, L1 1.81108, Spectral 0.28308, Gradient 0.47828) | LR 2.50e-06
2026-07-15 22:05:51,517 INFO Epoch 54 | Batch 1100/1186 | Loss 4.14916 (Pin 0.79834 [q90 0.41021, q10 0.38813], MS 1.36136, Freq 3.97892, L1 1.72643, Spectral 0.27743, Gradient 0.46967) | LR 2.50e-06
2026-07-15 22:06:13,545 INFO Epoch 54 | Batch 1150/1186 | Loss 4.19123 (Pin 0.80773 [q90 0.41708, q10 0.39065], MS 1.39283, Freq 3.98133, L1 1.73504, Spectral 0.27689, Gradient 0.46994) | LR 2.50e-06
2026-07-15 22:07:06,723 INFO Epoch 54 | Val Loss 4.84251 (Pin 0.78916 [q90 0.40843, q10 0.38073], MS 2.06123, Freq 3.98422, L1 1.73238, Spectral 0.27794, Gradient 0.46583)
2026-07-15 22:07:06,724 INFO Epoch 54 | Coverage q10/q50/q90 = 0.098/0.488/0.884 (nominal .10/.50/.90) | extreme tail = 0.135/0.456/0.840
2026-07-15 22:07:29,061 INFO Epoch 55 | Batch 50/1186 | Loss 4.16293 (Pin 0.80045 [q90 0.40738, q10 0.39306], MS 1.33187, Freq 4.06124, L1 1.73873, Spectral 0.28928, Gradient 0.48087) | LR 2.50e-06
2026-07-15 22:07:51,093 INFO Epoch 55 | Batch 100/1186 | Loss 4.12544 (Pin 0.78629 [q90 0.40353, q10 0.38276], MS 1.39668, Freq 3.88493, L1 1.69214, Spectral 0.27936, Gradient 0.46241) | LR 2.50e-06
2026-07-15 22:08:13,123 INFO Epoch 55 | Batch 150/1186 | Loss 4.24973 (Pin 0.80596 [q90 0.40869, q10 0.39727], MS 1.43691, Freq 4.01373, L1 1.74014, Spectral 0.28956, Gradient 0.47485) | LR 2.50e-06
2026-07-15 22:08:35,156 INFO Epoch 55 | Batch 200/1186 | Loss 4.12941 (Pin 0.78866 [q90 0.40063, q10 0.38803], MS 1.37654, Freq 3.92841, L1 1.68643, Spectral 0.28498, Gradient 0.47157) | LR 2.50e-06
2026-07-15 22:08:57,192 INFO Epoch 55 | Batch 250/1186 | Loss 4.28870 (Pin 0.81927 [q90 0.41486, q10 0.40441], MS 1.42542, Freq 4.08802, L1 1.76749, Spectral 0.28614, Gradient 0.48593) | LR 2.50e-06
2026-07-15 22:09:19,238 INFO Epoch 55 | Batch 300/1186 | Loss 4.31894 (Pin 0.82461 [q90 0.41674, q10 0.40787], MS 1.45311, Freq 4.08243, L1 1.78884, Spectral 0.27342, Gradient 0.46966) | LR 2.50e-06
2026-07-15 22:09:41,280 INFO Epoch 55 | Batch 350/1186 | Loss 4.14542 (Pin 0.79655 [q90 0.41106, q10 0.38549], MS 1.34402, Freq 4.00970, L1 1.73531, Spectral 0.27874, Gradient 0.47149) | LR 2.50e-06
2026-07-15 22:10:03,312 INFO Epoch 55 | Batch 400/1186 | Loss 4.14667 (Pin 0.80312 [q90 0.41571, q10 0.38741], MS 1.36125, Freq 3.96462, L1 1.73258, Spectral 0.27373, Gradient 0.46344) | LR 2.50e-06
2026-07-15 22:10:25,361 INFO Epoch 55 | Batch 450/1186 | Loss 4.35313 (Pin 0.83420 [q90 0.43526, q10 0.39894], MS 1.48211, Freq 4.07365, L1 1.78236, Spectral 0.28179, Gradient 0.47489) | LR 2.50e-06
2026-07-15 22:10:47,395 INFO Epoch 55 | Batch 500/1186 | Loss 4.36746 (Pin 0.85872 [q90 0.44430, q10 0.41442], MS 1.46045, Freq 4.09658, L1 1.82992, Spectral 0.28545, Gradient 0.48084) | LR 2.50e-06
2026-07-15 22:11:09,430 INFO Epoch 55 | Batch 550/1186 | Loss 4.21343 (Pin 0.78973 [q90 0.40696, q10 0.38276], MS 1.45225, Freq 3.94291, L1 1.69456, Spectral 0.28307, Gradient 0.47160) | LR 2.50e-06
2026-07-15 22:11:31,477 INFO Epoch 55 | Batch 600/1186 | Loss 4.25399 (Pin 0.83031 [q90 0.42725, q10 0.40306], MS 1.40921, Freq 4.02892, L1 1.78234, Spectral 0.27628, Gradient 0.46877) | LR 2.50e-06
2026-07-15 22:11:53,519 INFO Epoch 55 | Batch 650/1186 | Loss 4.39430 (Pin 0.83064 [q90 0.42465, q10 0.40599], MS 1.52521, Freq 4.07690, L1 1.79018, Spectral 0.28632, Gradient 0.47994) | LR 2.50e-06
2026-07-15 22:12:15,556 INFO Epoch 55 | Batch 700/1186 | Loss 4.28016 (Pin 0.80646 [q90 0.41074, q10 0.39571], MS 1.45751, Freq 4.03238, L1 1.73186, Spectral 0.28881, Gradient 0.48116) | LR 2.50e-06
2026-07-15 22:12:37,601 INFO Epoch 55 | Batch 750/1186 | Loss 4.29656 (Pin 0.81878 [q90 0.41919, q10 0.39959], MS 1.46911, Freq 4.01734, L1 1.77412, Spectral 0.27930, Gradient 0.46950) | LR 2.50e-06
2026-07-15 22:12:59,643 INFO Epoch 55 | Batch 800/1186 | Loss 4.26063 (Pin 0.80910 [q90 0.41926, q10 0.38983], MS 1.42766, Freq 4.04775, L1 1.74903, Spectral 0.28367, Gradient 0.47541) | LR 2.50e-06
2026-07-15 22:13:21,693 INFO Epoch 55 | Batch 850/1186 | Loss 4.20563 (Pin 0.78293 [q90 0.40006, q10 0.38287], MS 1.42874, Freq 3.98791, L1 1.69816, Spectral 0.28355, Gradient 0.47916) | LR 2.50e-06
2026-07-15 22:13:43,744 INFO Epoch 55 | Batch 900/1186 | Loss 4.28001 (Pin 0.80336 [q90 0.41755, q10 0.38580], MS 1.47708, Freq 3.99915, L1 1.73117, Spectral 0.28600, Gradient 0.47636) | LR 2.50e-06
2026-07-15 22:14:05,784 INFO Epoch 55 | Batch 950/1186 | Loss 4.30800 (Pin 0.81688 [q90 0.42007, q10 0.39681], MS 1.47309, Freq 4.03605, L1 1.73816, Spectral 0.28676, Gradient 0.47937) | LR 2.50e-06
2026-07-15 22:14:27,826 INFO Epoch 55 | Batch 1000/1186 | Loss 4.15701 (Pin 0.80306 [q90 0.41337, q10 0.38969], MS 1.36256, Freq 3.98278, L1 1.73111, Spectral 0.27974, Gradient 0.46634) | LR 2.50e-06
2026-07-15 22:14:49,873 INFO Epoch 55 | Batch 1050/1186 | Loss 4.16959 (Pin 0.79206 [q90 0.40633, q10 0.38572], MS 1.38192, Freq 3.99122, L1 1.70162, Spectral 0.28797, Gradient 0.47641) | LR 2.50e-06
2026-07-15 22:15:11,912 INFO Epoch 55 | Batch 1100/1186 | Loss 4.30538 (Pin 0.82853 [q90 0.42911, q10 0.39942], MS 1.45896, Freq 4.03580, L1 1.76859, Spectral 0.28770, Gradient 0.47913) | LR 2.50e-06
2026-07-15 22:15:33,949 INFO Epoch 55 | Batch 1150/1186 | Loss 4.14087 (Pin 0.78262 [q90 0.40007, q10 0.38255], MS 1.39221, Freq 3.93207, L1 1.68970, Spectral 0.28199, Gradient 0.46934) | LR 2.50e-06
2026-07-15 22:16:27,135 INFO Epoch 55 | Val Loss 4.85108 (Pin 0.78811 [q90 0.40695, q10 0.38116], MS 2.05126, Freq 4.02341, L1 1.74071, Spectral 0.27903, Gradient 0.47108)
2026-07-15 22:16:27,135 INFO Epoch 55 | Coverage q10/q50/q90 = 0.096/0.490/0.890 (nominal .10/.50/.90) | extreme tail = 0.132/0.456/0.844
2026-07-15 22:16:49,493 INFO Epoch 56 | Batch 50/1186 | Loss 4.22806 (Pin 0.80479 [q90 0.41321, q10 0.39157], MS 1.41079, Freq 4.02498, L1 1.75537, Spectral 0.28535, Gradient 0.47616) | LR 2.50e-06
2026-07-15 22:17:11,522 INFO Epoch 56 | Batch 100/1186 | Loss 4.17876 (Pin 0.78916 [q90 0.40442, q10 0.38474], MS 1.40371, Freq 3.97178, L1 1.70219, Spectral 0.27324, Gradient 0.46595) | LR 2.50e-06
2026-07-15 22:17:33,555 INFO Epoch 56 | Batch 150/1186 | Loss 4.23128 (Pin 0.79899 [q90 0.40584, q10 0.39314], MS 1.42518, Freq 4.01423, L1 1.74296, Spectral 0.27993, Gradient 0.46981) | LR 2.50e-06
2026-07-15 22:17:55,637 INFO Epoch 56 | Batch 200/1186 | Loss 4.22255 (Pin 0.82581 [q90 0.42694, q10 0.39887], MS 1.40248, Freq 3.98853, L1 1.76223, Spectral 0.27236, Gradient 0.46455) | LR 2.50e-06
2026-07-15 22:18:17,666 INFO Epoch 56 | Batch 250/1186 | Loss 4.15949 (Pin 0.79552 [q90 0.40731, q10 0.38821], MS 1.38338, Freq 3.96119, L1 1.71453, Spectral 0.27857, Gradient 0.46945) | LR 2.50e-06
2026-07-15 22:18:39,700 INFO Epoch 56 | Batch 300/1186 | Loss 4.25984 (Pin 0.80736 [q90 0.41426, q10 0.39310], MS 1.43180, Freq 4.04135, L1 1.73342, Spectral 0.28548, Gradient 0.47738) | LR 2.50e-06
2026-07-15 22:19:01,734 INFO Epoch 56 | Batch 350/1186 | Loss 4.31035 (Pin 0.84090 [q90 0.42824, q10 0.41266], MS 1.44217, Freq 4.05458, L1 1.79291, Spectral 0.28707, Gradient 0.47603) | LR 2.50e-06
2026-07-15 22:19:23,779 INFO Epoch 56 | Batch 400/1186 | Loss 4.25769 (Pin 0.80687 [q90 0.41539, q10 0.39148], MS 1.45022, Freq 4.00121, L1 1.75307, Spectral 0.28224, Gradient 0.47397) | LR 2.50e-06
2026-07-15 22:19:45,825 INFO Epoch 56 | Batch 450/1186 | Loss 4.33827 (Pin 0.80083 [q90 0.40560, q10 0.39523], MS 1.53155, Freq 4.01177, L1 1.72431, Spectral 0.28401, Gradient 0.47524) | LR 2.50e-06
2026-07-15 22:20:07,862 INFO Epoch 56 | Batch 500/1186 | Loss 4.33604 (Pin 0.83104 [q90 0.42925, q10 0.40180], MS 1.43197, Freq 4.14605, L1 1.79318, Spectral 0.29037, Gradient 0.49185) | LR 2.50e-06
2026-07-15 22:20:29,897 INFO Epoch 56 | Batch 550/1186 | Loss 4.34802 (Pin 0.81977 [q90 0.41775, q10 0.40202], MS 1.51264, Freq 4.03123, L1 1.75259, Spectral 0.29195, Gradient 0.48072) | LR 2.50e-06
2026-07-15 22:20:51,936 INFO Epoch 56 | Batch 600/1186 | Loss 4.19731 (Pin 0.77719 [q90 0.39564, q10 0.38155], MS 1.42883, Freq 3.98258, L1 1.69785, Spectral 0.28542, Gradient 0.47193) | LR 2.50e-06
2026-07-15 22:21:13,971 INFO Epoch 56 | Batch 650/1186 | Loss 4.33057 (Pin 0.81900 [q90 0.42250, q10 0.39650], MS 1.47557, Freq 4.07201, L1 1.77258, Spectral 0.28342, Gradient 0.47870) | LR 2.50e-06
2026-07-15 22:21:36,018 INFO Epoch 56 | Batch 700/1186 | Loss 4.24227 (Pin 0.81016 [q90 0.42317, q10 0.38699], MS 1.42361, Freq 4.01699, L1 1.73588, Spectral 0.27773, Gradient 0.47469) | LR 2.50e-06
2026-07-15 22:21:58,056 INFO Epoch 56 | Batch 750/1186 | Loss 4.22963 (Pin 0.81706 [q90 0.42376, q10 0.39330], MS 1.39783, Freq 4.02950, L1 1.74047, Spectral 0.27979, Gradient 0.47123) | LR 2.50e-06
2026-07-15 22:22:20,096 INFO Epoch 56 | Batch 800/1186 | Loss 4.41437 (Pin 0.83824 [q90 0.43164, q10 0.40660], MS 1.54072, Freq 4.07080, L1 1.79583, Spectral 0.28146, Gradient 0.47947) | LR 2.50e-06
2026-07-15 22:22:42,125 INFO Epoch 56 | Batch 850/1186 | Loss 4.15830 (Pin 0.79941 [q90 0.41483, q10 0.38458], MS 1.37797, Freq 3.96185, L1 1.72446, Spectral 0.27698, Gradient 0.46527) | LR 2.50e-06
2026-07-15 22:23:04,168 INFO Epoch 56 | Batch 900/1186 | Loss 4.05466 (Pin 0.78325 [q90 0.40382, q10 0.37943], MS 1.32713, Freq 3.88857, L1 1.68433, Spectral 0.27807, Gradient 0.45837) | LR 2.50e-06
2026-07-15 22:23:26,201 INFO Epoch 56 | Batch 950/1186 | Loss 4.14212 (Pin 0.77928 [q90 0.39547, q10 0.38381], MS 1.38524, Freq 3.95519, L1 1.67617, Spectral 0.27915, Gradient 0.46971) | LR 2.50e-06
2026-07-15 22:23:48,234 INFO Epoch 56 | Batch 1000/1186 | Loss 4.31875 (Pin 0.81635 [q90 0.41582, q10 0.40053], MS 1.48467, Freq 4.03545, L1 1.75361, Spectral 0.29478, Gradient 0.48191) | LR 2.50e-06
2026-07-15 22:24:10,263 INFO Epoch 56 | Batch 1050/1186 | Loss 4.17518 (Pin 0.80472 [q90 0.41197, q10 0.39275], MS 1.37730, Freq 3.98632, L1 1.74083, Spectral 0.27456, Gradient 0.46445) | LR 2.50e-06
2026-07-15 22:24:32,300 INFO Epoch 56 | Batch 1100/1186 | Loss 4.24060 (Pin 0.81681 [q90 0.41673, q10 0.40008], MS 1.41160, Freq 4.02438, L1 1.75101, Spectral 0.28671, Gradient 0.47711) | LR 2.50e-06
2026-07-15 22:24:54,336 INFO Epoch 56 | Batch 1150/1186 | Loss 4.32160 (Pin 0.82164 [q90 0.41924, q10 0.40240], MS 1.49323, Freq 4.01346, L1 1.75659, Spectral 0.28662, Gradient 0.47389) | LR 2.50e-06
2026-07-15 22:25:47,523 INFO Epoch 56 | Val Loss 4.86204 (Pin 0.78829 [q90 0.40656, q10 0.38172], MS 2.06019, Freq 4.02712, L1 1.74144, Spectral 0.27891, Gradient 0.47064)
2026-07-15 22:25:47,524 INFO Epoch 56 | Coverage q10/q50/q90 = 0.099/0.492/0.891 (nominal .10/.50/.90) | extreme tail = 0.132/0.457/0.846
2026-07-15 22:26:09,855 INFO Epoch 57 | Batch 50/1186 | Loss 4.08878 (Pin 0.79666 [q90 0.40554, q10 0.39112], MS 1.31918, Freq 3.94588, L1 1.71109, Spectral 0.28050, Gradient 0.46753) | LR 2.50e-06
2026-07-15 22:26:32,017 INFO Epoch 57 | Batch 100/1186 | Loss 4.24891 (Pin 0.81074 [q90 0.41116, q10 0.39958], MS 1.44000, Freq 3.99634, L1 1.74190, Spectral 0.28241, Gradient 0.47091) | LR 2.50e-06
2026-07-15 22:26:54,054 INFO Epoch 57 | Batch 150/1186 | Loss 4.21696 (Pin 0.81217 [q90 0.41767, q10 0.39449], MS 1.39050, Freq 4.02861, L1 1.74037, Spectral 0.28158, Gradient 0.47662) | LR 2.50e-06
2026-07-15 22:27:16,088 INFO Epoch 57 | Batch 200/1186 | Loss 4.17451 (Pin 0.79150 [q90 0.40371, q10 0.38778], MS 1.36608, Freq 4.03388, L1 1.72361, Spectral 0.28675, Gradient 0.48116) | LR 2.50e-06
2026-07-15 22:27:38,123 INFO Epoch 57 | Batch 250/1186 | Loss 4.18888 (Pin 0.80186 [q90 0.41302, q10 0.38883], MS 1.37446, Freq 4.02512, L1 1.73610, Spectral 0.28196, Gradient 0.47650) | LR 2.50e-06
2026-07-15 22:28:00,162 INFO Epoch 57 | Batch 300/1186 | Loss 4.27746 (Pin 0.81502 [q90 0.42313, q10 0.39189], MS 1.40888, Freq 4.10713, L1 1.76189, Spectral 0.27623, Gradient 0.47535) | LR 2.50e-06
2026-07-15 22:28:22,193 INFO Epoch 57 | Batch 350/1186 | Loss 4.20536 (Pin 0.78881 [q90 0.40478, q10 0.38403], MS 1.43647, Freq 3.96017, L1 1.70180, Spectral 0.28125, Gradient 0.46949) | LR 2.50e-06
2026-07-15 22:28:44,226 INFO Epoch 57 | Batch 400/1186 | Loss 4.30530 (Pin 0.84836 [q90 0.43857, q10 0.40979], MS 1.41266, Freq 4.08857, L1 1.81104, Spectral 0.29218, Gradient 0.48053) | LR 2.50e-06
2026-07-15 22:29:06,264 INFO Epoch 57 | Batch 450/1186 | Loss 4.22481 (Pin 0.80520 [q90 0.41979, q10 0.38541], MS 1.45605, Freq 3.92713, L1 1.70884, Spectral 0.28457, Gradient 0.47168) | LR 2.50e-06
2026-07-15 22:29:28,300 INFO Epoch 57 | Batch 500/1186 | Loss 4.29728 (Pin 0.81179 [q90 0.41354, q10 0.39825], MS 1.45706, Freq 4.05685, L1 1.75645, Spectral 0.29078, Gradient 0.48314) | LR 2.50e-06
2026-07-15 22:29:50,332 INFO Epoch 57 | Batch 550/1186 | Loss 4.22053 (Pin 0.79712 [q90 0.40101, q10 0.39611], MS 1.40183, Freq 4.04316, L1 1.73486, Spectral 0.28268, Gradient 0.47972) | LR 2.50e-06
2026-07-15 22:30:12,363 INFO Epoch 57 | Batch 600/1186 | Loss 4.13270 (Pin 0.80088 [q90 0.41008, q10 0.39081], MS 1.30543, Freq 4.05276, L1 1.73599, Spectral 0.27581, Gradient 0.47371) | LR 2.50e-06
2026-07-15 22:30:34,393 INFO Epoch 57 | Batch 650/1186 | Loss 4.24685 (Pin 0.82582 [q90 0.41960, q10 0.40622], MS 1.40470, Freq 4.03268, L1 1.77208, Spectral 0.28277, Gradient 0.47260) | LR 2.50e-06
2026-07-15 22:30:56,422 INFO Epoch 57 | Batch 700/1186 | Loss 4.19072 (Pin 0.79564 [q90 0.40965, q10 0.38599], MS 1.40207, Freq 3.98600, L1 1.71969, Spectral 0.28321, Gradient 0.47572) | LR 2.50e-06
2026-07-15 22:31:18,449 INFO Epoch 57 | Batch 750/1186 | Loss 4.24332 (Pin 0.81320 [q90 0.41747, q10 0.39573], MS 1.41818, Freq 4.02389, L1 1.74822, Spectral 0.28986, Gradient 0.48160) | LR 2.50e-06
2026-07-15 22:31:40,477 INFO Epoch 57 | Batch 800/1186 | Loss 4.24045 (Pin 0.80965 [q90 0.41672, q10 0.39294], MS 1.42884, Freq 4.00392, L1 1.74398, Spectral 0.28598, Gradient 0.47580) | LR 2.50e-06
2026-07-15 22:32:02,508 INFO Epoch 57 | Batch 850/1186 | Loss 4.26927 (Pin 0.82189 [q90 0.42178, q10 0.40011], MS 1.43082, Freq 4.03312, L1 1.75715, Spectral 0.28370, Gradient 0.47350) | LR 2.50e-06
2026-07-15 22:32:24,538 INFO Epoch 57 | Batch 900/1186 | Loss 4.28772 (Pin 0.85056 [q90 0.44376, q10 0.40681], MS 1.41069, Freq 4.05294, L1 1.80157, Spectral 0.28574, Gradient 0.48073) | LR 2.50e-06
2026-07-15 22:32:46,569 INFO Epoch 57 | Batch 950/1186 | Loss 4.20785 (Pin 0.78961 [q90 0.40325, q10 0.38636], MS 1.43237, Freq 3.97174, L1 1.69769, Spectral 0.28933, Gradient 0.47383) | LR 2.50e-06
2026-07-15 22:33:08,595 INFO Epoch 57 | Batch 1000/1186 | Loss 4.23196 (Pin 0.79490 [q90 0.41310, q10 0.38180], MS 1.44439, Freq 3.98535, L1 1.72777, Spectral 0.28000, Gradient 0.47140) | LR 2.50e-06
2026-07-15 22:33:30,623 INFO Epoch 57 | Batch 1050/1186 | Loss 4.28019 (Pin 0.81221 [q90 0.41351, q10 0.39870], MS 1.45412, Freq 4.02772, L1 1.74918, Spectral 0.27843, Gradient 0.47201) | LR 2.50e-06
2026-07-15 22:33:52,650 INFO Epoch 57 | Batch 1100/1186 | Loss 4.14899 (Pin 0.81005 [q90 0.42188, q10 0.38817], MS 1.34831, Freq 3.98127, L1 1.74146, Spectral 0.27764, Gradient 0.46691) | LR 2.50e-06
2026-07-15 22:34:14,689 INFO Epoch 57 | Batch 1150/1186 | Loss 4.09171 (Pin 0.79494 [q90 0.41264, q10 0.38230], MS 1.33235, Freq 3.92884, L1 1.71847, Spectral 0.27552, Gradient 0.46005) | LR 2.50e-06
2026-07-15 22:35:07,863 INFO Epoch 57 | Val Loss 4.85286 (Pin 0.78786 [q90 0.40631, q10 0.38155], MS 2.05629, Freq 4.01742, L1 1.74062, Spectral 0.27882, Gradient 0.47046)
2026-07-15 22:35:07,863 INFO Epoch 57 | Coverage q10/q50/q90 = 0.095/0.489/0.892 (nominal .10/.50/.90) | extreme tail = 0.130/0.460/0.846
2026-07-15 22:35:30,195 INFO Epoch 58 | Batch 50/1186 | Loss 4.21494 (Pin 0.81242 [q90 0.42064, q10 0.39178], MS 1.39111, Freq 4.02282, L1 1.74028, Spectral 0.27902, Gradient 0.47415) | LR 2.50e-06
2026-07-15 22:35:52,223 INFO Epoch 58 | Batch 100/1186 | Loss 4.42875 (Pin 0.84367 [q90 0.42904, q10 0.41464], MS 1.52619, Freq 4.11777, L1 1.80991, Spectral 0.28211, Gradient 0.48050) | LR 2.50e-06
2026-07-15 22:36:14,252 INFO Epoch 58 | Batch 150/1186 | Loss 4.12384 (Pin 0.77617 [q90 0.39514, q10 0.38103], MS 1.35814, Freq 3.97906, L1 1.68394, Spectral 0.27936, Gradient 0.47273) | LR 2.50e-06
2026-07-15 22:36:36,289 INFO Epoch 58 | Batch 200/1186 | Loss 4.20201 (Pin 0.80432 [q90 0.41417, q10 0.39015], MS 1.39825, Freq 3.99890, L1 1.72175, Spectral 0.28218, Gradient 0.47157) | LR 2.50e-06
2026-07-15 22:36:58,348 INFO Epoch 58 | Batch 250/1186 | Loss 4.25507 (Pin 0.82071 [q90 0.42334, q10 0.39737], MS 1.45042, Freq 3.96788, L1 1.75248, Spectral 0.27958, Gradient 0.46648) | LR 2.50e-06
2026-07-15 22:37:20,380 INFO Epoch 58 | Batch 300/1186 | Loss 4.31578 (Pin 0.82316 [q90 0.42414, q10 0.39902], MS 1.45774, Freq 4.06977, L1 1.77676, Spectral 0.28128, Gradient 0.47919) | LR 2.50e-06
2026-07-15 22:37:42,411 INFO Epoch 58 | Batch 350/1186 | Loss 4.25690 (Pin 0.81877 [q90 0.41990, q10 0.39887], MS 1.44459, Freq 3.98708, L1 1.75098, Spectral 0.28087, Gradient 0.47175) | LR 2.50e-06
2026-07-15 22:38:04,444 INFO Epoch 58 | Batch 400/1186 | Loss 4.25689 (Pin 0.81990 [q90 0.42173, q10 0.39817], MS 1.44055, Freq 3.99287, L1 1.76087, Spectral 0.28470, Gradient 0.47191) | LR 2.50e-06
2026-07-15 22:38:26,479 INFO Epoch 58 | Batch 450/1186 | Loss 4.27182 (Pin 0.81743 [q90 0.41842, q10 0.39901], MS 1.42805, Freq 4.05268, L1 1.77016, Spectral 0.28454, Gradient 0.47618) | LR 2.50e-06
2026-07-15 22:38:48,506 INFO Epoch 58 | Batch 500/1186 | Loss 4.09336 (Pin 0.78007 [q90 0.40214, q10 0.37793], MS 1.35143, Freq 3.92372, L1 1.67968, Spectral 0.27588, Gradient 0.46380) | LR 2.50e-06
2026-07-15 22:39:10,537 INFO Epoch 58 | Batch 550/1186 | Loss 4.22593 (Pin 0.80219 [q90 0.41260, q10 0.38960], MS 1.43523, Freq 3.97702, L1 1.73055, Spectral 0.28734, Gradient 0.47379) | LR 2.50e-06
2026-07-15 22:39:32,570 INFO Epoch 58 | Batch 600/1186 | Loss 4.24963 (Pin 0.81892 [q90 0.41949, q10 0.39943], MS 1.39019, Freq 4.08104, L1 1.76065, Spectral 0.28566, Gradient 0.47861) | LR 2.50e-06
2026-07-15 22:39:54,603 INFO Epoch 58 | Batch 650/1186 | Loss 4.21871 (Pin 0.79081 [q90 0.40540, q10 0.38541], MS 1.42715, Freq 4.00151, L1 1.70661, Spectral 0.28364, Gradient 0.47344) | LR 2.50e-06
2026-07-15 22:40:16,636 INFO Epoch 58 | Batch 700/1186 | Loss 4.25447 (Pin 0.81251 [q90 0.41529, q10 0.39723], MS 1.44202, Freq 3.99988, L1 1.75647, Spectral 0.27667, Gradient 0.46972) | LR 2.50e-06
2026-07-15 22:40:38,669 INFO Epoch 58 | Batch 750/1186 | Loss 4.23485 (Pin 0.78528 [q90 0.39900, q10 0.38628], MS 1.48121, Freq 3.93671, L1 1.70921, Spectral 0.27951, Gradient 0.46701) | LR 2.50e-06
2026-07-15 22:41:00,705 INFO Epoch 58 | Batch 800/1186 | Loss 4.33595 (Pin 0.83160 [q90 0.42282, q10 0.40878], MS 1.45686, Freq 4.09498, L1 1.78650, Spectral 0.28275, Gradient 0.47992) | LR 2.50e-06
2026-07-15 22:41:22,742 INFO Epoch 58 | Batch 850/1186 | Loss 4.28299 (Pin 0.81641 [q90 0.42015, q10 0.39626], MS 1.42774, Freq 4.07767, L1 1.76223, Spectral 0.28534, Gradient 0.47975) | LR 2.50e-06
2026-07-15 22:41:44,775 INFO Epoch 58 | Batch 900/1186 | Loss 4.20447 (Pin 0.79356 [q90 0.40767, q10 0.38589], MS 1.45557, Freq 3.91068, L1 1.68988, Spectral 0.28196, Gradient 0.46467) | LR 2.50e-06
2026-07-15 22:42:06,809 INFO Epoch 58 | Batch 950/1186 | Loss 4.23992 (Pin 0.82223 [q90 0.42274, q10 0.39950], MS 1.38981, Freq 4.05576, L1 1.76231, Spectral 0.28724, Gradient 0.47984) | LR 2.50e-06
2026-07-15 22:42:28,847 INFO Epoch 58 | Batch 1000/1186 | Loss 4.25840 (Pin 0.80216 [q90 0.41279, q10 0.38937], MS 1.41882, Freq 4.07484, L1 1.73579, Spectral 0.29183, Gradient 0.48658) | LR 2.50e-06
2026-07-15 22:42:50,881 INFO Epoch 58 | Batch 1050/1186 | Loss 4.28162 (Pin 0.82399 [q90 0.42921, q10 0.39478], MS 1.47155, Freq 3.97214, L1 1.75915, Spectral 0.27701, Gradient 0.46506) | LR 2.50e-06
2026-07-15 22:43:12,915 INFO Epoch 58 | Batch 1100/1186 | Loss 4.10260 (Pin 0.76498 [q90 0.38871, q10 0.37627], MS 1.36206, Freq 3.95113, L1 1.66963, Spectral 0.28933, Gradient 0.47783) | LR 2.50e-06
2026-07-15 22:43:34,952 INFO Epoch 58 | Batch 1150/1186 | Loss 4.27483 (Pin 0.82704 [q90 0.42541, q10 0.40162], MS 1.42903, Freq 4.03753, L1 1.77742, Spectral 0.27986, Gradient 0.47240) | LR 2.50e-06
2026-07-15 22:44:28,163 INFO Epoch 58 | Val Loss 4.88413 (Pin 0.78819 [q90 0.40695, q10 0.38124], MS 2.05764, Freq 4.07660, L1 1.74820, Spectral 0.27974, Gradient 0.47529)
2026-07-15 22:44:28,164 INFO Epoch 58 | Coverage q10/q50/q90 = 0.093/0.487/0.894 (nominal .10/.50/.90) | extreme tail = 0.124/0.452/0.855
2026-07-15 22:44:50,538 INFO Epoch 59 | Batch 50/1186 | Loss 4.18912 (Pin 0.81035 [q90 0.41593, q10 0.39442], MS 1.36024, Freq 4.03706, L1 1.74530, Spectral 0.27473, Gradient 0.47061) | LR 2.50e-06
2026-07-15 22:45:12,612 INFO Epoch 59 | Batch 100/1186 | Loss 4.16620 (Pin 0.80076 [q90 0.41027, q10 0.39049], MS 1.38686, Freq 3.95716, L1 1.72943, Spectral 0.27941, Gradient 0.46916) | LR 2.50e-06
2026-07-15 22:45:34,695 INFO Epoch 59 | Batch 150/1186 | Loss 4.19048 (Pin 0.78619 [q90 0.40455, q10 0.38164], MS 1.42359, Freq 3.96141, L1 1.70667, Spectral 0.27775, Gradient 0.46443) | LR 2.50e-06
2026-07-15 22:45:56,771 INFO Epoch 59 | Batch 200/1186 | Loss 4.29062 (Pin 0.80970 [q90 0.41247, q10 0.39723], MS 1.50107, Freq 3.95970, L1 1.74501, Spectral 0.28207, Gradient 0.46661) | LR 2.50e-06
2026-07-15 22:46:18,844 INFO Epoch 59 | Batch 250/1186 | Loss 4.17557 (Pin 0.78755 [q90 0.40458, q10 0.38297], MS 1.41440, Freq 3.94724, L1 1.70682, Spectral 0.27634, Gradient 0.46637) | LR 2.50e-06
2026-07-15 22:46:40,919 INFO Epoch 59 | Batch 300/1186 | Loss 4.25069 (Pin 0.80409 [q90 0.40953, q10 0.39456], MS 1.42230, Freq 4.04860, L1 1.74968, Spectral 0.28583, Gradient 0.48087) | LR 2.50e-06
2026-07-15 22:47:02,996 INFO Epoch 59 | Batch 350/1186 | Loss 4.13379 (Pin 0.78023 [q90 0.40164, q10 0.37859], MS 1.38932, Freq 3.92846, L1 1.68952, Spectral 0.28040, Gradient 0.47027) | LR 2.50e-06
2026-07-15 22:47:25,069 INFO Epoch 59 | Batch 400/1186 | Loss 4.14643 (Pin 0.78781 [q90 0.40504, q10 0.38277], MS 1.39852, Freq 3.92019, L1 1.70749, Spectral 0.27999, Gradient 0.46120) | LR 2.50e-06
2026-07-15 22:47:47,144 INFO Epoch 59 | Batch 450/1186 | Loss 4.10349 (Pin 0.79979 [q90 0.41251, q10 0.38728], MS 1.32655, Freq 3.95430, L1 1.72350, Spectral 0.28503, Gradient 0.46937) | LR 2.50e-06
2026-07-15 22:48:09,221 INFO Epoch 59 | Batch 500/1186 | Loss 4.23609 (Pin 0.79527 [q90 0.40214, q10 0.39312], MS 1.45934, Freq 3.96296, L1 1.70779, Spectral 0.28718, Gradient 0.47667) | LR 2.50e-06
2026-07-15 22:48:31,302 INFO Epoch 59 | Batch 550/1186 | Loss 4.22584 (Pin 0.79838 [q90 0.41284, q10 0.38554], MS 1.40080, Freq 4.05330, L1 1.70689, Spectral 0.28772, Gradient 0.48427) | LR 2.50e-06
2026-07-15 22:48:53,378 INFO Epoch 59 | Batch 600/1186 | Loss 4.29761 (Pin 0.83337 [q90 0.42813, q10 0.40524], MS 1.42302, Freq 4.08245, L1 1.79134, Spectral 0.28637, Gradient 0.48129) | LR 2.50e-06
2026-07-15 22:49:15,458 INFO Epoch 59 | Batch 650/1186 | Loss 4.22056 (Pin 0.83034 [q90 0.42997, q10 0.40037], MS 1.40165, Freq 3.97714, L1 1.75349, Spectral 0.28996, Gradient 0.47383) | LR 2.50e-06
2026-07-15 22:49:37,534 INFO Epoch 59 | Batch 700/1186 | Loss 4.26920 (Pin 0.81831 [q90 0.42250, q10 0.39581], MS 1.43476, Freq 4.03226, L1 1.74994, Spectral 0.28918, Gradient 0.48289) | LR 2.50e-06
2026-07-15 22:49:59,612 INFO Epoch 59 | Batch 750/1186 | Loss 4.28382 (Pin 0.81609 [q90 0.42146, q10 0.39463], MS 1.43870, Freq 4.05808, L1 1.74838, Spectral 0.28256, Gradient 0.48047) | LR 2.50e-06
2026-07-15 22:50:21,688 INFO Epoch 59 | Batch 800/1186 | Loss 3.98521 (Pin 0.74437 [q90 0.38007, q10 0.36429], MS 1.30721, Freq 3.86726, L1 1.62485, Spectral 0.27255, Gradient 0.45799) | LR 2.50e-06
2026-07-15 22:50:43,766 INFO Epoch 59 | Batch 850/1186 | Loss 4.41451 (Pin 0.85823 [q90 0.44448, q10 0.41375], MS 1.48682, Freq 4.13893, L1 1.81956, Spectral 0.29201, Gradient 0.48305) | LR 2.50e-06
2026-07-15 22:51:05,842 INFO Epoch 59 | Batch 900/1186 | Loss 4.40127 (Pin 0.85487 [q90 0.43354, q10 0.42133], MS 1.46677, Freq 4.15926, L1 1.84198, Spectral 0.28191, Gradient 0.48544) | LR 2.50e-06
2026-07-15 22:51:27,917 INFO Epoch 59 | Batch 950/1186 | Loss 4.31680 (Pin 0.82554 [q90 0.42603, q10 0.39951], MS 1.45001, Freq 4.08250, L1 1.77637, Spectral 0.28507, Gradient 0.48330) | LR 2.50e-06
2026-07-15 22:51:49,994 INFO Epoch 59 | Batch 1000/1186 | Loss 4.21010 (Pin 0.80458 [q90 0.41297, q10 0.39161], MS 1.38710, Freq 4.03685, L1 1.74361, Spectral 0.28332, Gradient 0.47592) | LR 2.50e-06
2026-07-15 22:52:12,199 INFO Epoch 59 | Batch 1050/1186 | Loss 4.33130 (Pin 0.81606 [q90 0.41120, q10 0.40486], MS 1.48873, Freq 4.05301, L1 1.76227, Spectral 0.27731, Gradient 0.47016) | LR 2.50e-06
2026-07-15 22:52:34,275 INFO Epoch 59 | Batch 1100/1186 | Loss 4.28228 (Pin 0.81953 [q90 0.42471, q10 0.39482], MS 1.44378, Freq 4.03795, L1 1.76272, Spectral 0.28695, Gradient 0.47888) | LR 2.50e-06
2026-07-15 22:52:56,351 INFO Epoch 59 | Batch 1150/1186 | Loss 4.19659 (Pin 0.80703 [q90 0.41694, q10 0.39009], MS 1.37393, Freq 4.03125, L1 1.72839, Spectral 0.28219, Gradient 0.47645) | LR 2.50e-06
2026-07-15 22:53:49,554 INFO Epoch 59 | Val Loss 4.86187 (Pin 0.78850 [q90 0.40674, q10 0.38176], MS 2.05014, Freq 4.04646, L1 1.74535, Spectral 0.27807, Gradient 0.47128)
2026-07-15 22:53:49,554 INFO Epoch 59 | Coverage q10/q50/q90 = 0.092/0.481/0.889 (nominal .10/.50/.90) | extreme tail = 0.125/0.453/0.847
2026-07-15 22:54:11,943 INFO Epoch 60 | Batch 50/1186 | Loss 4.26681 (Pin 0.81078 [q90 0.42016, q10 0.39063], MS 1.42809, Freq 4.05590, L1 1.75670, Spectral 0.28842, Gradient 0.48251) | LR 2.50e-06
2026-07-15 22:54:34,021 INFO Epoch 60 | Batch 100/1186 | Loss 4.19506 (Pin 0.78980 [q90 0.40368, q10 0.38611], MS 1.40633, Freq 3.99787, L1 1.70484, Spectral 0.28915, Gradient 0.48080) | LR 2.50e-06
2026-07-15 22:54:56,098 INFO Epoch 60 | Batch 150/1186 | Loss 4.20364 (Pin 0.82308 [q90 0.42152, q10 0.40156], MS 1.36494, Freq 4.03124, L1 1.75062, Spectral 0.28175, Gradient 0.47396) | LR 2.50e-06
2026-07-15 22:55:18,173 INFO Epoch 60 | Batch 200/1186 | Loss 4.27079 (Pin 0.79804 [q90 0.40976, q10 0.38828], MS 1.48314, Freq 3.97922, L1 1.72653, Spectral 0.27911, Gradient 0.47204) | LR 2.50e-06
2026-07-15 22:55:40,250 INFO Epoch 60 | Batch 250/1186 | Loss 4.21062 (Pin 0.77528 [q90 0.39723, q10 0.37805], MS 1.47821, Freq 3.91425, L1 1.68742, Spectral 0.28245, Gradient 0.46820) | LR 2.50e-06
2026-07-15 22:56:02,324 INFO Epoch 60 | Batch 300/1186 | Loss 4.23639 (Pin 0.79456 [q90 0.40802, q10 0.38654], MS 1.41393, Freq 4.05580, L1 1.72024, Spectral 0.28220, Gradient 0.47815) | LR 2.50e-06
2026-07-15 22:56:24,401 INFO Epoch 60 | Batch 350/1186 | Loss 4.16523 (Pin 0.79440 [q90 0.40592, q10 0.38848], MS 1.37795, Freq 3.98576, L1 1.71248, Spectral 0.28329, Gradient 0.47485) | LR 2.50e-06
2026-07-15 22:56:46,482 INFO Epoch 60 | Batch 400/1186 | Loss 4.24707 (Pin 0.83193 [q90 0.42573, q10 0.40620], MS 1.38914, Freq 4.05200, L1 1.77349, Spectral 0.28670, Gradient 0.47644) | LR 2.50e-06
2026-07-15 22:57:08,560 INFO Epoch 60 | Batch 450/1186 | Loss 4.25572 (Pin 0.81599 [q90 0.41928, q10 0.39671], MS 1.43304, Freq 4.01339, L1 1.73806, Spectral 0.27783, Gradient 0.46905) | LR 2.50e-06
2026-07-15 22:57:30,636 INFO Epoch 60 | Batch 500/1186 | Loss 4.24966 (Pin 0.81192 [q90 0.41801, q10 0.39391], MS 1.43009, Freq 4.01530, L1 1.75683, Spectral 0.27727, Gradient 0.47006) | LR 2.50e-06
2026-07-15 22:57:52,713 INFO Epoch 60 | Batch 550/1186 | Loss 4.23519 (Pin 0.80981 [q90 0.41863, q10 0.39118], MS 1.42254, Freq 4.00568, L1 1.74049, Spectral 0.28091, Gradient 0.47139) | LR 2.50e-06
2026-07-15 22:58:14,790 INFO Epoch 60 | Batch 600/1186 | Loss 4.18776 (Pin 0.80025 [q90 0.41253, q10 0.38772], MS 1.40961, Freq 3.95580, L1 1.71881, Spectral 0.28265, Gradient 0.47198) | LR 2.50e-06
2026-07-15 22:58:36,864 INFO Epoch 60 | Batch 650/1186 | Loss 4.12320 (Pin 0.77410 [q90 0.39816, q10 0.37594], MS 1.40677, Freq 3.88468, L1 1.67191, Spectral 0.27480, Gradient 0.45979) | LR 2.50e-06
2026-07-15 22:58:58,941 INFO Epoch 60 | Batch 700/1186 | Loss 4.15928 (Pin 0.79266 [q90 0.40837, q10 0.38430], MS 1.40225, Freq 3.92873, L1 1.70351, Spectral 0.27950, Gradient 0.46799) | LR 2.50e-06
2026-07-15 22:59:21,017 INFO Epoch 60 | Batch 750/1186 | Loss 4.24557 (Pin 0.81089 [q90 0.41864, q10 0.39225], MS 1.42346, Freq 4.02244, L1 1.75224, Spectral 0.28226, Gradient 0.47561) | LR 2.50e-06
2026-07-15 22:59:43,091 INFO Epoch 60 | Batch 800/1186 | Loss 4.25871 (Pin 0.82290 [q90 0.42221, q10 0.40069], MS 1.40084, Freq 4.06993, L1 1.76825, Spectral 0.28869, Gradient 0.48315) | LR 2.50e-06
2026-07-15 23:00:05,164 INFO Epoch 60 | Batch 850/1186 | Loss 4.22170 (Pin 0.80595 [q90 0.41386, q10 0.39209], MS 1.40363, Freq 4.02425, L1 1.74297, Spectral 0.28222, Gradient 0.47556) | LR 2.50e-06
2026-07-15 23:00:27,238 INFO Epoch 60 | Batch 900/1186 | Loss 4.44642 (Pin 0.86700 [q90 0.44131, q10 0.42569], MS 1.48419, Freq 4.19046, L1 1.85019, Spectral 0.28770, Gradient 0.48611) | LR 2.50e-06
2026-07-15 23:00:49,312 INFO Epoch 60 | Batch 950/1186 | Loss 4.22669 (Pin 0.81234 [q90 0.41421, q10 0.39813], MS 1.38801, Freq 4.05266, L1 1.74700, Spectral 0.28915, Gradient 0.48270) | LR 2.50e-06
2026-07-15 23:01:11,387 INFO Epoch 60 | Batch 1000/1186 | Loss 4.25377 (Pin 0.81786 [q90 0.41732, q10 0.40053], MS 1.40829, Freq 4.05523, L1 1.77844, Spectral 0.27680, Gradient 0.47319) | LR 2.50e-06
2026-07-15 23:01:33,460 INFO Epoch 60 | Batch 1050/1186 | Loss 4.45629 (Pin 0.84503 [q90 0.43044, q10 0.41459], MS 1.54429, Freq 4.13393, L1 1.81681, Spectral 0.28795, Gradient 0.48438) | LR 2.50e-06
2026-07-15 23:01:55,540 INFO Epoch 60 | Batch 1100/1186 | Loss 4.30530 (Pin 0.81368 [q90 0.41819, q10 0.39549], MS 1.46275, Freq 4.05773, L1 1.76046, Spectral 0.28998, Gradient 0.48251) | LR 2.50e-06
2026-07-15 23:02:17,622 INFO Epoch 60 | Batch 1150/1186 | Loss 4.15250 (Pin 0.78803 [q90 0.40394, q10 0.38408], MS 1.41093, Freq 3.90707, L1 1.70202, Spectral 0.28211, Gradient 0.46679) | LR 2.50e-06
2026-07-15 23:03:10,847 INFO Epoch 60 | Val Loss 4.86025 (Pin 0.78735 [q90 0.40611, q10 0.38124], MS 2.05734, Freq 4.03112, L1 1.74143, Spectral 0.27821, Gradient 0.47092)
2026-07-15 23:03:10,847 INFO Epoch 60 | Coverage q10/q50/q90 = 0.097/0.491/0.892 (nominal .10/.50/.90) | extreme tail = 0.132/0.459/0.849
2026-07-15 23:03:33,230 INFO Epoch 61 | Batch 50/1186 | Loss 4.16046 (Pin 0.79977 [q90 0.40942, q10 0.39035], MS 1.34448, Freq 4.03244, L1 1.74178, Spectral 0.28489, Gradient 0.47718) | LR 2.50e-06
2026-07-15 23:03:55,306 INFO Epoch 61 | Batch 100/1186 | Loss 4.20747 (Pin 0.80766 [q90 0.40957, q10 0.39810], MS 1.40456, Freq 3.99048, L1 1.72993, Spectral 0.28135, Gradient 0.47318) | LR 2.50e-06
2026-07-15 23:04:17,386 INFO Epoch 61 | Batch 150/1186 | Loss 4.27236 (Pin 0.81222 [q90 0.41462, q10 0.39760], MS 1.42614, Freq 4.06800, L1 1.75939, Spectral 0.28991, Gradient 0.48528) | LR 2.50e-06
2026-07-15 23:04:39,467 INFO Epoch 61 | Batch 200/1186 | Loss 4.14539 (Pin 0.78824 [q90 0.40483, q10 0.38341], MS 1.40989, Freq 3.89454, L1 1.69868, Spectral 0.27691, Gradient 0.46153) | LR 2.50e-06
2026-07-15 23:05:01,546 INFO Epoch 61 | Batch 250/1186 | Loss 4.26987 (Pin 0.84009 [q90 0.43187, q10 0.40822], MS 1.40417, Freq 4.05122, L1 1.77942, Spectral 0.28320, Gradient 0.47655) | LR 2.50e-06
2026-07-15 23:05:23,626 INFO Epoch 61 | Batch 300/1186 | Loss 4.17546 (Pin 0.80689 [q90 0.41292, q10 0.39397], MS 1.37845, Freq 3.98025, L1 1.73794, Spectral 0.27740, Gradient 0.46892) | LR 2.50e-06
2026-07-15 23:05:45,705 INFO Epoch 61 | Batch 350/1186 | Loss 4.28010 (Pin 0.80903 [q90 0.41790, q10 0.39113], MS 1.47693, Freq 3.98827, L1 1.74177, Spectral 0.28175, Gradient 0.47251) | LR 2.50e-06
2026-07-15 23:06:07,785 INFO Epoch 61 | Batch 400/1186 | Loss 3.93738 (Pin 0.76188 [q90 0.38761, q10 0.37426], MS 1.26029, Freq 3.83043, L1 1.63884, Spectral 0.27468, Gradient 0.45352) | LR 2.50e-06
2026-07-15 23:06:29,867 INFO Epoch 61 | Batch 450/1186 | Loss 4.41967 (Pin 0.82115 [q90 0.42244, q10 0.39871], MS 1.54681, Freq 4.10342, L1 1.78291, Spectral 0.28892, Gradient 0.48655) | LR 2.50e-06
2026-07-15 23:06:51,946 INFO Epoch 61 | Batch 500/1186 | Loss 4.19303 (Pin 0.80975 [q90 0.41409, q10 0.39566], MS 1.35626, Freq 4.05403, L1 1.73726, Spectral 0.28048, Gradient 0.47647) | LR 2.50e-06
2026-07-15 23:07:14,022 INFO Epoch 61 | Batch 550/1186 | Loss 4.25947 (Pin 0.80778 [q90 0.41436, q10 0.39341], MS 1.44140, Freq 4.02059, L1 1.73433, Spectral 0.28701, Gradient 0.47566) | LR 2.50e-06
2026-07-15 23:07:36,098 INFO Epoch 61 | Batch 600/1186 | Loss 4.27102 (Pin 0.82239 [q90 0.42439, q10 0.39800], MS 1.46281, Freq 3.97165, L1 1.75688, Spectral 0.27948, Gradient 0.46925) | LR 2.50e-06
2026-07-15 23:07:58,181 INFO Epoch 61 | Batch 650/1186 | Loss 4.14466 (Pin 0.80596 [q90 0.41540, q10 0.39055], MS 1.33716, Freq 4.00309, L1 1.72277, Spectral 0.28569, Gradient 0.47631) | LR 2.50e-06
2026-07-15 23:08:20,259 INFO Epoch 61 | Batch 700/1186 | Loss 4.13592 (Pin 0.78459 [q90 0.40745, q10 0.37714], MS 1.36864, Freq 3.96537, L1 1.69625, Spectral 0.27847, Gradient 0.47073) | LR 2.50e-06
2026-07-15 23:08:42,332 INFO Epoch 61 | Batch 750/1186 | Loss 4.39911 (Pin 0.84823 [q90 0.44189, q10 0.40634], MS 1.51280, Freq 4.07616, L1 1.80441, Spectral 0.28833, Gradient 0.47827) | LR 2.50e-06
2026-07-15 23:09:04,408 INFO Epoch 61 | Batch 800/1186 | Loss 4.18502 (Pin 0.80681 [q90 0.41323, q10 0.39358], MS 1.38409, Freq 3.98824, L1 1.74553, Spectral 0.28191, Gradient 0.47005) | LR 2.50e-06
2026-07-15 23:09:26,484 INFO Epoch 61 | Batch 850/1186 | Loss 4.21707 (Pin 0.81812 [q90 0.41377, q10 0.40435], MS 1.40498, Freq 3.98795, L1 1.74901, Spectral 0.28087, Gradient 0.46975) | LR 2.50e-06
2026-07-15 23:09:48,556 INFO Epoch 61 | Batch 900/1186 | Loss 4.25845 (Pin 0.81217 [q90 0.41536, q10 0.39682], MS 1.39725, Freq 4.09805, L1 1.76207, Spectral 0.28552, Gradient 0.48280) | LR 2.50e-06
2026-07-15 23:10:10,636 INFO Epoch 61 | Batch 950/1186 | Loss 4.30436 (Pin 0.80972 [q90 0.41565, q10 0.39407], MS 1.45175, Freq 4.08577, L1 1.75341, Spectral 0.28304, Gradient 0.48167) | LR 2.50e-06
2026-07-15 23:10:32,708 INFO Epoch 61 | Batch 1000/1186 | Loss 4.23540 (Pin 0.79970 [q90 0.40853, q10 0.39117], MS 1.43066, Freq 4.01007, L1 1.72326, Spectral 0.29265, Gradient 0.48050) | LR 2.50e-06
2026-07-15 23:10:54,783 INFO Epoch 61 | Batch 1050/1186 | Loss 4.23245 (Pin 0.81431 [q90 0.42380, q10 0.39051], MS 1.39446, Freq 4.04737, L1 1.76658, Spectral 0.27852, Gradient 0.47210) | LR 2.50e-06
2026-07-15 23:11:16,860 INFO Epoch 61 | Batch 1100/1186 | Loss 4.29708 (Pin 0.81312 [q90 0.41852, q10 0.39459], MS 1.48132, Freq 4.00528, L1 1.74960, Spectral 0.28645, Gradient 0.47618) | LR 2.50e-06
2026-07-15 23:11:38,939 INFO Epoch 61 | Batch 1150/1186 | Loss 4.15297 (Pin 0.80813 [q90 0.41567, q10 0.39246], MS 1.34933, Freq 3.99101, L1 1.72921, Spectral 0.28385, Gradient 0.47489) | LR 2.50e-06
2026-07-15 23:12:32,139 INFO Epoch 61 | Val Loss 4.84782 (Pin 0.78868 [q90 0.40683, q10 0.38186], MS 2.05446, Freq 4.00935, L1 1.74283, Spectral 0.27943, Gradient 0.47097)
2026-07-15 23:12:32,140 INFO Epoch 61 | Coverage q10/q50/q90 = 0.093/0.485/0.891 (nominal .10/.50/.90) | extreme tail = 0.128/0.456/0.844
2026-07-15 23:12:54,534 INFO Epoch 62 | Batch 50/1186 | Loss 4.05475 (Pin 0.75734 [q90 0.38782, q10 0.36952], MS 1.37352, Freq 3.84778, L1 1.64754, Spectral 0.27311, Gradient 0.45899) | LR 2.50e-06
2026-07-15 23:13:16,612 INFO Epoch 62 | Batch 100/1186 | Loss 4.12652 (Pin 0.79736 [q90 0.41398, q10 0.38338], MS 1.34768, Freq 3.96297, L1 1.72567, Spectral 0.28339, Gradient 0.46967) | LR 2.50e-06
2026-07-15 23:13:38,692 INFO Epoch 62 | Batch 150/1186 | Loss 4.15906 (Pin 0.79329 [q90 0.40538, q10 0.38792], MS 1.41078, Freq 3.90998, L1 1.70633, Spectral 0.27382, Gradient 0.46033) | LR 2.50e-06
2026-07-15 23:14:00,773 INFO Epoch 62 | Batch 200/1186 | Loss 4.25639 (Pin 0.81175 [q90 0.41830, q10 0.39345], MS 1.43040, Freq 4.02847, L1 1.75448, Spectral 0.28082, Gradient 0.47534) | LR 2.50e-06
2026-07-15 23:14:22,857 INFO Epoch 62 | Batch 250/1186 | Loss 4.28916 (Pin 0.81107 [q90 0.41557, q10 0.39550], MS 1.45478, Freq 4.04661, L1 1.74130, Spectral 0.28587, Gradient 0.47877) | LR 2.50e-06
2026-07-15 23:14:44,936 INFO Epoch 62 | Batch 300/1186 | Loss 4.18100 (Pin 0.81087 [q90 0.41315, q10 0.39772], MS 1.36649, Freq 4.00728, L1 1.75037, Spectral 0.28492, Gradient 0.47354) | LR 2.50e-06
2026-07-15 23:15:07,019 INFO Epoch 62 | Batch 350/1186 | Loss 4.19893 (Pin 0.80441 [q90 0.40847, q10 0.39594], MS 1.38538, Freq 4.01829, L1 1.74443, Spectral 0.27655, Gradient 0.46992) | LR 2.50e-06
2026-07-15 23:15:29,102 INFO Epoch 62 | Batch 400/1186 | Loss 4.25764 (Pin 0.81789 [q90 0.41335, q10 0.40453], MS 1.42540, Freq 4.02870, L1 1.75462, Spectral 0.28757, Gradient 0.47827) | LR 2.50e-06
2026-07-15 23:15:51,188 INFO Epoch 62 | Batch 450/1186 | Loss 4.32100 (Pin 0.84710 [q90 0.43096, q10 0.41614], MS 1.44396, Freq 4.05988, L1 1.80531, Spectral 0.27852, Gradient 0.46791) | LR 2.50e-06
2026-07-15 23:16:13,271 INFO Epoch 62 | Batch 500/1186 | Loss 4.21771 (Pin 0.80551 [q90 0.41486, q10 0.39065], MS 1.41402, Freq 3.99638, L1 1.72708, Spectral 0.28466, Gradient 0.47523) | LR 2.50e-06
2026-07-15 23:16:35,358 INFO Epoch 62 | Batch 550/1186 | Loss 4.25255 (Pin 0.80824 [q90 0.41549, q10 0.39275], MS 1.42758, Freq 4.03347, L1 1.74451, Spectral 0.28406, Gradient 0.47762) | LR 2.50e-06
2026-07-15 23:16:57,443 INFO Epoch 62 | Batch 600/1186 | Loss 4.41952 (Pin 0.81945 [q90 0.41989, q10 0.39956], MS 1.55929, Freq 4.08157, L1 1.75303, Spectral 0.29130, Gradient 0.48840) | LR 2.50e-06
2026-07-15 23:17:19,522 INFO Epoch 62 | Batch 650/1186 | Loss 4.16645 (Pin 0.79312 [q90 0.40956, q10 0.38356], MS 1.36220, Freq 4.02226, L1 1.72881, Spectral 0.28601, Gradient 0.47888) | LR 2.50e-06
2026-07-15 23:17:41,737 INFO Epoch 62 | Batch 700/1186 | Loss 4.18151 (Pin 0.81149 [q90 0.42349, q10 0.38800], MS 1.36853, Freq 4.00299, L1 1.73541, Spectral 0.27967, Gradient 0.47276) | LR 2.50e-06
2026-07-15 23:18:03,816 INFO Epoch 62 | Batch 750/1186 | Loss 4.30773 (Pin 0.82041 [q90 0.41701, q10 0.40340], MS 1.45041, Freq 4.07381, L1 1.75705, Spectral 0.29403, Gradient 0.48627) | LR 2.50e-06
2026-07-15 23:18:25,897 INFO Epoch 62 | Batch 800/1186 | Loss 4.34649 (Pin 0.82789 [q90 0.42550, q10 0.40239], MS 1.48116, Freq 4.07488, L1 1.77219, Spectral 0.29123, Gradient 0.48516) | LR 2.50e-06
2026-07-15 23:18:47,989 INFO Epoch 62 | Batch 850/1186 | Loss 4.31565 (Pin 0.80444 [q90 0.40953, q10 0.39490], MS 1.51059, Freq 4.00125, L1 1.73896, Spectral 0.27969, Gradient 0.47268) | LR 2.50e-06
2026-07-15 23:19:10,081 INFO Epoch 62 | Batch 900/1186 | Loss 4.21801 (Pin 0.79782 [q90 0.41534, q10 0.38248], MS 1.42986, Freq 3.98066, L1 1.71692, Spectral 0.28300, Gradient 0.47457) | LR 2.50e-06
2026-07-15 23:19:32,164 INFO Epoch 62 | Batch 950/1186 | Loss 4.33766 (Pin 0.84203 [q90 0.43301, q10 0.40902], MS 1.47048, Freq 4.05030, L1 1.79203, Spectral 0.28464, Gradient 0.47822) | LR 2.50e-06
2026-07-15 23:19:54,255 INFO Epoch 62 | Batch 1000/1186 | Loss 4.21463 (Pin 0.80719 [q90 0.41529, q10 0.39190], MS 1.40670, Freq 4.00148, L1 1.72091, Spectral 0.28944, Gradient 0.47648) | LR 2.50e-06
2026-07-15 23:20:16,346 INFO Epoch 62 | Batch 1050/1186 | Loss 4.29874 (Pin 0.82518 [q90 0.41965, q10 0.40553], MS 1.46474, Freq 4.01764, L1 1.77568, Spectral 0.28052, Gradient 0.47374) | LR 2.50e-06
2026-07-15 23:20:38,435 INFO Epoch 62 | Batch 1100/1186 | Loss 4.24182 (Pin 0.80916 [q90 0.41682, q10 0.39235], MS 1.43006, Freq 4.00520, L1 1.74449, Spectral 0.27719, Gradient 0.47034) | LR 2.50e-06
2026-07-15 23:21:00,517 INFO Epoch 62 | Batch 1150/1186 | Loss 4.21335 (Pin 0.79736 [q90 0.41163, q10 0.38574], MS 1.41886, Freq 3.99424, L1 1.71400, Spectral 0.27635, Gradient 0.46975) | LR 2.50e-06
2026-07-15 23:21:53,753 INFO Epoch 62 | Val Loss 4.89625 (Pin 0.78748 [q90 0.40609, q10 0.38138], MS 2.06799, Freq 4.08157, L1 1.75031, Spectral 0.28208, Gradient 0.47836)
2026-07-15 23:21:53,753 INFO Epoch 62 | Coverage q10/q50/q90 = 0.096/0.492/0.894 (nominal .10/.50/.90) | extreme tail = 0.133/0.459/0.849
2026-07-15 23:22:16,141 INFO Epoch 63 | Batch 50/1186 | Loss 4.11625 (Pin 0.78520 [q90 0.40301, q10 0.38219], MS 1.38109, Freq 3.89992, L1 1.69308, Spectral 0.27685, Gradient 0.46109) | LR 2.50e-06
2026-07-15 23:22:38,181 INFO Epoch 63 | Batch 100/1186 | Loss 4.22056 (Pin 0.80592 [q90 0.41312, q10 0.39280], MS 1.42472, Freq 3.97983, L1 1.73007, Spectral 0.27844, Gradient 0.47128) | LR 2.50e-06
2026-07-15 23:23:00,221 INFO Epoch 63 | Batch 150/1186 | Loss 4.20462 (Pin 0.82156 [q90 0.41995, q10 0.40160], MS 1.38728, Freq 3.99157, L1 1.75988, Spectral 0.27817, Gradient 0.46818) | LR 2.50e-06
2026-07-15 23:23:22,257 INFO Epoch 63 | Batch 200/1186 | Loss 4.14868 (Pin 0.78634 [q90 0.40422, q10 0.38212], MS 1.37987, Freq 3.96495, L1 1.69523, Spectral 0.28641, Gradient 0.47327) | LR 2.50e-06
2026-07-15 23:23:44,290 INFO Epoch 63 | Batch 250/1186 | Loss 4.20412 (Pin 0.81259 [q90 0.42037, q10 0.39222], MS 1.39172, Freq 3.99961, L1 1.75673, Spectral 0.27867, Gradient 0.46809) | LR 2.50e-06
2026-07-15 23:24:06,323 INFO Epoch 63 | Batch 300/1186 | Loss 4.26692 (Pin 0.81325 [q90 0.42040, q10 0.39286], MS 1.44669, Freq 4.01395, L1 1.74154, Spectral 0.28273, Gradient 0.47300) | LR 2.50e-06
2026-07-15 23:24:28,361 INFO Epoch 63 | Batch 350/1186 | Loss 4.18349 (Pin 0.80666 [q90 0.40900, q10 0.39767], MS 1.38155, Freq 3.99056, L1 1.73106, Spectral 0.28371, Gradient 0.47296) | LR 2.50e-06
2026-07-15 23:24:50,395 INFO Epoch 63 | Batch 400/1186 | Loss 4.26164 (Pin 0.80651 [q90 0.41231, q10 0.39420], MS 1.42999, Freq 4.05029, L1 1.74037, Spectral 0.28151, Gradient 0.47452) | LR 2.50e-06
2026-07-15 23:25:12,430 INFO Epoch 63 | Batch 450/1186 | Loss 4.23163 (Pin 0.81078 [q90 0.40910, q10 0.40169], MS 1.38404, Freq 4.07360, L1 1.75196, Spectral 0.28393, Gradient 0.47706) | LR 2.50e-06
2026-07-15 23:25:34,463 INFO Epoch 63 | Batch 500/1186 | Loss 4.23460 (Pin 0.79130 [q90 0.41132, q10 0.37999], MS 1.45150, Freq 3.98360, L1 1.71579, Spectral 0.28119, Gradient 0.46937) | LR 2.50e-06
2026-07-15 23:25:56,495 INFO Epoch 63 | Batch 550/1186 | Loss 4.12028 (Pin 0.78621 [q90 0.40006, q10 0.38615], MS 1.35791, Freq 3.95232, L1 1.69605, Spectral 0.28379, Gradient 0.46768) | LR 2.50e-06
2026-07-15 23:26:18,528 INFO Epoch 63 | Batch 600/1186 | Loss 4.16591 (Pin 0.77914 [q90 0.40150, q10 0.37764], MS 1.41352, Freq 3.94650, L1 1.69231, Spectral 0.27826, Gradient 0.46910) | LR 2.50e-06
2026-07-15 23:26:40,562 INFO Epoch 63 | Batch 650/1186 | Loss 4.35072 (Pin 0.83158 [q90 0.42631, q10 0.40527], MS 1.50116, Freq 4.03596, L1 1.77052, Spectral 0.28358, Gradient 0.47798) | LR 2.50e-06
2026-07-15 23:27:02,594 INFO Epoch 63 | Batch 700/1186 | Loss 4.42692 (Pin 0.83066 [q90 0.42897, q10 0.40170], MS 1.50572, Freq 4.18108, L1 1.77899, Spectral 0.29403, Gradient 0.49473) | LR 2.50e-06
2026-07-15 23:27:24,651 INFO Epoch 63 | Batch 750/1186 | Loss 4.29468 (Pin 0.83187 [q90 0.42479, q10 0.40708], MS 1.43406, Freq 4.05752, L1 1.77954, Spectral 0.28410, Gradient 0.47520) | LR 2.50e-06
2026-07-15 23:27:46,729 INFO Epoch 63 | Batch 800/1186 | Loss 4.30058 (Pin 0.81430 [q90 0.41590, q10 0.39840], MS 1.45101, Freq 4.07055, L1 1.75340, Spectral 0.28164, Gradient 0.47728) | LR 2.50e-06
2026-07-15 23:28:08,763 INFO Epoch 63 | Batch 850/1186 | Loss 4.30484 (Pin 0.81768 [q90 0.41715, q10 0.40053], MS 1.47529, Freq 4.02375, L1 1.75554, Spectral 0.28625, Gradient 0.47836) | LR 2.50e-06
2026-07-15 23:28:30,793 INFO Epoch 63 | Batch 900/1186 | Loss 4.20157 (Pin 0.80919 [q90 0.41583, q10 0.39336], MS 1.37831, Freq 4.02815, L1 1.75553, Spectral 0.27436, Gradient 0.46897) | LR 2.50e-06
2026-07-15 23:28:52,822 INFO Epoch 63 | Batch 950/1186 | Loss 4.28318 (Pin 0.81636 [q90 0.42126, q10 0.39510], MS 1.43731, Freq 4.05903, L1 1.75502, Spectral 0.28771, Gradient 0.48132) | LR 2.50e-06
2026-07-15 23:29:14,853 INFO Epoch 63 | Batch 1000/1186 | Loss 4.17246 (Pin 0.81394 [q90 0.41831, q10 0.39562], MS 1.36323, Freq 3.99058, L1 1.74555, Spectral 0.28402, Gradient 0.47342) | LR 2.50e-06
2026-07-15 23:29:36,886 INFO Epoch 63 | Batch 1050/1186 | Loss 4.26586 (Pin 0.81444 [q90 0.42050, q10 0.39394], MS 1.44677, Freq 4.00929, L1 1.73988, Spectral 0.28541, Gradient 0.47703) | LR 2.50e-06
2026-07-15 23:29:58,916 INFO Epoch 63 | Batch 1100/1186 | Loss 4.26125 (Pin 0.81166 [q90 0.41571, q10 0.39595], MS 1.41312, Freq 4.07295, L1 1.76100, Spectral 0.28851, Gradient 0.48305) | LR 2.50e-06
2026-07-15 23:30:20,949 INFO Epoch 63 | Batch 1150/1186 | Loss 4.24347 (Pin 0.82215 [q90 0.42752, q10 0.39464], MS 1.42542, Freq 3.99179, L1 1.75729, Spectral 0.27843, Gradient 0.46835) | LR 2.50e-06
2026-07-15 23:31:14,114 INFO Epoch 63 | Val Loss 4.85482 (Pin 0.78853 [q90 0.40762, q10 0.38091], MS 2.05250, Freq 4.02759, L1 1.74319, Spectral 0.28025, Gradient 0.47295)
2026-07-15 23:31:14,114 INFO Epoch 63 | Coverage q10/q50/q90 = 0.097/0.490/0.889 (nominal .10/.50/.90) | extreme tail = 0.133/0.460/0.838
2026-07-15 23:31:36,446 INFO Epoch 64 | Batch 50/1186 | Loss 4.26303 (Pin 0.81476 [q90 0.41495, q10 0.39981], MS 1.44650, Freq 4.00355, L1 1.75645, Spectral 0.28655, Gradient 0.47381) | LR 2.50e-06
2026-07-15 23:31:58,477 INFO Epoch 64 | Batch 100/1186 | Loss 4.25180 (Pin 0.80346 [q90 0.41011, q10 0.39335], MS 1.44481, Freq 4.00706, L1 1.74800, Spectral 0.27913, Gradient 0.47429) | LR 2.50e-06
2026-07-15 23:32:20,510 INFO Epoch 64 | Batch 150/1186 | Loss 4.25685 (Pin 0.80782 [q90 0.41310, q10 0.39472], MS 1.43733, Freq 4.02340, L1 1.73497, Spectral 0.28582, Gradient 0.48094) | LR 2.50e-06
2026-07-15 23:32:42,543 INFO Epoch 64 | Batch 200/1186 | Loss 4.23512 (Pin 0.80838 [q90 0.41336, q10 0.39502], MS 1.40261, Freq 4.04826, L1 1.75657, Spectral 0.28408, Gradient 0.47900) | LR 2.50e-06
2026-07-15 23:33:04,580 INFO Epoch 64 | Batch 250/1186 | Loss 4.20693 (Pin 0.83476 [q90 0.43025, q10 0.40451], MS 1.36949, Freq 4.00535, L1 1.77360, Spectral 0.27723, Gradient 0.47077) | LR 2.50e-06
2026-07-15 23:33:26,615 INFO Epoch 64 | Batch 300/1186 | Loss 4.22715 (Pin 0.81208 [q90 0.41799, q10 0.39409], MS 1.38981, Freq 4.05053, L1 1.75014, Spectral 0.27854, Gradient 0.47437) | LR 2.50e-06
2026-07-15 23:33:48,644 INFO Epoch 64 | Batch 350/1186 | Loss 4.27564 (Pin 0.82327 [q90 0.42454, q10 0.39873], MS 1.42751, Freq 4.04971, L1 1.77591, Spectral 0.28011, Gradient 0.47338) | LR 2.50e-06
2026-07-15 23:34:10,676 INFO Epoch 64 | Batch 400/1186 | Loss 4.39431 (Pin 0.83961 [q90 0.43722, q10 0.40238], MS 1.47782, Freq 4.15377, L1 1.79836, Spectral 0.28446, Gradient 0.48268) | LR 2.50e-06
2026-07-15 23:34:32,707 INFO Epoch 64 | Batch 450/1186 | Loss 4.20092 (Pin 0.80267 [q90 0.42195, q10 0.38072], MS 1.41954, Freq 3.95741, L1 1.71188, Spectral 0.27626, Gradient 0.46304) | LR 2.50e-06
2026-07-15 23:34:54,743 INFO Epoch 64 | Batch 500/1186 | Loss 4.20955 (Pin 0.81073 [q90 0.42020, q10 0.39053], MS 1.39364, Freq 4.01037, L1 1.73022, Spectral 0.27721, Gradient 0.47037) | LR 2.50e-06
2026-07-15 23:35:16,781 INFO Epoch 64 | Batch 550/1186 | Loss 4.14933 (Pin 0.80621 [q90 0.41045, q10 0.39577], MS 1.34558, Freq 3.99507, L1 1.74047, Spectral 0.27786, Gradient 0.46997) | LR 2.50e-06
2026-07-15 23:35:38,818 INFO Epoch 64 | Batch 600/1186 | Loss 4.14759 (Pin 0.80176 [q90 0.41327, q10 0.38849], MS 1.35759, Freq 3.97647, L1 1.71973, Spectral 0.27884, Gradient 0.46784) | LR 2.50e-06
2026-07-15 23:36:00,854 INFO Epoch 64 | Batch 650/1186 | Loss 4.31143 (Pin 0.80800 [q90 0.40988, q10 0.39812], MS 1.48268, Freq 4.04150, L1 1.74451, Spectral 0.28881, Gradient 0.48230) | LR 2.50e-06
2026-07-15 23:36:22,893 INFO Epoch 64 | Batch 700/1186 | Loss 4.17735 (Pin 0.78679 [q90 0.40654, q10 0.38025], MS 1.39120, Freq 3.99873, L1 1.70475, Spectral 0.28558, Gradient 0.47710) | LR 2.50e-06
2026-07-15 23:36:44,925 INFO Epoch 64 | Batch 750/1186 | Loss 4.28656 (Pin 0.82000 [q90 0.42151, q10 0.39849], MS 1.42311, Freq 4.08691, L1 1.76725, Spectral 0.28554, Gradient 0.48230) | LR 2.50e-06
2026-07-15 23:37:06,954 INFO Epoch 64 | Batch 800/1186 | Loss 4.09094 (Pin 0.80788 [q90 0.41516, q10 0.39272], MS 1.28527, Freq 3.99558, L1 1.73726, Spectral 0.28175, Gradient 0.47131) | LR 2.50e-06
2026-07-15 23:37:28,986 INFO Epoch 64 | Batch 850/1186 | Loss 4.18191 (Pin 0.78820 [q90 0.40041, q10 0.38780], MS 1.41785, Freq 3.95172, L1 1.70092, Spectral 0.28571, Gradient 0.47270) | LR 2.50e-06
2026-07-15 23:37:51,017 INFO Epoch 64 | Batch 900/1186 | Loss 4.31015 (Pin 0.81511 [q90 0.42004, q10 0.39506], MS 1.48063, Freq 4.02883, L1 1.75772, Spectral 0.28683, Gradient 0.47630) | LR 2.50e-06
2026-07-15 23:38:13,050 INFO Epoch 64 | Batch 950/1186 | Loss 4.28932 (Pin 0.80655 [q90 0.41093, q10 0.39562], MS 1.49174, Freq 3.98206, L1 1.72419, Spectral 0.28232, Gradient 0.47260) | LR 2.50e-06
2026-07-15 23:38:35,082 INFO Epoch 64 | Batch 1000/1186 | Loss 4.10177 (Pin 0.77934 [q90 0.40227, q10 0.37707], MS 1.35876, Freq 3.92733, L1 1.68248, Spectral 0.28038, Gradient 0.46447) | LR 2.50e-06
2026-07-15 23:38:57,112 INFO Epoch 64 | Batch 1050/1186 | Loss 4.20808 (Pin 0.79518 [q90 0.40582, q10 0.38935], MS 1.43172, Freq 3.96237, L1 1.71608, Spectral 0.28502, Gradient 0.47056) | LR 2.50e-06
2026-07-15 23:39:19,145 INFO Epoch 64 | Batch 1100/1186 | Loss 4.34695 (Pin 0.81533 [q90 0.42041, q10 0.39492], MS 1.52948, Freq 4.00427, L1 1.74424, Spectral 0.28792, Gradient 0.47970) | LR 2.50e-06
2026-07-15 23:39:41,177 INFO Epoch 64 | Batch 1150/1186 | Loss 4.28005 (Pin 0.83500 [q90 0.42773, q10 0.40727], MS 1.40315, Freq 4.08382, L1 1.79051, Spectral 0.28315, Gradient 0.47885) | LR 2.50e-06
2026-07-15 23:40:34,367 INFO Epoch 64 | Val Loss 4.84083 (Pin 0.78791 [q90 0.40682, q10 0.38110], MS 2.04649, Freq 4.01284, L1 1.74015, Spectral 0.27871, Gradient 0.47005)
2026-07-15 23:40:34,368 INFO Epoch 64 | Coverage q10/q50/q90 = 0.096/0.489/0.890 (nominal .10/.50/.90) | extreme tail = 0.132/0.459/0.845
2026-07-15 23:40:56,692 INFO Epoch 65 | Batch 50/1186 | Loss 4.13469 (Pin 0.78254 [q90 0.40247, q10 0.38007], MS 1.39826, Freq 3.90776, L1 1.68463, Spectral 0.27840, Gradient 0.46595) | LR 2.50e-06
2026-07-15 23:41:18,725 INFO Epoch 65 | Batch 100/1186 | Loss 4.25459 (Pin 0.83272 [q90 0.43218, q10 0.40054], MS 1.42160, Freq 4.00054, L1 1.76846, Spectral 0.27733, Gradient 0.46683) | LR 2.50e-06
2026-07-15 23:41:40,760 INFO Epoch 65 | Batch 150/1186 | Loss 4.24268 (Pin 0.80348 [q90 0.41425, q10 0.38922], MS 1.43051, Freq 4.01738, L1 1.74129, Spectral 0.28323, Gradient 0.47677) | LR 2.50e-06
2026-07-15 23:42:02,798 INFO Epoch 65 | Batch 200/1186 | Loss 4.20830 (Pin 0.79615 [q90 0.40850, q10 0.38765], MS 1.40102, Freq 4.02228, L1 1.71218, Spectral 0.28137, Gradient 0.47554) | LR 2.50e-06
2026-07-15 23:42:24,831 INFO Epoch 65 | Batch 250/1186 | Loss 4.31302 (Pin 0.81953 [q90 0.42506, q10 0.39447], MS 1.48374, Freq 4.01950, L1 1.75819, Spectral 0.28276, Gradient 0.47559) | LR 2.50e-06
2026-07-15 23:42:47,004 INFO Epoch 65 | Batch 300/1186 | Loss 4.20599 (Pin 0.81404 [q90 0.41630, q10 0.39773], MS 1.38064, Freq 4.02263, L1 1.75145, Spectral 0.28957, Gradient 0.47942) | LR 2.50e-06
2026-07-15 23:43:09,038 INFO Epoch 65 | Batch 350/1186 | Loss 4.25999 (Pin 0.80915 [q90 0.41963, q10 0.38952], MS 1.43480, Freq 4.03209, L1 1.73921, Spectral 0.28855, Gradient 0.48049) | LR 2.50e-06
2026-07-15 23:43:31,071 INFO Epoch 65 | Batch 400/1186 | Loss 4.14973 (Pin 0.78962 [q90 0.40424, q10 0.38537], MS 1.35339, Freq 4.01346, L1 1.72099, Spectral 0.27908, Gradient 0.47562) | LR 2.50e-06
2026-07-15 23:43:53,105 INFO Epoch 65 | Batch 450/1186 | Loss 4.23596 (Pin 0.80997 [q90 0.41626, q10 0.39371], MS 1.43334, Freq 3.98530, L1 1.74449, Spectral 0.27884, Gradient 0.47105) | LR 2.50e-06
2026-07-15 23:44:15,142 INFO Epoch 65 | Batch 500/1186 | Loss 4.16923 (Pin 0.79799 [q90 0.40466, q10 0.39332], MS 1.33661, Freq 4.06927, L1 1.74357, Spectral 0.29013, Gradient 0.48615) | LR 2.50e-06
2026-07-15 23:44:37,174 INFO Epoch 65 | Batch 550/1186 | Loss 4.17321 (Pin 0.78660 [q90 0.39913, q10 0.38747], MS 1.40845, Freq 3.95631, L1 1.69206, Spectral 0.28407, Gradient 0.47049) | LR 2.50e-06
2026-07-15 23:44:59,206 INFO Epoch 65 | Batch 600/1186 | Loss 4.22418 (Pin 0.80504 [q90 0.41553, q10 0.38951], MS 1.43922, Freq 3.95986, L1 1.73225, Spectral 0.27955, Gradient 0.46680) | LR 2.50e-06
2026-07-15 23:45:21,239 INFO Epoch 65 | Batch 650/1186 | Loss 4.35922 (Pin 0.84901 [q90 0.43794, q10 0.41107], MS 1.47782, Freq 4.06477, L1 1.80469, Spectral 0.28146, Gradient 0.47322) | LR 2.50e-06
2026-07-15 23:45:43,272 INFO Epoch 65 | Batch 700/1186 | Loss 4.26929 (Pin 0.82331 [q90 0.42669, q10 0.39662], MS 1.41026, Freq 4.07145, L1 1.76311, Spectral 0.28302, Gradient 0.48020) | LR 2.50e-06
2026-07-15 23:46:05,305 INFO Epoch 65 | Batch 750/1186 | Loss 4.24738 (Pin 0.81886 [q90 0.42233, q10 0.39653], MS 1.40127, Freq 4.05451, L1 1.74812, Spectral 0.28259, Gradient 0.47749) | LR 2.50e-06
2026-07-15 23:46:27,363 INFO Epoch 65 | Batch 800/1186 | Loss 4.10818 (Pin 0.78295 [q90 0.40160, q10 0.38135], MS 1.34568, Freq 3.95911, L1 1.69019, Spectral 0.28236, Gradient 0.47099) | LR 2.50e-06
2026-07-15 23:46:49,438 INFO Epoch 65 | Batch 850/1186 | Loss 4.35563 (Pin 0.82937 [q90 0.42418, q10 0.40519], MS 1.47499, Freq 4.10252, L1 1.79167, Spectral 0.29189, Gradient 0.48525) | LR 2.50e-06
2026-07-15 23:47:11,516 INFO Epoch 65 | Batch 900/1186 | Loss 4.32011 (Pin 0.83645 [q90 0.42745, q10 0.40901], MS 1.42348, Freq 4.12035, L1 1.79303, Spectral 0.28193, Gradient 0.48003) | LR 2.50e-06
2026-07-15 23:47:33,595 INFO Epoch 65 | Batch 950/1186 | Loss 4.11860 (Pin 0.78286 [q90 0.40232, q10 0.38054], MS 1.34134, Freq 3.98881, L1 1.70192, Spectral 0.28005, Gradient 0.47137) | LR 2.50e-06
2026-07-15 23:47:55,674 INFO Epoch 65 | Batch 1000/1186 | Loss 4.26994 (Pin 0.80220 [q90 0.40635, q10 0.39585], MS 1.46853, Freq 3.99841, L1 1.72735, Spectral 0.28623, Gradient 0.47682) | LR 2.50e-06
2026-07-15 23:48:17,758 INFO Epoch 65 | Batch 1050/1186 | Loss 4.15296 (Pin 0.78515 [q90 0.40618, q10 0.37897], MS 1.40099, Freq 3.93364, L1 1.70495, Spectral 0.27971, Gradient 0.46584) | LR 2.50e-06
2026-07-15 23:48:39,836 INFO Epoch 65 | Batch 1100/1186 | Loss 4.24502 (Pin 0.81041 [q90 0.41684, q10 0.39357], MS 1.44756, Freq 3.97409, L1 1.74013, Spectral 0.27825, Gradient 0.46603) | LR 2.50e-06
2026-07-15 23:49:01,912 INFO Epoch 65 | Batch 1150/1186 | Loss 4.30428 (Pin 0.82925 [q90 0.42183, q10 0.40743], MS 1.46267, Freq 4.02472, L1 1.77083, Spectral 0.28407, Gradient 0.47411) | LR 2.50e-06
2026-07-15 23:49:55,126 INFO Epoch 65 | Val Loss 4.85962 (Pin 0.78637 [q90 0.40562, q10 0.38075], MS 2.05177, Freq 4.04295, L1 1.74110, Spectral 0.27997, Gradient 0.47294)
2026-07-15 23:49:55,126 INFO Epoch 65 | Coverage q10/q50/q90 = 0.098/0.498/0.894 (nominal .10/.50/.90) | extreme tail = 0.133/0.467/0.848
2026-07-15 23:50:17,501 INFO Epoch 66 | Batch 50/1186 | Loss 4.27162 (Pin 0.81372 [q90 0.41402, q10 0.39970], MS 1.43968, Freq 4.03642, L1 1.74917, Spectral 0.28897, Gradient 0.48425) | LR 2.50e-06
2026-07-15 23:50:39,577 INFO Epoch 66 | Batch 100/1186 | Loss 4.30557 (Pin 0.82509 [q90 0.42188, q10 0.40321], MS 1.44022, Freq 4.08052, L1 1.77553, Spectral 0.28518, Gradient 0.48026) | LR 2.50e-06
2026-07-15 23:51:01,653 INFO Epoch 66 | Batch 150/1186 | Loss 4.20738 (Pin 0.80065 [q90 0.40906, q10 0.39159], MS 1.40458, Freq 4.00428, L1 1.72581, Spectral 0.28336, Gradient 0.47565) | LR 2.50e-06
2026-07-15 23:51:23,731 INFO Epoch 66 | Batch 200/1186 | Loss 4.15239 (Pin 0.80729 [q90 0.41503, q10 0.39226], MS 1.35496, Freq 3.98028, L1 1.73081, Spectral 0.28316, Gradient 0.46949) | LR 2.50e-06
2026-07-15 23:51:45,806 INFO Epoch 66 | Batch 250/1186 | Loss 4.13355 (Pin 0.80825 [q90 0.41934, q10 0.38891], MS 1.34927, Freq 3.95205, L1 1.72728, Spectral 0.27038, Gradient 0.46285) | LR 2.50e-06
2026-07-15 23:52:07,883 INFO Epoch 66 | Batch 300/1186 | Loss 4.14852 (Pin 0.78132 [q90 0.39765, q10 0.38367], MS 1.39480, Freq 3.94480, L1 1.68533, Spectral 0.27747, Gradient 0.46836) | LR 2.50e-06
2026-07-15 23:52:29,961 INFO Epoch 66 | Batch 350/1186 | Loss 4.19332 (Pin 0.79572 [q90 0.40416, q10 0.39157], MS 1.40745, Freq 3.98030, L1 1.72457, Spectral 0.28057, Gradient 0.46955) | LR 2.50e-06
2026-07-15 23:52:52,036 INFO Epoch 66 | Batch 400/1186 | Loss 4.28956 (Pin 0.82286 [q90 0.42240, q10 0.40046], MS 1.42163, Freq 4.09015, L1 1.76582, Spectral 0.29397, Gradient 0.48712) | LR 2.50e-06
2026-07-15 23:53:14,108 INFO Epoch 66 | Batch 450/1186 | Loss 4.15545 (Pin 0.79715 [q90 0.40827, q10 0.38888], MS 1.35121, Freq 4.01417, L1 1.73906, Spectral 0.27433, Gradient 0.46887) | LR 2.50e-06
2026-07-15 23:53:36,184 INFO Epoch 66 | Batch 500/1186 | Loss 4.24425 (Pin 0.81785 [q90 0.41839, q10 0.39946], MS 1.39786, Freq 4.05707, L1 1.77007, Spectral 0.28057, Gradient 0.47642) | LR 2.50e-06
2026-07-15 23:53:58,261 INFO Epoch 66 | Batch 550/1186 | Loss 4.24084 (Pin 0.79982 [q90 0.40871, q10 0.39111], MS 1.45705, Freq 3.96794, L1 1.72360, Spectral 0.28907, Gradient 0.47745) | LR 2.50e-06
2026-07-15 23:54:20,337 INFO Epoch 66 | Batch 600/1186 | Loss 4.25402 (Pin 0.80819 [q90 0.41800, q10 0.39020], MS 1.43014, Freq 4.03136, L1 1.73332, Spectral 0.28574, Gradient 0.47729) | LR 2.50e-06
2026-07-15 23:54:42,409 INFO Epoch 66 | Batch 650/1186 | Loss 4.28378 (Pin 0.82515 [q90 0.42993, q10 0.39522], MS 1.45480, Freq 4.00768, L1 1.76263, Spectral 0.28266, Gradient 0.47085) | LR 2.50e-06
2026-07-15 23:55:04,488 INFO Epoch 66 | Batch 700/1186 | Loss 4.29798 (Pin 0.82248 [q90 0.42444, q10 0.39804], MS 1.43493, Freq 4.08114, L1 1.75798, Spectral 0.28955, Gradient 0.48361) | LR 2.50e-06
2026-07-15 23:55:26,565 INFO Epoch 66 | Batch 750/1186 | Loss 4.39873 (Pin 0.82820 [q90 0.42391, q10 0.40428], MS 1.50773, Freq 4.12561, L1 1.78845, Spectral 0.29196, Gradient 0.49077) | LR 2.50e-06
2026-07-15 23:55:48,638 INFO Epoch 66 | Batch 800/1186 | Loss 4.15692 (Pin 0.80152 [q90 0.41453, q10 0.38698], MS 1.36985, Freq 3.97110, L1 1.73242, Spectral 0.27833, Gradient 0.46612) | LR 2.50e-06
2026-07-15 23:56:10,717 INFO Epoch 66 | Batch 850/1186 | Loss 4.24920 (Pin 0.81963 [q90 0.42276, q10 0.39686], MS 1.44602, Freq 3.96712, L1 1.74910, Spectral 0.27852, Gradient 0.46886) | LR 2.50e-06
2026-07-15 23:56:32,796 INFO Epoch 66 | Batch 900/1186 | Loss 4.08024 (Pin 0.78907 [q90 0.40779, q10 0.38128], MS 1.32613, Freq 3.93009, L1 1.69413, Spectral 0.27513, Gradient 0.46556) | LR 2.50e-06
2026-07-15 23:56:54,867 INFO Epoch 66 | Batch 950/1186 | Loss 4.15244 (Pin 0.79939 [q90 0.41427, q10 0.38512], MS 1.37978, Freq 3.94653, L1 1.71822, Spectral 0.27561, Gradient 0.46467) | LR 2.50e-06
2026-07-15 23:57:16,942 INFO Epoch 66 | Batch 1000/1186 | Loss 4.35207 (Pin 0.82743 [q90 0.42471, q10 0.40272], MS 1.50079, Freq 4.04771, L1 1.77910, Spectral 0.29055, Gradient 0.47696) | LR 2.50e-06
2026-07-15 23:57:39,017 INFO Epoch 66 | Batch 1050/1186 | Loss 4.22313 (Pin 0.79041 [q90 0.39842, q10 0.39198], MS 1.45004, Freq 3.96537, L1 1.70612, Spectral 0.28062, Gradient 0.47144) | LR 2.50e-06
2026-07-15 23:58:01,092 INFO Epoch 66 | Batch 1100/1186 | Loss 4.28630 (Pin 0.82275 [q90 0.41870, q10 0.40405], MS 1.41071, Freq 4.10569, L1 1.77881, Spectral 0.28867, Gradient 0.48293) | LR 2.50e-06
2026-07-15 23:58:23,166 INFO Epoch 66 | Batch 1150/1186 | Loss 4.16246 (Pin 0.79168 [q90 0.40761, q10 0.38407], MS 1.36796, Freq 4.00563, L1 1.72460, Spectral 0.28587, Gradient 0.47745) | LR 2.50e-06
2026-07-15 23:59:16,382 INFO Epoch 66 | Val Loss 4.85599 (Pin 0.78709 [q90 0.40636, q10 0.38074], MS 2.04871, Freq 4.04036, L1 1.74207, Spectral 0.27917, Gradient 0.47212)
2026-07-15 23:59:16,382 INFO Epoch 66 | Coverage q10/q50/q90 = 0.099/0.493/0.892 (nominal .10/.50/.90) | extreme tail = 0.131/0.461/0.846
2026-07-15 23:59:38,758 INFO Epoch 67 | Batch 50/1186 | Loss 4.29932 (Pin 0.82611 [q90 0.41891, q10 0.40720], MS 1.43337, Freq 4.07970, L1 1.77632, Spectral 0.28163, Gradient 0.47900) | LR 2.50e-06
2026-07-16 00:00:00,830 INFO Epoch 67 | Batch 100/1186 | Loss 4.33132 (Pin 0.82715 [q90 0.42593, q10 0.40121], MS 1.46879, Freq 4.07077, L1 1.77687, Spectral 0.29401, Gradient 0.48234) | LR 2.50e-06
2026-07-16 00:00:22,907 INFO Epoch 67 | Batch 150/1186 | Loss 4.12783 (Pin 0.78921 [q90 0.40270, q10 0.38651], MS 1.35637, Freq 3.96449, L1 1.70872, Spectral 0.28444, Gradient 0.46973) | LR 2.50e-06
2026-07-16 00:00:44,979 INFO Epoch 67 | Batch 200/1186 | Loss 4.11321 (Pin 0.78318 [q90 0.40244, q10 0.38074], MS 1.35092, Freq 3.95822, L1 1.69185, Spectral 0.27795, Gradient 0.46965) | LR 2.50e-06
2026-07-16 00:01:07,057 INFO Epoch 67 | Batch 250/1186 | Loss 4.19279 (Pin 0.78749 [q90 0.40672, q10 0.38077], MS 1.42998, Freq 3.95065, L1 1.69343, Spectral 0.27727, Gradient 0.46799) | LR 2.50e-06
2026-07-16 00:01:29,133 INFO Epoch 67 | Batch 300/1186 | Loss 4.42630 (Pin 0.84898 [q90 0.43547, q10 0.41352], MS 1.50377, Freq 4.14710, L1 1.81803, Spectral 0.29652, Gradient 0.49304) | LR 2.50e-06
2026-07-16 00:01:51,213 INFO Epoch 67 | Batch 350/1186 | Loss 4.11483 (Pin 0.77991 [q90 0.40394, q10 0.37597], MS 1.34734, Freq 3.97516, L1 1.69410, Spectral 0.27938, Gradient 0.47117) | LR 2.50e-06
2026-07-16 00:02:13,290 INFO Epoch 67 | Batch 400/1186 | Loss 4.32237 (Pin 0.82254 [q90 0.42126, q10 0.40128], MS 1.47483, Freq 4.05001, L1 1.77465, Spectral 0.28126, Gradient 0.47387) | LR 2.50e-06
2026-07-16 00:02:35,369 INFO Epoch 67 | Batch 450/1186 | Loss 4.10967 (Pin 0.77944 [q90 0.40069, q10 0.37876], MS 1.36245, Freq 3.93554, L1 1.68869, Spectral 0.27589, Gradient 0.46147) | LR 2.50e-06
2026-07-16 00:02:57,447 INFO Epoch 67 | Batch 500/1186 | Loss 4.41500 (Pin 0.83721 [q90 0.42095, q10 0.41627], MS 1.53837, Freq 4.07883, L1 1.79268, Spectral 0.28767, Gradient 0.48092) | LR 2.50e-06
2026-07-16 00:03:19,526 INFO Epoch 67 | Batch 550/1186 | Loss 4.16110 (Pin 0.79606 [q90 0.41090, q10 0.38516], MS 1.37408, Freq 3.98191, L1 1.71944, Spectral 0.28061, Gradient 0.47156) | LR 2.50e-06
2026-07-16 00:03:41,601 INFO Epoch 67 | Batch 600/1186 | Loss 4.29768 (Pin 0.82019 [q90 0.42504, q10 0.39515], MS 1.44600, Freq 4.06299, L1 1.74712, Spectral 0.28900, Gradient 0.48333) | LR 2.50e-06
2026-07-16 00:04:03,676 INFO Epoch 67 | Batch 650/1186 | Loss 4.20394 (Pin 0.82155 [q90 0.42719, q10 0.39435], MS 1.38188, Freq 4.00104, L1 1.76902, Spectral 0.27654, Gradient 0.46435) | LR 2.50e-06
2026-07-16 00:04:25,754 INFO Epoch 67 | Batch 700/1186 | Loss 4.27754 (Pin 0.80072 [q90 0.40793, q10 0.39279], MS 1.46038, Freq 4.03286, L1 1.73937, Spectral 0.28138, Gradient 0.47336) | LR 2.50e-06
2026-07-16 00:04:47,829 INFO Epoch 67 | Batch 750/1186 | Loss 4.19867 (Pin 0.80815 [q90 0.41225, q10 0.39590], MS 1.40266, Freq 3.97571, L1 1.73293, Spectral 0.28189, Gradient 0.47187) | LR 2.50e-06
2026-07-16 00:05:09,904 INFO Epoch 67 | Batch 800/1186 | Loss 4.26110 (Pin 0.81314 [q90 0.41502, q10 0.39813], MS 1.45543, Freq 3.98505, L1 1.74734, Spectral 0.27855, Gradient 0.46984) | LR 2.50e-06
2026-07-16 00:05:31,978 INFO Epoch 67 | Batch 850/1186 | Loss 4.26389 (Pin 0.80185 [q90 0.41069, q10 0.39116], MS 1.46955, Freq 3.98499, L1 1.72871, Spectral 0.27692, Gradient 0.46896) | LR 2.50e-06
2026-07-16 00:05:54,053 INFO Epoch 67 | Batch 900/1186 | Loss 4.20316 (Pin 0.79170 [q90 0.40651, q10 0.38519], MS 1.43009, Freq 3.96275, L1 1.70552, Spectral 0.27759, Gradient 0.46413) | LR 2.50e-06
2026-07-16 00:06:16,130 INFO Epoch 67 | Batch 950/1186 | Loss 4.23331 (Pin 0.82081 [q90 0.42033, q10 0.40047], MS 1.41274, Freq 3.99952, L1 1.75546, Spectral 0.28935, Gradient 0.47816) | LR 2.50e-06
2026-07-16 00:06:38,207 INFO Epoch 67 | Batch 1000/1186 | Loss 4.33485 (Pin 0.82139 [q90 0.42406, q10 0.39734], MS 1.48994, Freq 4.04704, L1 1.76732, Spectral 0.28824, Gradient 0.47852) | LR 2.50e-06
2026-07-16 00:07:00,283 INFO Epoch 67 | Batch 1050/1186 | Loss 4.21605 (Pin 0.79739 [q90 0.41041, q10 0.38699], MS 1.41033, Freq 4.01664, L1 1.73377, Spectral 0.28187, Gradient 0.47920) | LR 2.50e-06
2026-07-16 00:07:22,358 INFO Epoch 67 | Batch 1100/1186 | Loss 4.11520 (Pin 0.80095 [q90 0.41471, q10 0.38624], MS 1.33728, Freq 3.95394, L1 1.71838, Spectral 0.28245, Gradient 0.47189) | LR 2.50e-06
2026-07-16 00:07:44,438 INFO Epoch 67 | Batch 1150/1186 | Loss 4.20849 (Pin 0.80985 [q90 0.42226, q10 0.38759], MS 1.40067, Freq 3.99595, L1 1.73581, Spectral 0.28241, Gradient 0.47176) | LR 2.50e-06
2026-07-16 00:08:37,790 INFO Epoch 67 | Val Loss 4.85289 (Pin 0.78715 [q90 0.40616, q10 0.38100], MS 2.04398, Freq 4.04352, L1 1.74511, Spectral 0.27832, Gradient 0.47187)
2026-07-16 00:08:37,791 INFO Epoch 67 | Coverage q10/q50/q90 = 0.093/0.483/0.890 (nominal .10/.50/.90) | extreme tail = 0.128/0.455/0.845
2026-07-16 00:09:00,407 INFO Epoch 68 | Batch 50/1186 | Loss 4.14738 (Pin 0.77629 [q90 0.39932, q10 0.37697], MS 1.40840, Freq 3.92537, L1 1.67224, Spectral 0.28003, Gradient 0.47075) | LR 2.50e-06
2026-07-16 00:09:22,481 INFO Epoch 68 | Batch 100/1186 | Loss 4.18828 (Pin 0.79916 [q90 0.40425, q10 0.39491], MS 1.39394, Freq 3.99036, L1 1.71319, Spectral 0.27961, Gradient 0.47116) | LR 2.50e-06
2026-07-16 00:09:44,554 INFO Epoch 68 | Batch 150/1186 | Loss 4.21177 (Pin 0.80013 [q90 0.41245, q10 0.38768], MS 1.41686, Freq 3.98956, L1 1.72742, Spectral 0.27404, Gradient 0.46456) | LR 2.50e-06
2026-07-16 00:10:06,629 INFO Epoch 68 | Batch 200/1186 | Loss 4.33244 (Pin 0.82975 [q90 0.43142, q10 0.39833], MS 1.49223, Freq 4.02092, L1 1.75526, Spectral 0.28632, Gradient 0.47883) | LR 2.50e-06
2026-07-16 00:10:28,704 INFO Epoch 68 | Batch 250/1186 | Loss 4.16006 (Pin 0.80469 [q90 0.41273, q10 0.39196], MS 1.36875, Freq 3.97324, L1 1.73084, Spectral 0.27520, Gradient 0.46312) | LR 2.50e-06
2026-07-16 00:10:50,781 INFO Epoch 68 | Batch 300/1186 | Loss 4.15206 (Pin 0.78210 [q90 0.40246, q10 0.37964], MS 1.39521, Freq 3.94949, L1 1.69498, Spectral 0.28365, Gradient 0.47053) | LR 2.50e-06
2026-07-16 00:11:12,855 INFO Epoch 68 | Batch 350/1186 | Loss 4.27229 (Pin 0.81530 [q90 0.41511, q10 0.40019], MS 1.43672, Freq 4.04055, L1 1.75919, Spectral 0.28118, Gradient 0.47755) | LR 2.50e-06
2026-07-16 00:11:34,933 INFO Epoch 68 | Batch 400/1186 | Loss 4.24905 (Pin 0.81388 [q90 0.42038, q10 0.39351], MS 1.42056, Freq 4.02921, L1 1.75141, Spectral 0.28406, Gradient 0.47755) | LR 2.50e-06
2026-07-16 00:11:57,009 INFO Epoch 68 | Batch 450/1186 | Loss 4.35962 (Pin 0.83863 [q90 0.42235, q10 0.41628], MS 1.47035, Freq 4.10129, L1 1.80448, Spectral 0.28428, Gradient 0.48372) | LR 2.50e-06
2026-07-16 00:12:19,088 INFO Epoch 68 | Batch 500/1186 | Loss 4.30020 (Pin 0.83085 [q90 0.42327, q10 0.40759], MS 1.43982, Freq 4.05905, L1 1.77322, Spectral 0.28512, Gradient 0.47777) | LR 2.50e-06
2026-07-16 00:12:41,169 INFO Epoch 68 | Batch 550/1186 | Loss 4.19157 (Pin 0.79395 [q90 0.41151, q10 0.38244], MS 1.39890, Freq 3.99745, L1 1.71589, Spectral 0.28225, Gradient 0.47127) | LR 2.50e-06
2026-07-16 00:13:03,250 INFO Epoch 68 | Batch 600/1186 | Loss 4.21429 (Pin 0.80553 [q90 0.40994, q10 0.39559], MS 1.40309, Freq 4.01134, L1 1.72551, Spectral 0.28029, Gradient 0.47271) | LR 2.50e-06
2026-07-16 00:13:25,330 INFO Epoch 68 | Batch 650/1186 | Loss 4.19692 (Pin 0.79436 [q90 0.41210, q10 0.38226], MS 1.40590, Freq 3.99333, L1 1.71550, Spectral 0.28552, Gradient 0.47290) | LR 2.50e-06
2026-07-16 00:13:47,408 INFO Epoch 68 | Batch 700/1186 | Loss 4.30654 (Pin 0.83226 [q90 0.43216, q10 0.40011], MS 1.42781, Freq 4.09292, L1 1.78979, Spectral 0.28376, Gradient 0.48029) | LR 2.50e-06
2026-07-16 00:14:09,484 INFO Epoch 68 | Batch 750/1186 | Loss 4.24697 (Pin 0.81232 [q90 0.41930, q10 0.39302], MS 1.42044, Freq 4.02841, L1 1.75384, Spectral 0.28404, Gradient 0.48079) | LR 2.50e-06
2026-07-16 00:14:31,561 INFO Epoch 68 | Batch 800/1186 | Loss 4.26976 (Pin 0.81183 [q90 0.41636, q10 0.39547], MS 1.42328, Freq 4.06930, L1 1.75424, Spectral 0.28712, Gradient 0.48213) | LR 2.50e-06
2026-07-16 00:14:53,637 INFO Epoch 68 | Batch 850/1186 | Loss 4.37737 (Pin 0.83144 [q90 0.42342, q10 0.40802], MS 1.49531, Freq 4.10123, L1 1.79258, Spectral 0.28837, Gradient 0.48109) | LR 2.50e-06
2026-07-16 00:15:15,721 INFO Epoch 68 | Batch 900/1186 | Loss 4.30672 (Pin 0.82100 [q90 0.42597, q10 0.39504], MS 1.45230, Freq 4.06683, L1 1.75921, Spectral 0.28407, Gradient 0.48017) | LR 2.50e-06
2026-07-16 00:15:37,795 INFO Epoch 68 | Batch 950/1186 | Loss 4.16212 (Pin 0.80366 [q90 0.40845, q10 0.39520], MS 1.37983, Freq 3.95727, L1 1.72707, Spectral 0.28068, Gradient 0.46608) | LR 2.50e-06
2026-07-16 00:15:59,868 INFO Epoch 68 | Batch 1000/1186 | Loss 4.25702 (Pin 0.82843 [q90 0.42726, q10 0.40116], MS 1.40843, Freq 4.04032, L1 1.79349, Spectral 0.28765, Gradient 0.47828) | LR 2.50e-06
2026-07-16 00:16:21,938 INFO Epoch 68 | Batch 1050/1186 | Loss 4.21094 (Pin 0.78221 [q90 0.40370, q10 0.37851], MS 1.45761, Freq 3.94224, L1 1.68021, Spectral 0.28715, Gradient 0.47044) | LR 2.50e-06
2026-07-16 00:16:44,016 INFO Epoch 68 | Batch 1100/1186 | Loss 4.20485 (Pin 0.79675 [q90 0.40551, q10 0.39124], MS 1.39858, Freq 4.01903, L1 1.73108, Spectral 0.28263, Gradient 0.47502) | LR 2.50e-06
2026-07-16 00:17:06,095 INFO Epoch 68 | Batch 1150/1186 | Loss 4.19294 (Pin 0.80610 [q90 0.41532, q10 0.39078], MS 1.40779, Freq 3.95810, L1 1.72420, Spectral 0.27154, Gradient 0.46473) | LR 2.50e-06
2026-07-16 00:17:59,320 INFO Epoch 68 | Val Loss 4.88562 (Pin 0.78711 [q90 0.40565, q10 0.38145], MS 2.06405, Freq 4.06892, L1 1.74754, Spectral 0.28056, Gradient 0.47722)
2026-07-16 00:17:59,320 INFO Epoch 68 | Coverage q10/q50/q90 = 0.097/0.495/0.895 (nominal .10/.50/.90) | extreme tail = 0.132/0.459/0.850
2026-07-16 00:18:21,711 INFO Epoch 69 | Batch 50/1186 | Loss 4.23506 (Pin 0.81161 [q90 0.41434, q10 0.39726], MS 1.42280, Freq 4.00130, L1 1.74213, Spectral 0.27966, Gradient 0.47464) | LR 2.50e-06
2026-07-16 00:18:43,788 INFO Epoch 69 | Batch 100/1186 | Loss 4.25272 (Pin 0.82398 [q90 0.42708, q10 0.39689], MS 1.43714, Freq 3.98321, L1 1.75891, Spectral 0.28454, Gradient 0.47097) | LR 2.50e-06
2026-07-16 00:19:05,866 INFO Epoch 69 | Batch 150/1186 | Loss 4.16258 (Pin 0.79574 [q90 0.41150, q10 0.38424], MS 1.38128, Freq 3.97113, L1 1.70603, Spectral 0.28160, Gradient 0.47161) | LR 2.50e-06
2026-07-16 00:19:27,950 INFO Epoch 69 | Batch 200/1186 | Loss 4.16016 (Pin 0.80437 [q90 0.41613, q10 0.38824], MS 1.36016, Freq 3.99127, L1 1.73247, Spectral 0.29032, Gradient 0.47894) | LR 2.50e-06
2026-07-16 00:19:50,042 INFO Epoch 69 | Batch 250/1186 | Loss 4.25623 (Pin 0.81234 [q90 0.41469, q10 0.39766], MS 1.42350, Freq 4.04077, L1 1.75876, Spectral 0.28245, Gradient 0.47414) | LR 2.50e-06
2026-07-16 00:20:12,132 INFO Epoch 69 | Batch 300/1186 | Loss 4.15585 (Pin 0.79151 [q90 0.40166, q10 0.38985], MS 1.37057, Freq 3.98755, L1 1.70282, Spectral 0.27990, Gradient 0.47032) | LR 2.50e-06
2026-07-16 00:20:34,222 INFO Epoch 69 | Batch 350/1186 | Loss 4.31798 (Pin 0.82917 [q90 0.42831, q10 0.40086], MS 1.48188, Freq 4.01384, L1 1.77138, Spectral 0.28281, Gradient 0.47497) | LR 2.50e-06
2026-07-16 00:20:56,304 INFO Epoch 69 | Batch 400/1186 | Loss 4.08029 (Pin 0.78180 [q90 0.40005, q10 0.38175], MS 1.33952, Freq 3.91794, L1 1.69215, Spectral 0.27455, Gradient 0.46060) | LR 2.50e-06
2026-07-16 00:21:18,385 INFO Epoch 69 | Batch 450/1186 | Loss 4.33340 (Pin 0.82520 [q90 0.42462, q10 0.40058], MS 1.48976, Freq 4.03688, L1 1.75823, Spectral 0.28440, Gradient 0.47859) | LR 2.50e-06
2026-07-16 00:21:40,458 INFO Epoch 69 | Batch 500/1186 | Loss 4.16207 (Pin 0.80422 [q90 0.41060, q10 0.39362], MS 1.37038, Freq 3.97495, L1 1.71337, Spectral 0.28502, Gradient 0.47300) | LR 2.50e-06
2026-07-16 00:22:02,540 INFO Epoch 69 | Batch 550/1186 | Loss 4.28313 (Pin 0.79880 [q90 0.40453, q10 0.39427], MS 1.44253, Freq 4.08360, L1 1.74780, Spectral 0.28333, Gradient 0.48221) | LR 2.50e-06
2026-07-16 00:22:24,614 INFO Epoch 69 | Batch 600/1186 | Loss 4.17536 (Pin 0.81590 [q90 0.42377, q10 0.39213], MS 1.37875, Freq 3.96144, L1 1.74473, Spectral 0.27552, Gradient 0.46495) | LR 2.50e-06
2026-07-16 00:22:46,690 INFO Epoch 69 | Batch 650/1186 | Loss 4.22100 (Pin 0.80121 [q90 0.41103, q10 0.39017], MS 1.40276, Freq 4.03407, L1 1.74067, Spectral 0.28803, Gradient 0.47933) | LR 2.50e-06
2026-07-16 00:23:08,765 INFO Epoch 69 | Batch 700/1186 | Loss 4.22264 (Pin 0.81415 [q90 0.42094, q10 0.39320], MS 1.40527, Freq 4.00645, L1 1.76066, Spectral 0.28490, Gradient 0.47278) | LR 2.50e-06
2026-07-16 00:23:30,805 INFO Epoch 69 | Batch 750/1186 | Loss 4.22365 (Pin 0.81829 [q90 0.41865, q10 0.39964], MS 1.38559, Freq 4.03954, L1 1.76906, Spectral 0.28863, Gradient 0.47950) | LR 2.50e-06
2026-07-16 00:23:52,841 INFO Epoch 69 | Batch 800/1186 | Loss 4.22323 (Pin 0.81076 [q90 0.41485, q10 0.39590], MS 1.40456, Freq 4.01580, L1 1.73851, Spectral 0.28570, Gradient 0.47744) | LR 2.50e-06
2026-07-16 00:24:14,877 INFO Epoch 69 | Batch 850/1186 | Loss 4.21273 (Pin 0.80541 [q90 0.41428, q10 0.39113], MS 1.42272, Freq 3.96920, L1 1.74010, Spectral 0.27648, Gradient 0.46856) | LR 2.50e-06
2026-07-16 00:24:36,906 INFO Epoch 69 | Batch 900/1186 | Loss 4.21036 (Pin 0.80844 [q90 0.41245, q10 0.39600], MS 1.35611, Freq 4.09162, L1 1.74979, Spectral 0.28581, Gradient 0.48234) | LR 2.50e-06
2026-07-16 00:24:58,939 INFO Epoch 69 | Batch 950/1186 | Loss 4.19544 (Pin 0.81114 [q90 0.41902, q10 0.39212], MS 1.39314, Freq 3.98233, L1 1.73294, Spectral 0.28035, Gradient 0.47281) | LR 2.50e-06
2026-07-16 00:25:20,973 INFO Epoch 69 | Batch 1000/1186 | Loss 4.21470 (Pin 0.80682 [q90 0.41212, q10 0.39470], MS 1.38197, Freq 4.05180, L1 1.74182, Spectral 0.27925, Gradient 0.47470) | LR 2.50e-06
2026-07-16 00:25:43,046 INFO Epoch 69 | Batch 1050/1186 | Loss 4.31848 (Pin 0.81498 [q90 0.41751, q10 0.39747], MS 1.49694, Freq 4.01312, L1 1.74316, Spectral 0.28237, Gradient 0.47315) | LR 2.50e-06
2026-07-16 00:26:05,128 INFO Epoch 69 | Batch 1100/1186 | Loss 4.34552 (Pin 0.82379 [q90 0.41697, q10 0.40681], MS 1.47626, Freq 4.09095, L1 1.77395, Spectral 0.28420, Gradient 0.48003) | LR 2.50e-06
2026-07-16 00:26:27,206 INFO Epoch 69 | Batch 1150/1186 | Loss 4.15094 (Pin 0.79247 [q90 0.41162, q10 0.38084], MS 1.38374, Freq 3.94947, L1 1.69897, Spectral 0.28202, Gradient 0.47128) | LR 2.50e-06
2026-07-16 00:27:20,430 INFO Epoch 69 | Val Loss 4.83999 (Pin 0.78713 [q90 0.40590, q10 0.38123], MS 2.04540, Freq 4.01493, L1 1.73818, Spectral 0.27877, Gradient 0.47087)
2026-07-16 00:27:20,430 INFO Epoch 69 | Coverage q10/q50/q90 = 0.100/0.499/0.892 (nominal .10/.50/.90) | extreme tail = 0.136/0.464/0.845
2026-07-16 00:27:42,822 INFO Epoch 70 | Batch 50/1186 | Loss 4.17455 (Pin 0.80724 [q90 0.41191, q10 0.39532], MS 1.39814, Freq 3.93833, L1 1.71176, Spectral 0.28163, Gradient 0.46855) | LR 2.50e-06
2026-07-16 00:28:04,895 INFO Epoch 70 | Batch 100/1186 | Loss 4.18003 (Pin 0.80995 [q90 0.41682, q10 0.39312], MS 1.37223, Freq 3.99571, L1 1.74182, Spectral 0.28653, Gradient 0.47677) | LR 2.50e-06
2026-07-16 00:28:26,920 INFO Epoch 70 | Batch 150/1186 | Loss 4.27366 (Pin 0.82995 [q90 0.42221, q10 0.40774], MS 1.41165, Freq 4.06410, L1 1.78169, Spectral 0.27801, Gradient 0.47478) | LR 2.50e-06
2026-07-16 00:28:48,957 INFO Epoch 70 | Batch 200/1186 | Loss 4.21117 (Pin 0.80814 [q90 0.41016, q10 0.39799], MS 1.40115, Freq 4.00375, L1 1.73793, Spectral 0.28877, Gradient 0.47476) | LR 2.50e-06
2026-07-16 00:29:10,985 INFO Epoch 70 | Batch 250/1186 | Loss 4.12282 (Pin 0.78256 [q90 0.40402, q10 0.37855], MS 1.38098, Freq 3.91857, L1 1.68194, Spectral 0.28213, Gradient 0.46967) | LR 2.50e-06
2026-07-16 00:29:33,053 INFO Epoch 70 | Batch 300/1186 | Loss 4.32766 (Pin 0.81359 [q90 0.41332, q10 0.40027], MS 1.46933, Freq 4.08948, L1 1.74981, Spectral 0.28698, Gradient 0.48415) | LR 2.50e-06
2026-07-16 00:29:55,091 INFO Epoch 70 | Batch 350/1186 | Loss 4.25463 (Pin 0.79713 [q90 0.40907, q10 0.38807], MS 1.46317, Freq 3.98866, L1 1.71524, Spectral 0.29125, Gradient 0.48241) | LR 2.50e-06
2026-07-16 00:30:17,164 INFO Epoch 70 | Batch 400/1186 | Loss 4.12754 (Pin 0.80051 [q90 0.41523, q10 0.38528], MS 1.34610, Freq 3.96188, L1 1.72437, Spectral 0.27683, Gradient 0.46770) | LR 2.50e-06
2026-07-16 00:30:39,234 INFO Epoch 70 | Batch 450/1186 | Loss 4.22855 (Pin 0.82359 [q90 0.42580, q10 0.39780], MS 1.40154, Freq 4.00685, L1 1.76079, Spectral 0.28952, Gradient 0.47495) | LR 2.50e-06
2026-07-16 00:31:01,322 INFO Epoch 70 | Batch 500/1186 | Loss 4.21935 (Pin 0.77745 [q90 0.39748, q10 0.37997], MS 1.44816, Freq 3.98748, L1 1.69724, Spectral 0.28373, Gradient 0.47708) | LR 2.50e-06
2026-07-16 00:31:23,412 INFO Epoch 70 | Batch 550/1186 | Loss 4.32560 (Pin 0.83213 [q90 0.43275, q10 0.39939], MS 1.45236, Freq 4.08222, L1 1.78074, Spectral 0.28503, Gradient 0.47890) | LR 2.50e-06
2026-07-16 00:31:45,498 INFO Epoch 70 | Batch 600/1186 | Loss 4.32838 (Pin 0.82176 [q90 0.42566, q10 0.39609], MS 1.48449, Freq 4.04426, L1 1.77339, Spectral 0.29029, Gradient 0.47711) | LR 2.50e-06
2026-07-16 00:32:07,547 INFO Epoch 70 | Batch 650/1186 | Loss 4.13774 (Pin 0.79871 [q90 0.41119, q10 0.38752], MS 1.36990, Freq 3.93824, L1 1.71106, Spectral 0.27452, Gradient 0.46324) | LR 2.50e-06
2026-07-16 00:32:29,593 INFO Epoch 70 | Batch 700/1186 | Loss 4.22413 (Pin 0.80133 [q90 0.41151, q10 0.38982], MS 1.40903, Freq 4.02754, L1 1.72131, Spectral 0.28271, Gradient 0.47834) | LR 2.50e-06
2026-07-16 00:32:51,628 INFO Epoch 70 | Batch 750/1186 | Loss 4.10073 (Pin 0.79037 [q90 0.40457, q10 0.38579], MS 1.30983, Freq 4.00109, L1 1.70837, Spectral 0.27899, Gradient 0.47292) | LR 2.50e-06
2026-07-16 00:33:13,798 INFO Epoch 70 | Batch 800/1186 | Loss 4.24770 (Pin 0.80832 [q90 0.41276, q10 0.39556], MS 1.43431, Freq 4.01015, L1 1.75769, Spectral 0.28029, Gradient 0.47192) | LR 2.50e-06
2026-07-16 00:33:35,838 INFO Epoch 70 | Batch 850/1186 | Loss 4.32879 (Pin 0.81169 [q90 0.41169, q10 0.40000], MS 1.50205, Freq 4.03010, L1 1.74747, Spectral 0.28608, Gradient 0.47934) | LR 2.50e-06
2026-07-16 00:33:57,891 INFO Epoch 70 | Batch 900/1186 | Loss 4.16540 (Pin 0.80006 [q90 0.40839, q10 0.39168], MS 1.37488, Freq 3.98091, L1 1.73500, Spectral 0.27478, Gradient 0.46621) | LR 2.50e-06
2026-07-16 00:34:19,977 INFO Epoch 70 | Batch 950/1186 | Loss 4.28177 (Pin 0.83346 [q90 0.43570, q10 0.39777], MS 1.44167, Freq 4.01328, L1 1.76818, Spectral 0.28214, Gradient 0.47121) | LR 2.50e-06
2026-07-16 00:34:42,056 INFO Epoch 70 | Batch 1000/1186 | Loss 4.33931 (Pin 0.81546 [q90 0.41863, q10 0.39683], MS 1.47748, Freq 4.09274, L1 1.76076, Spectral 0.28367, Gradient 0.48499) | LR 2.50e-06
2026-07-16 00:35:04,139 INFO Epoch 70 | Batch 1050/1186 | Loss 4.17442 (Pin 0.79522 [q90 0.40389, q10 0.39133], MS 1.36815, Freq 4.02210, L1 1.71855, Spectral 0.28541, Gradient 0.47881) | LR 2.50e-06
2026-07-16 00:35:26,219 INFO Epoch 70 | Batch 1100/1186 | Loss 4.18773 (Pin 0.79930 [q90 0.40758, q10 0.39172], MS 1.36909, Freq 4.03868, L1 1.72686, Spectral 0.28444, Gradient 0.47847) | LR 2.50e-06
2026-07-16 00:35:48,295 INFO Epoch 70 | Batch 1150/1186 | Loss 4.30158 (Pin 0.83071 [q90 0.42755, q10 0.40316], MS 1.43924, Freq 4.06327, L1 1.79310, Spectral 0.27615, Gradient 0.47116) | LR 2.50e-06
2026-07-16 00:36:41,522 INFO Epoch 70 | Val Loss 4.83440 (Pin 0.78866 [q90 0.40773, q10 0.38094], MS 2.06231, Freq 3.96686, L1 1.73273, Spectral 0.27709, Gradient 0.46571)
2026-07-16 00:36:41,522 INFO Epoch 70 | Coverage q10/q50/q90 = 0.100/0.493/0.888 (nominal .10/.50/.90) | extreme tail = 0.138/0.460/0.835
2026-07-16 00:37:03,893 INFO Epoch 71 | Batch 50/1186 | Loss 4.25182 (Pin 0.81305 [q90 0.41959, q10 0.39346], MS 1.43429, Freq 4.00897, L1 1.74426, Spectral 0.28594, Gradient 0.47810) | LR 2.50e-06
2026-07-16 00:37:25,977 INFO Epoch 71 | Batch 100/1186 | Loss 4.20818 (Pin 0.81352 [q90 0.41497, q10 0.39856], MS 1.35373, Freq 4.08186, L1 1.74405, Spectral 0.28152, Gradient 0.47901) | LR 2.50e-06
2026-07-16 00:37:48,070 INFO Epoch 71 | Batch 150/1186 | Loss 4.24609 (Pin 0.82697 [q90 0.42410, q10 0.40287], MS 1.41442, Freq 4.00939, L1 1.77094, Spectral 0.28132, Gradient 0.47211) | LR 2.50e-06
2026-07-16 00:38:10,153 INFO Epoch 71 | Batch 200/1186 | Loss 4.32600 (Pin 0.81800 [q90 0.41624, q10 0.40175], MS 1.46829, Freq 4.07943, L1 1.76900, Spectral 0.28572, Gradient 0.47767) | LR 2.50e-06
2026-07-16 00:38:32,229 INFO Epoch 71 | Batch 250/1186 | Loss 4.21227 (Pin 0.81206 [q90 0.41702, q10 0.39504], MS 1.38974, Freq 4.02097, L1 1.73814, Spectral 0.28763, Gradient 0.47932) | LR 2.50e-06
2026-07-16 00:38:54,307 INFO Epoch 71 | Batch 300/1186 | Loss 4.14610 (Pin 0.77725 [q90 0.39415, q10 0.38310], MS 1.36803, Freq 4.00164, L1 1.68957, Spectral 0.28458, Gradient 0.47856) | LR 2.50e-06
2026-07-16 00:39:16,396 INFO Epoch 71 | Batch 350/1186 | Loss 4.16358 (Pin 0.79005 [q90 0.40363, q10 0.38642], MS 1.40534, Freq 3.93638, L1 1.69708, Spectral 0.27845, Gradient 0.46669) | LR 2.50e-06
2026-07-16 00:39:38,477 INFO Epoch 71 | Batch 400/1186 | Loss 4.20068 (Pin 0.80604 [q90 0.41124, q10 0.39480], MS 1.37570, Freq 4.03789, L1 1.73860, Spectral 0.28467, Gradient 0.47811) | LR 2.50e-06
2026-07-16 00:40:00,563 INFO Epoch 71 | Batch 450/1186 | Loss 4.24249 (Pin 0.82593 [q90 0.42215, q10 0.40379], MS 1.40133, Freq 4.03046, L1 1.76719, Spectral 0.28640, Gradient 0.48073) | LR 2.50e-06
2026-07-16 00:40:22,647 INFO Epoch 71 | Batch 500/1186 | Loss 4.30440 (Pin 0.82439 [q90 0.41574, q10 0.40865], MS 1.42761, Freq 4.10481, L1 1.77108, Spectral 0.28873, Gradient 0.48586) | LR 2.50e-06
2026-07-16 00:40:44,733 INFO Epoch 71 | Batch 550/1186 | Loss 4.18041 (Pin 0.80006 [q90 0.40698, q10 0.39309], MS 1.38375, Freq 3.99320, L1 1.73556, Spectral 0.27893, Gradient 0.47520) | LR 2.50e-06
2026-07-16 00:41:06,817 INFO Epoch 71 | Batch 600/1186 | Loss 4.33339 (Pin 0.83261 [q90 0.43036, q10 0.40225], MS 1.44822, Freq 4.10512, L1 1.78239, Spectral 0.29377, Gradient 0.48692) | LR 2.50e-06
2026-07-16 00:41:28,900 INFO Epoch 71 | Batch 650/1186 | Loss 4.20431 (Pin 0.79139 [q90 0.41449, q10 0.37690], MS 1.43236, Freq 3.96111, L1 1.69693, Spectral 0.28818, Gradient 0.47247) | LR 2.50e-06
2026-07-16 00:41:50,980 INFO Epoch 71 | Batch 700/1186 | Loss 4.22404 (Pin 0.80132 [q90 0.41149, q10 0.38983], MS 1.39846, Freq 4.04853, L1 1.73450, Spectral 0.28985, Gradient 0.48267) | LR 2.50e-06
2026-07-16 00:42:13,059 INFO Epoch 71 | Batch 750/1186 | Loss 4.16862 (Pin 0.79787 [q90 0.41492, q10 0.38296], MS 1.38344, Freq 3.97462, L1 1.72745, Spectral 0.27222, Gradient 0.46699) | LR 2.50e-06
2026-07-16 00:42:35,135 INFO Epoch 71 | Batch 800/1186 | Loss 4.27595 (Pin 0.81017 [q90 0.41273, q10 0.39744], MS 1.46037, Freq 4.01082, L1 1.74980, Spectral 0.27837, Gradient 0.47048) | LR 2.50e-06
2026-07-16 00:42:57,211 INFO Epoch 71 | Batch 850/1186 | Loss 4.13650 (Pin 0.79624 [q90 0.41038, q10 0.38586], MS 1.37656, Freq 3.92738, L1 1.70946, Spectral 0.27904, Gradient 0.46949) | LR 2.50e-06
2026-07-16 00:43:19,293 INFO Epoch 71 | Batch 900/1186 | Loss 4.19946 (Pin 0.80390 [q90 0.41445, q10 0.38945], MS 1.38124, Freq 4.02863, L1 1.72766, Spectral 0.27894, Gradient 0.47331) | LR 2.50e-06
2026-07-16 00:43:41,373 INFO Epoch 71 | Batch 950/1186 | Loss 4.26551 (Pin 0.81304 [q90 0.42175, q10 0.39129], MS 1.44460, Freq 4.01575, L1 1.74571, Spectral 0.27687, Gradient 0.46937) | LR 2.50e-06
2026-07-16 00:44:03,454 INFO Epoch 71 | Batch 1000/1186 | Loss 4.24428 (Pin 0.80620 [q90 0.41338, q10 0.39282], MS 1.43482, Freq 4.00651, L1 1.72878, Spectral 0.28721, Gradient 0.47712) | LR 2.50e-06
2026-07-16 00:44:25,535 INFO Epoch 71 | Batch 1050/1186 | Loss 4.19636 (Pin 0.79195 [q90 0.40619, q10 0.38576], MS 1.45281, Freq 3.90318, L1 1.71622, Spectral 0.27800, Gradient 0.46338) | LR 2.50e-06
2026-07-16 00:44:47,616 INFO Epoch 71 | Batch 1100/1186 | Loss 4.24876 (Pin 0.80404 [q90 0.40965, q10 0.39439], MS 1.44747, Freq 3.99450, L1 1.73235, Spectral 0.28102, Gradient 0.47346) | LR 2.50e-06
2026-07-16 00:45:09,701 INFO Epoch 71 | Batch 1150/1186 | Loss 4.26894 (Pin 0.83959 [q90 0.43343, q10 0.40616], MS 1.44376, Freq 3.97119, L1 1.78152, Spectral 0.27664, Gradient 0.46258) | LR 2.50e-06
2026-07-16 00:46:02,918 INFO Epoch 71 | Val Loss 4.89567 (Pin 0.78845 [q90 0.40630, q10 0.38215], MS 2.06932, Freq 4.07581, L1 1.75480, Spectral 0.27989, Gradient 0.47595)
2026-07-16 00:46:02,919 INFO Epoch 71 | Coverage q10/q50/q90 = 0.093/0.487/0.892 (nominal .10/.50/.90) | extreme tail = 0.125/0.454/0.845
2026-07-16 00:46:25,309 INFO Epoch 72 | Batch 50/1186 | Loss 4.34929 (Pin 0.84311 [q90 0.43626, q10 0.40686], MS 1.44681, Freq 4.11872, L1 1.81145, Spectral 0.28353, Gradient 0.48373) | LR 2.50e-06
2026-07-16 00:46:47,384 INFO Epoch 72 | Batch 100/1186 | Loss 4.17640 (Pin 0.79541 [q90 0.40975, q10 0.38565], MS 1.37887, Freq 4.00424, L1 1.72555, Spectral 0.28107, Gradient 0.47368) | LR 2.50e-06
2026-07-16 00:47:09,460 INFO Epoch 72 | Batch 150/1186 | Loss 4.26899 (Pin 0.81339 [q90 0.41857, q10 0.39483], MS 1.45550, Freq 4.00020, L1 1.74659, Spectral 0.28369, Gradient 0.47151) | LR 2.50e-06
2026-07-16 00:47:31,498 INFO Epoch 72 | Batch 200/1186 | Loss 4.20790 (Pin 0.80355 [q90 0.40858, q10 0.39497], MS 1.39256, Freq 4.02358, L1 1.73939, Spectral 0.27954, Gradient 0.47471) | LR 2.50e-06
2026-07-16 00:47:53,534 INFO Epoch 72 | Batch 250/1186 | Loss 4.18227 (Pin 0.80496 [q90 0.40999, q10 0.39497], MS 1.36441, Freq 4.02580, L1 1.72321, Spectral 0.28850, Gradient 0.47968) | LR 2.50e-06
2026-07-16 00:48:15,575 INFO Epoch 72 | Batch 300/1186 | Loss 4.20863 (Pin 0.81444 [q90 0.41637, q10 0.39807], MS 1.39901, Freq 3.99036, L1 1.75561, Spectral 0.27613, Gradient 0.46715) | LR 2.50e-06
2026-07-16 00:48:37,609 INFO Epoch 72 | Batch 350/1186 | Loss 4.22586 (Pin 0.80296 [q90 0.41242, q10 0.39054], MS 1.42479, Freq 3.99620, L1 1.72470, Spectral 0.28151, Gradient 0.47404) | LR 2.50e-06
2026-07-16 00:48:59,653 INFO Epoch 72 | Batch 400/1186 | Loss 4.25744 (Pin 0.83560 [q90 0.42689, q10 0.40871], MS 1.39588, Freq 4.05194, L1 1.78050, Spectral 0.28050, Gradient 0.47364) | LR 2.50e-06
2026-07-16 00:49:21,691 INFO Epoch 72 | Batch 450/1186 | Loss 4.21635 (Pin 0.81326 [q90 0.41780, q10 0.39546], MS 1.37987, Freq 4.04646, L1 1.75509, Spectral 0.28472, Gradient 0.47544) | LR 2.50e-06
2026-07-16 00:49:43,724 INFO Epoch 72 | Batch 500/1186 | Loss 4.06343 (Pin 0.77597 [q90 0.39937, q10 0.37660], MS 1.35907, Freq 3.85676, L1 1.66524, Spectral 0.28058, Gradient 0.46039) | LR 2.50e-06
2026-07-16 00:50:05,756 INFO Epoch 72 | Batch 550/1186 | Loss 4.36198 (Pin 0.83921 [q90 0.42764, q10 0.41157], MS 1.44365, Freq 4.15823, L1 1.79900, Spectral 0.29519, Gradient 0.49592) | LR 2.50e-06
2026-07-16 00:50:27,798 INFO Epoch 72 | Batch 600/1186 | Loss 4.25136 (Pin 0.80665 [q90 0.40978, q10 0.39687], MS 1.42263, Freq 4.04415, L1 1.73808, Spectral 0.28710, Gradient 0.48111) | LR 2.50e-06
2026-07-16 00:50:49,838 INFO Epoch 72 | Batch 650/1186 | Loss 4.11969 (Pin 0.78053 [q90 0.40393, q10 0.37660], MS 1.36281, Freq 3.95269, L1 1.68814, Spectral 0.28371, Gradient 0.47437) | LR 2.50e-06
2026-07-16 00:51:11,885 INFO Epoch 72 | Batch 700/1186 | Loss 4.17681 (Pin 0.80597 [q90 0.41302, q10 0.39295], MS 1.38333, Freq 3.97503, L1 1.73604, Spectral 0.28115, Gradient 0.47270) | LR 2.50e-06
2026-07-16 00:51:33,923 INFO Epoch 72 | Batch 750/1186 | Loss 4.21704 (Pin 0.80730 [q90 0.41268, q10 0.39462], MS 1.40363, Freq 4.01221, L1 1.74735, Spectral 0.28065, Gradient 0.47173) | LR 2.50e-06
2026-07-16 00:51:55,967 INFO Epoch 72 | Batch 800/1186 | Loss 4.17262 (Pin 0.79697 [q90 0.41534, q10 0.38163], MS 1.36266, Freq 4.02598, L1 1.71132, Spectral 0.28317, Gradient 0.47564) | LR 2.50e-06
2026-07-16 00:52:18,014 INFO Epoch 72 | Batch 850/1186 | Loss 4.14756 (Pin 0.78245 [q90 0.39957, q10 0.38288], MS 1.39792, Freq 3.93437, L1 1.68383, Spectral 0.28022, Gradient 0.46772) | LR 2.50e-06
2026-07-16 00:52:40,057 INFO Epoch 72 | Batch 900/1186 | Loss 4.35509 (Pin 0.83691 [q90 0.43230, q10 0.40462], MS 1.49027, Freq 4.05581, L1 1.79224, Spectral 0.27858, Gradient 0.47139) | LR 2.50e-06
2026-07-16 00:53:02,096 INFO Epoch 72 | Batch 950/1186 | Loss 4.21812 (Pin 0.79905 [q90 0.40713, q10 0.39192], MS 1.42552, Freq 3.98711, L1 1.73973, Spectral 0.27747, Gradient 0.46969) | LR 2.50e-06
2026-07-16 00:53:24,142 INFO Epoch 72 | Batch 1000/1186 | Loss 4.28663 (Pin 0.81435 [q90 0.41959, q10 0.39476], MS 1.44692, Freq 4.05071, L1 1.74753, Spectral 0.29020, Gradient 0.48505) | LR 2.50e-06
2026-07-16 00:53:46,181 INFO Epoch 72 | Batch 1050/1186 | Loss 4.21506 (Pin 0.80385 [q90 0.41551, q10 0.38833], MS 1.41676, Freq 3.98891, L1 1.73800, Spectral 0.28460, Gradient 0.47314) | LR 2.50e-06
2026-07-16 00:54:08,225 INFO Epoch 72 | Batch 1100/1186 | Loss 4.22018 (Pin 0.79111 [q90 0.41173, q10 0.37938], MS 1.45235, Freq 3.95346, L1 1.71092, Spectral 0.28408, Gradient 0.46858) | LR 2.50e-06
2026-07-16 00:54:30,270 INFO Epoch 72 | Batch 1150/1186 | Loss 4.21256 (Pin 0.80597 [q90 0.41560, q10 0.39037], MS 1.41238, Freq 3.98842, L1 1.72148, Spectral 0.27741, Gradient 0.46795) | LR 2.50e-06
2026-07-16 00:55:23,495 INFO Epoch 72 | Val Loss 4.86197 (Pin 0.78771 [q90 0.40589, q10 0.38182], MS 2.05850, Freq 4.03151, L1 1.74600, Spectral 0.27662, Gradient 0.46861)
2026-07-16 00:55:23,496 INFO Epoch 72 | Coverage q10/q50/q90 = 0.096/0.491/0.894 (nominal .10/.50/.90) | extreme tail = 0.130/0.455/0.849
2026-07-16 00:55:45,870 INFO Epoch 73 | Batch 50/1186 | Loss 4.23816 (Pin 0.79730 [q90 0.41266, q10 0.38464], MS 1.43827, Freq 4.00519, L1 1.71859, Spectral 0.28290, Gradient 0.47736) | LR 2.50e-06
2026-07-16 00:56:07,952 INFO Epoch 73 | Batch 100/1186 | Loss 4.10918 (Pin 0.78376 [q90 0.40457, q10 0.37919], MS 1.34176, Freq 3.96732, L1 1.69017, Spectral 0.28273, Gradient 0.47210) | LR 2.50e-06
2026-07-16 00:56:30,036 INFO Epoch 73 | Batch 150/1186 | Loss 4.16959 (Pin 0.80181 [q90 0.40902, q10 0.39279], MS 1.37048, Freq 3.99461, L1 1.72842, Spectral 0.28153, Gradient 0.47238) | LR 2.50e-06
2026-07-16 00:56:52,114 INFO Epoch 73 | Batch 200/1186 | Loss 4.34465 (Pin 0.82672 [q90 0.42402, q10 0.40269], MS 1.48523, Freq 4.06540, L1 1.77166, Spectral 0.28767, Gradient 0.48067) | LR 2.50e-06
2026-07-16 00:57:14,196 INFO Epoch 73 | Batch 250/1186 | Loss 4.42320 (Pin 0.84779 [q90 0.43726, q10 0.41053], MS 1.53715, Freq 4.07653, L1 1.81039, Spectral 0.28736, Gradient 0.48139) | LR 2.50e-06
2026-07-16 00:57:36,276 INFO Epoch 73 | Batch 300/1186 | Loss 4.26373 (Pin 0.81986 [q90 0.41854, q10 0.40131], MS 1.42280, Freq 4.04214, L1 1.76913, Spectral 0.28207, Gradient 0.47635) | LR 2.50e-06
2026-07-16 00:57:58,360 INFO Epoch 73 | Batch 350/1186 | Loss 4.21926 (Pin 0.81090 [q90 0.41917, q10 0.39173], MS 1.39096, Freq 4.03480, L1 1.75779, Spectral 0.27460, Gradient 0.46865) | LR 2.50e-06
2026-07-16 00:58:20,442 INFO Epoch 73 | Batch 400/1186 | Loss 4.35473 (Pin 0.83991 [q90 0.42991, q10 0.41000], MS 1.45388, Freq 4.12189, L1 1.80805, Spectral 0.28206, Gradient 0.47746) | LR 2.50e-06
2026-07-16 00:58:42,528 INFO Epoch 73 | Batch 450/1186 | Loss 4.21715 (Pin 0.81544 [q90 0.42309, q10 0.39235], MS 1.37567, Freq 4.05208, L1 1.75486, Spectral 0.28519, Gradient 0.47915) | LR 2.50e-06
2026-07-16 00:59:04,605 INFO Epoch 73 | Batch 500/1186 | Loss 4.22987 (Pin 0.80998 [q90 0.41448, q10 0.39550], MS 1.42748, Freq 3.98482, L1 1.73040, Spectral 0.28512, Gradient 0.47329) | LR 2.50e-06
2026-07-16 00:59:26,816 INFO Epoch 73 | Batch 550/1186 | Loss 4.20261 (Pin 0.79246 [q90 0.40957, q10 0.38289], MS 1.43741, Freq 3.94547, L1 1.70608, Spectral 0.28370, Gradient 0.47052) | LR 2.50e-06
2026-07-16 00:59:48,899 INFO Epoch 73 | Batch 600/1186 | Loss 4.31057 (Pin 0.81407 [q90 0.41929, q10 0.39478], MS 1.47402, Freq 4.04496, L1 1.75860, Spectral 0.28439, Gradient 0.48047) | LR 2.50e-06
2026-07-16 01:00:10,974 INFO Epoch 73 | Batch 650/1186 | Loss 4.19332 (Pin 0.80680 [q90 0.41263, q10 0.39417], MS 1.38595, Freq 4.00114, L1 1.73416, Spectral 0.28056, Gradient 0.47300) | LR 2.50e-06
2026-07-16 01:00:33,051 INFO Epoch 73 | Batch 700/1186 | Loss 4.09562 (Pin 0.77879 [q90 0.40137, q10 0.37741], MS 1.36432, Freq 3.90502, L1 1.67785, Spectral 0.27934, Gradient 0.46712) | LR 2.50e-06
2026-07-16 01:00:55,130 INFO Epoch 73 | Batch 750/1186 | Loss 4.31889 (Pin 0.79698 [q90 0.41162, q10 0.38536], MS 1.51570, Freq 4.01242, L1 1.71775, Spectral 0.29192, Gradient 0.48167) | LR 2.50e-06
2026-07-16 01:01:17,215 INFO Epoch 73 | Batch 800/1186 | Loss 4.21079 (Pin 0.80335 [q90 0.41130, q10 0.39205], MS 1.40794, Freq 3.99901, L1 1.73074, Spectral 0.28599, Gradient 0.47377) | LR 2.50e-06
2026-07-16 01:01:39,298 INFO Epoch 73 | Batch 850/1186 | Loss 4.18299 (Pin 0.81874 [q90 0.42101, q10 0.39774], MS 1.38333, Freq 3.96184, L1 1.75564, Spectral 0.27668, Gradient 0.46614) | LR 2.50e-06
2026-07-16 01:02:01,381 INFO Epoch 73 | Batch 900/1186 | Loss 4.29778 (Pin 0.81761 [q90 0.42109, q10 0.39652], MS 1.43075, Freq 4.09883, L1 1.78159, Spectral 0.28812, Gradient 0.48612) | LR 2.50e-06
2026-07-16 01:02:23,465 INFO Epoch 73 | Batch 950/1186 | Loss 4.35144 (Pin 0.83660 [q90 0.42477, q10 0.41183], MS 1.47192, Freq 4.08584, L1 1.78549, Spectral 0.28462, Gradient 0.47992) | LR 2.50e-06
2026-07-16 01:02:45,553 INFO Epoch 73 | Batch 1000/1186 | Loss 4.13094 (Pin 0.78558 [q90 0.40355, q10 0.38203], MS 1.38300, Freq 3.92472, L1 1.68801, Spectral 0.28016, Gradient 0.46610) | LR 2.50e-06
2026-07-16 01:03:07,636 INFO Epoch 73 | Batch 1050/1186 | Loss 4.16536 (Pin 0.81179 [q90 0.42066, q10 0.39113], MS 1.38115, Freq 3.94485, L1 1.71402, Spectral 0.27823, Gradient 0.46219) | LR 2.50e-06
2026-07-16 01:03:29,715 INFO Epoch 73 | Batch 1100/1186 | Loss 4.18596 (Pin 0.79625 [q90 0.40770, q10 0.38855], MS 1.41216, Freq 3.95509, L1 1.72328, Spectral 0.27428, Gradient 0.46715) | LR 2.50e-06
2026-07-16 01:03:51,791 INFO Epoch 73 | Batch 1150/1186 | Loss 4.15853 (Pin 0.78416 [q90 0.40093, q10 0.38323], MS 1.37267, Freq 4.00338, L1 1.69277, Spectral 0.28735, Gradient 0.48239) | LR 2.50e-06
2026-07-16 01:04:45,040 INFO Epoch 73 | Val Loss 4.87950 (Pin 0.78610 [q90 0.40539, q10 0.38071], MS 2.06183, Freq 4.06313, L1 1.74232, Spectral 0.27854, Gradient 0.47199)
2026-07-16 01:04:45,040 INFO Epoch 73 | Coverage q10/q50/q90 = 0.097/0.489/0.892 (nominal .10/.50/.90) | extreme tail = 0.133/0.462/0.852
2026-07-16 01:05:07,416 INFO Epoch 74 | Batch 50/1186 | Loss 4.23497 (Pin 0.83169 [q90 0.42728, q10 0.40441], MS 1.37586, Freq 4.05484, L1 1.77149, Spectral 0.28423, Gradient 0.47875) | LR 2.50e-06
2026-07-16 01:05:29,500 INFO Epoch 74 | Batch 100/1186 | Loss 4.19502 (Pin 0.79354 [q90 0.40268, q10 0.39086], MS 1.39906, Freq 4.00484, L1 1.72681, Spectral 0.27815, Gradient 0.47340) | LR 2.50e-06
2026-07-16 01:05:51,580 INFO Epoch 74 | Batch 150/1186 | Loss 4.18962 (Pin 0.81223 [q90 0.42072, q10 0.39151], MS 1.36115, Freq 4.03248, L1 1.73603, Spectral 0.28938, Gradient 0.48204) | LR 2.50e-06
2026-07-16 01:06:13,664 INFO Epoch 74 | Batch 200/1186 | Loss 4.30331 (Pin 0.82436 [q90 0.42165, q10 0.40271], MS 1.47596, Freq 4.00600, L1 1.77637, Spectral 0.27973, Gradient 0.46843) | LR 2.50e-06
2026-07-16 01:06:35,748 INFO Epoch 74 | Batch 250/1186 | Loss 4.13111 (Pin 0.78576 [q90 0.40667, q10 0.37908], MS 1.38937, Freq 3.91197, L1 1.69697, Spectral 0.28381, Gradient 0.47004) | LR 2.50e-06
2026-07-16 01:06:57,828 INFO Epoch 74 | Batch 300/1186 | Loss 4.14867 (Pin 0.79673 [q90 0.41106, q10 0.38567], MS 1.37791, Freq 3.94807, L1 1.71559, Spectral 0.27331, Gradient 0.46498) | LR 2.50e-06
2026-07-16 01:07:19,908 INFO Epoch 74 | Batch 350/1186 | Loss 4.23941 (Pin 0.80934 [q90 0.41428, q10 0.39506], MS 1.41191, Freq 4.03633, L1 1.74100, Spectral 0.28927, Gradient 0.48122) | LR 2.50e-06
2026-07-16 01:07:41,993 INFO Epoch 74 | Batch 400/1186 | Loss 4.30331 (Pin 0.81766 [q90 0.41682, q10 0.40084], MS 1.43909, Freq 4.09312, L1 1.77079, Spectral 0.28733, Gradient 0.48650) | LR 2.50e-06
2026-07-16 01:08:04,074 INFO Epoch 74 | Batch 450/1186 | Loss 4.24543 (Pin 0.79557 [q90 0.40410, q10 0.39147], MS 1.45112, Freq 3.99747, L1 1.72621, Spectral 0.28508, Gradient 0.47557) | LR 2.50e-06
2026-07-16 01:08:26,154 INFO Epoch 74 | Batch 500/1186 | Loss 4.23224 (Pin 0.81222 [q90 0.41827, q10 0.39394], MS 1.42329, Freq 3.99347, L1 1.73240, Spectral 0.28113, Gradient 0.47566) | LR 2.50e-06
2026-07-16 01:08:48,232 INFO Epoch 74 | Batch 550/1186 | Loss 4.11786 (Pin 0.78562 [q90 0.40451, q10 0.38111], MS 1.35189, Freq 3.96070, L1 1.70466, Spectral 0.27685, Gradient 0.46554) | LR 2.50e-06
2026-07-16 01:09:10,310 INFO Epoch 74 | Batch 600/1186 | Loss 4.16711 (Pin 0.79539 [q90 0.40808, q10 0.38731], MS 1.39627, Freq 3.95089, L1 1.70326, Spectral 0.28349, Gradient 0.47209) | LR 2.50e-06
2026-07-16 01:09:32,390 INFO Epoch 74 | Batch 650/1186 | Loss 4.31073 (Pin 0.81588 [q90 0.41610, q10 0.39979], MS 1.46133, Freq 4.06703, L1 1.75709, Spectral 0.28961, Gradient 0.48062) | LR 2.50e-06
2026-07-16 01:09:54,471 INFO Epoch 74 | Batch 700/1186 | Loss 4.29161 (Pin 0.83252 [q90 0.43027, q10 0.40226], MS 1.43009, Freq 4.05799, L1 1.79039, Spectral 0.27790, Gradient 0.47030) | LR 2.50e-06
2026-07-16 01:10:16,547 INFO Epoch 74 | Batch 750/1186 | Loss 4.35878 (Pin 0.84562 [q90 0.43817, q10 0.40745], MS 1.47397, Freq 4.07837, L1 1.78893, Spectral 0.28991, Gradient 0.48384) | LR 2.50e-06
2026-07-16 01:10:38,622 INFO Epoch 74 | Batch 800/1186 | Loss 4.26311 (Pin 0.80934 [q90 0.41156, q10 0.39777], MS 1.41147, Freq 4.08461, L1 1.74421, Spectral 0.28740, Gradient 0.48696) | LR 2.50e-06
2026-07-16 01:11:00,701 INFO Epoch 74 | Batch 850/1186 | Loss 4.30621 (Pin 0.81981 [q90 0.42002, q10 0.39979], MS 1.46918, Freq 4.03445, L1 1.75649, Spectral 0.28759, Gradient 0.47850) | LR 2.50e-06
2026-07-16 01:11:22,784 INFO Epoch 74 | Batch 900/1186 | Loss 4.15386 (Pin 0.79307 [q90 0.40444, q10 0.38863], MS 1.37961, Freq 3.96236, L1 1.71148, Spectral 0.28312, Gradient 0.47289) | LR 2.50e-06
2026-07-16 01:11:44,864 INFO Epoch 74 | Batch 950/1186 | Loss 4.25643 (Pin 0.81741 [q90 0.41891, q10 0.39850], MS 1.42266, Freq 4.03271, L1 1.76582, Spectral 0.28466, Gradient 0.47650) | LR 2.50e-06
2026-07-16 01:12:06,946 INFO Epoch 74 | Batch 1000/1186 | Loss 4.18136 (Pin 0.78957 [q90 0.41059, q10 0.37897], MS 1.44960, Freq 3.88438, L1 1.68703, Spectral 0.27501, Gradient 0.45669) | LR 2.50e-06
2026-07-16 01:12:29,033 INFO Epoch 74 | Batch 1050/1186 | Loss 4.16829 (Pin 0.78703 [q90 0.40750, q10 0.37952], MS 1.41406, Freq 3.93442, L1 1.68953, Spectral 0.27556, Gradient 0.46482) | LR 2.50e-06
2026-07-16 01:12:51,113 INFO Epoch 74 | Batch 1100/1186 | Loss 4.21866 (Pin 0.80749 [q90 0.40973, q10 0.39776], MS 1.39689, Freq 4.02857, L1 1.74792, Spectral 0.27871, Gradient 0.47254) | LR 2.50e-06
2026-07-16 01:13:13,196 INFO Epoch 74 | Batch 1150/1186 | Loss 4.13952 (Pin 0.80973 [q90 0.41790, q10 0.39182], MS 1.33284, Freq 3.99391, L1 1.72704, Spectral 0.27765, Gradient 0.46855) | LR 2.50e-06
2026-07-16 01:14:06,399 INFO Epoch 74 | Val Loss 4.85121 (Pin 0.78765 [q90 0.40680, q10 0.38085], MS 2.04899, Freq 4.02914, L1 1.73984, Spectral 0.27893, Gradient 0.47143)
2026-07-16 01:14:06,399 INFO Epoch 74 | Coverage q10/q50/q90 = 0.099/0.496/0.891 (nominal .10/.50/.90) | extreme tail = 0.133/0.459/0.848
2026-07-16 01:14:28,768 INFO Epoch 75 | Batch 50/1186 | Loss 4.11899 (Pin 0.80811 [q90 0.41440, q10 0.39371], MS 1.32446, Freq 3.97285, L1 1.74297, Spectral 0.27060, Gradient 0.46166) | LR 1.25e-06
2026-07-16 01:14:50,849 INFO Epoch 75 | Batch 100/1186 | Loss 4.23386 (Pin 0.80997 [q90 0.41668, q10 0.39329], MS 1.41887, Freq 4.01003, L1 1.75080, Spectral 0.28328, Gradient 0.47213) | LR 1.25e-06
2026-07-16 01:15:12,930 INFO Epoch 75 | Batch 150/1186 | Loss 4.19368 (Pin 0.77970 [q90 0.39953, q10 0.38017], MS 1.39948, Freq 4.02899, L1 1.69128, Spectral 0.28894, Gradient 0.48328) | LR 1.25e-06
2026-07-16 01:15:35,006 INFO Epoch 75 | Batch 200/1186 | Loss 4.11430 (Pin 0.79184 [q90 0.40203, q10 0.38981], MS 1.32870, Freq 3.98753, L1 1.71581, Spectral 0.28021, Gradient 0.47071) | LR 1.25e-06
2026-07-16 01:15:57,081 INFO Epoch 75 | Batch 250/1186 | Loss 4.25263 (Pin 0.80708 [q90 0.41363, q10 0.39346], MS 1.45046, Freq 3.99018, L1 1.73166, Spectral 0.28171, Gradient 0.47022) | LR 1.25e-06
2026-07-16 01:16:19,156 INFO Epoch 75 | Batch 300/1186 | Loss 4.14991 (Pin 0.79793 [q90 0.40910, q10 0.38883], MS 1.38383, Freq 3.93630, L1 1.71750, Spectral 0.27763, Gradient 0.46361) | LR 1.25e-06
2026-07-16 01:16:41,234 INFO Epoch 75 | Batch 350/1186 | Loss 4.31757 (Pin 0.82308 [q90 0.42765, q10 0.39542], MS 1.46418, Freq 4.06062, L1 1.77071, Spectral 0.28373, Gradient 0.47716) | LR 1.25e-06
2026-07-16 01:17:03,309 INFO Epoch 75 | Batch 400/1186 | Loss 4.11141 (Pin 0.77876 [q90 0.39844, q10 0.38032], MS 1.35959, Freq 3.94612, L1 1.68263, Spectral 0.28284, Gradient 0.47330) | LR 1.25e-06
2026-07-16 01:17:25,384 INFO Epoch 75 | Batch 450/1186 | Loss 4.31887 (Pin 0.82210 [q90 0.42936, q10 0.39274], MS 1.43341, Freq 4.12671, L1 1.76204, Spectral 0.29469, Gradient 0.49396) | LR 1.25e-06
2026-07-16 01:17:47,458 INFO Epoch 75 | Batch 500/1186 | Loss 4.22012 (Pin 0.82126 [q90 0.41906, q10 0.40220], MS 1.41130, Freq 3.97513, L1 1.75867, Spectral 0.28828, Gradient 0.47720) | LR 1.25e-06
2026-07-16 01:18:09,534 INFO Epoch 75 | Batch 550/1186 | Loss 4.04093 (Pin 0.76213 [q90 0.39193, q10 0.37021], MS 1.35182, Freq 3.85395, L1 1.64119, Spectral 0.27573, Gradient 0.46331) | LR 1.25e-06
2026-07-16 01:18:31,615 INFO Epoch 75 | Batch 600/1186 | Loss 4.02345 (Pin 0.77417 [q90 0.39802, q10 0.37615], MS 1.29059, Freq 3.91737, L1 1.67674, Spectral 0.28120, Gradient 0.46905) | LR 1.25e-06
2026-07-16 01:18:53,688 INFO Epoch 75 | Batch 650/1186 | Loss 4.25499 (Pin 0.81268 [q90 0.41510, q10 0.39757], MS 1.42003, Freq 4.04457, L1 1.76984, Spectral 0.28368, Gradient 0.47861) | LR 1.25e-06
2026-07-16 01:19:15,762 INFO Epoch 75 | Batch 700/1186 | Loss 4.35633 (Pin 0.82871 [q90 0.42506, q10 0.40365], MS 1.47382, Freq 4.10762, L1 1.77383, Spectral 0.29059, Gradient 0.48474) | LR 1.25e-06
2026-07-16 01:19:37,841 INFO Epoch 75 | Batch 750/1186 | Loss 4.18577 (Pin 0.79449 [q90 0.40926, q10 0.38523], MS 1.41663, Freq 3.94930, L1 1.70277, Spectral 0.27652, Gradient 0.46719) | LR 1.25e-06
2026-07-16 01:19:59,918 INFO Epoch 75 | Batch 800/1186 | Loss 4.32192 (Pin 0.85513 [q90 0.44040, q10 0.41473], MS 1.41575, Freq 4.10207, L1 1.83134, Spectral 0.28027, Gradient 0.47487) | LR 1.25e-06
2026-07-16 01:20:21,995 INFO Epoch 75 | Batch 850/1186 | Loss 4.19008 (Pin 0.80199 [q90 0.40946, q10 0.39253], MS 1.38674, Freq 4.00269, L1 1.72268, Spectral 0.28311, Gradient 0.47646) | LR 1.25e-06
2026-07-16 01:20:44,076 INFO Epoch 75 | Batch 900/1186 | Loss 4.34268 (Pin 0.84129 [q90 0.42700, q10 0.41429], MS 1.47455, Freq 4.05370, L1 1.79616, Spectral 0.28641, Gradient 0.47757) | LR 1.25e-06
2026-07-16 01:21:06,159 INFO Epoch 75 | Batch 950/1186 | Loss 4.28252 (Pin 0.81148 [q90 0.41998, q10 0.39149], MS 1.44066, Freq 4.06075, L1 1.74584, Spectral 0.27845, Gradient 0.47589) | LR 1.25e-06
2026-07-16 01:21:28,242 INFO Epoch 75 | Batch 1000/1186 | Loss 4.22361 (Pin 0.82636 [q90 0.42072, q10 0.40564], MS 1.37500, Freq 4.04451, L1 1.75776, Spectral 0.28402, Gradient 0.47875) | LR 1.25e-06
2026-07-16 01:21:50,318 INFO Epoch 75 | Batch 1050/1186 | Loss 4.22395 (Pin 0.81713 [q90 0.41850, q10 0.39863], MS 1.39146, Freq 4.03073, L1 1.74931, Spectral 0.28303, Gradient 0.47595) | LR 1.25e-06
2026-07-16 01:22:12,410 INFO Epoch 75 | Batch 1100/1186 | Loss 4.22980 (Pin 0.81434 [q90 0.42189, q10 0.39245], MS 1.44080, Freq 3.94930, L1 1.74614, Spectral 0.27740, Gradient 0.46356) | LR 1.25e-06
2026-07-16 01:22:34,486 INFO Epoch 75 | Batch 1150/1186 | Loss 4.15322 (Pin 0.79708 [q90 0.40745, q10 0.38963], MS 1.34960, Freq 4.01308, L1 1.71679, Spectral 0.28551, Gradient 0.47933) | LR 1.25e-06
2026-07-16 01:23:27,668 INFO Epoch 75 | Val Loss 4.86708 (Pin 0.78729 [q90 0.40615, q10 0.38114], MS 2.05707, Freq 4.04543, L1 1.74342, Spectral 0.27829, Gradient 0.47126)
2026-07-16 01:23:27,668 INFO Epoch 75 | Coverage q10/q50/q90 = 0.097/0.489/0.891 (nominal .10/.50/.90) | extreme tail = 0.129/0.460/0.848
2026-07-16 01:23:49,997 INFO Epoch 76 | Batch 50/1186 | Loss 4.20334 (Pin 0.80688 [q90 0.40765, q10 0.39923], MS 1.39892, Freq 3.99509, L1 1.73387, Spectral 0.28341, Gradient 0.47316) | LR 1.25e-06
2026-07-16 01:24:12,037 INFO Epoch 76 | Batch 100/1186 | Loss 4.26780 (Pin 0.79612 [q90 0.41232, q10 0.38380], MS 1.46913, Freq 4.00511, L1 1.72791, Spectral 0.28477, Gradient 0.47494) | LR 1.25e-06
2026-07-16 01:24:34,076 INFO Epoch 76 | Batch 150/1186 | Loss 4.25752 (Pin 0.81096 [q90 0.41464, q10 0.39632], MS 1.40404, Freq 4.08504, L1 1.75995, Spectral 0.28538, Gradient 0.47995) | LR 1.25e-06
2026-07-16 01:24:56,249 INFO Epoch 76 | Batch 200/1186 | Loss 4.04735 (Pin 0.79027 [q90 0.40457, q10 0.38570], MS 1.30278, Freq 3.90860, L1 1.69425, Spectral 0.27671, Gradient 0.46463) | LR 1.25e-06
2026-07-16 01:25:18,290 INFO Epoch 76 | Batch 250/1186 | Loss 4.29632 (Pin 0.83252 [q90 0.42776, q10 0.40476], MS 1.41788, Freq 4.09186, L1 1.79252, Spectral 0.28330, Gradient 0.47899) | LR 1.25e-06
2026-07-16 01:25:40,327 INFO Epoch 76 | Batch 300/1186 | Loss 4.23876 (Pin 0.82816 [q90 0.42424, q10 0.40392], MS 1.38408, Freq 4.05304, L1 1.77515, Spectral 0.28646, Gradient 0.47954) | LR 1.25e-06
2026-07-16 01:26:02,364 INFO Epoch 76 | Batch 350/1186 | Loss 4.26557 (Pin 0.80524 [q90 0.42116, q10 0.38407], MS 1.45564, Freq 4.00938, L1 1.74209, Spectral 0.28354, Gradient 0.47468) | LR 1.25e-06
2026-07-16 01:26:24,409 INFO Epoch 76 | Batch 400/1186 | Loss 4.16526 (Pin 0.79899 [q90 0.40964, q10 0.38936], MS 1.35869, Freq 4.01515, L1 1.71764, Spectral 0.28519, Gradient 0.47467) | LR 1.25e-06
2026-07-16 01:26:46,448 INFO Epoch 76 | Batch 450/1186 | Loss 4.19123 (Pin 0.79095 [q90 0.40568, q10 0.38527], MS 1.41823, Freq 3.96409, L1 1.70648, Spectral 0.27875, Gradient 0.47063) | LR 1.25e-06
2026-07-16 01:27:08,489 INFO Epoch 76 | Batch 500/1186 | Loss 4.28642 (Pin 0.83129 [q90 0.42491, q10 0.40638], MS 1.42631, Freq 4.05763, L1 1.79251, Spectral 0.28510, Gradient 0.48048) | LR 1.25e-06
2026-07-16 01:27:30,527 INFO Epoch 76 | Batch 550/1186 | Loss 4.21878 (Pin 0.81877 [q90 0.41799, q10 0.40078], MS 1.40602, Freq 3.98797, L1 1.74265, Spectral 0.28511, Gradient 0.47453) | LR 1.25e-06
2026-07-16 01:27:52,561 INFO Epoch 76 | Batch 600/1186 | Loss 4.03188 (Pin 0.76401 [q90 0.39329, q10 0.37072], MS 1.31947, Freq 3.89680, L1 1.65523, Spectral 0.27918, Gradient 0.46675) | LR 1.25e-06
2026-07-16 01:28:14,598 INFO Epoch 76 | Batch 650/1186 | Loss 4.23739 (Pin 0.82575 [q90 0.42474, q10 0.40101], MS 1.39668, Freq 4.02992, L1 1.76352, Spectral 0.28680, Gradient 0.47755) | LR 1.25e-06
2026-07-16 01:28:36,635 INFO Epoch 76 | Batch 700/1186 | Loss 4.19187 (Pin 0.80863 [q90 0.41587, q10 0.39276], MS 1.38775, Freq 3.99097, L1 1.72464, Spectral 0.29146, Gradient 0.48174) | LR 1.25e-06
2026-07-16 01:28:58,677 INFO Epoch 76 | Batch 750/1186 | Loss 4.19532 (Pin 0.80388 [q90 0.40807, q10 0.39581], MS 1.36620, Freq 4.05048, L1 1.75211, Spectral 0.28275, Gradient 0.47644) | LR 1.25e-06
2026-07-16 01:29:20,719 INFO Epoch 76 | Batch 800/1186 | Loss 4.15385 (Pin 0.80026 [q90 0.41284, q10 0.38742], MS 1.40942, Freq 3.88833, L1 1.69067, Spectral 0.27385, Gradient 0.45973) | LR 1.25e-06
2026-07-16 01:29:42,764 INFO Epoch 76 | Batch 850/1186 | Loss 4.19659 (Pin 0.79184 [q90 0.40690, q10 0.38494], MS 1.38777, Freq 4.03394, L1 1.71999, Spectral 0.28229, Gradient 0.48002) | LR 1.25e-06
2026-07-16 01:30:04,802 INFO Epoch 76 | Batch 900/1186 | Loss 4.08183 (Pin 0.77745 [q90 0.39933, q10 0.37812], MS 1.32502, Freq 3.95873, L1 1.68077, Spectral 0.28050, Gradient 0.47289) | LR 1.25e-06
2026-07-16 01:30:26,839 INFO Epoch 76 | Batch 950/1186 | Loss 4.24853 (Pin 0.84744 [q90 0.44327, q10 0.40416], MS 1.33957, Freq 4.12304, L1 1.80830, Spectral 0.28353, Gradient 0.48024) | LR 1.25e-06
2026-07-16 01:30:48,876 INFO Epoch 76 | Batch 1000/1186 | Loss 4.18347 (Pin 0.80509 [q90 0.40691, q10 0.39817], MS 1.37688, Freq 4.00300, L1 1.72657, Spectral 0.27765, Gradient 0.47321) | LR 1.25e-06
2026-07-16 01:31:10,906 INFO Epoch 76 | Batch 1050/1186 | Loss 4.30284 (Pin 0.82797 [q90 0.43274, q10 0.39523], MS 1.43706, Freq 4.07564, L1 1.77621, Spectral 0.28129, Gradient 0.47719) | LR 1.25e-06
2026-07-16 01:31:32,945 INFO Epoch 76 | Batch 1100/1186 | Loss 4.21405 (Pin 0.80782 [q90 0.40653, q10 0.40130], MS 1.40104, Freq 4.01037, L1 1.74539, Spectral 0.28296, Gradient 0.47234) | LR 1.25e-06
2026-07-16 01:31:54,982 INFO Epoch 76 | Batch 1150/1186 | Loss 4.17146 (Pin 0.80752 [q90 0.41864, q10 0.38889], MS 1.38178, Freq 3.96431, L1 1.71992, Spectral 0.27985, Gradient 0.46817) | LR 1.25e-06
2026-07-16 01:32:48,204 INFO Epoch 76 | Val Loss 4.87146 (Pin 0.78830 [q90 0.40678, q10 0.38152], MS 2.05600, Freq 4.05432, L1 1.74821, Spectral 0.27959, Gradient 0.47374)
2026-07-16 01:32:48,204 INFO Epoch 76 | Coverage q10/q50/q90 = 0.095/0.487/0.889 (nominal .10/.50/.90) | extreme tail = 0.129/0.453/0.842
2026-07-16 01:33:10,585 INFO Epoch 77 | Batch 50/1186 | Loss 4.20133 (Pin 0.79791 [q90 0.40710, q10 0.39081], MS 1.42075, Freq 3.96536, L1 1.71313, Spectral 0.28069, Gradient 0.47107) | LR 1.25e-06
2026-07-16 01:33:32,667 INFO Epoch 77 | Batch 100/1186 | Loss 4.17499 (Pin 0.80531 [q90 0.41348, q10 0.39183], MS 1.38069, Freq 3.97798, L1 1.73530, Spectral 0.27610, Gradient 0.46918) | LR 1.25e-06
2026-07-16 01:33:54,748 INFO Epoch 77 | Batch 150/1186 | Loss 4.09072 (Pin 0.77923 [q90 0.39806, q10 0.38117], MS 1.35219, Freq 3.91860, L1 1.68752, Spectral 0.27587, Gradient 0.46616) | LR 1.25e-06
2026-07-16 01:34:16,831 INFO Epoch 77 | Batch 200/1186 | Loss 4.19060 (Pin 0.78683 [q90 0.40409, q10 0.38274], MS 1.39506, Freq 4.01744, L1 1.70784, Spectral 0.28106, Gradient 0.47637) | LR 1.25e-06
2026-07-16 01:34:38,919 INFO Epoch 77 | Batch 250/1186 | Loss 4.09163 (Pin 0.78238 [q90 0.40444, q10 0.37794], MS 1.32640, Freq 3.96569, L1 1.69891, Spectral 0.28473, Gradient 0.47063) | LR 1.25e-06
2026-07-16 01:35:01,000 INFO Epoch 77 | Batch 300/1186 | Loss 4.16508 (Pin 0.80980 [q90 0.41870, q10 0.39110], MS 1.36417, Freq 3.98222, L1 1.72649, Spectral 0.28052, Gradient 0.46934) | LR 1.25e-06
2026-07-16 01:35:23,082 INFO Epoch 77 | Batch 350/1186 | Loss 4.17503 (Pin 0.80563 [q90 0.41039, q10 0.39524], MS 1.37181, Freq 3.99518, L1 1.73635, Spectral 0.28183, Gradient 0.47503) | LR 1.25e-06
2026-07-16 01:35:45,165 INFO Epoch 77 | Batch 400/1186 | Loss 4.26411 (Pin 0.81354 [q90 0.42534, q10 0.38820], MS 1.46644, Freq 3.96826, L1 1.74699, Spectral 0.27425, Gradient 0.46480) | LR 1.25e-06
2026-07-16 01:36:07,248 INFO Epoch 77 | Batch 450/1186 | Loss 4.15504 (Pin 0.80377 [q90 0.41337, q10 0.39041], MS 1.36564, Freq 3.97126, L1 1.72006, Spectral 0.28094, Gradient 0.47416) | LR 1.25e-06
2026-07-16 01:36:29,330 INFO Epoch 77 | Batch 500/1186 | Loss 4.17124 (Pin 0.80413 [q90 0.41096, q10 0.39317], MS 1.36762, Freq 3.99901, L1 1.72661, Spectral 0.28744, Gradient 0.47583) | LR 1.25e-06
2026-07-16 01:36:51,415 INFO Epoch 77 | Batch 550/1186 | Loss 4.33454 (Pin 0.81443 [q90 0.42028, q10 0.39414], MS 1.48152, Freq 4.07720, L1 1.75231, Spectral 0.29229, Gradient 0.49077) | LR 1.25e-06
2026-07-16 01:37:13,494 INFO Epoch 77 | Batch 600/1186 | Loss 4.30039 (Pin 0.82622 [q90 0.42020, q10 0.40602], MS 1.43262, Freq 4.08309, L1 1.78489, Spectral 0.28807, Gradient 0.48034) | LR 1.25e-06
2026-07-16 01:37:35,575 INFO Epoch 77 | Batch 650/1186 | Loss 4.22330 (Pin 0.79694 [q90 0.40528, q10 0.39166], MS 1.42029, Freq 4.01215, L1 1.72354, Spectral 0.29083, Gradient 0.48020) | LR 1.25e-06
2026-07-16 01:37:57,655 INFO Epoch 77 | Batch 700/1186 | Loss 4.20949 (Pin 0.79412 [q90 0.41070, q10 0.38342], MS 1.42737, Freq 3.97598, L1 1.73318, Spectral 0.27930, Gradient 0.46804) | LR 1.25e-06
2026-07-16 01:38:19,736 INFO Epoch 77 | Batch 750/1186 | Loss 4.19590 (Pin 0.80817 [q90 0.41146, q10 0.39671], MS 1.37148, Freq 4.03249, L1 1.74160, Spectral 0.28197, Gradient 0.47667) | LR 1.25e-06
2026-07-16 01:38:41,821 INFO Epoch 77 | Batch 800/1186 | Loss 4.25600 (Pin 0.82940 [q90 0.42691, q10 0.40249], MS 1.38835, Freq 4.07649, L1 1.77575, Spectral 0.28856, Gradient 0.48284) | LR 1.25e-06
2026-07-16 01:39:03,904 INFO Epoch 77 | Batch 850/1186 | Loss 4.18677 (Pin 0.80251 [q90 0.40974, q10 0.39276], MS 1.39467, Freq 3.97918, L1 1.71418, Spectral 0.28129, Gradient 0.47064) | LR 1.25e-06
2026-07-16 01:39:25,984 INFO Epoch 77 | Batch 900/1186 | Loss 4.24561 (Pin 0.82055 [q90 0.41949, q10 0.40105], MS 1.37859, Freq 4.09295, L1 1.76627, Spectral 0.27973, Gradient 0.47596) | LR 1.25e-06
2026-07-16 01:39:48,068 INFO Epoch 77 | Batch 950/1186 | Loss 4.13280 (Pin 0.79024 [q90 0.39985, q10 0.39039], MS 1.37136, Freq 3.94240, L1 1.69836, Spectral 0.28107, Gradient 0.46600) | LR 1.25e-06
2026-07-16 01:40:10,148 INFO Epoch 77 | Batch 1000/1186 | Loss 4.29770 (Pin 0.82312 [q90 0.42392, q10 0.39920], MS 1.44206, Freq 4.06505, L1 1.75982, Spectral 0.28183, Gradient 0.47969) | LR 1.25e-06
2026-07-16 01:40:32,194 INFO Epoch 77 | Batch 1050/1186 | Loss 4.19610 (Pin 0.80391 [q90 0.41149, q10 0.39242], MS 1.38529, Freq 4.01381, L1 1.72895, Spectral 0.28394, Gradient 0.47599) | LR 1.25e-06
2026-07-16 01:40:54,227 INFO Epoch 77 | Batch 1100/1186 | Loss 4.28833 (Pin 0.84811 [q90 0.44339, q10 0.40473], MS 1.37848, Freq 4.12347, L1 1.80060, Spectral 0.28742, Gradient 0.48479) | LR 1.25e-06
2026-07-16 01:41:16,266 INFO Epoch 77 | Batch 1150/1186 | Loss 4.24112 (Pin 0.81679 [q90 0.41839, q10 0.39840], MS 1.40574, Freq 4.03718, L1 1.76813, Spectral 0.28203, Gradient 0.47460) | LR 1.25e-06
2026-07-16 01:42:09,438 INFO Epoch 77 | Val Loss 4.87224 (Pin 0.78766 [q90 0.40654, q10 0.38112], MS 2.06423, Freq 4.04072, L1 1.74373, Spectral 0.27904, Gradient 0.47181)
2026-07-16 01:42:09,438 INFO Epoch 77 | Coverage q10/q50/q90 = 0.097/0.491/0.890 (nominal .10/.50/.90) | extreme tail = 0.127/0.453/0.845
2026-07-16 01:42:31,811 INFO Epoch 78 | Batch 50/1186 | Loss 4.13708 (Pin 0.80632 [q90 0.41272, q10 0.39360], MS 1.35351, Freq 3.95450, L1 1.72270, Spectral 0.27959, Gradient 0.46659) | LR 1.25e-06
2026-07-16 01:42:53,889 INFO Epoch 78 | Batch 100/1186 | Loss 4.24526 (Pin 0.81771 [q90 0.41950, q10 0.39822], MS 1.39969, Freq 4.05570, L1 1.76708, Spectral 0.27770, Gradient 0.47259) | LR 1.25e-06
2026-07-16 01:43:15,965 INFO Epoch 78 | Batch 150/1186 | Loss 4.22749 (Pin 0.81619 [q90 0.41507, q10 0.40112], MS 1.36597, Freq 4.09066, L1 1.75881, Spectral 0.28335, Gradient 0.48181) | LR 1.25e-06
2026-07-16 01:43:38,042 INFO Epoch 78 | Batch 200/1186 | Loss 4.34088 (Pin 0.82072 [q90 0.41729, q10 0.40343], MS 1.47193, Freq 4.09647, L1 1.77245, Spectral 0.28934, Gradient 0.48465) | LR 1.25e-06
2026-07-16 01:44:00,117 INFO Epoch 78 | Batch 250/1186 | Loss 4.26060 (Pin 0.82129 [q90 0.41728, q10 0.40401], MS 1.40561, Freq 4.06739, L1 1.77608, Spectral 0.28534, Gradient 0.48404) | LR 1.25e-06
2026-07-16 01:44:22,192 INFO Epoch 78 | Batch 300/1186 | Loss 4.14725 (Pin 0.79703 [q90 0.40146, q10 0.39557], MS 1.35829, Freq 3.98385, L1 1.72309, Spectral 0.27832, Gradient 0.47048) | LR 1.25e-06
2026-07-16 01:44:44,274 INFO Epoch 78 | Batch 350/1186 | Loss 4.14727 (Pin 0.81127 [q90 0.42519, q10 0.38609], MS 1.35611, Freq 3.95977, L1 1.72517, Spectral 0.28271, Gradient 0.47504) | LR 1.25e-06
2026-07-16 01:45:06,351 INFO Epoch 78 | Batch 400/1186 | Loss 4.19876 (Pin 0.81358 [q90 0.41768, q10 0.39590], MS 1.35769, Freq 4.05499, L1 1.74827, Spectral 0.28686, Gradient 0.48115) | LR 1.25e-06
2026-07-16 01:45:28,431 INFO Epoch 78 | Batch 450/1186 | Loss 4.37840 (Pin 0.82633 [q90 0.42391, q10 0.40242], MS 1.48061, Freq 4.14292, L1 1.78944, Spectral 0.28985, Gradient 0.48800) | LR 1.25e-06
2026-07-16 01:45:50,518 INFO Epoch 78 | Batch 500/1186 | Loss 4.18700 (Pin 0.79393 [q90 0.40928, q10 0.38465], MS 1.39795, Freq 3.99026, L1 1.71292, Spectral 0.28374, Gradient 0.47324) | LR 1.25e-06
2026-07-16 01:46:12,594 INFO Epoch 78 | Batch 550/1186 | Loss 4.18760 (Pin 0.79470 [q90 0.41086, q10 0.38384], MS 1.42850, Freq 3.92879, L1 1.71317, Spectral 0.28186, Gradient 0.46733) | LR 1.25e-06
2026-07-16 01:46:34,672 INFO Epoch 78 | Batch 600/1186 | Loss 4.20135 (Pin 0.81631 [q90 0.41929, q10 0.39702], MS 1.37916, Freq 4.01178, L1 1.74237, Spectral 0.28607, Gradient 0.47384) | LR 1.25e-06
2026-07-16 01:46:56,752 INFO Epoch 78 | Batch 650/1186 | Loss 4.15525 (Pin 0.78928 [q90 0.40504, q10 0.38424], MS 1.40064, Freq 3.93065, L1 1.70875, Spectral 0.27932, Gradient 0.47050) | LR 1.25e-06
2026-07-16 01:47:18,830 INFO Epoch 78 | Batch 700/1186 | Loss 4.13636 (Pin 0.80126 [q90 0.41010, q10 0.39117], MS 1.34416, Freq 3.98188, L1 1.72815, Spectral 0.27690, Gradient 0.46748) | LR 1.25e-06
2026-07-16 01:47:40,908 INFO Epoch 78 | Batch 750/1186 | Loss 4.14457 (Pin 0.79536 [q90 0.41254, q10 0.38282], MS 1.34987, Freq 3.99869, L1 1.71850, Spectral 0.28044, Gradient 0.47221) | LR 1.25e-06
2026-07-16 01:48:02,985 INFO Epoch 78 | Batch 800/1186 | Loss 4.21588 (Pin 0.80443 [q90 0.41316, q10 0.39128], MS 1.41164, Freq 3.99961, L1 1.74444, Spectral 0.28272, Gradient 0.47307) | LR 1.25e-06
2026-07-16 01:48:25,062 INFO Epoch 78 | Batch 850/1186 | Loss 4.28625 (Pin 0.81574 [q90 0.41341, q10 0.40232], MS 1.45043, Freq 4.04016, L1 1.75799, Spectral 0.28736, Gradient 0.47788) | LR 1.25e-06
2026-07-16 01:48:47,147 INFO Epoch 78 | Batch 900/1186 | Loss 4.21703 (Pin 0.80294 [q90 0.41165, q10 0.39129], MS 1.43087, Freq 3.96645, L1 1.71978, Spectral 0.28406, Gradient 0.47222) | LR 1.25e-06
2026-07-16 01:49:09,221 INFO Epoch 78 | Batch 950/1186 | Loss 4.24027 (Pin 0.81966 [q90 0.42335, q10 0.39631], MS 1.40095, Freq 4.03932, L1 1.74973, Spectral 0.28216, Gradient 0.47538) | LR 1.25e-06
2026-07-16 01:49:31,298 INFO Epoch 78 | Batch 1000/1186 | Loss 4.20152 (Pin 0.80591 [q90 0.42016, q10 0.38574], MS 1.39166, Freq 4.00790, L1 1.72721, Spectral 0.27882, Gradient 0.47365) | LR 1.25e-06
2026-07-16 01:49:53,509 INFO Epoch 78 | Batch 1050/1186 | Loss 4.21347 (Pin 0.80234 [q90 0.41049, q10 0.39185], MS 1.39592, Freq 4.03043, L1 1.74768, Spectral 0.27622, Gradient 0.47260) | LR 1.25e-06
2026-07-16 01:50:15,592 INFO Epoch 78 | Batch 1100/1186 | Loss 4.18559 (Pin 0.78590 [q90 0.40527, q10 0.38063], MS 1.44863, Freq 3.90211, L1 1.68484, Spectral 0.28781, Gradient 0.47178) | LR 1.25e-06
2026-07-16 01:50:37,665 INFO Epoch 78 | Batch 1150/1186 | Loss 4.15283 (Pin 0.80574 [q90 0.41762, q10 0.38812], MS 1.36988, Freq 3.95441, L1 1.72049, Spectral 0.28021, Gradient 0.46942) | LR 1.25e-06
2026-07-16 01:51:30,851 INFO Epoch 78 | Val Loss 4.84866 (Pin 0.78719 [q90 0.40613, q10 0.38106], MS 2.05209, Freq 4.01874, L1 1.73964, Spectral 0.27865, Gradient 0.47084)
2026-07-16 01:51:30,851 INFO Epoch 78 | Coverage q10/q50/q90 = 0.100/0.499/0.892 (nominal .10/.50/.90) | extreme tail = 0.134/0.463/0.844
2026-07-16 01:51:53,228 INFO Epoch 79 | Batch 50/1186 | Loss 4.18626 (Pin 0.81284 [q90 0.42221, q10 0.39064], MS 1.38960, Freq 3.96764, L1 1.74300, Spectral 0.28284, Gradient 0.47544) | LR 1.25e-06
2026-07-16 01:52:15,329 INFO Epoch 79 | Batch 100/1186 | Loss 4.23756 (Pin 0.80199 [q90 0.41379, q10 0.38820], MS 1.45640, Freq 3.95833, L1 1.73759, Spectral 0.28309, Gradient 0.46898) | LR 1.25e-06
2026-07-16 01:52:37,407 INFO Epoch 79 | Batch 150/1186 | Loss 4.11812 (Pin 0.78614 [q90 0.40615, q10 0.37999], MS 1.36826, Freq 3.92745, L1 1.68305, Spectral 0.28581, Gradient 0.47319) | LR 1.25e-06
2026-07-16 01:52:59,489 INFO Epoch 79 | Batch 200/1186 | Loss 4.35234 (Pin 0.83965 [q90 0.43451, q10 0.40514], MS 1.43018, Freq 4.16503, L1 1.80679, Spectral 0.29080, Gradient 0.49297) | LR 1.25e-06
2026-07-16 01:53:21,570 INFO Epoch 79 | Batch 250/1186 | Loss 4.17631 (Pin 0.79978 [q90 0.40756, q10 0.39222], MS 1.35809, Freq 4.03689, L1 1.72283, Spectral 0.28380, Gradient 0.47489) | LR 1.25e-06
2026-07-16 01:53:43,649 INFO Epoch 79 | Batch 300/1186 | Loss 4.15673 (Pin 0.79123 [q90 0.40506, q10 0.38617], MS 1.40619, Freq 3.91863, L1 1.68610, Spectral 0.28334, Gradient 0.47117) | LR 1.25e-06
2026-07-16 01:54:05,727 INFO Epoch 79 | Batch 350/1186 | Loss 4.29870 (Pin 0.82480 [q90 0.42425, q10 0.40055], MS 1.42507, Freq 4.09766, L1 1.77759, Spectral 0.28527, Gradient 0.48196) | LR 1.25e-06
2026-07-16 01:54:27,804 INFO Epoch 79 | Batch 400/1186 | Loss 4.23750 (Pin 0.80552 [q90 0.41716, q10 0.38836], MS 1.41634, Freq 4.03128, L1 1.72918, Spectral 0.28412, Gradient 0.48070) | LR 1.25e-06
2026-07-16 01:54:49,876 INFO Epoch 79 | Batch 450/1186 | Loss 4.06476 (Pin 0.77687 [q90 0.40241, q10 0.37446], MS 1.33905, Freq 3.89766, L1 1.68349, Spectral 0.28005, Gradient 0.46412) | LR 1.25e-06
2026-07-16 01:55:11,949 INFO Epoch 79 | Batch 500/1186 | Loss 4.20842 (Pin 0.79638 [q90 0.40753, q10 0.38885], MS 1.42947, Freq 3.96515, L1 1.71255, Spectral 0.28121, Gradient 0.46853) | LR 1.25e-06
2026-07-16 01:55:34,027 INFO Epoch 79 | Batch 550/1186 | Loss 4.18753 (Pin 0.80774 [q90 0.41631, q10 0.39143], MS 1.36953, Freq 4.02052, L1 1.72920, Spectral 0.27964, Gradient 0.47941) | LR 1.25e-06
2026-07-16 01:55:56,079 INFO Epoch 79 | Batch 600/1186 | Loss 4.19670 (Pin 0.81336 [q90 0.41062, q10 0.40274], MS 1.37491, Freq 4.01686, L1 1.75758, Spectral 0.28789, Gradient 0.47740) | LR 1.25e-06
2026-07-16 01:56:18,123 INFO Epoch 79 | Batch 650/1186 | Loss 4.33591 (Pin 0.82437 [q90 0.42023, q10 0.40414], MS 1.50064, Freq 4.02179, L1 1.76053, Spectral 0.28531, Gradient 0.47587) | LR 1.25e-06
2026-07-16 01:56:40,165 INFO Epoch 79 | Batch 700/1186 | Loss 4.26505 (Pin 0.82974 [q90 0.42503, q10 0.40471], MS 1.39261, Freq 4.08539, L1 1.78938, Spectral 0.28321, Gradient 0.47992) | LR 1.25e-06
2026-07-16 01:57:02,202 INFO Epoch 79 | Batch 750/1186 | Loss 4.22522 (Pin 0.80016 [q90 0.40847, q10 0.39170], MS 1.41696, Freq 4.01620, L1 1.72939, Spectral 0.28411, Gradient 0.47599) | LR 1.25e-06
2026-07-16 01:57:24,239 INFO Epoch 79 | Batch 800/1186 | Loss 4.11153 (Pin 0.77894 [q90 0.39623, q10 0.38271], MS 1.35219, Freq 3.96080, L1 1.68769, Spectral 0.27754, Gradient 0.46752) | LR 1.25e-06
2026-07-16 01:57:46,278 INFO Epoch 79 | Batch 850/1186 | Loss 4.16375 (Pin 0.79322 [q90 0.41108, q10 0.38214], MS 1.40970, Freq 3.92165, L1 1.70156, Spectral 0.27036, Gradient 0.46153) | LR 1.25e-06
2026-07-16 01:58:08,323 INFO Epoch 79 | Batch 900/1186 | Loss 4.22626 (Pin 0.82267 [q90 0.42415, q10 0.39852], MS 1.38279, Freq 4.04160, L1 1.75958, Spectral 0.28687, Gradient 0.47574) | LR 1.25e-06
2026-07-16 01:58:30,373 INFO Epoch 79 | Batch 950/1186 | Loss 4.27758 (Pin 0.83282 [q90 0.42696, q10 0.40587], MS 1.44996, Freq 3.98958, L1 1.76890, Spectral 0.28195, Gradient 0.47572) | LR 1.25e-06
2026-07-16 01:58:52,416 INFO Epoch 79 | Batch 1000/1186 | Loss 4.17632 (Pin 0.79562 [q90 0.40903, q10 0.38659], MS 1.38582, Freq 3.98976, L1 1.70754, Spectral 0.28798, Gradient 0.47731) | LR 1.25e-06
2026-07-16 01:59:14,465 INFO Epoch 79 | Batch 1050/1186 | Loss 4.28060 (Pin 0.81097 [q90 0.41184, q10 0.39913], MS 1.41585, Freq 4.10758, L1 1.76822, Spectral 0.28017, Gradient 0.47667) | LR 1.25e-06
2026-07-16 01:59:36,506 INFO Epoch 79 | Batch 1100/1186 | Loss 4.27444 (Pin 0.80155 [q90 0.41285, q10 0.38870], MS 1.46210, Freq 4.02158, L1 1.73041, Spectral 0.28138, Gradient 0.47318) | LR 1.25e-06
2026-07-16 01:59:58,557 INFO Epoch 79 | Batch 1150/1186 | Loss 4.23523 (Pin 0.81818 [q90 0.41585, q10 0.40232], MS 1.41285, Freq 4.00842, L1 1.76567, Spectral 0.28039, Gradient 0.46997) | LR 1.25e-06
2026-07-16 02:00:51,721 INFO Epoch 79 | Val Loss 4.87877 (Pin 0.78781 [q90 0.40638, q10 0.38143], MS 2.06108, Freq 4.05975, L1 1.74654, Spectral 0.27973, Gradient 0.47447)
2026-07-16 02:00:51,721 INFO Epoch 79 | Coverage q10/q50/q90 = 0.095/0.489/0.891 (nominal .10/.50/.90) | extreme tail = 0.130/0.458/0.845
2026-07-16 02:01:14,065 INFO Epoch 80 | Batch 50/1186 | Loss 4.14012 (Pin 0.80857 [q90 0.41569, q10 0.39288], MS 1.33110, Freq 4.00089, L1 1.71936, Spectral 0.28392, Gradient 0.47220) | LR 1.25e-06
2026-07-16 02:01:36,104 INFO Epoch 80 | Batch 100/1186 | Loss 4.19922 (Pin 0.81814 [q90 0.42204, q10 0.39609], MS 1.37663, Freq 4.00890, L1 1.75198, Spectral 0.27690, Gradient 0.46873) | LR 1.25e-06
2026-07-16 02:01:58,144 INFO Epoch 80 | Batch 150/1186 | Loss 4.17941 (Pin 0.79689 [q90 0.40856, q10 0.38833], MS 1.41143, Freq 3.94218, L1 1.71675, Spectral 0.27859, Gradient 0.46520) | LR 1.25e-06
2026-07-16 02:02:20,181 INFO Epoch 80 | Batch 200/1186 | Loss 4.22194 (Pin 0.80284 [q90 0.41180, q10 0.39104], MS 1.41112, Freq 4.01598, L1 1.73152, Spectral 0.28584, Gradient 0.48017) | LR 1.25e-06
2026-07-16 02:02:42,222 INFO Epoch 80 | Batch 250/1186 | Loss 4.24834 (Pin 0.81463 [q90 0.41663, q10 0.39799], MS 1.41901, Freq 4.02941, L1 1.74110, Spectral 0.28499, Gradient 0.48012) | LR 1.25e-06
2026-07-16 02:03:04,265 INFO Epoch 80 | Batch 300/1186 | Loss 4.23579 (Pin 0.81186 [q90 0.42560, q10 0.38625], MS 1.41856, Freq 4.01074, L1 1.74602, Spectral 0.28432, Gradient 0.47659) | LR 1.25e-06
2026-07-16 02:03:26,337 INFO Epoch 80 | Batch 350/1186 | Loss 4.12715 (Pin 0.78261 [q90 0.40023, q10 0.38238], MS 1.36400, Freq 3.96109, L1 1.69520, Spectral 0.27503, Gradient 0.46611) | LR 1.25e-06
2026-07-16 02:03:48,420 INFO Epoch 80 | Batch 400/1186 | Loss 4.21427 (Pin 0.82219 [q90 0.42216, q10 0.40002], MS 1.34879, Freq 4.08657, L1 1.77732, Spectral 0.28551, Gradient 0.47939) | LR 1.25e-06
2026-07-16 02:04:10,500 INFO Epoch 80 | Batch 450/1186 | Loss 4.29021 (Pin 0.80980 [q90 0.41511, q10 0.39469], MS 1.45828, Freq 4.04425, L1 1.75275, Spectral 0.28089, Gradient 0.47687) | LR 1.25e-06
2026-07-16 02:04:32,589 INFO Epoch 80 | Batch 500/1186 | Loss 4.28831 (Pin 0.83471 [q90 0.42542, q10 0.40930], MS 1.41793, Freq 4.07132, L1 1.78491, Spectral 0.28683, Gradient 0.47943) | LR 1.25e-06
2026-07-16 02:04:54,667 INFO Epoch 80 | Batch 550/1186 | Loss 4.18599 (Pin 0.80067 [q90 0.41351, q10 0.38717], MS 1.39944, Freq 3.97176, L1 1.71873, Spectral 0.28254, Gradient 0.47149) | LR 1.25e-06
2026-07-16 02:05:16,748 INFO Epoch 80 | Batch 600/1186 | Loss 4.29389 (Pin 0.82396 [q90 0.41726, q10 0.40670], MS 1.43489, Freq 4.07008, L1 1.77674, Spectral 0.27862, Gradient 0.47380) | LR 1.25e-06
2026-07-16 02:05:38,827 INFO Epoch 80 | Batch 650/1186 | Loss 4.23756 (Pin 0.77945 [q90 0.40099, q10 0.37845], MS 1.47422, Freq 3.96780, L1 1.68539, Spectral 0.28546, Gradient 0.47621) | LR 1.25e-06
2026-07-16 02:06:00,906 INFO Epoch 80 | Batch 700/1186 | Loss 4.25558 (Pin 0.82167 [q90 0.42039, q10 0.40128], MS 1.42244, Freq 4.02293, L1 1.75873, Spectral 0.28295, Gradient 0.47275) | LR 1.25e-06
2026-07-16 02:06:22,982 INFO Epoch 80 | Batch 750/1186 | Loss 4.08444 (Pin 0.77857 [q90 0.39796, q10 0.38061], MS 1.35151, Freq 3.90873, L1 1.67435, Spectral 0.28254, Gradient 0.46991) | LR 1.25e-06
2026-07-16 02:06:45,063 INFO Epoch 80 | Batch 800/1186 | Loss 4.26289 (Pin 0.82252 [q90 0.42578, q10 0.39674], MS 1.41572, Freq 4.04930, L1 1.77159, Spectral 0.27862, Gradient 0.47469) | LR 1.25e-06
2026-07-16 02:07:07,143 INFO Epoch 80 | Batch 850/1186 | Loss 4.14114 (Pin 0.78561 [q90 0.39550, q10 0.39011], MS 1.37691, Freq 3.95726, L1 1.69739, Spectral 0.28208, Gradient 0.47084) | LR 1.25e-06
2026-07-16 02:07:29,223 INFO Epoch 80 | Batch 900/1186 | Loss 4.24442 (Pin 0.82467 [q90 0.42693, q10 0.39774], MS 1.39729, Freq 4.04491, L1 1.75618, Spectral 0.28367, Gradient 0.47718) | LR 1.25e-06
2026-07-16 02:07:51,297 INFO Epoch 80 | Batch 950/1186 | Loss 4.15470 (Pin 0.78082 [q90 0.40230, q10 0.37852], MS 1.38947, Freq 3.96881, L1 1.69384, Spectral 0.28370, Gradient 0.47308) | LR 1.25e-06
2026-07-16 02:08:13,336 INFO Epoch 80 | Batch 1000/1186 | Loss 4.46091 (Pin 0.84558 [q90 0.43096, q10 0.41462], MS 1.54055, Freq 4.14956, L1 1.81835, Spectral 0.29146, Gradient 0.49410) | LR 1.25e-06
2026-07-16 02:08:35,374 INFO Epoch 80 | Batch 1050/1186 | Loss 4.14997 (Pin 0.78437 [q90 0.40231, q10 0.38206], MS 1.39310, Freq 3.94500, L1 1.69580, Spectral 0.28657, Gradient 0.47593) | LR 1.25e-06
2026-07-16 02:08:57,405 INFO Epoch 80 | Batch 1100/1186 | Loss 4.25570 (Pin 0.80842 [q90 0.41280, q10 0.39563], MS 1.44907, Freq 3.99641, L1 1.73822, Spectral 0.28772, Gradient 0.47609) | LR 1.25e-06
2026-07-16 02:09:19,453 INFO Epoch 80 | Batch 1150/1186 | Loss 4.19187 (Pin 0.79712 [q90 0.41136, q10 0.38576], MS 1.40147, Freq 3.98658, L1 1.70794, Spectral 0.28325, Gradient 0.47376) | LR 1.25e-06
2026-07-16 02:10:12,737 INFO Epoch 80 | Val Loss 4.86422 (Pin 0.78902 [q90 0.40783, q10 0.38119], MS 2.05982, Freq 4.03076, L1 1.74247, Spectral 0.27891, Gradient 0.47066)
2026-07-16 02:10:12,737 INFO Epoch 80 | Coverage q10/q50/q90 = 0.099/0.491/0.888 (nominal .10/.50/.90) | extreme tail = 0.132/0.457/0.841
2026-07-16 02:10:35,069 INFO Epoch 81 | Batch 50/1186 | Loss 4.24521 (Pin 0.81194 [q90 0.41140, q10 0.40054], MS 1.42985, Freq 4.00684, L1 1.74667, Spectral 0.27865, Gradient 0.47132) | LR 1.25e-06
2026-07-16 02:10:57,114 INFO Epoch 81 | Batch 100/1186 | Loss 4.11341 (Pin 0.78959 [q90 0.40686, q10 0.38273], MS 1.33972, Freq 3.96821, L1 1.69519, Spectral 0.27935, Gradient 0.46938) | LR 1.25e-06
2026-07-16 02:11:19,151 INFO Epoch 81 | Batch 150/1186 | Loss 4.19769 (Pin 0.82026 [q90 0.42929, q10 0.39097], MS 1.38245, Freq 3.98996, L1 1.74668, Spectral 0.28194, Gradient 0.47004) | LR 1.25e-06
2026-07-16 02:11:41,189 INFO Epoch 81 | Batch 200/1186 | Loss 4.14845 (Pin 0.80336 [q90 0.41716, q10 0.38619], MS 1.34186, Freq 4.00647, L1 1.72568, Spectral 0.28110, Gradient 0.47184) | LR 1.25e-06
2026-07-16 02:12:03,227 INFO Epoch 81 | Batch 250/1186 | Loss 4.13152 (Pin 0.78962 [q90 0.40624, q10 0.38338], MS 1.37708, Freq 3.92965, L1 1.68689, Spectral 0.28483, Gradient 0.47182) | LR 1.25e-06
2026-07-16 02:12:25,263 INFO Epoch 81 | Batch 300/1186 | Loss 4.19547 (Pin 0.80204 [q90 0.41211, q10 0.38992], MS 1.42804, Freq 3.93077, L1 1.72710, Spectral 0.28710, Gradient 0.47168) | LR 1.25e-06
2026-07-16 02:12:47,296 INFO Epoch 81 | Batch 350/1186 | Loss 4.19813 (Pin 0.80299 [q90 0.41657, q10 0.38643], MS 1.39718, Freq 3.99592, L1 1.72900, Spectral 0.27695, Gradient 0.46923) | LR 1.25e-06
2026-07-16 02:13:09,330 INFO Epoch 81 | Batch 400/1186 | Loss 4.28613 (Pin 0.83659 [q90 0.42978, q10 0.40681], MS 1.39643, Freq 4.10621, L1 1.79145, Spectral 0.29412, Gradient 0.48556) | LR 1.25e-06
2026-07-16 02:13:31,368 INFO Epoch 81 | Batch 450/1186 | Loss 4.24465 (Pin 0.80990 [q90 0.41667, q10 0.39322], MS 1.41122, Freq 4.04707, L1 1.74797, Spectral 0.28760, Gradient 0.48127) | LR 1.25e-06
2026-07-16 02:13:53,542 INFO Epoch 81 | Batch 500/1186 | Loss 4.19941 (Pin 0.81277 [q90 0.41677, q10 0.39601], MS 1.36802, Freq 4.03724, L1 1.75427, Spectral 0.28478, Gradient 0.47595) | LR 1.25e-06
2026-07-16 02:14:15,576 INFO Epoch 81 | Batch 550/1186 | Loss 4.20877 (Pin 0.82555 [q90 0.42322, q10 0.40234], MS 1.36542, Freq 4.03560, L1 1.76556, Spectral 0.28388, Gradient 0.47493) | LR 1.25e-06
2026-07-16 02:14:37,610 INFO Epoch 81 | Batch 600/1186 | Loss 4.18465 (Pin 0.81674 [q90 0.41704, q10 0.39970], MS 1.34717, Freq 4.04149, L1 1.75691, Spectral 0.27636, Gradient 0.47256) | LR 1.25e-06
2026-07-16 02:14:59,645 INFO Epoch 81 | Batch 650/1186 | Loss 4.13384 (Pin 0.79305 [q90 0.40147, q10 0.39158], MS 1.33595, Freq 4.00968, L1 1.71201, Spectral 0.27692, Gradient 0.46900) | LR 1.25e-06
2026-07-16 02:15:21,688 INFO Epoch 81 | Batch 700/1186 | Loss 4.22594 (Pin 0.80684 [q90 0.41393, q10 0.39291], MS 1.43102, Freq 3.97617, L1 1.73477, Spectral 0.28002, Gradient 0.46952) | LR 1.25e-06
2026-07-16 02:15:43,733 INFO Epoch 81 | Batch 750/1186 | Loss 4.23069 (Pin 0.81340 [q90 0.42273, q10 0.39067], MS 1.39653, Freq 4.04150, L1 1.75040, Spectral 0.27666, Gradient 0.47435) | LR 1.25e-06
2026-07-16 02:16:05,768 INFO Epoch 81 | Batch 800/1186 | Loss 4.22254 (Pin 0.80588 [q90 0.41016, q10 0.39571], MS 1.42011, Freq 3.99311, L1 1.73917, Spectral 0.28691, Gradient 0.47558) | LR 1.25e-06
2026-07-16 02:16:27,804 INFO Epoch 81 | Batch 850/1186 | Loss 4.15944 (Pin 0.77665 [q90 0.39985, q10 0.37680], MS 1.40731, Freq 3.95097, L1 1.69319, Spectral 0.28363, Gradient 0.47102) | LR 1.25e-06
2026-07-16 02:16:49,836 INFO Epoch 81 | Batch 900/1186 | Loss 4.28268 (Pin 0.82277 [q90 0.42245, q10 0.40032], MS 1.42108, Freq 4.07766, L1 1.77544, Spectral 0.28419, Gradient 0.47867) | LR 1.25e-06
2026-07-16 02:17:11,871 INFO Epoch 81 | Batch 950/1186 | Loss 4.24671 (Pin 0.81077 [q90 0.41992, q10 0.39085], MS 1.41616, Freq 4.03955, L1 1.74740, Spectral 0.28528, Gradient 0.48192) | LR 1.25e-06
2026-07-16 02:17:33,906 INFO Epoch 81 | Batch 1000/1186 | Loss 4.19110 (Pin 0.81493 [q90 0.41246, q10 0.40247], MS 1.37163, Freq 4.00908, L1 1.74237, Spectral 0.28428, Gradient 0.47629) | LR 1.25e-06
2026-07-16 02:17:55,943 INFO Epoch 81 | Batch 1050/1186 | Loss 4.18628 (Pin 0.79233 [q90 0.40452, q10 0.38781], MS 1.42789, Freq 3.93211, L1 1.69884, Spectral 0.27505, Gradient 0.46302) | LR 1.25e-06
2026-07-16 02:18:17,981 INFO Epoch 81 | Batch 1100/1186 | Loss 4.15837 (Pin 0.77645 [q90 0.39705, q10 0.37940], MS 1.38692, Freq 3.99000, L1 1.69309, Spectral 0.28476, Gradient 0.47829) | LR 1.25e-06
2026-07-16 02:18:40,018 INFO Epoch 81 | Batch 1150/1186 | Loss 4.18824 (Pin 0.80285 [q90 0.40934, q10 0.39352], MS 1.38645, Freq 3.99787, L1 1.73082, Spectral 0.28346, Gradient 0.47523) | LR 1.25e-06
2026-07-16 02:19:33,201 INFO Epoch 81 | Val Loss 4.86151 (Pin 0.78894 [q90 0.40730, q10 0.38165], MS 2.05647, Freq 4.03220, L1 1.74562, Spectral 0.27924, Gradient 0.47207)
2026-07-16 02:19:33,201 INFO Epoch 81 | Coverage q10/q50/q90 = 0.098/0.491/0.889 (nominal .10/.50/.90) | extreme tail = 0.132/0.457/0.841
2026-07-16 02:19:55,539 INFO Epoch 82 | Batch 50/1186 | Loss 4.15644 (Pin 0.78625 [q90 0.40173, q10 0.38453], MS 1.38180, Freq 3.97678, L1 1.71019, Spectral 0.28383, Gradient 0.47563) | LR 1.25e-06
2026-07-16 02:20:17,567 INFO Epoch 82 | Batch 100/1186 | Loss 4.05256 (Pin 0.78866 [q90 0.40044, q10 0.38822], MS 1.29901, Freq 3.92979, L1 1.69521, Spectral 0.27900, Gradient 0.46493) | LR 1.25e-06
2026-07-16 02:20:39,602 INFO Epoch 82 | Batch 150/1186 | Loss 4.12769 (Pin 0.80772 [q90 0.41573, q10 0.39199], MS 1.33123, Freq 3.97747, L1 1.73131, Spectral 0.27892, Gradient 0.47015) | LR 1.25e-06
2026-07-16 02:21:01,638 INFO Epoch 82 | Batch 200/1186 | Loss 4.33746 (Pin 0.82760 [q90 0.42746, q10 0.40015], MS 1.48560, Freq 4.04851, L1 1.76838, Spectral 0.28146, Gradient 0.47776) | LR 1.25e-06
2026-07-16 02:21:23,672 INFO Epoch 82 | Batch 250/1186 | Loss 4.21482 (Pin 0.79593 [q90 0.40977, q10 0.38616], MS 1.45048, Freq 3.93682, L1 1.70365, Spectral 0.28563, Gradient 0.47211) | LR 1.25e-06
2026-07-16 02:21:45,704 INFO Epoch 82 | Batch 300/1186 | Loss 4.20992 (Pin 0.79805 [q90 0.40802, q10 0.39003], MS 1.43987, Freq 3.94399, L1 1.72512, Spectral 0.28366, Gradient 0.47308) | LR 1.25e-06
2026-07-16 02:22:07,736 INFO Epoch 82 | Batch 350/1186 | Loss 4.30587 (Pin 0.83130 [q90 0.42160, q10 0.40970], MS 1.42075, Freq 4.10766, L1 1.79002, Spectral 0.28679, Gradient 0.48146) | LR 1.25e-06
2026-07-16 02:22:29,770 INFO Epoch 82 | Batch 400/1186 | Loss 4.18491 (Pin 0.79649 [q90 0.40784, q10 0.38865], MS 1.40693, Freq 3.96299, L1 1.71281, Spectral 0.28262, Gradient 0.46911) | LR 1.25e-06
2026-07-16 02:22:51,804 INFO Epoch 82 | Batch 450/1186 | Loss 4.21820 (Pin 0.81493 [q90 0.41748, q10 0.39745], MS 1.36421, Freq 4.07813, L1 1.76011, Spectral 0.28310, Gradient 0.47889) | LR 1.25e-06
2026-07-16 02:23:13,845 INFO Epoch 82 | Batch 500/1186 | Loss 4.10732 (Pin 0.78642 [q90 0.40377, q10 0.38265], MS 1.32824, Freq 3.98534, L1 1.70236, Spectral 0.28319, Gradient 0.47813) | LR 1.25e-06
2026-07-16 02:23:35,886 INFO Epoch 82 | Batch 550/1186 | Loss 4.21267 (Pin 0.80477 [q90 0.41189, q10 0.39288], MS 1.41362, Freq 3.98855, L1 1.72898, Spectral 0.28000, Gradient 0.47073) | LR 1.25e-06
2026-07-16 02:23:57,932 INFO Epoch 82 | Batch 600/1186 | Loss 4.24633 (Pin 0.82238 [q90 0.41540, q10 0.40697], MS 1.40777, Freq 4.03236, L1 1.76868, Spectral 0.27782, Gradient 0.46879) | LR 1.25e-06
2026-07-16 02:24:19,965 INFO Epoch 82 | Batch 650/1186 | Loss 4.21721 (Pin 0.80018 [q90 0.41318, q10 0.38700], MS 1.41722, Freq 3.99961, L1 1.73191, Spectral 0.28247, Gradient 0.47772) | LR 1.25e-06
2026-07-16 02:24:42,006 INFO Epoch 82 | Batch 700/1186 | Loss 4.24065 (Pin 0.81629 [q90 0.42645, q10 0.38984], MS 1.40666, Freq 4.03538, L1 1.74598, Spectral 0.28196, Gradient 0.47765) | LR 1.25e-06
2026-07-16 02:25:04,040 INFO Epoch 82 | Batch 750/1186 | Loss 4.16999 (Pin 0.80745 [q90 0.42207, q10 0.38538], MS 1.36224, Freq 4.00060, L1 1.73584, Spectral 0.28545, Gradient 0.47746) | LR 1.25e-06
2026-07-16 02:25:26,074 INFO Epoch 82 | Batch 800/1186 | Loss 4.20342 (Pin 0.81754 [q90 0.41298, q10 0.40456], MS 1.38446, Freq 4.00284, L1 1.74983, Spectral 0.29029, Gradient 0.47791) | LR 1.25e-06
2026-07-16 02:25:48,113 INFO Epoch 82 | Batch 850/1186 | Loss 4.20381 (Pin 0.81316 [q90 0.41225, q10 0.40091], MS 1.35999, Freq 4.06132, L1 1.75400, Spectral 0.28572, Gradient 0.47881) | LR 1.25e-06
2026-07-16 02:26:10,146 INFO Epoch 82 | Batch 900/1186 | Loss 4.20526 (Pin 0.79495 [q90 0.40806, q10 0.38689], MS 1.44849, Freq 3.92364, L1 1.69492, Spectral 0.28309, Gradient 0.46953) | LR 1.25e-06
2026-07-16 02:26:32,181 INFO Epoch 82 | Batch 950/1186 | Loss 4.17450 (Pin 0.80500 [q90 0.41477, q10 0.39023], MS 1.36771, Freq 4.00358, L1 1.72666, Spectral 0.28439, Gradient 0.47588) | LR 1.25e-06
2026-07-16 02:26:54,213 INFO Epoch 82 | Batch 1000/1186 | Loss 4.35075 (Pin 0.83042 [q90 0.43203, q10 0.39839], MS 1.46026, Freq 4.12015, L1 1.79139, Spectral 0.28443, Gradient 0.48477) | LR 1.25e-06
2026-07-16 02:27:16,246 INFO Epoch 82 | Batch 1050/1186 | Loss 4.14558 (Pin 0.78689 [q90 0.40460, q10 0.38229], MS 1.35902, Freq 3.99934, L1 1.70518, Spectral 0.28028, Gradient 0.47375) | LR 1.25e-06
2026-07-16 02:27:38,279 INFO Epoch 82 | Batch 1100/1186 | Loss 4.21017 (Pin 0.80685 [q90 0.41653, q10 0.39032], MS 1.38566, Freq 4.03532, L1 1.74079, Spectral 0.28107, Gradient 0.47419) | LR 1.25e-06
2026-07-16 02:28:00,312 INFO Epoch 82 | Batch 1150/1186 | Loss 4.29217 (Pin 0.82846 [q90 0.42739, q10 0.40107], MS 1.43718, Freq 4.05308, L1 1.78256, Spectral 0.28122, Gradient 0.47554) | LR 1.25e-06
2026-07-16 02:28:53,469 INFO Epoch 82 | Val Loss 4.87415 (Pin 0.78812 [q90 0.40660, q10 0.38152], MS 2.05636, Freq 4.05934, L1 1.74713, Spectral 0.27908, Gradient 0.47344)
2026-07-16 02:28:53,469 INFO Epoch 82 | Coverage q10/q50/q90 = 0.097/0.488/0.890 (nominal .10/.50/.90) | extreme tail = 0.133/0.460/0.846
2026-07-16 02:29:15,852 INFO Epoch 83 | Batch 50/1186 | Loss 4.23686 (Pin 0.81008 [q90 0.41416, q10 0.39592], MS 1.40264, Freq 4.04827, L1 1.75733, Spectral 0.28116, Gradient 0.47205) | LR 1.25e-06
2026-07-16 02:29:37,925 INFO Epoch 83 | Batch 100/1186 | Loss 4.18086 (Pin 0.80253 [q90 0.41076, q10 0.39177], MS 1.38410, Freq 3.98845, L1 1.71959, Spectral 0.28005, Gradient 0.47484) | LR 1.25e-06
2026-07-16 02:29:59,977 INFO Epoch 83 | Batch 150/1186 | Loss 4.23490 (Pin 0.81422 [q90 0.41784, q10 0.39638], MS 1.39362, Freq 4.05413, L1 1.76501, Spectral 0.27822, Gradient 0.47620) | LR 1.25e-06
2026-07-16 02:30:22,004 INFO Epoch 83 | Batch 200/1186 | Loss 4.14230 (Pin 0.77955 [q90 0.40465, q10 0.37490], MS 1.38910, Freq 3.94729, L1 1.68252, Spectral 0.28250, Gradient 0.47149) | LR 1.25e-06
2026-07-16 02:30:44,034 INFO Epoch 83 | Batch 250/1186 | Loss 4.19624 (Pin 0.81413 [q90 0.42290, q10 0.39123], MS 1.39051, Freq 3.98320, L1 1.74468, Spectral 0.27675, Gradient 0.47049) | LR 1.25e-06
2026-07-16 02:31:06,113 INFO Epoch 83 | Batch 300/1186 | Loss 4.30278 (Pin 0.80667 [q90 0.42094, q10 0.38573], MS 1.48514, Freq 4.02196, L1 1.72756, Spectral 0.28482, Gradient 0.47643) | LR 1.25e-06
2026-07-16 02:31:28,170 INFO Epoch 83 | Batch 350/1186 | Loss 4.26694 (Pin 0.82052 [q90 0.42504, q10 0.39548], MS 1.41746, Freq 4.05794, L1 1.75707, Spectral 0.28347, Gradient 0.47749) | LR 1.25e-06
2026-07-16 02:31:50,232 INFO Epoch 83 | Batch 400/1186 | Loss 4.21188 (Pin 0.79467 [q90 0.40604, q10 0.38862], MS 1.42055, Freq 3.99331, L1 1.71150, Spectral 0.28270, Gradient 0.47232) | LR 1.25e-06
2026-07-16 02:32:12,260 INFO Epoch 83 | Batch 450/1186 | Loss 4.31840 (Pin 0.83216 [q90 0.42792, q10 0.40424], MS 1.45170, Freq 4.06908, L1 1.78663, Spectral 0.28762, Gradient 0.47876) | LR 1.25e-06
2026-07-16 02:32:34,287 INFO Epoch 83 | Batch 500/1186 | Loss 4.20884 (Pin 0.81713 [q90 0.41867, q10 0.39846], MS 1.37618, Freq 4.03105, L1 1.75576, Spectral 0.28479, Gradient 0.47759) | LR 1.25e-06
2026-07-16 02:32:56,313 INFO Epoch 83 | Batch 550/1186 | Loss 4.23349 (Pin 0.81192 [q90 0.41749, q10 0.39444], MS 1.39581, Freq 4.05151, L1 1.75079, Spectral 0.28432, Gradient 0.48281) | LR 1.25e-06
2026-07-16 02:33:18,342 INFO Epoch 83 | Batch 600/1186 | Loss 4.05144 (Pin 0.77852 [q90 0.39658, q10 0.38194], MS 1.29717, Freq 3.95151, L1 1.69382, Spectral 0.28222, Gradient 0.46981) | LR 1.25e-06
2026-07-16 02:33:40,370 INFO Epoch 83 | Batch 650/1186 | Loss 4.11476 (Pin 0.79370 [q90 0.40608, q10 0.38762], MS 1.34361, Freq 3.95491, L1 1.71250, Spectral 0.27715, Gradient 0.46720) | LR 1.25e-06
2026-07-16 02:34:02,408 INFO Epoch 83 | Batch 700/1186 | Loss 4.26752 (Pin 0.80767 [q90 0.41915, q10 0.38852], MS 1.46670, Freq 3.98629, L1 1.72701, Spectral 0.28754, Gradient 0.47889) | LR 1.25e-06
2026-07-16 02:34:24,441 INFO Epoch 83 | Batch 750/1186 | Loss 4.29161 (Pin 0.82777 [q90 0.41898, q10 0.40879], MS 1.42579, Freq 4.07611, L1 1.78137, Spectral 0.28472, Gradient 0.47901) | LR 1.25e-06
2026-07-16 02:34:46,474 INFO Epoch 83 | Batch 800/1186 | Loss 4.07351 (Pin 0.78091 [q90 0.40027, q10 0.38064], MS 1.31842, Freq 3.94835, L1 1.67779, Spectral 0.28098, Gradient 0.47181) | LR 1.25e-06
2026-07-16 02:35:08,510 INFO Epoch 83 | Batch 850/1186 | Loss 4.16317 (Pin 0.79830 [q90 0.40720, q10 0.39110], MS 1.35467, Freq 4.02038, L1 1.72095, Spectral 0.28186, Gradient 0.47693) | LR 1.25e-06
2026-07-16 02:35:30,542 INFO Epoch 83 | Batch 900/1186 | Loss 4.23567 (Pin 0.82231 [q90 0.42263, q10 0.39969], MS 1.38233, Freq 4.06205, L1 1.76044, Spectral 0.28740, Gradient 0.48105) | LR 1.25e-06
2026-07-16 02:35:52,577 INFO Epoch 83 | Batch 950/1186 | Loss 4.26567 (Pin 0.82347 [q90 0.42165, q10 0.40182], MS 1.44001, Freq 4.00437, L1 1.75652, Spectral 0.28316, Gradient 0.47299) | LR 1.25e-06
2026-07-16 02:36:14,652 INFO Epoch 83 | Batch 1000/1186 | Loss 4.17879 (Pin 0.79790 [q90 0.40786, q10 0.39004], MS 1.37144, Freq 4.01892, L1 1.73552, Spectral 0.27882, Gradient 0.47161) | LR 1.25e-06
2026-07-16 02:36:36,742 INFO Epoch 83 | Batch 1050/1186 | Loss 4.17158 (Pin 0.79907 [q90 0.40780, q10 0.39127], MS 1.36227, Freq 4.02047, L1 1.71743, Spectral 0.28368, Gradient 0.47589) | LR 1.25e-06
2026-07-16 02:36:58,821 INFO Epoch 83 | Batch 1100/1186 | Loss 4.28113 (Pin 0.82682 [q90 0.42579, q10 0.40103], MS 1.41006, Freq 4.08851, L1 1.79488, Spectral 0.28315, Gradient 0.48184) | LR 1.25e-06
2026-07-16 02:37:20,929 INFO Epoch 83 | Batch 1150/1186 | Loss 4.21271 (Pin 0.82376 [q90 0.42715, q10 0.39661], MS 1.40590, Freq 3.96611, L1 1.74907, Spectral 0.28624, Gradient 0.47137) | LR 1.25e-06
2026-07-16 02:38:14,477 INFO Epoch 83 | Val Loss 4.85939 (Pin 0.78750 [q90 0.40658, q10 0.38092], MS 2.06241, Freq 4.01896, L1 1.74055, Spectral 0.27839, Gradient 0.46999)
2026-07-16 02:38:14,478 INFO Epoch 83 | Coverage q10/q50/q90 = 0.099/0.494/0.891 (nominal .10/.50/.90) | extreme tail = 0.135/0.461/0.842
2026-07-16 02:38:37,218 INFO Epoch 84 | Batch 50/1186 | Loss 4.09630 (Pin 0.79389 [q90 0.40841, q10 0.38548], MS 1.33053, Freq 3.94376, L1 1.69911, Spectral 0.28588, Gradient 0.47136) | LR 1.25e-06
2026-07-16 02:38:59,438 INFO Epoch 84 | Batch 100/1186 | Loss 4.18791 (Pin 0.79925 [q90 0.40843, q10 0.39081], MS 1.43128, Freq 3.91478, L1 1.70915, Spectral 0.27790, Gradient 0.46403) | LR 1.25e-06
2026-07-16 02:39:21,529 INFO Epoch 84 | Batch 150/1186 | Loss 4.07339 (Pin 0.80321 [q90 0.40895, q10 0.39426], MS 1.25262, Freq 4.03513, L1 1.73430, Spectral 0.27899, Gradient 0.47218) | LR 1.25e-06
2026-07-16 02:39:43,611 INFO Epoch 84 | Batch 200/1186 | Loss 4.21097 (Pin 0.81292 [q90 0.42125, q10 0.39168], MS 1.39751, Freq 4.00108, L1 1.72798, Spectral 0.27693, Gradient 0.47123) | LR 1.25e-06
2026-07-16 02:40:05,710 INFO Epoch 84 | Batch 250/1186 | Loss 4.29359 (Pin 0.84352 [q90 0.43423, q10 0.40929], MS 1.40023, Freq 4.09968, L1 1.80330, Spectral 0.28611, Gradient 0.47966) | LR 1.25e-06
2026-07-16 02:40:27,839 INFO Epoch 84 | Batch 300/1186 | Loss 4.11181 (Pin 0.77308 [q90 0.39834, q10 0.37474], MS 1.37186, Freq 3.93375, L1 1.67325, Spectral 0.28096, Gradient 0.46996) | LR 1.25e-06
2026-07-16 02:40:49,916 INFO Epoch 84 | Batch 350/1186 | Loss 4.13241 (Pin 0.78787 [q90 0.40574, q10 0.38212], MS 1.35768, Freq 3.97372, L1 1.70369, Spectral 0.28283, Gradient 0.47038) | LR 1.25e-06
2026-07-16 02:41:11,948 INFO Epoch 84 | Batch 400/1186 | Loss 4.30865 (Pin 0.81606 [q90 0.41678, q10 0.39927], MS 1.48021, Freq 4.02478, L1 1.75412, Spectral 0.28681, Gradient 0.47773) | LR 1.25e-06
2026-07-16 02:41:33,982 INFO Epoch 84 | Batch 450/1186 | Loss 4.28126 (Pin 0.83441 [q90 0.42735, q10 0.40707], MS 1.42512, Freq 4.04345, L1 1.78393, Spectral 0.28620, Gradient 0.47893) | LR 1.25e-06
2026-07-16 02:41:56,017 INFO Epoch 84 | Batch 500/1186 | Loss 4.33821 (Pin 0.81829 [q90 0.41922, q10 0.39907], MS 1.44899, Freq 4.14186, L1 1.76525, Spectral 0.29238, Gradient 0.49272) | LR 1.25e-06
2026-07-16 02:42:18,058 INFO Epoch 84 | Batch 550/1186 | Loss 4.15571 (Pin 0.80228 [q90 0.41129, q10 0.39099], MS 1.34333, Freq 4.02020, L1 1.72220, Spectral 0.29128, Gradient 0.48135) | LR 1.25e-06
2026-07-16 02:42:40,105 INFO Epoch 84 | Batch 600/1186 | Loss 4.12438 (Pin 0.80364 [q90 0.41670, q10 0.38694], MS 1.34713, Freq 3.94721, L1 1.72142, Spectral 0.28015, Gradient 0.46724) | LR 1.25e-06
2026-07-16 02:43:02,139 INFO Epoch 84 | Batch 650/1186 | Loss 4.19321 (Pin 0.81341 [q90 0.41570, q10 0.39772], MS 1.40263, Freq 3.95432, L1 1.72731, Spectral 0.28343, Gradient 0.47114) | LR 1.25e-06
2026-07-16 02:43:24,192 INFO Epoch 84 | Batch 700/1186 | Loss 4.15636 (Pin 0.79353 [q90 0.40654, q10 0.38699], MS 1.33753, Freq 4.05061, L1 1.72077, Spectral 0.28196, Gradient 0.47992) | LR 1.25e-06
2026-07-16 02:43:46,258 INFO Epoch 84 | Batch 750/1186 | Loss 4.35052 (Pin 0.83826 [q90 0.43611, q10 0.40215], MS 1.45312, Freq 4.11829, L1 1.80817, Spectral 0.28240, Gradient 0.48515) | LR 1.25e-06
2026-07-16 02:44:08,326 INFO Epoch 84 | Batch 800/1186 | Loss 4.31289 (Pin 0.81919 [q90 0.41845, q10 0.40074], MS 1.46547, Freq 4.05646, L1 1.78469, Spectral 0.27958, Gradient 0.47575) | LR 1.25e-06
2026-07-16 02:44:30,395 INFO Epoch 84 | Batch 850/1186 | Loss 4.15651 (Pin 0.78503 [q90 0.40047, q10 0.38456], MS 1.40110, Freq 3.94076, L1 1.70137, Spectral 0.28057, Gradient 0.47169) | LR 1.25e-06
2026-07-16 02:44:52,445 INFO Epoch 84 | Batch 900/1186 | Loss 4.10599 (Pin 0.78658 [q90 0.40219, q10 0.38439], MS 1.36514, Freq 3.90855, L1 1.68359, Spectral 0.27506, Gradient 0.46367) | LR 1.25e-06
2026-07-16 02:45:14,457 INFO Epoch 84 | Batch 950/1186 | Loss 4.17322 (Pin 0.80821 [q90 0.41470, q10 0.39351], MS 1.37882, Freq 3.97237, L1 1.72743, Spectral 0.27746, Gradient 0.46704) | LR 1.25e-06
2026-07-16 02:45:36,488 INFO Epoch 84 | Batch 1000/1186 | Loss 4.28300 (Pin 0.81370 [q90 0.41967, q10 0.39403], MS 1.44922, Freq 4.04017, L1 1.76348, Spectral 0.28142, Gradient 0.47642) | LR 1.25e-06
2026-07-16 02:45:58,554 INFO Epoch 84 | Batch 1050/1186 | Loss 4.18888 (Pin 0.78402 [q90 0.40367, q10 0.38035], MS 1.40177, Freq 4.00617, L1 1.71507, Spectral 0.28736, Gradient 0.47750) | LR 1.25e-06
2026-07-16 02:46:20,616 INFO Epoch 84 | Batch 1100/1186 | Loss 4.20079 (Pin 0.80363 [q90 0.41105, q10 0.39258], MS 1.41845, Freq 3.95742, L1 1.72327, Spectral 0.28017, Gradient 0.46879) | LR 1.25e-06
2026-07-16 02:46:42,678 INFO Epoch 84 | Batch 1150/1186 | Loss 4.19168 (Pin 0.81708 [q90 0.41894, q10 0.39814], MS 1.36285, Freq 4.02352, L1 1.75014, Spectral 0.28012, Gradient 0.47248) | LR 1.25e-06
2026-07-16 02:47:35,803 INFO Epoch 84 | Val Loss 4.87757 (Pin 0.78836 [q90 0.40649, q10 0.38187], MS 2.05939, Freq 4.05963, L1 1.75042, Spectral 0.27871, Gradient 0.47355)
2026-07-16 02:47:35,803 INFO Epoch 84 | Coverage q10/q50/q90 = 0.095/0.488/0.891 (nominal .10/.50/.90) | extreme tail = 0.127/0.451/0.846
2026-07-16 02:47:58,153 INFO Epoch 85 | Batch 50/1186 | Loss 4.16910 (Pin 0.82155 [q90 0.41731, q10 0.40425], MS 1.32597, Freq 4.04316, L1 1.76902, Spectral 0.27514, Gradient 0.46629) | LR 1.25e-06
2026-07-16 02:48:20,171 INFO Epoch 85 | Batch 100/1186 | Loss 4.19528 (Pin 0.80046 [q90 0.40625, q10 0.39422], MS 1.41229, Freq 3.96506, L1 1.71984, Spectral 0.28184, Gradient 0.47160) | LR 1.25e-06
2026-07-16 02:48:42,211 INFO Epoch 85 | Batch 150/1186 | Loss 4.17590 (Pin 0.80440 [q90 0.41468, q10 0.38972], MS 1.38395, Freq 3.97510, L1 1.72977, Spectral 0.28594, Gradient 0.47619) | LR 1.25e-06
2026-07-16 02:49:04,260 INFO Epoch 85 | Batch 200/1186 | Loss 4.24416 (Pin 0.83732 [q90 0.43165, q10 0.40567], MS 1.38721, Freq 4.03925, L1 1.80055, Spectral 0.28358, Gradient 0.47408) | LR 1.25e-06
2026-07-16 02:49:26,311 INFO Epoch 85 | Batch 250/1186 | Loss 4.29260 (Pin 0.81230 [q90 0.41419, q10 0.39811], MS 1.46303, Freq 4.03454, L1 1.75541, Spectral 0.28351, Gradient 0.47525) | LR 1.25e-06
2026-07-16 02:49:48,389 INFO Epoch 85 | Batch 300/1186 | Loss 4.14080 (Pin 0.78472 [q90 0.39703, q10 0.38770], MS 1.36388, Freq 3.98440, L1 1.70788, Spectral 0.28837, Gradient 0.47764) | LR 1.25e-06
2026-07-16 02:50:10,456 INFO Epoch 85 | Batch 350/1186 | Loss 4.06724 (Pin 0.77659 [q90 0.39692, q10 0.37967], MS 1.32939, Freq 3.92253, L1 1.67614, Spectral 0.27838, Gradient 0.46927) | LR 1.25e-06
2026-07-16 02:50:32,517 INFO Epoch 85 | Batch 400/1186 | Loss 4.21309 (Pin 0.80604 [q90 0.41791, q10 0.38813], MS 1.40893, Freq 3.99624, L1 1.73176, Spectral 0.28085, Gradient 0.47464) | LR 1.25e-06
2026-07-16 02:50:54,583 INFO Epoch 85 | Batch 450/1186 | Loss 4.33873 (Pin 0.84375 [q90 0.43343, q10 0.41031], MS 1.45677, Freq 4.07642, L1 1.80817, Spectral 0.28282, Gradient 0.47564) | LR 1.25e-06
2026-07-16 02:51:16,650 INFO Epoch 85 | Batch 500/1186 | Loss 4.06997 (Pin 0.78251 [q90 0.40458, q10 0.37793], MS 1.34168, Freq 3.89158, L1 1.68116, Spectral 0.27730, Gradient 0.46401) | LR 1.25e-06
2026-07-16 02:51:38,715 INFO Epoch 85 | Batch 550/1186 | Loss 4.20988 (Pin 0.80701 [q90 0.41644, q10 0.39057], MS 1.36780, Freq 4.07014, L1 1.74711, Spectral 0.28730, Gradient 0.48347) | LR 1.25e-06
2026-07-16 02:52:00,774 INFO Epoch 85 | Batch 600/1186 | Loss 4.13886 (Pin 0.79205 [q90 0.40799, q10 0.38406], MS 1.35726, Freq 3.97910, L1 1.71338, Spectral 0.28118, Gradient 0.46681) | LR 1.25e-06
2026-07-16 02:52:22,837 INFO Epoch 85 | Batch 650/1186 | Loss 4.22627 (Pin 0.81158 [q90 0.41470, q10 0.39688], MS 1.37963, Freq 4.07011, L1 1.75623, Spectral 0.28995, Gradient 0.48594) | LR 1.25e-06
2026-07-16 02:52:44,896 INFO Epoch 85 | Batch 700/1186 | Loss 4.24337 (Pin 0.80703 [q90 0.41603, q10 0.39100], MS 1.44343, Freq 3.98581, L1 1.73017, Spectral 0.27950, Gradient 0.46915) | LR 1.25e-06
2026-07-16 02:53:06,947 INFO Epoch 85 | Batch 750/1186 | Loss 4.05273 (Pin 0.76624 [q90 0.39337, q10 0.37287], MS 1.35701, Freq 3.85895, L1 1.64257, Spectral 0.27756, Gradient 0.46129) | LR 1.25e-06
2026-07-16 02:53:29,005 INFO Epoch 85 | Batch 800/1186 | Loss 4.30572 (Pin 0.83097 [q90 0.42980, q10 0.40116], MS 1.43969, Freq 4.07011, L1 1.76953, Spectral 0.28574, Gradient 0.48189) | LR 1.25e-06
2026-07-16 02:53:51,068 INFO Epoch 85 | Batch 850/1186 | Loss 4.18542 (Pin 0.80087 [q90 0.40810, q10 0.39277], MS 1.36215, Freq 4.04478, L1 1.73311, Spectral 0.28494, Gradient 0.48159) | LR 1.25e-06
2026-07-16 02:54:13,089 INFO Epoch 85 | Batch 900/1186 | Loss 4.17303 (Pin 0.79517 [q90 0.41120, q10 0.38397], MS 1.37382, Freq 4.00807, L1 1.71218, Spectral 0.27865, Gradient 0.47100) | LR 1.25e-06
2026-07-16 02:54:35,136 INFO Epoch 85 | Batch 950/1186 | Loss 4.25193 (Pin 0.81229 [q90 0.41635, q10 0.39594], MS 1.40914, Freq 4.06102, L1 1.73267, Spectral 0.29108, Gradient 0.48987) | LR 1.25e-06
2026-07-16 02:54:57,205 INFO Epoch 85 | Batch 1000/1186 | Loss 4.13611 (Pin 0.78448 [q90 0.40053, q10 0.38395], MS 1.38015, Freq 3.94296, L1 1.68845, Spectral 0.28149, Gradient 0.46933) | LR 1.25e-06
2026-07-16 02:55:19,258 INFO Epoch 85 | Batch 1050/1186 | Loss 4.22005 (Pin 0.81026 [q90 0.42346, q10 0.38680], MS 1.42174, Freq 3.97610, L1 1.73991, Spectral 0.28022, Gradient 0.46935) | LR 1.25e-06
2026-07-16 02:55:41,329 INFO Epoch 85 | Batch 1100/1186 | Loss 4.20375 (Pin 0.81488 [q90 0.41363, q10 0.40125], MS 1.38193, Freq 4.01387, L1 1.75495, Spectral 0.27714, Gradient 0.47574) | LR 1.25e-06
2026-07-16 02:56:03,388 INFO Epoch 85 | Batch 1150/1186 | Loss 4.41314 (Pin 0.84169 [q90 0.42905, q10 0.41265], MS 1.49596, Freq 4.15097, L1 1.81019, Spectral 0.28559, Gradient 0.48626) | LR 1.25e-06
2026-07-16 02:56:56,479 INFO Epoch 85 | Val Loss 4.87577 (Pin 0.78889 [q90 0.40679, q10 0.38211], MS 2.06605, Freq 4.04166, L1 1.74682, Spectral 0.27877, Gradient 0.47216)
2026-07-16 02:56:56,479 INFO Epoch 85 | Coverage q10/q50/q90 = 0.097/0.485/0.889 (nominal .10/.50/.90) | extreme tail = 0.127/0.448/0.844
2026-07-16 02:57:18,833 INFO Epoch 86 | Batch 50/1186 | Loss 4.17320 (Pin 0.81113 [q90 0.41216, q10 0.39897], MS 1.36116, Freq 4.00182, L1 1.74078, Spectral 0.28408, Gradient 0.47437) | LR 1.25e-06
2026-07-16 02:57:40,862 INFO Epoch 86 | Batch 100/1186 | Loss 4.30716 (Pin 0.82180 [q90 0.41298, q10 0.40882], MS 1.41988, Freq 4.13097, L1 1.77907, Spectral 0.28350, Gradient 0.48557) | LR 1.25e-06
2026-07-16 02:58:02,888 INFO Epoch 86 | Batch 150/1186 | Loss 4.16685 (Pin 0.79247 [q90 0.40805, q10 0.38441], MS 1.37090, Freq 4.00696, L1 1.71378, Spectral 0.28443, Gradient 0.47674) | LR 1.25e-06
2026-07-16 02:58:24,941 INFO Epoch 86 | Batch 200/1186 | Loss 4.17292 (Pin 0.81161 [q90 0.41760, q10 0.39401], MS 1.38081, Freq 3.96099, L1 1.74146, Spectral 0.28495, Gradient 0.47196) | LR 1.25e-06
2026-07-16 02:58:47,000 INFO Epoch 86 | Batch 250/1186 | Loss 4.13356 (Pin 0.79580 [q90 0.40995, q10 0.38585], MS 1.35131, Freq 3.97288, L1 1.71763, Spectral 0.28133, Gradient 0.47116) | LR 1.25e-06
2026-07-16 02:59:09,023 INFO Epoch 86 | Batch 300/1186 | Loss 4.15578 (Pin 0.78785 [q90 0.40124, q10 0.38661], MS 1.36856, Freq 3.99875, L1 1.70559, Spectral 0.27777, Gradient 0.47192) | LR 1.25e-06
2026-07-16 02:59:31,074 INFO Epoch 86 | Batch 350/1186 | Loss 4.17068 (Pin 0.78745 [q90 0.40085, q10 0.38659], MS 1.41266, Freq 3.94114, L1 1.70804, Spectral 0.28746, Gradient 0.47039) | LR 1.25e-06
2026-07-16 02:59:53,135 INFO Epoch 86 | Batch 400/1186 | Loss 4.38586 (Pin 0.85571 [q90 0.45592, q10 0.39979], MS 1.47118, Freq 4.11795, L1 1.82118, Spectral 0.28471, Gradient 0.47817) | LR 1.25e-06
2026-07-16 03:00:15,196 INFO Epoch 86 | Batch 450/1186 | Loss 4.18366 (Pin 0.81265 [q90 0.41571, q10 0.39695], MS 1.37266, Freq 3.99670, L1 1.74174, Spectral 0.27250, Gradient 0.46879) | LR 1.25e-06
2026-07-16 03:00:37,255 INFO Epoch 86 | Batch 500/1186 | Loss 4.15702 (Pin 0.80329 [q90 0.40673, q10 0.39657], MS 1.35406, Freq 3.99934, L1 1.73243, Spectral 0.28266, Gradient 0.47250) | LR 1.25e-06
2026-07-16 03:00:59,305 INFO Epoch 86 | Batch 550/1186 | Loss 4.26718 (Pin 0.81964 [q90 0.42220, q10 0.39744], MS 1.41379, Freq 4.06752, L1 1.75867, Spectral 0.28279, Gradient 0.47862) | LR 1.25e-06
2026-07-16 03:01:21,379 INFO Epoch 86 | Batch 600/1186 | Loss 4.31394 (Pin 0.81306 [q90 0.41574, q10 0.39733], MS 1.46828, Freq 4.06520, L1 1.74736, Spectral 0.28930, Gradient 0.48370) | LR 1.25e-06
2026-07-16 03:01:43,485 INFO Epoch 86 | Batch 650/1186 | Loss 4.30064 (Pin 0.82215 [q90 0.41869, q10 0.40346], MS 1.47304, Freq 4.01090, L1 1.74819, Spectral 0.28418, Gradient 0.47361) | LR 1.25e-06
2026-07-16 03:02:05,521 INFO Epoch 86 | Batch 700/1186 | Loss 4.22955 (Pin 0.79404 [q90 0.40635, q10 0.38770], MS 1.45444, Freq 3.96214, L1 1.72745, Spectral 0.27411, Gradient 0.46638) | LR 1.25e-06
2026-07-16 03:02:27,541 INFO Epoch 86 | Batch 750/1186 | Loss 4.21786 (Pin 0.79467 [q90 0.40340, q10 0.39127], MS 1.43893, Freq 3.96851, L1 1.70868, Spectral 0.28486, Gradient 0.47477) | LR 1.25e-06
2026-07-16 03:02:49,561 INFO Epoch 86 | Batch 800/1186 | Loss 4.18530 (Pin 0.79569 [q90 0.40365, q10 0.39204], MS 1.39981, Freq 3.97961, L1 1.70999, Spectral 0.27851, Gradient 0.47017) | LR 1.25e-06
2026-07-16 03:03:11,577 INFO Epoch 86 | Batch 850/1186 | Loss 4.07402 (Pin 0.77541 [q90 0.39996, q10 0.37545], MS 1.33771, Freq 3.92182, L1 1.66882, Spectral 0.28680, Gradient 0.47251) | LR 1.25e-06
2026-07-16 03:03:33,620 INFO Epoch 86 | Batch 900/1186 | Loss 4.25336 (Pin 0.81861 [q90 0.42446, q10 0.39415], MS 1.41815, Freq 4.03321, L1 1.76078, Spectral 0.28521, Gradient 0.47645) | LR 1.25e-06
2026-07-16 03:03:55,677 INFO Epoch 86 | Batch 950/1186 | Loss 4.11090 (Pin 0.78506 [q90 0.40904, q10 0.37602], MS 1.37435, Freq 3.90299, L1 1.67861, Spectral 0.27750, Gradient 0.46558) | LR 1.25e-06
2026-07-16 03:04:17,957 INFO Epoch 86 | Batch 1000/1186 | Loss 4.26047 (Pin 0.82726 [q90 0.42099, q10 0.40627], MS 1.41565, Freq 4.03513, L1 1.77133, Spectral 0.28755, Gradient 0.47755) | LR 1.25e-06
2026-07-16 03:04:40,005 INFO Epoch 86 | Batch 1050/1186 | Loss 4.16436 (Pin 0.78515 [q90 0.40514, q10 0.38001], MS 1.40338, Freq 3.95165, L1 1.70996, Spectral 0.28346, Gradient 0.47275) | LR 1.25e-06
2026-07-16 03:05:02,061 INFO Epoch 86 | Batch 1100/1186 | Loss 4.40324 (Pin 0.86771 [q90 0.45794, q10 0.40977], MS 1.48002, Freq 4.11101, L1 1.83501, Spectral 0.28609, Gradient 0.48290) | LR 1.25e-06
2026-07-16 03:05:24,115 INFO Epoch 86 | Batch 1150/1186 | Loss 4.22627 (Pin 0.79930 [q90 0.40767, q10 0.39162], MS 1.39364, Freq 4.06666, L1 1.73467, Spectral 0.29147, Gradient 0.48498) | LR 1.25e-06
2026-07-16 03:06:17,292 INFO Epoch 86 | Val Loss 4.87874 (Pin 0.78832 [q90 0.40727, q10 0.38105], MS 2.06264, Freq 4.05557, L1 1.74712, Spectral 0.27849, Gradient 0.47226)
2026-07-16 03:06:17,293 INFO Epoch 86 | Coverage q10/q50/q90 = 0.099/0.493/0.890 (nominal .10/.50/.90) | extreme tail = 0.130/0.454/0.845
2026-07-16 03:06:39,674 INFO Epoch 87 | Batch 50/1186 | Loss 4.21846 (Pin 0.81617 [q90 0.42253, q10 0.39364], MS 1.41406, Freq 3.97646, L1 1.74735, Spectral 0.28179, Gradient 0.46563) | LR 1.25e-06
2026-07-16 03:07:01,731 INFO Epoch 87 | Batch 100/1186 | Loss 4.22156 (Pin 0.80870 [q90 0.41004, q10 0.39866], MS 1.38946, Freq 4.04681, L1 1.74175, Spectral 0.28928, Gradient 0.48338) | LR 1.25e-06
2026-07-16 03:07:23,807 INFO Epoch 87 | Batch 150/1186 | Loss 4.17117 (Pin 0.81166 [q90 0.41468, q10 0.39698], MS 1.36444, Freq 3.99016, L1 1.74247, Spectral 0.28878, Gradient 0.47618) | LR 1.25e-06
2026-07-16 03:07:45,838 INFO Epoch 87 | Batch 200/1186 | Loss 4.36994 (Pin 0.84518 [q90 0.44104, q10 0.40414], MS 1.48412, Freq 4.08127, L1 1.78559, Spectral 0.28351, Gradient 0.47824) | LR 1.25e-06
2026-07-16 03:08:07,924 INFO Epoch 87 | Batch 250/1186 | Loss 4.21029 (Pin 0.81825 [q90 0.42198, q10 0.39628], MS 1.37522, Freq 4.03362, L1 1.75094, Spectral 0.28116, Gradient 0.47298) | LR 1.25e-06
2026-07-16 03:08:30,011 INFO Epoch 87 | Batch 300/1186 | Loss 4.00546 (Pin 0.77282 [q90 0.40056, q10 0.37227], MS 1.27866, Freq 3.90794, L1 1.67135, Spectral 0.27729, Gradient 0.46376) | LR 1.25e-06
2026-07-16 03:08:52,098 INFO Epoch 87 | Batch 350/1186 | Loss 4.25557 (Pin 0.80789 [q90 0.41711, q10 0.39078], MS 1.44775, Freq 3.99985, L1 1.74220, Spectral 0.28050, Gradient 0.47452) | LR 1.25e-06
2026-07-16 03:09:14,186 INFO Epoch 87 | Batch 400/1186 | Loss 4.09071 (Pin 0.78458 [q90 0.39558, q10 0.38901], MS 1.32322, Freq 3.96581, L1 1.69656, Spectral 0.28660, Gradient 0.47698) | LR 1.25e-06
2026-07-16 03:09:36,322 INFO Epoch 87 | Batch 450/1186 | Loss 4.17362 (Pin 0.80428 [q90 0.41026, q10 0.39401], MS 1.39131, Freq 3.95606, L1 1.72709, Spectral 0.28020, Gradient 0.47227) | LR 1.25e-06
2026-07-16 03:09:58,454 INFO Epoch 87 | Batch 500/1186 | Loss 4.16754 (Pin 0.77759 [q90 0.39423, q10 0.38336], MS 1.41540, Freq 3.94911, L1 1.69754, Spectral 0.28019, Gradient 0.46911) | LR 1.25e-06
2026-07-16 03:10:20,582 INFO Epoch 87 | Batch 550/1186 | Loss 4.26578 (Pin 0.81780 [q90 0.41328, q10 0.40452], MS 1.43722, Freq 4.02152, L1 1.75446, Spectral 0.28576, Gradient 0.48009) | LR 1.25e-06
2026-07-16 03:10:42,715 INFO Epoch 87 | Batch 600/1186 | Loss 4.08953 (Pin 0.80515 [q90 0.41889, q10 0.38627], MS 1.31172, Freq 3.94532, L1 1.70507, Spectral 0.27883, Gradient 0.46506) | LR 1.25e-06
2026-07-16 03:11:04,853 INFO Epoch 87 | Batch 650/1186 | Loss 4.36255 (Pin 0.82113 [q90 0.41976, q10 0.40137], MS 1.47863, Freq 4.12558, L1 1.77252, Spectral 0.29065, Gradient 0.48994) | LR 1.25e-06
2026-07-16 03:11:26,995 INFO Epoch 87 | Batch 700/1186 | Loss 4.12052 (Pin 0.80649 [q90 0.41323, q10 0.39326], MS 1.32100, Freq 3.98605, L1 1.72838, Spectral 0.27818, Gradient 0.47019) | LR 1.25e-06
2026-07-16 03:11:49,144 INFO Epoch 87 | Batch 750/1186 | Loss 4.29023 (Pin 0.83991 [q90 0.43530, q10 0.40461], MS 1.41299, Freq 4.07466, L1 1.79149, Spectral 0.28493, Gradient 0.47790) | LR 1.25e-06
2026-07-16 03:12:11,279 INFO Epoch 87 | Batch 800/1186 | Loss 4.09618 (Pin 0.75919 [q90 0.39239, q10 0.36680], MS 1.39763, Freq 3.87872, L1 1.64410, Spectral 0.28127, Gradient 0.46808) | LR 1.25e-06
2026-07-16 03:12:33,414 INFO Epoch 87 | Batch 850/1186 | Loss 4.32514 (Pin 0.82248 [q90 0.42036, q10 0.40212], MS 1.45749, Freq 4.09035, L1 1.76717, Spectral 0.28228, Gradient 0.48294) | LR 1.25e-06
2026-07-16 03:12:55,574 INFO Epoch 87 | Batch 900/1186 | Loss 4.17954 (Pin 0.80258 [q90 0.41277, q10 0.38981], MS 1.39016, Freq 3.97360, L1 1.72529, Spectral 0.28171, Gradient 0.47187) | LR 1.25e-06
2026-07-16 03:13:17,724 INFO Epoch 87 | Batch 950/1186 | Loss 4.21611 (Pin 0.80061 [q90 0.41077, q10 0.38985], MS 1.39263, Freq 4.04574, L1 1.72862, Spectral 0.28541, Gradient 0.48008) | LR 1.25e-06
2026-07-16 03:13:39,883 INFO Epoch 87 | Batch 1000/1186 | Loss 4.27157 (Pin 0.82702 [q90 0.42449, q10 0.40253], MS 1.41201, Freq 4.06507, L1 1.78065, Spectral 0.28351, Gradient 0.47746) | LR 1.25e-06
2026-07-16 03:14:02,070 INFO Epoch 87 | Batch 1050/1186 | Loss 4.23469 (Pin 0.82909 [q90 0.42017, q10 0.40892], MS 1.35852, Freq 4.09416, L1 1.79243, Spectral 0.27941, Gradient 0.47797) | LR 1.25e-06
2026-07-16 03:14:24,266 INFO Epoch 87 | Batch 1100/1186 | Loss 4.11568 (Pin 0.79187 [q90 0.40775, q10 0.38411], MS 1.35511, Freq 3.93740, L1 1.70743, Spectral 0.27496, Gradient 0.46539) | LR 1.25e-06
2026-07-16 03:14:46,442 INFO Epoch 87 | Batch 1150/1186 | Loss 4.11894 (Pin 0.77981 [q90 0.40172, q10 0.37809], MS 1.36383, Freq 3.95060, L1 1.70024, Spectral 0.28132, Gradient 0.47148) | LR 1.25e-06
2026-07-16 03:15:39,849 INFO Epoch 87 | Val Loss 4.86965 (Pin 0.78855 [q90 0.40668, q10 0.38187], MS 2.06140, Freq 4.03938, L1 1.74641, Spectral 0.27867, Gradient 0.47205)
2026-07-16 03:15:39,849 INFO Epoch 87 | Coverage q10/q50/q90 = 0.096/0.489/0.889 (nominal .10/.50/.90) | extreme tail = 0.128/0.455/0.842
2026-07-16 03:16:02,439 INFO Epoch 88 | Batch 50/1186 | Loss 4.21199 (Pin 0.81464 [q90 0.41908, q10 0.39556], MS 1.41040, Freq 3.97392, L1 1.73995, Spectral 0.28275, Gradient 0.47116) | LR 1.25e-06
2026-07-16 03:16:24,699 INFO Epoch 88 | Batch 100/1186 | Loss 4.17253 (Pin 0.81483 [q90 0.42830, q10 0.38653], MS 1.36401, Freq 3.98740, L1 1.74158, Spectral 0.28066, Gradient 0.46735) | LR 1.25e-06
2026-07-16 03:16:46,943 INFO Epoch 88 | Batch 150/1186 | Loss 4.08491 (Pin 0.75961 [q90 0.38492, q10 0.37469], MS 1.39099, Freq 3.86863, L1 1.63759, Spectral 0.28188, Gradient 0.47024) | LR 1.25e-06
2026-07-16 03:17:09,177 INFO Epoch 88 | Batch 200/1186 | Loss 4.19526 (Pin 0.80247 [q90 0.41213, q10 0.39033], MS 1.37642, Freq 4.03274, L1 1.73736, Spectral 0.27795, Gradient 0.47449) | LR 1.25e-06
2026-07-16 03:17:31,461 INFO Epoch 88 | Batch 250/1186 | Loss 4.24978 (Pin 0.80524 [q90 0.41130, q10 0.39395], MS 1.41904, Freq 4.05099, L1 1.73124, Spectral 0.28245, Gradient 0.47856) | LR 1.25e-06
2026-07-16 03:17:53,698 INFO Epoch 88 | Batch 300/1186 | Loss 4.32809 (Pin 0.81409 [q90 0.41790, q10 0.39619], MS 1.48399, Freq 4.06002, L1 1.74670, Spectral 0.28761, Gradient 0.48094) | LR 1.25e-06
2026-07-16 03:18:15,893 INFO Epoch 88 | Batch 350/1186 | Loss 4.24461 (Pin 0.82637 [q90 0.41815, q10 0.40822], MS 1.38424, Freq 4.06799, L1 1.77296, Spectral 0.29116, Gradient 0.48538) | LR 1.25e-06
2026-07-16 03:18:38,110 INFO Epoch 88 | Batch 400/1186 | Loss 4.36105 (Pin 0.83681 [q90 0.43150, q10 0.40531], MS 1.49981, Freq 4.04887, L1 1.78751, Spectral 0.28074, Gradient 0.47211) | LR 1.25e-06
2026-07-16 03:19:00,330 INFO Epoch 88 | Batch 450/1186 | Loss 4.22137 (Pin 0.81292 [q90 0.41594, q10 0.39698], MS 1.39466, Freq 4.02758, L1 1.75440, Spectral 0.28164, Gradient 0.47315) | LR 1.25e-06
2026-07-16 03:19:22,545 INFO Epoch 88 | Batch 500/1186 | Loss 4.12545 (Pin 0.79930 [q90 0.41405, q10 0.38525], MS 1.36079, Freq 3.93072, L1 1.70541, Spectral 0.28182, Gradient 0.46934) | LR 1.25e-06
2026-07-16 03:19:44,715 INFO Epoch 88 | Batch 550/1186 | Loss 4.08859 (Pin 0.78270 [q90 0.40152, q10 0.38118], MS 1.33397, Freq 3.94384, L1 1.68931, Spectral 0.28275, Gradient 0.47100) | LR 1.25e-06
2026-07-16 03:20:06,889 INFO Epoch 88 | Batch 600/1186 | Loss 4.31932 (Pin 0.82425 [q90 0.42223, q10 0.40202], MS 1.47099, Freq 4.04815, L1 1.77167, Spectral 0.28053, Gradient 0.47552) | LR 1.25e-06
2026-07-16 03:20:29,066 INFO Epoch 88 | Batch 650/1186 | Loss 4.16583 (Pin 0.78914 [q90 0.40721, q10 0.38193], MS 1.38570, Freq 3.98198, L1 1.70456, Spectral 0.28199, Gradient 0.47170) | LR 1.25e-06
2026-07-16 03:20:51,220 INFO Epoch 88 | Batch 700/1186 | Loss 4.22569 (Pin 0.81685 [q90 0.41836, q10 0.39849], MS 1.38124, Freq 4.05522, L1 1.75719, Spectral 0.28456, Gradient 0.47772) | LR 1.25e-06
2026-07-16 03:21:13,365 INFO Epoch 88 | Batch 750/1186 | Loss 4.28069 (Pin 0.84336 [q90 0.42623, q10 0.41713], MS 1.40608, Freq 4.06249, L1 1.80672, Spectral 0.28259, Gradient 0.47695) | LR 1.25e-06
2026-07-16 03:21:35,508 INFO Epoch 88 | Batch 800/1186 | Loss 4.23007 (Pin 0.78847 [q90 0.40751, q10 0.38096], MS 1.46179, Freq 3.95961, L1 1.71202, Spectral 0.27939, Gradient 0.47152) | LR 1.25e-06
2026-07-16 03:21:57,667 INFO Epoch 88 | Batch 850/1186 | Loss 4.31042 (Pin 0.82983 [q90 0.42874, q10 0.40109], MS 1.44169, Freq 4.07780, L1 1.77430, Spectral 0.28395, Gradient 0.47669) | LR 1.25e-06
2026-07-16 03:22:19,829 INFO Epoch 88 | Batch 900/1186 | Loss 4.14869 (Pin 0.79375 [q90 0.40652, q10 0.38723], MS 1.34416, Freq 4.02155, L1 1.73020, Spectral 0.27916, Gradient 0.47329) | LR 1.25e-06
2026-07-16 03:22:41,989 INFO Epoch 88 | Batch 950/1186 | Loss 4.11984 (Pin 0.78181 [q90 0.39841, q10 0.38340], MS 1.35873, Freq 3.95860, L1 1.69635, Spectral 0.28383, Gradient 0.47411) | LR 1.25e-06
2026-07-16 03:23:04,106 INFO Epoch 88 | Batch 1000/1186 | Loss 4.27214 (Pin 0.83095 [q90 0.42284, q10 0.40811], MS 1.41960, Freq 4.04318, L1 1.76476, Spectral 0.28896, Gradient 0.47643) | LR 1.25e-06
2026-07-16 03:23:26,236 INFO Epoch 88 | Batch 1050/1186 | Loss 4.26103 (Pin 0.79663 [q90 0.40801, q10 0.38862], MS 1.45740, Freq 4.01400, L1 1.72403, Spectral 0.28131, Gradient 0.47753) | LR 1.25e-06
2026-07-16 03:23:48,389 INFO Epoch 88 | Batch 1100/1186 | Loss 4.11700 (Pin 0.78924 [q90 0.40550, q10 0.38373], MS 1.34544, Freq 3.96464, L1 1.70199, Spectral 0.27946, Gradient 0.47041) | LR 1.25e-06
2026-07-16 03:24:10,586 INFO Epoch 88 | Batch 1150/1186 | Loss 4.15425 (Pin 0.79713 [q90 0.41269, q10 0.38444], MS 1.39264, Freq 3.92895, L1 1.70979, Spectral 0.27932, Gradient 0.46631) | LR 1.25e-06
2026-07-16 03:25:03,965 INFO Epoch 88 | Val Loss 4.85860 (Pin 0.78838 [q90 0.40686, q10 0.38152], MS 2.05414, Freq 4.03216, L1 1.74601, Spectral 0.27833, Gradient 0.47156)
2026-07-16 03:25:03,965 INFO Epoch 88 | Coverage q10/q50/q90 = 0.097/0.488/0.889 (nominal .10/.50/.90) | extreme tail = 0.131/0.455/0.843
2026-07-16 03:25:26,715 INFO Epoch 89 | Batch 50/1186 | Loss 4.20727 (Pin 0.81384 [q90 0.41479, q10 0.39905], MS 1.36322, Freq 4.06044, L1 1.74986, Spectral 0.28799, Gradient 0.48303) | LR 1.25e-06
2026-07-16 03:25:48,878 INFO Epoch 89 | Batch 100/1186 | Loss 4.02581 (Pin 0.76051 [q90 0.38781, q10 0.37270], MS 1.31911, Freq 3.89238, L1 1.65469, Spectral 0.28145, Gradient 0.46795) | LR 1.25e-06
2026-07-16 03:26:11,037 INFO Epoch 89 | Batch 150/1186 | Loss 4.28499 (Pin 0.81604 [q90 0.41988, q10 0.39616], MS 1.43731, Freq 4.06327, L1 1.76823, Spectral 0.28066, Gradient 0.47602) | LR 1.25e-06
2026-07-16 03:26:33,196 INFO Epoch 89 | Batch 200/1186 | Loss 4.19840 (Pin 0.79846 [q90 0.40606, q10 0.39241], MS 1.38259, Freq 4.03469, L1 1.73209, Spectral 0.28168, Gradient 0.47773) | LR 1.25e-06
2026-07-16 03:26:55,336 INFO Epoch 89 | Batch 250/1186 | Loss 4.17365 (Pin 0.79754 [q90 0.41003, q10 0.38751], MS 1.36867, Freq 4.01488, L1 1.72900, Spectral 0.28465, Gradient 0.47677) | LR 1.25e-06
2026-07-16 03:27:17,465 INFO Epoch 89 | Batch 300/1186 | Loss 4.13280 (Pin 0.80946 [q90 0.41796, q10 0.39150], MS 1.34413, Freq 3.95843, L1 1.74064, Spectral 0.27308, Gradient 0.46102) | LR 1.25e-06
2026-07-16 03:27:39,541 INFO Epoch 89 | Batch 350/1186 | Loss 4.16325 (Pin 0.81081 [q90 0.42305, q10 0.38776], MS 1.37228, Freq 3.96032, L1 1.73367, Spectral 0.28499, Gradient 0.47233) | LR 1.25e-06
2026-07-16 03:28:01,634 INFO Epoch 89 | Batch 400/1186 | Loss 4.24691 (Pin 0.80575 [q90 0.41221, q10 0.39354], MS 1.42789, Freq 4.02655, L1 1.74478, Spectral 0.28853, Gradient 0.47886) | LR 1.25e-06
2026-07-16 03:28:23,763 INFO Epoch 89 | Batch 450/1186 | Loss 4.09781 (Pin 0.77686 [q90 0.39652, q10 0.38034], MS 1.33593, Freq 3.97004, L1 1.69374, Spectral 0.28075, Gradient 0.47153) | LR 1.25e-06
2026-07-16 03:28:45,905 INFO Epoch 89 | Batch 500/1186 | Loss 4.05676 (Pin 0.77647 [q90 0.39769, q10 0.37878], MS 1.31595, Freq 3.92869, L1 1.67568, Spectral 0.27648, Gradient 0.46791) | LR 1.25e-06
2026-07-16 03:29:08,041 INFO Epoch 89 | Batch 550/1186 | Loss 4.20594 (Pin 0.78764 [q90 0.40263, q10 0.38501], MS 1.44600, Freq 3.94460, L1 1.69496, Spectral 0.28368, Gradient 0.47240) | LR 1.25e-06
2026-07-16 03:29:30,188 INFO Epoch 89 | Batch 600/1186 | Loss 4.20434 (Pin 0.80225 [q90 0.41737, q10 0.38487], MS 1.40832, Freq 3.98754, L1 1.73152, Spectral 0.28351, Gradient 0.47465) | LR 1.25e-06
2026-07-16 03:29:52,538 INFO Epoch 89 | Batch 650/1186 | Loss 4.13233 (Pin 0.79517 [q90 0.40499, q10 0.39018], MS 1.35405, Freq 3.96621, L1 1.70602, Spectral 0.28455, Gradient 0.47461) | LR 1.25e-06
2026-07-16 03:30:14,674 INFO Epoch 89 | Batch 700/1186 | Loss 4.20785 (Pin 0.80058 [q90 0.40949, q10 0.39109], MS 1.40783, Freq 3.99888, L1 1.72291, Spectral 0.28582, Gradient 0.47474) | LR 1.25e-06
2026-07-16 03:30:36,813 INFO Epoch 89 | Batch 750/1186 | Loss 4.27510 (Pin 0.83844 [q90 0.42268, q10 0.41577], MS 1.41523, Freq 4.04286, L1 1.77860, Spectral 0.28635, Gradient 0.47865) | LR 1.25e-06
2026-07-16 03:30:58,962 INFO Epoch 89 | Batch 800/1186 | Loss 4.23292 (Pin 0.82971 [q90 0.42784, q10 0.40187], MS 1.38799, Freq 4.03044, L1 1.76593, Spectral 0.27793, Gradient 0.47096) | LR 1.25e-06
2026-07-16 03:31:21,091 INFO Epoch 89 | Batch 850/1186 | Loss 4.25992 (Pin 0.81225 [q90 0.41555, q10 0.39670], MS 1.41889, Freq 4.05757, L1 1.74635, Spectral 0.28163, Gradient 0.48000) | LR 1.25e-06
2026-07-16 03:31:43,227 INFO Epoch 89 | Batch 900/1186 | Loss 4.29717 (Pin 0.82799 [q90 0.42970, q10 0.39829], MS 1.46659, Freq 4.00516, L1 1.75731, Spectral 0.28638, Gradient 0.47628) | LR 1.25e-06
2026-07-16 03:32:05,415 INFO Epoch 89 | Batch 950/1186 | Loss 4.27331 (Pin 0.83103 [q90 0.42758, q10 0.40345], MS 1.42376, Freq 4.03704, L1 1.78523, Spectral 0.27165, Gradient 0.46743) | LR 1.25e-06
2026-07-16 03:32:27,592 INFO Epoch 89 | Batch 1000/1186 | Loss 4.22064 (Pin 0.80498 [q90 0.40937, q10 0.39561], MS 1.40192, Freq 4.02748, L1 1.72358, Spectral 0.28802, Gradient 0.48175) | LR 1.25e-06
2026-07-16 03:32:49,769 INFO Epoch 89 | Batch 1050/1186 | Loss 4.36896 (Pin 0.83296 [q90 0.42626, q10 0.40670], MS 1.46570, Freq 4.14061, L1 1.80158, Spectral 0.28170, Gradient 0.48427) | LR 1.25e-06
2026-07-16 03:33:11,939 INFO Epoch 89 | Batch 1100/1186 | Loss 4.20820 (Pin 0.81672 [q90 0.42257, q10 0.39415], MS 1.38191, Freq 4.01914, L1 1.74911, Spectral 0.28245, Gradient 0.47394) | LR 1.25e-06
2026-07-16 03:33:34,127 INFO Epoch 89 | Batch 1150/1186 | Loss 4.25820 (Pin 0.82276 [q90 0.43100, q10 0.39176], MS 1.39469, Freq 4.08150, L1 1.77304, Spectral 0.28377, Gradient 0.48014) | LR 1.25e-06
2026-07-16 03:34:27,475 INFO Epoch 89 | Val Loss 4.88049 (Pin 0.78815 [q90 0.40659, q10 0.38155], MS 2.06296, Freq 4.05876, L1 1.75012, Spectral 0.28000, Gradient 0.47490)
2026-07-16 03:34:27,475 INFO Epoch 89 | Coverage q10/q50/q90 = 0.094/0.486/0.891 (nominal .10/.50/.90) | extreme tail = 0.129/0.454/0.844
2026-07-16 03:34:50,049 INFO Epoch 90 | Batch 50/1186 | Loss 4.16644 (Pin 0.80260 [q90 0.41359, q10 0.38901], MS 1.36070, Freq 4.00628, L1 1.73345, Spectral 0.28314, Gradient 0.47324) | LR 6.25e-07
2026-07-16 03:35:12,224 INFO Epoch 90 | Batch 100/1186 | Loss 4.11187 (Pin 0.78206 [q90 0.40118, q10 0.38088], MS 1.36808, Freq 3.92347, L1 1.68141, Spectral 0.28093, Gradient 0.46895) | LR 6.25e-07
2026-07-16 03:35:34,406 INFO Epoch 90 | Batch 150/1186 | Loss 4.29143 (Pin 0.82352 [q90 0.42678, q10 0.39675], MS 1.41862, Freq 4.09858, L1 1.76007, Spectral 0.29070, Gradient 0.48733) | LR 6.25e-07
2026-07-16 03:35:56,557 INFO Epoch 90 | Batch 200/1186 | Loss 4.24643 (Pin 0.82469 [q90 0.41976, q10 0.40494], MS 1.41863, Freq 4.00621, L1 1.76822, Spectral 0.27471, Gradient 0.46522) | LR 6.25e-07
2026-07-16 03:36:18,698 INFO Epoch 90 | Batch 250/1186 | Loss 4.29791 (Pin 0.82816 [q90 0.42320, q10 0.40495], MS 1.45658, Freq 4.02635, L1 1.77550, Spectral 0.28432, Gradient 0.47434) | LR 6.25e-07
2026-07-16 03:36:40,859 INFO Epoch 90 | Batch 300/1186 | Loss 4.11500 (Pin 0.78247 [q90 0.40650, q10 0.37597], MS 1.34826, Freq 3.96855, L1 1.68535, Spectral 0.27800, Gradient 0.47015) | LR 6.25e-07
2026-07-16 03:37:02,979 INFO Epoch 90 | Batch 350/1186 | Loss 4.17998 (Pin 0.81104 [q90 0.42087, q10 0.39017], MS 1.35459, Freq 4.02870, L1 1.74659, Spectral 0.28235, Gradient 0.47597) | LR 6.25e-07
2026-07-16 03:37:25,115 INFO Epoch 90 | Batch 400/1186 | Loss 4.15693 (Pin 0.80380 [q90 0.41275, q10 0.39105], MS 1.36398, Freq 3.97831, L1 1.73204, Spectral 0.28018, Gradient 0.46822) | LR 6.25e-07
2026-07-16 03:37:47,245 INFO Epoch 90 | Batch 450/1186 | Loss 4.13486 (Pin 0.79135 [q90 0.40703, q10 0.38432], MS 1.34723, Freq 3.99257, L1 1.71505, Spectral 0.28293, Gradient 0.47456) | LR 6.25e-07
2026-07-16 03:38:09,383 INFO Epoch 90 | Batch 500/1186 | Loss 4.11090 (Pin 0.77930 [q90 0.39628, q10 0.38302], MS 1.37145, Freq 3.92029, L1 1.68667, Spectral 0.27510, Gradient 0.46433) | LR 6.25e-07
2026-07-16 03:38:31,549 INFO Epoch 90 | Batch 550/1186 | Loss 4.32904 (Pin 0.84417 [q90 0.43879, q10 0.40538], MS 1.45189, Freq 4.06598, L1 1.79856, Spectral 0.27725, Gradient 0.47516) | LR 6.25e-07
2026-07-16 03:38:53,690 INFO Epoch 90 | Batch 600/1186 | Loss 4.21403 (Pin 0.80695 [q90 0.40755, q10 0.39940], MS 1.39596, Freq 4.02223, L1 1.73065, Spectral 0.28657, Gradient 0.48196) | LR 6.25e-07
2026-07-16 03:39:15,836 INFO Epoch 90 | Batch 650/1186 | Loss 4.26717 (Pin 0.82697 [q90 0.42761, q10 0.39936], MS 1.39111, Freq 4.09818, L1 1.77056, Spectral 0.29425, Gradient 0.48630) | LR 6.25e-07
2026-07-16 03:39:37,974 INFO Epoch 90 | Batch 700/1186 | Loss 4.10201 (Pin 0.78453 [q90 0.39798, q10 0.38655], MS 1.31558, Freq 4.00380, L1 1.71598, Spectral 0.28445, Gradient 0.47454) | LR 6.25e-07
2026-07-16 03:40:00,089 INFO Epoch 90 | Batch 750/1186 | Loss 4.25122 (Pin 0.80005 [q90 0.41249, q10 0.38756], MS 1.45387, Freq 3.99460, L1 1.71029, Spectral 0.28919, Gradient 0.47716) | LR 6.25e-07
2026-07-16 03:40:22,212 INFO Epoch 90 | Batch 800/1186 | Loss 4.21310 (Pin 0.79758 [q90 0.41146, q10 0.38613], MS 1.41562, Freq 3.99978, L1 1.71535, Spectral 0.27921, Gradient 0.47341) | LR 6.25e-07
2026-07-16 03:40:44,334 INFO Epoch 90 | Batch 850/1186 | Loss 4.21882 (Pin 0.79569 [q90 0.40771, q10 0.38798], MS 1.41866, Freq 4.00894, L1 1.72599, Spectral 0.28321, Gradient 0.47912) | LR 6.25e-07
2026-07-16 03:41:06,446 INFO Epoch 90 | Batch 900/1186 | Loss 4.22134 (Pin 0.80513 [q90 0.41211, q10 0.39302], MS 1.42703, Freq 3.97837, L1 1.73210, Spectral 0.27944, Gradient 0.46950) | LR 6.25e-07
2026-07-16 03:41:28,546 INFO Epoch 90 | Batch 950/1186 | Loss 4.16140 (Pin 0.80177 [q90 0.40595, q10 0.39582], MS 1.38179, Freq 3.95567, L1 1.72890, Spectral 0.27718, Gradient 0.46642) | LR 6.25e-07
2026-07-16 03:41:50,661 INFO Epoch 90 | Batch 1000/1186 | Loss 4.25311 (Pin 0.81702 [q90 0.42149, q10 0.39554], MS 1.42186, Freq 4.02846, L1 1.74752, Spectral 0.28766, Gradient 0.48262) | LR 6.25e-07
2026-07-16 03:42:12,784 INFO Epoch 90 | Batch 1050/1186 | Loss 4.15514 (Pin 0.80955 [q90 0.41915, q10 0.39040], MS 1.37286, Freq 3.94547, L1 1.73055, Spectral 0.27226, Gradient 0.46438) | LR 6.25e-07
2026-07-16 03:42:34,934 INFO Epoch 90 | Batch 1100/1186 | Loss 4.27419 (Pin 0.81564 [q90 0.42137, q10 0.39427], MS 1.43040, Freq 4.05629, L1 1.74762, Spectral 0.28564, Gradient 0.48201) | LR 6.25e-07
2026-07-16 03:42:57,082 INFO Epoch 90 | Batch 1150/1186 | Loss 4.17181 (Pin 0.80973 [q90 0.41075, q10 0.39898], MS 1.34963, Freq 4.02491, L1 1.74456, Spectral 0.29009, Gradient 0.47970) | LR 6.25e-07
2026-07-16 03:43:50,431 INFO Epoch 90 | Val Loss 4.88181 (Pin 0.78802 [q90 0.40635, q10 0.38168], MS 2.06112, Freq 4.06532, L1 1.75043, Spectral 0.28004, Gradient 0.47510)
2026-07-16 03:43:50,431 INFO Epoch 90 | Coverage q10/q50/q90 = 0.098/0.493/0.892 (nominal .10/.50/.90) | extreme tail = 0.132/0.457/0.846
2026-07-16 03:44:12,965 INFO Epoch 91 | Batch 50/1186 | Loss 4.38754 (Pin 0.85278 [q90 0.43377, q10 0.41902], MS 1.46951, Freq 4.13051, L1 1.81561, Spectral 0.28385, Gradient 0.48160) | LR 6.25e-07
2026-07-16 03:44:35,164 INFO Epoch 91 | Batch 100/1186 | Loss 4.09413 (Pin 0.78631 [q90 0.39871, q10 0.38760], MS 1.29560, Freq 4.02443, L1 1.71725, Spectral 0.28337, Gradient 0.47767) | LR 6.25e-07
2026-07-16 03:44:57,355 INFO Epoch 91 | Batch 150/1186 | Loss 4.21567 (Pin 0.81532 [q90 0.41612, q10 0.39920], MS 1.40687, Freq 3.98696, L1 1.74858, Spectral 0.28260, Gradient 0.47126) | LR 6.25e-07
2026-07-16 03:45:19,529 INFO Epoch 91 | Batch 200/1186 | Loss 4.10404 (Pin 0.78016 [q90 0.40380, q10 0.37636], MS 1.37976, Freq 3.88824, L1 1.67341, Spectral 0.28247, Gradient 0.46732) | LR 6.25e-07
2026-07-16 03:45:41,712 INFO Epoch 91 | Batch 250/1186 | Loss 4.16889 (Pin 0.79458 [q90 0.40902, q10 0.38556], MS 1.37798, Freq 3.99267, L1 1.72714, Spectral 0.28186, Gradient 0.47346) | LR 6.25e-07
2026-07-16 03:46:03,902 INFO Epoch 91 | Batch 300/1186 | Loss 4.28992 (Pin 0.81480 [q90 0.41853, q10 0.39627], MS 1.44386, Freq 4.06252, L1 1.75143, Spectral 0.28787, Gradient 0.48247) | LR 6.25e-07
2026-07-16 03:46:26,046 INFO Epoch 91 | Batch 350/1186 | Loss 4.33143 (Pin 0.82545 [q90 0.42162, q10 0.40383], MS 1.46039, Freq 4.09117, L1 1.78246, Spectral 0.28385, Gradient 0.48295) | LR 6.25e-07
2026-07-16 03:46:48,165 INFO Epoch 91 | Batch 400/1186 | Loss 4.17659 (Pin 0.80524 [q90 0.41795, q10 0.38729], MS 1.36931, Freq 4.00408, L1 1.73763, Spectral 0.28338, Gradient 0.47186) | LR 6.25e-07
2026-07-16 03:47:10,368 INFO Epoch 91 | Batch 450/1186 | Loss 4.20483 (Pin 0.81359 [q90 0.42124, q10 0.39235], MS 1.37824, Freq 4.02599, L1 1.73487, Spectral 0.28071, Gradient 0.47392) | LR 6.25e-07
2026-07-16 03:47:32,484 INFO Epoch 91 | Batch 500/1186 | Loss 4.07282 (Pin 0.76347 [q90 0.39059, q10 0.37288], MS 1.35035, Freq 3.91801, L1 1.66608, Spectral 0.28730, Gradient 0.47412) | LR 6.25e-07
2026-07-16 03:47:54,612 INFO Epoch 91 | Batch 550/1186 | Loss 4.10018 (Pin 0.80167 [q90 0.40979, q10 0.39188], MS 1.33431, Freq 3.92840, L1 1.71197, Spectral 0.28087, Gradient 0.46809) | LR 6.25e-07
2026-07-16 03:48:16,747 INFO Epoch 91 | Batch 600/1186 | Loss 4.18835 (Pin 0.79609 [q90 0.40741, q10 0.38869], MS 1.39262, Freq 3.99927, L1 1.71030, Spectral 0.28170, Gradient 0.47310) | LR 6.25e-07
2026-07-16 03:48:38,905 INFO Epoch 91 | Batch 650/1186 | Loss 4.16500 (Pin 0.79099 [q90 0.40443, q10 0.38656], MS 1.37247, Freq 4.00309, L1 1.71844, Spectral 0.28102, Gradient 0.47488) | LR 6.25e-07
2026-07-16 03:49:01,037 INFO Epoch 91 | Batch 700/1186 | Loss 4.28681 (Pin 0.84624 [q90 0.43875, q10 0.40749], MS 1.41018, Freq 4.06077, L1 1.79630, Spectral 0.28537, Gradient 0.47950) | LR 6.25e-07
2026-07-16 03:49:23,168 INFO Epoch 91 | Batch 750/1186 | Loss 4.07399 (Pin 0.77629 [q90 0.39793, q10 0.37836], MS 1.35214, Freq 3.89113, L1 1.67019, Spectral 0.27453, Gradient 0.46209) | LR 6.25e-07
2026-07-16 03:49:45,295 INFO Epoch 91 | Batch 800/1186 | Loss 4.29880 (Pin 0.83170 [q90 0.42485, q10 0.40685], MS 1.42388, Freq 4.08643, L1 1.80246, Spectral 0.27879, Gradient 0.47753) | LR 6.25e-07
2026-07-16 03:50:07,474 INFO Epoch 91 | Batch 850/1186 | Loss 4.29007 (Pin 0.82692 [q90 0.42847, q10 0.39845], MS 1.43770, Freq 4.05088, L1 1.75446, Spectral 0.28390, Gradient 0.47893) | LR 6.25e-07
2026-07-16 03:50:29,654 INFO Epoch 91 | Batch 900/1186 | Loss 4.17594 (Pin 0.80578 [q90 0.41154, q10 0.39423], MS 1.37168, Freq 3.99697, L1 1.72819, Spectral 0.27829, Gradient 0.46907) | LR 6.25e-07
2026-07-16 03:50:51,827 INFO Epoch 91 | Batch 950/1186 | Loss 4.11660 (Pin 0.78921 [q90 0.40826, q10 0.38095], MS 1.32850, Freq 3.99778, L1 1.70484, Spectral 0.28177, Gradient 0.47330) | LR 6.25e-07
2026-07-16 03:51:13,959 INFO Epoch 91 | Batch 1000/1186 | Loss 4.14526 (Pin 0.79546 [q90 0.40771, q10 0.38775], MS 1.38819, Freq 3.92321, L1 1.71143, Spectral 0.28184, Gradient 0.46516) | LR 6.25e-07
2026-07-16 03:51:36,060 INFO Epoch 91 | Batch 1050/1186 | Loss 4.21496 (Pin 0.81397 [q90 0.41878, q10 0.39519], MS 1.38918, Freq 4.02362, L1 1.74269, Spectral 0.28583, Gradient 0.47670) | LR 6.25e-07
2026-07-16 03:51:58,172 INFO Epoch 91 | Batch 1100/1186 | Loss 4.20489 (Pin 0.78906 [q90 0.40336, q10 0.38570], MS 1.38848, Freq 4.05469, L1 1.70139, Spectral 0.28038, Gradient 0.47997) | LR 6.25e-07
2026-07-16 03:52:20,296 INFO Epoch 91 | Batch 1150/1186 | Loss 4.20017 (Pin 0.80055 [q90 0.41447, q10 0.38608], MS 1.41002, Freq 3.97920, L1 1.72589, Spectral 0.28245, Gradient 0.47293) | LR 6.25e-07
2026-07-16 03:53:13,659 INFO Epoch 91 | Val Loss 4.85138 (Pin 0.78894 [q90 0.40751, q10 0.38142], MS 2.05382, Freq 4.01724, L1 1.74388, Spectral 0.27908, Gradient 0.47149)
2026-07-16 03:53:13,659 INFO Epoch 91 | Coverage q10/q50/q90 = 0.097/0.487/0.888 (nominal .10/.50/.90) | extreme tail = 0.132/0.453/0.838
2026-07-16 03:53:36,158 INFO Epoch 92 | Batch 50/1186 | Loss 4.27423 (Pin 0.82647 [q90 0.42529, q10 0.40118], MS 1.42816, Freq 4.03920, L1 1.76784, Spectral 0.27908, Gradient 0.47633) | LR 6.25e-07
2026-07-16 03:53:58,297 INFO Epoch 92 | Batch 100/1186 | Loss 4.24913 (Pin 0.81493 [q90 0.42294, q10 0.39199], MS 1.41144, Freq 4.04553, L1 1.76449, Spectral 0.28670, Gradient 0.48176) | LR 6.25e-07
2026-07-16 03:54:20,465 INFO Epoch 92 | Batch 150/1186 | Loss 4.19114 (Pin 0.80585 [q90 0.41404, q10 0.39181], MS 1.38800, Freq 3.99457, L1 1.74083, Spectral 0.28350, Gradient 0.47498) | LR 6.25e-07
2026-07-16 03:54:42,576 INFO Epoch 92 | Batch 200/1186 | Loss 4.10256 (Pin 0.79796 [q90 0.41396, q10 0.38400], MS 1.35196, Freq 3.90529, L1 1.69113, Spectral 0.28103, Gradient 0.46495) | LR 6.25e-07
2026-07-16 03:55:04,693 INFO Epoch 92 | Batch 250/1186 | Loss 4.23146 (Pin 0.84067 [q90 0.43970, q10 0.40097], MS 1.38470, Freq 4.01219, L1 1.77271, Spectral 0.28130, Gradient 0.47326) | LR 6.25e-07
2026-07-16 03:55:26,821 INFO Epoch 92 | Batch 300/1186 | Loss 4.31919 (Pin 0.81060 [q90 0.42147, q10 0.38913], MS 1.48705, Freq 4.04308, L1 1.75534, Spectral 0.28118, Gradient 0.47626) | LR 6.25e-07
2026-07-16 03:55:48,941 INFO Epoch 92 | Batch 350/1186 | Loss 4.25387 (Pin 0.80062 [q90 0.40805, q10 0.39258], MS 1.44264, Freq 4.02121, L1 1.72249, Spectral 0.28485, Gradient 0.47822) | LR 6.25e-07
2026-07-16 03:56:11,025 INFO Epoch 92 | Batch 400/1186 | Loss 4.26149 (Pin 0.80985 [q90 0.41702, q10 0.39282], MS 1.42251, Freq 4.05827, L1 1.76195, Spectral 0.27991, Gradient 0.47875) | LR 6.25e-07
2026-07-16 03:56:33,318 INFO Epoch 92 | Batch 450/1186 | Loss 4.13109 (Pin 0.79884 [q90 0.40934, q10 0.38950], MS 1.35162, Freq 3.96125, L1 1.71748, Spectral 0.28156, Gradient 0.47198) | LR 6.25e-07
2026-07-16 03:56:55,434 INFO Epoch 92 | Batch 500/1186 | Loss 4.22090 (Pin 0.79745 [q90 0.40736, q10 0.39009], MS 1.43672, Freq 3.97346, L1 1.70867, Spectral 0.28375, Gradient 0.47172) | LR 6.25e-07
2026-07-16 03:57:17,558 INFO Epoch 92 | Batch 550/1186 | Loss 4.09503 (Pin 0.78974 [q90 0.40404, q10 0.38570], MS 1.36146, Freq 3.88765, L1 1.69387, Spectral 0.28170, Gradient 0.46231) | LR 6.25e-07
2026-07-16 03:57:39,669 INFO Epoch 92 | Batch 600/1186 | Loss 4.15518 (Pin 0.80142 [q90 0.40680, q10 0.39463], MS 1.37356, Freq 3.96039, L1 1.71466, Spectral 0.28992, Gradient 0.47701) | LR 6.25e-07
2026-07-16 03:58:01,802 INFO Epoch 92 | Batch 650/1186 | Loss 4.16583 (Pin 0.78906 [q90 0.40334, q10 0.38572], MS 1.38696, Freq 3.97960, L1 1.71683, Spectral 0.27807, Gradient 0.47021) | LR 6.25e-07
2026-07-16 03:58:23,930 INFO Epoch 92 | Batch 700/1186 | Loss 4.26950 (Pin 0.80791 [q90 0.41268, q10 0.39523], MS 1.44890, Freq 4.02539, L1 1.74394, Spectral 0.27798, Gradient 0.47066) | LR 6.25e-07
2026-07-16 03:58:46,055 INFO Epoch 92 | Batch 750/1186 | Loss 4.19346 (Pin 0.80811 [q90 0.41392, q10 0.39419], MS 1.36355, Freq 4.04359, L1 1.74434, Spectral 0.28308, Gradient 0.48072) | LR 6.25e-07
2026-07-16 03:59:08,187 INFO Epoch 92 | Batch 800/1186 | Loss 4.26139 (Pin 0.81872 [q90 0.41843, q10 0.40030], MS 1.41402, Freq 4.05729, L1 1.75585, Spectral 0.28090, Gradient 0.47788) | LR 6.25e-07
2026-07-16 03:59:30,311 INFO Epoch 92 | Batch 850/1186 | Loss 4.16155 (Pin 0.78419 [q90 0.40170, q10 0.38249], MS 1.38682, Freq 3.98106, L1 1.69505, Spectral 0.28393, Gradient 0.47252) | LR 6.25e-07
2026-07-16 03:59:52,427 INFO Epoch 92 | Batch 900/1186 | Loss 4.26086 (Pin 0.81726 [q90 0.42272, q10 0.39454], MS 1.39727, Freq 4.09266, L1 1.76215, Spectral 0.28725, Gradient 0.48154) | LR 6.25e-07
2026-07-16 04:00:14,575 INFO Epoch 92 | Batch 950/1186 | Loss 4.08851 (Pin 0.78660 [q90 0.40406, q10 0.38254], MS 1.31242, Freq 3.97898, L1 1.70096, Spectral 0.28481, Gradient 0.47389) | LR 6.25e-07
2026-07-16 04:00:36,690 INFO Epoch 92 | Batch 1000/1186 | Loss 4.25076 (Pin 0.80756 [q90 0.40600, q10 0.40156], MS 1.40726, Freq 4.07189, L1 1.73821, Spectral 0.28824, Gradient 0.48416) | LR 6.25e-07
2026-07-16 04:00:58,815 INFO Epoch 92 | Batch 1050/1186 | Loss 4.23864 (Pin 0.80435 [q90 0.41550, q10 0.38885], MS 1.43963, Freq 3.98931, L1 1.73518, Spectral 0.27979, Gradient 0.47340) | LR 6.25e-07
2026-07-16 04:01:20,947 INFO Epoch 92 | Batch 1100/1186 | Loss 4.16376 (Pin 0.80004 [q90 0.40914, q10 0.39090], MS 1.36108, Freq 4.00530, L1 1.72011, Spectral 0.28428, Gradient 0.47491) | LR 6.25e-07
2026-07-16 04:01:43,094 INFO Epoch 92 | Batch 1150/1186 | Loss 4.23646 (Pin 0.82557 [q90 0.42500, q10 0.40057], MS 1.41793, Freq 3.98592, L1 1.74732, Spectral 0.27780, Gradient 0.46903) | LR 6.25e-07
2026-07-16 04:02:36,518 INFO Epoch 92 | Val Loss 4.88287 (Pin 0.78812 [q90 0.40638, q10 0.38174], MS 2.06005, Freq 4.06939, L1 1.75133, Spectral 0.27927, Gradient 0.47483)
2026-07-16 04:02:36,518 INFO Epoch 92 | Coverage q10/q50/q90 = 0.096/0.489/0.892 (nominal .10/.50/.90) | extreme tail = 0.131/0.459/0.851
2026-07-16 04:02:58,987 INFO Epoch 93 | Batch 50/1186 | Loss 4.31217 (Pin 0.81655 [q90 0.41523, q10 0.40132], MS 1.45102, Freq 4.08921, L1 1.74868, Spectral 0.28866, Gradient 0.48780) | LR 6.25e-07
2026-07-16 04:03:21,126 INFO Epoch 93 | Batch 100/1186 | Loss 4.24239 (Pin 0.80506 [q90 0.41368, q10 0.39137], MS 1.41455, Freq 4.04557, L1 1.73738, Spectral 0.28689, Gradient 0.48098) | LR 6.25e-07
2026-07-16 04:03:43,269 INFO Epoch 93 | Batch 150/1186 | Loss 4.19435 (Pin 0.81274 [q90 0.41749, q10 0.39525], MS 1.36038, Freq 4.04245, L1 1.75309, Spectral 0.28501, Gradient 0.47843) | LR 6.25e-07
2026-07-16 04:04:05,435 INFO Epoch 93 | Batch 200/1186 | Loss 4.15248 (Pin 0.79760 [q90 0.40595, q10 0.39165], MS 1.34369, Freq 4.02238, L1 1.72489, Spectral 0.27908, Gradient 0.47555) | LR 6.25e-07
2026-07-16 04:04:27,559 INFO Epoch 93 | Batch 250/1186 | Loss 4.16942 (Pin 0.81654 [q90 0.42164, q10 0.39491], MS 1.33095, Freq 4.04385, L1 1.75593, Spectral 0.27816, Gradient 0.47544) | LR 6.25e-07
2026-07-16 04:04:49,700 INFO Epoch 93 | Batch 300/1186 | Loss 4.10737 (Pin 0.78556 [q90 0.40064, q10 0.38492], MS 1.33063, Freq 3.98236, L1 1.70554, Spectral 0.28486, Gradient 0.47917) | LR 6.25e-07
2026-07-16 04:05:11,825 INFO Epoch 93 | Batch 350/1186 | Loss 4.18739 (Pin 0.79341 [q90 0.40534, q10 0.38807], MS 1.36950, Freq 4.04896, L1 1.71825, Spectral 0.28876, Gradient 0.48258) | LR 6.25e-07
2026-07-16 04:05:33,911 INFO Epoch 93 | Batch 400/1186 | Loss 4.16428 (Pin 0.79873 [q90 0.41438, q10 0.38435], MS 1.38166, Freq 3.96778, L1 1.72618, Spectral 0.27724, Gradient 0.47078) | LR 6.25e-07
2026-07-16 04:05:56,003 INFO Epoch 93 | Batch 450/1186 | Loss 4.23393 (Pin 0.82086 [q90 0.41960, q10 0.40126], MS 1.40567, Freq 4.01482, L1 1.75023, Spectral 0.28487, Gradient 0.47497) | LR 6.25e-07
2026-07-16 04:06:18,137 INFO Epoch 93 | Batch 500/1186 | Loss 4.10857 (Pin 0.78716 [q90 0.40509, q10 0.38207], MS 1.34217, Freq 3.95849, L1 1.70500, Spectral 0.27137, Gradient 0.46161) | LR 6.25e-07
2026-07-16 04:06:40,293 INFO Epoch 93 | Batch 550/1186 | Loss 4.16167 (Pin 0.78637 [q90 0.40788, q10 0.37849], MS 1.41474, Freq 3.92112, L1 1.68857, Spectral 0.28334, Gradient 0.47281) | LR 6.25e-07
2026-07-16 04:07:02,427 INFO Epoch 93 | Batch 600/1186 | Loss 4.30785 (Pin 0.81568 [q90 0.41325, q10 0.40243], MS 1.44392, Freq 4.09649, L1 1.77259, Spectral 0.28946, Gradient 0.48713) | LR 6.25e-07
2026-07-16 04:07:24,572 INFO Epoch 93 | Batch 650/1186 | Loss 4.30709 (Pin 0.83975 [q90 0.43587, q10 0.40388], MS 1.44948, Freq 4.03573, L1 1.77981, Spectral 0.29150, Gradient 0.47934) | LR 6.25e-07
2026-07-16 04:07:46,704 INFO Epoch 93 | Batch 700/1186 | Loss 4.20588 (Pin 0.79743 [q90 0.41392, q10 0.38351], MS 1.42129, Freq 3.97432, L1 1.71234, Spectral 0.28378, Gradient 0.47252) | LR 6.25e-07
2026-07-16 04:08:08,852 INFO Epoch 93 | Batch 750/1186 | Loss 4.31655 (Pin 0.81236 [q90 0.41775, q10 0.39460], MS 1.50411, Freq 4.00017, L1 1.73977, Spectral 0.28715, Gradient 0.47714) | LR 6.25e-07
2026-07-16 04:08:31,000 INFO Epoch 93 | Batch 800/1186 | Loss 4.15825 (Pin 0.80192 [q90 0.41688, q10 0.38504], MS 1.38373, Freq 3.94519, L1 1.71288, Spectral 0.27899, Gradient 0.46217) | LR 6.25e-07
2026-07-16 04:08:53,138 INFO Epoch 93 | Batch 850/1186 | Loss 4.20379 (Pin 0.80210 [q90 0.40670, q10 0.39540], MS 1.42341, Freq 3.95656, L1 1.72315, Spectral 0.27888, Gradient 0.47105) | LR 6.25e-07
2026-07-16 04:09:15,283 INFO Epoch 93 | Batch 900/1186 | Loss 4.20066 (Pin 0.81317 [q90 0.42121, q10 0.39197], MS 1.37819, Freq 4.01859, L1 1.73956, Spectral 0.28821, Gradient 0.47611) | LR 6.25e-07
2026-07-16 04:09:37,422 INFO Epoch 93 | Batch 950/1186 | Loss 4.20318 (Pin 0.80051 [q90 0.40704, q10 0.39346], MS 1.39094, Freq 4.02345, L1 1.74308, Spectral 0.28890, Gradient 0.47958) | LR 6.25e-07
2026-07-16 04:09:59,544 INFO Epoch 93 | Batch 1000/1186 | Loss 4.13797 (Pin 0.79560 [q90 0.40958, q10 0.38601], MS 1.35433, Freq 3.97608, L1 1.70418, Spectral 0.27448, Gradient 0.46695) | LR 6.25e-07
2026-07-16 04:10:21,655 INFO Epoch 93 | Batch 1050/1186 | Loss 4.23753 (Pin 0.80630 [q90 0.40952, q10 0.39678], MS 1.46924, Freq 3.92398, L1 1.72795, Spectral 0.27570, Gradient 0.46451) | LR 6.25e-07
2026-07-16 04:10:43,786 INFO Epoch 93 | Batch 1100/1186 | Loss 4.23231 (Pin 0.80731 [q90 0.41044, q10 0.39687], MS 1.43616, Freq 3.97769, L1 1.73429, Spectral 0.28019, Gradient 0.47518) | LR 6.25e-07
2026-07-16 04:11:05,928 INFO Epoch 93 | Batch 1150/1186 | Loss 4.14576 (Pin 0.80358 [q90 0.41276, q10 0.39082], MS 1.31971, Freq 4.04495, L1 1.75237, Spectral 0.27705, Gradient 0.47338) | LR 6.25e-07
2026-07-16 04:11:59,248 INFO Epoch 93 | Val Loss 4.88315 (Pin 0.78905 [q90 0.40692, q10 0.38214], MS 2.06000, Freq 4.06820, L1 1.75329, Spectral 0.27884, Gradient 0.47440)
2026-07-16 04:11:59,248 INFO Epoch 93 | Coverage q10/q50/q90 = 0.096/0.487/0.890 (nominal .10/.50/.90) | extreme tail = 0.128/0.453/0.846
2026-07-16 04:12:21,759 INFO Epoch 94 | Batch 50/1186 | Loss 4.09325 (Pin 0.78110 [q90 0.39828, q10 0.38283], MS 1.34524, Freq 3.93381, L1 1.68431, Spectral 0.27880, Gradient 0.46811) | LR 6.25e-07
2026-07-16 04:12:43,892 INFO Epoch 94 | Batch 100/1186 | Loss 4.20504 (Pin 0.79905 [q90 0.41106, q10 0.38799], MS 1.38449, Freq 4.04299, L1 1.72792, Spectral 0.28328, Gradient 0.47987) | LR 6.25e-07
2026-07-16 04:13:06,022 INFO Epoch 94 | Batch 150/1186 | Loss 4.22544 (Pin 0.82230 [q90 0.42167, q10 0.40063], MS 1.39062, Freq 4.02503, L1 1.75802, Spectral 0.28247, Gradient 0.47540) | LR 6.25e-07
2026-07-16 04:13:28,167 INFO Epoch 94 | Batch 200/1186 | Loss 4.16576 (Pin 0.79385 [q90 0.40285, q10 0.39101], MS 1.38844, Freq 3.96694, L1 1.72089, Spectral 0.27774, Gradient 0.46842) | LR 6.25e-07
2026-07-16 04:13:50,278 INFO Epoch 94 | Batch 250/1186 | Loss 4.07401 (Pin 0.77713 [q90 0.39481, q10 0.38232], MS 1.32304, Freq 3.94767, L1 1.69360, Spectral 0.27760, Gradient 0.46923) | LR 6.25e-07
2026-07-16 04:14:12,401 INFO Epoch 94 | Batch 300/1186 | Loss 4.24519 (Pin 0.81618 [q90 0.41873, q10 0.39745], MS 1.43443, Freq 3.98915, L1 1.73732, Spectral 0.28424, Gradient 0.47453) | LR 6.25e-07
2026-07-16 04:14:34,520 INFO Epoch 94 | Batch 350/1186 | Loss 4.15227 (Pin 0.79060 [q90 0.40440, q10 0.38620], MS 1.35923, Freq 4.00488, L1 1.71509, Spectral 0.28046, Gradient 0.47340) | LR 6.25e-07
2026-07-16 04:14:56,624 INFO Epoch 94 | Batch 400/1186 | Loss 4.17899 (Pin 0.81225 [q90 0.42103, q10 0.39121], MS 1.37369, Freq 3.98611, L1 1.74006, Spectral 0.27677, Gradient 0.46585) | LR 6.25e-07
2026-07-16 04:15:18,793 INFO Epoch 94 | Batch 450/1186 | Loss 4.36066 (Pin 0.85301 [q90 0.42944, q10 0.42357], MS 1.46534, Freq 4.08461, L1 1.80897, Spectral 0.28564, Gradient 0.48106) | LR 6.25e-07
2026-07-16 04:15:40,985 INFO Epoch 94 | Batch 500/1186 | Loss 4.24999 (Pin 0.83214 [q90 0.43082, q10 0.40132], MS 1.41194, Freq 4.01181, L1 1.78131, Spectral 0.28268, Gradient 0.46948) | LR 6.25e-07
2026-07-16 04:16:03,132 INFO Epoch 94 | Batch 550/1186 | Loss 4.20404 (Pin 0.82040 [q90 0.42390, q10 0.39650], MS 1.37491, Freq 4.01746, L1 1.76345, Spectral 0.27855, Gradient 0.47169) | LR 6.25e-07
2026-07-16 04:16:25,272 INFO Epoch 94 | Batch 600/1186 | Loss 4.12501 (Pin 0.77487 [q90 0.39679, q10 0.37808], MS 1.35786, Freq 3.98457, L1 1.68709, Spectral 0.28031, Gradient 0.47198) | LR 6.25e-07
2026-07-16 04:16:47,401 INFO Epoch 94 | Batch 650/1186 | Loss 4.29916 (Pin 0.82655 [q90 0.42427, q10 0.40228], MS 1.43245, Freq 4.08031, L1 1.78277, Spectral 0.28755, Gradient 0.48355) | LR 6.25e-07
2026-07-16 04:17:09,540 INFO Epoch 94 | Batch 700/1186 | Loss 4.06932 (Pin 0.79000 [q90 0.40611, q10 0.38389], MS 1.30754, Freq 3.94356, L1 1.70466, Spectral 0.27512, Gradient 0.46433) | LR 6.25e-07
2026-07-16 04:17:31,685 INFO Epoch 94 | Batch 750/1186 | Loss 4.20446 (Pin 0.79652 [q90 0.40428, q10 0.39223], MS 1.42992, Freq 3.95604, L1 1.71721, Spectral 0.28339, Gradient 0.46915) | LR 6.25e-07
2026-07-16 04:17:53,946 INFO Epoch 94 | Batch 800/1186 | Loss 4.24004 (Pin 0.79573 [q90 0.40339, q10 0.39234], MS 1.41227, Freq 4.06409, L1 1.73567, Spectral 0.28281, Gradient 0.48150) | LR 6.25e-07
2026-07-16 04:18:16,195 INFO Epoch 94 | Batch 850/1186 | Loss 4.21593 (Pin 0.78636 [q90 0.40328, q10 0.38308], MS 1.42065, Freq 4.01783, L1 1.71462, Spectral 0.28798, Gradient 0.48260) | LR 6.25e-07
2026-07-16 04:18:38,441 INFO Epoch 94 | Batch 900/1186 | Loss 4.25215 (Pin 0.82421 [q90 0.43022, q10 0.39399], MS 1.40725, Freq 4.04136, L1 1.75338, Spectral 0.28190, Gradient 0.47426) | LR 6.25e-07
2026-07-16 04:19:00,630 INFO Epoch 94 | Batch 950/1186 | Loss 4.22456 (Pin 0.81170 [q90 0.42003, q10 0.39167], MS 1.37395, Freq 4.07781, L1 1.74548, Spectral 0.29058, Gradient 0.48720) | LR 6.25e-07
2026-07-16 04:19:22,750 INFO Epoch 94 | Batch 1000/1186 | Loss 4.27050 (Pin 0.84571 [q90 0.43396, q10 0.41175], MS 1.40500, Freq 4.03958, L1 1.79481, Spectral 0.28607, Gradient 0.47884) | LR 6.25e-07
2026-07-16 04:19:44,857 INFO Epoch 94 | Batch 1050/1186 | Loss 4.12355 (Pin 0.80379 [q90 0.41685, q10 0.38694], MS 1.33500, Freq 3.96952, L1 1.71684, Spectral 0.27909, Gradient 0.46889) | LR 6.25e-07
2026-07-16 04:20:06,996 INFO Epoch 94 | Batch 1100/1186 | Loss 4.21059 (Pin 0.79475 [q90 0.40900, q10 0.38575], MS 1.41978, Freq 3.99213, L1 1.70940, Spectral 0.28540, Gradient 0.47830) | LR 6.25e-07
2026-07-16 04:20:29,126 INFO Epoch 94 | Batch 1150/1186 | Loss 4.29773 (Pin 0.80531 [q90 0.41795, q10 0.38735], MS 1.49800, Freq 3.98885, L1 1.73164, Spectral 0.28804, Gradient 0.47993) | LR 6.25e-07
2026-07-16 04:21:22,434 INFO Epoch 94 | Val Loss 4.88271 (Pin 0.78839 [q90 0.40655, q10 0.38184], MS 2.06082, Freq 4.06700, L1 1.75058, Spectral 0.27981, Gradient 0.47535)
2026-07-16 04:21:22,434 INFO Epoch 94 | Coverage q10/q50/q90 = 0.097/0.491/0.891 (nominal .10/.50/.90) | extreme tail = 0.130/0.456/0.847
2026-07-16 04:21:45,131 INFO Epoch 95 | Batch 50/1186 | Loss 4.19118 (Pin 0.79405 [q90 0.40450, q10 0.38955], MS 1.41301, Freq 3.96824, L1 1.70610, Spectral 0.27949, Gradient 0.47035) | LR 6.25e-07
2026-07-16 04:22:07,255 INFO Epoch 95 | Batch 100/1186 | Loss 4.29819 (Pin 0.81709 [q90 0.42138, q10 0.39572], MS 1.45965, Freq 4.04290, L1 1.76315, Spectral 0.28706, Gradient 0.47963) | LR 6.25e-07
2026-07-16 04:22:29,376 INFO Epoch 95 | Batch 150/1186 | Loss 4.26680 (Pin 0.80784 [q90 0.41176, q10 0.39608], MS 1.44902, Freq 4.01989, L1 1.73147, Spectral 0.28255, Gradient 0.47553) | LR 6.25e-07
2026-07-16 04:22:51,499 INFO Epoch 95 | Batch 200/1186 | Loss 4.12974 (Pin 0.78526 [q90 0.40201, q10 0.38325], MS 1.34125, Freq 4.00647, L1 1.69974, Spectral 0.28879, Gradient 0.47768) | LR 6.25e-07
2026-07-16 04:23:13,627 INFO Epoch 95 | Batch 250/1186 | Loss 4.18480 (Pin 0.80629 [q90 0.41469, q10 0.39160], MS 1.38110, Freq 3.99483, L1 1.73926, Spectral 0.28423, Gradient 0.47361) | LR 6.25e-07
2026-07-16 04:23:35,751 INFO Epoch 95 | Batch 300/1186 | Loss 4.28624 (Pin 0.81868 [q90 0.42008, q10 0.39859], MS 1.44870, Freq 4.03773, L1 1.74196, Spectral 0.28137, Gradient 0.47763) | LR 6.25e-07
2026-07-16 04:23:57,885 INFO Epoch 95 | Batch 350/1186 | Loss 4.16026 (Pin 0.79564 [q90 0.41005, q10 0.38558], MS 1.36035, Freq 4.00855, L1 1.70659, Spectral 0.28778, Gradient 0.47935) | LR 6.25e-07
2026-07-16 04:24:19,994 INFO Epoch 95 | Batch 400/1186 | Loss 4.26147 (Pin 0.80752 [q90 0.41251, q10 0.39501], MS 1.43296, Freq 4.04199, L1 1.74687, Spectral 0.28750, Gradient 0.47937) | LR 6.25e-07
2026-07-16 04:24:42,082 INFO Epoch 95 | Batch 450/1186 | Loss 4.21042 (Pin 0.80973 [q90 0.41866, q10 0.39107], MS 1.39979, Freq 4.00179, L1 1.73825, Spectral 0.28163, Gradient 0.47400) | LR 6.25e-07
2026-07-16 04:25:04,180 INFO Epoch 95 | Batch 500/1186 | Loss 4.06937 (Pin 0.79435 [q90 0.40801, q10 0.38634], MS 1.33425, Freq 3.88154, L1 1.69715, Spectral 0.27966, Gradient 0.46332) | LR 6.25e-07
2026-07-16 04:25:26,336 INFO Epoch 95 | Batch 550/1186 | Loss 4.08064 (Pin 0.77425 [q90 0.40066, q10 0.37359], MS 1.34251, Freq 3.92776, L1 1.67900, Spectral 0.27665, Gradient 0.46756) | LR 6.25e-07
2026-07-16 04:25:48,452 INFO Epoch 95 | Batch 600/1186 | Loss 4.26557 (Pin 0.82573 [q90 0.42204, q10 0.40369], MS 1.41037, Freq 4.05894, L1 1.76997, Spectral 0.29051, Gradient 0.48170) | LR 6.25e-07
2026-07-16 04:26:10,587 INFO Epoch 95 | Batch 650/1186 | Loss 4.31041 (Pin 0.84189 [q90 0.43758, q10 0.40431], MS 1.41067, Freq 4.11569, L1 1.80412, Spectral 0.28757, Gradient 0.48483) | LR 6.25e-07
2026-07-16 04:26:32,708 INFO Epoch 95 | Batch 700/1186 | Loss 4.07204 (Pin 0.79375 [q90 0.41186, q10 0.38189], MS 1.32741, Freq 3.90177, L1 1.69902, Spectral 0.27688, Gradient 0.46382) | LR 6.25e-07
2026-07-16 04:26:54,829 INFO Epoch 95 | Batch 750/1186 | Loss 4.11838 (Pin 0.80144 [q90 0.41197, q10 0.38947], MS 1.32874, Freq 3.97640, L1 1.72217, Spectral 0.27627, Gradient 0.46702) | LR 6.25e-07
2026-07-16 04:27:16,956 INFO Epoch 95 | Batch 800/1186 | Loss 4.21540 (Pin 0.80609 [q90 0.41385, q10 0.39225], MS 1.40443, Freq 4.00975, L1 1.73082, Spectral 0.28065, Gradient 0.47553) | LR 6.25e-07
2026-07-16 04:27:39,092 INFO Epoch 95 | Batch 850/1186 | Loss 4.19801 (Pin 0.80275 [q90 0.40603, q10 0.39671], MS 1.39555, Freq 3.99942, L1 1.73427, Spectral 0.28568, Gradient 0.47699) | LR 6.25e-07
2026-07-16 04:28:01,231 INFO Epoch 95 | Batch 900/1186 | Loss 4.20884 (Pin 0.79564 [q90 0.40713, q10 0.38851], MS 1.40089, Freq 4.02464, L1 1.72500, Spectral 0.28753, Gradient 0.48180) | LR 6.25e-07
2026-07-16 04:28:23,378 INFO Epoch 95 | Batch 950/1186 | Loss 4.36551 (Pin 0.83943 [q90 0.42577, q10 0.41366], MS 1.47216, Freq 4.10784, L1 1.81287, Spectral 0.27686, Gradient 0.47351) | LR 6.25e-07
2026-07-16 04:28:45,511 INFO Epoch 95 | Batch 1000/1186 | Loss 4.24863 (Pin 0.82958 [q90 0.42734, q10 0.40224], MS 1.39290, Freq 4.05229, L1 1.77059, Spectral 0.28044, Gradient 0.47358) | LR 6.25e-07
2026-07-16 04:29:07,647 INFO Epoch 95 | Batch 1050/1186 | Loss 4.30685 (Pin 0.82944 [q90 0.42629, q10 0.40315], MS 1.43506, Freq 4.08471, L1 1.76743, Spectral 0.28660, Gradient 0.48185) | LR 6.25e-07
2026-07-16 04:29:29,768 INFO Epoch 95 | Batch 1100/1186 | Loss 4.06943 (Pin 0.76907 [q90 0.39380, q10 0.37527], MS 1.33545, Freq 3.92983, L1 1.67177, Spectral 0.27460, Gradient 0.46633) | LR 6.25e-07
2026-07-16 04:29:51,912 INFO Epoch 95 | Batch 1150/1186 | Loss 4.19592 (Pin 0.81178 [q90 0.41604, q10 0.39574], MS 1.36205, Freq 4.04419, L1 1.74564, Spectral 0.28496, Gradient 0.48041) | LR 6.25e-07
2026-07-16 04:30:45,237 INFO Epoch 95 | Val Loss 4.85811 (Pin 0.78867 [q90 0.40689, q10 0.38178], MS 2.05116, Freq 4.03655, L1 1.74691, Spectral 0.27916, Gradient 0.47237)
2026-07-16 04:30:45,237 INFO Epoch 95 | Coverage q10/q50/q90 = 0.097/0.489/0.890 (nominal .10/.50/.90) | extreme tail = 0.130/0.455/0.845
2026-07-16 04:31:07,876 INFO Epoch 96 | Batch 50/1186 | Loss 4.18380 (Pin 0.81306 [q90 0.42432, q10 0.38873], MS 1.39231, Freq 3.95687, L1 1.72092, Spectral 0.27623, Gradient 0.46708) | LR 6.25e-07
2026-07-16 04:31:30,111 INFO Epoch 96 | Batch 100/1186 | Loss 4.31864 (Pin 0.82256 [q90 0.42098, q10 0.40159], MS 1.46123, Freq 4.06969, L1 1.76166, Spectral 0.28372, Gradient 0.48240) | LR 6.25e-07
2026-07-16 04:31:52,350 INFO Epoch 96 | Batch 150/1186 | Loss 4.07131 (Pin 0.77562 [q90 0.40106, q10 0.37456], MS 1.32161, Freq 3.94817, L1 1.68142, Spectral 0.27604, Gradient 0.46813) | LR 6.25e-07
2026-07-16 04:32:14,565 INFO Epoch 96 | Batch 200/1186 | Loss 4.26042 (Pin 0.80580 [q90 0.41652, q10 0.38928], MS 1.45341, Freq 4.00243, L1 1.73438, Spectral 0.28384, Gradient 0.47322) | LR 6.25e-07
2026-07-16 04:32:36,746 INFO Epoch 96 | Batch 250/1186 | Loss 4.22464 (Pin 0.80007 [q90 0.40839, q10 0.39168], MS 1.42633, Freq 3.99649, L1 1.73093, Spectral 0.27907, Gradient 0.47400) | LR 6.25e-07
2026-07-16 04:32:58,992 INFO Epoch 96 | Batch 300/1186 | Loss 4.18103 (Pin 0.80312 [q90 0.41540, q10 0.38773], MS 1.37666, Freq 4.00250, L1 1.73107, Spectral 0.27801, Gradient 0.47220) | LR 6.25e-07
2026-07-16 04:33:21,191 INFO Epoch 96 | Batch 350/1186 | Loss 4.20699 (Pin 0.80442 [q90 0.41433, q10 0.39009], MS 1.39341, Freq 4.01832, L1 1.73660, Spectral 0.28530, Gradient 0.47528) | LR 6.25e-07
2026-07-16 04:33:43,412 INFO Epoch 96 | Batch 400/1186 | Loss 4.28053 (Pin 0.82653 [q90 0.42718, q10 0.39935], MS 1.41979, Freq 4.06842, L1 1.78525, Spectral 0.28510, Gradient 0.47707) | LR 6.25e-07
2026-07-16 04:34:05,623 INFO Epoch 96 | Batch 450/1186 | Loss 4.21030 (Pin 0.80248 [q90 0.41314, q10 0.38934], MS 1.39751, Freq 4.02062, L1 1.73337, Spectral 0.28198, Gradient 0.47514) | LR 6.25e-07
2026-07-16 04:34:27,869 INFO Epoch 96 | Batch 500/1186 | Loss 4.21367 (Pin 0.82583 [q90 0.42938, q10 0.39645], MS 1.38145, Freq 4.01278, L1 1.76218, Spectral 0.28083, Gradient 0.47081) | LR 6.25e-07
2026-07-16 04:34:50,105 INFO Epoch 96 | Batch 550/1186 | Loss 4.25376 (Pin 0.81903 [q90 0.42060, q10 0.39844], MS 1.40883, Freq 4.05180, L1 1.75181, Spectral 0.28835, Gradient 0.48055) | LR 6.25e-07
2026-07-16 04:35:12,267 INFO Epoch 96 | Batch 600/1186 | Loss 4.25198 (Pin 0.81577 [q90 0.41660, q10 0.39917], MS 1.39152, Freq 4.08940, L1 1.76112, Spectral 0.28639, Gradient 0.48730) | LR 6.25e-07
2026-07-16 04:35:34,479 INFO Epoch 96 | Batch 650/1186 | Loss 4.21362 (Pin 0.80999 [q90 0.41361, q10 0.39638], MS 1.38933, Freq 4.02859, L1 1.75455, Spectral 0.27735, Gradient 0.47209) | LR 6.25e-07
2026-07-16 04:35:56,678 INFO Epoch 96 | Batch 700/1186 | Loss 4.15637 (Pin 0.80452 [q90 0.40941, q10 0.39511], MS 1.35239, Freq 3.99893, L1 1.73308, Spectral 0.28256, Gradient 0.47384) | LR 6.25e-07
2026-07-16 04:36:18,879 INFO Epoch 96 | Batch 750/1186 | Loss 4.03145 (Pin 0.76307 [q90 0.39037, q10 0.37270], MS 1.33472, Freq 3.86732, L1 1.65788, Spectral 0.27721, Gradient 0.46249) | LR 6.25e-07
2026-07-16 04:36:41,049 INFO Epoch 96 | Batch 800/1186 | Loss 4.21880 (Pin 0.80183 [q90 0.41189, q10 0.38995], MS 1.42298, Freq 3.98796, L1 1.71795, Spectral 0.28342, Gradient 0.47284) | LR 6.25e-07
2026-07-16 04:37:03,246 INFO Epoch 96 | Batch 850/1186 | Loss 4.22841 (Pin 0.81893 [q90 0.41881, q10 0.40012], MS 1.38188, Freq 4.05521, L1 1.74455, Spectral 0.29461, Gradient 0.48893) | LR 6.25e-07
2026-07-16 04:37:25,421 INFO Epoch 96 | Batch 900/1186 | Loss 4.09894 (Pin 0.78110 [q90 0.40062, q10 0.38049], MS 1.33809, Freq 3.95950, L1 1.67923, Spectral 0.28049, Gradient 0.47415) | LR 6.25e-07
2026-07-16 04:37:47,604 INFO Epoch 96 | Batch 950/1186 | Loss 4.25720 (Pin 0.81188 [q90 0.41183, q10 0.40005], MS 1.43854, Freq 4.01356, L1 1.74548, Spectral 0.28075, Gradient 0.47215) | LR 6.25e-07
2026-07-16 04:38:09,791 INFO Epoch 96 | Batch 1000/1186 | Loss 4.22404 (Pin 0.80411 [q90 0.40770, q10 0.39642], MS 1.40312, Freq 4.03362, L1 1.74675, Spectral 0.28511, Gradient 0.47762) | LR 6.25e-07
2026-07-16 04:38:31,979 INFO Epoch 96 | Batch 1050/1186 | Loss 4.22781 (Pin 0.80860 [q90 0.42372, q10 0.38489], MS 1.43137, Freq 3.97569, L1 1.74411, Spectral 0.28326, Gradient 0.46942) | LR 6.25e-07
2026-07-16 04:38:54,235 INFO Epoch 96 | Batch 1100/1186 | Loss 4.19114 (Pin 0.79874 [q90 0.40764, q10 0.39110], MS 1.42097, Freq 3.94286, L1 1.71949, Spectral 0.28379, Gradient 0.46889) | LR 6.25e-07
2026-07-16 04:39:16,465 INFO Epoch 96 | Batch 1150/1186 | Loss 4.14714 (Pin 0.81134 [q90 0.41558, q10 0.39576], MS 1.32197, Freq 4.02765, L1 1.74279, Spectral 0.28449, Gradient 0.47797) | LR 6.25e-07
2026-07-16 04:40:10,081 INFO Epoch 96 | Val Loss 4.87749 (Pin 0.78832 [q90 0.40626, q10 0.38206], MS 2.05705, Freq 4.06426, L1 1.75178, Spectral 0.27924, Gradient 0.47437)
2026-07-16 04:40:10,081 INFO Epoch 96 | Coverage q10/q50/q90 = 0.096/0.485/0.889 (nominal .10/.50/.90) | extreme tail = 0.131/0.454/0.847
2026-07-16 04:40:32,810 INFO Epoch 97 | Batch 50/1186 | Loss 4.17858 (Pin 0.80794 [q90 0.41768, q10 0.39026], MS 1.35437, Freq 4.03253, L1 1.74612, Spectral 0.28726, Gradient 0.47980) | LR 6.25e-07
2026-07-16 04:40:55,124 INFO Epoch 97 | Batch 100/1186 | Loss 4.31670 (Pin 0.84296 [q90 0.43890, q10 0.40406], MS 1.42170, Freq 4.10409, L1 1.80104, Spectral 0.28999, Gradient 0.48409) | LR 6.25e-07
2026-07-16 04:41:17,457 INFO Epoch 97 | Batch 150/1186 | Loss 4.13421 (Pin 0.78849 [q90 0.40056, q10 0.38794], MS 1.37812, Freq 3.93520, L1 1.68891, Spectral 0.27953, Gradient 0.47172) | LR 6.25e-07
2026-07-16 04:41:39,786 INFO Epoch 97 | Batch 200/1186 | Loss 4.23244 (Pin 0.82448 [q90 0.42851, q10 0.39596], MS 1.39952, Freq 4.01688, L1 1.76964, Spectral 0.28944, Gradient 0.47801) | LR 6.25e-07
2026-07-16 04:42:02,103 INFO Epoch 97 | Batch 250/1186 | Loss 4.16411 (Pin 0.80645 [q90 0.41407, q10 0.39238], MS 1.32956, Freq 4.05621, L1 1.73695, Spectral 0.29135, Gradient 0.48232) | LR 6.25e-07
2026-07-16 04:42:24,393 INFO Epoch 97 | Batch 300/1186 | Loss 4.18050 (Pin 0.81325 [q90 0.42091, q10 0.39234], MS 1.35309, Freq 4.02833, L1 1.76128, Spectral 0.27857, Gradient 0.47184) | LR 6.25e-07
2026-07-16 04:42:46,711 INFO Epoch 97 | Batch 350/1186 | Loss 4.36243 (Pin 0.82567 [q90 0.42580, q10 0.39986], MS 1.52161, Freq 4.03030, L1 1.76344, Spectral 0.28222, Gradient 0.47443) | LR 6.25e-07
2026-07-16 04:43:09,020 INFO Epoch 97 | Batch 400/1186 | Loss 4.29360 (Pin 0.82152 [q90 0.41974, q10 0.40178], MS 1.44679, Freq 4.05057, L1 1.76261, Spectral 0.28718, Gradient 0.48109) | LR 6.25e-07
2026-07-16 04:43:31,324 INFO Epoch 97 | Batch 450/1186 | Loss 4.08849 (Pin 0.79410 [q90 0.41170, q10 0.38240], MS 1.31952, Freq 3.94973, L1 1.70096, Spectral 0.28121, Gradient 0.46811) | LR 6.25e-07
2026-07-16 04:43:53,618 INFO Epoch 97 | Batch 500/1186 | Loss 4.18830 (Pin 0.80098 [q90 0.40598, q10 0.39500], MS 1.36291, Freq 4.04882, L1 1.73973, Spectral 0.28564, Gradient 0.48223) | LR 6.25e-07
2026-07-16 04:44:15,885 INFO Epoch 97 | Batch 550/1186 | Loss 4.21897 (Pin 0.80068 [q90 0.41014, q10 0.39054], MS 1.42227, Freq 3.99202, L1 1.74429, Spectral 0.26876, Gradient 0.46497) | LR 6.25e-07
2026-07-16 04:44:38,180 INFO Epoch 97 | Batch 600/1186 | Loss 4.02307 (Pin 0.78701 [q90 0.40104, q10 0.38597], MS 1.27821, Freq 3.91570, L1 1.68917, Spectral 0.27641, Gradient 0.45988) | LR 6.25e-07
2026-07-16 04:45:00,442 INFO Epoch 97 | Batch 650/1186 | Loss 4.05175 (Pin 0.77312 [q90 0.39077, q10 0.38235], MS 1.33978, Freq 3.87770, L1 1.66305, Spectral 0.27557, Gradient 0.45973) | LR 6.25e-07
2026-07-16 04:45:22,618 INFO Epoch 97 | Batch 700/1186 | Loss 4.02804 (Pin 0.76882 [q90 0.39346, q10 0.37535], MS 1.31385, Freq 3.89073, L1 1.65497, Spectral 0.28168, Gradient 0.46668) | LR 6.25e-07
2026-07-16 04:45:44,852 INFO Epoch 97 | Batch 750/1186 | Loss 4.24176 (Pin 0.79735 [q90 0.40808, q10 0.38927], MS 1.46420, Freq 3.96042, L1 1.69691, Spectral 0.28977, Gradient 0.47833) | LR 6.25e-07
2026-07-16 04:46:07,696 INFO Epoch 97 | Batch 800/1186 | Loss 4.14347 (Pin 0.79777 [q90 0.40492, q10 0.39284], MS 1.34417, Freq 4.00306, L1 1.71296, Spectral 0.28404, Gradient 0.47914) | LR 6.25e-07
2026-07-16 04:46:30,000 INFO Epoch 97 | Batch 850/1186 | Loss 4.31784 (Pin 0.82981 [q90 0.42483, q10 0.40498], MS 1.42434, Freq 4.12738, L1 1.78986, Spectral 0.28571, Gradient 0.48794) | LR 6.25e-07
2026-07-16 04:46:53,425 INFO Epoch 97 | Batch 900/1186 | Loss 4.15958 (Pin 0.80109 [q90 0.41191, q10 0.38917], MS 1.36395, Freq 3.98908, L1 1.72863, Spectral 0.27682, Gradient 0.47032) | LR 6.25e-07
2026-07-16 04:47:15,729 INFO Epoch 97 | Batch 950/1186 | Loss 4.22893 (Pin 0.80330 [q90 0.41336, q10 0.38993], MS 1.41677, Freq 4.01772, L1 1.73217, Spectral 0.28154, Gradient 0.47728) | LR 6.25e-07
2026-07-16 04:47:37,968 INFO Epoch 97 | Batch 1000/1186 | Loss 4.20174 (Pin 0.79419 [q90 0.40291, q10 0.39128], MS 1.41888, Freq 3.97733, L1 1.71001, Spectral 0.28467, Gradient 0.47449) | LR 6.25e-07
2026-07-16 04:48:00,666 INFO Epoch 97 | Batch 1050/1186 | Loss 4.15203 (Pin 0.80103 [q90 0.41763, q10 0.38340], MS 1.35788, Freq 3.98622, L1 1.71953, Spectral 0.27823, Gradient 0.47057) | LR 6.25e-07
2026-07-16 04:48:23,542 INFO Epoch 97 | Batch 1100/1186 | Loss 4.31203 (Pin 0.83048 [q90 0.42911, q10 0.40137], MS 1.45605, Freq 4.05099, L1 1.78027, Spectral 0.28462, Gradient 0.47722) | LR 6.25e-07
2026-07-16 04:48:46,236 INFO Epoch 97 | Batch 1150/1186 | Loss 4.27597 (Pin 0.80614 [q90 0.41776, q10 0.38838], MS 1.44249, Freq 4.05468, L1 1.75169, Spectral 0.28167, Gradient 0.47667) | LR 6.25e-07
2026-07-16 04:49:40,833 INFO Epoch 97 | Val Loss 4.88204 (Pin 0.78846 [q90 0.40665, q10 0.38181], MS 2.06656, Freq 4.05405, L1 1.74969, Spectral 0.27920, Gradient 0.47311)
2026-07-16 04:49:40,833 INFO Epoch 97 | Coverage q10/q50/q90 = 0.098/0.486/0.888 (nominal .10/.50/.90) | extreme tail = 0.132/0.454/0.844
2026-07-16 04:50:04,284 INFO Epoch 98 | Batch 50/1186 | Loss 4.12116 (Pin 0.79881 [q90 0.40633, q10 0.39247], MS 1.30937, Freq 4.02597, L1 1.72267, Spectral 0.28212, Gradient 0.47381) | LR 6.25e-07
2026-07-16 04:50:26,966 INFO Epoch 98 | Batch 100/1186 | Loss 4.13448 (Pin 0.80514 [q90 0.41101, q10 0.39414], MS 1.32519, Freq 4.00830, L1 1.73439, Spectral 0.28287, Gradient 0.47874) | LR 6.25e-07
2026-07-16 04:50:49,586 INFO Epoch 98 | Batch 150/1186 | Loss 4.20403 (Pin 0.81130 [q90 0.41464, q10 0.39666], MS 1.36847, Freq 4.04852, L1 1.74829, Spectral 0.29000, Gradient 0.48356) | LR 6.25e-07
2026-07-16 04:51:12,258 INFO Epoch 98 | Batch 200/1186 | Loss 4.36538 (Pin 0.83482 [q90 0.43593, q10 0.39889], MS 1.46693, Freq 4.12726, L1 1.78470, Spectral 0.28327, Gradient 0.48563) | LR 6.25e-07
2026-07-16 04:51:34,905 INFO Epoch 98 | Batch 250/1186 | Loss 4.18149 (Pin 0.80373 [q90 0.40714, q10 0.39659], MS 1.37138, Freq 4.01278, L1 1.73052, Spectral 0.27920, Gradient 0.47368) | LR 6.25e-07
2026-07-16 04:51:57,337 INFO Epoch 98 | Batch 300/1186 | Loss 4.23501 (Pin 0.81265 [q90 0.41315, q10 0.39949], MS 1.38570, Freq 4.07333, L1 1.74723, Spectral 0.28620, Gradient 0.48346) | LR 6.25e-07
2026-07-16 04:52:19,973 INFO Epoch 98 | Batch 350/1186 | Loss 4.08796 (Pin 0.78108 [q90 0.40129, q10 0.37978], MS 1.33488, Freq 3.94401, L1 1.68657, Spectral 0.28360, Gradient 0.47033) | LR 6.25e-07
2026-07-16 04:52:42,885 INFO Epoch 98 | Batch 400/1186 | Loss 4.28047 (Pin 0.81676 [q90 0.41858, q10 0.39818], MS 1.43133, Freq 4.06477, L1 1.75848, Spectral 0.28645, Gradient 0.48112) | LR 6.25e-07
2026-07-16 04:53:05,591 INFO Epoch 98 | Batch 450/1186 | Loss 4.18398 (Pin 0.80497 [q90 0.41509, q10 0.38988], MS 1.37552, Freq 4.00697, L1 1.72351, Spectral 0.28926, Gradient 0.47841) | LR 6.25e-07
2026-07-16 04:53:28,231 INFO Epoch 98 | Batch 500/1186 | Loss 4.26150 (Pin 0.81120 [q90 0.41580, q10 0.39540], MS 1.45393, Freq 3.99272, L1 1.73709, Spectral 0.28127, Gradient 0.47304) | LR 6.25e-07
2026-07-16 04:53:51,149 INFO Epoch 98 | Batch 550/1186 | Loss 4.11013 (Pin 0.78595 [q90 0.40567, q10 0.38028], MS 1.36553, Freq 3.91731, L1 1.69214, Spectral 0.27849, Gradient 0.46611) | LR 6.25e-07
2026-07-16 04:54:14,279 INFO Epoch 98 | Batch 600/1186 | Loss 4.25689 (Pin 0.81931 [q90 0.42459, q10 0.39472], MS 1.41982, Freq 4.03551, L1 1.75676, Spectral 0.28153, Gradient 0.47564) | LR 6.25e-07
2026-07-16 04:54:37,013 INFO Epoch 98 | Batch 650/1186 | Loss 4.15535 (Pin 0.79213 [q90 0.40639, q10 0.38573], MS 1.37811, Freq 3.97024, L1 1.69319, Spectral 0.28585, Gradient 0.47473) | LR 6.25e-07
2026-07-16 04:54:59,894 INFO Epoch 98 | Batch 700/1186 | Loss 4.12833 (Pin 0.80240 [q90 0.40859, q10 0.39381], MS 1.34298, Freq 3.96589, L1 1.72732, Spectral 0.27715, Gradient 0.46681) | LR 6.25e-07
2026-07-16 04:55:22,746 INFO Epoch 98 | Batch 750/1186 | Loss 4.14747 (Pin 0.79800 [q90 0.41184, q10 0.38616], MS 1.35672, Freq 3.98549, L1 1.71959, Spectral 0.27974, Gradient 0.47439) | LR 6.25e-07
2026-07-16 04:55:45,799 INFO Epoch 98 | Batch 800/1186 | Loss 4.12419 (Pin 0.78815 [q90 0.40795, q10 0.38019], MS 1.36627, Freq 3.93954, L1 1.69455, Spectral 0.27737, Gradient 0.46444) | LR 6.25e-07
2026-07-16 04:56:26,304 INFO Epoch 98 | Batch 850/1186 | Loss 4.34371 (Pin 0.83455 [q90 0.42882, q10 0.40573], MS 1.49694, Freq 4.02442, L1 1.77728, Spectral 0.28560, Gradient 0.47673) | LR 6.25e-07
2026-07-16 04:56:54,235 INFO Epoch 98 | Batch 900/1186 | Loss 4.12389 (Pin 0.79961 [q90 0.41206, q10 0.38754], MS 1.33221, Freq 3.98414, L1 1.73066, Spectral 0.28288, Gradient 0.47000) | LR 6.25e-07
2026-07-16 04:57:45,502 INFO Epoch 98 | Batch 950/1186 | Loss 4.17879 (Pin 0.79955 [q90 0.40802, q10 0.39154], MS 1.38763, Freq 3.98322, L1 1.73097, Spectral 0.27475, Gradient 0.46831) | LR 6.25e-07
2026-07-16 04:58:36,625 INFO Epoch 98 | Batch 1000/1186 | Loss 4.28876 (Pin 0.80958 [q90 0.41539, q10 0.39419], MS 1.46502, Freq 4.02833, L1 1.73572, Spectral 0.28625, Gradient 0.47500) | LR 6.25e-07
2026-07-16 04:59:27,696 INFO Epoch 98 | Batch 1050/1186 | Loss 4.14392 (Pin 0.79119 [q90 0.40613, q10 0.38505], MS 1.37966, Freq 3.94614, L1 1.70193, Spectral 0.27836, Gradient 0.46707) | LR 6.25e-07
2026-07-16 05:00:06,191 INFO Epoch 98 | Batch 1100/1186 | Loss 4.23207 (Pin 0.81168 [q90 0.42080, q10 0.39087], MS 1.40489, Freq 4.03102, L1 1.74553, Spectral 0.28807, Gradient 0.48059) | LR 6.25e-07
2026-07-16 05:00:57,232 INFO Epoch 98 | Batch 1150/1186 | Loss 4.22616 (Pin 0.80785 [q90 0.41354, q10 0.39431], MS 1.40046, Freq 4.03571, L1 1.75696, Spectral 0.27749, Gradient 0.47032) | LR 6.25e-07
2026-07-16 05:03:09,994 INFO Epoch 98 | Val Loss 4.87746 (Pin 0.78815 [q90 0.40640, q10 0.38176], MS 2.06027, Freq 4.05806, L1 1.74997, Spectral 0.27931, Gradient 0.47377)
2026-07-16 05:03:10,002 INFO Epoch 98 | Coverage q10/q50/q90 = 0.096/0.490/0.891 (nominal .10/.50/.90) | extreme tail = 0.131/0.456/0.846
2026-07-16 05:03:43,194 INFO Epoch 99 | Batch 50/1186 | Loss 4.07673 (Pin 0.79551 [q90 0.40352, q10 0.39200], MS 1.29338, Freq 3.97567, L1 1.70442, Spectral 0.28508, Gradient 0.47711) | LR 6.25e-07
2026-07-16 05:04:34,433 INFO Epoch 99 | Batch 100/1186 | Loss 4.22853 (Pin 0.81095 [q90 0.42064, q10 0.39030], MS 1.41712, Freq 4.00093, L1 1.73525, Spectral 0.27801, Gradient 0.47159) | LR 6.25e-07
2026-07-16 05:05:09,460 INFO Epoch 99 | Batch 150/1186 | Loss 4.27537 (Pin 0.82492 [q90 0.42478, q10 0.40014], MS 1.40427, Freq 4.09236, L1 1.78730, Spectral 0.28463, Gradient 0.48184) | LR 6.25e-07
2026-07-16 05:05:31,802 INFO Epoch 99 | Batch 200/1186 | Loss 4.24100 (Pin 0.80201 [q90 0.41413, q10 0.38788], MS 1.43001, Freq 4.01796, L1 1.72599, Spectral 0.28161, Gradient 0.47541) | LR 6.25e-07
2026-07-16 05:05:54,154 INFO Epoch 99 | Batch 250/1186 | Loss 4.27756 (Pin 0.82136 [q90 0.42031, q10 0.40105], MS 1.44692, Freq 4.01856, L1 1.75011, Spectral 0.29132, Gradient 0.47572) | LR 6.25e-07
2026-07-16 05:06:16,511 INFO Epoch 99 | Batch 300/1186 | Loss 4.28533 (Pin 0.81509 [q90 0.41537, q10 0.39972], MS 1.44582, Freq 4.04884, L1 1.75806, Spectral 0.28602, Gradient 0.47760) | LR 6.25e-07
2026-07-16 05:06:38,876 INFO Epoch 99 | Batch 350/1186 | Loss 4.10077 (Pin 0.78470 [q90 0.39946, q10 0.38524], MS 1.32706, Freq 3.97802, L1 1.70090, Spectral 0.28615, Gradient 0.47712) | LR 6.25e-07
2026-07-16 05:07:01,257 INFO Epoch 99 | Batch 400/1186 | Loss 4.19837 (Pin 0.81459 [q90 0.41776, q10 0.39682], MS 1.35087, Freq 4.06583, L1 1.76491, Spectral 0.28342, Gradient 0.47981) | LR 6.25e-07
2026-07-16 05:07:23,877 INFO Epoch 99 | Batch 450/1186 | Loss 4.11175 (Pin 0.78479 [q90 0.40101, q10 0.38378], MS 1.35725, Freq 3.93943, L1 1.69380, Spectral 0.27843, Gradient 0.46851) | LR 6.25e-07
2026-07-16 05:07:46,281 INFO Epoch 99 | Batch 500/1186 | Loss 4.29164 (Pin 0.82592 [q90 0.42052, q10 0.40540], MS 1.43115, Freq 4.06914, L1 1.78614, Spectral 0.28318, Gradient 0.47569) | LR 6.25e-07
2026-07-16 05:08:08,510 INFO Epoch 99 | Batch 550/1186 | Loss 4.21750 (Pin 0.81171 [q90 0.41675, q10 0.39496], MS 1.37493, Freq 4.06171, L1 1.75541, Spectral 0.28625, Gradient 0.47710) | LR 6.25e-07
2026-07-16 05:08:30,716 INFO Epoch 99 | Batch 600/1186 | Loss 4.11001 (Pin 0.79724 [q90 0.41245, q10 0.38479], MS 1.34185, Freq 3.94183, L1 1.71176, Spectral 0.28545, Gradient 0.47468) | LR 6.25e-07
2026-07-16 05:08:52,976 INFO Epoch 99 | Batch 650/1186 | Loss 4.17286 (Pin 0.80197 [q90 0.40987, q10 0.39210], MS 1.35208, Freq 4.03762, L1 1.73094, Spectral 0.28279, Gradient 0.47702) | LR 6.25e-07
2026-07-16 05:09:15,221 INFO Epoch 99 | Batch 700/1186 | Loss 4.16834 (Pin 0.79962 [q90 0.41256, q10 0.38706], MS 1.38762, Freq 3.96220, L1 1.71860, Spectral 0.28092, Gradient 0.47089) | LR 6.25e-07
2026-07-16 05:09:37,477 INFO Epoch 99 | Batch 750/1186 | Loss 4.22036 (Pin 0.80633 [q90 0.42201, q10 0.38432], MS 1.41659, Freq 3.99488, L1 1.73216, Spectral 0.28715, Gradient 0.47657) | LR 6.25e-07
2026-07-16 05:09:59,749 INFO Epoch 99 | Batch 800/1186 | Loss 4.18526 (Pin 0.81339 [q90 0.41713, q10 0.39626], MS 1.38245, Freq 3.97885, L1 1.73564, Spectral 0.27813, Gradient 0.47043) | LR 6.25e-07
2026-07-16 05:10:22,006 INFO Epoch 99 | Batch 850/1186 | Loss 4.22781 (Pin 0.81335 [q90 0.42114, q10 0.39221], MS 1.40594, Freq 4.01705, L1 1.74449, Spectral 0.27631, Gradient 0.47168) | LR 6.25e-07
2026-07-16 05:10:44,278 INFO Epoch 99 | Batch 900/1186 | Loss 4.16736 (Pin 0.79573 [q90 0.41081, q10 0.38492], MS 1.38984, Freq 3.96358, L1 1.71098, Spectral 0.27847, Gradient 0.46644) | LR 6.25e-07
2026-07-16 05:11:06,562 INFO Epoch 99 | Batch 950/1186 | Loss 4.14189 (Pin 0.77890 [q90 0.40132, q10 0.37758], MS 1.37715, Freq 3.97167, L1 1.68301, Spectral 0.28840, Gradient 0.47750) | LR 6.25e-07
2026-07-16 05:11:28,858 INFO Epoch 99 | Batch 1000/1186 | Loss 4.29342 (Pin 0.80371 [q90 0.40886, q10 0.39485], MS 1.48437, Freq 4.01069, L1 1.73077, Spectral 0.28494, Gradient 0.47964) | LR 6.25e-07
2026-07-16 05:11:51,139 INFO Epoch 99 | Batch 1050/1186 | Loss 4.29168 (Pin 0.83291 [q90 0.42146, q10 0.41146], MS 1.41892, Freq 4.07969, L1 1.78706, Spectral 0.27611, Gradient 0.47624) | LR 6.25e-07
2026-07-16 05:12:13,401 INFO Epoch 99 | Batch 1100/1186 | Loss 4.03596 (Pin 0.78684 [q90 0.40669, q10 0.38015], MS 1.29842, Freq 3.90138, L1 1.69225, Spectral 0.27512, Gradient 0.45965) | LR 6.25e-07
2026-07-16 05:12:35,703 INFO Epoch 99 | Batch 1150/1186 | Loss 4.20832 (Pin 0.80911 [q90 0.41647, q10 0.39264], MS 1.38341, Freq 4.03159, L1 1.72897, Spectral 0.28690, Gradient 0.47925) | LR 6.25e-07
2026-07-16 05:13:29,278 INFO Epoch 99 | Val Loss 4.86552 (Pin 0.78844 [q90 0.40695, q10 0.38149], MS 2.05386, Freq 4.04645, L1 1.74560, Spectral 0.27905, Gradient 0.47277)
2026-07-16 05:13:29,278 INFO Epoch 99 | Coverage q10/q50/q90 = 0.098/0.491/0.889 (nominal .10/.50/.90) | extreme tail = 0.130/0.457/0.842
2026-07-16 05:13:29,572 INFO Training complete.
