2026-06-24 22:44:50,274 INFO Logging to /home/peytonli/26.6_wind/logs/resnet_refiner/train_20260624_224450.log
2026-06-24 22:44:50,274 INFO Config:
{
  "seed": 0,
  "paths": {
    "data_dir": "/home/peytonli/26.6_wind/data",
    "log_dir": "/home/peytonli/26.6_wind/logs/resnet_refiner",
    "splits_path": "/home/peytonli/26.6_wind/data/splits_70_15_15/split_indices.npz"
  },
  "model": {
    "img_size": 200,
    "in_chans": 5,
    "width": 64,
    "num_blocks": 8,
    "residual_scale": 0.1,
    "activation": "relu",
    "use_terrain": true,
    "head_init_std": 0.001
  },
  "training": {
    "batch_size": 4,
    "num_epochs": 100,
    "learning_rate": 0.0001,
    "weight_decay": 0.0,
    "nll_weight": 0.5,
    "l1_weight": 1.0,
    "spectral_weight": 0.258,
    "gradient_weight": 0.003,
    "quantile_weight": 0.241,
    "spectral_low_freq_cutoff": 0.28,
    "quantiles": [
      0.95,
      0.99
    ],
    "grad_clip_norm": 1.0,
    "num_workers": 2,
    "val_interval": 1,
    "lr_milestone_fractions": [
      0.5,
      0.75,
      0.9
    ],
    "lr_gamma": 0.5
  },
  "logging": {
    "log_every": 50
  }
}
2026-06-24 22:44:50,274 INFO Using device: cuda
2026-06-24 22:44:50,277 INFO Train samples: 4744, Val samples: 1013
2026-06-24 22:44:50,503 INFO Total parameters: 740509
2026-06-24 22:44:52,266 INFO LR schedule: milestones (steps) = [59300, 88950, 106740] (of 118600 total), gamma = 0.500
2026-06-24 22:44:52,266 INFO Loss weights: {'nll': 0.5, 'l1': 1.0, 'spectral': 0.258, 'gradient': 0.003, 'quantile': 0.241}
2026-06-24 22:44:52,266 INFO Mean-aux loss params: spectral_low_freq_cutoff=0.280, quantiles=[0.95, 0.99]
2026-06-24 22:44:55,636 INFO Epoch 0 | Batch 50/1186 | Loss 4.43392 (NLL 4.48531 [logdet 1.61319, mahal 1.03424], L1 1.91646, Spectral 0.26472, Gradient 0.46166, Quantile 0.85114) | LR 1.00e-04
2026-06-24 22:44:58,614 INFO Epoch 0 | Batch 100/1186 | Loss 4.38581 (NLL 4.43732 [logdet 1.55430, mahal 1.04514], L1 1.89399, Spectral 0.26699, Gradient 0.45961, Quantile 0.84187) | LR 1.00e-04
2026-06-24 22:45:01,603 INFO Epoch 0 | Batch 150/1186 | Loss 4.46852 (NLL 4.47179 [logdet 1.63844, mahal 0.99547], L1 1.95874, Spectral 0.26834, Gradient 0.46548, Quantile 0.84340) | LR 1.00e-04
2026-06-24 22:45:04,589 INFO Epoch 0 | Batch 200/1186 | Loss 4.37374 (NLL 4.40791 [logdet 1.59926, mahal 0.97077], L1 1.89710, Spectral 0.26513, Gradient 0.45981, Quantile 0.84194) | LR 1.00e-04
2026-06-24 22:45:07,575 INFO Epoch 0 | Batch 250/1186 | Loss 4.32894 (NLL 4.38923 [logdet 1.50939, mahal 1.04196], L1 1.86740, Spectral 0.26364, Gradient 0.45785, Quantile 0.81964) | LR 1.00e-04
2026-06-24 22:45:10,558 INFO Epoch 0 | Batch 300/1186 | Loss 4.33591 (NLL 4.38755 [logdet 1.55187, mahal 0.99780], L1 1.87178, Spectral 0.26786, Gradient 0.46705, Quantile 0.82925) | LR 1.00e-04
2026-06-24 22:45:13,544 INFO Epoch 0 | Batch 350/1186 | Loss 4.34993 (NLL 4.41094 [logdet 1.52923, mahal 1.04384], L1 1.87135, Spectral 0.27108, Gradient 0.46684, Quantile 0.83723) | LR 1.00e-04
2026-06-24 22:45:16,535 INFO Epoch 0 | Batch 400/1186 | Loss 4.41608 (NLL 4.44800 [logdet 1.56207, mahal 1.04805], L1 1.91718, Spectral 0.26813, Gradient 0.46474, Quantile 0.84782) | LR 1.00e-04
2026-06-24 22:45:19,517 INFO Epoch 0 | Batch 450/1186 | Loss 4.41488 (NLL 4.43438 [logdet 1.58509, mahal 1.01141], L1 1.92002, Spectral 0.26847, Gradient 0.47143, Quantile 0.85890) | LR 1.00e-04
2026-06-24 22:45:22,488 INFO Epoch 0 | Batch 500/1186 | Loss 4.45126 (NLL 4.46767 [logdet 1.57822, mahal 1.05158], L1 1.94111, Spectral 0.26500, Gradient 0.46158, Quantile 0.85709) | LR 1.00e-04
2026-06-24 22:45:25,458 INFO Epoch 0 | Batch 550/1186 | Loss 4.41801 (NLL 4.43905 [logdet 1.57642, mahal 1.02475], L1 1.92295, Spectral 0.27976, Gradient 0.48227, Quantile 0.83781) | LR 1.00e-04
2026-06-24 22:45:28,437 INFO Epoch 0 | Batch 600/1186 | Loss 4.37878 (NLL 4.41371 [logdet 1.54759, mahal 1.02824], L1 1.89958, Spectral 0.26816, Gradient 0.46101, Quantile 0.83723) | LR 1.00e-04
2026-06-24 22:45:31,414 INFO Epoch 0 | Batch 650/1186 | Loss 4.32449 (NLL 4.40080 [logdet 1.55300, mahal 1.00992], L1 1.85478, Spectral 0.26373, Gradient 0.46352, Quantile 0.82938) | LR 1.00e-04
2026-06-24 22:45:34,393 INFO Epoch 0 | Batch 700/1186 | Loss 4.50314 (NLL 4.49334 [logdet 1.55650, mahal 1.09896], L1 1.97676, Spectral 0.26657, Gradient 0.46257, Quantile 0.86945) | LR 1.00e-04
2026-06-24 22:45:37,375 INFO Epoch 0 | Batch 750/1186 | Loss 4.38125 (NLL 4.42021 [logdet 1.60054, mahal 0.98180], L1 1.90217, Spectral 0.26364, Gradient 0.46246, Quantile 0.82809) | LR 1.00e-04
2026-06-24 22:45:40,365 INFO Epoch 0 | Batch 800/1186 | Loss 4.44582 (NLL 4.43994 [logdet 1.55996, mahal 1.04210], L1 1.94685, Spectral 0.26568, Gradient 0.46501, Quantile 0.86744) | LR 1.00e-04
2026-06-24 22:45:43,352 INFO Epoch 0 | Batch 850/1186 | Loss 4.37567 (NLL 4.41735 [logdet 1.58657, mahal 0.99289], L1 1.89516, Spectral 0.27757, Gradient 0.46630, Quantile 0.82499) | LR 1.00e-04
2026-06-24 22:45:46,342 INFO Epoch 0 | Batch 900/1186 | Loss 4.36255 (NLL 4.40442 [logdet 1.54492, mahal 1.02162], L1 1.88992, Spectral 0.27219, Gradient 0.46994, Quantile 0.82486) | LR 1.00e-04
2026-06-24 22:45:49,326 INFO Epoch 0 | Batch 950/1186 | Loss 4.34539 (NLL 4.39510 [logdet 1.51918, mahal 1.03804], L1 1.87787, Spectral 0.25851, Gradient 0.44977, Quantile 0.83787) | LR 1.00e-04
2026-06-24 22:45:52,316 INFO Epoch 0 | Batch 1000/1186 | Loss 4.35204 (NLL 4.39947 [logdet 1.51797, mahal 1.04362], L1 1.87819, Spectral 0.27381, Gradient 0.46360, Quantile 0.83853) | LR 1.00e-04
2026-06-24 22:45:55,306 INFO Epoch 0 | Batch 1050/1186 | Loss 4.40789 (NLL 4.44678 [logdet 1.59514, mahal 1.01377], L1 1.90904, Spectral 0.26466, Gradient 0.46102, Quantile 0.85391) | LR 1.00e-04
2026-06-24 22:45:58,302 INFO Epoch 0 | Batch 1100/1186 | Loss 4.45434 (NLL 4.46103 [logdet 1.56348, mahal 1.05967], L1 1.94491, Spectral 0.26811, Gradient 0.45708, Quantile 0.86461) | LR 1.00e-04
2026-06-24 22:46:01,301 INFO Epoch 0 | Batch 1150/1186 | Loss 4.32244 (NLL 4.37130 [logdet 1.55066, mahal 0.98276], L1 1.86741, Spectral 0.26201, Gradient 0.44909, Quantile 0.83167) | LR 1.00e-04
2026-06-24 22:46:08,448 INFO Epoch 0 | Val Loss 4.26875 (NLL 4.35201 [logdet 1.54663, mahal 0.96751], L1 1.81526, Spectral 0.26446, Gradient 0.45940, Quantile 0.86254)
2026-06-24 22:46:08,555 INFO New best val loss: 4.26875 (saved checkpoints/best.pth)
2026-06-24 22:46:11,592 INFO Epoch 1 | Batch 50/1186 | Loss 4.38512 (NLL 4.42075 [logdet 1.53892, mahal 1.04396], L1 1.90138, Spectral 0.26622, Gradient 0.46144, Quantile 0.84357) | LR 1.00e-04
2026-06-24 22:46:14,580 INFO Epoch 1 | Batch 100/1186 | Loss 4.43764 (NLL 4.42308 [logdet 1.55273, mahal 1.03248], L1 1.94906, Spectral 0.26694, Gradient 0.46145, Quantile 0.85801) | LR 1.00e-04
2026-06-24 22:46:17,573 INFO Epoch 1 | Batch 150/1186 | Loss 4.27114 (NLL 4.34117 [logdet 1.50873, mahal 0.99457], L1 1.83527, Spectral 0.25836, Gradient 0.45394, Quantile 0.81854) | LR 1.00e-04
2026-06-24 22:46:20,561 INFO Epoch 1 | Batch 200/1186 | Loss 4.30781 (NLL 4.37807 [logdet 1.49607, mahal 1.04412], L1 1.84990, Spectral 0.26437, Gradient 0.45316, Quantile 0.82702) | LR 1.00e-04
2026-06-24 22:46:23,559 INFO Epoch 1 | Batch 250/1186 | Loss 4.38871 (NLL 4.41654 [logdet 1.50068, mahal 1.07799], L1 1.90995, Spectral 0.27124, Gradient 0.46505, Quantile 0.82620) | LR 1.00e-04
2026-06-24 22:46:26,557 INFO Epoch 1 | Batch 300/1186 | Loss 4.32461 (NLL 4.37500 [logdet 1.53688, mahal 1.00025], L1 1.86301, Spectral 0.27074, Gradient 0.46357, Quantile 0.84175) | LR 1.00e-04
2026-06-24 22:46:29,554 INFO Epoch 1 | Batch 350/1186 | Loss 4.41338 (NLL 4.42969 [logdet 1.53475, mahal 1.05706], L1 1.92674, Spectral 0.26286, Gradient 0.45988, Quantile 0.84065) | LR 1.00e-04
2026-06-24 22:46:32,551 INFO Epoch 1 | Batch 400/1186 | Loss 4.40892 (NLL 4.43711 [logdet 1.56266, mahal 1.03657], L1 1.91081, Spectral 0.26170, Gradient 0.46265, Quantile 0.87408) | LR 1.00e-04
2026-06-24 22:46:35,548 INFO Epoch 1 | Batch 450/1186 | Loss 4.43490 (NLL 4.45263 [logdet 1.53633, mahal 1.07843], L1 1.93140, Spectral 0.27157, Gradient 0.46771, Quantile 0.85362) | LR 1.00e-04
2026-06-24 22:46:38,536 INFO Epoch 1 | Batch 500/1186 | Loss 4.41675 (NLL 4.44393 [logdet 1.58735, mahal 1.01870], L1 1.91773, Spectral 0.27018, Gradient 0.46194, Quantile 0.85465) | LR 1.00e-04
2026-06-24 22:46:41,530 INFO Epoch 1 | Batch 550/1186 | Loss 4.38982 (NLL 4.43530 [logdet 1.54627, mahal 1.05115], L1 1.90100, Spectral 0.27261, Gradient 0.46257, Quantile 0.82762) | LR 1.00e-04
2026-06-24 22:46:44,521 INFO Epoch 1 | Batch 600/1186 | Loss 4.33930 (NLL 4.36841 [logdet 1.52912, mahal 1.00141], L1 1.88366, Spectral 0.27025, Gradient 0.46372, Quantile 0.83122) | LR 1.00e-04
2026-06-24 22:46:47,512 INFO Epoch 1 | Batch 650/1186 | Loss 4.44287 (NLL 4.43708 [logdet 1.54569, mahal 1.05351], L1 1.94842, Spectral 0.26865, Gradient 0.46168, Quantile 0.85148) | LR 1.00e-04
2026-06-24 22:46:50,511 INFO Epoch 1 | Batch 700/1186 | Loss 4.38303 (NLL 4.39663 [logdet 1.53430, mahal 1.02446], L1 1.91143, Spectral 0.27150, Gradient 0.46459, Quantile 0.83750) | LR 1.00e-04
2026-06-24 22:46:53,509 INFO Epoch 1 | Batch 750/1186 | Loss 4.41602 (NLL 4.44214 [logdet 1.56312, mahal 1.04114], L1 1.91235, Spectral 0.27344, Gradient 0.46793, Quantile 0.87408) | LR 1.00e-04
2026-06-24 22:46:56,510 INFO Epoch 1 | Batch 800/1186 | Loss 4.32163 (NLL 4.38395 [logdet 1.50598, mahal 1.04008], L1 1.86622, Spectral 0.26025, Gradient 0.44750, Quantile 0.80891) | LR 1.00e-04
2026-06-24 22:46:59,506 INFO Epoch 1 | Batch 850/1186 | Loss 4.33775 (NLL 4.38209 [logdet 1.50214, mahal 1.04207], L1 1.87441, Spectral 0.26269, Gradient 0.45433, Quantile 0.84298) | LR 1.00e-04
2026-06-24 22:47:02,508 INFO Epoch 1 | Batch 900/1186 | Loss 4.30732 (NLL 4.36819 [logdet 1.52226, mahal 1.00804], L1 1.85398, Spectral 0.26881, Gradient 0.46019, Quantile 0.82373) | LR 1.00e-04
2026-06-24 22:47:05,505 INFO Epoch 1 | Batch 950/1186 | Loss 4.35866 (NLL 4.40604 [logdet 1.54948, mahal 1.01869], L1 1.87946, Spectral 0.26583, Gradient 0.45823, Quantile 0.85569) | LR 1.00e-04
2026-06-24 22:47:08,502 INFO Epoch 1 | Batch 1000/1186 | Loss 4.32651 (NLL 4.39610 [logdet 1.51123, mahal 1.04699], L1 1.86354, Spectral 0.26427, Gradient 0.45969, Quantile 0.81063) | LR 1.00e-04
2026-06-24 22:47:11,501 INFO Epoch 1 | Batch 1050/1186 | Loss 4.39054 (NLL 4.41911 [logdet 1.56375, mahal 1.01748], L1 1.90546, Spectral 0.26455, Gradient 0.45734, Quantile 0.85436) | LR 1.00e-04
2026-06-24 22:47:14,497 INFO Epoch 1 | Batch 1100/1186 | Loss 4.38800 (NLL 4.41145 [logdet 1.53698, mahal 1.03659], L1 1.90926, Spectral 0.26931, Gradient 0.45961, Quantile 0.83885) | LR 1.00e-04
2026-06-24 22:47:17,492 INFO Epoch 1 | Batch 1150/1186 | Loss 4.40901 (NLL 4.42618 [logdet 1.58853, mahal 0.99978], L1 1.92298, Spectral 0.27101, Gradient 0.46745, Quantile 0.83656) | LR 1.00e-04
2026-06-24 22:47:24,553 INFO Epoch 1 | Val Loss 4.27151 (NLL 4.34647 [logdet 1.51864, mahal 0.98995], L1 1.81721, Spectral 0.26400, Gradient 0.45579, Quantile 0.87793)
2026-06-24 22:47:27,641 INFO Epoch 2 | Batch 50/1186 | Loss 4.42150 (NLL 4.44433 [logdet 1.51974, mahal 1.08672], L1 1.92248, Spectral 0.26928, Gradient 0.46971, Quantile 0.85468) | LR 1.00e-04
2026-06-24 22:47:30,664 INFO Epoch 2 | Batch 100/1186 | Loss 4.34849 (NLL 4.40485 [logdet 1.56655, mahal 1.00042], L1 1.87594, Spectral 0.26449, Gradient 0.45797, Quantile 0.83199) | LR 1.00e-04
2026-06-24 22:47:33,688 INFO Epoch 2 | Batch 150/1186 | Loss 4.36788 (NLL 4.41650 [logdet 1.54411, mahal 1.03451], L1 1.89109, Spectral 0.26850, Gradient 0.46139, Quantile 0.82107) | LR 1.00e-04
2026-06-24 22:47:36,707 INFO Epoch 2 | Batch 200/1186 | Loss 4.38852 (NLL 4.40462 [logdet 1.46601, mahal 1.10073], L1 1.90773, Spectral 0.26853, Gradient 0.46297, Quantile 0.86226) | LR 1.00e-04
2026-06-24 22:47:39,726 INFO Epoch 2 | Batch 250/1186 | Loss 4.34601 (NLL 4.38811 [logdet 1.55436, mahal 0.99587], L1 1.88141, Spectral 0.26315, Gradient 0.45323, Quantile 0.83526) | LR 1.00e-04
2026-06-24 22:47:42,745 INFO Epoch 2 | Batch 300/1186 | Loss 4.30833 (NLL 4.34560 [logdet 1.48994, mahal 1.01778], L1 1.86565, Spectral 0.26325, Gradient 0.45446, Quantile 0.83237) | LR 1.00e-04
2026-06-24 22:47:45,770 INFO Epoch 2 | Batch 350/1186 | Loss 4.34589 (NLL 4.37387 [logdet 1.51888, mahal 1.01711], L1 1.89562, Spectral 0.26155, Gradient 0.44933, Quantile 0.80707) | LR 1.00e-04
2026-06-24 22:47:48,791 INFO Epoch 2 | Batch 400/1186 | Loss 4.30241 (NLL 4.35697 [logdet 1.46470, mahal 1.05440], L1 1.85480, Spectral 0.26697, Gradient 0.45743, Quantile 0.82523) | LR 1.00e-04
2026-06-24 22:47:51,806 INFO Epoch 2 | Batch 450/1186 | Loss 4.32492 (NLL 4.37537 [logdet 1.52034, mahal 1.01715], L1 1.86515, Spectral 0.26445, Gradient 0.45350, Quantile 0.84024) | LR 1.00e-04
2026-06-24 22:47:54,813 INFO Epoch 2 | Batch 500/1186 | Loss 4.31656 (NLL 4.34839 [logdet 1.46218, mahal 1.04834], L1 1.87256, Spectral 0.26754, Gradient 0.45418, Quantile 0.82745) | LR 1.00e-04
2026-06-24 22:47:57,812 INFO Epoch 2 | Batch 550/1186 | Loss 4.32856 (NLL 4.37093 [logdet 1.51226, mahal 1.02079], L1 1.86785, Spectral 0.26674, Gradient 0.45928, Quantile 0.85084) | LR 1.00e-04
2026-06-24 22:48:00,808 INFO Epoch 2 | Batch 600/1186 | Loss 4.38557 (NLL 4.41925 [logdet 1.53477, mahal 1.04660], L1 1.90608, Spectral 0.27644, Gradient 0.46871, Quantile 0.81799) | LR 1.00e-04
2026-06-24 22:48:03,810 INFO Epoch 2 | Batch 650/1186 | Loss 4.39055 (NLL 4.42758 [logdet 1.56445, mahal 1.02525], L1 1.90330, Spectral 0.27377, Gradient 0.46921, Quantile 0.83578) | LR 1.00e-04
2026-06-24 22:48:06,816 INFO Epoch 2 | Batch 700/1186 | Loss 4.40561 (NLL 4.42596 [logdet 1.54236, mahal 1.04573], L1 1.91662, Spectral 0.26509, Gradient 0.45375, Quantile 0.85585) | LR 1.00e-04
2026-06-24 22:48:09,823 INFO Epoch 2 | Batch 750/1186 | Loss 4.40265 (NLL 4.40160 [logdet 1.51244, mahal 1.05128], L1 1.92655, Spectral 0.26234, Gradient 0.45030, Quantile 0.85590) | LR 1.00e-04
2026-06-24 22:48:12,829 INFO Epoch 2 | Batch 800/1186 | Loss 4.36374 (NLL 4.42805 [logdet 1.52230, mahal 1.06787], L1 1.88183, Spectral 0.27127, Gradient 0.46034, Quantile 0.81541) | LR 1.00e-04
2026-06-24 22:48:15,825 INFO Epoch 2 | Batch 850/1186 | Loss 4.32922 (NLL 4.37967 [logdet 1.51119, mahal 1.03060], L1 1.86602, Spectral 0.26705, Gradient 0.46200, Quantile 0.84263) | LR 1.00e-04
2026-06-24 22:48:18,826 INFO Epoch 2 | Batch 900/1186 | Loss 4.33663 (NLL 4.38058 [logdet 1.50721, mahal 1.03550], L1 1.87722, Spectral 0.25960, Gradient 0.44734, Quantile 0.83320) | LR 1.00e-04
2026-06-24 22:48:21,825 INFO Epoch 2 | Batch 950/1186 | Loss 4.28137 (NLL 4.33245 [logdet 1.47642, mahal 1.01816], L1 1.84804, Spectral 0.26352, Gradient 0.44924, Quantile 0.82059) | LR 1.00e-04
2026-06-24 22:48:24,824 INFO Epoch 2 | Batch 1000/1186 | Loss 4.34658 (NLL 4.41530 [logdet 1.51205, mahal 1.06538], L1 1.87735, Spectral 0.26341, Gradient 0.45095, Quantile 0.79780) | LR 1.00e-04
2026-06-24 22:48:27,825 INFO Epoch 2 | Batch 1050/1186 | Loss 4.51042 (NLL 4.46696 [logdet 1.59415, mahal 1.03494], L1 1.98950, Spectral 0.26950, Gradient 0.46252, Quantile 0.89843) | LR 1.00e-04
2026-06-24 22:48:30,821 INFO Epoch 2 | Batch 1100/1186 | Loss 4.35518 (NLL 4.38652 [logdet 1.53149, mahal 1.01715], L1 1.89553, Spectral 0.25891, Gradient 0.45115, Quantile 0.82257) | LR 1.00e-04
2026-06-24 22:48:33,821 INFO Epoch 2 | Batch 1150/1186 | Loss 4.39377 (NLL 4.41200 [logdet 1.53107, mahal 1.04305], L1 1.91672, Spectral 0.26566, Gradient 0.45473, Quantile 0.83464) | LR 1.00e-04
2026-06-24 22:48:40,998 INFO Epoch 2 | Val Loss 4.26588 (NLL 4.34431 [logdet 1.55947, mahal 0.94696], L1 1.81456, Spectral 0.26367, Gradient 0.45329, Quantile 0.87046)
2026-06-24 22:48:41,084 INFO New best val loss: 4.26588 (saved checkpoints/best.pth)
2026-06-24 22:48:44,122 INFO Epoch 3 | Batch 50/1186 | Loss 4.40621 (NLL 4.44358 [logdet 1.56617, mahal 1.03954], L1 1.91403, Spectral 0.26071, Gradient 0.45152, Quantile 0.83722) | LR 1.00e-04
2026-06-24 22:48:47,095 INFO Epoch 3 | Batch 100/1186 | Loss 4.24612 (NLL 4.34283 [logdet 1.49783, mahal 1.00713], L1 1.81770, Spectral 0.24701, Gradient 0.43424, Quantile 0.79656) | LR 1.00e-04
2026-06-24 22:48:50,109 INFO Epoch 3 | Batch 150/1186 | Loss 4.30436 (NLL 4.35231 [logdet 1.47570, mahal 1.03873], L1 1.85469, Spectral 0.26425, Gradient 0.44866, Quantile 0.84647) | LR 1.00e-04
2026-06-24 22:48:53,129 INFO Epoch 3 | Batch 200/1186 | Loss 4.37869 (NLL 4.41902 [logdet 1.54538, mahal 1.03576], L1 1.89102, Spectral 0.26669, Gradient 0.45814, Quantile 0.86297) | LR 1.00e-04
2026-06-24 22:48:56,150 INFO Epoch 3 | Batch 250/1186 | Loss 4.42989 (NLL 4.43549 [logdet 1.54284, mahal 1.05477], L1 1.94021, Spectral 0.27133, Gradient 0.46439, Quantile 0.83211) | LR 1.00e-04
2026-06-24 22:48:59,173 INFO Epoch 3 | Batch 300/1186 | Loss 4.43395 (NLL 4.45698 [logdet 1.57753, mahal 1.04158], L1 1.92883, Spectral 0.27535, Gradient 0.46314, Quantile 0.84731) | LR 1.00e-04
2026-06-24 22:49:02,190 INFO Epoch 3 | Batch 350/1186 | Loss 4.32505 (NLL 4.35918 [logdet 1.54755, mahal 0.97375], L1 1.88235, Spectral 0.26259, Gradient 0.44779, Quantile 0.80509) | LR 1.00e-04
2026-06-24 22:49:05,189 INFO Epoch 3 | Batch 400/1186 | Loss 4.29614 (NLL 4.35566 [logdet 1.48267, mahal 1.03511], L1 1.85250, Spectral 0.26612, Gradient 0.45402, Quantile 0.81242) | LR 1.00e-04
2026-06-24 22:49:08,189 INFO Epoch 3 | Batch 450/1186 | Loss 4.34897 (NLL 4.38249 [logdet 1.49559, mahal 1.04903], L1 1.88543, Spectral 0.26721, Gradient 0.45537, Quantile 0.83814) | LR 1.00e-04
2026-06-24 22:49:11,187 INFO Epoch 3 | Batch 500/1186 | Loss 4.33012 (NLL 4.34798 [logdet 1.49313, mahal 1.01697], L1 1.88721, Spectral 0.26703, Gradient 0.45680, Quantile 0.82429) | LR 1.00e-04
2026-06-24 22:49:14,187 INFO Epoch 3 | Batch 550/1186 | Loss 4.34091 (NLL 4.37214 [logdet 1.50004, mahal 1.03422], L1 1.88268, Spectral 0.25501, Gradient 0.44362, Quantile 0.85078) | LR 1.00e-04
2026-06-24 22:49:17,187 INFO Epoch 3 | Batch 600/1186 | Loss 4.31434 (NLL 4.35153 [logdet 1.49641, mahal 1.01724], L1 1.86273, Spectral 0.27134, Gradient 0.45397, Quantile 0.84849) | LR 1.00e-04
2026-06-24 22:49:20,185 INFO Epoch 3 | Batch 650/1186 | Loss 4.47670 (NLL 4.47286 [logdet 1.58568, mahal 1.04930], L1 1.95875, Spectral 0.27335, Gradient 0.46023, Quantile 0.86977) | LR 1.00e-04
2026-06-24 22:49:23,184 INFO Epoch 3 | Batch 700/1186 | Loss 4.42157 (NLL 4.45008 [logdet 1.56522, mahal 1.04698], L1 1.92276, Spectral 0.26569, Gradient 0.45828, Quantile 0.84580) | LR 1.00e-04
2026-06-24 22:49:26,183 INFO Epoch 3 | Batch 750/1186 | Loss 4.37005 (NLL 4.38458 [logdet 1.51109, mahal 1.03562], L1 1.90477, Spectral 0.26547, Gradient 0.45686, Quantile 0.84284) | LR 1.00e-04
2026-06-24 22:49:29,182 INFO Epoch 3 | Batch 800/1186 | Loss 4.41534 (NLL 4.41293 [logdet 1.56886, mahal 1.00620], L1 1.93435, Spectral 0.26894, Gradient 0.45227, Quantile 0.84560) | LR 1.00e-04
2026-06-24 22:49:32,181 INFO Epoch 3 | Batch 850/1186 | Loss 4.39436 (NLL 4.41872 [logdet 1.54303, mahal 1.03781], L1 1.91331, Spectral 0.26852, Gradient 0.46295, Quantile 0.83413) | LR 1.00e-04
2026-06-24 22:49:35,180 INFO Epoch 3 | Batch 900/1186 | Loss 4.37672 (NLL 4.41423 [logdet 1.53661, mahal 1.03975], L1 1.89353, Spectral 0.27265, Gradient 0.45910, Quantile 0.84791) | LR 1.00e-04
2026-06-24 22:49:38,179 INFO Epoch 3 | Batch 950/1186 | Loss 4.25058 (NLL 4.31096 [logdet 1.48420, mahal 0.98889], L1 1.83197, Spectral 0.25950, Gradient 0.44276, Quantile 0.80851) | LR 1.00e-04
2026-06-24 22:49:41,178 INFO Epoch 3 | Batch 1000/1186 | Loss 4.32902 (NLL 4.35605 [logdet 1.47932, mahal 1.03885], L1 1.87946, Spectral 0.26674, Gradient 0.45424, Quantile 0.83547) | LR 1.00e-04
2026-06-24 22:49:44,178 INFO Epoch 3 | Batch 1050/1186 | Loss 4.31767 (NLL 4.37610 [logdet 1.49969, mahal 1.03853], L1 1.86268, Spectral 0.26901, Gradient 0.45498, Quantile 0.81397) | LR 1.00e-04
2026-06-24 22:49:47,177 INFO Epoch 3 | Batch 1100/1186 | Loss 4.39532 (NLL 4.41898 [logdet 1.52643, mahal 1.05467], L1 1.91270, Spectral 0.26834, Gradient 0.46035, Quantile 0.84031) | LR 1.00e-04
2026-06-24 22:49:50,176 INFO Epoch 3 | Batch 1150/1186 | Loss 4.32003 (NLL 4.36000 [logdet 1.51152, mahal 1.01060], L1 1.87010, Spectral 0.25050, Gradient 0.43485, Quantile 0.84648) | LR 1.00e-04
2026-06-24 22:49:57,288 INFO Epoch 3 | Val Loss 4.25949 (NLL 4.33726 [logdet 1.52875, mahal 0.97064], L1 1.81104, Spectral 0.26308, Gradient 0.44934, Quantile 0.87383)
2026-06-24 22:49:57,392 INFO New best val loss: 4.25949 (saved checkpoints/best.pth)
2026-06-24 22:50:00,443 INFO Epoch 4 | Batch 50/1186 | Loss 4.39004 (NLL 4.41710 [logdet 1.51935, mahal 1.05987], L1 1.90961, Spectral 0.26174, Gradient 0.45404, Quantile 0.84227) | LR 1.00e-04
2026-06-24 22:50:03,468 INFO Epoch 4 | Batch 100/1186 | Loss 4.26095 (NLL 4.32181 [logdet 1.48154, mahal 1.00240], L1 1.83326, Spectral 0.26667, Gradient 0.45162, Quantile 0.81586) | LR 1.00e-04
2026-06-24 22:50:06,491 INFO Epoch 4 | Batch 150/1186 | Loss 4.44598 (NLL 4.44093 [logdet 1.53002, mahal 1.07303], L1 1.94670, Spectral 0.26698, Gradient 0.45207, Quantile 0.86548) | LR 1.00e-04
2026-06-24 22:50:09,517 INFO Epoch 4 | Batch 200/1186 | Loss 4.39970 (NLL 4.40503 [logdet 1.54472, mahal 1.02243], L1 1.92291, Spectral 0.26528, Gradient 0.45028, Quantile 0.84845) | LR 1.00e-04
2026-06-24 22:50:12,540 INFO Epoch 4 | Batch 250/1186 | Loss 4.37526 (NLL 4.41941 [logdet 1.52631, mahal 1.05523], L1 1.89861, Spectral 0.26104, Gradient 0.44590, Quantile 0.82265) | LR 1.00e-04
2026-06-24 22:50:15,555 INFO Epoch 4 | Batch 300/1186 | Loss 4.21271 (NLL 4.29484 [logdet 1.48725, mahal 0.96971], L1 1.79931, Spectral 0.25922, Gradient 0.43669, Quantile 0.82072) | LR 1.00e-04
2026-06-24 22:50:18,566 INFO Epoch 4 | Batch 350/1186 | Loss 4.33768 (NLL 4.38473 [logdet 1.50122, mahal 1.04563], L1 1.87353, Spectral 0.26642, Gradient 0.45461, Quantile 0.83687) | LR 1.00e-04
2026-06-24 22:50:21,565 INFO Epoch 4 | Batch 400/1186 | Loss 4.31041 (NLL 4.36472 [logdet 1.52105, mahal 1.00579], L1 1.86352, Spectral 0.27275, Gradient 0.45309, Quantile 0.79997) | LR 1.00e-04
2026-06-24 22:50:24,565 INFO Epoch 4 | Batch 450/1186 | Loss 4.19776 (NLL 4.27947 [logdet 1.46589, mahal 0.97570], L1 1.79576, Spectral 0.26632, Gradient 0.44495, Quantile 0.79762) | LR 1.00e-04
2026-06-24 22:50:27,563 INFO Epoch 4 | Batch 500/1186 | Loss 4.26480 (NLL 4.32234 [logdet 1.45522, mahal 1.02924], L1 1.83756, Spectral 0.26508, Gradient 0.44716, Quantile 0.81470) | LR 1.00e-04
2026-06-24 22:50:30,565 INFO Epoch 4 | Batch 550/1186 | Loss 4.33732 (NLL 4.38220 [logdet 1.50655, mahal 1.03777], L1 1.87480, Spectral 0.26628, Gradient 0.44770, Quantile 0.83562) | LR 1.00e-04
2026-06-24 22:50:33,574 INFO Epoch 4 | Batch 600/1186 | Loss 4.39837 (NLL 4.40353 [logdet 1.49978, mahal 1.06587], L1 1.91449, Spectral 0.26922, Gradient 0.45518, Quantile 0.87675) | LR 1.00e-04
2026-06-24 22:50:36,580 INFO Epoch 4 | Batch 650/1186 | Loss 4.42168 (NLL 4.43356 [logdet 1.55460, mahal 1.04108], L1 1.93471, Spectral 0.26483, Gradient 0.44954, Quantile 0.83202) | LR 1.00e-04
2026-06-24 22:50:39,581 INFO Epoch 4 | Batch 700/1186 | Loss 4.28283 (NLL 4.32652 [logdet 1.49841, mahal 0.99024], L1 1.85235, Spectral 0.26934, Gradient 0.45128, Quantile 0.81485) | LR 1.00e-04
2026-06-24 22:50:42,580 INFO Epoch 4 | Batch 750/1186 | Loss 4.29871 (NLL 4.35029 [logdet 1.46160, mahal 1.05081], L1 1.85877, Spectral 0.26110, Gradient 0.44731, Quantile 0.81365) | LR 1.00e-04
2026-06-24 22:50:45,578 INFO Epoch 4 | Batch 800/1186 | Loss 4.39713 (NLL 4.42038 [logdet 1.54188, mahal 1.04062], L1 1.91755, Spectral 0.26657, Gradient 0.44366, Quantile 0.82689) | LR 1.00e-04
2026-06-24 22:50:48,578 INFO Epoch 4 | Batch 850/1186 | Loss 4.32294 (NLL 4.37128 [logdet 1.51708, mahal 1.01633], L1 1.87274, Spectral 0.25620, Gradient 0.44607, Quantile 0.81793) | LR 1.00e-04
2026-06-24 22:50:51,577 INFO Epoch 4 | Batch 900/1186 | Loss 4.40961 (NLL 4.41248 [logdet 1.54940, mahal 1.02520], L1 1.91891, Spectral 0.26824, Gradient 0.45687, Quantile 0.88750) | LR 1.00e-04
2026-06-24 22:50:54,576 INFO Epoch 4 | Batch 950/1186 | Loss 4.42191 (NLL 4.41910 [logdet 1.52550, mahal 1.05572], L1 1.93840, Spectral 0.26797, Gradient 0.45529, Quantile 0.84421) | LR 1.00e-04
2026-06-24 22:50:57,575 INFO Epoch 4 | Batch 1000/1186 | Loss 4.35882 (NLL 4.40132 [logdet 1.55815, mahal 1.00529], L1 1.89092, Spectral 0.25924, Gradient 0.44414, Quantile 0.82584) | LR 1.00e-04
2026-06-24 22:51:00,575 INFO Epoch 4 | Batch 1050/1186 | Loss 4.39056 (NLL 4.41550 [logdet 1.48988, mahal 1.08774], L1 1.90421, Spectral 0.26295, Gradient 0.44891, Quantile 0.86889) | LR 1.00e-04
2026-06-24 22:51:03,573 INFO Epoch 4 | Batch 1100/1186 | Loss 4.29584 (NLL 4.38014 [logdet 1.54677, mahal 0.99549], L1 1.85043, Spectral 0.25502, Gradient 0.43633, Quantile 0.78107) | LR 1.00e-04
2026-06-24 22:51:06,572 INFO Epoch 4 | Batch 1150/1186 | Loss 4.32909 (NLL 4.37526 [logdet 1.51845, mahal 1.01893], L1 1.87018, Spectral 0.26896, Gradient 0.44879, Quantile 0.83210) | LR 1.00e-04
2026-06-24 22:51:13,650 INFO Epoch 4 | Val Loss 4.25148 (NLL 4.33918 [logdet 1.50598, mahal 0.99533], L1 1.81360, Spectral 0.26254, Gradient 0.44501, Quantile 0.82662)
2026-06-24 22:51:13,730 INFO New best val loss: 4.25148 (saved checkpoints/best.pth)
2026-06-24 22:51:16,769 INFO Epoch 5 | Batch 50/1186 | Loss 4.30238 (NLL 4.34077 [logdet 1.48881, mahal 1.01408], L1 1.86564, Spectral 0.26692, Gradient 0.44411, Quantile 0.81395) | LR 1.00e-04
2026-06-24 22:51:19,785 INFO Epoch 5 | Batch 100/1186 | Loss 4.27787 (NLL 4.32056 [logdet 1.45176, mahal 1.03093], L1 1.85353, Spectral 0.26279, Gradient 0.43934, Quantile 0.80888) | LR 1.00e-04
2026-06-24 22:51:22,740 INFO Epoch 5 | Batch 150/1186 | Loss 4.28105 (NLL 4.34645 [logdet 1.47305, mahal 1.03552], L1 1.83885, Spectral 0.26138, Gradient 0.44111, Quantile 0.83079) | LR 1.00e-04
2026-06-24 22:51:25,681 INFO Epoch 5 | Batch 200/1186 | Loss 4.29162 (NLL 4.31919 [logdet 1.48764, mahal 0.99367], L1 1.86381, Spectral 0.26212, Gradient 0.44183, Quantile 0.82681) | LR 1.00e-04
2026-06-24 22:51:28,625 INFO Epoch 5 | Batch 250/1186 | Loss 4.35982 (NLL 4.39164 [logdet 1.47250, mahal 1.08126], L1 1.89699, Spectral 0.26454, Gradient 0.44563, Quantile 0.81919) | LR 1.00e-04
2026-06-24 22:51:31,563 INFO Epoch 5 | Batch 300/1186 | Loss 4.32022 (NLL 4.36510 [logdet 1.53948, mahal 0.98774], L1 1.86836, Spectral 0.26839, Gradient 0.45206, Quantile 0.82453) | LR 1.00e-04
2026-06-24 22:51:34,505 INFO Epoch 5 | Batch 350/1186 | Loss 4.29251 (NLL 4.34558 [logdet 1.45842, mahal 1.04928], L1 1.84912, Spectral 0.26543, Gradient 0.44853, Quantile 0.83308) | LR 1.00e-04
2026-06-24 22:51:37,443 INFO Epoch 5 | Batch 400/1186 | Loss 4.33082 (NLL 4.37614 [logdet 1.52836, mahal 1.00990], L1 1.87597, Spectral 0.26241, Gradient 0.44938, Quantile 0.82046) | LR 1.00e-04
2026-06-24 22:51:40,381 INFO Epoch 5 | Batch 450/1186 | Loss 4.34198 (NLL 4.36767 [logdet 1.52414, mahal 1.00565], L1 1.88666, Spectral 0.26189, Gradient 0.44572, Quantile 0.84058) | LR 1.00e-04
2026-06-24 22:51:43,320 INFO Epoch 5 | Batch 500/1186 | Loss 4.35870 (NLL 4.37845 [logdet 1.49631, mahal 1.04426], L1 1.89534, Spectral 0.26986, Gradient 0.45124, Quantile 0.84299) | LR 1.00e-04
2026-06-24 22:51:46,260 INFO Epoch 5 | Batch 550/1186 | Loss 4.34881 (NLL 4.37802 [logdet 1.50814, mahal 1.03200], L1 1.89125, Spectral 0.26027, Gradient 0.44105, Quantile 0.83020) | LR 1.00e-04
2026-06-24 22:51:49,197 INFO Epoch 5 | Batch 600/1186 | Loss 4.38285 (NLL 4.38971 [logdet 1.53939, mahal 1.01244], L1 1.91560, Spectral 0.26287, Gradient 0.44322, Quantile 0.84336) | LR 1.00e-04
2026-06-24 22:51:52,132 INFO Epoch 5 | Batch 650/1186 | Loss 4.35940 (NLL 4.39971 [logdet 1.53388, mahal 1.02795], L1 1.89136, Spectral 0.25766, Gradient 0.43960, Quantile 0.83148) | LR 1.00e-04
2026-06-24 22:51:55,070 INFO Epoch 5 | Batch 700/1186 | Loss 4.33073 (NLL 4.37722 [logdet 1.49962, mahal 1.03973], L1 1.87170, Spectral 0.26640, Gradient 0.45090, Quantile 0.83124) | LR 1.00e-04
2026-06-24 22:51:58,013 INFO Epoch 5 | Batch 750/1186 | Loss 4.45402 (NLL 4.43836 [logdet 1.57578, mahal 1.02470], L1 1.95709, Spectral 0.26425, Gradient 0.44198, Quantile 0.86407) | LR 1.00e-04
2026-06-24 22:52:00,954 INFO Epoch 5 | Batch 800/1186 | Loss 4.36954 (NLL 4.38009 [logdet 1.51559, mahal 1.02663], L1 1.90476, Spectral 0.26658, Gradient 0.44381, Quantile 0.84908) | LR 1.00e-04
2026-06-24 22:52:03,894 INFO Epoch 5 | Batch 850/1186 | Loss 4.32302 (NLL 4.36091 [logdet 1.53136, mahal 0.99168], L1 1.87000, Spectral 0.27505, Gradient 0.45830, Quantile 0.83079) | LR 1.00e-04
2026-06-24 22:52:06,838 INFO Epoch 5 | Batch 900/1186 | Loss 4.38622 (NLL 4.40793 [logdet 1.52622, mahal 1.04383], L1 1.90944, Spectral 0.27054, Gradient 0.45328, Quantile 0.83674) | LR 1.00e-04
2026-06-24 22:52:09,779 INFO Epoch 5 | Batch 950/1186 | Loss 4.32614 (NLL 4.36553 [logdet 1.49326, mahal 1.03440], L1 1.87679, Spectral 0.25933, Gradient 0.44162, Quantile 0.82302) | LR 1.00e-04
2026-06-24 22:52:12,723 INFO Epoch 5 | Batch 1000/1186 | Loss 4.28646 (NLL 4.36144 [logdet 1.51063, mahal 1.01294], L1 1.84359, Spectral 0.25763, Gradient 0.43460, Quantile 0.80653) | LR 1.00e-04
2026-06-24 22:52:15,667 INFO Epoch 5 | Batch 1050/1186 | Loss 4.29927 (NLL 4.35216 [logdet 1.50471, mahal 1.00958], L1 1.85342, Spectral 0.26825, Gradient 0.44153, Quantile 0.82673) | LR 1.00e-04
2026-06-24 22:52:18,607 INFO Epoch 5 | Batch 1100/1186 | Loss 4.33937 (NLL 4.38511 [logdet 1.50619, mahal 1.04105], L1 1.87265, Spectral 0.26496, Gradient 0.44627, Quantile 0.84840) | LR 1.00e-04
2026-06-24 22:52:21,552 INFO Epoch 5 | Batch 1150/1186 | Loss 4.31113 (NLL 4.37509 [logdet 1.50689, mahal 1.03032], L1 1.85706, Spectral 0.26137, Gradient 0.43448, Quantile 0.82069) | LR 1.00e-04
2026-06-24 22:52:28,620 INFO Epoch 5 | Val Loss 4.24663 (NLL 4.32891 [logdet 1.56151, mahal 0.92952], L1 1.80395, Spectral 0.26165, Gradient 0.44077, Quantile 0.86887)
2026-06-24 22:52:28,718 INFO New best val loss: 4.24663 (saved checkpoints/best.pth)
2026-06-24 22:52:31,684 INFO Epoch 6 | Batch 50/1186 | Loss 4.32999 (NLL 4.36324 [logdet 1.50855, mahal 1.01682], L1 1.87871, Spectral 0.26880, Gradient 0.44533, Quantile 0.82561) | LR 1.00e-04
2026-06-24 22:52:34,622 INFO Epoch 6 | Batch 100/1186 | Loss 4.33332 (NLL 4.37271 [logdet 1.51070, mahal 1.02413], L1 1.87641, Spectral 0.25915, Gradient 0.43554, Quantile 0.83979) | LR 1.00e-04
2026-06-24 22:52:37,562 INFO Epoch 6 | Batch 150/1186 | Loss 4.39883 (NLL 4.41655 [logdet 1.54069, mahal 1.03799], L1 1.91478, Spectral 0.26938, Gradient 0.45575, Quantile 0.85022) | LR 1.00e-04
2026-06-24 22:52:40,499 INFO Epoch 6 | Batch 200/1186 | Loss 4.35853 (NLL 4.38221 [logdet 1.54990, mahal 0.99443], L1 1.89425, Spectral 0.26925, Gradient 0.44708, Quantile 0.83971) | LR 1.00e-04
2026-06-24 22:52:43,436 INFO Epoch 6 | Batch 250/1186 | Loss 4.35757 (NLL 4.36704 [logdet 1.51018, mahal 1.01898], L1 1.90118, Spectral 0.27168, Gradient 0.45326, Quantile 0.83576) | LR 1.00e-04
2026-06-24 22:52:46,371 INFO Epoch 6 | Batch 300/1186 | Loss 4.26102 (NLL 4.34685 [logdet 1.49415, mahal 1.01482], L1 1.82255, Spectral 0.25705, Gradient 0.43478, Quantile 0.81917) | LR 1.00e-04
2026-06-24 22:52:49,308 INFO Epoch 6 | Batch 350/1186 | Loss 4.32028 (NLL 4.34238 [logdet 1.48143, mahal 1.02308], L1 1.88238, Spectral 0.26578, Gradient 0.44562, Quantile 0.81662) | LR 1.00e-04
2026-06-24 22:52:52,244 INFO Epoch 6 | Batch 400/1186 | Loss 4.27510 (NLL 4.33741 [logdet 1.50165, mahal 0.99788], L1 1.83995, Spectral 0.26008, Gradient 0.43936, Quantile 0.82168) | LR 1.00e-04
2026-06-24 22:52:55,178 INFO Epoch 6 | Batch 450/1186 | Loss 4.33794 (NLL 4.38085 [logdet 1.47987, mahal 1.06310], L1 1.87790, Spectral 0.25528, Gradient 0.42985, Quantile 0.84013) | LR 1.00e-04
2026-06-24 22:52:58,114 INFO Epoch 6 | Batch 500/1186 | Loss 4.29005 (NLL 4.34921 [logdet 1.48795, mahal 1.02338], L1 1.84732, Spectral 0.25845, Gradient 0.43511, Quantile 0.83047) | LR 1.00e-04
2026-06-24 22:53:01,048 INFO Epoch 6 | Batch 550/1186 | Loss 4.36983 (NLL 4.40372 [logdet 1.53978, mahal 1.02606], L1 1.89394, Spectral 0.26436, Gradient 0.44505, Quantile 0.84851) | LR 1.00e-04
2026-06-24 22:53:03,984 INFO Epoch 6 | Batch 600/1186 | Loss 4.21540 (NLL 4.28729 [logdet 1.46275, mahal 0.98666], L1 1.80751, Spectral 0.26267, Gradient 0.43682, Quantile 0.80982) | LR 1.00e-04
2026-06-24 22:53:06,916 INFO Epoch 6 | Batch 650/1186 | Loss 4.34907 (NLL 4.36812 [logdet 1.46820, mahal 1.06204], L1 1.89484, Spectral 0.26529, Gradient 0.43872, Quantile 0.83157) | LR 1.00e-04
2026-06-24 22:53:09,850 INFO Epoch 6 | Batch 700/1186 | Loss 4.30439 (NLL 4.34386 [logdet 1.49662, mahal 1.00937], L1 1.86657, Spectral 0.25696, Gradient 0.43537, Quantile 0.82273) | LR 1.00e-04
2026-06-24 22:53:12,777 INFO Epoch 6 | Batch 750/1186 | Loss 4.27320 (NLL 4.32934 [logdet 1.46917, mahal 1.02229], L1 1.83710, Spectral 0.25979, Gradient 0.43670, Quantile 0.84270) | LR 1.00e-04
2026-06-24 22:53:15,706 INFO Epoch 6 | Batch 800/1186 | Loss 4.35571 (NLL 4.38319 [logdet 1.48776, mahal 1.05756], L1 1.89983, Spectral 0.26525, Gradient 0.44534, Quantile 0.80710) | LR 1.00e-04
2026-06-24 22:53:18,638 INFO Epoch 6 | Batch 850/1186 | Loss 4.29410 (NLL 4.36625 [logdet 1.52053, mahal 1.00785], L1 1.83725, Spectral 0.26803, Gradient 0.44732, Quantile 0.84327) | LR 1.00e-04
2026-06-24 22:53:21,570 INFO Epoch 6 | Batch 900/1186 | Loss 4.39587 (NLL 4.41337 [logdet 1.52608, mahal 1.04941], L1 1.91799, Spectral 0.26491, Gradient 0.44629, Quantile 0.83613) | LR 1.00e-04
2026-06-24 22:53:24,506 INFO Epoch 6 | Batch 950/1186 | Loss 4.30990 (NLL 4.36948 [logdet 1.49930, mahal 1.03230], L1 1.86076, Spectral 0.26352, Gradient 0.44134, Quantile 0.80949) | LR 1.00e-04
2026-06-24 22:53:27,438 INFO Epoch 6 | Batch 1000/1186 | Loss 4.27586 (NLL 4.33208 [logdet 1.45449, mahal 1.03972], L1 1.84494, Spectral 0.26498, Gradient 0.43255, Quantile 0.81002) | LR 1.00e-04
2026-06-24 22:53:30,362 INFO Epoch 6 | Batch 1050/1186 | Loss 4.34423 (NLL 4.36739 [logdet 1.51003, mahal 1.01948], L1 1.89061, Spectral 0.25861, Gradient 0.43396, Quantile 0.83778) | LR 1.00e-04
2026-06-24 22:53:33,286 INFO Epoch 6 | Batch 1100/1186 | Loss 4.36688 (NLL 4.39475 [logdet 1.50999, mahal 1.04688], L1 1.89562, Spectral 0.26939, Gradient 0.44853, Quantile 0.84247) | LR 1.00e-04
2026-06-24 22:53:36,213 INFO Epoch 6 | Batch 1150/1186 | Loss 4.36010 (NLL 4.38351 [logdet 1.52006, mahal 1.02557], L1 1.89624, Spectral 0.26830, Gradient 0.44871, Quantile 0.83627) | LR 1.00e-04
2026-06-24 22:53:43,300 INFO Epoch 6 | Val Loss 4.24452 (NLL 4.32396 [logdet 1.52238, mahal 0.96371], L1 1.80995, Spectral 0.26132, Gradient 0.43746, Quantile 0.84587)
2026-06-24 22:53:43,365 INFO New best val loss: 4.24452 (saved checkpoints/best.pth)
2026-06-24 22:53:46,322 INFO Epoch 7 | Batch 50/1186 | Loss 4.29464 (NLL 4.34720 [logdet 1.51250, mahal 0.99682], L1 1.85639, Spectral 0.26890, Gradient 0.44181, Quantile 0.80476) | LR 1.00e-04
2026-06-24 22:53:49,256 INFO Epoch 7 | Batch 100/1186 | Loss 4.32876 (NLL 4.36582 [logdet 1.46385, mahal 1.06409], L1 1.87335, Spectral 0.27220, Gradient 0.44907, Quantile 0.83373) | LR 1.00e-04
2026-06-24 22:53:52,191 INFO Epoch 7 | Batch 150/1186 | Loss 4.37230 (NLL 4.39969 [logdet 1.52457, mahal 1.03724], L1 1.90330, Spectral 0.26157, Gradient 0.44141, Quantile 0.83130) | LR 1.00e-04
2026-06-24 22:53:55,126 INFO Epoch 7 | Batch 200/1186 | Loss 4.27008 (NLL 4.32894 [logdet 1.48899, mahal 1.00208], L1 1.83590, Spectral 0.26447, Gradient 0.43333, Quantile 0.83062) | LR 1.00e-04
2026-06-24 22:53:58,057 INFO Epoch 7 | Batch 250/1186 | Loss 4.30107 (NLL 4.34026 [logdet 1.45009, mahal 1.05230], L1 1.86378, Spectral 0.26426, Gradient 0.44210, Quantile 0.82014) | LR 1.00e-04
2026-06-24 22:54:00,990 INFO Epoch 7 | Batch 300/1186 | Loss 4.36218 (NLL 4.38122 [logdet 1.48129, mahal 1.06205], L1 1.89528, Spectral 0.26547, Gradient 0.44473, Quantile 0.85669) | LR 1.00e-04
2026-06-24 22:54:03,923 INFO Epoch 7 | Batch 350/1186 | Loss 4.28561 (NLL 4.34528 [logdet 1.48138, mahal 1.02602], L1 1.84755, Spectral 0.26155, Gradient 0.43954, Quantile 0.81583) | LR 1.00e-04
2026-06-24 22:54:06,856 INFO Epoch 7 | Batch 400/1186 | Loss 4.33958 (NLL 4.37350 [logdet 1.51818, mahal 1.01745], L1 1.88137, Spectral 0.27463, Gradient 0.44908, Quantile 0.82678) | LR 1.00e-04
2026-06-24 22:54:09,787 INFO Epoch 7 | Batch 450/1186 | Loss 4.38133 (NLL 4.38870 [logdet 1.53515, mahal 1.01567], L1 1.91491, Spectral 0.27064, Gradient 0.44448, Quantile 0.83365) | LR 1.00e-04
2026-06-24 22:54:12,717 INFO Epoch 7 | Batch 500/1186 | Loss 4.36153 (NLL 4.39621 [logdet 1.52783, mahal 1.03050], L1 1.89057, Spectral 0.25971, Gradient 0.43965, Quantile 0.84868) | LR 1.00e-04
2026-06-24 22:54:15,652 INFO Epoch 7 | Batch 550/1186 | Loss 4.29931 (NLL 4.34842 [logdet 1.48993, mahal 1.02061], L1 1.86112, Spectral 0.25990, Gradient 0.43500, Quantile 0.81170) | LR 1.00e-04
2026-06-24 22:54:18,588 INFO Epoch 7 | Batch 600/1186 | Loss 4.33861 (NLL 4.37940 [logdet 1.51631, mahal 1.02521], L1 1.88068, Spectral 0.26301, Gradient 0.44295, Quantile 0.82588) | LR 1.00e-04
2026-06-24 22:54:21,523 INFO Epoch 7 | Batch 650/1186 | Loss 4.34086 (NLL 4.37102 [logdet 1.48091, mahal 1.05224], L1 1.88433, Spectral 0.26291, Gradient 0.44152, Quantile 0.83761) | LR 1.00e-04
2026-06-24 22:54:24,453 INFO Epoch 7 | Batch 700/1186 | Loss 4.41201 (NLL 4.41511 [logdet 1.54019, mahal 1.03704], L1 1.92847, Spectral 0.25888, Gradient 0.43658, Quantile 0.86259) | LR 1.00e-04
2026-06-24 22:54:27,388 INFO Epoch 7 | Batch 750/1186 | Loss 4.24649 (NLL 4.32061 [logdet 1.47234, mahal 1.01040], L1 1.82696, Spectral 0.25798, Gradient 0.43395, Quantile 0.79403) | LR 1.00e-04
2026-06-24 22:54:30,325 INFO Epoch 7 | Batch 800/1186 | Loss 4.37328 (NLL 4.38950 [logdet 1.50133, mahal 1.05029], L1 1.90774, Spectral 0.26272, Gradient 0.44087, Quantile 0.83690) | LR 1.00e-04
2026-06-24 22:54:33,259 INFO Epoch 7 | Batch 850/1186 | Loss 4.37263 (NLL 4.39165 [logdet 1.49429, mahal 1.05949], L1 1.90177, Spectral 0.26288, Gradient 0.44132, Quantile 0.85428) | LR 1.00e-04
2026-06-24 22:54:36,196 INFO Epoch 7 | Batch 900/1186 | Loss 4.33868 (NLL 4.37452 [logdet 1.53999, mahal 0.99665], L1 1.88392, Spectral 0.26720, Gradient 0.43758, Quantile 0.81846) | LR 1.00e-04
2026-06-24 22:54:39,130 INFO Epoch 7 | Batch 950/1186 | Loss 4.23880 (NLL 4.29926 [logdet 1.44152, mahal 1.01987], L1 1.82740, Spectral 0.25612, Gradient 0.42790, Quantile 0.80666) | LR 1.00e-04
2026-06-24 22:54:42,068 INFO Epoch 7 | Batch 1000/1186 | Loss 4.32571 (NLL 4.35553 [logdet 1.50780, mahal 1.00986], L1 1.86887, Spectral 0.27160, Gradient 0.44655, Quantile 0.86167) | LR 1.00e-04
2026-06-24 22:54:45,006 INFO Epoch 7 | Batch 1050/1186 | Loss 4.22597 (NLL 4.30076 [logdet 1.47599, mahal 0.98690], L1 1.81287, Spectral 0.25102, Gradient 0.42506, Quantile 0.81610) | LR 1.00e-04
2026-06-24 22:54:47,948 INFO Epoch 7 | Batch 1100/1186 | Loss 4.22765 (NLL 4.30102 [logdet 1.43757, mahal 1.02558], L1 1.81123, Spectral 0.25627, Gradient 0.43344, Quantile 0.82360) | LR 1.00e-04
2026-06-24 22:54:50,888 INFO Epoch 7 | Batch 1150/1186 | Loss 4.29311 (NLL 4.34275 [logdet 1.46874, mahal 1.03613], L1 1.85453, Spectral 0.26615, Gradient 0.43896, Quantile 0.81833) | LR 1.00e-04
2026-06-24 22:54:57,945 INFO Epoch 7 | Val Loss 4.24188 (NLL 4.32412 [logdet 1.54503, mahal 0.94121], L1 1.80172, Spectral 0.26108, Gradient 0.43664, Quantile 0.86906)
2026-06-24 22:54:58,011 INFO New best val loss: 4.24188 (saved checkpoints/best.pth)
2026-06-24 22:55:00,981 INFO Epoch 8 | Batch 50/1186 | Loss 4.23599 (NLL 4.29545 [logdet 1.46509, mahal 0.99248], L1 1.82347, Spectral 0.26723, Gradient 0.44106, Quantile 0.80716) | LR 1.00e-04
2026-06-24 22:55:03,913 INFO Epoch 8 | Batch 100/1186 | Loss 4.26415 (NLL 4.32976 [logdet 1.46548, mahal 1.02640], L1 1.83448, Spectral 0.26348, Gradient 0.43706, Quantile 0.81121) | LR 1.00e-04
2026-06-24 22:55:06,841 INFO Epoch 8 | Batch 150/1186 | Loss 4.37256 (NLL 4.41146 [logdet 1.47680, mahal 1.09678], L1 1.88938, Spectral 0.26450, Gradient 0.44484, Quantile 0.86251) | LR 1.00e-04
2026-06-24 22:55:09,773 INFO Epoch 8 | Batch 200/1186 | Loss 4.35035 (NLL 4.38756 [logdet 1.51641, mahal 1.03327], L1 1.88485, Spectral 0.26717, Gradient 0.43830, Quantile 0.83603) | LR 1.00e-04
2026-06-24 22:55:12,702 INFO Epoch 8 | Batch 250/1186 | Loss 4.37295 (NLL 4.37447 [logdet 1.53752, mahal 0.99907], L1 1.91331, Spectral 0.26380, Gradient 0.44145, Quantile 0.84241) | LR 1.00e-04
2026-06-24 22:55:15,631 INFO Epoch 8 | Batch 300/1186 | Loss 4.33659 (NLL 4.35474 [logdet 1.49528, mahal 1.02158], L1 1.88690, Spectral 0.26548, Gradient 0.43820, Quantile 0.84030) | LR 1.00e-04
2026-06-24 22:55:18,561 INFO Epoch 8 | Batch 350/1186 | Loss 4.26121 (NLL 4.30889 [logdet 1.46590, mahal 1.00511], L1 1.84267, Spectral 0.25651, Gradient 0.43241, Quantile 0.81586) | LR 1.00e-04
2026-06-24 22:55:21,486 INFO Epoch 8 | Batch 400/1186 | Loss 4.37209 (NLL 4.35944 [logdet 1.50852, mahal 1.01305], L1 1.91846, Spectral 0.26813, Gradient 0.44377, Quantile 0.84399) | LR 1.00e-04
2026-06-24 22:55:24,418 INFO Epoch 8 | Batch 450/1186 | Loss 4.31597 (NLL 4.35040 [logdet 1.46167, mahal 1.05085], L1 1.87097, Spectral 0.27082, Gradient 0.44389, Quantile 0.82405) | LR 1.00e-04
2026-06-24 22:55:27,347 INFO Epoch 8 | Batch 500/1186 | Loss 4.28458 (NLL 4.32962 [logdet 1.48822, mahal 1.00352], L1 1.85060, Spectral 0.27136, Gradient 0.44612, Quantile 0.82081) | LR 1.00e-04
2026-06-24 22:55:30,276 INFO Epoch 8 | Batch 550/1186 | Loss 4.35370 (NLL 4.37698 [logdet 1.48732, mahal 1.05178], L1 1.89307, Spectral 0.26169, Gradient 0.44030, Quantile 0.84360) | LR 1.00e-04
2026-06-24 22:55:33,205 INFO Epoch 8 | Batch 600/1186 | Loss 4.26014 (NLL 4.32379 [logdet 1.46875, mahal 1.01716], L1 1.83792, Spectral 0.25598, Gradient 0.43303, Quantile 0.80076) | LR 1.00e-04
2026-06-24 22:55:36,131 INFO Epoch 8 | Batch 650/1186 | Loss 4.39142 (NLL 4.41389 [logdet 1.51536, mahal 1.06065], L1 1.90530, Spectral 0.26838, Gradient 0.44335, Quantile 0.86557) | LR 1.00e-04
2026-06-24 22:55:39,039 INFO Epoch 8 | Batch 700/1186 | Loss 4.33746 (NLL 4.38018 [logdet 1.53400, mahal 1.00830], L1 1.88207, Spectral 0.26487, Gradient 0.44104, Quantile 0.81181) | LR 1.00e-04
2026-06-24 22:55:41,949 INFO Epoch 8 | Batch 750/1186 | Loss 4.32861 (NLL 4.37319 [logdet 1.50787, mahal 1.02745], L1 1.87158, Spectral 0.26034, Gradient 0.43312, Quantile 0.83804) | LR 1.00e-04
2026-06-24 22:55:44,860 INFO Epoch 8 | Batch 800/1186 | Loss 4.29564 (NLL 4.33350 [logdet 1.44139, mahal 1.05424], L1 1.85844, Spectral 0.26156, Gradient 0.43581, Quantile 0.83676) | LR 1.00e-04
2026-06-24 22:55:47,770 INFO Epoch 8 | Batch 850/1186 | Loss 4.32752 (NLL 4.39211 [logdet 1.54526, mahal 1.00897], L1 1.86374, Spectral 0.26300, Gradient 0.44082, Quantile 0.82387) | LR 1.00e-04
2026-06-24 22:55:50,681 INFO Epoch 8 | Batch 900/1186 | Loss 4.21526 (NLL 4.30316 [logdet 1.45238, mahal 1.01290], L1 1.80477, Spectral 0.25265, Gradient 0.42456, Quantile 0.79857) | LR 1.00e-04
2026-06-24 22:55:53,592 INFO Epoch 8 | Batch 950/1186 | Loss 4.16412 (NLL 4.27370 [logdet 1.44638, mahal 0.98944], L1 1.76613, Spectral 0.26329, Gradient 0.43783, Quantile 0.79628) | LR 1.00e-04
2026-06-24 22:55:56,503 INFO Epoch 8 | Batch 1000/1186 | Loss 4.30955 (NLL 4.36618 [logdet 1.47524, mahal 1.05306], L1 1.86335, Spectral 0.25654, Gradient 0.43234, Quantile 0.81171) | LR 1.00e-04
2026-06-24 22:55:59,412 INFO Epoch 8 | Batch 1050/1186 | Loss 4.39384 (NLL 4.38960 [logdet 1.54434, mahal 1.00738], L1 1.92121, Spectral 0.26303, Gradient 0.43538, Quantile 0.86581) | LR 1.00e-04
2026-06-24 22:56:02,319 INFO Epoch 8 | Batch 1100/1186 | Loss 4.23864 (NLL 4.29571 [logdet 1.43155, mahal 1.02629], L1 1.82834, Spectral 0.26202, Gradient 0.43415, Quantile 0.80308) | LR 1.00e-04
2026-06-24 22:56:05,229 INFO Epoch 8 | Batch 1150/1186 | Loss 4.32808 (NLL 4.37255 [logdet 1.49055, mahal 1.04413], L1 1.86903, Spectral 0.26035, Gradient 0.43792, Quantile 0.84767) | LR 1.00e-04
2026-06-24 22:56:12,300 INFO Epoch 8 | Val Loss 4.26190 (NLL 4.34898 [logdet 1.65064, mahal 0.86046], L1 1.80780, Spectral 0.26077, Gradient 0.43529, Quantile 0.87560)
2026-06-24 22:56:15,303 INFO Epoch 9 | Batch 50/1186 | Loss 4.35208 (NLL 4.37494 [logdet 1.54602, mahal 0.99104], L1 1.89103, Spectral 0.26894, Gradient 0.44254, Quantile 0.84176) | LR 1.00e-04
2026-06-24 22:56:18,244 INFO Epoch 9 | Batch 100/1186 | Loss 4.25138 (NLL 4.31009 [logdet 1.44802, mahal 1.02419], L1 1.83055, Spectral 0.25645, Gradient 0.42721, Quantile 0.82301) | LR 1.00e-04
2026-06-24 22:56:21,185 INFO Epoch 9 | Batch 150/1186 | Loss 4.34271 (NLL 4.38348 [logdet 1.50186, mahal 1.04375], L1 1.88231, Spectral 0.26065, Gradient 0.43967, Quantile 0.83026) | LR 1.00e-04
2026-06-24 22:56:24,126 INFO Epoch 9 | Batch 200/1186 | Loss 4.35528 (NLL 4.37198 [logdet 1.50836, mahal 1.02575], L1 1.90045, Spectral 0.26383, Gradient 0.43855, Quantile 0.82762) | LR 1.00e-04
2026-06-24 22:56:27,064 INFO Epoch 9 | Batch 250/1186 | Loss 4.35715 (NLL 4.39912 [logdet 1.51042, mahal 1.05083], L1 1.88481, Spectral 0.26548, Gradient 0.43690, Quantile 0.84221) | LR 1.00e-04
2026-06-24 22:56:30,004 INFO Epoch 9 | Batch 300/1186 | Loss 4.41262 (NLL 4.41518 [logdet 1.49093, mahal 1.08638], L1 1.93088, Spectral 0.26633, Gradient 0.44255, Quantile 0.84692) | LR 1.00e-04
2026-06-24 22:56:32,944 INFO Epoch 9 | Batch 350/1186 | Loss 4.29583 (NLL 4.34589 [logdet 1.51371, mahal 0.99430], L1 1.85721, Spectral 0.25748, Gradient 0.43363, Quantile 0.82136) | LR 1.00e-04
2026-06-24 22:56:35,886 INFO Epoch 9 | Batch 400/1186 | Loss 4.32269 (NLL 4.36566 [logdet 1.51259, mahal 1.01519], L1 1.87511, Spectral 0.25959, Gradient 0.43321, Quantile 0.81526) | LR 1.00e-04
2026-06-24 22:56:38,825 INFO Epoch 9 | Batch 450/1186 | Loss 4.30339 (NLL 4.32916 [logdet 1.48209, mahal 1.00919], L1 1.87085, Spectral 0.26808, Gradient 0.44107, Quantile 0.81942) | LR 1.00e-04
2026-06-24 22:56:41,762 INFO Epoch 9 | Batch 500/1186 | Loss 4.30710 (NLL 4.35232 [logdet 1.49060, mahal 1.02385], L1 1.86424, Spectral 0.26387, Gradient 0.43606, Quantile 0.81871) | LR 1.00e-04
2026-06-24 22:56:44,691 INFO Epoch 9 | Batch 550/1186 | Loss 4.29702 (NLL 4.33908 [logdet 1.47824, mahal 1.02296], L1 1.85655, Spectral 0.25873, Gradient 0.43318, Quantile 0.84180) | LR 1.00e-04
2026-06-24 22:56:47,617 INFO Epoch 9 | Batch 600/1186 | Loss 4.29017 (NLL 4.34467 [logdet 1.47848, mahal 1.02831], L1 1.85125, Spectral 0.26079, Gradient 0.43809, Quantile 0.82154) | LR 1.00e-04
2026-06-24 22:56:50,545 INFO Epoch 9 | Batch 650/1186 | Loss 4.29489 (NLL 4.31722 [logdet 1.46339, mahal 1.01595], L1 1.86693, Spectral 0.26321, Gradient 0.43851, Quantile 0.83039) | LR 1.00e-04
2026-06-24 22:56:53,477 INFO Epoch 9 | Batch 700/1186 | Loss 4.22848 (NLL 4.29241 [logdet 1.45388, mahal 1.00065], L1 1.81535, Spectral 0.25910, Gradient 0.43172, Quantile 0.82483) | LR 1.00e-04
2026-06-24 22:56:56,402 INFO Epoch 9 | Batch 750/1186 | Loss 4.26372 (NLL 4.32724 [logdet 1.44808, mahal 1.04128], L1 1.83782, Spectral 0.26707, Gradient 0.44334, Quantile 0.79683) | LR 1.00e-04
2026-06-24 22:56:59,331 INFO Epoch 9 | Batch 800/1186 | Loss 4.31662 (NLL 4.35229 [logdet 1.48629, mahal 1.02812], L1 1.87348, Spectral 0.25990, Gradient 0.43535, Quantile 0.82420) | LR 1.00e-04
2026-06-24 22:57:02,262 INFO Epoch 9 | Batch 850/1186 | Loss 4.28670 (NLL 4.35060 [logdet 1.49525, mahal 1.01747], L1 1.84323, Spectral 0.26373, Gradient 0.43841, Quantile 0.82498) | LR 1.00e-04
2026-06-24 22:57:05,191 INFO Epoch 9 | Batch 900/1186 | Loss 4.25345 (NLL 4.30548 [logdet 1.46786, mahal 0.99975], L1 1.83428, Spectral 0.26977, Gradient 0.43766, Quantile 0.81125) | LR 1.00e-04
2026-06-24 22:57:08,120 INFO Epoch 9 | Batch 950/1186 | Loss 4.27207 (NLL 4.32879 [logdet 1.44855, mahal 1.04237], L1 1.84181, Spectral 0.25676, Gradient 0.43188, Quantile 0.82291) | LR 1.00e-04
2026-06-24 22:57:11,048 INFO Epoch 9 | Batch 1000/1186 | Loss 4.26110 (NLL 4.32864 [logdet 1.47065, mahal 1.02012], L1 1.82964, Spectral 0.26315, Gradient 0.43380, Quantile 0.82137) | LR 1.00e-04
2026-06-24 22:57:13,975 INFO Epoch 9 | Batch 1050/1186 | Loss 4.40493 (NLL 4.41884 [logdet 1.52640, mahal 1.05456], L1 1.91618, Spectral 0.26759, Gradient 0.44479, Quantile 0.86704) | LR 1.00e-04
2026-06-24 22:57:16,902 INFO Epoch 9 | Batch 1100/1186 | Loss 4.28250 (NLL 4.35406 [logdet 1.49684, mahal 1.01935], L1 1.84216, Spectral 0.26560, Gradient 0.43746, Quantile 0.80275) | LR 1.00e-04
2026-06-24 22:57:19,832 INFO Epoch 9 | Batch 1150/1186 | Loss 4.27324 (NLL 4.33002 [logdet 1.47546, mahal 1.01669], L1 1.83910, Spectral 0.26136, Gradient 0.43890, Quantile 0.83147) | LR 1.00e-04
2026-06-24 22:57:26,850 INFO Epoch 9 | Val Loss 4.23293 (NLL 4.31976 [logdet 1.51462, mahal 0.96726], L1 1.80865, Spectral 0.26032, Gradient 0.43374, Quantile 0.81303)
2026-06-24 22:57:26,923 INFO New best val loss: 4.23293 (saved checkpoints/best.pth)
2026-06-24 22:57:29,897 INFO Epoch 10 | Batch 50/1186 | Loss 4.29316 (NLL 4.35440 [logdet 1.46724, mahal 1.04928], L1 1.85025, Spectral 0.25400, Gradient 0.43061, Quantile 0.82525) | LR 1.00e-04
2026-06-24 22:57:32,841 INFO Epoch 10 | Batch 100/1186 | Loss 4.33160 (NLL 4.36464 [logdet 1.51528, mahal 1.01148], L1 1.87931, Spectral 0.26484, Gradient 0.44090, Quantile 0.83122) | LR 1.00e-04
2026-06-24 22:57:35,782 INFO Epoch 10 | Batch 150/1186 | Loss 4.32946 (NLL 4.36662 [logdet 1.49026, mahal 1.03849], L1 1.87368, Spectral 0.26777, Gradient 0.43847, Quantile 0.83846) | LR 1.00e-04
2026-06-24 22:57:38,726 INFO Epoch 10 | Batch 200/1186 | Loss 4.27334 (NLL 4.32007 [logdet 1.47350, mahal 1.00869], L1 1.84464, Spectral 0.25970, Gradient 0.43485, Quantile 0.83135) | LR 1.00e-04
2026-06-24 22:57:41,673 INFO Epoch 10 | Batch 250/1186 | Loss 4.39429 (NLL 4.39065 [logdet 1.54695, mahal 1.00582], L1 1.92216, Spectral 0.26086, Gradient 0.43930, Quantile 0.86385) | LR 1.00e-04
2026-06-24 22:57:44,619 INFO Epoch 10 | Batch 300/1186 | Loss 4.33970 (NLL 4.36935 [logdet 1.48011, mahal 1.05136], L1 1.88220, Spectral 0.26978, Gradient 0.44298, Quantile 0.83775) | LR 1.00e-04
2026-06-24 22:57:47,567 INFO Epoch 10 | Batch 350/1186 | Loss 4.37958 (NLL 4.39887 [logdet 1.54271, mahal 1.01828], L1 1.90558, Spectral 0.27080, Gradient 0.44220, Quantile 0.84386) | LR 1.00e-04
2026-06-24 22:57:50,511 INFO Epoch 10 | Batch 400/1186 | Loss 4.27302 (NLL 4.31539 [logdet 1.49106, mahal 0.98646], L1 1.84645, Spectral 0.26892, Gradient 0.44608, Quantile 0.82224) | LR 1.00e-04
2026-06-24 22:57:53,457 INFO Epoch 10 | Batch 450/1186 | Loss 4.29188 (NLL 4.36327 [logdet 1.43805, mahal 1.08734], L1 1.85156, Spectral 0.25396, Gradient 0.43053, Quantile 0.79617) | LR 1.00e-04
2026-06-24 22:57:56,405 INFO Epoch 10 | Batch 500/1186 | Loss 4.29791 (NLL 4.33117 [logdet 1.47893, mahal 1.01437], L1 1.86321, Spectral 0.24908, Gradient 0.41702, Quantile 0.84481) | LR 1.00e-04
2026-06-24 22:57:59,352 INFO Epoch 10 | Batch 550/1186 | Loss 4.30085 (NLL 4.35013 [logdet 1.51020, mahal 1.00205], L1 1.85709, Spectral 0.26788, Gradient 0.44099, Quantile 0.82265) | LR 1.00e-04
2026-06-24 22:58:02,301 INFO Epoch 10 | Batch 600/1186 | Loss 4.30151 (NLL 4.34694 [logdet 1.47898, mahal 1.03008], L1 1.86587, Spectral 0.25571, Gradient 0.43185, Quantile 0.80870) | LR 1.00e-04
2026-06-24 22:58:05,248 INFO Epoch 10 | Batch 650/1186 | Loss 4.26138 (NLL 4.31716 [logdet 1.47734, mahal 1.00194], L1 1.83391, Spectral 0.26266, Gradient 0.43589, Quantile 0.82910) | LR 1.00e-04
2026-06-24 22:58:08,194 INFO Epoch 10 | Batch 700/1186 | Loss 4.25651 (NLL 4.31955 [logdet 1.44990, mahal 1.03177], L1 1.82905, Spectral 0.26172, Gradient 0.43542, Quantile 0.82513) | LR 1.00e-04
2026-06-24 22:58:11,142 INFO Epoch 10 | Batch 750/1186 | Loss 4.35076 (NLL 4.38387 [logdet 1.48691, mahal 1.05909], L1 1.89066, Spectral 0.26542, Gradient 0.44080, Quantile 0.82311) | LR 1.00e-04
2026-06-24 22:58:14,088 INFO Epoch 10 | Batch 800/1186 | Loss 4.28946 (NLL 4.33006 [logdet 1.49357, mahal 0.99861], L1 1.85526, Spectral 0.27078, Gradient 0.44475, Quantile 0.82149) | LR 1.00e-04
2026-06-24 22:58:17,036 INFO Epoch 10 | Batch 850/1186 | Loss 4.24266 (NLL 4.30863 [logdet 1.45385, mahal 1.01690], L1 1.82362, Spectral 0.26113, Gradient 0.42857, Quantile 0.81356) | LR 1.00e-04
2026-06-24 22:58:19,982 INFO Epoch 10 | Batch 900/1186 | Loss 4.23634 (NLL 4.31950 [logdet 1.44271, mahal 1.03892], L1 1.81527, Spectral 0.26318, Gradient 0.43622, Quantile 0.79712) | LR 1.00e-04
2026-06-24 22:58:22,930 INFO Epoch 10 | Batch 950/1186 | Loss 4.34727 (NLL 4.37732 [logdet 1.49016, mahal 1.04928], L1 1.88890, Spectral 0.26770, Gradient 0.44072, Quantile 0.82705) | LR 1.00e-04
2026-06-24 22:58:25,880 INFO Epoch 10 | Batch 1000/1186 | Loss 4.25464 (NLL 4.31396 [logdet 1.44448, mahal 1.03161], L1 1.83733, Spectral 0.25921, Gradient 0.43202, Quantile 0.79734) | LR 1.00e-04
2026-06-24 22:58:28,810 INFO Epoch 10 | Batch 1050/1186 | Loss 4.24814 (NLL 4.30361 [logdet 1.47408, mahal 0.99166], L1 1.82899, Spectral 0.26400, Gradient 0.43455, Quantile 0.82132) | LR 1.00e-04
2026-06-24 22:58:31,736 INFO Epoch 10 | Batch 1100/1186 | Loss 4.30417 (NLL 4.34165 [logdet 1.48324, mahal 1.02053], L1 1.86363, Spectral 0.26026, Gradient 0.43607, Quantile 0.83507) | LR 1.00e-04
2026-06-24 22:58:34,660 INFO Epoch 10 | Batch 1150/1186 | Loss 4.34514 (NLL 4.35127 [logdet 1.45492, mahal 1.05848], L1 1.89963, Spectral 0.26017, Gradient 0.43634, Quantile 0.83587) | LR 1.00e-04
2026-06-24 22:58:41,736 INFO Epoch 10 | Val Loss 4.23537 (NLL 4.31487 [logdet 1.52908, mahal 0.94791], L1 1.80120, Spectral 0.26026, Gradient 0.43350, Quantile 0.86424)
2026-06-24 22:58:44,722 INFO Epoch 11 | Batch 50/1186 | Loss 4.30683 (NLL 4.35141 [logdet 1.48510, mahal 1.02843], L1 1.85866, Spectral 0.25986, Gradient 0.43872, Quantile 0.84693) | LR 1.00e-04
2026-06-24 22:58:47,640 INFO Epoch 11 | Batch 100/1186 | Loss 4.26828 (NLL 4.32297 [logdet 1.47170, mahal 1.01339], L1 1.84658, Spectral 0.26065, Gradient 0.43738, Quantile 0.79529) | LR 1.00e-04
2026-06-24 22:58:50,561 INFO Epoch 11 | Batch 150/1186 | Loss 4.32262 (NLL 4.35338 [logdet 1.47022, mahal 1.04529], L1 1.87435, Spectral 0.26024, Gradient 0.43687, Quantile 0.84285) | LR 1.00e-04
2026-06-24 22:58:53,483 INFO Epoch 11 | Batch 200/1186 | Loss 4.32267 (NLL 4.36862 [logdet 1.49263, mahal 1.03812], L1 1.87145, Spectral 0.25954, Gradient 0.43110, Quantile 0.82429) | LR 1.00e-04
2026-06-24 22:58:56,405 INFO Epoch 11 | Batch 250/1186 | Loss 4.32736 (NLL 4.35109 [logdet 1.49946, mahal 1.01375], L1 1.88342, Spectral 0.26299, Gradient 0.43741, Quantile 0.82668) | LR 1.00e-04
2026-06-24 22:58:59,330 INFO Epoch 11 | Batch 300/1186 | Loss 4.32382 (NLL 4.36632 [logdet 1.47051, mahal 1.05794], L1 1.87295, Spectral 0.26414, Gradient 0.43687, Quantile 0.82263) | LR 1.00e-04
2026-06-24 22:59:02,255 INFO Epoch 11 | Batch 350/1186 | Loss 4.23770 (NLL 4.31014 [logdet 1.46392, mahal 1.00834], L1 1.82272, Spectral 0.26519, Gradient 0.43252, Quantile 0.78918) | LR 1.00e-04
2026-06-24 22:59:05,177 INFO Epoch 11 | Batch 400/1186 | Loss 4.34823 (NLL 4.35673 [logdet 1.48022, mahal 1.03863], L1 1.89630, Spectral 0.26569, Gradient 0.43800, Quantile 0.84520) | LR 1.00e-04
2026-06-24 22:59:08,100 INFO Epoch 11 | Batch 450/1186 | Loss 4.43310 (NLL 4.42379 [logdet 1.49624, mahal 1.08967], L1 1.94301, Spectral 0.26142, Gradient 0.44264, Quantile 0.86897) | LR 1.00e-04
2026-06-24 22:59:11,025 INFO Epoch 11 | Batch 500/1186 | Loss 4.30881 (NLL 4.34591 [logdet 1.51460, mahal 0.99343], L1 1.86618, Spectral 0.26084, Gradient 0.43507, Quantile 0.83435) | LR 1.00e-04
2026-06-24 22:59:13,946 INFO Epoch 11 | Batch 550/1186 | Loss 4.23329 (NLL 4.28050 [logdet 1.46911, mahal 0.97352], L1 1.83023, Spectral 0.26166, Gradient 0.43260, Quantile 0.80496) | LR 1.00e-04
2026-06-24 22:59:16,869 INFO Epoch 11 | Batch 600/1186 | Loss 4.26972 (NLL 4.33048 [logdet 1.46057, mahal 1.03203], L1 1.84217, Spectral 0.25879, Gradient 0.42837, Quantile 0.80605) | LR 1.00e-04
2026-06-24 22:59:19,795 INFO Epoch 11 | Batch 650/1186 | Loss 4.30841 (NLL 4.33464 [logdet 1.45464, mahal 1.04212], L1 1.86967, Spectral 0.26166, Gradient 0.43582, Quantile 0.84069) | LR 1.00e-04
2026-06-24 22:59:22,714 INFO Epoch 11 | Batch 700/1186 | Loss 4.26228 (NLL 4.33770 [logdet 1.46323, mahal 1.03659], L1 1.82891, Spectral 0.26362, Gradient 0.43341, Quantile 0.80999) | LR 1.00e-04
2026-06-24 22:59:25,634 INFO Epoch 11 | Batch 750/1186 | Loss 4.30753 (NLL 4.34687 [logdet 1.49085, mahal 1.01815], L1 1.86060, Spectral 0.26015, Gradient 0.43363, Quantile 0.85095) | LR 1.00e-04
2026-06-24 22:59:28,558 INFO Epoch 11 | Batch 800/1186 | Loss 4.28026 (NLL 4.34033 [logdet 1.48188, mahal 1.02057], L1 1.84579, Spectral 0.26603, Gradient 0.43751, Quantile 0.80647) | LR 1.00e-04
2026-06-24 22:59:31,482 INFO Epoch 11 | Batch 850/1186 | Loss 4.33995 (NLL 4.36931 [logdet 1.50211, mahal 1.02932], L1 1.88546, Spectral 0.26479, Gradient 0.44376, Quantile 0.83063) | LR 1.00e-04
2026-06-24 22:59:34,401 INFO Epoch 11 | Batch 900/1186 | Loss 4.33387 (NLL 4.36068 [logdet 1.47859, mahal 1.04421], L1 1.88071, Spectral 0.26591, Gradient 0.44235, Quantile 0.84185) | LR 1.00e-04
2026-06-24 22:59:37,321 INFO Epoch 11 | Batch 950/1186 | Loss 4.24342 (NLL 4.31932 [logdet 1.47592, mahal 1.00552], L1 1.82386, Spectral 0.25692, Gradient 0.42945, Quantile 0.79802) | LR 1.00e-04
2026-06-24 22:59:40,248 INFO Epoch 11 | Batch 1000/1186 | Loss 4.29898 (NLL 4.34139 [logdet 1.44421, mahal 1.05930], L1 1.85250, Spectral 0.27285, Gradient 0.44526, Quantile 0.84668) | LR 1.00e-04
2026-06-24 22:59:43,173 INFO Epoch 11 | Batch 1050/1186 | Loss 4.23322 (NLL 4.29108 [logdet 1.43854, mahal 1.01466], L1 1.82309, Spectral 0.26695, Gradient 0.43278, Quantile 0.80671) | LR 1.00e-04
2026-06-24 22:59:46,099 INFO Epoch 11 | Batch 1100/1186 | Loss 4.30150 (NLL 4.35511 [logdet 1.49817, mahal 1.01906], L1 1.85641, Spectral 0.26197, Gradient 0.43944, Quantile 0.82418) | LR 1.00e-04
2026-06-24 22:59:49,022 INFO Epoch 11 | Batch 1150/1186 | Loss 4.38051 (NLL 4.39538 [logdet 1.50280, mahal 1.05470], L1 1.90963, Spectral 0.26158, Gradient 0.43629, Quantile 0.84810) | LR 1.00e-04
2026-06-24 22:59:56,090 INFO Epoch 11 | Val Loss 4.22459 (NLL 4.30814 [logdet 1.43103, mahal 1.03924], L1 1.79629, Spectral 0.26020, Gradient 0.43328, Quantile 0.85395)
2026-06-24 22:59:56,171 INFO New best val loss: 4.22459 (saved checkpoints/best.pth)
2026-06-24 22:59:59,138 INFO Epoch 12 | Batch 50/1186 | Loss 4.29639 (NLL 4.33088 [logdet 1.47047, mahal 1.02253], L1 1.86668, Spectral 0.26001, Gradient 0.43273, Quantile 0.81285) | LR 1.00e-04
2026-06-24 23:00:02,074 INFO Epoch 12 | Batch 100/1186 | Loss 4.27506 (NLL 4.32798 [logdet 1.45318, mahal 1.03693], L1 1.84535, Spectral 0.26356, Gradient 0.43787, Quantile 0.81496) | LR 1.00e-04
2026-06-24 23:00:05,008 INFO Epoch 12 | Batch 150/1186 | Loss 4.28355 (NLL 4.34927 [logdet 1.46874, mahal 1.04265], L1 1.84131, Spectral 0.25963, Gradient 0.43087, Quantile 0.82709) | LR 1.00e-04
2026-06-24 23:00:07,940 INFO Epoch 12 | Batch 200/1186 | Loss 4.40382 (NLL 4.41601 [logdet 1.51396, mahal 1.06418], L1 1.91310, Spectral 0.26700, Gradient 0.44131, Quantile 0.88176) | LR 1.00e-04
2026-06-24 23:00:10,877 INFO Epoch 12 | Batch 250/1186 | Loss 4.30868 (NLL 4.35441 [logdet 1.49348, mahal 1.02305], L1 1.86407, Spectral 0.26171, Gradient 0.43760, Quantile 0.82396) | LR 1.00e-04
2026-06-24 23:00:13,815 INFO Epoch 12 | Batch 300/1186 | Loss 4.26129 (NLL 4.32319 [logdet 1.46028, mahal 1.02503], L1 1.83515, Spectral 0.26145, Gradient 0.43303, Quantile 0.81239) | LR 1.00e-04
2026-06-24 23:00:16,758 INFO Epoch 12 | Batch 350/1186 | Loss 4.34206 (NLL 4.37424 [logdet 1.50562, mahal 1.03074], L1 1.88519, Spectral 0.26476, Gradient 0.43453, Quantile 0.83047) | LR 1.00e-04
2026-06-24 23:00:19,698 INFO Epoch 12 | Batch 400/1186 | Loss 4.27829 (NLL 4.32543 [logdet 1.46805, mahal 1.01950], L1 1.84315, Spectral 0.26794, Gradient 0.43933, Quantile 0.83809) | LR 1.00e-04
2026-06-24 23:00:22,637 INFO Epoch 12 | Batch 450/1186 | Loss 4.24739 (NLL 4.30393 [logdet 1.46829, mahal 0.99777], L1 1.83373, Spectral 0.25925, Gradient 0.43271, Quantile 0.80295) | LR 1.00e-04
2026-06-24 23:00:25,572 INFO Epoch 12 | Batch 500/1186 | Loss 4.29698 (NLL 4.34048 [logdet 1.44338, mahal 1.05922], L1 1.85183, Spectral 0.26301, Gradient 0.44267, Quantile 0.85364) | LR 1.00e-04
2026-06-24 23:00:28,512 INFO Epoch 12 | Batch 550/1186 | Loss 4.27871 (NLL 4.33953 [logdet 1.48394, mahal 1.01771], L1 1.85048, Spectral 0.25975, Gradient 0.43281, Quantile 0.78899) | LR 1.00e-04
2026-06-24 23:00:31,455 INFO Epoch 12 | Batch 600/1186 | Loss 4.41931 (NLL 4.42035 [logdet 1.54940, mahal 1.03307], L1 1.93687, Spectral 0.26299, Gradient 0.43988, Quantile 0.84272) | LR 1.00e-04
2026-06-24 23:00:34,390 INFO Epoch 12 | Batch 650/1186 | Loss 4.33894 (NLL 4.36126 [logdet 1.50279, mahal 1.02059], L1 1.88703, Spectral 0.26007, Gradient 0.43929, Quantile 0.84177) | LR 1.00e-04
2026-06-24 23:00:37,323 INFO Epoch 12 | Batch 700/1186 | Loss 4.34217 (NLL 4.36972 [logdet 1.49264, mahal 1.03920], L1 1.88983, Spectral 0.25966, Gradient 0.43419, Quantile 0.82648) | LR 1.00e-04
2026-06-24 23:00:40,258 INFO Epoch 12 | Batch 750/1186 | Loss 4.24344 (NLL 4.32275 [logdet 1.45225, mahal 1.03262], L1 1.82089, Spectral 0.26215, Gradient 0.43144, Quantile 0.79768) | LR 1.00e-04
2026-06-24 23:00:43,191 INFO Epoch 12 | Batch 800/1186 | Loss 4.23804 (NLL 4.30680 [logdet 1.49102, mahal 0.97790], L1 1.82224, Spectral 0.25659, Gradient 0.43053, Quantile 0.80871) | LR 1.00e-04
2026-06-24 23:00:46,129 INFO Epoch 12 | Batch 850/1186 | Loss 4.18544 (NLL 4.27734 [logdet 1.41633, mahal 1.02314], L1 1.78596, Spectral 0.26593, Gradient 0.43603, Quantile 0.79210) | LR 1.00e-04
2026-06-24 23:00:49,065 INFO Epoch 12 | Batch 900/1186 | Loss 4.26110 (NLL 4.30240 [logdet 1.47650, mahal 0.98802], L1 1.84476, Spectral 0.26225, Gradient 0.43426, Quantile 0.81399) | LR 1.00e-04
2026-06-24 23:00:51,997 INFO Epoch 12 | Batch 950/1186 | Loss 4.35357 (NLL 4.35832 [logdet 1.45805, mahal 1.06239], L1 1.90300, Spectral 0.26760, Gradient 0.44195, Quantile 0.83421) | LR 1.00e-04
2026-06-24 23:00:54,920 INFO Epoch 12 | Batch 1000/1186 | Loss 4.32830 (NLL 4.35441 [logdet 1.47757, mahal 1.03896], L1 1.88322, Spectral 0.27062, Gradient 0.44355, Quantile 0.81628) | LR 1.00e-04
2026-06-24 23:00:57,844 INFO Epoch 12 | Batch 1050/1186 | Loss 4.35106 (NLL 4.37408 [logdet 1.52128, mahal 1.01492], L1 1.89151, Spectral 0.25851, Gradient 0.43656, Quantile 0.84859) | LR 1.00e-04
2026-06-24 23:01:00,766 INFO Epoch 12 | Batch 1100/1186 | Loss 4.26280 (NLL 4.30496 [logdet 1.48178, mahal 0.98530], L1 1.83670, Spectral 0.26953, Gradient 0.43656, Quantile 0.84138) | LR 1.00e-04
2026-06-24 23:01:03,687 INFO Epoch 12 | Batch 1150/1186 | Loss 4.22565 (NLL 4.28765 [logdet 1.41970, mahal 1.03007], L1 1.82093, Spectral 0.25814, Gradient 0.43023, Quantile 0.80084) | LR 1.00e-04
2026-06-24 23:01:10,750 INFO Epoch 12 | Val Loss 4.22643 (NLL 4.30581 [logdet 1.49243, mahal 0.97551], L1 1.79816, Spectral 0.26004, Gradient 0.43196, Quantile 0.85881)
2026-06-24 23:01:13,753 INFO Epoch 13 | Batch 50/1186 | Loss 4.31158 (NLL 4.35331 [logdet 1.48319, mahal 1.03225], L1 1.86897, Spectral 0.26889, Gradient 0.43791, Quantile 0.81021) | LR 1.00e-04
2026-06-24 23:01:16,695 INFO Epoch 13 | Batch 100/1186 | Loss 4.16343 (NLL 4.26555 [logdet 1.41978, mahal 1.00790], L1 1.76922, Spectral 0.26413, Gradient 0.42945, Quantile 0.79669) | LR 1.00e-04
2026-06-24 23:01:19,641 INFO Epoch 13 | Batch 150/1186 | Loss 4.26402 (NLL 4.31382 [logdet 1.48078, mahal 0.99516], L1 1.84138, Spectral 0.26034, Gradient 0.43168, Quantile 0.81855) | LR 1.00e-04
2026-06-24 23:01:22,585 INFO Epoch 13 | Batch 200/1186 | Loss 4.28070 (NLL 4.34259 [logdet 1.43839, mahal 1.06632], L1 1.84337, Spectral 0.25981, Gradient 0.43060, Quantile 0.82037) | LR 1.00e-04
2026-06-24 23:01:25,529 INFO Epoch 13 | Batch 250/1186 | Loss 4.36966 (NLL 4.38075 [logdet 1.48894, mahal 1.05393], L1 1.90179, Spectral 0.26303, Gradient 0.43423, Quantile 0.86444) | LR 1.00e-04
2026-06-24 23:01:28,477 INFO Epoch 13 | Batch 300/1186 | Loss 4.25980 (NLL 4.31662 [logdet 1.46594, mahal 1.01280], L1 1.83978, Spectral 0.25844, Gradient 0.42354, Quantile 0.80403) | LR 1.00e-04
2026-06-24 23:01:31,423 INFO Epoch 13 | Batch 350/1186 | Loss 4.27644 (NLL 4.31250 [logdet 1.46835, mahal 1.00627], L1 1.85140, Spectral 0.27232, Gradient 0.44534, Quantile 0.81825) | LR 1.00e-04
2026-06-24 23:01:34,368 INFO Epoch 13 | Batch 400/1186 | Loss 4.31927 (NLL 4.31798 [logdet 1.45899, mahal 1.02112], L1 1.88297, Spectral 0.26791, Gradient 0.44577, Quantile 0.85829) | LR 1.00e-04
2026-06-24 23:01:37,312 INFO Epoch 13 | Batch 450/1186 | Loss 4.33049 (NLL 4.34618 [logdet 1.47718, mahal 1.03113], L1 1.88839, Spectral 0.26372, Gradient 0.43183, Quantile 0.82850) | LR 1.00e-04
2026-06-24 23:01:40,260 INFO Epoch 13 | Batch 500/1186 | Loss 4.31379 (NLL 4.34985 [logdet 1.51330, mahal 0.99867], L1 1.86881, Spectral 0.26203, Gradient 0.44214, Quantile 0.83452) | LR 1.00e-04
2026-06-24 23:01:43,208 INFO Epoch 13 | Batch 550/1186 | Loss 4.35811 (NLL 4.40303 [logdet 1.51331, mahal 1.05184], L1 1.88826, Spectral 0.25991, Gradient 0.44051, Quantile 0.82970) | LR 1.00e-04
2026-06-24 23:01:46,155 INFO Epoch 13 | Batch 600/1186 | Loss 4.37600 (NLL 4.40412 [logdet 1.49131, mahal 1.07493], L1 1.90148, Spectral 0.26516, Gradient 0.44577, Quantile 0.84111) | LR 1.00e-04
2026-06-24 23:01:49,095 INFO Epoch 13 | Batch 650/1186 | Loss 4.25586 (NLL 4.30776 [logdet 1.49874, mahal 0.97114], L1 1.83647, Spectral 0.26579, Gradient 0.44251, Quantile 0.81165) | LR 1.00e-04
2026-06-24 23:01:52,040 INFO Epoch 13 | Batch 700/1186 | Loss 4.26845 (NLL 4.33287 [logdet 1.44442, mahal 1.05057], L1 1.83809, Spectral 0.25820, Gradient 0.42930, Quantile 0.81340) | LR 1.00e-04
2026-06-24 23:01:54,980 INFO Epoch 13 | Batch 750/1186 | Loss 4.27574 (NLL 4.32134 [logdet 1.48026, mahal 1.00320], L1 1.84581, Spectral 0.26426, Gradient 0.42922, Quantile 0.82900) | LR 1.00e-04
2026-06-24 23:01:57,923 INFO Epoch 13 | Batch 800/1186 | Loss 4.30873 (NLL 4.35143 [logdet 1.46479, mahal 1.04877], L1 1.86195, Spectral 0.26656, Gradient 0.44000, Quantile 0.83388) | LR 1.00e-04
2026-06-24 23:02:00,867 INFO Epoch 13 | Batch 850/1186 | Loss 4.23581 (NLL 4.30675 [logdet 1.46134, mahal 1.00754], L1 1.81943, Spectral 0.25503, Gradient 0.43039, Quantile 0.81289) | LR 1.00e-04
2026-06-24 23:02:03,807 INFO Epoch 13 | Batch 900/1186 | Loss 4.35718 (NLL 4.37654 [logdet 1.48601, mahal 1.05266], L1 1.89891, Spectral 0.26046, Gradient 0.43642, Quantile 0.83607) | LR 1.00e-04
2026-06-24 23:02:06,747 INFO Epoch 13 | Batch 950/1186 | Loss 4.21285 (NLL 4.29375 [logdet 1.45398, mahal 1.00189], L1 1.80873, Spectral 0.25207, Gradient 0.42106, Quantile 0.79231) | LR 1.00e-04
2026-06-24 23:02:09,689 INFO Epoch 13 | Batch 1000/1186 | Loss 4.20139 (NLL 4.26915 [logdet 1.42857, mahal 1.00270], L1 1.80374, Spectral 0.25582, Gradient 0.43078, Quantile 0.81238) | LR 1.00e-04
2026-06-24 23:02:12,630 INFO Epoch 13 | Batch 1050/1186 | Loss 4.32881 (NLL 4.35693 [logdet 1.49207, mahal 1.02698], L1 1.87730, Spectral 0.26011, Gradient 0.43314, Quantile 0.84912) | LR 1.00e-04
2026-06-24 23:02:15,571 INFO Epoch 13 | Batch 1100/1186 | Loss 4.34373 (NLL 4.37728 [logdet 1.51677, mahal 1.02263], L1 1.89408, Spectral 0.26139, Gradient 0.43252, Quantile 0.79781) | LR 1.00e-04
2026-06-24 23:02:18,507 INFO Epoch 13 | Batch 1150/1186 | Loss 4.26587 (NLL 4.32611 [logdet 1.43785, mahal 1.05038], L1 1.84185, Spectral 0.25665, Gradient 0.43197, Quantile 0.80270) | LR 1.00e-04
2026-06-24 23:02:25,567 INFO Epoch 13 | Val Loss 4.22962 (NLL 4.30778 [logdet 1.48489, mahal 0.98502], L1 1.80211, Spectral 0.25988, Gradient 0.43131, Quantile 0.85179)
2026-06-24 23:02:28,583 INFO Epoch 14 | Batch 50/1186 | Loss 4.17158 (NLL 4.23705 [logdet 1.39721, mahal 1.00196], L1 1.79388, Spectral 0.26121, Gradient 0.43150, Quantile 0.79041) | LR 1.00e-04
2026-06-24 23:02:31,501 INFO Epoch 14 | Batch 100/1186 | Loss 4.38375 (NLL 4.41032 [logdet 1.53653, mahal 1.03591], L1 1.90967, Spectral 0.26877, Gradient 0.43852, Quantile 0.82263) | LR 1.00e-04
2026-06-24 23:02:34,422 INFO Epoch 14 | Batch 150/1186 | Loss 4.27764 (NLL 4.31928 [logdet 1.47566, mahal 1.00574], L1 1.84654, Spectral 0.26458, Gradient 0.43847, Quantile 0.83769) | LR 1.00e-04
2026-06-24 23:02:37,342 INFO Epoch 14 | Batch 200/1186 | Loss 4.34801 (NLL 4.36463 [logdet 1.48171, mahal 1.04505], L1 1.89470, Spectral 0.26265, Gradient 0.43590, Quantile 0.83783) | LR 1.00e-04
2026-06-24 23:02:40,260 INFO Epoch 14 | Batch 250/1186 | Loss 4.21952 (NLL 4.29400 [logdet 1.44973, mahal 1.00640], L1 1.80743, Spectral 0.27052, Gradient 0.43988, Quantile 0.80490) | LR 1.00e-04
2026-06-24 23:02:43,182 INFO Epoch 14 | Batch 300/1186 | Loss 4.33921 (NLL 4.36686 [logdet 1.48772, mahal 1.04126], L1 1.88671, Spectral 0.26807, Gradient 0.43980, Quantile 0.82400) | LR 1.00e-04
2026-06-24 23:02:46,103 INFO Epoch 14 | Batch 350/1186 | Loss 4.30649 (NLL 4.35398 [logdet 1.48347, mahal 1.03264], L1 1.85408, Spectral 0.26350, Gradient 0.42967, Quantile 0.85540) | LR 1.00e-04
2026-06-24 23:02:49,031 INFO Epoch 14 | Batch 400/1186 | Loss 4.32362 (NLL 4.36177 [logdet 1.46477, mahal 1.05913], L1 1.87330, Spectral 0.25871, Gradient 0.42356, Quantile 0.83576) | LR 1.00e-04
2026-06-24 23:02:51,956 INFO Epoch 14 | Batch 450/1186 | Loss 4.30937 (NLL 4.33613 [logdet 1.48408, mahal 1.01417], L1 1.87505, Spectral 0.26278, Gradient 0.43444, Quantile 0.81804) | LR 1.00e-04
2026-06-24 23:02:54,876 INFO Epoch 14 | Batch 500/1186 | Loss 4.33775 (NLL 4.36041 [logdet 1.49664, mahal 1.02589], L1 1.88732, Spectral 0.25855, Gradient 0.43184, Quantile 0.83911) | LR 1.00e-04
2026-06-24 23:02:57,797 INFO Epoch 14 | Batch 550/1186 | Loss 4.11607 (NLL 4.21320 [logdet 1.38340, mahal 0.99192], L1 1.75618, Spectral 0.25295, Gradient 0.42282, Quantile 0.77492) | LR 1.00e-04
2026-06-24 23:03:00,719 INFO Epoch 14 | Batch 600/1186 | Loss 4.26151 (NLL 4.31002 [logdet 1.40582, mahal 1.06632], L1 1.83423, Spectral 0.26677, Gradient 0.43826, Quantile 0.83871) | LR 1.00e-04
2026-06-24 23:03:03,641 INFO Epoch 14 | Batch 650/1186 | Loss 4.25451 (NLL 4.32017 [logdet 1.45338, mahal 1.02892], L1 1.83221, Spectral 0.26713, Gradient 0.44855, Quantile 0.79644) | LR 1.00e-04
2026-06-24 23:03:06,562 INFO Epoch 14 | Batch 700/1186 | Loss 4.26567 (NLL 4.32434 [logdet 1.45403, mahal 1.03243], L1 1.83761, Spectral 0.25386, Gradient 0.43079, Quantile 0.82613) | LR 1.00e-04
2026-06-24 23:03:09,479 INFO Epoch 14 | Batch 750/1186 | Loss 4.33536 (NLL 4.35782 [logdet 1.49959, mahal 1.02036], L1 1.88487, Spectral 0.25873, Gradient 0.43741, Quantile 0.84447) | LR 1.00e-04
2026-06-24 23:03:12,399 INFO Epoch 14 | Batch 800/1186 | Loss 4.27053 (NLL 4.32283 [logdet 1.46763, mahal 1.01732], L1 1.84901, Spectral 0.26114, Gradient 0.43363, Quantile 0.79431) | LR 1.00e-04
2026-06-24 23:03:15,320 INFO Epoch 14 | Batch 850/1186 | Loss 4.36310 (NLL 4.38223 [logdet 1.50137, mahal 1.04298], L1 1.90207, Spectral 0.25935, Gradient 0.43987, Quantile 0.83684) | LR 1.00e-04
2026-06-24 23:03:18,239 INFO Epoch 14 | Batch 900/1186 | Loss 4.38390 (NLL 4.38926 [logdet 1.54435, mahal 1.00703], L1 1.91263, Spectral 0.26773, Gradient 0.43547, Quantile 0.85585) | LR 1.00e-04
2026-06-24 23:03:21,169 INFO Epoch 14 | Batch 950/1186 | Loss 4.27145 (NLL 4.33601 [logdet 1.48143, mahal 1.01670], L1 1.84159, Spectral 0.25538, Gradient 0.42976, Quantile 0.80780) | LR 1.00e-04
2026-06-24 23:03:24,100 INFO Epoch 14 | Batch 1000/1186 | Loss 4.29210 (NLL 4.33914 [logdet 1.49887, mahal 1.00239], L1 1.85065, Spectral 0.25934, Gradient 0.43925, Quantile 0.84501) | LR 1.00e-04
2026-06-24 23:03:27,027 INFO Epoch 14 | Batch 1050/1186 | Loss 4.26817 (NLL 4.32335 [logdet 1.44090, mahal 1.04457], L1 1.84119, Spectral 0.25855, Gradient 0.42527, Quantile 0.81877) | LR 1.00e-04
2026-06-24 23:03:29,956 INFO Epoch 14 | Batch 1100/1186 | Loss 4.28081 (NLL 4.33371 [logdet 1.47016, mahal 1.02568], L1 1.84572, Spectral 0.26425, Gradient 0.43691, Quantile 0.82466) | LR 1.00e-04
2026-06-24 23:03:32,882 INFO Epoch 14 | Batch 1150/1186 | Loss 4.29489 (NLL 4.32657 [logdet 1.44181, mahal 1.04689], L1 1.86486, Spectral 0.26109, Gradient 0.43100, Quantile 0.82196) | LR 1.00e-04
2026-06-24 23:03:39,934 INFO Epoch 14 | Val Loss 4.22003 (NLL 4.29876 [logdet 1.45486, mahal 1.00602], L1 1.79438, Spectral 0.25967, Gradient 0.43114, Quantile 0.86303)
2026-06-24 23:03:40,030 INFO New best val loss: 4.22003 (saved checkpoints/best.pth)
2026-06-24 23:03:42,998 INFO Epoch 15 | Batch 50/1186 | Loss 4.29201 (NLL 4.33993 [logdet 1.46355, mahal 1.03850], L1 1.85379, Spectral 0.25881, Gradient 0.43224, Quantile 0.83062) | LR 1.00e-04
2026-06-24 23:03:45,931 INFO Epoch 15 | Batch 100/1186 | Loss 4.32135 (NLL 4.36166 [logdet 1.46092, mahal 1.06286], L1 1.87262, Spectral 0.26188, Gradient 0.43370, Quantile 0.82588) | LR 1.00e-04
2026-06-24 23:03:48,869 INFO Epoch 15 | Batch 150/1186 | Loss 4.32552 (NLL 4.37342 [logdet 1.50278, mahal 1.03276], L1 1.87394, Spectral 0.25231, Gradient 0.42451, Quantile 0.82366) | LR 1.00e-04
2026-06-24 23:03:51,805 INFO Epoch 15 | Batch 200/1186 | Loss 4.36617 (NLL 4.37750 [logdet 1.50058, mahal 1.03905], L1 1.90598, Spectral 0.26088, Gradient 0.43660, Quantile 0.84160) | LR 1.00e-04
2026-06-24 23:03:54,744 INFO Epoch 15 | Batch 250/1186 | Loss 4.33062 (NLL 4.34935 [logdet 1.52491, mahal 0.98656], L1 1.88466, Spectral 0.26052, Gradient 0.43202, Quantile 0.84142) | LR 1.00e-04
2026-06-24 23:03:57,682 INFO Epoch 15 | Batch 300/1186 | Loss 4.32466 (NLL 4.35542 [logdet 1.50660, mahal 1.01094], L1 1.87634, Spectral 0.26891, Gradient 0.44625, Quantile 0.82942) | LR 1.00e-04
2026-06-24 23:04:00,621 INFO Epoch 15 | Batch 350/1186 | Loss 4.27605 (NLL 4.32853 [logdet 1.47333, mahal 1.01731], L1 1.84595, Spectral 0.26592, Gradient 0.43819, Quantile 0.81294) | LR 1.00e-04
2026-06-24 23:04:03,563 INFO Epoch 15 | Batch 400/1186 | Loss 4.26473 (NLL 4.31509 [logdet 1.46515, mahal 1.01207], L1 1.84182, Spectral 0.25877, Gradient 0.43241, Quantile 0.81868) | LR 1.00e-04
2026-06-24 23:04:06,501 INFO Epoch 15 | Batch 450/1186 | Loss 4.22280 (NLL 4.27472 [logdet 1.42882, mahal 1.00802], L1 1.81948, Spectral 0.26866, Gradient 0.43860, Quantile 0.81051) | LR 1.00e-04
2026-06-24 23:04:09,437 INFO Epoch 15 | Batch 500/1186 | Loss 4.26634 (NLL 4.31215 [logdet 1.45770, mahal 1.01658], L1 1.84936, Spectral 0.26711, Gradient 0.43711, Quantile 0.79117) | LR 1.00e-04
2026-06-24 23:04:12,375 INFO Epoch 15 | Batch 550/1186 | Loss 4.30403 (NLL 4.36397 [logdet 1.49646, mahal 1.02964], L1 1.85415, Spectral 0.26331, Gradient 0.43485, Quantile 0.82427) | LR 1.00e-04
2026-06-24 23:04:15,310 INFO Epoch 15 | Batch 600/1186 | Loss 4.29912 (NLL 4.35672 [logdet 1.47005, mahal 1.04879], L1 1.85417, Spectral 0.26508, Gradient 0.43619, Quantile 0.81697) | LR 1.00e-04
2026-06-24 23:04:18,249 INFO Epoch 15 | Batch 650/1186 | Loss 4.28307 (NLL 4.30841 [logdet 1.47118, mahal 0.99935], L1 1.86209, Spectral 0.26223, Gradient 0.43415, Quantile 0.82080) | LR 1.00e-04
2026-06-24 23:04:21,185 INFO Epoch 15 | Batch 700/1186 | Loss 4.23474 (NLL 4.28084 [logdet 1.40255, mahal 1.04041], L1 1.82673, Spectral 0.25499, Gradient 0.42314, Quantile 0.83209) | LR 1.00e-04
2026-06-24 23:04:24,123 INFO Epoch 15 | Batch 750/1186 | Loss 4.27071 (NLL 4.30386 [logdet 1.44047, mahal 1.02551], L1 1.84666, Spectral 0.25989, Gradient 0.43217, Quantile 0.84556) | LR 1.00e-04
2026-06-24 23:04:27,059 INFO Epoch 15 | Batch 800/1186 | Loss 4.41725 (NLL 4.43752 [logdet 1.53032, mahal 1.06932], L1 1.92464, Spectral 0.25637, Gradient 0.43052, Quantile 0.85650) | LR 1.00e-04
2026-06-24 23:04:29,993 INFO Epoch 15 | Batch 850/1186 | Loss 4.32935 (NLL 4.36019 [logdet 1.52739, mahal 0.99493], L1 1.87907, Spectral 0.26206, Gradient 0.43869, Quantile 0.83511) | LR 1.00e-04
2026-06-24 23:04:32,928 INFO Epoch 15 | Batch 900/1186 | Loss 4.22714 (NLL 4.31303 [logdet 1.43331, mahal 1.04185], L1 1.81073, Spectral 0.26165, Gradient 0.43667, Quantile 0.79286) | LR 1.00e-04
2026-06-24 23:04:35,851 INFO Epoch 15 | Batch 950/1186 | Loss 4.18900 (NLL 4.25433 [logdet 1.43866, mahal 0.97779], L1 1.79851, Spectral 0.26635, Gradient 0.44026, Quantile 0.80201) | LR 1.00e-04
2026-06-24 23:04:38,771 INFO Epoch 15 | Batch 1000/1186 | Loss 4.32765 (NLL 4.35429 [logdet 1.49094, mahal 1.02547], L1 1.87667, Spectral 0.25890, Gradient 0.42947, Quantile 0.85374) | LR 1.00e-04
2026-06-24 23:04:41,690 INFO Epoch 15 | Batch 1050/1186 | Loss 4.20642 (NLL 4.28217 [logdet 1.39188, mahal 1.05241], L1 1.80646, Spectral 0.26568, Gradient 0.43341, Quantile 0.78437) | LR 1.00e-04
2026-06-24 23:04:44,610 INFO Epoch 15 | Batch 1100/1186 | Loss 4.21982 (NLL 4.29043 [logdet 1.41529, mahal 1.03727], L1 1.81138, Spectral 0.25948, Gradient 0.42731, Quantile 0.80914) | LR 1.00e-04
2026-06-24 23:04:47,531 INFO Epoch 15 | Batch 1150/1186 | Loss 4.26951 (NLL 4.29564 [logdet 1.45171, mahal 1.00604], L1 1.85524, Spectral 0.26300, Gradient 0.42830, Quantile 0.81874) | LR 1.00e-04
2026-06-24 23:04:54,567 INFO Epoch 15 | Val Loss 4.23546 (NLL 4.30975 [logdet 1.45420, mahal 1.01768], L1 1.79991, Spectral 0.25976, Gradient 0.43169, Quantile 0.88116)
2026-06-24 23:04:57,591 INFO Epoch 16 | Batch 50/1186 | Loss 4.22844 (NLL 4.27874 [logdet 1.41750, mahal 1.02336], L1 1.82053, Spectral 0.25826, Gradient 0.42685, Quantile 0.83249) | LR 1.00e-04
2026-06-24 23:05:00,533 INFO Epoch 16 | Batch 100/1186 | Loss 4.33636 (NLL 4.38558 [logdet 1.50289, mahal 1.04481], L1 1.87871, Spectral 0.25886, Gradient 0.43049, Quantile 0.81653) | LR 1.00e-04
2026-06-24 23:05:03,473 INFO Epoch 16 | Batch 150/1186 | Loss 4.30004 (NLL 4.35270 [logdet 1.47814, mahal 1.03668], L1 1.85674, Spectral 0.25719, Gradient 0.43204, Quantile 0.82694) | LR 1.00e-04
2026-06-24 23:05:06,412 INFO Epoch 16 | Batch 200/1186 | Loss 4.19846 (NLL 4.27192 [logdet 1.41452, mahal 1.01952], L1 1.80247, Spectral 0.25532, Gradient 0.42294, Quantile 0.80036) | LR 1.00e-04
2026-06-24 23:05:09,348 INFO Epoch 16 | Batch 250/1186 | Loss 4.24232 (NLL 4.30256 [logdet 1.44388, mahal 1.02081], L1 1.82670, Spectral 0.26297, Gradient 0.43391, Quantile 0.80993) | LR 1.00e-04
2026-06-24 23:05:12,287 INFO Epoch 16 | Batch 300/1186 | Loss 4.32714 (NLL 4.35766 [logdet 1.45667, mahal 1.06311], L1 1.87716, Spectral 0.26301, Gradient 0.43064, Quantile 0.83819) | LR 1.00e-04
2026-06-24 23:05:15,224 INFO Epoch 16 | Batch 350/1186 | Loss 4.31193 (NLL 4.35198 [logdet 1.49426, mahal 1.01984], L1 1.86643, Spectral 0.26548, Gradient 0.43781, Quantile 0.82867) | LR 1.00e-04
2026-06-24 23:05:18,169 INFO Epoch 16 | Batch 400/1186 | Loss 4.27488 (NLL 4.33459 [logdet 1.45157, mahal 1.04514], L1 1.83696, Spectral 0.27008, Gradient 0.44338, Quantile 0.82827) | LR 1.00e-04
2026-06-24 23:05:21,111 INFO Epoch 16 | Batch 450/1186 | Loss 4.32045 (NLL 4.33387 [logdet 1.47093, mahal 1.02507], L1 1.88010, Spectral 0.26109, Gradient 0.43594, Quantile 0.84955) | LR 1.00e-04
2026-06-24 23:05:24,049 INFO Epoch 16 | Batch 500/1186 | Loss 4.31728 (NLL 4.32045 [logdet 1.45052, mahal 1.03205], L1 1.88887, Spectral 0.26382, Gradient 0.43460, Quantile 0.82494) | LR 1.00e-04
2026-06-24 23:05:26,987 INFO Epoch 16 | Batch 550/1186 | Loss 4.25910 (NLL 4.29746 [logdet 1.46557, mahal 0.99401], L1 1.84617, Spectral 0.26069, Gradient 0.43480, Quantile 0.81177) | LR 1.00e-04
2026-06-24 23:05:29,927 INFO Epoch 16 | Batch 600/1186 | Loss 4.27476 (NLL 4.33876 [logdet 1.45490, mahal 1.04598], L1 1.83994, Spectral 0.26247, Gradient 0.43157, Quantile 0.81506) | LR 1.00e-04
2026-06-24 23:05:32,863 INFO Epoch 16 | Batch 650/1186 | Loss 4.27662 (NLL 4.31781 [logdet 1.45245, mahal 1.02748], L1 1.85089, Spectral 0.25462, Gradient 0.42576, Quantile 0.82927) | LR 1.00e-04
2026-06-24 23:05:35,797 INFO Epoch 16 | Batch 700/1186 | Loss 4.32374 (NLL 4.34869 [logdet 1.50581, mahal 1.00500], L1 1.88268, Spectral 0.26335, Gradient 0.43866, Quantile 0.81932) | LR 1.00e-04
2026-06-24 23:05:38,731 INFO Epoch 16 | Batch 750/1186 | Loss 4.19730 (NLL 4.28377 [logdet 1.42116, mahal 1.02474], L1 1.79490, Spectral 0.26064, Gradient 0.43329, Quantile 0.79656) | LR 1.00e-04
2026-06-24 23:05:41,670 INFO Epoch 16 | Batch 800/1186 | Loss 4.25508 (NLL 4.29599 [logdet 1.44361, mahal 1.01451], L1 1.84080, Spectral 0.26156, Gradient 0.43558, Quantile 0.81947) | LR 1.00e-04
2026-06-24 23:05:44,613 INFO Epoch 16 | Batch 850/1186 | Loss 4.33303 (NLL 4.36396 [logdet 1.47333, mahal 1.05275], L1 1.87599, Spectral 0.26691, Gradient 0.44197, Quantile 0.85009) | LR 1.00e-04
2026-06-24 23:05:47,557 INFO Epoch 16 | Batch 900/1186 | Loss 4.30108 (NLL 4.36541 [logdet 1.50947, mahal 1.01807], L1 1.85337, Spectral 0.25897, Gradient 0.42972, Quantile 0.81701) | LR 1.00e-04
2026-06-24 23:05:50,499 INFO Epoch 16 | Batch 950/1186 | Loss 4.34247 (NLL 4.35311 [logdet 1.49015, mahal 1.02509], L1 1.89653, Spectral 0.25652, Gradient 0.42829, Quantile 0.83780) | LR 1.00e-04
2026-06-24 23:05:53,438 INFO Epoch 16 | Batch 1000/1186 | Loss 4.27374 (NLL 4.32817 [logdet 1.46268, mahal 1.02761], L1 1.84341, Spectral 0.26246, Gradient 0.43462, Quantile 0.81834) | LR 1.00e-04
2026-06-24 23:05:56,380 INFO Epoch 16 | Batch 1050/1186 | Loss 4.27143 (NLL 4.30393 [logdet 1.47395, mahal 0.99210], L1 1.85303, Spectral 0.26178, Gradient 0.43420, Quantile 0.81989) | LR 1.00e-04
2026-06-24 23:05:59,317 INFO Epoch 16 | Batch 1100/1186 | Loss 4.25495 (NLL 4.31973 [logdet 1.43817, mahal 1.04369], L1 1.83220, Spectral 0.26839, Gradient 0.44030, Quantile 0.79800) | LR 1.00e-04
2026-06-24 23:06:02,258 INFO Epoch 16 | Batch 1150/1186 | Loss 4.36144 (NLL 4.38586 [logdet 1.54168, mahal 1.00631], L1 1.89569, Spectral 0.26128, Gradient 0.43484, Quantile 0.84689) | LR 1.00e-04
2026-06-24 23:06:09,225 INFO Epoch 16 | Val Loss 4.21534 (NLL 4.30415 [logdet 1.47576, mahal 0.99051], L1 1.79359, Spectral 0.25955, Gradient 0.43016, Quantile 0.83578)
2026-06-24 23:06:09,291 INFO New best val loss: 4.21534 (saved checkpoints/best.pth)
2026-06-24 23:06:12,254 INFO Epoch 17 | Batch 50/1186 | Loss 4.34062 (NLL 4.37253 [logdet 1.49015, mahal 1.04450], L1 1.88376, Spectral 0.26742, Gradient 0.43736, Quantile 0.83111) | LR 1.00e-04
2026-06-24 23:06:15,196 INFO Epoch 17 | Batch 100/1186 | Loss 4.30122 (NLL 4.33127 [logdet 1.46919, mahal 1.02420], L1 1.86821, Spectral 0.27280, Gradient 0.45030, Quantile 0.81178) | LR 1.00e-04
2026-06-24 23:06:18,137 INFO Epoch 17 | Batch 150/1186 | Loss 4.28195 (NLL 4.32667 [logdet 1.47532, mahal 1.01348], L1 1.84314, Spectral 0.26984, Gradient 0.43832, Quantile 0.84870) | LR 1.00e-04
2026-06-24 23:06:21,074 INFO Epoch 17 | Batch 200/1186 | Loss 4.27596 (NLL 4.33825 [logdet 1.48693, mahal 1.01344], L1 1.84402, Spectral 0.25896, Gradient 0.43278, Quantile 0.80791) | LR 1.00e-04
2026-06-24 23:06:24,012 INFO Epoch 17 | Batch 250/1186 | Loss 4.25376 (NLL 4.30456 [logdet 1.44836, mahal 1.01833], L1 1.83087, Spectral 0.26111, Gradient 0.43166, Quantile 0.83797) | LR 1.00e-04
2026-06-24 23:06:26,953 INFO Epoch 17 | Batch 300/1186 | Loss 4.27424 (NLL 4.32381 [logdet 1.44252, mahal 1.04341], L1 1.85099, Spectral 0.25806, Gradient 0.43582, Quantile 0.80271) | LR 1.00e-04
2026-06-24 23:06:29,890 INFO Epoch 17 | Batch 350/1186 | Loss 4.30638 (NLL 4.33691 [logdet 1.50596, mahal 0.99308], L1 1.87442, Spectral 0.25894, Gradient 0.42743, Quantile 0.81085) | LR 1.00e-04
2026-06-24 23:06:32,831 INFO Epoch 17 | Batch 400/1186 | Loss 4.28293 (NLL 4.32938 [logdet 1.42589, mahal 1.06562], L1 1.84784, Spectral 0.26585, Gradient 0.43462, Quantile 0.83198) | LR 1.00e-04
2026-06-24 23:06:35,770 INFO Epoch 17 | Batch 450/1186 | Loss 4.25276 (NLL 4.29416 [logdet 1.45843, mahal 0.99785], L1 1.84331, Spectral 0.25760, Gradient 0.42844, Quantile 0.80756) | LR 1.00e-04
2026-06-24 23:06:38,714 INFO Epoch 17 | Batch 500/1186 | Loss 4.22053 (NLL 4.30210 [logdet 1.45962, mahal 1.00461], L1 1.80344, Spectral 0.26380, Gradient 0.43387, Quantile 0.81611) | LR 1.00e-04
2026-06-24 23:06:41,653 INFO Epoch 17 | Batch 550/1186 | Loss 4.26218 (NLL 4.32701 [logdet 1.44076, mahal 1.04837], L1 1.83356, Spectral 0.25752, Gradient 0.43196, Quantile 0.81898) | LR 1.00e-04
2026-06-24 23:06:44,591 INFO Epoch 17 | Batch 600/1186 | Loss 4.28717 (NLL 4.31963 [logdet 1.47295, mahal 1.00880], L1 1.86370, Spectral 0.25747, Gradient 0.43446, Quantile 0.81299) | LR 1.00e-04
2026-06-24 23:06:47,528 INFO Epoch 17 | Batch 650/1186 | Loss 4.25517 (NLL 4.31468 [logdet 1.46972, mahal 1.00709], L1 1.83417, Spectral 0.25891, Gradient 0.42752, Quantile 0.81150) | LR 1.00e-04
2026-06-24 23:06:50,465 INFO Epoch 17 | Batch 700/1186 | Loss 4.28197 (NLL 4.33110 [logdet 1.42346, mahal 1.06976], L1 1.84973, Spectral 0.25563, Gradient 0.42949, Quantile 0.82756) | LR 1.00e-04
2026-06-24 23:06:53,403 INFO Epoch 17 | Batch 750/1186 | Loss 4.24227 (NLL 4.30415 [logdet 1.44760, mahal 1.01867], L1 1.82368, Spectral 0.26350, Gradient 0.43119, Quantile 0.81842) | LR 1.00e-04
2026-06-24 23:06:56,343 INFO Epoch 17 | Batch 800/1186 | Loss 4.26890 (NLL 4.30097 [logdet 1.49150, mahal 0.97159], L1 1.85142, Spectral 0.26257, Gradient 0.43362, Quantile 0.82136) | LR 1.00e-04
2026-06-24 23:06:59,282 INFO Epoch 17 | Batch 850/1186 | Loss 4.37285 (NLL 4.38175 [logdet 1.48767, mahal 1.05621], L1 1.91071, Spectral 0.26285, Gradient 0.43335, Quantile 0.83878) | LR 1.00e-04
2026-06-24 23:07:02,221 INFO Epoch 17 | Batch 900/1186 | Loss 4.28632 (NLL 4.33376 [logdet 1.47454, mahal 1.02134], L1 1.85294, Spectral 0.25972, Gradient 0.43044, Quantile 0.82239) | LR 1.00e-04
2026-06-24 23:07:05,161 INFO Epoch 17 | Batch 950/1186 | Loss 4.28054 (NLL 4.32520 [logdet 1.46407, mahal 1.02325], L1 1.85113, Spectral 0.26250, Gradient 0.43087, Quantile 0.82074) | LR 1.00e-04
2026-06-24 23:07:08,100 INFO Epoch 17 | Batch 1000/1186 | Loss 4.25200 (NLL 4.31349 [logdet 1.44697, mahal 1.02864], L1 1.83009, Spectral 0.26407, Gradient 0.43676, Quantile 0.81215) | LR 1.00e-04
2026-06-24 23:07:11,039 INFO Epoch 17 | Batch 1050/1186 | Loss 4.29811 (NLL 4.33970 [logdet 1.49458, mahal 1.00724], L1 1.86176, Spectral 0.25562, Gradient 0.43360, Quantile 0.82680) | LR 1.00e-04
2026-06-24 23:07:13,979 INFO Epoch 17 | Batch 1100/1186 | Loss 4.29479 (NLL 4.34481 [logdet 1.44742, mahal 1.05951], L1 1.85491, Spectral 0.25782, Gradient 0.43314, Quantile 0.82847) | LR 1.00e-04
2026-06-24 23:07:16,916 INFO Epoch 17 | Batch 1150/1186 | Loss 4.21447 (NLL 4.28156 [logdet 1.42395, mahal 1.01973], L1 1.81563, Spectral 0.25385, Gradient 0.41880, Quantile 0.79383) | LR 1.00e-04
2026-06-24 23:07:23,987 INFO Epoch 17 | Val Loss 4.22579 (NLL 4.30433 [logdet 1.46028, mahal 1.00617], L1 1.79014, Spectral 0.25950, Gradient 0.43145, Quantile 0.89312)
2026-06-24 23:07:26,992 INFO Epoch 18 | Batch 50/1186 | Loss 4.23299 (NLL 4.29660 [logdet 1.42333, mahal 1.03540], L1 1.82575, Spectral 0.25517, Gradient 0.42614, Quantile 0.79598) | LR 1.00e-04
2026-06-24 23:07:29,919 INFO Epoch 18 | Batch 100/1186 | Loss 4.29631 (NLL 4.33109 [logdet 1.46776, mahal 1.02545], L1 1.86094, Spectral 0.26481, Gradient 0.43689, Quantile 0.83068) | LR 1.00e-04
2026-06-24 23:07:32,849 INFO Epoch 18 | Batch 150/1186 | Loss 4.20579 (NLL 4.28599 [logdet 1.42075, mahal 1.02737], L1 1.80001, Spectral 0.25684, Gradient 0.42395, Quantile 0.81014) | LR 1.00e-04
2026-06-24 23:07:35,778 INFO Epoch 18 | Batch 200/1186 | Loss 4.30260 (NLL 4.34599 [logdet 1.47884, mahal 1.02927], L1 1.86426, Spectral 0.26746, Gradient 0.43485, Quantile 0.80928) | LR 1.00e-04
2026-06-24 23:07:38,707 INFO Epoch 18 | Batch 250/1186 | Loss 4.21141 (NLL 4.27293 [logdet 1.44914, mahal 0.98591], L1 1.80925, Spectral 0.26368, Gradient 0.42960, Quantile 0.81485) | LR 1.00e-04
2026-06-24 23:07:41,633 INFO Epoch 18 | Batch 300/1186 | Loss 4.35785 (NLL 4.38156 [logdet 1.47845, mahal 1.06524], L1 1.89444, Spectral 0.26170, Gradient 0.43499, Quantile 0.84566) | LR 1.00e-04
2026-06-24 23:07:44,549 INFO Epoch 18 | Batch 350/1186 | Loss 4.27036 (NLL 4.32390 [logdet 1.46901, mahal 1.01701], L1 1.84079, Spectral 0.26184, Gradient 0.43318, Quantile 0.82476) | LR 1.00e-04
2026-06-24 23:07:47,458 INFO Epoch 18 | Batch 400/1186 | Loss 4.30468 (NLL 4.35881 [logdet 1.48292, mahal 1.03802], L1 1.86011, Spectral 0.25997, Gradient 0.43254, Quantile 0.81657) | LR 1.00e-04
2026-06-24 23:07:50,370 INFO Epoch 18 | Batch 450/1186 | Loss 4.29286 (NLL 4.33741 [logdet 1.48556, mahal 1.01398], L1 1.85846, Spectral 0.26559, Gradient 0.43976, Quantile 0.81265) | LR 1.00e-04
2026-06-24 23:07:53,282 INFO Epoch 18 | Batch 500/1186 | Loss 4.29245 (NLL 4.32407 [logdet 1.47447, mahal 1.01172], L1 1.86448, Spectral 0.25898, Gradient 0.43070, Quantile 0.82085) | LR 1.00e-04
2026-06-24 23:07:56,191 INFO Epoch 18 | Batch 550/1186 | Loss 4.26263 (NLL 4.31469 [logdet 1.46232, mahal 1.01449], L1 1.83574, Spectral 0.26373, Gradient 0.43374, Quantile 0.83074) | LR 1.00e-04
2026-06-24 23:07:59,102 INFO Epoch 18 | Batch 600/1186 | Loss 4.27751 (NLL 4.31615 [logdet 1.45954, mahal 1.01873], L1 1.85120, Spectral 0.26157, Gradient 0.43584, Quantile 0.82759) | LR 1.00e-04
2026-06-24 23:08:02,014 INFO Epoch 18 | Batch 650/1186 | Loss 4.27430 (NLL 4.31460 [logdet 1.43798, mahal 1.03874], L1 1.84961, Spectral 0.26323, Gradient 0.43304, Quantile 0.82231) | LR 1.00e-04
2026-06-24 23:08:04,923 INFO Epoch 18 | Batch 700/1186 | Loss 4.27755 (NLL 4.31880 [logdet 1.45780, mahal 1.02313], L1 1.85162, Spectral 0.25798, Gradient 0.42793, Quantile 0.82444) | LR 1.00e-04
2026-06-24 23:08:07,834 INFO Epoch 18 | Batch 750/1186 | Loss 4.31970 (NLL 4.35158 [logdet 1.45361, mahal 1.06009], L1 1.87639, Spectral 0.26186, Gradient 0.43585, Quantile 0.82425) | LR 1.00e-04
2026-06-24 23:08:10,743 INFO Epoch 18 | Batch 800/1186 | Loss 4.32190 (NLL 4.32214 [logdet 1.52225, mahal 0.96201], L1 1.89336, Spectral 0.26422, Gradient 0.44244, Quantile 0.82150) | LR 1.00e-04
2026-06-24 23:08:13,651 INFO Epoch 18 | Batch 850/1186 | Loss 4.23197 (NLL 4.28696 [logdet 1.42453, mahal 1.02455], L1 1.82431, Spectral 0.26421, Gradient 0.43859, Quantile 0.80786) | LR 1.00e-04
2026-06-24 23:08:16,561 INFO Epoch 18 | Batch 900/1186 | Loss 4.28685 (NLL 4.36530 [logdet 1.48445, mahal 1.04297], L1 1.84044, Spectral 0.25867, Gradient 0.42927, Quantile 0.81217) | LR 1.00e-04
2026-06-24 23:08:19,472 INFO Epoch 18 | Batch 950/1186 | Loss 4.23299 (NLL 4.28854 [logdet 1.41673, mahal 1.03393], L1 1.82507, Spectral 0.25611, Gradient 0.42635, Quantile 0.81449) | LR 1.00e-04
2026-06-24 23:08:22,383 INFO Epoch 18 | Batch 1000/1186 | Loss 4.26441 (NLL 4.31852 [logdet 1.48132, mahal 0.99932], L1 1.84163, Spectral 0.26054, Gradient 0.43678, Quantile 0.80908) | LR 1.00e-04
2026-06-24 23:08:25,295 INFO Epoch 18 | Batch 1050/1186 | Loss 4.38737 (NLL 4.38759 [logdet 1.50624, mahal 1.04347], L1 1.91618, Spectral 0.25716, Gradient 0.43213, Quantile 0.87035) | LR 1.00e-04
2026-06-24 23:08:28,202 INFO Epoch 18 | Batch 1100/1186 | Loss 4.22231 (NLL 4.28887 [logdet 1.46015, mahal 0.99085], L1 1.81326, Spectral 0.26140, Gradient 0.43200, Quantile 0.81275) | LR 1.00e-04
2026-06-24 23:08:31,111 INFO Epoch 18 | Batch 1150/1186 | Loss 4.22252 (NLL 4.29722 [logdet 1.43737, mahal 1.02197], L1 1.81289, Spectral 0.26311, Gradient 0.43030, Quantile 0.79608) | LR 1.00e-04
2026-06-24 23:08:38,129 INFO Epoch 18 | Val Loss 4.22504 (NLL 4.29939 [logdet 1.44329, mahal 1.01823], L1 1.79785, Spectral 0.25896, Gradient 0.42914, Quantile 0.86887)
2026-06-24 23:08:41,121 INFO Epoch 19 | Batch 50/1186 | Loss 4.27438 (NLL 4.32341 [logdet 1.46402, mahal 1.02152], L1 1.84931, Spectral 0.26202, Gradient 0.43368, Quantile 0.80694) | LR 1.00e-04
2026-06-24 23:08:44,057 INFO Epoch 19 | Batch 100/1186 | Loss 4.23919 (NLL 4.31226 [logdet 1.44931, mahal 1.02507], L1 1.82015, Spectral 0.25197, Gradient 0.42222, Quantile 0.81589) | LR 1.00e-04
2026-06-24 23:08:46,982 INFO Epoch 19 | Batch 150/1186 | Loss 4.32826 (NLL 4.34828 [logdet 1.50157, mahal 1.00883], L1 1.88378, Spectral 0.26726, Gradient 0.43993, Quantile 0.83014) | LR 1.00e-04
2026-06-24 23:08:49,920 INFO Epoch 19 | Batch 200/1186 | Loss 4.28897 (NLL 4.31053 [logdet 1.44243, mahal 1.03022], L1 1.86553, Spectral 0.26761, Gradient 0.43853, Quantile 0.82082) | LR 1.00e-04
2026-06-24 23:08:52,856 INFO Epoch 19 | Batch 250/1186 | Loss 4.24764 (NLL 4.31316 [logdet 1.43890, mahal 1.03638], L1 1.82450, Spectral 0.26125, Gradient 0.42628, Quantile 0.82104) | LR 1.00e-04
2026-06-24 23:08:55,796 INFO Epoch 19 | Batch 300/1186 | Loss 4.24216 (NLL 4.29119 [logdet 1.43476, mahal 1.01856], L1 1.83124, Spectral 0.25452, Gradient 0.42285, Quantile 0.82321) | LR 1.00e-04
2026-06-24 23:08:58,732 INFO Epoch 19 | Batch 350/1186 | Loss 4.28037 (NLL 4.34614 [logdet 1.44694, mahal 1.06132], L1 1.84266, Spectral 0.25633, Gradient 0.43585, Quantile 0.81824) | LR 1.00e-04
2026-06-24 23:09:01,669 INFO Epoch 19 | Batch 400/1186 | Loss 4.22972 (NLL 4.30538 [logdet 1.47605, mahal 0.99145], L1 1.81654, Spectral 0.25909, Gradient 0.42635, Quantile 0.79819) | LR 1.00e-04
2026-06-24 23:09:04,604 INFO Epoch 19 | Batch 450/1186 | Loss 4.34875 (NLL 4.36672 [logdet 1.47830, mahal 1.05054], L1 1.90072, Spectral 0.26106, Gradient 0.43088, Quantile 0.81338) | LR 1.00e-04
2026-06-24 23:09:07,542 INFO Epoch 19 | Batch 500/1186 | Loss 4.31854 (NLL 4.34330 [logdet 1.48686, mahal 1.01856], L1 1.87800, Spectral 0.26078, Gradient 0.43466, Quantile 0.83111) | LR 1.00e-04
2026-06-24 23:09:10,479 INFO Epoch 19 | Batch 550/1186 | Loss 4.24930 (NLL 4.29989 [logdet 1.44937, mahal 1.01265], L1 1.83595, Spectral 0.26650, Gradient 0.43377, Quantile 0.80228) | LR 1.00e-04
2026-06-24 23:09:13,418 INFO Epoch 19 | Batch 600/1186 | Loss 4.29697 (NLL 4.30253 [logdet 1.48570, mahal 0.97895], L1 1.87086, Spectral 0.26970, Gradient 0.44192, Quantile 0.84620) | LR 1.00e-04
2026-06-24 23:09:16,356 INFO Epoch 19 | Batch 650/1186 | Loss 4.29610 (NLL 4.34481 [logdet 1.45351, mahal 1.05342], L1 1.85632, Spectral 0.25921, Gradient 0.43381, Quantile 0.82654) | LR 1.00e-04
2026-06-24 23:09:19,295 INFO Epoch 19 | Batch 700/1186 | Loss 4.27558 (NLL 4.32355 [logdet 1.48150, mahal 1.00417], L1 1.84365, Spectral 0.26045, Gradient 0.43316, Quantile 0.83680) | LR 1.00e-04
2026-06-24 23:09:22,232 INFO Epoch 19 | Batch 750/1186 | Loss 4.26540 (NLL 4.32154 [logdet 1.45600, mahal 1.02766], L1 1.83972, Spectral 0.25476, Gradient 0.42712, Quantile 0.82120) | LR 1.00e-04
2026-06-24 23:09:25,174 INFO Epoch 19 | Batch 800/1186 | Loss 4.26810 (NLL 4.31860 [logdet 1.47931, mahal 1.00142], L1 1.84297, Spectral 0.26303, Gradient 0.43465, Quantile 0.81604) | LR 1.00e-04
2026-06-24 23:09:28,115 INFO Epoch 19 | Batch 850/1186 | Loss 4.27308 (NLL 4.32006 [logdet 1.45073, mahal 1.03145], L1 1.85211, Spectral 0.25740, Gradient 0.42995, Quantile 0.80188) | LR 1.00e-04
2026-06-24 23:09:31,053 INFO Epoch 19 | Batch 900/1186 | Loss 4.23928 (NLL 4.29746 [logdet 1.45848, mahal 1.00111], L1 1.82680, Spectral 0.26117, Gradient 0.43146, Quantile 0.80943) | LR 1.00e-04
2026-06-24 23:09:33,989 INFO Epoch 19 | Batch 950/1186 | Loss 4.29862 (NLL 4.33331 [logdet 1.45664, mahal 1.03879], L1 1.86056, Spectral 0.26180, Gradient 0.43261, Quantile 0.84052) | LR 1.00e-04
2026-06-24 23:09:36,927 INFO Epoch 19 | Batch 1000/1186 | Loss 4.21891 (NLL 4.30969 [logdet 1.45629, mahal 1.01552], L1 1.80495, Spectral 0.25995, Gradient 0.43111, Quantile 0.79149) | LR 1.00e-04
2026-06-24 23:09:39,862 INFO Epoch 19 | Batch 1050/1186 | Loss 4.24271 (NLL 4.29532 [logdet 1.45115, mahal 1.00629], L1 1.83043, Spectral 0.26664, Gradient 0.43654, Quantile 0.80713) | LR 1.00e-04
2026-06-24 23:09:42,796 INFO Epoch 19 | Batch 1100/1186 | Loss 4.31168 (NLL 4.33679 [logdet 1.46252, mahal 1.03640], L1 1.87191, Spectral 0.26410, Gradient 0.44473, Quantile 0.83776) | LR 1.00e-04
2026-06-24 23:09:45,732 INFO Epoch 19 | Batch 1150/1186 | Loss 4.22832 (NLL 4.29740 [logdet 1.44711, mahal 1.01241], L1 1.81715, Spectral 0.25858, Gradient 0.42757, Quantile 0.80694) | LR 1.00e-04
2026-06-24 23:09:52,816 INFO Epoch 19 | Val Loss 4.21384 (NLL 4.29089 [logdet 1.48528, mahal 0.96774], L1 1.79118, Spectral 0.25880, Gradient 0.42860, Quantile 0.86787)
2026-06-24 23:09:52,901 INFO New best val loss: 4.21384 (saved checkpoints/best.pth)
2026-06-24 23:09:55,867 INFO Epoch 20 | Batch 50/1186 | Loss 4.15460 (NLL 4.21676 [logdet 1.40888, mahal 0.97000], L1 1.78336, Spectral 0.26345, Gradient 0.43424, Quantile 0.80329) | LR 1.00e-04
2026-06-24 23:09:58,805 INFO Epoch 20 | Batch 100/1186 | Loss 4.25674 (NLL 4.27422 [logdet 1.43103, mahal 1.00531], L1 1.85134, Spectral 0.26569, Gradient 0.43626, Quantile 0.82336) | LR 1.00e-04
2026-06-24 23:10:01,742 INFO Epoch 20 | Batch 150/1186 | Loss 4.26238 (NLL 4.31543 [logdet 1.43232, mahal 1.04523], L1 1.84102, Spectral 0.26001, Gradient 0.43124, Quantile 0.81028) | LR 1.00e-04
2026-06-24 23:10:04,683 INFO Epoch 20 | Batch 200/1186 | Loss 4.27451 (NLL 4.32789 [logdet 1.46935, mahal 1.02067], L1 1.84518, Spectral 0.25575, Gradient 0.43383, Quantile 0.82198) | LR 1.00e-04
2026-06-24 23:10:07,625 INFO Epoch 20 | Batch 250/1186 | Loss 4.37870 (NLL 4.38737 [logdet 1.48697, mahal 1.06253], L1 1.91073, Spectral 0.26513, Gradient 0.43789, Quantile 0.84882) | LR 1.00e-04
2026-06-24 23:10:10,566 INFO Epoch 20 | Batch 300/1186 | Loss 4.27229 (NLL 4.32843 [logdet 1.48490, mahal 1.00565], L1 1.84315, Spectral 0.26245, Gradient 0.43630, Quantile 0.81287) | LR 1.00e-04
2026-06-24 23:10:13,507 INFO Epoch 20 | Batch 350/1186 | Loss 4.19416 (NLL 4.26608 [logdet 1.40882, mahal 1.01939], L1 1.80090, Spectral 0.25638, Gradient 0.42485, Quantile 0.79999) | LR 1.00e-04
2026-06-24 23:10:16,444 INFO Epoch 20 | Batch 400/1186 | Loss 4.24311 (NLL 4.31041 [logdet 1.44117, mahal 1.03137], L1 1.82631, Spectral 0.26284, Gradient 0.43201, Quantile 0.79872) | LR 1.00e-04
2026-06-24 23:10:19,367 INFO Epoch 20 | Batch 450/1186 | Loss 4.29228 (NLL 4.33646 [logdet 1.46444, mahal 1.03415], L1 1.85281, Spectral 0.26383, Gradient 0.43276, Quantile 0.83761) | LR 1.00e-04
2026-06-24 23:10:22,284 INFO Epoch 20 | Batch 500/1186 | Loss 4.17658 (NLL 4.25946 [logdet 1.45653, mahal 0.96505], L1 1.78820, Spectral 0.25959, Gradient 0.42969, Quantile 0.79000) | LR 1.00e-04
2026-06-24 23:10:25,204 INFO Epoch 20 | Batch 550/1186 | Loss 4.27238 (NLL 4.34505 [logdet 1.47902, mahal 1.02815], L1 1.83642, Spectral 0.25799, Gradient 0.43178, Quantile 0.81156) | LR 1.00e-04
2026-06-24 23:10:28,123 INFO Epoch 20 | Batch 600/1186 | Loss 4.26487 (NLL 4.31524 [logdet 1.49484, mahal 0.98253], L1 1.84472, Spectral 0.25851, Gradient 0.42883, Quantile 0.80723) | LR 1.00e-04
2026-06-24 23:10:31,046 INFO Epoch 20 | Batch 650/1186 | Loss 4.34308 (NLL 4.36174 [logdet 1.47741, mahal 1.04645], L1 1.88611, Spectral 0.26076, Gradient 0.43203, Quantile 0.86111) | LR 1.00e-04
2026-06-24 23:10:33,971 INFO Epoch 20 | Batch 700/1186 | Loss 4.29610 (NLL 4.34557 [logdet 1.48159, mahal 1.02611], L1 1.85691, Spectral 0.26255, Gradient 0.42885, Quantile 0.81901) | LR 1.00e-04
2026-06-24 23:10:36,895 INFO Epoch 20 | Batch 750/1186 | Loss 4.28525 (NLL 4.31510 [logdet 1.44365, mahal 1.03357], L1 1.85978, Spectral 0.25725, Gradient 0.42212, Quantile 0.83107) | LR 1.00e-04
2026-06-24 23:10:39,817 INFO Epoch 20 | Batch 800/1186 | Loss 4.30604 (NLL 4.33937 [logdet 1.48638, mahal 1.01511], L1 1.87040, Spectral 0.26275, Gradient 0.43644, Quantile 0.81685) | LR 1.00e-04
2026-06-24 23:10:42,740 INFO Epoch 20 | Batch 850/1186 | Loss 4.25004 (NLL 4.31862 [logdet 1.46571, mahal 1.01504], L1 1.82671, Spectral 0.25622, Gradient 0.42708, Quantile 0.81591) | LR 1.00e-04
2026-06-24 23:10:45,663 INFO Epoch 20 | Batch 900/1186 | Loss 4.28953 (NLL 4.33836 [logdet 1.49011, mahal 1.01038], L1 1.85868, Spectral 0.26187, Gradient 0.43480, Quantile 0.80001) | LR 1.00e-04
2026-06-24 23:10:48,582 INFO Epoch 20 | Batch 950/1186 | Loss 4.33986 (NLL 4.34961 [logdet 1.46329, mahal 1.04844], L1 1.88880, Spectral 0.26200, Gradient 0.43537, Quantile 0.86038) | LR 1.00e-04
2026-06-24 23:10:51,498 INFO Epoch 20 | Batch 1000/1186 | Loss 4.22794 (NLL 4.28798 [logdet 1.44544, mahal 1.00466], L1 1.82295, Spectral 0.25807, Gradient 0.42735, Quantile 0.80141) | LR 1.00e-04
2026-06-24 23:10:54,418 INFO Epoch 20 | Batch 1050/1186 | Loss 4.21745 (NLL 4.29186 [logdet 1.44747, mahal 1.00651], L1 1.81124, Spectral 0.25975, Gradient 0.43166, Quantile 0.79656) | LR 1.00e-04
2026-06-24 23:10:57,337 INFO Epoch 20 | Batch 1100/1186 | Loss 4.24422 (NLL 4.28700 [logdet 1.40803, mahal 1.04109], L1 1.83858, Spectral 0.26201, Gradient 0.43041, Quantile 0.80187) | LR 1.00e-04
2026-06-24 23:11:00,257 INFO Epoch 20 | Batch 1150/1186 | Loss 4.28153 (NLL 4.32141 [logdet 1.44698, mahal 1.03655], L1 1.85315, Spectral 0.26273, Gradient 0.43780, Quantile 0.82398) | LR 1.00e-04
2026-06-24 23:11:07,262 INFO Epoch 20 | Val Loss 4.20426 (NLL 4.29320 [logdet 1.48807, mahal 0.96726], L1 1.79110, Spectral 0.25884, Gradient 0.42901, Quantile 0.82361)
2026-06-24 23:11:07,329 INFO New best val loss: 4.20426 (saved checkpoints/best.pth)
2026-06-24 23:11:10,289 INFO Epoch 21 | Batch 50/1186 | Loss 4.31786 (NLL 4.33538 [logdet 1.49321, mahal 1.00430], L1 1.87735, Spectral 0.26714, Gradient 0.43560, Quantile 0.84063) | LR 1.00e-04
2026-06-24 23:11:13,208 INFO Epoch 21 | Batch 100/1186 | Loss 4.22282 (NLL 4.31022 [logdet 1.38856, mahal 1.08378], L1 1.80855, Spectral 0.25720, Gradient 0.42683, Quantile 0.79467) | LR 1.00e-04
2026-06-24 23:11:16,134 INFO Epoch 21 | Batch 150/1186 | Loss 4.24404 (NLL 4.31105 [logdet 1.49279, mahal 0.98038], L1 1.83013, Spectral 0.25149, Gradient 0.42411, Quantile 0.79765) | LR 1.00e-04
2026-06-24 23:11:19,058 INFO Epoch 21 | Batch 200/1186 | Loss 4.40354 (NLL 4.39677 [logdet 1.50603, mahal 1.05286], L1 1.92897, Spectral 0.26614, Gradient 0.44108, Quantile 0.85560) | LR 1.00e-04
2026-06-24 23:11:21,978 INFO Epoch 21 | Batch 250/1186 | Loss 4.22671 (NLL 4.28837 [logdet 1.47667, mahal 0.97382], L1 1.81773, Spectral 0.26477, Gradient 0.43629, Quantile 0.80987) | LR 1.00e-04
2026-06-24 23:11:24,883 INFO Epoch 21 | Batch 300/1186 | Loss 4.26131 (NLL 4.32206 [logdet 1.46622, mahal 1.01797], L1 1.83346, Spectral 0.26045, Gradient 0.43635, Quantile 0.82291) | LR 1.00e-04
2026-06-24 23:11:27,786 INFO Epoch 21 | Batch 350/1186 | Loss 4.25588 (NLL 4.30267 [logdet 1.48176, mahal 0.98303], L1 1.83813, Spectral 0.26331, Gradient 0.43144, Quantile 0.81822) | LR 1.00e-04
2026-06-24 23:11:30,687 INFO Epoch 21 | Batch 400/1186 | Loss 4.28252 (NLL 4.33615 [logdet 1.44848, mahal 1.04979], L1 1.84806, Spectral 0.25490, Gradient 0.42742, Quantile 0.82713) | LR 1.00e-04
2026-06-24 23:11:33,585 INFO Epoch 21 | Batch 450/1186 | Loss 4.28841 (NLL 4.30700 [logdet 1.45373, mahal 1.01539], L1 1.86770, Spectral 0.25210, Gradient 0.41608, Quantile 0.83370) | LR 1.00e-04
2026-06-24 23:11:36,488 INFO Epoch 21 | Batch 500/1186 | Loss 4.38326 (NLL 4.40132 [logdet 1.51115, mahal 1.05229], L1 1.91080, Spectral 0.26124, Gradient 0.43695, Quantile 0.84270) | LR 1.00e-04
2026-06-24 23:11:39,388 INFO Epoch 21 | Batch 550/1186 | Loss 4.38992 (NLL 4.39847 [logdet 1.52168, mahal 1.03892], L1 1.91842, Spectral 0.26245, Gradient 0.43582, Quantile 0.84334) | LR 1.00e-04
2026-06-24 23:11:42,289 INFO Epoch 21 | Batch 600/1186 | Loss 4.24256 (NLL 4.30140 [logdet 1.46702, mahal 0.99650], L1 1.82936, Spectral 0.26985, Gradient 0.43961, Quantile 0.79486) | LR 1.00e-04
2026-06-24 23:11:45,196 INFO Epoch 21 | Batch 650/1186 | Loss 4.24729 (NLL 4.30045 [logdet 1.44107, mahal 1.02151], L1 1.83328, Spectral 0.26004, Gradient 0.43094, Quantile 0.81078) | LR 1.00e-04
2026-06-24 23:11:48,098 INFO Epoch 21 | Batch 700/1186 | Loss 4.21975 (NLL 4.28079 [logdet 1.41943, mahal 1.02349], L1 1.81487, Spectral 0.25519, Gradient 0.42632, Quantile 0.81895) | LR 1.00e-04
2026-06-24 23:11:50,999 INFO Epoch 21 | Batch 750/1186 | Loss 4.32427 (NLL 4.35275 [logdet 1.49700, mahal 1.01787], L1 1.87896, Spectral 0.26399, Gradient 0.43914, Quantile 0.82783) | LR 1.00e-04
2026-06-24 23:11:53,903 INFO Epoch 21 | Batch 800/1186 | Loss 4.29862 (NLL 4.32149 [logdet 1.47638, mahal 1.00723], L1 1.86625, Spectral 0.26718, Gradient 0.43752, Quantile 0.83558) | LR 1.00e-04
2026-06-24 23:11:56,806 INFO Epoch 21 | Batch 850/1186 | Loss 4.17571 (NLL 4.25782 [logdet 1.39197, mahal 1.02797], L1 1.78796, Spectral 0.25314, Gradient 0.42190, Quantile 0.79778) | LR 1.00e-04
2026-06-24 23:11:59,708 INFO Epoch 21 | Batch 900/1186 | Loss 4.25711 (NLL 4.30763 [logdet 1.44449, mahal 1.02526], L1 1.84157, Spectral 0.25740, Gradient 0.42523, Quantile 0.80518) | LR 1.00e-04
2026-06-24 23:12:02,610 INFO Epoch 21 | Batch 950/1186 | Loss 4.19658 (NLL 4.26293 [logdet 1.42360, mahal 1.00145], L1 1.79725, Spectral 0.26987, Gradient 0.44077, Quantile 0.81708) | LR 1.00e-04
2026-06-24 23:12:05,511 INFO Epoch 21 | Batch 1000/1186 | Loss 4.21679 (NLL 4.27975 [logdet 1.43284, mahal 1.00903], L1 1.81849, Spectral 0.25727, Gradient 0.42749, Quantile 0.79157) | LR 1.00e-04
2026-06-24 23:12:08,411 INFO Epoch 21 | Batch 1050/1186 | Loss 4.24416 (NLL 4.29044 [logdet 1.44226, mahal 1.01030], L1 1.83801, Spectral 0.26488, Gradient 0.43764, Quantile 0.79369) | LR 1.00e-04
2026-06-24 23:12:11,314 INFO Epoch 21 | Batch 1100/1186 | Loss 4.28307 (NLL 4.32325 [logdet 1.43653, mahal 1.04885], L1 1.85223, Spectral 0.26434, Gradient 0.43692, Quantile 0.82862) | LR 1.00e-04
2026-06-24 23:12:14,219 INFO Epoch 21 | Batch 1150/1186 | Loss 4.21274 (NLL 4.28747 [logdet 1.44216, mahal 1.00743], L1 1.81169, Spectral 0.25549, Gradient 0.42149, Quantile 0.78895) | LR 1.00e-04
2026-06-24 23:12:21,234 INFO Epoch 21 | Val Loss 4.22004 (NLL 4.30557 [logdet 1.35479, mahal 1.11291], L1 1.79313, Spectral 0.25884, Gradient 0.42878, Quantile 0.85501)
2026-06-24 23:12:24,232 INFO Epoch 22 | Batch 50/1186 | Loss 4.37180 (NLL 4.38378 [logdet 1.49577, mahal 1.05013], L1 1.90683, Spectral 0.25671, Gradient 0.43170, Quantile 0.85294) | LR 1.00e-04
2026-06-24 23:12:27,169 INFO Epoch 22 | Batch 100/1186 | Loss 4.14869 (NLL 4.23008 [logdet 1.41680, mahal 0.97540], L1 1.77360, Spectral 0.25749, Gradient 0.42544, Quantile 0.79811) | LR 1.00e-04
2026-06-24 23:12:30,107 INFO Epoch 22 | Batch 150/1186 | Loss 4.32876 (NLL 4.34448 [logdet 1.48463, mahal 1.02198], L1 1.89353, Spectral 0.26201, Gradient 0.43798, Quantile 0.80530) | LR 1.00e-04
2026-06-24 23:12:33,045 INFO Epoch 22 | Batch 200/1186 | Loss 4.19077 (NLL 4.26881 [logdet 1.41374, mahal 1.01720], L1 1.79193, Spectral 0.26385, Gradient 0.42718, Quantile 0.80945) | LR 1.00e-04
2026-06-24 23:12:35,979 INFO Epoch 22 | Batch 250/1186 | Loss 4.20285 (NLL 4.27733 [logdet 1.39095, mahal 1.04850], L1 1.80301, Spectral 0.26382, Gradient 0.43708, Quantile 0.79582) | LR 1.00e-04
2026-06-24 23:12:38,898 INFO Epoch 22 | Batch 300/1186 | Loss 4.24692 (NLL 4.30459 [logdet 1.45337, mahal 1.01334], L1 1.82665, Spectral 0.25757, Gradient 0.42526, Quantile 0.83091) | LR 1.00e-04
2026-06-24 23:12:41,818 INFO Epoch 22 | Batch 350/1186 | Loss 4.38143 (NLL 4.40920 [logdet 1.51933, mahal 1.05199], L1 1.90456, Spectral 0.25992, Gradient 0.43125, Quantile 0.84611) | LR 1.00e-04
2026-06-24 23:12:44,739 INFO Epoch 22 | Batch 400/1186 | Loss 4.22254 (NLL 4.27575 [logdet 1.42541, mahal 1.01246], L1 1.81962, Spectral 0.26075, Gradient 0.43030, Quantile 0.81532) | LR 1.00e-04
2026-06-24 23:12:47,659 INFO Epoch 22 | Batch 450/1186 | Loss 4.28402 (NLL 4.32879 [logdet 1.43817, mahal 1.05275], L1 1.85515, Spectral 0.25841, Gradient 0.43485, Quantile 0.81534) | LR 1.00e-04
2026-06-24 23:12:50,577 INFO Epoch 22 | Batch 500/1186 | Loss 4.27317 (NLL 4.29268 [logdet 1.47996, mahal 0.97484], L1 1.85626, Spectral 0.26626, Gradient 0.43613, Quantile 0.83222) | LR 1.00e-04
2026-06-24 23:12:53,496 INFO Epoch 22 | Batch 550/1186 | Loss 4.29566 (NLL 4.32835 [logdet 1.44945, mahal 1.04102], L1 1.86472, Spectral 0.26615, Gradient 0.43365, Quantile 0.81659) | LR 1.00e-04
2026-06-24 23:12:56,417 INFO Epoch 22 | Batch 600/1186 | Loss 4.14025 (NLL 4.23170 [logdet 1.38261, mahal 1.01121], L1 1.76496, Spectral 0.25712, Gradient 0.42658, Quantile 0.79596) | LR 1.00e-04
2026-06-24 23:12:59,337 INFO Epoch 22 | Batch 650/1186 | Loss 4.26826 (NLL 4.31225 [logdet 1.40490, mahal 1.06948], L1 1.85053, Spectral 0.25418, Gradient 0.42459, Quantile 0.80809) | LR 1.00e-04
2026-06-24 23:13:02,260 INFO Epoch 22 | Batch 700/1186 | Loss 4.31989 (NLL 4.35492 [logdet 1.50341, mahal 1.01363], L1 1.87336, Spectral 0.26044, Gradient 0.43122, Quantile 0.83233) | LR 1.00e-04
2026-06-24 23:13:05,179 INFO Epoch 22 | Batch 750/1186 | Loss 4.21920 (NLL 4.28208 [logdet 1.40669, mahal 1.03751], L1 1.81215, Spectral 0.25795, Gradient 0.42850, Quantile 0.82229) | LR 1.00e-04
2026-06-24 23:13:08,098 INFO Epoch 22 | Batch 800/1186 | Loss 4.29599 (NLL 4.31195 [logdet 1.48124, mahal 0.99283], L1 1.87137, Spectral 0.26294, Gradient 0.43287, Quantile 0.82783) | LR 1.00e-04
2026-06-24 23:13:11,019 INFO Epoch 22 | Batch 850/1186 | Loss 4.29570 (NLL 4.34954 [logdet 1.45055, mahal 1.06111], L1 1.85422, Spectral 0.26207, Gradient 0.43216, Quantile 0.82070) | LR 1.00e-04
2026-06-24 23:13:13,941 INFO Epoch 22 | Batch 900/1186 | Loss 4.18657 (NLL 4.26873 [logdet 1.42079, mahal 1.01006], L1 1.79628, Spectral 0.24779, Gradient 0.42089, Quantile 0.79144) | LR 1.00e-04
2026-06-24 23:13:16,863 INFO Epoch 22 | Batch 950/1186 | Loss 4.23800 (NLL 4.28787 [logdet 1.39620, mahal 1.05379], L1 1.82456, Spectral 0.26395, Gradient 0.43402, Quantile 0.83032) | LR 1.00e-04
2026-06-24 23:13:19,786 INFO Epoch 22 | Batch 1000/1186 | Loss 4.24108 (NLL 4.31334 [logdet 1.46107, mahal 1.01440], L1 1.82454, Spectral 0.25601, Gradient 0.42537, Quantile 0.79889) | LR 1.00e-04
2026-06-24 23:13:22,709 INFO Epoch 22 | Batch 1050/1186 | Loss 4.32148 (NLL 4.35495 [logdet 1.47679, mahal 1.04029], L1 1.87896, Spectral 0.25967, Gradient 0.43354, Quantile 0.81639) | LR 1.00e-04
2026-06-24 23:13:25,627 INFO Epoch 22 | Batch 1100/1186 | Loss 4.22175 (NLL 4.28225 [logdet 1.45411, mahal 0.99026], L1 1.81123, Spectral 0.26360, Gradient 0.42660, Quantile 0.83031) | LR 1.00e-04
2026-06-24 23:13:28,548 INFO Epoch 22 | Batch 1150/1186 | Loss 4.32398 (NLL 4.34340 [logdet 1.44630, mahal 1.05922], L1 1.88733, Spectral 0.26629, Gradient 0.43842, Quantile 0.80886) | LR 1.00e-04
2026-06-24 23:13:35,587 INFO Epoch 22 | Val Loss 4.21334 (NLL 4.29691 [logdet 1.45839, mahal 1.00065], L1 1.79306, Spectral 0.25865, Gradient 0.42888, Quantile 0.84565)
2026-06-24 23:13:38,588 INFO Epoch 23 | Batch 50/1186 | Loss 4.27277 (NLL 4.31654 [logdet 1.44500, mahal 1.03366], L1 1.84846, Spectral 0.26521, Gradient 0.44154, Quantile 0.81450) | LR 1.00e-04
2026-06-24 23:13:41,523 INFO Epoch 23 | Batch 100/1186 | Loss 4.27438 (NLL 4.31849 [logdet 1.47492, mahal 1.00570], L1 1.85237, Spectral 0.26419, Gradient 0.43127, Quantile 0.80212) | LR 1.00e-04
2026-06-24 23:13:44,462 INFO Epoch 23 | Batch 150/1186 | Loss 4.29127 (NLL 4.34001 [logdet 1.47131, mahal 1.03083], L1 1.85383, Spectral 0.26143, Gradient 0.43462, Quantile 0.82443) | LR 1.00e-04
2026-06-24 23:13:47,398 INFO Epoch 23 | Batch 200/1186 | Loss 4.21925 (NLL 4.29068 [logdet 1.43491, mahal 1.01790], L1 1.81236, Spectral 0.25980, Gradient 0.42997, Quantile 0.80182) | LR 1.00e-04
2026-06-24 23:13:50,333 INFO Epoch 23 | Batch 250/1186 | Loss 4.24648 (NLL 4.30379 [logdet 1.41967, mahal 1.04625], L1 1.82942, Spectral 0.26052, Gradient 0.43068, Quantile 0.81602) | LR 1.00e-04
2026-06-24 23:13:53,269 INFO Epoch 23 | Batch 300/1186 | Loss 4.26897 (NLL 4.32670 [logdet 1.45862, mahal 1.03020], L1 1.84059, Spectral 0.26347, Gradient 0.43659, Quantile 0.81221) | LR 1.00e-04
2026-06-24 23:13:56,208 INFO Epoch 23 | Batch 350/1186 | Loss 4.22414 (NLL 4.26581 [logdet 1.40620, mahal 1.02173], L1 1.82388, Spectral 0.25503, Gradient 0.41943, Quantile 0.83113) | LR 1.00e-04
2026-06-24 23:13:59,148 INFO Epoch 23 | Batch 400/1186 | Loss 4.32322 (NLL 4.35165 [logdet 1.48968, mahal 1.02409], L1 1.87512, Spectral 0.26713, Gradient 0.43705, Quantile 0.83836) | LR 1.00e-04
2026-06-24 23:14:02,085 INFO Epoch 23 | Batch 450/1186 | Loss 4.31423 (NLL 4.33588 [logdet 1.45279, mahal 1.04521], L1 1.88502, Spectral 0.26129, Gradient 0.43373, Quantile 0.79897) | LR 1.00e-04
2026-06-24 23:14:05,023 INFO Epoch 23 | Batch 500/1186 | Loss 4.29568 (NLL 4.32215 [logdet 1.45383, mahal 1.03044], L1 1.86303, Spectral 0.26358, Gradient 0.43520, Quantile 0.83930) | LR 1.00e-04
2026-06-24 23:14:07,960 INFO Epoch 23 | Batch 550/1186 | Loss 4.26065 (NLL 4.31415 [logdet 1.45829, mahal 1.01798], L1 1.83887, Spectral 0.26341, Gradient 0.43615, Quantile 0.81093) | LR 1.00e-04
2026-06-24 23:14:10,894 INFO Epoch 23 | Batch 600/1186 | Loss 4.22108 (NLL 4.28734 [logdet 1.43366, mahal 1.01581], L1 1.81625, Spectral 0.25611, Gradient 0.42182, Quantile 0.80420) | LR 1.00e-04
2026-06-24 23:14:13,831 INFO Epoch 23 | Batch 650/1186 | Loss 4.29832 (NLL 4.33858 [logdet 1.45313, mahal 1.04758], L1 1.86272, Spectral 0.26587, Gradient 0.43561, Quantile 0.81501) | LR 1.00e-04
2026-06-24 23:14:16,767 INFO Epoch 23 | Batch 700/1186 | Loss 4.23347 (NLL 4.29415 [logdet 1.46700, mahal 0.98927], L1 1.82279, Spectral 0.26161, Gradient 0.42924, Quantile 0.80841) | LR 1.00e-04
2026-06-24 23:14:19,706 INFO Epoch 23 | Batch 750/1186 | Loss 4.20320 (NLL 4.26538 [logdet 1.38090, mahal 1.04660], L1 1.80850, Spectral 0.26348, Gradient 0.43526, Quantile 0.79970) | LR 1.00e-04
2026-06-24 23:14:22,642 INFO Epoch 23 | Batch 800/1186 | Loss 4.17059 (NLL 4.25154 [logdet 1.42527, mahal 0.98840], L1 1.78991, Spectral 0.25317, Gradient 0.42669, Quantile 0.78140) | LR 1.00e-04
2026-06-24 23:14:25,582 INFO Epoch 23 | Batch 850/1186 | Loss 4.26212 (NLL 4.32789 [logdet 1.47773, mahal 1.01228], L1 1.82931, Spectral 0.25854, Gradient 0.43038, Quantile 0.83353) | LR 1.00e-04
2026-06-24 23:14:28,522 INFO Epoch 23 | Batch 900/1186 | Loss 4.25678 (NLL 4.30705 [logdet 1.41696, mahal 1.05221], L1 1.83580, Spectral 0.25439, Gradient 0.42282, Quantile 0.83218) | LR 1.00e-04
2026-06-24 23:14:31,459 INFO Epoch 23 | Batch 950/1186 | Loss 4.32207 (NLL 4.33330 [logdet 1.48023, mahal 1.01519], L1 1.88555, Spectral 0.26561, Gradient 0.44115, Quantile 0.82996) | LR 1.00e-04
2026-06-24 23:14:34,394 INFO Epoch 23 | Batch 1000/1186 | Loss 4.26493 (NLL 4.31375 [logdet 1.44847, mahal 1.02740], L1 1.84517, Spectral 0.25850, Gradient 0.42384, Quantile 0.80880) | LR 1.00e-04
2026-06-24 23:14:37,329 INFO Epoch 23 | Batch 1050/1186 | Loss 4.22976 (NLL 4.29108 [logdet 1.40865, mahal 1.04456], L1 1.81699, Spectral 0.25704, Gradient 0.42589, Quantile 0.82837) | LR 1.00e-04
2026-06-24 23:14:40,266 INFO Epoch 23 | Batch 1100/1186 | Loss 4.25864 (NLL 4.31912 [logdet 1.47097, mahal 1.01027], L1 1.84061, Spectral 0.25712, Gradient 0.42344, Quantile 0.79195) | LR 1.00e-04
2026-06-24 23:14:43,200 INFO Epoch 23 | Batch 1150/1186 | Loss 4.27999 (NLL 4.31650 [logdet 1.44880, mahal 1.02983], L1 1.85673, Spectral 0.25394, Gradient 0.42414, Quantile 0.82247) | LR 1.00e-04
2026-06-24 23:14:50,264 INFO Epoch 23 | Val Loss 4.21087 (NLL 4.29049 [logdet 1.40044, mahal 1.05218], L1 1.78775, Spectral 0.25832, Gradient 0.42761, Quantile 0.87116)
2026-06-24 23:14:53,258 INFO Epoch 24 | Batch 50/1186 | Loss 4.30418 (NLL 4.35317 [logdet 1.43510, mahal 1.08020], L1 1.86330, Spectral 0.25484, Gradient 0.42412, Quantile 0.81856) | LR 1.00e-04
2026-06-24 23:14:56,197 INFO Epoch 24 | Batch 100/1186 | Loss 4.11769 (NLL 4.21772 [logdet 1.40946, mahal 0.97038], L1 1.75852, Spectral 0.25884, Gradient 0.42920, Quantile 0.75621) | LR 1.00e-04
2026-06-24 23:14:59,132 INFO Epoch 24 | Batch 150/1186 | Loss 4.20279 (NLL 4.28276 [logdet 1.42597, mahal 1.01891], L1 1.79687, Spectral 0.26252, Gradient 0.43100, Quantile 0.81127) | LR 1.00e-04
2026-06-24 23:15:02,063 INFO Epoch 24 | Batch 200/1186 | Loss 4.18921 (NLL 4.24844 [logdet 1.38613, mahal 1.02443], L1 1.80383, Spectral 0.25646, Gradient 0.42734, Quantile 0.80376) | LR 1.00e-04
2026-06-24 23:15:04,998 INFO Epoch 24 | Batch 250/1186 | Loss 4.28002 (NLL 4.33473 [logdet 1.47689, mahal 1.01996], L1 1.84640, Spectral 0.26525, Gradient 0.43275, Quantile 0.81546) | LR 1.00e-04
2026-06-24 23:15:07,935 INFO Epoch 24 | Batch 300/1186 | Loss 4.30894 (NLL 4.35201 [logdet 1.49037, mahal 1.02377], L1 1.86405, Spectral 0.26594, Gradient 0.44327, Quantile 0.82547) | LR 1.00e-04
2026-06-24 23:15:10,871 INFO Epoch 24 | Batch 350/1186 | Loss 4.25804 (NLL 4.30658 [logdet 1.42728, mahal 1.04142], L1 1.83792, Spectral 0.26078, Gradient 0.42885, Quantile 0.82264) | LR 1.00e-04
2026-06-24 23:15:13,809 INFO Epoch 24 | Batch 400/1186 | Loss 4.33884 (NLL 4.37168 [logdet 1.50310, mahal 1.03070], L1 1.88165, Spectral 0.25977, Gradient 0.43301, Quantile 0.84245) | LR 1.00e-04
2026-06-24 23:15:16,727 INFO Epoch 24 | Batch 450/1186 | Loss 4.16208 (NLL 4.24413 [logdet 1.39358, mahal 1.01267], L1 1.77955, Spectral 0.26221, Gradient 0.42342, Quantile 0.79478) | LR 1.00e-04
2026-06-24 23:15:19,648 INFO Epoch 24 | Batch 500/1186 | Loss 4.33746 (NLL 4.34025 [logdet 1.44310, mahal 1.05926], L1 1.89537, Spectral 0.26776, Gradient 0.44469, Quantile 0.83630) | LR 1.00e-04
2026-06-24 23:15:22,565 INFO Epoch 24 | Batch 550/1186 | Loss 4.25420 (NLL 4.30751 [logdet 1.45706, mahal 1.01257], L1 1.83581, Spectral 0.26202, Gradient 0.43557, Quantile 0.81216) | LR 1.00e-04
2026-06-24 23:15:25,483 INFO Epoch 24 | Batch 600/1186 | Loss 4.30963 (NLL 4.32751 [logdet 1.48779, mahal 1.00185], L1 1.87855, Spectral 0.26052, Gradient 0.43085, Quantile 0.82496) | LR 1.00e-04
2026-06-24 23:15:28,400 INFO Epoch 24 | Batch 650/1186 | Loss 4.40297 (NLL 4.39038 [logdet 1.49212, mahal 1.06038], L1 1.92851, Spectral 0.26833, Gradient 0.44065, Quantile 0.86606) | LR 1.00e-04
2026-06-24 23:15:31,316 INFO Epoch 24 | Batch 700/1186 | Loss 4.18269 (NLL 4.26623 [logdet 1.42863, mahal 0.99972], L1 1.78973, Spectral 0.25682, Gradient 0.42257, Quantile 0.79799) | LR 1.00e-04
2026-06-24 23:15:34,232 INFO Epoch 24 | Batch 750/1186 | Loss 4.23347 (NLL 4.28882 [logdet 1.43379, mahal 1.01716], L1 1.82460, Spectral 0.27090, Gradient 0.43530, Quantile 0.80192) | LR 1.00e-04
2026-06-24 23:15:37,150 INFO Epoch 24 | Batch 800/1186 | Loss 4.32654 (NLL 4.35360 [logdet 1.48423, mahal 1.03149], L1 1.87445, Spectral 0.25915, Gradient 0.43102, Quantile 0.85950) | LR 1.00e-04
2026-06-24 23:15:40,065 INFO Epoch 24 | Batch 850/1186 | Loss 4.24558 (NLL 4.29630 [logdet 1.43544, mahal 1.02299], L1 1.83469, Spectral 0.25270, Gradient 0.42601, Quantile 0.81439) | LR 1.00e-04
2026-06-24 23:15:42,978 INFO Epoch 24 | Batch 900/1186 | Loss 4.28520 (NLL 4.34294 [logdet 1.44324, mahal 1.06182], L1 1.85098, Spectral 0.25241, Gradient 0.42050, Quantile 0.81479) | LR 1.00e-04
2026-06-24 23:15:45,896 INFO Epoch 24 | Batch 950/1186 | Loss 4.19677 (NLL 4.26438 [logdet 1.39609, mahal 1.03042], L1 1.80369, Spectral 0.25572, Gradient 0.42255, Quantile 0.80349) | LR 1.00e-04
2026-06-24 23:15:48,813 INFO Epoch 24 | Batch 1000/1186 | Loss 4.24748 (NLL 4.28845 [logdet 1.46369, mahal 0.98688], L1 1.84102, Spectral 0.25599, Gradient 0.43076, Quantile 0.80867) | LR 1.00e-04
2026-06-24 23:15:51,730 INFO Epoch 24 | Batch 1050/1186 | Loss 4.23246 (NLL 4.28864 [logdet 1.40300, mahal 1.04776], L1 1.81854, Spectral 0.25780, Gradient 0.42037, Quantile 0.83746) | LR 1.00e-04
2026-06-24 23:15:54,645 INFO Epoch 24 | Batch 1100/1186 | Loss 4.23358 (NLL 4.28822 [logdet 1.43727, mahal 1.01307], L1 1.82740, Spectral 0.25642, Gradient 0.42705, Quantile 0.80759) | LR 1.00e-04
2026-06-24 23:15:57,556 INFO Epoch 24 | Batch 1150/1186 | Loss 4.31436 (NLL 4.33701 [logdet 1.46058, mahal 1.03855], L1 1.88047, Spectral 0.26006, Gradient 0.43151, Quantile 0.81742) | LR 1.00e-04
2026-06-24 23:16:04,594 INFO Epoch 24 | Val Loss 4.21175 (NLL 4.29258 [logdet 1.45453, mahal 1.00018], L1 1.79494, Spectral 0.25833, Gradient 0.42848, Quantile 0.84059)
2026-06-24 23:16:07,603 INFO Epoch 25 | Batch 50/1186 | Loss 4.36113 (NLL 4.36817 [logdet 1.48401, mahal 1.04629], L1 1.90263, Spectral 0.26460, Gradient 0.43606, Quantile 0.84996) | LR 1.00e-04
2026-06-24 23:16:10,526 INFO Epoch 25 | Batch 100/1186 | Loss 4.27143 (NLL 4.30862 [logdet 1.45564, mahal 1.01511], L1 1.85368, Spectral 0.26258, Gradient 0.43267, Quantile 0.80663) | LR 1.00e-04
2026-06-24 23:16:13,450 INFO Epoch 25 | Batch 150/1186 | Loss 4.28638 (NLL 4.32796 [logdet 1.43562, mahal 1.05447], L1 1.85234, Spectral 0.26132, Gradient 0.43351, Quantile 0.83541) | LR 1.00e-04
2026-06-24 23:16:16,374 INFO Epoch 25 | Batch 200/1186 | Loss 4.28373 (NLL 4.32166 [logdet 1.46236, mahal 1.02143], L1 1.85566, Spectral 0.25811, Gradient 0.42871, Quantile 0.82720) | LR 1.00e-04
2026-06-24 23:16:19,297 INFO Epoch 25 | Batch 250/1186 | Loss 4.22831 (NLL 4.29812 [logdet 1.44897, mahal 1.01128], L1 1.81869, Spectral 0.26465, Gradient 0.43186, Quantile 0.79247) | LR 1.00e-04
2026-06-24 23:16:22,221 INFO Epoch 25 | Batch 300/1186 | Loss 4.19973 (NLL 4.27250 [logdet 1.40462, mahal 1.03000], L1 1.80609, Spectral 0.25889, Gradient 0.43188, Quantile 0.78545) | LR 1.00e-04
2026-06-24 23:16:25,145 INFO Epoch 25 | Batch 350/1186 | Loss 4.29812 (NLL 4.32335 [logdet 1.44377, mahal 1.04171], L1 1.86979, Spectral 0.25881, Gradient 0.43144, Quantile 0.82403) | LR 1.00e-04
2026-06-24 23:16:28,068 INFO Epoch 25 | Batch 400/1186 | Loss 4.26583 (NLL 4.30972 [logdet 1.45135, mahal 1.02049], L1 1.83870, Spectral 0.26882, Gradient 0.43707, Quantile 0.83653) | LR 1.00e-04
2026-06-24 23:16:30,991 INFO Epoch 25 | Batch 450/1186 | Loss 4.28432 (NLL 4.30943 [logdet 1.43234, mahal 1.03921], L1 1.86170, Spectral 0.26481, Gradient 0.43535, Quantile 0.82277) | LR 1.00e-04
2026-06-24 23:16:33,913 INFO Epoch 25 | Batch 500/1186 | Loss 4.20394 (NLL 4.28461 [logdet 1.44063, mahal 1.00611], L1 1.80099, Spectral 0.25586, Gradient 0.42127, Quantile 0.80237) | LR 1.00e-04
2026-06-24 23:16:36,838 INFO Epoch 25 | Batch 550/1186 | Loss 4.20723 (NLL 4.29202 [logdet 1.39198, mahal 1.06216], L1 1.80680, Spectral 0.25377, Gradient 0.42168, Quantile 0.77878) | LR 1.00e-04
2026-06-24 23:16:39,760 INFO Epoch 25 | Batch 600/1186 | Loss 4.22234 (NLL 4.27571 [logdet 1.42065, mahal 1.01719], L1 1.81760, Spectral 0.26090, Gradient 0.43138, Quantile 0.82273) | LR 1.00e-04
2026-06-24 23:16:42,681 INFO Epoch 25 | Batch 650/1186 | Loss 4.26258 (NLL 4.28820 [logdet 1.44478, mahal 1.00554], L1 1.84917, Spectral 0.26061, Gradient 0.42855, Quantile 0.83312) | LR 1.00e-04
2026-06-24 23:16:45,603 INFO Epoch 25 | Batch 700/1186 | Loss 4.21584 (NLL 4.27745 [logdet 1.42565, mahal 1.01393], L1 1.81425, Spectral 0.25670, Gradient 0.42325, Quantile 0.81065) | LR 1.00e-04
2026-06-24 23:16:48,527 INFO Epoch 25 | Batch 750/1186 | Loss 4.24678 (NLL 4.29970 [logdet 1.40465, mahal 1.05718], L1 1.83609, Spectral 0.26029, Gradient 0.43325, Quantile 0.79824) | LR 1.00e-04
2026-06-24 23:16:51,450 INFO Epoch 25 | Batch 800/1186 | Loss 4.20482 (NLL 4.27592 [logdet 1.44490, mahal 0.99314], L1 1.80433, Spectral 0.26338, Gradient 0.43696, Quantile 0.80193) | LR 1.00e-04
2026-06-24 23:16:54,374 INFO Epoch 25 | Batch 850/1186 | Loss 4.25912 (NLL 4.31805 [logdet 1.46353, mahal 1.01664], L1 1.83801, Spectral 0.25131, Gradient 0.42000, Quantile 0.81324) | LR 1.00e-04
2026-06-24 23:16:57,298 INFO Epoch 25 | Batch 900/1186 | Loss 4.24930 (NLL 4.31241 [logdet 1.42762, mahal 1.04691], L1 1.82879, Spectral 0.26330, Gradient 0.43031, Quantile 0.80946) | LR 1.00e-04
2026-06-24 23:17:00,223 INFO Epoch 25 | Batch 950/1186 | Loss 4.32628 (NLL 4.35449 [logdet 1.48510, mahal 1.03151], L1 1.87941, Spectral 0.25672, Gradient 0.42753, Quantile 0.83862) | LR 1.00e-04
2026-06-24 23:17:03,147 INFO Epoch 25 | Batch 1000/1186 | Loss 4.23463 (NLL 4.29523 [logdet 1.43374, mahal 1.02361], L1 1.82590, Spectral 0.25883, Gradient 0.42793, Quantile 0.80106) | LR 1.00e-04
2026-06-24 23:17:06,070 INFO Epoch 25 | Batch 1050/1186 | Loss 4.24704 (NLL 4.31377 [logdet 1.44110, mahal 1.03480], L1 1.82401, Spectral 0.26624, Gradient 0.43764, Quantile 0.81388) | LR 1.00e-04
2026-06-24 23:17:08,992 INFO Epoch 25 | Batch 1100/1186 | Loss 4.27680 (NLL 4.31233 [logdet 1.47082, mahal 1.00363], L1 1.85993, Spectral 0.25878, Gradient 0.42820, Quantile 0.79939) | LR 1.00e-04
2026-06-24 23:17:11,915 INFO Epoch 25 | Batch 1150/1186 | Loss 4.25409 (NLL 4.29387 [logdet 1.43385, mahal 1.02214], L1 1.83943, Spectral 0.25466, Gradient 0.42703, Quantile 0.83294) | LR 1.00e-04
2026-06-24 23:17:18,987 INFO Epoch 25 | Val Loss 4.21731 (NLL 4.28789 [logdet 1.37885, mahal 1.07117], L1 1.79016, Spectral 0.25839, Gradient 0.42808, Quantile 0.89316)
2026-06-24 23:17:21,996 INFO Epoch 26 | Batch 50/1186 | Loss 4.21909 (NLL 4.28100 [logdet 1.42830, mahal 1.01482], L1 1.81702, Spectral 0.26061, Gradient 0.42576, Quantile 0.80108) | LR 1.00e-04
2026-06-24 23:17:24,928 INFO Epoch 26 | Batch 100/1186 | Loss 4.13437 (NLL 4.21404 [logdet 1.35699, mahal 1.01917], L1 1.76960, Spectral 0.25921, Gradient 0.42467, Quantile 0.78672) | LR 1.00e-04
2026-06-24 23:17:27,859 INFO Epoch 26 | Batch 150/1186 | Loss 4.23378 (NLL 4.30826 [logdet 1.41438, mahal 1.05600], L1 1.82005, Spectral 0.25940, Gradient 0.42988, Quantile 0.79415) | LR 1.00e-04
2026-06-24 23:17:30,794 INFO Epoch 26 | Batch 200/1186 | Loss 4.33115 (NLL 4.37048 [logdet 1.46653, mahal 1.06607], L1 1.87342, Spectral 0.26362, Gradient 0.43175, Quantile 0.84306) | LR 1.00e-04
2026-06-24 23:17:33,724 INFO Epoch 26 | Batch 250/1186 | Loss 4.20241 (NLL 4.27371 [logdet 1.42083, mahal 1.01500], L1 1.80127, Spectral 0.25256, Gradient 0.42064, Quantile 0.82101) | LR 1.00e-04
2026-06-24 23:17:36,654 INFO Epoch 26 | Batch 300/1186 | Loss 4.25747 (NLL 4.31202 [logdet 1.43204, mahal 1.04211], L1 1.83707, Spectral 0.25984, Gradient 0.43317, Quantile 0.81347) | LR 1.00e-04
2026-06-24 23:17:39,587 INFO Epoch 26 | Batch 350/1186 | Loss 4.27600 (NLL 4.30580 [logdet 1.46696, mahal 1.00097], L1 1.85314, Spectral 0.25984, Gradient 0.42825, Quantile 0.83666) | LR 1.00e-04
2026-06-24 23:17:42,517 INFO Epoch 26 | Batch 400/1186 | Loss 4.14593 (NLL 4.23387 [logdet 1.40674, mahal 0.98925], L1 1.77102, Spectral 0.25736, Gradient 0.42817, Quantile 0.78959) | LR 1.00e-04
2026-06-24 23:17:45,447 INFO Epoch 26 | Batch 450/1186 | Loss 4.28463 (NLL 4.30837 [logdet 1.45791, mahal 1.01258], L1 1.86049, Spectral 0.26611, Gradient 0.44069, Quantile 0.82976) | LR 1.00e-04
2026-06-24 23:17:48,384 INFO Epoch 26 | Batch 500/1186 | Loss 4.26267 (NLL 4.30408 [logdet 1.44206, mahal 1.02415], L1 1.84667, Spectral 0.25852, Gradient 0.42780, Quantile 0.81318) | LR 1.00e-04
2026-06-24 23:17:51,314 INFO Epoch 26 | Batch 550/1186 | Loss 4.34147 (NLL 4.34341 [logdet 1.47484, mahal 1.03069], L1 1.89437, Spectral 0.27038, Gradient 0.44193, Quantile 0.84776) | LR 1.00e-04
2026-06-24 23:17:54,245 INFO Epoch 26 | Batch 600/1186 | Loss 4.42137 (NLL 4.40424 [logdet 1.52643, mahal 1.03993], L1 1.93668, Spectral 0.26934, Gradient 0.44251, Quantile 0.87865) | LR 1.00e-04
2026-06-24 23:17:57,176 INFO Epoch 26 | Batch 650/1186 | Loss 4.19249 (NLL 4.27677 [logdet 1.41570, mahal 1.02319], L1 1.79835, Spectral 0.25968, Gradient 0.42660, Quantile 0.77788) | LR 1.00e-04
2026-06-24 23:18:00,108 INFO Epoch 26 | Batch 700/1186 | Loss 4.24871 (NLL 4.29930 [logdet 1.44874, mahal 1.01269], L1 1.83458, Spectral 0.26497, Gradient 0.44114, Quantile 0.80829) | LR 1.00e-04
2026-06-24 23:18:03,041 INFO Epoch 26 | Batch 750/1186 | Loss 4.21481 (NLL 4.29692 [logdet 1.43056, mahal 1.02848], L1 1.80393, Spectral 0.25806, Gradient 0.42724, Quantile 0.80733) | LR 1.00e-04
2026-06-24 23:18:05,976 INFO Epoch 26 | Batch 800/1186 | Loss 4.28835 (NLL 4.31823 [logdet 1.42123, mahal 1.05912], L1 1.85765, Spectral 0.26136, Gradient 0.42856, Quantile 0.84180) | LR 1.00e-04
2026-06-24 23:18:08,911 INFO Epoch 26 | Batch 850/1186 | Loss 4.17727 (NLL 4.24519 [logdet 1.41889, mahal 0.98842], L1 1.79517, Spectral 0.25949, Gradient 0.42929, Quantile 0.79364) | LR 1.00e-04
2026-06-24 23:18:11,845 INFO Epoch 26 | Batch 900/1186 | Loss 4.31587 (NLL 4.35446 [logdet 1.45352, mahal 1.06306], L1 1.87014, Spectral 0.25990, Gradient 0.43057, Quantile 0.83051) | LR 1.00e-04
2026-06-24 23:18:14,776 INFO Epoch 26 | Batch 950/1186 | Loss 4.31390 (NLL 4.34080 [logdet 1.46908, mahal 1.03384], L1 1.87842, Spectral 0.25182, Gradient 0.42453, Quantile 0.82502) | LR 1.00e-04
2026-06-24 23:18:17,707 INFO Epoch 26 | Batch 1000/1186 | Loss 4.30750 (NLL 4.33738 [logdet 1.47985, mahal 1.01965], L1 1.87056, Spectral 0.26311, Gradient 0.43265, Quantile 0.82600) | LR 1.00e-04
2026-06-24 23:18:20,641 INFO Epoch 26 | Batch 1050/1186 | Loss 4.23375 (NLL 4.28865 [logdet 1.43382, mahal 1.01695], L1 1.82774, Spectral 0.25805, Gradient 0.42590, Quantile 0.80429) | LR 1.00e-04
2026-06-24 23:18:23,578 INFO Epoch 26 | Batch 1100/1186 | Loss 4.27435 (NLL 4.30754 [logdet 1.42853, mahal 1.04113], L1 1.85454, Spectral 0.25735, Gradient 0.42424, Quantile 0.82309) | LR 1.00e-04
2026-06-24 23:18:26,509 INFO Epoch 26 | Batch 1150/1186 | Loss 4.17778 (NLL 4.25716 [logdet 1.44657, mahal 0.97271], L1 1.79420, Spectral 0.25200, Gradient 0.42219, Quantile 0.78303) | LR 1.00e-04
2026-06-24 23:18:33,563 INFO Epoch 26 | Val Loss 4.21067 (NLL 4.29527 [logdet 1.34012, mahal 1.11727], L1 1.78913, Spectral 0.25818, Gradient 0.42750, Quantile 0.85479)
2026-06-24 23:18:36,566 INFO Epoch 27 | Batch 50/1186 | Loss 4.19145 (NLL 4.26481 [logdet 1.40375, mahal 1.02318], L1 1.79877, Spectral 0.25789, Gradient 0.42830, Quantile 0.79855) | LR 1.00e-04
2026-06-24 23:18:39,499 INFO Epoch 27 | Batch 100/1186 | Loss 4.31176 (NLL 4.33906 [logdet 1.47216, mahal 1.02903], L1 1.87334, Spectral 0.26634, Gradient 0.43496, Quantile 0.82519) | LR 1.00e-04
2026-06-24 23:18:42,432 INFO Epoch 27 | Batch 150/1186 | Loss 4.28147 (NLL 4.31383 [logdet 1.44314, mahal 1.03281], L1 1.86022, Spectral 0.25361, Gradient 0.42968, Quantile 0.81996) | LR 1.00e-04
2026-06-24 23:18:45,361 INFO Epoch 27 | Batch 200/1186 | Loss 4.27533 (NLL 4.32178 [logdet 1.46713, mahal 1.01677], L1 1.84493, Spectral 0.26062, Gradient 0.42884, Quantile 0.83393) | LR 1.00e-04
2026-06-24 23:18:48,292 INFO Epoch 27 | Batch 250/1186 | Loss 4.16135 (NLL 4.24562 [logdet 1.41494, mahal 0.99281], L1 1.78010, Spectral 0.25906, Gradient 0.42786, Quantile 0.78970) | LR 1.00e-04
2026-06-24 23:18:51,225 INFO Epoch 27 | Batch 300/1186 | Loss 4.26588 (NLL 4.29696 [logdet 1.44344, mahal 1.01565], L1 1.84647, Spectral 0.27239, Gradient 0.43594, Quantile 0.82717) | LR 1.00e-04
2026-06-24 23:18:54,162 INFO Epoch 27 | Batch 350/1186 | Loss 4.19872 (NLL 4.24806 [logdet 1.39878, mahal 1.01140], L1 1.81243, Spectral 0.25843, Gradient 0.43112, Quantile 0.80616) | LR 1.00e-04
2026-06-24 23:18:57,094 INFO Epoch 27 | Batch 400/1186 | Loss 4.21696 (NLL 4.29243 [logdet 1.41048, mahal 1.04407], L1 1.80707, Spectral 0.25808, Gradient 0.42434, Quantile 0.81254) | LR 1.00e-04
2026-06-24 23:19:00,028 INFO Epoch 27 | Batch 450/1186 | Loss 4.23929 (NLL 4.30818 [logdet 1.45060, mahal 1.01970], L1 1.82261, Spectral 0.25575, Gradient 0.42482, Quantile 0.81051) | LR 1.00e-04
2026-06-24 23:19:02,961 INFO Epoch 27 | Batch 500/1186 | Loss 4.28003 (NLL 4.30785 [logdet 1.43982, mahal 1.03015], L1 1.85860, Spectral 0.26524, Gradient 0.43746, Quantile 0.82061) | LR 1.00e-04
2026-06-24 23:19:05,894 INFO Epoch 27 | Batch 550/1186 | Loss 4.18679 (NLL 4.25734 [logdet 1.39135, mahal 1.02810], L1 1.80172, Spectral 0.25774, Gradient 0.42653, Quantile 0.78268) | LR 1.00e-04
2026-06-24 23:19:08,829 INFO Epoch 27 | Batch 600/1186 | Loss 4.21143 (NLL 4.28500 [logdet 1.43501, mahal 1.01211], L1 1.80642, Spectral 0.25690, Gradient 0.42433, Quantile 0.80897) | LR 1.00e-04
2026-06-24 23:19:11,764 INFO Epoch 27 | Batch 650/1186 | Loss 4.28391 (NLL 4.31657 [logdet 1.45528, mahal 1.02342], L1 1.86088, Spectral 0.26403, Gradient 0.43372, Quantile 0.81045) | LR 1.00e-04
2026-06-24 23:19:14,700 INFO Epoch 27 | Batch 700/1186 | Loss 4.32050 (NLL 4.35595 [logdet 1.48327, mahal 1.03480], L1 1.87585, Spectral 0.25684, Gradient 0.42784, Quantile 0.82626) | LR 1.00e-04
2026-06-24 23:19:17,633 INFO Epoch 27 | Batch 750/1186 | Loss 4.23783 (NLL 4.28460 [logdet 1.44610, mahal 1.00063], L1 1.83306, Spectral 0.25375, Gradient 0.42513, Quantile 0.81215) | LR 1.00e-04
2026-06-24 23:19:20,568 INFO Epoch 27 | Batch 800/1186 | Loss 4.21559 (NLL 4.28250 [logdet 1.40967, mahal 1.03495], L1 1.80831, Spectral 0.25865, Gradient 0.42253, Quantile 0.82167) | LR 1.00e-04
2026-06-24 23:19:23,501 INFO Epoch 27 | Batch 850/1186 | Loss 4.22248 (NLL 4.27378 [logdet 1.41189, mahal 1.02401], L1 1.82219, Spectral 0.25882, Gradient 0.43075, Quantile 0.81049) | LR 1.00e-04
2026-06-24 23:19:26,439 INFO Epoch 27 | Batch 900/1186 | Loss 4.38886 (NLL 4.39123 [logdet 1.48517, mahal 1.06818], L1 1.91722, Spectral 0.26836, Gradient 0.44226, Quantile 0.85257) | LR 1.00e-04
2026-06-24 23:19:29,372 INFO Epoch 27 | Batch 950/1186 | Loss 4.29223 (NLL 4.32789 [logdet 1.48849, mahal 1.00152], L1 1.86620, Spectral 0.25499, Gradient 0.42686, Quantile 0.80920) | LR 1.00e-04
2026-06-24 23:19:32,309 INFO Epoch 27 | Batch 1000/1186 | Loss 4.26983 (NLL 4.32849 [logdet 1.47260, mahal 1.01801], L1 1.83574, Spectral 0.26368, Gradient 0.43218, Quantile 0.83204) | LR 1.00e-04
2026-06-24 23:19:35,242 INFO Epoch 27 | Batch 1050/1186 | Loss 4.32523 (NLL 4.35224 [logdet 1.48689, mahal 1.02748], L1 1.88952, Spectral 0.26013, Gradient 0.43320, Quantile 0.79325) | LR 1.00e-04
2026-06-24 23:19:38,177 INFO Epoch 27 | Batch 1100/1186 | Loss 4.27396 (NLL 4.32709 [logdet 1.46080, mahal 1.02841], L1 1.84202, Spectral 0.26027, Gradient 0.43431, Quantile 0.82964) | LR 1.00e-04
2026-06-24 23:19:41,112 INFO Epoch 27 | Batch 1150/1186 | Loss 4.21823 (NLL 4.25695 [logdet 1.40252, mahal 1.01655], L1 1.82600, Spectral 0.26421, Gradient 0.42675, Quantile 0.80627) | LR 1.00e-04
2026-06-24 23:19:48,214 INFO Epoch 27 | Val Loss 4.20906 (NLL 4.29636 [logdet 1.29664, mahal 1.16185], L1 1.78898, Spectral 0.25799, Gradient 0.42665, Quantile 0.84672)
2026-06-24 23:19:51,213 INFO Epoch 28 | Batch 50/1186 | Loss 4.22432 (NLL 4.30102 [logdet 1.41985, mahal 1.04329], L1 1.80939, Spectral 0.25476, Gradient 0.42542, Quantile 0.81914) | LR 1.00e-04
2026-06-24 23:19:54,152 INFO Epoch 28 | Batch 100/1186 | Loss 4.26597 (NLL 4.31473 [logdet 1.46814, mahal 1.00871], L1 1.85147, Spectral 0.25716, Gradient 0.43320, Quantile 0.78625) | LR 1.00e-04
2026-06-24 23:19:57,090 INFO Epoch 28 | Batch 150/1186 | Loss 4.27070 (NLL 4.31432 [logdet 1.45011, mahal 1.02632], L1 1.84175, Spectral 0.26074, Gradient 0.42801, Quantile 0.84328) | LR 1.00e-04
2026-06-24 23:20:00,024 INFO Epoch 28 | Batch 200/1186 | Loss 4.25719 (NLL 4.30029 [logdet 1.46519, mahal 0.99722], L1 1.84073, Spectral 0.25966, Gradient 0.42758, Quantile 0.82174) | LR 1.00e-04
2026-06-24 23:20:02,959 INFO Epoch 28 | Batch 250/1186 | Loss 4.23525 (NLL 4.28549 [logdet 1.39844, mahal 1.04917], L1 1.82952, Spectral 0.25886, Gradient 0.42853, Quantile 0.80880) | LR 1.00e-04
2026-06-24 23:20:05,892 INFO Epoch 28 | Batch 300/1186 | Loss 4.24360 (NLL 4.31088 [logdet 1.46124, mahal 1.01176], L1 1.81992, Spectral 0.25902, Gradient 0.42642, Quantile 0.83041) | LR 1.00e-04
2026-06-24 23:20:08,828 INFO Epoch 28 | Batch 350/1186 | Loss 4.23270 (NLL 4.29238 [logdet 1.40952, mahal 1.04498], L1 1.83195, Spectral 0.25274, Gradient 0.42699, Quantile 0.78042) | LR 1.00e-04
2026-06-24 23:20:11,763 INFO Epoch 28 | Batch 400/1186 | Loss 4.24637 (NLL 4.27670 [logdet 1.45174, mahal 0.98709], L1 1.83705, Spectral 0.26280, Gradient 0.43162, Quantile 0.83765) | LR 1.00e-04
2026-06-24 23:20:14,701 INFO Epoch 28 | Batch 450/1186 | Loss 4.18901 (NLL 4.26092 [logdet 1.39402, mahal 1.02902], L1 1.80393, Spectral 0.25682, Gradient 0.42131, Quantile 0.77635) | LR 1.00e-04
2026-06-24 23:20:17,638 INFO Epoch 28 | Batch 500/1186 | Loss 4.25134 (NLL 4.30815 [logdet 1.43963, mahal 1.03064], L1 1.83266, Spectral 0.25746, Gradient 0.42527, Quantile 0.81703) | LR 1.00e-04
2026-06-24 23:20:20,572 INFO Epoch 28 | Batch 550/1186 | Loss 4.18799 (NLL 4.25957 [logdet 1.39058, mahal 1.03111], L1 1.80010, Spectral 0.25102, Gradient 0.41957, Quantile 0.79700) | LR 1.00e-04
2026-06-24 23:20:23,510 INFO Epoch 28 | Batch 600/1186 | Loss 4.22798 (NLL 4.28427 [logdet 1.42279, mahal 1.02360], L1 1.81938, Spectral 0.26441, Gradient 0.43696, Quantile 0.81716) | LR 1.00e-04
2026-06-24 23:20:26,446 INFO Epoch 28 | Batch 650/1186 | Loss 4.26210 (NLL 4.28458 [logdet 1.42131, mahal 1.02540], L1 1.85222, Spectral 0.26642, Gradient 0.43549, Quantile 0.81972) | LR 1.00e-04
2026-06-24 23:20:29,382 INFO Epoch 28 | Batch 700/1186 | Loss 4.26784 (NLL 4.32933 [logdet 1.46485, mahal 1.02661], L1 1.84079, Spectral 0.25690, Gradient 0.43111, Quantile 0.80835) | LR 1.00e-04
2026-06-24 23:20:32,313 INFO Epoch 28 | Batch 750/1186 | Loss 4.25128 (NLL 4.28038 [logdet 1.41115, mahal 1.03135], L1 1.84196, Spectral 0.26336, Gradient 0.43241, Quantile 0.82941) | LR 1.00e-04
2026-06-24 23:20:35,250 INFO Epoch 28 | Batch 800/1186 | Loss 4.28010 (NLL 4.30614 [logdet 1.45769, mahal 1.01057], L1 1.85981, Spectral 0.26314, Gradient 0.43134, Quantile 0.82173) | LR 1.00e-04
2026-06-24 23:20:38,184 INFO Epoch 28 | Batch 850/1186 | Loss 4.29912 (NLL 4.34780 [logdet 1.47558, mahal 1.03434], L1 1.86159, Spectral 0.25569, Gradient 0.43246, Quantile 0.81481) | LR 1.00e-04
2026-06-24 23:20:41,119 INFO Epoch 28 | Batch 900/1186 | Loss 4.17965 (NLL 4.25123 [logdet 1.41714, mahal 0.99621], L1 1.79677, Spectral 0.25728, Gradient 0.42630, Quantile 0.78678) | LR 1.00e-04
2026-06-24 23:20:44,054 INFO Epoch 28 | Batch 950/1186 | Loss 4.24440 (NLL 4.30255 [logdet 1.43017, mahal 1.03451], L1 1.82662, Spectral 0.26321, Gradient 0.42994, Quantile 0.81870) | LR 1.00e-04
2026-06-24 23:20:46,990 INFO Epoch 28 | Batch 1000/1186 | Loss 4.21571 (NLL 4.28116 [logdet 1.44924, mahal 0.99404], L1 1.81463, Spectral 0.26294, Gradient 0.43374, Quantile 0.79404) | LR 1.00e-04
2026-06-24 23:20:49,925 INFO Epoch 28 | Batch 1050/1186 | Loss 4.28942 (NLL 4.30589 [logdet 1.40450, mahal 1.06352], L1 1.86442, Spectral 0.26588, Gradient 0.43408, Quantile 0.83884) | LR 1.00e-04
2026-06-24 23:20:52,863 INFO Epoch 28 | Batch 1100/1186 | Loss 4.28037 (NLL 4.32187 [logdet 1.45547, mahal 1.02853], L1 1.85082, Spectral 0.26663, Gradient 0.43051, Quantile 0.82377) | LR 1.00e-04
2026-06-24 23:20:55,798 INFO Epoch 28 | Batch 1150/1186 | Loss 4.26175 (NLL 4.30360 [logdet 1.45147, mahal 1.01426], L1 1.84645, Spectral 0.25948, Gradient 0.42785, Quantile 0.81027) | LR 1.00e-04
2026-06-24 23:21:02,877 INFO Epoch 28 | Val Loss 4.21185 (NLL 4.29528 [logdet 1.51402, mahal 0.94338], L1 1.79383, Spectral 0.25784, Gradient 0.42645, Quantile 0.84057)
2026-06-24 23:21:05,898 INFO Epoch 29 | Batch 50/1186 | Loss 4.26943 (NLL 4.32371 [logdet 1.47009, mahal 1.01574], L1 1.84384, Spectral 0.25592, Gradient 0.42218, Quantile 0.81512) | LR 1.00e-04
2026-06-24 23:21:08,834 INFO Epoch 29 | Batch 100/1186 | Loss 4.31139 (NLL 4.32332 [logdet 1.49405, mahal 0.99139], L1 1.87871, Spectral 0.26424, Gradient 0.43409, Quantile 0.83629) | LR 1.00e-04
2026-06-24 23:21:11,774 INFO Epoch 29 | Batch 150/1186 | Loss 4.17750 (NLL 4.26164 [logdet 1.38199, mahal 1.04178], L1 1.78782, Spectral 0.25801, Gradient 0.43066, Quantile 0.79258) | LR 1.00e-04
2026-06-24 23:21:14,709 INFO Epoch 29 | Batch 200/1186 | Loss 4.39047 (NLL 4.39659 [logdet 1.50968, mahal 1.04903], L1 1.92061, Spectral 0.26794, Gradient 0.44644, Quantile 0.83446) | LR 1.00e-04
2026-06-24 23:21:17,643 INFO Epoch 29 | Batch 250/1186 | Loss 4.28544 (NLL 4.33408 [logdet 1.46885, mahal 1.02735], L1 1.85194, Spectral 0.25868, Gradient 0.43019, Quantile 0.82334) | LR 1.00e-04
2026-06-24 23:21:20,579 INFO Epoch 29 | Batch 300/1186 | Loss 4.25823 (NLL 4.30585 [logdet 1.43388, mahal 1.03409], L1 1.84355, Spectral 0.26403, Gradient 0.43448, Quantile 0.79806) | LR 1.00e-04
2026-06-24 23:21:23,516 INFO Epoch 29 | Batch 350/1186 | Loss 4.15019 (NLL 4.23278 [logdet 1.40844, mahal 0.98646], L1 1.77646, Spectral 0.25116, Gradient 0.41762, Quantile 0.79374) | LR 1.00e-04
2026-06-24 23:21:26,451 INFO Epoch 29 | Batch 400/1186 | Loss 4.36617 (NLL 4.37699 [logdet 1.48300, mahal 1.05611], L1 1.90434, Spectral 0.26918, Gradient 0.43988, Quantile 0.84052) | LR 1.00e-04
2026-06-24 23:21:29,391 INFO Epoch 29 | Batch 450/1186 | Loss 4.27846 (NLL 4.31821 [logdet 1.47495, mahal 1.00538], L1 1.85362, Spectral 0.26532, Gradient 0.43407, Quantile 0.81319) | LR 1.00e-04
2026-06-24 23:21:32,326 INFO Epoch 29 | Batch 500/1186 | Loss 4.16357 (NLL 4.25335 [logdet 1.40546, mahal 1.01000], L1 1.77920, Spectral 0.25577, Gradient 0.42497, Quantile 0.79018) | LR 1.00e-04
2026-06-24 23:21:35,261 INFO Epoch 29 | Batch 550/1186 | Loss 4.22264 (NLL 4.27710 [logdet 1.43328, mahal 1.00594], L1 1.82051, Spectral 0.26054, Gradient 0.42479, Quantile 0.80951) | LR 1.00e-04
2026-06-24 23:21:38,196 INFO Epoch 29 | Batch 600/1186 | Loss 4.21885 (NLL 4.28407 [logdet 1.42007, mahal 1.02612], L1 1.81531, Spectral 0.25416, Gradient 0.42453, Quantile 0.80768) | LR 1.00e-04
2026-06-24 23:21:41,134 INFO Epoch 29 | Batch 650/1186 | Loss 4.21987 (NLL 4.28732 [logdet 1.42522, mahal 1.02422], L1 1.81388, Spectral 0.25951, Gradient 0.42504, Quantile 0.80542) | LR 1.00e-04
2026-06-24 23:21:44,074 INFO Epoch 29 | Batch 700/1186 | Loss 4.33656 (NLL 4.35507 [logdet 1.47317, mahal 1.04402], L1 1.88594, Spectral 0.24817, Gradient 0.42413, Quantile 0.86219) | LR 1.00e-04
2026-06-24 23:21:47,011 INFO Epoch 29 | Batch 750/1186 | Loss 4.21424 (NLL 4.25247 [logdet 1.39194, mahal 1.02265], L1 1.82235, Spectral 0.25977, Gradient 0.42842, Quantile 0.81888) | LR 1.00e-04
2026-06-24 23:21:49,948 INFO Epoch 29 | Batch 800/1186 | Loss 4.24749 (NLL 4.30207 [logdet 1.43888, mahal 1.02532], L1 1.83706, Spectral 0.26194, Gradient 0.43426, Quantile 0.79050) | LR 1.00e-04
2026-06-24 23:21:52,884 INFO Epoch 29 | Batch 850/1186 | Loss 4.25794 (NLL 4.29242 [logdet 1.47057, mahal 0.98397], L1 1.84097, Spectral 0.26413, Gradient 0.43301, Quantile 0.83533) | LR 1.00e-04
2026-06-24 23:21:55,826 INFO Epoch 29 | Batch 900/1186 | Loss 4.15797 (NLL 4.23743 [logdet 1.38386, mahal 1.01570], L1 1.78010, Spectral 0.25968, Gradient 0.42544, Quantile 0.79205) | LR 1.00e-04
2026-06-24 23:21:58,762 INFO Epoch 29 | Batch 950/1186 | Loss 4.25866 (NLL 4.31959 [logdet 1.43599, mahal 1.04572], L1 1.83709, Spectral 0.25324, Gradient 0.42335, Quantile 0.80983) | LR 1.00e-04
2026-06-24 23:22:01,701 INFO Epoch 29 | Batch 1000/1186 | Loss 4.12733 (NLL 4.21037 [logdet 1.36172, mahal 1.01077], L1 1.76380, Spectral 0.25946, Gradient 0.42593, Quantile 0.78891) | LR 1.00e-04
2026-06-24 23:22:04,637 INFO Epoch 29 | Batch 1050/1186 | Loss 4.17898 (NLL 4.23651 [logdet 1.40481, mahal 0.99382], L1 1.80177, Spectral 0.25734, Gradient 0.42041, Quantile 0.79377) | LR 1.00e-04
2026-06-24 23:22:07,577 INFO Epoch 29 | Batch 1100/1186 | Loss 4.23606 (NLL 4.28381 [logdet 1.41248, mahal 1.03345], L1 1.82870, Spectral 0.25599, Gradient 0.42712, Quantile 0.82214) | LR 1.00e-04
2026-06-24 23:22:10,514 INFO Epoch 29 | Batch 1150/1186 | Loss 4.30608 (NLL 4.32654 [logdet 1.42469, mahal 1.06397], L1 1.87329, Spectral 0.26374, Gradient 0.43526, Quantile 0.83060) | LR 1.00e-04
2026-06-24 23:22:17,584 INFO Epoch 29 | Val Loss 4.20594 (NLL 4.29690 [logdet 1.47483, mahal 0.98419], L1 1.79479, Spectral 0.25792, Gradient 0.42783, Quantile 0.80862)
2026-06-24 23:22:20,604 INFO Epoch 30 | Batch 50/1186 | Loss 4.30425 (NLL 4.33896 [logdet 1.49368, mahal 1.00740], L1 1.86929, Spectral 0.25722, Gradient 0.43381, Quantile 0.82079) | LR 1.00e-04
2026-06-24 23:22:23,545 INFO Epoch 30 | Batch 100/1186 | Loss 4.23111 (NLL 4.28357 [logdet 1.42734, mahal 1.01835], L1 1.82363, Spectral 0.26316, Gradient 0.42858, Quantile 0.81539) | LR 1.00e-04
2026-06-24 23:22:26,486 INFO Epoch 30 | Batch 150/1186 | Loss 4.21836 (NLL 4.30112 [logdet 1.41776, mahal 1.04549], L1 1.81082, Spectral 0.24945, Gradient 0.42321, Quantile 0.79399) | LR 1.00e-04
2026-06-24 23:22:29,425 INFO Epoch 30 | Batch 200/1186 | Loss 4.18989 (NLL 4.26339 [logdet 1.41008, mahal 1.01543], L1 1.79444, Spectral 0.25895, Gradient 0.42606, Quantile 0.81191) | LR 1.00e-04
2026-06-24 23:22:32,363 INFO Epoch 30 | Batch 250/1186 | Loss 4.25597 (NLL 4.28487 [logdet 1.44585, mahal 1.00113], L1 1.84882, Spectral 0.25794, Gradient 0.42576, Quantile 0.81694) | LR 1.00e-04
2026-06-24 23:22:35,302 INFO Epoch 30 | Batch 300/1186 | Loss 4.28261 (NLL 4.31483 [logdet 1.42632, mahal 1.05064], L1 1.85871, Spectral 0.26345, Gradient 0.43281, Quantile 0.81833) | LR 1.00e-04
2026-06-24 23:22:38,241 INFO Epoch 30 | Batch 350/1186 | Loss 4.25197 (NLL 4.29882 [logdet 1.43851, mahal 1.02244], L1 1.83944, Spectral 0.25763, Gradient 0.42624, Quantile 0.81067) | LR 1.00e-04
2026-06-24 23:22:41,179 INFO Epoch 30 | Batch 400/1186 | Loss 4.28236 (NLL 4.33971 [logdet 1.45820, mahal 1.04363], L1 1.84710, Spectral 0.27154, Gradient 0.43618, Quantile 0.80513) | LR 1.00e-04
2026-06-24 23:22:44,118 INFO Epoch 30 | Batch 450/1186 | Loss 4.12378 (NLL 4.20304 [logdet 1.39766, mahal 0.96750], L1 1.76659, Spectral 0.25236, Gradient 0.41954, Quantile 0.78548) | LR 1.00e-04
2026-06-24 23:22:47,056 INFO Epoch 30 | Batch 500/1186 | Loss 4.24111 (NLL 4.28899 [logdet 1.43534, mahal 1.01577], L1 1.83423, Spectral 0.26244, Gradient 0.43137, Quantile 0.80240) | LR 1.00e-04
2026-06-24 23:22:49,995 INFO Epoch 30 | Batch 550/1186 | Loss 4.20154 (NLL 4.25588 [logdet 1.37435, mahal 1.04365], L1 1.81261, Spectral 0.25804, Gradient 0.42593, Quantile 0.80137) | LR 1.00e-04
2026-06-24 23:22:52,934 INFO Epoch 30 | Batch 600/1186 | Loss 4.18577 (NLL 4.25324 [logdet 1.42713, mahal 0.98823], L1 1.80165, Spectral 0.26043, Gradient 0.42944, Quantile 0.78435) | LR 1.00e-04
2026-06-24 23:22:55,872 INFO Epoch 30 | Batch 650/1186 | Loss 4.20363 (NLL 4.26919 [logdet 1.39418, mahal 1.03713], L1 1.80268, Spectral 0.26026, Gradient 0.43127, Quantile 0.82122) | LR 1.00e-04
2026-06-24 23:22:58,810 INFO Epoch 30 | Batch 700/1186 | Loss 4.27887 (NLL 4.32094 [logdet 1.45108, mahal 1.03199], L1 1.85243, Spectral 0.26715, Gradient 0.43961, Quantile 0.81217) | LR 1.00e-04
2026-06-24 23:23:01,745 INFO Epoch 30 | Batch 750/1186 | Loss 4.33111 (NLL 4.34650 [logdet 1.46128, mahal 1.04735], L1 1.88431, Spectral 0.25942, Gradient 0.42960, Quantile 0.85199) | LR 1.00e-04
2026-06-24 23:23:04,683 INFO Epoch 30 | Batch 800/1186 | Loss 4.25112 (NLL 4.28653 [logdet 1.47465, mahal 0.97400], L1 1.83963, Spectral 0.26206, Gradient 0.43544, Quantile 0.82701) | LR 1.00e-04
2026-06-24 23:23:07,624 INFO Epoch 30 | Batch 850/1186 | Loss 4.27555 (NLL 4.33421 [logdet 1.48318, mahal 1.01315], L1 1.84599, Spectral 0.26286, Gradient 0.43214, Quantile 0.80225) | LR 1.00e-04
2026-06-24 23:23:10,564 INFO Epoch 30 | Batch 900/1186 | Loss 4.27564 (NLL 4.31321 [logdet 1.44597, mahal 1.02936], L1 1.85176, Spectral 0.26360, Gradient 0.43020, Quantile 0.82151) | LR 1.00e-04
2026-06-24 23:23:13,504 INFO Epoch 30 | Batch 950/1186 | Loss 4.30027 (NLL 4.33306 [logdet 1.46512, mahal 1.03007], L1 1.86631, Spectral 0.25866, Gradient 0.43099, Quantile 0.82741) | LR 1.00e-04
2026-06-24 23:23:16,441 INFO Epoch 30 | Batch 1000/1186 | Loss 4.24295 (NLL 4.29337 [logdet 1.42435, mahal 1.03114], L1 1.83492, Spectral 0.25255, Gradient 0.42331, Quantile 0.80878) | LR 1.00e-04
2026-06-24 23:23:19,376 INFO Epoch 30 | Batch 1050/1186 | Loss 4.22050 (NLL 4.29038 [logdet 1.41747, mahal 1.03504], L1 1.81118, Spectral 0.25799, Gradient 0.42671, Quantile 0.81450) | LR 1.00e-04
2026-06-24 23:23:22,317 INFO Epoch 30 | Batch 1100/1186 | Loss 4.20550 (NLL 4.26132 [logdet 1.42856, mahal 0.99488], L1 1.81247, Spectral 0.25519, Gradient 0.42431, Quantile 0.81020) | LR 1.00e-04
2026-06-24 23:23:25,257 INFO Epoch 30 | Batch 1150/1186 | Loss 4.31932 (NLL 4.33984 [logdet 1.44931, mahal 1.05265], L1 1.87892, Spectral 0.25932, Gradient 0.43119, Quantile 0.83936) | LR 1.00e-04
2026-06-24 23:23:32,332 INFO Epoch 30 | Val Loss 4.19801 (NLL 4.28586 [logdet 1.38134, mahal 1.06665], L1 1.78372, Spectral 0.25755, Gradient 0.42571, Quantile 0.84498)
2026-06-24 23:23:32,407 INFO New best val loss: 4.19801 (saved checkpoints/best.pth)
2026-06-24 23:23:35,363 INFO Epoch 31 | Batch 50/1186 | Loss 4.25839 (NLL 4.29805 [logdet 1.39111, mahal 1.06906], L1 1.84696, Spectral 0.26117, Gradient 0.42438, Quantile 0.80394) | LR 1.00e-04
2026-06-24 23:23:38,291 INFO Epoch 31 | Batch 100/1186 | Loss 4.25700 (NLL 4.30487 [logdet 1.43195, mahal 1.03504], L1 1.84380, Spectral 0.25455, Gradient 0.43059, Quantile 0.80416) | LR 1.00e-04
2026-06-24 23:23:41,220 INFO Epoch 31 | Batch 150/1186 | Loss 4.28969 (NLL 4.32376 [logdet 1.48818, mahal 0.99770], L1 1.85891, Spectral 0.25901, Gradient 0.43166, Quantile 0.83308) | LR 1.00e-04
2026-06-24 23:23:44,150 INFO Epoch 31 | Batch 200/1186 | Loss 4.16180 (NLL 4.24855 [logdet 1.40630, mahal 1.00437], L1 1.77888, Spectral 0.25882, Gradient 0.42666, Quantile 0.79081) | LR 1.00e-04
2026-06-24 23:23:47,080 INFO Epoch 31 | Batch 250/1186 | Loss 4.26153 (NLL 4.32026 [logdet 1.46864, mahal 1.01375], L1 1.83572, Spectral 0.26111, Gradient 0.43115, Quantile 0.81749) | LR 1.00e-04
2026-06-24 23:23:50,010 INFO Epoch 31 | Batch 300/1186 | Loss 4.20485 (NLL 4.25994 [logdet 1.41822, mahal 1.00384], L1 1.81374, Spectral 0.26277, Gradient 0.43497, Quantile 0.79686) | LR 1.00e-04
2026-06-24 23:23:52,938 INFO Epoch 31 | Batch 350/1186 | Loss 4.26213 (NLL 4.30717 [logdet 1.44142, mahal 1.02788], L1 1.84393, Spectral 0.25722, Gradient 0.42983, Quantile 0.81729) | LR 1.00e-04
2026-06-24 23:23:55,868 INFO Epoch 31 | Batch 400/1186 | Loss 4.19792 (NLL 4.25817 [logdet 1.41896, mahal 1.00133], L1 1.80947, Spectral 0.26352, Gradient 0.42756, Quantile 0.78881) | LR 1.00e-04
2026-06-24 23:23:58,795 INFO Epoch 31 | Batch 450/1186 | Loss 4.18888 (NLL 4.26777 [logdet 1.38788, mahal 1.04202], L1 1.79477, Spectral 0.25981, Gradient 0.42522, Quantile 0.79633) | LR 1.00e-04
2026-06-24 23:24:01,725 INFO Epoch 31 | Batch 500/1186 | Loss 4.23891 (NLL 4.28597 [logdet 1.41234, mahal 1.03575], L1 1.82532, Spectral 0.26478, Gradient 0.43069, Quantile 0.83404) | LR 1.00e-04
2026-06-24 23:24:04,657 INFO Epoch 31 | Batch 550/1186 | Loss 4.34457 (NLL 4.35063 [logdet 1.47776, mahal 1.03499], L1 1.90017, Spectral 0.25916, Gradient 0.42978, Quantile 0.83374) | LR 1.00e-04
2026-06-24 23:24:07,586 INFO Epoch 31 | Batch 600/1186 | Loss 4.21750 (NLL 4.27698 [logdet 1.44311, mahal 0.99599], L1 1.81687, Spectral 0.26328, Gradient 0.43204, Quantile 0.80048) | LR 1.00e-04
2026-06-24 23:24:10,516 INFO Epoch 31 | Batch 650/1186 | Loss 4.23089 (NLL 4.29564 [logdet 1.43026, mahal 1.02750], L1 1.82067, Spectral 0.25486, Gradient 0.42303, Quantile 0.81073) | LR 1.00e-04
2026-06-24 23:24:13,443 INFO Epoch 31 | Batch 700/1186 | Loss 4.26310 (NLL 4.29084 [logdet 1.42297, mahal 1.02999], L1 1.84903, Spectral 0.26258, Gradient 0.42859, Quantile 0.82828) | LR 1.00e-04
2026-06-24 23:24:16,372 INFO Epoch 31 | Batch 750/1186 | Loss 4.19551 (NLL 4.25600 [logdet 1.42288, mahal 0.99524], L1 1.80503, Spectral 0.25915, Gradient 0.42894, Quantile 0.80638) | LR 1.00e-04
2026-06-24 23:24:19,301 INFO Epoch 31 | Batch 800/1186 | Loss 4.20528 (NLL 4.28244 [logdet 1.40927, mahal 1.03530], L1 1.80733, Spectral 0.24912, Gradient 0.41960, Quantile 0.79335) | LR 1.00e-04
2026-06-24 23:24:22,232 INFO Epoch 31 | Batch 850/1186 | Loss 4.32150 (NLL 4.34399 [logdet 1.48444, mahal 1.02167], L1 1.88238, Spectral 0.26141, Gradient 0.43327, Quantile 0.82316) | LR 1.00e-04
2026-06-24 23:24:25,160 INFO Epoch 31 | Batch 900/1186 | Loss 4.28925 (NLL 4.33583 [logdet 1.47146, mahal 1.02649], L1 1.85592, Spectral 0.25393, Gradient 0.42140, Quantile 0.82425) | LR 1.00e-04
2026-06-24 23:24:28,094 INFO Epoch 31 | Batch 950/1186 | Loss 4.25890 (NLL 4.31021 [logdet 1.48547, mahal 0.98687], L1 1.84289, Spectral 0.25733, Gradient 0.43104, Quantile 0.80173) | LR 1.00e-04
2026-06-24 23:24:31,020 INFO Epoch 31 | Batch 1000/1186 | Loss 4.22220 (NLL 4.26977 [logdet 1.42012, mahal 1.01177], L1 1.82355, Spectral 0.25637, Gradient 0.43148, Quantile 0.81463) | LR 1.00e-04
2026-06-24 23:24:33,946 INFO Epoch 31 | Batch 1050/1186 | Loss 4.23132 (NLL 4.27714 [logdet 1.42387, mahal 1.01540], L1 1.82929, Spectral 0.26380, Gradient 0.43316, Quantile 0.80537) | LR 1.00e-04
2026-06-24 23:24:36,874 INFO Epoch 31 | Batch 1100/1186 | Loss 4.20080 (NLL 4.27253 [logdet 1.40843, mahal 1.02623], L1 1.80163, Spectral 0.25894, Gradient 0.42554, Quantile 0.80837) | LR 1.00e-04
2026-06-24 23:24:39,803 INFO Epoch 31 | Batch 1150/1186 | Loss 4.27426 (NLL 4.30880 [logdet 1.44813, mahal 1.02280], L1 1.85029, Spectral 0.26383, Gradient 0.43490, Quantile 0.83070) | LR 1.00e-04
2026-06-24 23:24:46,845 INFO Epoch 31 | Val Loss 4.20935 (NLL 4.29670 [logdet 1.34693, mahal 1.11189], L1 1.78325, Spectral 0.25757, Gradient 0.42555, Quantile 0.87145)
2026-06-24 23:24:49,842 INFO Epoch 32 | Batch 50/1186 | Loss 4.21738 (NLL 4.27713 [logdet 1.39520, mahal 1.04405], L1 1.82018, Spectral 0.26155, Gradient 0.42440, Quantile 0.78791) | LR 1.00e-04
2026-06-24 23:24:52,780 INFO Epoch 32 | Batch 100/1186 | Loss 4.18525 (NLL 4.24863 [logdet 1.40509, mahal 1.00566], L1 1.80097, Spectral 0.26028, Gradient 0.42718, Quantile 0.79473) | LR 1.00e-04
2026-06-24 23:24:55,716 INFO Epoch 32 | Batch 150/1186 | Loss 4.29773 (NLL 4.32260 [logdet 1.44930, mahal 1.03542], L1 1.86906, Spectral 0.25451, Gradient 0.42729, Quantile 0.83162) | LR 1.00e-04
2026-06-24 23:24:58,649 INFO Epoch 32 | Batch 200/1186 | Loss 4.19032 (NLL 4.25988 [logdet 1.44952, mahal 0.97249], L1 1.79937, Spectral 0.25481, Gradient 0.42694, Quantile 0.80493) | LR 1.00e-04
2026-06-24 23:25:01,582 INFO Epoch 32 | Batch 250/1186 | Loss 4.18145 (NLL 4.24531 [logdet 1.39542, mahal 1.01201], L1 1.79656, Spectral 0.25660, Gradient 0.42757, Quantile 0.80808) | LR 1.00e-04
2026-06-24 23:25:04,517 INFO Epoch 32 | Batch 300/1186 | Loss 4.33427 (NLL 4.35219 [logdet 1.43424, mahal 1.08007], L1 1.89124, Spectral 0.26603, Gradient 0.43396, Quantile 0.81740) | LR 1.00e-04
2026-06-24 23:25:07,454 INFO Epoch 32 | Batch 350/1186 | Loss 4.37304 (NLL 4.37065 [logdet 1.50485, mahal 1.02793], L1 1.90976, Spectral 0.26690, Gradient 0.43458, Quantile 0.86221) | LR 1.00e-04
2026-06-24 23:25:10,390 INFO Epoch 32 | Batch 400/1186 | Loss 4.22071 (NLL 4.28151 [logdet 1.44728, mahal 0.99636], L1 1.81788, Spectral 0.25702, Gradient 0.43184, Quantile 0.80691) | LR 1.00e-04
2026-06-24 23:25:13,327 INFO Epoch 32 | Batch 450/1186 | Loss 4.18410 (NLL 4.27451 [logdet 1.44098, mahal 0.99565], L1 1.78987, Spectral 0.25676, Gradient 0.42669, Quantile 0.78613) | LR 1.00e-04
2026-06-24 23:25:16,260 INFO Epoch 32 | Batch 500/1186 | Loss 4.18271 (NLL 4.24816 [logdet 1.39265, mahal 1.01763], L1 1.80048, Spectral 0.25918, Gradient 0.42872, Quantile 0.78839) | LR 1.00e-04
2026-06-24 23:25:19,196 INFO Epoch 32 | Batch 550/1186 | Loss 4.11830 (NLL 4.20585 [logdet 1.31912, mahal 1.04886], L1 1.76072, Spectral 0.25524, Gradient 0.41851, Quantile 0.77819) | LR 1.00e-04
2026-06-24 23:25:22,130 INFO Epoch 32 | Batch 600/1186 | Loss 4.17523 (NLL 4.25750 [logdet 1.39992, mahal 1.01970], L1 1.78379, Spectral 0.26667, Gradient 0.43405, Quantile 0.79913) | LR 1.00e-04
2026-06-24 23:25:25,068 INFO Epoch 32 | Batch 650/1186 | Loss 4.27715 (NLL 4.32955 [logdet 1.45596, mahal 1.03571], L1 1.85300, Spectral 0.25385, Gradient 0.42686, Quantile 0.79918) | LR 1.00e-04
2026-06-24 23:25:28,007 INFO Epoch 32 | Batch 700/1186 | Loss 4.19583 (NLL 4.25681 [logdet 1.40080, mahal 1.01814], L1 1.80666, Spectral 0.26093, Gradient 0.42842, Quantile 0.79739) | LR 1.00e-04
2026-06-24 23:25:30,941 INFO Epoch 32 | Batch 750/1186 | Loss 4.31439 (NLL 4.36059 [logdet 1.46042, mahal 1.06229], L1 1.86316, Spectral 0.26558, Gradient 0.43948, Quantile 0.83443) | LR 1.00e-04
2026-06-24 23:25:33,878 INFO Epoch 32 | Batch 800/1186 | Loss 4.32250 (NLL 4.35067 [logdet 1.53011, mahal 0.98268], L1 1.87810, Spectral 0.25347, Gradient 0.42201, Quantile 0.83982) | LR 1.00e-04
2026-06-24 23:25:36,815 INFO Epoch 32 | Batch 850/1186 | Loss 4.18434 (NLL 4.25701 [logdet 1.41364, mahal 1.00549], L1 1.79506, Spectral 0.25700, Gradient 0.42538, Quantile 0.80165) | LR 1.00e-04
2026-06-24 23:25:39,755 INFO Epoch 32 | Batch 900/1186 | Loss 4.21245 (NLL 4.26842 [logdet 1.40954, mahal 1.02101], L1 1.81403, Spectral 0.26249, Gradient 0.42860, Quantile 0.80997) | LR 1.00e-04
2026-06-24 23:25:42,693 INFO Epoch 32 | Batch 950/1186 | Loss 4.28381 (NLL 4.30868 [logdet 1.42828, mahal 1.04252], L1 1.86218, Spectral 0.25806, Gradient 0.42837, Quantile 0.82749) | LR 1.00e-04
2026-06-24 23:25:45,629 INFO Epoch 32 | Batch 1000/1186 | Loss 4.32939 (NLL 4.35793 [logdet 1.50679, mahal 1.01326], L1 1.88054, Spectral 0.26338, Gradient 0.43846, Quantile 0.83247) | LR 1.00e-04
2026-06-24 23:25:48,566 INFO Epoch 32 | Batch 1050/1186 | Loss 4.22088 (NLL 4.28088 [logdet 1.41828, mahal 1.02472], L1 1.82034, Spectral 0.25986, Gradient 0.42294, Quantile 0.79577) | LR 1.00e-04
2026-06-24 23:25:51,504 INFO Epoch 32 | Batch 1100/1186 | Loss 4.19006 (NLL 4.25686 [logdet 1.43993, mahal 0.97905], L1 1.80441, Spectral 0.25365, Gradient 0.42829, Quantile 0.79043) | LR 1.00e-04
2026-06-24 23:25:54,437 INFO Epoch 32 | Batch 1150/1186 | Loss 4.32308 (NLL 4.34213 [logdet 1.44640, mahal 1.05785], L1 1.87691, Spectral 0.26894, Gradient 0.44198, Quantile 0.84808) | LR 1.00e-04
2026-06-24 23:26:01,463 INFO Epoch 32 | Val Loss 4.19592 (NLL 4.29832 [logdet 1.34201, mahal 1.11843], L1 1.79224, Spectral 0.25752, Gradient 0.42640, Quantile 0.77510)
2026-06-24 23:26:01,547 INFO New best val loss: 4.19592 (saved checkpoints/best.pth)
2026-06-24 23:26:04,498 INFO Epoch 33 | Batch 50/1186 | Loss 4.25946 (NLL 4.30731 [logdet 1.44637, mahal 1.02307], L1 1.84536, Spectral 0.26703, Gradient 0.43177, Quantile 0.78943) | LR 1.00e-04
2026-06-24 23:26:07,421 INFO Epoch 33 | Batch 100/1186 | Loss 4.24540 (NLL 4.29297 [logdet 1.40558, mahal 1.04951], L1 1.83422, Spectral 0.25701, Gradient 0.43231, Quantile 0.81777) | LR 1.00e-04
2026-06-24 23:26:10,344 INFO Epoch 33 | Batch 150/1186 | Loss 4.25023 (NLL 4.28046 [logdet 1.45985, mahal 0.98273], L1 1.84575, Spectral 0.26966, Gradient 0.43878, Quantile 0.80233) | LR 1.00e-04
2026-06-24 23:26:13,264 INFO Epoch 33 | Batch 200/1186 | Loss 4.22081 (NLL 4.28656 [logdet 1.41265, mahal 1.03604], L1 1.81632, Spectral 0.25941, Gradient 0.42580, Quantile 0.80081) | LR 1.00e-04
2026-06-24 23:26:16,179 INFO Epoch 33 | Batch 250/1186 | Loss 4.23284 (NLL 4.28882 [logdet 1.43360, mahal 1.01735], L1 1.82680, Spectral 0.25227, Gradient 0.42411, Quantile 0.81026) | LR 1.00e-04
2026-06-24 23:26:19,091 INFO Epoch 33 | Batch 300/1186 | Loss 4.32554 (NLL 4.35823 [logdet 1.49132, mahal 1.02903], L1 1.87771, Spectral 0.26256, Gradient 0.43441, Quantile 0.82851) | LR 1.00e-04
2026-06-24 23:26:22,005 INFO Epoch 33 | Batch 350/1186 | Loss 4.29302 (NLL 4.33864 [logdet 1.42543, mahal 1.07533], L1 1.85414, Spectral 0.25856, Gradient 0.43186, Quantile 0.83633) | LR 1.00e-04
2026-06-24 23:26:24,918 INFO Epoch 33 | Batch 400/1186 | Loss 4.17348 (NLL 4.22022 [logdet 1.39003, mahal 0.99232], L1 1.80500, Spectral 0.25686, Gradient 0.42277, Quantile 0.79182) | LR 1.00e-04
2026-06-24 23:26:27,833 INFO Epoch 33 | Batch 450/1186 | Loss 4.20329 (NLL 4.28061 [logdet 1.42128, mahal 1.02146], L1 1.80528, Spectral 0.25113, Gradient 0.41818, Quantile 0.79526) | LR 1.00e-04
2026-06-24 23:26:30,747 INFO Epoch 33 | Batch 500/1186 | Loss 4.23253 (NLL 4.29341 [logdet 1.40401, mahal 1.05152], L1 1.82037, Spectral 0.25668, Gradient 0.42063, Quantile 0.82146) | LR 1.00e-04
2026-06-24 23:26:33,662 INFO Epoch 33 | Batch 550/1186 | Loss 4.23711 (NLL 4.28640 [logdet 1.45216, mahal 0.99636], L1 1.82786, Spectral 0.26188, Gradient 0.42976, Quantile 0.81824) | LR 1.00e-04
2026-06-24 23:26:36,575 INFO Epoch 33 | Batch 600/1186 | Loss 4.25471 (NLL 4.29655 [logdet 1.43670, mahal 1.02198], L1 1.83868, Spectral 0.26286, Gradient 0.43450, Quantile 0.82419) | LR 1.00e-04
2026-06-24 23:26:39,491 INFO Epoch 33 | Batch 650/1186 | Loss 4.22703 (NLL 4.26920 [logdet 1.43254, mahal 0.99879], L1 1.83110, Spectral 0.25835, Gradient 0.42790, Quantile 0.80244) | LR 1.00e-04
2026-06-24 23:26:42,407 INFO Epoch 33 | Batch 700/1186 | Loss 4.25712 (NLL 4.31261 [logdet 1.44581, mahal 1.02892], L1 1.83977, Spectral 0.25616, Gradient 0.42090, Quantile 0.80368) | LR 1.00e-04
2026-06-24 23:26:45,321 INFO Epoch 33 | Batch 750/1186 | Loss 4.23821 (NLL 4.28442 [logdet 1.43508, mahal 1.01146], L1 1.83210, Spectral 0.26008, Gradient 0.43500, Quantile 0.81117) | LR 1.00e-04
2026-06-24 23:26:48,238 INFO Epoch 33 | Batch 800/1186 | Loss 4.14900 (NLL 4.23394 [logdet 1.37378, mahal 1.02228], L1 1.77658, Spectral 0.26176, Gradient 0.42709, Quantile 0.77444) | LR 1.00e-04
2026-06-24 23:26:51,154 INFO Epoch 33 | Batch 850/1186 | Loss 4.22968 (NLL 4.28341 [logdet 1.41115, mahal 1.03438], L1 1.82313, Spectral 0.26366, Gradient 0.43459, Quantile 0.81126) | LR 1.00e-04
2026-06-24 23:26:54,072 INFO Epoch 33 | Batch 900/1186 | Loss 4.20790 (NLL 4.27808 [logdet 1.40980, mahal 1.03041], L1 1.80555, Spectral 0.25525, Gradient 0.42468, Quantile 0.81406) | LR 1.00e-04
2026-06-24 23:26:56,991 INFO Epoch 33 | Batch 950/1186 | Loss 4.20516 (NLL 4.26452 [logdet 1.42084, mahal 1.00581], L1 1.81013, Spectral 0.25770, Gradient 0.42134, Quantile 0.80921) | LR 1.00e-04
2026-06-24 23:26:59,909 INFO Epoch 33 | Batch 1000/1186 | Loss 4.29521 (NLL 4.32003 [logdet 1.46852, mahal 1.01363], L1 1.86585, Spectral 0.26110, Gradient 0.44233, Quantile 0.83261) | LR 1.00e-04
2026-06-24 23:27:02,825 INFO Epoch 33 | Batch 1050/1186 | Loss 4.23689 (NLL 4.29546 [logdet 1.40501, mahal 1.05257], L1 1.82404, Spectral 0.26628, Gradient 0.43681, Quantile 0.80958) | LR 1.00e-04
2026-06-24 23:27:05,740 INFO Epoch 33 | Batch 1100/1186 | Loss 4.25401 (NLL 4.30083 [logdet 1.45672, mahal 1.00623], L1 1.84063, Spectral 0.25629, Gradient 0.42834, Quantile 0.81141) | LR 1.00e-04
2026-06-24 23:27:08,659 INFO Epoch 33 | Batch 1150/1186 | Loss 4.17428 (NLL 4.25231 [logdet 1.40895, mahal 1.00548], L1 1.78983, Spectral 0.25426, Gradient 0.42010, Quantile 0.79436) | LR 1.00e-04
2026-06-24 23:27:15,698 INFO Epoch 33 | Val Loss 4.20914 (NLL 4.28615 [logdet 1.52934, mahal 0.91894], L1 1.79251, Spectral 0.25750, Gradient 0.42658, Quantile 0.85412)
2026-06-24 23:27:18,698 INFO Epoch 34 | Batch 50/1186 | Loss 4.17025 (NLL 4.23648 [logdet 1.38883, mahal 1.00977], L1 1.79585, Spectral 0.25348, Gradient 0.42400, Quantile 0.78627) | LR 1.00e-04
2026-06-24 23:27:21,601 INFO Epoch 34 | Batch 100/1186 | Loss 4.28962 (NLL 4.30848 [logdet 1.46496, mahal 1.00565], L1 1.86558, Spectral 0.26927, Gradient 0.44102, Quantile 0.82573) | LR 1.00e-04
2026-06-24 23:27:24,500 INFO Epoch 34 | Batch 150/1186 | Loss 4.32434 (NLL 4.33792 [logdet 1.45761, mahal 1.04243], L1 1.88408, Spectral 0.26188, Gradient 0.43593, Quantile 0.83997) | LR 1.00e-04
2026-06-24 23:27:27,398 INFO Epoch 34 | Batch 200/1186 | Loss 4.17611 (NLL 4.25474 [logdet 1.42335, mahal 0.99352], L1 1.79084, Spectral 0.25911, Gradient 0.42805, Quantile 0.78739) | LR 1.00e-04
2026-06-24 23:27:30,296 INFO Epoch 34 | Batch 250/1186 | Loss 4.31255 (NLL 4.33510 [logdet 1.43324, mahal 1.06398], L1 1.87594, Spectral 0.26067, Gradient 0.42771, Quantile 0.83204) | LR 1.00e-04
2026-06-24 23:27:33,196 INFO Epoch 34 | Batch 300/1186 | Loss 4.26037 (NLL 4.28940 [logdet 1.47166, mahal 0.97986], L1 1.85210, Spectral 0.24989, Gradient 0.42183, Quantile 0.82089) | LR 1.00e-04
2026-06-24 23:27:36,095 INFO Epoch 34 | Batch 350/1186 | Loss 4.15511 (NLL 4.23251 [logdet 1.36410, mahal 1.03053], L1 1.77598, Spectral 0.25341, Gradient 0.41990, Quantile 0.81428) | LR 1.00e-04
2026-06-24 23:27:38,995 INFO Epoch 34 | Batch 400/1186 | Loss 4.16997 (NLL 4.24493 [logdet 1.40372, mahal 1.00333], L1 1.79052, Spectral 0.26050, Gradient 0.42842, Quantile 0.78212) | LR 1.00e-04
2026-06-24 23:27:41,895 INFO Epoch 34 | Batch 450/1186 | Loss 4.20243 (NLL 4.24602 [logdet 1.41381, mahal 0.99433], L1 1.81775, Spectral 0.26010, Gradient 0.42946, Quantile 0.80197) | LR 1.00e-04
2026-06-24 23:27:44,790 INFO Epoch 34 | Batch 500/1186 | Loss 4.27259 (NLL 4.31619 [logdet 1.41592, mahal 1.06240], L1 1.84625, Spectral 0.25985, Gradient 0.43362, Quantile 0.82942) | LR 1.00e-04
2026-06-24 23:27:47,689 INFO Epoch 34 | Batch 550/1186 | Loss 4.26825 (NLL 4.32833 [logdet 1.45400, mahal 1.03646], L1 1.84032, Spectral 0.25760, Gradient 0.42606, Quantile 0.81337) | LR 1.00e-04
2026-06-24 23:27:50,589 INFO Epoch 34 | Batch 600/1186 | Loss 4.23578 (NLL 4.29510 [logdet 1.44841, mahal 1.00881], L1 1.82568, Spectral 0.25791, Gradient 0.42733, Quantile 0.80800) | LR 1.00e-04
2026-06-24 23:27:53,487 INFO Epoch 34 | Batch 650/1186 | Loss 4.25162 (NLL 4.31412 [logdet 1.44240, mahal 1.03384], L1 1.83262, Spectral 0.25468, Gradient 0.42320, Quantile 0.80896) | LR 1.00e-04
2026-06-24 23:27:56,385 INFO Epoch 34 | Batch 700/1186 | Loss 4.25177 (NLL 4.30821 [logdet 1.45696, mahal 1.01337], L1 1.83676, Spectral 0.25988, Gradient 0.42768, Quantile 0.79906) | LR 1.00e-04
2026-06-24 23:27:59,283 INFO Epoch 34 | Batch 750/1186 | Loss 4.19248 (NLL 4.25940 [logdet 1.41734, mahal 1.00419], L1 1.79861, Spectral 0.26595, Gradient 0.43842, Quantile 0.80599) | LR 1.00e-04
2026-06-24 23:28:02,181 INFO Epoch 34 | Batch 800/1186 | Loss 4.14737 (NLL 4.21714 [logdet 1.39171, mahal 0.98755], L1 1.78267, Spectral 0.26515, Gradient 0.43759, Quantile 0.77345) | LR 1.00e-04
2026-06-24 23:28:05,077 INFO Epoch 34 | Batch 850/1186 | Loss 4.18891 (NLL 4.23349 [logdet 1.36493, mahal 1.03069], L1 1.80656, Spectral 0.26516, Gradient 0.43613, Quantile 0.81279) | LR 1.00e-04
2026-06-24 23:28:07,973 INFO Epoch 34 | Batch 900/1186 | Loss 4.16377 (NLL 4.24431 [logdet 1.36424, mahal 1.04219], L1 1.78741, Spectral 0.25196, Gradient 0.41803, Quantile 0.77985) | LR 1.00e-04
2026-06-24 23:28:10,869 INFO Epoch 34 | Batch 950/1186 | Loss 4.28946 (NLL 4.31191 [logdet 1.49159, mahal 0.98244], L1 1.86025, Spectral 0.26252, Gradient 0.43120, Quantile 0.84745) | LR 1.00e-04
2026-06-24 23:28:13,767 INFO Epoch 34 | Batch 1000/1186 | Loss 4.22740 (NLL 4.30630 [logdet 1.42588, mahal 1.04255], L1 1.81424, Spectral 0.25889, Gradient 0.42049, Quantile 0.79648) | LR 1.00e-04
2026-06-24 23:28:16,665 INFO Epoch 34 | Batch 1050/1186 | Loss 4.32991 (NLL 4.36661 [logdet 1.48999, mahal 1.03875], L1 1.87840, Spectral 0.25625, Gradient 0.43257, Quantile 0.83318) | LR 1.00e-04
2026-06-24 23:28:19,567 INFO Epoch 34 | Batch 1100/1186 | Loss 4.30055 (NLL 4.33740 [logdet 1.49259, mahal 1.00694], L1 1.85925, Spectral 0.26447, Gradient 0.43459, Quantile 0.84261) | LR 1.00e-04
2026-06-24 23:28:22,469 INFO Epoch 34 | Batch 1150/1186 | Loss 4.13754 (NLL 4.23105 [logdet 1.38376, mahal 1.00942], L1 1.76935, Spectral 0.25428, Gradient 0.41287, Quantile 0.77106) | LR 1.00e-04
2026-06-24 23:28:29,512 INFO Epoch 34 | Val Loss 4.20801 (NLL 4.28272 [logdet 1.44399, mahal 1.00085], L1 1.78570, Spectral 0.25710, Gradient 0.42542, Quantile 0.88527)
2026-06-24 23:28:32,527 INFO Epoch 35 | Batch 50/1186 | Loss 4.27245 (NLL 4.31656 [logdet 1.45985, mahal 1.01884], L1 1.84187, Spectral 0.25917, Gradient 0.42463, Quantile 0.84714) | LR 1.00e-04
2026-06-24 23:28:35,459 INFO Epoch 35 | Batch 100/1186 | Loss 4.25047 (NLL 4.28581 [logdet 1.42362, mahal 1.02432], L1 1.84116, Spectral 0.25900, Gradient 0.42884, Quantile 0.82283) | LR 1.00e-04
2026-06-24 23:28:38,397 INFO Epoch 35 | Batch 150/1186 | Loss 4.36645 (NLL 4.37865 [logdet 1.45776, mahal 1.08302], L1 1.90809, Spectral 0.25845, Gradient 0.43310, Quantile 0.83426) | LR 1.00e-04
2026-06-24 23:28:41,331 INFO Epoch 35 | Batch 200/1186 | Loss 4.12728 (NLL 4.21583 [logdet 1.39886, mahal 0.97910], L1 1.76352, Spectral 0.25017, Gradient 0.41265, Quantile 0.78864) | LR 1.00e-04
2026-06-24 23:28:44,269 INFO Epoch 35 | Batch 250/1186 | Loss 4.21942 (NLL 4.26486 [logdet 1.42902, mahal 0.99796], L1 1.81992, Spectral 0.26038, Gradient 0.42917, Quantile 0.82411) | LR 1.00e-04
2026-06-24 23:28:47,201 INFO Epoch 35 | Batch 300/1186 | Loss 4.17024 (NLL 4.23928 [logdet 1.38526, mahal 1.01614], L1 1.79852, Spectral 0.24693, Gradient 0.41737, Quantile 0.77643) | LR 1.00e-04
2026-06-24 23:28:50,137 INFO Epoch 35 | Batch 350/1186 | Loss 4.25562 (NLL 4.27957 [logdet 1.41523, mahal 1.02647], L1 1.84976, Spectral 0.26148, Gradient 0.42744, Quantile 0.81880) | LR 1.00e-04
2026-06-24 23:28:53,070 INFO Epoch 35 | Batch 400/1186 | Loss 4.27717 (NLL 4.32280 [logdet 1.44307, mahal 1.04185], L1 1.85053, Spectral 0.25812, Gradient 0.43018, Quantile 0.81889) | LR 1.00e-04
2026-06-24 23:28:56,001 INFO Epoch 35 | Batch 450/1186 | Loss 4.32966 (NLL 4.33713 [logdet 1.48802, mahal 1.01123], L1 1.89101, Spectral 0.26541, Gradient 0.43169, Quantile 0.83118) | LR 1.00e-04
2026-06-24 23:28:58,935 INFO Epoch 35 | Batch 500/1186 | Loss 4.23828 (NLL 4.30353 [logdet 1.44480, mahal 1.02086], L1 1.82579, Spectral 0.25227, Gradient 0.42223, Quantile 0.80653) | LR 1.00e-04
2026-06-24 23:29:01,867 INFO Epoch 35 | Batch 550/1186 | Loss 4.18807 (NLL 4.25625 [logdet 1.42949, mahal 0.98888], L1 1.79982, Spectral 0.25820, Gradient 0.42780, Quantile 0.79761) | LR 1.00e-04
2026-06-24 23:29:04,804 INFO Epoch 35 | Batch 600/1186 | Loss 4.31219 (NLL 4.33876 [logdet 1.48149, mahal 1.01939], L1 1.87305, Spectral 0.26453, Gradient 0.43539, Quantile 0.83069) | LR 1.00e-04
2026-06-24 23:29:07,739 INFO Epoch 35 | Batch 650/1186 | Loss 4.19264 (NLL 4.25992 [logdet 1.40276, mahal 1.01928], L1 1.80271, Spectral 0.25961, Gradient 0.43069, Quantile 0.79545) | LR 1.00e-04
2026-06-24 23:29:10,672 INFO Epoch 35 | Batch 700/1186 | Loss 4.16244 (NLL 4.24790 [logdet 1.39592, mahal 1.01410], L1 1.78284, Spectral 0.25346, Gradient 0.42279, Quantile 0.78420) | LR 1.00e-04
2026-06-24 23:29:13,606 INFO Epoch 35 | Batch 750/1186 | Loss 4.09794 (NLL 4.23274 [logdet 1.35062, mahal 1.04424], L1 1.72626, Spectral 0.26346, Gradient 0.43007, Quantile 0.77198) | LR 1.00e-04
2026-06-24 23:29:16,538 INFO Epoch 35 | Batch 800/1186 | Loss 4.12671 (NLL 4.22376 [logdet 1.40288, mahal 0.98300], L1 1.75971, Spectral 0.25769, Gradient 0.42314, Quantile 0.77745) | LR 1.00e-04
2026-06-24 23:29:19,475 INFO Epoch 35 | Batch 850/1186 | Loss 4.26856 (NLL 4.30596 [logdet 1.39501, mahal 1.07307], L1 1.84355, Spectral 0.25959, Gradient 0.42777, Quantile 0.84554) | LR 1.00e-04
2026-06-24 23:29:22,411 INFO Epoch 35 | Batch 900/1186 | Loss 4.24459 (NLL 4.28751 [logdet 1.43321, mahal 1.01642], L1 1.83253, Spectral 0.26292, Gradient 0.43078, Quantile 0.82647) | LR 1.00e-04
2026-06-24 23:29:25,344 INFO Epoch 35 | Batch 950/1186 | Loss 4.21480 (NLL 4.27367 [logdet 1.42330, mahal 1.01249], L1 1.81877, Spectral 0.25577, Gradient 0.42929, Quantile 0.79635) | LR 1.00e-04
2026-06-24 23:29:28,280 INFO Epoch 35 | Batch 1000/1186 | Loss 4.24340 (NLL 4.28257 [logdet 1.40571, mahal 1.03898], L1 1.84097, Spectral 0.26021, Gradient 0.42662, Quantile 0.79973) | LR 1.00e-04
2026-06-24 23:29:31,214 INFO Epoch 35 | Batch 1050/1186 | Loss 4.24496 (NLL 4.29434 [logdet 1.45207, mahal 1.00439], L1 1.83032, Spectral 0.26408, Gradient 0.43378, Quantile 0.82173) | LR 1.00e-04
2026-06-24 23:29:34,149 INFO Epoch 35 | Batch 1100/1186 | Loss 4.16040 (NLL 4.23660 [logdet 1.35912, mahal 1.03960], L1 1.78627, Spectral 0.25723, Gradient 0.42437, Quantile 0.78087) | LR 1.00e-04
2026-06-24 23:29:37,082 INFO Epoch 35 | Batch 1150/1186 | Loss 4.28625 (NLL 4.32820 [logdet 1.47098, mahal 1.01935], L1 1.85334, Spectral 0.27118, Gradient 0.44396, Quantile 0.81953) | LR 1.00e-04
2026-06-24 23:29:44,153 INFO Epoch 35 | Val Loss 4.20506 (NLL 4.28345 [logdet 1.49911, mahal 0.94646], L1 1.78713, Spectral 0.25734, Gradient 0.42658, Quantile 0.86527)
2026-06-24 23:29:47,152 INFO Epoch 36 | Batch 50/1186 | Loss 4.27491 (NLL 4.32491 [logdet 1.45135, mahal 1.03568], L1 1.84515, Spectral 0.25638, Gradient 0.42517, Quantile 0.82940) | LR 1.00e-04
2026-06-24 23:29:50,068 INFO Epoch 36 | Batch 100/1186 | Loss 4.29053 (NLL 4.32285 [logdet 1.46180, mahal 1.02318], L1 1.85957, Spectral 0.26363, Gradient 0.43003, Quantile 0.83084) | LR 1.00e-04
2026-06-24 23:29:52,983 INFO Epoch 36 | Batch 150/1186 | Loss 4.25386 (NLL 4.30716 [logdet 1.46967, mahal 0.99961], L1 1.83765, Spectral 0.25755, Gradient 0.42998, Quantile 0.80866) | LR 1.00e-04
2026-06-24 23:29:55,897 INFO Epoch 36 | Batch 200/1186 | Loss 4.21149 (NLL 4.27215 [logdet 1.41233, mahal 1.02194], L1 1.81160, Spectral 0.26218, Gradient 0.43131, Quantile 0.80860) | LR 1.00e-04
2026-06-24 23:29:58,813 INFO Epoch 36 | Batch 250/1186 | Loss 4.24772 (NLL 4.28705 [logdet 1.42626, mahal 1.02291], L1 1.83913, Spectral 0.25447, Gradient 0.42203, Quantile 0.82217) | LR 1.00e-04
2026-06-24 23:30:01,726 INFO Epoch 36 | Batch 300/1186 | Loss 4.18175 (NLL 4.24174 [logdet 1.38997, mahal 1.01390], L1 1.80399, Spectral 0.26108, Gradient 0.42754, Quantile 0.78112) | LR 1.00e-04
2026-06-24 23:30:04,640 INFO Epoch 36 | Batch 350/1186 | Loss 4.27812 (NLL 4.30194 [logdet 1.44417, mahal 1.01989], L1 1.86185, Spectral 0.25664, Gradient 0.42349, Quantile 0.82081) | LR 1.00e-04
2026-06-24 23:30:07,557 INFO Epoch 36 | Batch 400/1186 | Loss 4.21703 (NLL 4.29213 [logdet 1.40148, mahal 1.05277], L1 1.81076, Spectral 0.26196, Gradient 0.43213, Quantile 0.79389) | LR 1.00e-04
2026-06-24 23:30:10,473 INFO Epoch 36 | Batch 450/1186 | Loss 4.28643 (NLL 4.30622 [logdet 1.48586, mahal 0.98248], L1 1.85944, Spectral 0.26478, Gradient 0.43324, Quantile 0.84760) | LR 1.00e-04
2026-06-24 23:30:13,387 INFO Epoch 36 | Batch 500/1186 | Loss 4.15347 (NLL 4.23705 [logdet 1.38568, mahal 1.01349], L1 1.77936, Spectral 0.26049, Gradient 0.42249, Quantile 0.77640) | LR 1.00e-04
2026-06-24 23:30:16,294 INFO Epoch 36 | Batch 550/1186 | Loss 4.25081 (NLL 4.28951 [logdet 1.43613, mahal 1.01551], L1 1.83953, Spectral 0.25779, Gradient 0.42655, Quantile 0.82462) | LR 1.00e-04
2026-06-24 23:30:19,194 INFO Epoch 36 | Batch 600/1186 | Loss 4.20769 (NLL 4.26689 [logdet 1.38187, mahal 1.04714], L1 1.81028, Spectral 0.26045, Gradient 0.42965, Quantile 0.81115) | LR 1.00e-04
2026-06-24 23:30:22,093 INFO Epoch 36 | Batch 650/1186 | Loss 4.29064 (NLL 4.32213 [logdet 1.44039, mahal 1.04387], L1 1.86420, Spectral 0.26208, Gradient 0.44111, Quantile 0.81509) | LR 1.00e-04
2026-06-24 23:30:24,994 INFO Epoch 36 | Batch 700/1186 | Loss 4.27643 (NLL 4.30198 [logdet 1.44479, mahal 1.01931], L1 1.85932, Spectral 0.25963, Gradient 0.42815, Quantile 0.82096) | LR 1.00e-04
2026-06-24 23:30:27,891 INFO Epoch 36 | Batch 750/1186 | Loss 4.13631 (NLL 4.23005 [logdet 1.42070, mahal 0.97148], L1 1.76452, Spectral 0.25218, Gradient 0.42103, Quantile 0.79019) | LR 1.00e-04
2026-06-24 23:30:30,795 INFO Epoch 36 | Batch 800/1186 | Loss 4.16273 (NLL 4.23676 [logdet 1.36592, mahal 1.03296], L1 1.78922, Spectral 0.25670, Gradient 0.42835, Quantile 0.77849) | LR 1.00e-04
2026-06-24 23:30:33,696 INFO Epoch 36 | Batch 850/1186 | Loss 4.27521 (NLL 4.31390 [logdet 1.44958, mahal 1.02645], L1 1.85459, Spectral 0.25334, Gradient 0.42510, Quantile 0.81757) | LR 1.00e-04
2026-06-24 23:30:36,597 INFO Epoch 36 | Batch 900/1186 | Loss 4.29624 (NLL 4.33557 [logdet 1.46193, mahal 1.03576], L1 1.86184, Spectral 0.25583, Gradient 0.43235, Quantile 0.82702) | LR 1.00e-04
2026-06-24 23:30:39,500 INFO Epoch 36 | Batch 950/1186 | Loss 4.16269 (NLL 4.24536 [logdet 1.39028, mahal 1.01720], L1 1.77933, Spectral 0.26170, Gradient 0.43110, Quantile 0.79616) | LR 1.00e-04
2026-06-24 23:30:42,400 INFO Epoch 36 | Batch 1000/1186 | Loss 4.25142 (NLL 4.29744 [logdet 1.43765, mahal 1.02191], L1 1.83806, Spectral 0.25892, Gradient 0.42515, Quantile 0.81562) | LR 1.00e-04
2026-06-24 23:30:45,300 INFO Epoch 36 | Batch 1050/1186 | Loss 4.20378 (NLL 4.25486 [logdet 1.43616, mahal 0.98083], L1 1.81023, Spectral 0.26376, Gradient 0.43318, Quantile 0.81646) | LR 1.00e-04
2026-06-24 23:30:48,202 INFO Epoch 36 | Batch 1100/1186 | Loss 4.27367 (NLL 4.32931 [logdet 1.43324, mahal 1.05820], L1 1.84753, Spectral 0.26594, Gradient 0.43225, Quantile 0.79491) | LR 1.00e-04
2026-06-24 23:30:51,104 INFO Epoch 36 | Batch 1150/1186 | Loss 4.10823 (NLL 4.20404 [logdet 1.38495, mahal 0.98121], L1 1.75106, Spectral 0.25512, Gradient 0.42479, Quantile 0.78030) | LR 1.00e-04
2026-06-24 23:30:58,027 INFO Epoch 36 | Val Loss 4.20173 (NLL 4.28046 [logdet 1.38979, mahal 1.05280], L1 1.78743, Spectral 0.25730, Gradient 0.42513, Quantile 0.85648)
2026-06-24 23:31:01,036 INFO Epoch 37 | Batch 50/1186 | Loss 4.28006 (NLL 4.29831 [logdet 1.43292, mahal 1.02752], L1 1.86248, Spectral 0.26809, Gradient 0.43805, Quantile 0.82136) | LR 1.00e-04
2026-06-24 23:31:03,954 INFO Epoch 37 | Batch 100/1186 | Loss 4.21715 (NLL 4.28151 [logdet 1.40006, mahal 1.04357], L1 1.81502, Spectral 0.25505, Gradient 0.42489, Quantile 0.80624) | LR 1.00e-04
2026-06-24 23:31:06,875 INFO Epoch 37 | Batch 150/1186 | Loss 4.12542 (NLL 4.21053 [logdet 1.38557, mahal 0.98709], L1 1.76338, Spectral 0.25080, Gradient 0.41785, Quantile 0.79175) | LR 1.00e-04
2026-06-24 23:31:09,795 INFO Epoch 37 | Batch 200/1186 | Loss 4.25494 (NLL 4.31544 [logdet 1.41227, mahal 1.06530], L1 1.83338, Spectral 0.25474, Gradient 0.42678, Quantile 0.81674) | LR 1.00e-04
2026-06-24 23:31:12,714 INFO Epoch 37 | Batch 250/1186 | Loss 4.29558 (NLL 4.33134 [logdet 1.44793, mahal 1.04553], L1 1.86181, Spectral 0.25601, Gradient 0.42656, Quantile 0.83307) | LR 1.00e-04
2026-06-24 23:31:15,631 INFO Epoch 37 | Batch 300/1186 | Loss 4.23956 (NLL 4.28986 [logdet 1.46421, mahal 0.98778], L1 1.82914, Spectral 0.26273, Gradient 0.42818, Quantile 0.81502) | LR 1.00e-04
2026-06-24 23:31:18,548 INFO Epoch 37 | Batch 350/1186 | Loss 4.20234 (NLL 4.24413 [logdet 1.39502, mahal 1.01123], L1 1.81844, Spectral 0.26135, Gradient 0.42894, Quantile 0.80134) | LR 1.00e-04
2026-06-24 23:31:21,465 INFO Epoch 37 | Batch 400/1186 | Loss 4.19155 (NLL 4.26408 [logdet 1.43522, mahal 0.99099], L1 1.80047, Spectral 0.26110, Gradient 0.43342, Quantile 0.78995) | LR 1.00e-04
2026-06-24 23:31:24,382 INFO Epoch 37 | Batch 450/1186 | Loss 4.21093 (NLL 4.26109 [logdet 1.40932, mahal 1.01390], L1 1.81638, Spectral 0.25917, Gradient 0.42344, Quantile 0.81273) | LR 1.00e-04
2026-06-24 23:31:27,300 INFO Epoch 37 | Batch 500/1186 | Loss 4.37531 (NLL 4.37512 [logdet 1.47778, mahal 1.05946], L1 1.90928, Spectral 0.26611, Gradient 0.43995, Quantile 0.86513) | LR 1.00e-04
2026-06-24 23:31:30,216 INFO Epoch 37 | Batch 550/1186 | Loss 4.27780 (NLL 4.29623 [logdet 1.45270, mahal 1.00565], L1 1.85712, Spectral 0.26917, Gradient 0.43589, Quantile 0.83736) | LR 1.00e-04
2026-06-24 23:31:33,134 INFO Epoch 37 | Batch 600/1186 | Loss 4.24074 (NLL 4.29594 [logdet 1.45551, mahal 1.00255], L1 1.83493, Spectral 0.24828, Gradient 0.42143, Quantile 0.79885) | LR 1.00e-04
2026-06-24 23:31:36,051 INFO Epoch 37 | Batch 650/1186 | Loss 4.26734 (NLL 4.31626 [logdet 1.43898, mahal 1.03940], L1 1.84130, Spectral 0.26425, Gradient 0.43152, Quantile 0.82337) | LR 1.00e-04
2026-06-24 23:31:38,968 INFO Epoch 37 | Batch 700/1186 | Loss 4.30046 (NLL 4.32229 [logdet 1.47151, mahal 1.01291], L1 1.86568, Spectral 0.26749, Gradient 0.43792, Quantile 0.84361) | LR 1.00e-04
2026-06-24 23:31:41,885 INFO Epoch 37 | Batch 750/1186 | Loss 4.25827 (NLL 4.29698 [logdet 1.46029, mahal 0.99881], L1 1.84525, Spectral 0.25954, Gradient 0.43022, Quantile 0.81445) | LR 1.00e-04
2026-06-24 23:31:44,801 INFO Epoch 37 | Batch 800/1186 | Loss 4.28269 (NLL 4.32675 [logdet 1.45320, mahal 1.03567], L1 1.85414, Spectral 0.26005, Gradient 0.43330, Quantile 0.81654) | LR 1.00e-04
2026-06-24 23:31:47,723 INFO Epoch 37 | Batch 850/1186 | Loss 4.13296 (NLL 4.22610 [logdet 1.37420, mahal 1.01402], L1 1.76548, Spectral 0.25477, Gradient 0.41943, Quantile 0.77777) | LR 1.00e-04
2026-06-24 23:31:50,645 INFO Epoch 37 | Batch 900/1186 | Loss 4.12865 (NLL 4.22162 [logdet 1.36267, mahal 1.02107], L1 1.76853, Spectral 0.25776, Gradient 0.42561, Quantile 0.75324) | LR 1.00e-04
2026-06-24 23:31:53,565 INFO Epoch 37 | Batch 950/1186 | Loss 4.18279 (NLL 4.24933 [logdet 1.35067, mahal 1.06079], L1 1.79278, Spectral 0.25507, Gradient 0.42124, Quantile 0.82268) | LR 1.00e-04
2026-06-24 23:31:56,485 INFO Epoch 37 | Batch 1000/1186 | Loss 4.21914 (NLL 4.28224 [logdet 1.43116, mahal 1.01320], L1 1.81540, Spectral 0.25725, Gradient 0.42700, Quantile 0.80900) | LR 1.00e-04
2026-06-24 23:31:59,404 INFO Epoch 37 | Batch 1050/1186 | Loss 4.15797 (NLL 4.25874 [logdet 1.40088, mahal 1.01998], L1 1.77270, Spectral 0.25192, Gradient 0.42419, Quantile 0.78685) | LR 1.00e-04
2026-06-24 23:32:02,321 INFO Epoch 37 | Batch 1100/1186 | Loss 4.14256 (NLL 4.22716 [logdet 1.38913, mahal 1.00015], L1 1.77388, Spectral 0.25865, Gradient 0.42167, Quantile 0.77636) | LR 1.00e-04
2026-06-24 23:32:05,239 INFO Epoch 37 | Batch 1150/1186 | Loss 4.25828 (NLL 4.29901 [logdet 1.42001, mahal 1.04112], L1 1.84619, Spectral 0.25598, Gradient 0.42749, Quantile 0.81023) | LR 1.00e-04
2026-06-24 23:32:12,286 INFO Epoch 37 | Val Loss 4.19884 (NLL 4.28331 [logdet 1.35598, mahal 1.08945], L1 1.78430, Spectral 0.25707, Gradient 0.42500, Quantile 0.85180)
2026-06-24 23:32:15,279 INFO Epoch 38 | Batch 50/1186 | Loss 4.22458 (NLL 4.27537 [logdet 1.40735, mahal 1.03014], L1 1.82754, Spectral 0.25701, Gradient 0.42409, Quantile 0.79574) | LR 1.00e-04
2026-06-24 23:32:18,212 INFO Epoch 38 | Batch 100/1186 | Loss 4.26234 (NLL 4.29310 [logdet 1.43647, mahal 1.01875], L1 1.85154, Spectral 0.26502, Gradient 0.44064, Quantile 0.80726) | LR 1.00e-04
2026-06-24 23:32:21,145 INFO Epoch 38 | Batch 150/1186 | Loss 4.16193 (NLL 4.22918 [logdet 1.38394, mahal 1.00737], L1 1.78470, Spectral 0.26647, Gradient 0.43220, Quantile 0.79914) | LR 1.00e-04
2026-06-24 23:32:24,078 INFO Epoch 38 | Batch 200/1186 | Loss 4.21443 (NLL 4.25747 [logdet 1.36917, mahal 1.05043], L1 1.82577, Spectral 0.25813, Gradient 0.42367, Quantile 0.79691) | LR 1.00e-04
2026-06-24 23:32:27,011 INFO Epoch 38 | Batch 250/1186 | Loss 4.10538 (NLL 4.20763 [logdet 1.36433, mahal 1.00542], L1 1.74966, Spectral 0.25294, Gradient 0.42234, Quantile 0.76922) | LR 1.00e-04
2026-06-24 23:32:29,942 INFO Epoch 38 | Batch 300/1186 | Loss 4.35770 (NLL 4.37819 [logdet 1.48094, mahal 1.05936], L1 1.89498, Spectral 0.26276, Gradient 0.43205, Quantile 0.84871) | LR 1.00e-04
2026-06-24 23:32:32,875 INFO Epoch 38 | Batch 350/1186 | Loss 4.26731 (NLL 4.30696 [logdet 1.45323, mahal 1.01585], L1 1.84890, Spectral 0.26404, Gradient 0.43155, Quantile 0.81124) | LR 1.00e-04
2026-06-24 23:32:35,809 INFO Epoch 38 | Batch 400/1186 | Loss 4.22975 (NLL 4.27885 [logdet 1.42242, mahal 1.01856], L1 1.82734, Spectral 0.25371, Gradient 0.42521, Quantile 0.81430) | LR 1.00e-04
2026-06-24 23:32:38,744 INFO Epoch 38 | Batch 450/1186 | Loss 4.20704 (NLL 4.25364 [logdet 1.41263, mahal 1.00313], L1 1.81525, Spectral 0.26251, Gradient 0.43160, Quantile 0.81306) | LR 1.00e-04
2026-06-24 23:32:41,669 INFO Epoch 38 | Batch 500/1186 | Loss 4.29332 (NLL 4.33222 [logdet 1.44935, mahal 1.04500], L1 1.86151, Spectral 0.26119, Gradient 0.43661, Quantile 0.81744) | LR 1.00e-04
2026-06-24 23:32:44,586 INFO Epoch 38 | Batch 550/1186 | Loss 4.24259 (NLL 4.29297 [logdet 1.40815, mahal 1.04694], L1 1.83394, Spectral 0.25903, Gradient 0.42834, Quantile 0.80519) | LR 1.00e-04
2026-06-24 23:32:47,510 INFO Epoch 38 | Batch 600/1186 | Loss 4.15172 (NLL 4.22151 [logdet 1.40266, mahal 0.98097], L1 1.77935, Spectral 0.25395, Gradient 0.41675, Quantile 0.80851) | LR 1.00e-04
2026-06-24 23:32:50,427 INFO Epoch 38 | Batch 650/1186 | Loss 4.23576 (NLL 4.28847 [logdet 1.38058, mahal 1.07001], L1 1.82954, Spectral 0.25968, Gradient 0.43163, Quantile 0.80370) | LR 1.00e-04
2026-06-24 23:32:53,348 INFO Epoch 38 | Batch 700/1186 | Loss 4.22391 (NLL 4.27508 [logdet 1.45654, mahal 0.98066], L1 1.82494, Spectral 0.25270, Gradient 0.42430, Quantile 0.80900) | LR 1.00e-04
2026-06-24 23:32:56,269 INFO Epoch 38 | Batch 750/1186 | Loss 4.17032 (NLL 4.25561 [logdet 1.40155, mahal 1.01618], L1 1.78090, Spectral 0.25847, Gradient 0.42355, Quantile 0.80358) | LR 1.00e-04
2026-06-24 23:32:59,189 INFO Epoch 38 | Batch 800/1186 | Loss 4.14751 (NLL 4.23732 [logdet 1.34710, mahal 1.05234], L1 1.77105, Spectral 0.25682, Gradient 0.42567, Quantile 0.78948) | LR 1.00e-04
2026-06-24 23:33:02,113 INFO Epoch 38 | Batch 850/1186 | Loss 4.32341 (NLL 4.33886 [logdet 1.48748, mahal 1.01350], L1 1.88664, Spectral 0.26758, Gradient 0.44122, Quantile 0.81734) | LR 1.00e-04
2026-06-24 23:33:05,036 INFO Epoch 38 | Batch 900/1186 | Loss 4.18306 (NLL 4.26723 [logdet 1.41136, mahal 1.01799], L1 1.78820, Spectral 0.25785, Gradient 0.42291, Quantile 0.80271) | LR 1.00e-04
2026-06-24 23:33:07,959 INFO Epoch 38 | Batch 950/1186 | Loss 4.21413 (NLL 4.29184 [logdet 1.43277, mahal 1.02120], L1 1.80600, Spectral 0.25498, Gradient 0.42633, Quantile 0.80973) | LR 1.00e-04
2026-06-24 23:33:10,883 INFO Epoch 38 | Batch 1000/1186 | Loss 4.18754 (NLL 4.27882 [logdet 1.40565, mahal 1.03529], L1 1.78981, Spectral 0.24833, Gradient 0.41237, Quantile 0.80091) | LR 1.00e-04
2026-06-24 23:33:13,804 INFO Epoch 38 | Batch 1050/1186 | Loss 4.17361 (NLL 4.23077 [logdet 1.41213, mahal 0.98076], L1 1.79501, Spectral 0.26295, Gradient 0.42937, Quantile 0.80535) | LR 1.00e-04
2026-06-24 23:33:16,723 INFO Epoch 38 | Batch 1100/1186 | Loss 4.28492 (NLL 4.29790 [logdet 1.41913, mahal 1.04090], L1 1.87075, Spectral 0.26075, Gradient 0.43161, Quantile 0.81601) | LR 1.00e-04
2026-06-24 23:33:19,648 INFO Epoch 38 | Batch 1150/1186 | Loss 4.27246 (NLL 4.33296 [logdet 1.44971, mahal 1.04537], L1 1.84335, Spectral 0.25924, Gradient 0.43238, Quantile 0.80682) | LR 1.00e-04
2026-06-24 23:33:26,686 INFO Epoch 38 | Val Loss 4.19530 (NLL 4.28173 [logdet 1.40346, mahal 1.04039], L1 1.78911, Spectral 0.25710, Gradient 0.42572, Quantile 0.82043)
2026-06-24 23:33:26,768 INFO New best val loss: 4.19530 (saved checkpoints/best.pth)
2026-06-24 23:33:29,729 INFO Epoch 39 | Batch 50/1186 | Loss 4.23791 (NLL 4.27806 [logdet 1.42411, mahal 1.01607], L1 1.83477, Spectral 0.26646, Gradient 0.44054, Quantile 0.80511) | LR 1.00e-04
2026-06-24 23:33:32,657 INFO Epoch 39 | Batch 100/1186 | Loss 4.20125 (NLL 4.23407 [logdet 1.39160, mahal 1.00459], L1 1.81631, Spectral 0.25344, Gradient 0.41891, Quantile 0.83509) | LR 1.00e-04
2026-06-24 23:33:35,590 INFO Epoch 39 | Batch 150/1186 | Loss 4.34879 (NLL 4.40151 [logdet 1.44284, mahal 1.12079], L1 1.87798, Spectral 0.26940, Gradient 0.44206, Quantile 0.82666) | LR 1.00e-04
2026-06-24 23:33:38,505 INFO Epoch 39 | Batch 200/1186 | Loss 4.25901 (NLL 4.30959 [logdet 1.46926, mahal 1.00245], L1 1.84088, Spectral 0.26176, Gradient 0.43037, Quantile 0.80709) | LR 1.00e-04
2026-06-24 23:33:41,421 INFO Epoch 39 | Batch 250/1186 | Loss 4.20314 (NLL 4.25698 [logdet 1.43006, mahal 0.98905], L1 1.81250, Spectral 0.25788, Gradient 0.42476, Quantile 0.80639) | LR 1.00e-04
2026-06-24 23:33:44,336 INFO Epoch 39 | Batch 300/1186 | Loss 4.23690 (NLL 4.28774 [logdet 1.43369, mahal 1.01618], L1 1.83217, Spectral 0.25518, Gradient 0.42426, Quantile 0.80394) | LR 1.00e-04
2026-06-24 23:33:47,253 INFO Epoch 39 | Batch 350/1186 | Loss 4.23482 (NLL 4.27269 [logdet 1.40527, mahal 1.02955], L1 1.83447, Spectral 0.25865, Gradient 0.42699, Quantile 0.81326) | LR 1.00e-04
2026-06-24 23:33:50,172 INFO Epoch 39 | Batch 400/1186 | Loss 4.18404 (NLL 4.25717 [logdet 1.42477, mahal 0.99452], L1 1.79415, Spectral 0.25754, Gradient 0.42916, Quantile 0.80322) | LR 1.00e-04
2026-06-24 23:33:53,087 INFO Epoch 39 | Batch 450/1186 | Loss 4.22341 (NLL 4.29477 [logdet 1.39514, mahal 1.06175], L1 1.81332, Spectral 0.26312, Gradient 0.43682, Quantile 0.80294) | LR 1.00e-04
2026-06-24 23:33:55,984 INFO Epoch 39 | Batch 500/1186 | Loss 4.26242 (NLL 4.30284 [logdet 1.43858, mahal 1.02638], L1 1.84482, Spectral 0.26480, Gradient 0.43572, Quantile 0.81555) | LR 1.00e-04
2026-06-24 23:33:58,879 INFO Epoch 39 | Batch 550/1186 | Loss 4.15460 (NLL 4.23715 [logdet 1.44418, mahal 0.95509], L1 1.77931, Spectral 0.25633, Gradient 0.42636, Quantile 0.78549) | LR 1.00e-04
2026-06-24 23:34:01,777 INFO Epoch 39 | Batch 600/1186 | Loss 4.23261 (NLL 4.26413 [logdet 1.40154, mahal 1.02472], L1 1.83366, Spectral 0.26240, Gradient 0.43160, Quantile 0.82111) | LR 1.00e-04
2026-06-24 23:34:04,676 INFO Epoch 39 | Batch 650/1186 | Loss 4.12723 (NLL 4.20824 [logdet 1.36333, mahal 1.00703], L1 1.76768, Spectral 0.25965, Gradient 0.42991, Quantile 0.77658) | LR 1.00e-04
2026-06-24 23:34:07,574 INFO Epoch 39 | Batch 700/1186 | Loss 4.17646 (NLL 4.23980 [logdet 1.41798, mahal 0.98395], L1 1.79579, Spectral 0.25875, Gradient 0.42338, Quantile 0.79976) | LR 1.00e-04
2026-06-24 23:34:10,473 INFO Epoch 39 | Batch 750/1186 | Loss 4.23124 (NLL 4.27461 [logdet 1.39614, mahal 1.04060], L1 1.83201, Spectral 0.26157, Gradient 0.43096, Quantile 0.80142) | LR 1.00e-04
2026-06-24 23:34:13,370 INFO Epoch 39 | Batch 800/1186 | Loss 4.21044 (NLL 4.28173 [logdet 1.41199, mahal 1.03187], L1 1.80668, Spectral 0.25701, Gradient 0.42053, Quantile 0.81046) | LR 1.00e-04
2026-06-24 23:34:16,271 INFO Epoch 39 | Batch 850/1186 | Loss 4.22605 (NLL 4.28661 [logdet 1.40513, mahal 1.04360], L1 1.82204, Spectral 0.25339, Gradient 0.42045, Quantile 0.80527) | LR 1.00e-04
2026-06-24 23:34:19,173 INFO Epoch 39 | Batch 900/1186 | Loss 4.27883 (NLL 4.30826 [logdet 1.46554, mahal 1.00483], L1 1.85925, Spectral 0.25360, Gradient 0.42337, Quantile 0.82472) | LR 1.00e-04
2026-06-24 23:34:22,072 INFO Epoch 39 | Batch 950/1186 | Loss 4.20807 (NLL 4.27128 [logdet 1.42967, mahal 1.00374], L1 1.81305, Spectral 0.25922, Gradient 0.42850, Quantile 0.79341) | LR 1.00e-04
2026-06-24 23:34:24,970 INFO Epoch 39 | Batch 1000/1186 | Loss 4.21291 (NLL 4.28038 [logdet 1.40897, mahal 1.03354], L1 1.81231, Spectral 0.25607, Gradient 0.42241, Quantile 0.80112) | LR 1.00e-04
2026-06-24 23:34:27,870 INFO Epoch 39 | Batch 1050/1186 | Loss 4.16545 (NLL 4.21697 [logdet 1.41646, mahal 0.96264], L1 1.79739, Spectral 0.26133, Gradient 0.42701, Quantile 0.79200) | LR 1.00e-04
2026-06-24 23:34:30,770 INFO Epoch 39 | Batch 1100/1186 | Loss 4.35828 (NLL 4.38123 [logdet 1.47050, mahal 1.07285], L1 1.89168, Spectral 0.25875, Gradient 0.42753, Quantile 0.86284) | LR 1.00e-04
2026-06-24 23:34:33,669 INFO Epoch 39 | Batch 1150/1186 | Loss 4.17408 (NLL 4.24542 [logdet 1.42382, mahal 0.98372], L1 1.79476, Spectral 0.25374, Gradient 0.42472, Quantile 0.78784) | LR 1.00e-04
2026-06-24 23:34:40,640 INFO Epoch 39 | Val Loss 4.20470 (NLL 4.28515 [logdet 1.43519, mahal 1.01208], L1 1.78491, Spectral 0.25676, Gradient 0.42632, Quantile 0.87010)
2026-06-24 23:34:43,641 INFO Epoch 40 | Batch 50/1186 | Loss 4.22445 (NLL 4.26200 [logdet 1.41392, mahal 1.01020], L1 1.82783, Spectral 0.26133, Gradient 0.43230, Quantile 0.81703) | LR 1.00e-04
2026-06-24 23:34:46,550 INFO Epoch 40 | Batch 100/1186 | Loss 4.19342 (NLL 4.26925 [logdet 1.43731, mahal 0.99406], L1 1.80351, Spectral 0.25416, Gradient 0.42199, Quantile 0.78189) | LR 1.00e-04
2026-06-24 23:34:49,462 INFO Epoch 40 | Batch 150/1186 | Loss 4.12783 (NLL 4.23539 [logdet 1.39228, mahal 1.00523], L1 1.75188, Spectral 0.25731, Gradient 0.42680, Quantile 0.79080) | LR 1.00e-04
2026-06-24 23:34:52,373 INFO Epoch 40 | Batch 200/1186 | Loss 4.18793 (NLL 4.26562 [logdet 1.37873, mahal 1.04902], L1 1.79513, Spectral 0.25972, Gradient 0.42840, Quantile 0.79540) | LR 1.00e-04
2026-06-24 23:34:55,289 INFO Epoch 40 | Batch 250/1186 | Loss 4.18209 (NLL 4.26732 [logdet 1.39637, mahal 1.03307], L1 1.78840, Spectral 0.25473, Gradient 0.41423, Quantile 0.80112) | LR 1.00e-04
2026-06-24 23:34:58,205 INFO Epoch 40 | Batch 300/1186 | Loss 4.25331 (NLL 4.26953 [logdet 1.41017, mahal 1.02149], L1 1.85371, Spectral 0.26339, Gradient 0.43571, Quantile 0.81150) | LR 1.00e-04
2026-06-24 23:35:01,114 INFO Epoch 40 | Batch 350/1186 | Loss 4.15523 (NLL 4.22513 [logdet 1.39155, mahal 0.99571], L1 1.77744, Spectral 0.26536, Gradient 0.43215, Quantile 0.81108) | LR 1.00e-04
2026-06-24 23:35:04,029 INFO Epoch 40 | Batch 400/1186 | Loss 4.22391 (NLL 4.28532 [logdet 1.45046, mahal 0.99698], L1 1.82214, Spectral 0.25762, Gradient 0.42974, Quantile 0.79399) | LR 1.00e-04
2026-06-24 23:35:06,937 INFO Epoch 40 | Batch 450/1186 | Loss 4.29878 (NLL 4.33781 [logdet 1.40910, mahal 1.09083], L1 1.86273, Spectral 0.26219, Gradient 0.42854, Quantile 0.82250) | LR 1.00e-04
2026-06-24 23:35:09,919 INFO Epoch 40 | Batch 500/1186 | Loss 4.22976 (NLL 4.27387 [logdet 1.44147, mahal 0.99452], L1 1.82427, Spectral 0.25579, Gradient 0.42454, Quantile 0.83521) | LR 1.00e-04
2026-06-24 23:35:12,918 INFO Epoch 40 | Batch 550/1186 | Loss 4.27519 (NLL 4.31085 [logdet 1.45079, mahal 1.02219], L1 1.85758, Spectral 0.25355, Gradient 0.42634, Quantile 0.81115) | LR 1.00e-04
2026-06-24 23:35:15,849 INFO Epoch 40 | Batch 600/1186 | Loss 4.22964 (NLL 4.27802 [logdet 1.43447, mahal 1.00567], L1 1.82722, Spectral 0.25592, Gradient 0.42819, Quantile 0.81367) | LR 1.00e-04
2026-06-24 23:35:18,749 INFO Epoch 40 | Batch 650/1186 | Loss 4.27448 (NLL 4.31597 [logdet 1.46175, mahal 1.01634], L1 1.85030, Spectral 0.25975, Gradient 0.42302, Quantile 0.82118) | LR 1.00e-04
2026-06-24 23:35:21,647 INFO Epoch 40 | Batch 700/1186 | Loss 4.16009 (NLL 4.22038 [logdet 1.36688, mahal 1.01561], L1 1.79240, Spectral 0.25696, Gradient 0.42324, Quantile 0.78812) | LR 1.00e-04
2026-06-24 23:35:24,548 INFO Epoch 40 | Batch 750/1186 | Loss 4.25268 (NLL 4.30191 [logdet 1.46260, mahal 1.00144], L1 1.83414, Spectral 0.26063, Gradient 0.42968, Quantile 0.82593) | LR 1.00e-04
2026-06-24 23:35:27,446 INFO Epoch 40 | Batch 800/1186 | Loss 4.17781 (NLL 4.24137 [logdet 1.39335, mahal 1.01014], L1 1.80062, Spectral 0.25874, Gradient 0.43386, Quantile 0.78195) | LR 1.00e-04
2026-06-24 23:35:30,345 INFO Epoch 40 | Batch 850/1186 | Loss 4.29578 (NLL 4.31734 [logdet 1.43636, mahal 1.04311], L1 1.86417, Spectral 0.25842, Gradient 0.43247, Quantile 0.85052) | LR 1.00e-04
2026-06-24 23:35:33,243 INFO Epoch 40 | Batch 900/1186 | Loss 4.20886 (NLL 4.26064 [logdet 1.43124, mahal 0.99153], L1 1.82039, Spectral 0.25629, Gradient 0.42573, Quantile 0.79149) | LR 1.00e-04
2026-06-24 23:35:36,143 INFO Epoch 40 | Batch 950/1186 | Loss 4.29148 (NLL 4.31723 [logdet 1.45907, mahal 1.02029], L1 1.86293, Spectral 0.26754, Gradient 0.43561, Quantile 0.82822) | LR 1.00e-04
2026-06-24 23:35:39,399 INFO Epoch 40 | Batch 1000/1186 | Loss 4.16983 (NLL 4.25758 [logdet 1.40598, mahal 1.01372], L1 1.78053, Spectral 0.25876, Gradient 0.42650, Quantile 0.79864) | LR 1.00e-04
2026-06-24 23:35:42,438 INFO Epoch 40 | Batch 1050/1186 | Loss 4.14917 (NLL 4.22091 [logdet 1.38589, mahal 0.99714], L1 1.78257, Spectral 0.25603, Gradient 0.42614, Quantile 0.78343) | LR 1.00e-04
2026-06-24 23:35:45,338 INFO Epoch 40 | Batch 1100/1186 | Loss 4.34120 (NLL 4.36390 [logdet 1.46977, mahal 1.05626], L1 1.89131, Spectral 0.26023, Gradient 0.43508, Quantile 0.82777) | LR 1.00e-04
2026-06-24 23:35:48,238 INFO Epoch 40 | Batch 1150/1186 | Loss 4.15476 (NLL 4.23774 [logdet 1.40184, mahal 0.99802], L1 1.77602, Spectral 0.25919, Gradient 0.42419, Quantile 0.79556) | LR 1.00e-04
2026-06-24 23:35:55,226 INFO Epoch 40 | Val Loss 4.20762 (NLL 4.29540 [logdet 1.38391, mahal 1.07361], L1 1.79345, Spectral 0.25697, Gradient 0.42608, Quantile 0.82530)
2026-06-24 23:35:58,214 INFO Epoch 41 | Batch 50/1186 | Loss 4.27165 (NLL 4.31883 [logdet 1.46292, mahal 1.01804], L1 1.84814, Spectral 0.26124, Gradient 0.43114, Quantile 0.81081) | LR 1.00e-04
2026-06-24 23:36:01,139 INFO Epoch 41 | Batch 100/1186 | Loss 4.19028 (NLL 4.24635 [logdet 1.39346, mahal 1.01501], L1 1.80666, Spectral 0.25640, Gradient 0.42561, Quantile 0.80089) | LR 1.00e-04
2026-06-24 23:36:04,061 INFO Epoch 41 | Batch 150/1186 | Loss 4.17611 (NLL 4.25023 [logdet 1.40635, mahal 1.00600], L1 1.79298, Spectral 0.25683, Gradient 0.42093, Quantile 0.79044) | LR 1.00e-04
2026-06-24 23:36:06,983 INFO Epoch 41 | Batch 200/1186 | Loss 4.23257 (NLL 4.28720 [logdet 1.43445, mahal 1.01488], L1 1.82500, Spectral 0.25693, Gradient 0.43202, Quantile 0.81485) | LR 1.00e-04
2026-06-24 23:36:09,907 INFO Epoch 41 | Batch 250/1186 | Loss 4.15368 (NLL 4.21812 [logdet 1.35736, mahal 1.02288], L1 1.78659, Spectral 0.25778, Gradient 0.43181, Quantile 0.78933) | LR 1.00e-04
2026-06-24 23:36:12,830 INFO Epoch 41 | Batch 300/1186 | Loss 4.22059 (NLL 4.28033 [logdet 1.45741, mahal 0.98504], L1 1.82053, Spectral 0.25672, Gradient 0.42251, Quantile 0.79832) | LR 1.00e-04
2026-06-24 23:36:15,756 INFO Epoch 41 | Batch 350/1186 | Loss 4.22152 (NLL 4.27724 [logdet 1.38457, mahal 1.05479], L1 1.81568, Spectral 0.26068, Gradient 0.42131, Quantile 0.82446) | LR 1.00e-04
2026-06-24 23:36:18,681 INFO Epoch 41 | Batch 400/1186 | Loss 4.28019 (NLL 4.33264 [logdet 1.47164, mahal 1.02312], L1 1.85003, Spectral 0.25712, Gradient 0.43134, Quantile 0.81415) | LR 1.00e-04
2026-06-24 23:36:21,605 INFO Epoch 41 | Batch 450/1186 | Loss 4.34952 (NLL 4.36714 [logdet 1.50139, mahal 1.02788], L1 1.89545, Spectral 0.25947, Gradient 0.42769, Quantile 0.83930) | LR 1.00e-04
2026-06-24 23:36:24,526 INFO Epoch 41 | Batch 500/1186 | Loss 4.16695 (NLL 4.23912 [logdet 1.38133, mahal 1.01991], L1 1.78645, Spectral 0.26142, Gradient 0.43376, Quantile 0.79746) | LR 1.00e-04
2026-06-24 23:36:27,447 INFO Epoch 41 | Batch 550/1186 | Loss 4.14214 (NLL 4.21110 [logdet 1.38402, mahal 0.98921], L1 1.77559, Spectral 0.25657, Gradient 0.41754, Quantile 0.80315) | LR 1.00e-04
2026-06-24 23:36:30,369 INFO Epoch 41 | Batch 600/1186 | Loss 4.24181 (NLL 4.29434 [logdet 1.44985, mahal 1.00661], L1 1.83208, Spectral 0.26062, Gradient 0.43873, Quantile 0.80501) | LR 1.00e-04
2026-06-24 23:36:33,293 INFO Epoch 41 | Batch 650/1186 | Loss 4.22304 (NLL 4.27575 [logdet 1.42302, mahal 1.01485], L1 1.82161, Spectral 0.25071, Gradient 0.41789, Quantile 0.81999) | LR 1.00e-04
2026-06-24 23:36:36,212 INFO Epoch 41 | Batch 700/1186 | Loss 4.20707 (NLL 4.28378 [logdet 1.40908, mahal 1.03682], L1 1.80360, Spectral 0.25584, Gradient 0.42409, Quantile 0.80622) | LR 1.00e-04
2026-06-24 23:36:39,137 INFO Epoch 41 | Batch 750/1186 | Loss 4.16648 (NLL 4.25692 [logdet 1.38656, mahal 1.03249], L1 1.77798, Spectral 0.26003, Gradient 0.42771, Quantile 0.79531) | LR 1.00e-04
2026-06-24 23:36:42,060 INFO Epoch 41 | Batch 800/1186 | Loss 4.15428 (NLL 4.22402 [logdet 1.37773, mahal 1.00841], L1 1.78484, Spectral 0.25350, Gradient 0.42077, Quantile 0.79154) | LR 1.00e-04
2026-06-24 23:36:44,971 INFO Epoch 41 | Batch 850/1186 | Loss 4.16699 (NLL 4.22662 [logdet 1.38649, mahal 1.00225], L1 1.79637, Spectral 0.25811, Gradient 0.43016, Quantile 0.78601) | LR 1.00e-04
2026-06-24 23:36:48,027 INFO Epoch 41 | Batch 900/1186 | Loss 4.20450 (NLL 4.26073 [logdet 1.42375, mahal 0.99910], L1 1.81058, Spectral 0.26455, Gradient 0.43377, Quantile 0.80496) | LR 1.00e-04
2026-06-24 23:36:50,922 INFO Epoch 41 | Batch 950/1186 | Loss 4.24626 (NLL 4.28759 [logdet 1.40004, mahal 1.04968], L1 1.84289, Spectral 0.25834, Gradient 0.43074, Quantile 0.79514) | LR 1.00e-04
2026-06-24 23:36:53,821 INFO Epoch 41 | Batch 1000/1186 | Loss 4.23626 (NLL 4.30395 [logdet 1.43481, mahal 1.03127], L1 1.81541, Spectral 0.26362, Gradient 0.43237, Quantile 0.82806) | LR 1.00e-04
2026-06-24 23:36:56,715 INFO Epoch 41 | Batch 1050/1186 | Loss 4.16867 (NLL 4.22615 [logdet 1.40539, mahal 0.98288], L1 1.79243, Spectral 0.25694, Gradient 0.42627, Quantile 0.81163) | LR 1.00e-04
2026-06-24 23:36:59,615 INFO Epoch 41 | Batch 1100/1186 | Loss 4.25034 (NLL 4.29108 [logdet 1.42970, mahal 1.02350], L1 1.84357, Spectral 0.26255, Gradient 0.43095, Quantile 0.79750) | LR 1.00e-04
2026-06-24 23:37:02,515 INFO Epoch 41 | Batch 1150/1186 | Loss 4.30348 (NLL 4.32759 [logdet 1.46807, mahal 1.02164], L1 1.87126, Spectral 0.25963, Gradient 0.42242, Quantile 0.83057) | LR 1.00e-04
2026-06-24 23:37:09,488 INFO Epoch 41 | Val Loss 4.19887 (NLL 4.27672 [logdet 1.44404, mahal 0.99481], L1 1.78892, Spectral 0.25687, Gradient 0.42463, Quantile 0.84666)
2026-06-24 23:37:12,503 INFO Epoch 42 | Batch 50/1186 | Loss 4.17937 (NLL 4.24205 [logdet 1.36746, mahal 1.03671], L1 1.79903, Spectral 0.26139, Gradient 0.43063, Quantile 0.79081) | LR 1.00e-04
2026-06-24 23:37:15,433 INFO Epoch 42 | Batch 100/1186 | Loss 4.21202 (NLL 4.28183 [logdet 1.38915, mahal 1.05480], L1 1.81208, Spectral 0.26490, Gradient 0.43362, Quantile 0.78580) | LR 1.00e-04
2026-06-24 23:37:18,364 INFO Epoch 42 | Batch 150/1186 | Loss 4.18908 (NLL 4.24466 [logdet 1.43686, mahal 0.96992], L1 1.80403, Spectral 0.26322, Gradient 0.42470, Quantile 0.80304) | LR 1.00e-04
2026-06-24 23:37:21,295 INFO Epoch 42 | Batch 200/1186 | Loss 4.23320 (NLL 4.30040 [logdet 1.41301, mahal 1.04951], L1 1.82005, Spectral 0.25652, Gradient 0.42709, Quantile 0.81115) | LR 1.00e-04
2026-06-24 23:37:24,208 INFO Epoch 42 | Batch 250/1186 | Loss 4.21107 (NLL 4.28303 [logdet 1.44553, mahal 0.99962], L1 1.80771, Spectral 0.25460, Gradient 0.42166, Quantile 0.80868) | LR 1.00e-04
2026-06-24 23:37:27,123 INFO Epoch 42 | Batch 300/1186 | Loss 4.21616 (NLL 4.27670 [logdet 1.42774, mahal 1.01108], L1 1.81359, Spectral 0.25188, Gradient 0.42052, Quantile 0.82146) | LR 1.00e-04
2026-06-24 23:37:30,034 INFO Epoch 42 | Batch 350/1186 | Loss 4.21291 (NLL 4.29202 [logdet 1.44036, mahal 1.01379], L1 1.80742, Spectral 0.24998, Gradient 0.42005, Quantile 0.80383) | LR 1.00e-04
2026-06-24 23:37:32,946 INFO Epoch 42 | Batch 400/1186 | Loss 4.23417 (NLL 4.27993 [logdet 1.41723, mahal 1.02482], L1 1.82857, Spectral 0.26673, Gradient 0.43430, Quantile 0.81123) | LR 1.00e-04
2026-06-24 23:37:35,859 INFO Epoch 42 | Batch 450/1186 | Loss 4.20146 (NLL 4.26626 [logdet 1.42096, mahal 1.00743], L1 1.80671, Spectral 0.26626, Gradient 0.43445, Quantile 0.79511) | LR 1.00e-04
2026-06-24 23:37:38,770 INFO Epoch 42 | Batch 500/1186 | Loss 4.27091 (NLL 4.28572 [logdet 1.42625, mahal 1.02159], L1 1.86218, Spectral 0.26109, Gradient 0.43662, Quantile 0.81826) | LR 1.00e-04
2026-06-24 23:37:41,684 INFO Epoch 42 | Batch 550/1186 | Loss 4.19785 (NLL 4.27426 [logdet 1.37626, mahal 1.06012], L1 1.79979, Spectral 0.25555, Gradient 0.42226, Quantile 0.80387) | LR 1.00e-04
2026-06-24 23:37:44,598 INFO Epoch 42 | Batch 600/1186 | Loss 4.18803 (NLL 4.26317 [logdet 1.41437, mahal 1.01093], L1 1.79431, Spectral 0.25662, Gradient 0.42686, Quantile 0.80763) | LR 1.00e-04
2026-06-24 23:37:47,512 INFO Epoch 42 | Batch 650/1186 | Loss 4.21165 (NLL 4.25861 [logdet 1.39382, mahal 1.02691], L1 1.81522, Spectral 0.26242, Gradient 0.43380, Quantile 0.82209) | LR 1.00e-04
2026-06-24 23:37:50,425 INFO Epoch 42 | Batch 700/1186 | Loss 4.20380 (NLL 4.25865 [logdet 1.42529, mahal 0.99549], L1 1.81614, Spectral 0.25861, Gradient 0.42544, Quantile 0.78975) | LR 1.00e-04
2026-06-24 23:37:53,333 INFO Epoch 42 | Batch 750/1186 | Loss 4.21797 (NLL 4.27555 [logdet 1.40559, mahal 1.03208], L1 1.81886, Spectral 0.26217, Gradient 0.43383, Quantile 0.79832) | LR 1.00e-04
2026-06-24 23:37:56,248 INFO Epoch 42 | Batch 800/1186 | Loss 4.26221 (NLL 4.30527 [logdet 1.45964, mahal 1.00775], L1 1.84341, Spectral 0.26547, Gradient 0.43193, Quantile 0.81485) | LR 1.00e-04
2026-06-24 23:37:59,159 INFO Epoch 42 | Batch 850/1186 | Loss 4.25600 (NLL 4.31037 [logdet 1.44619, mahal 1.02631], L1 1.83555, Spectral 0.25699, Gradient 0.42240, Quantile 0.82030) | LR 1.00e-04
2026-06-24 23:38:02,071 INFO Epoch 42 | Batch 900/1186 | Loss 4.24737 (NLL 4.30558 [logdet 1.42550, mahal 1.04220], L1 1.83274, Spectral 0.25441, Gradient 0.42346, Quantile 0.80881) | LR 1.00e-04
2026-06-24 23:38:04,985 INFO Epoch 42 | Batch 950/1186 | Loss 4.17326 (NLL 4.22523 [logdet 1.38310, mahal 1.00425], L1 1.79625, Spectral 0.25923, Gradient 0.42831, Quantile 0.81421) | LR 1.00e-04
2026-06-24 23:38:07,899 INFO Epoch 42 | Batch 1000/1186 | Loss 4.20770 (NLL 4.24837 [logdet 1.37458, mahal 1.03592], L1 1.82264, Spectral 0.25205, Gradient 0.42488, Quantile 0.80733) | LR 1.00e-04
2026-06-24 23:38:10,813 INFO Epoch 42 | Batch 1050/1186 | Loss 4.19464 (NLL 4.24608 [logdet 1.36718, mahal 1.04103], L1 1.81083, Spectral 0.25765, Gradient 0.42852, Quantile 0.80086) | LR 1.00e-04
2026-06-24 23:38:13,725 INFO Epoch 42 | Batch 1100/1186 | Loss 4.26255 (NLL 4.28318 [logdet 1.46971, mahal 0.97559], L1 1.85496, Spectral 0.25745, Gradient 0.42548, Quantile 0.82283) | LR 1.00e-04
2026-06-24 23:38:16,635 INFO Epoch 42 | Batch 1150/1186 | Loss 4.24024 (NLL 4.28729 [logdet 1.40747, mahal 1.04194], L1 1.83707, Spectral 0.25693, Gradient 0.42850, Quantile 0.79646) | LR 1.00e-04
2026-06-24 23:38:23,663 INFO Epoch 42 | Val Loss 4.19611 (NLL 4.28014 [logdet 1.33518, mahal 1.10707], L1 1.78326, Spectral 0.25697, Gradient 0.42521, Quantile 0.85151)
2026-06-24 23:38:26,668 INFO Epoch 43 | Batch 50/1186 | Loss 4.24016 (NLL 4.28088 [logdet 1.42652, mahal 1.01647], L1 1.83359, Spectral 0.26536, Gradient 0.43366, Quantile 0.81480) | LR 1.00e-04
2026-06-24 23:38:29,597 INFO Epoch 43 | Batch 100/1186 | Loss 4.27594 (NLL 4.28970 [logdet 1.46082, mahal 0.99100], L1 1.86455, Spectral 0.25879, Gradient 0.43425, Quantile 0.82351) | LR 1.00e-04
2026-06-24 23:38:32,533 INFO Epoch 43 | Batch 150/1186 | Loss 4.14511 (NLL 4.24165 [logdet 1.37427, mahal 1.02950], L1 1.76749, Spectral 0.25486, Gradient 0.42454, Quantile 0.78746) | LR 1.00e-04
2026-06-24 23:38:35,469 INFO Epoch 43 | Batch 200/1186 | Loss 4.20762 (NLL 4.27677 [logdet 1.42153, mahal 1.01736], L1 1.80481, Spectral 0.26605, Gradient 0.43046, Quantile 0.80703) | LR 1.00e-04
2026-06-24 23:38:38,404 INFO Epoch 43 | Batch 250/1186 | Loss 4.29620 (NLL 4.33241 [logdet 1.44390, mahal 1.05063], L1 1.86330, Spectral 0.26246, Gradient 0.42869, Quantile 0.82033) | LR 1.00e-04
2026-06-24 23:38:41,338 INFO Epoch 43 | Batch 300/1186 | Loss 4.15261 (NLL 4.22279 [logdet 1.38678, mahal 0.99813], L1 1.78302, Spectral 0.25384, Gradient 0.42274, Quantile 0.79432) | LR 1.00e-04
2026-06-24 23:38:44,274 INFO Epoch 43 | Batch 350/1186 | Loss 4.17538 (NLL 4.26717 [logdet 1.41686, mahal 1.01243], L1 1.78453, Spectral 0.25418, Gradient 0.42421, Quantile 0.79013) | LR 1.00e-04
2026-06-24 23:38:47,200 INFO Epoch 43 | Batch 400/1186 | Loss 4.15173 (NLL 4.22548 [logdet 1.36708, mahal 1.02052], L1 1.78335, Spectral 0.25486, Gradient 0.42037, Quantile 0.78266) | LR 1.00e-04
2026-06-24 23:38:50,135 INFO Epoch 43 | Batch 450/1186 | Loss 4.32701 (NLL 4.33510 [logdet 1.44124, mahal 1.05598], L1 1.88882, Spectral 0.25937, Gradient 0.43274, Quantile 0.83995) | LR 1.00e-04
2026-06-24 23:38:53,069 INFO Epoch 43 | Batch 500/1186 | Loss 4.27351 (NLL 4.33847 [logdet 1.46925, mahal 1.03135], L1 1.84078, Spectral 0.26031, Gradient 0.42944, Quantile 0.80933) | LR 1.00e-04
2026-06-24 23:38:56,005 INFO Epoch 43 | Batch 550/1186 | Loss 4.26196 (NLL 4.29610 [logdet 1.43015, mahal 1.02807], L1 1.85015, Spectral 0.25427, Gradient 0.42290, Quantile 0.81698) | LR 1.00e-04
2026-06-24 23:38:58,940 INFO Epoch 43 | Batch 600/1186 | Loss 4.16366 (NLL 4.23195 [logdet 1.39937, mahal 0.99470], L1 1.78745, Spectral 0.25852, Gradient 0.42568, Quantile 0.79775) | LR 1.00e-04
2026-06-24 23:39:01,874 INFO Epoch 43 | Batch 650/1186 | Loss 4.17199 (NLL 4.23851 [logdet 1.38570, mahal 1.01493], L1 1.79204, Spectral 0.25842, Gradient 0.43085, Quantile 0.79970) | LR 1.00e-04
2026-06-24 23:39:04,811 INFO Epoch 43 | Batch 700/1186 | Loss 4.21355 (NLL 4.27761 [logdet 1.41347, mahal 1.02627], L1 1.81000, Spectral 0.25663, Gradient 0.42446, Quantile 0.81851) | LR 1.00e-04
2026-06-24 23:39:07,749 INFO Epoch 43 | Batch 750/1186 | Loss 4.21110 (NLL 4.27495 [logdet 1.40882, mahal 1.02825], L1 1.81773, Spectral 0.25710, Gradient 0.42539, Quantile 0.78130) | LR 1.00e-04
2026-06-24 23:39:10,682 INFO Epoch 43 | Batch 800/1186 | Loss 4.25710 (NLL 4.28596 [logdet 1.43227, mahal 1.01581], L1 1.84502, Spectral 0.26182, Gradient 0.42585, Quantile 0.83105) | LR 1.00e-04
2026-06-24 23:39:13,619 INFO Epoch 43 | Batch 850/1186 | Loss 4.23494 (NLL 4.27947 [logdet 1.42569, mahal 1.01591], L1 1.83055, Spectral 0.25732, Gradient 0.42670, Quantile 0.81737) | LR 1.00e-04
2026-06-24 23:39:16,556 INFO Epoch 43 | Batch 900/1186 | Loss 4.15808 (NLL 4.22383 [logdet 1.36572, mahal 1.02023], L1 1.78648, Spectral 0.25923, Gradient 0.42426, Quantile 0.79476) | LR 1.00e-04
2026-06-24 23:39:19,494 INFO Epoch 43 | Batch 950/1186 | Loss 4.21906 (NLL 4.26485 [logdet 1.40329, mahal 1.02368], L1 1.82264, Spectral 0.25439, Gradient 0.42174, Quantile 0.81781) | LR 1.00e-04
2026-06-24 23:39:22,432 INFO Epoch 43 | Batch 1000/1186 | Loss 4.10904 (NLL 4.19452 [logdet 1.34177, mahal 1.01487], L1 1.75634, Spectral 0.26055, Gradient 0.42927, Quantile 0.77564) | LR 1.00e-04
2026-06-24 23:39:25,371 INFO Epoch 43 | Batch 1050/1186 | Loss 4.29957 (NLL 4.34192 [logdet 1.44302, mahal 1.06102], L1 1.86440, Spectral 0.25862, Gradient 0.42819, Quantile 0.81407) | LR 1.00e-04
2026-06-24 23:39:28,306 INFO Epoch 43 | Batch 1100/1186 | Loss 4.09354 (NLL 4.19762 [logdet 1.39479, mahal 0.96495], L1 1.73750, Spectral 0.25880, Gradient 0.42530, Quantile 0.78501) | LR 1.00e-04
2026-06-24 23:39:31,242 INFO Epoch 43 | Batch 1150/1186 | Loss 4.25731 (NLL 4.31795 [logdet 1.44264, mahal 1.03743], L1 1.83441, Spectral 0.25613, Gradient 0.42901, Quantile 0.81558) | LR 1.00e-04
2026-06-24 23:39:38,284 INFO Epoch 43 | Val Loss 4.20094 (NLL 4.28326 [logdet 1.40734, mahal 1.03805], L1 1.78756, Spectral 0.25701, Gradient 0.42607, Quantile 0.84711)
2026-06-24 23:39:41,299 INFO Epoch 44 | Batch 50/1186 | Loss 4.26116 (NLL 4.30653 [logdet 1.46870, mahal 0.99996], L1 1.84250, Spectral 0.25597, Gradient 0.42307, Quantile 0.82194) | LR 1.00e-04
2026-06-24 23:39:44,231 INFO Epoch 44 | Batch 100/1186 | Loss 4.16974 (NLL 4.23522 [logdet 1.38310, mahal 1.01425], L1 1.79177, Spectral 0.25302, Gradient 0.42134, Quantile 0.80422) | LR 1.00e-04
2026-06-24 23:39:47,165 INFO Epoch 44 | Batch 150/1186 | Loss 4.17357 (NLL 4.23516 [logdet 1.39334, mahal 1.00395], L1 1.79364, Spectral 0.26393, Gradient 0.43010, Quantile 0.80070) | LR 1.00e-04
2026-06-24 23:39:50,101 INFO Epoch 44 | Batch 200/1186 | Loss 4.24338 (NLL 4.29695 [logdet 1.42013, mahal 1.03894], L1 1.83197, Spectral 0.25813, Gradient 0.42706, Quantile 0.80933) | LR 1.00e-04
2026-06-24 23:39:53,032 INFO Epoch 44 | Batch 250/1186 | Loss 4.24771 (NLL 4.29154 [logdet 1.43196, mahal 1.02171], L1 1.83728, Spectral 0.25722, Gradient 0.42920, Quantile 0.81745) | LR 1.00e-04
2026-06-24 23:39:55,964 INFO Epoch 44 | Batch 300/1186 | Loss 4.18999 (NLL 4.24668 [logdet 1.41956, mahal 0.98925], L1 1.80828, Spectral 0.25845, Gradient 0.42342, Quantile 0.79010) | LR 1.00e-04
2026-06-24 23:39:58,899 INFO Epoch 44 | Batch 350/1186 | Loss 4.17429 (NLL 4.25241 [logdet 1.38420, mahal 1.03034], L1 1.78901, Spectral 0.25735, Gradient 0.42324, Quantile 0.79424) | LR 1.00e-04
2026-06-24 23:40:01,831 INFO Epoch 44 | Batch 400/1186 | Loss 4.17088 (NLL 4.23847 [logdet 1.39259, mahal 1.00801], L1 1.79302, Spectral 0.26549, Gradient 0.43189, Quantile 0.78350) | LR 1.00e-04
2026-06-24 23:40:04,767 INFO Epoch 44 | Batch 450/1186 | Loss 4.29502 (NLL 4.32662 [logdet 1.44277, mahal 1.04597], L1 1.86444, Spectral 0.25655, Gradient 0.42761, Quantile 0.82906) | LR 1.00e-04
2026-06-24 23:40:07,703 INFO Epoch 44 | Batch 500/1186 | Loss 4.14318 (NLL 4.21204 [logdet 1.36104, mahal 1.01312], L1 1.77562, Spectral 0.25601, Gradient 0.42366, Quantile 0.80587) | LR 1.00e-04
2026-06-24 23:40:10,638 INFO Epoch 44 | Batch 550/1186 | Loss 4.21666 (NLL 4.27984 [logdet 1.41248, mahal 1.02949], L1 1.81531, Spectral 0.26300, Gradient 0.43431, Quantile 0.79783) | LR 1.00e-04
2026-06-24 23:40:13,574 INFO Epoch 44 | Batch 600/1186 | Loss 4.19459 (NLL 4.27526 [logdet 1.39888, mahal 1.03851], L1 1.80094, Spectral 0.25294, Gradient 0.41748, Quantile 0.78634) | LR 1.00e-04
2026-06-24 23:40:16,508 INFO Epoch 44 | Batch 650/1186 | Loss 4.18237 (NLL 4.25558 [logdet 1.39938, mahal 1.01833], L1 1.79531, Spectral 0.24988, Gradient 0.42629, Quantile 0.80302) | LR 1.00e-04
2026-06-24 23:40:19,439 INFO Epoch 44 | Batch 700/1186 | Loss 4.30791 (NLL 4.30157 [logdet 1.43513, mahal 1.02856], L1 1.89046, Spectral 0.25730, Gradient 0.42732, Quantile 0.82569) | LR 1.00e-04
2026-06-24 23:40:22,373 INFO Epoch 44 | Batch 750/1186 | Loss 4.27601 (NLL 4.30425 [logdet 1.43623, mahal 1.03015], L1 1.85738, Spectral 0.26475, Gradient 0.43103, Quantile 0.81703) | LR 1.00e-04
2026-06-24 23:40:25,308 INFO Epoch 44 | Batch 800/1186 | Loss 4.19531 (NLL 4.25464 [logdet 1.41877, mahal 0.99799], L1 1.80873, Spectral 0.25881, Gradient 0.42809, Quantile 0.79338) | LR 1.00e-04
2026-06-24 23:40:28,239 INFO Epoch 44 | Batch 850/1186 | Loss 4.20591 (NLL 4.26809 [logdet 1.40682, mahal 1.02339], L1 1.80969, Spectral 0.26234, Gradient 0.43094, Quantile 0.80166) | LR 1.00e-04
2026-06-24 23:40:31,172 INFO Epoch 44 | Batch 900/1186 | Loss 4.21044 (NLL 4.27593 [logdet 1.38851, mahal 1.04954], L1 1.81619, Spectral 0.26146, Gradient 0.42578, Quantile 0.77823) | LR 1.00e-04
2026-06-24 23:40:34,105 INFO Epoch 44 | Batch 950/1186 | Loss 4.23787 (NLL 4.28125 [logdet 1.40147, mahal 1.04190], L1 1.82765, Spectral 0.25929, Gradient 0.42995, Quantile 0.83569) | LR 1.00e-04
2026-06-24 23:40:37,041 INFO Epoch 44 | Batch 1000/1186 | Loss 4.18203 (NLL 4.26209 [logdet 1.43029, mahal 0.99392], L1 1.79066, Spectral 0.25954, Gradient 0.42809, Quantile 0.79702) | LR 1.00e-04
2026-06-24 23:40:39,975 INFO Epoch 44 | Batch 1050/1186 | Loss 4.17318 (NLL 4.23672 [logdet 1.39207, mahal 1.00677], L1 1.79385, Spectral 0.25342, Gradient 0.42699, Quantile 0.80627) | LR 1.00e-04
2026-06-24 23:40:42,906 INFO Epoch 44 | Batch 1100/1186 | Loss 4.26677 (NLL 4.32095 [logdet 1.41007, mahal 1.07300], L1 1.84428, Spectral 0.26097, Gradient 0.43213, Quantile 0.80244) | LR 1.00e-04
2026-06-24 23:40:45,836 INFO Epoch 44 | Batch 1150/1186 | Loss 4.15070 (NLL 4.24528 [logdet 1.43253, mahal 0.97487], L1 1.77100, Spectral 0.25567, Gradient 0.41973, Quantile 0.78773) | LR 1.00e-04
2026-06-24 23:40:52,925 INFO Epoch 44 | Val Loss 4.19958 (NLL 4.27857 [logdet 1.37006, mahal 1.07064], L1 1.78436, Spectral 0.25656, Gradient 0.42486, Quantile 0.86502)
2026-06-24 23:40:55,921 INFO Epoch 45 | Batch 50/1186 | Loss 4.16515 (NLL 4.23559 [logdet 1.36285, mahal 1.03487], L1 1.78904, Spectral 0.25161, Gradient 0.41814, Quantile 0.79727) | LR 1.00e-04
2026-06-24 23:40:58,856 INFO Epoch 45 | Batch 100/1186 | Loss 4.26958 (NLL 4.30272 [logdet 1.40376, mahal 1.06108], L1 1.85121, Spectral 0.25566, Gradient 0.42405, Quantile 0.82899) | LR 1.00e-04
2026-06-24 23:41:01,791 INFO Epoch 45 | Batch 150/1186 | Loss 4.18183 (NLL 4.23866 [logdet 1.41915, mahal 0.98163], L1 1.80412, Spectral 0.26173, Gradient 0.42710, Quantile 0.78659) | LR 1.00e-04
2026-06-24 23:41:04,727 INFO Epoch 45 | Batch 200/1186 | Loss 4.17536 (NLL 4.24812 [logdet 1.38679, mahal 1.02345], L1 1.79650, Spectral 0.25133, Gradient 0.41906, Quantile 0.78296) | LR 1.00e-04
2026-06-24 23:41:07,661 INFO Epoch 45 | Batch 250/1186 | Loss 4.30427 (NLL 4.31447 [logdet 1.45264, mahal 1.02395], L1 1.87723, Spectral 0.26653, Gradient 0.43461, Quantile 0.82878) | LR 1.00e-04
2026-06-24 23:41:10,597 INFO Epoch 45 | Batch 300/1186 | Loss 4.17790 (NLL 4.24362 [logdet 1.42379, mahal 0.98195], L1 1.79377, Spectral 0.26453, Gradient 0.43447, Quantile 0.79988) | LR 1.00e-04
2026-06-24 23:41:13,532 INFO Epoch 45 | Batch 350/1186 | Loss 4.18531 (NLL 4.23861 [logdet 1.37772, mahal 1.02301], L1 1.80053, Spectral 0.25966, Gradient 0.43013, Quantile 0.81823) | LR 1.00e-04
2026-06-24 23:41:16,468 INFO Epoch 45 | Batch 400/1186 | Loss 4.21337 (NLL 4.27080 [logdet 1.41469, mahal 1.01823], L1 1.82127, Spectral 0.26147, Gradient 0.43343, Quantile 0.77985) | LR 1.00e-04
2026-06-24 23:41:19,404 INFO Epoch 45 | Batch 450/1186 | Loss 4.18896 (NLL 4.25987 [logdet 1.38316, mahal 1.03883], L1 1.79992, Spectral 0.26151, Gradient 0.43043, Quantile 0.78979) | LR 1.00e-04
2026-06-24 23:41:22,338 INFO Epoch 45 | Batch 500/1186 | Loss 4.12078 (NLL 4.21731 [logdet 1.39638, mahal 0.98306], L1 1.75543, Spectral 0.25162, Gradient 0.41809, Quantile 0.79053) | LR 1.00e-04
2026-06-24 23:41:25,277 INFO Epoch 45 | Batch 550/1186 | Loss 4.21914 (NLL 4.25783 [logdet 1.39575, mahal 1.02420], L1 1.82676, Spectral 0.26441, Gradient 0.43218, Quantile 0.80481) | LR 1.00e-04
2026-06-24 23:41:28,213 INFO Epoch 45 | Batch 600/1186 | Loss 4.24409 (NLL 4.29429 [logdet 1.44466, mahal 1.01176], L1 1.83281, Spectral 0.25535, Gradient 0.42429, Quantile 0.81739) | LR 1.00e-04
2026-06-24 23:41:31,147 INFO Epoch 45 | Batch 650/1186 | Loss 4.23695 (NLL 4.28657 [logdet 1.41377, mahal 1.03492], L1 1.82683, Spectral 0.26170, Gradient 0.43474, Quantile 0.82160) | LR 1.00e-04
2026-06-24 23:41:34,084 INFO Epoch 45 | Batch 700/1186 | Loss 4.21900 (NLL 4.28761 [logdet 1.46309, mahal 0.98664], L1 1.81239, Spectral 0.26311, Gradient 0.43056, Quantile 0.80347) | LR 1.00e-04
2026-06-24 23:41:37,014 INFO Epoch 45 | Batch 750/1186 | Loss 4.21731 (NLL 4.27710 [logdet 1.38787, mahal 1.05136], L1 1.82013, Spectral 0.25704, Gradient 0.42486, Quantile 0.79269) | LR 1.00e-04
2026-06-24 23:41:39,953 INFO Epoch 45 | Batch 800/1186 | Loss 4.21453 (NLL 4.26493 [logdet 1.42914, mahal 0.99791], L1 1.81434, Spectral 0.25561, Gradient 0.42303, Quantile 0.83198) | LR 1.00e-04
2026-06-24 23:41:42,889 INFO Epoch 45 | Batch 850/1186 | Loss 4.27239 (NLL 4.31630 [logdet 1.41955, mahal 1.05887], L1 1.85576, Spectral 0.25051, Gradient 0.41688, Quantile 0.79917) | LR 1.00e-04
2026-06-24 23:41:45,822 INFO Epoch 45 | Batch 900/1186 | Loss 4.18649 (NLL 4.26300 [logdet 1.41507, mahal 1.01006], L1 1.79446, Spectral 0.25652, Gradient 0.42692, Quantile 0.80111) | LR 1.00e-04
2026-06-24 23:41:48,753 INFO Epoch 45 | Batch 950/1186 | Loss 4.22987 (NLL 4.27620 [logdet 1.40533, mahal 1.03299], L1 1.82832, Spectral 0.25769, Gradient 0.42962, Quantile 0.81192) | LR 1.00e-04
2026-06-24 23:41:51,687 INFO Epoch 45 | Batch 1000/1186 | Loss 4.25083 (NLL 4.29787 [logdet 1.43616, mahal 1.02383], L1 1.83777, Spectral 0.25846, Gradient 0.43246, Quantile 0.81388) | LR 1.00e-04
2026-06-24 23:41:54,623 INFO Epoch 45 | Batch 1050/1186 | Loss 4.16740 (NLL 4.25680 [logdet 1.43117, mahal 0.98776], L1 1.78136, Spectral 0.26027, Gradient 0.42342, Quantile 0.78513) | LR 1.00e-04
2026-06-24 23:41:57,559 INFO Epoch 45 | Batch 1100/1186 | Loss 4.24852 (NLL 4.28873 [logdet 1.40662, mahal 1.04423], L1 1.83724, Spectral 0.25781, Gradient 0.43074, Quantile 0.82618) | LR 1.00e-04
2026-06-24 23:42:00,493 INFO Epoch 45 | Batch 1150/1186 | Loss 4.06287 (NLL 4.15402 [logdet 1.33012, mahal 0.98603], L1 1.73558, Spectral 0.25250, Gradient 0.41838, Quantile 0.76299) | LR 1.00e-04
2026-06-24 23:42:07,571 INFO Epoch 45 | Val Loss 4.19924 (NLL 4.29278 [logdet 1.32640, mahal 1.12851], L1 1.78482, Spectral 0.25684, Gradient 0.42554, Quantile 0.83191)
2026-06-24 23:42:10,576 INFO Epoch 46 | Batch 50/1186 | Loss 4.25503 (NLL 4.29498 [logdet 1.44230, mahal 1.01480], L1 1.84620, Spectral 0.25456, Gradient 0.42309, Quantile 0.80659) | LR 1.00e-04
2026-06-24 23:42:13,515 INFO Epoch 46 | Batch 100/1186 | Loss 4.17364 (NLL 4.25536 [logdet 1.40208, mahal 1.01540], L1 1.78744, Spectral 0.25795, Gradient 0.42539, Quantile 0.79125) | LR 1.00e-04
2026-06-24 23:42:16,452 INFO Epoch 46 | Batch 150/1186 | Loss 4.17209 (NLL 4.24024 [logdet 1.32858, mahal 1.07378], L1 1.79106, Spectral 0.26147, Gradient 0.43004, Quantile 0.79736) | LR 1.00e-04
2026-06-24 23:42:19,390 INFO Epoch 46 | Batch 200/1186 | Loss 4.12188 (NLL 4.21339 [logdet 1.36789, mahal 1.00763], L1 1.75516, Spectral 0.25796, Gradient 0.42706, Quantile 0.79747) | LR 1.00e-04
2026-06-24 23:42:22,327 INFO Epoch 46 | Batch 250/1186 | Loss 4.31714 (NLL 4.31095 [logdet 1.47109, mahal 1.00198], L1 1.88977, Spectral 0.26069, Gradient 0.43238, Quantile 0.84376) | LR 1.00e-04
2026-06-24 23:42:25,267 INFO Epoch 46 | Batch 300/1186 | Loss 4.16723 (NLL 4.25019 [logdet 1.41014, mahal 1.00217], L1 1.78504, Spectral 0.25963, Gradient 0.42611, Quantile 0.78352) | LR 1.00e-04
2026-06-24 23:42:28,206 INFO Epoch 46 | Batch 350/1186 | Loss 4.15135 (NLL 4.22009 [logdet 1.33204, mahal 1.05018], L1 1.78750, Spectral 0.25717, Gradient 0.42578, Quantile 0.77250) | LR 1.00e-04
2026-06-24 23:42:31,147 INFO Epoch 46 | Batch 400/1186 | Loss 4.16929 (NLL 4.22293 [logdet 1.37195, mahal 1.01310], L1 1.79507, Spectral 0.26251, Gradient 0.42627, Quantile 0.80393) | LR 1.00e-04
2026-06-24 23:42:34,069 INFO Epoch 46 | Batch 450/1186 | Loss 4.19082 (NLL 4.27119 [logdet 1.41492, mahal 1.01839], L1 1.79525, Spectral 0.25700, Gradient 0.42523, Quantile 0.79832) | LR 1.00e-04
2026-06-24 23:42:36,992 INFO Epoch 46 | Batch 500/1186 | Loss 4.19918 (NLL 4.26571 [logdet 1.38461, mahal 1.04322], L1 1.80516, Spectral 0.26092, Gradient 0.42440, Quantile 0.79906) | LR 1.00e-04
2026-06-24 23:42:39,912 INFO Epoch 46 | Batch 550/1186 | Loss 4.20237 (NLL 4.28681 [logdet 1.40537, mahal 1.04357], L1 1.79826, Spectral 0.25918, Gradient 0.43153, Quantile 0.79894) | LR 1.00e-04
2026-06-24 23:42:42,833 INFO Epoch 46 | Batch 600/1186 | Loss 4.27042 (NLL 4.31843 [logdet 1.46303, mahal 1.01753], L1 1.84554, Spectral 0.26216, Gradient 0.43078, Quantile 0.81630) | LR 1.00e-04
2026-06-24 23:42:45,755 INFO Epoch 46 | Batch 650/1186 | Loss 4.23359 (NLL 4.28351 [logdet 1.42635, mahal 1.01928], L1 1.83262, Spectral 0.26091, Gradient 0.43274, Quantile 0.79085) | LR 1.00e-04
2026-06-24 23:42:48,678 INFO Epoch 46 | Batch 700/1186 | Loss 4.14295 (NLL 4.22215 [logdet 1.40490, mahal 0.97937], L1 1.77080, Spectral 0.25550, Gradient 0.42636, Quantile 0.80447) | LR 1.00e-04
2026-06-24 23:42:51,600 INFO Epoch 46 | Batch 750/1186 | Loss 4.17107 (NLL 4.24654 [logdet 1.39179, mahal 1.01688], L1 1.79099, Spectral 0.25740, Gradient 0.42550, Quantile 0.78474) | LR 1.00e-04
2026-06-24 23:42:54,521 INFO Epoch 46 | Batch 800/1186 | Loss 4.18185 (NLL 4.26517 [logdet 1.39830, mahal 1.02899], L1 1.79044, Spectral 0.25655, Gradient 0.42762, Quantile 0.79400) | LR 1.00e-04
2026-06-24 23:42:57,444 INFO Epoch 46 | Batch 850/1186 | Loss 4.23229 (NLL 4.27189 [logdet 1.41602, mahal 1.01799], L1 1.83180, Spectral 0.25535, Gradient 0.42693, Quantile 0.81901) | LR 1.00e-04
2026-06-24 23:43:00,367 INFO Epoch 46 | Batch 900/1186 | Loss 4.23188 (NLL 4.26661 [logdet 1.40929, mahal 1.01944], L1 1.83029, Spectral 0.25412, Gradient 0.42875, Quantile 0.83582) | LR 1.00e-04
2026-06-24 23:43:03,290 INFO Epoch 46 | Batch 950/1186 | Loss 4.17676 (NLL 4.23876 [logdet 1.40858, mahal 0.99230], L1 1.80073, Spectral 0.25272, Gradient 0.42356, Quantile 0.78912) | LR 1.00e-04
2026-06-24 23:43:06,212 INFO Epoch 46 | Batch 1000/1186 | Loss 4.20574 (NLL 4.26077 [logdet 1.37502, mahal 1.04787], L1 1.81297, Spectral 0.25889, Gradient 0.42190, Quantile 0.80635) | LR 1.00e-04
2026-06-24 23:43:09,131 INFO Epoch 46 | Batch 1050/1186 | Loss 4.23369 (NLL 4.30161 [logdet 1.44122, mahal 1.02252], L1 1.82515, Spectral 0.25105, Gradient 0.42385, Quantile 0.79544) | LR 1.00e-04
2026-06-24 23:43:12,052 INFO Epoch 46 | Batch 1100/1186 | Loss 4.25025 (NLL 4.28171 [logdet 1.40703, mahal 1.03680], L1 1.84321, Spectral 0.26230, Gradient 0.42834, Quantile 0.81835) | LR 1.00e-04
2026-06-24 23:43:14,977 INFO Epoch 46 | Batch 1150/1186 | Loss 4.21619 (NLL 4.27433 [logdet 1.40996, mahal 1.02649], L1 1.81592, Spectral 0.26152, Gradient 0.42970, Quantile 0.80639) | LR 1.00e-04
2026-06-24 23:43:22,027 INFO Epoch 46 | Val Loss 4.19509 (NLL 4.28258 [logdet 1.43021, mahal 1.01449], L1 1.79067, Spectral 0.25641, Gradient 0.42508, Quantile 0.81203)
2026-06-24 23:43:22,116 INFO New best val loss: 4.19509 (saved checkpoints/best.pth)
2026-06-24 23:43:25,075 INFO Epoch 47 | Batch 50/1186 | Loss 4.31753 (NLL 4.32189 [logdet 1.46383, mahal 1.02018], L1 1.88936, Spectral 0.25899, Gradient 0.43005, Quantile 0.82620) | LR 1.00e-04
2026-06-24 23:43:28,011 INFO Epoch 47 | Batch 100/1186 | Loss 4.21581 (NLL 4.26198 [logdet 1.40566, mahal 1.01844], L1 1.81653, Spectral 0.26017, Gradient 0.43413, Quantile 0.82930) | LR 1.00e-04
2026-06-24 23:43:30,947 INFO Epoch 47 | Batch 150/1186 | Loss 4.17559 (NLL 4.25271 [logdet 1.40394, mahal 1.01089], L1 1.79383, Spectral 0.26106, Gradient 0.42941, Quantile 0.77498) | LR 1.00e-04
2026-06-24 23:43:33,883 INFO Epoch 47 | Batch 200/1186 | Loss 4.19825 (NLL 4.26452 [logdet 1.40520, mahal 1.02144], L1 1.80693, Spectral 0.25926, Gradient 0.42593, Quantile 0.79208) | LR 1.00e-04
2026-06-24 23:43:36,816 INFO Epoch 47 | Batch 250/1186 | Loss 4.19470 (NLL 4.25951 [logdet 1.42414, mahal 0.99749], L1 1.80476, Spectral 0.25547, Gradient 0.42493, Quantile 0.80083) | LR 1.00e-04
2026-06-24 23:43:39,754 INFO Epoch 47 | Batch 300/1186 | Loss 4.15311 (NLL 4.22328 [logdet 1.39052, mahal 0.99488], L1 1.78445, Spectral 0.25487, Gradient 0.41788, Quantile 0.78845) | LR 1.00e-04
2026-06-24 23:43:42,687 INFO Epoch 47 | Batch 350/1186 | Loss 4.15831 (NLL 4.23345 [logdet 1.34250, mahal 1.05307], L1 1.78433, Spectral 0.25546, Gradient 0.42848, Quantile 0.78861) | LR 1.00e-04
2026-06-24 23:43:45,623 INFO Epoch 47 | Batch 400/1186 | Loss 4.23814 (NLL 4.28865 [logdet 1.38955, mahal 1.06122], L1 1.82548, Spectral 0.26398, Gradient 0.43284, Quantile 0.82544) | LR 1.00e-04
2026-06-24 23:43:48,561 INFO Epoch 47 | Batch 450/1186 | Loss 4.22677 (NLL 4.27724 [logdet 1.45003, mahal 0.98933], L1 1.82618, Spectral 0.25479, Gradient 0.42525, Quantile 0.80897) | LR 1.00e-04
2026-06-24 23:43:51,496 INFO Epoch 47 | Batch 500/1186 | Loss 4.17760 (NLL 4.25157 [logdet 1.39917, mahal 1.01452], L1 1.78903, Spectral 0.25188, Gradient 0.42245, Quantile 0.81549) | LR 1.00e-04
2026-06-24 23:43:54,434 INFO Epoch 47 | Batch 550/1186 | Loss 4.25140 (NLL 4.29552 [logdet 1.42869, mahal 1.02895], L1 1.84201, Spectral 0.26559, Gradient 0.43879, Quantile 0.79581) | LR 1.00e-04
2026-06-24 23:43:57,367 INFO Epoch 47 | Batch 600/1186 | Loss 4.21802 (NLL 4.27742 [logdet 1.41043, mahal 1.02912], L1 1.81709, Spectral 0.26379, Gradient 0.43533, Quantile 0.80022) | LR 1.00e-04
2026-06-24 23:44:00,304 INFO Epoch 47 | Batch 650/1186 | Loss 4.26455 (NLL 4.30149 [logdet 1.43671, mahal 1.02691], L1 1.84731, Spectral 0.25524, Gradient 0.42975, Quantile 0.82720) | LR 1.00e-04
2026-06-24 23:44:03,242 INFO Epoch 47 | Batch 700/1186 | Loss 4.14940 (NLL 4.21080 [logdet 1.38232, mahal 0.99060], L1 1.78171, Spectral 0.26104, Gradient 0.42975, Quantile 0.80352) | LR 1.00e-04
2026-06-24 23:44:06,172 INFO Epoch 47 | Batch 750/1186 | Loss 4.27811 (NLL 4.29299 [logdet 1.40828, mahal 1.04683], L1 1.86535, Spectral 0.25731, Gradient 0.42547, Quantile 0.82406) | LR 1.00e-04
2026-06-24 23:44:09,093 INFO Epoch 47 | Batch 800/1186 | Loss 4.19878 (NLL 4.25725 [logdet 1.41140, mahal 1.00797], L1 1.80809, Spectral 0.25647, Gradient 0.42561, Quantile 0.80756) | LR 1.00e-04
2026-06-24 23:44:12,014 INFO Epoch 47 | Batch 850/1186 | Loss 4.14705 (NLL 4.25557 [logdet 1.42190, mahal 0.99579], L1 1.76728, Spectral 0.25521, Gradient 0.42212, Quantile 0.76710) | LR 1.00e-04
2026-06-24 23:44:14,935 INFO Epoch 47 | Batch 900/1186 | Loss 4.13944 (NLL 4.20462 [logdet 1.36593, mahal 1.00081], L1 1.78141, Spectral 0.25461, Gradient 0.42319, Quantile 0.78325) | LR 1.00e-04
2026-06-24 23:44:17,854 INFO Epoch 47 | Batch 950/1186 | Loss 4.16118 (NLL 4.23120 [logdet 1.36092, mahal 1.03240], L1 1.78934, Spectral 0.25425, Gradient 0.41925, Quantile 0.78588) | LR 1.00e-04
2026-06-24 23:44:20,774 INFO Epoch 47 | Batch 1000/1186 | Loss 4.30005 (NLL 4.33203 [logdet 1.48214, mahal 1.01201], L1 1.86205, Spectral 0.26046, Gradient 0.42488, Quantile 0.84446) | LR 1.00e-04
2026-06-24 23:44:23,696 INFO Epoch 47 | Batch 1050/1186 | Loss 4.19965 (NLL 4.25525 [logdet 1.40800, mahal 1.00938], L1 1.81128, Spectral 0.26064, Gradient 0.42920, Quantile 0.79754) | LR 1.00e-04
2026-06-24 23:44:26,617 INFO Epoch 47 | Batch 1100/1186 | Loss 4.17273 (NLL 4.26452 [logdet 1.38826, mahal 1.03838], L1 1.78049, Spectral 0.26169, Gradient 0.43228, Quantile 0.79324) | LR 1.00e-04
2026-06-24 23:44:29,516 INFO Epoch 47 | Batch 1150/1186 | Loss 4.16063 (NLL 4.24377 [logdet 1.37543, mahal 1.03046], L1 1.77873, Spectral 0.25841, Gradient 0.42378, Quantile 0.79700) | LR 1.00e-04
2026-06-24 23:44:36,536 INFO Epoch 47 | Val Loss 4.19866 (NLL 4.28562 [logdet 1.40748, mahal 1.04026], L1 1.78740, Spectral 0.25650, Gradient 0.42468, Quantile 0.83399)
2026-06-24 23:44:39,537 INFO Epoch 48 | Batch 50/1186 | Loss 4.30242 (NLL 4.34837 [logdet 1.48276, mahal 1.02773], L1 1.86512, Spectral 0.26499, Gradient 0.44089, Quantile 0.80258) | LR 1.00e-04
2026-06-24 23:44:42,450 INFO Epoch 48 | Batch 100/1186 | Loss 4.16058 (NLL 4.23731 [logdet 1.35697, mahal 1.04246], L1 1.78050, Spectral 0.25842, Gradient 0.42814, Quantile 0.80277) | LR 1.00e-04
2026-06-24 23:44:45,363 INFO Epoch 48 | Batch 150/1186 | Loss 4.15153 (NLL 4.24129 [logdet 1.40478, mahal 0.99863], L1 1.77874, Spectral 0.25154, Gradient 0.41855, Quantile 0.77177) | LR 1.00e-04
2026-06-24 23:44:48,275 INFO Epoch 48 | Batch 200/1186 | Loss 4.19525 (NLL 4.24917 [logdet 1.40070, mahal 1.01059], L1 1.80674, Spectral 0.26446, Gradient 0.43521, Quantile 0.80659) | LR 1.00e-04
2026-06-24 23:44:51,187 INFO Epoch 48 | Batch 250/1186 | Loss 4.19371 (NLL 4.26962 [logdet 1.36177, mahal 1.06997], L1 1.80210, Spectral 0.25281, Gradient 0.41612, Quantile 0.78973) | LR 1.00e-04
2026-06-24 23:44:54,099 INFO Epoch 48 | Batch 300/1186 | Loss 4.29070 (NLL 4.32222 [logdet 1.44201, mahal 1.04233], L1 1.85860, Spectral 0.25927, Gradient 0.42569, Quantile 0.84158) | LR 1.00e-04
2026-06-24 23:44:57,014 INFO Epoch 48 | Batch 350/1186 | Loss 4.16774 (NLL 4.23101 [logdet 1.42073, mahal 0.97240], L1 1.78896, Spectral 0.26330, Gradient 0.43086, Quantile 0.80519) | LR 1.00e-04
2026-06-24 23:44:59,925 INFO Epoch 48 | Batch 400/1186 | Loss 4.23058 (NLL 4.27651 [logdet 1.42321, mahal 1.01542], L1 1.83100, Spectral 0.25482, Gradient 0.42457, Quantile 0.80628) | LR 1.00e-04
2026-06-24 23:45:02,839 INFO Epoch 48 | Batch 450/1186 | Loss 4.13738 (NLL 4.21095 [logdet 1.39061, mahal 0.98246], L1 1.77380, Spectral 0.25284, Gradient 0.42090, Quantile 0.79505) | LR 1.00e-04
2026-06-24 23:45:05,738 INFO Epoch 48 | Batch 500/1186 | Loss 4.16568 (NLL 4.25454 [logdet 1.39131, mahal 1.02534], L1 1.77943, Spectral 0.26060, Gradient 0.43204, Quantile 0.79026) | LR 1.00e-04
2026-06-24 23:45:08,631 INFO Epoch 48 | Batch 550/1186 | Loss 4.17421 (NLL 4.24801 [logdet 1.41249, mahal 0.99765], L1 1.79253, Spectral 0.26126, Gradient 0.43025, Quantile 0.78414) | LR 1.00e-04
2026-06-24 23:45:11,527 INFO Epoch 48 | Batch 600/1186 | Loss 4.26778 (NLL 4.28661 [logdet 1.40623, mahal 1.04251], L1 1.85901, Spectral 0.25578, Gradient 0.42493, Quantile 0.82241) | LR 1.00e-04
2026-06-24 23:45:14,430 INFO Epoch 48 | Batch 650/1186 | Loss 4.20291 (NLL 4.25755 [logdet 1.42156, mahal 0.99811], L1 1.81143, Spectral 0.25403, Gradient 0.42704, Quantile 0.81280) | LR 1.00e-04
2026-06-24 23:45:17,333 INFO Epoch 48 | Batch 700/1186 | Loss 4.19008 (NLL 4.25139 [logdet 1.38916, mahal 1.02435], L1 1.80216, Spectral 0.26017, Gradient 0.42462, Quantile 0.80426) | LR 1.00e-04
2026-06-24 23:45:20,235 INFO Epoch 48 | Batch 750/1186 | Loss 4.20161 (NLL 4.27395 [logdet 1.39032, mahal 1.04574], L1 1.80753, Spectral 0.24851, Gradient 0.41776, Quantile 0.79563) | LR 1.00e-04
2026-06-24 23:45:23,136 INFO Epoch 48 | Batch 800/1186 | Loss 4.30444 (NLL 4.32522 [logdet 1.47194, mahal 1.01540], L1 1.87644, Spectral 0.25330, Gradient 0.42595, Quantile 0.82475) | LR 1.00e-04
2026-06-24 23:45:26,037 INFO Epoch 48 | Batch 850/1186 | Loss 4.20134 (NLL 4.26656 [logdet 1.39921, mahal 1.02948], L1 1.80858, Spectral 0.26145, Gradient 0.42953, Quantile 0.79142) | LR 1.00e-04
2026-06-24 23:45:28,939 INFO Epoch 48 | Batch 900/1186 | Loss 4.19884 (NLL 4.25117 [logdet 1.41442, mahal 0.99887], L1 1.81402, Spectral 0.26108, Gradient 0.42630, Quantile 0.79086) | LR 1.00e-04
2026-06-24 23:45:31,841 INFO Epoch 48 | Batch 950/1186 | Loss 4.09432 (NLL 4.19320 [logdet 1.35001, mahal 1.00531], L1 1.74262, Spectral 0.25470, Gradient 0.42612, Quantile 0.78054) | LR 1.00e-04
2026-06-24 23:45:34,793 INFO Epoch 48 | Batch 1000/1186 | Loss 4.13662 (NLL 4.21935 [logdet 1.36801, mahal 1.01346], L1 1.76836, Spectral 0.25713, Gradient 0.41813, Quantile 0.79251) | LR 1.00e-04
2026-06-24 23:45:37,778 INFO Epoch 48 | Batch 1050/1186 | Loss 4.24363 (NLL 4.26754 [logdet 1.40825, mahal 1.02141], L1 1.84402, Spectral 0.25955, Gradient 0.43284, Quantile 0.81984) | LR 1.00e-04
2026-06-24 23:45:40,770 INFO Epoch 48 | Batch 1100/1186 | Loss 4.26781 (NLL 4.30663 [logdet 1.46849, mahal 1.00026], L1 1.84969, Spectral 0.25811, Gradient 0.43196, Quantile 0.81707) | LR 1.00e-04
2026-06-24 23:45:43,756 INFO Epoch 48 | Batch 1150/1186 | Loss 4.22012 (NLL 4.27915 [logdet 1.42489, mahal 1.01638], L1 1.81563, Spectral 0.26352, Gradient 0.43213, Quantile 0.81176) | LR 1.00e-04
2026-06-24 23:45:50,816 INFO Epoch 48 | Val Loss 4.18780 (NLL 4.27664 [logdet 1.39473, mahal 1.04403], L1 1.77858, Spectral 0.25696, Gradient 0.42573, Quantile 0.84369)
2026-06-24 23:45:50,897 INFO New best val loss: 4.18780 (saved checkpoints/best.pth)
2026-06-24 23:45:53,933 INFO Epoch 49 | Batch 50/1186 | Loss 4.21025 (NLL 4.24867 [logdet 1.41486, mahal 0.99593], L1 1.81986, Spectral 0.26059, Gradient 0.43045, Quantile 0.81965) | LR 1.00e-04
2026-06-24 23:45:56,950 INFO Epoch 49 | Batch 100/1186 | Loss 4.15260 (NLL 4.21573 [logdet 1.36990, mahal 1.00796], L1 1.78550, Spectral 0.26037, Gradient 0.43115, Quantile 0.79155) | LR 1.00e-04
2026-06-24 23:45:59,928 INFO Epoch 49 | Batch 150/1186 | Loss 4.19863 (NLL 4.25504 [logdet 1.39522, mahal 1.02193], L1 1.81308, Spectral 0.24905, Gradient 0.41970, Quantile 0.79884) | LR 1.00e-04
2026-06-24 23:46:02,913 INFO Epoch 49 | Batch 200/1186 | Loss 4.20512 (NLL 4.25511 [logdet 1.39832, mahal 1.01891], L1 1.81513, Spectral 0.25737, Gradient 0.42984, Quantile 0.80807) | LR 1.00e-04
2026-06-24 23:46:05,908 INFO Epoch 49 | Batch 250/1186 | Loss 4.21743 (NLL 4.24905 [logdet 1.38797, mahal 1.02320], L1 1.82879, Spectral 0.26544, Gradient 0.43563, Quantile 0.80632) | LR 1.00e-04
2026-06-24 23:46:08,904 INFO Epoch 49 | Batch 300/1186 | Loss 4.27914 (NLL 4.32967 [logdet 1.43404, mahal 1.05775], L1 1.85115, Spectral 0.25806, Gradient 0.42231, Quantile 0.81041) | LR 1.00e-04
2026-06-24 23:46:11,897 INFO Epoch 49 | Batch 350/1186 | Loss 4.15874 (NLL 4.23365 [logdet 1.41256, mahal 0.98321], L1 1.78357, Spectral 0.25407, Gradient 0.42241, Quantile 0.79475) | LR 1.00e-04
2026-06-24 23:46:14,893 INFO Epoch 49 | Batch 400/1186 | Loss 4.13993 (NLL 4.21528 [logdet 1.35698, mahal 1.02042], L1 1.77358, Spectral 0.25810, Gradient 0.42258, Quantile 0.79196) | LR 1.00e-04
2026-06-24 23:46:17,885 INFO Epoch 49 | Batch 450/1186 | Loss 4.19032 (NLL 4.27969 [logdet 1.40169, mahal 1.04012], L1 1.79405, Spectral 0.25384, Gradient 0.42336, Quantile 0.78697) | LR 1.00e-04
2026-06-24 23:46:20,863 INFO Epoch 49 | Batch 500/1186 | Loss 4.23614 (NLL 4.28968 [logdet 1.46191, mahal 0.98989], L1 1.83003, Spectral 0.25337, Gradient 0.42145, Quantile 0.80764) | LR 1.00e-04
2026-06-24 23:46:23,860 INFO Epoch 49 | Batch 550/1186 | Loss 4.19430 (NLL 4.24165 [logdet 1.38175, mahal 1.02202], L1 1.81247, Spectral 0.25479, Gradient 0.42691, Quantile 0.80493) | LR 1.00e-04
2026-06-24 23:46:26,867 INFO Epoch 49 | Batch 600/1186 | Loss 4.19694 (NLL 4.26301 [logdet 1.39641, mahal 1.02872], L1 1.80593, Spectral 0.26571, Gradient 0.43174, Quantile 0.78692) | LR 1.00e-04
2026-06-24 23:46:29,865 INFO Epoch 49 | Batch 650/1186 | Loss 4.16193 (NLL 4.23150 [logdet 1.36872, mahal 1.02490], L1 1.78326, Spectral 0.25686, Gradient 0.43382, Quantile 0.81055) | LR 1.00e-04
2026-06-24 23:46:32,861 INFO Epoch 49 | Batch 700/1186 | Loss 4.28330 (NLL 4.33008 [logdet 1.44012, mahal 1.05208], L1 1.85232, Spectral 0.26830, Gradient 0.43675, Quantile 0.81081) | LR 1.00e-04
2026-06-24 23:46:35,864 INFO Epoch 49 | Batch 750/1186 | Loss 4.14158 (NLL 4.22409 [logdet 1.37704, mahal 1.00917], L1 1.77543, Spectral 0.25289, Gradient 0.42146, Quantile 0.77838) | LR 1.00e-04
2026-06-24 23:46:38,864 INFO Epoch 49 | Batch 800/1186 | Loss 4.22585 (NLL 4.29160 [logdet 1.46139, mahal 0.99234], L1 1.81695, Spectral 0.25581, Gradient 0.42694, Quantile 0.81251) | LR 1.00e-04
2026-06-24 23:46:41,863 INFO Epoch 49 | Batch 850/1186 | Loss 4.19550 (NLL 4.25807 [logdet 1.38410, mahal 1.03609], L1 1.80340, Spectral 0.26214, Gradient 0.43006, Quantile 0.80558) | LR 1.00e-04
2026-06-24 23:46:44,862 INFO Epoch 49 | Batch 900/1186 | Loss 4.23891 (NLL 4.28209 [logdet 1.42840, mahal 1.01582], L1 1.83575, Spectral 0.25949, Gradient 0.42577, Quantile 0.80450) | LR 1.00e-04
2026-06-24 23:46:47,861 INFO Epoch 49 | Batch 950/1186 | Loss 4.15058 (NLL 4.23128 [logdet 1.39642, mahal 0.99699], L1 1.77431, Spectral 0.25346, Gradient 0.42344, Quantile 0.80483) | LR 1.00e-04
2026-06-24 23:46:50,860 INFO Epoch 49 | Batch 1000/1186 | Loss 4.24088 (NLL 4.28124 [logdet 1.42444, mahal 1.01892], L1 1.83533, Spectral 0.25385, Gradient 0.42460, Quantile 0.82229) | LR 1.00e-04
2026-06-24 23:46:53,856 INFO Epoch 49 | Batch 1050/1186 | Loss 4.11170 (NLL 4.22445 [logdet 1.34295, mahal 1.04362], L1 1.74488, Spectral 0.25950, Gradient 0.42311, Quantile 0.77334) | LR 1.00e-04
2026-06-24 23:46:56,857 INFO Epoch 49 | Batch 1100/1186 | Loss 4.25368 (NLL 4.30145 [logdet 1.42632, mahal 1.03726], L1 1.83866, Spectral 0.25895, Gradient 0.42903, Quantile 0.81411) | LR 1.00e-04
2026-06-24 23:46:59,857 INFO Epoch 49 | Batch 1150/1186 | Loss 4.25499 (NLL 4.30186 [logdet 1.43497, mahal 1.02902], L1 1.83573, Spectral 0.25702, Gradient 0.42861, Quantile 0.83291) | LR 1.00e-04
2026-06-24 23:47:06,977 INFO Epoch 49 | Val Loss 4.20317 (NLL 4.27691 [logdet 1.37055, mahal 1.06848], L1 1.78652, Spectral 0.25641, Gradient 0.42525, Quantile 0.87454)
2026-06-24 23:47:10,069 INFO Epoch 50 | Batch 50/1186 | Loss 4.17216 (NLL 4.24845 [logdet 1.38206, mahal 1.02851], L1 1.78738, Spectral 0.24885, Gradient 0.41875, Quantile 0.80953) | LR 5.00e-05
2026-06-24 23:47:13,087 INFO Epoch 50 | Batch 100/1186 | Loss 4.20633 (NLL 4.25591 [logdet 1.40791, mahal 1.01012], L1 1.81554, Spectral 0.25915, Gradient 0.42332, Quantile 0.80791) | LR 5.00e-05
2026-06-24 23:47:16,103 INFO Epoch 50 | Batch 150/1186 | Loss 4.12637 (NLL 4.21656 [logdet 1.37671, mahal 1.00196], L1 1.76506, Spectral 0.26010, Gradient 0.42564, Quantile 0.76619) | LR 5.00e-05
2026-06-24 23:47:19,118 INFO Epoch 50 | Batch 200/1186 | Loss 4.23174 (NLL 4.27993 [logdet 1.43269, mahal 1.00937], L1 1.83277, Spectral 0.25713, Gradient 0.42682, Quantile 0.79416) | LR 5.00e-05
2026-06-24 23:47:22,135 INFO Epoch 50 | Batch 250/1186 | Loss 4.12889 (NLL 4.21486 [logdet 1.36306, mahal 1.01393], L1 1.76179, Spectral 0.26033, Gradient 0.42723, Quantile 0.79346) | LR 5.00e-05
2026-06-24 23:47:25,151 INFO Epoch 50 | Batch 300/1186 | Loss 4.18331 (NLL 4.25447 [logdet 1.38185, mahal 1.03474], L1 1.79487, Spectral 0.25463, Gradient 0.43022, Quantile 0.80587) | LR 5.00e-05
2026-06-24 23:47:28,167 INFO Epoch 50 | Batch 350/1186 | Loss 4.19382 (NLL 4.26382 [logdet 1.42294, mahal 1.00300], L1 1.80294, Spectral 0.26012, Gradient 0.43107, Quantile 0.79072) | LR 5.00e-05
2026-06-24 23:47:31,168 INFO Epoch 50 | Batch 400/1186 | Loss 4.21112 (NLL 4.27708 [logdet 1.40478, mahal 1.03443], L1 1.81336, Spectral 0.25575, Gradient 0.42537, Quantile 0.79652) | LR 5.00e-05
2026-06-24 23:47:34,165 INFO Epoch 50 | Batch 450/1186 | Loss 4.27667 (NLL 4.30439 [logdet 1.42270, mahal 1.04381], L1 1.86139, Spectral 0.26180, Gradient 0.43719, Quantile 0.80596) | LR 5.00e-05
2026-06-24 23:47:37,166 INFO Epoch 50 | Batch 500/1186 | Loss 4.23662 (NLL 4.27337 [logdet 1.43099, mahal 1.00450], L1 1.83002, Spectral 0.25582, Gradient 0.42939, Quantile 0.84077) | LR 5.00e-05
2026-06-24 23:47:40,164 INFO Epoch 50 | Batch 550/1186 | Loss 4.18059 (NLL 4.24600 [logdet 1.38449, mahal 1.02363], L1 1.79834, Spectral 0.26483, Gradient 0.43576, Quantile 0.78682) | LR 5.00e-05
2026-06-24 23:47:43,164 INFO Epoch 50 | Batch 600/1186 | Loss 4.11168 (NLL 4.20204 [logdet 1.37741, mahal 0.98676], L1 1.75655, Spectral 0.25698, Gradient 0.42306, Quantile 0.77403) | LR 5.00e-05
2026-06-24 23:47:46,166 INFO Epoch 50 | Batch 650/1186 | Loss 4.14277 (NLL 4.21182 [logdet 1.34391, mahal 1.03004], L1 1.77904, Spectral 0.26117, Gradient 0.42876, Quantile 0.78487) | LR 5.00e-05
2026-06-24 23:47:49,173 INFO Epoch 50 | Batch 700/1186 | Loss 4.23506 (NLL 4.27426 [logdet 1.38096, mahal 1.05542], L1 1.83558, Spectral 0.25141, Gradient 0.42395, Quantile 0.81415) | LR 5.00e-05
2026-06-24 23:47:52,178 INFO Epoch 50 | Batch 750/1186 | Loss 4.21767 (NLL 4.26315 [logdet 1.42382, mahal 1.00146], L1 1.82536, Spectral 0.25195, Gradient 0.41813, Quantile 0.80695) | LR 5.00e-05
2026-06-24 23:47:55,180 INFO Epoch 50 | Batch 800/1186 | Loss 4.15126 (NLL 4.21797 [logdet 1.38440, mahal 0.99570], L1 1.78595, Spectral 0.25867, Gradient 0.42072, Quantile 0.78142) | LR 5.00e-05
2026-06-24 23:47:58,178 INFO Epoch 50 | Batch 850/1186 | Loss 4.23804 (NLL 4.26778 [logdet 1.38389, mahal 1.04601], L1 1.83342, Spectral 0.26129, Gradient 0.43157, Quantile 0.83827) | LR 5.00e-05
2026-06-24 23:48:01,173 INFO Epoch 50 | Batch 900/1186 | Loss 4.20680 (NLL 4.25196 [logdet 1.40355, mahal 1.01053], L1 1.82278, Spectral 0.25855, Gradient 0.43123, Quantile 0.78856) | LR 5.00e-05
2026-06-24 23:48:04,168 INFO Epoch 50 | Batch 950/1186 | Loss 4.14321 (NLL 4.22796 [logdet 1.33934, mahal 1.05074], L1 1.77337, Spectral 0.25745, Gradient 0.42757, Quantile 0.78072) | LR 5.00e-05
2026-06-24 23:48:07,156 INFO Epoch 50 | Batch 1000/1186 | Loss 4.13969 (NLL 4.23772 [logdet 1.38999, mahal 1.00986], L1 1.76673, Spectral 0.25053, Gradient 0.42027, Quantile 0.78093) | LR 5.00e-05
2026-06-24 23:48:10,152 INFO Epoch 50 | Batch 1050/1186 | Loss 4.12700 (NLL 4.21077 [logdet 1.33912, mahal 1.03378], L1 1.76356, Spectral 0.26234, Gradient 0.43042, Quantile 0.78457) | LR 5.00e-05
2026-06-24 23:48:13,149 INFO Epoch 50 | Batch 1100/1186 | Loss 4.14756 (NLL 4.21336 [logdet 1.38854, mahal 0.98694], L1 1.78089, Spectral 0.26001, Gradient 0.43611, Quantile 0.79501) | LR 5.00e-05
2026-06-24 23:48:16,148 INFO Epoch 50 | Batch 1150/1186 | Loss 4.23392 (NLL 4.28061 [logdet 1.38574, mahal 1.05700], L1 1.82794, Spectral 0.25758, Gradient 0.42585, Quantile 0.82133) | LR 5.00e-05
2026-06-24 23:48:23,263 INFO Epoch 50 | Val Loss 4.19774 (NLL 4.27394 [logdet 1.39406, mahal 1.04200], L1 1.78411, Spectral 0.25657, Gradient 0.42629, Quantile 0.86797)
2026-06-24 23:48:26,354 INFO Epoch 51 | Batch 50/1186 | Loss 4.27687 (NLL 4.29187 [logdet 1.43175, mahal 1.02225], L1 1.86717, Spectral 0.25926, Gradient 0.42746, Quantile 0.81158) | LR 5.00e-05
2026-06-24 23:48:29,369 INFO Epoch 51 | Batch 100/1186 | Loss 4.09402 (NLL 4.19655 [logdet 1.35809, mahal 1.00058], L1 1.74344, Spectral 0.26015, Gradient 0.43234, Quantile 0.76300) | LR 5.00e-05
2026-06-24 23:48:32,377 INFO Epoch 51 | Batch 150/1186 | Loss 4.10198 (NLL 4.17799 [logdet 1.35741, mahal 0.98270], L1 1.75197, Spectral 0.26307, Gradient 0.42880, Quantile 0.79611) | LR 5.00e-05
2026-06-24 23:48:35,394 INFO Epoch 51 | Batch 200/1186 | Loss 4.14419 (NLL 4.22971 [logdet 1.36329, mahal 1.02855], L1 1.77948, Spectral 0.25365, Gradient 0.42182, Quantile 0.75993) | LR 5.00e-05
2026-06-24 23:48:38,410 INFO Epoch 51 | Batch 250/1186 | Loss 4.23474 (NLL 4.28056 [logdet 1.38289, mahal 1.05979], L1 1.82912, Spectral 0.25271, Gradient 0.42710, Quantile 0.82511) | LR 5.00e-05
2026-06-24 23:48:41,400 INFO Epoch 51 | Batch 300/1186 | Loss 4.21519 (NLL 4.26942 [logdet 1.44334, mahal 0.98821], L1 1.81746, Spectral 0.26139, Gradient 0.43370, Quantile 0.80612) | LR 5.00e-05
2026-06-24 23:48:44,321 INFO Epoch 51 | Batch 350/1186 | Loss 4.18636 (NLL 4.24560 [logdet 1.38554, mahal 1.02218], L1 1.80548, Spectral 0.25189, Gradient 0.41894, Quantile 0.79597) | LR 5.00e-05
2026-06-24 23:48:47,263 INFO Epoch 51 | Batch 400/1186 | Loss 4.23157 (NLL 4.28298 [logdet 1.40141, mahal 1.04369], L1 1.82688, Spectral 0.25380, Gradient 0.42908, Quantile 0.81507) | LR 5.00e-05
2026-06-24 23:48:50,282 INFO Epoch 51 | Batch 450/1186 | Loss 4.16268 (NLL 4.21938 [logdet 1.37703, mahal 1.00447], L1 1.78941, Spectral 0.26425, Gradient 0.43156, Quantile 0.80545) | LR 5.00e-05
2026-06-24 23:48:53,280 INFO Epoch 51 | Batch 500/1186 | Loss 4.19187 (NLL 4.24554 [logdet 1.38194, mahal 1.02573], L1 1.81013, Spectral 0.25590, Gradient 0.42666, Quantile 0.79530) | LR 5.00e-05
2026-06-24 23:48:56,281 INFO Epoch 51 | Batch 550/1186 | Loss 4.17588 (NLL 4.24771 [logdet 1.41364, mahal 0.99620], L1 1.79060, Spectral 0.26256, Gradient 0.42981, Quantile 0.79834) | LR 5.00e-05
2026-06-24 23:48:59,281 INFO Epoch 51 | Batch 600/1186 | Loss 4.08677 (NLL 4.19232 [logdet 1.31603, mahal 1.03841], L1 1.73744, Spectral 0.24947, Gradient 0.41806, Quantile 0.77820) | LR 5.00e-05
2026-06-24 23:49:02,282 INFO Epoch 51 | Batch 650/1186 | Loss 4.25050 (NLL 4.27817 [logdet 1.40243, mahal 1.03786], L1 1.84902, Spectral 0.26517, Gradient 0.43614, Quantile 0.79948) | LR 5.00e-05
2026-06-24 23:49:05,297 INFO Epoch 51 | Batch 700/1186 | Loss 4.24665 (NLL 4.29304 [logdet 1.40194, mahal 1.05322], L1 1.83478, Spectral 0.25361, Gradient 0.42619, Quantile 0.82426) | LR 5.00e-05
2026-06-24 23:49:08,312 INFO Epoch 51 | Batch 750/1186 | Loss 4.12773 (NLL 4.19547 [logdet 1.41252, mahal 0.94507], L1 1.77150, Spectral 0.25769, Gradient 0.42762, Quantile 0.79141) | LR 5.00e-05
2026-06-24 23:49:11,323 INFO Epoch 51 | Batch 800/1186 | Loss 4.18304 (NLL 4.26413 [logdet 1.34940, mahal 1.07685], L1 1.79247, Spectral 0.25497, Gradient 0.42591, Quantile 0.79438) | LR 5.00e-05
2026-06-24 23:49:14,337 INFO Epoch 51 | Batch 850/1186 | Loss 4.20361 (NLL 4.26439 [logdet 1.40464, mahal 1.02187], L1 1.80670, Spectral 0.25994, Gradient 0.43246, Quantile 0.81476) | LR 5.00e-05
2026-06-24 23:49:17,351 INFO Epoch 51 | Batch 900/1186 | Loss 4.21026 (NLL 4.25416 [logdet 1.39712, mahal 1.01916], L1 1.82128, Spectral 0.25743, Gradient 0.42365, Quantile 0.80585) | LR 5.00e-05
2026-06-24 23:49:20,366 INFO Epoch 51 | Batch 950/1186 | Loss 4.24376 (NLL 4.29318 [logdet 1.41190, mahal 1.04340], L1 1.83548, Spectral 0.25381, Gradient 0.42530, Quantile 0.80885) | LR 5.00e-05
2026-06-24 23:49:23,376 INFO Epoch 51 | Batch 1000/1186 | Loss 4.13998 (NLL 4.21367 [logdet 1.36548, mahal 1.01032], L1 1.77430, Spectral 0.25913, Gradient 0.42397, Quantile 0.79135) | LR 5.00e-05
2026-06-24 23:49:26,389 INFO Epoch 51 | Batch 1050/1186 | Loss 4.15879 (NLL 4.22392 [logdet 1.38495, mahal 1.00109], L1 1.77986, Spectral 0.25841, Gradient 0.42795, Quantile 0.82580) | LR 5.00e-05
2026-06-24 23:49:29,389 INFO Epoch 51 | Batch 1100/1186 | Loss 4.16349 (NLL 4.25542 [logdet 1.35135, mahal 1.06620], L1 1.78237, Spectral 0.25471, Gradient 0.42156, Quantile 0.77354) | LR 5.00e-05
2026-06-24 23:49:32,387 INFO Epoch 51 | Batch 1150/1186 | Loss 4.19912 (NLL 4.26001 [logdet 1.41072, mahal 1.01141], L1 1.80483, Spectral 0.26162, Gradient 0.43805, Quantile 0.81109) | LR 5.00e-05
2026-06-24 23:49:39,511 INFO Epoch 51 | Val Loss 4.19445 (NLL 4.27844 [logdet 1.38099, mahal 1.05958], L1 1.78326, Spectral 0.25624, Gradient 0.42620, Quantile 0.84889)
2026-06-24 23:49:42,576 INFO Epoch 52 | Batch 50/1186 | Loss 4.21078 (NLL 4.26772 [logdet 1.38295, mahal 1.04690], L1 1.81433, Spectral 0.26122, Gradient 0.42819, Quantile 0.80459) | LR 5.00e-05
2026-06-24 23:49:45,543 INFO Epoch 52 | Batch 100/1186 | Loss 4.20437 (NLL 4.26344 [logdet 1.42620, mahal 0.99936], L1 1.81150, Spectral 0.25682, Gradient 0.42374, Quantile 0.80338) | LR 5.00e-05
2026-06-24 23:49:48,503 INFO Epoch 52 | Batch 150/1186 | Loss 4.25165 (NLL 4.29314 [logdet 1.42489, mahal 1.03037], L1 1.84185, Spectral 0.25966, Gradient 0.43663, Quantile 0.80883) | LR 5.00e-05
2026-06-24 23:49:51,451 INFO Epoch 52 | Batch 200/1186 | Loss 4.17537 (NLL 4.25046 [logdet 1.40051, mahal 1.01207], L1 1.78968, Spectral 0.25820, Gradient 0.42812, Quantile 0.79901) | LR 5.00e-05
2026-06-24 23:49:54,407 INFO Epoch 52 | Batch 250/1186 | Loss 4.17721 (NLL 4.24273 [logdet 1.38090, mahal 1.02396], L1 1.79734, Spectral 0.25870, Gradient 0.43269, Quantile 0.79029) | LR 5.00e-05
2026-06-24 23:49:57,394 INFO Epoch 52 | Batch 300/1186 | Loss 4.09464 (NLL 4.19595 [logdet 1.35898, mahal 0.99909], L1 1.74408, Spectral 0.25607, Gradient 0.42695, Quantile 0.76861) | LR 5.00e-05
2026-06-24 23:50:00,385 INFO Epoch 52 | Batch 350/1186 | Loss 4.09174 (NLL 4.19178 [logdet 1.33938, mahal 1.01453], L1 1.73727, Spectral 0.25227, Gradient 0.41539, Quantile 0.79775) | LR 5.00e-05
2026-06-24 23:50:03,376 INFO Epoch 52 | Batch 400/1186 | Loss 4.13611 (NLL 4.21279 [logdet 1.32422, mahal 1.05069], L1 1.76885, Spectral 0.26314, Gradient 0.43095, Quantile 0.79537) | LR 5.00e-05
2026-06-24 23:50:06,367 INFO Epoch 52 | Batch 450/1186 | Loss 4.17682 (NLL 4.25184 [logdet 1.40114, mahal 1.01283], L1 1.79764, Spectral 0.25171, Gradient 0.42072, Quantile 0.77614) | LR 5.00e-05
2026-06-24 23:50:09,353 INFO Epoch 52 | Batch 500/1186 | Loss 4.15109 (NLL 4.21633 [logdet 1.36466, mahal 1.01379], L1 1.78740, Spectral 0.25449, Gradient 0.42505, Quantile 0.78252) | LR 5.00e-05
2026-06-24 23:50:12,346 INFO Epoch 52 | Batch 550/1186 | Loss 4.29071 (NLL 4.29439 [logdet 1.44153, mahal 1.01498], L1 1.87002, Spectral 0.26837, Gradient 0.44860, Quantile 0.84196) | LR 5.00e-05
2026-06-24 23:50:15,332 INFO Epoch 52 | Batch 600/1186 | Loss 4.11078 (NLL 4.19769 [logdet 1.34368, mahal 1.01613], L1 1.75739, Spectral 0.25485, Gradient 0.42085, Quantile 0.77814) | LR 5.00e-05
2026-06-24 23:50:18,323 INFO Epoch 52 | Batch 650/1186 | Loss 4.21528 (NLL 4.27976 [logdet 1.40710, mahal 1.03478], L1 1.82350, Spectral 0.25247, Gradient 0.42506, Quantile 0.76966) | LR 5.00e-05
2026-06-24 23:50:21,309 INFO Epoch 52 | Batch 700/1186 | Loss 4.18506 (NLL 4.24999 [logdet 1.37098, mahal 1.04113], L1 1.80082, Spectral 0.25567, Gradient 0.42866, Quantile 0.79668) | LR 5.00e-05
2026-06-24 23:50:24,297 INFO Epoch 52 | Batch 750/1186 | Loss 4.14963 (NLL 4.23134 [logdet 1.37097, mahal 1.02250], L1 1.77089, Spectral 0.25705, Gradient 0.42391, Quantile 0.81113) | LR 5.00e-05
2026-06-24 23:50:27,283 INFO Epoch 52 | Batch 800/1186 | Loss 4.26242 (NLL 4.29866 [logdet 1.42756, mahal 1.03322], L1 1.84759, Spectral 0.26540, Gradient 0.43563, Quantile 0.81212) | LR 5.00e-05
2026-06-24 23:50:30,267 INFO Epoch 52 | Batch 850/1186 | Loss 4.21892 (NLL 4.24610 [logdet 1.43550, mahal 0.97273], L1 1.83185, Spectral 0.25555, Gradient 0.43026, Quantile 0.81657) | LR 5.00e-05
2026-06-24 23:50:33,259 INFO Epoch 52 | Batch 900/1186 | Loss 4.14742 (NLL 4.21992 [logdet 1.34816, mahal 1.03388], L1 1.77926, Spectral 0.25854, Gradient 0.42058, Quantile 0.78935) | LR 5.00e-05
2026-06-24 23:50:36,246 INFO Epoch 52 | Batch 950/1186 | Loss 4.14063 (NLL 4.22250 [logdet 1.36781, mahal 1.01681], L1 1.77211, Spectral 0.25255, Gradient 0.41811, Quantile 0.79197) | LR 5.00e-05
2026-06-24 23:50:39,240 INFO Epoch 52 | Batch 1000/1186 | Loss 4.19417 (NLL 4.24208 [logdet 1.38811, mahal 1.01609], L1 1.81049, Spectral 0.26135, Gradient 0.43151, Quantile 0.80462) | LR 5.00e-05
2026-06-24 23:50:42,222 INFO Epoch 52 | Batch 1050/1186 | Loss 4.16455 (NLL 4.23222 [logdet 1.39580, mahal 0.99854], L1 1.78868, Spectral 0.25939, Gradient 0.42666, Quantile 0.79488) | LR 5.00e-05
2026-06-24 23:50:45,212 INFO Epoch 52 | Batch 1100/1186 | Loss 4.22035 (NLL 4.28680 [logdet 1.40175, mahal 1.04717], L1 1.81617, Spectral 0.25551, Gradient 0.42923, Quantile 0.80319) | LR 5.00e-05
2026-06-24 23:50:48,199 INFO Epoch 52 | Batch 1150/1186 | Loss 4.26053 (NLL 4.30469 [logdet 1.41592, mahal 1.05089], L1 1.84377, Spectral 0.26282, Gradient 0.44022, Quantile 0.81032) | LR 5.00e-05
2026-06-24 23:50:55,305 INFO Epoch 52 | Val Loss 4.20328 (NLL 4.28773 [logdet 1.30875, mahal 1.14111], L1 1.78850, Spectral 0.25625, Gradient 0.42604, Quantile 0.84450)
2026-06-24 23:50:58,344 INFO Epoch 53 | Batch 50/1186 | Loss 4.27091 (NLL 4.28651 [logdet 1.42090, mahal 1.02773], L1 1.86252, Spectral 0.26154, Gradient 0.43427, Quantile 0.81476) | LR 5.00e-05
2026-06-24 23:51:01,329 INFO Epoch 53 | Batch 100/1186 | Loss 4.12653 (NLL 4.20808 [logdet 1.38050, mahal 0.98971], L1 1.76394, Spectral 0.25523, Gradient 0.42614, Quantile 0.79428) | LR 5.00e-05
2026-06-24 23:51:04,323 INFO Epoch 53 | Batch 150/1186 | Loss 4.10483 (NLL 4.21437 [logdet 1.34018, mahal 1.03631], L1 1.74790, Spectral 0.24922, Gradient 0.41744, Quantile 0.76428) | LR 5.00e-05
2026-06-24 23:51:07,311 INFO Epoch 53 | Batch 200/1186 | Loss 4.12305 (NLL 4.19826 [logdet 1.36862, mahal 0.99176], L1 1.76660, Spectral 0.25427, Gradient 0.42330, Quantile 0.79027) | LR 5.00e-05
2026-06-24 23:51:10,281 INFO Epoch 53 | Batch 250/1186 | Loss 4.24366 (NLL 4.30740 [logdet 1.41177, mahal 1.05776], L1 1.82771, Spectral 0.25557, Gradient 0.42537, Quantile 0.80929) | LR 5.00e-05
2026-06-24 23:51:13,269 INFO Epoch 53 | Batch 300/1186 | Loss 4.15620 (NLL 4.22648 [logdet 1.37629, mahal 1.01232], L1 1.78475, Spectral 0.25594, Gradient 0.43270, Quantile 0.79204) | LR 5.00e-05
2026-06-24 23:51:16,261 INFO Epoch 53 | Batch 350/1186 | Loss 4.15307 (NLL 4.23359 [logdet 1.37503, mahal 1.02068], L1 1.77564, Spectral 0.26085, Gradient 0.42487, Quantile 0.79696) | LR 5.00e-05
2026-06-24 23:51:19,253 INFO Epoch 53 | Batch 400/1186 | Loss 4.19838 (NLL 4.26398 [logdet 1.40537, mahal 1.02074], L1 1.81169, Spectral 0.25606, Gradient 0.42910, Quantile 0.77736) | LR 5.00e-05
2026-06-24 23:51:22,239 INFO Epoch 53 | Batch 450/1186 | Loss 4.12530 (NLL 4.18534 [logdet 1.37568, mahal 0.97178], L1 1.76740, Spectral 0.25989, Gradient 0.43326, Quantile 0.81695) | LR 5.00e-05
2026-06-24 23:51:25,229 INFO Epoch 53 | Batch 500/1186 | Loss 4.11080 (NLL 4.19847 [logdet 1.33848, mahal 1.02212], L1 1.75652, Spectral 0.25792, Gradient 0.42489, Quantile 0.77688) | LR 5.00e-05
2026-06-24 23:51:28,228 INFO Epoch 53 | Batch 550/1186 | Loss 4.19719 (NLL 4.25803 [logdet 1.39191, mahal 1.02824], L1 1.80327, Spectral 0.26915, Gradient 0.43801, Quantile 0.80560) | LR 5.00e-05
2026-06-24 23:51:31,226 INFO Epoch 53 | Batch 600/1186 | Loss 4.15450 (NLL 4.23856 [logdet 1.37363, mahal 1.02705], L1 1.77518, Spectral 0.25828, Gradient 0.42758, Quantile 0.79718) | LR 5.00e-05
2026-06-24 23:51:34,222 INFO Epoch 53 | Batch 650/1186 | Loss 4.24365 (NLL 4.27278 [logdet 1.42342, mahal 1.01148], L1 1.84252, Spectral 0.26038, Gradient 0.43064, Quantile 0.81443) | LR 5.00e-05
2026-06-24 23:51:37,217 INFO Epoch 53 | Batch 700/1186 | Loss 4.17800 (NLL 4.24749 [logdet 1.40436, mahal 1.00525], L1 1.79893, Spectral 0.25490, Gradient 0.42730, Quantile 0.78128) | LR 5.00e-05
2026-06-24 23:51:40,206 INFO Epoch 53 | Batch 750/1186 | Loss 4.12688 (NLL 4.20345 [logdet 1.33880, mahal 1.02678], L1 1.76824, Spectral 0.25894, Gradient 0.42826, Quantile 0.78350) | LR 5.00e-05
2026-06-24 23:51:43,204 INFO Epoch 53 | Batch 800/1186 | Loss 4.21803 (NLL 4.26727 [logdet 1.40883, mahal 1.02057], L1 1.82674, Spectral 0.25890, Gradient 0.42928, Quantile 0.78657) | LR 5.00e-05
2026-06-24 23:51:46,204 INFO Epoch 53 | Batch 850/1186 | Loss 4.24676 (NLL 4.28143 [logdet 1.40044, mahal 1.04312], L1 1.83445, Spectral 0.26137, Gradient 0.43753, Quantile 0.84169) | LR 5.00e-05
2026-06-24 23:51:49,203 INFO Epoch 53 | Batch 900/1186 | Loss 4.13826 (NLL 4.20602 [logdet 1.39860, mahal 0.96954], L1 1.77635, Spectral 0.25645, Gradient 0.42200, Quantile 0.79450) | LR 5.00e-05
2026-06-24 23:51:52,197 INFO Epoch 53 | Batch 950/1186 | Loss 4.12645 (NLL 4.21765 [logdet 1.35233, mahal 1.02744], L1 1.76628, Spectral 0.25745, Gradient 0.42739, Quantile 0.76202) | LR 5.00e-05
2026-06-24 23:51:55,183 INFO Epoch 53 | Batch 1000/1186 | Loss 4.21258 (NLL 4.25619 [logdet 1.38822, mahal 1.03010], L1 1.82016, Spectral 0.25815, Gradient 0.43187, Quantile 0.81502) | LR 5.00e-05
2026-06-24 23:51:58,171 INFO Epoch 53 | Batch 1050/1186 | Loss 4.25212 (NLL 4.28921 [logdet 1.38284, mahal 1.06850], L1 1.84244, Spectral 0.25944, Gradient 0.43079, Quantile 0.81677) | LR 5.00e-05
2026-06-24 23:52:01,163 INFO Epoch 53 | Batch 1100/1186 | Loss 4.19177 (NLL 4.25539 [logdet 1.40648, mahal 1.01103], L1 1.80518, Spectral 0.25706, Gradient 0.42770, Quantile 0.79374) | LR 5.00e-05
2026-06-24 23:52:04,157 INFO Epoch 53 | Batch 1150/1186 | Loss 4.16880 (NLL 4.24395 [logdet 1.38799, mahal 1.01808], L1 1.78879, Spectral 0.25321, Gradient 0.41860, Quantile 0.79438) | LR 5.00e-05
2026-06-24 23:52:11,249 INFO Epoch 53 | Val Loss 4.19539 (NLL 4.27452 [logdet 1.37619, mahal 1.06045], L1 1.78426, Spectral 0.25621, Gradient 0.42652, Quantile 0.85677)
2026-06-24 23:52:14,314 INFO Epoch 54 | Batch 50/1186 | Loss 4.17723 (NLL 4.24871 [logdet 1.39375, mahal 1.01709], L1 1.79099, Spectral 0.26357, Gradient 0.43234, Quantile 0.79914) | LR 5.00e-05
2026-06-24 23:52:17,317 INFO Epoch 54 | Batch 100/1186 | Loss 4.18225 (NLL 4.26095 [logdet 1.40166, mahal 1.02142], L1 1.79581, Spectral 0.25812, Gradient 0.42861, Quantile 0.78042) | LR 5.00e-05
2026-06-24 23:52:20,317 INFO Epoch 54 | Batch 150/1186 | Loss 4.12406 (NLL 4.19473 [logdet 1.35714, mahal 0.99971], L1 1.76504, Spectral 0.25082, Gradient 0.41813, Quantile 0.81201) | LR 5.00e-05
2026-06-24 23:52:23,316 INFO Epoch 54 | Batch 200/1186 | Loss 4.21009 (NLL 4.28378 [logdet 1.40024, mahal 1.04566], L1 1.80969, Spectral 0.25943, Gradient 0.43408, Quantile 0.78953) | LR 5.00e-05
2026-06-24 23:52:26,315 INFO Epoch 54 | Batch 250/1186 | Loss 4.10569 (NLL 4.18520 [logdet 1.36695, mahal 0.98037], L1 1.75693, Spectral 0.25716, Gradient 0.42331, Quantile 0.78235) | LR 5.00e-05
2026-06-24 23:52:29,310 INFO Epoch 54 | Batch 300/1186 | Loss 4.17672 (NLL 4.26935 [logdet 1.36366, mahal 1.06782], L1 1.78653, Spectral 0.25131, Gradient 0.42215, Quantile 0.78595) | LR 5.00e-05
2026-06-24 23:52:32,303 INFO Epoch 54 | Batch 350/1186 | Loss 4.21913 (NLL 4.26506 [logdet 1.39140, mahal 1.03579], L1 1.82610, Spectral 0.25285, Gradient 0.42557, Quantile 0.80496) | LR 5.00e-05
2026-06-24 23:52:35,288 INFO Epoch 54 | Batch 400/1186 | Loss 4.17202 (NLL 4.23991 [logdet 1.39474, mahal 1.00729], L1 1.79084, Spectral 0.25642, Gradient 0.42752, Quantile 0.80408) | LR 5.00e-05
2026-06-24 23:52:38,280 INFO Epoch 54 | Batch 450/1186 | Loss 4.21440 (NLL 4.25261 [logdet 1.39244, mahal 1.02230], L1 1.82679, Spectral 0.25870, Gradient 0.43100, Quantile 0.80197) | LR 5.00e-05
2026-06-24 23:52:41,273 INFO Epoch 54 | Batch 500/1186 | Loss 4.11805 (NLL 4.20304 [logdet 1.37997, mahal 0.98519], L1 1.76200, Spectral 0.25965, Gradient 0.42988, Quantile 0.77283) | LR 5.00e-05
2026-06-24 23:52:44,266 INFO Epoch 54 | Batch 550/1186 | Loss 4.12444 (NLL 4.19202 [logdet 1.35112, mahal 1.00302], L1 1.76618, Spectral 0.25519, Gradient 0.42468, Quantile 0.80970) | LR 5.00e-05
2026-06-24 23:52:47,261 INFO Epoch 54 | Batch 600/1186 | Loss 4.14752 (NLL 4.22612 [logdet 1.36708, mahal 1.02116], L1 1.77499, Spectral 0.26426, Gradient 0.43446, Quantile 0.78834) | LR 5.00e-05
2026-06-24 23:52:50,260 INFO Epoch 54 | Batch 650/1186 | Loss 4.13807 (NLL 4.21939 [logdet 1.36511, mahal 1.01640], L1 1.77348, Spectral 0.26083, Gradient 0.43154, Quantile 0.77303) | LR 5.00e-05
2026-06-24 23:52:53,241 INFO Epoch 54 | Batch 700/1186 | Loss 4.16058 (NLL 4.21756 [logdet 1.32520, mahal 1.05448], L1 1.79407, Spectral 0.25475, Gradient 0.42315, Quantile 0.79144) | LR 5.00e-05
2026-06-24 23:52:56,226 INFO Epoch 54 | Batch 750/1186 | Loss 4.11341 (NLL 4.21451 [logdet 1.37227, mahal 1.00436], L1 1.75128, Spectral 0.26078, Gradient 0.43022, Quantile 0.77307) | LR 5.00e-05
2026-06-24 23:52:59,210 INFO Epoch 54 | Batch 800/1186 | Loss 4.16424 (NLL 4.24146 [logdet 1.36008, mahal 1.04350], L1 1.78958, Spectral 0.25430, Gradient 0.42345, Quantile 0.77614) | LR 5.00e-05
2026-06-24 23:53:02,194 INFO Epoch 54 | Batch 850/1186 | Loss 4.24354 (NLL 4.28077 [logdet 1.40471, mahal 1.03818], L1 1.83356, Spectral 0.25933, Gradient 0.42681, Quantile 0.83568) | LR 5.00e-05
2026-06-24 23:53:05,178 INFO Epoch 54 | Batch 900/1186 | Loss 4.12960 (NLL 4.20849 [logdet 1.37013, mahal 1.00048], L1 1.77549, Spectral 0.25180, Gradient 0.42281, Quantile 0.76196) | LR 5.00e-05
2026-06-24 23:53:08,166 INFO Epoch 54 | Batch 950/1186 | Loss 4.25393 (NLL 4.27682 [logdet 1.39843, mahal 1.04052], L1 1.84651, Spectral 0.25666, Gradient 0.43036, Quantile 0.83607) | LR 5.00e-05
2026-06-24 23:53:11,151 INFO Epoch 54 | Batch 1000/1186 | Loss 4.27033 (NLL 4.30282 [logdet 1.43380, mahal 1.03114], L1 1.85172, Spectral 0.25901, Gradient 0.43438, Quantile 0.82600) | LR 5.00e-05
2026-06-24 23:53:14,136 INFO Epoch 54 | Batch 1050/1186 | Loss 4.15869 (NLL 4.21127 [logdet 1.37994, mahal 0.99345], L1 1.79324, Spectral 0.25685, Gradient 0.42769, Quantile 0.79778) | LR 5.00e-05
2026-06-24 23:53:17,125 INFO Epoch 54 | Batch 1100/1186 | Loss 4.21852 (NLL 4.27030 [logdet 1.41969, mahal 1.01273], L1 1.81763, Spectral 0.26261, Gradient 0.43295, Quantile 0.81612) | LR 5.00e-05
2026-06-24 23:53:20,112 INFO Epoch 54 | Batch 1150/1186 | Loss 4.22933 (NLL 4.28675 [logdet 1.41631, mahal 1.03256], L1 1.82339, Spectral 0.26052, Gradient 0.43384, Quantile 0.80520) | LR 5.00e-05
2026-06-24 23:53:27,181 INFO Epoch 54 | Val Loss 4.22343 (NLL 4.29822 [logdet 1.41736, mahal 1.04298], L1 1.79641, Spectral 0.25670, Gradient 0.42801, Quantile 0.87301)
2026-06-24 23:53:30,253 INFO Epoch 55 | Batch 50/1186 | Loss 4.19238 (NLL 4.24344 [logdet 1.38294, mahal 1.02263], L1 1.80763, Spectral 0.26378, Gradient 0.43897, Quantile 0.80356) | LR 5.00e-05
2026-06-24 23:53:33,251 INFO Epoch 55 | Batch 100/1186 | Loss 4.18728 (NLL 4.24719 [logdet 1.43092, mahal 0.97839], L1 1.80301, Spectral 0.26107, Gradient 0.42901, Quantile 0.79682) | LR 5.00e-05
2026-06-24 23:53:36,241 INFO Epoch 55 | Batch 150/1186 | Loss 4.17360 (NLL 4.25524 [logdet 1.38031, mahal 1.03705], L1 1.79148, Spectral 0.25078, Gradient 0.42200, Quantile 0.78231) | LR 5.00e-05
2026-06-24 23:53:39,213 INFO Epoch 55 | Batch 200/1186 | Loss 4.13477 (NLL 4.21189 [logdet 1.36979, mahal 1.00421], L1 1.77077, Spectral 0.25849, Gradient 0.42562, Quantile 0.78875) | LR 5.00e-05
2026-06-24 23:53:42,160 INFO Epoch 55 | Batch 250/1186 | Loss 4.20087 (NLL 4.26316 [logdet 1.40508, mahal 1.02021], L1 1.81138, Spectral 0.26156, Gradient 0.43097, Quantile 0.78482) | LR 5.00e-05
2026-06-24 23:53:45,130 INFO Epoch 55 | Batch 300/1186 | Loss 4.10376 (NLL 4.17611 [logdet 1.33628, mahal 1.00195], L1 1.75469, Spectral 0.26563, Gradient 0.42991, Quantile 0.79335) | LR 5.00e-05
2026-06-24 23:53:48,122 INFO Epoch 55 | Batch 350/1186 | Loss 4.23233 (NLL 4.27060 [logdet 1.40760, mahal 1.02512], L1 1.83431, Spectral 0.26185, Gradient 0.43947, Quantile 0.80436) | LR 5.00e-05
2026-06-24 23:53:51,112 INFO Epoch 55 | Batch 400/1186 | Loss 4.13368 (NLL 4.21402 [logdet 1.34500, mahal 1.03115], L1 1.77141, Spectral 0.25640, Gradient 0.42004, Quantile 0.77945) | LR 5.00e-05
2026-06-24 23:53:54,103 INFO Epoch 55 | Batch 450/1186 | Loss 4.26392 (NLL 4.29124 [logdet 1.36243, mahal 1.09094], L1 1.84886, Spectral 0.26133, Gradient 0.43753, Quantile 0.83281) | LR 5.00e-05
2026-06-24 23:53:57,032 INFO Epoch 55 | Batch 500/1186 | Loss 4.22600 (NLL 4.28817 [logdet 1.41599, mahal 1.03430], L1 1.81774, Spectral 0.25838, Gradient 0.43231, Quantile 0.81418) | LR 5.00e-05
2026-06-24 23:53:59,965 INFO Epoch 55 | Batch 550/1186 | Loss 4.07498 (NLL 4.19212 [logdet 1.38667, mahal 0.96757], L1 1.72783, Spectral 0.25206, Gradient 0.42046, Quantile 0.76681) | LR 5.00e-05
2026-06-24 23:54:02,886 INFO Epoch 55 | Batch 600/1186 | Loss 4.22951 (NLL 4.28523 [logdet 1.40306, mahal 1.04429], L1 1.82004, Spectral 0.27034, Gradient 0.44259, Quantile 0.81236) | LR 5.00e-05
2026-06-24 23:54:05,859 INFO Epoch 55 | Batch 650/1186 | Loss 4.17415 (NLL 4.22650 [logdet 1.37139, mahal 1.01723], L1 1.80567, Spectral 0.25218, Gradient 0.42138, Quantile 0.78383) | LR 5.00e-05
2026-06-24 23:54:08,849 INFO Epoch 55 | Batch 700/1186 | Loss 4.18480 (NLL 4.23503 [logdet 1.37723, mahal 1.01992], L1 1.80312, Spectral 0.25179, Gradient 0.42312, Quantile 0.82133) | LR 5.00e-05
2026-06-24 23:54:11,836 INFO Epoch 55 | Batch 750/1186 | Loss 4.22734 (NLL 4.26452 [logdet 1.40448, mahal 1.02216], L1 1.82938, Spectral 0.25845, Gradient 0.43047, Quantile 0.82046) | LR 5.00e-05
2026-06-24 23:54:14,824 INFO Epoch 55 | Batch 800/1186 | Loss 4.18716 (NLL 4.25307 [logdet 1.37986, mahal 1.03533], L1 1.80359, Spectral 0.25717, Gradient 0.42426, Quantile 0.78591) | LR 5.00e-05
2026-06-24 23:54:17,814 INFO Epoch 55 | Batch 850/1186 | Loss 4.29898 (NLL 4.32744 [logdet 1.44455, mahal 1.04501], L1 1.86717, Spectral 0.26122, Gradient 0.43179, Quantile 0.82739) | LR 5.00e-05
2026-06-24 23:54:20,809 INFO Epoch 55 | Batch 900/1186 | Loss 4.18832 (NLL 4.23902 [logdet 1.40490, mahal 0.99624], L1 1.80891, Spectral 0.26038, Gradient 0.42790, Quantile 0.79438) | LR 5.00e-05
2026-06-24 23:54:23,799 INFO Epoch 55 | Batch 950/1186 | Loss 4.07851 (NLL 4.18049 [logdet 1.36845, mahal 0.97416], L1 1.73402, Spectral 0.25210, Gradient 0.42363, Quantile 0.77978) | LR 5.00e-05
2026-06-24 23:54:26,792 INFO Epoch 55 | Batch 1000/1186 | Loss 4.19839 (NLL 4.24409 [logdet 1.40147, mahal 1.00475], L1 1.81435, Spectral 0.25672, Gradient 0.43091, Quantile 0.80688) | LR 5.00e-05
2026-06-24 23:54:29,769 INFO Epoch 55 | Batch 1050/1186 | Loss 4.17388 (NLL 4.25025 [logdet 1.36366, mahal 1.04872], L1 1.79220, Spectral 0.25506, Gradient 0.42828, Quantile 0.78616) | LR 5.00e-05
2026-06-24 23:54:32,720 INFO Epoch 55 | Batch 1100/1186 | Loss 4.16879 (NLL 4.24334 [logdet 1.39993, mahal 1.00553], L1 1.78304, Spectral 0.25611, Gradient 0.42735, Quantile 0.81630) | LR 5.00e-05
2026-06-24 23:54:35,652 INFO Epoch 55 | Batch 1150/1186 | Loss 4.05907 (NLL 4.17719 [logdet 1.36881, mahal 0.97050], L1 1.72498, Spectral 0.25183, Gradient 0.42105, Quantile 0.74385) | LR 5.00e-05
2026-06-24 23:54:42,747 INFO Epoch 55 | Val Loss 4.19322 (NLL 4.27271 [logdet 1.35294, mahal 1.08188], L1 1.78519, Spectral 0.25606, Gradient 0.42562, Quantile 0.84788)
2026-06-24 23:54:45,804 INFO Epoch 56 | Batch 50/1186 | Loss 4.17012 (NLL 4.23095 [logdet 1.36187, mahal 1.03120], L1 1.79539, Spectral 0.25837, Gradient 0.43592, Quantile 0.79374) | LR 5.00e-05
2026-06-24 23:54:48,818 INFO Epoch 56 | Batch 100/1186 | Loss 4.16484 (NLL 4.22821 [logdet 1.38280, mahal 1.00753], L1 1.79333, Spectral 0.25850, Gradient 0.42564, Quantile 0.78606) | LR 5.00e-05
2026-06-24 23:54:51,825 INFO Epoch 56 | Batch 150/1186 | Loss 4.27214 (NLL 4.28914 [logdet 1.42652, mahal 1.02474], L1 1.86415, Spectral 0.25902, Gradient 0.42993, Quantile 0.81040) | LR 5.00e-05
2026-06-24 23:54:54,815 INFO Epoch 56 | Batch 200/1186 | Loss 4.13888 (NLL 4.21740 [logdet 1.32625, mahal 1.05327], L1 1.77094, Spectral 0.25392, Gradient 0.42419, Quantile 0.79858) | LR 5.00e-05
2026-06-24 23:54:57,804 INFO Epoch 56 | Batch 250/1186 | Loss 4.06777 (NLL 4.16513 [logdet 1.32513, mahal 1.00212], L1 1.73156, Spectral 0.25484, Gradient 0.41884, Quantile 0.77441) | LR 5.00e-05
2026-06-24 23:55:00,800 INFO Epoch 56 | Batch 300/1186 | Loss 4.20134 (NLL 4.25771 [logdet 1.38582, mahal 1.03402], L1 1.81147, Spectral 0.26113, Gradient 0.43473, Quantile 0.79808) | LR 5.00e-05
2026-06-24 23:55:03,744 INFO Epoch 56 | Batch 350/1186 | Loss 4.21914 (NLL 4.26843 [logdet 1.39354, mahal 1.03702], L1 1.82435, Spectral 0.25722, Gradient 0.42304, Quantile 0.80059) | LR 5.00e-05
2026-06-24 23:55:06,695 INFO Epoch 56 | Batch 400/1186 | Loss 4.15207 (NLL 4.23121 [logdet 1.38837, mahal 1.00497], L1 1.77564, Spectral 0.25868, Gradient 0.42509, Quantile 0.80006) | LR 5.00e-05
2026-06-24 23:55:09,680 INFO Epoch 56 | Batch 450/1186 | Loss 4.18544 (NLL 4.25521 [logdet 1.37920, mahal 1.03813], L1 1.80056, Spectral 0.24806, Gradient 0.42245, Quantile 0.79668) | LR 5.00e-05
2026-06-24 23:55:12,674 INFO Epoch 56 | Batch 500/1186 | Loss 4.23545 (NLL 4.28011 [logdet 1.43086, mahal 1.01137], L1 1.83068, Spectral 0.25976, Gradient 0.43468, Quantile 0.81490) | LR 5.00e-05
2026-06-24 23:55:15,660 INFO Epoch 56 | Batch 550/1186 | Loss 4.21083 (NLL 4.26414 [logdet 1.41021, mahal 1.01605], L1 1.81617, Spectral 0.25597, Gradient 0.43336, Quantile 0.81015) | LR 5.00e-05
2026-06-24 23:55:18,649 INFO Epoch 56 | Batch 600/1186 | Loss 4.16411 (NLL 4.24108 [logdet 1.39950, mahal 1.00371], L1 1.78515, Spectral 0.26421, Gradient 0.43053, Quantile 0.78407) | LR 5.00e-05
2026-06-24 23:55:21,599 INFO Epoch 56 | Batch 650/1186 | Loss 4.15435 (NLL 4.22066 [logdet 1.33514, mahal 1.04764], L1 1.78950, Spectral 0.25661, Gradient 0.42413, Quantile 0.77609) | LR 5.00e-05
2026-06-24 23:55:24,585 INFO Epoch 56 | Batch 700/1186 | Loss 4.08201 (NLL 4.17011 [logdet 1.34084, mahal 0.99140], L1 1.73981, Spectral 0.25680, Gradient 0.42158, Quantile 0.78683) | LR 5.00e-05
2026-06-24 23:55:27,574 INFO Epoch 56 | Batch 750/1186 | Loss 4.15209 (NLL 4.23109 [logdet 1.39225, mahal 1.00097], L1 1.78107, Spectral 0.25975, Gradient 0.42964, Quantile 0.77663) | LR 5.00e-05
2026-06-24 23:55:30,549 INFO Epoch 56 | Batch 800/1186 | Loss 4.21342 (NLL 4.27448 [logdet 1.38423, mahal 1.05237], L1 1.80750, Spectral 0.25852, Gradient 0.42923, Quantile 0.83275) | LR 5.00e-05
2026-06-24 23:55:33,498 INFO Epoch 56 | Batch 850/1186 | Loss 4.14443 (NLL 4.23584 [logdet 1.37566, mahal 1.02230], L1 1.77428, Spectral 0.25183, Gradient 0.42345, Quantile 0.77172) | LR 5.00e-05
2026-06-24 23:55:36,489 INFO Epoch 56 | Batch 900/1186 | Loss 4.25235 (NLL 4.29113 [logdet 1.41282, mahal 1.04043], L1 1.84112, Spectral 0.25986, Gradient 0.43683, Quantile 0.81872) | LR 5.00e-05
2026-06-24 23:55:39,475 INFO Epoch 56 | Batch 950/1186 | Loss 4.20544 (NLL 4.25321 [logdet 1.39144, mahal 1.02390], L1 1.81445, Spectral 0.26357, Gradient 0.42940, Quantile 0.80951) | LR 5.00e-05
2026-06-24 23:55:42,465 INFO Epoch 56 | Batch 1000/1186 | Loss 4.20637 (NLL 4.24429 [logdet 1.40308, mahal 1.00334], L1 1.82038, Spectral 0.25862, Gradient 0.43006, Quantile 0.81257) | LR 5.00e-05
2026-06-24 23:55:45,458 INFO Epoch 56 | Batch 1050/1186 | Loss 4.21550 (NLL 4.28453 [logdet 1.41913, mahal 1.02753], L1 1.81400, Spectral 0.25846, Gradient 0.43262, Quantile 0.79358) | LR 5.00e-05
2026-06-24 23:55:48,386 INFO Epoch 56 | Batch 1100/1186 | Loss 4.14149 (NLL 4.22706 [logdet 1.36981, mahal 1.01938], L1 1.77418, Spectral 0.25555, Gradient 0.42045, Quantile 0.77421) | LR 5.00e-05
2026-06-24 23:55:51,313 INFO Epoch 56 | Batch 1150/1186 | Loss 4.05901 (NLL 4.16535 [logdet 1.34354, mahal 0.98393], L1 1.72341, Spectral 0.25331, Gradient 0.42596, Quantile 0.77301) | LR 5.00e-05
2026-06-24 23:55:58,389 INFO Epoch 56 | Val Loss 4.19417 (NLL 4.27699 [logdet 1.36600, mahal 1.07310], L1 1.78093, Spectral 0.25631, Gradient 0.42596, Quantile 0.86036)
2026-06-24 23:56:01,463 INFO Epoch 57 | Batch 50/1186 | Loss 4.20047 (NLL 4.26683 [logdet 1.38206, mahal 1.04689], L1 1.80765, Spectral 0.25464, Gradient 0.42688, Quantile 0.79844) | LR 5.00e-05
2026-06-24 23:56:04,482 INFO Epoch 57 | Batch 100/1186 | Loss 4.12467 (NLL 4.21433 [logdet 1.35836, mahal 1.01810], L1 1.76418, Spectral 0.24778, Gradient 0.41569, Quantile 0.78073) | LR 5.00e-05
2026-06-24 23:56:07,501 INFO Epoch 57 | Batch 150/1186 | Loss 4.13412 (NLL 4.20956 [logdet 1.36244, mahal 1.00925], L1 1.77204, Spectral 0.25969, Gradient 0.43200, Quantile 0.78426) | LR 5.00e-05
2026-06-24 23:56:10,521 INFO Epoch 57 | Batch 200/1186 | Loss 4.13484 (NLL 4.20250 [logdet 1.39287, mahal 0.97175], L1 1.76990, Spectral 0.26263, Gradient 0.42686, Quantile 0.80769) | LR 5.00e-05
2026-06-24 23:56:13,541 INFO Epoch 57 | Batch 250/1186 | Loss 4.20073 (NLL 4.25404 [logdet 1.37807, mahal 1.03809], L1 1.81476, Spectral 0.25432, Gradient 0.42561, Quantile 0.79693) | LR 5.00e-05
2026-06-24 23:56:16,561 INFO Epoch 57 | Batch 300/1186 | Loss 4.26712 (NLL 4.29054 [logdet 1.39518, mahal 1.05748], L1 1.85186, Spectral 0.26343, Gradient 0.43799, Quantile 0.83281) | LR 5.00e-05
2026-06-24 23:56:19,579 INFO Epoch 57 | Batch 350/1186 | Loss 4.09494 (NLL 4.19739 [logdet 1.37304, mahal 0.98647], L1 1.74210, Spectral 0.25858, Gradient 0.42566, Quantile 0.77243) | LR 5.00e-05
2026-06-24 23:56:22,594 INFO Epoch 57 | Batch 400/1186 | Loss 4.09559 (NLL 4.17125 [logdet 1.33219, mahal 1.00119], L1 1.75469, Spectral 0.25614, Gradient 0.41878, Quantile 0.77981) | LR 5.00e-05
2026-06-24 23:56:25,611 INFO Epoch 57 | Batch 450/1186 | Loss 4.23950 (NLL 4.28506 [logdet 1.37640, mahal 1.07078], L1 1.83361, Spectral 0.25949, Gradient 0.43164, Quantile 0.80962) | LR 5.00e-05
2026-06-24 23:56:28,629 INFO Epoch 57 | Batch 500/1186 | Loss 4.26923 (NLL 4.29992 [logdet 1.45857, mahal 1.00347], L1 1.85573, Spectral 0.26163, Gradient 0.43003, Quantile 0.80808) | LR 5.00e-05
2026-06-24 23:56:31,647 INFO Epoch 57 | Batch 550/1186 | Loss 4.13088 (NLL 4.22581 [logdet 1.37478, mahal 1.01315], L1 1.75964, Spectral 0.25885, Gradient 0.42792, Quantile 0.78949) | LR 5.00e-05
2026-06-24 23:56:34,663 INFO Epoch 57 | Batch 600/1186 | Loss 4.15162 (NLL 4.24626 [logdet 1.36835, mahal 1.04003], L1 1.76998, Spectral 0.26123, Gradient 0.43292, Quantile 0.78761) | LR 5.00e-05
2026-06-24 23:56:37,677 INFO Epoch 57 | Batch 650/1186 | Loss 4.19005 (NLL 4.25675 [logdet 1.39904, mahal 1.01984], L1 1.80433, Spectral 0.25570, Gradient 0.43358, Quantile 0.78872) | LR 5.00e-05
2026-06-24 23:56:40,694 INFO Epoch 57 | Batch 700/1186 | Loss 4.26180 (NLL 4.28337 [logdet 1.42274, mahal 1.02275], L1 1.85403, Spectral 0.25865, Gradient 0.42948, Quantile 0.82186) | LR 5.00e-05
2026-06-24 23:56:43,706 INFO Epoch 57 | Batch 750/1186 | Loss 4.22223 (NLL 4.27842 [logdet 1.39302, mahal 1.04752], L1 1.82516, Spectral 0.26009, Gradient 0.43460, Quantile 0.78610) | LR 5.00e-05
2026-06-24 23:56:46,713 INFO Epoch 57 | Batch 800/1186 | Loss 4.17158 (NLL 4.23205 [logdet 1.35996, mahal 1.03421], L1 1.79054, Spectral 0.25801, Gradient 0.42607, Quantile 0.81813) | LR 5.00e-05
2026-06-24 23:56:49,711 INFO Epoch 57 | Batch 850/1186 | Loss 4.16883 (NLL 4.24019 [logdet 1.38105, mahal 1.02127], L1 1.78904, Spectral 0.25754, Gradient 0.42813, Quantile 0.79655) | LR 5.00e-05
2026-06-24 23:56:52,711 INFO Epoch 57 | Batch 900/1186 | Loss 4.17610 (NLL 4.23545 [logdet 1.37337, mahal 1.02421], L1 1.79466, Spectral 0.25832, Gradient 0.42548, Quantile 0.81241) | LR 5.00e-05
2026-06-24 23:56:55,707 INFO Epoch 57 | Batch 950/1186 | Loss 4.16000 (NLL 4.22730 [logdet 1.36125, mahal 1.02818], L1 1.79048, Spectral 0.25343, Gradient 0.42619, Quantile 0.78509) | LR 5.00e-05
2026-06-24 23:56:58,705 INFO Epoch 57 | Batch 1000/1186 | Loss 4.08600 (NLL 4.16114 [logdet 1.32830, mahal 0.99497], L1 1.74592, Spectral 0.25735, Gradient 0.42400, Quantile 0.79601) | LR 5.00e-05
2026-06-24 23:57:01,708 INFO Epoch 57 | Batch 1050/1186 | Loss 4.19785 (NLL 4.26787 [logdet 1.37458, mahal 1.05542], L1 1.80759, Spectral 0.25892, Gradient 0.43518, Quantile 0.78098) | LR 5.00e-05
2026-06-24 23:57:04,708 INFO Epoch 57 | Batch 1100/1186 | Loss 4.13141 (NLL 4.21674 [logdet 1.39086, mahal 0.98800], L1 1.76486, Spectral 0.25849, Gradient 0.42713, Quantile 0.78927) | LR 5.00e-05
2026-06-24 23:57:07,710 INFO Epoch 57 | Batch 1150/1186 | Loss 4.20042 (NLL 4.26728 [logdet 1.38160, mahal 1.04780], L1 1.81023, Spectral 0.25335, Gradient 0.42689, Quantile 0.78798) | LR 5.00e-05
2026-06-24 23:57:14,827 INFO Epoch 57 | Val Loss 4.19554 (NLL 4.28230 [logdet 1.30604, mahal 1.13838], L1 1.77973, Spectral 0.25615, Gradient 0.42528, Quantile 0.86013)
2026-06-24 23:57:17,927 INFO Epoch 58 | Batch 50/1186 | Loss 4.02411 (NLL 4.13671 [logdet 1.28031, mahal 1.01852], L1 1.70502, Spectral 0.25555, Gradient 0.42087, Quantile 0.76155) | LR 5.00e-05
2026-06-24 23:57:20,949 INFO Epoch 58 | Batch 100/1186 | Loss 4.25180 (NLL 4.29726 [logdet 1.38675, mahal 1.07264], L1 1.83879, Spectral 0.25940, Gradient 0.43369, Quantile 0.81391) | LR 5.00e-05
2026-06-24 23:57:23,943 INFO Epoch 58 | Batch 150/1186 | Loss 4.10775 (NLL 4.20479 [logdet 1.38051, mahal 0.98641], L1 1.75234, Spectral 0.26242, Gradient 0.43441, Quantile 0.76351) | LR 5.00e-05
2026-06-24 23:57:26,965 INFO Epoch 58 | Batch 200/1186 | Loss 4.24383 (NLL 4.29588 [logdet 1.42451, mahal 1.03349], L1 1.83516, Spectral 0.26135, Gradient 0.43555, Quantile 0.79667) | LR 5.00e-05
2026-06-24 23:57:29,989 INFO Epoch 58 | Batch 250/1186 | Loss 4.15274 (NLL 4.22236 [logdet 1.37619, mahal 1.00829], L1 1.78200, Spectral 0.25522, Gradient 0.42053, Quantile 0.79855) | LR 5.00e-05
2026-06-24 23:57:33,014 INFO Epoch 58 | Batch 300/1186 | Loss 4.24886 (NLL 4.28218 [logdet 1.40224, mahal 1.04206], L1 1.83829, Spectral 0.25478, Gradient 0.42908, Quantile 0.84010) | LR 5.00e-05
2026-06-24 23:57:36,037 INFO Epoch 58 | Batch 350/1186 | Loss 4.24962 (NLL 4.27076 [logdet 1.44290, mahal 0.98999], L1 1.85422, Spectral 0.25284, Gradient 0.42507, Quantile 0.80296) | LR 5.00e-05
2026-06-24 23:57:39,056 INFO Epoch 58 | Batch 400/1186 | Loss 4.14029 (NLL 4.21943 [logdet 1.35775, mahal 1.02380], L1 1.77178, Spectral 0.25032, Gradient 0.42065, Quantile 0.80063) | LR 5.00e-05
2026-06-24 23:57:42,059 INFO Epoch 58 | Batch 450/1186 | Loss 4.15883 (NLL 4.22557 [logdet 1.35438, mahal 1.03331], L1 1.79119, Spectral 0.25910, Gradient 0.43056, Quantile 0.77475) | LR 5.00e-05
2026-06-24 23:57:45,082 INFO Epoch 58 | Batch 500/1186 | Loss 4.14404 (NLL 4.21409 [logdet 1.37114, mahal 1.00507], L1 1.77902, Spectral 0.25494, Gradient 0.42373, Quantile 0.79223) | LR 5.00e-05
2026-06-24 23:57:48,105 INFO Epoch 58 | Batch 550/1186 | Loss 4.17553 (NLL 4.25291 [logdet 1.39627, mahal 1.01876], L1 1.79157, Spectral 0.25632, Gradient 0.42584, Quantile 0.78879) | LR 5.00e-05
2026-06-24 23:57:51,129 INFO Epoch 58 | Batch 600/1186 | Loss 4.18931 (NLL 4.26057 [logdet 1.37269, mahal 1.05000], L1 1.79892, Spectral 0.26050, Gradient 0.43359, Quantile 0.79499) | LR 5.00e-05
2026-06-24 23:57:54,154 INFO Epoch 58 | Batch 650/1186 | Loss 4.14910 (NLL 4.22196 [logdet 1.35582, mahal 1.02826], L1 1.77772, Spectral 0.26010, Gradient 0.43244, Quantile 0.79668) | LR 5.00e-05
2026-06-24 23:57:57,177 INFO Epoch 58 | Batch 700/1186 | Loss 4.31181 (NLL 4.31926 [logdet 1.44141, mahal 1.03997], L1 1.88042, Spectral 0.26430, Gradient 0.43985, Quantile 0.83921) | LR 5.00e-05
2026-06-24 23:58:00,185 INFO Epoch 58 | Batch 750/1186 | Loss 4.14065 (NLL 4.21195 [logdet 1.36366, mahal 1.01041], L1 1.77974, Spectral 0.25296, Gradient 0.42260, Quantile 0.78174) | LR 5.00e-05
2026-06-24 23:58:03,196 INFO Epoch 58 | Batch 800/1186 | Loss 4.20242 (NLL 4.24313 [logdet 1.40043, mahal 1.00482], L1 1.81847, Spectral 0.26153, Gradient 0.43166, Quantile 0.80342) | LR 5.00e-05
2026-06-24 23:58:06,213 INFO Epoch 58 | Batch 850/1186 | Loss 4.19101 (NLL 4.23888 [logdet 1.36309, mahal 1.03791], L1 1.81299, Spectral 0.25176, Gradient 0.42521, Quantile 0.79812) | LR 5.00e-05
2026-06-24 23:58:09,233 INFO Epoch 58 | Batch 900/1186 | Loss 4.19862 (NLL 4.26767 [logdet 1.40274, mahal 1.02706], L1 1.79926, Spectral 0.26131, Gradient 0.43061, Quantile 0.81667) | LR 5.00e-05
2026-06-24 23:58:12,237 INFO Epoch 58 | Batch 950/1186 | Loss 4.10955 (NLL 4.19427 [logdet 1.32824, mahal 1.02815], L1 1.75788, Spectral 0.25493, Gradient 0.42578, Quantile 0.77796) | LR 5.00e-05
2026-06-24 23:58:15,236 INFO Epoch 58 | Batch 1000/1186 | Loss 4.17431 (NLL 4.23660 [logdet 1.41263, mahal 0.98609], L1 1.79250, Spectral 0.26474, Gradient 0.43235, Quantile 0.80462) | LR 5.00e-05
2026-06-24 23:58:18,232 INFO Epoch 58 | Batch 1050/1186 | Loss 4.16280 (NLL 4.22968 [logdet 1.38141, mahal 1.01039], L1 1.78741, Spectral 0.25864, Gradient 0.42773, Quantile 0.79892) | LR 5.00e-05
2026-06-24 23:58:21,189 INFO Epoch 58 | Batch 1100/1186 | Loss 4.13667 (NLL 4.21500 [logdet 1.34046, mahal 1.03667], L1 1.77430, Spectral 0.26184, Gradient 0.42844, Quantile 0.77191) | LR 5.00e-05
2026-06-24 23:58:24,191 INFO Epoch 58 | Batch 1150/1186 | Loss 4.16894 (NLL 4.25302 [logdet 1.37179, mahal 1.04335], L1 1.78598, Spectral 0.25147, Gradient 0.42006, Quantile 0.78970) | LR 5.00e-05
2026-06-24 23:58:31,294 INFO Epoch 58 | Val Loss 4.19270 (NLL 4.27465 [logdet 1.35552, mahal 1.08125], L1 1.78224, Spectral 0.25619, Gradient 0.42569, Quantile 0.85379)
2026-06-24 23:58:34,364 INFO Epoch 59 | Batch 50/1186 | Loss 4.15341 (NLL 4.21380 [logdet 1.35743, mahal 1.01849], L1 1.78341, Spectral 0.25643, Gradient 0.42411, Quantile 0.81194) | LR 5.00e-05
2026-06-24 23:58:37,388 INFO Epoch 59 | Batch 100/1186 | Loss 4.24831 (NLL 4.29002 [logdet 1.41886, mahal 1.03329], L1 1.84095, Spectral 0.25485, Gradient 0.42876, Quantile 0.81043) | LR 5.00e-05
2026-06-24 23:58:40,403 INFO Epoch 59 | Batch 150/1186 | Loss 4.22059 (NLL 4.27864 [logdet 1.40180, mahal 1.03896], L1 1.82373, Spectral 0.25764, Gradient 0.43010, Quantile 0.78745) | LR 5.00e-05
2026-06-24 23:58:43,419 INFO Epoch 59 | Batch 200/1186 | Loss 4.16726 (NLL 4.26289 [logdet 1.41147, mahal 1.01354], L1 1.78053, Spectral 0.25679, Gradient 0.42842, Quantile 0.77906) | LR 5.00e-05
2026-06-24 23:58:46,393 INFO Epoch 59 | Batch 250/1186 | Loss 4.16476 (NLL 4.21510 [logdet 1.37561, mahal 1.00162], L1 1.79285, Spectral 0.26138, Gradient 0.42928, Quantile 0.81177) | LR 5.00e-05
2026-06-24 23:58:49,413 INFO Epoch 59 | Batch 300/1186 | Loss 4.16699 (NLL 4.23462 [logdet 1.35107, mahal 1.04567], L1 1.79548, Spectral 0.25609, Gradient 0.42683, Quantile 0.77529) | LR 5.00e-05
2026-06-24 23:58:52,435 INFO Epoch 59 | Batch 350/1186 | Loss 4.17167 (NLL 4.22760 [logdet 1.37855, mahal 1.01117], L1 1.79842, Spectral 0.26067, Gradient 0.43546, Quantile 0.79207) | LR 5.00e-05
2026-06-24 23:58:55,452 INFO Epoch 59 | Batch 400/1186 | Loss 4.12648 (NLL 4.19127 [logdet 1.36562, mahal 0.98777], L1 1.76946, Spectral 0.26016, Gradient 0.42773, Quantile 0.80073) | LR 5.00e-05
2026-06-24 23:58:58,450 INFO Epoch 59 | Batch 450/1186 | Loss 4.19543 (NLL 4.25967 [logdet 1.38266, mahal 1.03914], L1 1.81017, Spectral 0.25586, Gradient 0.42363, Quantile 0.78067) | LR 5.00e-05
2026-06-24 23:59:01,450 INFO Epoch 59 | Batch 500/1186 | Loss 4.07920 (NLL 4.16716 [logdet 1.32076, mahal 1.00852], L1 1.74037, Spectral 0.25715, Gradient 0.42702, Quantile 0.77852) | LR 5.00e-05
2026-06-24 23:59:04,450 INFO Epoch 59 | Batch 550/1186 | Loss 4.09849 (NLL 4.19250 [logdet 1.33516, mahal 1.01946], L1 1.74773, Spectral 0.25835, Gradient 0.42954, Quantile 0.77416) | LR 5.00e-05
2026-06-24 23:59:07,455 INFO Epoch 59 | Batch 600/1186 | Loss 4.15158 (NLL 4.21937 [logdet 1.36058, mahal 1.02091], L1 1.78782, Spectral 0.25234, Gradient 0.42430, Quantile 0.77884) | LR 5.00e-05
2026-06-24 23:59:10,464 INFO Epoch 59 | Batch 650/1186 | Loss 4.19958 (NLL 4.24730 [logdet 1.37772, mahal 1.03170], L1 1.81342, Spectral 0.26200, Gradient 0.43625, Quantile 0.80334) | LR 5.00e-05
2026-06-24 23:59:13,466 INFO Epoch 59 | Batch 700/1186 | Loss 4.18489 (NLL 4.26655 [logdet 1.38925, mahal 1.03942], L1 1.79679, Spectral 0.25684, Gradient 0.42283, Quantile 0.77715) | LR 5.00e-05
2026-06-24 23:59:16,465 INFO Epoch 59 | Batch 750/1186 | Loss 4.23450 (NLL 4.26690 [logdet 1.42616, mahal 1.00286], L1 1.83025, Spectral 0.26245, Gradient 0.43062, Quantile 0.83732) | LR 5.00e-05
2026-06-24 23:59:19,465 INFO Epoch 59 | Batch 800/1186 | Loss 4.16565 (NLL 4.24406 [logdet 1.37953, mahal 1.02665], L1 1.79132, Spectral 0.25913, Gradient 0.43245, Quantile 0.76406) | LR 5.00e-05
2026-06-24 23:59:22,463 INFO Epoch 59 | Batch 850/1186 | Loss 4.09804 (NLL 4.18990 [logdet 1.36795, mahal 0.98407], L1 1.75102, Spectral 0.25023, Gradient 0.41790, Quantile 0.77283) | LR 5.00e-05
2026-06-24 23:59:25,463 INFO Epoch 59 | Batch 900/1186 | Loss 4.13252 (NLL 4.21303 [logdet 1.34713, mahal 1.02802], L1 1.76607, Spectral 0.26102, Gradient 0.43184, Quantile 0.79377) | LR 5.00e-05
2026-06-24 23:59:28,462 INFO Epoch 59 | Batch 950/1186 | Loss 4.16852 (NLL 4.22857 [logdet 1.37941, mahal 1.01128], L1 1.79131, Spectral 0.26194, Gradient 0.43493, Quantile 0.80517) | LR 5.00e-05
2026-06-24 23:59:31,460 INFO Epoch 59 | Batch 1000/1186 | Loss 4.15894 (NLL 4.22298 [logdet 1.38489, mahal 1.00022], L1 1.78742, Spectral 0.25593, Gradient 0.42399, Quantile 0.79972) | LR 5.00e-05
2026-06-24 23:59:34,461 INFO Epoch 59 | Batch 1050/1186 | Loss 4.24242 (NLL 4.29234 [logdet 1.37296, mahal 1.08151], L1 1.83712, Spectral 0.25606, Gradient 0.42644, Quantile 0.79581) | LR 5.00e-05
2026-06-24 23:59:37,461 INFO Epoch 59 | Batch 1100/1186 | Loss 4.13928 (NLL 4.22932 [logdet 1.39979, mahal 0.99165], L1 1.77072, Spectral 0.25289, Gradient 0.42742, Quantile 0.77745) | LR 5.00e-05
2026-06-24 23:59:40,468 INFO Epoch 59 | Batch 1150/1186 | Loss 4.25904 (NLL 4.30642 [logdet 1.37112, mahal 1.09742], L1 1.83475, Spectral 0.26086, Gradient 0.43052, Quantile 0.84015) | LR 5.00e-05
2026-06-24 23:59:47,584 INFO Epoch 59 | Val Loss 4.20047 (NLL 4.27720 [logdet 1.40829, mahal 1.03103], L1 1.78731, Spectral 0.25608, Gradient 0.42648, Quantile 0.85981)
2026-06-24 23:59:50,681 INFO Epoch 60 | Batch 50/1186 | Loss 4.12110 (NLL 4.21559 [logdet 1.37794, mahal 0.99978], L1 1.75648, Spectral 0.25744, Gradient 0.42303, Quantile 0.78479) | LR 5.00e-05
2026-06-24 23:59:53,700 INFO Epoch 60 | Batch 100/1186 | Loss 4.09093 (NLL 4.19421 [logdet 1.30313, mahal 1.05320], L1 1.74377, Spectral 0.24641, Gradient 0.41403, Quantile 0.76863) | LR 5.00e-05
2026-06-24 23:59:56,715 INFO Epoch 60 | Batch 150/1186 | Loss 4.16286 (NLL 4.24512 [logdet 1.36460, mahal 1.04264], L1 1.78227, Spectral 0.25183, Gradient 0.42021, Quantile 0.79582) | LR 5.00e-05
2026-06-24 23:59:59,719 INFO Epoch 60 | Batch 200/1186 | Loss 4.13372 (NLL 4.21602 [logdet 1.37744, mahal 1.00070], L1 1.76885, Spectral 0.25734, Gradient 0.42330, Quantile 0.78501) | LR 5.00e-05
2026-06-25 00:00:02,720 INFO Epoch 60 | Batch 250/1186 | Loss 4.20215 (NLL 4.26545 [logdet 1.37860, mahal 1.04897], L1 1.80618, Spectral 0.26444, Gradient 0.43282, Quantile 0.80379) | LR 5.00e-05
2026-06-25 00:00:05,725 INFO Epoch 60 | Batch 300/1186 | Loss 4.13506 (NLL 4.20043 [logdet 1.36378, mahal 0.99877], L1 1.77668, Spectral 0.25982, Gradient 0.43001, Quantile 0.78774) | LR 5.00e-05
2026-06-25 00:00:08,728 INFO Epoch 60 | Batch 350/1186 | Loss 4.09784 (NLL 4.19170 [logdet 1.34280, mahal 1.01102], L1 1.74818, Spectral 0.25968, Gradient 0.42884, Quantile 0.76985) | LR 5.00e-05
2026-06-25 00:00:11,727 INFO Epoch 60 | Batch 400/1186 | Loss 4.20526 (NLL 4.27225 [logdet 1.38334, mahal 1.05104], L1 1.80618, Spectral 0.25849, Gradient 0.42959, Quantile 0.80902) | LR 5.00e-05
2026-06-25 00:00:14,726 INFO Epoch 60 | Batch 450/1186 | Loss 4.16424 (NLL 4.24059 [logdet 1.38653, mahal 1.01618], L1 1.78385, Spectral 0.26126, Gradient 0.42535, Quantile 0.79427) | LR 5.00e-05
2026-06-25 00:00:17,725 INFO Epoch 60 | Batch 500/1186 | Loss 4.15196 (NLL 4.24013 [logdet 1.38715, mahal 1.01511], L1 1.78137, Spectral 0.24501, Gradient 0.42171, Quantile 0.77195) | LR 5.00e-05
2026-06-25 00:00:20,724 INFO Epoch 60 | Batch 550/1186 | Loss 4.15003 (NLL 4.21865 [logdet 1.35292, mahal 1.02786], L1 1.78186, Spectral 0.25590, Gradient 0.42911, Quantile 0.79475) | LR 5.00e-05
2026-06-25 00:00:23,723 INFO Epoch 60 | Batch 600/1186 | Loss 4.13095 (NLL 4.20500 [logdet 1.38216, mahal 0.98496], L1 1.76921, Spectral 0.26351, Gradient 0.42862, Quantile 0.78826) | LR 5.00e-05
2026-06-25 00:00:26,723 INFO Epoch 60 | Batch 650/1186 | Loss 4.20843 (NLL 4.26084 [logdet 1.38332, mahal 1.03965], L1 1.81855, Spectral 0.25986, Gradient 0.43051, Quantile 0.79303) | LR 5.00e-05
2026-06-25 00:00:29,722 INFO Epoch 60 | Batch 700/1186 | Loss 4.17262 (NLL 4.24388 [logdet 1.41213, mahal 0.99387], L1 1.79002, Spectral 0.25820, Gradient 0.43276, Quantile 0.79976) | LR 5.00e-05
2026-06-25 00:00:32,720 INFO Epoch 60 | Batch 750/1186 | Loss 4.18883 (NLL 4.22779 [logdet 1.38917, mahal 1.00074], L1 1.81094, Spectral 0.25870, Gradient 0.43211, Quantile 0.81309) | LR 5.00e-05
2026-06-25 00:00:35,721 INFO Epoch 60 | Batch 800/1186 | Loss 4.10346 (NLL 4.19006 [logdet 1.33627, mahal 1.01591], L1 1.75853, Spectral 0.25397, Gradient 0.42569, Quantile 0.75979) | LR 5.00e-05
2026-06-25 00:00:38,718 INFO Epoch 60 | Batch 850/1186 | Loss 4.17936 (NLL 4.25105 [logdet 1.36725, mahal 1.04593], L1 1.79831, Spectral 0.25566, Gradient 0.42633, Quantile 0.78129) | LR 5.00e-05
2026-06-25 00:00:41,717 INFO Epoch 60 | Batch 900/1186 | Loss 4.19726 (NLL 4.24621 [logdet 1.39018, mahal 1.01815], L1 1.80904, Spectral 0.26064, Gradient 0.42808, Quantile 0.81572) | LR 5.00e-05
2026-06-25 00:00:44,716 INFO Epoch 60 | Batch 950/1186 | Loss 4.08609 (NLL 4.19015 [logdet 1.35331, mahal 0.99896], L1 1.74041, Spectral 0.25598, Gradient 0.42344, Quantile 0.76056) | LR 5.00e-05
2026-06-25 00:00:47,705 INFO Epoch 60 | Batch 1000/1186 | Loss 4.16001 (NLL 4.23484 [logdet 1.35613, mahal 1.04084], L1 1.78668, Spectral 0.25178, Gradient 0.42559, Quantile 0.78704) | LR 5.00e-05
2026-06-25 00:00:50,693 INFO Epoch 60 | Batch 1050/1186 | Loss 4.25272 (NLL 4.27486 [logdet 1.43697, mahal 1.00001], L1 1.84720, Spectral 0.26211, Gradient 0.43783, Quantile 0.82633) | LR 5.00e-05
2026-06-25 00:00:53,691 INFO Epoch 60 | Batch 1100/1186 | Loss 4.27734 (NLL 4.29185 [logdet 1.42076, mahal 1.03321], L1 1.86098, Spectral 0.26520, Gradient 0.43701, Quantile 0.83281) | LR 5.00e-05
2026-06-25 00:00:56,686 INFO Epoch 60 | Batch 1150/1186 | Loss 4.25437 (NLL 4.28337 [logdet 1.42264, mahal 1.02285], L1 1.84504, Spectral 0.26173, Gradient 0.44015, Quantile 0.82492) | LR 5.00e-05
2026-06-25 00:01:03,788 INFO Epoch 60 | Val Loss 4.21907 (NLL 4.28367 [logdet 1.47794, mahal 0.96785], L1 1.79344, Spectral 0.25616, Gradient 0.42646, Quantile 0.89804)
2026-06-25 00:01:06,894 INFO Epoch 61 | Batch 50/1186 | Loss 4.13163 (NLL 4.20419 [logdet 1.39543, mahal 0.97088], L1 1.77199, Spectral 0.25378, Gradient 0.42421, Quantile 0.79171) | LR 5.00e-05
2026-06-25 00:01:09,917 INFO Epoch 61 | Batch 100/1186 | Loss 4.16198 (NLL 4.21155 [logdet 1.37022, mahal 1.00345], L1 1.79676, Spectral 0.25471, Gradient 0.42821, Quantile 0.79853) | LR 5.00e-05
2026-06-25 00:01:12,941 INFO Epoch 61 | Batch 150/1186 | Loss 4.20406 (NLL 4.26457 [logdet 1.35862, mahal 1.06808], L1 1.81031, Spectral 0.26004, Gradient 0.42908, Quantile 0.80116) | LR 5.00e-05
2026-06-25 00:01:15,965 INFO Epoch 61 | Batch 200/1186 | Loss 4.14041 (NLL 4.21943 [logdet 1.40126, mahal 0.98028], L1 1.77110, Spectral 0.25172, Gradient 0.42083, Quantile 0.80245) | LR 5.00e-05
2026-06-25 00:01:18,986 INFO Epoch 61 | Batch 250/1186 | Loss 4.15519 (NLL 4.23965 [logdet 1.38366, mahal 1.01811], L1 1.77471, Spectral 0.26640, Gradient 0.43378, Quantile 0.79096) | LR 5.00e-05
2026-06-25 00:01:22,004 INFO Epoch 61 | Batch 300/1186 | Loss 4.14571 (NLL 4.20896 [logdet 1.36328, mahal 1.00781], L1 1.78362, Spectral 0.26237, Gradient 0.42915, Quantile 0.78272) | LR 5.00e-05
2026-06-25 00:01:25,018 INFO Epoch 61 | Batch 350/1186 | Loss 4.18270 (NLL 4.24706 [logdet 1.37671, mahal 1.03246], L1 1.79815, Spectral 0.25786, Gradient 0.43353, Quantile 0.80162) | LR 5.00e-05
2026-06-25 00:01:28,040 INFO Epoch 61 | Batch 400/1186 | Loss 4.21903 (NLL 4.26102 [logdet 1.39103, mahal 1.03211], L1 1.82113, Spectral 0.26094, Gradient 0.43068, Quantile 0.82480) | LR 5.00e-05
2026-06-25 00:01:31,062 INFO Epoch 61 | Batch 450/1186 | Loss 4.26433 (NLL 4.30425 [logdet 1.43758, mahal 1.02879], L1 1.85059, Spectral 0.25563, Gradient 0.43783, Quantile 0.80640) | LR 5.00e-05
2026-06-25 00:01:34,082 INFO Epoch 61 | Batch 500/1186 | Loss 4.23069 (NLL 4.26562 [logdet 1.41187, mahal 1.01588], L1 1.83573, Spectral 0.25665, Gradient 0.42227, Quantile 0.80774) | LR 5.00e-05
2026-06-25 00:01:37,104 INFO Epoch 61 | Batch 550/1186 | Loss 4.16032 (NLL 4.23439 [logdet 1.37619, mahal 1.02032], L1 1.78375, Spectral 0.25660, Gradient 0.42870, Quantile 0.79618) | LR 5.00e-05
2026-06-25 00:01:40,124 INFO Epoch 61 | Batch 600/1186 | Loss 4.11701 (NLL 4.20092 [logdet 1.37350, mahal 0.98955], L1 1.76452, Spectral 0.26867, Gradient 0.43867, Quantile 0.75267) | LR 5.00e-05
2026-06-25 00:01:43,143 INFO Epoch 61 | Batch 650/1186 | Loss 4.23411 (NLL 4.27193 [logdet 1.36567, mahal 1.06839], L1 1.83321, Spectral 0.25908, Gradient 0.43333, Quantile 0.81658) | LR 5.00e-05
2026-06-25 00:01:46,165 INFO Epoch 61 | Batch 700/1186 | Loss 4.14427 (NLL 4.22048 [logdet 1.37246, mahal 1.01014], L1 1.77653, Spectral 0.25049, Gradient 0.42377, Quantile 0.79503) | LR 5.00e-05
2026-06-25 00:01:49,188 INFO Epoch 61 | Batch 750/1186 | Loss 4.16912 (NLL 4.25161 [logdet 1.42221, mahal 0.99152], L1 1.78697, Spectral 0.25539, Gradient 0.42734, Quantile 0.78494) | LR 5.00e-05
2026-06-25 00:01:52,209 INFO Epoch 61 | Batch 800/1186 | Loss 4.17487 (NLL 4.23291 [logdet 1.38063, mahal 1.01440], L1 1.79914, Spectral 0.25724, Gradient 0.42935, Quantile 0.79511) | LR 5.00e-05
2026-06-25 00:01:55,229 INFO Epoch 61 | Batch 850/1186 | Loss 4.20071 (NLL 4.25495 [logdet 1.38790, mahal 1.02917], L1 1.81032, Spectral 0.25675, Gradient 0.42522, Quantile 0.81077) | LR 5.00e-05
2026-06-25 00:01:58,254 INFO Epoch 61 | Batch 900/1186 | Loss 4.07329 (NLL 4.16815 [logdet 1.32832, mahal 1.00195], L1 1.73659, Spectral 0.25488, Gradient 0.42523, Quantile 0.77010) | LR 5.00e-05
2026-06-25 00:02:01,275 INFO Epoch 61 | Batch 950/1186 | Loss 4.22328 (NLL 4.27272 [logdet 1.41847, mahal 1.01637], L1 1.82128, Spectral 0.25559, Gradient 0.42517, Quantile 0.82331) | LR 5.00e-05
2026-06-25 00:02:04,297 INFO Epoch 61 | Batch 1000/1186 | Loss 4.23266 (NLL 4.27505 [logdet 1.39671, mahal 1.04046], L1 1.83602, Spectral 0.25521, Gradient 0.42900, Quantile 0.79660) | LR 5.00e-05
2026-06-25 00:02:07,320 INFO Epoch 61 | Batch 1050/1186 | Loss 4.13826 (NLL 4.23514 [logdet 1.39308, mahal 1.00419], L1 1.76516, Spectral 0.25919, Gradient 0.42587, Quantile 0.77750) | LR 5.00e-05
2026-06-25 00:02:10,344 INFO Epoch 61 | Batch 1100/1186 | Loss 4.07394 (NLL 4.16234 [logdet 1.34616, mahal 0.97831], L1 1.73606, Spectral 0.25773, Gradient 0.42195, Quantile 0.78401) | LR 5.00e-05
2026-06-25 00:02:13,365 INFO Epoch 61 | Batch 1150/1186 | Loss 4.13487 (NLL 4.24848 [logdet 1.32855, mahal 1.08205], L1 1.76144, Spectral 0.25369, Gradient 0.42333, Quantile 0.75712) | LR 5.00e-05
2026-06-25 00:02:20,516 INFO Epoch 61 | Val Loss 4.20969 (NLL 4.28674 [logdet 1.36096, mahal 1.08790], L1 1.78846, Spectral 0.25636, Gradient 0.42782, Quantile 0.87318)
2026-06-25 00:02:23,601 INFO Epoch 62 | Batch 50/1186 | Loss 4.23015 (NLL 4.27727 [logdet 1.38349, mahal 1.05591], L1 1.82788, Spectral 0.25529, Gradient 0.42297, Quantile 0.81538) | LR 5.00e-05
2026-06-25 00:02:26,620 INFO Epoch 62 | Batch 100/1186 | Loss 4.16515 (NLL 4.24488 [logdet 1.39358, mahal 1.01342], L1 1.79032, Spectral 0.25115, Gradient 0.42517, Quantile 0.77313) | LR 5.00e-05
2026-06-25 00:02:29,642 INFO Epoch 62 | Batch 150/1186 | Loss 4.20074 (NLL 4.24428 [logdet 1.36509, mahal 1.04131], L1 1.81379, Spectral 0.26655, Gradient 0.43870, Quantile 0.80801) | LR 5.00e-05
2026-06-25 00:02:32,662 INFO Epoch 62 | Batch 200/1186 | Loss 4.16258 (NLL 4.25801 [logdet 1.43125, mahal 0.98889], L1 1.77620, Spectral 0.26284, Gradient 0.43337, Quantile 0.78115) | LR 5.00e-05
2026-06-25 00:02:35,680 INFO Epoch 62 | Batch 250/1186 | Loss 4.21746 (NLL 4.27200 [logdet 1.39302, mahal 1.04110], L1 1.81946, Spectral 0.25880, Gradient 0.43265, Quantile 0.80472) | LR 5.00e-05
2026-06-25 00:02:38,701 INFO Epoch 62 | Batch 300/1186 | Loss 4.18918 (NLL 4.25924 [logdet 1.41010, mahal 1.01126], L1 1.80412, Spectral 0.25507, Gradient 0.42297, Quantile 0.78155) | LR 5.00e-05
2026-06-25 00:02:41,724 INFO Epoch 62 | Batch 350/1186 | Loss 4.14231 (NLL 4.22145 [logdet 1.37512, mahal 1.00845], L1 1.77299, Spectral 0.25988, Gradient 0.42784, Quantile 0.78944) | LR 5.00e-05
2026-06-25 00:02:44,741 INFO Epoch 62 | Batch 400/1186 | Loss 4.15557 (NLL 4.22147 [logdet 1.38585, mahal 0.99774], L1 1.78258, Spectral 0.26048, Gradient 0.43100, Quantile 0.80397) | LR 5.00e-05
2026-06-25 00:02:47,763 INFO Epoch 62 | Batch 450/1186 | Loss 4.21892 (NLL 4.26319 [logdet 1.36494, mahal 1.06037], L1 1.82460, Spectral 0.26248, Gradient 0.43249, Quantile 0.80376) | LR 5.00e-05
2026-06-25 00:02:50,783 INFO Epoch 62 | Batch 500/1186 | Loss 4.27120 (NLL 4.29958 [logdet 1.45870, mahal 1.00301], L1 1.85690, Spectral 0.26057, Gradient 0.43829, Quantile 0.81311) | LR 5.00e-05
2026-06-25 00:02:53,805 INFO Epoch 62 | Batch 550/1186 | Loss 4.19806 (NLL 4.25621 [logdet 1.37933, mahal 1.03900], L1 1.80923, Spectral 0.25807, Gradient 0.42904, Quantile 0.80021) | LR 5.00e-05
2026-06-25 00:02:56,818 INFO Epoch 62 | Batch 600/1186 | Loss 4.03267 (NLL 4.15141 [logdet 1.34981, mahal 0.96372], L1 1.70729, Spectral 0.25316, Gradient 0.42097, Quantile 0.75975) | LR 5.00e-05
2026-06-25 00:02:59,831 INFO Epoch 62 | Batch 650/1186 | Loss 4.25706 (NLL 4.29634 [logdet 1.40541, mahal 1.05305], L1 1.84660, Spectral 0.26684, Gradient 0.44832, Quantile 0.79707) | LR 5.00e-05
2026-06-25 00:03:02,844 INFO Epoch 62 | Batch 700/1186 | Loss 4.26882 (NLL 4.29123 [logdet 1.44523, mahal 1.00812], L1 1.85407, Spectral 0.26420, Gradient 0.43987, Quantile 0.82846) | LR 5.00e-05
2026-06-25 00:03:05,854 INFO Epoch 62 | Batch 750/1186 | Loss 4.08805 (NLL 4.18065 [logdet 1.36840, mahal 0.97438], L1 1.74357, Spectral 0.25231, Gradient 0.41976, Quantile 0.77924) | LR 5.00e-05
2026-06-25 00:03:08,866 INFO Epoch 62 | Batch 800/1186 | Loss 4.13226 (NLL 4.19700 [logdet 1.34499, mahal 1.01413], L1 1.77821, Spectral 0.25355, Gradient 0.42672, Quantile 0.78361) | LR 5.00e-05
2026-06-25 00:03:11,876 INFO Epoch 62 | Batch 850/1186 | Loss 4.15001 (NLL 4.21696 [logdet 1.35373, mahal 1.02535], L1 1.77994, Spectral 0.25830, Gradient 0.43078, Quantile 0.80355) | LR 5.00e-05
2026-06-25 00:03:14,890 INFO Epoch 62 | Batch 900/1186 | Loss 4.17612 (NLL 4.23559 [logdet 1.35407, mahal 1.04364], L1 1.79674, Spectral 0.24988, Gradient 0.42184, Quantile 0.81267) | LR 5.00e-05
2026-06-25 00:03:17,904 INFO Epoch 62 | Batch 950/1186 | Loss 4.11425 (NLL 4.20632 [logdet 1.35455, mahal 1.01389], L1 1.75877, Spectral 0.25271, Gradient 0.42060, Quantile 0.77119) | LR 5.00e-05
2026-06-25 00:03:20,912 INFO Epoch 62 | Batch 1000/1186 | Loss 4.20053 (NLL 4.27222 [logdet 1.37928, mahal 1.05506], L1 1.80647, Spectral 0.25795, Gradient 0.42791, Quantile 0.78890) | LR 5.00e-05
2026-06-25 00:03:23,921 INFO Epoch 62 | Batch 1050/1186 | Loss 4.12267 (NLL 4.19411 [logdet 1.38408, mahal 0.97215], L1 1.76752, Spectral 0.25616, Gradient 0.42072, Quantile 0.79145) | LR 5.00e-05
2026-06-25 00:03:26,925 INFO Epoch 62 | Batch 1100/1186 | Loss 4.16346 (NLL 4.22251 [logdet 1.34961, mahal 1.03502], L1 1.79670, Spectral 0.25049, Gradient 0.42327, Quantile 0.78673) | LR 5.00e-05
2026-06-25 00:03:29,925 INFO Epoch 62 | Batch 1150/1186 | Loss 4.06276 (NLL 4.16809 [logdet 1.31563, mahal 1.01458], L1 1.72544, Spectral 0.26321, Gradient 0.42925, Quantile 0.76378) | LR 5.00e-05
2026-06-25 00:03:36,988 INFO Epoch 62 | Val Loss 4.19319 (NLL 4.28085 [logdet 1.28955, mahal 1.15342], L1 1.78428, Spectral 0.25632, Gradient 0.42606, Quantile 0.83436)
2026-06-25 00:03:40,061 INFO Epoch 63 | Batch 50/1186 | Loss 4.21916 (NLL 4.26257 [logdet 1.40565, mahal 1.01904], L1 1.82113, Spectral 0.26000, Gradient 0.43498, Quantile 0.82309) | LR 5.00e-05
2026-06-25 00:03:43,077 INFO Epoch 63 | Batch 100/1186 | Loss 4.15921 (NLL 4.21752 [logdet 1.34732, mahal 1.03232], L1 1.79507, Spectral 0.25872, Gradient 0.42737, Quantile 0.77738) | LR 5.00e-05
2026-06-25 00:03:46,096 INFO Epoch 63 | Batch 150/1186 | Loss 4.20634 (NLL 4.25707 [logdet 1.34077, mahal 1.07842], L1 1.81119, Spectral 0.26401, Gradient 0.43309, Quantile 0.81829) | LR 5.00e-05
2026-06-25 00:03:49,117 INFO Epoch 63 | Batch 200/1186 | Loss 4.17406 (NLL 4.24337 [logdet 1.38380, mahal 1.02169], L1 1.79411, Spectral 0.25288, Gradient 0.42578, Quantile 0.79562) | LR 5.00e-05
2026-06-25 00:03:52,141 INFO Epoch 63 | Batch 250/1186 | Loss 4.11143 (NLL 4.19621 [logdet 1.39154, mahal 0.96680], L1 1.75985, Spectral 0.25832, Gradient 0.42563, Quantile 0.76990) | LR 5.00e-05
2026-06-25 00:03:55,159 INFO Epoch 63 | Batch 300/1186 | Loss 4.18416 (NLL 4.25044 [logdet 1.36557, mahal 1.04700], L1 1.79683, Spectral 0.26195, Gradient 0.43537, Quantile 0.80173) | LR 5.00e-05
2026-06-25 00:03:58,178 INFO Epoch 63 | Batch 350/1186 | Loss 4.13445 (NLL 4.20300 [logdet 1.39426, mahal 0.97087], L1 1.77479, Spectral 0.26206, Gradient 0.42678, Quantile 0.78536) | LR 5.00e-05
2026-06-25 00:04:01,196 INFO Epoch 63 | Batch 400/1186 | Loss 4.14076 (NLL 4.23078 [logdet 1.35336, mahal 1.03954], L1 1.77043, Spectral 0.25458, Gradient 0.42635, Quantile 0.77999) | LR 5.00e-05
2026-06-25 00:04:04,217 INFO Epoch 63 | Batch 450/1186 | Loss 4.17278 (NLL 4.21843 [logdet 1.37363, mahal 1.00692], L1 1.79991, Spectral 0.26035, Gradient 0.43145, Quantile 0.80991) | LR 5.00e-05
2026-06-25 00:04:07,237 INFO Epoch 63 | Batch 500/1186 | Loss 4.14952 (NLL 4.24705 [logdet 1.34316, mahal 1.06602], L1 1.76943, Spectral 0.25713, Gradient 0.42960, Quantile 0.78398) | LR 5.00e-05
2026-06-25 00:04:10,256 INFO Epoch 63 | Batch 550/1186 | Loss 4.19414 (NLL 4.24267 [logdet 1.36379, mahal 1.04100], L1 1.81603, Spectral 0.25472, Gradient 0.41924, Quantile 0.78758) | LR 5.00e-05
2026-06-25 00:04:13,275 INFO Epoch 63 | Batch 600/1186 | Loss 4.14695 (NLL 4.22590 [logdet 1.35186, mahal 1.03617], L1 1.77616, Spectral 0.25613, Gradient 0.42238, Quantile 0.79041) | LR 5.00e-05
2026-06-25 00:04:16,294 INFO Epoch 63 | Batch 650/1186 | Loss 4.11490 (NLL 4.21367 [logdet 1.37010, mahal 1.00569], L1 1.75125, Spectral 0.25008, Gradient 0.41851, Quantile 0.79271) | LR 5.00e-05
2026-06-25 00:04:19,314 INFO Epoch 63 | Batch 700/1186 | Loss 4.22748 (NLL 4.26590 [logdet 1.40687, mahal 1.02115], L1 1.83363, Spectral 0.26017, Gradient 0.43476, Quantile 0.79868) | LR 5.00e-05
2026-06-25 00:04:22,334 INFO Epoch 63 | Batch 750/1186 | Loss 4.17973 (NLL 4.24457 [logdet 1.39722, mahal 1.00947], L1 1.79544, Spectral 0.26483, Gradient 0.43319, Quantile 0.79826) | LR 5.00e-05
2026-06-25 00:04:25,352 INFO Epoch 63 | Batch 800/1186 | Loss 4.20786 (NLL 4.25384 [logdet 1.41798, mahal 0.99798], L1 1.82137, Spectral 0.25648, Gradient 0.43331, Quantile 0.79711) | LR 5.00e-05
2026-06-25 00:04:28,373 INFO Epoch 63 | Batch 850/1186 | Loss 4.19258 (NLL 4.26524 [logdet 1.38842, mahal 1.03894], L1 1.80490, Spectral 0.25758, Gradient 0.43194, Quantile 0.77723) | LR 5.00e-05
2026-06-25 00:04:31,394 INFO Epoch 63 | Batch 900/1186 | Loss 4.12855 (NLL 4.20883 [logdet 1.38895, mahal 0.98200], L1 1.76434, Spectral 0.25507, Gradient 0.42488, Quantile 0.79966) | LR 5.00e-05
2026-06-25 00:04:34,414 INFO Epoch 63 | Batch 950/1186 | Loss 4.17436 (NLL 4.23909 [logdet 1.37719, mahal 1.02402], L1 1.79711, Spectral 0.25478, Gradient 0.42464, Quantile 0.79129) | LR 5.00e-05
2026-06-25 00:04:37,435 INFO Epoch 63 | Batch 1000/1186 | Loss 4.18656 (NLL 4.27022 [logdet 1.40154, mahal 1.03081], L1 1.79396, Spectral 0.25816, Gradient 0.43099, Quantile 0.78666) | LR 5.00e-05
2026-06-25 00:04:40,454 INFO Epoch 63 | Batch 1050/1186 | Loss 4.15642 (NLL 4.23535 [logdet 1.39464, mahal 1.00283], L1 1.78089, Spectral 0.25116, Gradient 0.42059, Quantile 0.79585) | LR 5.00e-05
2026-06-25 00:04:43,473 INFO Epoch 63 | Batch 1100/1186 | Loss 4.13044 (NLL 4.19885 [logdet 1.34782, mahal 1.01315], L1 1.77443, Spectral 0.25843, Gradient 0.43161, Quantile 0.78261) | LR 5.00e-05
2026-06-25 00:04:46,487 INFO Epoch 63 | Batch 1150/1186 | Loss 4.19539 (NLL 4.26552 [logdet 1.38257, mahal 1.04507], L1 1.79941, Spectral 0.25933, Gradient 0.43041, Quantile 0.80921) | LR 5.00e-05
2026-06-25 00:04:53,612 INFO Epoch 63 | Val Loss 4.20943 (NLL 4.28376 [logdet 1.34230, mahal 1.10358], L1 1.78905, Spectral 0.25617, Gradient 0.42606, Quantile 0.87610)
2026-06-25 00:04:56,710 INFO Epoch 64 | Batch 50/1186 | Loss 4.18133 (NLL 4.22982 [logdet 1.36116, mahal 1.03079], L1 1.80295, Spectral 0.26549, Gradient 0.43557, Quantile 0.80360) | LR 5.00e-05
2026-06-25 00:04:59,730 INFO Epoch 64 | Batch 100/1186 | Loss 4.11010 (NLL 4.20030 [logdet 1.35030, mahal 1.01212], L1 1.75249, Spectral 0.25992, Gradient 0.42913, Quantile 0.78471) | LR 5.00e-05
2026-06-25 00:05:02,749 INFO Epoch 64 | Batch 150/1186 | Loss 4.14166 (NLL 4.22153 [logdet 1.37796, mahal 1.00570], L1 1.77189, Spectral 0.25650, Gradient 0.42868, Quantile 0.79477) | LR 5.00e-05
2026-06-25 00:05:05,767 INFO Epoch 64 | Batch 200/1186 | Loss 4.21162 (NLL 4.26866 [logdet 1.39686, mahal 1.03392], L1 1.82034, Spectral 0.25366, Gradient 0.42679, Quantile 0.78932) | LR 5.00e-05
2026-06-25 00:05:08,786 INFO Epoch 64 | Batch 250/1186 | Loss 4.18180 (NLL 4.24799 [logdet 1.36881, mahal 1.04131], L1 1.80010, Spectral 0.24865, Gradient 0.42301, Quantile 0.79783) | LR 5.00e-05
2026-06-25 00:05:11,802 INFO Epoch 64 | Batch 300/1186 | Loss 4.08673 (NLL 4.17781 [logdet 1.36479, mahal 0.97515], L1 1.74163, Spectral 0.25517, Gradient 0.42176, Quantile 0.78463) | LR 5.00e-05
2026-06-25 00:05:14,821 INFO Epoch 64 | Batch 350/1186 | Loss 4.20805 (NLL 4.25460 [logdet 1.37087, mahal 1.04585], L1 1.81686, Spectral 0.25667, Gradient 0.42944, Quantile 0.81482) | LR 5.00e-05
2026-06-25 00:05:17,840 INFO Epoch 64 | Batch 400/1186 | Loss 4.16761 (NLL 4.22312 [logdet 1.37978, mahal 1.00547], L1 1.79327, Spectral 0.25870, Gradient 0.43017, Quantile 0.80808) | LR 5.00e-05
2026-06-25 00:05:20,861 INFO Epoch 64 | Batch 450/1186 | Loss 4.18685 (NLL 4.26410 [logdet 1.37858, mahal 1.04764], L1 1.79737, Spectral 0.25932, Gradient 0.43199, Quantile 0.78519) | LR 5.00e-05
2026-06-25 00:05:23,880 INFO Epoch 64 | Batch 500/1186 | Loss 4.13322 (NLL 4.21748 [logdet 1.39273, mahal 0.98687], L1 1.76739, Spectral 0.25875, Gradient 0.42289, Quantile 0.78453) | LR 5.00e-05
2026-06-25 00:05:26,899 INFO Epoch 64 | Batch 550/1186 | Loss 4.21816 (NLL 4.25977 [logdet 1.39368, mahal 1.02821], L1 1.82376, Spectral 0.26355, Gradient 0.43993, Quantile 0.80995) | LR 5.00e-05
2026-06-25 00:05:29,917 INFO Epoch 64 | Batch 600/1186 | Loss 4.12176 (NLL 4.19614 [logdet 1.35587, mahal 1.00240], L1 1.77232, Spectral 0.24901, Gradient 0.41743, Quantile 0.77125) | LR 5.00e-05
2026-06-25 00:05:32,934 INFO Epoch 64 | Batch 650/1186 | Loss 4.12355 (NLL 4.20339 [logdet 1.36933, mahal 0.99618], L1 1.76305, Spectral 0.25614, Gradient 0.42859, Quantile 0.79433) | LR 5.00e-05
2026-06-25 00:05:35,953 INFO Epoch 64 | Batch 700/1186 | Loss 4.15993 (NLL 4.25064 [logdet 1.37182, mahal 1.04094], L1 1.77239, Spectral 0.25923, Gradient 0.42980, Quantile 0.80519) | LR 5.00e-05
2026-06-25 00:05:38,974 INFO Epoch 64 | Batch 750/1186 | Loss 4.15485 (NLL 4.22057 [logdet 1.34643, mahal 1.03626], L1 1.78708, Spectral 0.25713, Gradient 0.42890, Quantile 0.78782) | LR 5.00e-05
2026-06-25 00:05:41,994 INFO Epoch 64 | Batch 800/1186 | Loss 4.12557 (NLL 4.19578 [logdet 1.33517, mahal 1.02274], L1 1.76939, Spectral 0.26253, Gradient 0.43268, Quantile 0.78532) | LR 5.00e-05
2026-06-25 00:05:45,016 INFO Epoch 64 | Batch 850/1186 | Loss 4.17262 (NLL 4.24120 [logdet 1.37172, mahal 1.03160], L1 1.79588, Spectral 0.25830, Gradient 0.42974, Quantile 0.78092) | LR 5.00e-05
2026-06-25 00:05:48,035 INFO Epoch 64 | Batch 900/1186 | Loss 4.24493 (NLL 4.27873 [logdet 1.38397, mahal 1.05689], L1 1.83524, Spectral 0.25490, Gradient 0.42624, Quantile 0.84350) | LR 5.00e-05
2026-06-25 00:05:51,054 INFO Epoch 64 | Batch 950/1186 | Loss 4.16932 (NLL 4.23772 [logdet 1.38464, mahal 1.01520], L1 1.79405, Spectral 0.26483, Gradient 0.43107, Quantile 0.77509) | LR 5.00e-05
2026-06-25 00:05:54,073 INFO Epoch 64 | Batch 1000/1186 | Loss 4.10415 (NLL 4.19068 [logdet 1.37041, mahal 0.98239], L1 1.75400, Spectral 0.25271, Gradient 0.42368, Quantile 0.78149) | LR 5.00e-05
2026-06-25 00:05:57,093 INFO Epoch 64 | Batch 1050/1186 | Loss 4.21388 (NLL 4.27147 [logdet 1.35394, mahal 1.07966], L1 1.81861, Spectral 0.25699, Gradient 0.42713, Quantile 0.79647) | LR 5.00e-05
2026-06-25 00:06:00,114 INFO Epoch 64 | Batch 1100/1186 | Loss 4.23308 (NLL 4.28581 [logdet 1.40155, mahal 1.04637], L1 1.82724, Spectral 0.25616, Gradient 0.43406, Quantile 0.81137) | LR 5.00e-05
2026-06-25 00:06:03,134 INFO Epoch 64 | Batch 1150/1186 | Loss 4.18966 (NLL 4.24708 [logdet 1.41934, mahal 0.98986], L1 1.80206, Spectral 0.26033, Gradient 0.42775, Quantile 0.81166) | LR 5.00e-05
2026-06-25 00:06:10,271 INFO Epoch 64 | Val Loss 4.19266 (NLL 4.27797 [logdet 1.36309, mahal 1.07700], L1 1.78577, Spectral 0.25611, Gradient 0.42611, Quantile 0.83218)
2026-06-25 00:06:13,352 INFO Epoch 65 | Batch 50/1186 | Loss 4.19081 (NLL 4.26422 [logdet 1.41170, mahal 1.01464], L1 1.79764, Spectral 0.25923, Gradient 0.43046, Quantile 0.80035) | LR 5.00e-05
2026-06-25 00:06:16,369 INFO Epoch 65 | Batch 100/1186 | Loss 4.08432 (NLL 4.19186 [logdet 1.38387, mahal 0.97011], L1 1.73793, Spectral 0.25020, Gradient 0.42367, Quantile 0.76612) | LR 5.00e-05
2026-06-25 00:06:19,385 INFO Epoch 65 | Batch 150/1186 | Loss 4.16986 (NLL 4.23953 [logdet 1.36711, mahal 1.03454], L1 1.78734, Spectral 0.26386, Gradient 0.43318, Quantile 0.80243) | LR 5.00e-05
2026-06-25 00:06:22,401 INFO Epoch 65 | Batch 200/1186 | Loss 4.09618 (NLL 4.18666 [logdet 1.36385, mahal 0.98493], L1 1.74614, Spectral 0.26143, Gradient 0.42973, Quantile 0.78000) | LR 5.00e-05
2026-06-25 00:06:25,410 INFO Epoch 65 | Batch 250/1186 | Loss 4.12810 (NLL 4.20995 [logdet 1.33541, mahal 1.03667], L1 1.76413, Spectral 0.25808, Gradient 0.43420, Quantile 0.79296) | LR 5.00e-05
2026-06-25 00:06:28,422 INFO Epoch 65 | Batch 300/1186 | Loss 4.23349 (NLL 4.25755 [logdet 1.36360, mahal 1.05607], L1 1.84306, Spectral 0.25955, Gradient 0.43485, Quantile 0.80244) | LR 5.00e-05
2026-06-25 00:06:31,433 INFO Epoch 65 | Batch 350/1186 | Loss 4.19515 (NLL 4.22984 [logdet 1.39855, mahal 0.99341], L1 1.81837, Spectral 0.26191, Gradient 0.43437, Quantile 0.80075) | LR 5.00e-05
2026-06-25 00:06:34,450 INFO Epoch 65 | Batch 400/1186 | Loss 4.08555 (NLL 4.20694 [logdet 1.33512, mahal 1.03394], L1 1.72846, Spectral 0.25526, Gradient 0.42347, Quantile 0.77379) | LR 5.00e-05
2026-06-25 00:06:37,465 INFO Epoch 65 | Batch 450/1186 | Loss 4.19909 (NLL 4.25693 [logdet 1.37287, mahal 1.04618], L1 1.81212, Spectral 0.25108, Gradient 0.42160, Quantile 0.79859) | LR 5.00e-05
2026-06-25 00:06:40,478 INFO Epoch 65 | Batch 500/1186 | Loss 4.23620 (NLL 4.27271 [logdet 1.42478, mahal 1.01005], L1 1.83407, Spectral 0.25808, Gradient 0.43012, Quantile 0.82114) | LR 5.00e-05
2026-06-25 00:06:43,487 INFO Epoch 65 | Batch 550/1186 | Loss 4.08496 (NLL 4.17759 [logdet 1.32620, mahal 1.01352], L1 1.74531, Spectral 0.25934, Gradient 0.43228, Quantile 0.75784) | LR 5.00e-05
2026-06-25 00:06:46,504 INFO Epoch 65 | Batch 600/1186 | Loss 4.17005 (NLL 4.23128 [logdet 1.37808, mahal 1.01532], L1 1.79118, Spectral 0.25093, Gradient 0.42231, Quantile 0.81835) | LR 5.00e-05
2026-06-25 00:06:49,521 INFO Epoch 65 | Batch 650/1186 | Loss 4.19951 (NLL 4.24743 [logdet 1.39908, mahal 1.01047], L1 1.81278, Spectral 0.25601, Gradient 0.42875, Quantile 0.81195) | LR 5.00e-05
2026-06-25 00:06:52,534 INFO Epoch 65 | Batch 700/1186 | Loss 4.20032 (NLL 4.26383 [logdet 1.39935, mahal 1.02659], L1 1.81495, Spectral 0.26156, Gradient 0.43394, Quantile 0.76626) | LR 5.00e-05
2026-06-25 00:06:55,552 INFO Epoch 65 | Batch 750/1186 | Loss 4.15220 (NLL 4.22729 [logdet 1.35329, mahal 1.03612], L1 1.77821, Spectral 0.25280, Gradient 0.41853, Quantile 0.80439) | LR 5.00e-05
2026-06-25 00:06:58,568 INFO Epoch 65 | Batch 800/1186 | Loss 4.16868 (NLL 4.22772 [logdet 1.39546, mahal 0.99438], L1 1.79662, Spectral 0.25954, Gradient 0.42400, Quantile 0.78828) | LR 5.00e-05
2026-06-25 00:07:01,586 INFO Epoch 65 | Batch 850/1186 | Loss 4.19446 (NLL 4.24384 [logdet 1.41443, mahal 0.99154], L1 1.81333, Spectral 0.26352, Gradient 0.43852, Quantile 0.78797) | LR 5.00e-05
2026-06-25 00:07:04,604 INFO Epoch 65 | Batch 900/1186 | Loss 4.23158 (NLL 4.28351 [logdet 1.39271, mahal 1.05293], L1 1.82425, Spectral 0.26267, Gradient 0.43047, Quantile 0.81540) | LR 5.00e-05
2026-06-25 00:07:07,621 INFO Epoch 65 | Batch 950/1186 | Loss 4.14111 (NLL 4.21175 [logdet 1.35141, mahal 1.02246], L1 1.77468, Spectral 0.25503, Gradient 0.42670, Quantile 0.80280) | LR 5.00e-05
2026-06-25 00:07:10,637 INFO Epoch 65 | Batch 1000/1186 | Loss 4.13878 (NLL 4.23207 [logdet 1.36878, mahal 1.02542], L1 1.76806, Spectral 0.25305, Gradient 0.42299, Quantile 0.78064) | LR 5.00e-05
2026-06-25 00:07:13,654 INFO Epoch 65 | Batch 1050/1186 | Loss 4.09176 (NLL 4.19152 [logdet 1.36161, mahal 0.99204], L1 1.74104, Spectral 0.25408, Gradient 0.42683, Quantile 0.78061) | LR 5.00e-05
2026-06-25 00:07:16,668 INFO Epoch 65 | Batch 1100/1186 | Loss 4.15209 (NLL 4.22768 [logdet 1.35987, mahal 1.02993], L1 1.78431, Spectral 0.25563, Gradient 0.42091, Quantile 0.77480) | LR 5.00e-05
2026-06-25 00:07:19,684 INFO Epoch 65 | Batch 1150/1186 | Loss 4.21741 (NLL 4.26494 [logdet 1.39614, mahal 1.03093], L1 1.81930, Spectral 0.25837, Gradient 0.43093, Quantile 0.82028) | LR 5.00e-05
2026-06-25 00:07:26,818 INFO Epoch 65 | Val Loss 4.20899 (NLL 4.28587 [logdet 1.41562, mahal 1.03237], L1 1.79071, Spectral 0.25606, Gradient 0.42642, Quantile 0.86306)
2026-06-25 00:07:29,905 INFO Epoch 66 | Batch 50/1186 | Loss 4.20391 (NLL 4.24832 [logdet 1.41153, mahal 0.99892], L1 1.82068, Spectral 0.25634, Gradient 0.42974, Quantile 0.79524) | LR 5.00e-05
2026-06-25 00:07:32,932 INFO Epoch 66 | Batch 100/1186 | Loss 4.14138 (NLL 4.20852 [logdet 1.39213, mahal 0.97851], L1 1.77584, Spectral 0.26208, Gradient 0.43916, Quantile 0.79810) | LR 5.00e-05
2026-06-25 00:07:35,958 INFO Epoch 66 | Batch 150/1186 | Loss 4.13164 (NLL 4.21689 [logdet 1.34326, mahal 1.03576], L1 1.76829, Spectral 0.25167, Gradient 0.42207, Quantile 0.78300) | LR 5.00e-05
2026-06-25 00:07:38,985 INFO Epoch 66 | Batch 200/1186 | Loss 4.24342 (NLL 4.28911 [logdet 1.41121, mahal 1.04002], L1 1.83492, Spectral 0.26126, Gradient 0.42950, Quantile 0.81018) | LR 5.00e-05
2026-06-25 00:07:42,008 INFO Epoch 66 | Batch 250/1186 | Loss 4.19441 (NLL 4.25683 [logdet 1.41040, mahal 1.00855], L1 1.80668, Spectral 0.25715, Gradient 0.42920, Quantile 0.79537) | LR 5.00e-05
2026-06-25 00:07:45,035 INFO Epoch 66 | Batch 300/1186 | Loss 4.12330 (NLL 4.22148 [logdet 1.37084, mahal 1.01277], L1 1.76227, Spectral 0.25324, Gradient 0.42592, Quantile 0.76215) | LR 5.00e-05
2026-06-25 00:07:48,062 INFO Epoch 66 | Batch 350/1186 | Loss 4.24423 (NLL 4.29046 [logdet 1.41251, mahal 1.04008], L1 1.83483, Spectral 0.26166, Gradient 0.43461, Quantile 0.81057) | LR 5.00e-05
2026-06-25 00:07:51,085 INFO Epoch 66 | Batch 400/1186 | Loss 4.09508 (NLL 4.18167 [logdet 1.36196, mahal 0.98183], L1 1.75013, Spectral 0.25058, Gradient 0.41866, Quantile 0.78096) | LR 5.00e-05
2026-06-25 00:07:54,113 INFO Epoch 66 | Batch 450/1186 | Loss 4.16926 (NLL 4.23237 [logdet 1.35988, mahal 1.03462], L1 1.79217, Spectral 0.25469, Gradient 0.42149, Quantile 0.80471) | LR 5.00e-05
2026-06-25 00:07:57,139 INFO Epoch 66 | Batch 500/1186 | Loss 4.13938 (NLL 4.21104 [logdet 1.33817, mahal 1.03500], L1 1.77688, Spectral 0.25875, Gradient 0.43133, Quantile 0.78389) | LR 5.00e-05
2026-06-25 00:08:00,165 INFO Epoch 66 | Batch 550/1186 | Loss 4.19607 (NLL 4.26999 [logdet 1.40734, mahal 1.02478], L1 1.80241, Spectral 0.25592, Gradient 0.42960, Quantile 0.79394) | LR 5.00e-05
2026-06-25 00:08:03,193 INFO Epoch 66 | Batch 600/1186 | Loss 4.09386 (NLL 4.17211 [logdet 1.38443, mahal 0.94980], L1 1.75036, Spectral 0.26116, Gradient 0.42905, Quantile 0.78334) | LR 5.00e-05
2026-06-25 00:08:06,220 INFO Epoch 66 | Batch 650/1186 | Loss 4.19143 (NLL 4.23640 [logdet 1.34567, mahal 1.05285], L1 1.80925, Spectral 0.26512, Gradient 0.43716, Quantile 0.80608) | LR 5.00e-05
2026-06-25 00:08:09,245 INFO Epoch 66 | Batch 700/1186 | Loss 4.26844 (NLL 4.29353 [logdet 1.41798, mahal 1.03767], L1 1.85847, Spectral 0.25914, Gradient 0.43566, Quantile 0.80929) | LR 5.00e-05
2026-06-25 00:08:12,271 INFO Epoch 66 | Batch 750/1186 | Loss 4.22068 (NLL 4.29368 [logdet 1.39031, mahal 1.06549], L1 1.81037, Spectral 0.25488, Gradient 0.43160, Quantile 0.81502) | LR 5.00e-05
2026-06-25 00:08:15,297 INFO Epoch 66 | Batch 800/1186 | Loss 4.23926 (NLL 4.26715 [logdet 1.44301, mahal 0.98627], L1 1.84112, Spectral 0.25823, Gradient 0.42951, Quantile 0.81600) | LR 5.00e-05
2026-06-25 00:08:18,320 INFO Epoch 66 | Batch 850/1186 | Loss 4.09144 (NLL 4.19799 [logdet 1.36072, mahal 0.99940], L1 1.73784, Spectral 0.25336, Gradient 0.41674, Quantile 0.78000) | LR 5.00e-05
2026-06-25 00:08:21,348 INFO Epoch 66 | Batch 900/1186 | Loss 4.14052 (NLL 4.22662 [logdet 1.36417, mahal 1.02457], L1 1.77131, Spectral 0.26008, Gradient 0.42687, Quantile 0.77810) | LR 5.00e-05
2026-06-25 00:08:24,373 INFO Epoch 66 | Batch 950/1186 | Loss 4.11711 (NLL 4.19083 [logdet 1.34147, mahal 1.01148], L1 1.76393, Spectral 0.26284, Gradient 0.43322, Quantile 0.78278) | LR 5.00e-05
2026-06-25 00:08:27,395 INFO Epoch 66 | Batch 1000/1186 | Loss 4.02616 (NLL 4.12639 [logdet 1.29591, mahal 0.99260], L1 1.71343, Spectral 0.25201, Gradient 0.42079, Quantile 0.76039) | LR 5.00e-05
2026-06-25 00:08:30,420 INFO Epoch 66 | Batch 1050/1186 | Loss 4.16843 (NLL 4.25815 [logdet 1.35949, mahal 1.06078], L1 1.78254, Spectral 0.25648, Gradient 0.42289, Quantile 0.78577) | LR 5.00e-05
2026-06-25 00:08:33,445 INFO Epoch 66 | Batch 1100/1186 | Loss 4.16939 (NLL 4.24203 [logdet 1.36193, mahal 1.04223], L1 1.78529, Spectral 0.25493, Gradient 0.42626, Quantile 0.81340) | LR 5.00e-05
2026-06-25 00:08:36,470 INFO Epoch 66 | Batch 1150/1186 | Loss 4.13889 (NLL 4.20515 [logdet 1.38169, mahal 0.98558], L1 1.77680, Spectral 0.25804, Gradient 0.42824, Quantile 0.79526) | LR 5.00e-05
2026-06-25 00:08:43,617 INFO Epoch 66 | Val Loss 4.20449 (NLL 4.27669 [logdet 1.38504, mahal 1.05377], L1 1.79091, Spectral 0.25615, Gradient 0.42707, Quantile 0.86251)
2026-06-25 00:08:46,692 INFO Epoch 67 | Batch 50/1186 | Loss 4.10624 (NLL 4.19700 [logdet 1.34375, mahal 1.01538], L1 1.75123, Spectral 0.25003, Gradient 0.42334, Quantile 0.79146) | LR 5.00e-05
2026-06-25 00:08:49,721 INFO Epoch 67 | Batch 100/1186 | Loss 4.19739 (NLL 4.25758 [logdet 1.36306, mahal 1.05665], L1 1.81260, Spectral 0.24909, Gradient 0.42475, Quantile 0.79031) | LR 5.00e-05
2026-06-25 00:08:52,747 INFO Epoch 67 | Batch 150/1186 | Loss 4.21351 (NLL 4.25545 [logdet 1.39600, mahal 1.02158], L1 1.81897, Spectral 0.25961, Gradient 0.43687, Quantile 0.82373) | LR 5.00e-05
2026-06-25 00:08:55,776 INFO Epoch 67 | Batch 200/1186 | Loss 4.10578 (NLL 4.18950 [logdet 1.36747, mahal 0.98415], L1 1.75508, Spectral 0.26138, Gradient 0.43436, Quantile 0.77684) | LR 5.00e-05
2026-06-25 00:08:58,803 INFO Epoch 67 | Batch 250/1186 | Loss 4.12698 (NLL 4.19906 [logdet 1.35705, mahal 1.00413], L1 1.77338, Spectral 0.24717, Gradient 0.41659, Quantile 0.78444) | LR 5.00e-05
2026-06-25 00:09:01,829 INFO Epoch 67 | Batch 300/1186 | Loss 4.10395 (NLL 4.20062 [logdet 1.33379, mahal 1.02895], L1 1.74941, Spectral 0.25740, Gradient 0.42741, Quantile 0.77402) | LR 5.00e-05
2026-06-25 00:09:04,857 INFO Epoch 67 | Batch 350/1186 | Loss 4.14669 (NLL 4.23359 [logdet 1.36292, mahal 1.03279], L1 1.77495, Spectral 0.25595, Gradient 0.43048, Quantile 0.77850) | LR 5.00e-05
2026-06-25 00:09:07,883 INFO Epoch 67 | Batch 400/1186 | Loss 4.10161 (NLL 4.19635 [logdet 1.35276, mahal 1.00571], L1 1.74772, Spectral 0.25660, Gradient 0.42299, Quantile 0.78109) | LR 5.00e-05
2026-06-25 00:09:10,914 INFO Epoch 67 | Batch 450/1186 | Loss 4.11383 (NLL 4.19623 [logdet 1.33026, mahal 1.02809], L1 1.76018, Spectral 0.25946, Gradient 0.42787, Quantile 0.77720) | LR 5.00e-05
2026-06-25 00:09:13,942 INFO Epoch 67 | Batch 500/1186 | Loss 4.27827 (NLL 4.31882 [logdet 1.43120, mahal 1.04975], L1 1.85026, Spectral 0.26306, Gradient 0.43725, Quantile 0.82745) | LR 5.00e-05
2026-06-25 00:09:16,972 INFO Epoch 67 | Batch 550/1186 | Loss 4.21735 (NLL 4.25929 [logdet 1.37930, mahal 1.04211], L1 1.82354, Spectral 0.26412, Gradient 0.43240, Quantile 0.80798) | LR 5.00e-05
2026-06-25 00:09:19,998 INFO Epoch 67 | Batch 600/1186 | Loss 4.08646 (NLL 4.19130 [logdet 1.32928, mahal 1.02414], L1 1.73646, Spectral 0.25670, Gradient 0.42415, Quantile 0.77532) | LR 5.00e-05
2026-06-25 00:09:23,027 INFO Epoch 67 | Batch 650/1186 | Loss 4.24211 (NLL 4.27426 [logdet 1.42588, mahal 1.01050], L1 1.83681, Spectral 0.25926, Gradient 0.43147, Quantile 0.82982) | LR 5.00e-05
2026-06-25 00:09:26,054 INFO Epoch 67 | Batch 700/1186 | Loss 4.18022 (NLL 4.24060 [logdet 1.38776, mahal 1.01497], L1 1.80462, Spectral 0.25677, Gradient 0.42632, Quantile 0.77915) | LR 5.00e-05
2026-06-25 00:09:29,080 INFO Epoch 67 | Batch 750/1186 | Loss 4.20556 (NLL 4.24651 [logdet 1.40488, mahal 1.00374], L1 1.82362, Spectral 0.25722, Gradient 0.42713, Quantile 0.79274) | LR 5.00e-05
2026-06-25 00:09:32,109 INFO Epoch 67 | Batch 800/1186 | Loss 4.17886 (NLL 4.24054 [logdet 1.37739, mahal 1.02528], L1 1.79551, Spectral 0.25798, Gradient 0.42721, Quantile 0.81012) | LR 5.00e-05
2026-06-25 00:09:35,136 INFO Epoch 67 | Batch 850/1186 | Loss 4.06431 (NLL 4.16647 [logdet 1.32569, mahal 1.00290], L1 1.73031, Spectral 0.25562, Gradient 0.42156, Quantile 0.76161) | LR 5.00e-05
2026-06-25 00:09:38,166 INFO Epoch 67 | Batch 900/1186 | Loss 4.27039 (NLL 4.31484 [logdet 1.42023, mahal 1.05674], L1 1.84794, Spectral 0.26487, Gradient 0.43821, Quantile 0.81068) | LR 5.00e-05
2026-06-25 00:09:41,194 INFO Epoch 67 | Batch 950/1186 | Loss 4.15509 (NLL 4.23478 [logdet 1.39582, mahal 1.00108], L1 1.78252, Spectral 0.25287, Gradient 0.42897, Quantile 0.78280) | LR 5.00e-05
2026-06-25 00:09:44,221 INFO Epoch 67 | Batch 1000/1186 | Loss 4.27020 (NLL 4.29424 [logdet 1.39125, mahal 1.06511], L1 1.85593, Spectral 0.26425, Gradient 0.43591, Quantile 0.82019) | LR 5.00e-05
2026-06-25 00:09:47,249 INFO Epoch 67 | Batch 1050/1186 | Loss 4.11652 (NLL 4.21119 [logdet 1.36034, mahal 1.01297], L1 1.75631, Spectral 0.25941, Gradient 0.42877, Quantile 0.77348) | LR 5.00e-05
2026-06-25 00:09:50,276 INFO Epoch 67 | Batch 1100/1186 | Loss 4.15281 (NLL 4.23096 [logdet 1.39286, mahal 1.00023], L1 1.78267, Spectral 0.25246, Gradient 0.42044, Quantile 0.78119) | LR 5.00e-05
2026-06-25 00:09:53,304 INFO Epoch 67 | Batch 1150/1186 | Loss 4.13984 (NLL 4.20596 [logdet 1.35152, mahal 1.01656], L1 1.77856, Spectral 0.25927, Gradient 0.43119, Quantile 0.78889) | LR 5.00e-05
2026-06-25 00:10:00,459 INFO Epoch 67 | Val Loss 4.20316 (NLL 4.28849 [logdet 1.34256, mahal 1.10806], L1 1.78854, Spectral 0.25626, Gradient 0.42711, Quantile 0.84223)
2026-06-25 00:10:03,522 INFO Epoch 68 | Batch 50/1186 | Loss 4.10870 (NLL 4.19399 [logdet 1.34017, mahal 1.01594], L1 1.75291, Spectral 0.25616, Gradient 0.42518, Quantile 0.79433) | LR 5.00e-05
2026-06-25 00:10:06,534 INFO Epoch 68 | Batch 100/1186 | Loss 4.07231 (NLL 4.16377 [logdet 1.31632, mahal 1.00957], L1 1.73821, Spectral 0.26384, Gradient 0.43131, Quantile 0.75871) | LR 5.00e-05
2026-06-25 00:10:09,545 INFO Epoch 68 | Batch 150/1186 | Loss 4.23479 (NLL 4.28076 [logdet 1.38633, mahal 1.05655], L1 1.82887, Spectral 0.25868, Gradient 0.43413, Quantile 0.81948) | LR 5.00e-05
2026-06-25 00:10:12,559 INFO Epoch 68 | Batch 200/1186 | Loss 4.12111 (NLL 4.21195 [logdet 1.38567, mahal 0.98840], L1 1.76138, Spectral 0.26546, Gradient 0.43337, Quantile 0.76335) | LR 5.00e-05
2026-06-25 00:10:15,572 INFO Epoch 68 | Batch 250/1186 | Loss 4.16306 (NLL 4.24332 [logdet 1.34307, mahal 1.06237], L1 1.78055, Spectral 0.25936, Gradient 0.42774, Quantile 0.79939) | LR 5.00e-05
2026-06-25 00:10:18,583 INFO Epoch 68 | Batch 300/1186 | Loss 4.16961 (NLL 4.23899 [logdet 1.38986, mahal 1.01126], L1 1.79154, Spectral 0.25605, Gradient 0.42691, Quantile 0.79348) | LR 5.00e-05
2026-06-25 00:10:21,596 INFO Epoch 68 | Batch 350/1186 | Loss 4.17472 (NLL 4.23127 [logdet 1.36965, mahal 1.02375], L1 1.79709, Spectral 0.25883, Gradient 0.42848, Quantile 0.80472) | LR 5.00e-05
2026-06-25 00:10:24,606 INFO Epoch 68 | Batch 400/1186 | Loss 4.22563 (NLL 4.27640 [logdet 1.38926, mahal 1.04926], L1 1.82528, Spectral 0.25514, Gradient 0.42333, Quantile 0.80935) | LR 5.00e-05
2026-06-25 00:10:27,615 INFO Epoch 68 | Batch 450/1186 | Loss 4.17233 (NLL 4.23503 [logdet 1.38872, mahal 1.00844], L1 1.79602, Spectral 0.25086, Gradient 0.42508, Quantile 0.79999) | LR 5.00e-05
2026-06-25 00:10:30,624 INFO Epoch 68 | Batch 500/1186 | Loss 4.24234 (NLL 4.29730 [logdet 1.42452, mahal 1.03491], L1 1.83324, Spectral 0.26125, Gradient 0.43015, Quantile 0.79570) | LR 5.00e-05
2026-06-25 00:10:33,633 INFO Epoch 68 | Batch 550/1186 | Loss 4.15126 (NLL 4.21871 [logdet 1.42255, mahal 0.95829], L1 1.78390, Spectral 0.25590, Gradient 0.42393, Quantile 0.79132) | LR 5.00e-05
2026-06-25 00:10:36,645 INFO Epoch 68 | Batch 600/1186 | Loss 4.16683 (NLL 4.21215 [logdet 1.35425, mahal 1.02002], L1 1.79942, Spectral 0.25991, Gradient 0.42828, Quantile 0.80078) | LR 5.00e-05
2026-06-25 00:10:39,651 INFO Epoch 68 | Batch 650/1186 | Loss 4.10007 (NLL 4.19958 [logdet 1.33530, mahal 1.02640], L1 1.74600, Spectral 0.25429, Gradient 0.42082, Quantile 0.77762) | LR 5.00e-05
2026-06-25 00:10:42,663 INFO Epoch 68 | Batch 700/1186 | Loss 4.12307 (NLL 4.19443 [logdet 1.32716, mahal 1.02940], L1 1.77074, Spectral 0.24947, Gradient 0.41925, Quantile 0.78627) | LR 5.00e-05
2026-06-25 00:10:45,666 INFO Epoch 68 | Batch 750/1186 | Loss 4.12176 (NLL 4.21861 [logdet 1.36947, mahal 1.01126], L1 1.76313, Spectral 0.25166, Gradient 0.42229, Quantile 0.75992) | LR 5.00e-05
2026-06-25 00:10:48,664 INFO Epoch 68 | Batch 800/1186 | Loss 4.20485 (NLL 4.26043 [logdet 1.37402, mahal 1.04854], L1 1.81193, Spectral 0.25935, Gradient 0.43395, Quantile 0.80705) | LR 5.00e-05
2026-06-25 00:10:51,663 INFO Epoch 68 | Batch 850/1186 | Loss 4.11731 (NLL 4.20436 [logdet 1.36897, mahal 0.99751], L1 1.75399, Spectral 0.25675, Gradient 0.42179, Quantile 0.80343) | LR 5.00e-05
2026-06-25 00:10:54,662 INFO Epoch 68 | Batch 900/1186 | Loss 4.24168 (NLL 4.27385 [logdet 1.41304, mahal 1.02293], L1 1.84439, Spectral 0.25819, Gradient 0.43037, Quantile 0.79858) | LR 5.00e-05
2026-06-25 00:10:57,662 INFO Epoch 68 | Batch 950/1186 | Loss 4.27968 (NLL 4.31558 [logdet 1.44627, mahal 1.03143], L1 1.85528, Spectral 0.25872, Gradient 0.43439, Quantile 0.82393) | LR 5.00e-05
2026-06-25 00:11:00,661 INFO Epoch 68 | Batch 1000/1186 | Loss 4.14444 (NLL 4.22316 [logdet 1.37671, mahal 1.00857], L1 1.77187, Spectral 0.25613, Gradient 0.43358, Quantile 0.80337) | LR 5.00e-05
2026-06-25 00:11:03,660 INFO Epoch 68 | Batch 1050/1186 | Loss 4.15682 (NLL 4.22571 [logdet 1.37425, mahal 1.01358], L1 1.78704, Spectral 0.26156, Gradient 0.43544, Quantile 0.78067) | LR 5.00e-05
2026-06-25 00:11:06,658 INFO Epoch 68 | Batch 1100/1186 | Loss 4.18016 (NLL 4.24291 [logdet 1.38683, mahal 1.01821], L1 1.79892, Spectral 0.25696, Gradient 0.42949, Quantile 0.79751) | LR 5.00e-05
2026-06-25 00:11:09,658 INFO Epoch 68 | Batch 1150/1186 | Loss 4.15710 (NLL 4.22151 [logdet 1.36245, mahal 1.02118], L1 1.78358, Spectral 0.26026, Gradient 0.43842, Quantile 0.80621) | LR 5.00e-05
2026-06-25 00:11:16,727 INFO Epoch 68 | Val Loss 4.20416 (NLL 4.28691 [logdet 1.33455, mahal 1.11449], L1 1.78607, Spectral 0.25622, Gradient 0.42704, Quantile 0.85996)
2026-06-25 00:11:19,798 INFO Epoch 69 | Batch 50/1186 | Loss 4.16824 (NLL 4.23955 [logdet 1.35023, mahal 1.05145], L1 1.79380, Spectral 0.26477, Gradient 0.43502, Quantile 0.76784) | LR 5.00e-05
2026-06-25 00:11:22,810 INFO Epoch 69 | Batch 100/1186 | Loss 4.15160 (NLL 4.22758 [logdet 1.37086, mahal 1.01885], L1 1.77699, Spectral 0.25179, Gradient 0.42488, Quantile 0.80741) | LR 5.00e-05
2026-06-25 00:11:25,817 INFO Epoch 69 | Batch 150/1186 | Loss 4.11325 (NLL 4.20346 [logdet 1.37605, mahal 0.98953], L1 1.75332, Spectral 0.25480, Gradient 0.42982, Quantile 0.79323) | LR 5.00e-05
2026-06-25 00:11:28,830 INFO Epoch 69 | Batch 200/1186 | Loss 4.05349 (NLL 4.16397 [logdet 1.35514, mahal 0.97096], L1 1.72134, Spectral 0.25306, Gradient 0.42288, Quantile 0.76186) | LR 5.00e-05
2026-06-25 00:11:31,838 INFO Epoch 69 | Batch 250/1186 | Loss 4.17879 (NLL 4.25959 [logdet 1.31541, mahal 1.10630], L1 1.79190, Spectral 0.25305, Gradient 0.42150, Quantile 0.79065) | LR 5.00e-05
2026-06-25 00:11:34,851 INFO Epoch 69 | Batch 300/1186 | Loss 4.12423 (NLL 4.21645 [logdet 1.38187, mahal 0.99670], L1 1.75969, Spectral 0.25527, Gradient 0.42238, Quantile 0.78502) | LR 5.00e-05
2026-06-25 00:11:37,862 INFO Epoch 69 | Batch 350/1186 | Loss 4.15538 (NLL 4.23199 [logdet 1.38491, mahal 1.00920], L1 1.78635, Spectral 0.25351, Gradient 0.43100, Quantile 0.77316) | LR 5.00e-05
2026-06-25 00:11:40,873 INFO Epoch 69 | Batch 400/1186 | Loss 4.26431 (NLL 4.29037 [logdet 1.43787, mahal 1.01463], L1 1.85165, Spectral 0.26198, Gradient 0.43702, Quantile 0.82396) | LR 5.00e-05
2026-06-25 00:11:43,888 INFO Epoch 69 | Batch 450/1186 | Loss 4.11592 (NLL 4.19164 [logdet 1.37349, mahal 0.98028], L1 1.76503, Spectral 0.25235, Gradient 0.42482, Quantile 0.78296) | LR 5.00e-05
2026-06-25 00:11:46,895 INFO Epoch 69 | Batch 500/1186 | Loss 4.14472 (NLL 4.21271 [logdet 1.33190, mahal 1.04293], L1 1.77984, Spectral 0.25437, Gradient 0.42244, Quantile 0.79516) | LR 5.00e-05
2026-06-25 00:11:49,909 INFO Epoch 69 | Batch 550/1186 | Loss 4.13279 (NLL 4.20591 [logdet 1.34812, mahal 1.01991], L1 1.77108, Spectral 0.26192, Gradient 0.43063, Quantile 0.78791) | LR 5.00e-05
2026-06-25 00:11:52,919 INFO Epoch 69 | Batch 600/1186 | Loss 4.12918 (NLL 4.20201 [logdet 1.35393, mahal 1.01020], L1 1.77147, Spectral 0.25597, Gradient 0.42761, Quantile 0.78583) | LR 5.00e-05
2026-06-25 00:11:55,926 INFO Epoch 69 | Batch 650/1186 | Loss 4.15783 (NLL 4.22267 [logdet 1.36773, mahal 1.01707], L1 1.78740, Spectral 0.25672, Gradient 0.42569, Quantile 0.79494) | LR 5.00e-05
2026-06-25 00:11:58,935 INFO Epoch 69 | Batch 700/1186 | Loss 4.19029 (NLL 4.25397 [logdet 1.37916, mahal 1.03693], L1 1.80101, Spectral 0.26748, Gradient 0.44376, Quantile 0.79649) | LR 5.00e-05
2026-06-25 00:12:01,946 INFO Epoch 69 | Batch 750/1186 | Loss 4.11917 (NLL 4.21799 [logdet 1.37752, mahal 1.00260], L1 1.75790, Spectral 0.25532, Gradient 0.43287, Quantile 0.76805) | LR 5.00e-05
2026-06-25 00:12:04,958 INFO Epoch 69 | Batch 800/1186 | Loss 4.16627 (NLL 4.23636 [logdet 1.37079, mahal 1.02769], L1 1.78854, Spectral 0.25588, Gradient 0.42822, Quantile 0.79772) | LR 5.00e-05
2026-06-25 00:12:07,970 INFO Epoch 69 | Batch 850/1186 | Loss 4.20324 (NLL 4.26023 [logdet 1.40268, mahal 1.01967], L1 1.80941, Spectral 0.25650, Gradient 0.43403, Quantile 0.81425) | LR 5.00e-05
2026-06-25 00:12:10,983 INFO Epoch 69 | Batch 900/1186 | Loss 4.09971 (NLL 4.20167 [logdet 1.35084, mahal 1.01295], L1 1.74947, Spectral 0.25353, Gradient 0.41917, Quantile 0.75827) | LR 5.00e-05
2026-06-25 00:12:13,993 INFO Epoch 69 | Batch 950/1186 | Loss 4.12878 (NLL 4.20666 [logdet 1.34471, mahal 1.02407], L1 1.76850, Spectral 0.25853, Gradient 0.42417, Quantile 0.78414) | LR 5.00e-05
2026-06-25 00:12:17,002 INFO Epoch 69 | Batch 1000/1186 | Loss 4.19054 (NLL 4.24436 [logdet 1.37247, mahal 1.03402], L1 1.80575, Spectral 0.26907, Gradient 0.43261, Quantile 0.79623) | LR 5.00e-05
2026-06-25 00:12:20,014 INFO Epoch 69 | Batch 1050/1186 | Loss 4.22322 (NLL 4.26841 [logdet 1.40886, mahal 1.02167], L1 1.82695, Spectral 0.25584, Gradient 0.43195, Quantile 0.80816) | LR 5.00e-05
2026-06-25 00:12:23,023 INFO Epoch 69 | Batch 1100/1186 | Loss 4.18482 (NLL 4.24658 [logdet 1.39042, mahal 1.01828], L1 1.80694, Spectral 0.25119, Gradient 0.41997, Quantile 0.78224) | LR 5.00e-05
2026-06-25 00:12:26,038 INFO Epoch 69 | Batch 1150/1186 | Loss 4.19639 (NLL 4.23824 [logdet 1.37735, mahal 1.02301], L1 1.81545, Spectral 0.26203, Gradient 0.42924, Quantile 0.80055) | LR 5.00e-05
2026-06-25 00:12:33,146 INFO Epoch 69 | Val Loss 4.21577 (NLL 4.28142 [logdet 1.41005, mahal 1.03348], L1 1.79517, Spectral 0.25621, Gradient 0.42758, Quantile 0.88179)
2026-06-25 00:12:36,232 INFO Epoch 70 | Batch 50/1186 | Loss 4.25632 (NLL 4.27756 [logdet 1.42915, mahal 1.01054], L1 1.84759, Spectral 0.26492, Gradient 0.43751, Quantile 0.83107) | LR 5.00e-05
2026-06-25 00:12:39,243 INFO Epoch 70 | Batch 100/1186 | Loss 4.08993 (NLL 4.17956 [logdet 1.35753, mahal 0.98416], L1 1.74506, Spectral 0.25482, Gradient 0.42909, Quantile 0.78033) | LR 5.00e-05
2026-06-25 00:12:42,253 INFO Epoch 70 | Batch 150/1186 | Loss 4.16121 (NLL 4.22683 [logdet 1.32621, mahal 1.06275], L1 1.78451, Spectral 0.25512, Gradient 0.42441, Quantile 0.81406) | LR 5.00e-05
2026-06-25 00:12:45,265 INFO Epoch 70 | Batch 200/1186 | Loss 4.09383 (NLL 4.20496 [logdet 1.37462, mahal 0.99246], L1 1.73781, Spectral 0.25797, Gradient 0.42905, Quantile 0.77054) | LR 5.00e-05
2026-06-25 00:12:48,277 INFO Epoch 70 | Batch 250/1186 | Loss 4.15300 (NLL 4.21010 [logdet 1.39118, mahal 0.98104], L1 1.78980, Spectral 0.26070, Gradient 0.43438, Quantile 0.78668) | LR 5.00e-05
2026-06-25 00:12:51,290 INFO Epoch 70 | Batch 300/1186 | Loss 4.27510 (NLL 4.27356 [logdet 1.37598, mahal 1.05971], L1 1.86520, Spectral 0.25883, Gradient 0.42976, Quantile 0.85083) | LR 5.00e-05
2026-06-25 00:12:54,305 INFO Epoch 70 | Batch 350/1186 | Loss 4.10122 (NLL 4.19272 [logdet 1.34346, mahal 1.01139], L1 1.74970, Spectral 0.25314, Gradient 0.41650, Quantile 0.78253) | LR 5.00e-05
2026-06-25 00:12:57,317 INFO Epoch 70 | Batch 400/1186 | Loss 4.11119 (NLL 4.18399 [logdet 1.33699, mahal 1.00912], L1 1.76360, Spectral 0.25587, Gradient 0.43120, Quantile 0.78125) | LR 5.00e-05
2026-06-25 00:13:00,331 INFO Epoch 70 | Batch 450/1186 | Loss 4.07268 (NLL 4.17881 [logdet 1.34167, mahal 0.99926], L1 1.73307, Spectral 0.25581, Gradient 0.42343, Quantile 0.75909) | LR 5.00e-05
2026-06-25 00:13:03,345 INFO Epoch 70 | Batch 500/1186 | Loss 4.16081 (NLL 4.23184 [logdet 1.34730, mahal 1.04666], L1 1.78474, Spectral 0.25859, Gradient 0.42969, Quantile 0.79726) | LR 5.00e-05
2026-06-25 00:13:06,353 INFO Epoch 70 | Batch 550/1186 | Loss 4.10128 (NLL 4.21162 [logdet 1.35011, mahal 1.02364], L1 1.74200, Spectral 0.25654, Gradient 0.42305, Quantile 0.77185) | LR 5.00e-05
2026-06-25 00:13:09,366 INFO Epoch 70 | Batch 600/1186 | Loss 4.14631 (NLL 4.19838 [logdet 1.35561, mahal 1.00490], L1 1.78807, Spectral 0.25906, Gradient 0.43116, Quantile 0.79217) | LR 5.00e-05
2026-06-25 00:13:12,377 INFO Epoch 70 | Batch 650/1186 | Loss 4.11790 (NLL 4.20703 [logdet 1.35296, mahal 1.01619], L1 1.75844, Spectral 0.25616, Gradient 0.42942, Quantile 0.78243) | LR 5.00e-05
2026-06-25 00:13:15,386 INFO Epoch 70 | Batch 700/1186 | Loss 4.19946 (NLL 4.26909 [logdet 1.39432, mahal 1.03690], L1 1.80592, Spectral 0.25946, Gradient 0.43506, Quantile 0.79149) | LR 5.00e-05
2026-06-25 00:13:18,401 INFO Epoch 70 | Batch 750/1186 | Loss 4.20084 (NLL 4.26448 [logdet 1.38486, mahal 1.04174], L1 1.80848, Spectral 0.25833, Gradient 0.42459, Quantile 0.79752) | LR 5.00e-05
2026-06-25 00:13:21,411 INFO Epoch 70 | Batch 800/1186 | Loss 4.16968 (NLL 4.22512 [logdet 1.38218, mahal 1.00506], L1 1.79187, Spectral 0.26180, Gradient 0.42530, Quantile 0.81506) | LR 5.00e-05
2026-06-25 00:13:24,419 INFO Epoch 70 | Batch 850/1186 | Loss 4.26571 (NLL 4.30255 [logdet 1.41980, mahal 1.04487], L1 1.85123, Spectral 0.26256, Gradient 0.43761, Quantile 0.80561) | LR 5.00e-05
2026-06-25 00:13:27,427 INFO Epoch 70 | Batch 900/1186 | Loss 4.15703 (NLL 4.22317 [logdet 1.37728, mahal 1.00802], L1 1.78686, Spectral 0.25701, Gradient 0.42856, Quantile 0.79248) | LR 5.00e-05
2026-06-25 00:13:30,438 INFO Epoch 70 | Batch 950/1186 | Loss 4.14076 (NLL 4.23767 [logdet 1.38132, mahal 1.01847], L1 1.76997, Spectral 0.25141, Gradient 0.42464, Quantile 0.77102) | LR 5.00e-05
2026-06-25 00:13:33,451 INFO Epoch 70 | Batch 1000/1186 | Loss 4.21291 (NLL 4.26200 [logdet 1.41900, mahal 1.00513], L1 1.81511, Spectral 0.26232, Gradient 0.43955, Quantile 0.82076) | LR 5.00e-05
2026-06-25 00:13:36,462 INFO Epoch 70 | Batch 1050/1186 | Loss 4.19626 (NLL 4.26628 [logdet 1.39854, mahal 1.02986], L1 1.80873, Spectral 0.25883, Gradient 0.43395, Quantile 0.77307) | LR 5.00e-05
2026-06-25 00:13:39,474 INFO Epoch 70 | Batch 1100/1186 | Loss 4.22201 (NLL 4.26780 [logdet 1.40384, mahal 1.02608], L1 1.82544, Spectral 0.25379, Gradient 0.43165, Quantile 0.81284) | LR 5.00e-05
2026-06-25 00:13:42,479 INFO Epoch 70 | Batch 1150/1186 | Loss 4.16193 (NLL 4.23853 [logdet 1.37503, mahal 1.02562], L1 1.78403, Spectral 0.25576, Gradient 0.42180, Quantile 0.79416) | LR 5.00e-05
2026-06-25 00:13:49,612 INFO Epoch 70 | Val Loss 4.20133 (NLL 4.28655 [logdet 1.28891, mahal 1.15977], L1 1.78375, Spectral 0.25588, Gradient 0.42680, Quantile 0.85894)
2026-06-25 00:13:52,685 INFO Epoch 71 | Batch 50/1186 | Loss 4.11977 (NLL 4.21226 [logdet 1.34820, mahal 1.02618], L1 1.76261, Spectral 0.25695, Gradient 0.42393, Quantile 0.76125) | LR 5.00e-05
2026-06-25 00:13:55,693 INFO Epoch 71 | Batch 100/1186 | Loss 4.18508 (NLL 4.24558 [logdet 1.37605, mahal 1.03166], L1 1.80068, Spectral 0.25916, Gradient 0.43023, Quantile 0.80268) | LR 5.00e-05
2026-06-25 00:13:58,705 INFO Epoch 71 | Batch 150/1186 | Loss 4.27760 (NLL 4.30721 [logdet 1.43564, mahal 1.03370], L1 1.85261, Spectral 0.26125, Gradient 0.43803, Quantile 0.84094) | LR 5.00e-05
2026-06-25 00:14:01,712 INFO Epoch 71 | Batch 200/1186 | Loss 4.17252 (NLL 4.25087 [logdet 1.39593, mahal 1.01706], L1 1.78776, Spectral 0.26025, Gradient 0.42436, Quantile 0.79216) | LR 5.00e-05
2026-06-25 00:14:04,726 INFO Epoch 71 | Batch 250/1186 | Loss 4.02856 (NLL 4.15036 [logdet 1.30740, mahal 1.00507], L1 1.70443, Spectral 0.24708, Gradient 0.41941, Quantile 0.76325) | LR 5.00e-05
2026-06-25 00:14:07,732 INFO Epoch 71 | Batch 300/1186 | Loss 4.13017 (NLL 4.20519 [logdet 1.34958, mahal 1.01774], L1 1.77299, Spectral 0.25594, Gradient 0.42640, Quantile 0.77704) | LR 5.00e-05
2026-06-25 00:14:10,743 INFO Epoch 71 | Batch 350/1186 | Loss 4.20783 (NLL 4.26818 [logdet 1.39813, mahal 1.03218], L1 1.81104, Spectral 0.25842, Gradient 0.43305, Quantile 0.80800) | LR 5.00e-05
2026-06-25 00:14:13,746 INFO Epoch 71 | Batch 400/1186 | Loss 4.20773 (NLL 4.25454 [logdet 1.42641, mahal 0.99026], L1 1.81740, Spectral 0.25871, Gradient 0.43349, Quantile 0.80919) | LR 5.00e-05
2026-06-25 00:14:16,757 INFO Epoch 71 | Batch 450/1186 | Loss 4.21468 (NLL 4.26484 [logdet 1.41012, mahal 1.01684], L1 1.82496, Spectral 0.25807, Gradient 0.42835, Quantile 0.78601) | LR 5.00e-05
2026-06-25 00:14:19,764 INFO Epoch 71 | Batch 500/1186 | Loss 4.16820 (NLL 4.22720 [logdet 1.35208, mahal 1.03725], L1 1.79240, Spectral 0.25827, Gradient 0.42419, Quantile 0.80618) | LR 5.00e-05
2026-06-25 00:14:22,775 INFO Epoch 71 | Batch 550/1186 | Loss 4.19400 (NLL 4.25946 [logdet 1.39926, mahal 1.02232], L1 1.80604, Spectral 0.24851, Gradient 0.41918, Quantile 0.80027) | LR 5.00e-05
2026-06-25 00:14:25,779 INFO Epoch 71 | Batch 600/1186 | Loss 4.09348 (NLL 4.18733 [logdet 1.34499, mahal 1.00446], L1 1.75088, Spectral 0.25186, Gradient 0.42284, Quantile 0.75804) | LR 5.00e-05
2026-06-25 00:14:28,785 INFO Epoch 71 | Batch 650/1186 | Loss 4.20575 (NLL 4.26144 [logdet 1.38683, mahal 1.03673], L1 1.80973, Spectral 0.25995, Gradient 0.43178, Quantile 0.81717) | LR 5.00e-05
2026-06-25 00:14:31,789 INFO Epoch 71 | Batch 700/1186 | Loss 4.19993 (NLL 4.24526 [logdet 1.38905, mahal 1.01833], L1 1.81478, Spectral 0.26133, Gradient 0.43457, Quantile 0.80411) | LR 5.00e-05
2026-06-25 00:14:34,788 INFO Epoch 71 | Batch 750/1186 | Loss 4.10930 (NLL 4.18732 [logdet 1.32316, mahal 1.02628], L1 1.75744, Spectral 0.25804, Gradient 0.43121, Quantile 0.78972) | LR 5.00e-05
2026-06-25 00:14:37,787 INFO Epoch 71 | Batch 800/1186 | Loss 4.19927 (NLL 4.26007 [logdet 1.41116, mahal 1.01103], L1 1.81018, Spectral 0.26196, Gradient 0.43516, Quantile 0.78903) | LR 5.00e-05
2026-06-25 00:14:40,781 INFO Epoch 71 | Batch 850/1186 | Loss 4.12733 (NLL 4.20283 [logdet 1.35849, mahal 1.00646], L1 1.76410, Spectral 0.25754, Gradient 0.42553, Quantile 0.80536) | LR 5.00e-05
2026-06-25 00:14:43,761 INFO Epoch 71 | Batch 900/1186 | Loss 4.01624 (NLL 4.14551 [logdet 1.28313, mahal 1.02450], L1 1.69779, Spectral 0.25418, Gradient 0.42018, Quantile 0.74215) | LR 5.00e-05
2026-06-25 00:14:46,740 INFO Epoch 71 | Batch 950/1186 | Loss 4.00628 (NLL 4.12411 [logdet 1.32914, mahal 0.95709], L1 1.69665, Spectral 0.25121, Gradient 0.42201, Quantile 0.75310) | LR 5.00e-05
2026-06-25 00:14:49,719 INFO Epoch 71 | Batch 1000/1186 | Loss 4.24128 (NLL 4.28382 [logdet 1.35959, mahal 1.08634], L1 1.83361, Spectral 0.25877, Gradient 0.43531, Quantile 0.82032) | LR 5.00e-05
2026-06-25 00:14:52,698 INFO Epoch 71 | Batch 1050/1186 | Loss 4.11926 (NLL 4.20139 [logdet 1.37169, mahal 0.99182], L1 1.76344, Spectral 0.26393, Gradient 0.43537, Quantile 0.77063) | LR 5.00e-05
2026-06-25 00:14:55,677 INFO Epoch 71 | Batch 1100/1186 | Loss 4.25359 (NLL 4.27342 [logdet 1.40312, mahal 1.03242], L1 1.85133, Spectral 0.26208, Gradient 0.43864, Quantile 0.81586) | LR 5.00e-05
2026-06-25 00:14:58,658 INFO Epoch 71 | Batch 1150/1186 | Loss 4.14944 (NLL 4.22596 [logdet 1.38693, mahal 1.00115], L1 1.77750, Spectral 0.25593, Gradient 0.42543, Quantile 0.79528) | LR 5.00e-05
2026-06-25 00:15:05,760 INFO Epoch 71 | Val Loss 4.19329 (NLL 4.27426 [logdet 1.35008, mahal 1.08631], L1 1.78664, Spectral 0.25605, Gradient 0.42644, Quantile 0.83894)
2026-06-25 00:15:08,837 INFO Epoch 72 | Batch 50/1186 | Loss 4.23681 (NLL 4.29879 [logdet 1.37610, mahal 1.08481], L1 1.82228, Spectral 0.26198, Gradient 0.43423, Quantile 0.81431) | LR 5.00e-05
2026-06-25 00:15:11,855 INFO Epoch 72 | Batch 100/1186 | Loss 4.26765 (NLL 4.30943 [logdet 1.44558, mahal 1.02597], L1 1.84709, Spectral 0.25234, Gradient 0.42510, Quantile 0.82766) | LR 5.00e-05
2026-06-25 00:15:14,874 INFO Epoch 72 | Batch 150/1186 | Loss 4.24551 (NLL 4.28824 [logdet 1.43002, mahal 1.02035], L1 1.83824, Spectral 0.25478, Gradient 0.42913, Quantile 0.81380) | LR 5.00e-05
2026-06-25 00:15:17,894 INFO Epoch 72 | Batch 200/1186 | Loss 4.13978 (NLL 4.21891 [logdet 1.39677, mahal 0.98426], L1 1.77546, Spectral 0.26135, Gradient 0.43588, Quantile 0.77234) | LR 5.00e-05
2026-06-25 00:15:20,912 INFO Epoch 72 | Batch 250/1186 | Loss 4.17130 (NLL 4.24019 [logdet 1.37800, mahal 1.02431], L1 1.79389, Spectral 0.25780, Gradient 0.43327, Quantile 0.78633) | LR 5.00e-05
2026-06-25 00:15:23,929 INFO Epoch 72 | Batch 300/1186 | Loss 4.17444 (NLL 4.23183 [logdet 1.37056, mahal 1.02340], L1 1.79400, Spectral 0.25622, Gradient 0.43134, Quantile 0.81793) | LR 5.00e-05
2026-06-25 00:15:26,944 INFO Epoch 72 | Batch 350/1186 | Loss 4.16960 (NLL 4.22186 [logdet 1.36301, mahal 1.02098], L1 1.80172, Spectral 0.25686, Gradient 0.43003, Quantile 0.78585) | LR 5.00e-05
2026-06-25 00:15:29,961 INFO Epoch 72 | Batch 400/1186 | Loss 4.05099 (NLL 4.15635 [logdet 1.30554, mahal 1.01293], L1 1.72222, Spectral 0.25514, Gradient 0.42316, Quantile 0.76143) | LR 5.00e-05
2026-06-25 00:15:32,980 INFO Epoch 72 | Batch 450/1186 | Loss 4.19711 (NLL 4.25149 [logdet 1.35795, mahal 1.05567], L1 1.81171, Spectral 0.26640, Gradient 0.43923, Quantile 0.78674) | LR 5.00e-05
2026-06-25 00:15:36,001 INFO Epoch 72 | Batch 500/1186 | Loss 4.19226 (NLL 4.26618 [logdet 1.41866, mahal 1.00963], L1 1.79417, Spectral 0.25091, Gradient 0.41914, Quantile 0.82577) | LR 5.00e-05
2026-06-25 00:15:39,018 INFO Epoch 72 | Batch 550/1186 | Loss 4.07088 (NLL 4.16538 [logdet 1.35417, mahal 0.97333], L1 1.73402, Spectral 0.25389, Gradient 0.42182, Quantile 0.77758) | LR 5.00e-05
2026-06-25 00:15:42,037 INFO Epoch 72 | Batch 600/1186 | Loss 4.20535 (NLL 4.26263 [logdet 1.37061, mahal 1.05414], L1 1.81863, Spectral 0.25502, Gradient 0.43006, Quantile 0.78142) | LR 5.00e-05
2026-06-25 00:15:45,055 INFO Epoch 72 | Batch 650/1186 | Loss 4.09172 (NLL 4.18046 [logdet 1.37770, mahal 0.96489], L1 1.74583, Spectral 0.25258, Gradient 0.42194, Quantile 0.78516) | LR 5.00e-05
2026-06-25 00:15:48,073 INFO Epoch 72 | Batch 700/1186 | Loss 4.14870 (NLL 4.21001 [logdet 1.35676, mahal 1.01537], L1 1.78522, Spectral 0.25916, Gradient 0.42436, Quantile 0.78980) | LR 5.00e-05
2026-06-25 00:15:51,079 INFO Epoch 72 | Batch 750/1186 | Loss 4.08204 (NLL 4.17711 [logdet 1.30804, mahal 1.03119], L1 1.73840, Spectral 0.25419, Gradient 0.42506, Quantile 0.78104) | LR 5.00e-05
2026-06-25 00:15:54,094 INFO Epoch 72 | Batch 800/1186 | Loss 4.19112 (NLL 4.26854 [logdet 1.38123, mahal 1.04943], L1 1.79403, Spectral 0.25859, Gradient 0.43355, Quantile 0.80830) | LR 5.00e-05
2026-06-25 00:15:57,110 INFO Epoch 72 | Batch 850/1186 | Loss 4.10285 (NLL 4.18975 [logdet 1.35429, mahal 0.99758], L1 1.75439, Spectral 0.25751, Gradient 0.42064, Quantile 0.77128) | LR 5.00e-05
2026-06-25 00:16:00,122 INFO Epoch 72 | Batch 900/1186 | Loss 4.11096 (NLL 4.19599 [logdet 1.32137, mahal 1.03675], L1 1.76298, Spectral 0.25342, Gradient 0.42240, Quantile 0.76075) | LR 5.00e-05
2026-06-25 00:16:03,136 INFO Epoch 72 | Batch 950/1186 | Loss 4.11365 (NLL 4.20882 [logdet 1.36084, mahal 1.01010], L1 1.74772, Spectral 0.25977, Gradient 0.43379, Quantile 0.80168) | LR 5.00e-05
2026-06-25 00:16:06,150 INFO Epoch 72 | Batch 1000/1186 | Loss 4.16702 (NLL 4.22719 [logdet 1.35348, mahal 1.03584], L1 1.79582, Spectral 0.26090, Gradient 0.43420, Quantile 0.78418) | LR 5.00e-05
2026-06-25 00:16:09,168 INFO Epoch 72 | Batch 1050/1186 | Loss 4.20172 (NLL 4.25853 [logdet 1.40196, mahal 1.01869], L1 1.81196, Spectral 0.25819, Gradient 0.43352, Quantile 0.79910) | LR 5.00e-05
2026-06-25 00:16:12,179 INFO Epoch 72 | Batch 1100/1186 | Loss 4.15178 (NLL 4.20489 [logdet 1.34912, mahal 1.01789], L1 1.78872, Spectral 0.26383, Gradient 0.43181, Quantile 0.79358) | LR 5.00e-05
2026-06-25 00:16:15,191 INFO Epoch 72 | Batch 1150/1186 | Loss 4.18225 (NLL 4.23937 [logdet 1.36531, mahal 1.03618], L1 1.80414, Spectral 0.25900, Gradient 0.42956, Quantile 0.78970) | LR 5.00e-05
2026-06-25 00:16:22,335 INFO Epoch 72 | Val Loss 4.20081 (NLL 4.29022 [logdet 1.31022, mahal 1.14212], L1 1.78941, Spectral 0.25607, Gradient 0.42672, Quantile 0.82550)
2026-06-25 00:16:25,430 INFO Epoch 73 | Batch 50/1186 | Loss 4.16546 (NLL 4.23789 [logdet 1.37426, mahal 1.02576], L1 1.78502, Spectral 0.25608, Gradient 0.43190, Quantile 0.80553) | LR 5.00e-05
2026-06-25 00:16:28,451 INFO Epoch 73 | Batch 100/1186 | Loss 4.12324 (NLL 4.20835 [logdet 1.33179, mahal 1.03868], L1 1.76208, Spectral 0.25432, Gradient 0.42409, Quantile 0.78882) | LR 5.00e-05
2026-06-25 00:16:31,478 INFO Epoch 73 | Batch 150/1186 | Loss 4.17562 (NLL 4.24163 [logdet 1.38753, mahal 1.01623], L1 1.79974, Spectral 0.25455, Gradient 0.43447, Quantile 0.78046) | LR 5.00e-05
2026-06-25 00:16:34,501 INFO Epoch 73 | Batch 200/1186 | Loss 4.14105 (NLL 4.21452 [logdet 1.36295, mahal 1.01369], L1 1.77747, Spectral 0.26034, Gradient 0.43118, Quantile 0.77949) | LR 5.00e-05
2026-06-25 00:16:37,526 INFO Epoch 73 | Batch 250/1186 | Loss 4.17504 (NLL 4.26368 [logdet 1.42018, mahal 1.00563], L1 1.78433, Spectral 0.25580, Gradient 0.43022, Quantile 0.79493) | LR 5.00e-05
2026-06-25 00:16:40,552 INFO Epoch 73 | Batch 300/1186 | Loss 4.14042 (NLL 4.21837 [logdet 1.32457, mahal 1.05592], L1 1.77289, Spectral 0.25532, Gradient 0.42578, Quantile 0.79331) | LR 5.00e-05
2026-06-25 00:16:43,577 INFO Epoch 73 | Batch 350/1186 | Loss 4.20021 (NLL 4.25296 [logdet 1.39422, mahal 1.02087], L1 1.81080, Spectral 0.25885, Gradient 0.42686, Quantile 0.80857) | LR 5.00e-05
2026-06-25 00:16:46,602 INFO Epoch 73 | Batch 400/1186 | Loss 4.13651 (NLL 4.20626 [logdet 1.37294, mahal 0.99544], L1 1.77668, Spectral 0.25960, Gradient 0.42556, Quantile 0.78194) | LR 5.00e-05
2026-06-25 00:16:49,628 INFO Epoch 73 | Batch 450/1186 | Loss 4.08915 (NLL 4.19197 [logdet 1.33987, mahal 1.01422], L1 1.73765, Spectral 0.25454, Gradient 0.42112, Quantile 0.78252) | LR 5.00e-05
2026-06-25 00:16:52,653 INFO Epoch 73 | Batch 500/1186 | Loss 4.21055 (NLL 4.25220 [logdet 1.36141, mahal 1.05292], L1 1.82347, Spectral 0.26427, Gradient 0.43618, Quantile 0.79459) | LR 5.00e-05
2026-06-25 00:16:55,677 INFO Epoch 73 | Batch 550/1186 | Loss 4.18507 (NLL 4.23209 [logdet 1.38132, mahal 1.01289], L1 1.80467, Spectral 0.26152, Gradient 0.43678, Quantile 0.81151) | LR 5.00e-05
2026-06-25 00:16:58,699 INFO Epoch 73 | Batch 600/1186 | Loss 4.20517 (NLL 4.23954 [logdet 1.38122, mahal 1.02044], L1 1.82750, Spectral 0.25334, Gradient 0.43116, Quantile 0.79353) | LR 5.00e-05
2026-06-25 00:17:01,725 INFO Epoch 73 | Batch 650/1186 | Loss 4.19822 (NLL 4.27180 [logdet 1.40619, mahal 1.02773], L1 1.80005, Spectral 0.25840, Gradient 0.43315, Quantile 0.80624) | LR 5.00e-05
2026-06-25 00:17:04,749 INFO Epoch 73 | Batch 700/1186 | Loss 4.22503 (NLL 4.28320 [logdet 1.42315, mahal 1.02217], L1 1.82068, Spectral 0.26072, Gradient 0.42697, Quantile 0.80581) | LR 5.00e-05
2026-06-25 00:17:07,773 INFO Epoch 73 | Batch 750/1186 | Loss 4.09824 (NLL 4.17952 [logdet 1.34588, mahal 0.99576], L1 1.75528, Spectral 0.25144, Gradient 0.42169, Quantile 0.77619) | LR 5.00e-05
2026-06-25 00:17:10,800 INFO Epoch 73 | Batch 800/1186 | Loss 4.04802 (NLL 4.15825 [logdet 1.31065, mahal 1.00973], L1 1.71904, Spectral 0.26276, Gradient 0.42994, Quantile 0.75009) | LR 5.00e-05
2026-06-25 00:17:13,826 INFO Epoch 73 | Batch 850/1186 | Loss 4.13374 (NLL 4.20604 [logdet 1.35073, mahal 1.01743], L1 1.77215, Spectral 0.25321, Gradient 0.42617, Quantile 0.79653) | LR 5.00e-05
2026-06-25 00:17:16,849 INFO Epoch 73 | Batch 900/1186 | Loss 4.13487 (NLL 4.22355 [logdet 1.37664, mahal 1.00904], L1 1.76388, Spectral 0.26286, Gradient 0.42956, Quantile 0.78885) | LR 5.00e-05
2026-06-25 00:17:19,874 INFO Epoch 73 | Batch 950/1186 | Loss 4.15984 (NLL 4.21585 [logdet 1.33657, mahal 1.04139], L1 1.78914, Spectral 0.26016, Gradient 0.43063, Quantile 0.80651) | LR 5.00e-05
2026-06-25 00:17:22,902 INFO Epoch 73 | Batch 1000/1186 | Loss 4.13702 (NLL 4.22968 [logdet 1.39039, mahal 1.00141], L1 1.76875, Spectral 0.25537, Gradient 0.42742, Quantile 0.77288) | LR 5.00e-05
2026-06-25 00:17:25,926 INFO Epoch 73 | Batch 1050/1186 | Loss 4.15500 (NLL 4.22219 [logdet 1.37219, mahal 1.01213], L1 1.78866, Spectral 0.25787, Gradient 0.42749, Quantile 0.77773) | LR 5.00e-05
2026-06-25 00:17:28,952 INFO Epoch 73 | Batch 1100/1186 | Loss 4.14509 (NLL 4.22364 [logdet 1.34776, mahal 1.03800], L1 1.77383, Spectral 0.25686, Gradient 0.42655, Quantile 0.79622) | LR 5.00e-05
2026-06-25 00:17:31,980 INFO Epoch 73 | Batch 1150/1186 | Loss 4.20800 (NLL 4.26320 [logdet 1.40925, mahal 1.01607], L1 1.81647, Spectral 0.25895, Gradient 0.43477, Quantile 0.79593) | LR 5.00e-05
2026-06-25 00:17:39,109 INFO Epoch 73 | Val Loss 4.19204 (NLL 4.28298 [logdet 1.32387, mahal 1.12123], L1 1.78810, Spectral 0.25596, Gradient 0.42639, Quantile 0.80967)
2026-06-25 00:17:42,198 INFO Epoch 74 | Batch 50/1186 | Loss 4.11384 (NLL 4.21406 [logdet 1.38724, mahal 0.98894], L1 1.75874, Spectral 0.25695, Gradient 0.42494, Quantile 0.74901) | LR 5.00e-05
2026-06-25 00:17:45,216 INFO Epoch 74 | Batch 100/1186 | Loss 4.19359 (NLL 4.26803 [logdet 1.36189, mahal 1.06826], L1 1.79736, Spectral 0.26198, Gradient 0.43362, Quantile 0.80213) | LR 5.00e-05
2026-06-25 00:17:48,227 INFO Epoch 74 | Batch 150/1186 | Loss 4.14883 (NLL 4.22580 [logdet 1.40056, mahal 0.98736], L1 1.77428, Spectral 0.26532, Gradient 0.43408, Quantile 0.79624) | LR 5.00e-05
2026-06-25 00:17:51,233 INFO Epoch 74 | Batch 200/1186 | Loss 4.23638 (NLL 4.26901 [logdet 1.40582, mahal 1.02531], L1 1.84167, Spectral 0.25499, Gradient 0.42912, Quantile 0.80137) | LR 5.00e-05
2026-06-25 00:17:54,232 INFO Epoch 74 | Batch 250/1186 | Loss 4.09154 (NLL 4.18948 [logdet 1.34932, mahal 1.00228], L1 1.74629, Spectral 0.25025, Gradient 0.42022, Quantile 0.76636) | LR 5.00e-05
2026-06-25 00:17:57,231 INFO Epoch 74 | Batch 300/1186 | Loss 4.17648 (NLL 4.21883 [logdet 1.35290, mahal 1.02805], L1 1.80305, Spectral 0.25716, Gradient 0.43132, Quantile 0.81481) | LR 5.00e-05
2026-06-25 00:18:00,230 INFO Epoch 74 | Batch 350/1186 | Loss 4.19947 (NLL 4.25544 [logdet 1.38940, mahal 1.02817], L1 1.80875, Spectral 0.25313, Gradient 0.42236, Quantile 0.81506) | LR 5.00e-05
2026-06-25 00:18:03,229 INFO Epoch 74 | Batch 400/1186 | Loss 4.17774 (NLL 4.22362 [logdet 1.35022, mahal 1.03552], L1 1.80919, Spectral 0.25872, Gradient 0.43012, Quantile 0.78298) | LR 5.00e-05
2026-06-25 00:18:06,228 INFO Epoch 74 | Batch 450/1186 | Loss 4.14806 (NLL 4.21492 [logdet 1.39295, mahal 0.98409], L1 1.78207, Spectral 0.25372, Gradient 0.42695, Quantile 0.79583) | LR 5.00e-05
2026-06-25 00:18:09,228 INFO Epoch 74 | Batch 500/1186 | Loss 4.15085 (NLL 4.23204 [logdet 1.35723, mahal 1.03693], L1 1.77348, Spectral 0.25670, Gradient 0.43233, Quantile 0.80424) | LR 5.00e-05
2026-06-25 00:18:12,227 INFO Epoch 74 | Batch 550/1186 | Loss 4.07817 (NLL 4.17492 [logdet 1.35480, mahal 0.98224], L1 1.74073, Spectral 0.25906, Gradient 0.42384, Quantile 0.75469) | LR 5.00e-05
2026-06-25 00:18:15,226 INFO Epoch 74 | Batch 600/1186 | Loss 4.23953 (NLL 4.27299 [logdet 1.39267, mahal 1.04245], L1 1.83716, Spectral 0.26079, Gradient 0.43292, Quantile 0.81863) | LR 5.00e-05
2026-06-25 00:18:18,201 INFO Epoch 74 | Batch 650/1186 | Loss 4.17847 (NLL 4.24411 [logdet 1.39457, mahal 1.01166], L1 1.79654, Spectral 0.25314, Gradient 0.43101, Quantile 0.80195) | LR 5.00e-05
2026-06-25 00:18:21,128 INFO Epoch 74 | Batch 700/1186 | Loss 4.15588 (NLL 4.23226 [logdet 1.35516, mahal 1.03922], L1 1.78166, Spectral 0.26502, Gradient 0.43647, Quantile 0.78177) | LR 5.00e-05
2026-06-25 00:18:24,055 INFO Epoch 74 | Batch 750/1186 | Loss 4.26147 (NLL 4.30078 [logdet 1.41086, mahal 1.05204], L1 1.84740, Spectral 0.25838, Gradient 0.43247, Quantile 0.81211) | LR 5.00e-05
2026-06-25 00:18:26,979 INFO Epoch 74 | Batch 800/1186 | Loss 4.09934 (NLL 4.17684 [logdet 1.36440, mahal 0.97456], L1 1.75363, Spectral 0.25598, Gradient 0.42379, Quantile 0.78830) | LR 5.00e-05
2026-06-25 00:18:29,905 INFO Epoch 74 | Batch 850/1186 | Loss 4.06800 (NLL 4.17868 [logdet 1.33638, mahal 1.00442], L1 1.72647, Spectral 0.25842, Gradient 0.43042, Quantile 0.76442) | LR 5.00e-05
2026-06-25 00:18:32,829 INFO Epoch 74 | Batch 900/1186 | Loss 4.09679 (NLL 4.18575 [logdet 1.33363, mahal 1.01424], L1 1.75191, Spectral 0.26460, Gradient 0.43392, Quantile 0.75701) | LR 5.00e-05
2026-06-25 00:18:35,753 INFO Epoch 74 | Batch 950/1186 | Loss 4.10412 (NLL 4.19697 [logdet 1.32760, mahal 1.03149], L1 1.74932, Spectral 0.25746, Gradient 0.43187, Quantile 0.78257) | LR 5.00e-05
2026-06-25 00:18:38,675 INFO Epoch 74 | Batch 1000/1186 | Loss 4.17387 (NLL 4.22745 [logdet 1.40647, mahal 0.98310], L1 1.79953, Spectral 0.25265, Gradient 0.42152, Quantile 0.80564) | LR 5.00e-05
2026-06-25 00:18:41,597 INFO Epoch 74 | Batch 1050/1186 | Loss 4.14704 (NLL 4.23301 [logdet 1.35777, mahal 1.03736], L1 1.77771, Spectral 0.25297, Gradient 0.42932, Quantile 0.77292) | LR 5.00e-05
2026-06-25 00:18:44,520 INFO Epoch 74 | Batch 1100/1186 | Loss 4.15178 (NLL 4.20439 [logdet 1.33828, mahal 1.02823], L1 1.79166, Spectral 0.25540, Gradient 0.42037, Quantile 0.79158) | LR 5.00e-05
2026-06-25 00:18:47,434 INFO Epoch 74 | Batch 1150/1186 | Loss 4.19938 (NLL 4.28180 [logdet 1.39923, mahal 1.04469], L1 1.79675, Spectral 0.25629, Gradient 0.42864, Quantile 0.80634) | LR 5.00e-05
2026-06-25 00:18:54,486 INFO Epoch 74 | Val Loss 4.19470 (NLL 4.28282 [logdet 1.32098, mahal 1.12396], L1 1.78473, Spectral 0.25598, Gradient 0.42677, Quantile 0.83503)
2026-06-25 00:18:57,484 INFO Epoch 75 | Batch 50/1186 | Loss 4.13126 (NLL 4.20246 [logdet 1.36321, mahal 1.00138], L1 1.77294, Spectral 0.26181, Gradient 0.42941, Quantile 0.78111) | LR 2.50e-05
2026-06-25 00:19:00,426 INFO Epoch 75 | Batch 100/1186 | Loss 4.13336 (NLL 4.21525 [logdet 1.35573, mahal 1.02164], L1 1.77092, Spectral 0.25430, Gradient 0.42834, Quantile 0.77976) | LR 2.50e-05
2026-06-25 00:19:03,364 INFO Epoch 75 | Batch 150/1186 | Loss 4.05562 (NLL 4.14506 [logdet 1.33229, mahal 0.97490], L1 1.72873, Spectral 0.25265, Gradient 0.42444, Quantile 0.77968) | LR 2.50e-05
2026-06-25 00:19:06,303 INFO Epoch 75 | Batch 200/1186 | Loss 4.10017 (NLL 4.18090 [logdet 1.31907, mahal 1.02395], L1 1.75564, Spectral 0.25185, Gradient 0.42560, Quantile 0.77937) | LR 2.50e-05
2026-06-25 00:19:09,242 INFO Epoch 75 | Batch 250/1186 | Loss 4.20514 (NLL 4.26870 [logdet 1.37767, mahal 1.05316], L1 1.80896, Spectral 0.25969, Gradient 0.42859, Quantile 0.80308) | LR 2.50e-05
2026-06-25 00:19:12,179 INFO Epoch 75 | Batch 300/1186 | Loss 4.14265 (NLL 4.20766 [logdet 1.38608, mahal 0.98370], L1 1.77690, Spectral 0.26340, Gradient 0.43457, Quantile 0.79943) | LR 2.50e-05
2026-06-25 00:19:15,117 INFO Epoch 75 | Batch 350/1186 | Loss 4.11358 (NLL 4.20110 [logdet 1.32510, mahal 1.03812], L1 1.75813, Spectral 0.25819, Gradient 0.43193, Quantile 0.77592) | LR 2.50e-05
2026-06-25 00:19:18,061 INFO Epoch 75 | Batch 400/1186 | Loss 4.14931 (NLL 4.22359 [logdet 1.37088, mahal 1.01483], L1 1.78227, Spectral 0.25237, Gradient 0.42548, Quantile 0.78364) | LR 2.50e-05
2026-06-25 00:19:21,000 INFO Epoch 75 | Batch 450/1186 | Loss 4.19550 (NLL 4.22957 [logdet 1.37055, mahal 1.02114], L1 1.81952, Spectral 0.26295, Gradient 0.43850, Quantile 0.79684) | LR 2.50e-05
2026-06-25 00:19:23,941 INFO Epoch 75 | Batch 500/1186 | Loss 4.20765 (NLL 4.28433 [logdet 1.38924, mahal 1.05721], L1 1.80068, Spectral 0.25387, Gradient 0.42950, Quantile 0.82165) | LR 2.50e-05
2026-06-25 00:19:26,881 INFO Epoch 75 | Batch 550/1186 | Loss 4.17024 (NLL 4.25087 [logdet 1.43129, mahal 0.98170], L1 1.79032, Spectral 0.25538, Gradient 0.42834, Quantile 0.77721) | LR 2.50e-05
2026-06-25 00:19:29,819 INFO Epoch 75 | Batch 600/1186 | Loss 4.16265 (NLL 4.23496 [logdet 1.36397, mahal 1.03311], L1 1.78461, Spectral 0.26354, Gradient 0.43082, Quantile 0.79365) | LR 2.50e-05
2026-06-25 00:19:32,760 INFO Epoch 75 | Batch 650/1186 | Loss 4.03794 (NLL 4.16055 [logdet 1.34642, mahal 0.97626], L1 1.70399, Spectral 0.26527, Gradient 0.43345, Quantile 0.76321) | LR 2.50e-05
2026-06-25 00:19:35,706 INFO Epoch 75 | Batch 700/1186 | Loss 4.11771 (NLL 4.20729 [logdet 1.33947, mahal 1.02994], L1 1.76065, Spectral 0.25225, Gradient 0.42518, Quantile 0.77616) | LR 2.50e-05
2026-06-25 00:19:38,647 INFO Epoch 75 | Batch 750/1186 | Loss 4.07990 (NLL 4.17677 [logdet 1.33712, mahal 1.00177], L1 1.73467, Spectral 0.25808, Gradient 0.42637, Quantile 0.78417) | LR 2.50e-05
2026-06-25 00:19:41,587 INFO Epoch 75 | Batch 800/1186 | Loss 4.15272 (NLL 4.20867 [logdet 1.36533, mahal 1.00547], L1 1.79009, Spectral 0.25261, Gradient 0.42879, Quantile 0.79600) | LR 2.50e-05
2026-06-25 00:19:44,527 INFO Epoch 75 | Batch 850/1186 | Loss 4.17298 (NLL 4.23165 [logdet 1.34762, mahal 1.04615], L1 1.79687, Spectral 0.26099, Gradient 0.43414, Quantile 0.79520) | LR 2.50e-05
2026-06-25 00:19:47,468 INFO Epoch 75 | Batch 900/1186 | Loss 4.15632 (NLL 4.23227 [logdet 1.36501, mahal 1.02938], L1 1.78436, Spectral 0.25890, Gradient 0.42821, Quantile 0.77904) | LR 2.50e-05
2026-06-25 00:19:50,407 INFO Epoch 75 | Batch 950/1186 | Loss 4.11357 (NLL 4.19802 [logdet 1.36138, mahal 0.99877], L1 1.76673, Spectral 0.24832, Gradient 0.42454, Quantile 0.75721) | LR 2.50e-05
2026-06-25 00:19:53,347 INFO Epoch 75 | Batch 1000/1186 | Loss 4.15471 (NLL 4.22575 [logdet 1.33682, mahal 1.05105], L1 1.78231, Spectral 0.25828, Gradient 0.42973, Quantile 0.79500) | LR 2.50e-05
2026-06-25 00:19:56,284 INFO Epoch 75 | Batch 1050/1186 | Loss 4.19735 (NLL 4.24023 [logdet 1.37803, mahal 1.02432], L1 1.81165, Spectral 0.26088, Gradient 0.43182, Quantile 0.81735) | LR 2.50e-05
2026-06-25 00:19:59,227 INFO Epoch 75 | Batch 1100/1186 | Loss 4.10807 (NLL 4.19260 [logdet 1.33962, mahal 1.01511], L1 1.76087, Spectral 0.25640, Gradient 0.42617, Quantile 0.76132) | LR 2.50e-05
2026-06-25 00:20:02,170 INFO Epoch 75 | Batch 1150/1186 | Loss 4.22193 (NLL 4.26940 [logdet 1.37164, mahal 1.05989], L1 1.82637, Spectral 0.25585, Gradient 0.42653, Quantile 0.80318) | LR 2.50e-05
2026-06-25 00:20:09,267 INFO Epoch 75 | Val Loss 4.20924 (NLL 4.28471 [logdet 1.36197, mahal 1.08487], L1 1.78986, Spectral 0.25591, Gradient 0.42740, Quantile 0.87023)
2026-06-25 00:20:12,358 INFO Epoch 76 | Batch 50/1186 | Loss 4.08389 (NLL 4.17018 [logdet 1.33460, mahal 0.99770], L1 1.74677, Spectral 0.25362, Gradient 0.42506, Quantile 0.76893) | LR 2.50e-05
2026-06-25 00:20:15,293 INFO Epoch 76 | Batch 100/1186 | Loss 4.14072 (NLL 4.21972 [logdet 1.37061, mahal 1.01123], L1 1.77625, Spectral 0.25176, Gradient 0.42180, Quantile 0.78172) | LR 2.50e-05
2026-06-25 00:20:18,234 INFO Epoch 76 | Batch 150/1186 | Loss 4.14277 (NLL 4.20822 [logdet 1.34359, mahal 1.02675], L1 1.78103, Spectral 0.25690, Gradient 0.42333, Quantile 0.78869) | LR 2.50e-05
2026-06-25 00:20:21,173 INFO Epoch 76 | Batch 200/1186 | Loss 4.22628 (NLL 4.29584 [logdet 1.40421, mahal 1.05376], L1 1.81368, Spectral 0.26020, Gradient 0.43641, Quantile 0.81425) | LR 2.50e-05
2026-06-25 00:20:24,111 INFO Epoch 76 | Batch 250/1186 | Loss 4.17220 (NLL 4.24033 [logdet 1.38166, mahal 1.02079], L1 1.79712, Spectral 0.26246, Gradient 0.43815, Quantile 0.77133) | LR 2.50e-05
2026-06-25 00:20:27,048 INFO Epoch 76 | Batch 300/1186 | Loss 4.16843 (NLL 4.23592 [logdet 1.37449, mahal 1.02355], L1 1.79309, Spectral 0.25865, Gradient 0.43381, Quantile 0.78566) | LR 2.50e-05
2026-06-25 00:20:29,985 INFO Epoch 76 | Batch 350/1186 | Loss 4.15315 (NLL 4.22140 [logdet 1.38554, mahal 0.99799], L1 1.78154, Spectral 0.25469, Gradient 0.43107, Quantile 0.80458) | LR 2.50e-05
2026-06-25 00:20:32,927 INFO Epoch 76 | Batch 400/1186 | Loss 4.21354 (NLL 4.26384 [logdet 1.41086, mahal 1.01510], L1 1.82234, Spectral 0.25279, Gradient 0.42717, Quantile 0.79990) | LR 2.50e-05
2026-06-25 00:20:35,868 INFO Epoch 76 | Batch 450/1186 | Loss 4.10523 (NLL 4.19094 [logdet 1.36587, mahal 0.98719], L1 1.75760, Spectral 0.25521, Gradient 0.42999, Quantile 0.76772) | LR 2.50e-05
2026-06-25 00:20:38,807 INFO Epoch 76 | Batch 500/1186 | Loss 4.29000 (NLL 4.29096 [logdet 1.35937, mahal 1.09371], L1 1.87120, Spectral 0.26526, Gradient 0.43566, Quantile 0.84470) | LR 2.50e-05
2026-06-25 00:20:41,746 INFO Epoch 76 | Batch 550/1186 | Loss 4.08447 (NLL 4.17930 [logdet 1.33480, mahal 1.00663], L1 1.73957, Spectral 0.26013, Gradient 0.43037, Quantile 0.77527) | LR 2.50e-05
2026-06-25 00:20:44,682 INFO Epoch 76 | Batch 600/1186 | Loss 4.15526 (NLL 4.21084 [logdet 1.37366, mahal 0.99930], L1 1.79010, Spectral 0.25628, Gradient 0.43513, Quantile 0.79800) | LR 2.50e-05
2026-06-25 00:20:47,604 INFO Epoch 76 | Batch 650/1186 | Loss 4.09783 (NLL 4.18400 [logdet 1.35354, mahal 0.99259], L1 1.74429, Spectral 0.25932, Gradient 0.42675, Quantile 0.80232) | LR 2.50e-05
2026-06-25 00:20:50,526 INFO Epoch 76 | Batch 700/1186 | Loss 4.16322 (NLL 4.21914 [logdet 1.36003, mahal 1.02123], L1 1.79326, Spectral 0.26365, Gradient 0.43673, Quantile 0.79278) | LR 2.50e-05
2026-06-25 00:20:53,448 INFO Epoch 76 | Batch 750/1186 | Loss 4.22916 (NLL 4.28604 [logdet 1.37639, mahal 1.07177], L1 1.82705, Spectral 0.25765, Gradient 0.43548, Quantile 0.79380) | LR 2.50e-05
2026-06-25 00:20:56,371 INFO Epoch 76 | Batch 800/1186 | Loss 4.18955 (NLL 4.26945 [logdet 1.40473, mahal 1.02684], L1 1.79657, Spectral 0.25399, Gradient 0.43093, Quantile 0.79431) | LR 2.50e-05
2026-06-25 00:20:59,293 INFO Epoch 76 | Batch 850/1186 | Loss 4.02086 (NLL 4.12967 [logdet 1.31419, mahal 0.97760], L1 1.70841, Spectral 0.25344, Gradient 0.41966, Quantile 0.75089) | LR 2.50e-05
2026-06-25 00:21:02,217 INFO Epoch 76 | Batch 900/1186 | Loss 4.11322 (NLL 4.21394 [logdet 1.36792, mahal 1.00815], L1 1.74896, Spectral 0.25747, Gradient 0.42491, Quantile 0.78665) | LR 2.50e-05
2026-06-25 00:21:05,138 INFO Epoch 76 | Batch 950/1186 | Loss 4.16199 (NLL 4.22742 [logdet 1.37222, mahal 1.01732], L1 1.79225, Spectral 0.25538, Gradient 0.42631, Quantile 0.78364) | LR 2.50e-05
2026-06-25 00:21:08,060 INFO Epoch 76 | Batch 1000/1186 | Loss 4.08008 (NLL 4.17064 [logdet 1.35014, mahal 0.98262], L1 1.73870, Spectral 0.25493, Gradient 0.42018, Quantile 0.78435) | LR 2.50e-05
2026-06-25 00:21:10,984 INFO Epoch 76 | Batch 1050/1186 | Loss 4.10018 (NLL 4.19329 [logdet 1.32182, mahal 1.03359], L1 1.75036, Spectral 0.25722, Gradient 0.42887, Quantile 0.76980) | LR 2.50e-05
2026-06-25 00:21:13,907 INFO Epoch 76 | Batch 1100/1186 | Loss 4.08282 (NLL 4.17139 [logdet 1.33246, mahal 1.00106], L1 1.74260, Spectral 0.25934, Gradient 0.42956, Quantile 0.77310) | LR 2.50e-05
2026-06-25 00:21:16,831 INFO Epoch 76 | Batch 1150/1186 | Loss 4.09238 (NLL 4.18281 [logdet 1.31169, mahal 1.03324], L1 1.74268, Spectral 0.25960, Gradient 0.43486, Quantile 0.78846) | LR 2.50e-05
2026-06-25 00:21:23,847 INFO Epoch 76 | Val Loss 4.20735 (NLL 4.28173 [logdet 1.38396, mahal 1.05989], L1 1.79188, Spectral 0.25599, Gradient 0.42811, Quantile 0.86005)
2026-06-25 00:21:26,866 INFO Epoch 77 | Batch 50/1186 | Loss 4.09674 (NLL 4.19065 [logdet 1.34939, mahal 1.00339], L1 1.74523, Spectral 0.25842, Gradient 0.42232, Quantile 0.78111) | LR 2.50e-05
2026-06-25 00:21:29,808 INFO Epoch 77 | Batch 100/1186 | Loss 4.12361 (NLL 4.20840 [logdet 1.35440, mahal 1.01612], L1 1.76405, Spectral 0.25834, Gradient 0.43170, Quantile 0.77764) | LR 2.50e-05
2026-06-25 00:21:32,747 INFO Epoch 77 | Batch 150/1186 | Loss 4.13942 (NLL 4.21876 [logdet 1.36669, mahal 1.01419], L1 1.77332, Spectral 0.25096, Gradient 0.42620, Quantile 0.79125) | LR 2.50e-05
2026-06-25 00:21:35,685 INFO Epoch 77 | Batch 200/1186 | Loss 4.14754 (NLL 4.22790 [logdet 1.36339, mahal 1.02663], L1 1.77381, Spectral 0.25600, Gradient 0.42754, Quantile 0.79855) | LR 2.50e-05
2026-06-25 00:21:38,624 INFO Epoch 77 | Batch 250/1186 | Loss 4.09360 (NLL 4.19997 [logdet 1.34020, mahal 1.02190], L1 1.74281, Spectral 0.25649, Gradient 0.42552, Quantile 0.76081) | LR 2.50e-05
2026-06-25 00:21:41,560 INFO Epoch 77 | Batch 300/1186 | Loss 4.25008 (NLL 4.28125 [logdet 1.38901, mahal 1.05436], L1 1.84149, Spectral 0.25601, Gradient 0.43100, Quantile 0.83245) | LR 2.50e-05
2026-06-25 00:21:44,500 INFO Epoch 77 | Batch 350/1186 | Loss 4.08754 (NLL 4.17524 [logdet 1.34370, mahal 0.99367], L1 1.74890, Spectral 0.25315, Gradient 0.42021, Quantile 0.76533) | LR 2.50e-05
2026-06-25 00:21:47,441 INFO Epoch 77 | Batch 400/1186 | Loss 4.07186 (NLL 4.16206 [logdet 1.32022, mahal 1.00397], L1 1.73750, Spectral 0.25156, Gradient 0.42853, Quantile 0.77653) | LR 2.50e-05
2026-06-25 00:21:50,380 INFO Epoch 77 | Batch 450/1186 | Loss 4.11413 (NLL 4.20175 [logdet 1.34524, mahal 1.01863], L1 1.75540, Spectral 0.26102, Gradient 0.43808, Quantile 0.78506) | LR 2.50e-05
2026-06-25 00:21:53,318 INFO Epoch 77 | Batch 500/1186 | Loss 4.20080 (NLL 4.26851 [logdet 1.35540, mahal 1.07523], L1 1.80869, Spectral 0.25296, Gradient 0.42683, Quantile 0.79384) | LR 2.50e-05
2026-06-25 00:21:56,260 INFO Epoch 77 | Batch 550/1186 | Loss 4.07996 (NLL 4.17033 [logdet 1.33576, mahal 0.99670], L1 1.74011, Spectral 0.25946, Gradient 0.42770, Quantile 0.77372) | LR 2.50e-05
2026-06-25 00:21:59,182 INFO Epoch 77 | Batch 600/1186 | Loss 4.11478 (NLL 4.20024 [logdet 1.34819, mahal 1.01417], L1 1.75860, Spectral 0.24931, Gradient 0.42583, Quantile 0.79026) | LR 2.50e-05
2026-06-25 00:22:02,103 INFO Epoch 77 | Batch 650/1186 | Loss 4.12700 (NLL 4.20803 [logdet 1.34069, mahal 1.02947], L1 1.76936, Spectral 0.25814, Gradient 0.43332, Quantile 0.77065) | LR 2.50e-05
2026-06-25 00:22:05,029 INFO Epoch 77 | Batch 700/1186 | Loss 4.14122 (NLL 4.22056 [logdet 1.35049, mahal 1.03220], L1 1.77344, Spectral 0.25625, Gradient 0.42773, Quantile 0.78881) | LR 2.50e-05
2026-06-25 00:22:07,952 INFO Epoch 77 | Batch 750/1186 | Loss 4.17885 (NLL 4.22788 [logdet 1.38809, mahal 1.00191], L1 1.80187, Spectral 0.26222, Gradient 0.44125, Quantile 0.80522) | LR 2.50e-05
2026-06-25 00:22:10,874 INFO Epoch 77 | Batch 800/1186 | Loss 4.04955 (NLL 4.15927 [logdet 1.34794, mahal 0.97345], L1 1.71887, Spectral 0.25827, Gradient 0.43271, Quantile 0.75981) | LR 2.50e-05
2026-06-25 00:22:13,795 INFO Epoch 77 | Batch 850/1186 | Loss 4.12090 (NLL 4.19101 [logdet 1.31440, mahal 1.03873], L1 1.76948, Spectral 0.26344, Gradient 0.42945, Quantile 0.77454) | LR 2.50e-05
2026-06-25 00:22:16,718 INFO Epoch 77 | Batch 900/1186 | Loss 4.18407 (NLL 4.22133 [logdet 1.37021, mahal 1.01325], L1 1.80738, Spectral 0.25532, Gradient 0.42850, Quantile 0.82517) | LR 2.50e-05
2026-06-25 00:22:19,639 INFO Epoch 77 | Batch 950/1186 | Loss 4.23289 (NLL 4.27169 [logdet 1.39201, mahal 1.04179], L1 1.83731, Spectral 0.25411, Gradient 0.43085, Quantile 0.80037) | LR 2.50e-05
2026-06-25 00:22:22,561 INFO Epoch 77 | Batch 1000/1186 | Loss 4.18410 (NLL 4.26806 [logdet 1.40014, mahal 1.03005], L1 1.79589, Spectral 0.25974, Gradient 0.43219, Quantile 0.77123) | LR 2.50e-05
2026-06-25 00:22:25,485 INFO Epoch 77 | Batch 1050/1186 | Loss 4.23645 (NLL 4.26405 [logdet 1.38893, mahal 1.03724], L1 1.83562, Spectral 0.26438, Gradient 0.43522, Quantile 0.82694) | LR 2.50e-05
2026-06-25 00:22:28,405 INFO Epoch 77 | Batch 1100/1186 | Loss 4.15876 (NLL 4.24216 [logdet 1.35312, mahal 1.05116], L1 1.78327, Spectral 0.25454, Gradient 0.42659, Quantile 0.77784) | LR 2.50e-05
2026-06-25 00:22:31,328 INFO Epoch 77 | Batch 1150/1186 | Loss 4.13677 (NLL 4.21282 [logdet 1.38289, mahal 0.99205], L1 1.77969, Spectral 0.26444, Gradient 0.43418, Quantile 0.75160) | LR 2.50e-05
2026-06-25 00:22:38,279 INFO Epoch 77 | Val Loss 4.21452 (NLL 4.29080 [logdet 1.31912, mahal 1.13380], L1 1.79347, Spectral 0.25611, Gradient 0.42845, Quantile 0.86428)
2026-06-25 00:22:41,280 INFO Epoch 78 | Batch 50/1186 | Loss 4.15830 (NLL 4.22138 [logdet 1.34949, mahal 1.03402], L1 1.78525, Spectral 0.25554, Gradient 0.42879, Quantile 0.80976) | LR 2.50e-05
2026-06-25 00:22:44,220 INFO Epoch 78 | Batch 100/1186 | Loss 4.15824 (NLL 4.23551 [logdet 1.40185, mahal 0.99579], L1 1.78315, Spectral 0.25793, Gradient 0.42603, Quantile 0.78635) | LR 2.50e-05
2026-06-25 00:22:47,158 INFO Epoch 78 | Batch 150/1186 | Loss 4.18497 (NLL 4.24595 [logdet 1.36928, mahal 1.03879], L1 1.80368, Spectral 0.25698, Gradient 0.43120, Quantile 0.79139) | LR 2.50e-05
2026-06-25 00:22:50,096 INFO Epoch 78 | Batch 200/1186 | Loss 4.13650 (NLL 4.20235 [logdet 1.36133, mahal 1.00315], L1 1.77570, Spectral 0.26376, Gradient 0.43557, Quantile 0.78947) | LR 2.50e-05
2026-06-25 00:22:53,032 INFO Epoch 78 | Batch 250/1186 | Loss 4.08682 (NLL 4.18198 [logdet 1.32239, mahal 1.02171], L1 1.74497, Spectral 0.25433, Gradient 0.42450, Quantile 0.76339) | LR 2.50e-05
2026-06-25 00:22:55,969 INFO Epoch 78 | Batch 300/1186 | Loss 4.16815 (NLL 4.23085 [logdet 1.36792, mahal 1.02505], L1 1.79166, Spectral 0.25756, Gradient 0.42888, Quantile 0.80215) | LR 2.50e-05
2026-06-25 00:22:58,908 INFO Epoch 78 | Batch 350/1186 | Loss 4.21005 (NLL 4.25906 [logdet 1.38381, mahal 1.03737], L1 1.81826, Spectral 0.25570, Gradient 0.43341, Quantile 0.80909) | LR 2.50e-05
2026-06-25 00:23:01,846 INFO Epoch 78 | Batch 400/1186 | Loss 4.12964 (NLL 4.20712 [logdet 1.34881, mahal 1.02044], L1 1.77278, Spectral 0.25165, Gradient 0.42391, Quantile 0.77637) | LR 2.50e-05
2026-06-25 00:23:04,782 INFO Epoch 78 | Batch 450/1186 | Loss 4.08737 (NLL 4.16951 [logdet 1.31842, mahal 1.01321], L1 1.74911, Spectral 0.25495, Gradient 0.41943, Quantile 0.77372) | LR 2.50e-05
2026-06-25 00:23:07,720 INFO Epoch 78 | Batch 500/1186 | Loss 4.18380 (NLL 4.25046 [logdet 1.34596, mahal 1.06663], L1 1.79963, Spectral 0.25957, Gradient 0.43009, Quantile 0.79121) | LR 2.50e-05
2026-06-25 00:23:10,660 INFO Epoch 78 | Batch 550/1186 | Loss 4.10297 (NLL 4.20219 [logdet 1.37190, mahal 0.99241], L1 1.74643, Spectral 0.25594, Gradient 0.42647, Quantile 0.78064) | LR 2.50e-05
2026-06-25 00:23:13,595 INFO Epoch 78 | Batch 600/1186 | Loss 4.15385 (NLL 4.24097 [logdet 1.37683, mahal 1.02626], L1 1.77893, Spectral 0.25417, Gradient 0.42982, Quantile 0.77830) | LR 2.50e-05
2026-06-25 00:23:16,537 INFO Epoch 78 | Batch 650/1186 | Loss 4.16740 (NLL 4.23223 [logdet 1.38757, mahal 1.00678], L1 1.78874, Spectral 0.26122, Gradient 0.43835, Quantile 0.80433) | LR 2.50e-05
2026-06-25 00:23:19,475 INFO Epoch 78 | Batch 700/1186 | Loss 4.15832 (NLL 4.23900 [logdet 1.36278, mahal 1.03834], L1 1.78501, Spectral 0.26208, Gradient 0.43550, Quantile 0.76717) | LR 2.50e-05
2026-06-25 00:23:22,415 INFO Epoch 78 | Batch 750/1186 | Loss 4.01565 (NLL 4.15126 [logdet 1.33652, mahal 0.97687], L1 1.69672, Spectral 0.25315, Gradient 0.42242, Quantile 0.73329) | LR 2.50e-05
2026-06-25 00:23:25,352 INFO Epoch 78 | Batch 800/1186 | Loss 4.19771 (NLL 4.23329 [logdet 1.34171, mahal 1.05370], L1 1.81790, Spectral 0.26008, Gradient 0.43532, Quantile 0.80814) | LR 2.50e-05
2026-06-25 00:23:28,289 INFO Epoch 78 | Batch 850/1186 | Loss 4.21737 (NLL 4.26186 [logdet 1.38618, mahal 1.03781], L1 1.81769, Spectral 0.25843, Gradient 0.43550, Quantile 0.83304) | LR 2.50e-05
2026-06-25 00:23:31,223 INFO Epoch 78 | Batch 900/1186 | Loss 4.13260 (NLL 4.21687 [logdet 1.38399, mahal 0.99500], L1 1.76952, Spectral 0.25926, Gradient 0.42975, Quantile 0.77373) | LR 2.50e-05
2026-06-25 00:23:34,162 INFO Epoch 78 | Batch 950/1186 | Loss 4.14899 (NLL 4.22885 [logdet 1.37206, mahal 1.01891], L1 1.77865, Spectral 0.26080, Gradient 0.43728, Quantile 0.77724) | LR 2.50e-05
2026-06-25 00:23:37,100 INFO Epoch 78 | Batch 1000/1186 | Loss 4.09116 (NLL 4.16040 [logdet 1.32485, mahal 0.99767], L1 1.75427, Spectral 0.25841, Gradient 0.43130, Quantile 0.78306) | LR 2.50e-05
2026-06-25 00:23:40,034 INFO Epoch 78 | Batch 1050/1186 | Loss 4.10959 (NLL 4.19304 [logdet 1.33173, mahal 1.02343], L1 1.75495, Spectral 0.26013, Gradient 0.43649, Quantile 0.78714) | LR 2.50e-05
2026-06-25 00:23:42,972 INFO Epoch 78 | Batch 1100/1186 | Loss 4.13582 (NLL 4.21367 [logdet 1.34904, mahal 1.02675], L1 1.76988, Spectral 0.25049, Gradient 0.42275, Quantile 0.80171) | LR 2.50e-05
2026-06-25 00:23:45,905 INFO Epoch 78 | Batch 1150/1186 | Loss 4.15601 (NLL 4.21629 [logdet 1.37493, mahal 1.00349], L1 1.79070, Spectral 0.25724, Gradient 0.42532, Quantile 0.78637) | LR 2.50e-05
2026-06-25 00:23:52,958 INFO Epoch 78 | Val Loss 4.21732 (NLL 4.29550 [logdet 1.29734, mahal 1.16029], L1 1.79251, Spectral 0.25599, Gradient 0.42835, Quantile 0.87021)
2026-06-25 00:23:55,977 INFO Epoch 79 | Batch 50/1186 | Loss 4.12471 (NLL 4.19154 [logdet 1.33338, mahal 1.02029], L1 1.76556, Spectral 0.25815, Gradient 0.42701, Quantile 0.81120) | LR 2.50e-05
2026-06-25 00:23:58,915 INFO Epoch 79 | Batch 100/1186 | Loss 4.06361 (NLL 4.18455 [logdet 1.32875, mahal 1.01792], L1 1.72508, Spectral 0.25170, Gradient 0.42655, Quantile 0.74705) | LR 2.50e-05
2026-06-25 00:24:01,854 INFO Epoch 79 | Batch 150/1186 | Loss 4.09880 (NLL 4.20982 [logdet 1.34555, mahal 1.02639], L1 1.74130, Spectral 0.25137, Gradient 0.42754, Quantile 0.77369) | LR 2.50e-05
2026-06-25 00:24:04,792 INFO Epoch 79 | Batch 200/1186 | Loss 4.19075 (NLL 4.24622 [logdet 1.38969, mahal 1.01866], L1 1.80720, Spectral 0.26542, Gradient 0.43849, Quantile 0.79105) | LR 2.50e-05
2026-06-25 00:24:07,729 INFO Epoch 79 | Batch 250/1186 | Loss 4.18521 (NLL 4.22934 [logdet 1.35647, mahal 1.03499], L1 1.80743, Spectral 0.26027, Gradient 0.43053, Quantile 0.80778) | LR 2.50e-05
2026-06-25 00:24:10,653 INFO Epoch 79 | Batch 300/1186 | Loss 4.20094 (NLL 4.25831 [logdet 1.37064, mahal 1.04979], L1 1.81500, Spectral 0.26041, Gradient 0.43672, Quantile 0.78130) | LR 2.50e-05
2026-06-25 00:24:13,579 INFO Epoch 79 | Batch 350/1186 | Loss 4.22873 (NLL 4.26526 [logdet 1.40334, mahal 1.02405], L1 1.83141, Spectral 0.25445, Gradient 0.43197, Quantile 0.82052) | LR 2.50e-05
2026-06-25 00:24:16,502 INFO Epoch 79 | Batch 400/1186 | Loss 4.06380 (NLL 4.16161 [logdet 1.36278, mahal 0.96095], L1 1.72674, Spectral 0.25943, Gradient 0.42845, Quantile 0.78028) | LR 2.50e-05
2026-06-25 00:24:19,424 INFO Epoch 79 | Batch 450/1186 | Loss 4.21231 (NLL 4.25984 [logdet 1.36816, mahal 1.05381], L1 1.81808, Spectral 0.26072, Gradient 0.43173, Quantile 0.81224) | LR 2.50e-05
2026-06-25 00:24:22,350 INFO Epoch 79 | Batch 500/1186 | Loss 4.13083 (NLL 4.20598 [logdet 1.36299, mahal 1.00511], L1 1.77496, Spectral 0.25389, Gradient 0.42666, Quantile 0.77217) | LR 2.50e-05
2026-06-25 00:24:25,272 INFO Epoch 79 | Batch 550/1186 | Loss 4.05439 (NLL 4.16459 [logdet 1.33651, mahal 0.99019], L1 1.72451, Spectral 0.25466, Gradient 0.42219, Quantile 0.74944) | LR 2.50e-05
2026-06-25 00:24:28,193 INFO Epoch 79 | Batch 600/1186 | Loss 4.18087 (NLL 4.23261 [logdet 1.30503, mahal 1.08970], L1 1.80281, Spectral 0.25909, Gradient 0.43342, Quantile 0.80337) | LR 2.50e-05
2026-06-25 00:24:31,119 INFO Epoch 79 | Batch 650/1186 | Loss 4.15953 (NLL 4.23873 [logdet 1.39511, mahal 1.00575], L1 1.78629, Spectral 0.25804, Gradient 0.43886, Quantile 0.77170) | LR 2.50e-05
2026-06-25 00:24:34,043 INFO Epoch 79 | Batch 700/1186 | Loss 4.06900 (NLL 4.16256 [logdet 1.30481, mahal 1.01987], L1 1.73451, Spectral 0.25447, Gradient 0.42309, Quantile 0.77297) | LR 2.50e-05
2026-06-25 00:24:36,965 INFO Epoch 79 | Batch 750/1186 | Loss 4.16578 (NLL 4.24710 [logdet 1.36981, mahal 1.03942], L1 1.78475, Spectral 0.25551, Gradient 0.43156, Quantile 0.78948) | LR 2.50e-05
2026-06-25 00:24:39,889 INFO Epoch 79 | Batch 800/1186 | Loss 4.11679 (NLL 4.18014 [logdet 1.35681, mahal 0.98545], L1 1.77090, Spectral 0.25366, Gradient 0.42060, Quantile 0.78470) | LR 2.50e-05
2026-06-25 00:24:42,813 INFO Epoch 79 | Batch 850/1186 | Loss 4.11523 (NLL 4.19743 [logdet 1.32161, mahal 1.03794], L1 1.76108, Spectral 0.25538, Gradient 0.42779, Quantile 0.78117) | LR 2.50e-05
2026-06-25 00:24:45,737 INFO Epoch 79 | Batch 900/1186 | Loss 4.18236 (NLL 4.25060 [logdet 1.36893, mahal 1.04379], L1 1.79593, Spectral 0.25878, Gradient 0.43210, Quantile 0.80110) | LR 2.50e-05
2026-06-25 00:24:48,664 INFO Epoch 79 | Batch 950/1186 | Loss 4.20074 (NLL 4.25660 [logdet 1.37860, mahal 1.04012], L1 1.80816, Spectral 0.26488, Gradient 0.43195, Quantile 0.80768) | LR 2.50e-05
2026-06-25 00:24:51,590 INFO Epoch 79 | Batch 1000/1186 | Loss 4.06707 (NLL 4.16451 [logdet 1.34451, mahal 0.98212], L1 1.73882, Spectral 0.25580, Gradient 0.42752, Quantile 0.74157) | LR 2.50e-05
2026-06-25 00:24:54,516 INFO Epoch 79 | Batch 1050/1186 | Loss 4.12728 (NLL 4.19324 [logdet 1.31290, mahal 1.04246], L1 1.76569, Spectral 0.25724, Gradient 0.42994, Quantile 0.81874) | LR 2.50e-05
2026-06-25 00:24:57,508 INFO Epoch 79 | Batch 1100/1186 | Loss 4.11862 (NLL 4.20119 [logdet 1.34329, mahal 1.02002], L1 1.76272, Spectral 0.25929, Gradient 0.43440, Quantile 0.77639) | LR 2.50e-05
2026-06-25 00:25:00,517 INFO Epoch 79 | Batch 1150/1186 | Loss 4.16539 (NLL 4.24648 [logdet 1.34753, mahal 1.06107], L1 1.78100, Spectral 0.25653, Gradient 0.42575, Quantile 0.80371) | LR 2.50e-05
2026-06-25 00:25:07,648 INFO Epoch 79 | Val Loss 4.20637 (NLL 4.28328 [logdet 1.35075, mahal 1.09466], L1 1.78836, Spectral 0.25594, Gradient 0.42805, Quantile 0.86743)
2026-06-25 00:25:10,742 INFO Epoch 80 | Batch 50/1186 | Loss 4.10632 (NLL 4.19834 [logdet 1.35285, mahal 1.00761], L1 1.74542, Spectral 0.26192, Gradient 0.43344, Quantile 0.80021) | LR 2.50e-05
2026-06-25 00:25:13,758 INFO Epoch 80 | Batch 100/1186 | Loss 4.06949 (NLL 4.16896 [logdet 1.36775, mahal 0.96334], L1 1.73461, Spectral 0.25515, Gradient 0.43211, Quantile 0.76049) | LR 2.50e-05
2026-06-25 00:25:16,752 INFO Epoch 80 | Batch 150/1186 | Loss 4.11739 (NLL 4.18746 [logdet 1.32364, mahal 1.02594], L1 1.76724, Spectral 0.25214, Gradient 0.41995, Quantile 0.78885) | LR 2.50e-05
2026-06-25 00:25:19,748 INFO Epoch 80 | Batch 200/1186 | Loss 4.11363 (NLL 4.18637 [logdet 1.35661, mahal 0.99188], L1 1.76324, Spectral 0.26425, Gradient 0.43372, Quantile 0.77897) | LR 2.50e-05
2026-06-25 00:25:22,740 INFO Epoch 80 | Batch 250/1186 | Loss 4.20015 (NLL 4.26573 [logdet 1.35155, mahal 1.07631], L1 1.80575, Spectral 0.25533, Gradient 0.42826, Quantile 0.80653) | LR 2.50e-05
2026-06-25 00:25:25,743 INFO Epoch 80 | Batch 300/1186 | Loss 4.18708 (NLL 4.23619 [logdet 1.37220, mahal 1.02612], L1 1.81173, Spectral 0.24675, Gradient 0.42001, Quantile 0.79808) | LR 2.50e-05
2026-06-25 00:25:28,728 INFO Epoch 80 | Batch 350/1186 | Loss 4.11494 (NLL 4.18779 [logdet 1.37174, mahal 0.97817], L1 1.76080, Spectral 0.25983, Gradient 0.43551, Quantile 0.79630) | LR 2.50e-05
2026-06-25 00:25:31,724 INFO Epoch 80 | Batch 400/1186 | Loss 4.06253 (NLL 4.15508 [logdet 1.29762, mahal 1.01958], L1 1.73566, Spectral 0.25977, Gradient 0.42737, Quantile 0.75116) | LR 2.50e-05
2026-06-25 00:25:34,728 INFO Epoch 80 | Batch 450/1186 | Loss 4.10069 (NLL 4.18441 [logdet 1.32381, mahal 1.02273], L1 1.75184, Spectral 0.25857, Gradient 0.43293, Quantile 0.78273) | LR 2.50e-05
2026-06-25 00:25:37,727 INFO Epoch 80 | Batch 500/1186 | Loss 4.13880 (NLL 4.21894 [logdet 1.33919, mahal 1.04187], L1 1.77326, Spectral 0.25949, Gradient 0.42898, Quantile 0.77943) | LR 2.50e-05
2026-06-25 00:25:40,726 INFO Epoch 80 | Batch 550/1186 | Loss 4.18397 (NLL 4.24899 [logdet 1.36697, mahal 1.04414], L1 1.79694, Spectral 0.25577, Gradient 0.43480, Quantile 0.81013) | LR 2.50e-05
2026-06-25 00:25:43,725 INFO Epoch 80 | Batch 600/1186 | Loss 4.25365 (NLL 4.27940 [logdet 1.41991, mahal 1.02162], L1 1.84822, Spectral 0.25519, Gradient 0.42698, Quantile 0.82408) | LR 2.50e-05
2026-06-25 00:25:46,658 INFO Epoch 80 | Batch 650/1186 | Loss 4.11664 (NLL 4.20007 [logdet 1.39281, mahal 0.96938], L1 1.76002, Spectral 0.25425, Gradient 0.42747, Quantile 0.78714) | LR 2.50e-05
2026-06-25 00:25:49,563 INFO Epoch 80 | Batch 700/1186 | Loss 4.17547 (NLL 4.25258 [logdet 1.37164, mahal 1.04307], L1 1.79651, Spectral 0.26250, Gradient 0.43766, Quantile 0.76194) | LR 2.50e-05
2026-06-25 00:25:52,464 INFO Epoch 80 | Batch 750/1186 | Loss 4.14834 (NLL 4.22238 [logdet 1.37559, mahal 1.00891], L1 1.77362, Spectral 0.26259, Gradient 0.43450, Quantile 0.80698) | LR 2.50e-05
2026-06-25 00:25:55,365 INFO Epoch 80 | Batch 800/1186 | Loss 4.09155 (NLL 4.17805 [logdet 1.35679, mahal 0.98338], L1 1.74491, Spectral 0.25767, Gradient 0.42724, Quantile 0.78775) | LR 2.50e-05
2026-06-25 00:25:58,266 INFO Epoch 80 | Batch 850/1186 | Loss 4.25297 (NLL 4.29658 [logdet 1.35670, mahal 1.10201], L1 1.84668, Spectral 0.26630, Gradient 0.43945, Quantile 0.78000) | LR 2.50e-05
2026-06-25 00:26:01,168 INFO Epoch 80 | Batch 900/1186 | Loss 4.08317 (NLL 4.18639 [logdet 1.37861, mahal 0.96990], L1 1.73708, Spectral 0.25245, Gradient 0.42348, Quantile 0.77380) | LR 2.50e-05
2026-06-25 00:26:04,072 INFO Epoch 80 | Batch 950/1186 | Loss 4.11553 (NLL 4.19643 [logdet 1.33038, mahal 1.02817], L1 1.76430, Spectral 0.25688, Gradient 0.42948, Quantile 0.76953) | LR 2.50e-05
2026-06-25 00:26:06,974 INFO Epoch 80 | Batch 1000/1186 | Loss 4.19460 (NLL 4.24710 [logdet 1.34638, mahal 1.06284], L1 1.80736, Spectral 0.25991, Gradient 0.43323, Quantile 0.81054) | LR 2.50e-05
2026-06-25 00:26:09,876 INFO Epoch 80 | Batch 1050/1186 | Loss 4.08782 (NLL 4.20599 [logdet 1.36737, mahal 1.00074], L1 1.73626, Spectral 0.25279, Gradient 0.42325, Quantile 0.75546) | LR 2.50e-05
2026-06-25 00:26:12,780 INFO Epoch 80 | Batch 1100/1186 | Loss 4.21677 (NLL 4.25558 [logdet 1.39035, mahal 1.02736], L1 1.82659, Spectral 0.26116, Gradient 0.43733, Quantile 0.80374) | LR 2.50e-05
2026-06-25 00:26:15,684 INFO Epoch 80 | Batch 1150/1186 | Loss 4.12647 (NLL 4.20302 [logdet 1.35398, mahal 1.01116], L1 1.76607, Spectral 0.25022, Gradient 0.42515, Quantile 0.80105) | LR 2.50e-05
2026-06-25 00:26:23,616 INFO Epoch 80 | Val Loss 4.21012 (NLL 4.28510 [logdet 1.36312, mahal 1.08410], L1 1.79178, Spectral 0.25600, Gradient 0.42835, Quantile 0.86499)
2026-06-25 00:26:26,703 INFO Epoch 81 | Batch 50/1186 | Loss 4.03375 (NLL 4.16527 [logdet 1.33275, mahal 0.99464], L1 1.69965, Spectral 0.25517, Gradient 0.42959, Quantile 0.76490) | LR 2.50e-05
2026-06-25 00:26:29,719 INFO Epoch 81 | Batch 100/1186 | Loss 4.16831 (NLL 4.23526 [logdet 1.37077, mahal 1.02661], L1 1.78726, Spectral 0.25565, Gradient 0.42947, Quantile 0.81403) | LR 2.50e-05
2026-06-25 00:26:32,735 INFO Epoch 81 | Batch 150/1186 | Loss 4.16411 (NLL 4.22680 [logdet 1.35476, mahal 1.03416], L1 1.79515, Spectral 0.26253, Gradient 0.43898, Quantile 0.77388) | LR 2.50e-05
2026-06-25 00:26:35,750 INFO Epoch 81 | Batch 200/1186 | Loss 4.13484 (NLL 4.21456 [logdet 1.33746, mahal 1.03923], L1 1.77158, Spectral 0.25662, Gradient 0.43042, Quantile 0.78210) | LR 2.50e-05
2026-06-25 00:26:38,769 INFO Epoch 81 | Batch 250/1186 | Loss 4.11123 (NLL 4.18946 [logdet 1.33931, mahal 1.01228], L1 1.75868, Spectral 0.25808, Gradient 0.43196, Quantile 0.78813) | LR 2.50e-05
2026-06-25 00:26:41,787 INFO Epoch 81 | Batch 300/1186 | Loss 4.18420 (NLL 4.23185 [logdet 1.37369, mahal 1.02028], L1 1.81023, Spectral 0.25756, Gradient 0.43652, Quantile 0.78957) | LR 2.50e-05
2026-06-25 00:26:44,806 INFO Epoch 81 | Batch 350/1186 | Loss 4.08119 (NLL 4.17836 [logdet 1.32009, mahal 1.02039], L1 1.73793, Spectral 0.25300, Gradient 0.41974, Quantile 0.77818) | LR 2.50e-05
2026-06-25 00:26:47,822 INFO Epoch 81 | Batch 400/1186 | Loss 4.10815 (NLL 4.19483 [logdet 1.31624, mahal 1.04071], L1 1.75474, Spectral 0.25494, Gradient 0.43039, Quantile 0.78394) | LR 2.50e-05
2026-06-25 00:26:50,836 INFO Epoch 81 | Batch 450/1186 | Loss 4.07622 (NLL 4.17905 [logdet 1.33042, mahal 1.01076], L1 1.73707, Spectral 0.26018, Gradient 0.42987, Quantile 0.75190) | LR 2.50e-05
2026-06-25 00:26:53,853 INFO Epoch 81 | Batch 500/1186 | Loss 4.19312 (NLL 4.26573 [logdet 1.36844, mahal 1.05941], L1 1.79519, Spectral 0.25828, Gradient 0.43270, Quantile 0.81798) | LR 2.50e-05
2026-06-25 00:26:56,870 INFO Epoch 81 | Batch 550/1186 | Loss 4.12641 (NLL 4.19508 [logdet 1.35239, mahal 1.00481], L1 1.77276, Spectral 0.25486, Gradient 0.42349, Quantile 0.78457) | LR 2.50e-05
2026-06-25 00:26:59,886 INFO Epoch 81 | Batch 600/1186 | Loss 4.09161 (NLL 4.18061 [logdet 1.31821, mahal 1.02453], L1 1.74773, Spectral 0.25767, Gradient 0.42901, Quantile 0.77100) | LR 2.50e-05
2026-06-25 00:27:02,904 INFO Epoch 81 | Batch 650/1186 | Loss 4.20320 (NLL 4.26491 [logdet 1.39225, mahal 1.03478], L1 1.81398, Spectral 0.25582, Gradient 0.42845, Quantile 0.78622) | LR 2.50e-05
2026-06-25 00:27:05,922 INFO Epoch 81 | Batch 700/1186 | Loss 4.17895 (NLL 4.23925 [logdet 1.36117, mahal 1.04020], L1 1.80184, Spectral 0.25500, Gradient 0.42637, Quantile 0.79013) | LR 2.50e-05
2026-06-25 00:27:08,940 INFO Epoch 81 | Batch 750/1186 | Loss 4.16085 (NLL 4.21232 [logdet 1.36389, mahal 1.01055], L1 1.79347, Spectral 0.26029, Gradient 0.43577, Quantile 0.79980) | LR 2.50e-05
2026-06-25 00:27:11,961 INFO Epoch 81 | Batch 800/1186 | Loss 4.14096 (NLL 4.22231 [logdet 1.34735, mahal 1.03709], L1 1.77131, Spectral 0.25577, Gradient 0.42873, Quantile 0.79342) | LR 2.50e-05
2026-06-25 00:27:14,978 INFO Epoch 81 | Batch 850/1186 | Loss 4.12952 (NLL 4.20755 [logdet 1.36112, mahal 1.00855], L1 1.77067, Spectral 0.25702, Gradient 0.43435, Quantile 0.77784) | LR 2.50e-05
2026-06-25 00:27:17,994 INFO Epoch 81 | Batch 900/1186 | Loss 4.09572 (NLL 4.18700 [logdet 1.35580, mahal 0.99332], L1 1.74694, Spectral 0.25735, Gradient 0.42611, Quantile 0.77846) | LR 2.50e-05
2026-06-25 00:27:21,015 INFO Epoch 81 | Batch 950/1186 | Loss 4.18375 (NLL 4.25568 [logdet 1.38278, mahal 1.03503], L1 1.79524, Spectral 0.25918, Gradient 0.42871, Quantile 0.79880) | LR 2.50e-05
2026-06-25 00:27:24,034 INFO Epoch 81 | Batch 1000/1186 | Loss 4.16544 (NLL 4.21761 [logdet 1.35660, mahal 1.02313], L1 1.79861, Spectral 0.26215, Gradient 0.43414, Quantile 0.78459) | LR 2.50e-05
2026-06-25 00:27:27,053 INFO Epoch 81 | Batch 1050/1186 | Loss 4.21210 (NLL 4.25401 [logdet 1.39071, mahal 1.02543], L1 1.81806, Spectral 0.26032, Gradient 0.43392, Quantile 0.82394) | LR 2.50e-05
2026-06-25 00:27:30,073 INFO Epoch 81 | Batch 1100/1186 | Loss 4.17800 (NLL 4.21910 [logdet 1.38283, mahal 0.99839], L1 1.80995, Spectral 0.25754, Gradient 0.42903, Quantile 0.79159) | LR 2.50e-05
2026-06-25 00:27:33,094 INFO Epoch 81 | Batch 1150/1186 | Loss 4.08572 (NLL 4.19289 [logdet 1.33359, mahal 1.02143], L1 1.74113, Spectral 0.24992, Gradient 0.41744, Quantile 0.75689) | LR 2.50e-05
2026-06-25 00:27:40,236 INFO Epoch 81 | Val Loss 4.20245 (NLL 4.28069 [logdet 1.36191, mahal 1.08090], L1 1.78847, Spectral 0.25600, Gradient 0.42838, Quantile 0.85599)
2026-06-25 00:27:43,323 INFO Epoch 82 | Batch 50/1186 | Loss 4.15414 (NLL 4.22615 [logdet 1.36757, mahal 1.02070], L1 1.78764, Spectral 0.25442, Gradient 0.42372, Quantile 0.77392) | LR 2.50e-05
2026-06-25 00:27:46,348 INFO Epoch 82 | Batch 100/1186 | Loss 4.24589 (NLL 4.27055 [logdet 1.37798, mahal 1.05469], L1 1.84207, Spectral 0.26367, Gradient 0.44284, Quantile 0.82652) | LR 2.50e-05
2026-06-25 00:27:49,369 INFO Epoch 82 | Batch 150/1186 | Loss 3.98477 (NLL 4.11233 [logdet 1.31953, mahal 0.95492], L1 1.68067, Spectral 0.25147, Gradient 0.41539, Quantile 0.75438) | LR 2.50e-05
2026-06-25 00:27:52,393 INFO Epoch 82 | Batch 200/1186 | Loss 4.17666 (NLL 4.24974 [logdet 1.34406, mahal 1.06780], L1 1.78957, Spectral 0.25638, Gradient 0.43382, Quantile 0.80820) | LR 2.50e-05
2026-06-25 00:27:55,416 INFO Epoch 82 | Batch 250/1186 | Loss 4.08961 (NLL 4.18713 [logdet 1.33331, mahal 1.01595], L1 1.74724, Spectral 0.25423, Gradient 0.42617, Quantile 0.75490) | LR 2.50e-05
2026-06-25 00:27:58,442 INFO Epoch 82 | Batch 300/1186 | Loss 4.14847 (NLL 4.22357 [logdet 1.35531, mahal 1.03039], L1 1.77663, Spectral 0.26327, Gradient 0.43386, Quantile 0.79183) | LR 2.50e-05
2026-06-25 00:28:01,468 INFO Epoch 82 | Batch 350/1186 | Loss 4.15077 (NLL 4.22359 [logdet 1.34179, mahal 1.04393], L1 1.77834, Spectral 0.26513, Gradient 0.43536, Quantile 0.79222) | LR 2.50e-05
2026-06-25 00:28:04,492 INFO Epoch 82 | Batch 400/1186 | Loss 4.18213 (NLL 4.22396 [logdet 1.38278, mahal 1.00330], L1 1.80911, Spectral 0.25996, Gradient 0.43260, Quantile 0.79947) | LR 2.50e-05
2026-06-25 00:28:07,517 INFO Epoch 82 | Batch 450/1186 | Loss 4.09509 (NLL 4.18620 [logdet 1.33393, mahal 1.01440], L1 1.74546, Spectral 0.25241, Gradient 0.42349, Quantile 0.78891) | LR 2.50e-05
2026-06-25 00:28:10,540 INFO Epoch 82 | Batch 500/1186 | Loss 4.15013 (NLL 4.21530 [logdet 1.34638, mahal 1.03104], L1 1.78354, Spectral 0.25825, Gradient 0.42697, Quantile 0.79268) | LR 2.50e-05
2026-06-25 00:28:13,561 INFO Epoch 82 | Batch 550/1186 | Loss 4.07909 (NLL 4.19601 [logdet 1.34752, mahal 1.01061], L1 1.73126, Spectral 0.25365, Gradient 0.42372, Quantile 0.75981) | LR 2.50e-05
2026-06-25 00:28:16,587 INFO Epoch 82 | Batch 600/1186 | Loss 4.06083 (NLL 4.15314 [logdet 1.32505, mahal 0.99021], L1 1.72832, Spectral 0.25587, Gradient 0.42344, Quantile 0.78283) | LR 2.50e-05
2026-06-25 00:28:19,611 INFO Epoch 82 | Batch 650/1186 | Loss 4.10951 (NLL 4.20406 [logdet 1.34465, mahal 1.02152], L1 1.75578, Spectral 0.25434, Gradient 0.42988, Quantile 0.76675) | LR 2.50e-05
2026-06-25 00:28:22,640 INFO Epoch 82 | Batch 700/1186 | Loss 4.24839 (NLL 4.27654 [logdet 1.36218, mahal 1.07649], L1 1.84907, Spectral 0.26039, Gradient 0.44028, Quantile 0.79892) | LR 2.50e-05
2026-06-25 00:28:25,665 INFO Epoch 82 | Batch 750/1186 | Loss 4.19437 (NLL 4.23863 [logdet 1.42302, mahal 0.97773], L1 1.81101, Spectral 0.25857, Gradient 0.43755, Quantile 0.81335) | LR 2.50e-05
2026-06-25 00:28:28,692 INFO Epoch 82 | Batch 800/1186 | Loss 4.18546 (NLL 4.23944 [logdet 1.38178, mahal 1.01979], L1 1.81201, Spectral 0.25571, Gradient 0.42741, Quantile 0.77376) | LR 2.50e-05
2026-06-25 00:28:31,717 INFO Epoch 82 | Batch 850/1186 | Loss 4.16672 (NLL 4.23021 [logdet 1.37367, mahal 1.01867], L1 1.78514, Spectral 0.26013, Gradient 0.43894, Quantile 0.82177) | LR 2.50e-05
2026-06-25 00:28:34,739 INFO Epoch 82 | Batch 900/1186 | Loss 4.18242 (NLL 4.23901 [logdet 1.36242, mahal 1.03871], L1 1.80744, Spectral 0.25644, Gradient 0.42790, Quantile 0.78024) | LR 2.50e-05
2026-06-25 00:28:37,764 INFO Epoch 82 | Batch 950/1186 | Loss 4.09431 (NLL 4.17954 [logdet 1.36955, mahal 0.97211], L1 1.74908, Spectral 0.24719, Gradient 0.42559, Quantile 0.79009) | LR 2.50e-05
2026-06-25 00:28:40,690 INFO Epoch 82 | Batch 1000/1186 | Loss 4.14947 (NLL 4.23503 [logdet 1.35819, mahal 1.03896], L1 1.77425, Spectral 0.25486, Gradient 0.42879, Quantile 0.79115) | LR 2.50e-05
2026-06-25 00:28:43,729 INFO Epoch 82 | Batch 1050/1186 | Loss 4.16659 (NLL 4.23115 [logdet 1.35030, mahal 1.04297], L1 1.79167, Spectral 0.26295, Gradient 0.43366, Quantile 0.78922) | LR 2.50e-05
2026-06-25 00:28:47,563 INFO Epoch 82 | Batch 1100/1186 | Loss 3.98588 (NLL 4.12534 [logdet 1.30613, mahal 0.98134], L1 1.67744, Spectral 0.25550, Gradient 0.42405, Quantile 0.74095) | LR 2.50e-05
2026-06-25 00:28:50,466 INFO Epoch 82 | Batch 1150/1186 | Loss 4.17595 (NLL 4.24831 [logdet 1.35584, mahal 1.05460], L1 1.78968, Spectral 0.25940, Gradient 0.43478, Quantile 0.80452) | LR 2.50e-05
2026-06-25 00:28:57,460 INFO Epoch 82 | Val Loss 4.20652 (NLL 4.28196 [logdet 1.37243, mahal 1.07165], L1 1.78958, Spectral 0.25611, Gradient 0.42882, Quantile 0.86557)
2026-06-25 00:29:00,459 INFO Epoch 83 | Batch 50/1186 | Loss 4.06999 (NLL 4.17414 [logdet 1.34977, mahal 0.98649], L1 1.72850, Spectral 0.25522, Gradient 0.42533, Quantile 0.77720) | LR 2.50e-05
2026-06-25 00:29:03,400 INFO Epoch 83 | Batch 100/1186 | Loss 4.20102 (NLL 4.24837 [logdet 1.35641, mahal 1.05408], L1 1.81820, Spectral 0.26046, Gradient 0.43121, Quantile 0.78901) | LR 2.50e-05
2026-06-25 00:29:06,336 INFO Epoch 83 | Batch 150/1186 | Loss 4.09089 (NLL 4.19073 [logdet 1.31176, mahal 1.04110], L1 1.74016, Spectral 0.25890, Gradient 0.42127, Quantile 0.77721) | LR 2.50e-05
2026-06-25 00:29:09,276 INFO Epoch 83 | Batch 200/1186 | Loss 4.15898 (NLL 4.23761 [logdet 1.36021, mahal 1.03952], L1 1.78721, Spectral 0.25621, Gradient 0.43636, Quantile 0.76995) | LR 2.50e-05
2026-06-25 00:29:12,211 INFO Epoch 83 | Batch 250/1186 | Loss 4.13870 (NLL 4.21782 [logdet 1.39288, mahal 0.98706], L1 1.77358, Spectral 0.24891, Gradient 0.41928, Quantile 0.79143) | LR 2.50e-05
2026-06-25 00:29:15,130 INFO Epoch 83 | Batch 300/1186 | Loss 4.12828 (NLL 4.20378 [logdet 1.32539, mahal 1.04051], L1 1.76736, Spectral 0.25628, Gradient 0.42830, Quantile 0.79512) | LR 2.50e-05
2026-06-25 00:29:18,047 INFO Epoch 83 | Batch 350/1186 | Loss 4.04036 (NLL 4.13263 [logdet 1.34196, mahal 0.95279], L1 1.72492, Spectral 0.25355, Gradient 0.42228, Quantile 0.75706) | LR 2.50e-05
2026-06-25 00:29:20,965 INFO Epoch 83 | Batch 400/1186 | Loss 4.07278 (NLL 4.18395 [logdet 1.30870, mahal 1.03737], L1 1.72520, Spectral 0.25800, Gradient 0.42630, Quantile 0.77908) | LR 2.50e-05
2026-06-25 00:29:23,884 INFO Epoch 83 | Batch 450/1186 | Loss 4.10501 (NLL 4.18567 [logdet 1.33881, mahal 1.00898], L1 1.75427, Spectral 0.26355, Gradient 0.43421, Quantile 0.78263) | LR 2.50e-05
2026-06-25 00:29:26,805 INFO Epoch 83 | Batch 500/1186 | Loss 4.06052 (NLL 4.17323 [logdet 1.30487, mahal 1.03048], L1 1.71913, Spectral 0.25494, Gradient 0.42604, Quantile 0.77889) | LR 2.50e-05
2026-06-25 00:29:29,724 INFO Epoch 83 | Batch 550/1186 | Loss 4.17929 (NLL 4.22401 [logdet 1.34797, mahal 1.03816], L1 1.80301, Spectral 0.25926, Gradient 0.43331, Quantile 0.81365) | LR 2.50e-05
2026-06-25 00:29:32,644 INFO Epoch 83 | Batch 600/1186 | Loss 4.02998 (NLL 4.13183 [logdet 1.32002, mahal 0.97394], L1 1.71878, Spectral 0.24898, Gradient 0.42092, Quantile 0.74601) | LR 2.50e-05
2026-06-25 00:29:35,564 INFO Epoch 83 | Batch 650/1186 | Loss 4.09792 (NLL 4.19350 [logdet 1.34178, mahal 1.01384], L1 1.75088, Spectral 0.25246, Gradient 0.42519, Quantile 0.76298) | LR 2.50e-05
2026-06-25 00:29:38,482 INFO Epoch 83 | Batch 700/1186 | Loss 4.16428 (NLL 4.23798 [logdet 1.34996, mahal 1.05015], L1 1.78956, Spectral 0.25689, Gradient 0.43367, Quantile 0.78067) | LR 2.50e-05
2026-06-25 00:29:41,399 INFO Epoch 83 | Batch 750/1186 | Loss 4.22974 (NLL 4.26048 [logdet 1.39492, mahal 1.02768], L1 1.83152, Spectral 0.26058, Gradient 0.43597, Quantile 0.82755) | LR 2.50e-05
2026-06-25 00:29:44,320 INFO Epoch 83 | Batch 800/1186 | Loss 4.04545 (NLL 4.14268 [logdet 1.34133, mahal 0.96347], L1 1.72500, Spectral 0.25901, Gradient 0.42842, Quantile 0.75105) | LR 2.50e-05
2026-06-25 00:29:47,237 INFO Epoch 83 | Batch 850/1186 | Loss 4.22149 (NLL 4.28339 [logdet 1.35705, mahal 1.08846], L1 1.82116, Spectral 0.25917, Gradient 0.43751, Quantile 0.79027) | LR 2.50e-05
2026-06-25 00:29:50,154 INFO Epoch 83 | Batch 900/1186 | Loss 4.16146 (NLL 4.22192 [logdet 1.36905, mahal 1.01499], L1 1.79447, Spectral 0.25336, Gradient 0.43087, Quantile 0.78576) | LR 2.50e-05
2026-06-25 00:29:53,071 INFO Epoch 83 | Batch 950/1186 | Loss 4.23893 (NLL 4.26941 [logdet 1.39024, mahal 1.04129], L1 1.83405, Spectral 0.26375, Gradient 0.43744, Quantile 0.83325) | LR 2.50e-05
2026-06-25 00:29:55,991 INFO Epoch 83 | Batch 1000/1186 | Loss 4.12763 (NLL 4.20065 [logdet 1.34588, mahal 1.01689], L1 1.77003, Spectral 0.26299, Gradient 0.43933, Quantile 0.78051) | LR 2.50e-05
2026-06-25 00:29:58,910 INFO Epoch 83 | Batch 1050/1186 | Loss 4.18360 (NLL 4.26468 [logdet 1.40726, mahal 1.01954], L1 1.79129, Spectral 0.25663, Gradient 0.44148, Quantile 0.79847) | LR 2.50e-05
2026-06-25 00:30:01,827 INFO Epoch 83 | Batch 1100/1186 | Loss 4.24613 (NLL 4.29676 [logdet 1.40095, mahal 1.05793], L1 1.83470, Spectral 0.25875, Gradient 0.43247, Quantile 0.80914) | LR 2.50e-05
2026-06-25 00:30:04,747 INFO Epoch 83 | Batch 1150/1186 | Loss 4.10421 (NLL 4.20570 [logdet 1.38566, mahal 0.98217], L1 1.74706, Spectral 0.25373, Gradient 0.42018, Quantile 0.77833) | LR 2.50e-05
2026-06-25 00:30:11,807 INFO Epoch 83 | Val Loss 4.20309 (NLL 4.27946 [logdet 1.37084, mahal 1.07075], L1 1.78902, Spectral 0.25610, Gradient 0.42876, Quantile 0.85886)
2026-06-25 00:30:14,832 INFO Epoch 84 | Batch 50/1186 | Loss 4.10142 (NLL 4.19832 [logdet 1.39013, mahal 0.97031], L1 1.74966, Spectral 0.25563, Gradient 0.42911, Quantile 0.76911) | LR 2.50e-05
2026-06-25 00:30:17,769 INFO Epoch 84 | Batch 100/1186 | Loss 4.19168 (NLL 4.25427 [logdet 1.36197, mahal 1.05442], L1 1.80448, Spectral 0.25975, Gradient 0.42955, Quantile 0.79569) | LR 2.50e-05
2026-06-25 00:30:20,775 INFO Epoch 84 | Batch 150/1186 | Loss 4.20948 (NLL 4.26026 [logdet 1.39133, mahal 1.03105], L1 1.81687, Spectral 0.25761, Gradient 0.43153, Quantile 0.80798) | LR 2.50e-05
2026-06-25 00:30:24,249 INFO Epoch 84 | Batch 200/1186 | Loss 4.09592 (NLL 4.18598 [logdet 1.35224, mahal 0.99586], L1 1.75034, Spectral 0.25867, Gradient 0.42904, Quantile 0.76582) | LR 2.50e-05
2026-06-25 00:30:27,150 INFO Epoch 84 | Batch 250/1186 | Loss 4.13134 (NLL 4.19645 [logdet 1.33213, mahal 1.02644], L1 1.77567, Spectral 0.26344, Gradient 0.43442, Quantile 0.78081) | LR 2.50e-05
2026-06-25 00:30:30,051 INFO Epoch 84 | Batch 300/1186 | Loss 4.08884 (NLL 4.17831 [logdet 1.32276, mahal 1.01767], L1 1.74755, Spectral 0.25557, Gradient 0.42896, Quantile 0.76729) | LR 2.50e-05
2026-06-25 00:30:32,956 INFO Epoch 84 | Batch 350/1186 | Loss 4.14006 (NLL 4.20916 [logdet 1.35348, mahal 1.01780], L1 1.77926, Spectral 0.25341, Gradient 0.42932, Quantile 0.78650) | LR 2.50e-05
2026-06-25 00:30:35,860 INFO Epoch 84 | Batch 400/1186 | Loss 4.10088 (NLL 4.19862 [logdet 1.34590, mahal 1.01485], L1 1.74379, Spectral 0.26679, Gradient 0.43741, Quantile 0.77858) | LR 2.50e-05
2026-06-25 00:30:38,763 INFO Epoch 84 | Batch 450/1186 | Loss 4.13258 (NLL 4.23177 [logdet 1.34457, mahal 1.04933], L1 1.76189, Spectral 0.25245, Gradient 0.42343, Quantile 0.78175) | LR 2.50e-05
2026-06-25 00:30:41,668 INFO Epoch 84 | Batch 500/1186 | Loss 4.12546 (NLL 4.22276 [logdet 1.37092, mahal 1.01396], L1 1.76113, Spectral 0.25971, Gradient 0.43179, Quantile 0.76617) | LR 2.50e-05
2026-06-25 00:30:44,569 INFO Epoch 84 | Batch 550/1186 | Loss 4.16460 (NLL 4.23571 [logdet 1.34671, mahal 1.05113], L1 1.78657, Spectral 0.25910, Gradient 0.43151, Quantile 0.79680) | LR 2.50e-05
2026-06-25 00:30:47,469 INFO Epoch 84 | Batch 600/1186 | Loss 4.15281 (NLL 4.20801 [logdet 1.36441, mahal 1.00573], L1 1.79020, Spectral 0.25346, Gradient 0.42355, Quantile 0.79645) | LR 2.50e-05
2026-06-25 00:30:50,371 INFO Epoch 84 | Batch 650/1186 | Loss 4.23898 (NLL 4.25965 [logdet 1.38437, mahal 1.03741], L1 1.84360, Spectral 0.25806, Gradient 0.42985, Quantile 0.82027) | LR 2.50e-05
2026-06-25 00:30:53,274 INFO Epoch 84 | Batch 700/1186 | Loss 4.10917 (NLL 4.18852 [logdet 1.34135, mahal 1.00930], L1 1.75156, Spectral 0.26277, Gradient 0.43501, Quantile 0.80600) | LR 2.50e-05
2026-06-25 00:30:56,176 INFO Epoch 84 | Batch 750/1186 | Loss 4.13092 (NLL 4.20121 [logdet 1.34230, mahal 1.02103], L1 1.77328, Spectral 0.25884, Gradient 0.43352, Quantile 0.78406) | LR 2.50e-05
2026-06-25 00:30:59,083 INFO Epoch 84 | Batch 800/1186 | Loss 4.10844 (NLL 4.20057 [logdet 1.35100, mahal 1.01170], L1 1.75416, Spectral 0.25729, Gradient 0.43612, Quantile 0.77308) | LR 2.50e-05
2026-06-25 00:31:02,047 INFO Epoch 84 | Batch 850/1186 | Loss 4.06190 (NLL 4.16635 [logdet 1.30744, mahal 1.02103], L1 1.72753, Spectral 0.25031, Gradient 0.41987, Quantile 0.76908) | LR 2.50e-05
2026-06-25 00:31:05,554 INFO Epoch 84 | Batch 900/1186 | Loss 4.20453 (NLL 4.26117 [logdet 1.38343, mahal 1.03986], L1 1.81093, Spectral 0.25911, Gradient 0.43169, Quantile 0.80859) | LR 2.50e-05
2026-06-25 00:31:08,454 INFO Epoch 84 | Batch 950/1186 | Loss 4.13310 (NLL 4.21161 [logdet 1.40499, mahal 0.96874], L1 1.77396, Spectral 0.25689, Gradient 0.43035, Quantile 0.77082) | LR 2.50e-05
2026-06-25 00:31:11,355 INFO Epoch 84 | Batch 1000/1186 | Loss 4.23218 (NLL 4.27120 [logdet 1.36072, mahal 1.07260], L1 1.83158, Spectral 0.24977, Gradient 0.43158, Quantile 0.82682) | LR 2.50e-05
2026-06-25 00:31:14,255 INFO Epoch 84 | Batch 1050/1186 | Loss 4.08308 (NLL 4.18039 [logdet 1.37675, mahal 0.96577], L1 1.74082, Spectral 0.25467, Gradient 0.42536, Quantile 0.76797) | LR 2.50e-05
2026-06-25 00:31:17,157 INFO Epoch 84 | Batch 1100/1186 | Loss 4.08874 (NLL 4.19169 [logdet 1.34020, mahal 1.01361], L1 1.74089, Spectral 0.25093, Gradient 0.42481, Quantile 0.77178) | LR 2.50e-05
2026-06-25 00:31:20,059 INFO Epoch 84 | Batch 1150/1186 | Loss 4.11550 (NLL 4.18598 [logdet 1.31934, mahal 1.02877], L1 1.76462, Spectral 0.26241, Gradient 0.43684, Quantile 0.78372) | LR 2.50e-05
2026-06-25 00:31:27,028 INFO Epoch 84 | Val Loss 4.20517 (NLL 4.28479 [logdet 1.35599, mahal 1.09092], L1 1.79674, Spectral 0.25597, Gradient 0.42908, Quantile 0.82450)
2026-06-25 00:31:30,025 INFO Epoch 85 | Batch 50/1186 | Loss 4.15418 (NLL 4.22199 [logdet 1.36700, mahal 1.01712], L1 1.78564, Spectral 0.26427, Gradient 0.43839, Quantile 0.78028) | LR 2.50e-05
2026-06-25 00:31:32,961 INFO Epoch 85 | Batch 100/1186 | Loss 4.09813 (NLL 4.18523 [logdet 1.35111, mahal 0.99624], L1 1.75348, Spectral 0.25668, Gradient 0.42925, Quantile 0.76565) | LR 2.50e-05
2026-06-25 00:31:35,892 INFO Epoch 85 | Batch 150/1186 | Loss 4.19467 (NLL 4.26461 [logdet 1.37911, mahal 1.04762], L1 1.80043, Spectral 0.26287, Gradient 0.44197, Quantile 0.79998) | LR 2.50e-05
2026-06-25 00:31:38,825 INFO Epoch 85 | Batch 200/1186 | Loss 4.08787 (NLL 4.19446 [logdet 1.35690, mahal 0.99968], L1 1.73626, Spectral 0.25541, Gradient 0.42861, Quantile 0.77677) | LR 2.50e-05
2026-06-25 00:31:41,757 INFO Epoch 85 | Batch 250/1186 | Loss 4.14352 (NLL 4.20838 [logdet 1.35016, mahal 1.02034], L1 1.78430, Spectral 0.25400, Gradient 0.42240, Quantile 0.78106) | LR 2.50e-05
2026-06-25 00:31:44,686 INFO Epoch 85 | Batch 300/1186 | Loss 4.04542 (NLL 4.15942 [logdet 1.29430, mahal 1.02725], L1 1.71844, Spectral 0.25349, Gradient 0.42453, Quantile 0.74936) | LR 2.50e-05
2026-06-25 00:31:47,619 INFO Epoch 85 | Batch 350/1186 | Loss 4.11601 (NLL 4.18510 [logdet 1.35131, mahal 0.99592], L1 1.76357, Spectral 0.26672, Gradient 0.43758, Quantile 0.78741) | LR 2.50e-05
2026-06-25 00:31:50,551 INFO Epoch 85 | Batch 400/1186 | Loss 4.16452 (NLL 4.21842 [logdet 1.32445, mahal 1.05610], L1 1.79615, Spectral 0.25565, Gradient 0.42756, Quantile 0.79636) | LR 2.50e-05
2026-06-25 00:31:53,483 INFO Epoch 85 | Batch 450/1186 | Loss 4.12582 (NLL 4.22038 [logdet 1.36106, mahal 1.02144], L1 1.76194, Spectral 0.25128, Gradient 0.42268, Quantile 0.77840) | LR 2.50e-05
2026-06-25 00:31:56,414 INFO Epoch 85 | Batch 500/1186 | Loss 4.12031 (NLL 4.20538 [logdet 1.34347, mahal 1.02404], L1 1.76209, Spectral 0.25430, Gradient 0.42554, Quantile 0.78273) | LR 2.50e-05
2026-06-25 00:31:59,342 INFO Epoch 85 | Batch 550/1186 | Loss 4.13258 (NLL 4.20062 [logdet 1.38478, mahal 0.97796], L1 1.77839, Spectral 0.26096, Gradient 0.43291, Quantile 0.76870) | LR 2.50e-05
2026-06-25 00:32:02,276 INFO Epoch 85 | Batch 600/1186 | Loss 4.14715 (NLL 4.21721 [logdet 1.34988, mahal 1.02946], L1 1.78109, Spectral 0.25506, Gradient 0.42715, Quantile 0.78990) | LR 2.50e-05
2026-06-25 00:32:05,207 INFO Epoch 85 | Batch 650/1186 | Loss 4.23574 (NLL 4.29597 [logdet 1.39490, mahal 1.06319], L1 1.82556, Spectral 0.25809, Gradient 0.43428, Quantile 0.80624) | LR 2.50e-05
2026-06-25 00:32:08,139 INFO Epoch 85 | Batch 700/1186 | Loss 4.06014 (NLL 4.15338 [logdet 1.33712, mahal 0.97839], L1 1.73223, Spectral 0.25573, Gradient 0.42806, Quantile 0.76328) | LR 2.50e-05
2026-06-25 00:32:11,075 INFO Epoch 85 | Batch 750/1186 | Loss 4.21538 (NLL 4.27931 [logdet 1.36740, mahal 1.07403], L1 1.81272, Spectral 0.26181, Gradient 0.43875, Quantile 0.80558) | LR 2.50e-05
2026-06-25 00:32:14,005 INFO Epoch 85 | Batch 800/1186 | Loss 4.13495 (NLL 4.21643 [logdet 1.36364, mahal 1.01491], L1 1.76784, Spectral 0.26217, Gradient 0.43321, Quantile 0.78820) | LR 2.50e-05
2026-06-25 00:32:16,938 INFO Epoch 85 | Batch 850/1186 | Loss 4.06508 (NLL 4.15291 [logdet 1.35625, mahal 0.95877], L1 1.73293, Spectral 0.25688, Gradient 0.43004, Quantile 0.78063) | LR 2.50e-05
2026-06-25 00:32:19,870 INFO Epoch 85 | Batch 900/1186 | Loss 4.16537 (NLL 4.22404 [logdet 1.32609, mahal 1.06007], L1 1.79209, Spectral 0.26052, Gradient 0.43266, Quantile 0.79977) | LR 2.50e-05
2026-06-25 00:32:22,799 INFO Epoch 85 | Batch 950/1186 | Loss 4.07538 (NLL 4.17229 [logdet 1.33350, mahal 1.00092], L1 1.73643, Spectral 0.25496, Gradient 0.43046, Quantile 0.77066) | LR 2.50e-05
2026-06-25 00:32:25,731 INFO Epoch 85 | Batch 1000/1186 | Loss 4.22085 (NLL 4.29060 [logdet 1.36968, mahal 1.08305], L1 1.81473, Spectral 0.25239, Gradient 0.43312, Quantile 0.80666) | LR 2.50e-05
2026-06-25 00:32:28,664 INFO Epoch 85 | Batch 1050/1186 | Loss 4.21082 (NLL 4.26190 [logdet 1.41991, mahal 1.00411], L1 1.82218, Spectral 0.25474, Gradient 0.42532, Quantile 0.79122) | LR 2.50e-05
2026-06-25 00:32:31,597 INFO Epoch 85 | Batch 1100/1186 | Loss 4.18781 (NLL 4.23586 [logdet 1.40615, mahal 0.99183], L1 1.80141, Spectral 0.25432, Gradient 0.42763, Quantile 0.83638) | LR 2.50e-05
2026-06-25 00:32:34,530 INFO Epoch 85 | Batch 1150/1186 | Loss 4.06930 (NLL 4.17198 [logdet 1.35315, mahal 0.98095], L1 1.73372, Spectral 0.25523, Gradient 0.42621, Quantile 0.75713) | LR 2.50e-05
2026-06-25 00:32:41,597 INFO Epoch 85 | Val Loss 4.20298 (NLL 4.28928 [logdet 1.30933, mahal 1.14206], L1 1.79079, Spectral 0.25607, Gradient 0.42887, Quantile 0.83074)
2026-06-25 00:32:44,678 INFO Epoch 86 | Batch 50/1186 | Loss 4.11348 (NLL 4.18251 [logdet 1.33755, mahal 1.00708], L1 1.77108, Spectral 0.25646, Gradient 0.42603, Quantile 0.76227) | LR 2.50e-05
2026-06-25 00:32:47,683 INFO Epoch 86 | Batch 100/1186 | Loss 4.20012 (NLL 4.24971 [logdet 1.34066, mahal 1.07118], L1 1.81243, Spectral 0.26276, Gradient 0.43567, Quantile 0.80387) | LR 2.50e-05
2026-06-25 00:32:50,690 INFO Epoch 86 | Batch 150/1186 | Loss 4.05338 (NLL 4.16517 [logdet 1.35808, mahal 0.96921], L1 1.71823, Spectral 0.25928, Gradient 0.42895, Quantile 0.76504) | LR 2.50e-05
2026-06-25 00:32:53,690 INFO Epoch 86 | Batch 200/1186 | Loss 4.12233 (NLL 4.21261 [logdet 1.33957, mahal 1.03516], L1 1.76048, Spectral 0.26551, Gradient 0.43619, Quantile 0.77068) | LR 2.50e-05
2026-06-25 00:32:56,689 INFO Epoch 86 | Batch 250/1186 | Loss 4.20337 (NLL 4.24236 [logdet 1.36067, mahal 1.04381], L1 1.81474, Spectral 0.26394, Gradient 0.44266, Quantile 0.82169) | LR 2.50e-05
2026-06-25 00:32:59,689 INFO Epoch 86 | Batch 300/1186 | Loss 4.15454 (NLL 4.22573 [logdet 1.38286, mahal 1.00499], L1 1.78900, Spectral 0.25676, Gradient 0.42851, Quantile 0.76827) | LR 2.50e-05
2026-06-25 00:33:02,687 INFO Epoch 86 | Batch 350/1186 | Loss 4.21096 (NLL 4.26050 [logdet 1.37960, mahal 1.04303], L1 1.81694, Spectral 0.25769, Gradient 0.43183, Quantile 0.81326) | LR 2.50e-05
2026-06-25 00:33:05,686 INFO Epoch 86 | Batch 400/1186 | Loss 4.09907 (NLL 4.19019 [logdet 1.35775, mahal 0.99456], L1 1.74727, Spectral 0.25726, Gradient 0.42686, Quantile 0.78444) | LR 2.50e-05
2026-06-25 00:33:08,685 INFO Epoch 86 | Batch 450/1186 | Loss 4.19306 (NLL 4.25964 [logdet 1.36237, mahal 1.05940], L1 1.80315, Spectral 0.25770, Gradient 0.43469, Quantile 0.79793) | LR 2.50e-05
2026-06-25 00:33:11,685 INFO Epoch 86 | Batch 500/1186 | Loss 4.17216 (NLL 4.23190 [logdet 1.39671, mahal 0.99731], L1 1.80488, Spectral 0.25876, Gradient 0.43298, Quantile 0.76046) | LR 2.50e-05
2026-06-25 00:33:14,677 INFO Epoch 86 | Batch 550/1186 | Loss 4.11465 (NLL 4.19499 [logdet 1.32850, mahal 1.02862], L1 1.75876, Spectral 0.24877, Gradient 0.42120, Quantile 0.80060) | LR 2.50e-05
2026-06-25 00:33:17,667 INFO Epoch 86 | Batch 600/1186 | Loss 4.18211 (NLL 4.24592 [logdet 1.37266, mahal 1.03538], L1 1.79663, Spectral 0.26027, Gradient 0.43033, Quantile 0.80533) | LR 2.50e-05
2026-06-25 00:33:20,656 INFO Epoch 86 | Batch 650/1186 | Loss 4.11589 (NLL 4.21858 [logdet 1.36450, mahal 1.01620], L1 1.75614, Spectral 0.24925, Gradient 0.42352, Quantile 0.76716) | LR 2.50e-05
2026-06-25 00:33:23,647 INFO Epoch 86 | Batch 700/1186 | Loss 4.04015 (NLL 4.15024 [logdet 1.33837, mahal 0.97399], L1 1.70875, Spectral 0.25841, Gradient 0.43161, Quantile 0.78139) | LR 2.50e-05
2026-06-25 00:33:26,634 INFO Epoch 86 | Batch 750/1186 | Loss 4.06850 (NLL 4.17104 [logdet 1.32438, mahal 1.00877], L1 1.73317, Spectral 0.25349, Gradient 0.42807, Quantile 0.75988) | LR 2.50e-05
2026-06-25 00:33:29,624 INFO Epoch 86 | Batch 800/1186 | Loss 4.20294 (NLL 4.24676 [logdet 1.35628, mahal 1.05260], L1 1.81654, Spectral 0.25747, Gradient 0.43475, Quantile 0.81035) | LR 2.50e-05
2026-06-25 00:33:32,613 INFO Epoch 86 | Batch 850/1186 | Loss 4.09410 (NLL 4.17618 [logdet 1.38912, mahal 0.94918], L1 1.75383, Spectral 0.25637, Gradient 0.43013, Quantile 0.76656) | LR 2.50e-05
2026-06-25 00:33:35,604 INFO Epoch 86 | Batch 900/1186 | Loss 4.09280 (NLL 4.19727 [logdet 1.30161, mahal 1.05778], L1 1.74267, Spectral 0.25607, Gradient 0.42864, Quantile 0.76406) | LR 2.50e-05
2026-06-25 00:33:38,590 INFO Epoch 86 | Batch 950/1186 | Loss 4.16834 (NLL 4.23761 [logdet 1.32711, mahal 1.07263], L1 1.79213, Spectral 0.25680, Gradient 0.43286, Quantile 0.78774) | LR 2.50e-05
2026-06-25 00:33:41,576 INFO Epoch 86 | Batch 1000/1186 | Loss 4.14211 (NLL 4.21017 [logdet 1.38724, mahal 0.98505], L1 1.77761, Spectral 0.25445, Gradient 0.42828, Quantile 0.79867) | LR 2.50e-05
2026-06-25 00:33:44,568 INFO Epoch 86 | Batch 1050/1186 | Loss 4.11336 (NLL 4.19482 [logdet 1.33613, mahal 1.02082], L1 1.76094, Spectral 0.25786, Gradient 0.43093, Quantile 0.77669) | LR 2.50e-05
2026-06-25 00:33:47,556 INFO Epoch 86 | Batch 1100/1186 | Loss 4.15735 (NLL 4.21307 [logdet 1.35736, mahal 1.01783], L1 1.78385, Spectral 0.25896, Gradient 0.43065, Quantile 0.82518) | LR 2.50e-05
2026-06-25 00:33:50,546 INFO Epoch 86 | Batch 1150/1186 | Loss 4.08456 (NLL 4.19713 [logdet 1.31230, mahal 1.04695], L1 1.73354, Spectral 0.25265, Gradient 0.41779, Quantile 0.77187) | LR 2.50e-05
2026-06-25 00:33:57,656 INFO Epoch 86 | Val Loss 4.20827 (NLL 4.28517 [logdet 1.35528, mahal 1.09201], L1 1.79069, Spectral 0.25596, Gradient 0.42885, Quantile 0.86171)
2026-06-25 00:34:00,737 INFO Epoch 87 | Batch 50/1186 | Loss 4.12560 (NLL 4.19960 [logdet 1.34064, mahal 1.02109], L1 1.76993, Spectral 0.24689, Gradient 0.42161, Quantile 0.79213) | LR 2.50e-05
2026-06-25 00:34:03,754 INFO Epoch 87 | Batch 100/1186 | Loss 4.10631 (NLL 4.21770 [logdet 1.36034, mahal 1.01949], L1 1.74769, Spectral 0.25074, Gradient 0.41680, Quantile 0.76277) | LR 2.50e-05
2026-06-25 00:34:06,770 INFO Epoch 87 | Batch 150/1186 | Loss 4.17085 (NLL 4.23113 [logdet 1.35766, mahal 1.03560], L1 1.79739, Spectral 0.25000, Gradient 0.41803, Quantile 0.79725) | LR 2.50e-05
2026-06-25 00:34:09,787 INFO Epoch 87 | Batch 200/1186 | Loss 4.22777 (NLL 4.26109 [logdet 1.41821, mahal 1.00500], L1 1.83010, Spectral 0.26856, Gradient 0.44608, Quantile 0.81534) | LR 2.50e-05
2026-06-25 00:34:12,805 INFO Epoch 87 | Batch 250/1186 | Loss 4.10647 (NLL 4.20787 [logdet 1.36589, mahal 1.00410], L1 1.75020, Spectral 0.25690, Gradient 0.42648, Quantile 0.76669) | LR 2.50e-05
2026-06-25 00:34:15,809 INFO Epoch 87 | Batch 300/1186 | Loss 4.04235 (NLL 4.14336 [logdet 1.33256, mahal 0.97292], L1 1.71928, Spectral 0.25624, Gradient 0.42910, Quantile 0.76344) | LR 2.50e-05
2026-06-25 00:34:18,826 INFO Epoch 87 | Batch 350/1186 | Loss 4.22388 (NLL 4.27117 [logdet 1.37985, mahal 1.05344], L1 1.82222, Spectral 0.26636, Gradient 0.44367, Quantile 0.81337) | LR 2.50e-05
2026-06-25 00:34:21,843 INFO Epoch 87 | Batch 400/1186 | Loss 4.20123 (NLL 4.26010 [logdet 1.38216, mahal 1.04007], L1 1.81374, Spectral 0.25553, Gradient 0.42937, Quantile 0.78927) | LR 2.50e-05
2026-06-25 00:34:24,858 INFO Epoch 87 | Batch 450/1186 | Loss 4.10813 (NLL 4.19464 [logdet 1.37059, mahal 0.98617], L1 1.75449, Spectral 0.25241, Gradient 0.42016, Quantile 0.78809) | LR 2.50e-05
2026-06-25 00:34:27,875 INFO Epoch 87 | Batch 500/1186 | Loss 4.10825 (NLL 4.21353 [logdet 1.32352, mahal 1.05213], L1 1.75052, Spectral 0.25897, Gradient 0.43288, Quantile 0.75871) | LR 2.50e-05
2026-06-25 00:34:30,892 INFO Epoch 87 | Batch 550/1186 | Loss 4.17145 (NLL 4.22213 [logdet 1.38551, mahal 0.99874], L1 1.79701, Spectral 0.26338, Gradient 0.43827, Quantile 0.80542) | LR 2.50e-05
2026-06-25 00:34:33,907 INFO Epoch 87 | Batch 600/1186 | Loss 4.17197 (NLL 4.24010 [logdet 1.34243, mahal 1.05980], L1 1.79447, Spectral 0.25595, Gradient 0.43186, Quantile 0.78887) | LR 2.50e-05
2026-06-25 00:34:36,927 INFO Epoch 87 | Batch 650/1186 | Loss 4.07824 (NLL 4.17666 [logdet 1.32396, mahal 1.01483], L1 1.73792, Spectral 0.25298, Gradient 0.42734, Quantile 0.76944) | LR 2.50e-05
2026-06-25 00:34:39,947 INFO Epoch 87 | Batch 700/1186 | Loss 4.05418 (NLL 4.14252 [logdet 1.32364, mahal 0.98100], L1 1.72645, Spectral 0.25978, Gradient 0.43292, Quantile 0.78071) | LR 2.50e-05
2026-06-25 00:34:42,962 INFO Epoch 87 | Batch 750/1186 | Loss 4.18732 (NLL 4.25701 [logdet 1.36965, mahal 1.04949], L1 1.80146, Spectral 0.25333, Gradient 0.43244, Quantile 0.79131) | LR 2.50e-05
2026-06-25 00:34:45,982 INFO Epoch 87 | Batch 800/1186 | Loss 4.06423 (NLL 4.16172 [logdet 1.33464, mahal 0.98921], L1 1.73076, Spectral 0.25720, Gradient 0.43405, Quantile 0.76745) | LR 2.50e-05
2026-06-25 00:34:49,000 INFO Epoch 87 | Batch 850/1186 | Loss 4.22335 (NLL 4.25925 [logdet 1.36415, mahal 1.05722], L1 1.83068, Spectral 0.25213, Gradient 0.43140, Quantile 0.81618) | LR 2.50e-05
2026-06-25 00:34:52,017 INFO Epoch 87 | Batch 900/1186 | Loss 4.08440 (NLL 4.18527 [logdet 1.35531, mahal 0.99209], L1 1.73810, Spectral 0.25952, Gradient 0.42816, Quantile 0.76941) | LR 2.50e-05
2026-06-25 00:34:55,037 INFO Epoch 87 | Batch 950/1186 | Loss 4.02898 (NLL 4.12886 [logdet 1.29876, mahal 0.99222], L1 1.71521, Spectral 0.25618, Gradient 0.42110, Quantile 0.75509) | LR 2.50e-05
2026-06-25 00:34:58,057 INFO Epoch 87 | Batch 1000/1186 | Loss 4.05667 (NLL 4.17752 [logdet 1.35985, mahal 0.97979], L1 1.71935, Spectral 0.25725, Gradient 0.43486, Quantile 0.75059) | LR 2.50e-05
2026-06-25 00:35:01,076 INFO Epoch 87 | Batch 1050/1186 | Loss 4.14896 (NLL 4.20724 [logdet 1.35598, mahal 1.01338], L1 1.78184, Spectral 0.26007, Gradient 0.42983, Quantile 0.80960) | LR 2.50e-05
2026-06-25 00:35:04,097 INFO Epoch 87 | Batch 1100/1186 | Loss 4.20517 (NLL 4.26401 [logdet 1.33511, mahal 1.09102], L1 1.81119, Spectral 0.25872, Gradient 0.43217, Quantile 0.80467) | LR 2.50e-05
2026-06-25 00:35:07,113 INFO Epoch 87 | Batch 1150/1186 | Loss 4.19255 (NLL 4.24244 [logdet 1.37783, mahal 1.02673], L1 1.80574, Spectral 0.25980, Gradient 0.43463, Quantile 0.81853) | LR 2.50e-05
2026-06-25 00:35:14,272 INFO Epoch 87 | Val Loss 4.21315 (NLL 4.28674 [logdet 1.35750, mahal 1.09137], L1 1.79258, Spectral 0.25605, Gradient 0.42894, Quantile 0.87073)
2026-06-25 00:35:17,351 INFO Epoch 88 | Batch 50/1186 | Loss 4.15842 (NLL 4.21427 [logdet 1.36875, mahal 1.00764], L1 1.79447, Spectral 0.25905, Gradient 0.42918, Quantile 0.78293) | LR 2.50e-05
2026-06-25 00:35:20,369 INFO Epoch 88 | Batch 100/1186 | Loss 4.17020 (NLL 4.21599 [logdet 1.35966, mahal 1.01846], L1 1.80061, Spectral 0.25067, Gradient 0.42681, Quantile 0.81177) | LR 2.50e-05
2026-06-25 00:35:23,386 INFO Epoch 88 | Batch 150/1186 | Loss 4.11800 (NLL 4.21233 [logdet 1.37150, mahal 1.00295], L1 1.75888, Spectral 0.25392, Gradient 0.42936, Quantile 0.77247) | LR 2.50e-05
2026-06-25 00:35:26,404 INFO Epoch 88 | Batch 200/1186 | Loss 4.01481 (NLL 4.14483 [logdet 1.31923, mahal 0.98772], L1 1.69518, Spectral 0.25216, Gradient 0.41875, Quantile 0.75062) | LR 2.50e-05
2026-06-25 00:35:29,419 INFO Epoch 88 | Batch 250/1186 | Loss 4.16103 (NLL 4.22669 [logdet 1.35263, mahal 1.03618], L1 1.78310, Spectral 0.26203, Gradient 0.43397, Quantile 0.81196) | LR 2.50e-05
2026-06-25 00:35:32,427 INFO Epoch 88 | Batch 300/1186 | Loss 4.26924 (NLL 4.31464 [logdet 1.37304, mahal 1.10372], L1 1.85148, Spectral 0.25658, Gradient 0.43737, Quantile 0.80054) | LR 2.50e-05
2026-06-25 00:35:35,436 INFO Epoch 88 | Batch 350/1186 | Loss 4.09090 (NLL 4.19272 [logdet 1.37607, mahal 0.97877], L1 1.73779, Spectral 0.26087, Gradient 0.42857, Quantile 0.78073) | LR 2.50e-05
2026-06-25 00:35:38,455 INFO Epoch 88 | Batch 400/1186 | Loss 4.08648 (NLL 4.18926 [logdet 1.35052, mahal 1.00087], L1 1.73705, Spectral 0.26145, Gradient 0.43292, Quantile 0.77199) | LR 2.50e-05
2026-06-25 00:35:41,474 INFO Epoch 88 | Batch 450/1186 | Loss 4.19521 (NLL 4.23961 [logdet 1.37417, mahal 1.02757], L1 1.81638, Spectral 0.26107, Gradient 0.43781, Quantile 0.78986) | LR 2.50e-05
2026-06-25 00:35:44,477 INFO Epoch 88 | Batch 500/1186 | Loss 4.14071 (NLL 4.21388 [logdet 1.33134, mahal 1.04467], L1 1.77811, Spectral 0.26074, Gradient 0.43616, Quantile 0.77624) | LR 2.50e-05
2026-06-25 00:35:47,476 INFO Epoch 88 | Batch 550/1186 | Loss 4.14864 (NLL 4.22217 [logdet 1.36145, mahal 1.02284], L1 1.77986, Spectral 0.25751, Gradient 0.43535, Quantile 0.78818) | LR 2.50e-05
2026-06-25 00:35:50,474 INFO Epoch 88 | Batch 600/1186 | Loss 4.14977 (NLL 4.23771 [logdet 1.35117, mahal 1.04866], L1 1.77860, Spectral 0.26182, Gradient 0.43650, Quantile 0.76123) | LR 2.50e-05
2026-06-25 00:35:53,474 INFO Epoch 88 | Batch 650/1186 | Loss 4.13443 (NLL 4.19921 [logdet 1.35311, mahal 1.00822], L1 1.77289, Spectral 0.25776, Gradient 0.43558, Quantile 0.80550) | LR 2.50e-05
2026-06-25 00:35:56,472 INFO Epoch 88 | Batch 700/1186 | Loss 4.12988 (NLL 4.21504 [logdet 1.34784, mahal 1.02932], L1 1.76622, Spectral 0.25777, Gradient 0.42752, Quantile 0.78155) | LR 2.50e-05
2026-06-25 00:35:59,471 INFO Epoch 88 | Batch 750/1186 | Loss 4.15638 (NLL 4.22190 [logdet 1.36780, mahal 1.01623], L1 1.78432, Spectral 0.25304, Gradient 0.42719, Quantile 0.80721) | LR 2.50e-05
2026-06-25 00:36:02,470 INFO Epoch 88 | Batch 800/1186 | Loss 4.15258 (NLL 4.22124 [logdet 1.37546, mahal 1.00790], L1 1.78787, Spectral 0.25476, Gradient 0.43191, Quantile 0.77624) | LR 2.50e-05
2026-06-25 00:36:05,468 INFO Epoch 88 | Batch 850/1186 | Loss 4.13281 (NLL 4.21747 [logdet 1.35101, mahal 1.02858], L1 1.76490, Spectral 0.25880, Gradient 0.42897, Quantile 0.79300) | LR 2.50e-05
2026-06-25 00:36:08,468 INFO Epoch 88 | Batch 900/1186 | Loss 4.12662 (NLL 4.19707 [logdet 1.35743, mahal 1.00176], L1 1.77394, Spectral 0.25623, Gradient 0.42732, Quantile 0.77492) | LR 2.50e-05
2026-06-25 00:36:11,468 INFO Epoch 88 | Batch 950/1186 | Loss 4.14910 (NLL 4.21516 [logdet 1.37596, mahal 1.00133], L1 1.78639, Spectral 0.25814, Gradient 0.42930, Quantile 0.77691) | LR 2.50e-05
2026-06-25 00:36:14,467 INFO Epoch 88 | Batch 1000/1186 | Loss 4.19943 (NLL 4.24990 [logdet 1.35544, mahal 1.05658], L1 1.81206, Spectral 0.25648, Gradient 0.42700, Quantile 0.80901) | LR 2.50e-05
2026-06-25 00:36:17,466 INFO Epoch 88 | Batch 1050/1186 | Loss 4.14478 (NLL 4.21336 [logdet 1.36801, mahal 1.00748], L1 1.77891, Spectral 0.25879, Gradient 0.42817, Quantile 0.79310) | LR 2.50e-05
2026-06-25 00:36:20,465 INFO Epoch 88 | Batch 1100/1186 | Loss 4.10481 (NLL 4.20190 [logdet 1.34925, mahal 1.01477], L1 1.74890, Spectral 0.25109, Gradient 0.42821, Quantile 0.78378) | LR 2.50e-05
2026-06-25 00:36:23,464 INFO Epoch 88 | Batch 1150/1186 | Loss 3.98381 (NLL 4.11435 [logdet 1.30776, mahal 0.96871], L1 1.68295, Spectral 0.25219, Gradient 0.42051, Quantile 0.73595) | LR 2.50e-05
2026-06-25 00:36:30,560 INFO Epoch 88 | Val Loss 4.21322 (NLL 4.29051 [logdet 1.31993, mahal 1.13270], L1 1.78882, Spectral 0.25598, Gradient 0.42857, Quantile 0.87890)
2026-06-25 00:36:33,645 INFO Epoch 89 | Batch 50/1186 | Loss 4.11153 (NLL 4.19912 [logdet 1.32214, mahal 1.03910], L1 1.76153, Spectral 0.24659, Gradient 0.42055, Quantile 0.76994) | LR 2.50e-05
2026-06-25 00:36:36,661 INFO Epoch 89 | Batch 100/1186 | Loss 4.03758 (NLL 4.15654 [logdet 1.31701, mahal 1.00165], L1 1.70802, Spectral 0.25697, Gradient 0.42262, Quantile 0.76234) | LR 2.50e-05
2026-06-25 00:36:39,672 INFO Epoch 89 | Batch 150/1186 | Loss 4.07511 (NLL 4.16168 [logdet 1.32545, mahal 0.99836], L1 1.73934, Spectral 0.25284, Gradient 0.42539, Quantile 0.78181) | LR 2.50e-05
2026-06-25 00:36:42,684 INFO Epoch 89 | Batch 200/1186 | Loss 4.16766 (NLL 4.24021 [logdet 1.34864, mahal 1.05369], L1 1.78952, Spectral 0.25552, Gradient 0.43065, Quantile 0.79180) | LR 2.50e-05
2026-06-25 00:36:45,698 INFO Epoch 89 | Batch 250/1186 | Loss 4.10372 (NLL 4.20130 [logdet 1.32933, mahal 1.03409], L1 1.74602, Spectral 0.25737, Gradient 0.42656, Quantile 0.78575) | LR 2.50e-05
2026-06-25 00:36:48,714 INFO Epoch 89 | Batch 300/1186 | Loss 4.15101 (NLL 4.22771 [logdet 1.35904, mahal 1.03079], L1 1.78669, Spectral 0.25547, Gradient 0.43156, Quantile 0.76039) | LR 2.50e-05
2026-06-25 00:36:51,729 INFO Epoch 89 | Batch 350/1186 | Loss 4.12536 (NLL 4.19275 [logdet 1.33799, mahal 1.01688], L1 1.77060, Spectral 0.25923, Gradient 0.43221, Quantile 0.78924) | LR 2.50e-05
2026-06-25 00:36:54,741 INFO Epoch 89 | Batch 400/1186 | Loss 4.12936 (NLL 4.19810 [logdet 1.34295, mahal 1.01727], L1 1.77452, Spectral 0.25510, Gradient 0.42851, Quantile 0.78294) | LR 2.50e-05
2026-06-25 00:36:57,746 INFO Epoch 89 | Batch 450/1186 | Loss 4.15214 (NLL 4.23294 [logdet 1.35533, mahal 1.03973], L1 1.77659, Spectral 0.26575, Gradient 0.43669, Quantile 0.78508) | LR 2.50e-05
2026-06-25 00:37:00,751 INFO Epoch 89 | Batch 500/1186 | Loss 4.20931 (NLL 4.25388 [logdet 1.39554, mahal 1.02046], L1 1.81394, Spectral 0.26259, Gradient 0.44100, Quantile 0.82722) | LR 2.50e-05
2026-06-25 00:37:03,751 INFO Epoch 89 | Batch 550/1186 | Loss 4.14566 (NLL 4.21145 [logdet 1.37897, mahal 0.99460], L1 1.78645, Spectral 0.25242, Gradient 0.42866, Quantile 0.77626) | LR 2.50e-05
2026-06-25 00:37:06,749 INFO Epoch 89 | Batch 600/1186 | Loss 4.09138 (NLL 4.18500 [logdet 1.33627, mahal 1.01085], L1 1.74330, Spectral 0.25584, Gradient 0.42625, Quantile 0.78129) | LR 2.50e-05
2026-06-25 00:37:09,749 INFO Epoch 89 | Batch 650/1186 | Loss 4.14033 (NLL 4.22199 [logdet 1.34798, mahal 1.03613], L1 1.77522, Spectral 0.25085, Gradient 0.42528, Quantile 0.78057) | LR 2.50e-05
2026-06-25 00:37:12,748 INFO Epoch 89 | Batch 700/1186 | Loss 4.22345 (NLL 4.25626 [logdet 1.38430, mahal 1.03408], L1 1.83279, Spectral 0.26229, Gradient 0.44040, Quantile 0.80309) | LR 2.50e-05
2026-06-25 00:37:15,747 INFO Epoch 89 | Batch 750/1186 | Loss 4.14597 (NLL 4.22568 [logdet 1.36944, mahal 1.01836], L1 1.77338, Spectral 0.25664, Gradient 0.43163, Quantile 0.79766) | LR 2.50e-05
2026-06-25 00:37:18,745 INFO Epoch 89 | Batch 800/1186 | Loss 4.14741 (NLL 4.21366 [logdet 1.39981, mahal 0.97597], L1 1.77789, Spectral 0.26299, Gradient 0.43580, Quantile 0.80304) | LR 2.50e-05
2026-06-25 00:37:21,745 INFO Epoch 89 | Batch 850/1186 | Loss 4.19305 (NLL 4.23946 [logdet 1.36194, mahal 1.03965], L1 1.81253, Spectral 0.25867, Gradient 0.43247, Quantile 0.79982) | LR 2.50e-05
2026-06-25 00:37:24,744 INFO Epoch 89 | Batch 900/1186 | Loss 4.18475 (NLL 4.23021 [logdet 1.38062, mahal 1.01172], L1 1.80781, Spectral 0.26205, Gradient 0.43574, Quantile 0.80047) | LR 2.50e-05
2026-06-25 00:37:27,743 INFO Epoch 89 | Batch 950/1186 | Loss 3.99138 (NLL 4.12304 [logdet 1.31949, mahal 0.96567], L1 1.68105, Spectral 0.25617, Gradient 0.42152, Quantile 0.75293) | LR 2.50e-05
2026-06-25 00:37:30,742 INFO Epoch 89 | Batch 1000/1186 | Loss 4.11634 (NLL 4.20030 [logdet 1.31063, mahal 1.05180], L1 1.76226, Spectral 0.25523, Gradient 0.43266, Quantile 0.77502) | LR 2.50e-05
2026-06-25 00:37:33,741 INFO Epoch 89 | Batch 1050/1186 | Loss 4.16742 (NLL 4.24190 [logdet 1.36460, mahal 1.03942], L1 1.78667, Spectral 0.26299, Gradient 0.43705, Quantile 0.79104) | LR 2.50e-05
2026-06-25 00:37:36,741 INFO Epoch 89 | Batch 1100/1186 | Loss 4.11036 (NLL 4.19783 [logdet 1.33401, mahal 1.02594], L1 1.75546, Spectral 0.25591, Gradient 0.42961, Quantile 0.78286) | LR 2.50e-05
2026-06-25 00:37:39,739 INFO Epoch 89 | Batch 1150/1186 | Loss 4.12232 (NLL 4.22572 [logdet 1.36616, mahal 1.02169], L1 1.75189, Spectral 0.25779, Gradient 0.42639, Quantile 0.78743) | LR 2.50e-05
2026-06-25 00:37:46,838 INFO Epoch 89 | Val Loss 4.21267 (NLL 4.28421 [logdet 1.34210, mahal 1.10423], L1 1.78998, Spectral 0.25586, Gradient 0.42859, Quantile 0.88500)
2026-06-25 00:37:49,929 INFO Epoch 90 | Batch 50/1186 | Loss 4.08877 (NLL 4.17797 [logdet 1.34353, mahal 0.99656], L1 1.73750, Spectral 0.25951, Gradient 0.42732, Quantile 0.80519) | LR 1.25e-05
2026-06-25 00:37:52,936 INFO Epoch 90 | Batch 100/1186 | Loss 4.09460 (NLL 4.17868 [logdet 1.34154, mahal 0.99927], L1 1.75407, Spectral 0.25325, Gradient 0.42837, Quantile 0.76583) | LR 1.25e-05
2026-06-25 00:37:55,935 INFO Epoch 90 | Batch 150/1186 | Loss 4.09641 (NLL 4.18447 [logdet 1.36150, mahal 0.98510], L1 1.74879, Spectral 0.25946, Gradient 0.43412, Quantile 0.77650) | LR 1.25e-05
2026-06-25 00:37:58,934 INFO Epoch 90 | Batch 200/1186 | Loss 4.15541 (NLL 4.22249 [logdet 1.31701, mahal 1.06760], L1 1.78644, Spectral 0.25902, Gradient 0.42873, Quantile 0.78677) | LR 1.25e-05
2026-06-25 00:38:01,933 INFO Epoch 90 | Batch 250/1186 | Loss 4.11888 (NLL 4.19541 [logdet 1.34774, mahal 1.00980], L1 1.76101, Spectral 0.25749, Gradient 0.43328, Quantile 0.79847) | LR 1.25e-05
2026-06-25 00:38:04,932 INFO Epoch 90 | Batch 300/1186 | Loss 4.13530 (NLL 4.22241 [logdet 1.35878, mahal 1.02575], L1 1.77033, Spectral 0.26120, Gradient 0.43791, Quantile 0.76789) | LR 1.25e-05
2026-06-25 00:38:07,932 INFO Epoch 90 | Batch 350/1186 | Loss 4.16493 (NLL 4.22533 [logdet 1.35709, mahal 1.03036], L1 1.79106, Spectral 0.25110, Gradient 0.42771, Quantile 0.80970) | LR 1.25e-05
2026-06-25 00:38:10,930 INFO Epoch 90 | Batch 400/1186 | Loss 4.07860 (NLL 4.17537 [logdet 1.33957, mahal 0.99792], L1 1.73463, Spectral 0.25309, Gradient 0.42242, Quantile 0.78723) | LR 1.25e-05
2026-06-25 00:38:13,929 INFO Epoch 90 | Batch 450/1186 | Loss 4.07671 (NLL 4.19557 [logdet 1.31677, mahal 1.04092], L1 1.73523, Spectral 0.24973, Gradient 0.42339, Quantile 0.73858) | LR 1.25e-05
2026-06-25 00:38:16,928 INFO Epoch 90 | Batch 500/1186 | Loss 4.19248 (NLL 4.25227 [logdet 1.35826, mahal 1.05613], L1 1.80629, Spectral 0.25753, Gradient 0.43397, Quantile 0.79798) | LR 1.25e-05
2026-06-25 00:38:19,928 INFO Epoch 90 | Batch 550/1186 | Loss 4.04753 (NLL 4.15729 [logdet 1.31529, mahal 1.00413], L1 1.71481, Spectral 0.25164, Gradient 0.42218, Quantile 0.77959) | LR 1.25e-05
2026-06-25 00:38:22,926 INFO Epoch 90 | Batch 600/1186 | Loss 4.21589 (NLL 4.26914 [logdet 1.32164, mahal 1.10962], L1 1.82458, Spectral 0.26064, Gradient 0.43698, Quantile 0.78084) | LR 1.25e-05
2026-06-25 00:38:25,925 INFO Epoch 90 | Batch 650/1186 | Loss 4.09810 (NLL 4.19893 [logdet 1.37309, mahal 0.98796], L1 1.74106, Spectral 0.25420, Gradient 0.42339, Quantile 0.79139) | LR 1.25e-05
2026-06-25 00:38:28,924 INFO Epoch 90 | Batch 700/1186 | Loss 4.13160 (NLL 4.20358 [logdet 1.36438, mahal 1.00133], L1 1.77517, Spectral 0.25779, Gradient 0.42785, Quantile 0.77529) | LR 1.25e-05
2026-06-25 00:38:31,924 INFO Epoch 90 | Batch 750/1186 | Loss 4.16191 (NLL 4.22591 [logdet 1.37533, mahal 1.01271], L1 1.78577, Spectral 0.25482, Gradient 0.42851, Quantile 0.81393) | LR 1.25e-05
2026-06-25 00:38:34,923 INFO Epoch 90 | Batch 800/1186 | Loss 4.21123 (NLL 4.25101 [logdet 1.37444, mahal 1.03869], L1 1.82120, Spectral 0.26637, Gradient 0.43844, Quantile 0.80697) | LR 1.25e-05
2026-06-25 00:38:37,921 INFO Epoch 90 | Batch 850/1186 | Loss 4.13299 (NLL 4.22252 [logdet 1.37731, mahal 1.00732], L1 1.76866, Spectral 0.25869, Gradient 0.43509, Quantile 0.76774) | LR 1.25e-05
2026-06-25 00:38:40,921 INFO Epoch 90 | Batch 900/1186 | Loss 4.13621 (NLL 4.20161 [logdet 1.34815, mahal 1.01558], L1 1.77749, Spectral 0.25697, Gradient 0.43406, Quantile 0.78969) | LR 1.25e-05
2026-06-25 00:38:43,920 INFO Epoch 90 | Batch 950/1186 | Loss 4.21667 (NLL 4.25876 [logdet 1.35411, mahal 1.06678], L1 1.82421, Spectral 0.25665, Gradient 0.43101, Quantile 0.81149) | LR 1.25e-05
2026-06-25 00:38:46,892 INFO Epoch 90 | Batch 1000/1186 | Loss 4.11629 (NLL 4.18044 [logdet 1.37046, mahal 0.97210], L1 1.76862, Spectral 0.25767, Gradient 0.43269, Quantile 0.78703) | LR 1.25e-05
2026-06-25 00:38:49,894 INFO Epoch 90 | Batch 1050/1186 | Loss 4.10429 (NLL 4.19599 [logdet 1.32824, mahal 1.02987], L1 1.75483, Spectral 0.25725, Gradient 0.43217, Quantile 0.76260) | LR 1.25e-05
2026-06-25 00:38:52,893 INFO Epoch 90 | Batch 1100/1186 | Loss 4.03053 (NLL 4.14619 [logdet 1.33219, mahal 0.97612], L1 1.71198, Spectral 0.25702, Gradient 0.42867, Quantile 0.73800) | LR 1.25e-05
2026-06-25 00:38:55,894 INFO Epoch 90 | Batch 1150/1186 | Loss 4.06380 (NLL 4.17184 [logdet 1.32419, mahal 1.00977], L1 1.72038, Spectral 0.26114, Gradient 0.43137, Quantile 0.78355) | LR 1.25e-05
2026-06-25 00:39:03,006 INFO Epoch 90 | Val Loss 4.21204 (NLL 4.28500 [logdet 1.36103, mahal 1.08610], L1 1.79531, Spectral 0.25611, Gradient 0.42988, Quantile 0.85834)
2026-06-25 00:39:06,092 INFO Epoch 91 | Batch 50/1186 | Loss 4.06272 (NLL 4.14556 [logdet 1.33836, mahal 0.96932], L1 1.73487, Spectral 0.25868, Gradient 0.43242, Quantile 0.77607) | LR 1.25e-05
2026-06-25 00:39:09,093 INFO Epoch 91 | Batch 100/1186 | Loss 4.08743 (NLL 4.19473 [logdet 1.31167, mahal 1.04518], L1 1.74264, Spectral 0.25886, Gradient 0.43350, Quantile 0.74416) | LR 1.25e-05
2026-06-25 00:39:12,089 INFO Epoch 91 | Batch 150/1186 | Loss 4.07855 (NLL 4.16956 [logdet 1.32654, mahal 1.00514], L1 1.74303, Spectral 0.25200, Gradient 0.42922, Quantile 0.76531) | LR 1.25e-05
2026-06-25 00:39:15,089 INFO Epoch 91 | Batch 200/1186 | Loss 4.08080 (NLL 4.19228 [logdet 1.34877, mahal 1.00563], L1 1.73255, Spectral 0.25529, Gradient 0.43231, Quantile 0.76738) | LR 1.25e-05
2026-06-25 00:39:18,087 INFO Epoch 91 | Batch 250/1186 | Loss 3.97225 (NLL 4.11486 [logdet 1.28770, mahal 0.98928], L1 1.66731, Spectral 0.25273, Gradient 0.42246, Quantile 0.75116) | LR 1.25e-05
2026-06-25 00:39:21,085 INFO Epoch 91 | Batch 300/1186 | Loss 4.07601 (NLL 4.18288 [logdet 1.30247, mahal 1.04253], L1 1.73812, Spectral 0.24926, Gradient 0.42358, Quantile 0.75050) | LR 1.25e-05
2026-06-25 00:39:24,084 INFO Epoch 91 | Batch 350/1186 | Loss 4.06192 (NLL 4.17294 [logdet 1.32898, mahal 1.00609], L1 1.72188, Spectral 0.25004, Gradient 0.42424, Quantile 0.77917) | LR 1.25e-05
2026-06-25 00:39:27,083 INFO Epoch 91 | Batch 400/1186 | Loss 4.13846 (NLL 4.22443 [logdet 1.36059, mahal 1.02597], L1 1.77140, Spectral 0.25750, Gradient 0.43337, Quantile 0.77640) | LR 1.25e-05
2026-06-25 00:39:30,082 INFO Epoch 91 | Batch 450/1186 | Loss 4.08235 (NLL 4.16951 [logdet 1.32225, mahal 1.00938], L1 1.74360, Spectral 0.25405, Gradient 0.42469, Quantile 0.77667) | LR 1.25e-05
2026-06-25 00:39:33,081 INFO Epoch 91 | Batch 500/1186 | Loss 4.19285 (NLL 4.24805 [logdet 1.32675, mahal 1.08343], L1 1.80002, Spectral 0.26244, Gradient 0.43124, Quantile 0.82904) | LR 1.25e-05
2026-06-25 00:39:36,081 INFO Epoch 91 | Batch 550/1186 | Loss 4.19622 (NLL 4.24787 [logdet 1.35661, mahal 1.05339], L1 1.81162, Spectral 0.26157, Gradient 0.43367, Quantile 0.79616) | LR 1.25e-05
2026-06-25 00:39:39,080 INFO Epoch 91 | Batch 600/1186 | Loss 4.20510 (NLL 4.24530 [logdet 1.37132, mahal 1.03610], L1 1.81696, Spectral 0.25767, Gradient 0.43275, Quantile 0.82040) | LR 1.25e-05
2026-06-25 00:39:42,078 INFO Epoch 91 | Batch 650/1186 | Loss 4.22443 (NLL 4.27112 [logdet 1.38743, mahal 1.04581], L1 1.82462, Spectral 0.25688, Gradient 0.43194, Quantile 0.81611) | LR 1.25e-05
2026-06-25 00:39:45,077 INFO Epoch 91 | Batch 700/1186 | Loss 4.09155 (NLL 4.15800 [logdet 1.35721, mahal 0.96292], L1 1.75719, Spectral 0.26233, Gradient 0.43629, Quantile 0.77331) | LR 1.25e-05
2026-06-25 00:39:48,077 INFO Epoch 91 | Batch 750/1186 | Loss 4.15027 (NLL 4.22383 [logdet 1.36800, mahal 1.01795], L1 1.77683, Spectral 0.26395, Gradient 0.43574, Quantile 0.79718) | LR 1.25e-05
2026-06-25 00:39:51,076 INFO Epoch 91 | Batch 800/1186 | Loss 4.22307 (NLL 4.25928 [logdet 1.37355, mahal 1.04785], L1 1.83382, Spectral 0.25764, Gradient 0.42919, Quantile 0.79608) | LR 1.25e-05
2026-06-25 00:39:54,073 INFO Epoch 91 | Batch 850/1186 | Loss 4.05240 (NLL 4.15434 [logdet 1.34397, mahal 0.97250], L1 1.71619, Spectral 0.26256, Gradient 0.43449, Quantile 0.78837) | LR 1.25e-05
2026-06-25 00:39:57,075 INFO Epoch 91 | Batch 900/1186 | Loss 4.10841 (NLL 4.20021 [logdet 1.32266, mahal 1.03968], L1 1.75351, Spectral 0.25393, Gradient 0.42720, Quantile 0.78006) | LR 1.25e-05
2026-06-25 00:40:00,075 INFO Epoch 91 | Batch 950/1186 | Loss 4.10886 (NLL 4.20047 [logdet 1.37199, mahal 0.99060], L1 1.76416, Spectral 0.25556, Gradient 0.42529, Quantile 0.73548) | LR 1.25e-05
2026-06-25 00:40:03,074 INFO Epoch 91 | Batch 1000/1186 | Loss 4.26865 (NLL 4.30681 [logdet 1.38330, mahal 1.08563], L1 1.84490, Spectral 0.25627, Gradient 0.43768, Quantile 0.84197) | LR 1.25e-05
2026-06-25 00:40:06,072 INFO Epoch 91 | Batch 1050/1186 | Loss 4.20278 (NLL 4.26184 [logdet 1.41677, mahal 1.00720], L1 1.81395, Spectral 0.26288, Gradient 0.43744, Quantile 0.78330) | LR 1.25e-05
2026-06-25 00:40:09,072 INFO Epoch 91 | Batch 1100/1186 | Loss 4.17778 (NLL 4.22789 [logdet 1.36861, mahal 1.02140], L1 1.80022, Spectral 0.25995, Gradient 0.43662, Quantile 0.81016) | LR 1.25e-05
2026-06-25 00:40:12,070 INFO Epoch 91 | Batch 1150/1186 | Loss 4.12158 (NLL 4.20141 [logdet 1.37698, mahal 0.98655], L1 1.76496, Spectral 0.25730, Gradient 0.42875, Quantile 0.78113) | LR 1.25e-05
2026-06-25 00:40:19,165 INFO Epoch 91 | Val Loss 4.21407 (NLL 4.29192 [logdet 1.30651, mahal 1.14753], L1 1.79162, Spectral 0.25600, Gradient 0.42923, Quantile 0.86788)
2026-06-25 00:40:22,259 INFO Epoch 92 | Batch 50/1186 | Loss 4.15598 (NLL 4.22413 [logdet 1.32778, mahal 1.05847], L1 1.78474, Spectral 0.25860, Gradient 0.43081, Quantile 0.79322) | LR 1.25e-05
2026-06-25 00:40:25,277 INFO Epoch 92 | Batch 100/1186 | Loss 4.12447 (NLL 4.21597 [logdet 1.34862, mahal 1.02947], L1 1.75818, Spectral 0.26009, Gradient 0.43056, Quantile 0.78801) | LR 1.25e-05
2026-06-25 00:40:28,295 INFO Epoch 92 | Batch 150/1186 | Loss 4.07573 (NLL 4.15530 [logdet 1.34438, mahal 0.97304], L1 1.74851, Spectral 0.25931, Gradient 0.42847, Quantile 0.75262) | LR 1.25e-05
2026-06-25 00:40:31,315 INFO Epoch 92 | Batch 200/1186 | Loss 4.07365 (NLL 4.18741 [logdet 1.32502, mahal 1.02451], L1 1.72855, Spectral 0.25488, Gradient 0.42811, Quantile 0.76493) | LR 1.25e-05
2026-06-25 00:40:34,335 INFO Epoch 92 | Batch 250/1186 | Loss 4.01052 (NLL 4.11739 [logdet 1.30796, mahal 0.97155], L1 1.69938, Spectral 0.25195, Gradient 0.41758, Quantile 0.77258) | LR 1.25e-05
2026-06-25 00:40:37,356 INFO Epoch 92 | Batch 300/1186 | Loss 4.12802 (NLL 4.20614 [logdet 1.32380, mahal 1.04446], L1 1.77186, Spectral 0.25815, Gradient 0.43840, Quantile 0.76836) | LR 1.25e-05
2026-06-25 00:40:40,376 INFO Epoch 92 | Batch 350/1186 | Loss 4.14267 (NLL 4.21188 [logdet 1.33679, mahal 1.03721], L1 1.77527, Spectral 0.26493, Gradient 0.43559, Quantile 0.79588) | LR 1.25e-05
2026-06-25 00:40:43,395 INFO Epoch 92 | Batch 400/1186 | Loss 4.11508 (NLL 4.20057 [logdet 1.32106, mahal 1.04163], L1 1.75506, Spectral 0.24985, Gradient 0.42872, Quantile 0.80492) | LR 1.25e-05
2026-06-25 00:40:46,416 INFO Epoch 92 | Batch 450/1186 | Loss 4.11876 (NLL 4.22858 [logdet 1.33492, mahal 1.05578], L1 1.75247, Spectral 0.24894, Gradient 0.42053, Quantile 0.77390) | LR 1.25e-05
2026-06-25 00:40:49,432 INFO Epoch 92 | Batch 500/1186 | Loss 4.18310 (NLL 4.22315 [logdet 1.36565, mahal 1.01963], L1 1.81355, Spectral 0.25885, Gradient 0.43750, Quantile 0.78786) | LR 1.25e-05
2026-06-25 00:40:52,452 INFO Epoch 92 | Batch 550/1186 | Loss 4.07315 (NLL 4.16666 [logdet 1.32966, mahal 0.99912], L1 1.73401, Spectral 0.25987, Gradient 0.43018, Quantile 0.77791) | LR 1.25e-05
2026-06-25 00:40:55,470 INFO Epoch 92 | Batch 600/1186 | Loss 4.09691 (NLL 4.18152 [logdet 1.32839, mahal 1.01525], L1 1.75588, Spectral 0.25738, Gradient 0.43669, Quantile 0.75751) | LR 1.25e-05
2026-06-25 00:40:58,489 INFO Epoch 92 | Batch 650/1186 | Loss 4.11433 (NLL 4.19680 [logdet 1.33368, mahal 1.02524], L1 1.76008, Spectral 0.25859, Gradient 0.43411, Quantile 0.77939) | LR 1.25e-05
2026-06-25 00:41:01,509 INFO Epoch 92 | Batch 700/1186 | Loss 4.12754 (NLL 4.19209 [logdet 1.32481, mahal 1.02941], L1 1.77379, Spectral 0.25872, Gradient 0.43124, Quantile 0.78696) | LR 1.25e-05
2026-06-25 00:41:04,530 INFO Epoch 92 | Batch 750/1186 | Loss 4.19054 (NLL 4.25314 [logdet 1.35422, mahal 1.06105], L1 1.80134, Spectral 0.25954, Gradient 0.43155, Quantile 0.80654) | LR 1.25e-05
2026-06-25 00:41:07,549 INFO Epoch 92 | Batch 800/1186 | Loss 4.21937 (NLL 4.27575 [logdet 1.38853, mahal 1.04935], L1 1.81811, Spectral 0.25624, Gradient 0.43187, Quantile 0.81318) | LR 1.25e-05
2026-06-25 00:41:10,568 INFO Epoch 92 | Batch 850/1186 | Loss 4.12084 (NLL 4.21830 [logdet 1.38106, mahal 0.99936], L1 1.76083, Spectral 0.25415, Gradient 0.42623, Quantile 0.76354) | LR 1.25e-05
2026-06-25 00:41:13,587 INFO Epoch 92 | Batch 900/1186 | Loss 4.19162 (NLL 4.25397 [logdet 1.38480, mahal 1.03129], L1 1.80218, Spectral 0.26298, Gradient 0.43797, Quantile 0.80200) | LR 1.25e-05
2026-06-25 00:41:16,608 INFO Epoch 92 | Batch 950/1186 | Loss 4.17318 (NLL 4.24722 [logdet 1.38744, mahal 1.02190], L1 1.79745, Spectral 0.25632, Gradient 0.43497, Quantile 0.76635) | LR 1.25e-05
2026-06-25 00:41:19,628 INFO Epoch 92 | Batch 1000/1186 | Loss 4.04624 (NLL 4.15730 [logdet 1.36670, mahal 0.95272], L1 1.71403, Spectral 0.25286, Gradient 0.42118, Quantile 0.77619) | LR 1.25e-05
2026-06-25 00:41:22,649 INFO Epoch 92 | Batch 1050/1186 | Loss 4.19260 (NLL 4.24188 [logdet 1.35751, mahal 1.04649], L1 1.81128, Spectral 0.26185, Gradient 0.43863, Quantile 0.79463) | LR 1.25e-05
2026-06-25 00:41:25,668 INFO Epoch 92 | Batch 1100/1186 | Loss 4.09477 (NLL 4.16715 [logdet 1.34041, mahal 0.98886], L1 1.75369, Spectral 0.26004, Gradient 0.43497, Quantile 0.78472) | LR 1.25e-05
2026-06-25 00:41:28,686 INFO Epoch 92 | Batch 1150/1186 | Loss 4.20345 (NLL 4.24604 [logdet 1.35127, mahal 1.05689], L1 1.81558, Spectral 0.26158, Gradient 0.43616, Quantile 0.81352) | LR 1.25e-05
2026-06-25 00:41:35,815 INFO Epoch 92 | Val Loss 4.20750 (NLL 4.28947 [logdet 1.30873, mahal 1.14286], L1 1.78930, Spectral 0.25597, Gradient 0.42903, Quantile 0.85532)
2026-06-25 00:41:38,908 INFO Epoch 93 | Batch 50/1186 | Loss 4.23392 (NLL 4.24566 [logdet 1.38607, mahal 1.02172], L1 1.84449, Spectral 0.26539, Gradient 0.44553, Quantile 0.81655) | LR 1.25e-05
2026-06-25 00:41:41,928 INFO Epoch 93 | Batch 100/1186 | Loss 4.03093 (NLL 4.14312 [logdet 1.32291, mahal 0.98233], L1 1.70789, Spectral 0.26039, Gradient 0.42992, Quantile 0.75940) | LR 1.25e-05
2026-06-25 00:41:44,941 INFO Epoch 93 | Batch 150/1186 | Loss 4.15227 (NLL 4.21665 [logdet 1.33609, mahal 1.04268], L1 1.77997, Spectral 0.26235, Gradient 0.43821, Quantile 0.80901) | LR 1.25e-05
2026-06-25 00:41:47,942 INFO Epoch 93 | Batch 200/1186 | Loss 4.02521 (NLL 4.16259 [logdet 1.29787, mahal 1.02683], L1 1.69902, Spectral 0.24814, Gradient 0.42010, Quantile 0.74527) | LR 1.25e-05
2026-06-25 00:41:50,941 INFO Epoch 93 | Batch 250/1186 | Loss 4.14859 (NLL 4.21627 [logdet 1.31811, mahal 1.06028], L1 1.78364, Spectral 0.26163, Gradient 0.43708, Quantile 0.78011) | LR 1.25e-05
2026-06-25 00:41:53,940 INFO Epoch 93 | Batch 300/1186 | Loss 4.11294 (NLL 4.19189 [logdet 1.36873, mahal 0.98528], L1 1.76244, Spectral 0.26027, Gradient 0.43404, Quantile 0.77219) | LR 1.25e-05
2026-06-25 00:41:56,939 INFO Epoch 93 | Batch 350/1186 | Loss 4.12601 (NLL 4.21915 [logdet 1.34242, mahal 1.03884], L1 1.75723, Spectral 0.26335, Gradient 0.43815, Quantile 0.78817) | LR 1.25e-05
2026-06-25 00:41:59,938 INFO Epoch 93 | Batch 400/1186 | Loss 4.10084 (NLL 4.17776 [logdet 1.32637, mahal 1.01351], L1 1.75763, Spectral 0.25853, Gradient 0.43268, Quantile 0.77315) | LR 1.25e-05
2026-06-25 00:42:02,937 INFO Epoch 93 | Batch 450/1186 | Loss 4.25017 (NLL 4.28420 [logdet 1.36501, mahal 1.08131], L1 1.84593, Spectral 0.25614, Gradient 0.43346, Quantile 0.80811) | LR 1.25e-05
2026-06-25 00:42:05,936 INFO Epoch 93 | Batch 500/1186 | Loss 4.11570 (NLL 4.19370 [logdet 1.32738, mahal 1.02845], L1 1.76482, Spectral 0.25708, Gradient 0.42866, Quantile 0.77351) | LR 1.25e-05
2026-06-25 00:42:08,935 INFO Epoch 93 | Batch 550/1186 | Loss 4.10317 (NLL 4.20197 [logdet 1.34603, mahal 1.01806], L1 1.74919, Spectral 0.25362, Gradient 0.42605, Quantile 0.77295) | LR 1.25e-05
2026-06-25 00:42:11,934 INFO Epoch 93 | Batch 600/1186 | Loss 4.13020 (NLL 4.20519 [logdet 1.36711, mahal 1.00020], L1 1.76589, Spectral 0.25103, Gradient 0.42524, Quantile 0.81190) | LR 1.25e-05
2026-06-25 00:42:14,934 INFO Epoch 93 | Batch 650/1186 | Loss 4.15324 (NLL 4.21968 [logdet 1.34599, mahal 1.03581], L1 1.78879, Spectral 0.25512, Gradient 0.42690, Quantile 0.77804) | LR 1.25e-05
2026-06-25 00:42:17,933 INFO Epoch 93 | Batch 700/1186 | Loss 4.00885 (NLL 4.13698 [logdet 1.30605, mahal 0.99305], L1 1.69339, Spectral 0.25300, Gradient 0.42336, Quantile 0.74865) | LR 1.25e-05
2026-06-25 00:42:20,932 INFO Epoch 93 | Batch 750/1186 | Loss 4.14496 (NLL 4.20731 [logdet 1.34834, mahal 1.02109], L1 1.77811, Spectral 0.26165, Gradient 0.43057, Quantile 0.80663) | LR 1.25e-05
2026-06-25 00:42:23,931 INFO Epoch 93 | Batch 800/1186 | Loss 4.21498 (NLL 4.27024 [logdet 1.38860, mahal 1.04376], L1 1.81916, Spectral 0.25927, Gradient 0.43870, Quantile 0.79869) | LR 1.25e-05
2026-06-25 00:42:26,930 INFO Epoch 93 | Batch 850/1186 | Loss 4.12785 (NLL 4.22808 [logdet 1.34275, mahal 1.04744], L1 1.75936, Spectral 0.25409, Gradient 0.42689, Quantile 0.77851) | LR 1.25e-05
2026-06-25 00:42:29,929 INFO Epoch 93 | Batch 900/1186 | Loss 4.07938 (NLL 4.18137 [logdet 1.33869, mahal 1.00480], L1 1.73756, Spectral 0.26247, Gradient 0.43491, Quantile 0.75569) | LR 1.25e-05
2026-06-25 00:42:32,927 INFO Epoch 93 | Batch 950/1186 | Loss 4.04805 (NLL 4.14807 [logdet 1.31716, mahal 0.99304], L1 1.71805, Spectral 0.25917, Gradient 0.43235, Quantile 0.77927) | LR 1.25e-05
2026-06-25 00:42:35,927 INFO Epoch 93 | Batch 1000/1186 | Loss 4.16115 (NLL 4.21928 [logdet 1.34421, mahal 1.03719], L1 1.78332, Spectral 0.25529, Gradient 0.42960, Quantile 0.83415) | LR 1.25e-05
2026-06-25 00:42:38,925 INFO Epoch 93 | Batch 1050/1186 | Loss 4.12784 (NLL 4.21029 [logdet 1.33118, mahal 1.04124], L1 1.76858, Spectral 0.25364, Gradient 0.42389, Quantile 0.77760) | LR 1.25e-05
2026-06-25 00:42:41,925 INFO Epoch 93 | Batch 1100/1186 | Loss 4.19558 (NLL 4.24787 [logdet 1.35783, mahal 1.05216], L1 1.81554, Spectral 0.25076, Gradient 0.42743, Quantile 0.78892) | LR 1.25e-05
2026-06-25 00:42:44,924 INFO Epoch 93 | Batch 1150/1186 | Loss 4.12555 (NLL 4.21072 [logdet 1.39284, mahal 0.98000], L1 1.76360, Spectral 0.25377, Gradient 0.42973, Quantile 0.78767) | LR 1.25e-05
2026-06-25 00:42:52,035 INFO Epoch 93 | Val Loss 4.21556 (NLL 4.28893 [logdet 1.34203, mahal 1.10903], L1 1.79645, Spectral 0.25599, Gradient 0.42946, Quantile 0.86018)
2026-06-25 00:42:55,134 INFO Epoch 94 | Batch 50/1186 | Loss 4.14042 (NLL 4.19386 [logdet 1.34595, mahal 1.01003], L1 1.78464, Spectral 0.25944, Gradient 0.43248, Quantile 0.79091) | LR 1.25e-05
2026-06-25 00:42:58,151 INFO Epoch 94 | Batch 100/1186 | Loss 4.26242 (NLL 4.30106 [logdet 1.37093, mahal 1.09226], L1 1.84571, Spectral 0.26128, Gradient 0.43886, Quantile 0.81932) | LR 1.25e-05
2026-06-25 00:43:01,168 INFO Epoch 94 | Batch 150/1186 | Loss 4.11620 (NLL 4.20358 [logdet 1.38378, mahal 0.98192], L1 1.76064, Spectral 0.25797, Gradient 0.43181, Quantile 0.77143) | LR 1.25e-05
2026-06-25 00:43:04,191 INFO Epoch 94 | Batch 200/1186 | Loss 4.12740 (NLL 4.20625 [logdet 1.34343, mahal 1.02495], L1 1.76842, Spectral 0.25978, Gradient 0.43903, Quantile 0.77805) | LR 1.25e-05
2026-06-25 00:43:07,209 INFO Epoch 94 | Batch 250/1186 | Loss 4.12784 (NLL 4.21470 [logdet 1.35291, mahal 1.02391], L1 1.76536, Spectral 0.25800, Gradient 0.43067, Quantile 0.77705) | LR 1.25e-05
2026-06-25 00:43:10,228 INFO Epoch 94 | Batch 300/1186 | Loss 4.07120 (NLL 4.15749 [logdet 1.33981, mahal 0.97980], L1 1.73764, Spectral 0.25241, Gradient 0.42534, Quantile 0.78180) | LR 1.25e-05
2026-06-25 00:43:13,250 INFO Epoch 94 | Batch 350/1186 | Loss 4.16608 (NLL 4.22468 [logdet 1.33048, mahal 1.05632], L1 1.79297, Spectral 0.25757, Gradient 0.43904, Quantile 0.80085) | LR 1.25e-05
2026-06-25 00:43:16,271 INFO Epoch 94 | Batch 400/1186 | Loss 4.17463 (NLL 4.21750 [logdet 1.36516, mahal 1.01447], L1 1.80289, Spectral 0.26008, Gradient 0.43156, Quantile 0.80740) | LR 1.25e-05
2026-06-25 00:43:19,286 INFO Epoch 94 | Batch 450/1186 | Loss 4.06293 (NLL 4.15105 [logdet 1.30959, mahal 1.00358], L1 1.74125, Spectral 0.25026, Gradient 0.41980, Quantile 0.74827) | LR 1.25e-05
2026-06-25 00:43:22,305 INFO Epoch 94 | Batch 500/1186 | Loss 4.09666 (NLL 4.17381 [logdet 1.33631, mahal 0.99962], L1 1.75803, Spectral 0.25721, Gradient 0.43558, Quantile 0.76371) | LR 1.25e-05
2026-06-25 00:43:25,321 INFO Epoch 94 | Batch 550/1186 | Loss 4.11679 (NLL 4.19587 [logdet 1.33435, mahal 1.02364], L1 1.75853, Spectral 0.25316, Gradient 0.43000, Quantile 0.80381) | LR 1.25e-05
2026-06-25 00:43:28,342 INFO Epoch 94 | Batch 600/1186 | Loss 4.16265 (NLL 4.23508 [logdet 1.32270, mahal 1.07450], L1 1.78648, Spectral 0.25617, Gradient 0.42656, Quantile 0.79357) | LR 1.25e-05
2026-06-25 00:43:31,355 INFO Epoch 94 | Batch 650/1186 | Loss 4.06738 (NLL 4.17298 [logdet 1.34375, mahal 0.99136], L1 1.72972, Spectral 0.25090, Gradient 0.42635, Quantile 0.76829) | LR 1.25e-05
2026-06-25 00:43:34,375 INFO Epoch 94 | Batch 700/1186 | Loss 4.09180 (NLL 4.19853 [logdet 1.32497, mahal 1.03568], L1 1.73927, Spectral 0.25501, Gradient 0.42486, Quantile 0.77261) | LR 1.25e-05
2026-06-25 00:43:37,394 INFO Epoch 94 | Batch 750/1186 | Loss 4.13772 (NLL 4.21909 [logdet 1.33337, mahal 1.04784], L1 1.77101, Spectral 0.26363, Gradient 0.43587, Quantile 0.77940) | LR 1.25e-05
2026-06-25 00:43:40,414 INFO Epoch 94 | Batch 800/1186 | Loss 4.08907 (NLL 4.19778 [logdet 1.33832, mahal 1.02159], L1 1.73677, Spectral 0.25465, Gradient 0.42738, Quantile 0.77355) | LR 1.25e-05
2026-06-25 00:43:43,430 INFO Epoch 94 | Batch 850/1186 | Loss 4.08645 (NLL 4.18602 [logdet 1.34934, mahal 0.99880], L1 1.74139, Spectral 0.25825, Gradient 0.42914, Quantile 0.76405) | LR 1.25e-05
2026-06-25 00:43:46,445 INFO Epoch 94 | Batch 900/1186 | Loss 4.09232 (NLL 4.17719 [logdet 1.33847, mahal 1.00084], L1 1.75053, Spectral 0.25807, Gradient 0.42862, Quantile 0.76896) | LR 1.25e-05
2026-06-25 00:43:49,457 INFO Epoch 94 | Batch 950/1186 | Loss 4.20171 (NLL 4.27378 [logdet 1.36596, mahal 1.06994], L1 1.79896, Spectral 0.26164, Gradient 0.44284, Quantile 0.81753) | LR 1.25e-05
2026-06-25 00:43:52,468 INFO Epoch 94 | Batch 1000/1186 | Loss 4.10480 (NLL 4.19132 [logdet 1.34674, mahal 1.00670], L1 1.75041, Spectral 0.25308, Gradient 0.42442, Quantile 0.79736) | LR 1.25e-05
2026-06-25 00:43:55,482 INFO Epoch 94 | Batch 1050/1186 | Loss 4.15934 (NLL 4.22657 [logdet 1.36505, mahal 1.02365], L1 1.78703, Spectral 0.26189, Gradient 0.43543, Quantile 0.78898) | LR 1.25e-05
2026-06-25 00:43:58,492 INFO Epoch 94 | Batch 1100/1186 | Loss 4.06083 (NLL 4.16842 [logdet 1.33179, mahal 0.99875], L1 1.72537, Spectral 0.25524, Gradient 0.42414, Quantile 0.76398) | LR 1.25e-05
2026-06-25 00:44:01,501 INFO Epoch 94 | Batch 1150/1186 | Loss 4.14416 (NLL 4.20986 [logdet 1.34457, mahal 1.02742], L1 1.78186, Spectral 0.25679, Gradient 0.42977, Quantile 0.78767) | LR 1.25e-05
2026-06-25 00:44:08,608 INFO Epoch 94 | Val Loss 4.20678 (NLL 4.29062 [logdet 1.31035, mahal 1.14240], L1 1.79058, Spectral 0.25603, Gradient 0.42983, Quantile 0.84459)
2026-06-25 00:44:11,679 INFO Epoch 95 | Batch 50/1186 | Loss 4.12942 (NLL 4.21995 [logdet 1.33524, mahal 1.04684], L1 1.76885, Spectral 0.25651, Gradient 0.42808, Quantile 0.75988) | LR 1.25e-05
2026-06-25 00:44:14,693 INFO Epoch 95 | Batch 100/1186 | Loss 4.01319 (NLL 4.12143 [logdet 1.31307, mahal 0.97048], L1 1.70039, Spectral 0.25429, Gradient 0.42756, Quantile 0.76842) | LR 1.25e-05
2026-06-25 00:44:17,713 INFO Epoch 95 | Batch 150/1186 | Loss 4.11364 (NLL 4.21054 [logdet 1.32621, mahal 1.04645], L1 1.75463, Spectral 0.25364, Gradient 0.42398, Quantile 0.77606) | LR 1.25e-05
2026-06-25 00:44:20,733 INFO Epoch 95 | Batch 200/1186 | Loss 4.06974 (NLL 4.16162 [logdet 1.32507, mahal 0.99867], L1 1.73206, Spectral 0.25985, Gradient 0.43263, Quantile 0.78227) | LR 1.25e-05
2026-06-25 00:44:23,753 INFO Epoch 95 | Batch 250/1186 | Loss 4.15030 (NLL 4.23228 [logdet 1.32917, mahal 1.06523], L1 1.78279, Spectral 0.26226, Gradient 0.43780, Quantile 0.75681) | LR 1.25e-05
2026-06-25 00:44:26,774 INFO Epoch 95 | Batch 300/1186 | Loss 4.14830 (NLL 4.21245 [logdet 1.37380, mahal 1.00077], L1 1.78216, Spectral 0.25540, Gradient 0.43201, Quantile 0.79968) | LR 1.25e-05
2026-06-25 00:44:29,791 INFO Epoch 95 | Batch 350/1186 | Loss 4.16616 (NLL 4.24434 [logdet 1.35436, mahal 1.05211], L1 1.78515, Spectral 0.25683, Gradient 0.42767, Quantile 0.79377) | LR 1.25e-05
2026-06-25 00:44:32,811 INFO Epoch 95 | Batch 400/1186 | Loss 4.13744 (NLL 4.21497 [logdet 1.35966, mahal 1.01743], L1 1.76874, Spectral 0.25866, Gradient 0.43699, Quantile 0.80154) | LR 1.25e-05
2026-06-25 00:44:35,831 INFO Epoch 95 | Batch 450/1186 | Loss 4.14150 (NLL 4.23845 [logdet 1.33799, mahal 1.06258], L1 1.76574, Spectral 0.25613, Gradient 0.42763, Quantile 0.78497) | LR 1.25e-05
2026-06-25 00:44:38,850 INFO Epoch 95 | Batch 500/1186 | Loss 4.10602 (NLL 4.20056 [logdet 1.36123, mahal 1.00145], L1 1.75418, Spectral 0.26033, Gradient 0.43224, Quantile 0.75973) | LR 1.25e-05
2026-06-25 00:44:41,872 INFO Epoch 95 | Batch 550/1186 | Loss 4.18625 (NLL 4.23852 [logdet 1.39061, mahal 1.01004], L1 1.80285, Spectral 0.26247, Gradient 0.43207, Quantile 0.80969) | LR 1.25e-05
2026-06-25 00:44:44,893 INFO Epoch 95 | Batch 600/1186 | Loss 4.11975 (NLL 4.19582 [logdet 1.35644, mahal 1.00150], L1 1.76449, Spectral 0.25915, Gradient 0.43501, Quantile 0.78500) | LR 1.25e-05
2026-06-25 00:44:47,913 INFO Epoch 95 | Batch 650/1186 | Loss 4.13421 (NLL 4.21474 [logdet 1.35230, mahal 1.02456], L1 1.77043, Spectral 0.25539, Gradient 0.43041, Quantile 0.78519) | LR 1.25e-05
2026-06-25 00:44:50,933 INFO Epoch 95 | Batch 700/1186 | Loss 4.11980 (NLL 4.19314 [logdet 1.34768, mahal 1.00758], L1 1.76727, Spectral 0.25962, Gradient 0.43264, Quantile 0.77874) | LR 1.25e-05
2026-06-25 00:44:53,955 INFO Epoch 95 | Batch 750/1186 | Loss 4.19179 (NLL 4.21961 [logdet 1.37679, mahal 1.00495], L1 1.81355, Spectral 0.26548, Gradient 0.44228, Quantile 0.82413) | LR 1.25e-05
2026-06-25 00:44:56,978 INFO Epoch 95 | Batch 800/1186 | Loss 4.17995 (NLL 4.24115 [logdet 1.37361, mahal 1.02967], L1 1.80787, Spectral 0.25134, Gradient 0.42437, Quantile 0.76923) | LR 1.25e-05
2026-06-25 00:44:59,998 INFO Epoch 95 | Batch 850/1186 | Loss 4.16152 (NLL 4.23423 [logdet 1.36246, mahal 1.03390], L1 1.78636, Spectral 0.25681, Gradient 0.43095, Quantile 0.79044) | LR 1.25e-05
2026-06-25 00:45:03,019 INFO Epoch 95 | Batch 900/1186 | Loss 4.13750 (NLL 4.20753 [logdet 1.35036, mahal 1.01929], L1 1.77418, Spectral 0.25408, Gradient 0.43032, Quantile 0.79961) | LR 1.25e-05
2026-06-25 00:45:06,036 INFO Epoch 95 | Batch 950/1186 | Loss 4.09869 (NLL 4.17861 [logdet 1.34230, mahal 0.99844], L1 1.75272, Spectral 0.26092, Gradient 0.43284, Quantile 0.78029) | LR 1.25e-05
2026-06-25 00:45:09,058 INFO Epoch 95 | Batch 1000/1186 | Loss 4.09952 (NLL 4.20250 [logdet 1.33595, mahal 1.02867], L1 1.74604, Spectral 0.25659, Gradient 0.43334, Quantile 0.76650) | LR 1.25e-05
2026-06-25 00:45:12,076 INFO Epoch 95 | Batch 1050/1186 | Loss 4.12502 (NLL 4.20155 [logdet 1.33922, mahal 1.02446], L1 1.76908, Spectral 0.25083, Gradient 0.42988, Quantile 0.78491) | LR 1.25e-05
2026-06-25 00:45:15,095 INFO Epoch 95 | Batch 1100/1186 | Loss 4.06995 (NLL 4.16998 [logdet 1.32947, mahal 1.00263], L1 1.73565, Spectral 0.25027, Gradient 0.42160, Quantile 0.76134) | LR 1.25e-05
2026-06-25 00:45:18,105 INFO Epoch 95 | Batch 1150/1186 | Loss 4.07547 (NLL 4.16434 [logdet 1.32665, mahal 0.99982], L1 1.73876, Spectral 0.26128, Gradient 0.43587, Quantile 0.77104) | LR 1.25e-05
2026-06-25 00:45:25,215 INFO Epoch 95 | Val Loss 4.21687 (NLL 4.28723 [logdet 1.34644, mahal 1.10291], L1 1.79478, Spectral 0.25607, Gradient 0.43009, Quantile 0.87605)
2026-06-25 00:45:28,311 INFO Epoch 96 | Batch 50/1186 | Loss 4.16133 (NLL 4.24942 [logdet 1.37278, mahal 1.03876], L1 1.77747, Spectral 0.25666, Gradient 0.43549, Quantile 0.79513) | LR 1.25e-05
2026-06-25 00:45:31,332 INFO Epoch 96 | Batch 100/1186 | Loss 4.07907 (NLL 4.17397 [logdet 1.32979, mahal 1.00630], L1 1.73298, Spectral 0.25541, Gradient 0.43138, Quantile 0.79632) | LR 1.25e-05
2026-06-25 00:45:34,350 INFO Epoch 96 | Batch 150/1186 | Loss 4.11875 (NLL 4.19578 [logdet 1.34421, mahal 1.01369], L1 1.77213, Spectral 0.25337, Gradient 0.42885, Quantile 0.75551) | LR 1.25e-05
2026-06-25 00:45:37,361 INFO Epoch 96 | Batch 200/1186 | Loss 4.08555 (NLL 4.16772 [logdet 1.32062, mahal 1.00923], L1 1.74266, Spectral 0.25738, Gradient 0.43273, Quantile 0.79392) | LR 1.25e-05
2026-06-25 00:45:40,369 INFO Epoch 96 | Batch 250/1186 | Loss 4.11633 (NLL 4.21041 [logdet 1.34617, mahal 1.02637], L1 1.75970, Spectral 0.25545, Gradient 0.42826, Quantile 0.76446) | LR 1.25e-05
2026-06-25 00:45:43,368 INFO Epoch 96 | Batch 300/1186 | Loss 4.10826 (NLL 4.19238 [logdet 1.33298, mahal 1.02152], L1 1.75482, Spectral 0.25862, Gradient 0.43598, Quantile 0.78515) | LR 1.25e-05
2026-06-25 00:45:46,367 INFO Epoch 96 | Batch 350/1186 | Loss 4.22640 (NLL 4.28422 [logdet 1.38403, mahal 1.06231], L1 1.82496, Spectral 0.25965, Gradient 0.43633, Quantile 0.79265) | LR 1.25e-05
2026-06-25 00:45:49,366 INFO Epoch 96 | Batch 400/1186 | Loss 4.15657 (NLL 4.19588 [logdet 1.35705, mahal 1.00094], L1 1.79901, Spectral 0.25822, Gradient 0.43233, Quantile 0.79544) | LR 1.25e-05
2026-06-25 00:45:52,365 INFO Epoch 96 | Batch 450/1186 | Loss 4.08915 (NLL 4.19134 [logdet 1.36401, mahal 0.98945], L1 1.73942, Spectral 0.25067, Gradient 0.42723, Quantile 0.78052) | LR 1.25e-05
2026-06-25 00:45:55,363 INFO Epoch 96 | Batch 500/1186 | Loss 4.16333 (NLL 4.22038 [logdet 1.34415, mahal 1.03836], L1 1.78939, Spectral 0.25721, Gradient 0.43429, Quantile 0.81364) | LR 1.25e-05
2026-06-25 00:45:58,363 INFO Epoch 96 | Batch 550/1186 | Loss 4.16102 (NLL 4.22910 [logdet 1.35883, mahal 1.03239], L1 1.78462, Spectral 0.26172, Gradient 0.44264, Quantile 0.80084) | LR 1.25e-05
2026-06-25 00:46:01,361 INFO Epoch 96 | Batch 600/1186 | Loss 4.13276 (NLL 4.21661 [logdet 1.35762, mahal 1.02111], L1 1.77328, Spectral 0.26278, Gradient 0.43860, Quantile 0.75540) | LR 1.25e-05
2026-06-25 00:46:04,357 INFO Epoch 96 | Batch 650/1186 | Loss 4.13596 (NLL 4.20656 [logdet 1.37788, mahal 0.99080], L1 1.77125, Spectral 0.26031, Gradient 0.43378, Quantile 0.80067) | LR 1.25e-05
2026-06-25 00:46:07,350 INFO Epoch 96 | Batch 700/1186 | Loss 4.15296 (NLL 4.21361 [logdet 1.36856, mahal 1.00717], L1 1.79076, Spectral 0.25681, Gradient 0.42938, Quantile 0.77947) | LR 1.25e-05
2026-06-25 00:46:10,338 INFO Epoch 96 | Batch 750/1186 | Loss 4.19428 (NLL 4.25360 [logdet 1.35237, mahal 1.06335], L1 1.80724, Spectral 0.25831, Gradient 0.43368, Quantile 0.79789) | LR 1.25e-05
2026-06-25 00:46:13,333 INFO Epoch 96 | Batch 800/1186 | Loss 4.05997 (NLL 4.16414 [logdet 1.34378, mahal 0.98247], L1 1.72492, Spectral 0.25023, Gradient 0.41702, Quantile 0.77663) | LR 1.25e-05
2026-06-25 00:46:16,324 INFO Epoch 96 | Batch 850/1186 | Loss 4.06785 (NLL 4.17208 [logdet 1.32351, mahal 1.01069], L1 1.73147, Spectral 0.25608, Gradient 0.43142, Quantile 0.75924) | LR 1.25e-05
2026-06-25 00:46:19,313 INFO Epoch 96 | Batch 900/1186 | Loss 4.18071 (NLL 4.24995 [logdet 1.34444, mahal 1.06763], L1 1.79506, Spectral 0.25438, Gradient 0.42645, Quantile 0.80403) | LR 1.25e-05
2026-06-25 00:46:22,309 INFO Epoch 96 | Batch 950/1186 | Loss 4.08086 (NLL 4.17659 [logdet 1.35290, mahal 0.98581], L1 1.74657, Spectral 0.25453, Gradient 0.42521, Quantile 0.74296) | LR 1.25e-05
2026-06-25 00:46:25,301 INFO Epoch 96 | Batch 1000/1186 | Loss 4.12383 (NLL 4.20350 [logdet 1.36000, mahal 1.00562], L1 1.76435, Spectral 0.26057, Gradient 0.43201, Quantile 0.78511) | LR 1.25e-05
2026-06-25 00:46:28,290 INFO Epoch 96 | Batch 1050/1186 | Loss 4.01884 (NLL 4.13892 [logdet 1.29708, mahal 1.00396], L1 1.69619, Spectral 0.25930, Gradient 0.42931, Quantile 0.76765) | LR 1.25e-05
2026-06-25 00:46:31,286 INFO Epoch 96 | Batch 1100/1186 | Loss 4.21601 (NLL 4.25277 [logdet 1.36406, mahal 1.05082], L1 1.82409, Spectral 0.26583, Gradient 0.43722, Quantile 0.81182) | LR 1.25e-05
2026-06-25 00:46:34,279 INFO Epoch 96 | Batch 1150/1186 | Loss 4.07238 (NLL 4.16643 [logdet 1.32095, mahal 1.00760], L1 1.73947, Spectral 0.25301, Gradient 0.42248, Quantile 0.75997) | LR 1.25e-05
2026-06-25 00:46:41,366 INFO Epoch 96 | Val Loss 4.21810 (NLL 4.29084 [logdet 1.33413, mahal 1.11884], L1 1.79516, Spectral 0.25615, Gradient 0.43065, Quantile 0.87195)
2026-06-25 00:46:44,462 INFO Epoch 97 | Batch 50/1186 | Loss 4.04105 (NLL 4.13447 [logdet 1.32424, mahal 0.97236], L1 1.71982, Spectral 0.25493, Gradient 0.42853, Quantile 0.77568) | LR 1.25e-05
2026-06-25 00:46:47,480 INFO Epoch 97 | Batch 100/1186 | Loss 4.16310 (NLL 4.23535 [logdet 1.32366, mahal 1.07381], L1 1.78831, Spectral 0.25823, Gradient 0.43088, Quantile 0.78509) | LR 1.25e-05
2026-06-25 00:46:50,495 INFO Epoch 97 | Batch 150/1186 | Loss 4.10575 (NLL 4.18795 [logdet 1.34371, mahal 1.00636], L1 1.75469, Spectral 0.26090, Gradient 0.43593, Quantile 0.78200) | LR 1.25e-05
2026-06-25 00:46:53,512 INFO Epoch 97 | Batch 200/1186 | Loss 4.16398 (NLL 4.23183 [logdet 1.35850, mahal 1.03545], L1 1.78783, Spectral 0.25205, Gradient 0.43012, Quantile 0.80463) | LR 1.25e-05
2026-06-25 00:46:56,527 INFO Epoch 97 | Batch 250/1186 | Loss 4.06978 (NLL 4.16346 [logdet 1.32827, mahal 0.99731], L1 1.73913, Spectral 0.25083, Gradient 0.42114, Quantile 0.75911) | LR 1.25e-05
2026-06-25 00:46:59,543 INFO Epoch 97 | Batch 300/1186 | Loss 4.21934 (NLL 4.27362 [logdet 1.37591, mahal 1.05983], L1 1.81517, Spectral 0.26574, Gradient 0.43914, Quantile 0.81943) | LR 1.25e-05
2026-06-25 00:47:02,560 INFO Epoch 97 | Batch 350/1186 | Loss 4.04864 (NLL 4.15678 [logdet 1.33768, mahal 0.98122], L1 1.72430, Spectral 0.25404, Gradient 0.42469, Quantile 0.74331) | LR 1.25e-05
2026-06-25 00:47:05,576 INFO Epoch 97 | Batch 400/1186 | Loss 4.08941 (NLL 4.18804 [logdet 1.33499, mahal 1.01517], L1 1.73762, Spectral 0.25950, Gradient 0.43779, Quantile 0.78636) | LR 1.25e-05
2026-06-25 00:47:08,591 INFO Epoch 97 | Batch 450/1186 | Loss 4.15460 (NLL 4.23339 [logdet 1.34829, mahal 1.04722], L1 1.78292, Spectral 0.26306, Gradient 0.43633, Quantile 0.77098) | LR 1.25e-05
2026-06-25 00:47:11,601 INFO Epoch 97 | Batch 500/1186 | Loss 4.18497 (NLL 4.24006 [logdet 1.36051, mahal 1.04167], L1 1.80851, Spectral 0.25573, Gradient 0.42873, Quantile 0.78490) | LR 1.25e-05
2026-06-25 00:47:14,600 INFO Epoch 97 | Batch 550/1186 | Loss 4.10796 (NLL 4.20008 [logdet 1.34017, mahal 1.02203], L1 1.74804, Spectral 0.25501, Gradient 0.42595, Quantile 0.80004) | LR 1.25e-05
2026-06-25 00:47:17,611 INFO Epoch 97 | Batch 600/1186 | Loss 4.16108 (NLL 4.22827 [logdet 1.36087, mahal 1.02951], L1 1.78767, Spectral 0.26180, Gradient 0.44283, Quantile 0.79005) | LR 1.25e-05
2026-06-25 00:47:20,618 INFO Epoch 97 | Batch 650/1186 | Loss 4.12266 (NLL 4.19238 [logdet 1.35099, mahal 1.00351], L1 1.76767, Spectral 0.26034, Gradient 0.43689, Quantile 0.78970) | LR 1.25e-05
2026-06-25 00:47:23,628 INFO Epoch 97 | Batch 700/1186 | Loss 4.11334 (NLL 4.20549 [logdet 1.34428, mahal 1.02334], L1 1.76153, Spectral 0.25755, Gradient 0.43167, Quantile 0.75235) | LR 1.25e-05
2026-06-25 00:47:26,637 INFO Epoch 97 | Batch 750/1186 | Loss 4.09388 (NLL 4.19029 [logdet 1.35064, mahal 1.00177], L1 1.74795, Spectral 0.25185, Gradient 0.42505, Quantile 0.76573) | LR 1.25e-05
2026-06-25 00:47:29,644 INFO Epoch 97 | Batch 800/1186 | Loss 4.12529 (NLL 4.19831 [logdet 1.34893, mahal 1.01150], L1 1.76761, Spectral 0.25419, Gradient 0.42763, Quantile 0.79529) | LR 1.25e-05
2026-06-25 00:47:32,653 INFO Epoch 97 | Batch 850/1186 | Loss 4.00531 (NLL 4.12441 [logdet 1.30639, mahal 0.98014], L1 1.69039, Spectral 0.25877, Gradient 0.43025, Quantile 0.76624) | LR 1.25e-05
2026-06-25 00:47:35,652 INFO Epoch 97 | Batch 900/1186 | Loss 4.12254 (NLL 4.20928 [logdet 1.30944, mahal 1.06196], L1 1.76733, Spectral 0.25381, Gradient 0.42302, Quantile 0.76274) | LR 1.25e-05
2026-06-25 00:47:38,649 INFO Epoch 97 | Batch 950/1186 | Loss 4.16744 (NLL 4.23421 [logdet 1.34699, mahal 1.04935], L1 1.79355, Spectral 0.25579, Gradient 0.42940, Quantile 0.78634) | LR 1.25e-05
2026-06-25 00:47:41,650 INFO Epoch 97 | Batch 1000/1186 | Loss 4.15606 (NLL 4.21776 [logdet 1.37016, mahal 1.00972], L1 1.78839, Spectral 0.25845, Gradient 0.43687, Quantile 0.79171) | LR 1.25e-05
2026-06-25 00:47:44,649 INFO Epoch 97 | Batch 1050/1186 | Loss 4.11531 (NLL 4.19882 [logdet 1.33972, mahal 1.02123], L1 1.75869, Spectral 0.25432, Gradient 0.42977, Quantile 0.78964) | LR 1.25e-05
2026-06-25 00:47:47,649 INFO Epoch 97 | Batch 1100/1186 | Loss 4.09513 (NLL 4.18768 [logdet 1.32679, mahal 1.02301], L1 1.74589, Spectral 0.25669, Gradient 0.42778, Quantile 0.77965) | LR 1.25e-05
2026-06-25 00:47:50,647 INFO Epoch 97 | Batch 1150/1186 | Loss 4.19409 (NLL 4.24901 [logdet 1.37976, mahal 1.03137], L1 1.80973, Spectral 0.26079, Gradient 0.43789, Quantile 0.79358) | LR 1.25e-05
2026-06-25 00:47:57,783 INFO Epoch 97 | Val Loss 4.22081 (NLL 4.29028 [logdet 1.35358, mahal 1.09882], L1 1.79664, Spectral 0.25591, Gradient 0.42961, Quantile 0.87850)
2026-06-25 00:48:00,877 INFO Epoch 98 | Batch 50/1186 | Loss 4.20960 (NLL 4.24950 [logdet 1.36792, mahal 1.04370], L1 1.82763, Spectral 0.25598, Gradient 0.42843, Quantile 0.78793) | LR 1.25e-05
2026-06-25 00:48:03,895 INFO Epoch 98 | Batch 100/1186 | Loss 4.15072 (NLL 4.22556 [logdet 1.36674, mahal 1.02094], L1 1.77652, Spectral 0.25875, Gradient 0.43718, Quantile 0.80229) | LR 1.25e-05
2026-06-25 00:48:06,913 INFO Epoch 98 | Batch 150/1186 | Loss 4.13744 (NLL 4.20740 [logdet 1.38702, mahal 0.98250], L1 1.77136, Spectral 0.25684, Gradient 0.42928, Quantile 0.80841) | LR 1.25e-05
2026-06-25 00:48:09,931 INFO Epoch 98 | Batch 200/1186 | Loss 4.06698 (NLL 4.16980 [logdet 1.35126, mahal 0.98067], L1 1.73270, Spectral 0.25843, Gradient 0.43009, Quantile 0.75275) | LR 1.25e-05
2026-06-25 00:48:12,947 INFO Epoch 98 | Batch 250/1186 | Loss 4.18756 (NLL 4.25829 [logdet 1.34547, mahal 1.07494], L1 1.79545, Spectral 0.26336, Gradient 0.44152, Quantile 0.80372) | LR 1.25e-05
2026-06-25 00:48:15,961 INFO Epoch 98 | Batch 300/1186 | Loss 4.07612 (NLL 4.17327 [logdet 1.34443, mahal 0.99097], L1 1.73843, Spectral 0.25461, Gradient 0.42855, Quantile 0.76381) | LR 1.25e-05
2026-06-25 00:48:18,978 INFO Epoch 98 | Batch 350/1186 | Loss 4.10580 (NLL 4.16916 [logdet 1.33877, mahal 0.99251], L1 1.76677, Spectral 0.26029, Gradient 0.43154, Quantile 0.77178) | LR 1.25e-05
2026-06-25 00:48:21,996 INFO Epoch 98 | Batch 400/1186 | Loss 4.05321 (NLL 4.15944 [logdet 1.32615, mahal 0.99541], L1 1.71355, Spectral 0.26588, Gradient 0.43741, Quantile 0.78855) | LR 1.25e-05
2026-06-25 00:48:25,016 INFO Epoch 98 | Batch 450/1186 | Loss 4.15603 (NLL 4.23502 [logdet 1.33440, mahal 1.06274], L1 1.78247, Spectral 0.25459, Gradient 0.43461, Quantile 0.78449) | LR 1.25e-05
2026-06-25 00:48:28,034 INFO Epoch 98 | Batch 500/1186 | Loss 4.15674 (NLL 4.22387 [logdet 1.34679, mahal 1.03921], L1 1.78690, Spectral 0.25335, Gradient 0.42702, Quantile 0.79362) | LR 1.25e-05
2026-06-25 00:48:31,054 INFO Epoch 98 | Batch 550/1186 | Loss 4.07517 (NLL 4.15987 [logdet 1.34853, mahal 0.97346], L1 1.73725, Spectral 0.26209, Gradient 0.43121, Quantile 0.78455) | LR 1.25e-05
2026-06-25 00:48:34,070 INFO Epoch 98 | Batch 600/1186 | Loss 4.17338 (NLL 4.22927 [logdet 1.36198, mahal 1.02941], L1 1.80193, Spectral 0.25767, Gradient 0.43323, Quantile 0.78439) | LR 1.25e-05
2026-06-25 00:48:37,087 INFO Epoch 98 | Batch 650/1186 | Loss 4.03985 (NLL 4.14795 [logdet 1.30793, mahal 1.00215], L1 1.71656, Spectral 0.25259, Gradient 0.42627, Quantile 0.75877) | LR 1.25e-05
2026-06-25 00:48:40,105 INFO Epoch 98 | Batch 700/1186 | Loss 4.15785 (NLL 4.21887 [logdet 1.35449, mahal 1.02650], L1 1.78804, Spectral 0.25995, Gradient 0.43649, Quantile 0.79668) | LR 1.25e-05
2026-06-25 00:48:43,119 INFO Epoch 98 | Batch 750/1186 | Loss 4.15032 (NLL 4.23120 [logdet 1.35079, mahal 1.04254], L1 1.78194, Spectral 0.25083, Gradient 0.42612, Quantile 0.77507) | LR 1.25e-05
2026-06-25 00:48:46,109 INFO Epoch 98 | Batch 800/1186 | Loss 4.10482 (NLL 4.19886 [logdet 1.33984, mahal 1.02115], L1 1.74658, Spectral 0.24753, Gradient 0.42172, Quantile 0.80366) | LR 1.25e-05
2026-06-25 00:48:49,118 INFO Epoch 98 | Batch 850/1186 | Loss 4.13212 (NLL 4.21349 [logdet 1.34120, mahal 1.03441], L1 1.76964, Spectral 0.26022, Gradient 0.43356, Quantile 0.77718) | LR 1.25e-05
2026-06-25 00:48:52,134 INFO Epoch 98 | Batch 900/1186 | Loss 4.18336 (NLL 4.23566 [logdet 1.36823, mahal 1.02956], L1 1.80364, Spectral 0.25099, Gradient 0.42613, Quantile 0.81268) | LR 1.25e-05
2026-06-25 00:48:55,149 INFO Epoch 98 | Batch 950/1186 | Loss 4.06002 (NLL 4.17634 [logdet 1.32328, mahal 1.01518], L1 1.72425, Spectral 0.25243, Gradient 0.42837, Quantile 0.75182) | LR 1.25e-05
2026-06-25 00:48:58,167 INFO Epoch 98 | Batch 1000/1186 | Loss 4.07115 (NLL 4.17522 [logdet 1.29954, mahal 1.03779], L1 1.73618, Spectral 0.25848, Gradient 0.42699, Quantile 0.74437) | LR 1.25e-05
2026-06-25 00:49:01,184 INFO Epoch 98 | Batch 1050/1186 | Loss 4.21101 (NLL 4.24834 [logdet 1.34941, mahal 1.06105], L1 1.81556, Spectral 0.27090, Gradient 0.44672, Quantile 0.83008) | LR 1.25e-05
2026-06-25 00:49:04,200 INFO Epoch 98 | Batch 1100/1186 | Loss 4.13935 (NLL 4.22594 [logdet 1.37276, mahal 1.01530], L1 1.77268, Spectral 0.25398, Gradient 0.43095, Quantile 0.77542) | LR 1.25e-05
2026-06-25 00:49:07,217 INFO Epoch 98 | Batch 1150/1186 | Loss 4.08773 (NLL 4.18266 [logdet 1.33661, mahal 1.00818], L1 1.74504, Spectral 0.25752, Gradient 0.43147, Quantile 0.76194) | LR 1.25e-05
2026-06-25 00:49:14,370 INFO Epoch 98 | Val Loss 4.21274 (NLL 4.28682 [logdet 1.34137, mahal 1.10757], L1 1.79299, Spectral 0.25611, Gradient 0.42992, Quantile 0.86710)
2026-06-25 00:49:17,447 INFO Epoch 99 | Batch 50/1186 | Loss 4.19657 (NLL 4.25721 [logdet 1.36475, mahal 1.05458], L1 1.80853, Spectral 0.26003, Gradient 0.43268, Quantile 0.79273) | LR 1.25e-05
2026-06-25 00:49:20,462 INFO Epoch 99 | Batch 100/1186 | Loss 4.25596 (NLL 4.28348 [logdet 1.38695, mahal 1.05866], L1 1.84364, Spectral 0.26143, Gradient 0.43808, Quantile 0.83740) | LR 1.25e-05
2026-06-25 00:49:23,470 INFO Epoch 99 | Batch 150/1186 | Loss 4.01945 (NLL 4.14191 [logdet 1.34019, mahal 0.96384], L1 1.70297, Spectral 0.24880, Gradient 0.42293, Quantile 0.74716) | LR 1.25e-05
2026-06-25 00:49:26,477 INFO Epoch 99 | Batch 200/1186 | Loss 4.04861 (NLL 4.15124 [logdet 1.31066, mahal 1.00271], L1 1.72650, Spectral 0.25311, Gradient 0.42666, Quantile 0.74651) | LR 1.25e-05
2026-06-25 00:49:29,476 INFO Epoch 99 | Batch 250/1186 | Loss 4.09394 (NLL 4.18080 [logdet 1.31206, mahal 1.03087], L1 1.74364, Spectral 0.25376, Gradient 0.42957, Quantile 0.80142) | LR 1.25e-05
2026-06-25 00:49:32,476 INFO Epoch 99 | Batch 300/1186 | Loss 4.17578 (NLL 4.22679 [logdet 1.35606, mahal 1.03286], L1 1.80674, Spectral 0.26099, Gradient 0.43299, Quantile 0.77598) | LR 1.25e-05
2026-06-25 00:49:35,473 INFO Epoch 99 | Batch 350/1186 | Loss 4.09531 (NLL 4.18370 [logdet 1.32889, mahal 1.01693], L1 1.74930, Spectral 0.25871, Gradient 0.43728, Quantile 0.77224) | LR 1.25e-05
2026-06-25 00:49:38,473 INFO Epoch 99 | Batch 400/1186 | Loss 4.06729 (NLL 4.15924 [logdet 1.32556, mahal 0.99580], L1 1.73242, Spectral 0.25692, Gradient 0.42182, Quantile 0.77886) | LR 1.25e-05
2026-06-25 00:49:41,472 INFO Epoch 99 | Batch 450/1186 | Loss 4.13612 (NLL 4.22132 [logdet 1.34854, mahal 1.03490], L1 1.77400, Spectral 0.25878, Gradient 0.43518, Quantile 0.76094) | LR 1.25e-05
2026-06-25 00:49:44,471 INFO Epoch 99 | Batch 500/1186 | Loss 4.02923 (NLL 4.13522 [logdet 1.32454, mahal 0.97280], L1 1.70916, Spectral 0.25409, Gradient 0.43157, Quantile 0.77019) | LR 1.25e-05
2026-06-25 00:49:47,469 INFO Epoch 99 | Batch 550/1186 | Loss 4.15965 (NLL 4.23021 [logdet 1.32499, mahal 1.06735], L1 1.78642, Spectral 0.25577, Gradient 0.43217, Quantile 0.79191) | LR 1.25e-05
2026-06-25 00:49:50,469 INFO Epoch 99 | Batch 600/1186 | Loss 4.13752 (NLL 4.22529 [logdet 1.33858, mahal 1.04883], L1 1.76563, Spectral 0.26037, Gradient 0.42902, Quantile 0.79164) | LR 1.25e-05
2026-06-25 00:49:53,468 INFO Epoch 99 | Batch 650/1186 | Loss 4.08686 (NLL 4.18844 [logdet 1.35714, mahal 0.99342], L1 1.74013, Spectral 0.25548, Gradient 0.42553, Quantile 0.76897) | LR 1.25e-05
2026-06-25 00:49:56,468 INFO Epoch 99 | Batch 700/1186 | Loss 4.18062 (NLL 4.23451 [logdet 1.37610, mahal 1.02053], L1 1.79863, Spectral 0.25678, Gradient 0.43307, Quantile 0.81821) | LR 1.25e-05
2026-06-25 00:49:59,466 INFO Epoch 99 | Batch 750/1186 | Loss 4.15713 (NLL 4.23082 [logdet 1.35680, mahal 1.03614], L1 1.78643, Spectral 0.25415, Gradient 0.42758, Quantile 0.78191) | LR 1.25e-05
2026-06-25 00:50:02,463 INFO Epoch 99 | Batch 800/1186 | Loss 4.12949 (NLL 4.19888 [logdet 1.36067, mahal 1.00033], L1 1.77344, Spectral 0.26073, Gradient 0.42885, Quantile 0.78033) | LR 1.25e-05
2026-06-25 00:50:05,463 INFO Epoch 99 | Batch 850/1186 | Loss 4.20194 (NLL 4.25739 [logdet 1.36868, mahal 1.05083], L1 1.81221, Spectral 0.26293, Gradient 0.44300, Quantile 0.79613) | LR 1.25e-05
2026-06-25 00:50:08,462 INFO Epoch 99 | Batch 900/1186 | Loss 4.18236 (NLL 4.24097 [logdet 1.38568, mahal 1.01741], L1 1.80057, Spectral 0.25305, Gradient 0.43654, Quantile 0.80793) | LR 1.25e-05
2026-06-25 00:50:11,461 INFO Epoch 99 | Batch 950/1186 | Loss 4.12588 (NLL 4.20616 [logdet 1.37225, mahal 0.99603], L1 1.76595, Spectral 0.25671, Gradient 0.43235, Quantile 0.78558) | LR 1.25e-05
2026-06-25 00:50:14,460 INFO Epoch 99 | Batch 1000/1186 | Loss 4.09362 (NLL 4.19208 [logdet 1.34394, mahal 1.01026], L1 1.74201, Spectral 0.25843, Gradient 0.43132, Quantile 0.77844) | LR 1.25e-05
2026-06-25 00:50:17,459 INFO Epoch 99 | Batch 1050/1186 | Loss 4.06611 (NLL 4.17035 [logdet 1.34654, mahal 0.98593], L1 1.73166, Spectral 0.25279, Gradient 0.42325, Quantile 0.75848) | LR 1.25e-05
2026-06-25 00:50:20,458 INFO Epoch 99 | Batch 1100/1186 | Loss 4.13503 (NLL 4.20331 [logdet 1.34912, mahal 1.01632], L1 1.77938, Spectral 0.26016, Gradient 0.43059, Quantile 0.77005) | LR 1.25e-05
2026-06-25 00:50:23,455 INFO Epoch 99 | Batch 1150/1186 | Loss 4.08327 (NLL 4.18328 [logdet 1.31981, mahal 1.02559], L1 1.73842, Spectral 0.25417, Gradient 0.42814, Quantile 0.77322) | LR 1.25e-05
2026-06-25 00:50:30,575 INFO Epoch 99 | Val Loss 4.21351 (NLL 4.29119 [logdet 1.32290, mahal 1.13041], L1 1.79336, Spectral 0.25607, Gradient 0.42996, Quantile 0.85975)
2026-06-25 00:50:30,613 INFO Training complete.
