2026-06-26 12:42:10,903 INFO Logging to /home/peytonli/26.6_wind/logs/resnet_refiner/train_20260626_124210.log
2026-06-26 12:42:10,903 INFO Config:
{
  "seed": 0,
  "paths": {
    "data_dir": "/home/peytonli/26.6_wind/data",
    "log_dir": "/home/peytonli/26.6_wind/logs/resnet_refiner",
    "splits_path": "/home/peytonli/26.6_wind/data/splits_70_15_15/split_indices.npz"
  },
  "model": {
    "img_size": 200,
    "in_chans": 5,
    "width": 64,
    "num_blocks": 8,
    "residual_scale": 0.1,
    "activation": "relu",
    "use_terrain": true,
    "head_init_std": 0.001
  },
  "training": {
    "batch_size": 4,
    "num_epochs": 100,
    "learning_rate": 0.0001,
    "weight_decay": 0.0,
    "nll_weight": 0.0298203803117289,
    "l1_weight": 1.0,
    "spectral_weight": 2.1258793444504245,
    "gradient_weight": 1.0363548238055016,
    "quantile_weight": 0.0910226809309505,
    "spectral_low_freq_cutoff": 0.28,
    "quantiles": [
      0.95,
      0.99
    ],
    "grad_clip_norm": 1.0,
    "num_workers": 2,
    "val_interval": 1,
    "lr_milestone_fractions": [
      0.5,
      0.75,
      0.9
    ],
    "lr_gamma": 0.5
  },
  "logging": {
    "log_every": 50
  }
}
2026-06-26 12:42:10,903 INFO Using device: cuda
2026-06-26 12:42:10,906 INFO Train samples: 4744, Val samples: 1013
2026-06-26 12:42:11,119 INFO Total parameters: 740509
2026-06-26 12:42:12,304 INFO LR schedule: milestones (steps) = [59300, 88950, 106740] (of 118600 total), gamma = 0.500
2026-06-26 12:42:12,305 INFO Loss weights: {'nll': 0.0298203803117289, 'l1': 1.0, 'spectral': 2.1258793444504245, 'gradient': 1.0363548238055016, 'quantile': 0.0910226809309505}
2026-06-26 12:42:12,305 INFO Mean-aux loss params: spectral_low_freq_cutoff=0.280, quantiles=[0.95, 0.99]
2026-06-26 12:42:15,577 INFO Epoch 0 | Batch 50/1186 | Loss 3.16685 (NLL 4.48353 [logdet 1.60432, mahal 1.04134], L1 1.91271, Spectral 0.26460, Gradient 0.46096, Quantile 0.88122) | LR 1.00e-04
2026-06-26 12:42:18,493 INFO Epoch 0 | Batch 100/1186 | Loss 3.14367 (NLL 4.43289 [logdet 1.58235, mahal 1.01266], L1 1.88937, Spectral 0.26677, Gradient 0.45851, Quantile 0.87686) | LR 1.00e-04
2026-06-26 12:42:21,392 INFO Epoch 0 | Batch 150/1186 | Loss 3.21581 (NLL 4.47180 [logdet 1.66869, mahal 0.96523], L1 1.95208, Spectral 0.26792, Gradient 0.46358, Quantile 0.88310) | LR 1.00e-04
2026-06-26 12:42:24,305 INFO Epoch 0 | Batch 200/1186 | Loss 3.13888 (NLL 4.40759 [logdet 1.62234, mahal 0.94738], L1 1.89185, Spectral 0.26433, Gradient 0.45682, Quantile 0.88154) | LR 1.00e-04
2026-06-26 12:42:27,204 INFO Epoch 0 | Batch 250/1186 | Loss 3.09882 (NLL 4.38848 [logdet 1.51286, mahal 1.03775], L1 1.85953, Spectral 0.26302, Gradient 0.45459, Quantile 0.85874) | LR 1.00e-04
2026-06-26 12:42:30,103 INFO Epoch 0 | Batch 300/1186 | Loss 3.11903 (NLL 4.38598 [logdet 1.56350, mahal 0.98461], L1 1.86243, Spectral 0.26709, Gradient 0.46293, Quantile 0.85958) | LR 1.00e-04
2026-06-26 12:42:32,987 INFO Epoch 0 | Batch 350/1186 | Loss 3.12962 (NLL 4.40926 [logdet 1.55028, mahal 1.02111], L1 1.86337, Spectral 0.27074, Gradient 0.46300, Quantile 0.87198) | LR 1.00e-04
2026-06-26 12:42:35,872 INFO Epoch 0 | Batch 400/1186 | Loss 3.16872 (NLL 4.45217 [logdet 1.58068, mahal 1.03361], L1 1.91041, Spectral 0.26736, Gradient 0.46025, Quantile 0.88101) | LR 1.00e-04
2026-06-26 12:42:38,761 INFO Epoch 0 | Batch 450/1186 | Loss 3.17849 (NLL 4.43996 [logdet 1.59966, mahal 1.00243], L1 1.91266, Spectral 0.26774, Gradient 0.46616, Quantile 0.89135) | LR 1.00e-04
2026-06-26 12:42:41,651 INFO Epoch 0 | Batch 500/1186 | Loss 3.17982 (NLL 4.47086 [logdet 1.58826, mahal 1.04472], L1 1.93348, Spectral 0.26377, Gradient 0.45467, Quantile 0.89061) | LR 1.00e-04
2026-06-26 12:42:44,537 INFO Epoch 0 | Batch 550/1186 | Loss 3.20537 (NLL 4.43537 [logdet 1.60234, mahal 0.99516], L1 1.90936, Spectral 0.27864, Gradient 0.47419, Quantile 0.87847) | LR 1.00e-04
2026-06-26 12:42:47,424 INFO Epoch 0 | Batch 600/1186 | Loss 3.14452 (NLL 4.41542 [logdet 1.57687, mahal 1.00067], L1 1.89319, Spectral 0.26776, Gradient 0.45441, Quantile 0.87352) | LR 1.00e-04
2026-06-26 12:42:50,319 INFO Epoch 0 | Batch 650/1186 | Loss 3.08820 (NLL 4.40484 [logdet 1.58564, mahal 0.98132], L1 1.84920, Spectral 0.26230, Gradient 0.45424, Quantile 0.87098) | LR 1.00e-04
2026-06-26 12:42:53,215 INFO Epoch 0 | Batch 700/1186 | Loss 3.21633 (NLL 4.49799 [logdet 1.61060, mahal 1.04952], L1 1.96716, Spectral 0.26524, Gradient 0.45196, Quantile 0.90930) | LR 1.00e-04
2026-06-26 12:42:56,111 INFO Epoch 0 | Batch 750/1186 | Loss 3.12939 (NLL 4.42057 [logdet 1.61469, mahal 0.96800], L1 1.89291, Spectral 0.26259, Gradient 0.45178, Quantile 0.85943) | LR 1.00e-04
2026-06-26 12:42:59,007 INFO Epoch 0 | Batch 800/1186 | Loss 3.18754 (NLL 4.43811 [logdet 1.59631, mahal 1.00392], L1 1.94043, Spectral 0.26484, Gradient 0.45296, Quantile 0.90425) | LR 1.00e-04
2026-06-26 12:43:01,903 INFO Epoch 0 | Batch 850/1186 | Loss 3.15741 (NLL 4.42077 [logdet 1.59001, mahal 0.99289], L1 1.88583, Spectral 0.27724, Gradient 0.45543, Quantile 0.86107) | LR 1.00e-04
2026-06-26 12:43:04,804 INFO Epoch 0 | Batch 900/1186 | Loss 3.13985 (NLL 4.40606 [logdet 1.58006, mahal 0.98813], L1 1.87939, Spectral 0.27125, Gradient 0.45677, Quantile 0.86837) | LR 1.00e-04
2026-06-26 12:43:07,705 INFO Epoch 0 | Batch 950/1186 | Loss 3.07942 (NLL 4.39722 [logdet 1.52646, mahal 1.03289], L1 1.87164, Spectral 0.25694, Gradient 0.43580, Quantile 0.86553) | LR 1.00e-04
2026-06-26 12:43:10,608 INFO Epoch 0 | Batch 1000/1186 | Loss 3.12170 (NLL 4.40162 [logdet 1.56240, mahal 1.00135], L1 1.86682, Spectral 0.27274, Gradient 0.44767, Quantile 0.87750) | LR 1.00e-04
2026-06-26 12:43:13,507 INFO Epoch 0 | Batch 1050/1186 | Loss 3.13248 (NLL 4.44427 [logdet 1.62387, mahal 0.98252], L1 1.89991, Spectral 0.26291, Gradient 0.44340, Quantile 0.89637) | LR 1.00e-04
2026-06-26 12:43:16,410 INFO Epoch 0 | Batch 1100/1186 | Loss 3.17781 (NLL 4.46820 [logdet 1.58460, mahal 1.04572], L1 1.93793, Spectral 0.26682, Gradient 0.44130, Quantile 0.90151) | LR 1.00e-04
2026-06-26 12:43:19,314 INFO Epoch 0 | Batch 1150/1186 | Loss 3.06849 (NLL 4.37209 [logdet 1.57507, mahal 0.95914], L1 1.85664, Spectral 0.26069, Gradient 0.43212, Quantile 0.87287) | LR 1.00e-04
2026-06-26 12:43:26,341 INFO Epoch 0 | Val Loss 3.03232 (NLL 4.35380 [logdet 1.58216, mahal 0.93376], L1 1.80749, Spectral 0.26281, Gradient 0.43981, Quantile 0.88444)
2026-06-26 12:43:26,449 INFO New best val loss: 3.03232 (saved checkpoints/best.pth)
2026-06-26 12:43:29,404 INFO Epoch 1 | Batch 50/1186 | Loss 3.12293 (NLL 4.42570 [logdet 1.57463, mahal 1.01319], L1 1.89109, Spectral 0.26443, Gradient 0.44207, Quantile 0.87421) | LR 1.00e-04
2026-06-26 12:43:32,327 INFO Epoch 1 | Batch 100/1186 | Loss 3.17313 (NLL 4.42819 [logdet 1.56120, mahal 1.02912], L1 1.93738, Spectral 0.26464, Gradient 0.44308, Quantile 0.89989) | LR 1.00e-04
2026-06-26 12:43:35,252 INFO Epoch 1 | Batch 150/1186 | Loss 3.02964 (NLL 4.34051 [logdet 1.55576, mahal 0.94687], L1 1.82453, Spectral 0.25702, Gradient 0.43581, Quantile 0.85271) | LR 1.00e-04
2026-06-26 12:43:38,176 INFO Epoch 1 | Batch 200/1186 | Loss 3.05466 (NLL 4.37459 [logdet 1.52737, mahal 1.00934], L1 1.83871, Spectral 0.26268, Gradient 0.43317, Quantile 0.85865) | LR 1.00e-04
2026-06-26 12:43:41,101 INFO Epoch 1 | Batch 250/1186 | Loss 3.13744 (NLL 4.41594 [logdet 1.51158, mahal 1.06648], L1 1.89628, Spectral 0.26901, Gradient 0.44305, Quantile 0.86162) | LR 1.00e-04
2026-06-26 12:43:44,026 INFO Epoch 1 | Batch 300/1186 | Loss 3.09272 (NLL 4.38252 [logdet 1.53522, mahal 1.00942], L1 1.85200, Spectral 0.26882, Gradient 0.44281, Quantile 0.87491) | LR 1.00e-04
2026-06-26 12:43:46,951 INFO Epoch 1 | Batch 350/1186 | Loss 3.13710 (NLL 4.42934 [logdet 1.54515, mahal 1.04632], L1 1.91518, Spectral 0.26110, Gradient 0.43905, Quantile 0.87623) | LR 1.00e-04
2026-06-26 12:43:49,875 INFO Epoch 1 | Batch 400/1186 | Loss 3.12157 (NLL 4.43517 [logdet 1.57774, mahal 1.01955], L1 1.89716, Spectral 0.25929, Gradient 0.44156, Quantile 0.91533) | LR 1.00e-04
2026-06-26 12:43:52,799 INFO Epoch 1 | Batch 450/1186 | Loss 3.16739 (NLL 4.45431 [logdet 1.57759, mahal 1.03885], L1 1.91904, Spectral 0.26934, Gradient 0.44590, Quantile 0.88797) | LR 1.00e-04
2026-06-26 12:43:55,721 INFO Epoch 1 | Batch 500/1186 | Loss 3.14506 (NLL 4.44474 [logdet 1.59702, mahal 1.00984], L1 1.90665, Spectral 0.26785, Gradient 0.43958, Quantile 0.88872) | LR 1.00e-04
2026-06-26 12:43:58,646 INFO Epoch 1 | Batch 550/1186 | Loss 3.13438 (NLL 4.43552 [logdet 1.58133, mahal 1.01631], L1 1.89023, Spectral 0.27049, Gradient 0.44159, Quantile 0.87019) | LR 1.00e-04
2026-06-26 12:44:01,572 INFO Epoch 1 | Batch 600/1186 | Loss 3.10456 (NLL 4.36838 [logdet 1.55535, mahal 0.97515], L1 1.87140, Spectral 0.26754, Gradient 0.43956, Quantile 0.86346) | LR 1.00e-04
2026-06-26 12:44:04,498 INFO Epoch 1 | Batch 650/1186 | Loss 3.16642 (NLL 4.43774 [logdet 1.57021, mahal 1.02965], L1 1.93422, Spectral 0.26553, Gradient 0.43795, Quantile 0.89535) | LR 1.00e-04
2026-06-26 12:44:07,425 INFO Epoch 1 | Batch 700/1186 | Loss 3.13471 (NLL 4.39726 [logdet 1.56477, mahal 0.99461], L1 1.89675, Spectral 0.26831, Gradient 0.44088, Quantile 0.87370) | LR 1.00e-04
2026-06-26 12:44:10,351 INFO Epoch 1 | Batch 750/1186 | Loss 3.14851 (NLL 4.44234 [logdet 1.56566, mahal 1.03880], L1 1.89897, Spectral 0.27068, Gradient 0.44278, Quantile 0.90932) | LR 1.00e-04
2026-06-26 12:44:13,277 INFO Epoch 1 | Batch 800/1186 | Loss 3.04579 (NLL 4.37844 [logdet 1.53583, mahal 1.00473], L1 1.85113, Spectral 0.25762, Gradient 0.42386, Quantile 0.84768) | LR 1.00e-04
2026-06-26 12:44:16,204 INFO Epoch 1 | Batch 850/1186 | Loss 3.06413 (NLL 4.38363 [logdet 1.53582, mahal 1.00993], L1 1.85855, Spectral 0.25897, Gradient 0.42933, Quantile 0.87212) | LR 1.00e-04
2026-06-26 12:44:19,129 INFO Epoch 1 | Batch 900/1186 | Loss 3.06284 (NLL 4.37173 [logdet 1.55210, mahal 0.98175], L1 1.83878, Spectral 0.26531, Gradient 0.43511, Quantile 0.86506) | LR 1.00e-04
2026-06-26 12:44:22,055 INFO Epoch 1 | Batch 950/1186 | Loss 3.08907 (NLL 4.40894 [logdet 1.56742, mahal 1.00364], L1 1.86878, Spectral 0.26260, Gradient 0.43437, Quantile 0.88329) | LR 1.00e-04
2026-06-26 12:44:24,981 INFO Epoch 1 | Batch 1000/1186 | Loss 3.06125 (NLL 4.39786 [logdet 1.55573, mahal 1.00424], L1 1.84605, Spectral 0.26110, Gradient 0.43566, Quantile 0.85136) | LR 1.00e-04
2026-06-26 12:44:27,907 INFO Epoch 1 | Batch 1050/1186 | Loss 3.11025 (NLL 4.41507 [logdet 1.58434, mahal 0.99285], L1 1.89329, Spectral 0.26118, Gradient 0.43286, Quantile 0.89492) | LR 1.00e-04
2026-06-26 12:44:30,829 INFO Epoch 1 | Batch 1100/1186 | Loss 3.11918 (NLL 4.40975 [logdet 1.57503, mahal 0.99684], L1 1.89300, Spectral 0.26615, Gradient 0.43435, Quantile 0.86504) | LR 1.00e-04
2026-06-26 12:44:33,754 INFO Epoch 1 | Batch 1150/1186 | Loss 3.14964 (NLL 4.42297 [logdet 1.60403, mahal 0.98106], L1 1.91001, Spectral 0.26823, Gradient 0.44211, Quantile 0.87149) | LR 1.00e-04
2026-06-26 12:44:40,833 INFO Epoch 1 | Val Loss 3.01728 (NLL 4.33746 [logdet 1.51305, mahal 0.98654], L1 1.80584, Spectral 0.26065, Gradient 0.43015, Quantile 0.90295)
2026-06-26 12:44:40,905 INFO New best val loss: 3.01728 (saved checkpoints/best.pth)
2026-06-26 12:44:43,861 INFO Epoch 2 | Batch 50/1186 | Loss 3.14537 (NLL 4.44136 [logdet 1.54321, mahal 1.06027], L1 1.90696, Spectral 0.26590, Gradient 0.44350, Quantile 0.89068) | LR 1.00e-04
2026-06-26 12:44:46,787 INFO Epoch 2 | Batch 100/1186 | Loss 3.07780 (NLL 4.40221 [logdet 1.55724, mahal 1.00710], L1 1.86264, Spectral 0.26131, Gradient 0.43362, Quantile 0.86791) | LR 1.00e-04
2026-06-26 12:44:49,710 INFO Epoch 2 | Batch 150/1186 | Loss 3.09471 (NLL 4.41569 [logdet 1.57916, mahal 0.99865], L1 1.87030, Spectral 0.26513, Gradient 0.43494, Quantile 0.86082) | LR 1.00e-04
2026-06-26 12:44:52,632 INFO Epoch 2 | Batch 200/1186 | Loss 3.11597 (NLL 4.39844 [logdet 1.50702, mahal 1.05355], L1 1.88995, Spectral 0.26451, Gradient 0.43557, Quantile 0.89134) | LR 1.00e-04
2026-06-26 12:44:55,556 INFO Epoch 2 | Batch 250/1186 | Loss 3.06892 (NLL 4.39018 [logdet 1.54134, mahal 1.01096], L1 1.86518, Spectral 0.25936, Gradient 0.42681, Quantile 0.86941) | LR 1.00e-04
2026-06-26 12:44:58,478 INFO Epoch 2 | Batch 300/1186 | Loss 3.05419 (NLL 4.34228 [logdet 1.54190, mahal 0.96250], L1 1.84898, Spectral 0.25945, Gradient 0.42957, Quantile 0.86774) | LR 1.00e-04
2026-06-26 12:45:01,401 INFO Epoch 2 | Batch 350/1186 | Loss 3.07278 (NLL 4.37183 [logdet 1.55180, mahal 0.98215], L1 1.87755, Spectral 0.25830, Gradient 0.42391, Quantile 0.83967) | LR 1.00e-04
2026-06-26 12:45:04,324 INFO Epoch 2 | Batch 400/1186 | Loss 3.05512 (NLL 4.35815 [logdet 1.51945, mahal 1.00082], L1 1.84067, Spectral 0.26286, Gradient 0.43201, Quantile 0.85653) | LR 1.00e-04
2026-06-26 12:45:07,248 INFO Epoch 2 | Batch 450/1186 | Loss 3.05795 (NLL 4.37880 [logdet 1.52662, mahal 1.01430], L1 1.85141, Spectral 0.26070, Gradient 0.42718, Quantile 0.86822) | LR 1.00e-04
2026-06-26 12:45:10,173 INFO Epoch 2 | Batch 500/1186 | Loss 3.06590 (NLL 4.34083 [logdet 1.50825, mahal 0.99471], L1 1.85304, Spectral 0.26362, Gradient 0.42855, Quantile 0.86618) | LR 1.00e-04
2026-06-26 12:45:13,097 INFO Epoch 2 | Batch 550/1186 | Loss 3.07070 (NLL 4.36887 [logdet 1.52787, mahal 1.00312], L1 1.85380, Spectral 0.26279, Gradient 0.43233, Quantile 0.87788) | LR 1.00e-04
2026-06-26 12:45:16,022 INFO Epoch 2 | Batch 600/1186 | Loss 3.13599 (NLL 4.41029 [logdet 1.55805, mahal 1.01436], L1 1.88813, Spectral 0.27263, Gradient 0.44198, Quantile 0.86485) | LR 1.00e-04
2026-06-26 12:45:18,945 INFO Epoch 2 | Batch 650/1186 | Loss 3.13410 (NLL 4.42513 [logdet 1.58074, mahal 1.00651], L1 1.88843, Spectral 0.26998, Gradient 0.44408, Quantile 0.87394) | LR 1.00e-04
2026-06-26 12:45:21,868 INFO Epoch 2 | Batch 700/1186 | Loss 3.11647 (NLL 4.42479 [logdet 1.56884, mahal 1.01807], L1 1.90291, Spectral 0.26185, Gradient 0.42871, Quantile 0.88599) | LR 1.00e-04
2026-06-26 12:45:24,792 INFO Epoch 2 | Batch 750/1186 | Loss 3.11139 (NLL 4.40201 [logdet 1.56407, mahal 1.00005], L1 1.90940, Spectral 0.25854, Gradient 0.42440, Quantile 0.89278) | LR 1.00e-04
2026-06-26 12:45:27,716 INFO Epoch 2 | Batch 800/1186 | Loss 3.09257 (NLL 4.43172 [logdet 1.55905, mahal 1.03480], L1 1.86568, Spectral 0.26753, Gradient 0.43330, Quantile 0.84543) | LR 1.00e-04
2026-06-26 12:45:30,637 INFO Epoch 2 | Batch 850/1186 | Loss 3.07044 (NLL 4.37760 [logdet 1.55034, mahal 0.98938], L1 1.84957, Spectral 0.26290, Gradient 0.43502, Quantile 0.88534) | LR 1.00e-04
2026-06-26 12:45:33,556 INFO Epoch 2 | Batch 900/1186 | Loss 3.05015 (NLL 4.37837 [logdet 1.53132, mahal 1.00917], L1 1.86300, Spectral 0.25531, Gradient 0.41981, Quantile 0.86521) | LR 1.00e-04
2026-06-26 12:45:36,481 INFO Epoch 2 | Batch 950/1186 | Loss 3.02489 (NLL 4.32568 [logdet 1.50464, mahal 0.98316], L1 1.83089, Spectral 0.25894, Gradient 0.42161, Quantile 0.85230) | LR 1.00e-04
2026-06-26 12:45:39,403 INFO Epoch 2 | Batch 1000/1186 | Loss 3.06085 (NLL 4.41823 [logdet 1.52691, mahal 1.05344], L1 1.86127, Spectral 0.25945, Gradient 0.42529, Quantile 0.82973) | LR 1.00e-04
2026-06-26 12:45:42,326 INFO Epoch 2 | Batch 1050/1186 | Loss 3.20937 (NLL 4.46700 [logdet 1.59717, mahal 1.03195], L1 1.97443, Spectral 0.26542, Gradient 0.43625, Quantile 0.93783) | LR 1.00e-04
2026-06-26 12:45:45,249 INFO Epoch 2 | Batch 1100/1186 | Loss 3.07067 (NLL 4.37769 [logdet 1.58462, mahal 0.95520], L1 1.87803, Spectral 0.25520, Gradient 0.42615, Quantile 0.85619) | LR 1.00e-04
2026-06-26 12:45:48,171 INFO Epoch 2 | Batch 1150/1186 | Loss 3.10712 (NLL 4.39920 [logdet 1.54129, mahal 1.02003], L1 1.89513, Spectral 0.26149, Gradient 0.42935, Quantile 0.87827) | LR 1.00e-04
2026-06-26 12:45:55,230 INFO Epoch 2 | Val Loss 3.00938 (NLL 4.33706 [logdet 1.57152, mahal 0.92767], L1 1.80209, Spectral 0.25941, Gradient 0.42704, Quantile 0.92202)
2026-06-26 12:45:55,303 INFO New best val loss: 3.00938 (saved checkpoints/best.pth)
2026-06-26 12:45:58,282 INFO Epoch 3 | Batch 50/1186 | Loss 3.09756 (NLL 4.44305 [logdet 1.56892, mahal 1.03626], L1 1.89919, Spectral 0.25664, Gradient 0.42536, Quantile 0.87304) | LR 1.00e-04
2026-06-26 12:46:01,227 INFO Epoch 3 | Batch 100/1186 | Loss 2.94510 (NLL 4.33842 [logdet 1.55047, mahal 0.95007], L1 1.79827, Spectral 0.24279, Gradient 0.40925, Quantile 0.84813) | LR 1.00e-04
2026-06-26 12:46:04,172 INFO Epoch 3 | Batch 150/1186 | Loss 3.04068 (NLL 4.34171 [logdet 1.50083, mahal 1.00301], L1 1.84079, Spectral 0.25995, Gradient 0.42271, Quantile 0.87571) | LR 1.00e-04
2026-06-26 12:46:07,117 INFO Epoch 3 | Batch 200/1186 | Loss 3.09772 (NLL 4.41561 [logdet 1.53913, mahal 1.03861], L1 1.87618, Spectral 0.26333, Gradient 0.43359, Quantile 0.88667) | LR 1.00e-04
2026-06-26 12:46:10,062 INFO Epoch 3 | Batch 250/1186 | Loss 3.15100 (NLL 4.43062 [logdet 1.56096, mahal 1.03178], L1 1.91837, Spectral 0.26683, Gradient 0.43805, Quantile 0.87112) | LR 1.00e-04
2026-06-26 12:46:13,007 INFO Epoch 3 | Batch 300/1186 | Loss 3.15455 (NLL 4.45788 [logdet 1.59156, mahal 1.02844], L1 1.91322, Spectral 0.27088, Gradient 0.43589, Quantile 0.88777) | LR 1.00e-04
2026-06-26 12:46:15,954 INFO Epoch 3 | Batch 350/1186 | Loss 3.05831 (NLL 4.35237 [logdet 1.57315, mahal 0.94134], L1 1.86381, Spectral 0.25865, Gradient 0.42267, Quantile 0.84385) | LR 1.00e-04
2026-06-26 12:46:18,902 INFO Epoch 3 | Batch 400/1186 | Loss 3.04564 (NLL 4.35292 [logdet 1.51265, mahal 1.00239], L1 1.83568, Spectral 0.26230, Gradient 0.42980, Quantile 0.84730) | LR 1.00e-04
2026-06-26 12:46:21,848 INFO Epoch 3 | Batch 450/1186 | Loss 3.08033 (NLL 4.38495 [logdet 1.50425, mahal 1.04282], L1 1.86715, Spectral 0.26270, Gradient 0.42888, Quantile 0.87316) | LR 1.00e-04
2026-06-26 12:46:24,794 INFO Epoch 3 | Batch 500/1186 | Loss 3.08226 (NLL 4.34189 [logdet 1.52095, mahal 0.98306], L1 1.86648, Spectral 0.26317, Gradient 0.43282, Quantile 0.86003) | LR 1.00e-04
2026-06-26 12:46:27,737 INFO Epoch 3 | Batch 550/1186 | Loss 3.04854 (NLL 4.36589 [logdet 1.53759, mahal 0.99042], L1 1.86680, Spectral 0.25123, Gradient 0.42065, Quantile 0.89555) | LR 1.00e-04
2026-06-26 12:46:30,685 INFO Epoch 3 | Batch 600/1186 | Loss 3.07152 (NLL 4.35438 [logdet 1.51184, mahal 1.00466], L1 1.84903, Spectral 0.26711, Gradient 0.42892, Quantile 0.88199) | LR 1.00e-04
2026-06-26 12:46:33,631 INFO Epoch 3 | Batch 650/1186 | Loss 3.18013 (NLL 4.46526 [logdet 1.57324, mahal 1.05413], L1 1.94256, Spectral 0.26870, Gradient 0.43445, Quantile 0.91133) | LR 1.00e-04
2026-06-26 12:46:36,576 INFO Epoch 3 | Batch 700/1186 | Loss 3.11991 (NLL 4.44702 [logdet 1.58899, mahal 1.02016], L1 1.90131, Spectral 0.26124, Gradient 0.43371, Quantile 0.89137) | LR 1.00e-04
2026-06-26 12:46:39,522 INFO Epoch 3 | Batch 750/1186 | Loss 3.09857 (NLL 4.37391 [logdet 1.55596, mahal 0.98007], L1 1.88683, Spectral 0.26127, Gradient 0.43055, Quantile 0.87529) | LR 1.00e-04
2026-06-26 12:46:42,465 INFO Epoch 3 | Batch 800/1186 | Loss 3.13220 (NLL 4.40848 [logdet 1.56657, mahal 1.00404], L1 1.91713, Spectral 0.26404, Gradient 0.42684, Quantile 0.87826) | LR 1.00e-04
2026-06-26 12:46:45,409 INFO Epoch 3 | Batch 850/1186 | Loss 3.12177 (NLL 4.41661 [logdet 1.57811, mahal 1.00062], L1 1.89441, Spectral 0.26423, Gradient 0.43853, Quantile 0.87295) | LR 1.00e-04
2026-06-26 12:46:48,355 INFO Epoch 3 | Batch 900/1186 | Loss 3.10429 (NLL 4.41179 [logdet 1.54380, mahal 1.03011], L1 1.87473, Spectral 0.26771, Gradient 0.43318, Quantile 0.87827) | LR 1.00e-04
2026-06-26 12:46:51,296 INFO Epoch 3 | Batch 950/1186 | Loss 3.00052 (NLL 4.31441 [logdet 1.51726, mahal 0.95927], L1 1.81679, Spectral 0.25518, Gradient 0.41982, Quantile 0.85168) | LR 1.00e-04
2026-06-26 12:46:54,224 INFO Epoch 3 | Batch 1000/1186 | Loss 3.07070 (NLL 4.34854 [logdet 1.50437, mahal 1.00629], L1 1.86051, Spectral 0.26198, Gradient 0.42869, Quantile 0.87116) | LR 1.00e-04
2026-06-26 12:46:57,153 INFO Epoch 3 | Batch 1050/1186 | Loss 3.05704 (NLL 4.37370 [logdet 1.52943, mahal 1.00639], L1 1.84289, Spectral 0.26439, Gradient 0.42890, Quantile 0.84780) | LR 1.00e-04
2026-06-26 12:47:00,085 INFO Epoch 3 | Batch 1100/1186 | Loss 3.12041 (NLL 4.41653 [logdet 1.52298, mahal 1.05568], L1 1.89760, Spectral 0.26369, Gradient 0.43583, Quantile 0.86641) | LR 1.00e-04
2026-06-26 12:47:03,014 INFO Epoch 3 | Batch 1150/1186 | Loss 3.01623 (NLL 4.36122 [logdet 1.50485, mahal 1.01849], L1 1.85607, Spectral 0.24613, Gradient 0.41175, Quantile 0.88053) | LR 1.00e-04
2026-06-26 12:47:10,083 INFO Epoch 3 | Val Loss 3.00191 (NLL 4.33478 [logdet 1.54551, mahal 0.95140], L1 1.79811, Spectral 0.25922, Gradient 0.42632, Quantile 0.89705)
2026-06-26 12:47:10,157 INFO New best val loss: 3.00191 (saved checkpoints/best.pth)
2026-06-26 12:47:13,197 INFO Epoch 4 | Batch 50/1186 | Loss 3.09828 (NLL 4.41147 [logdet 1.55871, mahal 1.01488], L1 1.89256, Spectral 0.25734, Gradient 0.43049, Quantile 0.88934) | LR 1.00e-04
2026-06-26 12:47:16,208 INFO Epoch 4 | Batch 100/1186 | Loss 3.02265 (NLL 4.31476 [logdet 1.50788, mahal 0.96901], L1 1.81621, Spectral 0.26175, Gradient 0.42862, Quantile 0.84719) | LR 1.00e-04
2026-06-26 12:47:19,224 INFO Epoch 4 | Batch 150/1186 | Loss 3.14489 (NLL 4.44080 [logdet 1.51914, mahal 1.08379], L1 1.93067, Spectral 0.26189, Gradient 0.42781, Quantile 0.89744) | LR 1.00e-04
2026-06-26 12:47:22,228 INFO Epoch 4 | Batch 200/1186 | Loss 3.11079 (NLL 4.40120 [logdet 1.56562, mahal 0.99771], L1 1.90469, Spectral 0.25999, Gradient 0.42553, Quantile 0.89156) | LR 1.00e-04
2026-06-26 12:47:25,243 INFO Epoch 4 | Batch 250/1186 | Loss 3.07493 (NLL 4.41542 [logdet 1.54730, mahal 1.03024], L1 1.88209, Spectral 0.25654, Gradient 0.42232, Quantile 0.85835) | LR 1.00e-04
2026-06-26 12:47:28,251 INFO Epoch 4 | Batch 300/1186 | Loss 2.96041 (NLL 4.29421 [logdet 1.52684, mahal 0.92949], L1 1.78413, Spectral 0.25456, Gradient 0.41467, Quantile 0.84949) | LR 1.00e-04
2026-06-26 12:47:31,262 INFO Epoch 4 | Batch 350/1186 | Loss 3.07286 (NLL 4.37686 [logdet 1.53863, mahal 1.00034], L1 1.85818, Spectral 0.26212, Gradient 0.43183, Quantile 0.87226) | LR 1.00e-04
2026-06-26 12:47:34,269 INFO Epoch 4 | Batch 400/1186 | Loss 3.06771 (NLL 4.36301 [logdet 1.53840, mahal 0.98673], L1 1.84621, Spectral 0.26761, Gradient 0.43081, Quantile 0.83519) | LR 1.00e-04
2026-06-26 12:47:37,282 INFO Epoch 4 | Batch 450/1186 | Loss 2.97617 (NLL 4.27993 [logdet 1.49604, mahal 0.94601], L1 1.77968, Spectral 0.26116, Gradient 0.42263, Quantile 0.83132) | LR 1.00e-04
2026-06-26 12:47:40,296 INFO Epoch 4 | Batch 500/1186 | Loss 3.02294 (NLL 4.32253 [logdet 1.47702, mahal 1.00763], L1 1.82066, Spectral 0.26108, Gradient 0.42596, Quantile 0.84497) | LR 1.00e-04
2026-06-26 12:47:43,302 INFO Epoch 4 | Batch 550/1186 | Loss 3.06754 (NLL 4.38106 [logdet 1.51565, mahal 1.02753], L1 1.85853, Spectral 0.26216, Gradient 0.42620, Quantile 0.87178) | LR 1.00e-04
2026-06-26 12:47:46,316 INFO Epoch 4 | Batch 600/1186 | Loss 3.13023 (NLL 4.39970 [logdet 1.51838, mahal 1.04344], L1 1.90497, Spectral 0.26509, Gradient 0.43254, Quantile 0.90352) | LR 1.00e-04
2026-06-26 12:47:49,323 INFO Epoch 4 | Batch 650/1186 | Loss 3.13071 (NLL 4.43680 [logdet 1.52963, mahal 1.06929], L1 1.92258, Spectral 0.26044, Gradient 0.42813, Quantile 0.86187) | LR 1.00e-04
2026-06-26 12:47:52,337 INFO Epoch 4 | Batch 700/1186 | Loss 3.04460 (NLL 4.33000 [logdet 1.55138, mahal 0.94074], L1 1.83341, Spectral 0.26397, Gradient 0.42778, Quantile 0.85215) | LR 1.00e-04
2026-06-26 12:47:55,348 INFO Epoch 4 | Batch 750/1186 | Loss 3.03631 (NLL 4.35019 [logdet 1.44959, mahal 1.06272], L1 1.84275, Spectral 0.25731, Gradient 0.42533, Quantile 0.83525) | LR 1.00e-04
2026-06-26 12:47:58,356 INFO Epoch 4 | Batch 800/1186 | Loss 3.10718 (NLL 4.41967 [logdet 1.56359, mahal 1.01821], L1 1.89918, Spectral 0.26210, Gradient 0.42305, Quantile 0.88540) | LR 1.00e-04
2026-06-26 12:48:01,365 INFO Epoch 4 | Batch 850/1186 | Loss 3.04128 (NLL 4.37668 [logdet 1.54417, mahal 0.99463], L1 1.85751, Spectral 0.25227, Gradient 0.42494, Quantile 0.84142) | LR 1.00e-04
2026-06-26 12:48:04,373 INFO Epoch 4 | Batch 900/1186 | Loss 3.13197 (NLL 4.41401 [logdet 1.56415, mahal 1.01198], L1 1.90483, Spectral 0.26383, Gradient 0.43472, Quantile 0.92425) | LR 1.00e-04
2026-06-26 12:48:07,386 INFO Epoch 4 | Batch 950/1186 | Loss 3.14416 (NLL 4.42076 [logdet 1.57837, mahal 1.00451], L1 1.92304, Spectral 0.26333, Gradient 0.43388, Quantile 0.87717) | LR 1.00e-04
2026-06-26 12:48:10,394 INFO Epoch 4 | Batch 1000/1186 | Loss 3.06693 (NLL 4.39971 [logdet 1.58353, mahal 0.97830], L1 1.87559, Spectral 0.25514, Gradient 0.42359, Quantile 0.86496) | LR 1.00e-04
2026-06-26 12:48:13,408 INFO Epoch 4 | Batch 1050/1186 | Loss 3.10028 (NLL 4.41850 [logdet 1.49906, mahal 1.08157], L1 1.89214, Spectral 0.25881, Gradient 0.42873, Quantile 0.89942) | LR 1.00e-04
2026-06-26 12:48:16,409 INFO Epoch 4 | Batch 1100/1186 | Loss 3.00299 (NLL 4.37755 [logdet 1.56411, mahal 0.97557], L1 1.83226, Spectral 0.25075, Gradient 0.41713, Quantile 0.82196) | LR 1.00e-04
2026-06-26 12:48:19,420 INFO Epoch 4 | Batch 1150/1186 | Loss 3.07103 (NLL 4.37364 [logdet 1.56139, mahal 0.97437], L1 1.85631, Spectral 0.26426, Gradient 0.42827, Quantile 0.86426) | LR 1.00e-04
2026-06-26 12:48:26,513 INFO Epoch 4 | Val Loss 2.99830 (NLL 4.33706 [logdet 1.52921, mahal 0.96997], L1 1.79867, Spectral 0.25911, Gradient 0.42545, Quantile 0.86288)
2026-06-26 12:48:26,590 INFO New best val loss: 2.99830 (saved checkpoints/best.pth)
2026-06-26 12:48:29,558 INFO Epoch 5 | Batch 50/1186 | Loss 3.05278 (NLL 4.34062 [logdet 1.53026, mahal 0.97248], L1 1.85050, Spectral 0.26215, Gradient 0.42319, Quantile 0.84555) | LR 1.00e-04
2026-06-26 12:48:32,494 INFO Epoch 5 | Batch 100/1186 | Loss 3.02768 (NLL 4.31718 [logdet 1.46924, mahal 1.01006], L1 1.83985, Spectral 0.25814, Gradient 0.41856, Quantile 0.84079) | LR 1.00e-04
2026-06-26 12:48:35,431 INFO Epoch 5 | Batch 150/1186 | Loss 3.01654 (NLL 4.34654 [logdet 1.47800, mahal 1.03066], L1 1.82400, Spectral 0.25738, Gradient 0.42170, Quantile 0.86492) | LR 1.00e-04
2026-06-26 12:48:38,359 INFO Epoch 5 | Batch 200/1186 | Loss 3.04219 (NLL 4.31698 [logdet 1.51450, mahal 0.96461], L1 1.84942, Spectral 0.25771, Gradient 0.42225, Quantile 0.86337) | LR 1.00e-04
2026-06-26 12:48:41,280 INFO Epoch 5 | Batch 250/1186 | Loss 3.08197 (NLL 4.38556 [logdet 1.48947, mahal 1.05821], L1 1.88022, Spectral 0.25999, Gradient 0.42516, Quantile 0.85297) | LR 1.00e-04
2026-06-26 12:48:44,203 INFO Epoch 5 | Batch 300/1186 | Loss 3.06746 (NLL 4.36368 [logdet 1.55947, mahal 0.96633], L1 1.85052, Spectral 0.26379, Gradient 0.43151, Quantile 0.86620) | LR 1.00e-04
2026-06-26 12:48:47,119 INFO Epoch 5 | Batch 350/1186 | Loss 3.04182 (NLL 4.34446 [logdet 1.49049, mahal 1.01609], L1 1.83296, Spectral 0.26078, Gradient 0.43061, Quantile 0.86406) | LR 1.00e-04
2026-06-26 12:48:50,036 INFO Epoch 5 | Batch 400/1186 | Loss 3.06694 (NLL 4.37502 [logdet 1.54531, mahal 0.99183], L1 1.86223, Spectral 0.25867, Gradient 0.43090, Quantile 0.85445) | LR 1.00e-04
2026-06-26 12:48:52,957 INFO Epoch 5 | Batch 450/1186 | Loss 3.06925 (NLL 4.36469 [logdet 1.54194, mahal 0.98488], L1 1.87143, Spectral 0.25692, Gradient 0.42644, Quantile 0.87386) | LR 1.00e-04
2026-06-26 12:48:55,878 INFO Epoch 5 | Batch 500/1186 | Loss 3.09923 (NLL 4.37584 [logdet 1.54849, mahal 0.98948], L1 1.87905, Spectral 0.26475, Gradient 0.43093, Quantile 0.88178) | LR 1.00e-04
2026-06-26 12:48:58,795 INFO Epoch 5 | Batch 550/1186 | Loss 3.06749 (NLL 4.36987 [logdet 1.51925, mahal 1.01275], L1 1.87593, Spectral 0.25599, Gradient 0.42324, Quantile 0.86148) | LR 1.00e-04
2026-06-26 12:49:01,714 INFO Epoch 5 | Batch 600/1186 | Loss 3.10025 (NLL 4.38409 [logdet 1.53121, mahal 1.01500], L1 1.90042, Spectral 0.25859, Gradient 0.42413, Quantile 0.87699) | LR 1.00e-04
2026-06-26 12:49:04,632 INFO Epoch 5 | Batch 650/1186 | Loss 3.06331 (NLL 4.40438 [logdet 1.52710, mahal 1.03940], L1 1.87866, Spectral 0.25339, Gradient 0.42023, Quantile 0.86931) | LR 1.00e-04
2026-06-26 12:49:07,551 INFO Epoch 5 | Batch 700/1186 | Loss 3.07069 (NLL 4.37567 [logdet 1.54185, mahal 0.99595], L1 1.85650, Spectral 0.26206, Gradient 0.43184, Quantile 0.86846) | LR 1.00e-04
2026-06-26 12:49:10,468 INFO Epoch 5 | Batch 750/1186 | Loss 3.14983 (NLL 4.43890 [logdet 1.57596, mahal 1.02507], L1 1.94401, Spectral 0.25962, Gradient 0.42408, Quantile 0.90116) | LR 1.00e-04
2026-06-26 12:49:13,388 INFO Epoch 5 | Batch 800/1186 | Loss 3.09881 (NLL 4.38602 [logdet 1.53099, mahal 1.01715], L1 1.89027, Spectral 0.26197, Gradient 0.42522, Quantile 0.88067) | LR 1.00e-04
2026-06-26 12:49:16,306 INFO Epoch 5 | Batch 850/1186 | Loss 3.09293 (NLL 4.36273 [logdet 1.56103, mahal 0.96382], L1 1.85423, Spectral 0.26981, Gradient 0.43909, Quantile 0.87856) | LR 1.00e-04
2026-06-26 12:49:19,226 INFO Epoch 5 | Batch 900/1186 | Loss 3.12450 (NLL 4.40895 [logdet 1.54114, mahal 1.02994], L1 1.89685, Spectral 0.26604, Gradient 0.43566, Quantile 0.86916) | LR 1.00e-04
2026-06-26 12:49:22,144 INFO Epoch 5 | Batch 950/1186 | Loss 3.05165 (NLL 4.36204 [logdet 1.52560, mahal 0.99856], L1 1.86349, Spectral 0.25534, Gradient 0.42228, Quantile 0.85277) | LR 1.00e-04
2026-06-26 12:49:25,064 INFO Epoch 5 | Batch 1000/1186 | Loss 3.00302 (NLL 4.36919 [logdet 1.53757, mahal 0.99374], L1 1.82856, Spectral 0.25235, Gradient 0.41583, Quantile 0.84317) | LR 1.00e-04
2026-06-26 12:49:27,984 INFO Epoch 5 | Batch 1050/1186 | Loss 3.04765 (NLL 4.35262 [logdet 1.53570, mahal 0.97904], L1 1.84060, Spectral 0.26375, Gradient 0.42251, Quantile 0.86436) | LR 1.00e-04
2026-06-26 12:49:30,903 INFO Epoch 5 | Batch 1100/1186 | Loss 3.06621 (NLL 4.38521 [logdet 1.50297, mahal 1.04437], L1 1.85961, Spectral 0.25985, Gradient 0.42764, Quantile 0.88135) | LR 1.00e-04
2026-06-26 12:49:33,821 INFO Epoch 5 | Batch 1150/1186 | Loss 3.03218 (NLL 4.38275 [logdet 1.54007, mahal 1.00480], L1 1.84580, Spectral 0.25695, Gradient 0.41590, Quantile 0.86162) | LR 1.00e-04
2026-06-26 12:49:40,870 INFO Epoch 5 | Val Loss 2.99043 (NLL 4.33504 [logdet 1.60446, mahal 0.89270], L1 1.79296, Spectral 0.25758, Gradient 0.42171, Quantile 0.91824)
2026-06-26 12:49:40,944 INFO New best val loss: 2.99043 (saved checkpoints/best.pth)
2026-06-26 12:49:43,917 INFO Epoch 6 | Batch 50/1186 | Loss 3.07711 (NLL 4.36181 [logdet 1.52969, mahal 0.99424], L1 1.86494, Spectral 0.26399, Gradient 0.42708, Quantile 0.85990) | LR 1.00e-04
2026-06-26 12:49:46,859 INFO Epoch 6 | Batch 100/1186 | Loss 3.04945 (NLL 4.37428 [logdet 1.51661, mahal 1.01980], L1 1.86448, Spectral 0.25479, Gradient 0.41825, Quantile 0.87243) | LR 1.00e-04
2026-06-26 12:49:49,802 INFO Epoch 6 | Batch 150/1186 | Loss 3.12707 (NLL 4.42092 [logdet 1.54955, mahal 1.03350], L1 1.90057, Spectral 0.26425, Gradient 0.43665, Quantile 0.88313) | LR 1.00e-04
2026-06-26 12:49:52,742 INFO Epoch 6 | Batch 200/1186 | Loss 3.09984 (NLL 4.38666 [logdet 1.58698, mahal 0.96180], L1 1.88075, Spectral 0.26471, Gradient 0.42962, Quantile 0.88230) | LR 1.00e-04
2026-06-26 12:49:55,685 INFO Epoch 6 | Batch 250/1186 | Loss 3.11754 (NLL 4.36907 [logdet 1.52258, mahal 1.00861], L1 1.89052, Spectral 0.26664, Gradient 0.43515, Quantile 0.86688) | LR 1.00e-04
2026-06-26 12:49:58,626 INFO Epoch 6 | Batch 300/1186 | Loss 2.98421 (NLL 4.35850 [logdet 1.56788, mahal 0.95274], L1 1.80920, Spectral 0.25239, Gradient 0.41558, Quantile 0.85473) | LR 1.00e-04
2026-06-26 12:50:01,566 INFO Epoch 6 | Batch 350/1186 | Loss 3.07141 (NLL 4.33786 [logdet 1.48529, mahal 1.01470], L1 1.86591, Spectral 0.26128, Gradient 0.42769, Quantile 0.85112) | LR 1.00e-04
2026-06-26 12:50:04,506 INFO Epoch 6 | Batch 400/1186 | Loss 3.01551 (NLL 4.33299 [logdet 1.49954, mahal 0.99557], L1 1.82795, Spectral 0.25548, Gradient 0.42174, Quantile 0.85866) | LR 1.00e-04
2026-06-26 12:50:07,442 INFO Epoch 6 | Batch 450/1186 | Loss 3.03887 (NLL 4.39091 [logdet 1.50490, mahal 1.04814], L1 1.86923, Spectral 0.25049, Gradient 0.41162, Quantile 0.87473) | LR 1.00e-04
2026-06-26 12:50:10,380 INFO Epoch 6 | Batch 500/1186 | Loss 3.01753 (NLL 4.35562 [logdet 1.54253, mahal 0.97521], L1 1.83539, Spectral 0.25403, Gradient 0.41779, Quantile 0.87066) | LR 1.00e-04
2026-06-26 12:50:13,319 INFO Epoch 6 | Batch 550/1186 | Loss 3.08555 (NLL 4.40692 [logdet 1.55757, mahal 1.01147], L1 1.87994, Spectral 0.25945, Gradient 0.42681, Quantile 0.88227) | LR 1.00e-04
2026-06-26 12:50:16,262 INFO Epoch 6 | Batch 600/1186 | Loss 2.97936 (NLL 4.28956 [logdet 1.50651, mahal 0.94517], L1 1.79304, Spectral 0.25756, Gradient 0.41886, Quantile 0.84342) | LR 1.00e-04
2026-06-26 12:50:19,206 INFO Epoch 6 | Batch 650/1186 | Loss 3.07743 (NLL 4.35931 [logdet 1.48985, mahal 1.03159], L1 1.87826, Spectral 0.26044, Gradient 0.42124, Quantile 0.86746) | LR 1.00e-04
2026-06-26 12:50:22,145 INFO Epoch 6 | Batch 700/1186 | Loss 3.02828 (NLL 4.34324 [logdet 1.50393, mahal 1.00144], L1 1.84909, Spectral 0.25284, Gradient 0.41836, Quantile 0.86343) | LR 1.00e-04
2026-06-26 12:50:25,087 INFO Epoch 6 | Batch 750/1186 | Loss 3.01617 (NLL 4.33444 [logdet 1.49682, mahal 0.99974], L1 1.82886, Spectral 0.25504, Gradient 0.42027, Quantile 0.88234) | LR 1.00e-04
2026-06-26 12:50:28,026 INFO Epoch 6 | Batch 800/1186 | Loss 3.08575 (NLL 4.38186 [logdet 1.51603, mahal 1.02795], L1 1.88165, Spectral 0.26035, Gradient 0.42768, Quantile 0.84308) | LR 1.00e-04
2026-06-26 12:50:30,972 INFO Epoch 6 | Batch 850/1186 | Loss 3.04403 (NLL 4.37285 [logdet 1.54360, mahal 0.99137], L1 1.82695, Spectral 0.26365, Gradient 0.43108, Quantile 0.87280) | LR 1.00e-04
2026-06-26 12:50:33,912 INFO Epoch 6 | Batch 900/1186 | Loss 3.11488 (NLL 4.42278 [logdet 1.53611, mahal 1.04880], L1 1.90605, Spectral 0.26020, Gradient 0.42883, Quantile 0.87207) | LR 1.00e-04
2026-06-26 12:50:36,849 INFO Epoch 6 | Batch 950/1186 | Loss 3.04754 (NLL 4.36648 [logdet 1.54059, mahal 0.98802], L1 1.85029, Spectral 0.25869, Gradient 0.42506, Quantile 0.84144) | LR 1.00e-04
2026-06-26 12:50:39,792 INFO Epoch 6 | Batch 1000/1186 | Loss 3.02150 (NLL 4.33492 [logdet 1.51563, mahal 0.98141], L1 1.83123, Spectral 0.26010, Gradient 0.41649, Quantile 0.83969) | LR 1.00e-04
2026-06-26 12:50:42,736 INFO Epoch 6 | Batch 1050/1186 | Loss 3.06015 (NLL 4.37089 [logdet 1.50592, mahal 1.02709], L1 1.87818, Spectral 0.25376, Gradient 0.41775, Quantile 0.87044) | LR 1.00e-04
2026-06-26 12:50:45,676 INFO Epoch 6 | Batch 1100/1186 | Loss 3.10754 (NLL 4.39925 [logdet 1.52797, mahal 1.03341], L1 1.88596, Spectral 0.26468, Gradient 0.43255, Quantile 0.87289) | LR 1.00e-04
2026-06-26 12:50:48,619 INFO Epoch 6 | Batch 1150/1186 | Loss 3.10324 (NLL 4.38603 [logdet 1.54888, mahal 0.99927], L1 1.88364, Spectral 0.26388, Gradient 0.43310, Quantile 0.86775) | LR 1.00e-04
2026-06-26 12:50:55,711 INFO Epoch 6 | Val Loss 2.99061 (NLL 4.32784 [logdet 1.55455, mahal 0.93542], L1 1.80094, Spectral 0.25687, Gradient 0.42020, Quantile 0.86860)
2026-06-26 12:50:58,722 INFO Epoch 7 | Batch 50/1186 | Loss 3.05567 (NLL 4.35556 [logdet 1.53860, mahal 0.97908], L1 1.84383, Spectral 0.26499, Gradient 0.42649, Quantile 0.84177) | LR 1.00e-04
2026-06-26 12:51:01,663 INFO Epoch 7 | Batch 100/1186 | Loss 3.08668 (NLL 4.36872 [logdet 1.50458, mahal 1.02626], L1 1.85991, Spectral 0.26766, Gradient 0.43228, Quantile 0.87316) | LR 1.00e-04
2026-06-26 12:51:04,601 INFO Epoch 7 | Batch 150/1186 | Loss 3.09082 (NLL 4.40513 [logdet 1.53695, mahal 1.03030], L1 1.89348, Spectral 0.25685, Gradient 0.42545, Quantile 0.86831) | LR 1.00e-04
2026-06-26 12:51:07,533 INFO Epoch 7 | Batch 200/1186 | Loss 3.01533 (NLL 4.33552 [logdet 1.54595, mahal 0.95169], L1 1.82329, Spectral 0.25933, Gradient 0.41700, Quantile 0.87107) | LR 1.00e-04
2026-06-26 12:51:10,460 INFO Epoch 7 | Batch 250/1186 | Loss 3.05399 (NLL 4.34314 [logdet 1.51787, mahal 0.98740], L1 1.85385, Spectral 0.25958, Gradient 0.42594, Quantile 0.84989) | LR 1.00e-04
2026-06-26 12:51:13,389 INFO Epoch 7 | Batch 300/1186 | Loss 3.09708 (NLL 4.38521 [logdet 1.48770, mahal 1.05964], L1 1.88570, Spectral 0.26102, Gradient 0.42950, Quantile 0.88541) | LR 1.00e-04
2026-06-26 12:51:16,314 INFO Epoch 7 | Batch 350/1186 | Loss 3.02829 (NLL 4.35369 [logdet 1.49852, mahal 1.01729], L1 1.83583, Spectral 0.25695, Gradient 0.42412, Quantile 0.84426) | LR 1.00e-04
2026-06-26 12:51:19,242 INFO Epoch 7 | Batch 400/1186 | Loss 3.09980 (NLL 4.37401 [logdet 1.54793, mahal 0.98821], L1 1.86804, Spectral 0.26960, Gradient 0.43397, Quantile 0.86183) | LR 1.00e-04
2026-06-26 12:51:22,170 INFO Epoch 7 | Batch 450/1186 | Loss 3.11825 (NLL 4.38928 [logdet 1.53769, mahal 1.01371], L1 1.90247, Spectral 0.26509, Gradient 0.42719, Quantile 0.86380) | LR 1.00e-04
2026-06-26 12:51:25,095 INFO Epoch 7 | Batch 500/1186 | Loss 3.07462 (NLL 4.40210 [logdet 1.55868, mahal 1.00554], L1 1.88118, Spectral 0.25525, Gradient 0.42397, Quantile 0.88074) | LR 1.00e-04
2026-06-26 12:51:28,022 INFO Epoch 7 | Batch 550/1186 | Loss 3.02698 (NLL 4.34669 [logdet 1.51450, mahal 0.99431], L1 1.84464, Spectral 0.25466, Gradient 0.41837, Quantile 0.85430) | LR 1.00e-04
2026-06-26 12:51:30,950 INFO Epoch 7 | Batch 600/1186 | Loss 3.07281 (NLL 4.38694 [logdet 1.50549, mahal 1.04357], L1 1.87066, Spectral 0.25890, Gradient 0.42755, Quantile 0.85534) | LR 1.00e-04
2026-06-26 12:51:33,880 INFO Epoch 7 | Batch 650/1186 | Loss 3.07141 (NLL 4.37241 [logdet 1.52979, mahal 1.00474], L1 1.87181, Spectral 0.25789, Gradient 0.42565, Quantile 0.87715) | LR 1.00e-04
2026-06-26 12:51:36,810 INFO Epoch 7 | Batch 700/1186 | Loss 3.10705 (NLL 4.42243 [logdet 1.53472, mahal 1.04984], L1 1.91703, Spectral 0.25398, Gradient 0.42048, Quantile 0.90572) | LR 1.00e-04
2026-06-26 12:51:39,740 INFO Epoch 7 | Batch 750/1186 | Loss 2.98995 (NLL 4.32721 [logdet 1.51121, mahal 0.97813], L1 1.81502, Spectral 0.25311, Gradient 0.41813, Quantile 0.81813) | LR 1.00e-04
2026-06-26 12:51:42,671 INFO Epoch 7 | Batch 800/1186 | Loss 3.09921 (NLL 4.39601 [logdet 1.53428, mahal 1.02385], L1 1.89842, Spectral 0.25828, Gradient 0.42531, Quantile 0.87725) | LR 1.00e-04
2026-06-26 12:51:45,602 INFO Epoch 7 | Batch 850/1186 | Loss 3.09127 (NLL 4.39795 [logdet 1.53128, mahal 1.02878], L1 1.88948, Spectral 0.25813, Gradient 0.42505, Quantile 0.89415) | LR 1.00e-04
2026-06-26 12:51:48,532 INFO Epoch 7 | Batch 900/1186 | Loss 3.07120 (NLL 4.37764 [logdet 1.57700, mahal 0.96277], L1 1.86824, Spectral 0.26248, Gradient 0.42137, Quantile 0.85381) | LR 1.00e-04
2026-06-26 12:51:51,462 INFO Epoch 7 | Batch 950/1186 | Loss 2.98461 (NLL 4.30334 [logdet 1.49039, mahal 0.97507], L1 1.81647, Spectral 0.25169, Gradient 0.41343, Quantile 0.83821) | LR 1.00e-04
2026-06-26 12:51:54,392 INFO Epoch 7 | Batch 1000/1186 | Loss 3.08509 (NLL 4.35580 [logdet 1.51973, mahal 0.99819], L1 1.85892, Spectral 0.26629, Gradient 0.43250, Quantile 0.90041) | LR 1.00e-04
2026-06-26 12:51:57,323 INFO Epoch 7 | Batch 1050/1186 | Loss 2.95458 (NLL 4.30703 [logdet 1.50895, mahal 0.96021], L1 1.79934, Spectral 0.24635, Gradient 0.41031, Quantile 0.85549) | LR 1.00e-04
2026-06-26 12:52:00,250 INFO Epoch 7 | Batch 1100/1186 | Loss 2.97764 (NLL 4.30163 [logdet 1.46362, mahal 1.00014], L1 1.80175, Spectral 0.25223, Gradient 0.41860, Quantile 0.85232) | LR 1.00e-04
2026-06-26 12:52:03,174 INFO Epoch 7 | Batch 1150/1186 | Loss 3.04044 (NLL 4.34476 [logdet 1.48695, mahal 1.01993], L1 1.83941, Spectral 0.26113, Gradient 0.42341, Quantile 0.85176) | LR 1.00e-04
2026-06-26 12:52:10,215 INFO Epoch 7 | Val Loss 2.98710 (NLL 4.32059 [logdet 1.49050, mahal 0.99221], L1 1.79298, Spectral 0.25676, Gradient 0.42085, Quantile 0.91486)
2026-06-26 12:52:10,287 INFO New best val loss: 2.98710 (saved checkpoints/best.pth)
2026-06-26 12:52:13,253 INFO Epoch 8 | Batch 50/1186 | Loss 3.01315 (NLL 4.29928 [logdet 1.51130, mahal 0.95010], L1 1.81113, Spectral 0.26212, Gradient 0.42488, Quantile 0.83771) | LR 1.00e-04
2026-06-26 12:52:16,186 INFO Epoch 8 | Batch 100/1186 | Loss 3.01593 (NLL 4.34373 [logdet 1.50214, mahal 1.00370], L1 1.82331, Spectral 0.25833, Gradient 0.42173, Quantile 0.84441) | LR 1.00e-04
2026-06-26 12:52:19,116 INFO Epoch 8 | Batch 150/1186 | Loss 3.08705 (NLL 4.41697 [logdet 1.51232, mahal 1.06677], L1 1.87890, Spectral 0.25901, Gradient 0.42876, Quantile 0.89514) | LR 1.00e-04
2026-06-26 12:52:22,047 INFO Epoch 8 | Batch 200/1186 | Loss 3.07397 (NLL 4.39768 [logdet 1.55248, mahal 1.00733], L1 1.87038, Spectral 0.26167, Gradient 0.42153, Quantile 0.87159) | LR 1.00e-04
2026-06-26 12:52:24,979 INFO Epoch 8 | Batch 250/1186 | Loss 3.10384 (NLL 4.38304 [logdet 1.53834, mahal 1.00682], L1 1.90199, Spectral 0.25865, Gradient 0.42600, Quantile 0.87659) | LR 1.00e-04
2026-06-26 12:52:27,913 INFO Epoch 8 | Batch 300/1186 | Loss 3.07451 (NLL 4.35661 [logdet 1.52543, mahal 0.99330], L1 1.87214, Spectral 0.26087, Gradient 0.42278, Quantile 0.87585) | LR 1.00e-04
2026-06-26 12:52:30,843 INFO Epoch 8 | Batch 350/1186 | Loss 3.00241 (NLL 4.30915 [logdet 1.53113, mahal 0.94014], L1 1.83009, Spectral 0.25159, Gradient 0.41632, Quantile 0.85168) | LR 1.00e-04
2026-06-26 12:52:33,777 INFO Epoch 8 | Batch 400/1186 | Loss 3.12065 (NLL 4.36053 [logdet 1.48911, mahal 1.03354], L1 1.90704, Spectral 0.26291, Gradient 0.42857, Quantile 0.88448) | LR 1.00e-04
2026-06-26 12:52:36,707 INFO Epoch 8 | Batch 450/1186 | Loss 3.07342 (NLL 4.34831 [logdet 1.50195, mahal 1.00848], L1 1.85552, Spectral 0.26571, Gradient 0.42915, Quantile 0.86370) | LR 1.00e-04
2026-06-26 12:52:39,639 INFO Epoch 8 | Batch 500/1186 | Loss 3.05955 (NLL 4.33413 [logdet 1.51092, mahal 0.98533], L1 1.84009, Spectral 0.26643, Gradient 0.43080, Quantile 0.84992) | LR 1.00e-04
2026-06-26 12:52:42,569 INFO Epoch 8 | Batch 550/1186 | Loss 3.07894 (NLL 4.37877 [logdet 1.49346, mahal 1.04743], L1 1.88309, Spectral 0.25637, Gradient 0.42481, Quantile 0.87891) | LR 1.00e-04
2026-06-26 12:52:45,505 INFO Epoch 8 | Batch 600/1186 | Loss 2.99811 (NLL 4.33060 [logdet 1.48314, mahal 1.00958], L1 1.82623, Spectral 0.25116, Gradient 0.41757, Quantile 0.83551) | LR 1.00e-04
2026-06-26 12:52:48,444 INFO Epoch 8 | Batch 650/1186 | Loss 3.11425 (NLL 4.42047 [logdet 1.53592, mahal 1.04667], L1 1.89895, Spectral 0.26283, Gradient 0.42790, Quantile 0.89304) | LR 1.00e-04
2026-06-26 12:52:51,381 INFO Epoch 8 | Batch 700/1186 | Loss 3.07056 (NLL 4.38224 [logdet 1.55020, mahal 0.99416], L1 1.86654, Spectral 0.26040, Gradient 0.42640, Quantile 0.85520) | LR 1.00e-04
2026-06-26 12:52:54,317 INFO Epoch 8 | Batch 750/1186 | Loss 3.04784 (NLL 4.37842 [logdet 1.53017, mahal 1.01037], L1 1.86057, Spectral 0.25556, Gradient 0.41879, Quantile 0.87233) | LR 1.00e-04
2026-06-26 12:52:57,309 INFO Epoch 8 | Batch 800/1186 | Loss 3.03855 (NLL 4.33134 [logdet 1.48634, mahal 1.00712], L1 1.84806, Spectral 0.25671, Gradient 0.42092, Quantile 0.87209) | LR 1.00e-04
2026-06-26 12:53:00,318 INFO Epoch 8 | Batch 850/1186 | Loss 3.05020 (NLL 4.39530 [logdet 1.54361, mahal 1.01381], L1 1.85138, Spectral 0.25819, Gradient 0.42570, Quantile 0.85361) | LR 1.00e-04
2026-06-26 12:53:03,317 INFO Epoch 8 | Batch 900/1186 | Loss 2.95220 (NLL 4.31169 [logdet 1.53270, mahal 0.94111], L1 1.79482, Spectral 0.24806, Gradient 0.41021, Quantile 0.83848) | LR 1.00e-04
2026-06-26 12:53:06,316 INFO Epoch 8 | Batch 950/1186 | Loss 2.94846 (NLL 4.27518 [logdet 1.48214, mahal 0.95516], L1 1.75594, Spectral 0.25915, Gradient 0.42327, Quantile 0.82894) | LR 1.00e-04
2026-06-26 12:53:09,316 INFO Epoch 8 | Batch 1000/1186 | Loss 3.02876 (NLL 4.37387 [logdet 1.47378, mahal 1.06221], L1 1.85186, Spectral 0.25231, Gradient 0.41807, Quantile 0.84414) | LR 1.00e-04
2026-06-26 12:53:12,314 INFO Epoch 8 | Batch 1050/1186 | Loss 3.11125 (NLL 4.39972 [logdet 1.54220, mahal 1.01964], L1 1.91193, Spectral 0.25864, Gradient 0.42131, Quantile 0.89699) | LR 1.00e-04
2026-06-26 12:53:15,314 INFO Epoch 8 | Batch 1100/1186 | Loss 3.00083 (NLL 4.30343 [logdet 1.49168, mahal 0.97387], L1 1.81590, Spectral 0.25661, Gradient 0.41976, Quantile 0.83544) | LR 1.00e-04
2026-06-26 12:53:18,318 INFO Epoch 8 | Batch 1150/1186 | Loss 3.05019 (NLL 4.37567 [logdet 1.49344, mahal 1.04436], L1 1.85908, Spectral 0.25523, Gradient 0.42275, Quantile 0.87819) | LR 1.00e-04
2026-06-26 12:53:25,431 INFO Epoch 8 | Val Loss 2.99424 (NLL 4.33857 [logdet 1.61983, mahal 0.88086], L1 1.80029, Spectral 0.25700, Gradient 0.41967, Quantile 0.91504)
2026-06-26 12:53:28,509 INFO Epoch 9 | Batch 50/1186 | Loss 3.09655 (NLL 4.38763 [logdet 1.55553, mahal 0.99422], L1 1.88291, Spectral 0.26356, Gradient 0.42690, Quantile 0.87988) | LR 1.00e-04
2026-06-26 12:53:31,506 INFO Epoch 9 | Batch 100/1186 | Loss 2.98559 (NLL 4.31862 [logdet 1.51596, mahal 0.96478], L1 1.81709, Spectral 0.25151, Gradient 0.41228, Quantile 0.85420) | LR 1.00e-04
2026-06-26 12:53:34,505 INFO Epoch 9 | Batch 150/1186 | Loss 3.06559 (NLL 4.38457 [logdet 1.52665, mahal 1.02005], L1 1.87240, Spectral 0.25595, Gradient 0.42452, Quantile 0.86096) | LR 1.00e-04
2026-06-26 12:53:37,496 INFO Epoch 9 | Batch 200/1186 | Loss 3.08643 (NLL 4.37528 [logdet 1.50748, mahal 1.02993], L1 1.88962, Spectral 0.25848, Gradient 0.42324, Quantile 0.85914) | LR 1.00e-04
2026-06-26 12:53:40,479 INFO Epoch 9 | Batch 250/1186 | Loss 3.07853 (NLL 4.40067 [logdet 1.57172, mahal 0.99107], L1 1.87612, Spectral 0.26061, Gradient 0.42205, Quantile 0.87619) | LR 1.00e-04
2026-06-26 12:53:43,459 INFO Epoch 9 | Batch 300/1186 | Loss 3.12611 (NLL 4.41702 [logdet 1.52516, mahal 1.05398], L1 1.91643, Spectral 0.26105, Gradient 0.42700, Quantile 0.88401) | LR 1.00e-04
2026-06-26 12:53:46,437 INFO Epoch 9 | Batch 350/1186 | Loss 3.02496 (NLL 4.34754 [logdet 1.54497, mahal 0.96470], L1 1.84474, Spectral 0.25271, Gradient 0.41960, Quantile 0.86233) | LR 1.00e-04
2026-06-26 12:53:49,415 INFO Epoch 9 | Batch 400/1186 | Loss 3.04385 (NLL 4.37092 [logdet 1.54927, mahal 0.98378], L1 1.86210, Spectral 0.25440, Gradient 0.41821, Quantile 0.84778) | LR 1.00e-04
2026-06-26 12:53:52,393 INFO Epoch 9 | Batch 450/1186 | Loss 3.06675 (NLL 4.33126 [logdet 1.53339, mahal 0.95999], L1 1.85798, Spectral 0.26285, Gradient 0.42651, Quantile 0.86564) | LR 1.00e-04
2026-06-26 12:53:55,367 INFO Epoch 9 | Batch 500/1186 | Loss 3.04629 (NLL 4.35484 [logdet 1.50487, mahal 1.01209], L1 1.85179, Spectral 0.25903, Gradient 0.42115, Quantile 0.85140) | LR 1.00e-04
2026-06-26 12:53:58,344 INFO Epoch 9 | Batch 550/1186 | Loss 3.02641 (NLL 4.35028 [logdet 1.49646, mahal 1.01595], L1 1.84661, Spectral 0.25268, Gradient 0.41799, Quantile 0.87591) | LR 1.00e-04
2026-06-26 12:54:01,318 INFO Epoch 9 | Batch 600/1186 | Loss 3.03071 (NLL 4.35284 [logdet 1.51473, mahal 1.00024], L1 1.84106, Spectral 0.25559, Gradient 0.42353, Quantile 0.85203) | LR 1.00e-04
2026-06-26 12:54:04,296 INFO Epoch 9 | Batch 650/1186 | Loss 3.05105 (NLL 4.32151 [logdet 1.50525, mahal 0.97838], L1 1.85579, Spectral 0.25784, Gradient 0.42428, Quantile 0.86290) | LR 1.00e-04
2026-06-26 12:54:07,274 INFO Epoch 9 | Batch 700/1186 | Loss 2.98590 (NLL 4.29312 [logdet 1.48913, mahal 0.96611], L1 1.80619, Spectral 0.25457, Gradient 0.41767, Quantile 0.85320) | LR 1.00e-04
2026-06-26 12:54:10,251 INFO Epoch 9 | Batch 750/1186 | Loss 3.03240 (NLL 4.33232 [logdet 1.46057, mahal 1.03387], L1 1.82689, Spectral 0.26191, Gradient 0.42857, Quantile 0.82798) | LR 1.00e-04
2026-06-26 12:54:13,230 INFO Epoch 9 | Batch 800/1186 | Loss 3.05026 (NLL 4.35188 [logdet 1.53212, mahal 0.98188], L1 1.86058, Spectral 0.25590, Gradient 0.42172, Quantile 0.86627) | LR 1.00e-04
2026-06-26 12:54:16,210 INFO Epoch 9 | Batch 850/1186 | Loss 3.02971 (NLL 4.36420 [logdet 1.54109, mahal 0.98523], L1 1.83409, Spectral 0.25861, Gradient 0.42302, Quantile 0.84938) | LR 1.00e-04
2026-06-26 12:54:19,192 INFO Epoch 9 | Batch 900/1186 | Loss 3.03053 (NLL 4.31589 [logdet 1.51599, mahal 0.96202], L1 1.82383, Spectral 0.26442, Gradient 0.42381, Quantile 0.84221) | LR 1.00e-04
2026-06-26 12:54:22,174 INFO Epoch 9 | Batch 950/1186 | Loss 3.00829 (NLL 4.33041 [logdet 1.48008, mahal 1.01245], L1 1.83293, Spectral 0.25194, Gradient 0.41758, Quantile 0.85540) | LR 1.00e-04
2026-06-26 12:54:25,125 INFO Epoch 9 | Batch 1000/1186 | Loss 3.01193 (NLL 4.34040 [logdet 1.46389, mahal 1.03863], L1 1.82182, Spectral 0.25812, Gradient 0.41939, Quantile 0.84934) | LR 1.00e-04
2026-06-26 12:54:28,059 INFO Epoch 9 | Batch 1050/1186 | Loss 3.12573 (NLL 4.42107 [logdet 1.53720, mahal 1.04600], L1 1.90832, Spectral 0.26244, Gradient 0.42990, Quantile 0.90231) | LR 1.00e-04
2026-06-26 12:54:31,042 INFO Epoch 9 | Batch 1100/1186 | Loss 3.02727 (NLL 4.35249 [logdet 1.55457, mahal 0.96004], L1 1.83086, Spectral 0.26032, Gradient 0.42207, Quantile 0.83268) | LR 1.00e-04
2026-06-26 12:54:34,022 INFO Epoch 9 | Batch 1150/1186 | Loss 3.02422 (NLL 4.33235 [logdet 1.49839, mahal 0.99608], L1 1.82808, Spectral 0.25709, Gradient 0.42579, Quantile 0.86950) | LR 1.00e-04
2026-06-26 12:54:41,037 INFO Epoch 9 | Val Loss 2.98325 (NLL 4.32298 [logdet 1.52171, mahal 0.96339], L1 1.79696, Spectral 0.25617, Gradient 0.41966, Quantile 0.85550)
2026-06-26 12:54:41,108 INFO New best val loss: 2.98325 (saved checkpoints/best.pth)
2026-06-26 12:54:44,145 INFO Epoch 10 | Batch 50/1186 | Loss 3.01131 (NLL 4.36090 [logdet 1.50373, mahal 1.01929], L1 1.84160, Spectral 0.24917, Gradient 0.41652, Quantile 0.86019) | LR 1.00e-04
2026-06-26 12:54:47,144 INFO Epoch 10 | Batch 100/1186 | Loss 3.06928 (NLL 4.36854 [logdet 1.54333, mahal 0.98734], L1 1.86654, Spectral 0.25935, Gradient 0.42632, Quantile 0.87130) | LR 1.00e-04
2026-06-26 12:54:50,142 INFO Epoch 10 | Batch 150/1186 | Loss 3.06952 (NLL 4.37156 [logdet 1.55226, mahal 0.98142], L1 1.86475, Spectral 0.26211, Gradient 0.42290, Quantile 0.86682) | LR 1.00e-04
2026-06-26 12:54:53,141 INFO Epoch 10 | Batch 200/1186 | Loss 3.02033 (NLL 4.33034 [logdet 1.47994, mahal 1.01252], L1 1.83542, Spectral 0.25511, Gradient 0.42005, Quantile 0.85831) | LR 1.00e-04
2026-06-26 12:54:56,140 INFO Epoch 10 | Batch 250/1186 | Loss 3.10598 (NLL 4.40022 [logdet 1.53905, mahal 1.02329], L1 1.91036, Spectral 0.25571, Gradient 0.42392, Quantile 0.89497) | LR 1.00e-04
2026-06-26 12:54:59,139 INFO Epoch 10 | Batch 300/1186 | Loss 3.08577 (NLL 4.37631 [logdet 1.51210, mahal 1.02633], L1 1.87221, Spectral 0.26390, Gradient 0.42738, Quantile 0.86917) | LR 1.00e-04
2026-06-26 12:55:02,139 INFO Epoch 10 | Batch 350/1186 | Loss 3.11469 (NLL 4.39766 [logdet 1.55881, mahal 1.00097], L1 1.89642, Spectral 0.26515, Gradient 0.42754, Quantile 0.88295) | LR 1.00e-04
2026-06-26 12:55:05,137 INFO Epoch 10 | Batch 400/1186 | Loss 3.05081 (NLL 4.32045 [logdet 1.52419, mahal 0.95839], L1 1.83649, Spectral 0.26372, Gradient 0.43114, Quantile 0.85727) | LR 1.00e-04
2026-06-26 12:55:08,137 INFO Epoch 10 | Batch 450/1186 | Loss 3.00454 (NLL 4.37267 [logdet 1.46741, mahal 1.06738], L1 1.83924, Spectral 0.24888, Gradient 0.41553, Quantile 0.82598) | LR 1.00e-04
2026-06-26 12:55:11,141 INFO Epoch 10 | Batch 500/1186 | Loss 3.00176 (NLL 4.33392 [logdet 1.50508, mahal 0.99097], L1 1.85439, Spectral 0.24442, Gradient 0.40384, Quantile 0.87884) | LR 1.00e-04
2026-06-26 12:55:14,144 INFO Epoch 10 | Batch 550/1186 | Loss 3.05821 (NLL 4.35763 [logdet 1.56415, mahal 0.95560], L1 1.84910, Spectral 0.26282, Gradient 0.42622, Quantile 0.86496) | LR 1.00e-04
2026-06-26 12:55:17,150 INFO Epoch 10 | Batch 600/1186 | Loss 3.02817 (NLL 4.35661 [logdet 1.49227, mahal 1.02646], L1 1.85526, Spectral 0.25092, Gradient 0.41759, Quantile 0.84373) | LR 1.00e-04
2026-06-26 12:55:20,153 INFO Epoch 10 | Batch 650/1186 | Loss 3.01361 (NLL 4.32250 [logdet 1.50439, mahal 0.98023], L1 1.82317, Spectral 0.25709, Gradient 0.42182, Quantile 0.85505) | LR 1.00e-04
2026-06-26 12:55:23,153 INFO Epoch 10 | Batch 700/1186 | Loss 3.00857 (NLL 4.32093 [logdet 1.46893, mahal 1.01412], L1 1.82227, Spectral 0.25646, Gradient 0.41992, Quantile 0.84657) | LR 1.00e-04
2026-06-26 12:55:26,152 INFO Epoch 10 | Batch 750/1186 | Loss 3.08158 (NLL 4.38413 [logdet 1.50672, mahal 1.03953], L1 1.87910, Spectral 0.25993, Gradient 0.42577, Quantile 0.85600) | LR 1.00e-04
2026-06-26 12:55:29,150 INFO Epoch 10 | Batch 800/1186 | Loss 3.05862 (NLL 4.33052 [logdet 1.51977, mahal 0.97287], L1 1.84314, Spectral 0.26514, Gradient 0.42939, Quantile 0.85355) | LR 1.00e-04
2026-06-26 12:55:32,148 INFO Epoch 10 | Batch 850/1186 | Loss 2.98973 (NLL 4.31119 [logdet 1.48992, mahal 0.98339], L1 1.81129, Spectral 0.25597, Gradient 0.41356, Quantile 0.84744) | LR 1.00e-04
2026-06-26 12:55:35,147 INFO Epoch 10 | Batch 900/1186 | Loss 2.99010 (NLL 4.32530 [logdet 1.46858, mahal 1.01884], L1 1.80411, Spectral 0.25704, Gradient 0.42045, Quantile 0.82212) | LR 1.00e-04
2026-06-26 12:55:38,147 INFO Epoch 10 | Batch 950/1186 | Loss 3.07958 (NLL 4.37947 [logdet 1.50856, mahal 1.03303], L1 1.87372, Spectral 0.26152, Gradient 0.42552, Quantile 0.86025) | LR 1.00e-04
2026-06-26 12:55:41,146 INFO Epoch 10 | Batch 1000/1186 | Loss 3.00903 (NLL 4.32092 [logdet 1.49786, mahal 0.98518], L1 1.82866, Spectral 0.25478, Gradient 0.41837, Quantile 0.83840) | LR 1.00e-04
2026-06-26 12:55:44,144 INFO Epoch 10 | Batch 1050/1186 | Loss 3.01228 (NLL 4.31094 [logdet 1.51306, mahal 0.96000], L1 1.82078, Spectral 0.25860, Gradient 0.41988, Quantile 0.85747) | LR 1.00e-04
2026-06-26 12:55:47,143 INFO Epoch 10 | Batch 1100/1186 | Loss 3.03919 (NLL 4.34927 [logdet 1.50169, mahal 1.00970], L1 1.85338, Spectral 0.25459, Gradient 0.42069, Quantile 0.86673) | LR 1.00e-04
2026-06-26 12:55:50,143 INFO Epoch 10 | Batch 1150/1186 | Loss 3.07686 (NLL 4.35985 [logdet 1.50648, mahal 1.01549], L1 1.88675, Spectral 0.25537, Gradient 0.42224, Quantile 0.87485) | LR 1.00e-04
2026-06-26 12:55:57,243 INFO Epoch 10 | Val Loss 2.98469 (NLL 4.32508 [logdet 1.54721, mahal 0.93999], L1 1.79371, Spectral 0.25579, Gradient 0.41949, Quantile 0.91720)
2026-06-26 12:56:00,246 INFO Epoch 11 | Batch 50/1186 | Loss 3.04690 (NLL 4.35869 [logdet 1.51064, mahal 1.01017], L1 1.85287, Spectral 0.25550, Gradient 0.42532, Quantile 0.88006) | LR 1.00e-04
2026-06-26 12:56:03,176 INFO Epoch 11 | Batch 100/1186 | Loss 3.02072 (NLL 4.32962 [logdet 1.52147, mahal 0.97028], L1 1.83427, Spectral 0.25522, Gradient 0.42347, Quantile 0.83379) | LR 1.00e-04
2026-06-26 12:56:06,094 INFO Epoch 11 | Batch 150/1186 | Loss 3.05476 (NLL 4.36608 [logdet 1.49833, mahal 1.02988], L1 1.86607, Spectral 0.25486, Gradient 0.42123, Quantile 0.88044) | LR 1.00e-04
2026-06-26 12:56:09,013 INFO Epoch 11 | Batch 200/1186 | Loss 3.04287 (NLL 4.37324 [logdet 1.49346, mahal 1.04190], L1 1.86222, Spectral 0.25455, Gradient 0.41667, Quantile 0.84890) | LR 1.00e-04
2026-06-26 12:56:11,928 INFO Epoch 11 | Batch 250/1186 | Loss 3.06744 (NLL 4.35788 [logdet 1.53543, mahal 0.98458], L1 1.87271, Spectral 0.25714, Gradient 0.42346, Quantile 0.87081) | LR 1.00e-04
2026-06-26 12:56:14,844 INFO Epoch 11 | Batch 300/1186 | Loss 3.06090 (NLL 4.36997 [logdet 1.53327, mahal 0.99882], L1 1.86409, Spectral 0.25923, Gradient 0.42223, Quantile 0.85512) | LR 1.00e-04
2026-06-26 12:56:17,764 INFO Epoch 11 | Batch 350/1186 | Loss 2.99831 (NLL 4.31674 [logdet 1.50121, mahal 0.97766], L1 1.81107, Spectral 0.25919, Gradient 0.41644, Quantile 0.83401) | LR 1.00e-04
2026-06-26 12:56:20,683 INFO Epoch 11 | Batch 400/1186 | Loss 3.08604 (NLL 4.36213 [logdet 1.48058, mahal 1.04368], L1 1.88633, Spectral 0.25952, Gradient 0.42236, Quantile 0.88111) | LR 1.00e-04
2026-06-26 12:56:23,602 INFO Epoch 11 | Batch 450/1186 | Loss 3.13694 (NLL 4.42360 [logdet 1.52511, mahal 1.06061], L1 1.93301, Spectral 0.25683, Gradient 0.42887, Quantile 0.89607) | LR 1.00e-04
2026-06-26 12:56:26,521 INFO Epoch 11 | Batch 500/1186 | Loss 3.05319 (NLL 4.35310 [logdet 1.55780, mahal 0.95742], L1 1.86135, Spectral 0.25651, Gradient 0.42213, Quantile 0.87059) | LR 1.00e-04
2026-06-26 12:56:29,438 INFO Epoch 11 | Batch 550/1186 | Loss 2.99781 (NLL 4.28327 [logdet 1.51097, mahal 0.93442], L1 1.81613, Spectral 0.25608, Gradient 0.41801, Quantile 0.83895) | LR 1.00e-04
2026-06-26 12:56:32,355 INFO Epoch 11 | Batch 600/1186 | Loss 3.00654 (NLL 4.34231 [logdet 1.47065, mahal 1.03378], L1 1.83280, Spectral 0.25339, Gradient 0.41370, Quantile 0.84418) | LR 1.00e-04
2026-06-26 12:56:35,274 INFO Epoch 11 | Batch 650/1186 | Loss 3.05310 (NLL 4.34380 [logdet 1.48706, mahal 1.01886], L1 1.85887, Spectral 0.25746, Gradient 0.42227, Quantile 0.87614) | LR 1.00e-04
2026-06-26 12:56:38,192 INFO Epoch 11 | Batch 700/1186 | Loss 3.00440 (NLL 4.34304 [logdet 1.50252, mahal 1.00264], L1 1.81691, Spectral 0.25740, Gradient 0.41840, Quantile 0.84792) | LR 1.00e-04
2026-06-26 12:56:41,109 INFO Epoch 11 | Batch 750/1186 | Loss 3.04136 (NLL 4.35165 [logdet 1.52968, mahal 0.98409], L1 1.85193, Spectral 0.25556, Gradient 0.42054, Quantile 0.88495) | LR 1.00e-04
2026-06-26 12:56:44,027 INFO Epoch 11 | Batch 800/1186 | Loss 3.03356 (NLL 4.35603 [logdet 1.49125, mahal 1.02690], L1 1.83474, Spectral 0.26107, Gradient 0.42260, Quantile 0.83434) | LR 1.00e-04
2026-06-26 12:56:46,950 INFO Epoch 11 | Batch 850/1186 | Loss 3.07910 (NLL 4.37107 [logdet 1.52885, mahal 1.00434], L1 1.87284, Spectral 0.25954, Gradient 0.42970, Quantile 0.86624) | LR 1.00e-04
2026-06-26 12:56:49,867 INFO Epoch 11 | Batch 900/1186 | Loss 3.07981 (NLL 4.37537 [logdet 1.53328, mahal 1.00421], L1 1.87408, Spectral 0.26011, Gradient 0.42714, Quantile 0.87479) | LR 1.00e-04
2026-06-26 12:56:52,785 INFO Epoch 11 | Batch 950/1186 | Loss 2.98387 (NLL 4.32971 [logdet 1.51123, mahal 0.98061], L1 1.81311, Spectral 0.25180, Gradient 0.41553, Quantile 0.83192) | LR 1.00e-04
2026-06-26 12:56:55,705 INFO Epoch 11 | Batch 1000/1186 | Loss 3.06249 (NLL 4.34255 [logdet 1.48681, mahal 1.01786], L1 1.84324, Spectral 0.26524, Gradient 0.43011, Quantile 0.88051) | LR 1.00e-04
2026-06-26 12:56:58,620 INFO Epoch 11 | Batch 1050/1186 | Loss 3.00318 (NLL 4.30336 [logdet 1.47528, mahal 0.99020], L1 1.81215, Spectral 0.26009, Gradient 0.41755, Quantile 0.84645) | LR 1.00e-04
2026-06-26 12:57:01,538 INFO Epoch 11 | Batch 1100/1186 | Loss 3.04128 (NLL 4.36416 [logdet 1.53243, mahal 0.99385], L1 1.84870, Spectral 0.25645, Gradient 0.42298, Quantile 0.86675) | LR 1.00e-04
2026-06-26 12:57:04,460 INFO Epoch 11 | Batch 1150/1186 | Loss 3.09450 (NLL 4.40532 [logdet 1.51230, mahal 1.05515], L1 1.90138, Spectral 0.25626, Gradient 0.42203, Quantile 0.87438) | LR 1.00e-04
2026-06-26 12:57:11,524 INFO Epoch 11 | Val Loss 2.97833 (NLL 4.31787 [logdet 1.47333, mahal 1.00666], L1 1.78930, Spectral 0.25582, Gradient 0.42011, Quantile 0.89047)
2026-06-26 12:57:11,599 INFO New best val loss: 2.97833 (saved checkpoints/best.pth)
2026-06-26 12:57:14,566 INFO Epoch 12 | Batch 50/1186 | Loss 3.04016 (NLL 4.34177 [logdet 1.47377, mahal 1.03012], L1 1.85732, Spectral 0.25508, Gradient 0.41891, Quantile 0.84539) | LR 1.00e-04
2026-06-26 12:57:17,501 INFO Epoch 12 | Batch 100/1186 | Loss 3.03113 (NLL 4.34040 [logdet 1.50343, mahal 0.99910], L1 1.83542, Spectral 0.25848, Gradient 0.42359, Quantile 0.85477) | LR 1.00e-04
2026-06-26 12:57:20,434 INFO Epoch 12 | Batch 150/1186 | Loss 3.01494 (NLL 4.35652 [logdet 1.47542, mahal 1.04323], L1 1.83294, Spectral 0.25532, Gradient 0.41639, Quantile 0.85460) | LR 1.00e-04
2026-06-26 12:57:23,369 INFO Epoch 12 | Batch 200/1186 | Loss 3.11252 (NLL 4.42537 [logdet 1.56240, mahal 1.02510], L1 1.90092, Spectral 0.26029, Gradient 0.42648, Quantile 0.92625) | LR 1.00e-04
2026-06-26 12:57:26,305 INFO Epoch 12 | Batch 250/1186 | Loss 3.04209 (NLL 4.35624 [logdet 1.54078, mahal 0.97759], L1 1.85138, Spectral 0.25605, Gradient 0.42264, Quantile 0.86202) | LR 1.00e-04
2026-06-26 12:57:29,240 INFO Epoch 12 | Batch 300/1186 | Loss 3.00989 (NLL 4.33099 [logdet 1.48046, mahal 1.01266], L1 1.82452, Spectral 0.25655, Gradient 0.41902, Quantile 0.84121) | LR 1.00e-04
2026-06-26 12:57:32,173 INFO Epoch 12 | Batch 350/1186 | Loss 3.07317 (NLL 4.38265 [logdet 1.54716, mahal 0.99761], L1 1.87729, Spectral 0.25887, Gradient 0.42026, Quantile 0.87138) | LR 1.00e-04
2026-06-26 12:57:35,108 INFO Epoch 12 | Batch 400/1186 | Loss 3.03930 (NLL 4.34084 [logdet 1.50407, mahal 0.99889], L1 1.83372, Spectral 0.26236, Gradient 0.42418, Quantile 0.86575) | LR 1.00e-04
2026-06-26 12:57:38,042 INFO Epoch 12 | Batch 450/1186 | Loss 2.99893 (NLL 4.30928 [logdet 1.49906, mahal 0.97234], L1 1.82327, Spectral 0.25342, Gradient 0.41637, Quantile 0.84486) | LR 1.00e-04
2026-06-26 12:57:40,975 INFO Epoch 12 | Batch 500/1186 | Loss 3.05047 (NLL 4.35362 [logdet 1.48197, mahal 1.03376], L1 1.84597, Spectral 0.25814, Gradient 0.42973, Quantile 0.88495) | LR 1.00e-04
2026-06-26 12:57:43,910 INFO Epoch 12 | Batch 550/1186 | Loss 3.01396 (NLL 4.34789 [logdet 1.51401, mahal 0.99600], L1 1.83792, Spectral 0.25371, Gradient 0.41686, Quantile 0.82411) | LR 1.00e-04
2026-06-26 12:57:46,843 INFO Epoch 12 | Batch 600/1186 | Loss 3.12686 (NLL 4.42934 [logdet 1.54125, mahal 1.05021], L1 1.92688, Spectral 0.25735, Gradient 0.42463, Quantile 0.88696) | LR 1.00e-04
2026-06-26 12:57:49,775 INFO Epoch 12 | Batch 650/1186 | Loss 3.07317 (NLL 4.37140 [logdet 1.55101, mahal 0.98251], L1 1.87982, Spectral 0.25520, Gradient 0.42512, Quantile 0.87781) | LR 1.00e-04
2026-06-26 12:57:52,711 INFO Epoch 12 | Batch 700/1186 | Loss 3.06359 (NLL 4.37455 [logdet 1.53005, mahal 1.00662], L1 1.87942, Spectral 0.25422, Gradient 0.41965, Quantile 0.86108) | LR 1.00e-04
2026-06-26 12:57:55,643 INFO Epoch 12 | Batch 750/1186 | Loss 2.99085 (NLL 4.32890 [logdet 1.50680, mahal 0.98422], L1 1.80990, Spectral 0.25597, Gradient 0.41640, Quantile 0.83685) | LR 1.00e-04
2026-06-26 12:57:58,576 INFO Epoch 12 | Batch 800/1186 | Loss 2.97909 (NLL 4.31212 [logdet 1.51348, mahal 0.96077], L1 1.80818, Spectral 0.25095, Gradient 0.41691, Quantile 0.84335) | LR 1.00e-04
2026-06-26 12:58:01,507 INFO Epoch 12 | Batch 850/1186 | Loss 2.96852 (NLL 4.28371 [logdet 1.48355, mahal 0.96228], L1 1.77751, Spectral 0.25925, Gradient 0.42141, Quantile 0.82835) | LR 1.00e-04
2026-06-26 12:58:04,441 INFO Epoch 12 | Batch 900/1186 | Loss 3.02104 (NLL 4.31089 [logdet 1.48262, mahal 0.99039], L1 1.83540, Spectral 0.25626, Gradient 0.41948, Quantile 0.85235) | LR 1.00e-04
2026-06-26 12:58:07,374 INFO Epoch 12 | Batch 950/1186 | Loss 3.10297 (NLL 4.36487 [logdet 1.47599, mahal 1.05101], L1 1.89446, Spectral 0.26187, Gradient 0.42685, Quantile 0.87106) | LR 1.00e-04
2026-06-26 12:58:10,309 INFO Epoch 12 | Batch 1000/1186 | Loss 3.08765 (NLL 4.35917 [logdet 1.50193, mahal 1.01937], L1 1.87412, Spectral 0.26433, Gradient 0.42846, Quantile 0.85215) | LR 1.00e-04
2026-06-26 12:58:13,245 INFO Epoch 12 | Batch 1050/1186 | Loss 3.07219 (NLL 4.38038 [logdet 1.53619, mahal 1.00631], L1 1.88571, Spectral 0.25323, Gradient 0.42131, Quantile 0.88858) | LR 1.00e-04
2026-06-26 12:58:16,175 INFO Epoch 12 | Batch 1100/1186 | Loss 3.03202 (NLL 4.30402 [logdet 1.50264, mahal 0.96351], L1 1.82612, Spectral 0.26366, Gradient 0.42208, Quantile 0.87463) | LR 1.00e-04
2026-06-26 12:58:19,111 INFO Epoch 12 | Batch 1150/1186 | Loss 2.98796 (NLL 4.29439 [logdet 1.45912, mahal 0.99740], L1 1.81310, Spectral 0.25361, Gradient 0.41642, Quantile 0.83609) | LR 1.00e-04
2026-06-26 12:58:26,176 INFO Epoch 12 | Val Loss 2.97397 (NLL 4.30777 [logdet 1.48068, mahal 0.98921], L1 1.78911, Spectral 0.25541, Gradient 0.41797, Quantile 0.88169)
2026-06-26 12:58:26,248 INFO New best val loss: 2.97397 (saved checkpoints/best.pth)
2026-06-26 12:58:29,211 INFO Epoch 13 | Batch 50/1186 | Loss 3.06762 (NLL 4.36029 [logdet 1.48684, mahal 1.03558], L1 1.86049, Spectral 0.26377, Gradient 0.42412, Quantile 0.84409) | LR 1.00e-04
2026-06-26 12:58:32,141 INFO Epoch 13 | Batch 100/1186 | Loss 2.94175 (NLL 4.28275 [logdet 1.48114, mahal 0.96373], L1 1.76254, Spectral 0.25714, Gradient 0.41396, Quantile 0.83328) | LR 1.00e-04
2026-06-26 12:58:35,071 INFO Epoch 13 | Batch 150/1186 | Loss 3.01034 (NLL 4.32344 [logdet 1.49967, mahal 0.98590], L1 1.83133, Spectral 0.25419, Gradient 0.41693, Quantile 0.85272) | LR 1.00e-04
2026-06-26 12:58:38,004 INFO Epoch 13 | Batch 200/1186 | Loss 3.01221 (NLL 4.34315 [logdet 1.49487, mahal 1.01040], L1 1.83324, Spectral 0.25385, Gradient 0.41689, Quantile 0.85421) | LR 1.00e-04
2026-06-26 12:58:40,936 INFO Epoch 13 | Batch 250/1186 | Loss 3.09143 (NLL 4.39149 [logdet 1.47396, mahal 1.07965], L1 1.89628, Spectral 0.25773, Gradient 0.41947, Quantile 0.89630) | LR 1.00e-04
2026-06-26 12:58:43,856 INFO Epoch 13 | Batch 300/1186 | Loss 2.99752 (NLL 4.32292 [logdet 1.53114, mahal 0.95391], L1 1.83291, Spectral 0.25244, Gradient 0.40802, Quantile 0.83696) | LR 1.00e-04
2026-06-26 12:58:46,764 INFO Epoch 13 | Batch 350/1186 | Loss 3.06044 (NLL 4.32047 [logdet 1.48444, mahal 0.99816], L1 1.84071, Spectral 0.26655, Gradient 0.43163, Quantile 0.84504) | LR 1.00e-04
2026-06-26 12:58:49,672 INFO Epoch 13 | Batch 400/1186 | Loss 3.08646 (NLL 4.32580 [logdet 1.47616, mahal 1.01176], L1 1.87427, Spectral 0.26143, Gradient 0.43029, Quantile 0.89531) | LR 1.00e-04
2026-06-26 12:58:52,576 INFO Epoch 13 | Batch 450/1186 | Loss 3.06384 (NLL 4.34990 [logdet 1.50094, mahal 1.01108], L1 1.87574, Spectral 0.25780, Gradient 0.41686, Quantile 0.86045) | LR 1.00e-04
2026-06-26 12:58:55,483 INFO Epoch 13 | Batch 500/1186 | Loss 3.05868 (NLL 4.36244 [logdet 1.54708, mahal 0.97749], L1 1.85968, Spectral 0.25670, Gradient 0.42766, Quantile 0.87865) | LR 1.00e-04
2026-06-26 12:58:58,391 INFO Epoch 13 | Batch 550/1186 | Loss 3.07555 (NLL 4.40852 [logdet 1.52661, mahal 1.04403], L1 1.88100, Spectral 0.25487, Gradient 0.42737, Quantile 0.86086) | LR 1.00e-04
2026-06-26 12:59:01,297 INFO Epoch 13 | Batch 600/1186 | Loss 3.10106 (NLL 4.40853 [logdet 1.54078, mahal 1.02988], L1 1.89203, Spectral 0.25913, Gradient 0.43077, Quantile 0.88179) | LR 1.00e-04
2026-06-26 12:59:04,203 INFO Epoch 13 | Batch 650/1186 | Loss 3.02821 (NLL 4.31639 [logdet 1.56566, mahal 0.91285], L1 1.82416, Spectral 0.26056, Gradient 0.42799, Quantile 0.85559) | LR 1.00e-04
2026-06-26 12:59:07,110 INFO Epoch 13 | Batch 700/1186 | Loss 3.00372 (NLL 4.34160 [logdet 1.43751, mahal 1.06621], L1 1.82792, Spectral 0.25356, Gradient 0.41542, Quantile 0.84351) | LR 1.00e-04
2026-06-26 12:59:10,017 INFO Epoch 13 | Batch 750/1186 | Loss 3.02816 (NLL 4.32931 [logdet 1.51290, mahal 0.97853], L1 1.83975, Spectral 0.25884, Gradient 0.41520, Quantile 0.86515) | LR 1.00e-04
2026-06-26 12:59:12,924 INFO Epoch 13 | Batch 800/1186 | Loss 3.06020 (NLL 4.36562 [logdet 1.49139, mahal 1.03635], L1 1.85536, Spectral 0.26098, Gradient 0.42553, Quantile 0.86616) | LR 1.00e-04
2026-06-26 12:59:15,829 INFO Epoch 13 | Batch 850/1186 | Loss 2.98057 (NLL 4.31870 [logdet 1.49872, mahal 0.98211], L1 1.81073, Spectral 0.25001, Gradient 0.41711, Quantile 0.84918) | LR 1.00e-04
2026-06-26 12:59:18,737 INFO Epoch 13 | Batch 900/1186 | Loss 3.07723 (NLL 4.38636 [logdet 1.51908, mahal 1.02940], L1 1.88757, Spectral 0.25484, Gradient 0.42214, Quantile 0.87454) | LR 1.00e-04
2026-06-26 12:59:21,646 INFO Epoch 13 | Batch 950/1186 | Loss 2.94940 (NLL 4.30050 [logdet 1.47671, mahal 0.98591], L1 1.79903, Spectral 0.24713, Gradient 0.40712, Quantile 0.82217) | LR 1.00e-04
2026-06-26 12:59:24,551 INFO Epoch 13 | Batch 1000/1186 | Loss 2.95845 (NLL 4.26803 [logdet 1.44181, mahal 0.98835], L1 1.79161, Spectral 0.24997, Gradient 0.41667, Quantile 0.83878) | LR 1.00e-04
2026-06-26 12:59:27,457 INFO Epoch 13 | Batch 1050/1186 | Loss 3.05698 (NLL 4.37117 [logdet 1.48905, mahal 1.04424], L1 1.87008, Spectral 0.25469, Gradient 0.41991, Quantile 0.87819) | LR 1.00e-04
2026-06-26 12:59:30,362 INFO Epoch 13 | Batch 1100/1186 | Loss 3.06778 (NLL 4.38170 [logdet 1.56113, mahal 0.98270], L1 1.88353, Spectral 0.25561, Gradient 0.41771, Quantile 0.84940) | LR 1.00e-04
2026-06-26 12:59:33,268 INFO Epoch 13 | Batch 1150/1186 | Loss 3.00497 (NLL 4.34565 [logdet 1.51114, mahal 0.99663], L1 1.83301, Spectral 0.25105, Gradient 0.41768, Quantile 0.83289) | LR 1.00e-04
2026-06-26 12:59:40,283 INFO Epoch 13 | Val Loss 2.97523 (NLL 4.32461 [logdet 1.55847, mahal 0.92825], L1 1.79097, Spectral 0.25509, Gradient 0.41785, Quantile 0.87840)
2026-06-26 12:59:43,357 INFO Epoch 14 | Batch 50/1186 | Loss 2.96551 (NLL 4.25099 [logdet 1.46013, mahal 0.95298], L1 1.78586, Spectral 0.25611, Gradient 0.41859, Quantile 0.81959) | LR 1.00e-04
2026-06-26 12:59:46,348 INFO Epoch 14 | Batch 100/1186 | Loss 3.10526 (NLL 4.42184 [logdet 1.55888, mahal 1.02509], L1 1.89876, Spectral 0.26258, Gradient 0.42231, Quantile 0.86523) | LR 1.00e-04
2026-06-26 12:59:49,346 INFO Epoch 14 | Batch 150/1186 | Loss 3.03781 (NLL 4.32276 [logdet 1.50425, mahal 0.98063], L1 1.83872, Spectral 0.25906, Gradient 0.42433, Quantile 0.87573) | LR 1.00e-04
2026-06-26 12:59:52,345 INFO Epoch 14 | Batch 200/1186 | Loss 3.07586 (NLL 4.36756 [logdet 1.49488, mahal 1.03480], L1 1.88373, Spectral 0.25706, Gradient 0.42132, Quantile 0.86532) | LR 1.00e-04
2026-06-26 12:59:55,344 INFO Epoch 14 | Batch 250/1186 | Loss 3.00613 (NLL 4.31165 [logdet 1.49285, mahal 0.98093], L1 1.79945, Spectral 0.26364, Gradient 0.42524, Quantile 0.84539) | LR 1.00e-04
2026-06-26 12:59:58,341 INFO Epoch 14 | Batch 300/1186 | Loss 3.08616 (NLL 4.37296 [logdet 1.52570, mahal 1.00938], L1 1.87765, Spectral 0.26291, Gradient 0.42557, Quantile 0.85871) | LR 1.00e-04
2026-06-26 13:00:01,339 INFO Epoch 14 | Batch 350/1186 | Loss 3.03866 (NLL 4.35982 [logdet 1.53085, mahal 0.99109], L1 1.84798, Spectral 0.25810, Gradient 0.41477, Quantile 0.90230) | LR 1.00e-04
2026-06-26 13:00:04,329 INFO Epoch 14 | Batch 400/1186 | Loss 3.03394 (NLL 4.36966 [logdet 1.48708, mahal 1.04471], L1 1.86370, Spectral 0.25261, Gradient 0.40960, Quantile 0.86160) | LR 1.00e-04
2026-06-26 13:00:07,321 INFO Epoch 14 | Batch 450/1186 | Loss 3.05372 (NLL 4.33338 [logdet 1.51722, mahal 0.97828], L1 1.86517, Spectral 0.25676, Gradient 0.42016, Quantile 0.85733) | LR 1.00e-04
2026-06-26 13:00:10,321 INFO Epoch 14 | Batch 500/1186 | Loss 3.06033 (NLL 4.37414 [logdet 1.50745, mahal 1.02881], L1 1.88029, Spectral 0.25261, Gradient 0.41795, Quantile 0.87290) | LR 1.00e-04
2026-06-26 13:00:13,320 INFO Epoch 14 | Batch 550/1186 | Loss 2.89940 (NLL 4.22098 [logdet 1.42031, mahal 0.96279], L1 1.74830, Spectral 0.24773, Gradient 0.40999, Quantile 0.80966) | LR 1.00e-04
2026-06-26 13:00:16,318 INFO Epoch 14 | Batch 600/1186 | Loss 3.02668 (NLL 4.31414 [logdet 1.43051, mahal 1.04575], L1 1.82630, Spectral 0.26050, Gradient 0.42382, Quantile 0.86488) | LR 1.00e-04
2026-06-26 13:00:19,316 INFO Epoch 14 | Batch 650/1186 | Loss 3.02781 (NLL 4.32985 [logdet 1.50462, mahal 0.98736], L1 1.81902, Spectral 0.26080, Gradient 0.43374, Quantile 0.83203) | LR 1.00e-04
2026-06-26 13:00:22,314 INFO Epoch 14 | Batch 700/1186 | Loss 3.00004 (NLL 4.33453 [logdet 1.49369, mahal 1.00296], L1 1.82910, Spectral 0.24968, Gradient 0.41753, Quantile 0.85889) | LR 1.00e-04
2026-06-26 13:00:25,313 INFO Epoch 14 | Batch 750/1186 | Loss 3.06102 (NLL 4.37705 [logdet 1.51078, mahal 1.02839], L1 1.87517, Spectral 0.25235, Gradient 0.42280, Quantile 0.88636) | LR 1.00e-04
2026-06-26 13:00:28,309 INFO Epoch 14 | Batch 800/1186 | Loss 3.02068 (NLL 4.32596 [logdet 1.50921, mahal 0.97887], L1 1.83776, Spectral 0.25552, Gradient 0.41911, Quantile 0.83898) | LR 1.00e-04
2026-06-26 13:00:31,301 INFO Epoch 14 | Batch 850/1186 | Loss 3.08061 (NLL 4.39214 [logdet 1.49883, mahal 1.05543], L1 1.88935, Spectral 0.25380, Gradient 0.42590, Quantile 0.87178) | LR 1.00e-04
2026-06-26 13:00:34,294 INFO Epoch 14 | Batch 900/1186 | Loss 3.11351 (NLL 4.39313 [logdet 1.53939, mahal 1.01586], L1 1.90600, Spectral 0.26234, Gradient 0.42242, Quantile 0.89036) | LR 1.00e-04
2026-06-26 13:00:37,292 INFO Epoch 14 | Batch 950/1186 | Loss 3.00254 (NLL 4.34525 [logdet 1.53531, mahal 0.97206], L1 1.83308, Spectral 0.25020, Gradient 0.41626, Quantile 0.84143) | LR 1.00e-04
2026-06-26 13:00:40,290 INFO Epoch 14 | Batch 1000/1186 | Loss 3.03241 (NLL 4.34568 [logdet 1.50282, mahal 1.00499], L1 1.84179, Spectral 0.25362, Gradient 0.42540, Quantile 0.88974) | LR 1.00e-04
2026-06-26 13:00:43,290 INFO Epoch 14 | Batch 1050/1186 | Loss 3.00333 (NLL 4.33611 [logdet 1.46902, mahal 1.02922], L1 1.83426, Spectral 0.25246, Gradient 0.41154, Quantile 0.84130) | LR 1.00e-04
2026-06-26 13:00:46,289 INFO Epoch 14 | Batch 1100/1186 | Loss 3.03012 (NLL 4.34450 [logdet 1.49559, mahal 1.01104], L1 1.83855, Spectral 0.25764, Gradient 0.42126, Quantile 0.85384) | LR 1.00e-04
2026-06-26 13:00:49,289 INFO Epoch 14 | Batch 1150/1186 | Loss 3.03627 (NLL 4.32714 [logdet 1.47477, mahal 1.01449], L1 1.85418, Spectral 0.25568, Gradient 0.41666, Quantile 0.85357) | LR 1.00e-04
2026-06-26 13:00:56,393 INFO Epoch 14 | Val Loss 2.96815 (NLL 4.30923 [logdet 1.52848, mahal 0.94287], L1 1.78455, Spectral 0.25419, Gradient 0.41667, Quantile 0.91081)
2026-06-26 13:00:56,469 INFO New best val loss: 2.96815 (saved checkpoints/best.pth)
2026-06-26 13:00:59,435 INFO Epoch 15 | Batch 50/1186 | Loss 3.02656 (NLL 4.34659 [logdet 1.52310, mahal 0.98561], L1 1.84558, Spectral 0.25370, Gradient 0.41737, Quantile 0.87330) | LR 1.00e-04
2026-06-26 13:01:02,367 INFO Epoch 15 | Batch 100/1186 | Loss 3.05390 (NLL 4.36860 [logdet 1.48521, mahal 1.04551], L1 1.86469, Spectral 0.25642, Gradient 0.41960, Quantile 0.86760) | LR 1.00e-04
2026-06-26 13:01:05,290 INFO Epoch 15 | Batch 150/1186 | Loss 3.02383 (NLL 4.38608 [logdet 1.53535, mahal 1.01285], L1 1.86544, Spectral 0.24691, Gradient 0.41056, Quantile 0.84802) | LR 1.00e-04
2026-06-26 13:01:08,208 INFO Epoch 15 | Batch 200/1186 | Loss 3.08444 (NLL 4.38336 [logdet 1.52323, mahal 1.02225], L1 1.89460, Spectral 0.25467, Gradient 0.42260, Quantile 0.87633) | LR 1.00e-04
2026-06-26 13:01:11,128 INFO Epoch 15 | Batch 250/1186 | Loss 3.06427 (NLL 4.36172 [logdet 1.55868, mahal 0.96517], L1 1.87776, Spectral 0.25539, Gradient 0.41794, Quantile 0.88309) | LR 1.00e-04
2026-06-26 13:01:14,049 INFO Epoch 15 | Batch 300/1186 | Loss 3.07637 (NLL 4.36089 [logdet 1.54100, mahal 0.98202], L1 1.86391, Spectral 0.26205, Gradient 0.43111, Quantile 0.86289) | LR 1.00e-04
2026-06-26 13:01:16,972 INFO Epoch 15 | Batch 350/1186 | Loss 3.03350 (NLL 4.33710 [logdet 1.51637, mahal 0.98286], L1 1.83687, Spectral 0.25958, Gradient 0.42307, Quantile 0.84607) | LR 1.00e-04
2026-06-26 13:01:19,893 INFO Epoch 15 | Batch 400/1186 | Loss 3.01077 (NLL 4.32344 [logdet 1.48653, mahal 0.99904], L1 1.83351, Spectral 0.25277, Gradient 0.41782, Quantile 0.85642) | LR 1.00e-04
2026-06-26 13:01:22,813 INFO Epoch 15 | Batch 450/1186 | Loss 3.01580 (NLL 4.28718 [logdet 1.46899, mahal 0.98032], L1 1.81451, Spectral 0.26192, Gradient 0.42426, Quantile 0.84540) | LR 1.00e-04
2026-06-26 13:01:25,730 INFO Epoch 15 | Batch 500/1186 | Loss 3.03483 (NLL 4.31946 [logdet 1.49898, mahal 0.98260], L1 1.83628, Spectral 0.26109, Gradient 0.42291, Quantile 0.83950) | LR 1.00e-04
2026-06-26 13:01:28,647 INFO Epoch 15 | Batch 550/1186 | Loss 3.03684 (NLL 4.36937 [logdet 1.50457, mahal 1.02692], L1 1.84618, Spectral 0.25767, Gradient 0.42035, Quantile 0.84561) | LR 1.00e-04
2026-06-26 13:01:31,567 INFO Epoch 15 | Batch 600/1186 | Loss 3.04244 (NLL 4.36635 [logdet 1.49618, mahal 1.03228], L1 1.84310, Spectral 0.26015, Gradient 0.42305, Quantile 0.85325) | LR 1.00e-04
2026-06-26 13:01:34,486 INFO Epoch 15 | Batch 650/1186 | Loss 3.03609 (NLL 4.32077 [logdet 1.52546, mahal 0.95743], L1 1.84953, Spectral 0.25615, Gradient 0.41964, Quantile 0.86001) | LR 1.00e-04
2026-06-26 13:01:37,406 INFO Epoch 15 | Batch 700/1186 | Loss 2.97677 (NLL 4.28013 [logdet 1.43421, mahal 1.00804], L1 1.81779, Spectral 0.24860, Gradient 0.40974, Quantile 0.85931) | LR 1.00e-04
2026-06-26 13:01:40,324 INFO Epoch 15 | Batch 750/1186 | Loss 3.02360 (NLL 4.32186 [logdet 1.43616, mahal 1.04783], L1 1.83971, Spectral 0.25446, Gradient 0.41941, Quantile 0.87232) | LR 1.00e-04
2026-06-26 13:01:43,242 INFO Epoch 15 | Batch 800/1186 | Loss 3.09627 (NLL 4.44714 [logdet 1.56256, mahal 1.04670], L1 1.91776, Spectral 0.25070, Gradient 0.41634, Quantile 0.89500) | LR 1.00e-04
2026-06-26 13:01:46,159 INFO Epoch 15 | Batch 850/1186 | Loss 3.06755 (NLL 4.37356 [logdet 1.55231, mahal 0.98337], L1 1.87190, Spectral 0.25669, Gradient 0.42505, Quantile 0.86822) | LR 1.00e-04
2026-06-26 13:01:49,078 INFO Epoch 15 | Batch 900/1186 | Loss 2.98750 (NLL 4.32594 [logdet 1.48567, mahal 1.00238], L1 1.80159, Spectral 0.25570, Gradient 0.42242, Quantile 0.82994) | LR 1.00e-04
2026-06-26 13:01:51,998 INFO Epoch 15 | Batch 950/1186 | Loss 2.99038 (NLL 4.26535 [logdet 1.48123, mahal 0.94624], L1 1.78955, Spectral 0.26096, Gradient 0.42728, Quantile 0.83560) | LR 1.00e-04
2026-06-26 13:01:54,916 INFO Epoch 15 | Batch 1000/1186 | Loss 3.05221 (NLL 4.36713 [logdet 1.50039, mahal 1.02886], L1 1.87135, Spectral 0.25317, Gradient 0.41563, Quantile 0.89755) | LR 1.00e-04
2026-06-26 13:01:57,836 INFO Epoch 15 | Batch 1050/1186 | Loss 2.98076 (NLL 4.29063 [logdet 1.46201, mahal 0.99074], L1 1.79510, Spectral 0.25838, Gradient 0.41854, Quantile 0.82038) | LR 1.00e-04
2026-06-26 13:02:00,755 INFO Epoch 15 | Batch 1100/1186 | Loss 2.97778 (NLL 4.30705 [logdet 1.44504, mahal 1.02413], L1 1.80379, Spectral 0.25407, Gradient 0.41346, Quantile 0.84533) | LR 1.00e-04
2026-06-26 13:02:03,677 INFO Epoch 15 | Batch 1150/1186 | Loss 3.02914 (NLL 4.30502 [logdet 1.47931, mahal 0.98783], L1 1.84819, Spectral 0.25702, Gradient 0.41399, Quantile 0.84748) | LR 1.00e-04
2026-06-26 13:02:10,727 INFO Epoch 15 | Val Loss 2.97799 (NLL 4.31613 [logdet 1.47949, mahal 0.99877], L1 1.79105, Spectral 0.25475, Gradient 0.41803, Quantile 0.91663)
2026-06-26 13:02:13,804 INFO Epoch 16 | Batch 50/1186 | Loss 2.98881 (NLL 4.29221 [logdet 1.43634, mahal 1.01799], L1 1.81524, Spectral 0.25305, Gradient 0.41349, Quantile 0.86905) | LR 1.00e-04
2026-06-26 13:02:16,803 INFO Epoch 16 | Batch 100/1186 | Loss 3.04744 (NLL 4.39779 [logdet 1.51992, mahal 1.04000], L1 1.86771, Spectral 0.25412, Gradient 0.41604, Quantile 0.84800) | LR 1.00e-04
2026-06-26 13:02:19,799 INFO Epoch 16 | Batch 150/1186 | Loss 3.03264 (NLL 4.36995 [logdet 1.52142, mahal 1.01065], L1 1.85421, Spectral 0.25218, Gradient 0.41868, Quantile 0.85824) | LR 1.00e-04
2026-06-26 13:02:22,798 INFO Epoch 16 | Batch 200/1186 | Loss 2.95826 (NLL 4.28413 [logdet 1.49153, mahal 0.95472], L1 1.79821, Spectral 0.25013, Gradient 0.40961, Quantile 0.83548) | LR 1.00e-04
2026-06-26 13:02:25,797 INFO Epoch 16 | Batch 250/1186 | Loss 3.00379 (NLL 4.30890 [logdet 1.45399, mahal 1.01704], L1 1.81727, Spectral 0.25659, Gradient 0.41984, Quantile 0.85070) | LR 1.00e-04
2026-06-26 13:02:28,796 INFO Epoch 16 | Batch 300/1186 | Loss 3.06083 (NLL 4.36478 [logdet 1.49401, mahal 1.03290], L1 1.87251, Spectral 0.25733, Gradient 0.41738, Quantile 0.86309) | LR 1.00e-04
2026-06-26 13:02:31,795 INFO Epoch 16 | Batch 350/1186 | Loss 3.05641 (NLL 4.36332 [logdet 1.53592, mahal 0.98952], L1 1.85645, Spectral 0.25952, Gradient 0.42364, Quantile 0.86907) | LR 1.00e-04
2026-06-26 13:02:34,796 INFO Epoch 16 | Batch 400/1186 | Loss 3.03980 (NLL 4.34255 [logdet 1.50118, mahal 1.00349], L1 1.82616, Spectral 0.26425, Gradient 0.42876, Quantile 0.85726) | LR 1.00e-04
2026-06-26 13:02:37,793 INFO Epoch 16 | Batch 450/1186 | Loss 3.05997 (NLL 4.34746 [logdet 1.48802, mahal 1.02156], L1 1.87016, Spectral 0.25477, Gradient 0.42247, Quantile 0.88706) | LR 1.00e-04
2026-06-26 13:02:40,793 INFO Epoch 16 | Batch 500/1186 | Loss 3.06669 (NLL 4.32605 [logdet 1.49275, mahal 0.99542], L1 1.87717, Spectral 0.25697, Gradient 0.42037, Quantile 0.86334) | LR 1.00e-04
2026-06-26 13:02:43,791 INFO Epoch 16 | Batch 550/1186 | Loss 3.02339 (NLL 4.30860 [logdet 1.51128, mahal 0.95945], L1 1.83916, Spectral 0.25487, Gradient 0.42107, Quantile 0.85178) | LR 1.00e-04
2026-06-26 13:02:46,790 INFO Epoch 16 | Batch 600/1186 | Loss 3.01889 (NLL 4.35395 [logdet 1.47662, mahal 1.03946], L1 1.83401, Spectral 0.25650, Gradient 0.41755, Quantile 0.84621) | LR 1.00e-04
2026-06-26 13:02:49,791 INFO Epoch 16 | Batch 650/1186 | Loss 3.00342 (NLL 4.32658 [logdet 1.48079, mahal 1.00791], L1 1.84191, Spectral 0.24826, Gradient 0.41146, Quantile 0.86012) | LR 1.00e-04
2026-06-26 13:02:52,788 INFO Epoch 16 | Batch 700/1186 | Loss 3.06446 (NLL 4.35387 [logdet 1.54528, mahal 0.97071], L1 1.87054, Spectral 0.25697, Gradient 0.42436, Quantile 0.85723) | LR 1.00e-04
2026-06-26 13:02:55,788 INFO Epoch 16 | Batch 750/1186 | Loss 2.96081 (NLL 4.28585 [logdet 1.41434, mahal 1.03363], L1 1.78269, Spectral 0.25450, Gradient 0.41891, Quantile 0.82550) | LR 1.00e-04
2026-06-26 13:02:58,786 INFO Epoch 16 | Batch 800/1186 | Loss 3.01542 (NLL 4.30315 [logdet 1.47528, mahal 0.98999], L1 1.82906, Spectral 0.25503, Gradient 0.42207, Quantile 0.86208) | LR 1.00e-04
2026-06-26 13:03:01,785 INFO Epoch 16 | Batch 850/1186 | Loss 3.07452 (NLL 4.36459 [logdet 1.50782, mahal 1.01889], L1 1.86684, Spectral 0.26060, Gradient 0.42813, Quantile 0.87699) | LR 1.00e-04
2026-06-26 13:03:04,785 INFO Epoch 16 | Batch 900/1186 | Loss 3.02258 (NLL 4.37821 [logdet 1.55963, mahal 0.98070], L1 1.84537, Spectral 0.25333, Gradient 0.41506, Quantile 0.85639) | LR 1.00e-04
2026-06-26 13:03:07,782 INFO Epoch 16 | Batch 950/1186 | Loss 3.06277 (NLL 4.35939 [logdet 1.51898, mahal 1.00254], L1 1.88783, Spectral 0.25132, Gradient 0.41487, Quantile 0.88671) | LR 1.00e-04
2026-06-26 13:03:10,777 INFO Epoch 16 | Batch 1000/1186 | Loss 3.02927 (NLL 4.34369 [logdet 1.51921, mahal 0.98660], L1 1.83971, Spectral 0.25684, Gradient 0.42139, Quantile 0.84934) | LR 1.00e-04
2026-06-26 13:03:13,773 INFO Epoch 16 | Batch 1050/1186 | Loss 3.02832 (NLL 4.30945 [logdet 1.50595, mahal 0.96562], L1 1.84186, Spectral 0.25549, Gradient 0.42086, Quantile 0.86403) | LR 1.00e-04
2026-06-26 13:03:16,768 INFO Epoch 16 | Batch 1100/1186 | Loss 3.03068 (NLL 4.33416 [logdet 1.48304, mahal 1.01324], L1 1.82278, Spectral 0.26322, Gradient 0.42743, Quantile 0.83620) | LR 1.00e-04
2026-06-26 13:03:19,761 INFO Epoch 16 | Batch 1150/1186 | Loss 3.07681 (NLL 4.39777 [logdet 1.53842, mahal 1.02148], L1 1.88771, Spectral 0.25529, Gradient 0.41974, Quantile 0.88145) | LR 1.00e-04
2026-06-26 13:03:26,851 INFO Epoch 16 | Val Loss 2.95881 (NLL 4.29717 [logdet 1.46223, mahal 0.99707], L1 1.77963, Spectral 0.25431, Gradient 0.41727, Quantile 0.85655)
2026-06-26 13:03:26,926 INFO New best val loss: 2.95881 (saved checkpoints/best.pth)
2026-06-26 13:03:29,963 INFO Epoch 17 | Batch 50/1186 | Loss 3.07959 (NLL 4.38463 [logdet 1.51760, mahal 1.02915], L1 1.87614, Spectral 0.26107, Gradient 0.42370, Quantile 0.86354) | LR 1.00e-04
2026-06-26 13:03:32,972 INFO Epoch 17 | Batch 100/1186 | Loss 3.07428 (NLL 4.33542 [logdet 1.47753, mahal 1.02001], L1 1.85391, Spectral 0.26486, Gradient 0.43495, Quantile 0.84901) | LR 1.00e-04
2026-06-26 13:03:35,981 INFO Epoch 17 | Batch 150/1186 | Loss 3.04298 (NLL 4.33474 [logdet 1.52161, mahal 0.97526], L1 1.83443, Spectral 0.26324, Gradient 0.42389, Quantile 0.88280) | LR 1.00e-04
2026-06-26 13:03:38,990 INFO Epoch 17 | Batch 200/1186 | Loss 3.01596 (NLL 4.34924 [logdet 1.49918, mahal 1.01218], L1 1.83759, Spectral 0.25322, Gradient 0.41855, Quantile 0.84153) | LR 1.00e-04
2026-06-26 13:03:41,996 INFO Epoch 17 | Batch 250/1186 | Loss 3.00525 (NLL 4.31348 [logdet 1.54292, mahal 0.93268], L1 1.82277, Spectral 0.25441, Gradient 0.41809, Quantile 0.87574) | LR 1.00e-04
2026-06-26 13:03:45,001 INFO Epoch 17 | Batch 300/1186 | Loss 3.02236 (NLL 4.33797 [logdet 1.45448, mahal 1.04561], L1 1.84444, Spectral 0.25230, Gradient 0.42113, Quantile 0.83233) | LR 1.00e-04
2026-06-26 13:03:48,012 INFO Epoch 17 | Batch 350/1186 | Loss 3.03831 (NLL 4.34100 [logdet 1.51899, mahal 0.98413], L1 1.86592, Spectral 0.25272, Gradient 0.41360, Quantile 0.84656) | LR 1.00e-04
2026-06-26 13:03:51,014 INFO Epoch 17 | Batch 400/1186 | Loss 3.04023 (NLL 4.33660 [logdet 1.46667, mahal 1.03206], L1 1.84178, Spectral 0.26047, Gradient 0.42123, Quantile 0.86637) | LR 1.00e-04
2026-06-26 13:03:54,019 INFO Epoch 17 | Batch 450/1186 | Loss 2.99949 (NLL 4.30255 [logdet 1.48390, mahal 0.98077], L1 1.83189, Spectral 0.25081, Gradient 0.41425, Quantile 0.84369) | LR 1.00e-04
2026-06-26 13:03:57,032 INFO Epoch 17 | Batch 500/1186 | Loss 2.97886 (NLL 4.30939 [logdet 1.48049, mahal 0.99102], L1 1.79253, Spectral 0.25689, Gradient 0.41927, Quantile 0.84800) | LR 1.00e-04
2026-06-26 13:04:00,039 INFO Epoch 17 | Batch 550/1186 | Loss 3.00237 (NLL 4.33803 [logdet 1.44708, mahal 1.05308], L1 1.82593, Spectral 0.25225, Gradient 0.41802, Quantile 0.85260) | LR 1.00e-04
2026-06-26 13:04:03,051 INFO Epoch 17 | Batch 600/1186 | Loss 3.03508 (NLL 4.33136 [logdet 1.52978, mahal 0.96370], L1 1.85547, Spectral 0.25257, Gradient 0.42121, Quantile 0.84591) | LR 1.00e-04
2026-06-26 13:04:06,059 INFO Epoch 17 | Batch 650/1186 | Loss 3.00220 (NLL 4.32855 [logdet 1.46317, mahal 1.02750], L1 1.82662, Spectral 0.25352, Gradient 0.41535, Quantile 0.84683) | LR 1.00e-04
2026-06-26 13:04:09,069 INFO Epoch 17 | Batch 700/1186 | Loss 3.01222 (NLL 4.34544 [logdet 1.48732, mahal 1.02024], L1 1.84058, Spectral 0.25031, Gradient 0.41613, Quantile 0.86429) | LR 1.00e-04
2026-06-26 13:04:12,080 INFO Epoch 17 | Batch 750/1186 | Loss 3.00029 (NLL 4.31905 [logdet 1.48720, mahal 0.99397], L1 1.81501, Spectral 0.25721, Gradient 0.41707, Quantile 0.85093) | LR 1.00e-04
2026-06-26 13:04:15,090 INFO Epoch 17 | Batch 800/1186 | Loss 3.03022 (NLL 4.31180 [logdet 1.52245, mahal 0.95147], L1 1.84449, Spectral 0.25627, Gradient 0.41930, Quantile 0.85485) | LR 1.00e-04
2026-06-26 13:04:18,102 INFO Epoch 17 | Batch 850/1186 | Loss 3.09664 (NLL 4.39713 [logdet 1.49780, mahal 1.06146], L1 1.90688, Spectral 0.25643, Gradient 0.41864, Quantile 0.87494) | LR 1.00e-04
2026-06-26 13:04:21,109 INFO Epoch 17 | Batch 900/1186 | Loss 3.02600 (NLL 4.34175 [logdet 1.50123, mahal 1.00265], L1 1.84590, Spectral 0.25447, Gradient 0.41715, Quantile 0.84970) | LR 1.00e-04
2026-06-26 13:04:24,118 INFO Epoch 17 | Batch 950/1186 | Loss 3.03159 (NLL 4.34413 [logdet 1.51930, mahal 0.98695], L1 1.84437, Spectral 0.25688, Gradient 0.41757, Quantile 0.86601) | LR 1.00e-04
2026-06-26 13:04:27,126 INFO Epoch 17 | Batch 1000/1186 | Loss 3.01738 (NLL 4.31823 [logdet 1.46314, mahal 1.01721], L1 1.82326, Spectral 0.25830, Gradient 0.42322, Quantile 0.85275) | LR 1.00e-04
2026-06-26 13:04:30,133 INFO Epoch 17 | Batch 1050/1186 | Loss 3.02739 (NLL 4.35076 [logdet 1.53093, mahal 0.98195], L1 1.85162, Spectral 0.25068, Gradient 0.41908, Quantile 0.86576) | LR 1.00e-04
2026-06-26 13:04:33,142 INFO Epoch 17 | Batch 1100/1186 | Loss 3.02558 (NLL 4.35207 [logdet 1.48524, mahal 1.02896], L1 1.84496, Spectral 0.25250, Gradient 0.41992, Quantile 0.86660) | LR 1.00e-04
2026-06-26 13:04:36,153 INFO Epoch 17 | Batch 1150/1186 | Loss 2.96232 (NLL 4.28999 [logdet 1.46890, mahal 0.98321], L1 1.80793, Spectral 0.24914, Gradient 0.40551, Quantile 0.84120) | LR 1.00e-04
2026-06-26 13:04:43,271 INFO Epoch 17 | Val Loss 2.97161 (NLL 4.30626 [logdet 1.49359, mahal 0.97480], L1 1.78332, Spectral 0.25465, Gradient 0.41837, Quantile 0.93309)
2026-06-26 13:04:46,356 INFO Epoch 18 | Batch 50/1186 | Loss 2.97937 (NLL 4.30704 [logdet 1.45017, mahal 1.01899], L1 1.81648, Spectral 0.24929, Gradient 0.41323, Quantile 0.83747) | LR 1.00e-04
2026-06-26 13:04:49,365 INFO Epoch 18 | Batch 100/1186 | Loss 3.04820 (NLL 4.34241 [logdet 1.51720, mahal 0.98733], L1 1.85346, Spectral 0.25812, Gradient 0.42250, Quantile 0.86421) | LR 1.00e-04
2026-06-26 13:04:52,374 INFO Epoch 18 | Batch 150/1186 | Loss 2.95464 (NLL 4.29282 [logdet 1.46727, mahal 0.98767], L1 1.79153, Spectral 0.25094, Gradient 0.40980, Quantile 0.84514) | LR 1.00e-04
2026-06-26 13:04:55,379 INFO Epoch 18 | Batch 200/1186 | Loss 3.05321 (NLL 4.35344 [logdet 1.49731, mahal 1.01825], L1 1.85452, Spectral 0.26134, Gradient 0.42064, Quantile 0.84985) | LR 1.00e-04
2026-06-26 13:04:58,392 INFO Epoch 18 | Batch 250/1186 | Loss 2.98400 (NLL 4.28862 [logdet 1.48520, mahal 0.96555], L1 1.80021, Spectral 0.25743, Gradient 0.41582, Quantile 0.85359) | LR 1.00e-04
2026-06-26 13:05:01,398 INFO Epoch 18 | Batch 300/1186 | Loss 3.07443 (NLL 4.39141 [logdet 1.50426, mahal 1.04927], L1 1.88304, Spectral 0.25561, Gradient 0.42118, Quantile 0.88478) | LR 1.00e-04
2026-06-26 13:05:04,409 INFO Epoch 18 | Batch 350/1186 | Loss 3.01853 (NLL 4.33910 [logdet 1.51716, mahal 0.98407], L1 1.83365, Spectral 0.25532, Gradient 0.41931, Quantile 0.85853) | LR 1.00e-04
2026-06-26 13:05:07,410 INFO Epoch 18 | Batch 400/1186 | Loss 3.03539 (NLL 4.37704 [logdet 1.51625, mahal 1.02292], L1 1.85198, Spectral 0.25491, Gradient 0.41909, Quantile 0.84208) | LR 1.00e-04
2026-06-26 13:05:10,423 INFO Epoch 18 | Batch 450/1186 | Loss 3.04593 (NLL 4.34811 [logdet 1.51421, mahal 0.99603], L1 1.84610, Spectral 0.25962, Gradient 0.42584, Quantile 0.84531) | LR 1.00e-04
2026-06-26 13:05:13,430 INFO Epoch 18 | Batch 500/1186 | Loss 3.03271 (NLL 4.33278 [logdet 1.52698, mahal 0.96792], L1 1.85497, Spectral 0.25323, Gradient 0.41693, Quantile 0.85797) | LR 1.00e-04
2026-06-26 13:05:16,441 INFO Epoch 18 | Batch 550/1186 | Loss 3.02000 (NLL 4.32206 [logdet 1.49782, mahal 0.98636], L1 1.82807, Spectral 0.25864, Gradient 0.41997, Quantile 0.85671) | LR 1.00e-04
2026-06-26 13:05:19,449 INFO Epoch 18 | Batch 600/1186 | Loss 3.03625 (NLL 4.32292 [logdet 1.49989, mahal 0.98515], L1 1.84326, Spectral 0.25701, Gradient 0.42294, Quantile 0.87217) | LR 1.00e-04
2026-06-26 13:05:22,457 INFO Epoch 18 | Batch 650/1186 | Loss 3.02983 (NLL 4.32791 [logdet 1.47043, mahal 1.01960], L1 1.84381, Spectral 0.25662, Gradient 0.41880, Quantile 0.85013) | LR 1.00e-04
2026-06-26 13:05:25,464 INFO Epoch 18 | Batch 700/1186 | Loss 3.02028 (NLL 4.33620 [logdet 1.48456, mahal 1.01377], L1 1.84716, Spectral 0.25208, Gradient 0.41433, Quantile 0.86266) | LR 1.00e-04
2026-06-26 13:05:28,469 INFO Epoch 18 | Batch 750/1186 | Loss 3.05483 (NLL 4.35651 [logdet 1.49801, mahal 1.02062], L1 1.86363, Spectral 0.25602, Gradient 0.42257, Quantile 0.86879) | LR 1.00e-04
2026-06-26 13:05:31,479 INFO Epoch 18 | Batch 800/1186 | Loss 3.08256 (NLL 4.33162 [logdet 1.55877, mahal 0.93497], L1 1.88318, Spectral 0.25759, Gradient 0.42930, Quantile 0.85357) | LR 1.00e-04
2026-06-26 13:05:34,484 INFO Epoch 18 | Batch 850/1186 | Loss 3.00970 (NLL 4.29461 [logdet 1.47588, mahal 0.98085], L1 1.81640, Spectral 0.25806, Gradient 0.42501, Quantile 0.83672) | LR 1.00e-04
2026-06-26 13:05:37,495 INFO Epoch 18 | Batch 900/1186 | Loss 3.00890 (NLL 4.38113 [logdet 1.50716, mahal 1.03609], L1 1.83428, Spectral 0.25287, Gradient 0.41476, Quantile 0.84110) | LR 1.00e-04
2026-06-26 13:05:40,505 INFO Epoch 18 | Batch 950/1186 | Loss 2.98414 (NLL 4.29625 [logdet 1.46796, mahal 0.99041], L1 1.81719, Spectral 0.25088, Gradient 0.41322, Quantile 0.84878) | LR 1.00e-04
2026-06-26 13:05:43,518 INFO Epoch 18 | Batch 1000/1186 | Loss 3.01748 (NLL 4.32466 [logdet 1.48196, mahal 1.00483], L1 1.83151, Spectral 0.25449, Gradient 0.42302, Quantile 0.85248) | LR 1.00e-04
2026-06-26 13:05:46,527 INFO Epoch 18 | Batch 1050/1186 | Loss 3.09353 (NLL 4.39972 [logdet 1.51390, mahal 1.04794], L1 1.90971, Spectral 0.25214, Gradient 0.41894, Quantile 0.90551) | LR 1.00e-04
2026-06-26 13:05:49,537 INFO Epoch 18 | Batch 1100/1186 | Loss 2.98725 (NLL 4.30563 [logdet 1.53061, mahal 0.93714], L1 1.80286, Spectral 0.25629, Gradient 0.41882, Quantile 0.84721) | LR 1.00e-04
2026-06-26 13:05:52,547 INFO Epoch 18 | Batch 1150/1186 | Loss 2.98750 (NLL 4.31185 [logdet 1.47433, mahal 0.99965], L1 1.80623, Spectral 0.25640, Gradient 0.41667, Quantile 0.83282) | LR 1.00e-04
2026-06-26 13:05:59,652 INFO Epoch 18 | Val Loss 2.96606 (NLL 4.30340 [logdet 1.45912, mahal 1.00641], L1 1.78819, Spectral 0.25329, Gradient 0.41510, Quantile 0.88857)
2026-06-26 13:06:02,738 INFO Epoch 19 | Batch 50/1186 | Loss 3.02370 (NLL 4.32889 [logdet 1.51303, mahal 0.97798], L1 1.83783, Spectral 0.25654, Gradient 0.42002, Quantile 0.83636) | LR 1.00e-04
2026-06-26 13:06:05,753 INFO Epoch 19 | Batch 100/1186 | Loss 2.97459 (NLL 4.32274 [logdet 1.44367, mahal 1.04119], L1 1.81666, Spectral 0.24741, Gradient 0.40994, Quantile 0.85924) | LR 1.00e-04
2026-06-26 13:06:08,768 INFO Epoch 19 | Batch 150/1186 | Loss 3.07819 (NLL 4.35084 [logdet 1.53075, mahal 0.98221], L1 1.87312, Spectral 0.26076, Gradient 0.42642, Quantile 0.86853) | LR 1.00e-04
2026-06-26 13:06:11,778 INFO Epoch 19 | Batch 200/1186 | Loss 3.05927 (NLL 4.32552 [logdet 1.50905, mahal 0.97859], L1 1.85789, Spectral 0.26075, Gradient 0.42434, Quantile 0.86040) | LR 1.00e-04
2026-06-26 13:06:14,794 INFO Epoch 19 | Batch 250/1186 | Loss 2.99455 (NLL 4.32997 [logdet 1.47693, mahal 1.01516], L1 1.81813, Spectral 0.25514, Gradient 0.41210, Quantile 0.85501) | LR 1.00e-04
2026-06-26 13:06:17,811 INFO Epoch 19 | Batch 300/1186 | Loss 2.98421 (NLL 4.30277 [logdet 1.45340, mahal 1.01149], L1 1.82318, Spectral 0.24889, Gradient 0.41042, Quantile 0.86000) | LR 1.00e-04
2026-06-26 13:06:20,826 INFO Epoch 19 | Batch 350/1186 | Loss 3.01744 (NLL 4.35981 [logdet 1.49159, mahal 1.03034], L1 1.83841, Spectral 0.25075, Gradient 0.42280, Quantile 0.85465) | LR 1.00e-04
2026-06-26 13:06:23,841 INFO Epoch 19 | Batch 400/1186 | Loss 2.97532 (NLL 4.31832 [logdet 1.54047, mahal 0.93996], L1 1.80573, Spectral 0.25247, Gradient 0.41265, Quantile 0.83991) | LR 1.00e-04
2026-06-26 13:06:26,856 INFO Epoch 19 | Batch 450/1186 | Loss 3.07611 (NLL 4.37930 [logdet 1.52643, mahal 1.01499], L1 1.89307, Spectral 0.25534, Gradient 0.41761, Quantile 0.84393) | LR 1.00e-04
2026-06-26 13:06:29,869 INFO Epoch 19 | Batch 500/1186 | Loss 3.05207 (NLL 4.35137 [logdet 1.50458, mahal 1.00891], L1 1.86676, Spectral 0.25463, Gradient 0.42014, Quantile 0.86583) | LR 1.00e-04
2026-06-26 13:06:32,885 INFO Epoch 19 | Batch 550/1186 | Loss 3.01800 (NLL 4.30859 [logdet 1.50703, mahal 0.96369], L1 1.82475, Spectral 0.26021, Gradient 0.41976, Quantile 0.84131) | LR 1.00e-04
2026-06-26 13:06:35,902 INFO Epoch 19 | Batch 600/1186 | Loss 3.07579 (NLL 4.31492 [logdet 1.49731, mahal 0.97974], L1 1.86412, Spectral 0.26314, Gradient 0.42787, Quantile 0.88077) | LR 1.00e-04
2026-06-26 13:06:38,913 INFO Epoch 19 | Batch 650/1186 | Loss 3.02492 (NLL 4.35589 [logdet 1.45614, mahal 1.06187], L1 1.84628, Spectral 0.25250, Gradient 0.41895, Quantile 0.85458) | LR 1.00e-04
2026-06-26 13:06:41,926 INFO Epoch 19 | Batch 700/1186 | Loss 3.01867 (NLL 4.33404 [logdet 1.53659, mahal 0.95957], L1 1.83525, Spectral 0.25422, Gradient 0.41874, Quantile 0.87632) | LR 1.00e-04
2026-06-26 13:06:44,939 INFO Epoch 19 | Batch 750/1186 | Loss 2.99587 (NLL 4.33430 [logdet 1.51115, mahal 0.98527], L1 1.83069, Spectral 0.24916, Gradient 0.41381, Quantile 0.85028) | LR 1.00e-04
2026-06-26 13:06:47,950 INFO Epoch 19 | Batch 800/1186 | Loss 3.01986 (NLL 4.32107 [logdet 1.47643, mahal 1.00676], L1 1.83078, Spectral 0.25725, Gradient 0.42040, Quantile 0.85302) | LR 1.00e-04
2026-06-26 13:06:50,961 INFO Epoch 19 | Batch 850/1186 | Loss 3.01568 (NLL 4.33008 [logdet 1.50845, mahal 0.98376], L1 1.84111, Spectral 0.25240, Gradient 0.41660, Quantile 0.84742) | LR 1.00e-04
2026-06-26 13:06:53,976 INFO Epoch 19 | Batch 900/1186 | Loss 3.00049 (NLL 4.31652 [logdet 1.48003, mahal 0.99862], L1 1.81833, Spectral 0.25530, Gradient 0.41860, Quantile 0.84457) | LR 1.00e-04
2026-06-26 13:06:56,985 INFO Epoch 19 | Batch 950/1186 | Loss 3.03541 (NLL 4.34745 [logdet 1.50939, mahal 1.00019], L1 1.85273, Spectral 0.25447, Gradient 0.41818, Quantile 0.86451) | LR 1.00e-04
2026-06-26 13:06:59,998 INFO Epoch 19 | Batch 1000/1186 | Loss 2.97411 (NLL 4.31473 [logdet 1.47781, mahal 0.99904], L1 1.79742, Spectral 0.25406, Gradient 0.41689, Quantile 0.83357) | LR 1.00e-04
2026-06-26 13:07:03,013 INFO Epoch 19 | Batch 1050/1186 | Loss 3.01529 (NLL 4.30707 [logdet 1.48358, mahal 0.98562], L1 1.81965, Spectral 0.25993, Gradient 0.42234, Quantile 0.84515) | LR 1.00e-04
2026-06-26 13:07:06,005 INFO Epoch 19 | Batch 1100/1186 | Loss 3.07047 (NLL 4.34876 [logdet 1.47646, mahal 1.03442], L1 1.86652, Spectral 0.25745, Gradient 0.43258, Quantile 0.86404) | LR 1.00e-04
2026-06-26 13:07:09,008 INFO Epoch 19 | Batch 1150/1186 | Loss 2.98210 (NLL 4.30984 [logdet 1.49862, mahal 0.97334], L1 1.81048, Spectral 0.25258, Gradient 0.41397, Quantile 0.84728) | LR 1.00e-04
2026-06-26 13:07:16,104 INFO Epoch 19 | Val Loss 2.96512 (NLL 4.30020 [logdet 1.46605, mahal 0.99627], L1 1.78278, Spectral 0.25384, Gradient 0.41655, Quantile 0.90946)
2026-06-26 13:07:19,188 INFO Epoch 20 | Batch 50/1186 | Loss 2.96227 (NLL 4.23820 [logdet 1.47556, mahal 0.92476], L1 1.77619, Spectral 0.25713, Gradient 0.42176, Quantile 0.83463) | LR 1.00e-04
2026-06-26 13:07:22,187 INFO Epoch 20 | Batch 100/1186 | Loss 3.03588 (NLL 4.28691 [logdet 1.43888, mahal 1.01016], L1 1.84176, Spectral 0.25894, Gradient 0.42281, Quantile 0.85294) | LR 1.00e-04
2026-06-26 13:07:25,186 INFO Epoch 20 | Batch 150/1186 | Loss 3.01215 (NLL 4.32810 [logdet 1.47607, mahal 1.01415], L1 1.83270, Spectral 0.25453, Gradient 0.41730, Quantile 0.84391) | LR 1.00e-04
2026-06-26 13:07:28,185 INFO Epoch 20 | Batch 200/1186 | Loss 3.01590 (NLL 4.33778 [logdet 1.50137, mahal 0.99853], L1 1.83959, Spectral 0.25054, Gradient 0.42055, Quantile 0.86251) | LR 1.00e-04
2026-06-26 13:07:31,184 INFO Epoch 20 | Batch 250/1186 | Loss 3.10450 (NLL 4.39510 [logdet 1.50177, mahal 1.05545], L1 1.90413, Spectral 0.25871, Gradient 0.42384, Quantile 0.87972) | LR 1.00e-04
2026-06-26 13:07:34,187 INFO Epoch 20 | Batch 300/1186 | Loss 3.02334 (NLL 4.34275 [logdet 1.53324, mahal 0.97164], L1 1.83400, Spectral 0.25658, Gradient 0.42209, Quantile 0.84527) | LR 1.00e-04
2026-06-26 13:07:37,191 INFO Epoch 20 | Batch 350/1186 | Loss 2.95344 (NLL 4.27463 [logdet 1.45640, mahal 0.98036], L1 1.79173, Spectral 0.25029, Gradient 0.41146, Quantile 0.83203) | LR 1.00e-04
2026-06-26 13:07:40,202 INFO Epoch 20 | Batch 400/1186 | Loss 3.00252 (NLL 4.31806 [logdet 1.48554, mahal 0.99465], L1 1.81732, Spectral 0.25703, Gradient 0.41903, Quantile 0.83221) | LR 1.00e-04
2026-06-26 13:07:43,200 INFO Epoch 20 | Batch 450/1186 | Loss 3.03589 (NLL 4.34846 [logdet 1.49110, mahal 1.01948], L1 1.84562, Spectral 0.25731, Gradient 0.41891, Quantile 0.87276) | LR 1.00e-04
2026-06-26 13:07:46,199 INFO Epoch 20 | Batch 500/1186 | Loss 2.95159 (NLL 4.26757 [logdet 1.47515, mahal 0.95454], L1 1.77926, Spectral 0.25317, Gradient 0.41644, Quantile 0.82707) | LR 1.00e-04
2026-06-26 13:07:49,198 INFO Epoch 20 | Batch 550/1186 | Loss 3.00717 (NLL 4.36129 [logdet 1.53344, mahal 0.98997], L1 1.83221, Spectral 0.25183, Gradient 0.41720, Quantile 0.84796) | LR 1.00e-04
2026-06-26 13:07:52,197 INFO Epoch 20 | Batch 600/1186 | Loss 3.00976 (NLL 4.32112 [logdet 1.51837, mahal 0.96486], L1 1.83523, Spectral 0.25301, Gradient 0.41544, Quantile 0.84888) | LR 1.00e-04
2026-06-26 13:07:55,196 INFO Epoch 20 | Batch 650/1186 | Loss 3.06780 (NLL 4.37761 [logdet 1.47575, mahal 1.06398], L1 1.88127, Spectral 0.25461, Gradient 0.41812, Quantile 0.89426) | LR 1.00e-04
2026-06-26 13:07:58,196 INFO Epoch 20 | Batch 700/1186 | Loss 3.03811 (NLL 4.35981 [logdet 1.53299, mahal 0.98894], L1 1.85171, Spectral 0.25711, Gradient 0.41619, Quantile 0.86235) | LR 1.00e-04
2026-06-26 13:08:01,203 INFO Epoch 20 | Batch 750/1186 | Loss 3.01530 (NLL 4.33013 [logdet 1.46159, mahal 1.03067], L1 1.85211, Spectral 0.25055, Gradient 0.40807, Quantile 0.86264) | LR 1.00e-04
2026-06-26 13:08:04,214 INFO Epoch 20 | Batch 800/1186 | Loss 3.05394 (NLL 4.35125 [logdet 1.53284, mahal 0.98053], L1 1.86221, Spectral 0.25673, Gradient 0.42290, Quantile 0.85616) | LR 1.00e-04
2026-06-26 13:08:07,213 INFO Epoch 20 | Batch 850/1186 | Loss 2.99373 (NLL 4.33357 [logdet 1.49910, mahal 0.99659], L1 1.82270, Spectral 0.25127, Gradient 0.41459, Quantile 0.85646) | LR 1.00e-04
2026-06-26 13:08:10,212 INFO Epoch 20 | Batch 900/1186 | Loss 3.03835 (NLL 4.34735 [logdet 1.51004, mahal 0.99943], L1 1.84804, Spectral 0.25674, Gradient 0.42260, Quantile 0.84493) | LR 1.00e-04
2026-06-26 13:08:13,211 INFO Epoch 20 | Batch 950/1186 | Loss 3.07055 (NLL 4.35176 [logdet 1.51905, mahal 0.99484], L1 1.87906, Spectral 0.25552, Gradient 0.42156, Quantile 0.89681) | LR 1.00e-04
2026-06-26 13:08:16,210 INFO Epoch 20 | Batch 1000/1186 | Loss 2.98016 (NLL 4.29516 [logdet 1.44546, mahal 1.01182], L1 1.81232, Spectral 0.25119, Gradient 0.41407, Quantile 0.84199) | LR 1.00e-04
2026-06-26 13:08:19,222 INFO Epoch 20 | Batch 1050/1186 | Loss 2.98146 (NLL 4.32280 [logdet 1.48910, mahal 0.99583], L1 1.80485, Spectral 0.25373, Gradient 0.41776, Quantile 0.82803) | LR 1.00e-04
2026-06-26 13:08:22,230 INFO Epoch 20 | Batch 1100/1186 | Loss 3.01267 (NLL 4.30034 [logdet 1.45177, mahal 1.01070], L1 1.83217, Spectral 0.25576, Gradient 0.41688, Quantile 0.84054) | LR 1.00e-04
2026-06-26 13:08:25,241 INFO Epoch 20 | Batch 1150/1186 | Loss 3.03875 (NLL 4.33014 [logdet 1.44886, mahal 1.04340], L1 1.84437, Spectral 0.25734, Gradient 0.42410, Quantile 0.86418) | LR 1.00e-04
2026-06-26 13:08:32,362 INFO Epoch 20 | Val Loss 2.95903 (NLL 4.29415 [logdet 1.45747, mahal 0.99880], L1 1.78131, Spectral 0.25372, Gradient 0.41682, Quantile 0.86043)
2026-06-26 13:08:35,444 INFO Epoch 21 | Batch 50/1186 | Loss 3.07427 (NLL 4.35253 [logdet 1.50460, mahal 1.01005], L1 1.87472, Spectral 0.26017, Gradient 0.42134, Quantile 0.87916) | LR 1.00e-04
2026-06-26 13:08:38,459 INFO Epoch 21 | Batch 100/1186 | Loss 2.96956 (NLL 4.31913 [logdet 1.44785, mahal 1.03340], L1 1.80035, Spectral 0.25197, Gradient 0.41451, Quantile 0.82565) | LR 1.00e-04
2026-06-26 13:08:41,462 INFO Epoch 21 | Batch 150/1186 | Loss 2.98092 (NLL 4.33086 [logdet 1.54483, mahal 0.94816], L1 1.82598, Spectral 0.24661, Gradient 0.41125, Quantile 0.82753) | LR 1.00e-04
2026-06-26 13:08:44,455 INFO Epoch 21 | Batch 200/1186 | Loss 3.12923 (NLL 4.41025 [logdet 1.52670, mahal 1.04567], L1 1.91915, Spectral 0.26040, Gradient 0.42835, Quantile 0.89065) | LR 1.00e-04
2026-06-26 13:08:47,436 INFO Epoch 21 | Batch 250/1186 | Loss 3.00084 (NLL 4.30330 [logdet 1.53952, mahal 0.92590], L1 1.80853, Spectral 0.25805, Gradient 0.42296, Quantile 0.84665) | LR 1.00e-04
2026-06-26 13:08:50,437 INFO Epoch 21 | Batch 300/1186 | Loss 3.01517 (NLL 4.34505 [logdet 1.48267, mahal 1.02450], L1 1.82709, Spectral 0.25483, Gradient 0.42348, Quantile 0.85578) | LR 1.00e-04
2026-06-26 13:08:53,436 INFO Epoch 21 | Batch 350/1186 | Loss 3.01455 (NLL 4.31310 [logdet 1.53243, mahal 0.94279], L1 1.82878, Spectral 0.25665, Gradient 0.41798, Quantile 0.86095) | LR 1.00e-04
2026-06-26 13:08:56,435 INFO Epoch 21 | Batch 400/1186 | Loss 3.01216 (NLL 4.36292 [logdet 1.46927, mahal 1.05577], L1 1.84209, Spectral 0.24979, Gradient 0.41485, Quantile 0.86793) | LR 1.00e-04
2026-06-26 13:08:59,435 INFO Epoch 21 | Batch 450/1186 | Loss 3.00632 (NLL 4.30700 [logdet 1.47761, mahal 0.99151], L1 1.85784, Spectral 0.24608, Gradient 0.40255, Quantile 0.87566) | LR 1.00e-04
2026-06-26 13:09:02,433 INFO Epoch 21 | Batch 500/1186 | Loss 3.09550 (NLL 4.40885 [logdet 1.54445, mahal 1.02652], L1 1.90216, Spectral 0.25542, Gradient 0.42369, Quantile 0.87649) | LR 1.00e-04
2026-06-26 13:09:05,433 INFO Epoch 21 | Batch 550/1186 | Loss 3.10180 (NLL 4.40639 [logdet 1.55090, mahal 1.01762], L1 1.90842, Spectral 0.25588, Gradient 0.42231, Quantile 0.88273) | LR 1.00e-04
2026-06-26 13:09:08,432 INFO Epoch 21 | Batch 600/1186 | Loss 3.02336 (NLL 4.31202 [logdet 1.51365, mahal 0.96049], L1 1.81880, Spectral 0.26297, Gradient 0.42534, Quantile 0.83639) | LR 1.00e-04
2026-06-26 13:09:11,431 INFO Epoch 21 | Batch 650/1186 | Loss 2.99817 (NLL 4.30479 [logdet 1.46181, mahal 1.00511], L1 1.82335, Spectral 0.25307, Gradient 0.41649, Quantile 0.84393) | LR 1.00e-04
2026-06-26 13:09:14,429 INFO Epoch 21 | Batch 700/1186 | Loss 2.97046 (NLL 4.29557 [logdet 1.46991, mahal 0.98777], L1 1.80663, Spectral 0.24915, Gradient 0.41281, Quantile 0.85971) | LR 1.00e-04
2026-06-26 13:09:17,429 INFO Epoch 21 | Batch 750/1186 | Loss 3.07180 (NLL 4.37491 [logdet 1.53104, mahal 1.00599], L1 1.87105, Spectral 0.25868, Gradient 0.42575, Quantile 0.86961) | LR 1.00e-04
2026-06-26 13:09:20,428 INFO Epoch 21 | Batch 800/1186 | Loss 3.05393 (NLL 4.32850 [logdet 1.48496, mahal 1.00566], L1 1.85458, Spectral 0.25959, Gradient 0.42346, Quantile 0.87419) | LR 1.00e-04
2026-06-26 13:09:23,427 INFO Epoch 21 | Batch 850/1186 | Loss 2.93551 (NLL 4.27575 [logdet 1.45296, mahal 0.98491], L1 1.78443, Spectral 0.24714, Gradient 0.40816, Quantile 0.82606) | LR 1.00e-04
2026-06-26 13:09:26,425 INFO Epoch 21 | Batch 900/1186 | Loss 3.00289 (NLL 4.31882 [logdet 1.48417, mahal 0.99678], L1 1.83390, Spectral 0.25197, Gradient 0.41286, Quantile 0.84251) | LR 1.00e-04
2026-06-26 13:09:29,425 INFO Epoch 21 | Batch 950/1186 | Loss 2.99686 (NLL 4.27394 [logdet 1.48717, mahal 0.94889], L1 1.79020, Spectral 0.26308, Gradient 0.42632, Quantile 0.85813) | LR 1.00e-04
2026-06-26 13:09:32,424 INFO Epoch 21 | Batch 1000/1186 | Loss 2.97905 (NLL 4.29519 [logdet 1.44272, mahal 1.01459], L1 1.80958, Spectral 0.25164, Gradient 0.41499, Quantile 0.83891) | LR 1.00e-04
2026-06-26 13:09:35,424 INFO Epoch 21 | Batch 1050/1186 | Loss 3.02406 (NLL 4.30312 [logdet 1.47113, mahal 0.99411], L1 1.83148, Spectral 0.25863, Gradient 0.42435, Quantile 0.82033) | LR 1.00e-04
2026-06-26 13:09:38,422 INFO Epoch 21 | Batch 1100/1186 | Loss 3.04165 (NLL 4.32898 [logdet 1.48180, mahal 1.00930], L1 1.84611, Spectral 0.25819, Gradient 0.42375, Quantile 0.86132) | LR 1.00e-04
2026-06-26 13:09:41,421 INFO Epoch 21 | Batch 1150/1186 | Loss 2.96462 (NLL 4.30480 [logdet 1.48601, mahal 0.98091], L1 1.80441, Spectral 0.25068, Gradient 0.40923, Quantile 0.82189) | LR 1.00e-04
2026-06-26 13:09:48,531 INFO Epoch 21 | Val Loss 2.96985 (NLL 4.31251 [logdet 1.34487, mahal 1.12976], L1 1.78796, Spectral 0.25391, Gradient 0.41738, Quantile 0.88936)
2026-06-26 13:09:51,616 INFO Epoch 22 | Batch 50/1186 | Loss 3.08473 (NLL 4.40284 [logdet 1.49514, mahal 1.06983], L1 1.90251, Spectral 0.25232, Gradient 0.41947, Quantile 0.87676) | LR 1.00e-04
2026-06-26 13:09:54,624 INFO Epoch 22 | Batch 100/1186 | Loss 2.93251 (NLL 4.25214 [logdet 1.50342, mahal 0.91084], L1 1.76684, Spectral 0.25135, Gradient 0.41283, Quantile 0.84260) | LR 1.00e-04
2026-06-26 13:09:57,639 INFO Epoch 22 | Batch 150/1186 | Loss 3.07902 (NLL 4.36259 [logdet 1.48312, mahal 1.04160], L1 1.88778, Spectral 0.25611, Gradient 0.42492, Quantile 0.83865) | LR 1.00e-04
2026-06-26 13:10:00,652 INFO Epoch 22 | Batch 200/1186 | Loss 2.97017 (NLL 4.28276 [logdet 1.45851, mahal 0.98638], L1 1.78986, Spectral 0.25739, Gradient 0.41377, Quantile 0.84168) | LR 1.00e-04
2026-06-26 13:10:03,656 INFO Epoch 22 | Batch 250/1186 | Loss 2.98842 (NLL 4.28791 [logdet 1.42515, mahal 1.02488], L1 1.79559, Spectral 0.25843, Gradient 0.42449, Quantile 0.83119) | LR 1.00e-04
2026-06-26 13:10:06,656 INFO Epoch 22 | Batch 300/1186 | Loss 2.98357 (NLL 4.31534 [logdet 1.51497, mahal 0.96250], L1 1.81628, Spectral 0.25061, Gradient 0.41188, Quantile 0.86782) | LR 1.00e-04
2026-06-26 13:10:09,660 INFO Epoch 22 | Batch 350/1186 | Loss 3.07587 (NLL 4.41473 [logdet 1.53051, mahal 1.04634], L1 1.89250, Spectral 0.25324, Gradient 0.41725, Quantile 0.88931) | LR 1.00e-04
2026-06-26 13:10:12,668 INFO Epoch 22 | Batch 400/1186 | Loss 2.99671 (NLL 4.29875 [logdet 1.50340, mahal 0.95747], L1 1.81807, Spectral 0.25421, Gradient 0.41700, Quantile 0.85554) | LR 1.00e-04
2026-06-26 13:10:15,671 INFO Epoch 22 | Batch 450/1186 | Loss 3.02251 (NLL 4.34314 [logdet 1.45420, mahal 1.05106], L1 1.84201, Spectral 0.25245, Gradient 0.42171, Quantile 0.84903) | LR 1.00e-04
2026-06-26 13:10:18,669 INFO Epoch 22 | Batch 500/1186 | Loss 3.04873 (NLL 4.31000 [logdet 1.51943, mahal 0.95269], L1 1.84939, Spectral 0.26019, Gradient 0.42282, Quantile 0.87320) | LR 1.00e-04
2026-06-26 13:10:21,669 INFO Epoch 22 | Batch 550/1186 | Loss 3.05843 (NLL 4.34450 [logdet 1.48030, mahal 1.02632], L1 1.86126, Spectral 0.25995, Gradient 0.42150, Quantile 0.85880) | LR 1.00e-04
2026-06-26 13:10:24,668 INFO Epoch 22 | Batch 600/1186 | Loss 2.92348 (NLL 4.24489 [logdet 1.42788, mahal 0.97913], L1 1.75706, Spectral 0.25162, Gradient 0.41399, Quantile 0.83370) | LR 1.00e-04
2026-06-26 13:10:27,667 INFO Epoch 22 | Batch 650/1186 | Loss 3.00558 (NLL 4.33424 [logdet 1.45314, mahal 1.04322], L1 1.84448, Spectral 0.24860, Gradient 0.41176, Quantile 0.84193) | LR 1.00e-04
2026-06-26 13:10:30,666 INFO Epoch 22 | Batch 700/1186 | Loss 3.05417 (NLL 4.37502 [logdet 1.55780, mahal 0.97934], L1 1.86943, Spectral 0.25504, Gradient 0.41776, Quantile 0.86948) | LR 1.00e-04
2026-06-26 13:10:33,665 INFO Epoch 22 | Batch 750/1186 | Loss 2.97784 (NLL 4.29301 [logdet 1.45913, mahal 0.99600], L1 1.80614, Spectral 0.25163, Gradient 0.41550, Quantile 0.85836) | LR 1.00e-04
2026-06-26 13:10:36,664 INFO Epoch 22 | Batch 800/1186 | Loss 3.05008 (NLL 4.31605 [logdet 1.46650, mahal 1.01168], L1 1.86312, Spectral 0.25662, Gradient 0.41873, Quantile 0.86532) | LR 1.00e-04
2026-06-26 13:10:39,663 INFO Epoch 22 | Batch 850/1186 | Loss 3.03867 (NLL 4.37025 [logdet 1.51376, mahal 1.01861], L1 1.84961, Spectral 0.25665, Gradient 0.41969, Quantile 0.85881) | LR 1.00e-04
2026-06-26 13:10:42,662 INFO Epoch 22 | Batch 900/1186 | Loss 2.93564 (NLL 4.29105 [logdet 1.47743, mahal 0.97575], L1 1.79208, Spectral 0.24362, Gradient 0.40814, Quantile 0.82092) | LR 1.00e-04
2026-06-26 13:10:45,651 INFO Epoch 22 | Batch 950/1186 | Loss 3.00542 (NLL 4.29741 [logdet 1.46871, mahal 0.99082], L1 1.81449, Spectral 0.25711, Gradient 0.42186, Quantile 0.86782) | LR 1.00e-04
2026-06-26 13:10:48,634 INFO Epoch 22 | Batch 1000/1186 | Loss 2.97654 (NLL 4.32875 [logdet 1.45707, mahal 1.03380], L1 1.81442, Spectral 0.24915, Gradient 0.41261, Quantile 0.83220) | LR 1.00e-04
2026-06-26 13:10:51,615 INFO Epoch 22 | Batch 1050/1186 | Loss 3.05417 (NLL 4.36847 [logdet 1.53243, mahal 0.99816], L1 1.87143, Spectral 0.25364, Gradient 0.42099, Quantile 0.84562) | LR 1.00e-04
2026-06-26 13:10:54,595 INFO Epoch 22 | Batch 1100/1186 | Loss 2.98756 (NLL 4.30092 [logdet 1.48735, mahal 0.97569], L1 1.80650, Spectral 0.25669, Gradient 0.41363, Quantile 0.86190) | LR 1.00e-04
2026-06-26 13:10:57,577 INFO Epoch 22 | Batch 1150/1186 | Loss 3.07547 (NLL 4.35222 [logdet 1.47813, mahal 1.03621], L1 1.87574, Spectral 0.25957, Gradient 0.42489, Quantile 0.85466) | LR 1.00e-04
2026-06-26 13:11:04,642 INFO Epoch 22 | Val Loss 2.96268 (NLL 4.29940 [logdet 1.45089, mahal 1.01063], L1 1.78280, Spectral 0.25372, Gradient 0.41692, Quantile 0.88130)
2026-06-26 13:11:07,721 INFO Epoch 23 | Batch 50/1186 | Loss 3.04204 (NLL 4.33034 [logdet 1.49166, mahal 1.00080], L1 1.84183, Spectral 0.25873, Gradient 0.42831, Quantile 0.84781) | LR 1.00e-04
2026-06-26 13:11:10,727 INFO Epoch 23 | Batch 100/1186 | Loss 3.03510 (NLL 4.32986 [logdet 1.51608, mahal 0.97590], L1 1.84551, Spectral 0.25864, Gradient 0.41907, Quantile 0.83868) | LR 1.00e-04
2026-06-26 13:11:13,734 INFO Epoch 23 | Batch 150/1186 | Loss 3.03200 (NLL 4.35256 [logdet 1.51547, mahal 0.99921], L1 1.84562, Spectral 0.25512, Gradient 0.42116, Quantile 0.85416) | LR 1.00e-04
2026-06-26 13:11:16,745 INFO Epoch 23 | Batch 200/1186 | Loss 2.97871 (NLL 4.29551 [logdet 1.45482, mahal 1.00282], L1 1.80474, Spectral 0.25338, Gradient 0.41603, Quantile 0.83564) | LR 1.00e-04
2026-06-26 13:11:19,754 INFO Epoch 23 | Batch 250/1186 | Loss 3.00083 (NLL 4.31413 [logdet 1.47458, mahal 1.00167], L1 1.82297, Spectral 0.25354, Gradient 0.41731, Quantile 0.85411) | LR 1.00e-04
2026-06-26 13:11:22,763 INFO Epoch 23 | Batch 300/1186 | Loss 3.02542 (NLL 4.34745 [logdet 1.50377, mahal 1.00580], L1 1.83317, Spectral 0.25716, Gradient 0.42352, Quantile 0.84588) | LR 1.00e-04
2026-06-26 13:11:25,771 INFO Epoch 23 | Batch 350/1186 | Loss 2.97312 (NLL 4.28138 [logdet 1.46035, mahal 0.98315], L1 1.81865, Spectral 0.24809, Gradient 0.40572, Quantile 0.86715) | LR 1.00e-04
2026-06-26 13:11:28,778 INFO Epoch 23 | Batch 400/1186 | Loss 3.07783 (NLL 4.36745 [logdet 1.49103, mahal 1.03854], L1 1.87363, Spectral 0.26095, Gradient 0.42423, Quantile 0.87409) | LR 1.00e-04
2026-06-26 13:11:31,788 INFO Epoch 23 | Batch 450/1186 | Loss 3.06059 (NLL 4.34957 [logdet 1.51586, mahal 0.99584], L1 1.87609, Spectral 0.25508, Gradient 0.42049, Quantile 0.84315) | LR 1.00e-04
2026-06-26 13:11:34,792 INFO Epoch 23 | Batch 500/1186 | Loss 3.05129 (NLL 4.34453 [logdet 1.51985, mahal 0.98681], L1 1.85614, Spectral 0.25781, Gradient 0.42235, Quantile 0.87690) | LR 1.00e-04
2026-06-26 13:11:37,800 INFO Epoch 23 | Batch 550/1186 | Loss 3.01476 (NLL 4.32542 [logdet 1.49749, mahal 0.99005], L1 1.82895, Spectral 0.25528, Gradient 0.42169, Quantile 0.84720) | LR 1.00e-04
2026-06-26 13:11:40,810 INFO Epoch 23 | Batch 600/1186 | Loss 2.96742 (NLL 4.30329 [logdet 1.49092, mahal 0.97450], L1 1.80845, Spectral 0.24992, Gradient 0.40813, Quantile 0.83905) | LR 1.00e-04
2026-06-26 13:11:43,822 INFO Epoch 23 | Batch 650/1186 | Loss 3.04681 (NLL 4.35348 [logdet 1.52234, mahal 0.99326], L1 1.85200, Spectral 0.25876, Gradient 0.42232, Quantile 0.84839) | LR 1.00e-04
2026-06-26 13:11:46,825 INFO Epoch 23 | Batch 700/1186 | Loss 3.00000 (NLL 4.31098 [logdet 1.47044, mahal 1.00266], L1 1.81936, Spectral 0.25583, Gradient 0.41635, Quantile 0.84302) | LR 1.00e-04
2026-06-26 13:11:49,834 INFO Epoch 23 | Batch 750/1186 | Loss 2.99253 (NLL 4.28635 [logdet 1.42545, mahal 1.02302], L1 1.80117, Spectral 0.25839, Gradient 0.42320, Quantile 0.83092) | LR 1.00e-04
2026-06-26 13:11:52,843 INFO Epoch 23 | Batch 800/1186 | Loss 2.94097 (NLL 4.26436 [logdet 1.43664, mahal 0.98985], L1 1.78266, Spectral 0.24809, Gradient 0.41438, Quantile 0.81617) | LR 1.00e-04
2026-06-26 13:11:55,852 INFO Epoch 23 | Batch 850/1186 | Loss 3.00235 (NLL 4.34337 [logdet 1.53110, mahal 0.97440], L1 1.82217, Spectral 0.25305, Gradient 0.41867, Quantile 0.86583) | LR 1.00e-04
2026-06-26 13:11:58,863 INFO Epoch 23 | Batch 900/1186 | Loss 2.99045 (NLL 4.31902 [logdet 1.43337, mahal 1.04777], L1 1.82930, Spectral 0.24841, Gradient 0.41035, Quantile 0.86790) | LR 1.00e-04
2026-06-26 13:12:01,870 INFO Epoch 23 | Batch 950/1186 | Loss 3.08038 (NLL 4.35597 [logdet 1.53306, mahal 0.98503], L1 1.87490, Spectral 0.25984, Gradient 0.42907, Quantile 0.86251) | LR 1.00e-04
2026-06-26 13:12:04,878 INFO Epoch 23 | Batch 1000/1186 | Loss 3.00211 (NLL 4.31885 [logdet 1.51386, mahal 0.96711], L1 1.83266, Spectral 0.25272, Gradient 0.41088, Quantile 0.85248) | LR 1.00e-04
2026-06-26 13:12:07,889 INFO Epoch 23 | Batch 1050/1186 | Loss 2.98320 (NLL 4.31197 [logdet 1.44429, mahal 1.02981], L1 1.81379, Spectral 0.25118, Gradient 0.41374, Quantile 0.85761) | LR 1.00e-04
2026-06-26 13:12:10,896 INFO Epoch 23 | Batch 1100/1186 | Loss 2.99413 (NLL 4.33388 [logdet 1.52255, mahal 0.97345], L1 1.83122, Spectral 0.25064, Gradient 0.41061, Quantile 0.82723) | LR 1.00e-04
2026-06-26 13:12:13,898 INFO Epoch 23 | Batch 1150/1186 | Loss 3.01266 (NLL 4.33050 [logdet 1.50774, mahal 0.98489], L1 1.85059, Spectral 0.24808, Gradient 0.41181, Quantile 0.86523) | LR 1.00e-04
2026-06-26 13:12:21,006 INFO Epoch 23 | Val Loss 2.96154 (NLL 4.29873 [logdet 1.48694, mahal 0.97391], L1 1.78093, Spectral 0.25331, Gradient 0.41594, Quantile 0.91041)
2026-06-26 13:12:24,090 INFO Epoch 24 | Batch 50/1186 | Loss 3.01831 (NLL 4.35958 [logdet 1.47639, mahal 1.04531], L1 1.85415, Spectral 0.24903, Gradient 0.41243, Quantile 0.84941) | LR 1.00e-04
2026-06-26 13:12:27,096 INFO Epoch 24 | Batch 100/1186 | Loss 2.91799 (NLL 4.22735 [logdet 1.46101, mahal 0.92847], L1 1.74930, Spectral 0.25274, Gradient 0.41776, Quantile 0.79526) | LR 1.00e-04
2026-06-26 13:12:30,110 INFO Epoch 24 | Batch 150/1186 | Loss 2.97290 (NLL 4.29260 [logdet 1.45184, mahal 1.00288], L1 1.79018, Spectral 0.25608, Gradient 0.41809, Quantile 0.84623) | LR 1.00e-04
2026-06-26 13:12:33,114 INFO Epoch 24 | Batch 200/1186 | Loss 2.95927 (NLL 4.26565 [logdet 1.42767, mahal 1.00011], L1 1.79369, Spectral 0.25002, Gradient 0.41482, Quantile 0.84547) | LR 1.00e-04
2026-06-26 13:12:36,131 INFO Epoch 24 | Batch 250/1186 | Loss 3.03437 (NLL 4.35980 [logdet 1.52103, mahal 1.00089], L1 1.84104, Spectral 0.25939, Gradient 0.41946, Quantile 0.84806) | LR 1.00e-04
2026-06-26 13:12:39,148 INFO Epoch 24 | Batch 300/1186 | Loss 3.06421 (NLL 4.36970 [logdet 1.50753, mahal 1.02429], L1 1.85627, Spectral 0.26021, Gradient 0.43072, Quantile 0.85787) | LR 1.00e-04
2026-06-26 13:12:42,159 INFO Epoch 24 | Batch 350/1186 | Loss 3.00825 (NLL 4.32231 [logdet 1.49791, mahal 0.98652], L1 1.83015, Spectral 0.25400, Gradient 0.41620, Quantile 0.85601) | LR 1.00e-04
2026-06-26 13:12:45,173 INFO Epoch 24 | Batch 400/1186 | Loss 3.05935 (NLL 4.38965 [logdet 1.51669, mahal 1.03508], L1 1.87264, Spectral 0.25439, Gradient 0.42062, Quantile 0.86894) | LR 1.00e-04
2026-06-26 13:12:48,185 INFO Epoch 24 | Batch 450/1186 | Loss 2.94130 (NLL 4.25209 [logdet 1.42884, mahal 0.98537], L1 1.77257, Spectral 0.25480, Gradient 0.40981, Quantile 0.82992) | LR 1.00e-04
2026-06-26 13:12:51,199 INFO Epoch 24 | Batch 500/1186 | Loss 3.09933 (NLL 4.35607 [logdet 1.47650, mahal 1.04170], L1 1.88968, Spectral 0.26052, Gradient 0.43142, Quantile 0.86576) | LR 1.00e-04
2026-06-26 13:12:54,209 INFO Epoch 24 | Batch 550/1186 | Loss 3.01579 (NLL 4.32056 [logdet 1.52124, mahal 0.96144], L1 1.82780, Spectral 0.25612, Gradient 0.42263, Quantile 0.84242) | LR 1.00e-04
2026-06-26 13:12:57,221 INFO Epoch 24 | Batch 600/1186 | Loss 3.04347 (NLL 4.33579 [logdet 1.49611, mahal 1.00180], L1 1.86460, Spectral 0.25315, Gradient 0.41751, Quantile 0.86487) | LR 1.00e-04
2026-06-26 13:13:00,226 INFO Epoch 24 | Batch 650/1186 | Loss 3.13714 (NLL 4.40943 [logdet 1.50319, mahal 1.06837], L1 1.92289, Spectral 0.26173, Gradient 0.42827, Quantile 0.90645) | LR 1.00e-04
2026-06-26 13:13:03,237 INFO Epoch 24 | Batch 700/1186 | Loss 2.94786 (NLL 4.28533 [logdet 1.48438, mahal 0.96308], L1 1.78497, Spectral 0.25090, Gradient 0.41122, Quantile 0.82999) | LR 1.00e-04
2026-06-26 13:13:06,245 INFO Epoch 24 | Batch 750/1186 | Loss 3.02419 (NLL 4.30564 [logdet 1.47779, mahal 0.98998], L1 1.81834, Spectral 0.26467, Gradient 0.42255, Quantile 0.84462) | LR 1.00e-04
2026-06-26 13:13:09,257 INFO Epoch 24 | Batch 800/1186 | Loss 3.05187 (NLL 4.37335 [logdet 1.53803, mahal 0.99745], L1 1.86727, Spectral 0.25363, Gradient 0.41785, Quantile 0.90035) | LR 1.00e-04
2026-06-26 13:13:12,257 INFO Epoch 24 | Batch 850/1186 | Loss 2.98766 (NLL 4.31305 [logdet 1.46456, mahal 1.01061], L1 1.82866, Spectral 0.24703, Gradient 0.41336, Quantile 0.84406) | LR 1.00e-04
2026-06-26 13:13:15,267 INFO Epoch 24 | Batch 900/1186 | Loss 2.99768 (NLL 4.34545 [logdet 1.49494, mahal 1.01264], L1 1.84258, Spectral 0.24659, Gradient 0.40822, Quantile 0.85943) | LR 1.00e-04
2026-06-26 13:13:18,275 INFO Epoch 24 | Batch 950/1186 | Loss 2.95529 (NLL 4.27810 [logdet 1.46393, mahal 0.97630], L1 1.79615, Spectral 0.24980, Gradient 0.40980, Quantile 0.83292) | LR 1.00e-04
2026-06-26 13:13:21,279 INFO Epoch 24 | Batch 1000/1186 | Loss 3.00919 (NLL 4.30323 [logdet 1.47322, mahal 0.99214], L1 1.83622, Spectral 0.25107, Gradient 0.41946, Quantile 0.83692) | LR 1.00e-04
2026-06-26 13:13:24,289 INFO Epoch 24 | Batch 1050/1186 | Loss 2.98136 (NLL 4.30167 [logdet 1.44074, mahal 1.02306], L1 1.81431, Spectral 0.25192, Gradient 0.40863, Quantile 0.87600) | LR 1.00e-04
2026-06-26 13:13:27,293 INFO Epoch 24 | Batch 1100/1186 | Loss 2.98628 (NLL 4.30268 [logdet 1.46856, mahal 0.99624], L1 1.81848, Spectral 0.25036, Gradient 0.41527, Quantile 0.84478) | LR 1.00e-04
2026-06-26 13:13:30,301 INFO Epoch 24 | Batch 1150/1186 | Loss 3.04907 (NLL 4.35051 [logdet 1.51113, mahal 1.00149], L1 1.87023, Spectral 0.25282, Gradient 0.41801, Quantile 0.86161) | LR 1.00e-04
2026-06-26 13:13:37,357 INFO Epoch 24 | Val Loss 2.96284 (NLL 4.28985 [logdet 1.46035, mahal 0.99163], L1 1.78541, Spectral 0.25290, Gradient 0.41574, Quantile 0.89009)
2026-06-26 13:13:40,428 INFO Epoch 25 | Batch 50/1186 | Loss 3.09342 (NLL 4.38005 [logdet 1.52950, mahal 1.01268], L1 1.89548, Spectral 0.25806, Gradient 0.42216, Quantile 0.89217) | LR 1.00e-04
2026-06-26 13:13:43,436 INFO Epoch 25 | Batch 100/1186 | Loss 3.03408 (NLL 4.33097 [logdet 1.50961, mahal 0.98349], L1 1.84645, Spectral 0.25689, Gradient 0.42057, Quantile 0.84064) | LR 1.00e-04
2026-06-26 13:13:46,446 INFO Epoch 25 | Batch 150/1186 | Loss 3.03453 (NLL 4.34127 [logdet 1.46705, mahal 1.03634], L1 1.84521, Spectral 0.25606, Gradient 0.42096, Quantile 0.87040) | LR 1.00e-04
2026-06-26 13:13:49,443 INFO Epoch 25 | Batch 200/1186 | Loss 3.02471 (NLL 4.33621 [logdet 1.47970, mahal 1.01863], L1 1.85071, Spectral 0.25200, Gradient 0.41617, Quantile 0.85331) | LR 1.00e-04
2026-06-26 13:13:52,443 INFO Epoch 25 | Batch 250/1186 | Loss 2.99753 (NLL 4.30935 [logdet 1.51109, mahal 0.96039], L1 1.80909, Spectral 0.25812, Gradient 0.41969, Quantile 0.83778) | LR 1.00e-04
2026-06-26 13:13:55,442 INFO Epoch 25 | Batch 300/1186 | Loss 2.97427 (NLL 4.29177 [logdet 1.44819, mahal 1.00570], L1 1.80074, Spectral 0.25245, Gradient 0.41931, Quantile 0.81648) | LR 1.00e-04
2026-06-26 13:13:58,441 INFO Epoch 25 | Batch 350/1186 | Loss 3.03617 (NLL 4.33952 [logdet 1.47361, mahal 1.02803], L1 1.85932, Spectral 0.25183, Gradient 0.41860, Quantile 0.85966) | LR 1.00e-04
2026-06-26 13:14:01,440 INFO Epoch 25 | Batch 400/1186 | Loss 3.03892 (NLL 4.33385 [logdet 1.53341, mahal 0.96256], L1 1.83467, Spectral 0.26131, Gradient 0.42383, Quantile 0.88185) | LR 1.00e-04
2026-06-26 13:14:04,439 INFO Epoch 25 | Batch 450/1186 | Loss 3.04432 (NLL 4.32743 [logdet 1.47421, mahal 1.01534], L1 1.85307, Spectral 0.25727, Gradient 0.42144, Quantile 0.86252) | LR 1.00e-04
2026-06-26 13:14:07,438 INFO Epoch 25 | Batch 500/1186 | Loss 2.95748 (NLL 4.30435 [logdet 1.47819, mahal 0.98829], L1 1.79738, Spectral 0.25018, Gradient 0.40862, Quantile 0.83947) | LR 1.00e-04
2026-06-26 13:14:10,438 INFO Epoch 25 | Batch 550/1186 | Loss 2.95755 (NLL 4.30490 [logdet 1.41848, mahal 1.04854], L1 1.80171, Spectral 0.24854, Gradient 0.41051, Quantile 0.80937) | LR 1.00e-04
2026-06-26 13:14:13,437 INFO Epoch 25 | Batch 600/1186 | Loss 2.98864 (NLL 4.28498 [logdet 1.48340, mahal 0.96370], L1 1.80744, Spectral 0.25440, Gradient 0.41885, Quantile 0.86277) | LR 1.00e-04
2026-06-26 13:14:16,436 INFO Epoch 25 | Batch 650/1186 | Loss 3.02544 (NLL 4.30729 [logdet 1.47063, mahal 0.99879], L1 1.84488, Spectral 0.25481, Gradient 0.41585, Quantile 0.87299) | LR 1.00e-04
2026-06-26 13:14:19,435 INFO Epoch 25 | Batch 700/1186 | Loss 2.97658 (NLL 4.29338 [logdet 1.43300, mahal 1.02250], L1 1.81073, Spectral 0.25092, Gradient 0.41201, Quantile 0.85037) | LR 1.00e-04
2026-06-26 13:14:22,434 INFO Epoch 25 | Batch 750/1186 | Loss 3.00536 (NLL 4.30528 [logdet 1.44993, mahal 1.01747], L1 1.82487, Spectral 0.25402, Gradient 0.42067, Quantile 0.83617) | LR 1.00e-04
2026-06-26 13:14:25,433 INFO Epoch 25 | Batch 800/1186 | Loss 2.99123 (NLL 4.29153 [logdet 1.48276, mahal 0.97089], L1 1.80058, Spectral 0.25702, Gradient 0.42448, Quantile 0.83904) | LR 1.00e-04
2026-06-26 13:14:28,432 INFO Epoch 25 | Batch 850/1186 | Loss 2.98027 (NLL 4.33239 [logdet 1.49041, mahal 1.00411], L1 1.82903, Spectral 0.24555, Gradient 0.40809, Quantile 0.84703) | LR 1.00e-04
2026-06-26 13:14:31,431 INFO Epoch 25 | Batch 900/1186 | Loss 3.00691 (NLL 4.32378 [logdet 1.47586, mahal 1.01005], L1 1.82206, Spectral 0.25686, Gradient 0.41782, Quantile 0.84436) | LR 1.00e-04
2026-06-26 13:14:34,430 INFO Epoch 25 | Batch 950/1186 | Loss 3.04431 (NLL 4.36261 [logdet 1.51242, mahal 1.01232], L1 1.87378, Spectral 0.25033, Gradient 0.41421, Quantile 0.86788) | LR 1.00e-04
2026-06-26 13:14:37,429 INFO Epoch 25 | Batch 1000/1186 | Loss 2.99220 (NLL 4.31099 [logdet 1.49410, mahal 0.97901], L1 1.81767, Spectral 0.25344, Gradient 0.41613, Quantile 0.83416) | LR 1.00e-04
2026-06-26 13:14:40,429 INFO Epoch 25 | Batch 1050/1186 | Loss 3.01775 (NLL 4.33141 [logdet 1.44404, mahal 1.04949], L1 1.81994, Spectral 0.25945, Gradient 0.42479, Quantile 0.84433) | LR 1.00e-04
2026-06-26 13:14:43,427 INFO Epoch 25 | Batch 1100/1186 | Loss 3.01833 (NLL 4.32652 [logdet 1.51539, mahal 0.97325], L1 1.84870, Spectral 0.25180, Gradient 0.41458, Quantile 0.83128) | LR 1.00e-04
2026-06-26 13:14:46,426 INFO Epoch 25 | Batch 1150/1186 | Loss 3.00474 (NLL 4.31465 [logdet 1.49356, mahal 0.98321], L1 1.83774, Spectral 0.24883, Gradient 0.41491, Quantile 0.87174) | LR 1.00e-04
2026-06-26 13:14:53,513 INFO Epoch 25 | Val Loss 2.96841 (NLL 4.29532 [logdet 1.50339, mahal 0.95405], L1 1.78577, Spectral 0.25330, Gradient 0.41613, Quantile 0.93175)
2026-06-26 13:14:56,584 INFO Epoch 26 | Batch 50/1186 | Loss 2.98434 (NLL 4.29916 [logdet 1.43705, mahal 1.02424], L1 1.81019, Spectral 0.25458, Gradient 0.41385, Quantile 0.83313) | LR 1.00e-04
2026-06-26 13:14:59,584 INFO Epoch 26 | Batch 100/1186 | Loss 2.92962 (NLL 4.22922 [logdet 1.38776, mahal 1.00358], L1 1.76268, Spectral 0.25290, Gradient 0.41345, Quantile 0.82066) | LR 1.00e-04
2026-06-26 13:15:02,592 INFO Epoch 26 | Batch 150/1186 | Loss 2.99468 (NLL 4.32455 [logdet 1.44763, mahal 1.03905], L1 1.81649, Spectral 0.25414, Gradient 0.41811, Quantile 0.83110) | LR 1.00e-04
2026-06-26 13:15:05,598 INFO Epoch 26 | Batch 200/1186 | Loss 3.06126 (NLL 4.38932 [logdet 1.51716, mahal 1.03428], L1 1.87062, Spectral 0.25728, Gradient 0.41829, Quantile 0.87119) | LR 1.00e-04
2026-06-26 13:15:08,594 INFO Epoch 26 | Batch 250/1186 | Loss 2.94833 (NLL 4.29020 [logdet 1.46212, mahal 0.99020], L1 1.79554, Spectral 0.24647, Gradient 0.40882, Quantile 0.84814) | LR 1.00e-04
2026-06-26 13:15:11,588 INFO Epoch 26 | Batch 300/1186 | Loss 3.01010 (NLL 4.32886 [logdet 1.47506, mahal 1.01592], L1 1.82926, Spectral 0.25343, Gradient 0.42051, Quantile 0.84793) | LR 1.00e-04
2026-06-26 13:15:14,579 INFO Epoch 26 | Batch 350/1186 | Loss 3.02046 (NLL 4.32305 [logdet 1.50577, mahal 0.97940], L1 1.84278, Spectral 0.25319, Gradient 0.41568, Quantile 0.87578) | LR 1.00e-04
2026-06-26 13:15:17,571 INFO Epoch 26 | Batch 400/1186 | Loss 2.92329 (NLL 4.25246 [logdet 1.44623, mahal 0.96835], L1 1.75920, Spectral 0.25062, Gradient 0.41526, Quantile 0.81444) | LR 1.00e-04
2026-06-26 13:15:20,566 INFO Epoch 26 | Batch 450/1186 | Loss 3.05510 (NLL 4.32645 [logdet 1.46553, mahal 1.02305], L1 1.85197, Spectral 0.25919, Gradient 0.42833, Quantile 0.87009) | LR 1.00e-04
2026-06-26 13:15:23,555 INFO Epoch 26 | Batch 500/1186 | Loss 3.01319 (NLL 4.31585 [logdet 1.48184, mahal 0.99613], L1 1.83949, Spectral 0.25241, Gradient 0.41575, Quantile 0.85196) | LR 1.00e-04
2026-06-26 13:15:26,550 INFO Epoch 26 | Batch 550/1186 | Loss 3.10538 (NLL 4.36646 [logdet 1.52921, mahal 0.99937], L1 1.89084, Spectral 0.26326, Gradient 0.42866, Quantile 0.88369) | LR 1.00e-04
2026-06-26 13:15:29,543 INFO Epoch 26 | Batch 600/1186 | Loss 3.15166 (NLL 4.41748 [logdet 1.54672, mahal 1.03288], L1 1.93225, Spectral 0.26245, Gradient 0.42955, Quantile 0.92931) | LR 1.00e-04
2026-06-26 13:15:32,531 INFO Epoch 26 | Batch 650/1186 | Loss 2.96092 (NLL 4.29123 [logdet 1.48020, mahal 0.97316], L1 1.79057, Spectral 0.25363, Gradient 0.41383, Quantile 0.81662) | LR 1.00e-04
2026-06-26 13:15:35,526 INFO Epoch 26 | Batch 700/1186 | Loss 3.02589 (NLL 4.31535 [logdet 1.44357, mahal 1.03390], L1 1.82925, Spectral 0.25790, Gradient 0.42786, Quantile 0.83795) | LR 1.00e-04
2026-06-26 13:15:38,520 INFO Epoch 26 | Batch 750/1186 | Loss 2.96935 (NLL 4.31446 [logdet 1.50135, mahal 0.97523], L1 1.79786, Spectral 0.25181, Gradient 0.41501, Quantile 0.85056) | LR 1.00e-04
2026-06-26 13:15:41,507 INFO Epoch 26 | Batch 800/1186 | Loss 3.03668 (NLL 4.34236 [logdet 1.46044, mahal 1.04404], L1 1.85228, Spectral 0.25537, Gradient 0.41714, Quantile 0.87595) | LR 1.00e-04
2026-06-26 13:15:44,505 INFO Epoch 26 | Batch 850/1186 | Loss 2.96210 (NLL 4.25939 [logdet 1.49548, mahal 0.92603], L1 1.78949, Spectral 0.25339, Gradient 0.41562, Quantile 0.83702) | LR 1.00e-04
2026-06-26 13:15:47,504 INFO Epoch 26 | Batch 900/1186 | Loss 3.05084 (NLL 4.37619 [logdet 1.46359, mahal 1.07472], L1 1.86988, Spectral 0.25377, Gradient 0.41740, Quantile 0.86127) | LR 1.00e-04
2026-06-26 13:15:50,500 INFO Epoch 26 | Batch 950/1186 | Loss 3.03076 (NLL 4.34810 [logdet 1.49812, mahal 1.01210], L1 1.86933, Spectral 0.24703, Gradient 0.41273, Quantile 0.86644) | LR 1.00e-04
2026-06-26 13:15:53,498 INFO Epoch 26 | Batch 1000/1186 | Loss 3.05160 (NLL 4.35381 [logdet 1.50155, mahal 1.01438], L1 1.86513, Spectral 0.25602, Gradient 0.41913, Quantile 0.85688) | LR 1.00e-04
2026-06-26 13:15:56,491 INFO Epoch 26 | Batch 1050/1186 | Loss 2.98736 (NLL 4.31026 [logdet 1.52242, mahal 0.94996], L1 1.81822, Spectral 0.25162, Gradient 0.41388, Quantile 0.84327) | LR 1.00e-04
2026-06-26 13:15:59,481 INFO Epoch 26 | Batch 1100/1186 | Loss 3.01916 (NLL 4.32190 [logdet 1.45551, mahal 1.02852], L1 1.85091, Spectral 0.25156, Gradient 0.41196, Quantile 0.85290) | LR 1.00e-04
2026-06-26 13:16:02,477 INFO Epoch 26 | Batch 1150/1186 | Loss 2.93587 (NLL 4.27193 [logdet 1.48975, mahal 0.94431], L1 1.78415, Spectral 0.24629, Gradient 0.41096, Quantile 0.82229) | LR 1.00e-04
2026-06-26 13:16:09,578 INFO Epoch 26 | Val Loss 2.95991 (NLL 4.29964 [logdet 1.43913, mahal 1.02263], L1 1.78247, Spectral 0.25274, Gradient 0.41538, Quantile 0.89477)
2026-06-26 13:16:12,659 INFO Epoch 27 | Batch 50/1186 | Loss 2.96326 (NLL 4.28114 [logdet 1.45659, mahal 0.98667], L1 1.79410, Spectral 0.25163, Gradient 0.41578, Quantile 0.83119) | LR 1.00e-04
2026-06-26 13:16:15,658 INFO Epoch 27 | Batch 100/1186 | Loss 3.06577 (NLL 4.35777 [logdet 1.49092, mahal 1.02897], L1 1.86738, Spectral 0.26003, Gradient 0.42190, Quantile 0.86152) | LR 1.00e-04
2026-06-26 13:16:18,656 INFO Epoch 27 | Batch 150/1186 | Loss 3.02299 (NLL 4.33038 [logdet 1.47910, mahal 1.01341], L1 1.85699, Spectral 0.24794, Gradient 0.41730, Quantile 0.84921) | LR 1.00e-04
2026-06-26 13:16:21,655 INFO Epoch 27 | Batch 200/1186 | Loss 3.02001 (NLL 4.34097 [logdet 1.49556, mahal 1.00753], L1 1.83792, Spectral 0.25442, Gradient 0.41719, Quantile 0.87246) | LR 1.00e-04
2026-06-26 13:16:24,655 INFO Epoch 27 | Batch 250/1186 | Loss 2.94554 (NLL 4.26211 [logdet 1.46482, mahal 0.95941], L1 1.77479, Spectral 0.25311, Gradient 0.41560, Quantile 0.82255) | LR 1.00e-04
2026-06-26 13:16:27,654 INFO Epoch 27 | Batch 300/1186 | Loss 3.04798 (NLL 4.31368 [logdet 1.42609, mahal 1.04971], L1 1.83970, Spectral 0.26452, Gradient 0.42308, Quantile 0.86621) | LR 1.00e-04
2026-06-26 13:16:30,653 INFO Epoch 27 | Batch 350/1186 | Loss 2.98099 (NLL 4.27522 [logdet 1.48079, mahal 0.95655], L1 1.80659, Spectral 0.25205, Gradient 0.41904, Quantile 0.84373) | LR 1.00e-04
2026-06-26 13:16:33,652 INFO Epoch 27 | Batch 400/1186 | Loss 2.96831 (NLL 4.30760 [logdet 1.43453, mahal 1.03519], L1 1.80001, Spectral 0.25178, Gradient 0.41274, Quantile 0.84427) | LR 1.00e-04
2026-06-26 13:16:36,651 INFO Epoch 27 | Batch 450/1186 | Loss 2.98065 (NLL 4.32371 [logdet 1.52503, mahal 0.96081], L1 1.81472, Spectral 0.25056, Gradient 0.41250, Quantile 0.84415) | LR 1.00e-04
2026-06-26 13:16:39,650 INFO Epoch 27 | Batch 500/1186 | Loss 3.05143 (NLL 4.33550 [logdet 1.49921, mahal 0.99841], L1 1.85393, Spectral 0.25893, Gradient 0.42530, Quantile 0.84582) | LR 1.00e-04
2026-06-26 13:16:42,649 INFO Epoch 27 | Batch 550/1186 | Loss 2.95801 (NLL 4.26638 [logdet 1.44145, mahal 0.98706], L1 1.79424, Spectral 0.25055, Gradient 0.41394, Quantile 0.82300) | LR 1.00e-04
2026-06-26 13:16:45,648 INFO Epoch 27 | Batch 600/1186 | Loss 2.96492 (NLL 4.30262 [logdet 1.50157, mahal 0.96318], L1 1.79970, Spectral 0.25071, Gradient 0.41220, Quantile 0.84318) | LR 1.00e-04
2026-06-26 13:16:48,647 INFO Epoch 27 | Batch 650/1186 | Loss 3.04675 (NLL 4.33738 [logdet 1.49464, mahal 1.00486], L1 1.85776, Spectral 0.25726, Gradient 0.42019, Quantile 0.84911) | LR 1.00e-04
2026-06-26 13:16:51,646 INFO Epoch 27 | Batch 700/1186 | Loss 3.04346 (NLL 4.37104 [logdet 1.51021, mahal 1.02296], L1 1.87169, Spectral 0.25059, Gradient 0.41543, Quantile 0.85872) | LR 1.00e-04
2026-06-26 13:16:54,645 INFO Epoch 27 | Batch 750/1186 | Loss 2.98855 (NLL 4.29872 [logdet 1.51070, mahal 0.95014], L1 1.82846, Spectral 0.24769, Gradient 0.41287, Quantile 0.85096) | LR 1.00e-04
2026-06-26 13:16:57,644 INFO Epoch 27 | Batch 800/1186 | Loss 2.97115 (NLL 4.29838 [logdet 1.44640, mahal 1.01410], L1 1.80332, Spectral 0.25220, Gradient 0.41034, Quantile 0.85963) | LR 1.00e-04
2026-06-26 13:17:00,642 INFO Epoch 27 | Batch 850/1186 | Loss 2.99594 (NLL 4.29134 [logdet 1.46485, mahal 0.98860], L1 1.81963, Spectral 0.25296, Gradient 0.41819, Quantile 0.84777) | LR 1.00e-04
2026-06-26 13:17:03,643 INFO Epoch 27 | Batch 900/1186 | Loss 3.12546 (NLL 4.40471 [logdet 1.49931, mahal 1.06753], L1 1.91020, Spectral 0.26236, Gradient 0.42938, Quantile 0.89168) | LR 1.00e-04
2026-06-26 13:17:06,641 INFO Epoch 27 | Batch 950/1186 | Loss 3.02670 (NLL 4.34805 [logdet 1.54444, mahal 0.96573], L1 1.85928, Spectral 0.24951, Gradient 0.41473, Quantile 0.85170) | LR 1.00e-04
2026-06-26 13:17:09,640 INFO Epoch 27 | Batch 1000/1186 | Loss 3.02473 (NLL 4.33974 [logdet 1.50937, mahal 0.99249], L1 1.83320, Spectral 0.25772, Gradient 0.42010, Quantile 0.86632) | LR 1.00e-04
2026-06-26 13:17:12,640 INFO Epoch 27 | Batch 1050/1186 | Loss 3.05985 (NLL 4.35474 [logdet 1.52147, mahal 0.99539], L1 1.87760, Spectral 0.25418, Gradient 0.42075, Quantile 0.83471) | LR 1.00e-04
2026-06-26 13:17:15,638 INFO Epoch 27 | Batch 1100/1186 | Loss 3.02555 (NLL 4.35298 [logdet 1.47609, mahal 1.03901], L1 1.83832, Spectral 0.25417, Gradient 0.42227, Quantile 0.87317) | LR 1.00e-04
2026-06-26 13:17:18,639 INFO Epoch 27 | Batch 1150/1186 | Loss 2.99920 (NLL 4.27816 [logdet 1.46109, mahal 0.97919], L1 1.81674, Spectral 0.25737, Gradient 0.41562, Quantile 0.84609) | LR 1.00e-04
2026-06-26 13:17:25,741 INFO Epoch 27 | Val Loss 2.96095 (NLL 4.29237 [logdet 1.38425, mahal 1.07024], L1 1.78371, Spectral 0.25308, Gradient 0.41619, Quantile 0.87779)
2026-06-26 13:17:28,816 INFO Epoch 28 | Batch 50/1186 | Loss 2.97640 (NLL 4.32240 [logdet 1.43218, mahal 1.05235], L1 1.80760, Spectral 0.25014, Gradient 0.41533, Quantile 0.85382) | LR 1.00e-04
2026-06-26 13:17:31,815 INFO Epoch 28 | Batch 100/1186 | Loss 3.01571 (NLL 4.32459 [logdet 1.48665, mahal 1.00006], L1 1.84295, Spectral 0.25061, Gradient 0.42058, Quantile 0.82579) | LR 1.00e-04
2026-06-26 13:17:34,814 INFO Epoch 28 | Batch 150/1186 | Loss 3.01799 (NLL 4.33653 [logdet 1.49179, mahal 1.00686], L1 1.83812, Spectral 0.25414, Gradient 0.41522, Quantile 0.87863) | LR 1.00e-04
2026-06-26 13:17:37,811 INFO Epoch 28 | Batch 200/1186 | Loss 3.00718 (NLL 4.31812 [logdet 1.51620, mahal 0.96404], L1 1.83178, Spectral 0.25310, Gradient 0.41511, Quantile 0.86095) | LR 1.00e-04
2026-06-26 13:17:40,811 INFO Epoch 28 | Batch 250/1186 | Loss 2.99948 (NLL 4.30518 [logdet 1.43972, mahal 1.02758], L1 1.82481, Spectral 0.25338, Gradient 0.41630, Quantile 0.83726) | LR 1.00e-04
2026-06-26 13:17:43,811 INFO Epoch 28 | Batch 300/1186 | Loss 2.99206 (NLL 4.33277 [logdet 1.49398, mahal 1.00091], L1 1.81782, Spectral 0.25268, Gradient 0.41415, Quantile 0.86419) | LR 1.00e-04
2026-06-26 13:17:46,805 INFO Epoch 28 | Batch 350/1186 | Loss 2.98071 (NLL 4.30682 [logdet 1.44845, mahal 1.02049], L1 1.82404, Spectral 0.24665, Gradient 0.41402, Quantile 0.82182) | LR 1.00e-04
2026-06-26 13:17:49,797 INFO Epoch 28 | Batch 400/1186 | Loss 3.02015 (NLL 4.29666 [logdet 1.49705, mahal 0.96173], L1 1.83212, Spectral 0.25670, Gradient 0.41947, Quantile 0.87309) | LR 1.00e-04
2026-06-26 13:17:52,784 INFO Epoch 28 | Batch 450/1186 | Loss 2.95844 (NLL 4.27955 [logdet 1.42806, mahal 1.01361], L1 1.79677, Spectral 0.25187, Gradient 0.40971, Quantile 0.81285) | LR 1.00e-04
2026-06-26 13:17:55,780 INFO Epoch 28 | Batch 500/1186 | Loss 2.99496 (NLL 4.32437 [logdet 1.48716, mahal 0.99933], L1 1.82663, Spectral 0.25092, Gradient 0.41315, Quantile 0.85440) | LR 1.00e-04
2026-06-26 13:17:58,771 INFO Epoch 28 | Batch 550/1186 | Loss 2.94251 (NLL 4.28617 [logdet 1.43480, mahal 1.01349], L1 1.79707, Spectral 0.24454, Gradient 0.40712, Quantile 0.83318) | LR 1.00e-04
2026-06-26 13:18:01,757 INFO Epoch 28 | Batch 600/1186 | Loss 3.01237 (NLL 4.30051 [logdet 1.45625, mahal 1.00638], L1 1.81601, Spectral 0.25825, Gradient 0.42602, Quantile 0.85266) | LR 1.00e-04
2026-06-26 13:18:04,750 INFO Epoch 28 | Batch 650/1186 | Loss 3.04048 (NLL 4.30145 [logdet 1.47816, mahal 0.98541], L1 1.84441, Spectral 0.25970, Gradient 0.42259, Quantile 0.85434) | LR 1.00e-04
2026-06-26 13:18:07,738 INFO Epoch 28 | Batch 700/1186 | Loss 3.00972 (NLL 4.35056 [logdet 1.47432, mahal 1.03836], L1 1.83677, Spectral 0.25040, Gradient 0.41831, Quantile 0.85028) | LR 1.00e-04
2026-06-26 13:18:10,728 INFO Epoch 28 | Batch 750/1186 | Loss 3.02425 (NLL 4.30801 [logdet 1.46413, mahal 1.00601], L1 1.83570, Spectral 0.25660, Gradient 0.42068, Quantile 0.86356) | LR 1.00e-04
2026-06-26 13:18:13,717 INFO Epoch 28 | Batch 800/1186 | Loss 3.04122 (NLL 4.31923 [logdet 1.49881, mahal 0.98254], L1 1.85385, Spectral 0.25666, Gradient 0.41908, Quantile 0.86383) | LR 1.00e-04
2026-06-26 13:18:16,708 INFO Epoch 28 | Batch 850/1186 | Loss 3.02633 (NLL 4.36267 [logdet 1.49887, mahal 1.02592], L1 1.85341, Spectral 0.24944, Gradient 0.42026, Quantile 0.84598) | LR 1.00e-04
2026-06-26 13:18:19,690 INFO Epoch 28 | Batch 900/1186 | Loss 2.96010 (NLL 4.27340 [logdet 1.47758, mahal 0.95794], L1 1.79341, Spectral 0.25120, Gradient 0.41501, Quantile 0.82558) | LR 1.00e-04
2026-06-26 13:18:22,671 INFO Epoch 28 | Batch 950/1186 | Loss 3.00649 (NLL 4.32192 [logdet 1.45498, mahal 1.02906], L1 1.82090, Spectral 0.25679, Gradient 0.41798, Quantile 0.85292) | LR 1.00e-04
2026-06-26 13:18:25,651 INFO Epoch 28 | Batch 1000/1186 | Loss 2.98855 (NLL 4.29318 [logdet 1.47754, mahal 0.97776], L1 1.80221, Spectral 0.25653, Gradient 0.42207, Quantile 0.83006) | LR 1.00e-04
2026-06-26 13:18:28,631 INFO Epoch 28 | Batch 1050/1186 | Loss 3.05316 (NLL 4.32627 [logdet 1.45139, mahal 1.03700], L1 1.85775, Spectral 0.25860, Gradient 0.42115, Quantile 0.88097) | LR 1.00e-04
2026-06-26 13:18:31,612 INFO Epoch 28 | Batch 1100/1186 | Loss 3.03670 (NLL 4.33892 [logdet 1.51977, mahal 0.98127], L1 1.84492, Spectral 0.25948, Gradient 0.41706, Quantile 0.86291) | LR 1.00e-04
2026-06-26 13:18:34,591 INFO Epoch 28 | Batch 1150/1186 | Loss 3.01279 (NLL 4.32000 [logdet 1.49118, mahal 0.99094], L1 1.83749, Spectral 0.25312, Gradient 0.41555, Quantile 0.85376) | LR 1.00e-04
2026-06-26 13:18:41,674 INFO Epoch 28 | Val Loss 2.95247 (NLL 4.29104 [logdet 1.46205, mahal 0.99111], L1 1.77781, Spectral 0.25217, Gradient 0.41472, Quantile 0.88776)
2026-06-26 13:18:41,751 INFO New best val loss: 2.95247 (saved checkpoints/best.pth)
2026-06-26 13:18:44,716 INFO Epoch 29 | Batch 50/1186 | Loss 2.99962 (NLL 4.33744 [logdet 1.50842, mahal 0.99114], L1 1.83741, Spectral 0.24957, Gradient 0.40989, Quantile 0.85177) | LR 1.00e-04
2026-06-26 13:18:47,648 INFO Epoch 29 | Batch 100/1186 | Loss 3.06452 (NLL 4.33740 [logdet 1.52014, mahal 0.97938], L1 1.87157, Spectral 0.25757, Gradient 0.42133, Quantile 0.87250) | LR 1.00e-04
2026-06-26 13:18:50,583 INFO Epoch 29 | Batch 150/1186 | Loss 2.94860 (NLL 4.27455 [logdet 1.44490, mahal 0.99177], L1 1.78041, Spectral 0.25060, Gradient 0.41742, Quantile 0.82801) | LR 1.00e-04
2026-06-26 13:18:53,515 INFO Epoch 29 | Batch 200/1186 | Loss 3.13451 (NLL 4.41994 [logdet 1.49213, mahal 1.08994], L1 1.91703, Spectral 0.26200, Gradient 0.43445, Quantile 0.86195) | LR 1.00e-04
2026-06-26 13:18:56,448 INFO Epoch 29 | Batch 250/1186 | Loss 3.02576 (NLL 4.35794 [logdet 1.53735, mahal 0.98271], L1 1.84574, Spectral 0.25288, Gradient 0.41929, Quantile 0.85630) | LR 1.00e-04
2026-06-26 13:18:59,380 INFO Epoch 29 | Batch 300/1186 | Loss 3.02601 (NLL 4.32610 [logdet 1.49863, mahal 0.98959], L1 1.83655, Spectral 0.25731, Gradient 0.42212, Quantile 0.83483) | LR 1.00e-04
2026-06-26 13:19:02,313 INFO Epoch 29 | Batch 350/1186 | Loss 2.91626 (NLL 4.25093 [logdet 1.42699, mahal 0.98606], L1 1.77061, Spectral 0.24522, Gradient 0.40645, Quantile 0.83875) | LR 1.00e-04
2026-06-26 13:19:05,248 INFO Epoch 29 | Batch 400/1186 | Loss 3.11287 (NLL 4.39385 [logdet 1.51773, mahal 1.03824], L1 1.89979, Spectral 0.26305, Gradient 0.42786, Quantile 0.87260) | LR 1.00e-04
2026-06-26 13:19:08,176 INFO Epoch 29 | Batch 450/1186 | Loss 3.03760 (NLL 4.33469 [logdet 1.53235, mahal 0.96447], L1 1.84442, Spectral 0.25845, Gradient 0.42116, Quantile 0.85704) | LR 1.00e-04
2026-06-26 13:19:11,108 INFO Epoch 29 | Batch 500/1186 | Loss 2.93323 (NLL 4.27681 [logdet 1.46135, mahal 0.97758], L1 1.77123, Spectral 0.24981, Gradient 0.41334, Quantile 0.82432) | LR 1.00e-04
2026-06-26 13:19:14,038 INFO Epoch 29 | Batch 550/1186 | Loss 2.98678 (NLL 4.28962 [logdet 1.45490, mahal 0.99684], L1 1.81437, Spectral 0.25380, Gradient 0.41233, Quantile 0.85287) | LR 1.00e-04
2026-06-26 13:19:16,968 INFO Epoch 29 | Batch 600/1186 | Loss 2.97446 (NLL 4.31462 [logdet 1.46893, mahal 1.00781], L1 1.81171, Spectral 0.24890, Gradient 0.41300, Quantile 0.84529) | LR 1.00e-04
2026-06-26 13:19:19,901 INFO Epoch 29 | Batch 650/1186 | Loss 2.97833 (NLL 4.30394 [logdet 1.46762, mahal 0.99844], L1 1.80643, Spectral 0.25315, Gradient 0.41319, Quantile 0.84791) | LR 1.00e-04
2026-06-26 13:19:22,833 INFO Epoch 29 | Batch 700/1186 | Loss 3.03994 (NLL 4.37506 [logdet 1.52805, mahal 1.00913], L1 1.88265, Spectral 0.24317, Gradient 0.41314, Quantile 0.89772) | LR 1.00e-04
2026-06-26 13:19:25,765 INFO Epoch 29 | Batch 750/1186 | Loss 2.99328 (NLL 4.27172 [logdet 1.46128, mahal 0.97255], L1 1.81614, Spectral 0.25381, Gradient 0.41696, Quantile 0.85765) | LR 1.00e-04
2026-06-26 13:19:28,699 INFO Epoch 29 | Batch 800/1186 | Loss 3.01187 (NLL 4.31018 [logdet 1.48242, mahal 0.98988], L1 1.82974, Spectral 0.25469, Gradient 0.42121, Quantile 0.83091) | LR 1.00e-04
2026-06-26 13:19:31,632 INFO Epoch 29 | Batch 850/1186 | Loss 3.03042 (NLL 4.31384 [logdet 1.47071, mahal 1.00525], L1 1.83774, Spectral 0.25786, Gradient 0.42107, Quantile 0.87329) | LR 1.00e-04
2026-06-26 13:19:34,564 INFO Epoch 29 | Batch 900/1186 | Loss 2.94283 (NLL 4.26187 [logdet 1.48034, mahal 0.94365], L1 1.77307, Spectral 0.25351, Gradient 0.41300, Quantile 0.83196) | LR 1.00e-04
2026-06-26 13:19:37,495 INFO Epoch 29 | Batch 950/1186 | Loss 2.98891 (NLL 4.34619 [logdet 1.46092, mahal 1.04740], L1 1.83198, Spectral 0.24739, Gradient 0.40997, Quantile 0.84067) | LR 1.00e-04
2026-06-26 13:19:40,427 INFO Epoch 29 | Batch 1000/1186 | Loss 2.92528 (NLL 4.23475 [logdet 1.37010, mahal 1.02677], L1 1.75902, Spectral 0.25248, Gradient 0.41348, Quantile 0.82098) | LR 1.00e-04
2026-06-26 13:19:43,361 INFO Epoch 29 | Batch 1050/1186 | Loss 2.95282 (NLL 4.25211 [logdet 1.45460, mahal 0.95963], L1 1.79480, Spectral 0.25042, Gradient 0.40844, Quantile 0.83022) | LR 1.00e-04
2026-06-26 13:19:46,292 INFO Epoch 29 | Batch 1100/1186 | Loss 2.99463 (NLL 4.30937 [logdet 1.43368, mahal 1.03781], L1 1.82624, Spectral 0.25030, Gradient 0.41455, Quantile 0.85879) | LR 1.00e-04
2026-06-26 13:19:49,223 INFO Epoch 29 | Batch 1150/1186 | Loss 3.06223 (NLL 4.34074 [logdet 1.48488, mahal 1.01798], L1 1.86855, Spectral 0.25710, Gradient 0.42321, Quantile 0.86877) | LR 1.00e-04
2026-06-26 13:19:56,281 INFO Epoch 29 | Val Loss 2.95142 (NLL 4.29781 [logdet 1.44927, mahal 1.01066], L1 1.78218, Spectral 0.25220, Gradient 0.41458, Quantile 0.82699)
2026-06-26 13:19:56,354 INFO New best val loss: 2.95142 (saved checkpoints/best.pth)
2026-06-26 13:19:59,323 INFO Epoch 30 | Batch 50/1186 | Loss 3.04257 (NLL 4.35183 [logdet 1.52622, mahal 0.98773], L1 1.86317, Spectral 0.25146, Gradient 0.42150, Quantile 0.85957) | LR 1.00e-04
2026-06-26 13:20:02,257 INFO Epoch 30 | Batch 100/1186 | Loss 3.00101 (NLL 4.30385 [logdet 1.47959, mahal 0.98638], L1 1.81883, Spectral 0.25632, Gradient 0.41615, Quantile 0.85299) | LR 1.00e-04
2026-06-26 13:20:05,192 INFO Epoch 30 | Batch 150/1186 | Loss 2.95338 (NLL 4.32355 [logdet 1.45166, mahal 1.03401], L1 1.80493, Spectral 0.24370, Gradient 0.41101, Quantile 0.82939) | LR 1.00e-04
2026-06-26 13:20:08,127 INFO Epoch 30 | Batch 200/1186 | Loss 2.95744 (NLL 4.28354 [logdet 1.44885, mahal 0.99682], L1 1.78743, Spectral 0.25271, Gradient 0.41359, Quantile 0.83955) | LR 1.00e-04
2026-06-26 13:20:11,060 INFO Epoch 30 | Batch 250/1186 | Loss 3.00847 (NLL 4.30067 [logdet 1.48303, mahal 0.97976], L1 1.84112, Spectral 0.25119, Gradient 0.41240, Quantile 0.85389) | LR 1.00e-04
2026-06-26 13:20:13,995 INFO Epoch 30 | Batch 300/1186 | Loss 3.04346 (NLL 4.33882 [logdet 1.47473, mahal 1.02621], L1 1.85504, Spectral 0.25672, Gradient 0.42076, Quantile 0.84847) | LR 1.00e-04
2026-06-26 13:20:16,931 INFO Epoch 30 | Batch 350/1186 | Loss 3.00164 (NLL 4.31651 [logdet 1.52437, mahal 0.95426], L1 1.83051, Spectral 0.25200, Gradient 0.41339, Quantile 0.85988) | LR 1.00e-04
2026-06-26 13:20:19,862 INFO Epoch 30 | Batch 400/1186 | Loss 3.05076 (NLL 4.35291 [logdet 1.46661, mahal 1.04842], L1 1.84165, Spectral 0.26453, Gradient 0.42453, Quantile 0.84577) | LR 1.00e-04
2026-06-26 13:20:22,796 INFO Epoch 30 | Batch 450/1186 | Loss 2.90600 (NLL 4.22577 [logdet 1.46919, mahal 0.91870], L1 1.75877, Spectral 0.24653, Gradient 0.40756, Quantile 0.82124) | LR 1.00e-04
2026-06-26 13:20:25,731 INFO Epoch 30 | Batch 500/1186 | Loss 3.00825 (NLL 4.30529 [logdet 1.47905, mahal 0.98836], L1 1.82422, Spectral 0.25658, Gradient 0.41880, Quantile 0.83671) | LR 1.00e-04
2026-06-26 13:20:28,670 INFO Epoch 30 | Batch 550/1186 | Loss 2.97767 (NLL 4.27266 [logdet 1.42811, mahal 1.00666], L1 1.80943, Spectral 0.25210, Gradient 0.41352, Quantile 0.83877) | LR 1.00e-04
2026-06-26 13:20:31,606 INFO Epoch 30 | Batch 600/1186 | Loss 2.96776 (NLL 4.26915 [logdet 1.43570, mahal 0.99557], L1 1.79380, Spectral 0.25366, Gradient 0.41756, Quantile 0.82035) | LR 1.00e-04
2026-06-26 13:20:34,530 INFO Epoch 30 | Batch 650/1186 | Loss 2.98060 (NLL 4.29460 [logdet 1.48055, mahal 0.97618], L1 1.79997, Spectral 0.25430, Gradient 0.41902, Quantile 0.85362) | LR 1.00e-04
2026-06-26 13:20:37,449 INFO Epoch 30 | Batch 700/1186 | Loss 3.04585 (NLL 4.33467 [logdet 1.48483, mahal 1.01196], L1 1.84432, Spectral 0.26023, Gradient 0.42665, Quantile 0.84471) | LR 1.00e-04
2026-06-26 13:20:40,364 INFO Epoch 30 | Batch 750/1186 | Loss 3.06007 (NLL 4.36454 [logdet 1.46310, mahal 1.06357], L1 1.88151, Spectral 0.25226, Gradient 0.41660, Quantile 0.88317) | LR 1.00e-04
2026-06-26 13:20:43,277 INFO Epoch 30 | Batch 800/1186 | Loss 3.01673 (NLL 4.30112 [logdet 1.51061, mahal 0.95263], L1 1.82879, Spectral 0.25505, Gradient 0.42314, Quantile 0.86733) | LR 1.00e-04
2026-06-26 13:20:46,195 INFO Epoch 30 | Batch 850/1186 | Loss 3.02584 (NLL 4.34641 [logdet 1.49827, mahal 1.01027], L1 1.83966, Spectral 0.25642, Gradient 0.41994, Quantile 0.83751) | LR 1.00e-04
2026-06-26 13:20:49,113 INFO Epoch 30 | Batch 900/1186 | Loss 3.02833 (NLL 4.33611 [logdet 1.50242, mahal 0.99582], L1 1.84587, Spectral 0.25546, Gradient 0.41659, Quantile 0.86073) | LR 1.00e-04
2026-06-26 13:20:52,029 INFO Epoch 30 | Batch 950/1186 | Loss 3.04197 (NLL 4.35892 [logdet 1.52373, mahal 0.99732], L1 1.86293, Spectral 0.25210, Gradient 0.41900, Quantile 0.86676) | LR 1.00e-04
2026-06-26 13:20:54,943 INFO Epoch 30 | Batch 1000/1186 | Loss 2.98198 (NLL 4.30627 [logdet 1.46246, mahal 1.00594], L1 1.82684, Spectral 0.24616, Gradient 0.41177, Quantile 0.84251) | LR 1.00e-04
2026-06-26 13:20:57,859 INFO Epoch 30 | Batch 1050/1186 | Loss 2.97836 (NLL 4.31439 [logdet 1.46390, mahal 1.01262], L1 1.80723, Spectral 0.25196, Gradient 0.41478, Quantile 0.84563) | LR 1.00e-04
2026-06-26 13:21:00,776 INFO Epoch 30 | Batch 1100/1186 | Loss 2.96761 (NLL 4.27833 [logdet 1.47184, mahal 0.96862], L1 1.80685, Spectral 0.24863, Gradient 0.41246, Quantile 0.84778) | LR 1.00e-04
2026-06-26 13:21:03,693 INFO Epoch 30 | Batch 1150/1186 | Loss 3.05572 (NLL 4.36023 [logdet 1.48537, mahal 1.03698], L1 1.87578, Spectral 0.25251, Gradient 0.41873, Quantile 0.86963) | LR 1.00e-04
2026-06-26 13:21:10,735 INFO Epoch 30 | Val Loss 2.95151 (NLL 4.28660 [logdet 1.48292, mahal 0.96581], L1 1.77727, Spectral 0.25288, Gradient 0.41551, Quantile 0.85922)
2026-06-26 13:21:13,739 INFO Epoch 31 | Batch 50/1186 | Loss 3.01513 (NLL 4.30679 [logdet 1.43104, mahal 1.03788], L1 1.84090, Spectral 0.25446, Gradient 0.41285, Quantile 0.84566) | LR 1.00e-04
2026-06-26 13:21:16,672 INFO Epoch 31 | Batch 100/1186 | Loss 3.00507 (NLL 4.31713 [logdet 1.46586, mahal 1.01339], L1 1.83739, Spectral 0.24850, Gradient 0.41869, Quantile 0.84311) | LR 1.00e-04
2026-06-26 13:21:19,604 INFO Epoch 31 | Batch 150/1186 | Loss 3.03655 (NLL 4.34983 [logdet 1.52139, mahal 0.99056], L1 1.85648, Spectral 0.25260, Gradient 0.41858, Quantile 0.87424) | LR 1.00e-04
2026-06-26 13:21:22,537 INFO Epoch 31 | Batch 200/1186 | Loss 2.94204 (NLL 4.27017 [logdet 1.46471, mahal 0.96758], L1 1.77388, Spectral 0.25260, Gradient 0.41387, Quantile 0.82288) | LR 1.00e-04
2026-06-26 13:21:25,468 INFO Epoch 31 | Batch 250/1186 | Loss 3.01546 (NLL 4.34407 [logdet 1.50934, mahal 0.99685], L1 1.83414, Spectral 0.25434, Gradient 0.41786, Quantile 0.85741) | LR 1.00e-04
2026-06-26 13:21:28,398 INFO Epoch 31 | Batch 300/1186 | Loss 2.99274 (NLL 4.27896 [logdet 1.47058, mahal 0.97050], L1 1.80690, Spectral 0.25590, Gradient 0.42286, Quantile 0.83482) | LR 1.00e-04
2026-06-26 13:21:31,330 INFO Epoch 31 | Batch 350/1186 | Loss 3.01468 (NLL 4.32426 [logdet 1.46587, mahal 1.02051], L1 1.84007, Spectral 0.25135, Gradient 0.41815, Quantile 0.85650) | LR 1.00e-04
2026-06-26 13:21:34,263 INFO Epoch 31 | Batch 400/1186 | Loss 2.98159 (NLL 4.27510 [logdet 1.45968, mahal 0.97754], L1 1.80156, Spectral 0.25714, Gradient 0.41584, Quantile 0.82323) | LR 1.00e-04
2026-06-26 13:21:37,194 INFO Epoch 31 | Batch 450/1186 | Loss 2.96292 (NLL 4.28259 [logdet 1.45504, mahal 0.98968], L1 1.79284, Spectral 0.25304, Gradient 0.41316, Quantile 0.83780) | LR 1.00e-04
2026-06-26 13:21:40,127 INFO Epoch 31 | Batch 500/1186 | Loss 3.01321 (NLL 4.30572 [logdet 1.43665, mahal 1.03119], L1 1.82313, Spectral 0.25791, Gradient 0.41898, Quantile 0.86984) | LR 1.00e-04
2026-06-26 13:21:43,057 INFO Epoch 31 | Batch 550/1186 | Loss 3.07094 (NLL 4.36815 [logdet 1.48855, mahal 1.04172], L1 1.89301, Spectral 0.25254, Gradient 0.41701, Quantile 0.86385) | LR 1.00e-04
2026-06-26 13:21:45,985 INFO Epoch 31 | Batch 600/1186 | Loss 2.99750 (NLL 4.29814 [logdet 1.48912, mahal 0.97114], L1 1.81303, Spectral 0.25594, Gradient 0.41960, Quantile 0.84977) | LR 1.00e-04
2026-06-26 13:21:48,917 INFO Epoch 31 | Batch 650/1186 | Loss 2.97687 (NLL 4.31507 [logdet 1.50407, mahal 0.97313], L1 1.81668, Spectral 0.24912, Gradient 0.41002, Quantile 0.84580) | LR 1.00e-04
2026-06-26 13:21:51,854 INFO Epoch 31 | Batch 700/1186 | Loss 3.02653 (NLL 4.31168 [logdet 1.45600, mahal 1.01780], L1 1.84484, Spectral 0.25532, Gradient 0.41639, Quantile 0.86584) | LR 1.00e-04
2026-06-26 13:21:54,789 INFO Epoch 31 | Batch 750/1186 | Loss 2.97016 (NLL 4.27832 [logdet 1.45801, mahal 0.98244], L1 1.79854, Spectral 0.25196, Gradient 0.41625, Quantile 0.84600) | LR 1.00e-04
2026-06-26 13:21:57,720 INFO Epoch 31 | Batch 800/1186 | Loss 2.94467 (NLL 4.29951 [logdet 1.44251, mahal 1.01912], L1 1.79948, Spectral 0.24360, Gradient 0.40810, Quantile 0.83701) | LR 1.00e-04
2026-06-26 13:22:00,654 INFO Epoch 31 | Batch 850/1186 | Loss 3.05884 (NLL 4.35810 [logdet 1.50188, mahal 1.01834], L1 1.87362, Spectral 0.25444, Gradient 0.42095, Quantile 0.85798) | LR 1.00e-04
2026-06-26 13:22:03,591 INFO Epoch 31 | Batch 900/1186 | Loss 3.01275 (NLL 4.35780 [logdet 1.50661, mahal 1.01331], L1 1.85187, Spectral 0.24819, Gradient 0.40928, Quantile 0.86953) | LR 1.00e-04
2026-06-26 13:22:06,525 INFO Epoch 31 | Batch 950/1186 | Loss 3.01377 (NLL 4.33381 [logdet 1.55135, mahal 0.94459], L1 1.83788, Spectral 0.25176, Gradient 0.41972, Quantile 0.84014) | LR 1.00e-04
2026-06-26 13:22:09,459 INFO Epoch 31 | Batch 1000/1186 | Loss 2.99154 (NLL 4.28922 [logdet 1.45689, mahal 0.99446], L1 1.81767, Spectral 0.25086, Gradient 0.42016, Quantile 0.84858) | LR 1.00e-04
2026-06-26 13:22:12,393 INFO Epoch 31 | Batch 1050/1186 | Loss 3.00904 (NLL 4.30049 [logdet 1.48607, mahal 0.97655], L1 1.82134, Spectral 0.25721, Gradient 0.42113, Quantile 0.83753) | LR 1.00e-04
2026-06-26 13:22:15,322 INFO Epoch 31 | Batch 1100/1186 | Loss 2.95912 (NLL 4.28982 [logdet 1.42299, mahal 1.02896], L1 1.79475, Spectral 0.25058, Gradient 0.41199, Quantile 0.84343) | LR 1.00e-04
2026-06-26 13:22:18,247 INFO Epoch 31 | Batch 1150/1186 | Loss 3.03782 (NLL 4.33557 [logdet 1.49622, mahal 1.00148], L1 1.84525, Spectral 0.25742, Gradient 0.42186, Quantile 0.86624) | LR 1.00e-04
2026-06-26 13:22:25,286 INFO Epoch 31 | Val Loss 2.95002 (NLL 4.29002 [logdet 1.42455, mahal 1.02759], L1 1.77552, Spectral 0.25200, Gradient 0.41508, Quantile 0.88639)
2026-06-26 13:22:25,362 INFO New best val loss: 2.95002 (saved checkpoints/best.pth)
2026-06-26 13:22:28,326 INFO Epoch 32 | Batch 50/1186 | Loss 2.98366 (NLL 4.29915 [logdet 1.40246, mahal 1.05881], L1 1.81163, Spectral 0.25486, Gradient 0.41220, Quantile 0.82213) | LR 1.00e-04
2026-06-26 13:22:31,258 INFO Epoch 32 | Batch 100/1186 | Loss 2.96833 (NLL 4.27293 [logdet 1.47785, mahal 0.95720], L1 1.79593, Spectral 0.25400, Gradient 0.41487, Quantile 0.82457) | LR 1.00e-04
2026-06-26 13:22:34,193 INFO Epoch 32 | Batch 150/1186 | Loss 3.03155 (NLL 4.33800 [logdet 1.50018, mahal 0.99995], L1 1.86453, Spectral 0.24847, Gradient 0.41481, Quantile 0.87397) | LR 1.00e-04
2026-06-26 13:22:37,124 INFO Epoch 32 | Batch 200/1186 | Loss 2.95976 (NLL 4.28218 [logdet 1.50660, mahal 0.93770], L1 1.79469, Spectral 0.24903, Gradient 0.41517, Quantile 0.85363) | LR 1.00e-04
2026-06-26 13:22:40,058 INFO Epoch 32 | Batch 250/1186 | Loss 2.96358 (NLL 4.26654 [logdet 1.43908, mahal 0.98958], L1 1.79462, Spectral 0.25080, Gradient 0.41651, Quantile 0.84498) | LR 1.00e-04
2026-06-26 13:22:42,990 INFO Epoch 32 | Batch 300/1186 | Loss 3.07835 (NLL 4.37315 [logdet 1.45695, mahal 1.07832], L1 1.88591, Spectral 0.25833, Gradient 0.42011, Quantile 0.85106) | LR 1.00e-04
2026-06-26 13:22:45,924 INFO Epoch 32 | Batch 350/1186 | Loss 3.10888 (NLL 4.39753 [logdet 1.53913, mahal 1.02052], L1 1.90765, Spectral 0.25962, Gradient 0.42067, Quantile 0.90324) | LR 1.00e-04
2026-06-26 13:22:48,854 INFO Epoch 32 | Batch 400/1186 | Loss 2.98671 (NLL 4.30381 [logdet 1.50653, mahal 0.95940], L1 1.81240, Spectral 0.25100, Gradient 0.41992, Quantile 0.84791) | LR 1.00e-04
2026-06-26 13:22:51,782 INFO Epoch 32 | Batch 450/1186 | Loss 2.94886 (NLL 4.29374 [logdet 1.46885, mahal 0.98701], L1 1.78420, Spectral 0.25006, Gradient 0.41518, Quantile 0.82107) | LR 1.00e-04
2026-06-26 13:22:54,713 INFO Epoch 32 | Batch 500/1186 | Loss 2.96560 (NLL 4.26572 [logdet 1.46095, mahal 0.96690], L1 1.79411, Spectral 0.25260, Gradient 0.41657, Quantile 0.83029) | LR 1.00e-04
2026-06-26 13:22:57,644 INFO Epoch 32 | Batch 550/1186 | Loss 2.90672 (NLL 4.21479 [logdet 1.35774, mahal 1.01917], L1 1.75351, Spectral 0.24997, Gradient 0.40724, Quantile 0.81369) | LR 1.00e-04
2026-06-26 13:23:00,577 INFO Epoch 32 | Batch 600/1186 | Loss 2.97255 (NLL 4.28391 [logdet 1.43120, mahal 1.01483], L1 1.78070, Spectral 0.25934, Gradient 0.42172, Quantile 0.83210) | LR 1.00e-04
2026-06-26 13:23:03,508 INFO Epoch 32 | Batch 650/1186 | Loss 3.01447 (NLL 4.34794 [logdet 1.47268, mahal 1.03738], L1 1.85153, Spectral 0.24757, Gradient 0.41499, Quantile 0.84499) | LR 1.00e-04
2026-06-26 13:23:06,436 INFO Epoch 32 | Batch 700/1186 | Loss 2.97270 (NLL 4.27506 [logdet 1.42661, mahal 1.01057], L1 1.79893, Spectral 0.25366, Gradient 0.41577, Quantile 0.83651) | LR 1.00e-04
2026-06-26 13:23:09,365 INFO Epoch 32 | Batch 750/1186 | Loss 3.05895 (NLL 4.37906 [logdet 1.54768, mahal 0.99351], L1 1.85843, Spectral 0.25852, Gradient 0.42619, Quantile 0.86429) | LR 1.00e-04
2026-06-26 13:23:12,297 INFO Epoch 32 | Batch 800/1186 | Loss 3.03303 (NLL 4.37279 [logdet 1.55908, mahal 0.97584], L1 1.87158, Spectral 0.24737, Gradient 0.40990, Quantile 0.88297) | LR 1.00e-04
2026-06-26 13:23:15,227 INFO Epoch 32 | Batch 850/1186 | Loss 2.95576 (NLL 4.28047 [logdet 1.49107, mahal 0.95152], L1 1.79039, Spectral 0.25067, Gradient 0.41412, Quantile 0.83128) | LR 1.00e-04
2026-06-26 13:23:18,158 INFO Epoch 32 | Batch 900/1186 | Loss 2.98965 (NLL 4.28869 [logdet 1.43597, mahal 1.01484], L1 1.81014, Spectral 0.25566, Gradient 0.41644, Quantile 0.84086) | LR 1.00e-04
2026-06-26 13:23:21,088 INFO Epoch 32 | Batch 950/1186 | Loss 3.03287 (NLL 4.32161 [logdet 1.46896, mahal 1.01477], L1 1.85889, Spectral 0.25192, Gradient 0.41550, Quantile 0.86723) | LR 1.00e-04
2026-06-26 13:23:24,018 INFO Epoch 32 | Batch 1000/1186 | Loss 3.07416 (NLL 4.38131 [logdet 1.51120, mahal 1.03223], L1 1.87703, Spectral 0.25681, Gradient 0.42612, Quantile 0.86704) | LR 1.00e-04
2026-06-26 13:23:26,945 INFO Epoch 32 | Batch 1050/1186 | Loss 2.98402 (NLL 4.29702 [logdet 1.47751, mahal 0.98163], L1 1.81465, Spectral 0.25391, Gradient 0.41071, Quantile 0.83291) | LR 1.00e-04
2026-06-26 13:23:29,875 INFO Epoch 32 | Batch 1100/1186 | Loss 2.95724 (NLL 4.27003 [logdet 1.47319, mahal 0.95896], L1 1.79691, Spectral 0.24719, Gradient 0.41604, Quantile 0.83870) | LR 1.00e-04
2026-06-26 13:23:32,809 INFO Epoch 32 | Batch 1150/1186 | Loss 3.08789 (NLL 4.35758 [logdet 1.50001, mahal 1.01969], L1 1.87432, Spectral 0.26263, Gradient 0.42935, Quantile 0.88284) | LR 1.00e-04
2026-06-26 13:23:39,862 INFO Epoch 32 | Val Loss 2.94467 (NLL 4.28925 [logdet 1.42587, mahal 1.02550], L1 1.77810, Spectral 0.25184, Gradient 0.41448, Quantile 0.81001)
2026-06-26 13:23:39,936 INFO New best val loss: 2.94467 (saved checkpoints/best.pth)
2026-06-26 13:23:42,900 INFO Epoch 33 | Batch 50/1186 | Loss 3.03106 (NLL 4.32470 [logdet 1.48750, mahal 0.99932], L1 1.83798, Spectral 0.26104, Gradient 0.41929, Quantile 0.82005) | LR 1.00e-04
2026-06-26 13:23:45,835 INFO Epoch 33 | Batch 100/1186 | Loss 3.00176 (NLL 4.31541 [logdet 1.46816, mahal 1.00938], L1 1.82845, Spectral 0.24980, Gradient 0.42016, Quantile 0.85858) | LR 1.00e-04
2026-06-26 13:23:48,770 INFO Epoch 33 | Batch 150/1186 | Loss 3.03887 (NLL 4.29883 [logdet 1.46483, mahal 0.99613], L1 1.83690, Spectral 0.26127, Gradient 0.42601, Quantile 0.84434) | LR 1.00e-04
2026-06-26 13:23:51,704 INFO Epoch 33 | Batch 200/1186 | Loss 2.98264 (NLL 4.31096 [logdet 1.45944, mahal 1.01364], L1 1.81246, Spectral 0.25312, Gradient 0.41225, Quantile 0.83808) | LR 1.00e-04
2026-06-26 13:23:54,638 INFO Epoch 33 | Batch 250/1186 | Loss 2.98402 (NLL 4.31081 [logdet 1.48003, mahal 0.99291], L1 1.82837, Spectral 0.24604, Gradient 0.41198, Quantile 0.84691) | LR 1.00e-04
2026-06-26 13:23:57,570 INFO Epoch 33 | Batch 300/1186 | Loss 3.06544 (NLL 4.38157 [logdet 1.54270, mahal 1.00098], L1 1.87254, Spectral 0.25689, Gradient 0.42224, Quantile 0.86277) | LR 1.00e-04
2026-06-26 13:24:00,502 INFO Epoch 33 | Batch 350/1186 | Loss 3.03030 (NLL 4.35234 [logdet 1.46710, mahal 1.04736], L1 1.85029, Spectral 0.25205, Gradient 0.41975, Quantile 0.87221) | LR 1.00e-04
2026-06-26 13:24:03,428 INFO Epoch 33 | Batch 400/1186 | Loss 2.95809 (NLL 4.24752 [logdet 1.47522, mahal 0.93443], L1 1.79954, Spectral 0.25000, Gradient 0.41015, Quantile 0.82794) | LR 1.00e-04
2026-06-26 13:24:06,345 INFO Epoch 33 | Batch 450/1186 | Loss 2.94276 (NLL 4.29980 [logdet 1.43763, mahal 1.02430], L1 1.79929, Spectral 0.24408, Gradient 0.40570, Quantile 0.83394) | LR 1.00e-04
2026-06-26 13:24:09,262 INFO Epoch 33 | Batch 500/1186 | Loss 2.97799 (NLL 4.30633 [logdet 1.44853, mahal 1.01992], L1 1.81393, Spectral 0.25103, Gradient 0.40892, Quantile 0.85896) | LR 1.00e-04
2026-06-26 13:24:12,178 INFO Epoch 33 | Batch 550/1186 | Loss 3.00030 (NLL 4.29590 [logdet 1.47425, mahal 0.98378], L1 1.81920, Spectral 0.25511, Gradient 0.41788, Quantile 0.85241) | LR 1.00e-04
2026-06-26 13:24:15,095 INFO Epoch 33 | Batch 600/1186 | Loss 3.02898 (NLL 4.33021 [logdet 1.50611, mahal 0.98622], L1 1.83938, Spectral 0.25656, Gradient 0.42104, Quantile 0.86485) | LR 1.00e-04
2026-06-26 13:24:18,013 INFO Epoch 33 | Batch 650/1186 | Loss 2.99757 (NLL 4.29216 [logdet 1.46516, mahal 0.98913], L1 1.82565, Spectral 0.25232, Gradient 0.41522, Quantile 0.84812) | LR 1.00e-04
2026-06-26 13:24:20,931 INFO Epoch 33 | Batch 700/1186 | Loss 2.99566 (NLL 4.32638 [logdet 1.48276, mahal 1.00575], L1 1.83601, Spectral 0.24912, Gradient 0.40870, Quantile 0.85110) | LR 1.00e-04
2026-06-26 13:24:23,849 INFO Epoch 33 | Batch 750/1186 | Loss 3.01394 (NLL 4.31680 [logdet 1.47917, mahal 0.99975], L1 1.83110, Spectral 0.25378, Gradient 0.42236, Quantile 0.84483) | LR 1.00e-04
2026-06-26 13:24:26,764 INFO Epoch 33 | Batch 800/1186 | Loss 2.94455 (NLL 4.25666 [logdet 1.43957, mahal 0.97921], L1 1.77366, Spectral 0.25440, Gradient 0.41446, Quantile 0.80875) | LR 1.00e-04
2026-06-26 13:24:29,680 INFO Epoch 33 | Batch 850/1186 | Loss 3.00318 (NLL 4.29644 [logdet 1.43801, mahal 1.02055], L1 1.81462, Spectral 0.25663, Gradient 0.42219, Quantile 0.84959) | LR 1.00e-04
2026-06-26 13:24:32,596 INFO Epoch 33 | Batch 900/1186 | Loss 2.96617 (NLL 4.30211 [logdet 1.44404, mahal 1.02020], L1 1.80383, Spectral 0.24912, Gradient 0.41246, Quantile 0.84588) | LR 1.00e-04
2026-06-26 13:24:35,512 INFO Epoch 33 | Batch 950/1186 | Loss 2.97136 (NLL 4.28622 [logdet 1.43424, mahal 1.01410], L1 1.80743, Spectral 0.25132, Gradient 0.40933, Quantile 0.85279) | LR 1.00e-04
2026-06-26 13:24:38,429 INFO Epoch 33 | Batch 1000/1186 | Loss 3.05464 (NLL 4.34632 [logdet 1.49397, mahal 1.01447], L1 1.85879, Spectral 0.25440, Gradient 0.43100, Quantile 0.86523) | LR 1.00e-04
2026-06-26 13:24:41,348 INFO Epoch 33 | Batch 1050/1186 | Loss 3.01726 (NLL 4.31926 [logdet 1.50127, mahal 0.98011], L1 1.81954, Spectral 0.25917, Gradient 0.42482, Quantile 0.85356) | LR 1.00e-04
2026-06-26 13:24:44,266 INFO Epoch 33 | Batch 1100/1186 | Loss 3.00062 (NLL 4.32295 [logdet 1.49285, mahal 0.99222], L1 1.83354, Spectral 0.24919, Gradient 0.41625, Quantile 0.84638) | LR 1.00e-04
2026-06-26 13:24:47,186 INFO Epoch 33 | Batch 1150/1186 | Loss 2.94429 (NLL 4.28233 [logdet 1.44959, mahal 0.99487], L1 1.78832, Spectral 0.24898, Gradient 0.40875, Quantile 0.82794) | LR 1.00e-04
2026-06-26 13:24:54,238 INFO Epoch 33 | Val Loss 2.95920 (NLL 4.29371 [logdet 1.54179, mahal 0.91405], L1 1.78287, Spectral 0.25226, Gradient 0.41527, Quantile 0.89693)
2026-06-26 13:24:57,240 INFO Epoch 34 | Batch 50/1186 | Loss 2.94112 (NLL 4.26165 [logdet 1.40255, mahal 1.02122], L1 1.78599, Spectral 0.24742, Gradient 0.41231, Quantile 0.82143) | LR 1.00e-04
2026-06-26 13:25:00,169 INFO Epoch 34 | Batch 100/1186 | Loss 3.06711 (NLL 4.32067 [logdet 1.47899, mahal 1.00381], L1 1.85929, Spectral 0.26162, Gradient 0.42837, Quantile 0.86634) | LR 1.00e-04
2026-06-26 13:25:03,102 INFO Epoch 34 | Batch 150/1186 | Loss 3.07424 (NLL 4.36487 [logdet 1.50041, mahal 1.02658], L1 1.88242, Spectral 0.25573, Gradient 0.42315, Quantile 0.87305) | LR 1.00e-04
2026-06-26 13:25:06,032 INFO Epoch 34 | Batch 200/1186 | Loss 2.95579 (NLL 4.28382 [logdet 1.53422, mahal 0.91173], L1 1.78610, Spectral 0.25214, Gradient 0.41564, Quantile 0.82581) | LR 1.00e-04
2026-06-26 13:25:08,965 INFO Epoch 34 | Batch 250/1186 | Loss 3.05073 (NLL 4.35527 [logdet 1.40987, mahal 1.10752], L1 1.87154, Spectral 0.25380, Gradient 0.41506, Quantile 0.87469) | LR 1.00e-04
2026-06-26 13:25:11,897 INFO Epoch 34 | Batch 300/1186 | Loss 2.99825 (NLL 4.31648 [logdet 1.55321, mahal 0.92539], L1 1.84861, Spectral 0.24381, Gradient 0.40988, Quantile 0.85499) | LR 1.00e-04
2026-06-26 13:25:14,826 INFO Epoch 34 | Batch 350/1186 | Loss 2.92764 (NLL 4.25800 [logdet 1.43478, mahal 0.98534], L1 1.77516, Spectral 0.24724, Gradient 0.40788, Quantile 0.84816) | LR 1.00e-04
2026-06-26 13:25:17,759 INFO Epoch 34 | Batch 400/1186 | Loss 2.96041 (NLL 4.26232 [logdet 1.42170, mahal 1.00275], L1 1.78797, Spectral 0.25391, Gradient 0.41613, Quantile 0.81624) | LR 1.00e-04
2026-06-26 13:25:20,680 INFO Epoch 34 | Batch 450/1186 | Loss 2.98547 (NLL 4.26785 [logdet 1.44090, mahal 0.98907], L1 1.81261, Spectral 0.25270, Gradient 0.41678, Quantile 0.83994) | LR 1.00e-04
2026-06-26 13:25:23,593 INFO Epoch 34 | Batch 500/1186 | Loss 3.03159 (NLL 4.33599 [logdet 1.44340, mahal 1.05471], L1 1.84424, Spectral 0.25472, Gradient 0.42244, Quantile 0.86521) | LR 1.00e-04
2026-06-26 13:25:26,508 INFO Epoch 34 | Batch 550/1186 | Loss 3.00662 (NLL 4.35376 [logdet 1.49661, mahal 1.01928], L1 1.83568, Spectral 0.25140, Gradient 0.41442, Quantile 0.84781) | LR 1.00e-04
2026-06-26 13:25:29,422 INFO Epoch 34 | Batch 600/1186 | Loss 2.99173 (NLL 4.31917 [logdet 1.50336, mahal 0.97794], L1 1.82242, Spectral 0.25094, Gradient 0.41540, Quantile 0.84099) | LR 1.00e-04
2026-06-26 13:25:32,335 INFO Epoch 34 | Batch 650/1186 | Loss 2.98813 (NLL 4.33781 [logdet 1.54727, mahal 0.95266], L1 1.82545, Spectral 0.24901, Gradient 0.41190, Quantile 0.84700) | LR 1.00e-04
2026-06-26 13:25:35,251 INFO Epoch 34 | Batch 700/1186 | Loss 3.00635 (NLL 4.32947 [logdet 1.49000, mahal 1.00159], L1 1.83384, Spectral 0.25277, Gradient 0.41495, Quantile 0.83506) | LR 1.00e-04
2026-06-26 13:25:38,165 INFO Epoch 34 | Batch 750/1186 | Loss 2.99367 (NLL 4.27941 [logdet 1.45895, mahal 0.98259], L1 1.79622, Spectral 0.25934, Gradient 0.42592, Quantile 0.84700) | LR 1.00e-04
2026-06-26 13:25:41,080 INFO Epoch 34 | Batch 800/1186 | Loss 2.96672 (NLL 4.23477 [logdet 1.43751, mahal 0.95938], L1 1.77659, Spectral 0.25836, Gradient 0.42561, Quantile 0.80763) | LR 1.00e-04
2026-06-26 13:25:43,997 INFO Epoch 34 | Batch 850/1186 | Loss 2.99481 (NLL 4.25474 [logdet 1.41397, mahal 1.00290], L1 1.80318, Spectral 0.25804, Gradient 0.42377, Quantile 0.84604) | LR 1.00e-04
2026-06-26 13:25:46,912 INFO Epoch 34 | Batch 900/1186 | Loss 2.92630 (NLL 4.26776 [logdet 1.38107, mahal 1.04881], L1 1.78397, Spectral 0.24495, Gradient 0.40567, Quantile 0.81207) | LR 1.00e-04
2026-06-26 13:25:49,829 INFO Epoch 34 | Batch 950/1186 | Loss 3.04643 (NLL 4.33264 [logdet 1.54715, mahal 0.94761], L1 1.85558, Spectral 0.25675, Gradient 0.41966, Quantile 0.88892) | LR 1.00e-04
2026-06-26 13:25:52,743 INFO Epoch 34 | Batch 1000/1186 | Loss 2.97689 (NLL 4.32243 [logdet 1.47212, mahal 1.01243], L1 1.81154, Spectral 0.25222, Gradient 0.40935, Quantile 0.83516) | LR 1.00e-04
2026-06-26 13:25:55,657 INFO Epoch 34 | Batch 1050/1186 | Loss 3.04738 (NLL 4.38534 [logdet 1.54507, mahal 1.00239], L1 1.87168, Spectral 0.24969, Gradient 0.41970, Quantile 0.86954) | LR 1.00e-04
2026-06-26 13:25:58,573 INFO Epoch 34 | Batch 1100/1186 | Loss 3.05397 (NLL 4.36154 [logdet 1.53403, mahal 0.98963], L1 1.85786, Spectral 0.25830, Gradient 0.42176, Quantile 0.87719) | LR 1.00e-04
2026-06-26 13:26:01,486 INFO Epoch 34 | Batch 1150/1186 | Loss 2.90305 (NLL 4.24165 [logdet 1.45223, mahal 0.95155], L1 1.75916, Spectral 0.24833, Gradient 0.40110, Quantile 0.81080) | LR 1.00e-04
2026-06-26 13:26:08,431 INFO Epoch 34 | Val Loss 2.96032 (NLL 4.28978 [logdet 1.51542, mahal 0.93648], L1 1.78184, Spectral 0.25224, Gradient 0.41515, Quantile 0.92369)
2026-06-26 13:26:11,430 INFO Epoch 35 | Batch 50/1186 | Loss 3.01067 (NLL 4.33629 [logdet 1.51926, mahal 0.97915], L1 1.83792, Spectral 0.25226, Gradient 0.41213, Quantile 0.87955) | LR 1.00e-04
2026-06-26 13:26:14,366 INFO Epoch 35 | Batch 100/1186 | Loss 3.01511 (NLL 4.30953 [logdet 1.47109, mahal 1.00056], L1 1.84155, Spectral 0.25229, Gradient 0.41563, Quantile 0.85644) | LR 1.00e-04
2026-06-26 13:26:17,301 INFO Epoch 35 | Batch 150/1186 | Loss 3.08226 (NLL 4.39186 [logdet 1.48465, mahal 1.06934], L1 1.89897, Spectral 0.25253, Gradient 0.42061, Quantile 0.87409) | LR 1.00e-04
2026-06-26 13:26:20,237 INFO Epoch 35 | Batch 200/1186 | Loss 2.89567 (NLL 4.23472 [logdet 1.44020, mahal 0.95664], L1 1.75946, Spectral 0.24415, Gradient 0.40106, Quantile 0.82685) | LR 1.00e-04
2026-06-26 13:26:23,172 INFO Epoch 35 | Batch 250/1186 | Loss 2.98866 (NLL 4.27194 [logdet 1.46832, mahal 0.96574], L1 1.81366, Spectral 0.25267, Gradient 0.41696, Quantile 0.86069) | LR 1.00e-04
2026-06-26 13:26:26,108 INFO Epoch 35 | Batch 300/1186 | Loss 2.92262 (NLL 4.26070 [logdet 1.40750, mahal 1.01532], L1 1.79253, Spectral 0.23980, Gradient 0.40458, Quantile 0.81249) | LR 1.00e-04
2026-06-26 13:26:29,041 INFO Epoch 35 | Batch 350/1186 | Loss 3.02555 (NLL 4.30332 [logdet 1.43817, mahal 1.02728], L1 1.84721, Spectral 0.25461, Gradient 0.41500, Quantile 0.86414) | LR 1.00e-04
2026-06-26 13:26:31,974 INFO Epoch 35 | Batch 400/1186 | Loss 3.01697 (NLL 4.33828 [logdet 1.49003, mahal 1.01037], L1 1.84341, Spectral 0.25093, Gradient 0.41761, Quantile 0.85651) | LR 1.00e-04
2026-06-26 13:26:34,908 INFO Epoch 35 | Batch 450/1186 | Loss 3.07493 (NLL 4.35847 [logdet 1.52045, mahal 1.00013], L1 1.88580, Spectral 0.25742, Gradient 0.41812, Quantile 0.86353) | LR 1.00e-04
2026-06-26 13:26:37,843 INFO Epoch 35 | Batch 500/1186 | Loss 2.98053 (NLL 4.32932 [logdet 1.51686, mahal 0.97458], L1 1.82355, Spectral 0.24698, Gradient 0.41060, Quantile 0.84915) | LR 1.00e-04
2026-06-26 13:26:40,777 INFO Epoch 35 | Batch 550/1186 | Loss 2.96644 (NLL 4.28209 [logdet 1.43220, mahal 1.01201], L1 1.79777, Spectral 0.25160, Gradient 0.41556, Quantile 0.82889) | LR 1.00e-04
2026-06-26 13:26:43,712 INFO Epoch 35 | Batch 600/1186 | Loss 3.06136 (NLL 4.36403 [logdet 1.49995, mahal 1.02621], L1 1.86547, Spectral 0.25767, Gradient 0.42335, Quantile 0.87033) | LR 1.00e-04
2026-06-26 13:26:46,644 INFO Epoch 35 | Batch 650/1186 | Loss 2.97408 (NLL 4.28691 [logdet 1.42643, mahal 1.02261], L1 1.80009, Spectral 0.25285, Gradient 0.41810, Quantile 0.82756) | LR 1.00e-04
2026-06-26 13:26:49,577 INFO Epoch 35 | Batch 700/1186 | Loss 2.93431 (NLL 4.27024 [logdet 1.46255, mahal 0.96981], L1 1.77786, Spectral 0.24844, Gradient 0.41117, Quantile 0.82212) | LR 1.00e-04
2026-06-26 13:26:52,510 INFO Epoch 35 | Batch 750/1186 | Loss 2.90239 (NLL 4.25372 [logdet 1.41250, mahal 1.00333], L1 1.72325, Spectral 0.25665, Gradient 0.41826, Quantile 0.80441) | LR 1.00e-04
2026-06-26 13:26:55,436 INFO Epoch 35 | Batch 800/1186 | Loss 2.91616 (NLL 4.25052 [logdet 1.46566, mahal 0.94699], L1 1.75641, Spectral 0.25106, Gradient 0.41095, Quantile 0.80621) | LR 1.00e-04
2026-06-26 13:26:58,355 INFO Epoch 35 | Batch 850/1186 | Loss 3.01904 (NLL 4.32026 [logdet 1.46144, mahal 1.02095], L1 1.84033, Spectral 0.25343, Gradient 0.41566, Quantile 0.88265) | LR 1.00e-04
2026-06-26 13:27:01,271 INFO Epoch 35 | Batch 900/1186 | Loss 3.01296 (NLL 4.31297 [logdet 1.46902, mahal 1.00607], L1 1.82730, Spectral 0.25603, Gradient 0.41895, Quantile 0.86324) | LR 1.00e-04
2026-06-26 13:27:04,190 INFO Epoch 35 | Batch 950/1186 | Loss 2.97877 (NLL 4.29117 [logdet 1.44903, mahal 1.00426], L1 1.81275, Spectral 0.24900, Gradient 0.41771, Quantile 0.83298) | LR 1.00e-04
2026-06-26 13:27:07,107 INFO Epoch 35 | Batch 1000/1186 | Loss 3.01214 (NLL 4.30308 [logdet 1.41976, mahal 1.04544], L1 1.83719, Spectral 0.25430, Gradient 0.41442, Quantile 0.84091) | LR 1.00e-04
2026-06-26 13:27:10,024 INFO Epoch 35 | Batch 1050/1186 | Loss 3.01943 (NLL 4.31661 [logdet 1.50490, mahal 0.97383], L1 1.82834, Spectral 0.25757, Gradient 0.42189, Quantile 0.85220) | LR 1.00e-04
2026-06-26 13:27:12,942 INFO Epoch 35 | Batch 1100/1186 | Loss 2.94325 (NLL 4.25212 [logdet 1.39227, mahal 1.02198], L1 1.78081, Spectral 0.25083, Gradient 0.41275, Quantile 0.82020) | LR 1.00e-04
2026-06-26 13:27:15,860 INFO Epoch 35 | Batch 1150/1186 | Loss 3.06601 (NLL 4.35360 [logdet 1.50504, mahal 1.01068], L1 1.85027, Spectral 0.26385, Gradient 0.43038, Quantile 0.86759) | LR 1.00e-04
2026-06-26 13:27:22,899 INFO Epoch 35 | Val Loss 2.95110 (NLL 4.29359 [logdet 1.53540, mahal 0.92031], L1 1.77432, Spectral 0.25202, Gradient 0.41545, Quantile 0.90546)
2026-06-26 13:27:25,903 INFO Epoch 36 | Batch 50/1186 | Loss 3.00991 (NLL 4.35060 [logdet 1.48521, mahal 1.02751], L1 1.84279, Spectral 0.24982, Gradient 0.41260, Quantile 0.86445) | LR 1.00e-04
2026-06-26 13:27:28,835 INFO Epoch 36 | Batch 100/1186 | Loss 3.04607 (NLL 4.35284 [logdet 1.53086, mahal 0.98410], L1 1.85832, Spectral 0.25663, Gradient 0.41788, Quantile 0.87125) | LR 1.00e-04
2026-06-26 13:27:31,770 INFO Epoch 36 | Batch 150/1186 | Loss 3.00706 (NLL 4.32409 [logdet 1.48351, mahal 1.00270], L1 1.83309, Spectral 0.25160, Gradient 0.41752, Quantile 0.85082) | LR 1.00e-04
2026-06-26 13:27:34,703 INFO Epoch 36 | Batch 200/1186 | Loss 2.98862 (NLL 4.29449 [logdet 1.49626, mahal 0.96036], L1 1.80739, Spectral 0.25467, Gradient 0.41928, Quantile 0.84860) | LR 1.00e-04
2026-06-26 13:27:37,633 INFO Epoch 36 | Batch 250/1186 | Loss 2.99892 (NLL 4.32242 [logdet 1.49272, mahal 0.99182], L1 1.84050, Spectral 0.24796, Gradient 0.40940, Quantile 0.85808) | LR 1.00e-04
2026-06-26 13:27:40,566 INFO Epoch 36 | Batch 300/1186 | Loss 2.97255 (NLL 4.26559 [logdet 1.43286, mahal 0.99486], L1 1.79926, Spectral 0.25485, Gradient 0.41540, Quantile 0.81094) | LR 1.00e-04
2026-06-26 13:27:43,497 INFO Epoch 36 | Batch 350/1186 | Loss 3.01975 (NLL 4.32155 [logdet 1.48928, mahal 0.99440], L1 1.85824, Spectral 0.24935, Gradient 0.40976, Quantile 0.85572) | LR 1.00e-04
2026-06-26 13:27:46,430 INFO Epoch 36 | Batch 400/1186 | Loss 2.98694 (NLL 4.32577 [logdet 1.41505, mahal 1.07284], L1 1.80684, Spectral 0.25427, Gradient 0.42037, Quantile 0.82294) | LR 1.00e-04
2026-06-26 13:27:49,362 INFO Epoch 36 | Batch 450/1186 | Loss 3.05341 (NLL 4.33784 [logdet 1.57238, mahal 0.92759], L1 1.85816, Spectral 0.25799, Gradient 0.42107, Quantile 0.89056) | LR 1.00e-04
2026-06-26 13:27:52,293 INFO Epoch 36 | Batch 500/1186 | Loss 2.93676 (NLL 4.25739 [logdet 1.43730, mahal 0.98221], L1 1.77117, Spectral 0.25378, Gradient 0.41039, Quantile 0.81101) | LR 1.00e-04
2026-06-26 13:27:55,227 INFO Epoch 36 | Batch 550/1186 | Loss 3.00819 (NLL 4.31281 [logdet 1.49026, mahal 0.98468], L1 1.83814, Spectral 0.25102, Gradient 0.41375, Quantile 0.86811) | LR 1.00e-04
2026-06-26 13:27:58,161 INFO Epoch 36 | Batch 600/1186 | Loss 2.98143 (NLL 4.28057 [logdet 1.40630, mahal 1.03640], L1 1.80408, Spectral 0.25361, Gradient 0.41838, Quantile 0.84563) | LR 1.00e-04
2026-06-26 13:28:01,093 INFO Epoch 36 | Batch 650/1186 | Loss 3.05648 (NLL 4.33815 [logdet 1.47521, mahal 1.02507], L1 1.85886, Spectral 0.25645, Gradient 0.43014, Quantile 0.84912) | LR 1.00e-04
2026-06-26 13:28:04,026 INFO Epoch 36 | Batch 700/1186 | Loss 3.03239 (NLL 4.32961 [logdet 1.49346, mahal 0.99827], L1 1.85470, Spectral 0.25350, Gradient 0.41628, Quantile 0.85967) | LR 1.00e-04
2026-06-26 13:28:06,960 INFO Epoch 36 | Batch 750/1186 | Loss 2.90915 (NLL 4.24960 [logdet 1.49364, mahal 0.91808], L1 1.75938, Spectral 0.24632, Gradient 0.40943, Quantile 0.82500) | LR 1.00e-04
2026-06-26 13:28:09,891 INFO Epoch 36 | Batch 800/1186 | Loss 2.94970 (NLL 4.25307 [logdet 1.39893, mahal 1.01627], L1 1.78400, Spectral 0.25033, Gradient 0.41698, Quantile 0.81926) | LR 1.00e-04
2026-06-26 13:28:12,825 INFO Epoch 36 | Batch 850/1186 | Loss 3.01304 (NLL 4.34043 [logdet 1.46461, mahal 1.03795], L1 1.85034, Spectral 0.24826, Gradient 0.41267, Quantile 0.85480) | LR 1.00e-04
2026-06-26 13:28:15,759 INFO Epoch 36 | Batch 900/1186 | Loss 3.03234 (NLL 4.35997 [logdet 1.52765, mahal 0.99445], L1 1.85797, Spectral 0.24953, Gradient 0.41959, Quantile 0.86825) | LR 1.00e-04
2026-06-26 13:28:18,690 INFO Epoch 36 | Batch 950/1186 | Loss 2.95527 (NLL 4.25858 [logdet 1.44656, mahal 0.97414], L1 1.77313, Spectral 0.25539, Gradient 0.42024, Quantile 0.84265) | LR 1.00e-04
2026-06-26 13:28:21,622 INFO Epoch 36 | Batch 1000/1186 | Loss 3.00147 (NLL 4.31776 [logdet 1.45187, mahal 1.02801], L1 1.83179, Spectral 0.25204, Gradient 0.41231, Quantile 0.85474) | LR 1.00e-04
2026-06-26 13:28:24,555 INFO Epoch 36 | Batch 1050/1186 | Loss 2.99483 (NLL 4.27781 [logdet 1.49935, mahal 0.94058], L1 1.80759, Spectral 0.25667, Gradient 0.42082, Quantile 0.85591) | LR 1.00e-04
2026-06-26 13:28:27,485 INFO Epoch 36 | Batch 1100/1186 | Loss 3.03065 (NLL 4.33722 [logdet 1.46069, mahal 1.03865], L1 1.84203, Spectral 0.25841, Gradient 0.41934, Quantile 0.82776) | LR 1.00e-04
2026-06-26 13:28:30,415 INFO Epoch 36 | Batch 1150/1186 | Loss 2.90378 (NLL 4.22693 [logdet 1.43970, mahal 0.94936], L1 1.74892, Spectral 0.24808, Gradient 0.41238, Quantile 0.81364) | LR 1.00e-04
2026-06-26 13:28:37,454 INFO Epoch 36 | Val Loss 2.95225 (NLL 4.28326 [logdet 1.41352, mahal 1.03186], L1 1.77744, Spectral 0.25190, Gradient 0.41499, Quantile 0.89542)
2026-06-26 13:28:40,449 INFO Epoch 37 | Batch 50/1186 | Loss 3.06147 (NLL 4.31703 [logdet 1.44824, mahal 1.03091], L1 1.86017, Spectral 0.26019, Gradient 0.42557, Quantile 0.86131) | LR 1.00e-04
2026-06-26 13:28:43,371 INFO Epoch 37 | Batch 100/1186 | Loss 2.97390 (NLL 4.30179 [logdet 1.44399, mahal 1.01992], L1 1.80976, Spectral 0.24972, Gradient 0.41381, Quantile 0.83638) | LR 1.00e-04
2026-06-26 13:28:46,292 INFO Epoch 37 | Batch 150/1186 | Loss 2.90150 (NLL 4.24172 [logdet 1.47287, mahal 0.93098], L1 1.75960, Spectral 0.24432, Gradient 0.40631, Quantile 0.82337) | LR 1.00e-04
2026-06-26 13:28:49,216 INFO Epoch 37 | Batch 200/1186 | Loss 2.99749 (NLL 4.34121 [logdet 1.47817, mahal 1.02516], L1 1.83027, Spectral 0.24897, Gradient 0.41499, Quantile 0.86135) | LR 1.00e-04
2026-06-26 13:28:52,139 INFO Epoch 37 | Batch 250/1186 | Loss 3.02849 (NLL 4.35090 [logdet 1.46856, mahal 1.04447], L1 1.85837, Spectral 0.25002, Gradient 0.41417, Quantile 0.87477) | LR 1.00e-04
2026-06-26 13:28:55,063 INFO Epoch 37 | Batch 300/1186 | Loss 3.00612 (NLL 4.31152 [logdet 1.50720, mahal 0.96644], L1 1.82486, Spectral 0.25623, Gradient 0.41605, Quantile 0.84357) | LR 1.00e-04
2026-06-26 13:28:57,987 INFO Epoch 37 | Batch 350/1186 | Loss 2.99021 (NLL 4.26872 [logdet 1.42041, mahal 1.01044], L1 1.81599, Spectral 0.25379, Gradient 0.41588, Quantile 0.83937) | LR 1.00e-04
2026-06-26 13:29:00,913 INFO Epoch 37 | Batch 400/1186 | Loss 2.98154 (NLL 4.29385 [logdet 1.46243, mahal 0.99354], L1 1.80000, Spectral 0.25486, Gradient 0.42168, Quantile 0.82060) | LR 1.00e-04
2026-06-26 13:29:03,833 INFO Epoch 37 | Batch 450/1186 | Loss 2.98444 (NLL 4.27863 [logdet 1.44863, mahal 0.99212], L1 1.81634, Spectral 0.25255, Gradient 0.41070, Quantile 0.85671) | LR 1.00e-04
2026-06-26 13:29:06,758 INFO Epoch 37 | Batch 500/1186 | Loss 3.11564 (NLL 4.40177 [logdet 1.50188, mahal 1.06202], L1 1.90791, Spectral 0.25939, Gradient 0.42720, Quantile 0.90419) | LR 1.00e-04
2026-06-26 13:29:09,682 INFO Epoch 37 | Batch 550/1186 | Loss 3.05414 (NLL 4.31656 [logdet 1.50169, mahal 0.97699], L1 1.85105, Spectral 0.26183, Gradient 0.42268, Quantile 0.87561) | LR 1.00e-04
2026-06-26 13:29:12,603 INFO Epoch 37 | Batch 600/1186 | Loss 2.97385 (NLL 4.31488 [logdet 1.52258, mahal 0.95442], L1 1.83000, Spectral 0.24221, Gradient 0.40906, Quantile 0.83863) | LR 1.00e-04
2026-06-26 13:29:15,524 INFO Epoch 37 | Batch 650/1186 | Loss 3.03468 (NLL 4.34220 [logdet 1.44717, mahal 1.05715], L1 1.84024, Spectral 0.25868, Gradient 0.42071, Quantile 0.86830) | LR 1.00e-04
2026-06-26 13:29:18,447 INFO Epoch 37 | Batch 700/1186 | Loss 3.06184 (NLL 4.34287 [logdet 1.56479, mahal 0.94020], L1 1.85802, Spectral 0.25998, Gradient 0.42578, Quantile 0.88294) | LR 1.00e-04
2026-06-26 13:29:21,370 INFO Epoch 37 | Batch 750/1186 | Loss 3.02343 (NLL 4.32465 [logdet 1.48004, mahal 1.00674], L1 1.84495, Spectral 0.25280, Gradient 0.41896, Quantile 0.85598) | LR 1.00e-04
2026-06-26 13:29:24,296 INFO Epoch 37 | Batch 800/1186 | Loss 3.02802 (NLL 4.34351 [logdet 1.47495, mahal 1.03068], L1 1.84647, Spectral 0.25312, Gradient 0.42060, Quantile 0.85734) | LR 1.00e-04
2026-06-26 13:29:27,217 INFO Epoch 37 | Batch 850/1186 | Loss 2.91461 (NLL 4.24929 [logdet 1.42835, mahal 0.98307], L1 1.76480, Spectral 0.24779, Gradient 0.40730, Quantile 0.81550) | LR 1.00e-04
2026-06-26 13:29:30,140 INFO Epoch 37 | Batch 900/1186 | Loss 2.92005 (NLL 4.23231 [logdet 1.42275, mahal 0.97169], L1 1.75787, Spectral 0.25150, Gradient 0.41392, Quantile 0.79467) | LR 1.00e-04
2026-06-26 13:29:33,063 INFO Epoch 37 | Batch 950/1186 | Loss 2.94663 (NLL 4.26944 [logdet 1.39932, mahal 1.03225], L1 1.78998, Spectral 0.24797, Gradient 0.40902, Quantile 0.86027) | LR 1.00e-04
2026-06-26 13:29:35,985 INFO Epoch 37 | Batch 1000/1186 | Loss 2.97637 (NLL 4.30868 [logdet 1.50175, mahal 0.96905], L1 1.80833, Spectral 0.25076, Gradient 0.41452, Quantile 0.84456) | LR 1.00e-04
2026-06-26 13:29:38,911 INFO Epoch 37 | Batch 1050/1186 | Loss 2.92135 (NLL 4.28706 [logdet 1.44639, mahal 1.00280], L1 1.77018, Spectral 0.24555, Gradient 0.41179, Quantile 0.81924) | LR 1.00e-04
2026-06-26 13:29:41,837 INFO Epoch 37 | Batch 1100/1186 | Loss 2.93058 (NLL 4.25410 [logdet 1.44165, mahal 0.97457], L1 1.76992, Spectral 0.25194, Gradient 0.40936, Quantile 0.81261) | LR 1.00e-04
2026-06-26 13:29:44,762 INFO Epoch 37 | Batch 1150/1186 | Loss 3.00892 (NLL 4.31959 [logdet 1.46236, mahal 1.01936], L1 1.84249, Spectral 0.24969, Gradient 0.41529, Quantile 0.83959) | LR 1.00e-04
2026-06-26 13:29:51,815 INFO Epoch 37 | Val Loss 2.94986 (NLL 4.28048 [logdet 1.45248, mahal 0.99012], L1 1.77607, Spectral 0.25175, Gradient 0.41407, Quantile 0.89906)
2026-06-26 13:29:54,893 INFO Epoch 38 | Batch 50/1186 | Loss 2.98676 (NLL 4.29996 [logdet 1.47290, mahal 0.98918], L1 1.82350, Spectral 0.25052, Gradient 0.41177, Quantile 0.83181) | LR 1.00e-04
2026-06-26 13:29:57,902 INFO Epoch 38 | Batch 100/1186 | Loss 3.04742 (NLL 4.32141 [logdet 1.44516, mahal 1.03838], L1 1.84786, Spectral 0.25829, Gradient 0.42868, Quantile 0.84971) | LR 1.00e-04
2026-06-26 13:30:00,908 INFO Epoch 38 | Batch 150/1186 | Loss 2.97794 (NLL 4.25373 [logdet 1.45535, mahal 0.96051], L1 1.78614, Spectral 0.25980, Gradient 0.42090, Quantile 0.83982) | LR 1.00e-04
2026-06-26 13:30:03,918 INFO Epoch 38 | Batch 200/1186 | Loss 2.98651 (NLL 4.28060 [logdet 1.41121, mahal 1.03152], L1 1.82171, Spectral 0.25143, Gradient 0.41166, Quantile 0.83518) | LR 1.00e-04
2026-06-26 13:30:06,918 INFO Epoch 38 | Batch 250/1186 | Loss 2.88810 (NLL 4.22400 [logdet 1.40233, mahal 0.98380], L1 1.74124, Spectral 0.24577, Gradient 0.41049, Quantile 0.80200) | LR 1.00e-04
2026-06-26 13:30:09,917 INFO Epoch 38 | Batch 300/1186 | Loss 3.08477 (NLL 4.40248 [logdet 1.48714, mahal 1.07746], L1 1.89291, Spectral 0.25656, Gradient 0.41897, Quantile 0.88940) | LR 1.00e-04
2026-06-26 13:30:12,916 INFO Epoch 38 | Batch 350/1186 | Loss 3.03005 (NLL 4.32711 [logdet 1.52631, mahal 0.96292], L1 1.84456, Spectral 0.25645, Gradient 0.41901, Quantile 0.84634) | LR 1.00e-04
2026-06-26 13:30:15,919 INFO Epoch 38 | Batch 400/1186 | Loss 2.97870 (NLL 4.30774 [logdet 1.48629, mahal 0.98357], L1 1.82309, Spectral 0.24658, Gradient 0.41156, Quantile 0.83981) | LR 1.00e-04
2026-06-26 13:30:18,927 INFO Epoch 38 | Batch 450/1186 | Loss 2.99141 (NLL 4.27418 [logdet 1.45599, mahal 0.98032], L1 1.80963, Spectral 0.25488, Gradient 0.41958, Quantile 0.85313) | LR 1.00e-04
2026-06-26 13:30:21,934 INFO Epoch 38 | Batch 500/1186 | Loss 3.04463 (NLL 4.35084 [logdet 1.47919, mahal 1.03377], L1 1.85687, Spectral 0.25454, Gradient 0.42422, Quantile 0.84876) | LR 1.00e-04
2026-06-26 13:30:24,942 INFO Epoch 38 | Batch 550/1186 | Loss 3.00041 (NLL 4.30273 [logdet 1.44738, mahal 1.01747], L1 1.82612, Spectral 0.25288, Gradient 0.41631, Quantile 0.84531) | LR 1.00e-04
2026-06-26 13:30:27,952 INFO Epoch 38 | Batch 600/1186 | Loss 2.92592 (NLL 4.24840 [logdet 1.45556, mahal 0.95497], L1 1.77402, Spectral 0.24813, Gradient 0.40637, Quantile 0.84127) | LR 1.00e-04
2026-06-26 13:30:30,962 INFO Epoch 38 | Batch 650/1186 | Loss 3.00027 (NLL 4.30503 [logdet 1.43395, mahal 1.03320], L1 1.82259, Spectral 0.25350, Gradient 0.41886, Quantile 0.83824) | LR 1.00e-04
2026-06-26 13:30:33,969 INFO Epoch 38 | Batch 700/1186 | Loss 2.97529 (NLL 4.29830 [logdet 1.49652, mahal 0.96390], L1 1.82062, Spectral 0.24589, Gradient 0.41165, Quantile 0.84743) | LR 1.00e-04
2026-06-26 13:30:36,977 INFO Epoch 38 | Batch 750/1186 | Loss 2.94499 (NLL 4.28567 [logdet 1.45468, mahal 0.99311], L1 1.78013, Spectral 0.25117, Gradient 0.41136, Quantile 0.84357) | LR 1.00e-04
2026-06-26 13:30:39,988 INFO Epoch 38 | Batch 800/1186 | Loss 2.93233 (NLL 4.26395 [logdet 1.33869, mahal 1.08739], L1 1.77053, Spectral 0.25026, Gradient 0.41311, Quantile 0.81847) | LR 1.00e-04
2026-06-26 13:30:42,997 INFO Epoch 38 | Batch 850/1186 | Loss 3.09601 (NLL 4.36951 [logdet 1.55908, mahal 0.97255], L1 1.88533, Spectral 0.26216, Gradient 0.42988, Quantile 0.85195) | LR 1.00e-04
2026-06-26 13:30:46,006 INFO Epoch 38 | Batch 900/1186 | Loss 2.95441 (NLL 4.28733 [logdet 1.45888, mahal 0.99057], L1 1.78628, Spectral 0.25224, Gradient 0.41245, Quantile 0.84162) | LR 1.00e-04
2026-06-26 13:30:49,013 INFO Epoch 38 | Batch 950/1186 | Loss 2.96907 (NLL 4.32212 [logdet 1.46962, mahal 1.01462], L1 1.80452, Spectral 0.24871, Gradient 0.41472, Quantile 0.84734) | LR 1.00e-04
2026-06-26 13:30:52,022 INFO Epoch 38 | Batch 1000/1186 | Loss 2.92822 (NLL 4.31493 [logdet 1.45413, mahal 1.02292], L1 1.79217, Spectral 0.24258, Gradient 0.40086, Quantile 0.83783) | LR 1.00e-04
2026-06-26 13:30:55,027 INFO Epoch 38 | Batch 1050/1186 | Loss 2.96956 (NLL 4.25486 [logdet 1.46209, mahal 0.95489], L1 1.78938, Spectral 0.25550, Gradient 0.41745, Quantile 0.85160) | LR 1.00e-04
2026-06-26 13:30:58,036 INFO Epoch 38 | Batch 1100/1186 | Loss 3.04985 (NLL 4.31353 [logdet 1.45887, mahal 1.01678], L1 1.86627, Spectral 0.25494, Gradient 0.42016, Quantile 0.85185) | LR 1.00e-04
2026-06-26 13:31:01,041 INFO Epoch 38 | Batch 1150/1186 | Loss 3.02264 (NLL 4.35092 [logdet 1.49382, mahal 1.01922], L1 1.84226, Spectral 0.25310, Gradient 0.41999, Quantile 0.84948) | LR 1.00e-04
2026-06-26 13:31:08,172 INFO Epoch 38 | Val Loss 2.95102 (NLL 4.29220 [logdet 1.44379, mahal 1.01054], L1 1.78011, Spectral 0.25179, Gradient 0.41520, Quantile 0.84972)
2026-06-26 13:31:11,178 INFO Epoch 39 | Batch 50/1186 | Loss 3.02923 (NLL 4.29694 [logdet 1.46806, mahal 0.99101], L1 1.82901, Spectral 0.25931, Gradient 0.42875, Quantile 0.84037) | LR 1.00e-04
2026-06-26 13:31:14,113 INFO Epoch 39 | Batch 100/1186 | Loss 2.96352 (NLL 4.26274 [logdet 1.41194, mahal 1.01292], L1 1.81461, Spectral 0.24560, Gradient 0.40624, Quantile 0.86427) | LR 1.00e-04
2026-06-26 13:31:17,047 INFO Epoch 39 | Batch 150/1186 | Loss 3.08809 (NLL 4.42447 [logdet 1.51124, mahal 1.07535], L1 1.87508, Spectral 0.26229, Gradient 0.42910, Quantile 0.86547) | LR 1.00e-04
2026-06-26 13:31:19,979 INFO Epoch 39 | Batch 200/1186 | Loss 3.01450 (NLL 4.32573 [logdet 1.54264, mahal 0.94521], L1 1.83235, Spectral 0.25487, Gradient 0.41839, Quantile 0.85405) | LR 1.00e-04
2026-06-26 13:31:22,916 INFO Epoch 39 | Batch 250/1186 | Loss 2.97698 (NLL 4.28162 [logdet 1.46242, mahal 0.98132], L1 1.81018, Spectral 0.25134, Gradient 0.41313, Quantile 0.84221) | LR 1.00e-04
2026-06-26 13:31:25,835 INFO Epoch 39 | Batch 300/1186 | Loss 2.99330 (NLL 4.31610 [logdet 1.48177, mahal 0.99646], L1 1.82963, Spectral 0.24959, Gradient 0.41272, Quantile 0.84192) | LR 1.00e-04
2026-06-26 13:31:28,753 INFO Epoch 39 | Batch 350/1186 | Loss 3.00366 (NLL 4.29147 [logdet 1.46181, mahal 0.99178], L1 1.83154, Spectral 0.25229, Gradient 0.41500, Quantile 0.85389) | LR 1.00e-04
2026-06-26 13:31:31,658 INFO Epoch 39 | Batch 400/1186 | Loss 2.96986 (NLL 4.28838 [logdet 1.45136, mahal 0.99915], L1 1.79796, Spectral 0.25107, Gradient 0.41802, Quantile 0.84652) | LR 1.00e-04
2026-06-26 13:31:34,557 INFO Epoch 39 | Batch 450/1186 | Loss 3.00191 (NLL 4.32149 [logdet 1.43867, mahal 1.04494], L1 1.81296, Spectral 0.25636, Gradient 0.42345, Quantile 0.83775) | LR 1.00e-04
2026-06-26 13:31:37,457 INFO Epoch 39 | Batch 500/1186 | Loss 3.03558 (NLL 4.32422 [logdet 1.47012, mahal 1.01622], L1 1.83991, Spectral 0.25844, Gradient 0.42413, Quantile 0.85411) | LR 1.00e-04
2026-06-26 13:31:40,357 INFO Epoch 39 | Batch 550/1186 | Loss 2.93893 (NLL 4.26785 [logdet 1.50335, mahal 0.92662], L1 1.77524, Spectral 0.25015, Gradient 0.41480, Quantile 0.82117) | LR 1.00e-04
2026-06-26 13:31:43,254 INFO Epoch 39 | Batch 600/1186 | Loss 3.01386 (NLL 4.28868 [logdet 1.43198, mahal 1.01882], L1 1.82941, Spectral 0.25559, Gradient 0.41984, Quantile 0.85813) | LR 1.00e-04
2026-06-26 13:31:46,155 INFO Epoch 39 | Batch 650/1186 | Loss 2.93395 (NLL 4.22677 [logdet 1.41138, mahal 0.97752], L1 1.76139, Spectral 0.25328, Gradient 0.41894, Quantile 0.81183) | LR 1.00e-04
2026-06-26 13:31:49,054 INFO Epoch 39 | Batch 700/1186 | Loss 2.96094 (NLL 4.26755 [logdet 1.45434, mahal 0.97533], L1 1.79367, Spectral 0.25287, Gradient 0.41174, Quantile 0.83199) | LR 1.00e-04
2026-06-26 13:31:51,954 INFO Epoch 39 | Batch 750/1186 | Loss 3.00659 (NLL 4.29559 [logdet 1.42200, mahal 1.03571], L1 1.82781, Spectral 0.25416, Gradient 0.41875, Quantile 0.83936) | LR 1.00e-04
2026-06-26 13:31:54,852 INFO Epoch 39 | Batch 800/1186 | Loss 2.96440 (NLL 4.30369 [logdet 1.45578, mahal 1.01003], L1 1.80561, Spectral 0.24969, Gradient 0.40781, Quantile 0.84599) | LR 1.00e-04
2026-06-26 13:31:57,752 INFO Epoch 39 | Batch 850/1186 | Loss 2.97377 (NLL 4.31322 [logdet 1.41821, mahal 1.05713], L1 1.82109, Spectral 0.24676, Gradient 0.40850, Quantile 0.83631) | LR 1.00e-04
2026-06-26 13:32:00,652 INFO Epoch 39 | Batch 900/1186 | Loss 3.01712 (NLL 4.34110 [logdet 1.54262, mahal 0.96060], L1 1.85772, Spectral 0.24707, Gradient 0.41126, Quantile 0.86239) | LR 1.00e-04
2026-06-26 13:32:03,550 INFO Epoch 39 | Batch 950/1186 | Loss 2.97937 (NLL 4.29194 [logdet 1.47063, mahal 0.98343], L1 1.80851, Spectral 0.25233, Gradient 0.41618, Quantile 0.82550) | LR 1.00e-04
2026-06-26 13:32:06,450 INFO Epoch 39 | Batch 1000/1186 | Loss 2.96720 (NLL 4.30230 [logdet 1.45800, mahal 1.00643], L1 1.80802, Spectral 0.24937, Gradient 0.40948, Quantile 0.83911) | LR 1.00e-04
2026-06-26 13:32:09,351 INFO Epoch 39 | Batch 1050/1186 | Loss 2.96883 (NLL 4.23876 [logdet 1.46164, mahal 0.93924], L1 1.79521, Spectral 0.25455, Gradient 0.41539, Quantile 0.83037) | LR 1.00e-04
2026-06-26 13:32:12,251 INFO Epoch 39 | Batch 1100/1186 | Loss 3.06777 (NLL 4.40193 [logdet 1.49286, mahal 1.07119], L1 1.88813, Spectral 0.25232, Gradient 0.41498, Quantile 0.89999) | LR 1.00e-04
2026-06-26 13:32:15,151 INFO Epoch 39 | Batch 1150/1186 | Loss 2.94258 (NLL 4.26632 [logdet 1.46654, mahal 0.96190], L1 1.78483, Spectral 0.24797, Gradient 0.41285, Quantile 0.82946) | LR 1.00e-04
2026-06-26 13:32:22,167 INFO Epoch 39 | Val Loss 2.94682 (NLL 4.28280 [logdet 1.46136, mahal 0.98356], L1 1.77498, Spectral 0.25117, Gradient 0.41452, Quantile 0.88519)
2026-06-26 13:32:25,176 INFO Epoch 40 | Batch 50/1186 | Loss 3.00919 (NLL 4.28393 [logdet 1.46709, mahal 0.97897], L1 1.82527, Spectral 0.25534, Gradient 0.42018, Quantile 0.85580) | LR 1.00e-04
2026-06-26 13:32:28,107 INFO Epoch 40 | Batch 100/1186 | Loss 2.94825 (NLL 4.27924 [logdet 1.47214, mahal 0.96922], L1 1.79197, Spectral 0.24822, Gradient 0.41068, Quantile 0.82810) | LR 1.00e-04
2026-06-26 13:32:31,042 INFO Epoch 40 | Batch 150/1186 | Loss 2.91499 (NLL 4.26497 [logdet 1.41558, mahal 1.01152], L1 1.74894, Spectral 0.25092, Gradient 0.41537, Quantile 0.82366) | LR 1.00e-04
2026-06-26 13:32:33,973 INFO Epoch 40 | Batch 200/1186 | Loss 2.96611 (NLL 4.28252 [logdet 1.41622, mahal 1.02842], L1 1.79512, Spectral 0.25251, Gradient 0.41541, Quantile 0.83452) | LR 1.00e-04
2026-06-26 13:32:36,906 INFO Epoch 40 | Batch 250/1186 | Loss 2.93398 (NLL 4.28723 [logdet 1.43636, mahal 1.01300], L1 1.78569, Spectral 0.24788, Gradient 0.40271, Quantile 0.83640) | LR 1.00e-04
2026-06-26 13:32:39,843 INFO Epoch 40 | Batch 300/1186 | Loss 3.03031 (NLL 4.28327 [logdet 1.46134, mahal 0.98405], L1 1.84190, Spectral 0.25591, Gradient 0.42360, Quantile 0.85308) | LR 1.00e-04
2026-06-26 13:32:42,773 INFO Epoch 40 | Batch 350/1186 | Loss 2.96871 (NLL 4.25709 [logdet 1.45906, mahal 0.96014], L1 1.77849, Spectral 0.25897, Gradient 0.42044, Quantile 0.84609) | LR 1.00e-04
2026-06-26 13:32:45,698 INFO Epoch 40 | Batch 400/1186 | Loss 2.99338 (NLL 4.31689 [logdet 1.48039, mahal 0.99862], L1 1.82216, Spectral 0.25140, Gradient 0.41681, Quantile 0.83595) | LR 1.00e-04
2026-06-26 13:32:48,620 INFO Epoch 40 | Batch 450/1186 | Loss 3.03980 (NLL 4.35617 [logdet 1.46209, mahal 1.05620], L1 1.85917, Spectral 0.25505, Gradient 0.41536, Quantile 0.85763) | LR 1.00e-04
2026-06-26 13:32:51,545 INFO Epoch 40 | Batch 500/1186 | Loss 2.98558 (NLL 4.30548 [logdet 1.50467, mahal 0.96293], L1 1.81897, Spectral 0.24995, Gradient 0.41304, Quantile 0.86570) | LR 1.00e-04
2026-06-26 13:32:54,473 INFO Epoch 40 | Batch 550/1186 | Loss 3.01509 (NLL 4.33454 [logdet 1.45799, mahal 1.03868], L1 1.85335, Spectral 0.24748, Gradient 0.41386, Quantile 0.85109) | LR 1.00e-04
2026-06-26 13:32:57,398 INFO Epoch 40 | Batch 600/1186 | Loss 2.99021 (NLL 4.30667 [logdet 1.49084, mahal 0.97796], L1 1.82033, Spectral 0.25018, Gradient 0.41696, Quantile 0.85121) | LR 1.00e-04
2026-06-26 13:33:00,323 INFO Epoch 40 | Batch 650/1186 | Loss 3.01800 (NLL 4.33361 [logdet 1.48027, mahal 1.01546], L1 1.84960, Spectral 0.25212, Gradient 0.41060, Quantile 0.85317) | LR 1.00e-04
2026-06-26 13:33:03,247 INFO Epoch 40 | Batch 700/1186 | Loss 2.94731 (NLL 4.24646 [logdet 1.44257, mahal 0.96602], L1 1.78589, Spectral 0.25063, Gradient 0.41152, Quantile 0.82933) | LR 1.00e-04
2026-06-26 13:33:06,171 INFO Epoch 40 | Batch 750/1186 | Loss 3.01255 (NLL 4.33275 [logdet 1.48114, mahal 1.01374], L1 1.83409, Spectral 0.25330, Gradient 0.41696, Quantile 0.86408) | LR 1.00e-04
2026-06-26 13:33:09,096 INFO Epoch 40 | Batch 800/1186 | Loss 2.97069 (NLL 4.26474 [logdet 1.43506, mahal 0.99181], L1 1.79686, Spectral 0.25140, Gradient 0.42273, Quantile 0.81430) | LR 1.00e-04
2026-06-26 13:33:12,018 INFO Epoch 40 | Batch 850/1186 | Loss 3.04019 (NLL 4.34184 [logdet 1.45809, mahal 1.04587], L1 1.86195, Spectral 0.25099, Gradient 0.41883, Quantile 0.89153) | LR 1.00e-04
2026-06-26 13:33:14,943 INFO Epoch 40 | Batch 900/1186 | Loss 2.98374 (NLL 4.28278 [logdet 1.47324, mahal 0.97166], L1 1.81905, Spectral 0.25016, Gradient 0.41467, Quantile 0.82861) | LR 1.00e-04
2026-06-26 13:33:17,869 INFO Epoch 40 | Batch 950/1186 | Loss 3.06509 (NLL 4.34285 [logdet 1.48599, mahal 1.01898], L1 1.86321, Spectral 0.26069, Gradient 0.42421, Quantile 0.86309) | LR 1.00e-04
2026-06-26 13:33:20,796 INFO Epoch 40 | Batch 1000/1186 | Loss 2.95432 (NLL 4.28550 [logdet 1.44910, mahal 0.99852], L1 1.78162, Spectral 0.25311, Gradient 0.41537, Quantile 0.83897) | LR 1.00e-04
2026-06-26 13:33:23,724 INFO Epoch 40 | Batch 1050/1186 | Loss 2.93771 (NLL 4.24337 [logdet 1.40596, mahal 0.99952], L1 1.77723, Spectral 0.24893, Gradient 0.41506, Quantile 0.81945) | LR 1.00e-04
2026-06-26 13:33:26,647 INFO Epoch 40 | Batch 1100/1186 | Loss 3.07299 (NLL 4.38553 [logdet 1.47608, mahal 1.07157], L1 1.88756, Spectral 0.25306, Gradient 0.42228, Quantile 0.86853) | LR 1.00e-04
2026-06-26 13:33:29,569 INFO Epoch 40 | Batch 1150/1186 | Loss 2.94131 (NLL 4.26366 [logdet 1.48566, mahal 0.94012], L1 1.77580, Spectral 0.25177, Gradient 0.41271, Quantile 0.82852) | LR 1.00e-04
2026-06-26 13:33:36,613 INFO Epoch 40 | Val Loss 2.95114 (NLL 4.29710 [logdet 1.49848, mahal 0.96074], L1 1.78141, Spectral 0.25112, Gradient 0.41399, Quantile 0.86442)
2026-06-26 13:33:39,689 INFO Epoch 41 | Batch 50/1186 | Loss 3.02477 (NLL 4.33924 [logdet 1.51462, mahal 0.98674], L1 1.84257, Spectral 0.25467, Gradient 0.41876, Quantile 0.85068) | LR 1.00e-04
2026-06-26 13:33:42,688 INFO Epoch 41 | Batch 100/1186 | Loss 2.97073 (NLL 4.26709 [logdet 1.44961, mahal 0.97959], L1 1.80584, Spectral 0.25017, Gradient 0.41480, Quantile 0.83426) | LR 1.00e-04
2026-06-26 13:33:45,685 INFO Epoch 41 | Batch 150/1186 | Loss 2.94254 (NLL 4.27951 [logdet 1.45790, mahal 0.98373], L1 1.78738, Spectral 0.24919, Gradient 0.40801, Quantile 0.82338) | LR 1.00e-04
2026-06-26 13:33:48,684 INFO Epoch 41 | Batch 200/1186 | Loss 3.00183 (NLL 4.32355 [logdet 1.45579, mahal 1.02988], L1 1.82467, Spectral 0.25151, Gradient 0.42041, Quantile 0.85539) | LR 1.00e-04
2026-06-26 13:33:51,684 INFO Epoch 41 | Batch 250/1186 | Loss 2.95411 (NLL 4.23781 [logdet 1.39649, mahal 1.00344], L1 1.78240, Spectral 0.25163, Gradient 0.42057, Quantile 0.81892) | LR 1.00e-04
2026-06-26 13:33:54,680 INFO Epoch 41 | Batch 300/1186 | Loss 2.97756 (NLL 4.30553 [logdet 1.49965, mahal 0.96801], L1 1.81825, Spectral 0.24968, Gradient 0.40890, Quantile 0.83875) | LR 1.00e-04
2026-06-26 13:33:57,680 INFO Epoch 41 | Batch 350/1186 | Loss 2.97754 (NLL 4.29963 [logdet 1.46950, mahal 0.99225], L1 1.81041, Spectral 0.25248, Gradient 0.40898, Quantile 0.86042) | LR 1.00e-04
2026-06-26 13:34:00,679 INFO Epoch 41 | Batch 400/1186 | Loss 3.02764 (NLL 4.36426 [logdet 1.48891, mahal 1.03748], L1 1.85207, Spectral 0.25059, Gradient 0.41895, Quantile 0.86270) | LR 1.00e-04
2026-06-26 13:34:03,672 INFO Epoch 41 | Batch 450/1186 | Loss 3.07435 (NLL 4.39554 [logdet 1.53636, mahal 1.02130], L1 1.89229, Spectral 0.25411, Gradient 0.41581, Quantile 0.87731) | LR 1.00e-04
2026-06-26 13:34:06,668 INFO Epoch 41 | Batch 500/1186 | Loss 2.96143 (NLL 4.26032 [logdet 1.44039, mahal 0.98206], L1 1.78321, Spectral 0.25351, Gradient 0.42130, Quantile 0.83094) | LR 1.00e-04
2026-06-26 13:34:09,659 INFO Epoch 41 | Batch 550/1186 | Loss 2.92943 (NLL 4.22703 [logdet 1.42547, mahal 0.96369], L1 1.77460, Spectral 0.25002, Gradient 0.40605, Quantile 0.84006) | LR 1.00e-04
2026-06-26 13:34:12,655 INFO Epoch 41 | Batch 600/1186 | Loss 3.01844 (NLL 4.32064 [logdet 1.47073, mahal 1.01204], L1 1.82778, Spectral 0.25536, Gradient 0.42657, Quantile 0.84458) | LR 1.00e-04
2026-06-26 13:34:15,647 INFO Epoch 41 | Batch 650/1186 | Loss 2.97122 (NLL 4.30673 [logdet 1.47274, mahal 0.99612], L1 1.82094, Spectral 0.24543, Gradient 0.40714, Quantile 0.85873) | LR 1.00e-04
2026-06-26 13:34:18,633 INFO Epoch 41 | Batch 700/1186 | Loss 2.96274 (NLL 4.30911 [logdet 1.44105, mahal 1.03019], L1 1.80018, Spectral 0.24943, Gradient 0.41228, Quantile 0.84090) | LR 1.00e-04
2026-06-26 13:34:21,623 INFO Epoch 41 | Batch 750/1186 | Loss 2.95377 (NLL 4.28155 [logdet 1.45577, mahal 0.98790], L1 1.77856, Spectral 0.25373, Gradient 0.41687, Quantile 0.83611) | LR 1.00e-04
2026-06-26 13:34:24,612 INFO Epoch 41 | Batch 800/1186 | Loss 2.93087 (NLL 4.24754 [logdet 1.43236, mahal 0.97731], L1 1.77967, Spectral 0.24697, Gradient 0.40953, Quantile 0.82501) | LR 1.00e-04
2026-06-26 13:34:27,603 INFO Epoch 41 | Batch 850/1186 | Loss 2.96564 (NLL 4.25306 [logdet 1.41917, mahal 0.99602], L1 1.79520, Spectral 0.25145, Gradient 0.41901, Quantile 0.82192) | LR 1.00e-04
2026-06-26 13:34:30,592 INFO Epoch 41 | Batch 900/1186 | Loss 2.99521 (NLL 4.28276 [logdet 1.44455, mahal 1.00033], L1 1.80580, Spectral 0.25750, Gradient 0.42212, Quantile 0.84397) | LR 1.00e-04
2026-06-26 13:34:33,587 INFO Epoch 41 | Batch 950/1186 | Loss 3.01426 (NLL 4.31407 [logdet 1.45465, mahal 1.02154], L1 1.83904, Spectral 0.25203, Gradient 0.41902, Quantile 0.84100) | LR 1.00e-04
2026-06-26 13:34:36,570 INFO Epoch 41 | Batch 1000/1186 | Loss 3.00501 (NLL 4.33411 [logdet 1.47064, mahal 1.02560], L1 1.81674, Spectral 0.25657, Gradient 0.42003, Quantile 0.86002) | LR 1.00e-04
2026-06-26 13:34:39,566 INFO Epoch 41 | Batch 1050/1186 | Loss 2.95218 (NLL 4.24792 [logdet 1.44393, mahal 0.96611], L1 1.78636, Spectral 0.25026, Gradient 0.41501, Quantile 0.84624) | LR 1.00e-04
2026-06-26 13:34:42,555 INFO Epoch 41 | Batch 1100/1186 | Loss 3.02571 (NLL 4.31583 [logdet 1.45260, mahal 1.02535], L1 1.83931, Spectral 0.25728, Gradient 0.42012, Quantile 0.82773) | LR 1.00e-04
2026-06-26 13:34:45,544 INFO Epoch 41 | Batch 1150/1186 | Loss 3.03886 (NLL 4.34517 [logdet 1.51026, mahal 0.99704], L1 1.86723, Spectral 0.25241, Gradient 0.41097, Quantile 0.87401) | LR 1.00e-04
2026-06-26 13:34:52,659 INFO Epoch 41 | Val Loss 2.94618 (NLL 4.28744 [logdet 1.59135, mahal 0.85822], L1 1.77628, Spectral 0.25094, Gradient 0.41390, Quantile 0.87483)
2026-06-26 13:34:55,723 INFO Epoch 42 | Batch 50/1186 | Loss 2.97053 (NLL 4.27201 [logdet 1.43912, mahal 0.99502], L1 1.79431, Spectral 0.25383, Gradient 0.41845, Quantile 0.82995) | LR 1.00e-04
2026-06-26 13:34:58,721 INFO Epoch 42 | Batch 100/1186 | Loss 3.00161 (NLL 4.30059 [logdet 1.43791, mahal 1.02480], L1 1.81067, Spectral 0.25893, Gradient 0.42226, Quantile 0.81999) | LR 1.00e-04
2026-06-26 13:35:01,719 INFO Epoch 42 | Batch 150/1186 | Loss 2.97358 (NLL 4.26838 [logdet 1.44959, mahal 0.98091], L1 1.80244, Spectral 0.25474, Gradient 0.41092, Quantile 0.83997) | LR 1.00e-04
2026-06-26 13:35:04,709 INFO Epoch 42 | Batch 200/1186 | Loss 2.98200 (NLL 4.32297 [logdet 1.45249, mahal 1.03261], L1 1.81435, Spectral 0.25015, Gradient 0.41425, Quantile 0.85302) | LR 1.00e-04
2026-06-26 13:35:07,700 INFO Epoch 42 | Batch 250/1186 | Loss 2.96670 (NLL 4.31061 [logdet 1.49817, mahal 0.97456], L1 1.80784, Spectral 0.24870, Gradient 0.40999, Quantile 0.84266) | LR 1.00e-04
2026-06-26 13:35:10,697 INFO Epoch 42 | Batch 300/1186 | Loss 2.97021 (NLL 4.31074 [logdet 1.42723, mahal 1.04563], L1 1.81608, Spectral 0.24620, Gradient 0.40900, Quantile 0.86049) | LR 1.00e-04
2026-06-26 13:35:13,691 INFO Epoch 42 | Batch 350/1186 | Loss 2.95742 (NLL 4.31228 [logdet 1.50577, mahal 0.96864], L1 1.80715, Spectral 0.24470, Gradient 0.40969, Quantile 0.84478) | LR 1.00e-04
2026-06-26 13:35:16,684 INFO Epoch 42 | Batch 400/1186 | Loss 3.02418 (NLL 4.30305 [logdet 1.44619, mahal 1.01898], L1 1.82845, Spectral 0.25936, Gradient 0.42330, Quantile 0.84991) | LR 1.00e-04
2026-06-26 13:35:19,675 INFO Epoch 42 | Batch 450/1186 | Loss 2.99299 (NLL 4.28923 [logdet 1.47827, mahal 0.97309], L1 1.80236, Spectral 0.25888, Gradient 0.42133, Quantile 0.83200) | LR 1.00e-04
2026-06-26 13:35:22,674 INFO Epoch 42 | Batch 500/1186 | Loss 3.04540 (NLL 4.29967 [logdet 1.43592, mahal 1.02587], L1 1.85969, Spectral 0.25391, Gradient 0.42466, Quantile 0.85264) | LR 1.00e-04
2026-06-26 13:35:25,674 INFO Epoch 42 | Batch 550/1186 | Loss 2.95594 (NLL 4.29800 [logdet 1.47819, mahal 0.98194], L1 1.79448, Spectral 0.24961, Gradient 0.41093, Quantile 0.84351) | LR 1.00e-04
2026-06-26 13:35:28,673 INFO Epoch 42 | Batch 600/1186 | Loss 2.96047 (NLL 4.27899 [logdet 1.42209, mahal 1.01903], L1 1.79337, Spectral 0.25053, Gradient 0.41528, Quantile 0.84052) | LR 1.00e-04
2026-06-26 13:35:31,671 INFO Epoch 42 | Batch 650/1186 | Loss 2.99963 (NLL 4.27759 [logdet 1.41663, mahal 1.02308], L1 1.81289, Spectral 0.25545, Gradient 0.42303, Quantile 0.85389) | LR 1.00e-04
2026-06-26 13:35:34,669 INFO Epoch 42 | Batch 700/1186 | Loss 2.98025 (NLL 4.28347 [logdet 1.47588, mahal 0.96970], L1 1.81154, Spectral 0.25214, Gradient 0.41446, Quantile 0.82878) | LR 1.00e-04
2026-06-26 13:35:37,666 INFO Epoch 42 | Batch 750/1186 | Loss 2.99988 (NLL 4.29153 [logdet 1.43026, mahal 1.02340], L1 1.81537, Spectral 0.25526, Gradient 0.42188, Quantile 0.84234) | LR 1.00e-04
2026-06-26 13:35:40,662 INFO Epoch 42 | Batch 800/1186 | Loss 3.03231 (NLL 4.33213 [logdet 1.50927, mahal 0.98499], L1 1.83923, Spectral 0.25878, Gradient 0.42012, Quantile 0.86076) | LR 1.00e-04
2026-06-26 13:35:43,649 INFO Epoch 42 | Batch 850/1186 | Loss 3.00109 (NLL 4.34124 [logdet 1.48575, mahal 1.01762], L1 1.83538, Spectral 0.25037, Gradient 0.41056, Quantile 0.86250) | LR 1.00e-04
2026-06-26 13:35:46,647 INFO Epoch 42 | Batch 900/1186 | Loss 2.99071 (NLL 4.33181 [logdet 1.50709, mahal 0.98684], L1 1.83153, Spectral 0.24794, Gradient 0.41157, Quantile 0.83907) | LR 1.00e-04
2026-06-26 13:35:49,642 INFO Epoch 42 | Batch 950/1186 | Loss 2.96399 (NLL 4.25803 [logdet 1.44813, mahal 0.97201], L1 1.79308, Spectral 0.25136, Gradient 0.41674, Quantile 0.85340) | LR 1.00e-04
2026-06-26 13:35:52,636 INFO Epoch 42 | Batch 1000/1186 | Loss 2.97167 (NLL 4.27520 [logdet 1.45206, mahal 0.98527], L1 1.81854, Spectral 0.24526, Gradient 0.41297, Quantile 0.83777) | LR 1.00e-04
2026-06-26 13:35:55,623 INFO Epoch 42 | Batch 1050/1186 | Loss 2.97347 (NLL 4.26231 [logdet 1.41000, mahal 1.01443], L1 1.80394, Spectral 0.25100, Gradient 0.41725, Quantile 0.83954) | LR 1.00e-04
2026-06-26 13:35:58,613 INFO Epoch 42 | Batch 1100/1186 | Loss 3.01698 (NLL 4.30697 [logdet 1.48497, mahal 0.98412], L1 1.84918, Spectral 0.25056, Gradient 0.41395, Quantile 0.85385) | LR 1.00e-04
2026-06-26 13:36:01,599 INFO Epoch 42 | Batch 1150/1186 | Loss 3.00592 (NLL 4.31744 [logdet 1.39124, mahal 1.08833], L1 1.83414, Spectral 0.25117, Gradient 0.41733, Quantile 0.84126) | LR 1.00e-04
2026-06-26 13:36:08,686 INFO Epoch 42 | Val Loss 2.94415 (NLL 4.27592 [logdet 1.41521, mahal 1.02283], L1 1.77545, Spectral 0.25108, Gradient 0.41469, Quantile 0.85335)
2026-06-26 13:36:08,762 INFO New best val loss: 2.94415 (saved checkpoints/best.pth)
2026-06-26 13:36:11,794 INFO Epoch 43 | Batch 50/1186 | Loss 3.01817 (NLL 4.30627 [logdet 1.47331, mahal 0.99508], L1 1.82630, Spectral 0.25863, Gradient 0.42111, Quantile 0.84816) | LR 1.00e-04
2026-06-26 13:36:14,802 INFO Epoch 43 | Batch 100/1186 | Loss 3.03869 (NLL 4.31260 [logdet 1.50817, mahal 0.96656], L1 1.86071, Spectral 0.25149, Gradient 0.42093, Quantile 0.86249) | LR 1.00e-04
2026-06-26 13:36:17,799 INFO Epoch 43 | Batch 150/1186 | Loss 2.92224 (NLL 4.26702 [logdet 1.40998, mahal 1.01917], L1 1.76470, Spectral 0.24862, Gradient 0.41221, Quantile 0.81918) | LR 1.00e-04
2026-06-26 13:36:20,799 INFO Epoch 43 | Batch 200/1186 | Loss 2.99636 (NLL 4.30376 [logdet 1.47660, mahal 0.98928], L1 1.80301, Spectral 0.25984, Gradient 0.41980, Quantile 0.85216) | LR 1.00e-04
2026-06-26 13:36:23,799 INFO Epoch 43 | Batch 250/1186 | Loss 3.03955 (NLL 4.36183 [logdet 1.47407, mahal 1.04988], L1 1.85956, Spectral 0.25455, Gradient 0.41622, Quantile 0.85054) | LR 1.00e-04
2026-06-26 13:36:26,798 INFO Epoch 43 | Batch 300/1186 | Loss 2.93668 (NLL 4.24968 [logdet 1.45809, mahal 0.95371], L1 1.78191, Spectral 0.24704, Gradient 0.41210, Quantile 0.83250) | LR 1.00e-04
2026-06-26 13:36:29,797 INFO Epoch 43 | Batch 350/1186 | Loss 2.94116 (NLL 4.29338 [logdet 1.44246, mahal 1.01305], L1 1.78336, Spectral 0.24769, Gradient 0.41233, Quantile 0.83370) | LR 1.00e-04
2026-06-26 13:36:32,795 INFO Epoch 43 | Batch 400/1186 | Loss 2.93218 (NLL 4.24517 [logdet 1.45711, mahal 0.95018], L1 1.78000, Spectral 0.24822, Gradient 0.40867, Quantile 0.81705) | LR 1.00e-04
2026-06-26 13:36:35,737 INFO Epoch 43 | Batch 450/1186 | Loss 3.06668 (NLL 4.36284 [logdet 1.44474, mahal 1.08022], L1 1.88286, Spectral 0.25341, Gradient 0.41985, Quantile 0.87759) | LR 1.00e-04
2026-06-26 13:36:38,670 INFO Epoch 43 | Batch 500/1186 | Loss 3.01936 (NLL 4.36656 [logdet 1.51411, mahal 1.01457], L1 1.84038, Spectral 0.25388, Gradient 0.41693, Quantile 0.84566) | LR 1.00e-04
2026-06-26 13:36:41,597 INFO Epoch 43 | Batch 550/1186 | Loss 3.00796 (NLL 4.31338 [logdet 1.47630, mahal 0.99920], L1 1.84847, Spectral 0.24787, Gradient 0.41112, Quantile 0.85535) | LR 1.00e-04
2026-06-26 13:36:44,527 INFO Epoch 43 | Batch 600/1186 | Loss 2.95300 (NLL 4.25411 [logdet 1.44305, mahal 0.97318], L1 1.78565, Spectral 0.25211, Gradient 0.41402, Quantile 0.82915) | LR 1.00e-04
2026-06-26 13:36:47,458 INFO Epoch 43 | Batch 650/1186 | Loss 2.96263 (NLL 4.26832 [logdet 1.42475, mahal 1.00570], L1 1.78851, Spectral 0.25203, Gradient 0.41922, Quantile 0.84144) | LR 1.00e-04
2026-06-26 13:36:50,392 INFO Epoch 43 | Batch 700/1186 | Loss 2.98118 (NLL 4.30821 [logdet 1.47452, mahal 0.99581], L1 1.81351, Spectral 0.25063, Gradient 0.41308, Quantile 0.85995) | LR 1.00e-04
2026-06-26 13:36:53,322 INFO Epoch 43 | Batch 750/1186 | Loss 2.97287 (NLL 4.28724 [logdet 1.43121, mahal 1.01816], L1 1.81196, Spectral 0.24975, Gradient 0.41314, Quantile 0.81254) | LR 1.00e-04
2026-06-26 13:36:56,246 INFO Epoch 43 | Batch 800/1186 | Loss 3.02347 (NLL 4.30256 [logdet 1.46610, mahal 0.99858], L1 1.84498, Spectral 0.25506, Gradient 0.41421, Quantile 0.86459) | LR 1.00e-04
2026-06-26 13:36:59,175 INFO Epoch 43 | Batch 850/1186 | Loss 2.99848 (NLL 4.30645 [logdet 1.46441, mahal 1.00416], L1 1.82972, Spectral 0.25056, Gradient 0.41490, Quantile 0.85360) | LR 1.00e-04
2026-06-26 13:37:02,107 INFO Epoch 43 | Batch 900/1186 | Loss 2.95035 (NLL 4.24688 [logdet 1.41640, mahal 0.99260], L1 1.78817, Spectral 0.25093, Gradient 0.41149, Quantile 0.83103) | LR 1.00e-04
2026-06-26 13:37:05,037 INFO Epoch 43 | Batch 950/1186 | Loss 2.97996 (NLL 4.28530 [logdet 1.43686, mahal 1.01056], L1 1.82041, Spectral 0.24866, Gradient 0.41030, Quantile 0.85623) | LR 1.00e-04
2026-06-26 13:37:07,968 INFO Epoch 43 | Batch 1000/1186 | Loss 2.92369 (NLL 4.21948 [logdet 1.38382, mahal 0.99778], L1 1.75297, Spectral 0.25335, Gradient 0.41726, Quantile 0.81156) | LR 1.00e-04
2026-06-26 13:37:10,898 INFO Epoch 43 | Batch 1050/1186 | Loss 3.03712 (NLL 4.36588 [logdet 1.48724, mahal 1.04076], L1 1.86103, Spectral 0.25263, Gradient 0.41658, Quantile 0.84728) | LR 1.00e-04
2026-06-26 13:37:13,828 INFO Epoch 43 | Batch 1100/1186 | Loss 2.90242 (NLL 4.23218 [logdet 1.46365, mahal 0.93066], L1 1.73480, Spectral 0.25230, Gradient 0.41532, Quantile 0.81991) | LR 1.00e-04
2026-06-26 13:37:16,760 INFO Epoch 43 | Batch 1150/1186 | Loss 3.00021 (NLL 4.33506 [logdet 1.48620, mahal 1.01097], L1 1.83161, Spectral 0.24908, Gradient 0.41708, Quantile 0.85225) | LR 1.00e-04
2026-06-26 13:37:23,812 INFO Epoch 43 | Val Loss 2.94993 (NLL 4.28296 [logdet 1.44816, mahal 0.99693], L1 1.77730, Spectral 0.25149, Gradient 0.41494, Quantile 0.88164)
2026-06-26 13:37:26,890 INFO Epoch 44 | Batch 50/1186 | Loss 3.00721 (NLL 4.33191 [logdet 1.48781, mahal 1.00622], L1 1.84298, Spectral 0.24993, Gradient 0.41111, Quantile 0.85332) | LR 1.00e-04
2026-06-26 13:37:29,898 INFO Epoch 44 | Batch 100/1186 | Loss 2.94076 (NLL 4.25977 [logdet 1.42210, mahal 0.99979], L1 1.78860, Spectral 0.24634, Gradient 0.40987, Quantile 0.84242) | LR 1.00e-04
2026-06-26 13:37:32,898 INFO Epoch 44 | Batch 150/1186 | Loss 2.97371 (NLL 4.25414 [logdet 1.45908, mahal 0.95718], L1 1.79169, Spectral 0.25651, Gradient 0.41860, Quantile 0.83516) | LR 1.00e-04
2026-06-26 13:37:35,904 INFO Epoch 44 | Batch 200/1186 | Loss 3.00161 (NLL 4.32542 [logdet 1.47664, mahal 1.01089], L1 1.82977, Spectral 0.25190, Gradient 0.41511, Quantile 0.84754) | LR 1.00e-04
2026-06-26 13:37:38,914 INFO Epoch 44 | Batch 250/1186 | Loss 3.00785 (NLL 4.31624 [logdet 1.44322, mahal 1.03515], L1 1.83699, Spectral 0.25047, Gradient 0.41697, Quantile 0.85199) | LR 1.00e-04
2026-06-26 13:37:41,912 INFO Epoch 44 | Batch 300/1186 | Loss 2.96444 (NLL 4.27097 [logdet 1.46957, mahal 0.96353], L1 1.80366, Spectral 0.25057, Gradient 0.41060, Quantile 0.82614) | LR 1.00e-04
2026-06-26 13:37:44,913 INFO Epoch 44 | Batch 350/1186 | Loss 2.94917 (NLL 4.27959 [logdet 1.41219, mahal 1.02952], L1 1.78614, Spectral 0.25127, Gradient 0.41130, Quantile 0.82393) | LR 1.00e-04
2026-06-26 13:37:47,912 INFO Epoch 44 | Batch 400/1186 | Loss 2.97683 (NLL 4.26236 [logdet 1.42165, mahal 1.00284], L1 1.78956, Spectral 0.25825, Gradient 0.42100, Quantile 0.82229) | LR 1.00e-04
2026-06-26 13:37:50,912 INFO Epoch 44 | Batch 450/1186 | Loss 3.03363 (NLL 4.35085 [logdet 1.48817, mahal 1.02480], L1 1.86413, Spectral 0.25028, Gradient 0.41428, Quantile 0.86079) | LR 1.00e-04
2026-06-26 13:37:53,910 INFO Epoch 44 | Batch 500/1186 | Loss 2.93287 (NLL 4.24131 [logdet 1.40717, mahal 0.99626], L1 1.77263, Spectral 0.24910, Gradient 0.41224, Quantile 0.84561) | LR 1.00e-04
2026-06-26 13:37:56,910 INFO Epoch 44 | Batch 550/1186 | Loss 2.99841 (NLL 4.30000 [logdet 1.43075, mahal 1.03137], L1 1.81196, Spectral 0.25611, Gradient 0.42269, Quantile 0.83160) | LR 1.00e-04
2026-06-26 13:37:59,908 INFO Epoch 44 | Batch 600/1186 | Loss 2.94577 (NLL 4.29687 [logdet 1.47302, mahal 0.98598], L1 1.79712, Spectral 0.24693, Gradient 0.40560, Quantile 0.82650) | LR 1.00e-04
2026-06-26 13:38:02,907 INFO Epoch 44 | Batch 650/1186 | Loss 2.95274 (NLL 4.28215 [logdet 1.43243, mahal 1.01184], L1 1.79743, Spectral 0.24443, Gradient 0.41624, Quantile 0.84168) | LR 1.00e-04
2026-06-26 13:38:05,907 INFO Epoch 44 | Batch 700/1186 | Loss 3.05794 (NLL 4.31954 [logdet 1.49910, mahal 0.98256], L1 1.88702, Spectral 0.25058, Gradient 0.41501, Quantile 0.87142) | LR 1.00e-04
2026-06-26 13:38:08,905 INFO Epoch 44 | Batch 750/1186 | Loss 3.04366 (NLL 4.32739 [logdet 1.46842, mahal 1.02109], L1 1.85314, Spectral 0.25797, Gradient 0.42072, Quantile 0.84659) | LR 1.00e-04
2026-06-26 13:38:11,904 INFO Epoch 44 | Batch 800/1186 | Loss 2.97578 (NLL 4.27694 [logdet 1.44689, mahal 0.99217], L1 1.80600, Spectral 0.25192, Gradient 0.41606, Quantile 0.82946) | LR 1.00e-04
2026-06-26 13:38:14,904 INFO Epoch 44 | Batch 850/1186 | Loss 2.99011 (NLL 4.29199 [logdet 1.46564, mahal 0.98847], L1 1.80602, Spectral 0.25600, Gradient 0.41978, Quantile 0.84422) | LR 1.00e-04
2026-06-26 13:38:17,903 INFO Epoch 44 | Batch 900/1186 | Loss 2.98421 (NLL 4.30321 [logdet 1.46064, mahal 1.00470], L1 1.81287, Spectral 0.25423, Gradient 0.41296, Quantile 0.81927) | LR 1.00e-04
2026-06-26 13:38:20,902 INFO Epoch 44 | Batch 950/1186 | Loss 3.00064 (NLL 4.30884 [logdet 1.43641, mahal 1.03455], L1 1.82403, Spectral 0.25211, Gradient 0.41793, Quantile 0.86854) | LR 1.00e-04
2026-06-26 13:38:23,901 INFO Epoch 44 | Batch 1000/1186 | Loss 2.96641 (NLL 4.30665 [logdet 1.52244, mahal 0.94633], L1 1.78975, Spectral 0.25358, Gradient 0.41733, Quantile 0.84204) | LR 1.00e-04
2026-06-26 13:38:26,899 INFO Epoch 44 | Batch 1050/1186 | Loss 2.95147 (NLL 4.26540 [logdet 1.44844, mahal 0.97909], L1 1.79159, Spectral 0.24694, Gradient 0.41579, Quantile 0.84387) | LR 1.00e-04
2026-06-26 13:38:29,898 INFO Epoch 44 | Batch 1100/1186 | Loss 3.02187 (NLL 4.34794 [logdet 1.42780, mahal 1.08226], L1 1.84143, Spectral 0.25348, Gradient 0.41995, Quantile 0.84274) | LR 1.00e-04
2026-06-26 13:38:32,898 INFO Epoch 44 | Batch 1150/1186 | Loss 2.92317 (NLL 4.26725 [logdet 1.49012, mahal 0.93926], L1 1.76950, Spectral 0.24842, Gradient 0.40839, Quantile 0.82473) | LR 1.00e-04
2026-06-26 13:38:40,009 INFO Epoch 44 | Val Loss 2.95136 (NLL 4.28554 [logdet 1.49656, mahal 0.95110], L1 1.77445, Spectral 0.25213, Gradient 0.41553, Quantile 0.90619)
2026-06-26 13:38:43,012 INFO Epoch 45 | Batch 50/1186 | Loss 2.93229 (NLL 4.25890 [logdet 1.41713, mahal 1.00389], L1 1.78815, Spectral 0.24476, Gradient 0.40638, Quantile 0.83118) | LR 1.00e-04
2026-06-26 13:38:45,946 INFO Epoch 45 | Batch 100/1186 | Loss 3.01460 (NLL 4.32747 [logdet 1.47121, mahal 1.01838], L1 1.84963, Spectral 0.24930, Gradient 0.41198, Quantile 0.86764) | LR 1.00e-04
2026-06-26 13:38:48,877 INFO Epoch 45 | Batch 150/1186 | Loss 2.97966 (NLL 4.26211 [logdet 1.46279, mahal 0.96145], L1 1.80317, Spectral 0.25547, Gradient 0.41551, Quantile 0.83135) | LR 1.00e-04
2026-06-26 13:38:51,813 INFO Epoch 45 | Batch 200/1186 | Loss 2.93823 (NLL 4.27670 [logdet 1.40786, mahal 1.03097], L1 1.79245, Spectral 0.24547, Gradient 0.40686, Quantile 0.82137) | LR 1.00e-04
2026-06-26 13:38:54,747 INFO Epoch 45 | Batch 250/1186 | Loss 3.06940 (NLL 4.34358 [logdet 1.50170, mahal 1.00401], L1 1.87311, Spectral 0.25914, Gradient 0.42139, Quantile 0.86969) | LR 1.00e-04
2026-06-26 13:38:57,681 INFO Epoch 45 | Batch 300/1186 | Loss 2.97955 (NLL 4.26820 [logdet 1.45686, mahal 0.97346], L1 1.78954, Spectral 0.25779, Gradient 0.42272, Quantile 0.84180) | LR 1.00e-04
2026-06-26 13:39:00,616 INFO Epoch 45 | Batch 350/1186 | Loss 2.97335 (NLL 4.26499 [logdet 1.43762, mahal 0.98949], L1 1.79634, Spectral 0.25335, Gradient 0.41872, Quantile 0.84916) | LR 1.00e-04
2026-06-26 13:39:03,548 INFO Epoch 45 | Batch 400/1186 | Loss 2.99762 (NLL 4.29076 [logdet 1.42272, mahal 1.03016], L1 1.81859, Spectral 0.25393, Gradient 0.42153, Quantile 0.81736) | LR 1.00e-04
2026-06-26 13:39:06,482 INFO Epoch 45 | Batch 450/1186 | Loss 2.97479 (NLL 4.28097 [logdet 1.43685, mahal 1.00624], L1 1.79827, Spectral 0.25384, Gradient 0.41848, Quantile 0.82964) | LR 1.00e-04
2026-06-26 13:39:09,413 INFO Epoch 45 | Batch 500/1186 | Loss 2.89935 (NLL 4.24847 [logdet 1.47762, mahal 0.93297], L1 1.75531, Spectral 0.24491, Gradient 0.40666, Quantile 0.82662) | LR 1.00e-04
2026-06-26 13:39:12,348 INFO Epoch 45 | Batch 550/1186 | Loss 3.01368 (NLL 4.28732 [logdet 1.41556, mahal 1.03388], L1 1.82609, Spectral 0.25718, Gradient 0.42058, Quantile 0.84751) | LR 1.00e-04
2026-06-26 13:39:15,286 INFO Epoch 45 | Batch 600/1186 | Loss 2.99885 (NLL 4.33230 [logdet 1.48218, mahal 1.01224], L1 1.83570, Spectral 0.24914, Gradient 0.41167, Quantile 0.85337) | LR 1.00e-04
2026-06-26 13:39:18,224 INFO Epoch 45 | Batch 650/1186 | Loss 3.00902 (NLL 4.30903 [logdet 1.45612, mahal 1.01503], L1 1.82239, Spectral 0.25443, Gradient 0.42308, Quantile 0.86559) | LR 1.00e-04
2026-06-26 13:39:21,160 INFO Epoch 45 | Batch 700/1186 | Loss 2.99690 (NLL 4.31373 [logdet 1.48333, mahal 0.99252], L1 1.81317, Spectral 0.25632, Gradient 0.41810, Quantile 0.84474) | LR 1.00e-04
2026-06-26 13:39:24,094 INFO Epoch 45 | Batch 750/1186 | Loss 2.98643 (NLL 4.30570 [logdet 1.47045, mahal 0.99737], L1 1.81884, Spectral 0.25157, Gradient 0.41392, Quantile 0.82859) | LR 1.00e-04
2026-06-26 13:39:27,031 INFO Epoch 45 | Batch 800/1186 | Loss 2.97496 (NLL 4.29739 [logdet 1.48475, mahal 0.97476], L1 1.81352, Spectral 0.24837, Gradient 0.41101, Quantile 0.87158) | LR 1.00e-04
2026-06-26 13:39:29,964 INFO Epoch 45 | Batch 850/1186 | Loss 2.99706 (NLL 4.34764 [logdet 1.43577, mahal 1.07400], L1 1.85319, Spectral 0.24358, Gradient 0.40452, Quantile 0.84780) | LR 1.00e-04
2026-06-26 13:39:32,903 INFO Epoch 45 | Batch 900/1186 | Loss 2.96112 (NLL 4.28919 [logdet 1.47281, mahal 0.97850], L1 1.79536, Spectral 0.25020, Gradient 0.41478, Quantile 0.83609) | LR 1.00e-04
2026-06-26 13:39:35,836 INFO Epoch 45 | Batch 950/1186 | Loss 2.99435 (NLL 4.30741 [logdet 1.48919, mahal 0.98034], L1 1.82281, Spectral 0.25096, Gradient 0.41724, Quantile 0.84771) | LR 1.00e-04
2026-06-26 13:39:38,770 INFO Epoch 45 | Batch 1000/1186 | Loss 3.01058 (NLL 4.32657 [logdet 1.47585, mahal 1.01284], L1 1.83490, Spectral 0.25109, Gradient 0.42019, Quantile 0.85044) | LR 1.00e-04
2026-06-26 13:39:41,706 INFO Epoch 45 | Batch 1050/1186 | Loss 2.94448 (NLL 4.28193 [logdet 1.47034, mahal 0.97372], L1 1.77688, Spectral 0.25323, Gradient 0.41161, Quantile 0.82407) | LR 1.00e-04
2026-06-26 13:39:44,640 INFO Epoch 45 | Batch 1100/1186 | Loss 3.01280 (NLL 4.31408 [logdet 1.48138, mahal 0.99482], L1 1.83575, Spectral 0.25127, Gradient 0.41962, Quantile 0.87175) | LR 1.00e-04
2026-06-26 13:39:47,570 INFO Epoch 45 | Batch 1150/1186 | Loss 2.87515 (NLL 4.17525 [logdet 1.39444, mahal 0.94293], L1 1.73107, Spectral 0.24659, Gradient 0.40840, Quantile 0.79222) | LR 1.00e-04
2026-06-26 13:39:54,631 INFO Epoch 45 | Val Loss 2.94949 (NLL 4.29266 [logdet 1.43955, mahal 1.01523], L1 1.77831, Spectral 0.25174, Gradient 0.41524, Quantile 0.85327)
2026-06-26 13:39:57,639 INFO Epoch 46 | Batch 50/1186 | Loss 3.00787 (NLL 4.32530 [logdet 1.47328, mahal 1.01414], L1 1.84935, Spectral 0.24795, Gradient 0.41048, Quantile 0.84622) | LR 1.00e-04
2026-06-26 13:40:00,573 INFO Epoch 46 | Batch 100/1186 | Loss 2.94977 (NLL 4.28379 [logdet 1.47548, mahal 0.97044], L1 1.78551, Spectral 0.25070, Gradient 0.41309, Quantile 0.82905) | LR 1.00e-04
2026-06-26 13:40:03,507 INFO Epoch 46 | Batch 150/1186 | Loss 2.96771 (NLL 4.26826 [logdet 1.40188, mahal 1.02850], L1 1.79094, Spectral 0.25426, Gradient 0.41774, Quantile 0.83546) | LR 1.00e-04
2026-06-26 13:40:06,442 INFO Epoch 46 | Batch 200/1186 | Loss 2.92276 (NLL 4.24154 [logdet 1.40816, mahal 0.99550], L1 1.75677, Spectral 0.25093, Gradient 0.41545, Quantile 0.82956) | LR 1.00e-04
2026-06-26 13:40:09,380 INFO Epoch 46 | Batch 250/1186 | Loss 3.06972 (NLL 4.33037 [logdet 1.48499, mahal 1.00750], L1 1.88633, Spectral 0.25375, Gradient 0.41943, Quantile 0.88041) | LR 1.00e-04
2026-06-26 13:40:12,315 INFO Epoch 46 | Batch 300/1186 | Loss 2.95480 (NLL 4.28016 [logdet 1.47335, mahal 0.96894], L1 1.78743, Spectral 0.25239, Gradient 0.41379, Quantile 0.81684) | LR 1.00e-04
2026-06-26 13:40:15,253 INFO Epoch 46 | Batch 350/1186 | Loss 2.94472 (NLL 4.24013 [logdet 1.38619, mahal 1.01607], L1 1.78193, Spectral 0.25152, Gradient 0.41291, Quantile 0.80988) | LR 1.00e-04
2026-06-26 13:40:18,186 INFO Epoch 46 | Batch 400/1186 | Loss 2.96868 (NLL 4.25239 [logdet 1.39108, mahal 1.02343], L1 1.79289, Spectral 0.25548, Gradient 0.41439, Quantile 0.83953) | LR 1.00e-04
2026-06-26 13:40:21,118 INFO Epoch 46 | Batch 450/1186 | Loss 2.95807 (NLL 4.29588 [logdet 1.44067, mahal 1.01733], L1 1.79479, Spectral 0.25013, Gradient 0.41286, Quantile 0.83014) | LR 1.00e-04
2026-06-26 13:40:24,054 INFO Epoch 46 | Batch 500/1186 | Loss 2.97609 (NLL 4.29011 [logdet 1.49102, mahal 0.96121], L1 1.80005, Spectral 0.25514, Gradient 0.41395, Quantile 0.84286) | LR 1.00e-04
2026-06-26 13:40:26,988 INFO Epoch 46 | Batch 550/1186 | Loss 2.97408 (NLL 4.31800 [logdet 1.42978, mahal 1.05035], L1 1.79998, Spectral 0.25172, Gradient 0.41873, Quantile 0.83766) | LR 1.00e-04
2026-06-26 13:40:29,923 INFO Epoch 46 | Batch 600/1186 | Loss 3.02982 (NLL 4.34668 [logdet 1.52205, mahal 0.98675], L1 1.84456, Spectral 0.25546, Gradient 0.41842, Quantile 0.86708) | LR 1.00e-04
2026-06-26 13:40:32,859 INFO Epoch 46 | Batch 650/1186 | Loss 3.00836 (NLL 4.31065 [logdet 1.44587, mahal 1.02691], L1 1.83059, Spectral 0.25321, Gradient 0.42018, Quantile 0.82917) | LR 1.00e-04
2026-06-26 13:40:35,793 INFO Epoch 46 | Batch 700/1186 | Loss 2.93134 (NLL 4.24864 [logdet 1.48026, mahal 0.93050], L1 1.76676, Spectral 0.24960, Gradient 0.41584, Quantile 0.83814) | LR 1.00e-04
2026-06-26 13:40:38,728 INFO Epoch 46 | Batch 750/1186 | Loss 2.95500 (NLL 4.28027 [logdet 1.43628, mahal 1.00612], L1 1.78910, Spectral 0.25135, Gradient 0.41410, Quantile 0.82149) | LR 1.00e-04
2026-06-26 13:40:41,663 INFO Epoch 46 | Batch 800/1186 | Loss 2.95561 (NLL 4.29384 [logdet 1.43918, mahal 1.01679], L1 1.79069, Spectral 0.24949, Gradient 0.41550, Quantile 0.83359) | LR 1.00e-04
2026-06-26 13:40:44,599 INFO Epoch 46 | Batch 850/1186 | Loss 2.99563 (NLL 4.29545 [logdet 1.49648, mahal 0.96108], L1 1.83013, Spectral 0.24879, Gradient 0.41490, Quantile 0.86284) | LR 1.00e-04
2026-06-26 13:40:47,531 INFO Epoch 46 | Batch 900/1186 | Loss 2.99476 (NLL 4.29860 [logdet 1.41653, mahal 1.04419], L1 1.82794, Spectral 0.24755, Gradient 0.41774, Quantile 0.87281) | LR 1.00e-04
2026-06-26 13:40:50,469 INFO Epoch 46 | Batch 950/1186 | Loss 2.94977 (NLL 4.26332 [logdet 1.44891, mahal 0.97653], L1 1.79448, Spectral 0.24705, Gradient 0.41296, Quantile 0.82387) | LR 1.00e-04
2026-06-26 13:40:53,406 INFO Epoch 46 | Batch 1000/1186 | Loss 2.97536 (NLL 4.28299 [logdet 1.43211, mahal 1.01300], L1 1.80911, Spectral 0.25204, Gradient 0.41089, Quantile 0.84473) | LR 1.00e-04
2026-06-26 13:40:56,341 INFO Epoch 46 | Batch 1050/1186 | Loss 2.97633 (NLL 4.33286 [logdet 1.45776, mahal 1.03723], L1 1.82699, Spectral 0.24406, Gradient 0.40993, Quantile 0.83994) | LR 1.00e-04
2026-06-26 13:40:59,275 INFO Epoch 46 | Batch 1100/1186 | Loss 3.02344 (NLL 4.31023 [logdet 1.50858, mahal 0.96377], L1 1.83968, Spectral 0.25627, Gradient 0.41739, Quantile 0.85552) | LR 1.00e-04
2026-06-26 13:41:02,208 INFO Epoch 46 | Batch 1150/1186 | Loss 2.98903 (NLL 4.29846 [logdet 1.47516, mahal 0.98542], L1 1.81256, Spectral 0.25380, Gradient 0.41650, Quantile 0.84715) | LR 1.00e-04
2026-06-26 13:41:09,284 INFO Epoch 46 | Val Loss 2.94456 (NLL 4.28664 [logdet 1.46268, mahal 0.98609], L1 1.77937, Spectral 0.25063, Gradient 0.41386, Quantile 0.83091)
2026-06-26 13:41:12,284 INFO Epoch 47 | Batch 50/1186 | Loss 3.06793 (NLL 4.35494 [logdet 1.51423, mahal 1.00283], L1 1.88872, Spectral 0.25311, Gradient 0.41794, Quantile 0.85832) | LR 1.00e-04
2026-06-26 13:41:15,217 INFO Epoch 47 | Batch 100/1186 | Loss 2.99615 (NLL 4.28827 [logdet 1.44874, mahal 1.00165], L1 1.81313, Spectral 0.25344, Gradient 0.42258, Quantile 0.86145) | LR 1.00e-04
2026-06-26 13:41:18,148 INFO Epoch 47 | Batch 150/1186 | Loss 2.96626 (NLL 4.27617 [logdet 1.46384, mahal 0.97446], L1 1.78967, Spectral 0.25444, Gradient 0.41873, Quantile 0.81524) | LR 1.00e-04
2026-06-26 13:41:21,077 INFO Epoch 47 | Batch 200/1186 | Loss 2.97242 (NLL 4.29735 [logdet 1.45131, mahal 1.00815], L1 1.80550, Spectral 0.25147, Gradient 0.41350, Quantile 0.83089) | LR 1.00e-04
2026-06-26 13:41:24,009 INFO Epoch 47 | Batch 250/1186 | Loss 2.95888 (NLL 4.29104 [logdet 1.49492, mahal 0.95824], L1 1.80098, Spectral 0.24791, Gradient 0.41190, Quantile 0.83529) | LR 1.00e-04
2026-06-26 13:41:26,936 INFO Epoch 47 | Batch 300/1186 | Loss 2.93343 (NLL 4.24679 [logdet 1.44499, mahal 0.96392], L1 1.78203, Spectral 0.24811, Gradient 0.40659, Quantile 0.83420) | LR 1.00e-04
2026-06-26 13:41:29,867 INFO Epoch 47 | Batch 350/1186 | Loss 2.94684 (NLL 4.25556 [logdet 1.40552, mahal 1.01216], L1 1.78518, Spectral 0.24866, Gradient 0.41654, Quantile 0.81790) | LR 1.00e-04
2026-06-26 13:41:32,797 INFO Epoch 47 | Batch 400/1186 | Loss 3.01494 (NLL 4.32712 [logdet 1.39741, mahal 1.09183], L1 1.82617, Spectral 0.25680, Gradient 0.42041, Quantile 0.85828) | LR 1.00e-04
2026-06-26 13:41:35,727 INFO Epoch 47 | Batch 450/1186 | Loss 2.98737 (NLL 4.30003 [logdet 1.51409, mahal 0.94806], L1 1.82300, Spectral 0.24907, Gradient 0.41437, Quantile 0.84827) | LR 1.00e-04
2026-06-26 13:41:38,659 INFO Epoch 47 | Batch 500/1186 | Loss 2.94319 (NLL 4.27600 [logdet 1.42543, mahal 1.01269], L1 1.79040, Spectral 0.24567, Gradient 0.41062, Quantile 0.85105) | LR 1.00e-04
2026-06-26 13:41:41,593 INFO Epoch 47 | Batch 550/1186 | Loss 3.03446 (NLL 4.32208 [logdet 1.45434, mahal 1.02986], L1 1.83895, Spectral 0.25786, Gradient 0.42639, Quantile 0.84081) | LR 1.00e-04
2026-06-26 13:41:44,525 INFO Epoch 47 | Batch 600/1186 | Loss 3.00559 (NLL 4.30446 [logdet 1.44935, mahal 1.01724], L1 1.81447, Spectral 0.25737, Gradient 0.42387, Quantile 0.83864) | LR 1.00e-04
2026-06-26 13:41:47,457 INFO Epoch 47 | Batch 650/1186 | Loss 3.01333 (NLL 4.32865 [logdet 1.46755, mahal 1.02322], L1 1.84562, Spectral 0.24801, Gradient 0.41769, Quantile 0.86248) | LR 1.00e-04
2026-06-26 13:41:50,385 INFO Epoch 47 | Batch 700/1186 | Loss 2.95203 (NLL 4.24066 [logdet 1.46945, mahal 0.93333], L1 1.77732, Spectral 0.25366, Gradient 0.41758, Quantile 0.83769) | LR 1.00e-04
2026-06-26 13:41:53,311 INFO Epoch 47 | Batch 750/1186 | Loss 3.03472 (NLL 4.31996 [logdet 1.44398, mahal 1.03810], L1 1.86707, Spectral 0.25042, Gradient 0.41293, Quantile 0.86280) | LR 1.00e-04
2026-06-26 13:41:56,236 INFO Epoch 47 | Batch 800/1186 | Loss 2.96979 (NLL 4.28383 [logdet 1.45566, mahal 0.99029], L1 1.80742, Spectral 0.24896, Gradient 0.41268, Quantile 0.85338) | LR 1.00e-04
2026-06-26 13:41:59,155 INFO Epoch 47 | Batch 850/1186 | Loss 2.91893 (NLL 4.27863 [logdet 1.46462, mahal 0.97613], L1 1.76462, Spectral 0.24840, Gradient 0.41036, Quantile 0.80612) | LR 1.00e-04
2026-06-26 13:42:02,076 INFO Epoch 47 | Batch 900/1186 | Loss 2.93079 (NLL 4.23614 [logdet 1.43531, mahal 0.96296], L1 1.77644, Spectral 0.24792, Gradient 0.41183, Quantile 0.81489) | LR 1.00e-04
2026-06-26 13:42:04,996 INFO Epoch 47 | Batch 950/1186 | Loss 2.93965 (NLL 4.25891 [logdet 1.39797, mahal 1.02306], L1 1.79001, Spectral 0.24679, Gradient 0.40772, Quantile 0.82878) | LR 1.00e-04
2026-06-26 13:42:07,916 INFO Epoch 47 | Batch 1000/1186 | Loss 3.03907 (NLL 4.36270 [logdet 1.50690, mahal 1.01792], L1 1.86082, Spectral 0.25383, Gradient 0.41255, Quantile 0.88971) | LR 1.00e-04
2026-06-26 13:42:10,835 INFO Epoch 47 | Batch 1050/1186 | Loss 2.99195 (NLL 4.29311 [logdet 1.48907, mahal 0.96616], L1 1.81356, Spectral 0.25453, Gradient 0.41765, Quantile 0.83968) | LR 1.00e-04
2026-06-26 13:42:13,756 INFO Epoch 47 | Batch 1100/1186 | Loss 2.96683 (NLL 4.29667 [logdet 1.44585, mahal 1.01294], L1 1.78312, Spectral 0.25642, Gradient 0.42011, Quantile 0.82481) | LR 1.00e-04
2026-06-26 13:42:16,677 INFO Epoch 47 | Batch 1150/1186 | Loss 2.94100 (NLL 4.26926 [logdet 1.42355, mahal 1.00783], L1 1.77625, Spectral 0.25143, Gradient 0.41199, Quantile 0.83449) | LR 1.00e-04
2026-06-26 13:42:23,732 INFO Epoch 47 | Val Loss 2.94774 (NLL 4.28613 [logdet 1.45237, mahal 0.99589], L1 1.77817, Spectral 0.25083, Gradient 0.41441, Quantile 0.86838)
2026-06-26 13:42:26,725 INFO Epoch 48 | Batch 50/1186 | Loss 3.06276 (NLL 4.37919 [logdet 1.52198, mahal 1.01933], L1 1.86027, Spectral 0.25839, Gradient 0.43013, Quantile 0.84396) | LR 1.00e-04
2026-06-26 13:42:29,644 INFO Epoch 48 | Batch 100/1186 | Loss 2.95043 (NLL 4.25964 [logdet 1.44218, mahal 0.97958], L1 1.78110, Spectral 0.25185, Gradient 0.41584, Quantile 0.83437) | LR 1.00e-04
2026-06-26 13:42:32,557 INFO Epoch 48 | Batch 150/1186 | Loss 2.92086 (NLL 4.26703 [logdet 1.44065, mahal 0.98850], L1 1.77760, Spectral 0.24484, Gradient 0.40665, Quantile 0.81395) | LR 1.00e-04
2026-06-26 13:42:35,474 INFO Epoch 48 | Batch 200/1186 | Loss 2.99737 (NLL 4.27868 [logdet 1.46701, mahal 0.97379], L1 1.80653, Spectral 0.25746, Gradient 0.42316, Quantile 0.85019) | LR 1.00e-04
2026-06-26 13:42:38,390 INFO Epoch 48 | Batch 250/1186 | Loss 2.94811 (NLL 4.29654 [logdet 1.40367, mahal 1.05499], L1 1.80091, Spectral 0.24669, Gradient 0.40428, Quantile 0.83140) | LR 1.00e-04
2026-06-26 13:42:41,300 INFO Epoch 48 | Batch 300/1186 | Loss 3.03406 (NLL 4.35544 [logdet 1.47906, mahal 1.03851], L1 1.86214, Spectral 0.25157, Gradient 0.41274, Quantile 0.87330) | LR 1.00e-04
2026-06-26 13:42:44,217 INFO Epoch 48 | Batch 350/1186 | Loss 2.97074 (NLL 4.25272 [logdet 1.44873, mahal 0.96612], L1 1.78617, Spectral 0.25702, Gradient 0.41933, Quantile 0.84360) | LR 1.00e-04
2026-06-26 13:42:47,130 INFO Epoch 48 | Batch 400/1186 | Loss 2.99034 (NLL 4.30275 [logdet 1.47344, mahal 0.99143], L1 1.82702, Spectral 0.24870, Gradient 0.41384, Quantile 0.85051) | LR 1.00e-04
2026-06-26 13:42:50,046 INFO Epoch 48 | Batch 450/1186 | Loss 2.91989 (NLL 4.23946 [logdet 1.44875, mahal 0.95283], L1 1.76910, Spectral 0.24619, Gradient 0.40961, Quantile 0.84025) | LR 1.00e-04
2026-06-26 13:42:52,960 INFO Epoch 48 | Batch 500/1186 | Loss 2.95872 (NLL 4.28003 [logdet 1.46109, mahal 0.98107], L1 1.78233, Spectral 0.25369, Gradient 0.41952, Quantile 0.82041) | LR 1.00e-04
2026-06-26 13:42:55,875 INFO Epoch 48 | Batch 550/1186 | Loss 2.96680 (NLL 4.27153 [logdet 1.44690, mahal 0.98675], L1 1.79100, Spectral 0.25409, Gradient 0.41785, Quantile 0.82638) | LR 1.00e-04
2026-06-26 13:42:58,793 INFO Epoch 48 | Batch 600/1186 | Loss 3.02441 (NLL 4.31320 [logdet 1.43254, mahal 1.04278], L1 1.86115, Spectral 0.24875, Gradient 0.41303, Quantile 0.85450) | LR 1.00e-04
2026-06-26 13:43:01,710 INFO Epoch 48 | Batch 650/1186 | Loss 2.97230 (NLL 4.29289 [logdet 1.44763, mahal 1.00737], L1 1.81381, Spectral 0.24666, Gradient 0.41394, Quantile 0.84725) | LR 1.00e-04
2026-06-26 13:43:04,625 INFO Epoch 48 | Batch 700/1186 | Loss 2.96947 (NLL 4.28517 [logdet 1.45787, mahal 0.98942], L1 1.80160, Spectral 0.25217, Gradient 0.41256, Quantile 0.83978) | LR 1.00e-04
2026-06-26 13:43:07,541 INFO Epoch 48 | Batch 750/1186 | Loss 2.95003 (NLL 4.29703 [logdet 1.48467, mahal 0.97448], L1 1.80621, Spectral 0.24346, Gradient 0.40662, Quantile 0.84293) | LR 1.00e-04
2026-06-26 13:43:10,454 INFO Epoch 48 | Batch 800/1186 | Loss 3.04268 (NLL 4.36407 [logdet 1.44861, mahal 1.07759], L1 1.87706, Spectral 0.24811, Gradient 0.41448, Quantile 0.86207) | LR 1.00e-04
2026-06-26 13:43:13,371 INFO Epoch 48 | Batch 850/1186 | Loss 2.98157 (NLL 4.29219 [logdet 1.47593, mahal 0.97839], L1 1.80357, Spectral 0.25460, Gradient 0.41775, Quantile 0.83296) | LR 1.00e-04
2026-06-26 13:43:16,284 INFO Epoch 48 | Batch 900/1186 | Loss 2.97866 (NLL 4.28019 [logdet 1.47224, mahal 0.97007], L1 1.80693, Spectral 0.25383, Gradient 0.41412, Quantile 0.82724) | LR 1.00e-04
2026-06-26 13:43:19,199 INFO Epoch 48 | Batch 950/1186 | Loss 2.89355 (NLL 4.21910 [logdet 1.39893, mahal 0.98230], L1 1.73715, Spectral 0.24799, Gradient 0.41462, Quantile 0.80958) | LR 1.00e-04
2026-06-26 13:43:22,113 INFO Epoch 48 | Batch 1000/1186 | Loss 2.92581 (NLL 4.25258 [logdet 1.42742, mahal 0.98729], L1 1.76717, Spectral 0.25101, Gradient 0.40754, Quantile 0.83321) | LR 1.00e-04
2026-06-26 13:43:25,040 INFO Epoch 48 | Batch 1050/1186 | Loss 3.01828 (NLL 4.28686 [logdet 1.40608, mahal 1.04290], L1 1.84125, Spectral 0.25226, Gradient 0.42048, Quantile 0.84758) | LR 1.00e-04
2026-06-26 13:43:28,035 INFO Epoch 48 | Batch 1100/1186 | Loss 3.02460 (NLL 4.32729 [logdet 1.50061, mahal 0.98880], L1 1.84659, Spectral 0.25187, Gradient 0.42023, Quantile 0.85713) | LR 1.00e-04
2026-06-26 13:43:31,027 INFO Epoch 48 | Batch 1150/1186 | Loss 2.99798 (NLL 4.30362 [logdet 1.46543, mahal 1.00032], L1 1.81292, Spectral 0.25579, Gradient 0.42042, Quantile 0.84860) | LR 1.00e-04
2026-06-26 13:43:38,130 INFO Epoch 48 | Val Loss 2.94176 (NLL 4.28444 [logdet 1.43905, mahal 1.00751], L1 1.76952, Spectral 0.25180, Gradient 0.41558, Quantile 0.86222)
2026-06-26 13:43:38,206 INFO New best val loss: 2.94176 (saved checkpoints/best.pth)
2026-06-26 13:43:41,241 INFO Epoch 49 | Batch 50/1186 | Loss 2.99843 (NLL 4.28105 [logdet 1.45579, mahal 0.98738], L1 1.81966, Spectral 0.25369, Gradient 0.41851, Quantile 0.85760) | LR 1.00e-04
2026-06-26 13:43:44,240 INFO Epoch 49 | Batch 100/1186 | Loss 2.96064 (NLL 4.24163 [logdet 1.42846, mahal 0.97530], L1 1.78444, Spectral 0.25349, Gradient 0.41984, Quantile 0.83195) | LR 1.00e-04
2026-06-26 13:43:47,237 INFO Epoch 49 | Batch 150/1186 | Loss 2.95238 (NLL 4.27544 [logdet 1.44703, mahal 0.99053], L1 1.81004, Spectral 0.24260, Gradient 0.40753, Quantile 0.84321) | LR 1.00e-04
2026-06-26 13:43:50,238 INFO Epoch 49 | Batch 200/1186 | Loss 2.98514 (NLL 4.27887 [logdet 1.41851, mahal 1.02248], L1 1.81610, Spectral 0.24982, Gradient 0.41735, Quantile 0.85491) | LR 1.00e-04
2026-06-26 13:43:53,237 INFO Epoch 49 | Batch 250/1186 | Loss 3.02056 (NLL 4.27670 [logdet 1.43241, mahal 1.00641], L1 1.82675, Spectral 0.25863, Gradient 0.42446, Quantile 0.84118) | LR 1.00e-04
2026-06-26 13:43:56,236 INFO Epoch 49 | Batch 300/1186 | Loss 3.01588 (NLL 4.36099 [logdet 1.48520, mahal 1.03792], L1 1.85064, Spectral 0.25063, Gradient 0.40990, Quantile 0.85239) | LR 1.00e-04
2026-06-26 13:43:59,235 INFO Epoch 49 | Batch 350/1186 | Loss 2.93780 (NLL 4.26842 [logdet 1.43739, mahal 0.99316], L1 1.78400, Spectral 0.24710, Gradient 0.40992, Quantile 0.83926) | LR 1.00e-04
2026-06-26 13:44:02,233 INFO Epoch 49 | Batch 400/1186 | Loss 2.93122 (NLL 4.23416 [logdet 1.41910, mahal 0.97718], L1 1.77161, Spectral 0.25037, Gradient 0.41104, Quantile 0.82518) | LR 1.00e-04
2026-06-26 13:44:05,234 INFO Epoch 49 | Batch 450/1186 | Loss 2.95357 (NLL 4.31696 [logdet 1.42038, mahal 1.05871], L1 1.79748, Spectral 0.24772, Gradient 0.41089, Quantile 0.82290) | LR 1.00e-04
2026-06-26 13:44:08,187 INFO Epoch 49 | Batch 500/1186 | Loss 2.98042 (NLL 4.31191 [logdet 1.53514, mahal 0.93890], L1 1.82568, Spectral 0.24668, Gradient 0.40940, Quantile 0.85094) | LR 1.00e-04
2026-06-26 13:44:11,101 INFO Epoch 49 | Batch 550/1186 | Loss 2.97286 (NLL 4.27220 [logdet 1.45556, mahal 0.97877], L1 1.81013, Spectral 0.24816, Gradient 0.41563, Quantile 0.84633) | LR 1.00e-04
2026-06-26 13:44:14,837 INFO Epoch 49 | Batch 600/1186 | Loss 2.99112 (NLL 4.28783 [logdet 1.46763, mahal 0.98233], L1 1.80369, Spectral 0.25905, Gradient 0.41906, Quantile 0.81906) | LR 1.00e-04
2026-06-26 13:44:22,133 INFO Epoch 49 | Batch 650/1186 | Loss 2.95860 (NLL 4.26318 [logdet 1.37575, mahal 1.04954], L1 1.78321, Spectral 0.25069, Gradient 0.42272, Quantile 0.84844) | LR 1.00e-04
2026-06-26 13:44:27,950 INFO Epoch 49 | Batch 700/1186 | Loss 3.05958 (NLL 4.36865 [logdet 1.49528, mahal 1.03550], L1 1.85446, Spectral 0.26225, Gradient 0.42487, Quantile 0.84600) | LR 1.00e-04
2026-06-26 13:44:30,927 INFO Epoch 49 | Batch 750/1186 | Loss 2.92393 (NLL 4.25161 [logdet 1.44661, mahal 0.96712], L1 1.77487, Spectral 0.24621, Gradient 0.41016, Quantile 0.81064) | LR 1.00e-04
2026-06-26 13:44:33,903 INFO Epoch 49 | Batch 800/1186 | Loss 2.98342 (NLL 4.32489 [logdet 1.46207, mahal 1.02494], L1 1.81833, Spectral 0.24875, Gradient 0.41479, Quantile 0.85077) | LR 1.00e-04
2026-06-26 13:44:36,889 INFO Epoch 49 | Batch 850/1186 | Loss 2.98281 (NLL 4.29053 [logdet 1.44393, mahal 1.00872], L1 1.80390, Spectral 0.25498, Gradient 0.41737, Quantile 0.83900) | LR 1.00e-04
2026-06-26 13:44:39,867 INFO Epoch 49 | Batch 900/1186 | Loss 3.00127 (NLL 4.31215 [logdet 1.49657, mahal 0.97771], L1 1.83235, Spectral 0.25131, Gradient 0.41393, Quantile 0.84696) | LR 1.00e-04
2026-06-26 13:44:42,841 INFO Epoch 49 | Batch 950/1186 | Loss 2.93126 (NLL 4.26102 [logdet 1.44840, mahal 0.97474], L1 1.77525, Spectral 0.24734, Gradient 0.41185, Quantile 0.83840) | LR 1.00e-04
2026-06-26 13:44:45,819 INFO Epoch 49 | Batch 1000/1186 | Loss 2.99116 (NLL 4.30853 [logdet 1.48399, mahal 0.98666], L1 1.83200, Spectral 0.24667, Gradient 0.41195, Quantile 0.87193) | LR 1.00e-04
2026-06-26 13:44:48,798 INFO Epoch 49 | Batch 1050/1186 | Loss 2.90632 (NLL 4.24640 [logdet 1.38600, mahal 1.02252], L1 1.74259, Spectral 0.25287, Gradient 0.41124, Quantile 0.80562) | LR 1.00e-04
2026-06-26 13:44:51,779 INFO Epoch 49 | Batch 1100/1186 | Loss 3.01223 (NLL 4.33524 [logdet 1.46609, mahal 1.03128], L1 1.83743, Spectral 0.25218, Gradient 0.41714, Quantile 0.84703) | LR 1.00e-04
2026-06-26 13:44:54,755 INFO Epoch 49 | Batch 1150/1186 | Loss 3.00496 (NLL 4.32522 [logdet 1.49904, mahal 0.98831], L1 1.83323, Spectral 0.25061, Gradient 0.41649, Quantile 0.86086) | LR 1.00e-04
2026-06-26 13:45:01,799 INFO Epoch 49 | Val Loss 2.94574 (NLL 4.27303 [logdet 1.42124, mahal 1.01392], L1 1.77570, Spectral 0.25055, Gradient 0.41420, Quantile 0.88661)
2026-06-26 13:45:04,875 INFO Epoch 50 | Batch 50/1186 | Loss 2.92859 (NLL 4.28216 [logdet 1.42107, mahal 1.02321], L1 1.78762, Spectral 0.24272, Gradient 0.40665, Quantile 0.83342) | LR 5.00e-05
2026-06-26 13:45:07,872 INFO Epoch 50 | Batch 100/1186 | Loss 2.98247 (NLL 4.29068 [logdet 1.50036, mahal 0.95244], L1 1.81671, Spectral 0.25157, Gradient 0.41037, Quantile 0.85374) | LR 5.00e-05
2026-06-26 13:45:10,866 INFO Epoch 50 | Batch 150/1186 | Loss 2.92766 (NLL 4.25262 [logdet 1.43609, mahal 0.97865], L1 1.76381, Spectral 0.25203, Gradient 0.41290, Quantile 0.80570) | LR 5.00e-05
2026-06-26 13:45:13,862 INFO Epoch 50 | Batch 200/1186 | Loss 2.99504 (NLL 4.31137 [logdet 1.44386, mahal 1.02963], L1 1.83194, Spectral 0.24960, Gradient 0.41318, Quantile 0.83168) | LR 5.00e-05
2026-06-26 13:45:16,847 INFO Epoch 50 | Batch 250/1186 | Loss 2.92820 (NLL 4.24276 [logdet 1.41900, mahal 0.98588], L1 1.75875, Spectral 0.25271, Gradient 0.41523, Quantile 0.82806) | LR 5.00e-05
2026-06-26 13:45:19,845 INFO Epoch 50 | Batch 300/1186 | Loss 2.96090 (NLL 4.29083 [logdet 1.40706, mahal 1.04590], L1 1.79673, Spectral 0.24756, Gradient 0.41824, Quantile 0.84047) | LR 5.00e-05
2026-06-26 13:45:22,835 INFO Epoch 50 | Batch 350/1186 | Loss 2.97981 (NLL 4.29142 [logdet 1.46739, mahal 0.98615], L1 1.80263, Spectral 0.25374, Gradient 0.41910, Quantile 0.82887) | LR 5.00e-05
2026-06-26 13:45:25,822 INFO Epoch 50 | Batch 400/1186 | Loss 2.97104 (NLL 4.31011 [logdet 1.46530, mahal 1.00694], L1 1.80836, Spectral 0.24906, Gradient 0.41326, Quantile 0.83926) | LR 5.00e-05
2026-06-26 13:45:28,815 INFO Epoch 50 | Batch 450/1186 | Loss 3.05043 (NLL 4.33733 [logdet 1.48858, mahal 1.01088], L1 1.86326, Spectral 0.25451, Gradient 0.42421, Quantile 0.84746) | LR 5.00e-05
2026-06-26 13:45:31,807 INFO Epoch 50 | Batch 500/1186 | Loss 2.99571 (NLL 4.29504 [logdet 1.50015, mahal 0.95702], L1 1.82751, Spectral 0.24877, Gradient 0.41598, Quantile 0.88059) | LR 5.00e-05
2026-06-26 13:45:34,804 INFO Epoch 50 | Batch 550/1186 | Loss 2.98302 (NLL 4.27760 [logdet 1.42572, mahal 1.01401], L1 1.79604, Spectral 0.25775, Gradient 0.42143, Quantile 0.82088) | LR 5.00e-05
2026-06-26 13:45:37,794 INFO Epoch 50 | Batch 600/1186 | Loss 2.91016 (NLL 4.22465 [logdet 1.42231, mahal 0.96446], L1 1.75391, Spectral 0.24992, Gradient 0.40987, Quantile 0.81524) | LR 5.00e-05
2026-06-26 13:45:40,783 INFO Epoch 50 | Batch 650/1186 | Loss 2.95027 (NLL 4.24704 [logdet 1.41263, mahal 0.99653], L1 1.77876, Spectral 0.25367, Gradient 0.41564, Quantile 0.82207) | LR 5.00e-05
2026-06-26 13:45:43,779 INFO Epoch 50 | Batch 700/1186 | Loss 2.98779 (NLL 4.30011 [logdet 1.40491, mahal 1.05732], L1 1.83535, Spectral 0.24524, Gradient 0.41037, Quantile 0.85226) | LR 5.00e-05
2026-06-26 13:45:46,773 INFO Epoch 50 | Batch 750/1186 | Loss 2.97191 (NLL 4.28785 [logdet 1.47657, mahal 0.97340], L1 1.82402, Spectral 0.24591, Gradient 0.40578, Quantile 0.84280) | LR 5.00e-05
2026-06-26 13:45:49,768 INFO Epoch 50 | Batch 800/1186 | Loss 2.93944 (NLL 4.24874 [logdet 1.45200, mahal 0.95887], L1 1.78284, Spectral 0.25025, Gradient 0.40802, Quantile 0.82445) | LR 5.00e-05
2026-06-26 13:45:52,755 INFO Epoch 50 | Batch 850/1186 | Loss 3.01471 (NLL 4.29675 [logdet 1.44418, mahal 1.01469], L1 1.83525, Spectral 0.25351, Gradient 0.41713, Quantile 0.88002) | LR 5.00e-05
2026-06-26 13:45:55,748 INFO Epoch 50 | Batch 900/1186 | Loss 2.99292 (NLL 4.28337 [logdet 1.42365, mahal 1.02185], L1 1.82087, Spectral 0.25218, Gradient 0.41807, Quantile 0.82348) | LR 5.00e-05
2026-06-26 13:45:58,736 INFO Epoch 50 | Batch 950/1186 | Loss 2.93349 (NLL 4.25948 [logdet 1.38592, mahal 1.03569], L1 1.77203, Spectral 0.24973, Gradient 0.41449, Quantile 0.81291) | LR 5.00e-05
2026-06-26 13:46:01,731 INFO Epoch 50 | Batch 1000/1186 | Loss 2.90652 (NLL 4.26766 [logdet 1.42539, mahal 1.00440], L1 1.76439, Spectral 0.24381, Gradient 0.40680, Quantile 0.82351) | LR 5.00e-05
2026-06-26 13:46:04,731 INFO Epoch 50 | Batch 1050/1186 | Loss 2.93737 (NLL 4.24227 [logdet 1.40569, mahal 0.99870], L1 1.75926, Spectral 0.25556, Gradient 0.41874, Quantile 0.81693) | LR 5.00e-05
2026-06-26 13:46:07,720 INFO Epoch 50 | Batch 1100/1186 | Loss 2.95806 (NLL 4.24361 [logdet 1.45095, mahal 0.95479], L1 1.78018, Spectral 0.25218, Gradient 0.42385, Quantile 0.83465) | LR 5.00e-05
2026-06-26 13:46:10,711 INFO Epoch 50 | Batch 1150/1186 | Loss 2.99044 (NLL 4.30690 [logdet 1.43093, mahal 1.03810], L1 1.82568, Spectral 0.25002, Gradient 0.41186, Quantile 0.85676) | LR 5.00e-05
2026-06-26 13:46:17,819 INFO Epoch 50 | Val Loss 2.94286 (NLL 4.27561 [logdet 1.39741, mahal 1.04032], L1 1.77303, Spectral 0.25044, Gradient 0.41396, Quantile 0.88889)
2026-06-26 13:46:20,891 INFO Epoch 51 | Batch 50/1186 | Loss 3.03825 (NLL 4.32139 [logdet 1.46860, mahal 1.01491], L1 1.86659, Spectral 0.25214, Gradient 0.41392, Quantile 0.85480) | LR 5.00e-05
2026-06-26 13:46:23,889 INFO Epoch 51 | Batch 100/1186 | Loss 2.91727 (NLL 4.23383 [logdet 1.41952, mahal 0.97643], L1 1.74359, Spectral 0.25379, Gradient 0.41983, Quantile 0.79995) | LR 5.00e-05
2026-06-26 13:46:26,889 INFO Epoch 51 | Batch 150/1186 | Loss 2.93142 (NLL 4.21470 [logdet 1.42319, mahal 0.95364], L1 1.75449, Spectral 0.25595, Gradient 0.41618, Quantile 0.83289) | LR 5.00e-05
2026-06-26 13:46:29,889 INFO Epoch 51 | Batch 200/1186 | Loss 2.92753 (NLL 4.26161 [logdet 1.38682, mahal 1.03691], L1 1.77763, Spectral 0.24762, Gradient 0.40887, Quantile 0.79856) | LR 5.00e-05
2026-06-26 13:46:32,886 INFO Epoch 51 | Batch 250/1186 | Loss 2.99314 (NLL 4.31800 [logdet 1.40728, mahal 1.07285], L1 1.83343, Spectral 0.24616, Gradient 0.41432, Quantile 0.85972) | LR 5.00e-05
2026-06-26 13:46:35,883 INFO Epoch 51 | Batch 300/1186 | Loss 2.99330 (NLL 4.29834 [logdet 1.46516, mahal 0.99531], L1 1.81546, Spectral 0.25263, Gradient 0.41925, Quantile 0.85825) | LR 5.00e-05
2026-06-26 13:46:38,879 INFO Epoch 51 | Batch 350/1186 | Loss 2.95003 (NLL 4.28228 [logdet 1.46282, mahal 0.98159], L1 1.80744, Spectral 0.24449, Gradient 0.40482, Quantile 0.83062) | LR 5.00e-05
2026-06-26 13:46:41,875 INFO Epoch 51 | Batch 400/1186 | Loss 2.98757 (NLL 4.30300 [logdet 1.43861, mahal 1.02651], L1 1.82370, Spectral 0.24785, Gradient 0.41631, Quantile 0.84832) | LR 5.00e-05
2026-06-26 13:46:44,871 INFO Epoch 51 | Batch 450/1186 | Loss 2.97403 (NLL 4.25107 [logdet 1.46829, mahal 0.94491], L1 1.79130, Spectral 0.25622, Gradient 0.41870, Quantile 0.84971) | LR 5.00e-05
2026-06-26 13:46:47,862 INFO Epoch 51 | Batch 500/1186 | Loss 2.97067 (NLL 4.27746 [logdet 1.41237, mahal 1.02722], L1 1.81104, Spectral 0.24847, Gradient 0.41333, Quantile 0.82952) | LR 5.00e-05
2026-06-26 13:46:50,859 INFO Epoch 51 | Batch 550/1186 | Loss 2.96676 (NLL 4.28540 [logdet 1.44684, mahal 1.00068], L1 1.79055, Spectral 0.25449, Gradient 0.41668, Quantile 0.83024) | LR 5.00e-05
2026-06-26 13:46:53,857 INFO Epoch 51 | Batch 600/1186 | Loss 2.87479 (NLL 4.22220 [logdet 1.41135, mahal 0.97297], L1 1.73791, Spectral 0.24313, Gradient 0.40548, Quantile 0.81189) | LR 5.00e-05
2026-06-26 13:46:56,857 INFO Epoch 51 | Batch 650/1186 | Loss 3.03243 (NLL 4.30345 [logdet 1.44156, mahal 1.02401], L1 1.84515, Spectral 0.25633, Gradient 0.42181, Quantile 0.84455) | LR 5.00e-05
2026-06-26 13:46:59,855 INFO Epoch 51 | Batch 700/1186 | Loss 2.99528 (NLL 4.32667 [logdet 1.41075, mahal 1.07804], L1 1.83641, Spectral 0.24655, Gradient 0.41280, Quantile 0.85598) | LR 5.00e-05
2026-06-26 13:47:02,851 INFO Epoch 51 | Batch 750/1186 | Loss 2.93337 (NLL 4.23092 [logdet 1.48656, mahal 0.90648], L1 1.77001, Spectral 0.25022, Gradient 0.41411, Quantile 0.83610) | LR 5.00e-05
2026-06-26 13:47:05,848 INFO Epoch 51 | Batch 800/1186 | Loss 2.95102 (NLL 4.29014 [logdet 1.40882, mahal 1.04344], L1 1.79181, Spectral 0.24875, Gradient 0.41226, Quantile 0.82640) | LR 5.00e-05
2026-06-26 13:47:08,839 INFO Epoch 51 | Batch 850/1186 | Loss 2.98072 (NLL 4.28724 [logdet 1.42726, mahal 1.02210], L1 1.80415, Spectral 0.25210, Gradient 0.41942, Quantile 0.85821) | LR 5.00e-05
2026-06-26 13:47:11,832 INFO Epoch 51 | Batch 900/1186 | Loss 2.97845 (NLL 4.28714 [logdet 1.47062, mahal 0.97865], L1 1.81888, Spectral 0.24934, Gradient 0.40980, Quantile 0.84545) | LR 5.00e-05
2026-06-26 13:47:14,827 INFO Epoch 51 | Batch 950/1186 | Loss 2.99086 (NLL 4.32695 [logdet 1.45457, mahal 1.03450], L1 1.83253, Spectral 0.24705, Gradient 0.41197, Quantile 0.84757) | LR 5.00e-05
2026-06-26 13:47:17,824 INFO Epoch 51 | Batch 1000/1186 | Loss 2.93755 (NLL 4.24184 [logdet 1.45811, mahal 0.94585], L1 1.77288, Spectral 0.25220, Gradient 0.41134, Quantile 0.83192) | LR 5.00e-05
2026-06-26 13:47:20,821 INFO Epoch 51 | Batch 1050/1186 | Loss 2.94554 (NLL 4.25167 [logdet 1.44143, mahal 0.97237], L1 1.77744, Spectral 0.25067, Gradient 0.41466, Quantile 0.86453) | LR 5.00e-05
2026-06-26 13:47:23,817 INFO Epoch 51 | Batch 1100/1186 | Loss 2.93198 (NLL 4.28660 [logdet 1.39081, mahal 1.05791], L1 1.78191, Spectral 0.24732, Gradient 0.40818, Quantile 0.80700) | LR 5.00e-05
2026-06-26 13:47:26,808 INFO Epoch 51 | Batch 1150/1186 | Loss 2.98746 (NLL 4.28399 [logdet 1.42614, mahal 1.01997], L1 1.80409, Spectral 0.25361, Gradient 0.42417, Quantile 0.84471) | LR 5.00e-05
2026-06-26 13:47:33,891 INFO Epoch 51 | Val Loss 2.94205 (NLL 4.27517 [logdet 1.39342, mahal 1.04387], L1 1.77303, Spectral 0.25040, Gradient 0.41430, Quantile 0.87714)
2026-06-26 13:47:36,966 INFO Epoch 52 | Batch 50/1186 | Loss 2.98787 (NLL 4.30435 [logdet 1.38172, mahal 1.08475], L1 1.81299, Spectral 0.25392, Gradient 0.41539, Quantile 0.83758) | LR 5.00e-05
2026-06-26 13:47:39,966 INFO Epoch 52 | Batch 100/1186 | Loss 2.97146 (NLL 4.29456 [logdet 1.51278, mahal 0.94391], L1 1.80976, Spectral 0.24988, Gradient 0.41085, Quantile 0.84201) | LR 5.00e-05
2026-06-26 13:47:42,965 INFO Epoch 52 | Batch 150/1186 | Loss 3.02181 (NLL 4.33048 [logdet 1.46001, mahal 1.03260], L1 1.84228, Spectral 0.25183, Gradient 0.42288, Quantile 0.84349) | LR 5.00e-05
2026-06-26 13:47:45,962 INFO Epoch 52 | Batch 200/1186 | Loss 2.95378 (NLL 4.27895 [logdet 1.47501, mahal 0.96606], L1 1.78857, Spectral 0.25057, Gradient 0.41362, Quantile 0.83793) | LR 5.00e-05
2026-06-26 13:47:48,960 INFO Epoch 52 | Batch 250/1186 | Loss 2.97024 (NLL 4.27378 [logdet 1.43656, mahal 0.99935], L1 1.79905, Spectral 0.25109, Gradient 0.41958, Quantile 0.82512) | LR 5.00e-05
2026-06-26 13:47:51,960 INFO Epoch 52 | Batch 300/1186 | Loss 2.89689 (NLL 4.22393 [logdet 1.43640, mahal 0.94965], L1 1.74092, Spectral 0.24852, Gradient 0.41368, Quantile 0.80155) | LR 5.00e-05
2026-06-26 13:47:54,959 INFO Epoch 52 | Batch 350/1186 | Loss 2.86929 (NLL 4.22681 [logdet 1.39308, mahal 0.99585], L1 1.73380, Spectral 0.24384, Gradient 0.40111, Quantile 0.82825) | LR 5.00e-05
2026-06-26 13:47:57,958 INFO Epoch 52 | Batch 400/1186 | Loss 2.94832 (NLL 4.24247 [logdet 1.39391, mahal 1.01068], L1 1.77063, Spectral 0.25554, Gradient 0.41712, Quantile 0.83112) | LR 5.00e-05
2026-06-26 13:48:00,957 INFO Epoch 52 | Batch 450/1186 | Loss 2.94425 (NLL 4.28849 [logdet 1.41587, mahal 1.03474], L1 1.79949, Spectral 0.24500, Gradient 0.40647, Quantile 0.82176) | LR 5.00e-05
2026-06-26 13:48:03,953 INFO Epoch 52 | Batch 500/1186 | Loss 2.93951 (NLL 4.25046 [logdet 1.41584, mahal 0.99675], L1 1.78522, Spectral 0.24737, Gradient 0.41203, Quantile 0.82020) | LR 5.00e-05
2026-06-26 13:48:06,955 INFO Epoch 52 | Batch 550/1186 | Loss 3.08878 (NLL 4.32761 [logdet 1.47411, mahal 1.01562], L1 1.87384, Spectral 0.26077, Gradient 0.43455, Quantile 0.89199) | LR 5.00e-05
2026-06-26 13:48:09,953 INFO Epoch 52 | Batch 600/1186 | Loss 2.90565 (NLL 4.22606 [logdet 1.39369, mahal 0.99450], L1 1.75654, Spectral 0.24752, Gradient 0.40787, Quantile 0.81527) | LR 5.00e-05
2026-06-26 13:48:12,951 INFO Epoch 52 | Batch 650/1186 | Loss 2.97692 (NLL 4.31388 [logdet 1.44633, mahal 1.02968], L1 1.82482, Spectral 0.24616, Gradient 0.41160, Quantile 0.80844) | LR 5.00e-05
2026-06-26 13:48:15,952 INFO Epoch 52 | Batch 700/1186 | Loss 2.95934 (NLL 4.27864 [logdet 1.40145, mahal 1.03931], L1 1.79850, Spectral 0.24789, Gradient 0.41545, Quantile 0.83183) | LR 5.00e-05
2026-06-26 13:48:18,945 INFO Epoch 52 | Batch 750/1186 | Loss 2.93117 (NLL 4.25865 [logdet 1.43303, mahal 0.98774], L1 1.76878, Spectral 0.25020, Gradient 0.41117, Quantile 0.85024) | LR 5.00e-05
2026-06-26 13:48:21,949 INFO Epoch 52 | Batch 800/1186 | Loss 3.04183 (NLL 4.33059 [logdet 1.45147, mahal 1.04124], L1 1.84883, Spectral 0.25816, Gradient 0.42211, Quantile 0.85236) | LR 5.00e-05
2026-06-26 13:48:24,945 INFO Epoch 52 | Batch 850/1186 | Loss 2.99211 (NLL 4.26939 [logdet 1.45282, mahal 0.97870], L1 1.82713, Spectral 0.24832, Gradient 0.41705, Quantile 0.85202) | LR 5.00e-05
2026-06-26 13:48:27,944 INFO Epoch 52 | Batch 900/1186 | Loss 2.93128 (NLL 4.24521 [logdet 1.40771, mahal 0.99963], L1 1.77397, Spectral 0.25082, Gradient 0.40751, Quantile 0.82574) | LR 5.00e-05
2026-06-26 13:48:30,927 INFO Epoch 52 | Batch 950/1186 | Loss 2.91402 (NLL 4.25701 [logdet 1.45129, mahal 0.96784], L1 1.76922, Spectral 0.24552, Gradient 0.40512, Quantile 0.83547) | LR 5.00e-05
2026-06-26 13:48:33,903 INFO Epoch 52 | Batch 1000/1186 | Loss 2.98471 (NLL 4.27219 [logdet 1.44315, mahal 0.99116], L1 1.80829, Spectral 0.25336, Gradient 0.41752, Quantile 0.85365) | LR 5.00e-05
2026-06-26 13:48:36,884 INFO Epoch 52 | Batch 1050/1186 | Loss 2.95556 (NLL 4.26198 [logdet 1.42916, mahal 0.99495], L1 1.79012, Spectral 0.25191, Gradient 0.41224, Quantile 0.83040) | LR 5.00e-05
2026-06-26 13:48:39,862 INFO Epoch 52 | Batch 1100/1186 | Loss 2.98697 (NLL 4.32861 [logdet 1.44006, mahal 1.05068], L1 1.82186, Spectral 0.24861, Gradient 0.41584, Quantile 0.84099) | LR 5.00e-05
2026-06-26 13:48:42,843 INFO Epoch 52 | Batch 1150/1186 | Loss 3.03167 (NLL 4.33216 [logdet 1.47741, mahal 1.01687], L1 1.83843, Spectral 0.25589, Gradient 0.42691, Quantile 0.85300) | LR 5.00e-05
2026-06-26 13:48:49,822 INFO Epoch 52 | Val Loss 2.94520 (NLL 4.27963 [logdet 1.36526, mahal 1.07649], L1 1.77757, Spectral 0.25031, Gradient 0.41378, Quantile 0.86847)
2026-06-26 13:48:52,902 INFO Epoch 53 | Batch 50/1186 | Loss 3.05061 (NLL 4.31733 [logdet 1.46657, mahal 1.01288], L1 1.86582, Spectral 0.25470, Gradient 0.42118, Quantile 0.85795) | LR 5.00e-05
2026-06-26 13:48:55,901 INFO Epoch 53 | Batch 100/1186 | Loss 2.92202 (NLL 4.23992 [logdet 1.42489, mahal 0.97715], L1 1.76443, Spectral 0.24846, Gradient 0.41286, Quantile 0.82504) | LR 5.00e-05
2026-06-26 13:48:58,899 INFO Epoch 53 | Batch 150/1186 | Loss 2.88250 (NLL 4.24848 [logdet 1.38314, mahal 1.02746], L1 1.74819, Spectral 0.24283, Gradient 0.40451, Quantile 0.79286) | LR 5.00e-05
2026-06-26 13:49:01,898 INFO Epoch 53 | Batch 200/1186 | Loss 2.91645 (NLL 4.22817 [logdet 1.40966, mahal 0.98063], L1 1.76614, Spectral 0.24674, Gradient 0.40966, Quantile 0.82556) | LR 5.00e-05
2026-06-26 13:49:04,894 INFO Epoch 53 | Batch 250/1186 | Loss 2.98716 (NLL 4.33354 [logdet 1.45356, mahal 1.04210], L1 1.82785, Spectral 0.24780, Gradient 0.41139, Quantile 0.84548) | LR 5.00e-05
2026-06-26 13:49:07,892 INFO Epoch 53 | Batch 300/1186 | Loss 2.95204 (NLL 4.25999 [logdet 1.45584, mahal 0.96627], L1 1.78410, Spectral 0.24944, Gradient 0.41994, Quantile 0.82852) | LR 5.00e-05
2026-06-26 13:49:10,889 INFO Epoch 53 | Batch 350/1186 | Loss 2.94249 (NLL 4.26967 [logdet 1.41995, mahal 1.01185], L1 1.77241, Spectral 0.25386, Gradient 0.41200, Quantile 0.83617) | LR 5.00e-05
2026-06-26 13:49:13,881 INFO Epoch 53 | Batch 400/1186 | Loss 2.96999 (NLL 4.29785 [logdet 1.41638, mahal 1.04359], L1 1.80712, Spectral 0.24865, Gradient 0.41628, Quantile 0.82073) | LR 5.00e-05
2026-06-26 13:49:16,873 INFO Epoch 53 | Batch 450/1186 | Loss 2.94279 (NLL 4.20981 [logdet 1.40874, mahal 0.96319], L1 1.76861, Spectral 0.25199, Gradient 0.42012, Quantile 0.85197) | LR 5.00e-05
2026-06-26 13:49:19,872 INFO Epoch 53 | Batch 500/1186 | Loss 2.91405 (NLL 4.23265 [logdet 1.40227, mahal 0.99250], L1 1.75419, Spectral 0.25038, Gradient 0.41221, Quantile 0.81477) | LR 5.00e-05
2026-06-26 13:49:22,871 INFO Epoch 53 | Batch 550/1186 | Loss 3.00028 (NLL 4.29106 [logdet 1.44427, mahal 1.00892], L1 1.80173, Spectral 0.26097, Gradient 0.42353, Quantile 0.84457) | LR 5.00e-05
2026-06-26 13:49:25,871 INFO Epoch 53 | Batch 600/1186 | Loss 2.93865 (NLL 4.27090 [logdet 1.39218, mahal 1.04084], L1 1.77360, Spectral 0.25082, Gradient 0.41384, Quantile 0.83060) | LR 5.00e-05
2026-06-26 13:49:28,869 INFO Epoch 53 | Batch 650/1186 | Loss 3.01936 (NLL 4.30723 [logdet 1.44993, mahal 1.01943], L1 1.84258, Spectral 0.25347, Gradient 0.41617, Quantile 0.85902) | LR 5.00e-05
2026-06-26 13:49:31,868 INFO Epoch 53 | Batch 700/1186 | Loss 2.95191 (NLL 4.27235 [logdet 1.46004, mahal 0.97444], L1 1.79483, Spectral 0.24779, Gradient 0.41323, Quantile 0.82005) | LR 5.00e-05
2026-06-26 13:49:34,867 INFO Epoch 53 | Batch 750/1186 | Loss 2.93557 (NLL 4.23903 [logdet 1.39191, mahal 1.00924], L1 1.77115, Spectral 0.25098, Gradient 0.41460, Quantile 0.82168) | LR 5.00e-05
2026-06-26 13:49:37,865 INFO Epoch 53 | Batch 800/1186 | Loss 2.98911 (NLL 4.29254 [logdet 1.43068, mahal 1.02398], L1 1.82146, Spectral 0.25129, Gradient 0.41584, Quantile 0.81824) | LR 5.00e-05
2026-06-26 13:49:40,864 INFO Epoch 53 | Batch 850/1186 | Loss 3.02262 (NLL 4.31873 [logdet 1.45310, mahal 1.02775], L1 1.83482, Spectral 0.25388, Gradient 0.42442, Quantile 0.87272) | LR 5.00e-05
2026-06-26 13:49:43,865 INFO Epoch 53 | Batch 900/1186 | Loss 2.93103 (NLL 4.23716 [logdet 1.46522, mahal 0.93406], L1 1.77457, Spectral 0.24909, Gradient 0.40908, Quantile 0.84180) | LR 5.00e-05
2026-06-26 13:49:46,863 INFO Epoch 53 | Batch 950/1186 | Loss 2.92468 (NLL 4.24819 [logdet 1.43175, mahal 0.97857], L1 1.76594, Spectral 0.24977, Gradient 0.41351, Quantile 0.79686) | LR 5.00e-05
2026-06-26 13:49:49,862 INFO Epoch 53 | Batch 1000/1186 | Loss 2.99307 (NLL 4.28703 [logdet 1.42442, mahal 1.02474], L1 1.81865, Spectral 0.25158, Gradient 0.41883, Quantile 0.85365) | LR 5.00e-05
2026-06-26 13:49:52,861 INFO Epoch 53 | Batch 1050/1186 | Loss 3.01916 (NLL 4.31894 [logdet 1.44251, mahal 1.03855], L1 1.84394, Spectral 0.25216, Gradient 0.41701, Quantile 0.85899) | LR 5.00e-05
2026-06-26 13:49:55,860 INFO Epoch 53 | Batch 1100/1186 | Loss 2.96975 (NLL 4.28757 [logdet 1.47924, mahal 0.97045], L1 1.80436, Spectral 0.25063, Gradient 0.41427, Quantile 0.82828) | LR 5.00e-05
2026-06-26 13:49:58,859 INFO Epoch 53 | Batch 1150/1186 | Loss 2.93755 (NLL 4.28118 [logdet 1.43835, mahal 1.00496], L1 1.79112, Spectral 0.24637, Gradient 0.40424, Quantile 0.83593) | LR 5.00e-05
2026-06-26 13:50:05,968 INFO Epoch 53 | Val Loss 2.94188 (NLL 4.27295 [logdet 1.42070, mahal 1.01437], L1 1.77258, Spectral 0.25033, Gradient 0.41407, Quantile 0.88522)
2026-06-26 13:50:09,038 INFO Epoch 54 | Batch 50/1186 | Loss 2.97600 (NLL 4.28413 [logdet 1.45646, mahal 0.98980], L1 1.79354, Spectral 0.25609, Gradient 0.41876, Quantile 0.83817) | LR 5.00e-05
2026-06-26 13:50:12,038 INFO Epoch 54 | Batch 100/1186 | Loss 2.96158 (NLL 4.29850 [logdet 1.44437, mahal 1.01626], L1 1.79678, Spectral 0.25055, Gradient 0.41409, Quantile 0.82236) | LR 5.00e-05
2026-06-26 13:50:15,034 INFO Epoch 54 | Batch 150/1186 | Loss 2.90905 (NLL 4.22689 [logdet 1.41569, mahal 0.97332], L1 1.76812, Spectral 0.24374, Gradient 0.40469, Quantile 0.84947) | LR 5.00e-05
2026-06-26 13:50:18,035 INFO Epoch 54 | Batch 200/1186 | Loss 2.98412 (NLL 4.32153 [logdet 1.43275, mahal 1.05090], L1 1.80871, Spectral 0.25255, Gradient 0.41975, Quantile 0.82007) | LR 5.00e-05
2026-06-26 13:50:21,034 INFO Epoch 54 | Batch 250/1186 | Loss 2.90936 (NLL 4.21950 [logdet 1.43236, mahal 0.94926], L1 1.75377, Spectral 0.24951, Gradient 0.40990, Quantile 0.81890) | LR 5.00e-05
2026-06-26 13:50:24,032 INFO Epoch 54 | Batch 300/1186 | Loss 2.93459 (NLL 4.29532 [logdet 1.41842, mahal 1.03902], L1 1.78940, Spectral 0.24380, Gradient 0.40888, Quantile 0.82464) | LR 5.00e-05
2026-06-26 13:50:27,032 INFO Epoch 54 | Batch 350/1186 | Loss 2.97753 (NLL 4.29315 [logdet 1.45053, mahal 1.00475], L1 1.82367, Spectral 0.24545, Gradient 0.41190, Quantile 0.84768) | LR 5.00e-05
2026-06-26 13:50:30,029 INFO Epoch 54 | Batch 400/1186 | Loss 2.95334 (NLL 4.27663 [logdet 1.41065, mahal 1.02810], L1 1.79158, Spectral 0.24927, Gradient 0.41316, Quantile 0.83629) | LR 5.00e-05
2026-06-26 13:50:33,030 INFO Epoch 54 | Batch 450/1186 | Loss 3.00273 (NLL 4.28195 [logdet 1.42188, mahal 1.02220], L1 1.83090, Spectral 0.25183, Gradient 0.41747, Quantile 0.83641) | LR 5.00e-05
2026-06-26 13:50:36,026 INFO Epoch 54 | Batch 500/1186 | Loss 2.92587 (NLL 4.23802 [logdet 1.41389, mahal 0.98625], L1 1.75761, Spectral 0.25222, Gradient 0.41682, Quantile 0.80985) | LR 5.00e-05
2026-06-26 13:50:39,024 INFO Epoch 54 | Batch 550/1186 | Loss 2.92221 (NLL 4.22051 [logdet 1.41782, mahal 0.96481], L1 1.76309, Spectral 0.24913, Gradient 0.41154, Quantile 0.84743) | LR 5.00e-05
2026-06-26 13:50:42,024 INFO Epoch 54 | Batch 600/1186 | Loss 2.95679 (NLL 4.24784 [logdet 1.39468, mahal 1.01528], L1 1.77297, Spectral 0.25698, Gradient 0.42026, Quantile 0.82726) | LR 5.00e-05
2026-06-26 13:50:45,019 INFO Epoch 54 | Batch 650/1186 | Loss 2.93964 (NLL 4.24376 [logdet 1.40037, mahal 1.00552], L1 1.76843, Spectral 0.25282, Gradient 0.41825, Quantile 0.81015) | LR 5.00e-05
2026-06-26 13:50:48,014 INFO Epoch 54 | Batch 700/1186 | Loss 2.94229 (NLL 4.24895 [logdet 1.38717, mahal 1.02390], L1 1.79109, Spectral 0.24694, Gradient 0.40936, Quantile 0.82710) | LR 5.00e-05
2026-06-26 13:50:51,003 INFO Epoch 54 | Batch 750/1186 | Loss 2.92340 (NLL 4.25063 [logdet 1.41430, mahal 0.99845], L1 1.75190, Spectral 0.25379, Gradient 0.41735, Quantile 0.79881) | LR 5.00e-05
2026-06-26 13:50:54,000 INFO Epoch 54 | Batch 800/1186 | Loss 2.93861 (NLL 4.27621 [logdet 1.39594, mahal 1.04239], L1 1.78692, Spectral 0.24722, Gradient 0.41013, Quantile 0.80829) | LR 5.00e-05
2026-06-26 13:50:56,999 INFO Epoch 54 | Batch 850/1186 | Loss 3.00183 (NLL 4.30938 [logdet 1.42763, mahal 1.04387], L1 1.83170, Spectral 0.25133, Gradient 0.41264, Quantile 0.87560) | LR 5.00e-05
2026-06-26 13:50:59,999 INFO Epoch 54 | Batch 900/1186 | Loss 2.91954 (NLL 4.23852 [logdet 1.46562, mahal 0.93502], L1 1.77397, Spectral 0.24522, Gradient 0.41008, Quantile 0.80075) | LR 5.00e-05
2026-06-26 13:51:02,999 INFO Epoch 54 | Batch 950/1186 | Loss 3.01434 (NLL 4.30612 [logdet 1.42566, mahal 1.04259], L1 1.84577, Spectral 0.24883, Gradient 0.41671, Quantile 0.87140) | LR 5.00e-05
2026-06-26 13:51:05,997 INFO Epoch 54 | Batch 1000/1186 | Loss 3.03258 (NLL 4.34271 [logdet 1.48054, mahal 1.02429], L1 1.85183, Spectral 0.25200, Gradient 0.42074, Quantile 0.87328) | LR 5.00e-05
2026-06-26 13:51:08,998 INFO Epoch 54 | Batch 1050/1186 | Loss 2.95575 (NLL 4.24599 [logdet 1.44172, mahal 0.96639], L1 1.79274, Spectral 0.24993, Gradient 0.41413, Quantile 0.83347) | LR 5.00e-05
2026-06-26 13:51:11,996 INFO Epoch 54 | Batch 1100/1186 | Loss 2.99639 (NLL 4.30271 [logdet 1.47410, mahal 0.99073], L1 1.81520, Spectral 0.25446, Gradient 0.41887, Quantile 0.85520) | LR 5.00e-05
2026-06-26 13:51:14,996 INFO Epoch 54 | Batch 1150/1186 | Loss 3.00319 (NLL 4.32476 [logdet 1.46704, mahal 1.01984], L1 1.82004, Spectral 0.25431, Gradient 0.42104, Quantile 0.84803) | LR 5.00e-05
2026-06-26 13:51:22,096 INFO Epoch 54 | Val Loss 2.95612 (NLL 4.28842 [logdet 1.48282, mahal 0.96772], L1 1.77974, Spectral 0.25178, Gradient 0.41614, Quantile 0.90074)
2026-06-26 13:51:25,170 INFO Epoch 55 | Batch 50/1186 | Loss 2.99626 (NLL 4.26836 [logdet 1.44866, mahal 0.98182], L1 1.80511, Spectral 0.25717, Gradient 0.42563, Quantile 0.83540) | LR 5.00e-05
2026-06-26 13:51:28,175 INFO Epoch 55 | Batch 100/1186 | Loss 2.97843 (NLL 4.29137 [logdet 1.45383, mahal 0.99967], L1 1.80374, Spectral 0.25355, Gradient 0.41564, Quantile 0.84523) | LR 5.00e-05
2026-06-26 13:51:31,179 INFO Epoch 55 | Batch 150/1186 | Loss 2.93986 (NLL 4.28996 [logdet 1.42787, mahal 1.02422], L1 1.79564, Spectral 0.24376, Gradient 0.40865, Quantile 0.81937) | LR 5.00e-05
2026-06-26 13:51:34,182 INFO Epoch 55 | Batch 200/1186 | Loss 2.93502 (NLL 4.24886 [logdet 1.39991, mahal 1.01107], L1 1.77259, Spectral 0.25090, Gradient 0.41227, Quantile 0.82483) | LR 5.00e-05
2026-06-26 13:51:37,189 INFO Epoch 55 | Batch 250/1186 | Loss 2.98529 (NLL 4.29793 [logdet 1.45931, mahal 1.00074], L1 1.80847, Spectral 0.25464, Gradient 0.41721, Quantile 0.82328) | LR 5.00e-05
2026-06-26 13:51:40,189 INFO Epoch 55 | Batch 300/1186 | Loss 2.93398 (NLL 4.21311 [logdet 1.40795, mahal 0.96728], L1 1.75573, Spectral 0.25720, Gradient 0.41527, Quantile 0.82923) | LR 5.00e-05
2026-06-26 13:51:43,189 INFO Epoch 55 | Batch 350/1186 | Loss 3.01738 (NLL 4.30475 [logdet 1.41959, mahal 1.04728], L1 1.83088, Spectral 0.25448, Gradient 0.42498, Quantile 0.84257) | LR 5.00e-05
2026-06-26 13:51:46,187 INFO Epoch 55 | Batch 400/1186 | Loss 2.91809 (NLL 4.24598 [logdet 1.44632, mahal 0.96178], L1 1.76806, Spectral 0.24827, Gradient 0.40652, Quantile 0.81659) | LR 5.00e-05
2026-06-26 13:51:49,187 INFO Epoch 55 | Batch 450/1186 | Loss 3.03759 (NLL 4.31367 [logdet 1.38594, mahal 1.08985], L1 1.84999, Spectral 0.25382, Gradient 0.42466, Quantile 0.87105) | LR 5.00e-05
2026-06-26 13:51:52,187 INFO Epoch 55 | Batch 500/1186 | Loss 2.99575 (NLL 4.31837 [logdet 1.45936, mahal 1.02114], L1 1.82195, Spectral 0.25091, Gradient 0.41853, Quantile 0.85540) | LR 5.00e-05
2026-06-26 13:51:55,190 INFO Epoch 55 | Batch 550/1186 | Loss 2.86936 (NLL 4.22135 [logdet 1.46530, mahal 0.91818], L1 1.72694, Spectral 0.24500, Gradient 0.40784, Quantile 0.80216) | LR 5.00e-05
2026-06-26 13:51:58,201 INFO Epoch 55 | Batch 600/1186 | Loss 3.02623 (NLL 4.32135 [logdet 1.45085, mahal 1.03263], L1 1.81808, Spectral 0.26257, Gradient 0.42854, Quantile 0.84571) | LR 5.00e-05
2026-06-26 13:52:01,203 INFO Epoch 55 | Batch 650/1186 | Loss 2.94670 (NLL 4.25742 [logdet 1.41211, mahal 1.00743], L1 1.80152, Spectral 0.24493, Gradient 0.40778, Quantile 0.82310) | LR 5.00e-05
2026-06-26 13:52:04,200 INFO Epoch 55 | Batch 700/1186 | Loss 2.95742 (NLL 4.26361 [logdet 1.42003, mahal 1.00570], L1 1.80823, Spectral 0.24423, Gradient 0.40945, Quantile 0.86259) | LR 5.00e-05
2026-06-26 13:52:07,199 INFO Epoch 55 | Batch 750/1186 | Loss 3.00469 (NLL 4.29953 [logdet 1.45140, mahal 1.01025], L1 1.83164, Spectral 0.25159, Gradient 0.41657, Quantile 0.85998) | LR 5.00e-05
2026-06-26 13:52:10,197 INFO Epoch 55 | Batch 800/1186 | Loss 2.96393 (NLL 4.28427 [logdet 1.41930, mahal 1.02710], L1 1.80322, Spectral 0.25003, Gradient 0.41107, Quantile 0.82828) | LR 5.00e-05
2026-06-26 13:52:13,197 INFO Epoch 55 | Batch 850/1186 | Loss 3.05072 (NLL 4.36223 [logdet 1.47756, mahal 1.04679], L1 1.87000, Spectral 0.25394, Gradient 0.41670, Quantile 0.86724) | LR 5.00e-05
2026-06-26 13:52:16,196 INFO Epoch 55 | Batch 900/1186 | Loss 2.97668 (NLL 4.26931 [logdet 1.44221, mahal 0.98923], L1 1.80993, Spectral 0.25190, Gradient 0.41318, Quantile 0.83218) | LR 5.00e-05
2026-06-26 13:52:19,195 INFO Epoch 55 | Batch 950/1186 | Loss 2.87921 (NLL 4.21173 [logdet 1.40929, mahal 0.96456], L1 1.73358, Spectral 0.24498, Gradient 0.40926, Quantile 0.82521) | LR 5.00e-05
2026-06-26 13:52:22,191 INFO Epoch 55 | Batch 1000/1186 | Loss 2.97920 (NLL 4.27068 [logdet 1.42618, mahal 1.00662], L1 1.80987, Spectral 0.24991, Gradient 0.41818, Quantile 0.84933) | LR 5.00e-05
2026-06-26 13:52:25,188 INFO Epoch 55 | Batch 1050/1186 | Loss 2.95293 (NLL 4.28229 [logdet 1.42218, mahal 1.02223], L1 1.79134, Spectral 0.24847, Gradient 0.41562, Quantile 0.82326) | LR 5.00e-05
2026-06-26 13:52:28,186 INFO Epoch 55 | Batch 1100/1186 | Loss 2.94289 (NLL 4.27786 [logdet 1.46794, mahal 0.97204], L1 1.78108, Spectral 0.24844, Gradient 0.41350, Quantile 0.85219) | LR 5.00e-05
2026-06-26 13:52:31,182 INFO Epoch 55 | Batch 1150/1186 | Loss 2.85930 (NLL 4.21346 [logdet 1.50009, mahal 0.87549], L1 1.71908, Spectral 0.24434, Gradient 0.40810, Quantile 0.79320) | LR 5.00e-05
2026-06-26 13:52:38,291 INFO Epoch 55 | Val Loss 2.94333 (NLL 4.27072 [logdet 1.40600, mahal 1.02684], L1 1.77432, Spectral 0.25035, Gradient 0.41383, Quantile 0.88512)
2026-06-26 13:52:41,368 INFO Epoch 56 | Batch 50/1186 | Loss 2.96955 (NLL 4.26146 [logdet 1.40191, mahal 1.02167], L1 1.79637, Spectral 0.25090, Gradient 0.42202, Quantile 0.82783) | LR 5.00e-05
2026-06-26 13:52:44,370 INFO Epoch 56 | Batch 100/1186 | Loss 2.95976 (NLL 4.26916 [logdet 1.37974, mahal 1.05155], L1 1.79695, Spectral 0.25090, Gradient 0.41186, Quantile 0.82717) | LR 5.00e-05
2026-06-26 13:52:47,369 INFO Epoch 56 | Batch 150/1186 | Loss 3.03620 (NLL 4.32306 [logdet 1.46407, mahal 1.02112], L1 1.86275, Spectral 0.25172, Gradient 0.41614, Quantile 0.85849) | LR 5.00e-05
2026-06-26 13:52:50,367 INFO Epoch 56 | Batch 200/1186 | Loss 2.91807 (NLL 4.24947 [logdet 1.44768, mahal 0.96392], L1 1.76878, Spectral 0.24561, Gradient 0.40981, Quantile 0.83182) | LR 5.00e-05
2026-06-26 13:52:53,369 INFO Epoch 56 | Batch 250/1186 | Loss 2.87919 (NLL 4.19911 [logdet 1.40241, mahal 0.95882], L1 1.73535, Spectral 0.24733, Gradient 0.40413, Quantile 0.81313) | LR 5.00e-05
2026-06-26 13:52:56,364 INFO Epoch 56 | Batch 300/1186 | Loss 2.99243 (NLL 4.30259 [logdet 1.39485, mahal 1.06987], L1 1.81341, Spectral 0.25320, Gradient 0.42052, Quantile 0.84190) | LR 5.00e-05
2026-06-26 13:52:59,364 INFO Epoch 56 | Batch 350/1186 | Loss 2.98004 (NLL 4.29695 [logdet 1.44605, mahal 1.01303], L1 1.81940, Spectral 0.25013, Gradient 0.40955, Quantile 0.83841) | LR 5.00e-05
2026-06-26 13:53:02,360 INFO Epoch 56 | Batch 400/1186 | Loss 2.93744 (NLL 4.26573 [logdet 1.45545, mahal 0.97240], L1 1.77655, Spectral 0.25029, Gradient 0.41066, Quantile 0.83501) | LR 5.00e-05
2026-06-26 13:53:05,359 INFO Epoch 56 | Batch 450/1186 | Loss 2.94103 (NLL 4.28160 [logdet 1.43069, mahal 1.01304], L1 1.79944, Spectral 0.24182, Gradient 0.40966, Quantile 0.82709) | LR 5.00e-05
2026-06-26 13:53:08,360 INFO Epoch 56 | Batch 500/1186 | Loss 3.01601 (NLL 4.31477 [logdet 1.48947, mahal 0.98742], L1 1.83382, Spectral 0.25296, Gradient 0.42203, Quantile 0.86119) | LR 5.00e-05
2026-06-26 13:53:11,354 INFO Epoch 56 | Batch 550/1186 | Loss 2.98416 (NLL 4.29808 [logdet 1.45912, mahal 1.00108], L1 1.81442, Spectral 0.24890, Gradient 0.41988, Quantile 0.84910) | LR 5.00e-05
2026-06-26 13:53:14,353 INFO Epoch 56 | Batch 600/1186 | Loss 2.96225 (NLL 4.26984 [logdet 1.46403, mahal 0.96793], L1 1.78409, Spectral 0.25601, Gradient 0.41679, Quantile 0.82016) | LR 5.00e-05
2026-06-26 13:53:17,348 INFO Epoch 56 | Batch 650/1186 | Loss 2.94973 (NLL 4.25561 [logdet 1.39226, mahal 1.02547], L1 1.79085, Spectral 0.25012, Gradient 0.41146, Quantile 0.81109) | LR 5.00e-05
2026-06-26 13:53:20,343 INFO Epoch 56 | Batch 700/1186 | Loss 2.89089 (NLL 4.19888 [logdet 1.39342, mahal 0.96758], L1 1.73790, Spectral 0.24943, Gradient 0.40764, Quantile 0.82447) | LR 5.00e-05
2026-06-26 13:53:23,334 INFO Epoch 56 | Batch 750/1186 | Loss 2.94597 (NLL 4.26169 [logdet 1.43711, mahal 0.98671], L1 1.77837, Spectral 0.25167, Gradient 0.41582, Quantile 0.81903) | LR 5.00e-05
2026-06-26 13:53:26,330 INFO Epoch 56 | Batch 800/1186 | Loss 2.98649 (NLL 4.31066 [logdet 1.42571, mahal 1.04707], L1 1.81079, Spectral 0.25224, Gradient 0.41695, Quantile 0.86586) | LR 5.00e-05
2026-06-26 13:53:29,327 INFO Epoch 56 | Batch 850/1186 | Loss 2.91978 (NLL 4.26953 [logdet 1.42297, mahal 1.00868], L1 1.77517, Spectral 0.24405, Gradient 0.41036, Quantile 0.80406) | LR 5.00e-05
2026-06-26 13:53:32,324 INFO Epoch 56 | Batch 900/1186 | Loss 3.01775 (NLL 4.32802 [logdet 1.40915, mahal 1.08100], L1 1.83467, Spectral 0.25276, Gradient 0.42372, Quantile 0.85214) | LR 5.00e-05
2026-06-26 13:53:35,319 INFO Epoch 56 | Batch 950/1186 | Loss 2.99006 (NLL 4.27771 [logdet 1.44313, mahal 0.99670], L1 1.80946, Spectral 0.25619, Gradient 0.41564, Quantile 0.85301) | LR 5.00e-05
2026-06-26 13:53:38,310 INFO Epoch 56 | Batch 1000/1186 | Loss 2.99265 (NLL 4.28353 [logdet 1.48028, mahal 0.96537], L1 1.82167, Spectral 0.25120, Gradient 0.41589, Quantile 0.85926) | LR 5.00e-05
2026-06-26 13:53:41,307 INFO Epoch 56 | Batch 1050/1186 | Loss 2.98923 (NLL 4.32152 [logdet 1.44426, mahal 1.03938], L1 1.81431, Spectral 0.25222, Gradient 0.41875, Quantile 0.83379) | LR 5.00e-05
2026-06-26 13:53:44,306 INFO Epoch 56 | Batch 1100/1186 | Loss 2.91918 (NLL 4.25562 [logdet 1.41205, mahal 1.00569], L1 1.76957, Spectral 0.24845, Gradient 0.40597, Quantile 0.81084) | LR 5.00e-05
2026-06-26 13:53:47,301 INFO Epoch 56 | Batch 1150/1186 | Loss 2.87269 (NLL 4.19750 [logdet 1.38893, mahal 0.97070], L1 1.72293, Spectral 0.24610, Gradient 0.41271, Quantile 0.80963) | LR 5.00e-05
2026-06-26 13:53:54,402 INFO Epoch 56 | Val Loss 2.94091 (NLL 4.27346 [logdet 1.40560, mahal 1.02998], L1 1.77205, Spectral 0.25009, Gradient 0.41386, Quantile 0.88848)
2026-06-26 13:53:54,474 INFO New best val loss: 2.94091 (saved checkpoints/best.pth)
2026-06-26 13:53:57,507 INFO Epoch 57 | Batch 50/1186 | Loss 2.96544 (NLL 4.29902 [logdet 1.42300, mahal 1.03814], L1 1.80585, Spectral 0.24738, Gradient 0.41402, Quantile 0.83970) | LR 5.00e-05
2026-06-26 13:54:00,507 INFO Epoch 57 | Batch 100/1186 | Loss 2.89815 (NLL 4.24383 [logdet 1.39593, mahal 1.01002], L1 1.76658, Spectral 0.24139, Gradient 0.40310, Quantile 0.81400) | LR 5.00e-05
2026-06-26 13:54:03,506 INFO Epoch 57 | Batch 150/1186 | Loss 2.94498 (NLL 4.24840 [logdet 1.42643, mahal 0.98409], L1 1.77373, Spectral 0.25261, Gradient 0.41765, Quantile 0.82070) | LR 5.00e-05
2026-06-26 13:54:06,501 INFO Epoch 57 | Batch 200/1186 | Loss 2.94222 (NLL 4.23682 [logdet 1.40714, mahal 0.99180], L1 1.77017, Spectral 0.25419, Gradient 0.41335, Quantile 0.84555) | LR 5.00e-05
2026-06-26 13:54:09,500 INFO Epoch 57 | Batch 250/1186 | Loss 2.97036 (NLL 4.28613 [logdet 1.42142, mahal 1.02683], L1 1.81280, Spectral 0.24761, Gradient 0.41190, Quantile 0.84011) | LR 5.00e-05
2026-06-26 13:54:12,499 INFO Epoch 57 | Batch 300/1186 | Loss 3.04642 (NLL 4.32671 [logdet 1.42485, mahal 1.06398], L1 1.85455, Spectral 0.25587, Gradient 0.42426, Quantile 0.87025) | LR 5.00e-05
2026-06-26 13:54:15,496 INFO Epoch 57 | Batch 350/1186 | Loss 2.89874 (NLL 4.22574 [logdet 1.43715, mahal 0.95071], L1 1.73850, Spectral 0.25082, Gradient 0.41207, Quantile 0.81270) | LR 5.00e-05
2026-06-26 13:54:18,496 INFO Epoch 57 | Batch 400/1186 | Loss 2.90048 (NLL 4.20411 [logdet 1.40568, mahal 0.96056], L1 1.75120, Spectral 0.24877, Gradient 0.40615, Quantile 0.81445) | LR 5.00e-05
2026-06-26 13:54:21,495 INFO Epoch 57 | Batch 450/1186 | Loss 3.01257 (NLL 4.31991 [logdet 1.40437, mahal 1.07767], L1 1.83380, Spectral 0.25352, Gradient 0.41837, Quantile 0.85060) | LR 5.00e-05
2026-06-26 13:54:24,496 INFO Epoch 57 | Batch 500/1186 | Loss 3.03413 (NLL 4.34071 [logdet 1.52252, mahal 0.98031], L1 1.85435, Spectral 0.25507, Gradient 0.41583, Quantile 0.84738) | LR 5.00e-05
2026-06-26 13:54:27,490 INFO Epoch 57 | Batch 550/1186 | Loss 2.92084 (NLL 4.25599 [logdet 1.43017, mahal 0.98794], L1 1.75774, Spectral 0.25058, Gradient 0.41357, Quantile 0.82270) | LR 5.00e-05
2026-06-26 13:54:30,490 INFO Epoch 57 | Batch 600/1186 | Loss 2.94719 (NLL 4.27776 [logdet 1.43554, mahal 1.00434], L1 1.76958, Spectral 0.25399, Gradient 0.41960, Quantile 0.82649) | LR 5.00e-05
2026-06-26 13:54:33,480 INFO Epoch 57 | Batch 650/1186 | Loss 2.96749 (NLL 4.28613 [logdet 1.43101, mahal 1.01725], L1 1.80083, Spectral 0.24857, Gradient 0.42019, Quantile 0.82342) | LR 5.00e-05
2026-06-26 13:54:36,472 INFO Epoch 57 | Batch 700/1186 | Loss 3.02556 (NLL 4.31110 [logdet 1.46224, mahal 1.01099], L1 1.85359, Spectral 0.25083, Gradient 0.41615, Quantile 0.86690) | LR 5.00e-05
2026-06-26 13:54:39,469 INFO Epoch 57 | Batch 750/1186 | Loss 2.99837 (NLL 4.31269 [logdet 1.45072, mahal 1.02409], L1 1.82167, Spectral 0.25274, Gradient 0.42046, Quantile 0.82459) | LR 5.00e-05
2026-06-26 13:54:42,462 INFO Epoch 57 | Batch 800/1186 | Loss 2.95509 (NLL 4.26806 [logdet 1.41924, mahal 1.01095], L1 1.79276, Spectral 0.24974, Gradient 0.41123, Quantile 0.85640) | LR 5.00e-05
2026-06-26 13:54:45,451 INFO Epoch 57 | Batch 850/1186 | Loss 2.95940 (NLL 4.27053 [logdet 1.41565, mahal 1.01699], L1 1.79228, Spectral 0.25080, Gradient 0.41531, Quantile 0.83721) | LR 5.00e-05
2026-06-26 13:54:48,448 INFO Epoch 57 | Batch 900/1186 | Loss 2.96353 (NLL 4.26852 [logdet 1.44906, mahal 0.98159], L1 1.79688, Spectral 0.25129, Gradient 0.41244, Quantile 0.85375) | LR 5.00e-05
2026-06-26 13:54:51,446 INFO Epoch 57 | Batch 950/1186 | Loss 2.94529 (NLL 4.26257 [logdet 1.40878, mahal 1.01592], L1 1.79155, Spectral 0.24643, Gradient 0.41248, Quantile 0.82697) | LR 5.00e-05
2026-06-26 13:54:54,441 INFO Epoch 57 | Batch 1000/1186 | Loss 2.90450 (NLL 4.19861 [logdet 1.41408, mahal 0.94666], L1 1.74914, Spectral 0.24883, Gradient 0.41042, Quantile 0.83323) | LR 5.00e-05
2026-06-26 13:54:57,437 INFO Epoch 57 | Batch 1050/1186 | Loss 2.98336 (NLL 4.30637 [logdet 1.39998, mahal 1.06851], L1 1.81002, Spectral 0.25124, Gradient 0.42104, Quantile 0.81809) | LR 5.00e-05
2026-06-26 13:55:00,435 INFO Epoch 57 | Batch 1100/1186 | Loss 2.92933 (NLL 4.25723 [logdet 1.44183, mahal 0.97752], L1 1.76404, Spectral 0.25162, Gradient 0.41300, Quantile 0.82861) | LR 5.00e-05
2026-06-26 13:55:03,423 INFO Epoch 57 | Batch 1150/1186 | Loss 2.96281 (NLL 4.29182 [logdet 1.41812, mahal 1.03582], L1 1.80749, Spectral 0.24595, Gradient 0.41383, Quantile 0.83066) | LR 5.00e-05
2026-06-26 13:55:10,529 INFO Epoch 57 | Val Loss 2.94367 (NLL 4.27563 [logdet 1.37691, mahal 1.06084], L1 1.77380, Spectral 0.25001, Gradient 0.41352, Quantile 0.90450)
2026-06-26 13:55:13,604 INFO Epoch 58 | Batch 50/1186 | Loss 2.85156 (NLL 4.17496 [logdet 1.35460, mahal 0.98249], L1 1.70487, Spectral 0.24794, Gradient 0.40775, Quantile 0.79683) | LR 5.00e-05
2026-06-26 13:55:16,610 INFO Epoch 58 | Batch 100/1186 | Loss 3.01662 (NLL 4.33051 [logdet 1.40222, mahal 1.09042], L1 1.83994, Spectral 0.25188, Gradient 0.41964, Quantile 0.84806) | LR 5.00e-05
2026-06-26 13:55:19,619 INFO Epoch 58 | Batch 150/1186 | Loss 2.92788 (NLL 4.23430 [logdet 1.43173, mahal 0.96469], L1 1.75012, Spectral 0.25493, Gradient 0.42107, Quantile 0.80363) | LR 5.00e-05
2026-06-26 13:55:22,620 INFO Epoch 58 | Batch 200/1186 | Loss 3.01380 (NLL 4.32479 [logdet 1.49319, mahal 0.99373], L1 1.83304, Spectral 0.25353, Gradient 0.42169, Quantile 0.83269) | LR 5.00e-05
2026-06-26 13:55:25,619 INFO Epoch 58 | Batch 250/1186 | Loss 2.93470 (NLL 4.24847 [logdet 1.42623, mahal 0.98436], L1 1.78268, Spectral 0.24802, Gradient 0.40678, Quantile 0.84056) | LR 5.00e-05
2026-06-26 13:55:28,617 INFO Epoch 58 | Batch 300/1186 | Loss 3.00296 (NLL 4.31505 [logdet 1.46403, mahal 1.01315], L1 1.83846, Spectral 0.24781, Gradient 0.41436, Quantile 0.87444) | LR 5.00e-05
2026-06-26 13:55:31,617 INFO Epoch 58 | Batch 350/1186 | Loss 3.00214 (NLL 4.30048 [logdet 1.50283, mahal 0.95978], L1 1.84799, Spectral 0.24598, Gradient 0.41137, Quantile 0.84228) | LR 5.00e-05
2026-06-26 13:55:34,616 INFO Epoch 58 | Batch 400/1186 | Loss 2.91460 (NLL 4.25056 [logdet 1.43712, mahal 0.97555], L1 1.77400, Spectral 0.24280, Gradient 0.40621, Quantile 0.84269) | LR 5.00e-05
2026-06-26 13:55:37,616 INFO Epoch 58 | Batch 450/1186 | Loss 2.95934 (NLL 4.25928 [logdet 1.40398, mahal 1.01743], L1 1.78993, Spectral 0.25209, Gradient 0.41742, Quantile 0.81183) | LR 5.00e-05
2026-06-26 13:55:40,615 INFO Epoch 58 | Batch 500/1186 | Loss 2.93480 (NLL 4.25296 [logdet 1.41862, mahal 0.99646], L1 1.77947, Spectral 0.24811, Gradient 0.41083, Quantile 0.82729) | LR 5.00e-05
2026-06-26 13:55:43,612 INFO Epoch 58 | Batch 550/1186 | Loss 2.95048 (NLL 4.28714 [logdet 1.43813, mahal 1.01113], L1 1.79057, Spectral 0.24900, Gradient 0.41220, Quantile 0.82985) | LR 5.00e-05
2026-06-26 13:55:46,613 INFO Epoch 58 | Batch 600/1186 | Loss 2.97483 (NLL 4.30004 [logdet 1.43349, mahal 1.02867], L1 1.79711, Spectral 0.25322, Gradient 0.41986, Quantile 0.83551) | LR 5.00e-05
2026-06-26 13:55:49,609 INFO Epoch 58 | Batch 650/1186 | Loss 2.94859 (NLL 4.25078 [logdet 1.41779, mahal 0.99511], L1 1.77742, Spectral 0.25158, Gradient 0.41864, Quantile 0.83179) | LR 5.00e-05
2026-06-26 13:55:52,609 INFO Epoch 58 | Batch 700/1186 | Loss 3.08313 (NLL 4.36087 [logdet 1.44626, mahal 1.07673], L1 1.88394, Spectral 0.25760, Gradient 0.42581, Quantile 0.88159) | LR 5.00e-05
2026-06-26 13:55:55,609 INFO Epoch 58 | Batch 750/1186 | Loss 2.92381 (NLL 4.24001 [logdet 1.43715, mahal 0.96499], L1 1.77536, Spectral 0.24621, Gradient 0.40938, Quantile 0.81665) | LR 5.00e-05
2026-06-26 13:55:58,607 INFO Epoch 58 | Batch 800/1186 | Loss 2.99687 (NLL 4.27354 [logdet 1.42583, mahal 1.00983], L1 1.82148, Spectral 0.25325, Gradient 0.41680, Quantile 0.85265) | LR 5.00e-05
2026-06-26 13:56:01,611 INFO Epoch 58 | Batch 850/1186 | Loss 2.96810 (NLL 4.27522 [logdet 1.39867, mahal 1.03867], L1 1.81759, Spectral 0.24495, Gradient 0.41113, Quantile 0.83732) | LR 5.00e-05
2026-06-26 13:56:04,617 INFO Epoch 58 | Batch 900/1186 | Loss 2.97709 (NLL 4.30315 [logdet 1.47129, mahal 0.99398], L1 1.80037, Spectral 0.25346, Gradient 0.41688, Quantile 0.85186) | LR 5.00e-05
2026-06-26 13:56:07,625 INFO Epoch 58 | Batch 950/1186 | Loss 2.91103 (NLL 4.22918 [logdet 1.40286, mahal 0.98845], L1 1.75575, Spectral 0.24815, Gradient 0.41244, Quantile 0.81516) | LR 5.00e-05
2026-06-26 13:56:10,625 INFO Epoch 58 | Batch 1000/1186 | Loss 2.97275 (NLL 4.26566 [logdet 1.45160, mahal 0.97618], L1 1.78925, Spectral 0.25635, Gradient 0.41875, Quantile 0.84987) | LR 5.00e-05
2026-06-26 13:56:13,624 INFO Epoch 58 | Batch 1050/1186 | Loss 2.95760 (NLL 4.26776 [logdet 1.40111, mahal 1.02877], L1 1.78915, Spectral 0.25167, Gradient 0.41444, Quantile 0.84215) | LR 5.00e-05
2026-06-26 13:56:16,624 INFO Epoch 58 | Batch 1100/1186 | Loss 2.94461 (NLL 4.25138 [logdet 1.40865, mahal 1.00486], L1 1.77622, Spectral 0.25296, Gradient 0.41490, Quantile 0.81156) | LR 5.00e-05
2026-06-26 13:56:19,621 INFO Epoch 58 | Batch 1150/1186 | Loss 2.92629 (NLL 4.28443 [logdet 1.43562, mahal 1.01094], L1 1.78346, Spectral 0.24447, Gradient 0.40572, Quantile 0.82272) | LR 5.00e-05
2026-06-26 13:56:26,684 INFO Epoch 58 | Val Loss 2.94029 (NLL 4.27379 [logdet 1.40189, mahal 1.03403], L1 1.77232, Spectral 0.25020, Gradient 0.41396, Quantile 0.87476)
2026-06-26 13:56:26,759 INFO New best val loss: 2.94029 (saved checkpoints/best.pth)
2026-06-26 13:56:29,790 INFO Epoch 59 | Batch 50/1186 | Loss 2.94693 (NLL 4.24357 [logdet 1.41930, mahal 0.98639], L1 1.78707, Spectral 0.24969, Gradient 0.41066, Quantile 0.84496) | LR 5.00e-05
2026-06-26 13:56:32,796 INFO Epoch 59 | Batch 100/1186 | Loss 2.99641 (NLL 4.32374 [logdet 1.42264, mahal 1.06322], L1 1.83525, Spectral 0.24699, Gradient 0.41458, Quantile 0.85157) | LR 5.00e-05
2026-06-26 13:56:35,797 INFO Epoch 59 | Batch 150/1186 | Loss 2.99076 (NLL 4.30700 [logdet 1.47820, mahal 0.99092], L1 1.82487, Spectral 0.24980, Gradient 0.41575, Quantile 0.82990) | LR 5.00e-05
2026-06-26 13:56:38,778 INFO Epoch 59 | Batch 200/1186 | Loss 2.94007 (NLL 4.30004 [logdet 1.42895, mahal 1.03321], L1 1.78093, Spectral 0.24848, Gradient 0.41348, Quantile 0.81457) | LR 5.00e-05
2026-06-26 13:56:41,711 INFO Epoch 59 | Batch 250/1186 | Loss 2.96878 (NLL 4.25560 [logdet 1.44149, mahal 0.97623], L1 1.79504, Spectral 0.25346, Gradient 0.41502, Quantile 0.85589) | LR 5.00e-05
2026-06-26 13:56:44,643 INFO Epoch 59 | Batch 300/1186 | Loss 2.95301 (NLL 4.26731 [logdet 1.39794, mahal 1.03149], L1 1.79509, Spectral 0.24891, Gradient 0.41256, Quantile 0.81249) | LR 5.00e-05
2026-06-26 13:56:47,572 INFO Epoch 59 | Batch 350/1186 | Loss 2.97314 (NLL 4.26058 [logdet 1.40498, mahal 1.01772], L1 1.79781, Spectral 0.25252, Gradient 0.42054, Quantile 0.83081) | LR 5.00e-05
2026-06-26 13:56:50,504 INFO Epoch 59 | Batch 400/1186 | Loss 2.93809 (NLL 4.22956 [logdet 1.41785, mahal 0.97384], L1 1.76908, Spectral 0.25258, Gradient 0.41405, Quantile 0.84406) | LR 5.00e-05
2026-06-26 13:56:53,425 INFO Epoch 59 | Batch 450/1186 | Loss 2.96543 (NLL 4.28553 [logdet 1.47027, mahal 0.97739], L1 1.80962, Spectral 0.24885, Gradient 0.40948, Quantile 0.81984) | LR 5.00e-05
2026-06-26 13:56:56,343 INFO Epoch 59 | Batch 500/1186 | Loss 2.90299 (NLL 4.19536 [logdet 1.39506, mahal 0.96243], L1 1.74171, Spectral 0.25064, Gradient 0.41397, Quantile 0.81650) | LR 5.00e-05
2026-06-26 13:56:59,247 INFO Epoch 59 | Batch 550/1186 | Loss 2.91111 (NLL 4.22587 [logdet 1.36903, mahal 1.01896], L1 1.74603, Spectral 0.25138, Gradient 0.41588, Quantile 0.80935) | LR 5.00e-05
2026-06-26 13:57:02,145 INFO Epoch 59 | Batch 600/1186 | Loss 2.92847 (NLL 4.25241 [logdet 1.38410, mahal 1.03043], L1 1.78479, Spectral 0.24419, Gradient 0.40915, Quantile 0.81001) | LR 5.00e-05
2026-06-26 13:57:05,045 INFO Epoch 59 | Batch 650/1186 | Loss 2.99914 (NLL 4.28281 [logdet 1.42480, mahal 1.02014], L1 1.81134, Spectral 0.25554, Gradient 0.42437, Quantile 0.84640) | LR 5.00e-05
2026-06-26 13:57:07,944 INFO Epoch 59 | Batch 700/1186 | Loss 2.94894 (NLL 4.29210 [logdet 1.42166, mahal 1.03257], L1 1.79356, Spectral 0.24896, Gradient 0.40938, Quantile 0.81157) | LR 5.00e-05
2026-06-26 13:57:10,841 INFO Epoch 59 | Batch 750/1186 | Loss 3.01401 (NLL 4.30832 [logdet 1.43096, mahal 1.03948], L1 1.83269, Spectral 0.25447, Gradient 0.41656, Quantile 0.88077) | LR 5.00e-05
2026-06-26 13:57:13,739 INFO Epoch 59 | Batch 800/1186 | Loss 2.96244 (NLL 4.28359 [logdet 1.44239, mahal 1.00333], L1 1.79128, Spectral 0.25239, Gradient 0.41869, Quantile 0.80163) | LR 5.00e-05
2026-06-26 13:57:16,637 INFO Epoch 59 | Batch 850/1186 | Loss 2.88861 (NLL 4.22246 [logdet 1.42472, mahal 0.95987], L1 1.75168, Spectral 0.24316, Gradient 0.40503, Quantile 0.81663) | LR 5.00e-05
2026-06-26 13:57:19,536 INFO Epoch 59 | Batch 900/1186 | Loss 2.93978 (NLL 4.24275 [logdet 1.41125, mahal 0.99363], L1 1.76514, Spectral 0.25367, Gradient 0.41867, Quantile 0.82343) | LR 5.00e-05
2026-06-26 13:57:22,434 INFO Epoch 59 | Batch 950/1186 | Loss 2.96965 (NLL 4.26414 [logdet 1.40937, mahal 1.01689], L1 1.78914, Spectral 0.25433, Gradient 0.42032, Quantile 0.84673) | LR 5.00e-05
2026-06-26 13:57:25,333 INFO Epoch 59 | Batch 1000/1186 | Loss 2.94149 (NLL 4.26173 [logdet 1.42489, mahal 0.99896], L1 1.78438, Spectral 0.24824, Gradient 0.41101, Quantile 0.83869) | LR 5.00e-05
2026-06-26 13:57:28,231 INFO Epoch 59 | Batch 1050/1186 | Loss 2.99576 (NLL 4.32589 [logdet 1.42216, mahal 1.06585], L1 1.83460, Spectral 0.24851, Gradient 0.41264, Quantile 0.83735) | LR 5.00e-05
2026-06-26 13:57:31,131 INFO Epoch 59 | Batch 1100/1186 | Loss 2.92182 (NLL 4.26083 [logdet 1.42700, mahal 0.99595], L1 1.76856, Spectral 0.24591, Gradient 0.41379, Quantile 0.81945) | LR 5.00e-05
2026-06-26 13:57:34,028 INFO Epoch 59 | Batch 1150/1186 | Loss 3.01531 (NLL 4.34803 [logdet 1.45113, mahal 1.05902], L1 1.83592, Spectral 0.25305, Gradient 0.41680, Quantile 0.87689) | LR 5.00e-05
2026-06-26 13:57:41,041 INFO Epoch 59 | Val Loss 2.94642 (NLL 4.27931 [logdet 1.44370, mahal 0.99774], L1 1.77750, Spectral 0.25001, Gradient 0.41409, Quantile 0.88632)
2026-06-26 13:57:44,042 INFO Epoch 60 | Batch 50/1186 | Loss 2.91851 (NLL 4.24630 [logdet 1.42918, mahal 0.97925], L1 1.75798, Spectral 0.25105, Gradient 0.41007, Quantile 0.82630) | LR 5.00e-05
2026-06-26 13:57:46,970 INFO Epoch 60 | Batch 100/1186 | Loss 2.87004 (NLL 4.23381 [logdet 1.38276, mahal 1.01317], L1 1.74422, Spectral 0.23992, Gradient 0.40092, Quantile 0.81335) | LR 5.00e-05
2026-06-26 13:57:49,902 INFO Epoch 60 | Batch 150/1186 | Loss 2.93043 (NLL 4.27845 [logdet 1.39446, mahal 1.04611], L1 1.78525, Spectral 0.24464, Gradient 0.40707, Quantile 0.83111) | LR 5.00e-05
2026-06-26 13:57:52,831 INFO Epoch 60 | Batch 200/1186 | Loss 2.92828 (NLL 4.24780 [logdet 1.45088, mahal 0.95904], L1 1.76936, Spectral 0.25038, Gradient 0.40994, Quantile 0.82529) | LR 5.00e-05
2026-06-26 13:57:55,766 INFO Epoch 60 | Batch 250/1186 | Loss 2.99214 (NLL 4.30012 [logdet 1.43756, mahal 1.02468], L1 1.80802, Spectral 0.25660, Gradient 0.41875, Quantile 0.83954) | LR 5.00e-05
2026-06-26 13:57:58,699 INFO Epoch 60 | Batch 300/1186 | Loss 2.94318 (NLL 4.22455 [logdet 1.43019, mahal 0.95649], L1 1.77481, Spectral 0.25215, Gradient 0.41648, Quantile 0.82123) | LR 5.00e-05
2026-06-26 13:58:01,629 INFO Epoch 60 | Batch 350/1186 | Loss 2.90636 (NLL 4.22075 [logdet 1.39899, mahal 0.98388], L1 1.74368, Spectral 0.25105, Gradient 0.41477, Quantile 0.80508) | LR 5.00e-05
2026-06-26 13:58:04,553 INFO Epoch 60 | Batch 400/1186 | Loss 2.97890 (NLL 4.31005 [logdet 1.41295, mahal 1.05922], L1 1.80789, Spectral 0.25126, Gradient 0.41605, Quantile 0.84766) | LR 5.00e-05
2026-06-26 13:58:07,468 INFO Epoch 60 | Batch 450/1186 | Loss 2.95223 (NLL 4.27712 [logdet 1.42282, mahal 1.01642], L1 1.78543, Spectral 0.25316, Gradient 0.41018, Quantile 0.83469) | LR 5.00e-05
2026-06-26 13:58:10,382 INFO Epoch 60 | Batch 500/1186 | Loss 2.90905 (NLL 4.27550 [logdet 1.40652, mahal 1.03110], L1 1.77997, Spectral 0.23818, Gradient 0.40701, Quantile 0.80690) | LR 5.00e-05
2026-06-26 13:58:13,298 INFO Epoch 60 | Batch 550/1186 | Loss 2.94712 (NLL 4.25547 [logdet 1.39252, mahal 1.02508], L1 1.78402, Spectral 0.24893, Gradient 0.41603, Quantile 0.83311) | LR 5.00e-05
2026-06-26 13:58:16,214 INFO Epoch 60 | Batch 600/1186 | Loss 2.94524 (NLL 4.23824 [logdet 1.45246, mahal 0.94790], L1 1.77054, Spectral 0.25522, Gradient 0.41472, Quantile 0.83433) | LR 5.00e-05
2026-06-26 13:58:19,125 INFO Epoch 60 | Batch 650/1186 | Loss 2.99027 (NLL 4.29380 [logdet 1.43223, mahal 1.02369], L1 1.81909, Spectral 0.25239, Gradient 0.41555, Quantile 0.83420) | LR 5.00e-05
2026-06-26 13:58:22,038 INFO Epoch 60 | Batch 700/1186 | Loss 2.96540 (NLL 4.27900 [logdet 1.45648, mahal 0.98464], L1 1.79311, Spectral 0.25110, Gradient 0.41941, Quantile 0.83728) | LR 5.00e-05
2026-06-26 13:58:24,954 INFO Epoch 60 | Batch 750/1186 | Loss 2.98403 (NLL 4.26273 [logdet 1.42276, mahal 1.00209], L1 1.81236, Spectral 0.25081, Gradient 0.41825, Quantile 0.85584) | LR 5.00e-05
2026-06-26 13:58:27,872 INFO Epoch 60 | Batch 800/1186 | Loss 2.90713 (NLL 4.21582 [logdet 1.40723, mahal 0.97071], L1 1.75820, Spectral 0.24659, Gradient 0.41205, Quantile 0.79051) | LR 5.00e-05
2026-06-26 13:58:30,792 INFO Epoch 60 | Batch 850/1186 | Loss 2.95611 (NLL 4.29041 [logdet 1.42033, mahal 1.03220], L1 1.79647, Spectral 0.24883, Gradient 0.41271, Quantile 0.82389) | LR 5.00e-05
2026-06-26 13:58:33,707 INFO Epoch 60 | Batch 900/1186 | Loss 2.98176 (NLL 4.28759 [logdet 1.40098, mahal 1.04873], L1 1.80796, Spectral 0.25312, Gradient 0.41502, Quantile 0.85396) | LR 5.00e-05
2026-06-26 13:58:36,623 INFO Epoch 60 | Batch 950/1186 | Loss 2.89091 (NLL 4.21845 [logdet 1.39865, mahal 0.98193], L1 1.74034, Spectral 0.24811, Gradient 0.41004, Quantile 0.79506) | LR 5.00e-05
2026-06-26 13:58:39,540 INFO Epoch 60 | Batch 1000/1186 | Loss 2.93519 (NLL 4.25927 [logdet 1.39854, mahal 1.02286], L1 1.78669, Spectral 0.24450, Gradient 0.41206, Quantile 0.82037) | LR 5.00e-05
2026-06-26 13:58:42,455 INFO Epoch 60 | Batch 1050/1186 | Loss 3.03140 (NLL 4.30531 [logdet 1.44314, mahal 1.02429], L1 1.84477, Spectral 0.25423, Gradient 0.42383, Quantile 0.86289) | LR 5.00e-05
2026-06-26 13:58:45,367 INFO Epoch 60 | Batch 1100/1186 | Loss 3.05742 (NLL 4.33116 [logdet 1.47436, mahal 1.01892], L1 1.86160, Spectral 0.25773, Gradient 0.42326, Quantile 0.88006) | LR 5.00e-05
2026-06-26 13:58:48,278 INFO Epoch 60 | Batch 1150/1186 | Loss 3.03104 (NLL 4.32083 [logdet 1.44072, mahal 1.04224], L1 1.84318, Spectral 0.25398, Gradient 0.42541, Quantile 0.85915) | LR 5.00e-05
2026-06-26 13:58:55,326 INFO Epoch 60 | Val Loss 2.95381 (NLL 4.28445 [logdet 1.50886, mahal 0.93772], L1 1.78043, Spectral 0.25032, Gradient 0.41418, Quantile 0.92518)
2026-06-26 13:58:58,317 INFO Epoch 61 | Batch 50/1186 | Loss 2.92546 (NLL 4.23866 [logdet 1.47508, mahal 0.92570], L1 1.77177, Spectral 0.24732, Gradient 0.41146, Quantile 0.82502) | LR 5.00e-05
2026-06-26 13:59:01,240 INFO Epoch 61 | Batch 100/1186 | Loss 2.95063 (NLL 4.23907 [logdet 1.43058, mahal 0.97062], L1 1.79242, Spectral 0.24732, Gradient 0.41472, Quantile 0.83746) | LR 5.00e-05
2026-06-26 13:59:04,161 INFO Epoch 61 | Batch 150/1186 | Loss 2.98327 (NLL 4.30547 [logdet 1.41569, mahal 1.05191], L1 1.81594, Spectral 0.25054, Gradient 0.41415, Quantile 0.84731) | LR 5.00e-05
2026-06-26 13:59:07,083 INFO Epoch 61 | Batch 200/1186 | Loss 2.91578 (NLL 4.25249 [logdet 1.43531, mahal 0.97930], L1 1.77180, Spectral 0.24441, Gradient 0.40654, Quantile 0.83781) | LR 5.00e-05
2026-06-26 13:59:10,003 INFO Epoch 61 | Batch 250/1186 | Loss 2.95700 (NLL 4.28033 [logdet 1.45078, mahal 0.99167], L1 1.77307, Spectral 0.25704, Gradient 0.41943, Quantile 0.82580) | LR 5.00e-05
2026-06-26 13:59:12,923 INFO Epoch 61 | Batch 300/1186 | Loss 2.95602 (NLL 4.24467 [logdet 1.43077, mahal 0.97603], L1 1.78306, Spectral 0.25487, Gradient 0.41504, Quantile 0.81769) | LR 5.00e-05
2026-06-26 13:59:15,846 INFO Epoch 61 | Batch 350/1186 | Loss 2.97224 (NLL 4.28291 [logdet 1.44487, mahal 1.00017], L1 1.80236, Spectral 0.25022, Gradient 0.41862, Quantile 0.83921) | LR 5.00e-05
2026-06-26 13:59:18,766 INFO Epoch 61 | Batch 400/1186 | Loss 3.00021 (NLL 4.29762 [logdet 1.41034, mahal 1.04940], L1 1.82232, Spectral 0.25332, Gradient 0.41713, Quantile 0.86705) | LR 5.00e-05
2026-06-26 13:59:21,687 INFO Epoch 61 | Batch 450/1186 | Loss 3.02734 (NLL 4.33954 [logdet 1.47698, mahal 1.02469], L1 1.85109, Spectral 0.24961, Gradient 0.42385, Quantile 0.84515) | LR 5.00e-05
2026-06-26 13:59:24,610 INFO Epoch 61 | Batch 500/1186 | Loss 2.99236 (NLL 4.29398 [logdet 1.48461, mahal 0.97149], L1 1.83522, Spectral 0.24875, Gradient 0.40826, Quantile 0.84768) | LR 5.00e-05
2026-06-26 13:59:27,532 INFO Epoch 61 | Batch 550/1186 | Loss 2.94325 (NLL 4.26775 [logdet 1.39639, mahal 1.03348], L1 1.78275, Spectral 0.24834, Gradient 0.41435, Quantile 0.83358) | LR 5.00e-05
2026-06-26 13:59:30,454 INFO Epoch 61 | Batch 600/1186 | Loss 2.95418 (NLL 4.23723 [logdet 1.44489, mahal 0.95447], L1 1.76298, Spectral 0.26039, Gradient 0.42444, Quantile 0.78466) | LR 5.00e-05
2026-06-26 13:59:33,377 INFO Epoch 61 | Batch 650/1186 | Loss 3.01443 (NLL 4.30658 [logdet 1.41591, mahal 1.05279], L1 1.83431, Spectral 0.25299, Gradient 0.42065, Quantile 0.85616) | LR 5.00e-05
2026-06-26 13:59:36,300 INFO Epoch 61 | Batch 700/1186 | Loss 2.92055 (NLL 4.25132 [logdet 1.43606, mahal 0.97739], L1 1.77658, Spectral 0.24267, Gradient 0.41013, Quantile 0.83785) | LR 5.00e-05
2026-06-26 13:59:39,221 INFO Epoch 61 | Batch 750/1186 | Loss 2.94223 (NLL 4.28281 [logdet 1.47715, mahal 0.96778], L1 1.78327, Spectral 0.24838, Gradient 0.41280, Quantile 0.82831) | LR 5.00e-05
2026-06-26 13:59:42,141 INFO Epoch 61 | Batch 800/1186 | Loss 2.95960 (NLL 4.26043 [logdet 1.42847, mahal 0.99408], L1 1.79629, Spectral 0.24930, Gradient 0.41585, Quantile 0.82738) | LR 5.00e-05
2026-06-26 13:59:45,062 INFO Epoch 61 | Batch 850/1186 | Loss 2.97028 (NLL 4.28969 [logdet 1.41674, mahal 1.03507], L1 1.80829, Spectral 0.24951, Gradient 0.41156, Quantile 0.84709) | LR 5.00e-05
2026-06-26 13:59:47,977 INFO Epoch 61 | Batch 900/1186 | Loss 2.88604 (NLL 4.20079 [logdet 1.40501, mahal 0.95791], L1 1.73610, Spectral 0.24683, Gradient 0.41112, Quantile 0.81172) | LR 5.00e-05
2026-06-26 13:59:50,891 INFO Epoch 61 | Batch 950/1186 | Loss 2.98004 (NLL 4.30336 [logdet 1.41515, mahal 1.05033], L1 1.81898, Spectral 0.24856, Gradient 0.41127, Quantile 0.85809) | LR 5.00e-05
2026-06-26 13:59:53,807 INFO Epoch 61 | Batch 1000/1186 | Loss 3.00086 (NLL 4.30460 [logdet 1.43219, mahal 1.03453], L1 1.83742, Spectral 0.24800, Gradient 0.41577, Quantile 0.84556) | LR 5.00e-05
2026-06-26 13:59:56,721 INFO Epoch 61 | Batch 1050/1186 | Loss 2.92991 (NLL 4.26882 [logdet 1.42497, mahal 1.00597], L1 1.76584, Spectral 0.25231, Gradient 0.41162, Quantile 0.81085) | LR 5.00e-05
2026-06-26 13:59:59,638 INFO Epoch 61 | Batch 1100/1186 | Loss 2.89287 (NLL 4.19180 [logdet 1.42803, mahal 0.92589], L1 1.73672, Spectral 0.25065, Gradient 0.40892, Quantile 0.81867) | LR 5.00e-05
2026-06-26 14:00:02,553 INFO Epoch 61 | Batch 1150/1186 | Loss 2.91190 (NLL 4.29632 [logdet 1.38552, mahal 1.07292], L1 1.76152, Spectral 0.24693, Gradient 0.41014, Quantile 0.79395) | LR 5.00e-05
2026-06-26 14:00:09,601 INFO Epoch 61 | Val Loss 2.94852 (NLL 4.28036 [logdet 1.43013, mahal 1.01235], L1 1.77639, Spectral 0.25068, Gradient 0.41534, Quantile 0.89133)
2026-06-26 14:00:12,603 INFO Epoch 62 | Batch 50/1186 | Loss 2.98887 (NLL 4.31361 [logdet 1.45829, mahal 1.01745], L1 1.83130, Spectral 0.24855, Gradient 0.40841, Quantile 0.84910) | LR 5.00e-05
2026-06-26 14:00:15,537 INFO Epoch 62 | Batch 100/1186 | Loss 2.93891 (NLL 4.28361 [logdet 1.43780, mahal 1.00794], L1 1.79015, Spectral 0.24487, Gradient 0.41146, Quantile 0.81352) | LR 5.00e-05
2026-06-26 14:00:18,470 INFO Epoch 62 | Batch 150/1186 | Loss 3.00799 (NLL 4.27383 [logdet 1.40468, mahal 1.03128], L1 1.81298, Spectral 0.25879, Gradient 0.42501, Quantile 0.84539) | LR 5.00e-05
2026-06-26 14:00:21,389 INFO Epoch 62 | Batch 200/1186 | Loss 2.95564 (NLL 4.29246 [logdet 1.46618, mahal 0.98840], L1 1.77581, Spectral 0.25520, Gradient 0.41913, Quantile 0.82334) | LR 5.00e-05
2026-06-26 14:00:24,301 INFO Epoch 62 | Batch 250/1186 | Loss 2.99457 (NLL 4.30468 [logdet 1.43925, mahal 1.02755], L1 1.81971, Spectral 0.25167, Gradient 0.41934, Quantile 0.84477) | LR 5.00e-05
2026-06-26 14:00:27,219 INFO Epoch 62 | Batch 300/1186 | Loss 2.95602 (NLL 4.29600 [logdet 1.47698, mahal 0.98114], L1 1.80263, Spectral 0.24739, Gradient 0.40893, Quantile 0.83018) | LR 5.00e-05
2026-06-26 14:00:30,136 INFO Epoch 62 | Batch 350/1186 | Loss 2.94073 (NLL 4.25831 [logdet 1.41067, mahal 1.00977], L1 1.77473, Spectral 0.25203, Gradient 0.41293, Quantile 0.82705) | LR 5.00e-05
2026-06-26 14:00:33,051 INFO Epoch 62 | Batch 400/1186 | Loss 2.95729 (NLL 4.26568 [logdet 1.45389, mahal 0.97391], L1 1.78348, Spectral 0.25290, Gradient 0.41654, Quantile 0.84911) | LR 5.00e-05
2026-06-26 14:00:35,965 INFO Epoch 62 | Batch 450/1186 | Loss 3.00233 (NLL 4.29730 [logdet 1.41820, mahal 1.04123], L1 1.82330, Spectral 0.25442, Gradient 0.41832, Quantile 0.84024) | LR 5.00e-05
2026-06-26 14:00:38,881 INFO Epoch 62 | Batch 500/1186 | Loss 3.03859 (NLL 4.33497 [logdet 1.52233, mahal 0.97476], L1 1.85451, Spectral 0.25302, Gradient 0.42347, Quantile 0.85744) | LR 5.00e-05
2026-06-26 14:00:41,796 INFO Epoch 62 | Batch 550/1186 | Loss 2.97633 (NLL 4.29343 [logdet 1.46529, mahal 0.99027], L1 1.80980, Spectral 0.25010, Gradient 0.41547, Quantile 0.83761) | LR 5.00e-05
2026-06-26 14:00:44,714 INFO Epoch 62 | Batch 600/1186 | Loss 2.84746 (NLL 4.18644 [logdet 1.43043, mahal 0.91813], L1 1.70632, Spectral 0.24540, Gradient 0.40703, Quantile 0.79966) | LR 5.00e-05
2026-06-26 14:00:47,627 INFO Epoch 62 | Batch 650/1186 | Loss 3.05810 (NLL 4.33727 [logdet 1.41493, mahal 1.08446], L1 1.85124, Spectral 0.25938, Gradient 0.43451, Quantile 0.83286) | LR 5.00e-05
2026-06-26 14:00:50,544 INFO Epoch 62 | Batch 700/1186 | Loss 3.05082 (NLL 4.32257 [logdet 1.47820, mahal 1.00650], L1 1.85639, Spectral 0.25647, Gradient 0.42555, Quantile 0.87095) | LR 5.00e-05
2026-06-26 14:00:53,459 INFO Epoch 62 | Batch 750/1186 | Loss 2.88440 (NLL 4.21940 [logdet 1.43683, mahal 0.94469], L1 1.74449, Spectral 0.24408, Gradient 0.40560, Quantile 0.82234) | LR 5.00e-05
2026-06-26 14:00:56,375 INFO Epoch 62 | Batch 800/1186 | Loss 2.93222 (NLL 4.22633 [logdet 1.40340, mahal 0.98505], L1 1.77834, Spectral 0.24698, Gradient 0.41321, Quantile 0.81916) | LR 5.00e-05
2026-06-26 14:00:59,291 INFO Epoch 62 | Batch 850/1186 | Loss 2.94976 (NLL 4.25482 [logdet 1.40435, mahal 1.01259], L1 1.78072, Spectral 0.25068, Gradient 0.41732, Quantile 0.84313) | LR 5.00e-05
2026-06-26 14:01:02,200 INFO Epoch 62 | Batch 900/1186 | Loss 2.94083 (NLL 4.26453 [logdet 1.40752, mahal 1.01913], L1 1.79678, Spectral 0.24302, Gradient 0.40829, Quantile 0.84730) | LR 5.00e-05
2026-06-26 14:01:05,099 INFO Epoch 62 | Batch 950/1186 | Loss 2.89974 (NLL 4.23777 [logdet 1.40853, mahal 0.99136], L1 1.75671, Spectral 0.24552, Gradient 0.40619, Quantile 0.81026) | LR 5.00e-05
2026-06-26 14:01:07,999 INFO Epoch 62 | Batch 1000/1186 | Loss 2.96853 (NLL 4.30655 [logdet 1.46205, mahal 1.00662], L1 1.80288, Spectral 0.25086, Gradient 0.41387, Quantile 0.82419) | LR 5.00e-05
2026-06-26 14:01:10,899 INFO Epoch 62 | Batch 1050/1186 | Loss 2.92060 (NLL 4.22996 [logdet 1.41297, mahal 0.97911], L1 1.76865, Spectral 0.24868, Gradient 0.40705, Quantile 0.82725) | LR 5.00e-05
2026-06-26 14:01:13,797 INFO Epoch 62 | Batch 1100/1186 | Loss 2.93883 (NLL 4.25396 [logdet 1.38495, mahal 1.03113], L1 1.79590, Spectral 0.24309, Gradient 0.40948, Quantile 0.82318) | LR 5.00e-05
2026-06-26 14:01:16,695 INFO Epoch 62 | Batch 1150/1186 | Loss 2.89471 (NLL 4.20311 [logdet 1.37579, mahal 0.98944], L1 1.72382, Spectral 0.25511, Gradient 0.41541, Quantile 0.79883) | LR 5.00e-05
2026-06-26 14:01:23,719 INFO Epoch 62 | Val Loss 2.93975 (NLL 4.26950 [logdet 1.37108, mahal 1.06055], L1 1.77259, Spectral 0.25030, Gradient 0.41377, Quantile 0.86698)
2026-06-26 14:01:23,794 INFO New best val loss: 2.93975 (saved checkpoints/best.pth)
2026-06-26 14:01:26,753 INFO Epoch 63 | Batch 50/1186 | Loss 3.00190 (NLL 4.30129 [logdet 1.42521, mahal 1.03820], L1 1.82377, Spectral 0.25170, Gradient 0.42079, Quantile 0.86456) | LR 5.00e-05
2026-06-26 14:01:29,680 INFO Epoch 63 | Batch 100/1186 | Loss 2.95536 (NLL 4.24828 [logdet 1.39152, mahal 1.01888], L1 1.79182, Spectral 0.25111, Gradient 0.41401, Quantile 0.81257) | LR 5.00e-05
2026-06-26 14:01:32,609 INFO Epoch 63 | Batch 150/1186 | Loss 3.00050 (NLL 4.29845 [logdet 1.42632, mahal 1.03425], L1 1.81421, Spectral 0.25665, Gradient 0.41950, Quantile 0.85426) | LR 5.00e-05
2026-06-26 14:01:35,536 INFO Epoch 63 | Batch 200/1186 | Loss 2.94823 (NLL 4.27941 [logdet 1.42141, mahal 1.02012], L1 1.79582, Spectral 0.24593, Gradient 0.41120, Quantile 0.83320) | LR 5.00e-05
2026-06-26 14:01:38,464 INFO Epoch 63 | Batch 250/1186 | Loss 2.92049 (NLL 4.23100 [logdet 1.44716, mahal 0.94596], L1 1.75820, Spectral 0.25128, Gradient 0.41254, Quantile 0.81723) | LR 5.00e-05
2026-06-26 14:01:41,392 INFO Epoch 63 | Batch 300/1186 | Loss 2.98374 (NLL 4.28072 [logdet 1.42464, mahal 1.01821], L1 1.79978, Spectral 0.25510, Gradient 0.42233, Quantile 0.83833) | LR 5.00e-05
2026-06-26 14:01:44,321 INFO Epoch 63 | Batch 350/1186 | Loss 2.94540 (NLL 4.24181 [logdet 1.48543, mahal 0.91850], L1 1.77429, Spectral 0.25477, Gradient 0.41325, Quantile 0.82115) | LR 5.00e-05
2026-06-26 14:01:47,249 INFO Epoch 63 | Batch 400/1186 | Loss 2.92098 (NLL 4.26795 [logdet 1.39642, mahal 1.03365], L1 1.76712, Spectral 0.24714, Gradient 0.41178, Quantile 0.81785) | LR 5.00e-05
2026-06-26 14:01:50,177 INFO Epoch 63 | Batch 450/1186 | Loss 2.97232 (NLL 4.24952 [logdet 1.42844, mahal 0.98321], L1 1.79895, Spectral 0.25223, Gradient 0.41787, Quantile 0.84993) | LR 5.00e-05
2026-06-26 14:01:53,105 INFO Epoch 63 | Batch 500/1186 | Loss 2.93438 (NLL 4.28018 [logdet 1.38550, mahal 1.05680], L1 1.77072, Spectral 0.24960, Gradient 0.41587, Quantile 0.81754) | LR 5.00e-05
2026-06-26 14:01:56,031 INFO Epoch 63 | Batch 550/1186 | Loss 2.96494 (NLL 4.28588 [logdet 1.42327, mahal 1.02473], L1 1.81527, Spectral 0.24756, Gradient 0.40546, Quantile 0.82808) | LR 5.00e-05
2026-06-26 14:01:58,959 INFO Epoch 63 | Batch 600/1186 | Loss 2.93381 (NLL 4.25502 [logdet 1.43751, mahal 0.97963], L1 1.77740, Spectral 0.24894, Gradient 0.40962, Quantile 0.83269) | LR 5.00e-05
2026-06-26 14:02:01,886 INFO Epoch 63 | Batch 650/1186 | Loss 2.88701 (NLL 4.25589 [logdet 1.40789, mahal 1.01012], L1 1.74778, Spectral 0.24321, Gradient 0.40509, Quantile 0.82916) | LR 5.00e-05
2026-06-26 14:02:04,815 INFO Epoch 63 | Batch 700/1186 | Loss 3.01295 (NLL 4.29863 [logdet 1.44504, mahal 1.01572], L1 1.83547, Spectral 0.25233, Gradient 0.42069, Quantile 0.84461) | LR 5.00e-05
2026-06-26 14:02:07,741 INFO Epoch 63 | Batch 750/1186 | Loss 2.97836 (NLL 4.27492 [logdet 1.45998, mahal 0.97707], L1 1.79516, Spectral 0.25694, Gradient 0.41877, Quantile 0.82956) | LR 5.00e-05
2026-06-26 14:02:10,666 INFO Epoch 63 | Batch 800/1186 | Loss 2.98840 (NLL 4.28895 [logdet 1.41748, mahal 1.03359], L1 1.81979, Spectral 0.24907, Gradient 0.41959, Quantile 0.83900) | LR 5.00e-05
2026-06-26 14:02:13,594 INFO Epoch 63 | Batch 850/1186 | Loss 2.97120 (NLL 4.29834 [logdet 1.44634, mahal 1.01412], L1 1.80430, Spectral 0.25036, Gradient 0.41722, Quantile 0.81406) | LR 5.00e-05
2026-06-26 14:02:16,522 INFO Epoch 63 | Batch 900/1186 | Loss 2.91786 (NLL 4.24429 [logdet 1.46647, mahal 0.93994], L1 1.76395, Spectral 0.24722, Gradient 0.41057, Quantile 0.83817) | LR 5.00e-05
2026-06-26 14:02:19,450 INFO Epoch 63 | Batch 950/1186 | Loss 2.95104 (NLL 4.28038 [logdet 1.42859, mahal 1.01392], L1 1.79717, Spectral 0.24706, Gradient 0.41040, Quantile 0.83161) | LR 5.00e-05
2026-06-26 14:02:22,378 INFO Epoch 63 | Batch 1000/1186 | Loss 2.96289 (NLL 4.30252 [logdet 1.44370, mahal 1.02094], L1 1.79552, Spectral 0.25032, Gradient 0.41625, Quantile 0.82989) | LR 5.00e-05
2026-06-26 14:02:25,305 INFO Epoch 63 | Batch 1050/1186 | Loss 2.92968 (NLL 4.27348 [logdet 1.44532, mahal 0.99028], L1 1.78507, Spectral 0.24440, Gradient 0.40702, Quantile 0.83263) | LR 5.00e-05
2026-06-26 14:02:28,233 INFO Epoch 63 | Batch 1100/1186 | Loss 2.93747 (NLL 4.22633 [logdet 1.39460, mahal 0.99386], L1 1.77131, Spectral 0.25054, Gradient 0.41764, Quantile 0.82051) | LR 5.00e-05
2026-06-26 14:02:31,160 INFO Epoch 63 | Batch 1150/1186 | Loss 2.97596 (NLL 4.29528 [logdet 1.41155, mahal 1.04585], L1 1.80296, Spectral 0.25235, Gradient 0.41601, Quantile 0.84931) | LR 5.00e-05
2026-06-26 14:02:38,204 INFO Epoch 63 | Val Loss 2.95454 (NLL 4.28179 [logdet 1.40693, mahal 1.03698], L1 1.78246, Spectral 0.25031, Gradient 0.41402, Quantile 0.91399)
2026-06-26 14:02:41,203 INFO Epoch 64 | Batch 50/1186 | Loss 2.99817 (NLL 4.27543 [logdet 1.43931, mahal 0.99825], L1 1.80828, Spectral 0.25787, Gradient 0.42185, Quantile 0.84614) | LR 5.00e-05
2026-06-26 14:02:44,135 INFO Epoch 64 | Batch 100/1186 | Loss 2.92058 (NLL 4.23478 [logdet 1.37852, mahal 1.01839], L1 1.75163, Spectral 0.25272, Gradient 0.41591, Quantile 0.81729) | LR 5.00e-05
2026-06-26 14:02:47,067 INFO Epoch 64 | Batch 150/1186 | Loss 2.93422 (NLL 4.26022 [logdet 1.42363, mahal 0.99872], L1 1.77289, Spectral 0.24853, Gradient 0.41474, Quantile 0.83646) | LR 5.00e-05
2026-06-26 14:02:49,998 INFO Epoch 64 | Batch 200/1186 | Loss 2.97695 (NLL 4.30221 [logdet 1.42504, mahal 1.03930], L1 1.82182, Spectral 0.24662, Gradient 0.41227, Quantile 0.82721) | LR 5.00e-05
2026-06-26 14:02:52,927 INFO Epoch 64 | Batch 250/1186 | Loss 2.94349 (NLL 4.28098 [logdet 1.41053, mahal 1.03257], L1 1.80011, Spectral 0.24262, Gradient 0.40919, Quantile 0.83348) | LR 5.00e-05
2026-06-26 14:02:55,854 INFO Epoch 64 | Batch 300/1186 | Loss 2.89119 (NLL 4.21275 [logdet 1.42892, mahal 0.94595], L1 1.73983, Spectral 0.24787, Gradient 0.40887, Quantile 0.82463) | LR 5.00e-05
2026-06-26 14:02:58,787 INFO Epoch 64 | Batch 350/1186 | Loss 2.98290 (NLL 4.29686 [logdet 1.40587, mahal 1.05312], L1 1.81613, Spectral 0.24939, Gradient 0.41585, Quantile 0.85144) | LR 5.00e-05
2026-06-26 14:03:01,718 INFO Epoch 64 | Batch 400/1186 | Loss 2.95650 (NLL 4.24570 [logdet 1.43407, mahal 0.97376], L1 1.78753, Spectral 0.25099, Gradient 0.41629, Quantile 0.84994) | LR 5.00e-05
2026-06-26 14:03:04,650 INFO Epoch 64 | Batch 450/1186 | Loss 2.97345 (NLL 4.30492 [logdet 1.44252, mahal 1.02452], L1 1.80038, Spectral 0.25196, Gradient 0.41863, Quantile 0.82634) | LR 5.00e-05
2026-06-26 14:03:07,582 INFO Epoch 64 | Batch 500/1186 | Loss 2.92299 (NLL 4.25193 [logdet 1.46639, mahal 0.94767], L1 1.76832, Spectral 0.24951, Gradient 0.40786, Quantile 0.82146) | LR 5.00e-05
2026-06-26 14:03:10,514 INFO Epoch 64 | Batch 550/1186 | Loss 3.01562 (NLL 4.29381 [logdet 1.42699, mahal 1.02894], L1 1.82361, Spectral 0.25597, Gradient 0.42641, Quantile 0.85578) | LR 5.00e-05
2026-06-26 14:03:13,444 INFO Epoch 64 | Batch 600/1186 | Loss 2.90805 (NLL 4.23222 [logdet 1.41646, mahal 0.97788], L1 1.77534, Spectral 0.24182, Gradient 0.40350, Quantile 0.81580) | LR 5.00e-05
2026-06-26 14:03:16,374 INFO Epoch 64 | Batch 650/1186 | Loss 2.92534 (NLL 4.24055 [logdet 1.41484, mahal 0.98784], L1 1.76356, Spectral 0.24924, Gradient 0.41430, Quantile 0.83612) | LR 5.00e-05
2026-06-26 14:03:19,307 INFO Epoch 64 | Batch 700/1186 | Loss 2.94253 (NLL 4.28950 [logdet 1.44911, mahal 1.00252], L1 1.77175, Spectral 0.25162, Gradient 0.41583, Quantile 0.84605) | LR 5.00e-05
2026-06-26 14:03:22,239 INFO Epoch 64 | Batch 750/1186 | Loss 2.94944 (NLL 4.24818 [logdet 1.39592, mahal 1.01439], L1 1.78641, Spectral 0.24980, Gradient 0.41550, Quantile 0.82062) | LR 5.00e-05
2026-06-26 14:03:25,171 INFO Epoch 64 | Batch 800/1186 | Loss 2.94205 (NLL 4.22640 [logdet 1.37713, mahal 1.01139], L1 1.76621, Spectral 0.25423, Gradient 0.41921, Quantile 0.82270) | LR 5.00e-05
2026-06-26 14:03:28,102 INFO Epoch 64 | Batch 850/1186 | Loss 2.95936 (NLL 4.27837 [logdet 1.40156, mahal 1.03893], L1 1.79377, Spectral 0.25054, Gradient 0.41538, Quantile 0.82286) | LR 5.00e-05
2026-06-26 14:03:31,034 INFO Epoch 64 | Batch 900/1186 | Loss 2.99763 (NLL 4.31366 [logdet 1.40106, mahal 1.07472], L1 1.83423, Spectral 0.24797, Gradient 0.41214, Quantile 0.88438) | LR 5.00e-05
2026-06-26 14:03:33,962 INFO Epoch 64 | Batch 950/1186 | Loss 2.97263 (NLL 4.27187 [logdet 1.45370, mahal 0.98029], L1 1.79504, Spectral 0.25647, Gradient 0.41605, Quantile 0.81077) | LR 5.00e-05
2026-06-26 14:03:36,878 INFO Epoch 64 | Batch 1000/1186 | Loss 2.90411 (NLL 4.22437 [logdet 1.43697, mahal 0.94953], L1 1.75420, Spectral 0.24629, Gradient 0.41097, Quantile 0.81781) | LR 5.00e-05
2026-06-26 14:03:39,793 INFO Epoch 64 | Batch 1050/1186 | Loss 2.98435 (NLL 4.31190 [logdet 1.42030, mahal 1.05372], L1 1.82035, Spectral 0.24985, Gradient 0.41301, Quantile 0.83746) | LR 5.00e-05
2026-06-26 14:03:42,708 INFO Epoch 64 | Batch 1100/1186 | Loss 2.99543 (NLL 4.32042 [logdet 1.43021, mahal 1.05233], L1 1.82559, Spectral 0.24881, Gradient 0.41966, Quantile 0.84744) | LR 5.00e-05
2026-06-26 14:03:45,620 INFO Epoch 64 | Batch 1150/1186 | Loss 2.97081 (NLL 4.27113 [logdet 1.45011, mahal 0.98315], L1 1.80118, Spectral 0.25197, Gradient 0.41435, Quantile 0.84797) | LR 5.00e-05
2026-06-26 14:03:52,644 INFO Epoch 64 | Val Loss 2.94094 (NLL 4.27903 [logdet 1.37669, mahal 1.06447], L1 1.77498, Spectral 0.25033, Gradient 0.41407, Quantile 0.84680)
2026-06-26 14:03:55,640 INFO Epoch 65 | Batch 50/1186 | Loss 2.97162 (NLL 4.29704 [logdet 1.46422, mahal 0.99494], L1 1.79793, Spectral 0.25270, Gradient 0.41654, Quantile 0.84209) | LR 5.00e-05
2026-06-26 14:03:58,570 INFO Epoch 65 | Batch 100/1186 | Loss 2.87804 (NLL 4.22018 [logdet 1.44123, mahal 0.94107], L1 1.73602, Spectral 0.24332, Gradient 0.41092, Quantile 0.80246) | LR 5.00e-05
2026-06-26 14:04:01,501 INFO Epoch 65 | Batch 150/1186 | Loss 2.96972 (NLL 4.28308 [logdet 1.39059, mahal 1.05461], L1 1.78798, Spectral 0.25596, Gradient 0.41850, Quantile 0.83679) | LR 5.00e-05
2026-06-26 14:04:04,429 INFO Epoch 65 | Batch 200/1186 | Loss 2.92092 (NLL 4.22478 [logdet 1.44430, mahal 0.94260], L1 1.74829, Spectral 0.25421, Gradient 0.41627, Quantile 0.82197) | LR 5.00e-05
2026-06-26 14:04:07,359 INFO Epoch 65 | Batch 250/1186 | Loss 2.94193 (NLL 4.25989 [logdet 1.38992, mahal 1.03210], L1 1.77042, Spectral 0.25088, Gradient 0.41991, Quantile 0.83450) | LR 5.00e-05
2026-06-26 14:04:10,288 INFO Epoch 65 | Batch 300/1186 | Loss 3.01949 (NLL 4.28649 [logdet 1.41688, mahal 1.03173], L1 1.84390, Spectral 0.25220, Gradient 0.42025, Quantile 0.83593) | LR 5.00e-05
2026-06-26 14:04:13,217 INFO Epoch 65 | Batch 350/1186 | Loss 2.99752 (NLL 4.26178 [logdet 1.43458, mahal 0.98933], L1 1.81756, Spectral 0.25430, Gradient 0.42046, Quantile 0.84060) | LR 5.00e-05
2026-06-26 14:04:16,150 INFO Epoch 65 | Batch 400/1186 | Loss 2.88234 (NLL 4.23992 [logdet 1.41211, mahal 0.98993], L1 1.73061, Spectral 0.24772, Gradient 0.41003, Quantile 0.81010) | LR 5.00e-05
2026-06-26 14:04:19,079 INFO Epoch 65 | Batch 450/1186 | Loss 2.95637 (NLL 4.30082 [logdet 1.39773, mahal 1.06522], L1 1.81317, Spectral 0.24363, Gradient 0.40703, Quantile 0.82612) | LR 5.00e-05
2026-06-26 14:04:22,009 INFO Epoch 65 | Batch 500/1186 | Loss 3.00437 (NLL 4.30495 [logdet 1.44052, mahal 1.02655], L1 1.83327, Spectral 0.25006, Gradient 0.41648, Quantile 0.87336) | LR 5.00e-05
2026-06-26 14:04:24,943 INFO Epoch 65 | Batch 550/1186 | Loss 2.90810 (NLL 4.21403 [logdet 1.43546, mahal 0.94068], L1 1.74601, Spectral 0.24994, Gradient 0.41782, Quantile 0.79172) | LR 5.00e-05
2026-06-26 14:04:27,877 INFO Epoch 65 | Batch 600/1186 | Loss 2.93929 (NLL 4.26364 [logdet 1.43450, mahal 0.99126], L1 1.79230, Spectral 0.24365, Gradient 0.40923, Quantile 0.85435) | LR 5.00e-05
2026-06-26 14:04:30,805 INFO Epoch 65 | Batch 650/1186 | Loss 2.97768 (NLL 4.28299 [logdet 1.41054, mahal 1.03457], L1 1.81385, Spectral 0.24856, Gradient 0.41481, Quantile 0.85488) | LR 5.00e-05
2026-06-26 14:04:33,736 INFO Epoch 65 | Batch 700/1186 | Loss 2.99310 (NLL 4.30836 [logdet 1.45458, mahal 1.01590], L1 1.81712, Spectral 0.25410, Gradient 0.41960, Quantile 0.79609) | LR 5.00e-05
2026-06-26 14:04:36,665 INFO Epoch 65 | Batch 750/1186 | Loss 2.92421 (NLL 4.26119 [logdet 1.42341, mahal 0.99990], L1 1.77969, Spectral 0.24522, Gradient 0.40471, Quantile 0.84283) | LR 5.00e-05
2026-06-26 14:04:39,597 INFO Epoch 65 | Batch 800/1186 | Loss 2.96265 (NLL 4.26687 [logdet 1.42143, mahal 1.00757], L1 1.79901, Spectral 0.25236, Gradient 0.40986, Quantile 0.82563) | LR 5.00e-05
2026-06-26 14:04:42,526 INFO Epoch 65 | Batch 850/1186 | Loss 2.99861 (NLL 4.27777 [logdet 1.46309, mahal 0.97680], L1 1.81265, Spectral 0.25565, Gradient 0.42466, Quantile 0.82195) | LR 5.00e-05
2026-06-26 14:04:45,469 INFO Epoch 65 | Batch 900/1186 | Loss 3.00249 (NLL 4.32008 [logdet 1.45967, mahal 1.02253], L1 1.82445, Spectral 0.25462, Gradient 0.41537, Quantile 0.85105) | LR 5.00e-05
2026-06-26 14:04:48,479 INFO Epoch 65 | Batch 950/1186 | Loss 2.92769 (NLL 4.24354 [logdet 1.42957, mahal 0.97610], L1 1.77101, Spectral 0.24730, Gradient 0.41310, Quantile 0.83832) | LR 5.00e-05
2026-06-26 14:04:51,488 INFO Epoch 65 | Batch 1000/1186 | Loss 2.91728 (NLL 4.26404 [logdet 1.43096, mahal 0.99520], L1 1.76853, Spectral 0.24568, Gradient 0.41002, Quantile 0.81719) | LR 5.00e-05
2026-06-26 14:04:54,501 INFO Epoch 65 | Batch 1050/1186 | Loss 2.89017 (NLL 4.22170 [logdet 1.40899, mahal 0.97483], L1 1.73906, Spectral 0.24608, Gradient 0.41290, Quantile 0.81477) | LR 5.00e-05
2026-06-26 14:04:57,508 INFO Epoch 65 | Batch 1100/1186 | Loss 2.93167 (NLL 4.25301 [logdet 1.38494, mahal 1.03019], L1 1.78141, Spectral 0.24842, Gradient 0.40655, Quantile 0.81277) | LR 5.00e-05
2026-06-26 14:05:00,519 INFO Epoch 65 | Batch 1150/1186 | Loss 2.99639 (NLL 4.29854 [logdet 1.43357, mahal 1.02710], L1 1.82165, Spectral 0.25198, Gradient 0.41755, Quantile 0.85854) | LR 5.00e-05
2026-06-26 14:05:07,622 INFO Epoch 65 | Val Loss 2.94682 (NLL 4.28431 [logdet 1.41506, mahal 1.03137], L1 1.77668, Spectral 0.24993, Gradient 0.41384, Quantile 0.90263)
2026-06-26 14:05:10,696 INFO Epoch 66 | Batch 50/1186 | Loss 2.98875 (NLL 4.29010 [logdet 1.46274, mahal 0.98948], L1 1.82294, Spectral 0.24936, Gradient 0.41636, Quantile 0.83798) | LR 5.00e-05
2026-06-26 14:05:13,705 INFO Epoch 66 | Batch 100/1186 | Loss 2.96140 (NLL 4.24767 [logdet 1.49316, mahal 0.91664], L1 1.77573, Spectral 0.25517, Gradient 0.42520, Quantile 0.83356) | LR 5.00e-05
2026-06-26 14:05:16,713 INFO Epoch 66 | Batch 150/1186 | Loss 2.91154 (NLL 4.24791 [logdet 1.41964, mahal 0.99039], L1 1.76669, Spectral 0.24456, Gradient 0.40839, Quantile 0.82444) | LR 5.00e-05
2026-06-26 14:05:19,712 INFO Epoch 66 | Batch 200/1186 | Loss 3.01493 (NLL 4.32781 [logdet 1.43423, mahal 1.05570], L1 1.83836, Spectral 0.25371, Gradient 0.41526, Quantile 0.85474) | LR 5.00e-05
2026-06-26 14:05:22,711 INFO Epoch 66 | Batch 250/1186 | Loss 2.97163 (NLL 4.28365 [logdet 1.46618, mahal 0.97959], L1 1.80641, Spectral 0.24969, Gradient 0.41550, Quantile 0.83571) | LR 5.00e-05
2026-06-26 14:05:25,712 INFO Epoch 66 | Batch 300/1186 | Loss 2.91260 (NLL 4.25360 [logdet 1.42416, mahal 0.99157], L1 1.76242, Spectral 0.24593, Gradient 0.41207, Quantile 0.80709) | LR 5.00e-05
2026-06-26 14:05:28,718 INFO Epoch 66 | Batch 350/1186 | Loss 3.01603 (NLL 4.32751 [logdet 1.43272, mahal 1.05692], L1 1.83578, Spectral 0.25324, Gradient 0.42015, Quantile 0.85048) | LR 5.00e-05
2026-06-26 14:05:31,727 INFO Epoch 66 | Batch 400/1186 | Loss 2.88633 (NLL 4.21640 [logdet 1.42077, mahal 0.95776], L1 1.75207, Spectral 0.24251, Gradient 0.40397, Quantile 0.81660) | LR 5.00e-05
2026-06-26 14:05:34,729 INFO Epoch 66 | Batch 450/1186 | Loss 2.94782 (NLL 4.27086 [logdet 1.44362, mahal 0.98937], L1 1.79430, Spectral 0.24775, Gradient 0.40753, Quantile 0.84746) | LR 5.00e-05
2026-06-26 14:05:37,737 INFO Epoch 66 | Batch 500/1186 | Loss 2.94138 (NLL 4.24444 [logdet 1.39104, mahal 1.01552], L1 1.77336, Spectral 0.25116, Gradient 0.41780, Quantile 0.81881) | LR 5.00e-05
2026-06-26 14:05:40,746 INFO Epoch 66 | Batch 550/1186 | Loss 2.97189 (NLL 4.30364 [logdet 1.42622, mahal 1.03955], L1 1.80730, Spectral 0.24903, Gradient 0.41549, Quantile 0.83758) | LR 5.00e-05
2026-06-26 14:05:43,747 INFO Epoch 66 | Batch 600/1186 | Loss 2.91912 (NLL 4.20794 [logdet 1.43547, mahal 0.93460], L1 1.74987, Spectral 0.25322, Gradient 0.41509, Quantile 0.82686) | LR 5.00e-05
2026-06-26 14:05:46,747 INFO Epoch 66 | Batch 650/1186 | Loss 2.99536 (NLL 4.27381 [logdet 1.39349, mahal 1.04245], L1 1.80680, Spectral 0.25689, Gradient 0.42297, Quantile 0.84197) | LR 5.00e-05
2026-06-26 14:05:49,741 INFO Epoch 66 | Batch 700/1186 | Loss 3.03806 (NLL 4.32846 [logdet 1.46010, mahal 1.03048], L1 1.86056, Spectral 0.25188, Gradient 0.42115, Quantile 0.84035) | LR 5.00e-05
2026-06-26 14:05:52,739 INFO Epoch 66 | Batch 750/1186 | Loss 2.98054 (NLL 4.33064 [logdet 1.46394, mahal 1.02882], L1 1.81353, Spectral 0.24796, Gradient 0.41766, Quantile 0.85574) | LR 5.00e-05
2026-06-26 14:05:55,738 INFO Epoch 66 | Batch 800/1186 | Loss 3.01011 (NLL 4.29369 [logdet 1.47217, mahal 0.98364], L1 1.84145, Spectral 0.25077, Gradient 0.41530, Quantile 0.84711) | LR 5.00e-05
2026-06-26 14:05:58,735 INFO Epoch 66 | Batch 850/1186 | Loss 2.88143 (NLL 4.23048 [logdet 1.40270, mahal 0.98990], L1 1.73900, Spectral 0.24639, Gradient 0.40311, Quantile 0.82074) | LR 5.00e-05
2026-06-26 14:06:01,734 INFO Epoch 66 | Batch 900/1186 | Loss 2.93674 (NLL 4.26418 [logdet 1.44326, mahal 0.98305], L1 1.76939, Spectral 0.25279, Gradient 0.41362, Quantile 0.81434) | LR 5.00e-05
2026-06-26 14:06:04,733 INFO Epoch 66 | Batch 950/1186 | Loss 2.94703 (NLL 4.22702 [logdet 1.40608, mahal 0.98307], L1 1.76614, Spectral 0.25625, Gradient 0.41995, Quantile 0.82261) | LR 5.00e-05
2026-06-26 14:06:07,733 INFO Epoch 66 | Batch 1000/1186 | Loss 2.84748 (NLL 4.15680 [logdet 1.36356, mahal 0.95536], L1 1.71197, Spectral 0.24354, Gradient 0.40635, Quantile 0.79868) | LR 5.00e-05
2026-06-26 14:06:10,718 INFO Epoch 66 | Batch 1050/1186 | Loss 2.93518 (NLL 4.30245 [logdet 1.35686, mahal 1.10772], L1 1.77984, Spectral 0.24884, Gradient 0.40850, Quantile 0.82051) | LR 5.00e-05
2026-06-26 14:06:13,696 INFO Epoch 66 | Batch 1100/1186 | Loss 2.94384 (NLL 4.27750 [logdet 1.46411, mahal 0.97552], L1 1.78525, Spectral 0.24712, Gradient 0.41291, Quantile 0.85445) | LR 5.00e-05
2026-06-26 14:06:16,676 INFO Epoch 66 | Batch 1150/1186 | Loss 2.94333 (NLL 4.23818 [logdet 1.42925, mahal 0.97106], L1 1.77927, Spectral 0.25008, Gradient 0.41475, Quantile 0.83714) | LR 5.00e-05
2026-06-26 14:06:23,760 INFO Epoch 66 | Val Loss 2.94503 (NLL 4.27263 [logdet 1.40366, mahal 1.03110], L1 1.77512, Spectral 0.25014, Gradient 0.41422, Quantile 0.89471)
2026-06-26 14:06:26,831 INFO Epoch 67 | Batch 50/1186 | Loss 2.88849 (NLL 4.22777 [logdet 1.42191, mahal 0.96798], L1 1.74662, Spectral 0.24302, Gradient 0.40891, Quantile 0.82824) | LR 5.00e-05
2026-06-26 14:06:29,830 INFO Epoch 67 | Batch 100/1186 | Loss 2.96085 (NLL 4.29222 [logdet 1.39222, mahal 1.06213], L1 1.81404, Spectral 0.24320, Gradient 0.41178, Quantile 0.82464) | LR 5.00e-05
2026-06-26 14:06:32,829 INFO Epoch 67 | Batch 150/1186 | Loss 3.00015 (NLL 4.28879 [logdet 1.42864, mahal 1.02227], L1 1.81911, Spectral 0.25173, Gradient 0.42373, Quantile 0.86642) | LR 5.00e-05
2026-06-26 14:06:35,828 INFO Epoch 67 | Batch 200/1186 | Loss 2.92428 (NLL 4.22396 [logdet 1.42978, mahal 0.95630], L1 1.75146, Spectral 0.25308, Gradient 0.42032, Quantile 0.80469) | LR 5.00e-05
2026-06-26 14:06:38,827 INFO Epoch 67 | Batch 250/1186 | Loss 2.90439 (NLL 4.24449 [logdet 1.39265, mahal 1.01396], L1 1.77311, Spectral 0.24103, Gradient 0.40268, Quantile 0.82383) | LR 5.00e-05
2026-06-26 14:06:41,826 INFO Epoch 67 | Batch 300/1186 | Loss 2.91009 (NLL 4.23887 [logdet 1.42941, mahal 0.97158], L1 1.75070, Spectral 0.24968, Gradient 0.41330, Quantile 0.81156) | LR 5.00e-05
2026-06-26 14:06:44,825 INFO Epoch 67 | Batch 350/1186 | Loss 2.93709 (NLL 4.26496 [logdet 1.42626, mahal 1.00082], L1 1.77710, Spectral 0.24804, Gradient 0.41606, Quantile 0.81646) | LR 5.00e-05
2026-06-26 14:06:47,825 INFO Epoch 67 | Batch 400/1186 | Loss 2.90729 (NLL 4.23786 [logdet 1.42395, mahal 0.97603], L1 1.75049, Spectral 0.25012, Gradient 0.40909, Quantile 0.82111) | LR 5.00e-05
2026-06-26 14:06:50,824 INFO Epoch 67 | Batch 450/1186 | Loss 2.92631 (NLL 4.23204 [logdet 1.38810, mahal 1.00607], L1 1.76094, Spectral 0.25226, Gradient 0.41365, Quantile 0.81511) | LR 5.00e-05
2026-06-26 14:06:53,823 INFO Epoch 67 | Batch 500/1186 | Loss 3.04162 (NLL 4.35723 [logdet 1.43689, mahal 1.08246], L1 1.85414, Spectral 0.25497, Gradient 0.42149, Quantile 0.86467) | LR 5.00e-05
2026-06-26 14:06:56,822 INFO Epoch 67 | Batch 550/1186 | Loss 3.00891 (NLL 4.29664 [logdet 1.44669, mahal 1.01208], L1 1.82607, Spectral 0.25616, Gradient 0.41796, Quantile 0.84588) | LR 5.00e-05
2026-06-26 14:06:59,821 INFO Epoch 67 | Batch 600/1186 | Loss 2.89463 (NLL 4.22729 [logdet 1.41101, mahal 0.97840], L1 1.73996, Spectral 0.24909, Gradient 0.40995, Quantile 0.81540) | LR 5.00e-05
2026-06-26 14:07:02,821 INFO Epoch 67 | Batch 650/1186 | Loss 3.01482 (NLL 4.30991 [logdet 1.45673, mahal 1.01530], L1 1.84029, Spectral 0.25121, Gradient 0.41686, Quantile 0.87834) | LR 5.00e-05
2026-06-26 14:07:05,819 INFO Epoch 67 | Batch 700/1186 | Loss 2.96230 (NLL 4.27985 [logdet 1.46315, mahal 0.97881], L1 1.80159, Spectral 0.24999, Gradient 0.41188, Quantile 0.82165) | LR 5.00e-05
2026-06-26 14:07:08,817 INFO Epoch 67 | Batch 750/1186 | Loss 2.99025 (NLL 4.28168 [logdet 1.42016, mahal 1.02364], L1 1.82573, Spectral 0.25035, Gradient 0.41394, Quantile 0.83084) | LR 5.00e-05
2026-06-26 14:07:11,817 INFO Epoch 67 | Batch 800/1186 | Loss 2.95609 (NLL 4.27772 [logdet 1.44677, mahal 0.99307], L1 1.79350, Spectral 0.24926, Gradient 0.41267, Quantile 0.85089) | LR 5.00e-05
2026-06-26 14:07:14,816 INFO Epoch 67 | Batch 850/1186 | Loss 2.87579 (NLL 4.19886 [logdet 1.38935, mahal 0.97163], L1 1.72891, Spectral 0.24779, Gradient 0.40757, Quantile 0.79651) | LR 5.00e-05
2026-06-26 14:07:17,816 INFO Epoch 67 | Batch 900/1186 | Loss 3.03700 (NLL 4.34758 [logdet 1.44086, mahal 1.06885], L1 1.84745, Spectral 0.25605, Gradient 0.42289, Quantile 0.84942) | LR 5.00e-05
2026-06-26 14:07:20,814 INFO Epoch 67 | Batch 950/1186 | Loss 2.93621 (NLL 4.26949 [logdet 1.43281, mahal 0.99880], L1 1.78204, Spectral 0.24545, Gradient 0.41507, Quantile 0.82275) | LR 5.00e-05
2026-06-26 14:07:23,812 INFO Epoch 67 | Batch 1000/1186 | Loss 3.05140 (NLL 4.33727 [logdet 1.45786, mahal 1.04153], L1 1.85960, Spectral 0.25705, Gradient 0.42147, Quantile 0.87033) | LR 5.00e-05
2026-06-26 14:07:26,813 INFO Epoch 67 | Batch 1050/1186 | Loss 2.91890 (NLL 4.24687 [logdet 1.41466, mahal 0.99433], L1 1.75547, Spectral 0.25119, Gradient 0.41435, Quantile 0.80593) | LR 5.00e-05
2026-06-26 14:07:29,812 INFO Epoch 67 | Batch 1100/1186 | Loss 2.92967 (NLL 4.26739 [logdet 1.42107, mahal 1.00844], L1 1.78401, Spectral 0.24566, Gradient 0.40637, Quantile 0.82403) | LR 5.00e-05
2026-06-26 14:07:32,811 INFO Epoch 67 | Batch 1150/1186 | Loss 2.94435 (NLL 4.23790 [logdet 1.41523, mahal 0.98479], L1 1.77714, Spectral 0.25097, Gradient 0.41680, Quantile 0.82769) | LR 5.00e-05
2026-06-26 14:07:39,906 INFO Epoch 67 | Val Loss 2.94691 (NLL 4.27987 [logdet 1.43567, mahal 1.00632], L1 1.77634, Spectral 0.25083, Gradient 0.41538, Quantile 0.87039)
2026-06-26 14:07:42,975 INFO Epoch 68 | Batch 50/1186 | Loss 2.90810 (NLL 4.23390 [logdet 1.43352, mahal 0.96250], L1 1.75475, Spectral 0.24749, Gradient 0.41042, Quantile 0.83088) | LR 5.00e-05
2026-06-26 14:07:45,982 INFO Epoch 68 | Batch 100/1186 | Loss 2.91128 (NLL 4.20724 [logdet 1.36106, mahal 1.00831], L1 1.73830, Spectral 0.25578, Gradient 0.41615, Quantile 0.79634) | LR 5.00e-05
2026-06-26 14:07:48,985 INFO Epoch 68 | Batch 150/1186 | Loss 3.00491 (NLL 4.32183 [logdet 1.40194, mahal 1.08201], L1 1.82992, Spectral 0.25073, Gradient 0.41933, Quantile 0.86275) | LR 5.00e-05
2026-06-26 14:07:51,985 INFO Epoch 68 | Batch 200/1186 | Loss 2.94484 (NLL 4.24821 [logdet 1.47403, mahal 0.93630], L1 1.76290, Spectral 0.25791, Gradient 0.41937, Quantile 0.79494) | LR 5.00e-05
2026-06-26 14:07:54,985 INFO Epoch 68 | Batch 250/1186 | Loss 2.94968 (NLL 4.28729 [logdet 1.38725, mahal 1.06216], L1 1.78314, Spectral 0.25144, Gradient 0.41336, Quantile 0.83249) | LR 5.00e-05
2026-06-26 14:07:57,989 INFO Epoch 68 | Batch 300/1186 | Loss 2.95296 (NLL 4.27670 [logdet 1.42487, mahal 1.01395], L1 1.79480, Spectral 0.24814, Gradient 0.41268, Quantile 0.82852) | LR 5.00e-05
2026-06-26 14:08:00,995 INFO Epoch 68 | Batch 350/1186 | Loss 2.96063 (NLL 4.26052 [logdet 1.42924, mahal 0.99341], L1 1.79523, Spectral 0.25048, Gradient 0.41496, Quantile 0.83293) | LR 5.00e-05
2026-06-26 14:08:04,001 INFO Epoch 68 | Batch 400/1186 | Loss 2.98837 (NLL 4.32109 [logdet 1.45457, mahal 1.02864], L1 1.82954, Spectral 0.24828, Gradient 0.40967, Quantile 0.85243) | LR 5.00e-05
2026-06-26 14:08:07,000 INFO Epoch 68 | Batch 450/1186 | Loss 2.94293 (NLL 4.26531 [logdet 1.45979, mahal 0.96764], L1 1.79297, Spectral 0.24433, Gradient 0.41203, Quantile 0.83866) | LR 5.00e-05
2026-06-26 14:08:09,998 INFO Epoch 68 | Batch 500/1186 | Loss 3.01456 (NLL 4.34360 [logdet 1.47461, mahal 1.03112], L1 1.83782, Spectral 0.25380, Gradient 0.41646, Quantile 0.83551) | LR 5.00e-05
2026-06-26 14:08:12,998 INFO Epoch 68 | Batch 550/1186 | Loss 2.94267 (NLL 4.25706 [logdet 1.49780, mahal 0.92138], L1 1.78627, Spectral 0.24908, Gradient 0.40973, Quantile 0.82742) | LR 5.00e-05
2026-06-26 14:08:15,997 INFO Epoch 68 | Batch 600/1186 | Loss 2.96922 (NLL 4.24463 [logdet 1.42172, mahal 0.98504], L1 1.80035, Spectral 0.25229, Gradient 0.41450, Quantile 0.83903) | LR 5.00e-05
2026-06-26 14:08:18,996 INFO Epoch 68 | Batch 650/1186 | Loss 2.89645 (NLL 4.23949 [logdet 1.40372, mahal 0.99789], L1 1.74775, Spectral 0.24729, Gradient 0.40706, Quantile 0.82068) | LR 5.00e-05
2026-06-26 14:08:21,995 INFO Epoch 68 | Batch 700/1186 | Loss 2.90432 (NLL 4.22338 [logdet 1.36681, mahal 1.01870], L1 1.76769, Spectral 0.24228, Gradient 0.40528, Quantile 0.83084) | LR 5.00e-05
2026-06-26 14:08:24,994 INFO Epoch 68 | Batch 750/1186 | Loss 2.90207 (NLL 4.24927 [logdet 1.41392, mahal 0.99748], L1 1.76081, Spectral 0.24394, Gradient 0.40871, Quantile 0.79529) | LR 5.00e-05
2026-06-26 14:08:27,993 INFO Epoch 68 | Batch 800/1186 | Loss 2.98714 (NLL 4.29719 [logdet 1.42147, mahal 1.03784], L1 1.80892, Spectral 0.25269, Gradient 0.42067, Quantile 0.84514) | LR 5.00e-05
2026-06-26 14:08:30,990 INFO Epoch 68 | Batch 850/1186 | Loss 2.91069 (NLL 4.23908 [logdet 1.43387, mahal 0.96733], L1 1.75634, Spectral 0.24888, Gradient 0.40785, Quantile 0.83686) | LR 5.00e-05
2026-06-26 14:08:33,991 INFO Epoch 68 | Batch 900/1186 | Loss 3.01741 (NLL 4.31053 [logdet 1.45419, mahal 1.01846], L1 1.84910, Spectral 0.25059, Gradient 0.41559, Quantile 0.83877) | LR 5.00e-05
2026-06-26 14:08:36,990 INFO Epoch 68 | Batch 950/1186 | Loss 3.03680 (NLL 4.36647 [logdet 1.46914, mahal 1.05945], L1 1.86047, Spectral 0.25087, Gradient 0.41867, Quantile 0.86686) | LR 5.00e-05
2026-06-26 14:08:39,994 INFO Epoch 68 | Batch 1000/1186 | Loss 2.94285 (NLL 4.25365 [logdet 1.44762, mahal 0.96815], L1 1.77391, Spectral 0.24887, Gradient 0.42055, Quantile 0.84806) | LR 5.00e-05
2026-06-26 14:08:43,000 INFO Epoch 68 | Batch 1050/1186 | Loss 2.96102 (NLL 4.25861 [logdet 1.44234, mahal 0.97839], L1 1.78366, Spectral 0.25357, Gradient 0.42147, Quantile 0.81861) | LR 5.00e-05
2026-06-26 14:08:45,977 INFO Epoch 68 | Batch 1100/1186 | Loss 2.95810 (NLL 4.26756 [logdet 1.40033, mahal 1.02935], L1 1.79369, Spectral 0.24901, Gradient 0.41586, Quantile 0.84388) | LR 5.00e-05
2026-06-26 14:08:48,977 INFO Epoch 68 | Batch 1150/1186 | Loss 2.96424 (NLL 4.25934 [logdet 1.37664, mahal 1.04483], L1 1.78402, Spectral 0.25267, Gradient 0.42456, Quantile 0.83550) | LR 5.00e-05
2026-06-26 14:08:56,070 INFO Epoch 68 | Val Loss 2.94537 (NLL 4.27856 [logdet 1.39435, mahal 1.04633], L1 1.77304, Spectral 0.25096, Gradient 0.41556, Quantile 0.88510)
2026-06-26 14:08:59,144 INFO Epoch 69 | Batch 50/1186 | Loss 2.97483 (NLL 4.27515 [logdet 1.40980, mahal 1.02748], L1 1.79195, Spectral 0.25716, Gradient 0.42058, Quantile 0.80025) | LR 5.00e-05
2026-06-26 14:09:02,153 INFO Epoch 69 | Batch 100/1186 | Loss 2.92491 (NLL 4.26561 [logdet 1.40295, mahal 1.02478], L1 1.77619, Spectral 0.24410, Gradient 0.41042, Quantile 0.84865) | LR 5.00e-05
2026-06-26 14:09:05,162 INFO Epoch 69 | Batch 150/1186 | Loss 2.91364 (NLL 4.23242 [logdet 1.42391, mahal 0.97063], L1 1.75504, Spectral 0.24715, Gradient 0.41566, Quantile 0.83725) | LR 5.00e-05
2026-06-26 14:09:08,171 INFO Epoch 69 | Batch 200/1186 | Loss 2.86298 (NLL 4.19789 [logdet 1.43072, mahal 0.92930], L1 1.71852, Spectral 0.24536, Gradient 0.40934, Quantile 0.80709) | LR 5.00e-05
2026-06-26 14:09:11,181 INFO Epoch 69 | Batch 250/1186 | Loss 2.93651 (NLL 4.29372 [logdet 1.37026, mahal 1.08559], L1 1.79340, Spectral 0.24434, Gradient 0.40608, Quantile 0.82177) | LR 5.00e-05
2026-06-26 14:09:14,194 INFO Epoch 69 | Batch 300/1186 | Loss 2.91650 (NLL 4.25553 [logdet 1.44113, mahal 0.97653], L1 1.76384, Spectral 0.24788, Gradient 0.40833, Quantile 0.83073) | LR 5.00e-05
2026-06-26 14:09:17,199 INFO Epoch 69 | Batch 350/1186 | Loss 2.94238 (NLL 4.26830 [logdet 1.43555, mahal 0.99487], L1 1.78673, Spectral 0.24623, Gradient 0.41608, Quantile 0.80978) | LR 5.00e-05
2026-06-26 14:09:20,211 INFO Epoch 69 | Batch 400/1186 | Loss 3.04010 (NLL 4.33575 [logdet 1.42680, mahal 1.07108], L1 1.85362, Spectral 0.25469, Gradient 0.42224, Quantile 0.85865) | LR 5.00e-05
2026-06-26 14:09:23,220 INFO Epoch 69 | Batch 450/1186 | Loss 2.91927 (NLL 4.23416 [logdet 1.46812, mahal 0.92815], L1 1.76959, Spectral 0.24530, Gradient 0.41126, Quantile 0.83192) | LR 5.00e-05
2026-06-26 14:09:26,233 INFO Epoch 69 | Batch 500/1186 | Loss 2.93249 (NLL 4.25130 [logdet 1.37875, mahal 1.03468], L1 1.77994, Spectral 0.24751, Gradient 0.40927, Quantile 0.82890) | LR 5.00e-05
2026-06-26 14:09:29,238 INFO Epoch 69 | Batch 550/1186 | Loss 2.94872 (NLL 4.25152 [logdet 1.43330, mahal 0.98034], L1 1.77395, Spectral 0.25383, Gradient 0.41738, Quantile 0.83299) | LR 5.00e-05
2026-06-26 14:09:32,253 INFO Epoch 69 | Batch 600/1186 | Loss 2.92683 (NLL 4.23260 [logdet 1.40223, mahal 0.99249], L1 1.76812, Spectral 0.24859, Gradient 0.41367, Quantile 0.82744) | LR 5.00e-05
2026-06-26 14:09:35,262 INFO Epoch 69 | Batch 650/1186 | Loss 2.94638 (NLL 4.25129 [logdet 1.40302, mahal 1.01040], L1 1.78626, Spectral 0.24941, Gradient 0.41201, Quantile 0.83640) | LR 5.00e-05
2026-06-26 14:09:38,272 INFO Epoch 69 | Batch 700/1186 | Loss 2.99730 (NLL 4.29274 [logdet 1.39665, mahal 1.05822], L1 1.79895, Spectral 0.25849, Gradient 0.42957, Quantile 0.83090) | LR 5.00e-05
2026-06-26 14:09:41,283 INFO Epoch 69 | Batch 750/1186 | Loss 2.91787 (NLL 4.25345 [logdet 1.45243, mahal 0.96314], L1 1.75746, Spectral 0.24778, Gradient 0.41867, Quantile 0.80128) | LR 5.00e-05
2026-06-26 14:09:44,291 INFO Epoch 69 | Batch 800/1186 | Loss 2.95304 (NLL 4.27335 [logdet 1.46037, mahal 0.97510], L1 1.79033, Spectral 0.24924, Gradient 0.41406, Quantile 0.83846) | LR 5.00e-05
2026-06-26 14:09:47,300 INFO Epoch 69 | Batch 850/1186 | Loss 2.98217 (NLL 4.30133 [logdet 1.45391, mahal 1.00954], L1 1.81125, Spectral 0.24925, Gradient 0.41979, Quantile 0.85382) | LR 5.00e-05
2026-06-26 14:09:50,308 INFO Epoch 69 | Batch 900/1186 | Loss 2.88946 (NLL 4.23571 [logdet 1.41086, mahal 0.98697], L1 1.74877, Spectral 0.24601, Gradient 0.40452, Quantile 0.79284) | LR 5.00e-05
2026-06-26 14:09:53,319 INFO Epoch 69 | Batch 950/1186 | Loss 2.93006 (NLL 4.25443 [logdet 1.39848, mahal 1.01808], L1 1.77178, Spectral 0.24988, Gradient 0.40986, Quantile 0.82868) | LR 5.00e-05
2026-06-26 14:09:56,329 INFO Epoch 69 | Batch 1000/1186 | Loss 3.00056 (NLL 4.27462 [logdet 1.42917, mahal 1.00757], L1 1.80946, Spectral 0.26054, Gradient 0.41792, Quantile 0.84204) | LR 5.00e-05
2026-06-26 14:09:59,343 INFO Epoch 69 | Batch 1050/1186 | Loss 2.99811 (NLL 4.30716 [logdet 1.44038, mahal 1.02890], L1 1.82970, Spectral 0.24956, Gradient 0.41709, Quantile 0.84805) | LR 5.00e-05
2026-06-26 14:10:02,356 INFO Epoch 69 | Batch 1100/1186 | Loss 2.94456 (NLL 4.27576 [logdet 1.45643, mahal 0.98146], L1 1.80429, Spectral 0.24394, Gradient 0.40510, Quantile 0.81683) | LR 5.00e-05
2026-06-26 14:10:05,366 INFO Epoch 69 | Batch 1150/1186 | Loss 2.99189 (NLL 4.27536 [logdet 1.39284, mahal 1.04465], L1 1.81729, Spectral 0.25451, Gradient 0.41461, Quantile 0.83914) | LR 5.00e-05
2026-06-26 14:10:12,503 INFO Epoch 69 | Val Loss 2.95756 (NLL 4.28060 [logdet 1.49028, mahal 0.95245], L1 1.78425, Spectral 0.25023, Gradient 0.41456, Quantile 0.92358)
2026-06-26 14:10:15,580 INFO Epoch 70 | Batch 50/1186 | Loss 3.04335 (NLL 4.31181 [logdet 1.47182, mahal 1.00212], L1 1.85101, Spectral 0.25719, Gradient 0.42260, Quantile 0.86850) | LR 5.00e-05
2026-06-26 14:10:18,588 INFO Epoch 70 | Batch 100/1186 | Loss 2.90666 (NLL 4.22521 [logdet 1.41302, mahal 0.97432], L1 1.74922, Spectral 0.24752, Gradient 0.41503, Quantile 0.82530) | LR 5.00e-05
2026-06-26 14:10:21,597 INFO Epoch 70 | Batch 150/1186 | Loss 2.93724 (NLL 4.26142 [logdet 1.38163, mahal 1.04191], L1 1.78156, Spectral 0.24708, Gradient 0.41084, Quantile 0.85210) | LR 5.00e-05
2026-06-26 14:10:24,597 INFO Epoch 70 | Batch 200/1186 | Loss 2.90853 (NLL 4.24899 [logdet 1.44433, mahal 0.96679], L1 1.74451, Spectral 0.25119, Gradient 0.41496, Quantile 0.80506) | LR 5.00e-05
2026-06-26 14:10:27,605 INFO Epoch 70 | Batch 250/1186 | Loss 2.96281 (NLL 4.24792 [logdet 1.44007, mahal 0.96997], L1 1.78738, Spectral 0.25341, Gradient 0.41976, Quantile 0.82411) | LR 5.00e-05
2026-06-26 14:10:30,615 INFO Epoch 70 | Batch 300/1186 | Loss 3.04631 (NLL 4.31901 [logdet 1.41522, mahal 1.06591], L1 1.87090, Spectral 0.25134, Gradient 0.41540, Quantile 0.89862) | LR 5.00e-05
2026-06-26 14:10:33,621 INFO Epoch 70 | Batch 350/1186 | Loss 2.89229 (NLL 4.23362 [logdet 1.42859, mahal 0.96715], L1 1.75289, Spectral 0.24539, Gradient 0.40220, Quantile 0.82018) | LR 5.00e-05
2026-06-26 14:10:36,631 INFO Epoch 70 | Batch 400/1186 | Loss 2.92110 (NLL 4.21017 [logdet 1.40261, mahal 0.96969], L1 1.76146, Spectral 0.24809, Gradient 0.41685, Quantile 0.82048) | LR 5.00e-05
2026-06-26 14:10:39,632 INFO Epoch 70 | Batch 450/1186 | Loss 2.88106 (NLL 4.21818 [logdet 1.39366, mahal 0.98664], L1 1.73318, Spectral 0.24750, Gradient 0.40857, Quantile 0.79676) | LR 5.00e-05
2026-06-26 14:10:42,631 INFO Epoch 70 | Batch 500/1186 | Loss 2.95257 (NLL 4.26330 [logdet 1.38038, mahal 1.04504], L1 1.78529, Spectral 0.25112, Gradient 0.41580, Quantile 0.82816) | LR 5.00e-05
2026-06-26 14:10:45,636 INFO Epoch 70 | Batch 550/1186 | Loss 2.89513 (NLL 4.24227 [logdet 1.38694, mahal 1.01745], L1 1.74215, Spectral 0.24891, Gradient 0.40902, Quantile 0.80660) | LR 5.00e-05
2026-06-26 14:10:48,644 INFO Epoch 70 | Batch 600/1186 | Loss 2.95798 (NLL 4.23686 [logdet 1.43936, mahal 0.95962], L1 1.78769, Spectral 0.25192, Gradient 0.41754, Quantile 0.83145) | LR 5.00e-05
2026-06-26 14:10:51,652 INFO Epoch 70 | Batch 650/1186 | Loss 2.91244 (NLL 4.23563 [logdet 1.39910, mahal 0.99865], L1 1.75376, Spectral 0.24827, Gradient 0.41527, Quantile 0.81541) | LR 5.00e-05
2026-06-26 14:10:54,667 INFO Epoch 70 | Batch 700/1186 | Loss 2.97960 (NLL 4.30341 [logdet 1.43761, mahal 1.02792], L1 1.80668, Spectral 0.25099, Gradient 0.42022, Quantile 0.82967) | LR 5.00e-05
2026-06-26 14:10:57,671 INFO Epoch 70 | Batch 750/1186 | Loss 2.97195 (NLL 4.30034 [logdet 1.44301, mahal 1.01945], L1 1.80887, Spectral 0.25069, Gradient 0.41116, Quantile 0.83286) | LR 5.00e-05
2026-06-26 14:11:00,681 INFO Epoch 70 | Batch 800/1186 | Loss 2.96386 (NLL 4.26223 [logdet 1.42016, mahal 1.00420], L1 1.79397, Spectral 0.25370, Gradient 0.41082, Quantile 0.85374) | LR 5.00e-05
2026-06-26 14:11:03,685 INFO Epoch 70 | Batch 850/1186 | Loss 3.03624 (NLL 4.32749 [logdet 1.48569, mahal 1.00392], L1 1.84839, Spectral 0.25504, Gradient 0.42324, Quantile 0.85687) | LR 5.00e-05
2026-06-26 14:11:06,694 INFO Epoch 70 | Batch 900/1186 | Loss 2.95109 (NLL 4.25549 [logdet 1.41099, mahal 1.00662], L1 1.78759, Spectral 0.25006, Gradient 0.41480, Quantile 0.82541) | LR 5.00e-05
2026-06-26 14:11:09,703 INFO Epoch 70 | Batch 950/1186 | Loss 2.91550 (NLL 4.26807 [logdet 1.44721, mahal 0.98299], L1 1.76694, Spectral 0.24483, Gradient 0.41187, Quantile 0.81243) | LR 5.00e-05
2026-06-26 14:11:12,709 INFO Epoch 70 | Batch 1000/1186 | Loss 3.00815 (NLL 4.30056 [logdet 1.44228, mahal 1.02040], L1 1.82047, Spectral 0.25412, Gradient 0.42517, Quantile 0.86340) | LR 5.00e-05
2026-06-26 14:11:15,719 INFO Epoch 70 | Batch 1050/1186 | Loss 2.98099 (NLL 4.29866 [logdet 1.43331, mahal 1.02747], L1 1.81055, Spectral 0.25109, Gradient 0.41917, Quantile 0.81364) | LR 5.00e-05
2026-06-26 14:11:18,726 INFO Epoch 70 | Batch 1100/1186 | Loss 2.98931 (NLL 4.31106 [logdet 1.44238, mahal 1.03080], L1 1.82768, Spectral 0.24625, Gradient 0.41644, Quantile 0.85682) | LR 5.00e-05
2026-06-26 14:11:21,735 INFO Epoch 70 | Batch 1150/1186 | Loss 2.93927 (NLL 4.28300 [logdet 1.40903, mahal 1.03610], L1 1.78675, Spectral 0.24803, Gradient 0.40724, Quantile 0.82916) | LR 5.00e-05
2026-06-26 14:11:28,854 INFO Epoch 70 | Val Loss 2.93985 (NLL 4.27666 [logdet 1.36747, mahal 1.07132], L1 1.77073, Spectral 0.24987, Gradient 0.41427, Quantile 0.89056)
2026-06-26 14:11:31,936 INFO Epoch 71 | Batch 50/1186 | Loss 2.91604 (NLL 4.24622 [logdet 1.41544, mahal 0.99290], L1 1.76174, Spectral 0.24928, Gradient 0.41018, Quantile 0.79812) | LR 5.00e-05
2026-06-26 14:11:34,943 INFO Epoch 71 | Batch 100/1186 | Loss 2.97425 (NLL 4.28536 [logdet 1.42655, mahal 1.02093], L1 1.80301, Spectral 0.25160, Gradient 0.41638, Quantile 0.84666) | LR 5.00e-05
2026-06-26 14:11:37,954 INFO Epoch 71 | Batch 150/1186 | Loss 3.04221 (NLL 4.34406 [logdet 1.44731, mahal 1.05887], L1 1.85415, Spectral 0.25368, Gradient 0.42309, Quantile 0.88715) | LR 5.00e-05
2026-06-26 14:11:40,950 INFO Epoch 71 | Batch 200/1186 | Loss 2.95205 (NLL 4.28838 [logdet 1.48608, mahal 0.96442], L1 1.78700, Spectral 0.25241, Gradient 0.40982, Quantile 0.83332) | LR 5.00e-05
2026-06-26 14:11:43,949 INFO Epoch 71 | Batch 250/1186 | Loss 2.83418 (NLL 4.17931 [logdet 1.36568, mahal 0.97575], L1 1.70444, Spectral 0.24072, Gradient 0.40588, Quantile 0.79902) | LR 5.00e-05
2026-06-26 14:11:46,947 INFO Epoch 71 | Batch 300/1186 | Loss 2.93193 (NLL 4.25253 [logdet 1.39339, mahal 1.02127], L1 1.77145, Spectral 0.24975, Gradient 0.41346, Quantile 0.81551) | LR 5.00e-05
2026-06-26 14:11:49,946 INFO Epoch 71 | Batch 350/1186 | Loss 2.98680 (NLL 4.30693 [logdet 1.45202, mahal 1.01703], L1 1.81331, Spectral 0.25067, Gradient 0.41938, Quantile 0.85182) | LR 5.00e-05
2026-06-26 14:11:52,947 INFO Epoch 71 | Batch 400/1186 | Loss 2.99139 (NLL 4.29207 [logdet 1.49187, mahal 0.96232], L1 1.81671, Spectral 0.25161, Gradient 0.41846, Quantile 0.85815) | LR 5.00e-05
2026-06-26 14:11:55,946 INFO Epoch 71 | Batch 450/1186 | Loss 2.98983 (NLL 4.31241 [logdet 1.45349, mahal 1.02104], L1 1.82528, Spectral 0.25033, Gradient 0.41384, Quantile 0.82274) | LR 5.00e-05
2026-06-26 14:11:58,945 INFO Epoch 71 | Batch 500/1186 | Loss 2.95499 (NLL 4.26585 [logdet 1.43518, mahal 0.99279], L1 1.79170, Spectral 0.25078, Gradient 0.41081, Quantile 0.84827) | LR 5.00e-05
2026-06-26 14:12:01,943 INFO Epoch 71 | Batch 550/1186 | Loss 2.94801 (NLL 4.29604 [logdet 1.45749, mahal 1.00068], L1 1.80983, Spectral 0.24185, Gradient 0.40557, Quantile 0.83077) | LR 5.00e-05
2026-06-26 14:12:04,941 INFO Epoch 71 | Batch 600/1186 | Loss 2.89346 (NLL 4.22045 [logdet 1.41457, mahal 0.96800], L1 1.74982, Spectral 0.24494, Gradient 0.40996, Quantile 0.79326) | LR 5.00e-05
2026-06-26 14:12:07,941 INFO Epoch 71 | Batch 650/1186 | Loss 2.98352 (NLL 4.29505 [logdet 1.43523, mahal 1.02194], L1 1.80909, Spectral 0.25203, Gradient 0.41758, Quantile 0.85472) | LR 5.00e-05
2026-06-26 14:12:10,940 INFO Epoch 71 | Batch 700/1186 | Loss 2.99099 (NLL 4.28316 [logdet 1.43125, mahal 1.01404], L1 1.81130, Spectral 0.25375, Gradient 0.42042, Quantile 0.84405) | LR 5.00e-05
2026-06-26 14:12:13,939 INFO Epoch 71 | Batch 750/1186 | Loss 2.92842 (NLL 4.22147 [logdet 1.41258, mahal 0.97101], L1 1.76244, Spectral 0.25040, Gradient 0.41742, Quantile 0.82599) | LR 5.00e-05
2026-06-26 14:12:16,938 INFO Epoch 71 | Batch 800/1186 | Loss 2.98753 (NLL 4.30106 [logdet 1.43989, mahal 1.02329], L1 1.80912, Spectral 0.25353, Gradient 0.42015, Quantile 0.83218) | LR 5.00e-05
2026-06-26 14:12:19,937 INFO Epoch 71 | Batch 850/1186 | Loss 2.92890 (NLL 4.24109 [logdet 1.43621, mahal 0.96700], L1 1.76852, Spectral 0.24942, Gradient 0.41132, Quantile 0.85043) | LR 5.00e-05
2026-06-26 14:12:22,937 INFO Epoch 71 | Batch 900/1186 | Loss 2.83754 (NLL 4.18120 [logdet 1.36583, mahal 0.97749], L1 1.69632, Spectral 0.24696, Gradient 0.40648, Quantile 0.77190) | LR 5.00e-05
2026-06-26 14:12:25,937 INFO Epoch 71 | Batch 950/1186 | Loss 2.83414 (NLL 4.15890 [logdet 1.38360, mahal 0.93742], L1 1.69799, Spectral 0.24335, Gradient 0.40810, Quantile 0.78937) | LR 5.00e-05
2026-06-26 14:12:28,934 INFO Epoch 71 | Batch 1000/1186 | Loss 3.01178 (NLL 4.32909 [logdet 1.38187, mahal 1.10934], L1 1.83658, Spectral 0.25051, Gradient 0.41988, Quantile 0.86147) | LR 5.00e-05
2026-06-26 14:12:31,933 INFO Epoch 71 | Batch 1050/1186 | Loss 2.94578 (NLL 4.23364 [logdet 1.39371, mahal 1.00206], L1 1.76522, Spectral 0.25601, Gradient 0.42117, Quantile 0.80851) | LR 5.00e-05
2026-06-26 14:12:34,932 INFO Epoch 71 | Batch 1100/1186 | Loss 3.03092 (NLL 4.30517 [logdet 1.39187, mahal 1.07543], L1 1.84720, Spectral 0.25345, Gradient 0.42356, Quantile 0.85242) | LR 5.00e-05
2026-06-26 14:12:37,931 INFO Epoch 71 | Batch 1150/1186 | Loss 2.93601 (NLL 4.26351 [logdet 1.42658, mahal 0.99906], L1 1.77992, Spectral 0.24799, Gradient 0.41068, Quantile 0.83656) | LR 5.00e-05
2026-06-26 14:12:45,012 INFO Epoch 71 | Val Loss 2.94650 (NLL 4.27269 [logdet 1.41592, mahal 1.01889], L1 1.77819, Spectral 0.25019, Gradient 0.41452, Quantile 0.87271)
2026-06-26 14:12:48,091 INFO Epoch 72 | Batch 50/1186 | Loss 3.00695 (NLL 4.33610 [logdet 1.43382, mahal 1.06440], L1 1.82280, Spectral 0.25465, Gradient 0.42091, Quantile 0.84895) | LR 5.00e-05
2026-06-26 14:12:51,097 INFO Epoch 72 | Batch 100/1186 | Loss 3.00673 (NLL 4.35627 [logdet 1.48378, mahal 1.03461], L1 1.85073, Spectral 0.24527, Gradient 0.41082, Quantile 0.86715) | LR 5.00e-05
2026-06-26 14:12:54,108 INFO Epoch 72 | Batch 150/1186 | Loss 2.99949 (NLL 4.32824 [logdet 1.49061, mahal 0.99976], L1 1.83744, Spectral 0.24743, Gradient 0.41467, Quantile 0.84849) | LR 5.00e-05
2026-06-26 14:12:57,109 INFO Epoch 72 | Batch 200/1186 | Loss 2.95250 (NLL 4.26410 [logdet 1.48074, mahal 0.94548], L1 1.77614, Spectral 0.25321, Gradient 0.42172, Quantile 0.81137) | LR 5.00e-05
2026-06-26 14:13:00,109 INFO Epoch 72 | Batch 250/1186 | Loss 2.96249 (NLL 4.27622 [logdet 1.43200, mahal 1.00635], L1 1.79535, Spectral 0.24949, Gradient 0.41874, Quantile 0.82705) | LR 5.00e-05
2026-06-26 14:13:03,115 INFO Epoch 72 | Batch 300/1186 | Loss 2.95618 (NLL 4.26618 [logdet 1.41874, mahal 1.00956], L1 1.79119, Spectral 0.24840, Gradient 0.41667, Quantile 0.85552) | LR 5.00e-05
2026-06-26 14:13:06,124 INFO Epoch 72 | Batch 350/1186 | Loss 2.96755 (NLL 4.24882 [logdet 1.41754, mahal 0.99340], L1 1.80411, Spectral 0.24953, Gradient 0.41573, Quantile 0.82872) | LR 5.00e-05
2026-06-26 14:13:09,126 INFO Epoch 72 | Batch 400/1186 | Loss 2.87399 (NLL 4.19195 [logdet 1.35639, mahal 0.99769], L1 1.72543, Spectral 0.24771, Gradient 0.40948, Quantile 0.79761) | LR 5.00e-05
2026-06-26 14:13:12,133 INFO Epoch 72 | Batch 450/1186 | Loss 3.00147 (NLL 4.28073 [logdet 1.39508, mahal 1.04777], L1 1.80927, Spectral 0.25837, Gradient 0.42482, Quantile 0.82419) | LR 5.00e-05
2026-06-26 14:13:15,143 INFO Epoch 72 | Batch 500/1186 | Loss 2.94368 (NLL 4.30895 [logdet 1.44509, mahal 1.02599], L1 1.80119, Spectral 0.24318, Gradient 0.40402, Quantile 0.86050) | LR 5.00e-05
2026-06-26 14:13:18,147 INFO Epoch 72 | Batch 550/1186 | Loss 2.88309 (NLL 4.20321 [logdet 1.44408, mahal 0.92126], L1 1.73612, Spectral 0.24664, Gradient 0.40838, Quantile 0.81387) | LR 5.00e-05
2026-06-26 14:13:21,150 INFO Epoch 72 | Batch 600/1186 | Loss 2.97569 (NLL 4.29684 [logdet 1.41093, mahal 1.04803], L1 1.81640, Spectral 0.24736, Gradient 0.41530, Quantile 0.82287) | LR 5.00e-05
2026-06-26 14:13:24,159 INFO Epoch 72 | Batch 650/1186 | Loss 2.89424 (NLL 4.21542 [logdet 1.44913, mahal 0.92842], L1 1.74918, Spectral 0.24559, Gradient 0.40733, Quantile 0.82524) | LR 5.00e-05
2026-06-26 14:13:27,164 INFO Epoch 72 | Batch 700/1186 | Loss 2.94424 (NLL 4.25052 [logdet 1.39469, mahal 1.01796], L1 1.78205, Spectral 0.25166, Gradient 0.41007, Quantile 0.82906) | LR 5.00e-05
2026-06-26 14:13:30,173 INFO Epoch 72 | Batch 750/1186 | Loss 2.88814 (NLL 4.20334 [logdet 1.35058, mahal 1.01488], L1 1.73682, Spectral 0.24706, Gradient 0.41207, Quantile 0.80990) | LR 5.00e-05
2026-06-26 14:13:33,180 INFO Epoch 72 | Batch 800/1186 | Loss 2.97309 (NLL 4.31033 [logdet 1.44777, mahal 1.02469], L1 1.79685, Spectral 0.25195, Gradient 0.41974, Quantile 0.84694) | LR 5.00e-05
2026-06-26 14:13:36,187 INFO Epoch 72 | Batch 850/1186 | Loss 2.90793 (NLL 4.23327 [logdet 1.39552, mahal 0.99988], L1 1.75602, Spectral 0.24971, Gradient 0.40659, Quantile 0.80692) | LR 5.00e-05
2026-06-26 14:13:39,195 INFO Epoch 72 | Batch 900/1186 | Loss 2.91129 (NLL 4.23563 [logdet 1.41238, mahal 0.98537], L1 1.76585, Spectral 0.24593, Gradient 0.40835, Quantile 0.80325) | LR 5.00e-05
2026-06-26 14:13:42,194 INFO Epoch 72 | Batch 950/1186 | Loss 2.92681 (NLL 4.25560 [logdet 1.40008, mahal 1.01765], L1 1.75491, Spectral 0.25128, Gradient 0.41921, Quantile 0.83876) | LR 5.00e-05
2026-06-26 14:13:45,194 INFO Epoch 72 | Batch 1000/1186 | Loss 2.97264 (NLL 4.26765 [logdet 1.42303, mahal 1.00675], L1 1.79690, Spectral 0.25315, Gradient 0.41965, Quantile 0.82836) | LR 5.00e-05
2026-06-26 14:13:48,200 INFO Epoch 72 | Batch 1050/1186 | Loss 2.98685 (NLL 4.29387 [logdet 1.44643, mahal 1.00956], L1 1.81461, Spectral 0.25106, Gradient 0.41859, Quantile 0.84221) | LR 5.00e-05
2026-06-26 14:13:51,210 INFO Epoch 72 | Batch 1100/1186 | Loss 2.96754 (NLL 4.24092 [logdet 1.43080, mahal 0.97224], L1 1.78882, Spectral 0.25582, Gradient 0.41737, Quantile 0.83367) | LR 5.00e-05
2026-06-26 14:13:54,215 INFO Epoch 72 | Batch 1150/1186 | Loss 2.96983 (NLL 4.28059 [logdet 1.41460, mahal 1.02811], L1 1.80538, Spectral 0.25059, Gradient 0.41365, Quantile 0.82817) | LR 5.00e-05
2026-06-26 14:14:01,325 INFO Epoch 72 | Val Loss 2.94356 (NLL 4.27897 [logdet 1.41828, mahal 1.02281], L1 1.77686, Spectral 0.25016, Gradient 0.41482, Quantile 0.85020)
2026-06-26 14:14:04,479 INFO Epoch 73 | Batch 50/1186 | Loss 2.95479 (NLL 4.27290 [logdet 1.42571, mahal 1.00931], L1 1.78972, Spectral 0.24828, Gradient 0.41753, Quantile 0.84721) | LR 5.00e-05
2026-06-26 14:14:07,484 INFO Epoch 73 | Batch 100/1186 | Loss 2.91229 (NLL 4.24286 [logdet 1.39380, mahal 1.01118], L1 1.76128, Spectral 0.24714, Gradient 0.40940, Quantile 0.82180) | LR 5.00e-05
2026-06-26 14:14:10,482 INFO Epoch 73 | Batch 150/1186 | Loss 2.96256 (NLL 4.27489 [logdet 1.42808, mahal 1.00894], L1 1.80248, Spectral 0.24612, Gradient 0.42016, Quantile 0.81240) | LR 5.00e-05
2026-06-26 14:14:13,482 INFO Epoch 73 | Batch 200/1186 | Loss 2.94763 (NLL 4.25228 [logdet 1.36677, mahal 1.04763], L1 1.77870, Spectral 0.25229, Gradient 0.41616, Quantile 0.81856) | LR 5.00e-05
2026-06-26 14:14:16,481 INFO Epoch 73 | Batch 250/1186 | Loss 2.95308 (NLL 4.30092 [logdet 1.46542, mahal 0.99762], L1 1.78703, Spectral 0.24938, Gradient 0.41603, Quantile 0.84033) | LR 5.00e-05
2026-06-26 14:14:19,480 INFO Epoch 73 | Batch 300/1186 | Loss 2.93623 (NLL 4.26035 [logdet 1.38490, mahal 1.03757], L1 1.77765, Spectral 0.24850, Gradient 0.41241, Quantile 0.83344) | LR 5.00e-05
2026-06-26 14:14:22,479 INFO Epoch 73 | Batch 350/1186 | Loss 2.97823 (NLL 4.28919 [logdet 1.44356, mahal 1.00775], L1 1.81434, Spectral 0.25030, Gradient 0.41123, Quantile 0.85360) | LR 5.00e-05
2026-06-26 14:14:25,478 INFO Epoch 73 | Batch 400/1186 | Loss 2.93821 (NLL 4.24270 [logdet 1.43534, mahal 0.96948], L1 1.77515, Spectral 0.25163, Gradient 0.41166, Quantile 0.82381) | LR 5.00e-05
2026-06-26 14:14:28,478 INFO Epoch 73 | Batch 450/1186 | Loss 2.89638 (NLL 4.23647 [logdet 1.42487, mahal 0.97373], L1 1.74536, Spectral 0.24815, Gradient 0.40810, Quantile 0.81540) | LR 5.00e-05
2026-06-26 14:14:31,477 INFO Epoch 73 | Batch 500/1186 | Loss 3.00395 (NLL 4.28655 [logdet 1.42696, mahal 1.02172], L1 1.81889, Spectral 0.25619, Gradient 0.42178, Quantile 0.82934) | LR 5.00e-05
2026-06-26 14:14:34,475 INFO Epoch 73 | Batch 550/1186 | Loss 2.98568 (NLL 4.26564 [logdet 1.43719, mahal 0.99057], L1 1.80555, Spectral 0.25312, Gradient 0.42221, Quantile 0.84900) | LR 5.00e-05
2026-06-26 14:14:37,475 INFO Epoch 73 | Batch 600/1186 | Loss 2.98324 (NLL 4.27107 [logdet 1.40777, mahal 1.02543], L1 1.82656, Spectral 0.24578, Gradient 0.41605, Quantile 0.83092) | LR 5.00e-05
2026-06-26 14:14:40,473 INFO Epoch 73 | Batch 650/1186 | Loss 2.97483 (NLL 4.31006 [logdet 1.45424, mahal 1.01795], L1 1.80154, Spectral 0.25091, Gradient 0.41889, Quantile 0.84855) | LR 5.00e-05
2026-06-26 14:14:43,473 INFO Epoch 73 | Batch 700/1186 | Loss 2.99655 (NLL 4.32089 [logdet 1.45560, mahal 1.02741], L1 1.82549, Spectral 0.25330, Gradient 0.41199, Quantile 0.84337) | LR 5.00e-05
2026-06-26 14:14:46,471 INFO Epoch 73 | Batch 750/1186 | Loss 2.89672 (NLL 4.21930 [logdet 1.41665, mahal 0.96477], L1 1.75307, Spectral 0.24517, Gradient 0.40792, Quantile 0.81179) | LR 5.00e-05
2026-06-26 14:14:49,471 INFO Epoch 73 | Batch 800/1186 | Loss 2.88498 (NLL 4.19435 [logdet 1.35631, mahal 1.00016], L1 1.71860, Spectral 0.25374, Gradient 0.41559, Quantile 0.78207) | LR 5.00e-05
2026-06-26 14:14:52,470 INFO Epoch 73 | Batch 850/1186 | Loss 2.92104 (NLL 4.24169 [logdet 1.42504, mahal 0.97877], L1 1.76978, Spectral 0.24550, Gradient 0.41152, Quantile 0.83915) | LR 5.00e-05
2026-06-26 14:14:55,469 INFO Epoch 73 | Batch 900/1186 | Loss 2.93353 (NLL 4.26062 [logdet 1.40848, mahal 1.01426], L1 1.75909, Spectral 0.25471, Gradient 0.41528, Quantile 0.82987) | LR 5.00e-05
2026-06-26 14:14:58,468 INFO Epoch 73 | Batch 950/1186 | Loss 2.96444 (NLL 4.26312 [logdet 1.41755, mahal 1.00770], L1 1.79394, Spectral 0.25185, Gradient 0.41569, Quantile 0.84782) | LR 5.00e-05
2026-06-26 14:15:01,468 INFO Epoch 73 | Batch 1000/1186 | Loss 2.92809 (NLL 4.27116 [logdet 1.42166, mahal 1.01163], L1 1.76981, Spectral 0.24886, Gradient 0.41315, Quantile 0.80975) | LR 5.00e-05
2026-06-26 14:15:04,467 INFO Epoch 73 | Batch 1050/1186 | Loss 2.94976 (NLL 4.26050 [logdet 1.40222, mahal 1.02040], L1 1.78786, Spectral 0.25051, Gradient 0.41277, Quantile 0.81862) | LR 5.00e-05
2026-06-26 14:15:07,466 INFO Epoch 73 | Batch 1100/1186 | Loss 2.93843 (NLL 4.26573 [logdet 1.40448, mahal 1.02337], L1 1.77797, Spectral 0.24912, Gradient 0.41214, Quantile 0.84095) | LR 5.00e-05
2026-06-26 14:15:10,464 INFO Epoch 73 | Batch 1150/1186 | Loss 2.98671 (NLL 4.29226 [logdet 1.44850, mahal 1.00588], L1 1.81442, Spectral 0.25099, Gradient 0.41983, Quantile 0.83093) | LR 5.00e-05
2026-06-26 14:15:17,564 INFO Epoch 73 | Val Loss 2.93718 (NLL 4.27730 [logdet 1.37681, mahal 1.06262], L1 1.77328, Spectral 0.24970, Gradient 0.41406, Quantile 0.83944)
2026-06-26 14:15:17,636 INFO New best val loss: 2.93718 (saved checkpoints/best.pth)
2026-06-26 14:15:20,674 INFO Epoch 74 | Batch 50/1186 | Loss 2.91012 (NLL 4.25186 [logdet 1.44261, mahal 0.97138], L1 1.75483, Spectral 0.24947, Gradient 0.41134, Quantile 0.78935) | LR 5.00e-05
2026-06-26 14:15:23,682 INFO Epoch 74 | Batch 100/1186 | Loss 2.98094 (NLL 4.31143 [logdet 1.40022, mahal 1.07333], L1 1.80262, Spectral 0.25391, Gradient 0.41860, Quantile 0.83651) | LR 5.00e-05
2026-06-26 14:15:26,682 INFO Epoch 74 | Batch 150/1186 | Loss 2.96735 (NLL 4.27125 [logdet 1.42936, mahal 1.00402], L1 1.78156, Spectral 0.25752, Gradient 0.41987, Quantile 0.83306) | LR 5.00e-05
2026-06-26 14:15:29,687 INFO Epoch 74 | Batch 200/1186 | Loss 3.00476 (NLL 4.31034 [logdet 1.47570, mahal 0.99676], L1 1.84299, Spectral 0.24771, Gradient 0.41470, Quantile 0.84421) | LR 5.00e-05
2026-06-26 14:15:32,699 INFO Epoch 74 | Batch 250/1186 | Loss 2.88260 (NLL 4.22492 [logdet 1.44565, mahal 0.94139], L1 1.74565, Spectral 0.24308, Gradient 0.40624, Quantile 0.80425) | LR 5.00e-05
2026-06-26 14:15:35,705 INFO Epoch 74 | Batch 300/1186 | Loss 2.97347 (NLL 4.25056 [logdet 1.42471, mahal 0.98797], L1 1.80469, Spectral 0.24978, Gradient 0.41746, Quantile 0.86127) | LR 5.00e-05
2026-06-26 14:15:38,714 INFO Epoch 74 | Batch 350/1186 | Loss 2.95585 (NLL 4.28935 [logdet 1.41748, mahal 1.03399], L1 1.80718, Spectral 0.24484, Gradient 0.40806, Quantile 0.84992) | LR 5.00e-05
2026-06-26 14:15:41,717 INFO Epoch 74 | Batch 400/1186 | Loss 2.97277 (NLL 4.25690 [logdet 1.39482, mahal 1.02420], L1 1.80812, Spectral 0.25027, Gradient 0.41575, Quantile 0.82184) | LR 5.00e-05
2026-06-26 14:15:44,722 INFO Epoch 74 | Batch 450/1186 | Loss 2.93844 (NLL 4.24860 [logdet 1.43816, mahal 0.97257], L1 1.78431, Spectral 0.24623, Gradient 0.41299, Quantile 0.83457) | LR 5.00e-05
2026-06-26 14:15:47,727 INFO Epoch 74 | Batch 500/1186 | Loss 2.94259 (NLL 4.26883 [logdet 1.41474, mahal 1.01621], L1 1.77268, Spectral 0.24978, Gradient 0.41900, Quantile 0.85012) | LR 5.00e-05
2026-06-26 14:15:50,734 INFO Epoch 74 | Batch 550/1186 | Loss 2.90117 (NLL 4.22022 [logdet 1.42560, mahal 0.95675], L1 1.74378, Spectral 0.25159, Gradient 0.40931, Quantile 0.79639) | LR 5.00e-05
2026-06-26 14:15:53,733 INFO Epoch 74 | Batch 600/1186 | Loss 3.01000 (NLL 4.30667 [logdet 1.44121, mahal 1.02758], L1 1.83273, Spectral 0.25277, Gradient 0.41761, Quantile 0.86449) | LR 5.00e-05
2026-06-26 14:15:56,734 INFO Epoch 74 | Batch 650/1186 | Loss 2.95863 (NLL 4.29311 [logdet 1.41827, mahal 1.03696], L1 1.80152, Spectral 0.24500, Gradient 0.41599, Quantile 0.84740) | LR 5.00e-05
2026-06-26 14:15:59,739 INFO Epoch 74 | Batch 700/1186 | Loss 2.96112 (NLL 4.26878 [logdet 1.44854, mahal 0.98237], L1 1.77786, Spectral 0.25640, Gradient 0.42126, Quantile 0.81646) | LR 5.00e-05
2026-06-26 14:16:02,750 INFO Epoch 74 | Batch 750/1186 | Loss 3.02255 (NLL 4.34111 [logdet 1.43358, mahal 1.06965], L1 1.84905, Spectral 0.25101, Gradient 0.41732, Quantile 0.85615) | LR 5.00e-05
2026-06-26 14:16:05,752 INFO Epoch 74 | Batch 800/1186 | Loss 2.91221 (NLL 4.21424 [logdet 1.41979, mahal 0.95657], L1 1.75621, Spectral 0.24922, Gradient 0.40990, Quantile 0.83173) | LR 5.00e-05
2026-06-26 14:16:08,760 INFO Epoch 74 | Batch 850/1186 | Loss 2.88772 (NLL 4.21023 [logdet 1.39223, mahal 0.98013], L1 1.72297, Spectral 0.25165, Gradient 0.41651, Quantile 0.79737) | LR 5.00e-05
2026-06-26 14:16:11,767 INFO Epoch 74 | Batch 900/1186 | Loss 2.93349 (NLL 4.22500 [logdet 1.39952, mahal 0.98760], L1 1.75625, Spectral 0.25615, Gradient 0.41941, Quantile 0.79142) | LR 5.00e-05
2026-06-26 14:16:14,773 INFO Epoch 74 | Batch 950/1186 | Loss 2.91862 (NLL 4.23418 [logdet 1.36795, mahal 1.02835], L1 1.75220, Spectral 0.25046, Gradient 0.41762, Quantile 0.82291) | LR 5.00e-05
2026-06-26 14:16:17,779 INFO Epoch 74 | Batch 1000/1186 | Loss 2.94441 (NLL 4.25518 [logdet 1.46012, mahal 0.95718], L1 1.79972, Spectral 0.24443, Gradient 0.40642, Quantile 0.84575) | LR 5.00e-05
2026-06-26 14:16:20,784 INFO Epoch 74 | Batch 1050/1186 | Loss 2.93648 (NLL 4.26988 [logdet 1.37968, mahal 1.05232], L1 1.78178, Spectral 0.24581, Gradient 0.41576, Quantile 0.81228) | LR 5.00e-05
2026-06-26 14:16:23,787 INFO Epoch 74 | Batch 1100/1186 | Loss 2.94000 (NLL 4.24497 [logdet 1.39189, mahal 1.01521], L1 1.79207, Spectral 0.24768, Gradient 0.40518, Quantile 0.82283) | LR 5.00e-05
2026-06-26 14:16:26,792 INFO Epoch 74 | Batch 1150/1186 | Loss 2.96271 (NLL 4.32230 [logdet 1.44231, mahal 1.04211], L1 1.79862, Spectral 0.24871, Gradient 0.41469, Quantile 0.84260) | LR 5.00e-05
2026-06-26 14:16:33,899 INFO Epoch 74 | Val Loss 2.93435 (NLL 4.26823 [logdet 1.38091, mahal 1.04944], L1 1.76817, Spectral 0.24987, Gradient 0.41398, Quantile 0.86423)
2026-06-26 14:16:33,971 INFO New best val loss: 2.93435 (saved checkpoints/best.pth)
2026-06-26 14:16:37,009 INFO Epoch 75 | Batch 50/1186 | Loss 2.95142 (NLL 4.25076 [logdet 1.41095, mahal 1.00194], L1 1.77975, Spectral 0.25374, Gradient 0.41529, Quantile 0.82495) | LR 2.50e-05
2026-06-26 14:16:40,018 INFO Epoch 75 | Batch 100/1186 | Loss 2.92604 (NLL 4.24721 [logdet 1.39421, mahal 1.01512], L1 1.77327, Spectral 0.24633, Gradient 0.41359, Quantile 0.81109) | LR 2.50e-05
2026-06-26 14:16:43,026 INFO Epoch 75 | Batch 150/1186 | Loss 2.88005 (NLL 4.18546 [logdet 1.40854, mahal 0.93904], L1 1.73459, Spectral 0.24489, Gradient 0.41076, Quantile 0.81698) | LR 2.50e-05
2026-06-26 14:16:46,036 INFO Epoch 75 | Batch 200/1186 | Loss 2.89998 (NLL 4.21939 [logdet 1.38818, mahal 0.99333], L1 1.75468, Spectral 0.24430, Gradient 0.41079, Quantile 0.81733) | LR 2.50e-05
2026-06-26 14:16:49,037 INFO Epoch 75 | Batch 250/1186 | Loss 2.97918 (NLL 4.31425 [logdet 1.42483, mahal 1.05155], L1 1.80981, Spectral 0.25159, Gradient 0.41371, Quantile 0.84715) | LR 2.50e-05
2026-06-26 14:16:52,045 INFO Epoch 75 | Batch 300/1186 | Loss 2.95392 (NLL 4.23799 [logdet 1.46530, mahal 0.93481], L1 1.77445, Spectral 0.25468, Gradient 0.41963, Quantile 0.84354) | LR 2.50e-05
2026-06-26 14:16:55,054 INFO Epoch 75 | Batch 350/1186 | Loss 2.92970 (NLL 4.24451 [logdet 1.42144, mahal 0.98519], L1 1.76386, Spectral 0.25045, Gradient 0.41707, Quantile 0.81954) | LR 2.50e-05
2026-06-26 14:16:58,057 INFO Epoch 75 | Batch 400/1186 | Loss 2.93127 (NLL 4.26316 [logdet 1.40322, mahal 1.02207], L1 1.78217, Spectral 0.24507, Gradient 0.41044, Quantile 0.83064) | LR 2.50e-05
2026-06-26 14:17:01,061 INFO Epoch 75 | Batch 450/1186 | Loss 2.99975 (NLL 4.25894 [logdet 1.39795, mahal 1.02311], L1 1.81507, Spectral 0.25503, Gradient 0.42438, Quantile 0.83160) | LR 2.50e-05
2026-06-26 14:17:04,071 INFO Epoch 75 | Batch 500/1186 | Loss 2.96413 (NLL 4.32978 [logdet 1.41361, mahal 1.07829], L1 1.80546, Spectral 0.24536, Gradient 0.41443, Quantile 0.86189) | LR 2.50e-05
2026-06-26 14:17:07,075 INFO Epoch 75 | Batch 550/1186 | Loss 2.94522 (NLL 4.28639 [logdet 1.44920, mahal 0.99931], L1 1.78773, Spectral 0.24806, Gradient 0.41327, Quantile 0.81325) | LR 2.50e-05
2026-06-26 14:17:10,069 INFO Epoch 75 | Batch 600/1186 | Loss 2.96531 (NLL 4.27279 [logdet 1.40543, mahal 1.02948], L1 1.78848, Spectral 0.25492, Gradient 0.41646, Quantile 0.83368) | LR 2.50e-05
2026-06-26 14:17:13,065 INFO Epoch 75 | Batch 650/1186 | Loss 2.88463 (NLL 4.20402 [logdet 1.40407, mahal 0.96208], L1 1.70643, Spectral 0.25688, Gradient 0.41866, Quantile 0.80028) | LR 2.50e-05
2026-06-26 14:17:16,064 INFO Epoch 75 | Batch 700/1186 | Loss 2.90791 (NLL 4.24792 [logdet 1.39779, mahal 1.01225], L1 1.76085, Spectral 0.24496, Gradient 0.41046, Quantile 0.81573) | LR 2.50e-05
2026-06-26 14:17:19,063 INFO Epoch 75 | Batch 750/1186 | Loss 2.89609 (NLL 4.22504 [logdet 1.41156, mahal 0.97560], L1 1.73735, Spectral 0.25014, Gradient 0.41139, Quantile 0.82000) | LR 2.50e-05
2026-06-26 14:17:22,062 INFO Epoch 75 | Batch 800/1186 | Loss 2.94429 (NLL 4.24681 [logdet 1.43011, mahal 0.97883], L1 1.79077, Spectral 0.24518, Gradient 0.41375, Quantile 0.84455) | LR 2.50e-05
2026-06-26 14:17:25,061 INFO Epoch 75 | Batch 850/1186 | Loss 2.97124 (NLL 4.27383 [logdet 1.41746, mahal 1.01849], L1 1.79776, Spectral 0.25289, Gradient 0.41784, Quantile 0.82813) | LR 2.50e-05
2026-06-26 14:17:28,060 INFO Epoch 75 | Batch 900/1186 | Loss 2.94772 (NLL 4.27303 [logdet 1.41334, mahal 1.02181], L1 1.78375, Spectral 0.25140, Gradient 0.41263, Quantile 0.81836) | LR 2.50e-05
2026-06-26 14:17:31,059 INFO Epoch 75 | Batch 950/1186 | Loss 2.90299 (NLL 4.23056 [logdet 1.42581, mahal 0.96688], L1 1.76741, Spectral 0.24132, Gradient 0.40896, Quantile 0.79730) | LR 2.50e-05
2026-06-26 14:17:34,058 INFO Epoch 75 | Batch 1000/1186 | Loss 2.95058 (NLL 4.26954 [logdet 1.40034, mahal 1.03133], L1 1.78618, Spectral 0.25021, Gradient 0.41382, Quantile 0.83844) | LR 2.50e-05
2026-06-26 14:17:37,055 INFO Epoch 75 | Batch 1050/1186 | Loss 2.98717 (NLL 4.28205 [logdet 1.40641, mahal 1.03776], L1 1.81080, Spectral 0.25318, Gradient 0.41727, Quantile 0.85705) | LR 2.50e-05
2026-06-26 14:17:40,054 INFO Epoch 75 | Batch 1100/1186 | Loss 2.91505 (NLL 4.22592 [logdet 1.39140, mahal 0.99664], L1 1.76059, Spectral 0.24875, Gradient 0.41178, Quantile 0.80085) | LR 2.50e-05
2026-06-26 14:17:43,055 INFO Epoch 75 | Batch 1150/1186 | Loss 2.98804 (NLL 4.31379 [logdet 1.41976, mahal 1.05615], L1 1.82845, Spectral 0.24865, Gradient 0.41121, Quantile 0.83716) | LR 2.50e-05
2026-06-26 14:17:50,149 INFO Epoch 75 | Val Loss 2.94395 (NLL 4.27640 [logdet 1.38462, mahal 1.05391], L1 1.77455, Spectral 0.24974, Gradient 0.41442, Quantile 0.89512)
2026-06-26 14:17:53,227 INFO Epoch 76 | Batch 50/1186 | Loss 2.89293 (NLL 4.20717 [logdet 1.38805, mahal 0.98124], L1 1.74774, Spectral 0.24550, Gradient 0.41008, Quantile 0.80016) | LR 2.50e-05
2026-06-26 14:17:56,235 INFO Epoch 76 | Batch 100/1186 | Loss 2.92072 (NLL 4.26165 [logdet 1.43072, mahal 0.99305], L1 1.77925, Spectral 0.24388, Gradient 0.40615, Quantile 0.82416) | LR 2.50e-05
2026-06-26 14:17:59,243 INFO Epoch 76 | Batch 150/1186 | Loss 2.93844 (NLL 4.24751 [logdet 1.41944, mahal 0.99019], L1 1.78296, Spectral 0.24905, Gradient 0.40913, Quantile 0.82786) | LR 2.50e-05
2026-06-26 14:18:02,252 INFO Epoch 76 | Batch 200/1186 | Loss 2.99695 (NLL 4.34101 [logdet 1.42677, mahal 1.07636], L1 1.81542, Spectral 0.25293, Gradient 0.42109, Quantile 0.85656) | LR 2.50e-05
2026-06-26 14:18:05,251 INFO Epoch 76 | Batch 250/1186 | Loss 2.97616 (NLL 4.27870 [logdet 1.45190, mahal 0.98892], L1 1.79600, Spectral 0.25441, Gradient 0.42229, Quantile 0.81380) | LR 2.50e-05
2026-06-26 14:18:08,251 INFO Epoch 76 | Batch 300/1186 | Loss 2.96298 (NLL 4.28082 [logdet 1.40091, mahal 1.04203], L1 1.79310, Spectral 0.25071, Gradient 0.41906, Quantile 0.82336) | LR 2.50e-05
2026-06-26 14:18:11,256 INFO Epoch 76 | Batch 350/1186 | Loss 2.94392 (NLL 4.25984 [logdet 1.42094, mahal 1.00102], L1 1.78379, Spectral 0.24686, Gradient 0.41683, Quantile 0.83854) | LR 2.50e-05
2026-06-26 14:18:14,264 INFO Epoch 76 | Batch 400/1186 | Loss 2.97765 (NLL 4.31418 [logdet 1.44393, mahal 1.03237], L1 1.82554, Spectral 0.24496, Gradient 0.41125, Quantile 0.84059) | LR 2.50e-05
2026-06-26 14:18:17,268 INFO Epoch 76 | Batch 450/1186 | Loss 2.92337 (NLL 4.23197 [logdet 1.44289, mahal 0.95120], L1 1.76534, Spectral 0.24825, Gradient 0.41498, Quantile 0.81314) | LR 2.50e-05
2026-06-26 14:18:20,270 INFO Epoch 76 | Batch 500/1186 | Loss 3.05678 (NLL 4.33669 [logdet 1.43717, mahal 1.06164], L1 1.86858, Spectral 0.25637, Gradient 0.41884, Quantile 0.87665) | LR 2.50e-05
2026-06-26 14:18:23,263 INFO Epoch 76 | Batch 550/1186 | Loss 2.90474 (NLL 4.21076 [logdet 1.41895, mahal 0.95393], L1 1.73832, Spectral 0.25170, Gradient 0.41598, Quantile 0.82029) | LR 2.50e-05
2026-06-26 14:18:26,262 INFO Epoch 76 | Batch 600/1186 | Loss 2.95966 (NLL 4.24422 [logdet 1.41558, mahal 0.99077], L1 1.79087, Spectral 0.24934, Gradient 0.42088, Quantile 0.83469) | LR 2.50e-05
2026-06-26 14:18:29,261 INFO Epoch 76 | Batch 650/1186 | Loss 2.90949 (NLL 4.23500 [logdet 1.42782, mahal 0.96930], L1 1.74822, Spectral 0.25021, Gradient 0.41111, Quantile 0.84587) | LR 2.50e-05
2026-06-26 14:18:32,260 INFO Epoch 76 | Batch 700/1186 | Loss 2.97705 (NLL 4.26051 [logdet 1.42056, mahal 1.00207], L1 1.79450, Spectral 0.25534, Gradient 0.42120, Quantile 0.83678) | LR 2.50e-05
2026-06-26 14:18:35,259 INFO Epoch 76 | Batch 750/1186 | Loss 3.00539 (NLL 4.32936 [logdet 1.41563, mahal 1.07585], L1 1.83301, Spectral 0.25037, Gradient 0.41952, Quantile 0.83774) | LR 2.50e-05
2026-06-26 14:18:38,258 INFO Epoch 76 | Batch 800/1186 | Loss 2.95469 (NLL 4.31012 [logdet 1.43908, mahal 1.03317], L1 1.79839, Spectral 0.24572, Gradient 0.41490, Quantile 0.82857) | LR 2.50e-05
2026-06-26 14:18:41,257 INFO Epoch 76 | Batch 850/1186 | Loss 2.84555 (NLL 4.16384 [logdet 1.38662, mahal 0.93934], L1 1.70708, Spectral 0.24586, Gradient 0.40526, Quantile 0.78707) | LR 2.50e-05
2026-06-26 14:18:44,254 INFO Epoch 76 | Batch 900/1186 | Loss 2.90715 (NLL 4.25309 [logdet 1.42765, mahal 0.98757], L1 1.74985, Spectral 0.24946, Gradient 0.41022, Quantile 0.82424) | LR 2.50e-05
2026-06-26 14:18:47,222 INFO Epoch 76 | Batch 950/1186 | Loss 2.94340 (NLL 4.26130 [logdet 1.40893, mahal 1.01449], L1 1.79052, Spectral 0.24747, Gradient 0.41011, Quantile 0.82065) | LR 2.50e-05
2026-06-26 14:18:50,214 INFO Epoch 76 | Batch 1000/1186 | Loss 2.88504 (NLL 4.20695 [logdet 1.38649, mahal 0.98258], L1 1.73943, Spectral 0.24695, Gradient 0.40549, Quantile 0.82325) | LR 2.50e-05
2026-06-26 14:18:53,211 INFO Epoch 76 | Batch 1050/1186 | Loss 2.91627 (NLL 4.23140 [logdet 1.38261, mahal 1.01091], L1 1.75622, Spectral 0.24991, Gradient 0.41407, Quantile 0.80727) | LR 2.50e-05
2026-06-26 14:18:56,212 INFO Epoch 76 | Batch 1100/1186 | Loss 2.90295 (NLL 4.21363 [logdet 1.39026, mahal 0.98549], L1 1.74199, Spectral 0.25082, Gradient 0.41337, Quantile 0.80966) | LR 2.50e-05
2026-06-26 14:18:59,211 INFO Epoch 76 | Batch 1150/1186 | Loss 2.91667 (NLL 4.21318 [logdet 1.38106, mahal 0.99424], L1 1.74390, Spectral 0.25226, Gradient 0.42058, Quantile 0.82377) | LR 2.50e-05
2026-06-26 14:19:06,291 INFO Epoch 76 | Val Loss 2.95007 (NLL 4.28162 [logdet 1.43556, mahal 1.00818], L1 1.77945, Spectral 0.25006, Gradient 0.41480, Quantile 0.89501)
2026-06-26 14:19:09,372 INFO Epoch 77 | Batch 50/1186 | Loss 2.90580 (NLL 4.23638 [logdet 1.40659, mahal 0.99191], L1 1.74908, Spectral 0.25071, Gradient 0.40769, Quantile 0.82291) | LR 2.50e-05
2026-06-26 14:19:12,381 INFO Epoch 77 | Batch 100/1186 | Loss 2.92956 (NLL 4.25362 [logdet 1.42318, mahal 0.99256], L1 1.76443, Spectral 0.25050, Gradient 0.41595, Quantile 0.82039) | LR 2.50e-05
2026-06-26 14:19:15,393 INFO Epoch 77 | Batch 150/1186 | Loss 2.91932 (NLL 4.25495 [logdet 1.42707, mahal 0.99001], L1 1.77338, Spectral 0.24373, Gradient 0.41036, Quantile 0.83104) | LR 2.50e-05
2026-06-26 14:19:18,402 INFO Epoch 77 | Batch 200/1186 | Loss 2.93311 (NLL 4.26942 [logdet 1.42851, mahal 1.00302], L1 1.77536, Spectral 0.24800, Gradient 0.41221, Quantile 0.83513) | LR 2.50e-05
2026-06-26 14:19:21,409 INFO Epoch 77 | Batch 250/1186 | Loss 2.89648 (NLL 4.24190 [logdet 1.39824, mahal 1.00578], L1 1.74569, Spectral 0.24767, Gradient 0.40976, Quantile 0.80331) | LR 2.50e-05
2026-06-26 14:19:24,419 INFO Epoch 77 | Batch 300/1186 | Loss 3.00723 (NLL 4.32343 [logdet 1.39221, mahal 1.09334], L1 1.84225, Spectral 0.24767, Gradient 0.41439, Quantile 0.87963) | LR 2.50e-05
2026-06-26 14:19:27,428 INFO Epoch 77 | Batch 350/1186 | Loss 2.88461 (NLL 4.21364 [logdet 1.40213, mahal 0.97363], L1 1.74587, Spectral 0.24487, Gradient 0.40493, Quantile 0.80055) | LR 2.50e-05
2026-06-26 14:19:30,437 INFO Epoch 77 | Batch 400/1186 | Loss 2.88546 (NLL 4.19623 [logdet 1.38464, mahal 0.97371], L1 1.73737, Spectral 0.24454, Gradient 0.41403, Quantile 0.81322) | LR 2.50e-05
2026-06-26 14:19:33,444 INFO Epoch 77 | Batch 450/1186 | Loss 2.93659 (NLL 4.24261 [logdet 1.40374, mahal 1.00099], L1 1.75877, Spectral 0.25313, Gradient 0.42218, Quantile 0.83119) | LR 2.50e-05
2026-06-26 14:19:36,452 INFO Epoch 77 | Batch 500/1186 | Loss 2.96513 (NLL 4.30929 [logdet 1.40097, mahal 1.07044], L1 1.81091, Spectral 0.24615, Gradient 0.41170, Quantile 0.83246) | LR 2.50e-05
2026-06-26 14:19:39,462 INFO Epoch 77 | Batch 550/1186 | Loss 2.90012 (NLL 4.20785 [logdet 1.38376, mahal 0.98622], L1 1.74095, Spectral 0.25026, Gradient 0.41252, Quantile 0.81465) | LR 2.50e-05
2026-06-26 14:19:42,470 INFO Epoch 77 | Batch 600/1186 | Loss 2.90078 (NLL 4.23827 [logdet 1.43172, mahal 0.96867], L1 1.76094, Spectral 0.24149, Gradient 0.41002, Quantile 0.82573) | LR 2.50e-05
2026-06-26 14:19:45,469 INFO Epoch 77 | Batch 650/1186 | Loss 2.93253 (NLL 4.24029 [logdet 1.38356, mahal 1.01886], L1 1.76748, Spectral 0.24995, Gradient 0.41840, Quantile 0.80889) | LR 2.50e-05
2026-06-26 14:19:48,470 INFO Epoch 77 | Batch 700/1186 | Loss 2.93581 (NLL 4.25824 [logdet 1.36267, mahal 1.05769], L1 1.77476, Spectral 0.24956, Gradient 0.41332, Quantile 0.82602) | LR 2.50e-05
2026-06-26 14:19:51,472 INFO Epoch 77 | Batch 750/1186 | Loss 2.98150 (NLL 4.26969 [logdet 1.40889, mahal 1.02292], L1 1.79756, Spectral 0.25344, Gradient 0.42575, Quantile 0.84174) | LR 2.50e-05
2026-06-26 14:19:54,475 INFO Epoch 77 | Batch 800/1186 | Loss 2.88607 (NLL 4.20062 [logdet 1.42767, mahal 0.93507], L1 1.71973, Spectral 0.25137, Gradient 0.41850, Quantile 0.80186) | LR 2.50e-05
2026-06-26 14:19:57,473 INFO Epoch 77 | Batch 850/1186 | Loss 2.94033 (NLL 4.23090 [logdet 1.40832, mahal 0.98471], L1 1.76874, Spectral 0.25499, Gradient 0.41469, Quantile 0.80825) | LR 2.50e-05
2026-06-26 14:20:00,474 INFO Epoch 77 | Batch 900/1186 | Loss 2.96855 (NLL 4.25727 [logdet 1.41892, mahal 1.00047], L1 1.80734, Spectral 0.24782, Gradient 0.41380, Quantile 0.86336) | LR 2.50e-05
2026-06-26 14:20:03,472 INFO Epoch 77 | Batch 950/1186 | Loss 3.00051 (NLL 4.31764 [logdet 1.41918, mahal 1.06058], L1 1.84081, Spectral 0.24666, Gradient 0.41504, Quantile 0.83980) | LR 2.50e-05
2026-06-26 14:20:06,472 INFO Epoch 77 | Batch 1000/1186 | Loss 2.96499 (NLL 4.30883 [logdet 1.44611, mahal 1.02484], L1 1.79574, Spectral 0.25194, Gradient 0.41619, Quantile 0.81145) | LR 2.50e-05
2026-06-26 14:20:09,470 INFO Epoch 77 | Batch 1050/1186 | Loss 3.02605 (NLL 4.31125 [logdet 1.42987, mahal 1.04350], L1 1.84175, Spectral 0.25546, Gradient 0.41918, Quantile 0.85939) | LR 2.50e-05
2026-06-26 14:20:12,468 INFO Epoch 77 | Batch 1100/1186 | Loss 2.93822 (NLL 4.28330 [logdet 1.42592, mahal 1.01951], L1 1.78537, Spectral 0.24681, Gradient 0.41122, Quantile 0.81577) | LR 2.50e-05
2026-06-26 14:20:15,467 INFO Epoch 77 | Batch 1150/1186 | Loss 2.95721 (NLL 4.25296 [logdet 1.44382, mahal 0.97126], L1 1.78176, Spectral 0.25551, Gradient 0.41819, Quantile 0.79163) | LR 2.50e-05
2026-06-26 14:20:22,561 INFO Epoch 77 | Val Loss 2.94873 (NLL 4.27770 [logdet 1.40301, mahal 1.03681], L1 1.77911, Spectral 0.25000, Gradient 0.41480, Quantile 0.88668)
2026-06-26 14:20:25,632 INFO Epoch 78 | Batch 50/1186 | Loss 2.94744 (NLL 4.25697 [logdet 1.39070, mahal 1.02839], L1 1.78867, Spectral 0.24776, Gradient 0.41280, Quantile 0.84939) | LR 2.50e-05
2026-06-26 14:20:28,638 INFO Epoch 78 | Batch 100/1186 | Loss 2.95389 (NLL 4.28382 [logdet 1.41455, mahal 1.03140], L1 1.79385, Spectral 0.24997, Gradient 0.41054, Quantile 0.82859) | LR 2.50e-05
2026-06-26 14:20:31,644 INFO Epoch 78 | Batch 150/1186 | Loss 2.96652 (NLL 4.28243 [logdet 1.46238, mahal 0.98218], L1 1.80387, Spectral 0.24900, Gradient 0.41514, Quantile 0.82803) | LR 2.50e-05
2026-06-26 14:20:34,645 INFO Epoch 78 | Batch 200/1186 | Loss 2.96207 (NLL 4.24852 [logdet 1.42821, mahal 0.98243], L1 1.78004, Spectral 0.25603, Gradient 0.41991, Quantile 0.83352) | LR 2.50e-05
2026-06-26 14:20:37,643 INFO Epoch 78 | Batch 250/1186 | Loss 2.89678 (NLL 4.22480 [logdet 1.40266, mahal 0.98426], L1 1.74705, Spectral 0.24754, Gradient 0.40931, Quantile 0.80550) | LR 2.50e-05
2026-06-26 14:20:40,643 INFO Epoch 78 | Batch 300/1186 | Loss 2.94991 (NLL 4.26024 [logdet 1.41220, mahal 1.01017], L1 1.78878, Spectral 0.24927, Gradient 0.41296, Quantile 0.83724) | LR 2.50e-05
2026-06-26 14:20:43,641 INFO Epoch 78 | Batch 350/1186 | Loss 2.98800 (NLL 4.30433 [logdet 1.42813, mahal 1.03832], L1 1.82097, Spectral 0.24847, Gradient 0.41752, Quantile 0.85430) | LR 2.50e-05
2026-06-26 14:20:46,641 INFO Epoch 78 | Batch 400/1186 | Loss 2.91271 (NLL 4.23956 [logdet 1.38979, mahal 1.01189], L1 1.76795, Spectral 0.24483, Gradient 0.40885, Quantile 0.81464) | LR 2.50e-05
2026-06-26 14:20:49,640 INFO Epoch 78 | Batch 450/1186 | Loss 2.89438 (NLL 4.20228 [logdet 1.39002, mahal 0.97438], L1 1.75081, Spectral 0.24679, Gradient 0.40478, Quantile 0.81430) | LR 2.50e-05
2026-06-26 14:20:52,639 INFO Epoch 78 | Batch 500/1186 | Loss 2.96264 (NLL 4.29015 [logdet 1.39205, mahal 1.06022], L1 1.79460, Spectral 0.25185, Gradient 0.41463, Quantile 0.82397) | LR 2.50e-05
2026-06-26 14:20:55,639 INFO Epoch 78 | Batch 550/1186 | Loss 2.90334 (NLL 4.24620 [logdet 1.40514, mahal 1.00319], L1 1.74708, Spectral 0.24842, Gradient 0.41172, Quantile 0.82203) | LR 2.50e-05
2026-06-26 14:20:58,637 INFO Epoch 78 | Batch 600/1186 | Loss 2.93213 (NLL 4.27472 [logdet 1.43658, mahal 1.00027], L1 1.77819, Spectral 0.24594, Gradient 0.41461, Quantile 0.81242) | LR 2.50e-05
2026-06-26 14:21:01,637 INFO Epoch 78 | Batch 650/1186 | Loss 2.97237 (NLL 4.27656 [logdet 1.42125, mahal 1.01744], L1 1.79198, Spectral 0.25322, Gradient 0.42233, Quantile 0.84428) | LR 2.50e-05
2026-06-26 14:21:04,639 INFO Epoch 78 | Batch 700/1186 | Loss 2.96126 (NLL 4.27473 [logdet 1.42171, mahal 1.01514], L1 1.78699, Spectral 0.25342, Gradient 0.41950, Quantile 0.80531) | LR 2.50e-05
2026-06-26 14:21:07,641 INFO Epoch 78 | Batch 750/1186 | Loss 2.83594 (NLL 4.18948 [logdet 1.40694, mahal 0.94466], L1 1.69593, Spectral 0.24585, Gradient 0.40772, Quantile 0.76789) | LR 2.50e-05
2026-06-26 14:21:10,645 INFO Epoch 78 | Batch 800/1186 | Loss 2.98880 (NLL 4.27134 [logdet 1.41139, mahal 1.02207], L1 1.81602, Spectral 0.25103, Gradient 0.41946, Quantile 0.84632) | LR 2.50e-05
2026-06-26 14:21:13,652 INFO Epoch 78 | Batch 850/1186 | Loss 2.99648 (NLL 4.31194 [logdet 1.43611, mahal 1.03795], L1 1.82366, Spectral 0.24952, Gradient 0.41936, Quantile 0.86991) | LR 2.50e-05
2026-06-26 14:21:16,651 INFO Epoch 78 | Batch 900/1186 | Loss 2.93076 (NLL 4.25648 [logdet 1.43986, mahal 0.97874], L1 1.76811, Spectral 0.25055, Gradient 0.41407, Quantile 0.81251) | LR 2.50e-05
2026-06-26 14:21:19,649 INFO Epoch 78 | Batch 950/1186 | Loss 2.95657 (NLL 4.26751 [logdet 1.43653, mahal 0.99310], L1 1.78026, Spectral 0.25296, Gradient 0.42167, Quantile 0.81611) | LR 2.50e-05
2026-06-26 14:21:22,648 INFO Epoch 78 | Batch 1000/1186 | Loss 2.91661 (NLL 4.20447 [logdet 1.38692, mahal 0.97967], L1 1.75498, Spectral 0.24975, Gradient 0.41563, Quantile 0.81929) | LR 2.50e-05
2026-06-26 14:21:25,648 INFO Epoch 78 | Batch 1050/1186 | Loss 2.93152 (NLL 4.23260 [logdet 1.40574, mahal 0.98899], L1 1.75707, Spectral 0.25272, Gradient 0.42113, Quantile 0.81905) | LR 2.50e-05
2026-06-26 14:21:28,648 INFO Epoch 78 | Batch 1100/1186 | Loss 2.91879 (NLL 4.25631 [logdet 1.40402, mahal 1.01441], L1 1.77467, Spectral 0.24352, Gradient 0.40812, Quantile 0.84093) | LR 2.50e-05
2026-06-26 14:21:31,647 INFO Epoch 78 | Batch 1150/1186 | Loss 2.95009 (NLL 4.25256 [logdet 1.43642, mahal 0.97826], L1 1.79348, Spectral 0.24910, Gradient 0.41023, Quantile 0.82513) | LR 2.50e-05
2026-06-26 14:21:38,757 INFO Epoch 78 | Val Loss 2.94850 (NLL 4.27707 [logdet 1.36720, mahal 1.07199], L1 1.77719, Spectral 0.25014, Gradient 0.41523, Quantile 0.89709)
2026-06-26 14:21:41,821 INFO Epoch 79 | Batch 50/1186 | Loss 2.92604 (NLL 4.23577 [logdet 1.39421, mahal 1.00369], L1 1.76629, Spectral 0.24969, Gradient 0.41075, Quantile 0.84548) | LR 2.50e-05
2026-06-26 14:21:44,821 INFO Epoch 79 | Batch 100/1186 | Loss 2.86977 (NLL 4.22378 [logdet 1.42435, mahal 0.96156], L1 1.72834, Spectral 0.24390, Gradient 0.41051, Quantile 0.78580) | LR 2.50e-05
2026-06-26 14:21:47,819 INFO Epoch 79 | Batch 150/1186 | Loss 2.89287 (NLL 4.24608 [logdet 1.38599, mahal 1.02221], L1 1.74391, Spectral 0.24503, Gradient 0.41263, Quantile 0.81084) | LR 2.50e-05
2026-06-26 14:21:50,819 INFO Epoch 79 | Batch 200/1186 | Loss 2.99461 (NLL 4.28689 [logdet 1.41143, mahal 1.03758], L1 1.80822, Spectral 0.25627, Gradient 0.42261, Quantile 0.83252) | LR 2.50e-05
2026-06-26 14:21:53,817 INFO Epoch 79 | Batch 250/1186 | Loss 2.97585 (NLL 4.27043 [logdet 1.40180, mahal 1.03075], L1 1.80684, Spectral 0.25152, Gradient 0.41487, Quantile 0.84617) | LR 2.50e-05
2026-06-26 14:21:56,816 INFO Epoch 79 | Batch 300/1186 | Loss 2.99445 (NLL 4.30508 [logdet 1.39486, mahal 1.07234], L1 1.81649, Spectral 0.25344, Gradient 0.42053, Quantile 0.82390) | LR 2.50e-05
2026-06-26 14:21:59,815 INFO Epoch 79 | Batch 350/1186 | Loss 2.99821 (NLL 4.31060 [logdet 1.41990, mahal 1.05282], L1 1.83516, Spectral 0.24692, Gradient 0.41621, Quantile 0.85958) | LR 2.50e-05
2026-06-26 14:22:02,815 INFO Epoch 79 | Batch 400/1186 | Loss 2.89550 (NLL 4.20123 [logdet 1.42749, mahal 0.93587], L1 1.73102, Spectral 0.25225, Gradient 0.41357, Quantile 0.81656) | LR 2.50e-05
2026-06-26 14:22:05,813 INFO Epoch 79 | Batch 450/1186 | Loss 2.99089 (NLL 4.30144 [logdet 1.40971, mahal 1.05386], L1 1.81659, Spectral 0.25270, Gradient 0.41668, Quantile 0.84574) | LR 2.50e-05
2026-06-26 14:22:08,812 INFO Epoch 79 | Batch 500/1186 | Loss 2.92491 (NLL 4.24354 [logdet 1.42531, mahal 0.98035], L1 1.77536, Spectral 0.24612, Gradient 0.41102, Quantile 0.81106) | LR 2.50e-05
2026-06-26 14:22:11,811 INFO Epoch 79 | Batch 550/1186 | Loss 2.87228 (NLL 4.21295 [logdet 1.43662, mahal 0.93846], L1 1.72851, Spectral 0.24650, Gradient 0.40688, Quantile 0.79579) | LR 2.50e-05
2026-06-26 14:22:14,811 INFO Epoch 79 | Batch 600/1186 | Loss 2.97586 (NLL 4.27102 [logdet 1.39666, mahal 1.03649], L1 1.80577, Spectral 0.25067, Gradient 0.41782, Quantile 0.84394) | LR 2.50e-05
2026-06-26 14:22:17,808 INFO Epoch 79 | Batch 650/1186 | Loss 2.95407 (NLL 4.27691 [logdet 1.42184, mahal 1.01720], L1 1.78433, Spectral 0.25000, Gradient 0.42222, Quantile 0.80373) | LR 2.50e-05
2026-06-26 14:22:20,807 INFO Epoch 79 | Batch 700/1186 | Loss 2.87836 (NLL 4.19814 [logdet 1.38964, mahal 0.97062], L1 1.73360, Spectral 0.24570, Gradient 0.40836, Quantile 0.81345) | LR 2.50e-05
2026-06-26 14:22:23,806 INFO Epoch 79 | Batch 750/1186 | Loss 2.94305 (NLL 4.29330 [logdet 1.38640, mahal 1.06903], L1 1.78285, Spectral 0.24746, Gradient 0.41613, Quantile 0.82214) | LR 2.50e-05
2026-06-26 14:22:26,805 INFO Epoch 79 | Batch 800/1186 | Loss 2.91724 (NLL 4.22356 [logdet 1.42594, mahal 0.95974], L1 1.77377, Spectral 0.24587, Gradient 0.40465, Quantile 0.82909) | LR 2.50e-05
2026-06-26 14:22:29,805 INFO Epoch 79 | Batch 850/1186 | Loss 2.91234 (NLL 4.23352 [logdet 1.38655, mahal 1.00909], L1 1.75813, Spectral 0.24754, Gradient 0.41200, Quantile 0.82115) | LR 2.50e-05
2026-06-26 14:22:32,804 INFO Epoch 79 | Batch 900/1186 | Loss 2.96692 (NLL 4.28577 [logdet 1.42680, mahal 1.02109], L1 1.79626, Spectral 0.25127, Gradient 0.41729, Quantile 0.83743) | LR 2.50e-05
2026-06-26 14:22:35,803 INFO Epoch 79 | Batch 950/1186 | Loss 2.99156 (NLL 4.29788 [logdet 1.43027, mahal 1.02974], L1 1.81105, Spectral 0.25607, Gradient 0.41556, Quantile 0.84939) | LR 2.50e-05
2026-06-26 14:22:38,803 INFO Epoch 79 | Batch 1000/1186 | Loss 2.88807 (NLL 4.20569 [logdet 1.41774, mahal 0.95008], L1 1.73711, Spectral 0.24766, Gradient 0.41273, Quantile 0.78353) | LR 2.50e-05
2026-06-26 14:22:41,799 INFO Epoch 79 | Batch 1050/1186 | Loss 2.93429 (NLL 4.23926 [logdet 1.37350, mahal 1.02788], L1 1.77288, Spectral 0.24870, Gradient 0.41343, Quantile 0.85508) | LR 2.50e-05
2026-06-26 14:22:44,799 INFO Epoch 79 | Batch 1100/1186 | Loss 2.92821 (NLL 4.23576 [logdet 1.40066, mahal 0.99722], L1 1.76053, Spectral 0.25108, Gradient 0.41870, Quantile 0.80956) | LR 2.50e-05
2026-06-26 14:22:47,799 INFO Epoch 79 | Batch 1150/1186 | Loss 2.94157 (NLL 4.29106 [logdet 1.38278, mahal 1.07040], L1 1.78279, Spectral 0.24865, Gradient 0.41072, Quantile 0.84133) | LR 2.50e-05
2026-06-26 14:22:54,909 INFO Epoch 79 | Val Loss 2.94283 (NLL 4.27515 [logdet 1.38881, mahal 1.04846], L1 1.77350, Spectral 0.24979, Gradient 0.41447, Quantile 0.89310)
2026-06-26 14:22:57,979 INFO Epoch 80 | Batch 50/1186 | Loss 2.92378 (NLL 4.24144 [logdet 1.41267, mahal 0.99088], L1 1.74845, Spectral 0.25354, Gradient 0.41822, Quantile 0.83963) | LR 2.50e-05
2026-06-26 14:23:00,977 INFO Epoch 80 | Batch 100/1186 | Loss 2.88725 (NLL 4.20292 [logdet 1.43298, mahal 0.93206], L1 1.73136, Spectral 0.24711, Gradient 0.41713, Quantile 0.80108) | LR 2.50e-05
2026-06-26 14:23:03,976 INFO Epoch 80 | Batch 150/1186 | Loss 2.90466 (NLL 4.22276 [logdet 1.38092, mahal 1.00397], L1 1.76696, Spectral 0.24373, Gradient 0.40410, Quantile 0.82231) | LR 2.50e-05
2026-06-26 14:23:06,976 INFO Epoch 80 | Batch 200/1186 | Loss 2.94587 (NLL 4.22887 [logdet 1.40865, mahal 0.98234], L1 1.76873, Spectral 0.25582, Gradient 0.41711, Quantile 0.82307) | LR 2.50e-05
2026-06-26 14:23:09,976 INFO Epoch 80 | Batch 250/1186 | Loss 2.97222 (NLL 4.30609 [logdet 1.38482, mahal 1.08339], L1 1.81404, Spectral 0.24751, Gradient 0.41179, Quantile 0.84409) | LR 2.50e-05
2026-06-26 14:23:12,973 INFO Epoch 80 | Batch 300/1186 | Loss 2.94231 (NLL 4.28071 [logdet 1.39922, mahal 1.04361], L1 1.81298, Spectral 0.23835, Gradient 0.40376, Quantile 0.84092) | LR 2.50e-05
2026-06-26 14:23:15,971 INFO Epoch 80 | Batch 350/1186 | Loss 2.93686 (NLL 4.23260 [logdet 1.44292, mahal 0.95181], L1 1.76545, Spectral 0.25105, Gradient 0.42005, Quantile 0.83674) | LR 2.50e-05
2026-06-26 14:23:18,970 INFO Epoch 80 | Batch 400/1186 | Loss 2.89459 (NLL 4.19691 [logdet 1.38139, mahal 0.97764], L1 1.73536, Spectral 0.25154, Gradient 0.41192, Quantile 0.79593) | LR 2.50e-05
2026-06-26 14:23:21,970 INFO Epoch 80 | Batch 450/1186 | Loss 2.92008 (NLL 4.22163 [logdet 1.39346, mahal 0.99029], L1 1.75305, Spectral 0.25108, Gradient 0.41760, Quantile 0.81930) | LR 2.50e-05
2026-06-26 14:23:24,968 INFO Epoch 80 | Batch 500/1186 | Loss 2.93472 (NLL 4.25740 [logdet 1.42284, mahal 0.99668], L1 1.77095, Spectral 0.25115, Gradient 0.41331, Quantile 0.81908) | LR 2.50e-05
2026-06-26 14:23:27,967 INFO Epoch 80 | Batch 550/1186 | Loss 2.96566 (NLL 4.29112 [logdet 1.40969, mahal 1.04355], L1 1.80208, Spectral 0.24686, Gradient 0.41876, Quantile 0.84411) | LR 2.50e-05
2026-06-26 14:23:30,966 INFO Epoch 80 | Batch 600/1186 | Loss 3.00622 (NLL 4.31620 [logdet 1.44061, mahal 1.03771], L1 1.84620, Spectral 0.24780, Gradient 0.41094, Quantile 0.86395) | LR 2.50e-05
2026-06-26 14:23:33,966 INFO Epoch 80 | Batch 650/1186 | Loss 2.91338 (NLL 4.23205 [logdet 1.42648, mahal 0.96769], L1 1.75937, Spectral 0.24737, Gradient 0.41153, Quantile 0.82877) | LR 2.50e-05
2026-06-26 14:23:36,964 INFO Epoch 80 | Batch 700/1186 | Loss 2.97637 (NLL 4.29224 [logdet 1.41139, mahal 1.04298], L1 1.79633, Spectral 0.25465, Gradient 0.42246, Quantile 0.80062) | LR 2.50e-05
2026-06-26 14:23:39,963 INFO Epoch 80 | Batch 750/1186 | Loss 2.95214 (NLL 4.26867 [logdet 1.42386, mahal 1.00693], L1 1.77314, Spectral 0.25421, Gradient 0.41903, Quantile 0.84630) | LR 2.50e-05
2026-06-26 14:23:42,963 INFO Epoch 80 | Batch 800/1186 | Loss 2.90046 (NLL 4.21479 [logdet 1.42698, mahal 0.94993], L1 1.74564, Spectral 0.24840, Gradient 0.41095, Quantile 0.82603) | LR 2.50e-05
2026-06-26 14:23:45,963 INFO Epoch 80 | Batch 850/1186 | Loss 3.04238 (NLL 4.34065 [logdet 1.41549, mahal 1.08729], L1 1.84929, Spectral 0.25842, Gradient 0.42381, Quantile 0.82456) | LR 2.50e-05
2026-06-26 14:23:48,954 INFO Epoch 80 | Batch 900/1186 | Loss 2.88098 (NLL 4.22194 [logdet 1.43289, mahal 0.95117], L1 1.73639, Spectral 0.24531, Gradient 0.40825, Quantile 0.81406) | LR 2.50e-05
2026-06-26 14:23:51,940 INFO Epoch 80 | Batch 950/1186 | Loss 2.92710 (NLL 4.24401 [logdet 1.39228, mahal 1.01386], L1 1.76983, Spectral 0.24857, Gradient 0.41402, Quantile 0.80444) | LR 2.50e-05
2026-06-26 14:23:54,931 INFO Epoch 80 | Batch 1000/1186 | Loss 2.98159 (NLL 4.30091 [logdet 1.36056, mahal 1.10247], L1 1.80852, Spectral 0.25149, Gradient 0.41739, Quantile 0.85289) | LR 2.50e-05
2026-06-26 14:23:57,916 INFO Epoch 80 | Batch 1050/1186 | Loss 2.87788 (NLL 4.23823 [logdet 1.42256, mahal 0.97779], L1 1.73535, Spectral 0.24532, Gradient 0.40796, Quantile 0.78926) | LR 2.50e-05
2026-06-26 14:24:00,907 INFO Epoch 80 | Batch 1100/1186 | Loss 3.00876 (NLL 4.29932 [logdet 1.43558, mahal 1.02586], L1 1.82798, Spectral 0.25348, Gradient 0.42150, Quantile 0.84457) | LR 2.50e-05
2026-06-26 14:24:03,894 INFO Epoch 80 | Batch 1150/1186 | Loss 2.91360 (NLL 4.24277 [logdet 1.42763, mahal 0.97726], L1 1.76759, Spectral 0.24364, Gradient 0.41039, Quantile 0.83740) | LR 2.50e-05
2026-06-26 14:24:10,994 INFO Epoch 80 | Val Loss 2.94851 (NLL 4.27724 [logdet 1.42404, mahal 1.01532], L1 1.77803, Spectral 0.24994, Gradient 0.41454, Quantile 0.90065)
2026-06-26 14:24:14,060 INFO Epoch 81 | Batch 50/1186 | Loss 2.85573 (NLL 4.21406 [logdet 1.41699, mahal 0.95919], L1 1.70217, Spectral 0.24723, Gradient 0.41413, Quantile 0.80339) | LR 2.50e-05
2026-06-26 14:24:17,064 INFO Epoch 81 | Batch 100/1186 | Loss 2.94987 (NLL 4.27641 [logdet 1.42847, mahal 1.01006], L1 1.79162, Spectral 0.24682, Gradient 0.41260, Quantile 0.86153) | LR 2.50e-05
2026-06-26 14:24:20,072 INFO Epoch 81 | Batch 150/1186 | Loss 2.97221 (NLL 4.26679 [logdet 1.40076, mahal 1.02816], L1 1.79312, Spectral 0.25401, Gradient 0.42257, Quantile 0.81226) | LR 2.50e-05
2026-06-26 14:24:23,071 INFO Epoch 81 | Batch 200/1186 | Loss 2.93571 (NLL 4.25947 [logdet 1.38572, mahal 1.03587], L1 1.77488, Spectral 0.24847, Gradient 0.41537, Quantile 0.82531) | LR 2.50e-05
2026-06-26 14:24:26,072 INFO Epoch 81 | Batch 250/1186 | Loss 2.92571 (NLL 4.22754 [logdet 1.40434, mahal 0.98532], L1 1.75882, Spectral 0.25063, Gradient 0.41763, Quantile 0.82615) | LR 2.50e-05
2026-06-26 14:24:29,071 INFO Epoch 81 | Batch 300/1186 | Loss 2.98242 (NLL 4.27506 [logdet 1.44240, mahal 0.99478], L1 1.81378, Spectral 0.24910, Gradient 0.42084, Quantile 0.82886) | LR 2.50e-05
2026-06-26 14:24:32,070 INFO Epoch 81 | Batch 350/1186 | Loss 2.88094 (NLL 4.22296 [logdet 1.40730, mahal 0.97778], L1 1.73905, Spectral 0.24584, Gradient 0.40399, Quantile 0.82011) | LR 2.50e-05
2026-06-26 14:24:35,069 INFO Epoch 81 | Batch 400/1186 | Loss 2.90626 (NLL 4.22559 [logdet 1.37457, mahal 1.01315], L1 1.75214, Spectral 0.24656, Gradient 0.41471, Quantile 0.81489) | LR 2.50e-05
2026-06-26 14:24:38,067 INFO Epoch 81 | Batch 450/1186 | Loss 2.90048 (NLL 4.22581 [logdet 1.40389, mahal 0.98405], L1 1.73639, Spectral 0.25225, Gradient 0.41494, Quantile 0.78872) | LR 2.50e-05
2026-06-26 14:24:41,067 INFO Epoch 81 | Batch 500/1186 | Loss 2.96740 (NLL 4.31324 [logdet 1.41724, mahal 1.05812], L1 1.79560, Spectral 0.25085, Gradient 0.41656, Quantile 0.85914) | LR 2.50e-05
2026-06-26 14:24:44,070 INFO Epoch 81 | Batch 550/1186 | Loss 2.92175 (NLL 4.22802 [logdet 1.39832, mahal 0.99182], L1 1.77381, Spectral 0.24650, Gradient 0.40750, Quantile 0.82963) | LR 2.50e-05
2026-06-26 14:24:47,069 INFO Epoch 81 | Batch 600/1186 | Loss 2.90329 (NLL 4.21819 [logdet 1.37844, mahal 1.00187], L1 1.74333, Spectral 0.24985, Gradient 0.41434, Quantile 0.80876) | LR 2.50e-05
2026-06-26 14:24:50,061 INFO Epoch 81 | Batch 650/1186 | Loss 2.97522 (NLL 4.30480 [logdet 1.40554, mahal 1.06138], L1 1.81543, Spectral 0.24893, Gradient 0.41245, Quantile 0.82146) | LR 2.50e-05
2026-06-26 14:24:53,060 INFO Epoch 81 | Batch 700/1186 | Loss 2.95742 (NLL 4.28148 [logdet 1.40066, mahal 1.04294], L1 1.80334, Spectral 0.24731, Gradient 0.41020, Quantile 0.82979) | LR 2.50e-05
2026-06-26 14:24:56,060 INFO Epoch 81 | Batch 750/1186 | Loss 2.96647 (NLL 4.25098 [logdet 1.40972, mahal 1.00338], L1 1.79285, Spectral 0.25206, Gradient 0.41989, Quantile 0.83330) | LR 2.50e-05
2026-06-26 14:24:59,058 INFO Epoch 81 | Batch 800/1186 | Loss 2.93272 (NLL 4.26896 [logdet 1.40637, mahal 1.02471], L1 1.77617, Spectral 0.24724, Gradient 0.41305, Quantile 0.83049) | LR 2.50e-05
2026-06-26 14:25:02,057 INFO Epoch 81 | Batch 850/1186 | Loss 2.94301 (NLL 4.24644 [logdet 1.41322, mahal 0.99534], L1 1.77468, Spectral 0.25065, Gradient 0.41965, Quantile 0.81238) | LR 2.50e-05
2026-06-26 14:25:05,056 INFO Epoch 81 | Batch 900/1186 | Loss 2.90239 (NLL 4.22657 [logdet 1.39619, mahal 0.99250], L1 1.74823, Spectral 0.24886, Gradient 0.41000, Quantile 0.81487) | LR 2.50e-05
2026-06-26 14:25:08,054 INFO Epoch 81 | Batch 950/1186 | Loss 2.95982 (NLL 4.29533 [logdet 1.42124, mahal 1.03622], L1 1.79262, Spectral 0.25135, Gradient 0.41343, Quantile 0.83837) | LR 2.50e-05
2026-06-26 14:25:11,055 INFO Epoch 81 | Batch 1000/1186 | Loss 2.96985 (NLL 4.25067 [logdet 1.40626, mahal 1.00654], L1 1.79674, Spectral 0.25294, Gradient 0.41827, Quantile 0.82561) | LR 2.50e-05
2026-06-26 14:25:14,053 INFO Epoch 81 | Batch 1050/1186 | Loss 2.99941 (NLL 4.29490 [logdet 1.39934, mahal 1.05769], L1 1.82233, Spectral 0.25234, Gradient 0.41826, Quantile 0.86886) | LR 2.50e-05
2026-06-26 14:25:17,053 INFO Epoch 81 | Batch 1100/1186 | Loss 2.96605 (NLL 4.25208 [logdet 1.40358, mahal 1.01062], L1 1.80481, Spectral 0.24928, Gradient 0.41360, Quantile 0.83339) | LR 2.50e-05
2026-06-26 14:25:20,051 INFO Epoch 81 | Batch 1150/1186 | Loss 2.87754 (NLL 4.23257 [logdet 1.38132, mahal 1.01338], L1 1.74645, Spectral 0.24246, Gradient 0.40222, Quantile 0.79762) | LR 2.50e-05
2026-06-26 14:25:27,155 INFO Epoch 81 | Val Loss 2.94514 (NLL 4.27476 [logdet 1.46322, mahal 0.97366], L1 1.77465, Spectral 0.24995, Gradient 0.41510, Quantile 0.89505)
2026-06-26 14:25:30,229 INFO Epoch 82 | Batch 50/1186 | Loss 2.93430 (NLL 4.27480 [logdet 1.44628, mahal 0.99064], L1 1.78798, Spectral 0.24598, Gradient 0.40742, Quantile 0.80949) | LR 2.50e-05
2026-06-26 14:25:33,229 INFO Epoch 82 | Batch 100/1186 | Loss 3.03881 (NLL 4.31477 [logdet 1.42603, mahal 1.05086], L1 1.84576, Spectral 0.25547, Gradient 0.42675, Quantile 0.86814) | LR 2.50e-05
2026-06-26 14:25:36,228 INFO Epoch 82 | Batch 150/1186 | Loss 2.81183 (NLL 4.15265 [logdet 1.40862, mahal 0.90616], L1 1.68223, Spectral 0.24374, Gradient 0.40066, Quantile 0.79505) | LR 2.50e-05
2026-06-26 14:25:39,228 INFO Epoch 82 | Batch 200/1186 | Loss 2.96338 (NLL 4.29745 [logdet 1.39982, mahal 1.05976], L1 1.79872, Spectral 0.24794, Gradient 0.41761, Quantile 0.84189) | LR 2.50e-05
2026-06-26 14:25:42,228 INFO Epoch 82 | Batch 250/1186 | Loss 2.89566 (NLL 4.22880 [logdet 1.40788, mahal 0.98304], L1 1.74942, Spectral 0.24596, Gradient 0.40993, Quantile 0.79566) | LR 2.50e-05
2026-06-26 14:25:45,227 INFO Epoch 82 | Batch 300/1186 | Loss 2.95729 (NLL 4.27114 [logdet 1.41398, mahal 1.01929], L1 1.78080, Spectral 0.25440, Gradient 0.41702, Quantile 0.83633) | LR 2.50e-05
2026-06-26 14:25:48,233 INFO Epoch 82 | Batch 350/1186 | Loss 2.96041 (NLL 4.27013 [logdet 1.42683, mahal 1.00542], L1 1.77666, Spectral 0.25695, Gradient 0.41924, Quantile 0.83142) | LR 2.50e-05
2026-06-26 14:25:51,245 INFO Epoch 82 | Batch 400/1186 | Loss 2.98456 (NLL 4.26276 [logdet 1.44162, mahal 0.98327], L1 1.81206, Spectral 0.25249, Gradient 0.41733, Quantile 0.83611) | LR 2.50e-05
2026-06-26 14:25:54,246 INFO Epoch 82 | Batch 450/1186 | Loss 2.89221 (NLL 4.21946 [logdet 1.39457, mahal 0.98702], L1 1.74740, Spectral 0.24492, Gradient 0.40831, Quantile 0.82574) | LR 2.50e-05
2026-06-26 14:25:57,252 INFO Epoch 82 | Batch 500/1186 | Loss 2.94246 (NLL 4.25692 [logdet 1.39096, mahal 1.02808], L1 1.78086, Spectral 0.25015, Gradient 0.41184, Quantile 0.83569) | LR 2.50e-05
2026-06-26 14:26:00,262 INFO Epoch 82 | Batch 550/1186 | Loss 2.87377 (NLL 4.23727 [logdet 1.41543, mahal 0.98396], L1 1.72937, Spectral 0.24570, Gradient 0.40839, Quantile 0.79617) | LR 2.50e-05
2026-06-26 14:26:03,262 INFO Epoch 82 | Batch 600/1186 | Loss 2.88086 (NLL 4.19274 [logdet 1.37634, mahal 0.97853], L1 1.73178, Spectral 0.24763, Gradient 0.40802, Quantile 0.82147) | LR 2.50e-05
2026-06-26 14:26:06,266 INFO Epoch 82 | Batch 650/1186 | Loss 2.90869 (NLL 4.24053 [logdet 1.39817, mahal 1.00448], L1 1.75553, Spectral 0.24644, Gradient 0.41413, Quantile 0.80867) | LR 2.50e-05
2026-06-26 14:26:09,277 INFO Epoch 82 | Batch 700/1186 | Loss 3.03239 (NLL 4.32370 [logdet 1.39687, mahal 1.08895], L1 1.85364, Spectral 0.25165, Gradient 0.42334, Quantile 0.83628) | LR 2.50e-05
2026-06-26 14:26:12,276 INFO Epoch 82 | Batch 750/1186 | Loss 2.98967 (NLL 4.27816 [logdet 1.45696, mahal 0.98332], L1 1.81233, Spectral 0.25152, Gradient 0.42210, Quantile 0.85265) | LR 2.50e-05
2026-06-26 14:26:15,275 INFO Epoch 82 | Batch 800/1186 | Loss 2.96979 (NLL 4.27966 [logdet 1.42483, mahal 1.01696], L1 1.81487, Spectral 0.24738, Gradient 0.41177, Quantile 0.82016) | LR 2.50e-05
2026-06-26 14:26:18,274 INFO Epoch 82 | Batch 850/1186 | Loss 2.96782 (NLL 4.27401 [logdet 1.42798, mahal 1.00816], L1 1.78780, Spectral 0.25205, Gradient 0.42248, Quantile 0.86682) | LR 2.50e-05
2026-06-26 14:26:21,272 INFO Epoch 82 | Batch 900/1186 | Loss 2.95900 (NLL 4.27492 [logdet 1.42432, mahal 1.01272], L1 1.80462, Spectral 0.24732, Gradient 0.41134, Quantile 0.82212) | LR 2.50e-05
2026-06-26 14:26:24,271 INFO Epoch 82 | Batch 950/1186 | Loss 2.88569 (NLL 4.21442 [logdet 1.41198, mahal 0.96456], L1 1.74899, Spectral 0.23997, Gradient 0.41028, Quantile 0.83155) | LR 2.50e-05
2026-06-26 14:26:27,270 INFO Epoch 82 | Batch 1000/1186 | Loss 2.93081 (NLL 4.27220 [logdet 1.40524, mahal 1.02909], L1 1.77372, Spectral 0.24738, Gradient 0.41335, Quantile 0.82859) | LR 2.50e-05
2026-06-26 14:26:30,269 INFO Epoch 82 | Batch 1050/1186 | Loss 2.96743 (NLL 4.26140 [logdet 1.43280, mahal 0.99073], L1 1.79071, Spectral 0.25468, Gradient 0.41818, Quantile 0.82226) | LR 2.50e-05
2026-06-26 14:26:33,268 INFO Epoch 82 | Batch 1100/1186 | Loss 2.82477 (NLL 4.16978 [logdet 1.38872, mahal 0.94318], L1 1.67864, Spectral 0.24822, Gradient 0.40890, Quantile 0.77272) | LR 2.50e-05
2026-06-26 14:26:36,268 INFO Epoch 82 | Batch 1150/1186 | Loss 2.96499 (NLL 4.29171 [logdet 1.36821, mahal 1.08563], L1 1.79015, Spectral 0.25223, Gradient 0.41911, Quantile 0.83837) | LR 2.50e-05
2026-06-26 14:26:43,379 INFO Epoch 82 | Val Loss 2.94716 (NLL 4.27353 [logdet 1.43333, mahal 1.00232], L1 1.77523, Spectral 0.25035, Gradient 0.41561, Quantile 0.89593)
2026-06-26 14:26:46,455 INFO Epoch 83 | Batch 50/1186 | Loss 2.87816 (NLL 4.21628 [logdet 1.43448, mahal 0.94392], L1 1.72631, Spectral 0.24766, Gradient 0.41057, Quantile 0.81431) | LR 2.50e-05
2026-06-26 14:26:49,454 INFO Epoch 83 | Batch 100/1186 | Loss 2.99094 (NLL 4.28914 [logdet 1.42129, mahal 1.02997], L1 1.81965, Spectral 0.25301, Gradient 0.41551, Quantile 0.82281) | LR 2.50e-05
2026-06-26 14:26:52,453 INFO Epoch 83 | Batch 150/1186 | Loss 2.89308 (NLL 4.23547 [logdet 1.40143, mahal 0.99616], L1 1.74001, Spectral 0.25011, Gradient 0.40634, Quantile 0.81247) | LR 2.50e-05
2026-06-26 14:26:55,451 INFO Epoch 83 | Batch 200/1186 | Loss 2.95681 (NLL 4.28452 [logdet 1.41112, mahal 1.03552], L1 1.78934, Spectral 0.24921, Gradient 0.42054, Quantile 0.81383) | LR 2.50e-05
2026-06-26 14:26:58,443 INFO Epoch 83 | Batch 250/1186 | Loss 2.91082 (NLL 4.26196 [logdet 1.42360, mahal 1.00049], L1 1.77778, Spectral 0.24116, Gradient 0.40323, Quantile 0.82824) | LR 2.50e-05
2026-06-26 14:27:01,439 INFO Epoch 83 | Batch 300/1186 | Loss 2.92980 (NLL 4.24589 [logdet 1.39740, mahal 1.01061], L1 1.77079, Spectral 0.24888, Gradient 0.41248, Quantile 0.83306) | LR 2.50e-05
2026-06-26 14:27:04,439 INFO Epoch 83 | Batch 350/1186 | Loss 2.86312 (NLL 4.16957 [logdet 1.39514, mahal 0.93655], L1 1.72457, Spectral 0.24499, Gradient 0.40606, Quantile 0.79721) | LR 2.50e-05
2026-06-26 14:27:07,438 INFO Epoch 83 | Batch 400/1186 | Loss 2.88542 (NLL 4.22670 [logdet 1.38065, mahal 1.00817], L1 1.72796, Spectral 0.25011, Gradient 0.41088, Quantile 0.81174) | LR 2.50e-05
2026-06-26 14:27:10,437 INFO Epoch 83 | Batch 450/1186 | Loss 2.93063 (NLL 4.22261 [logdet 1.39010, mahal 0.99463], L1 1.75724, Spectral 0.25414, Gradient 0.41733, Quantile 0.82052) | LR 2.50e-05
2026-06-26 14:27:13,436 INFO Epoch 83 | Batch 500/1186 | Loss 2.87072 (NLL 4.21228 [logdet 1.37152, mahal 1.00289], L1 1.72044, Spectral 0.24712, Gradient 0.41039, Quantile 0.81319) | LR 2.50e-05
2026-06-26 14:27:16,435 INFO Epoch 83 | Batch 550/1186 | Loss 2.97348 (NLL 4.26900 [logdet 1.36962, mahal 1.06150], L1 1.80298, Spectral 0.25088, Gradient 0.41703, Quantile 0.85334) | LR 2.50e-05
2026-06-26 14:27:19,435 INFO Epoch 83 | Batch 600/1186 | Loss 2.84620 (NLL 4.16727 [logdet 1.37340, mahal 0.95599], L1 1.71553, Spectral 0.24160, Gradient 0.40670, Quantile 0.78335) | LR 2.50e-05
2026-06-26 14:27:22,434 INFO Epoch 83 | Batch 650/1186 | Loss 2.89471 (NLL 4.23626 [logdet 1.38359, mahal 1.01479], L1 1.75088, Spectral 0.24439, Gradient 0.40959, Quantile 0.80719) | LR 2.50e-05
2026-06-26 14:27:25,432 INFO Epoch 83 | Batch 700/1186 | Loss 2.95574 (NLL 4.27415 [logdet 1.40778, mahal 1.02849], L1 1.79118, Spectral 0.24919, Gradient 0.41793, Quantile 0.81542) | LR 2.50e-05
2026-06-26 14:27:28,432 INFO Epoch 83 | Batch 750/1186 | Loss 3.01499 (NLL 4.30339 [logdet 1.43251, mahal 1.03301], L1 1.83520, Spectral 0.25237, Gradient 0.42051, Quantile 0.86951) | LR 2.50e-05
2026-06-26 14:27:31,431 INFO Epoch 83 | Batch 800/1186 | Loss 2.88603 (NLL 4.17744 [logdet 1.41694, mahal 0.92262], L1 1.72628, Spectral 0.25187, Gradient 0.41257, Quantile 0.79275) | LR 2.50e-05
2026-06-26 14:27:34,431 INFO Epoch 83 | Batch 850/1186 | Loss 2.99440 (NLL 4.31915 [logdet 1.42031, mahal 1.06096], L1 1.81733, Spectral 0.25180, Gradient 0.42197, Quantile 0.83114) | LR 2.50e-05
2026-06-26 14:27:37,430 INFO Epoch 83 | Batch 900/1186 | Loss 2.95122 (NLL 4.25915 [logdet 1.40089, mahal 1.02038], L1 1.79706, Spectral 0.24551, Gradient 0.41553, Quantile 0.81947) | LR 2.50e-05
2026-06-26 14:27:40,429 INFO Epoch 83 | Batch 950/1186 | Loss 3.02488 (NLL 4.31507 [logdet 1.44345, mahal 1.03374], L1 1.83877, Spectral 0.25486, Gradient 0.42119, Quantile 0.86933) | LR 2.50e-05
2026-06-26 14:27:43,427 INFO Epoch 83 | Batch 1000/1186 | Loss 2.95061 (NLL 4.23615 [logdet 1.39921, mahal 0.99906], L1 1.76978, Spectral 0.25456, Gradient 0.42322, Quantile 0.82094) | LR 2.50e-05
2026-06-26 14:27:46,427 INFO Epoch 83 | Batch 1050/1186 | Loss 2.97154 (NLL 4.31284 [logdet 1.42132, mahal 1.05365], L1 1.79765, Spectral 0.24844, Gradient 0.42506, Quantile 0.84173) | LR 2.50e-05
2026-06-26 14:27:49,425 INFO Epoch 83 | Batch 1100/1186 | Loss 3.00808 (NLL 4.34030 [logdet 1.45995, mahal 1.04247], L1 1.83710, Spectral 0.25045, Gradient 0.41640, Quantile 0.85245) | LR 2.50e-05
2026-06-26 14:27:52,425 INFO Epoch 83 | Batch 1150/1186 | Loss 2.88886 (NLL 4.25210 [logdet 1.44926, mahal 0.96497], L1 1.74552, Spectral 0.24579, Gradient 0.40490, Quantile 0.81744) | LR 2.50e-05
2026-06-26 14:27:59,527 INFO Epoch 83 | Val Loss 2.94389 (NLL 4.27219 [logdet 1.42078, mahal 1.01354], L1 1.77427, Spectral 0.24994, Gradient 0.41486, Quantile 0.88919)
2026-06-26 14:28:02,603 INFO Epoch 84 | Batch 50/1186 | Loss 2.90328 (NLL 4.24150 [logdet 1.46648, mahal 0.93714], L1 1.74935, Spectral 0.24775, Gradient 0.41275, Quantile 0.80195) | LR 2.50e-05
2026-06-26 14:28:05,602 INFO Epoch 84 | Batch 100/1186 | Loss 2.97959 (NLL 4.30609 [logdet 1.42049, mahal 1.04772], L1 1.80947, Spectral 0.25259, Gradient 0.41396, Quantile 0.83200) | LR 2.50e-05
2026-06-26 14:28:08,601 INFO Epoch 84 | Batch 150/1186 | Loss 2.98652 (NLL 4.30478 [logdet 1.41342, mahal 1.05349], L1 1.81886, Spectral 0.24976, Gradient 0.41560, Quantile 0.85290) | LR 2.50e-05
2026-06-26 14:28:11,600 INFO Epoch 84 | Batch 200/1186 | Loss 2.91069 (NLL 4.22113 [logdet 1.43123, mahal 0.95202], L1 1.75081, Spectral 0.25059, Gradient 0.41317, Quantile 0.80303) | LR 2.50e-05
2026-06-26 14:28:14,600 INFO Epoch 84 | Batch 250/1186 | Loss 2.95256 (NLL 4.23643 [logdet 1.38643, mahal 1.01212], L1 1.77707, Spectral 0.25435, Gradient 0.41808, Quantile 0.82579) | LR 2.50e-05
2026-06-26 14:28:17,599 INFO Epoch 84 | Batch 300/1186 | Loss 2.89756 (NLL 4.21093 [logdet 1.38204, mahal 0.99101], L1 1.74198, Spectral 0.24793, Gradient 0.41427, Quantile 0.80862) | LR 2.50e-05
2026-06-26 14:28:20,597 INFO Epoch 84 | Batch 350/1186 | Loss 2.93620 (NLL 4.25191 [logdet 1.37965, mahal 1.03438], L1 1.78274, Spectral 0.24574, Gradient 0.41403, Quantile 0.82580) | LR 2.50e-05
2026-06-26 14:28:23,596 INFO Epoch 84 | Batch 400/1186 | Loss 2.93088 (NLL 4.23559 [logdet 1.39644, mahal 1.00128], L1 1.74605, Spectral 0.25775, Gradient 0.42056, Quantile 0.82093) | LR 2.50e-05
2026-06-26 14:28:26,596 INFO Epoch 84 | Batch 450/1186 | Loss 2.91386 (NLL 4.27913 [logdet 1.43400, mahal 1.00725], L1 1.76760, Spectral 0.24505, Gradient 0.40823, Quantile 0.81995) | LR 2.50e-05
2026-06-26 14:28:29,595 INFO Epoch 84 | Batch 500/1186 | Loss 2.92722 (NLL 4.26008 [logdet 1.42275, mahal 0.99946], L1 1.75929, Spectral 0.25216, Gradient 0.41658, Quantile 0.80330) | LR 2.50e-05
2026-06-26 14:28:32,594 INFO Epoch 84 | Batch 550/1186 | Loss 2.95735 (NLL 4.27982 [logdet 1.42357, mahal 1.01837], L1 1.79076, Spectral 0.25045, Gradient 0.41532, Quantile 0.83620) | LR 2.50e-05
2026-06-26 14:28:35,593 INFO Epoch 84 | Batch 600/1186 | Loss 2.93817 (NLL 4.24917 [logdet 1.44253, mahal 0.96876], L1 1.79029, Spectral 0.24585, Gradient 0.40753, Quantile 0.83697) | LR 2.50e-05
2026-06-26 14:28:38,592 INFO Epoch 84 | Batch 650/1186 | Loss 3.01210 (NLL 4.30378 [logdet 1.42472, mahal 1.04119], L1 1.84491, Spectral 0.25008, Gradient 0.41410, Quantile 0.85754) | LR 2.50e-05
2026-06-26 14:28:41,592 INFO Epoch 84 | Batch 700/1186 | Loss 2.93070 (NLL 4.23134 [logdet 1.41404, mahal 0.97942], L1 1.75192, Spectral 0.25489, Gradient 0.41976, Quantile 0.83172) | LR 2.50e-05
2026-06-26 14:28:44,585 INFO Epoch 84 | Batch 750/1186 | Loss 2.93832 (NLL 4.23772 [logdet 1.41664, mahal 0.98320], L1 1.77149, Spectral 0.25011, Gradient 0.41833, Quantile 0.82630) | LR 2.50e-05
2026-06-26 14:28:47,576 INFO Epoch 84 | Batch 800/1186 | Loss 2.91954 (NLL 4.23902 [logdet 1.39815, mahal 1.00299], L1 1.75338, Spectral 0.24930, Gradient 0.42141, Quantile 0.80244) | LR 2.50e-05
2026-06-26 14:28:50,576 INFO Epoch 84 | Batch 850/1186 | Loss 2.86411 (NLL 4.20799 [logdet 1.35254, mahal 1.01757], L1 1.72943, Spectral 0.24269, Gradient 0.40528, Quantile 0.80492) | LR 2.50e-05
2026-06-26 14:28:53,577 INFO Epoch 84 | Batch 900/1186 | Loss 2.98432 (NLL 4.30570 [logdet 1.40000, mahal 1.06783], L1 1.81485, Spectral 0.25102, Gradient 0.41524, Quantile 0.84700) | LR 2.50e-05
2026-06-26 14:28:56,585 INFO Epoch 84 | Batch 950/1186 | Loss 2.93239 (NLL 4.25094 [logdet 1.43574, mahal 0.97733], L1 1.77340, Spectral 0.24869, Gradient 0.41460, Quantile 0.81143) | LR 2.50e-05
2026-06-26 14:28:59,585 INFO Epoch 84 | Batch 1000/1186 | Loss 2.99356 (NLL 4.31508 [logdet 1.41243, mahal 1.06477], L1 1.83832, Spectral 0.24283, Gradient 0.41596, Quantile 0.87060) | LR 2.50e-05
2026-06-26 14:29:02,584 INFO Epoch 84 | Batch 1050/1186 | Loss 2.88776 (NLL 4.21782 [logdet 1.43820, mahal 0.94174], L1 1.74055, Spectral 0.24627, Gradient 0.40964, Quantile 0.80615) | LR 2.50e-05
2026-06-26 14:29:05,583 INFO Epoch 84 | Batch 1100/1186 | Loss 2.88889 (NLL 4.23595 [logdet 1.43807, mahal 0.96001], L1 1.74669, Spectral 0.24380, Gradient 0.40896, Quantile 0.81041) | LR 2.50e-05
2026-06-26 14:29:08,582 INFO Epoch 84 | Batch 1150/1186 | Loss 2.93401 (NLL 4.21835 [logdet 1.38259, mahal 0.99788], L1 1.75915, Spectral 0.25335, Gradient 0.42072, Quantile 0.81815) | LR 2.50e-05
2026-06-26 14:29:15,670 INFO Epoch 84 | Val Loss 2.94220 (NLL 4.27382 [logdet 1.39738, mahal 1.03857], L1 1.77715, Spectral 0.24967, Gradient 0.41461, Quantile 0.84763)
2026-06-26 14:29:18,740 INFO Epoch 85 | Batch 50/1186 | Loss 2.96939 (NLL 4.25886 [logdet 1.40585, mahal 1.01513], L1 1.78581, Spectral 0.25626, Gradient 0.42216, Quantile 0.81613) | LR 2.50e-05
2026-06-26 14:29:21,739 INFO Epoch 85 | Batch 100/1186 | Loss 2.91517 (NLL 4.22943 [logdet 1.40196, mahal 0.98959], L1 1.75721, Spectral 0.24896, Gradient 0.41428, Quantile 0.80459) | LR 2.50e-05
2026-06-26 14:29:24,747 INFO Epoch 85 | Batch 150/1186 | Loss 2.98913 (NLL 4.30115 [logdet 1.42422, mahal 1.03905], L1 1.80245, Spectral 0.25458, Gradient 0.42535, Quantile 0.83938) | LR 2.50e-05
2026-06-26 14:29:27,757 INFO Epoch 85 | Batch 200/1186 | Loss 2.89777 (NLL 4.23778 [logdet 1.39498, mahal 1.00493], L1 1.74261, Spectral 0.24780, Gradient 0.41268, Quantile 0.81641) | LR 2.50e-05
2026-06-26 14:29:30,762 INFO Epoch 85 | Batch 250/1186 | Loss 2.93571 (NLL 4.25966 [logdet 1.42479, mahal 0.99699], L1 1.78796, Spectral 0.24680, Gradient 0.40641, Quantile 0.82255) | LR 2.50e-05
2026-06-26 14:29:33,771 INFO Epoch 85 | Batch 300/1186 | Loss 2.85959 (NLL 4.20028 [logdet 1.38258, mahal 0.97982], L1 1.71823, Spectral 0.24520, Gradient 0.40840, Quantile 0.78659) | LR 2.50e-05
2026-06-26 14:29:36,772 INFO Epoch 85 | Batch 350/1186 | Loss 2.95391 (NLL 4.22504 [logdet 1.40502, mahal 0.98213], L1 1.76758, Spectral 0.25826, Gradient 0.42099, Quantile 0.82410) | LR 2.50e-05
2026-06-26 14:29:39,771 INFO Epoch 85 | Batch 400/1186 | Loss 2.95254 (NLL 4.25867 [logdet 1.36314, mahal 1.05765], L1 1.79638, Spectral 0.24784, Gradient 0.41154, Quantile 0.83254) | LR 2.50e-05
2026-06-26 14:29:42,770 INFO Epoch 85 | Batch 450/1186 | Loss 2.90411 (NLL 4.26334 [logdet 1.36343, mahal 1.06203], L1 1.76157, Spectral 0.24407, Gradient 0.40775, Quantile 0.81259) | LR 2.50e-05
2026-06-26 14:29:45,769 INFO Epoch 85 | Batch 500/1186 | Loss 2.91192 (NLL 4.23970 [logdet 1.40846, mahal 0.99336], L1 1.76128, Spectral 0.24661, Gradient 0.41010, Quantile 0.82317) | LR 2.50e-05
2026-06-26 14:29:48,767 INFO Epoch 85 | Batch 550/1186 | Loss 2.94643 (NLL 4.24134 [logdet 1.44298, mahal 0.96049], L1 1.77752, Spectral 0.25227, Gradient 0.41713, Quantile 0.81133) | LR 2.50e-05
2026-06-26 14:29:51,767 INFO Epoch 85 | Batch 600/1186 | Loss 2.93772 (NLL 4.26525 [logdet 1.39456, mahal 1.03281], L1 1.78528, Spectral 0.24709, Gradient 0.40975, Quantile 0.82744) | LR 2.50e-05
2026-06-26 14:29:54,766 INFO Epoch 85 | Batch 650/1186 | Loss 3.00246 (NLL 4.34588 [logdet 1.44512, mahal 1.06288], L1 1.83233, Spectral 0.24941, Gradient 0.41774, Quantile 0.85009) | LR 2.50e-05
2026-06-26 14:29:57,764 INFO Epoch 85 | Batch 700/1186 | Loss 2.88559 (NLL 4.19204 [logdet 1.39442, mahal 0.95975], L1 1.73147, Spectral 0.24812, Gradient 0.41353, Quantile 0.80289) | LR 2.50e-05
2026-06-26 14:30:00,765 INFO Epoch 85 | Batch 750/1186 | Loss 2.99887 (NLL 4.32420 [logdet 1.42517, mahal 1.06115], L1 1.81397, Spectral 0.25436, Gradient 0.42291, Quantile 0.84520) | LR 2.50e-05
2026-06-26 14:30:03,763 INFO Epoch 85 | Batch 800/1186 | Loss 2.94551 (NLL 4.25392 [logdet 1.44038, mahal 0.97567], L1 1.77101, Spectral 0.25372, Gradient 0.41759, Quantile 0.82939) | LR 2.50e-05
2026-06-26 14:30:06,758 INFO Epoch 85 | Batch 850/1186 | Loss 2.88665 (NLL 4.19241 [logdet 1.43185, mahal 0.92268], L1 1.72942, Spectral 0.24852, Gradient 0.41463, Quantile 0.81509) | LR 2.50e-05
2026-06-26 14:30:09,740 INFO Epoch 85 | Batch 900/1186 | Loss 2.96248 (NLL 4.26173 [logdet 1.37553, mahal 1.04832], L1 1.79217, Spectral 0.25148, Gradient 0.41742, Quantile 0.83518) | LR 2.50e-05
2026-06-26 14:30:12,721 INFO Epoch 85 | Batch 950/1186 | Loss 2.89705 (NLL 4.21259 [logdet 1.37567, mahal 0.99903], L1 1.73924, Spectral 0.24770, Gradient 0.41631, Quantile 0.81484) | LR 2.50e-05
2026-06-26 14:30:15,703 INFO Epoch 85 | Batch 1000/1186 | Loss 2.97746 (NLL 4.33624 [logdet 1.41502, mahal 1.08335], L1 1.81977, Spectral 0.24418, Gradient 0.41697, Quantile 0.84755) | LR 2.50e-05
2026-06-26 14:30:18,685 INFO Epoch 85 | Batch 1050/1186 | Loss 2.97546 (NLL 4.30233 [logdet 1.44254, mahal 1.02192], L1 1.82401, Spectral 0.24681, Gradient 0.40884, Quantile 0.82138) | LR 2.50e-05
2026-06-26 14:30:21,668 INFO Epoch 85 | Batch 1100/1186 | Loss 2.96033 (NLL 4.27513 [logdet 1.47886, mahal 0.95839], L1 1.80217, Spectral 0.24680, Gradient 0.41091, Quantile 0.88062) | LR 2.50e-05
2026-06-26 14:30:24,649 INFO Epoch 85 | Batch 1150/1186 | Loss 2.88229 (NLL 4.21030 [logdet 1.42588, mahal 0.94655], L1 1.73341, Spectral 0.24686, Gradient 0.41130, Quantile 0.79421) | LR 2.50e-05
2026-06-26 14:30:31,729 INFO Epoch 85 | Val Loss 2.94109 (NLL 4.27494 [logdet 1.35827, mahal 1.07880], L1 1.77306, Spectral 0.25017, Gradient 0.41514, Quantile 0.86214)
2026-06-26 14:30:34,737 INFO Epoch 86 | Batch 50/1186 | Loss 2.92331 (NLL 4.22179 [logdet 1.41374, mahal 0.97017], L1 1.77306, Spectral 0.24765, Gradient 0.40984, Quantile 0.80350) | LR 2.50e-05
2026-06-26 14:30:37,669 INFO Epoch 86 | Batch 100/1186 | Loss 2.99946 (NLL 4.28969 [logdet 1.38039, mahal 1.07143], L1 1.81903, Spectral 0.25425, Gradient 0.41961, Quantile 0.84735) | LR 2.50e-05
2026-06-26 14:30:40,602 INFO Epoch 86 | Batch 150/1186 | Loss 2.88071 (NLL 4.20543 [logdet 1.42236, mahal 0.94519], L1 1.71943, Spectral 0.25165, Gradient 0.41248, Quantile 0.80659) | LR 2.50e-05
2026-06-26 14:30:43,537 INFO Epoch 86 | Batch 200/1186 | Loss 2.93721 (NLL 4.25197 [logdet 1.40768, mahal 1.00641], L1 1.75759, Spectral 0.25626, Gradient 0.41967, Quantile 0.80319) | LR 2.50e-05
2026-06-26 14:30:46,467 INFO Epoch 86 | Batch 250/1186 | Loss 3.00665 (NLL 4.28226 [logdet 1.41487, mahal 1.02951], L1 1.81470, Spectral 0.25609, Gradient 0.42620, Quantile 0.85835) | LR 2.50e-05
2026-06-26 14:30:49,398 INFO Epoch 86 | Batch 300/1186 | Loss 2.94349 (NLL 4.26691 [logdet 1.39478, mahal 1.03425], L1 1.78633, Spectral 0.24861, Gradient 0.41287, Quantile 0.80774) | LR 2.50e-05
2026-06-26 14:30:52,333 INFO Epoch 86 | Batch 350/1186 | Loss 2.97905 (NLL 4.29857 [logdet 1.40046, mahal 1.06023], L1 1.81338, Spectral 0.24929, Gradient 0.41503, Quantile 0.85038) | LR 2.50e-05
2026-06-26 14:30:55,263 INFO Epoch 86 | Batch 400/1186 | Loss 2.90806 (NLL 4.23697 [logdet 1.40360, mahal 0.99549], L1 1.74878, Spectral 0.24963, Gradient 0.41167, Quantile 0.83063) | LR 2.50e-05
2026-06-26 14:30:58,197 INFO Epoch 86 | Batch 450/1186 | Loss 2.97268 (NLL 4.29969 [logdet 1.41445, mahal 1.04737], L1 1.80283, Spectral 0.25000, Gradient 0.41904, Quantile 0.83381) | LR 2.50e-05
2026-06-26 14:31:01,130 INFO Epoch 86 | Batch 500/1186 | Loss 2.96531 (NLL 4.26910 [logdet 1.42286, mahal 1.00836], L1 1.80018, Spectral 0.25083, Gradient 0.41676, Quantile 0.79846) | LR 2.50e-05
2026-06-26 14:31:04,059 INFO Epoch 86 | Batch 550/1186 | Loss 2.89630 (NLL 4.23768 [logdet 1.37998, mahal 1.01982], L1 1.76182, Spectral 0.24051, Gradient 0.40563, Quantile 0.83983) | LR 2.50e-05
2026-06-26 14:31:06,994 INFO Epoch 86 | Batch 600/1186 | Loss 2.96880 (NLL 4.29497 [logdet 1.42466, mahal 1.03243], L1 1.80047, Spectral 0.25109, Gradient 0.41415, Quantile 0.84874) | LR 2.50e-05
2026-06-26 14:31:09,926 INFO Epoch 86 | Batch 650/1186 | Loss 2.89271 (NLL 4.25468 [logdet 1.44124, mahal 0.97556], L1 1.75459, Spectral 0.24224, Gradient 0.40840, Quantile 0.80234) | LR 2.50e-05
2026-06-26 14:31:12,859 INFO Epoch 86 | Batch 700/1186 | Loss 2.88348 (NLL 4.19661 [logdet 1.41399, mahal 0.94475], L1 1.71618, Spectral 0.25130, Gradient 0.41743, Quantile 0.82748) | LR 2.50e-05
2026-06-26 14:31:15,793 INFO Epoch 86 | Batch 750/1186 | Loss 2.88211 (NLL 4.20510 [logdet 1.38746, mahal 0.97977], L1 1.73448, Spectral 0.24565, Gradient 0.41195, Quantile 0.80295) | LR 2.50e-05
2026-06-26 14:31:18,726 INFO Epoch 86 | Batch 800/1186 | Loss 2.98660 (NLL 4.29774 [logdet 1.40508, mahal 1.05479], L1 1.81721, Spectral 0.24946, Gradient 0.41881, Quantile 0.84460) | LR 2.50e-05
2026-06-26 14:31:21,657 INFO Epoch 86 | Batch 850/1186 | Loss 2.91942 (NLL 4.22439 [logdet 1.45934, mahal 0.92717], L1 1.76161, Spectral 0.24915, Gradient 0.41373, Quantile 0.80647) | LR 2.50e-05
2026-06-26 14:31:24,587 INFO Epoch 86 | Batch 900/1186 | Loss 2.89856 (NLL 4.23302 [logdet 1.37497, mahal 1.02017], L1 1.74379, Spectral 0.24863, Gradient 0.41267, Quantile 0.79432) | LR 2.50e-05
2026-06-26 14:31:27,600 INFO Epoch 86 | Batch 950/1186 | Loss 2.95814 (NLL 4.27792 [logdet 1.39880, mahal 1.04124], L1 1.79342, Spectral 0.24895, Gradient 0.41729, Quantile 0.82905) | LR 2.50e-05
2026-06-26 14:31:30,608 INFO Epoch 86 | Batch 1000/1186 | Loss 2.93970 (NLL 4.25882 [logdet 1.44059, mahal 0.98035], L1 1.78422, Spectral 0.24695, Gradient 0.41237, Quantile 0.83623) | LR 2.50e-05
2026-06-26 14:31:33,618 INFO Epoch 86 | Batch 1050/1186 | Loss 2.92544 (NLL 4.23680 [logdet 1.40717, mahal 0.99175], L1 1.76291, Spectral 0.24997, Gradient 0.41567, Quantile 0.81317) | LR 2.50e-05
2026-06-26 14:31:36,630 INFO Epoch 86 | Batch 1100/1186 | Loss 2.95452 (NLL 4.25989 [logdet 1.40528, mahal 1.01673], L1 1.78641, Spectral 0.25065, Gradient 0.41462, Quantile 0.86276) | LR 2.50e-05
2026-06-26 14:31:39,641 INFO Epoch 86 | Batch 1150/1186 | Loss 2.87344 (NLL 4.23568 [logdet 1.34401, mahal 1.05379], L1 1.73759, Spectral 0.24422, Gradient 0.40279, Quantile 0.80123) | LR 2.50e-05
2026-06-26 14:31:46,762 INFO Epoch 86 | Val Loss 2.94361 (NLL 4.27542 [logdet 1.41129, mahal 1.02625], L1 1.77394, Spectral 0.24981, Gradient 0.41512, Quantile 0.88869)
2026-06-26 14:31:49,832 INFO Epoch 87 | Batch 50/1186 | Loss 2.90655 (NLL 4.24011 [logdet 1.40763, mahal 0.99460], L1 1.77491, Spectral 0.23929, Gradient 0.40606, Quantile 0.83138) | LR 2.50e-05
2026-06-26 14:31:52,834 INFO Epoch 87 | Batch 100/1186 | Loss 2.88001 (NLL 4.26484 [logdet 1.42355, mahal 1.00341], L1 1.74855, Spectral 0.24263, Gradient 0.40103, Quantile 0.80074) | LR 2.50e-05
2026-06-26 14:31:55,847 INFO Epoch 87 | Batch 150/1186 | Loss 2.93804 (NLL 4.27444 [logdet 1.40291, mahal 1.03366], L1 1.80079, Spectral 0.24269, Gradient 0.40275, Quantile 0.83999) | LR 2.50e-05
2026-06-26 14:31:58,854 INFO Epoch 87 | Batch 200/1186 | Loss 3.03745 (NLL 4.30213 [logdet 1.45710, mahal 1.00716], L1 1.83332, Spectral 0.26003, Gradient 0.42931, Quantile 0.85839) | LR 2.50e-05
2026-06-26 14:32:01,869 INFO Epoch 87 | Batch 250/1186 | Loss 2.90862 (NLL 4.25326 [logdet 1.43992, mahal 0.97546], L1 1.75254, Spectral 0.24924, Gradient 0.41065, Quantile 0.81098) | LR 2.50e-05
2026-06-26 14:32:04,876 INFO Epoch 87 | Batch 300/1186 | Loss 2.87282 (NLL 4.18996 [logdet 1.41595, mahal 0.93613], L1 1.71961, Spectral 0.24762, Gradient 0.41344, Quantile 0.80628) | LR 2.50e-05
2026-06-26 14:32:07,886 INFO Epoch 87 | Batch 350/1186 | Loss 3.02068 (NLL 4.31536 [logdet 1.45043, mahal 1.02705], L1 1.82315, Spectral 0.25828, Gradient 0.42669, Quantile 0.85237) | LR 2.50e-05
2026-06-26 14:32:10,895 INFO Epoch 87 | Batch 400/1186 | Loss 2.97153 (NLL 4.29915 [logdet 1.42799, mahal 1.03328], L1 1.81523, Spectral 0.24732, Gradient 0.41217, Quantile 0.82589) | LR 2.50e-05
2026-06-26 14:32:13,905 INFO Epoch 87 | Batch 450/1186 | Loss 2.89677 (NLL 4.23154 [logdet 1.41586, mahal 0.97781], L1 1.75708, Spectral 0.24428, Gradient 0.40446, Quantile 0.82419) | LR 2.50e-05
2026-06-26 14:32:16,914 INFO Epoch 87 | Batch 500/1186 | Loss 2.91796 (NLL 4.25607 [logdet 1.39844, mahal 1.01975], L1 1.75126, Spectral 0.25161, Gradient 0.41720, Quantile 0.79676) | LR 2.50e-05
2026-06-26 14:32:19,923 INFO Epoch 87 | Batch 550/1186 | Loss 2.98403 (NLL 4.26562 [logdet 1.42990, mahal 0.99785], L1 1.79896, Spectral 0.25542, Gradient 0.42266, Quantile 0.84427) | LR 2.50e-05
2026-06-26 14:32:22,932 INFO Epoch 87 | Batch 600/1186 | Loss 2.95666 (NLL 4.27551 [logdet 1.41581, mahal 1.02183], L1 1.79392, Spectral 0.24838, Gradient 0.41633, Quantile 0.83234) | LR 2.50e-05
2026-06-26 14:32:25,945 INFO Epoch 87 | Batch 650/1186 | Loss 2.88306 (NLL 4.21904 [logdet 1.37606, mahal 1.00510], L1 1.73751, Spectral 0.24505, Gradient 0.41067, Quantile 0.80420) | LR 2.50e-05
2026-06-26 14:32:28,953 INFO Epoch 87 | Batch 700/1186 | Loss 2.89482 (NLL 4.18435 [logdet 1.36416, mahal 0.98232], L1 1.72717, Spectral 0.25198, Gradient 0.41753, Quantile 0.81834) | LR 2.50e-05
2026-06-26 14:32:31,958 INFO Epoch 87 | Batch 750/1186 | Loss 2.96392 (NLL 4.30064 [logdet 1.41460, mahal 1.04816], L1 1.80379, Spectral 0.24692, Gradient 0.41665, Quantile 0.82556) | LR 2.50e-05
2026-06-26 14:32:34,964 INFO Epoch 87 | Batch 800/1186 | Loss 2.89511 (NLL 4.19509 [logdet 1.40259, mahal 0.95463], L1 1.73307, Spectral 0.24912, Gradient 0.41863, Quantile 0.80745) | LR 2.50e-05
2026-06-26 14:32:37,976 INFO Epoch 87 | Batch 850/1186 | Loss 2.98793 (NLL 4.30471 [logdet 1.40349, mahal 1.06334], L1 1.83052, Spectral 0.24453, Gradient 0.41577, Quantile 0.86028) | LR 2.50e-05
2026-06-26 14:32:40,979 INFO Epoch 87 | Batch 900/1186 | Loss 2.89926 (NLL 4.22364 [logdet 1.40181, mahal 0.98395], L1 1.73976, Spectral 0.25058, Gradient 0.41213, Quantile 0.80997) | LR 2.50e-05
2026-06-26 14:32:43,990 INFO Epoch 87 | Batch 950/1186 | Loss 2.86002 (NLL 4.16809 [logdet 1.37376, mahal 0.95645], L1 1.71488, Spectral 0.24824, Gradient 0.40616, Quantile 0.79303) | LR 2.50e-05
2026-06-26 14:32:46,993 INFO Epoch 87 | Batch 1000/1186 | Loss 2.88170 (NLL 4.21742 [logdet 1.40354, mahal 0.97601], L1 1.72056, Spectral 0.24894, Gradient 0.41932, Quantile 0.78652) | LR 2.50e-05
2026-06-26 14:32:49,993 INFO Epoch 87 | Batch 1050/1186 | Loss 2.94900 (NLL 4.24957 [logdet 1.42023, mahal 0.99146], L1 1.78356, Spectral 0.25074, Gradient 0.41297, Quantile 0.85346) | LR 2.50e-05
2026-06-26 14:32:53,002 INFO Epoch 87 | Batch 1100/1186 | Loss 2.98183 (NLL 4.30944 [logdet 1.36285, mahal 1.10872], L1 1.81170, Spectral 0.25114, Gradient 0.41651, Quantile 0.83585) | LR 2.50e-05
2026-06-26 14:32:56,012 INFO Epoch 87 | Batch 1150/1186 | Loss 2.97839 (NLL 4.28105 [logdet 1.41537, mahal 1.02780], L1 1.80582, Spectral 0.25083, Gradient 0.41844, Quantile 0.85713) | LR 2.50e-05
2026-06-26 14:33:03,128 INFO Epoch 87 | Val Loss 2.95068 (NLL 4.27613 [logdet 1.41601, mahal 1.02224], L1 1.77821, Spectral 0.25026, Gradient 0.41541, Quantile 0.90552)
2026-06-26 14:33:06,215 INFO Epoch 88 | Batch 50/1186 | Loss 2.95756 (NLL 4.25787 [logdet 1.42971, mahal 0.99028], L1 1.79480, Spectral 0.25087, Gradient 0.41218, Quantile 0.82732) | LR 2.50e-05
2026-06-26 14:33:09,232 INFO Epoch 88 | Batch 100/1186 | Loss 2.94993 (NLL 4.26113 [logdet 1.41342, mahal 1.00983], L1 1.80547, Spectral 0.24215, Gradient 0.41019, Quantile 0.85165) | LR 2.50e-05
2026-06-26 14:33:12,248 INFO Epoch 88 | Batch 150/1186 | Loss 2.91150 (NLL 4.25370 [logdet 1.43929, mahal 0.97653], L1 1.75847, Spectral 0.24618, Gradient 0.41399, Quantile 0.81088) | LR 2.50e-05
2026-06-26 14:33:15,265 INFO Epoch 88 | Batch 200/1186 | Loss 2.83232 (NLL 4.18862 [logdet 1.41900, mahal 0.93175], L1 1.69868, Spectral 0.24425, Gradient 0.40255, Quantile 0.79425) | LR 2.50e-05
2026-06-26 14:33:18,280 INFO Epoch 88 | Batch 250/1186 | Loss 2.96056 (NLL 4.26837 [logdet 1.39896, mahal 1.03153], L1 1.78495, Spectral 0.25315, Gradient 0.41786, Quantile 0.84702) | LR 2.50e-05
2026-06-26 14:33:21,297 INFO Epoch 88 | Batch 300/1186 | Loss 3.02688 (NLL 4.35630 [logdet 1.39215, mahal 1.12627], L1 1.85479, Spectral 0.24882, Gradient 0.42150, Quantile 0.83932) | LR 2.50e-05
2026-06-26 14:33:24,314 INFO Epoch 88 | Batch 350/1186 | Loss 2.90455 (NLL 4.23632 [logdet 1.42225, mahal 0.97619], L1 1.74046, Spectral 0.25222, Gradient 0.41219, Quantile 0.81737) | LR 2.50e-05
2026-06-26 14:33:27,328 INFO Epoch 88 | Batch 400/1186 | Loss 2.90543 (NLL 4.23038 [logdet 1.43488, mahal 0.95763], L1 1.73691, Spectral 0.25232, Gradient 0.41704, Quantile 0.81037) | LR 2.50e-05
2026-06-26 14:33:30,343 INFO Epoch 88 | Batch 450/1186 | Loss 2.99494 (NLL 4.28572 [logdet 1.42392, mahal 1.02392], L1 1.81892, Spectral 0.25228, Gradient 0.42091, Quantile 0.83145) | LR 2.50e-05
2026-06-26 14:33:33,357 INFO Epoch 88 | Batch 500/1186 | Loss 2.95122 (NLL 4.25021 [logdet 1.38777, mahal 1.02456], L1 1.77735, Spectral 0.25268, Gradient 0.42069, Quantile 0.81264) | LR 2.50e-05
2026-06-26 14:33:36,366 INFO Epoch 88 | Batch 550/1186 | Loss 2.94625 (NLL 4.25954 [logdet 1.41903, mahal 1.00263], L1 1.77947, Spectral 0.24935, Gradient 0.41954, Quantile 0.82256) | LR 2.50e-05
2026-06-26 14:33:39,378 INFO Epoch 88 | Batch 600/1186 | Loss 2.95511 (NLL 4.27512 [logdet 1.41769, mahal 1.01955], L1 1.78023, Spectral 0.25358, Gradient 0.42043, Quantile 0.79770) | LR 2.50e-05
2026-06-26 14:33:42,391 INFO Epoch 88 | Batch 650/1186 | Loss 2.94375 (NLL 4.24062 [logdet 1.37931, mahal 1.02343], L1 1.77405, Spectral 0.25016, Gradient 0.41938, Quantile 0.84386) | LR 2.50e-05
2026-06-26 14:33:45,402 INFO Epoch 88 | Batch 700/1186 | Loss 2.92321 (NLL 4.25618 [logdet 1.39644, mahal 1.02186], L1 1.76543, Spectral 0.24916, Gradient 0.41095, Quantile 0.82703) | LR 2.50e-05
2026-06-26 14:33:48,415 INFO Epoch 88 | Batch 750/1186 | Loss 2.93628 (NLL 4.26094 [logdet 1.42493, mahal 0.99813], L1 1.78533, Spectral 0.24512, Gradient 0.41088, Quantile 0.84567) | LR 2.50e-05
2026-06-26 14:33:51,428 INFO Epoch 88 | Batch 800/1186 | Loss 2.94661 (NLL 4.25137 [logdet 1.43782, mahal 0.97567], L1 1.78670, Spectral 0.24766, Gradient 0.41704, Quantile 0.81772) | LR 2.50e-05
2026-06-26 14:33:54,439 INFO Epoch 88 | Batch 850/1186 | Loss 2.93335 (NLL 4.26115 [logdet 1.42145, mahal 1.00183], L1 1.76792, Spectral 0.25120, Gradient 0.41376, Quantile 0.82992) | LR 2.50e-05
2026-06-26 14:33:57,453 INFO Epoch 88 | Batch 900/1186 | Loss 2.93143 (NLL 4.24361 [logdet 1.40492, mahal 1.00081], L1 1.77592, Spectral 0.24859, Gradient 0.41169, Quantile 0.81108) | LR 2.50e-05
2026-06-26 14:34:00,464 INFO Epoch 88 | Batch 950/1186 | Loss 2.94931 (NLL 4.25212 [logdet 1.41318, mahal 1.00106], L1 1.78577, Spectral 0.25080, Gradient 0.41383, Quantile 0.82066) | LR 2.50e-05
2026-06-26 14:34:03,475 INFO Epoch 88 | Batch 1000/1186 | Loss 2.97486 (NLL 4.29029 [logdet 1.41579, mahal 1.03662], L1 1.81529, Spectral 0.24848, Gradient 0.41132, Quantile 0.84720) | LR 2.50e-05
2026-06-26 14:34:06,486 INFO Epoch 88 | Batch 1050/1186 | Loss 2.94109 (NLL 4.26629 [logdet 1.44118, mahal 0.98723], L1 1.77898, Spectral 0.25017, Gradient 0.41160, Quantile 0.84042) | LR 2.50e-05
2026-06-26 14:34:09,493 INFO Epoch 88 | Batch 1100/1186 | Loss 2.89713 (NLL 4.24411 [logdet 1.39137, mahal 1.01486], L1 1.74995, Spectral 0.24344, Gradient 0.41319, Quantile 0.82261) | LR 2.50e-05
2026-06-26 14:34:12,505 INFO Epoch 88 | Batch 1150/1186 | Loss 2.81657 (NLL 4.15368 [logdet 1.38748, mahal 0.92832], L1 1.68180, Spectral 0.24500, Gradient 0.40545, Quantile 0.76780) | LR 2.50e-05
2026-06-26 14:34:19,629 INFO Epoch 88 | Val Loss 2.94575 (NLL 4.28008 [logdet 1.33680, mahal 1.10540], L1 1.77466, Spectral 0.24993, Gradient 0.41505, Quantile 0.90077)
2026-06-26 14:34:22,704 INFO Epoch 89 | Batch 50/1186 | Loss 2.89137 (NLL 4.23972 [logdet 1.36028, mahal 1.04156], L1 1.76271, Spectral 0.23914, Gradient 0.40530, Quantile 0.81088) | LR 2.50e-05
2026-06-26 14:34:25,712 INFO Epoch 89 | Batch 100/1186 | Loss 2.85829 (NLL 4.19773 [logdet 1.38264, mahal 0.97722], L1 1.70783, Spectral 0.24898, Gradient 0.40795, Quantile 0.80417) | LR 2.50e-05
2026-06-26 14:34:28,711 INFO Epoch 89 | Batch 150/1186 | Loss 2.88679 (NLL 4.20435 [logdet 1.39097, mahal 0.97550], L1 1.74065, Spectral 0.24534, Gradient 0.40979, Quantile 0.81866) | LR 2.50e-05
2026-06-26 14:34:31,710 INFO Epoch 89 | Batch 200/1186 | Loss 2.95116 (NLL 4.28024 [logdet 1.39632, mahal 1.04604], L1 1.79079, Spectral 0.24797, Gradient 0.41471, Quantile 0.83272) | LR 2.50e-05
2026-06-26 14:34:34,709 INFO Epoch 89 | Batch 250/1186 | Loss 2.90999 (NLL 4.24663 [logdet 1.39165, mahal 1.01710], L1 1.75340, Spectral 0.24887, Gradient 0.41108, Quantile 0.82248) | LR 2.50e-05
2026-06-26 14:34:37,708 INFO Epoch 89 | Batch 300/1186 | Loss 2.93954 (NLL 4.26862 [logdet 1.41287, mahal 1.01787], L1 1.78368, Spectral 0.24782, Gradient 0.41486, Quantile 0.78878) | LR 2.50e-05
2026-06-26 14:34:40,705 INFO Epoch 89 | Batch 350/1186 | Loss 2.93964 (NLL 4.23233 [logdet 1.41359, mahal 0.98086], L1 1.77281, Spectral 0.25121, Gradient 0.41577, Quantile 0.83152) | LR 2.50e-05
2026-06-26 14:34:43,704 INFO Epoch 89 | Batch 400/1186 | Loss 2.92669 (NLL 4.23343 [logdet 1.39720, mahal 0.99835], L1 1.77245, Spectral 0.24729, Gradient 0.41292, Quantile 0.81689) | LR 2.50e-05
2026-06-26 14:34:46,699 INFO Epoch 89 | Batch 450/1186 | Loss 2.96153 (NLL 4.26867 [logdet 1.41037, mahal 1.02043], L1 1.77756, Spectral 0.25705, Gradient 0.42027, Quantile 0.82037) | LR 2.50e-05
2026-06-26 14:34:49,698 INFO Epoch 89 | Batch 500/1186 | Loss 3.00521 (NLL 4.29725 [logdet 1.44227, mahal 1.01711], L1 1.81634, Spectral 0.25455, Gradient 0.42527, Quantile 0.86642) | LR 2.50e-05
2026-06-26 14:34:52,693 INFO Epoch 89 | Batch 550/1186 | Loss 2.93321 (NLL 4.24959 [logdet 1.38874, mahal 1.02296], L1 1.78403, Spectral 0.24476, Gradient 0.41312, Quantile 0.81276) | LR 2.50e-05
2026-06-26 14:34:55,692 INFO Epoch 89 | Batch 600/1186 | Loss 2.90004 (NLL 4.23083 [logdet 1.37619, mahal 1.01677], L1 1.74516, Spectral 0.24834, Gradient 0.41112, Quantile 0.82091) | LR 2.50e-05
2026-06-26 14:34:58,689 INFO Epoch 89 | Batch 650/1186 | Loss 2.92720 (NLL 4.26377 [logdet 1.38405, mahal 1.04185], L1 1.78200, Spectral 0.24372, Gradient 0.41002, Quantile 0.82412) | LR 2.50e-05
2026-06-26 14:35:01,690 INFO Epoch 89 | Batch 700/1186 | Loss 3.01880 (NLL 4.29480 [logdet 1.43626, mahal 1.02066], L1 1.83540, Spectral 0.25367, Gradient 0.42437, Quantile 0.83777) | LR 2.50e-05
2026-06-26 14:35:04,689 INFO Epoch 89 | Batch 750/1186 | Loss 2.94411 (NLL 4.26980 [logdet 1.40971, mahal 1.02221], L1 1.78035, Spectral 0.24884, Gradient 0.41632, Quantile 0.83464) | LR 2.50e-05
2026-06-26 14:35:07,688 INFO Epoch 89 | Batch 800/1186 | Loss 2.95685 (NLL 4.25464 [logdet 1.44568, mahal 0.97109], L1 1.77882, Spectral 0.25354, Gradient 0.41988, Quantile 0.84617) | LR 2.50e-05
2026-06-26 14:35:10,686 INFO Epoch 89 | Batch 850/1186 | Loss 2.97821 (NLL 4.27616 [logdet 1.43402, mahal 1.00426], L1 1.81116, Spectral 0.25015, Gradient 0.41609, Quantile 0.84072) | LR 2.50e-05
2026-06-26 14:35:13,685 INFO Epoch 89 | Batch 900/1186 | Loss 2.98774 (NLL 4.27375 [logdet 1.43542, mahal 1.00045], L1 1.80814, Spectral 0.25472, Gradient 0.41920, Quantile 0.83737) | LR 2.50e-05
2026-06-26 14:35:16,684 INFO Epoch 89 | Batch 950/1186 | Loss 2.82696 (NLL 4.16090 [logdet 1.37717, mahal 0.94586], L1 1.68302, Spectral 0.24772, Gradient 0.40568, Quantile 0.79998) | LR 2.50e-05
2026-06-26 14:35:19,683 INFO Epoch 89 | Batch 1000/1186 | Loss 2.92287 (NLL 4.24810 [logdet 1.35367, mahal 1.05655], L1 1.76573, Spectral 0.24705, Gradient 0.41572, Quantile 0.81756) | LR 2.50e-05
2026-06-26 14:35:22,682 INFO Epoch 89 | Batch 1050/1186 | Loss 2.96744 (NLL 4.28459 [logdet 1.39553, mahal 1.05118], L1 1.78652, Spectral 0.25474, Gradient 0.42101, Quantile 0.82722) | LR 2.50e-05
2026-06-26 14:35:25,681 INFO Epoch 89 | Batch 1100/1186 | Loss 2.91357 (NLL 4.24177 [logdet 1.40622, mahal 0.99767], L1 1.75738, Spectral 0.24727, Gradient 0.41399, Quantile 0.82387) | LR 2.50e-05
2026-06-26 14:35:28,680 INFO Epoch 89 | Batch 1150/1186 | Loss 2.91091 (NLL 4.27879 [logdet 1.40878, mahal 1.03213], L1 1.75470, Spectral 0.24907, Gradient 0.40989, Quantile 0.81652) | LR 2.50e-05
2026-06-26 14:35:35,785 INFO Epoch 89 | Val Loss 2.94620 (NLL 4.27309 [logdet 1.39364, mahal 1.04157], L1 1.77555, Spectral 0.24971, Gradient 0.41459, Quantile 0.90865)
2026-06-26 14:35:38,858 INFO Epoch 90 | Batch 50/1186 | Loss 2.90776 (NLL 4.22035 [logdet 1.42214, mahal 0.96033], L1 1.74206, Spectral 0.25210, Gradient 0.41220, Quantile 0.84308) | LR 1.25e-05
2026-06-26 14:35:41,857 INFO Epoch 90 | Batch 100/1186 | Loss 2.90141 (NLL 4.22579 [logdet 1.41882, mahal 0.96910], L1 1.75638, Spectral 0.24415, Gradient 0.41214, Quantile 0.80051) | LR 1.25e-05
2026-06-26 14:35:44,856 INFO Epoch 90 | Batch 150/1186 | Loss 2.91356 (NLL 4.22477 [logdet 1.44614, mahal 0.94076], L1 1.74952, Spectral 0.24977, Gradient 0.41752, Quantile 0.81709) | LR 1.25e-05
2026-06-26 14:35:47,855 INFO Epoch 90 | Batch 200/1186 | Loss 2.95053 (NLL 4.26603 [logdet 1.41964, mahal 1.00851], L1 1.78554, Spectral 0.25120, Gradient 0.41349, Quantile 0.82659) | LR 1.25e-05
2026-06-26 14:35:50,855 INFO Epoch 90 | Batch 250/1186 | Loss 2.92863 (NLL 4.23328 [logdet 1.41790, mahal 0.97750], L1 1.76443, Spectral 0.24913, Gradient 0.41684, Quantile 0.83865) | LR 1.25e-05
2026-06-26 14:35:53,854 INFO Epoch 90 | Batch 300/1186 | Loss 2.95036 (NLL 4.27055 [logdet 1.42123, mahal 1.01144], L1 1.77341, Spectral 0.25369, Gradient 0.42168, Quantile 0.80510) | LR 1.25e-05
2026-06-26 14:35:56,852 INFO Epoch 90 | Batch 350/1186 | Loss 2.94349 (NLL 4.27392 [logdet 1.41088, mahal 1.02516], L1 1.79474, Spectral 0.24335, Gradient 0.41115, Quantile 0.85554) | LR 1.25e-05
2026-06-26 14:35:59,851 INFO Epoch 90 | Batch 400/1186 | Loss 2.87497 (NLL 4.21762 [logdet 1.41020, mahal 0.96955], L1 1.73548, Spectral 0.24411, Gradient 0.40526, Quantile 0.82148) | LR 1.25e-05
2026-06-26 14:36:02,851 INFO Epoch 90 | Batch 450/1186 | Loss 2.86851 (NLL 4.23302 [logdet 1.38810, mahal 1.00705], L1 1.73358, Spectral 0.24253, Gradient 0.40803, Quantile 0.77183) | LR 1.25e-05
2026-06-26 14:36:05,850 INFO Epoch 90 | Batch 500/1186 | Loss 2.97547 (NLL 4.29732 [logdet 1.42087, mahal 1.03857], L1 1.80848, Spectral 0.24933, Gradient 0.41763, Quantile 0.83474) | LR 1.25e-05
2026-06-26 14:36:08,849 INFO Epoch 90 | Batch 550/1186 | Loss 2.85813 (NLL 4.20247 [logdet 1.40266, mahal 0.96194], L1 1.71784, Spectral 0.24409, Gradient 0.40676, Quantile 0.81872) | LR 1.25e-05
2026-06-26 14:36:11,848 INFO Epoch 90 | Batch 600/1186 | Loss 2.99644 (NLL 4.30820 [logdet 1.36370, mahal 1.10662], L1 1.82291, Spectral 0.25187, Gradient 0.41970, Quantile 0.82014) | LR 1.25e-05
2026-06-26 14:36:14,847 INFO Epoch 90 | Batch 650/1186 | Loss 2.88911 (NLL 4.24652 [logdet 1.40884, mahal 0.99980], L1 1.74244, Spectral 0.24586, Gradient 0.40687, Quantile 0.83169) | LR 1.25e-05
2026-06-26 14:36:17,846 INFO Epoch 90 | Batch 700/1186 | Loss 2.93169 (NLL 4.23754 [logdet 1.40320, mahal 0.99646], L1 1.77426, Spectral 0.24957, Gradient 0.41156, Quantile 0.81281) | LR 1.25e-05
2026-06-26 14:36:20,846 INFO Epoch 90 | Batch 750/1186 | Loss 2.94885 (NLL 4.27171 [logdet 1.42663, mahal 1.00720], L1 1.79284, Spectral 0.24678, Gradient 0.41143, Quantile 0.85272) | LR 1.25e-05
2026-06-26 14:36:23,844 INFO Epoch 90 | Batch 800/1186 | Loss 3.01051 (NLL 4.29048 [logdet 1.42412, mahal 1.02849], L1 1.82189, Spectral 0.25710, Gradient 0.42174, Quantile 0.84636) | LR 1.25e-05
2026-06-26 14:36:26,843 INFO Epoch 90 | Batch 850/1186 | Loss 2.94111 (NLL 4.27465 [logdet 1.41261, mahal 1.02416], L1 1.77358, Spectral 0.25051, Gradient 0.41832, Quantile 0.81285) | LR 1.25e-05
2026-06-26 14:36:29,842 INFO Epoch 90 | Batch 900/1186 | Loss 2.94151 (NLL 4.24199 [logdet 1.40411, mahal 1.00000], L1 1.77780, Spectral 0.24889, Gradient 0.41803, Quantile 0.82260) | LR 1.25e-05
2026-06-26 14:36:32,841 INFO Epoch 90 | Batch 950/1186 | Loss 2.98984 (NLL 4.31092 [logdet 1.40469, mahal 1.06835], L1 1.82468, Spectral 0.24878, Gradient 0.41509, Quantile 0.85193) | LR 1.25e-05
2026-06-26 14:36:35,840 INFO Epoch 90 | Batch 1000/1186 | Loss 2.93249 (NLL 4.22002 [logdet 1.43560, mahal 0.94654], L1 1.76704, Spectral 0.25028, Gradient 0.41677, Quantile 0.83075) | LR 1.25e-05
2026-06-26 14:36:38,839 INFO Epoch 90 | Batch 1050/1186 | Loss 2.91195 (NLL 4.23366 [logdet 1.41599, mahal 0.97980], L1 1.75576, Spectral 0.24799, Gradient 0.41461, Quantile 0.80267) | LR 1.25e-05
2026-06-26 14:36:41,838 INFO Epoch 90 | Batch 1100/1186 | Loss 2.86580 (NLL 4.18591 [logdet 1.38333, mahal 0.96471], L1 1.71202, Spectral 0.24891, Gradient 0.41380, Quantile 0.77946) | LR 1.25e-05
2026-06-26 14:36:44,837 INFO Epoch 90 | Batch 1150/1186 | Loss 2.89488 (NLL 4.21921 [logdet 1.39462, mahal 0.98671], L1 1.72639, Spectral 0.25282, Gradient 0.41502, Quantile 0.82497) | LR 1.25e-05
2026-06-26 14:36:51,869 INFO Epoch 90 | Val Loss 2.94796 (NLL 4.27516 [logdet 1.39901, mahal 1.03828], L1 1.77795, Spectral 0.24979, Gradient 0.41494, Quantile 0.89514)
2026-06-26 14:36:54,959 INFO Epoch 91 | Batch 50/1186 | Loss 2.89986 (NLL 4.18530 [logdet 1.40841, mahal 0.93902], L1 1.73655, Spectral 0.25007, Gradient 0.41711, Quantile 0.81959) | LR 1.25e-05
2026-06-26 14:36:57,973 INFO Epoch 91 | Batch 100/1186 | Loss 2.90683 (NLL 4.24065 [logdet 1.38576, mahal 1.01701], L1 1.74415, Spectral 0.25039, Gradient 0.41750, Quantile 0.78273) | LR 1.25e-05
2026-06-26 14:37:00,979 INFO Epoch 91 | Batch 150/1186 | Loss 2.89433 (NLL 4.21259 [logdet 1.38400, mahal 0.99072], L1 1.74473, Spectral 0.24575, Gradient 0.41352, Quantile 0.80177) | LR 1.25e-05
2026-06-26 14:37:03,990 INFO Epoch 91 | Batch 200/1186 | Loss 2.89133 (NLL 4.23879 [logdet 1.38991, mahal 1.01100], L1 1.73679, Spectral 0.24686, Gradient 0.41494, Quantile 0.80553) | LR 1.25e-05
2026-06-26 14:37:06,993 INFO Epoch 91 | Batch 250/1186 | Loss 2.80621 (NLL 4.15817 [logdet 1.35301, mahal 0.96728], L1 1.66802, Spectral 0.24547, Gradient 0.40597, Quantile 0.78687) | LR 1.25e-05
2026-06-26 14:37:10,002 INFO Epoch 91 | Batch 300/1186 | Loss 2.87438 (NLL 4.22582 [logdet 1.37602, mahal 1.01192], L1 1.73959, Spectral 0.24217, Gradient 0.40748, Quantile 0.78713) | LR 1.25e-05
2026-06-26 14:37:13,011 INFO Epoch 91 | Batch 350/1186 | Loss 2.85999 (NLL 4.21422 [logdet 1.37449, mahal 1.00186], L1 1.72355, Spectral 0.24167, Gradient 0.40788, Quantile 0.81615) | LR 1.25e-05
2026-06-26 14:37:16,010 INFO Epoch 91 | Batch 400/1186 | Loss 2.94525 (NLL 4.27758 [logdet 1.41488, mahal 1.02482], L1 1.77881, Spectral 0.25012, Gradient 0.41743, Quantile 0.81904) | LR 1.25e-05
2026-06-26 14:37:19,016 INFO Epoch 91 | Batch 450/1186 | Loss 2.89101 (NLL 4.21249 [logdet 1.39201, mahal 0.98261], L1 1.74482, Spectral 0.24568, Gradient 0.40892, Quantile 0.81838) | LR 1.25e-05
2026-06-26 14:37:22,029 INFO Epoch 91 | Batch 500/1186 | Loss 2.97944 (NLL 4.29399 [logdet 1.36587, mahal 1.09024], L1 1.80277, Spectral 0.25395, Gradient 0.41499, Quantile 0.86439) | LR 1.25e-05
2026-06-26 14:37:25,040 INFO Epoch 91 | Batch 550/1186 | Loss 2.98845 (NLL 4.28878 [logdet 1.40295, mahal 1.04795], L1 1.81277, Spectral 0.25350, Gradient 0.41749, Quantile 0.83716) | LR 1.25e-05
2026-06-26 14:37:28,046 INFO Epoch 91 | Batch 600/1186 | Loss 2.98101 (NLL 4.28248 [logdet 1.39129, mahal 1.05331], L1 1.81653, Spectral 0.24851, Gradient 0.41559, Quantile 0.85454) | LR 1.25e-05
2026-06-26 14:37:31,054 INFO Epoch 91 | Batch 650/1186 | Loss 2.99090 (NLL 4.31809 [logdet 1.40558, mahal 1.07463], L1 1.82666, Spectral 0.24815, Gradient 0.41529, Quantile 0.85189) | LR 1.25e-05
2026-06-26 14:37:34,064 INFO Epoch 91 | Batch 700/1186 | Loss 2.93434 (NLL 4.19344 [logdet 1.40909, mahal 0.94646], L1 1.76075, Spectral 0.25368, Gradient 0.42029, Quantile 0.80954) | LR 1.25e-05
2026-06-26 14:37:37,075 INFO Epoch 91 | Batch 750/1186 | Loss 2.95762 (NLL 4.27165 [logdet 1.41905, mahal 1.01472], L1 1.77794, Spectral 0.25509, Gradient 0.41876, Quantile 0.83517) | LR 1.25e-05
2026-06-26 14:37:40,086 INFO Epoch 91 | Batch 800/1186 | Loss 2.99983 (NLL 4.29954 [logdet 1.42777, mahal 1.03390], L1 1.83608, Spectral 0.24969, Gradient 0.41325, Quantile 0.84006) | LR 1.25e-05
2026-06-26 14:37:43,099 INFO Epoch 91 | Batch 850/1186 | Loss 2.89043 (NLL 4.19388 [logdet 1.40094, mahal 0.95506], L1 1.71657, Spectral 0.25390, Gradient 0.41844, Quantile 0.82829) | LR 1.25e-05
2026-06-26 14:37:46,104 INFO Epoch 91 | Batch 900/1186 | Loss 2.90514 (NLL 4.24122 [logdet 1.38400, mahal 1.01935], L1 1.75399, Spectral 0.24667, Gradient 0.41066, Quantile 0.82055) | LR 1.25e-05
2026-06-26 14:37:49,115 INFO Epoch 91 | Batch 950/1186 | Loss 2.90588 (NLL 4.24071 [logdet 1.41475, mahal 0.98808], L1 1.76293, Spectral 0.24608, Gradient 0.40745, Quantile 0.78099) | LR 1.25e-05
2026-06-26 14:37:52,123 INFO Epoch 91 | Batch 1000/1186 | Loss 3.01959 (NLL 4.35460 [logdet 1.43293, mahal 1.08379], L1 1.84735, Spectral 0.24748, Gradient 0.42068, Quantile 0.88216) | LR 1.25e-05
2026-06-26 14:37:55,137 INFO Epoch 91 | Batch 1050/1186 | Loss 2.99392 (NLL 4.30298 [logdet 1.46633, mahal 0.99877], L1 1.81285, Spectral 0.25514, Gradient 0.42085, Quantile 0.81513) | LR 1.25e-05
2026-06-26 14:37:58,145 INFO Epoch 91 | Batch 1100/1186 | Loss 2.97423 (NLL 4.26479 [logdet 1.42551, mahal 1.00141], L1 1.79957, Spectral 0.25128, Gradient 0.42051, Quantile 0.85132) | LR 1.25e-05
2026-06-26 14:38:01,155 INFO Epoch 91 | Batch 1150/1186 | Loss 2.92547 (NLL 4.24798 [logdet 1.43684, mahal 0.97326], L1 1.76668, Spectral 0.24943, Gradient 0.41186, Quantile 0.82425) | LR 1.25e-05
2026-06-26 14:38:08,266 INFO Epoch 91 | Val Loss 2.94986 (NLL 4.27445 [logdet 1.40466, mahal 1.03192], L1 1.77909, Spectral 0.24991, Gradient 0.41527, Quantile 0.89719)
2026-06-26 14:38:11,349 INFO Epoch 92 | Batch 50/1186 | Loss 2.95152 (NLL 4.27378 [logdet 1.41782, mahal 1.01808], L1 1.78675, Spectral 0.25038, Gradient 0.41443, Quantile 0.82983) | LR 1.25e-05
2026-06-26 14:38:14,357 INFO Epoch 92 | Batch 100/1186 | Loss 2.92934 (NLL 4.25738 [logdet 1.41493, mahal 1.00457], L1 1.76040, Spectral 0.25264, Gradient 0.41397, Quantile 0.83349) | LR 1.25e-05
2026-06-26 14:38:17,369 INFO Epoch 92 | Batch 150/1186 | Loss 2.90545 (NLL 4.19600 [logdet 1.41079, mahal 0.94733], L1 1.74903, Spectral 0.25047, Gradient 0.41175, Quantile 0.79232) | LR 1.25e-05
2026-06-26 14:38:20,369 INFO Epoch 92 | Batch 200/1186 | Loss 2.88134 (NLL 4.22956 [logdet 1.38417, mahal 1.00751], L1 1.72941, Spectral 0.24737, Gradient 0.41127, Quantile 0.80981) | LR 1.25e-05
2026-06-26 14:38:23,367 INFO Epoch 92 | Batch 250/1186 | Loss 2.82962 (NLL 4.16032 [logdet 1.38295, mahal 0.93949], L1 1.69791, Spectral 0.24355, Gradient 0.40141, Quantile 0.81188) | LR 1.25e-05
2026-06-26 14:38:26,365 INFO Epoch 92 | Batch 300/1186 | Loss 2.94339 (NLL 4.24178 [logdet 1.39846, mahal 1.00544], L1 1.77295, Spectral 0.25032, Gradient 0.42277, Quantile 0.80934) | LR 1.25e-05
2026-06-26 14:38:29,364 INFO Epoch 92 | Batch 350/1186 | Loss 2.95349 (NLL 4.24591 [logdet 1.39704, mahal 1.01099], L1 1.77267, Spectral 0.25622, Gradient 0.41856, Quantile 0.83202) | LR 1.25e-05
2026-06-26 14:38:32,363 INFO Epoch 92 | Batch 400/1186 | Loss 2.90375 (NLL 4.24929 [logdet 1.37668, mahal 1.03473], L1 1.76123, Spectral 0.24090, Gradient 0.41176, Quantile 0.84546) | LR 1.25e-05
2026-06-26 14:38:35,361 INFO Epoch 92 | Batch 450/1186 | Loss 2.89240 (NLL 4.27792 [logdet 1.40549, mahal 1.03455], L1 1.75850, Spectral 0.24132, Gradient 0.40426, Quantile 0.81688) | LR 1.25e-05
2026-06-26 14:38:38,360 INFO Epoch 92 | Batch 500/1186 | Loss 2.98241 (NLL 4.26834 [logdet 1.42218, mahal 1.00829], L1 1.81028, Spectral 0.25082, Gradient 0.42087, Quantile 0.82893) | LR 1.25e-05
2026-06-26 14:38:41,360 INFO Epoch 92 | Batch 550/1186 | Loss 2.89559 (NLL 4.20519 [logdet 1.39824, mahal 0.96907], L1 1.73311, Spectral 0.25139, Gradient 0.41408, Quantile 0.80760) | LR 1.25e-05
2026-06-26 14:38:44,358 INFO Epoch 92 | Batch 600/1186 | Loss 2.91863 (NLL 4.21326 [logdet 1.38485, mahal 0.99053], L1 1.75440, Spectral 0.24922, Gradient 0.42119, Quantile 0.79397) | LR 1.25e-05
2026-06-26 14:38:47,337 INFO Epoch 92 | Batch 650/1186 | Loss 2.93171 (NLL 4.24660 [logdet 1.38415, mahal 1.02457], L1 1.76606, Spectral 0.25003, Gradient 0.41763, Quantile 0.82037) | LR 1.25e-05
2026-06-26 14:38:50,338 INFO Epoch 92 | Batch 700/1186 | Loss 2.94003 (NLL 4.23323 [logdet 1.37515, mahal 1.02020], L1 1.77658, Spectral 0.25035, Gradient 0.41476, Quantile 0.82571) | LR 1.25e-05
2026-06-26 14:38:53,337 INFO Epoch 92 | Batch 750/1186 | Loss 2.97547 (NLL 4.29631 [logdet 1.39281, mahal 1.06563], L1 1.80447, Spectral 0.25183, Gradient 0.41594, Quantile 0.84009) | LR 1.25e-05
2026-06-26 14:38:56,336 INFO Epoch 92 | Batch 800/1186 | Loss 2.98460 (NLL 4.32367 [logdet 1.39183, mahal 1.09396], L1 1.82136, Spectral 0.24798, Gradient 0.41461, Quantile 0.85080) | LR 1.25e-05
2026-06-26 14:38:59,335 INFO Epoch 92 | Batch 850/1186 | Loss 2.90787 (NLL 4.26893 [logdet 1.42564, mahal 1.00541], L1 1.76282, Spectral 0.24523, Gradient 0.40836, Quantile 0.80438) | LR 1.25e-05
2026-06-26 14:39:02,334 INFO Epoch 92 | Batch 900/1186 | Loss 2.99224 (NLL 4.30282 [logdet 1.44514, mahal 1.01981], L1 1.80759, Spectral 0.25476, Gradient 0.42253, Quantile 0.84441) | LR 1.25e-05
2026-06-26 14:39:05,334 INFO Epoch 92 | Batch 950/1186 | Loss 2.96342 (NLL 4.28433 [logdet 1.45046, mahal 0.99599], L1 1.79966, Spectral 0.24893, Gradient 0.41823, Quantile 0.80602) | LR 1.25e-05
2026-06-26 14:39:08,332 INFO Epoch 92 | Batch 1000/1186 | Loss 2.85385 (NLL 4.20171 [logdet 1.43459, mahal 0.92924], L1 1.71648, Spectral 0.24434, Gradient 0.40412, Quantile 0.81098) | LR 1.25e-05
2026-06-26 14:39:11,331 INFO Epoch 92 | Batch 1050/1186 | Loss 2.98968 (NLL 4.28105 [logdet 1.43125, mahal 1.01193], L1 1.81063, Spectral 0.25330, Gradient 0.42192, Quantile 0.83101) | LR 1.25e-05
2026-06-26 14:39:14,329 INFO Epoch 92 | Batch 1100/1186 | Loss 2.91657 (NLL 4.20720 [logdet 1.41063, mahal 0.95869], L1 1.75115, Spectral 0.25040, Gradient 0.41776, Quantile 0.82053) | LR 1.25e-05
2026-06-26 14:39:17,329 INFO Epoch 92 | Batch 1150/1186 | Loss 2.99824 (NLL 4.29668 [logdet 1.42888, mahal 1.02992], L1 1.81845, Spectral 0.25391, Gradient 0.41935, Quantile 0.84896) | LR 1.25e-05
2026-06-26 14:39:24,415 INFO Epoch 92 | Val Loss 2.94204 (NLL 4.27328 [logdet 1.37073, mahal 1.06468], L1 1.77351, Spectral 0.24973, Gradient 0.41491, Quantile 0.88123)
2026-06-26 14:39:27,488 INFO Epoch 93 | Batch 50/1186 | Loss 3.03654 (NLL 4.28718 [logdet 1.42778, mahal 1.02153], L1 1.84069, Spectral 0.25672, Gradient 0.42905, Quantile 0.85244) | LR 1.25e-05
2026-06-26 14:39:30,491 INFO Epoch 93 | Batch 100/1186 | Loss 2.87133 (NLL 4.18262 [logdet 1.38804, mahal 0.95671], L1 1.71059, Spectral 0.25123, Gradient 0.41371, Quantile 0.80390) | LR 1.25e-05
2026-06-26 14:39:33,504 INFO Epoch 93 | Batch 150/1186 | Loss 2.96419 (NLL 4.25658 [logdet 1.40069, mahal 1.01800], L1 1.78181, Spectral 0.25434, Gradient 0.42247, Quantile 0.84496) | LR 1.25e-05
2026-06-26 14:39:36,508 INFO Epoch 93 | Batch 200/1186 | Loss 2.81988 (NLL 4.20517 [logdet 1.35675, mahal 1.01054], L1 1.69589, Spectral 0.23955, Gradient 0.40349, Quantile 0.78176) | LR 1.25e-05
2026-06-26 14:39:39,520 INFO Epoch 93 | Batch 250/1186 | Loss 2.96157 (NLL 4.25998 [logdet 1.35937, mahal 1.06274], L1 1.78546, Spectral 0.25317, Gradient 0.42150, Quantile 0.81350) | LR 1.25e-05
2026-06-26 14:39:42,524 INFO Epoch 93 | Batch 300/1186 | Loss 2.93131 (NLL 4.23200 [logdet 1.41468, mahal 0.97944], L1 1.76253, Spectral 0.25217, Gradient 0.41786, Quantile 0.80689) | LR 1.25e-05
2026-06-26 14:39:45,532 INFO Epoch 93 | Batch 350/1186 | Loss 2.93843 (NLL 4.25731 [logdet 1.41227, mahal 1.00716], L1 1.75887, Spectral 0.25456, Gradient 0.42109, Quantile 0.82427) | LR 1.25e-05
2026-06-26 14:39:48,541 INFO Epoch 93 | Batch 400/1186 | Loss 2.92059 (NLL 4.22190 [logdet 1.37904, mahal 1.00498], L1 1.75664, Spectral 0.25080, Gradient 0.41584, Quantile 0.81203) | LR 1.25e-05
2026-06-26 14:39:51,543 INFO Epoch 93 | Batch 450/1186 | Loss 3.01445 (NLL 4.33773 [logdet 1.39458, mahal 1.10527], L1 1.84819, Spectral 0.24838, Gradient 0.41627, Quantile 0.85123) | LR 1.25e-05
2026-06-26 14:39:54,554 INFO Epoch 93 | Batch 500/1186 | Loss 2.92217 (NLL 4.23030 [logdet 1.37601, mahal 1.01641], L1 1.76736, Spectral 0.24864, Gradient 0.41121, Quantile 0.81193) | LR 1.25e-05
2026-06-26 14:39:57,559 INFO Epoch 93 | Batch 550/1186 | Loss 2.89707 (NLL 4.24329 [logdet 1.38856, mahal 1.01685], L1 1.74740, Spectral 0.24670, Gradient 0.41013, Quantile 0.80907) | LR 1.25e-05
2026-06-26 14:40:00,565 INFO Epoch 93 | Batch 600/1186 | Loss 2.91584 (NLL 4.24989 [logdet 1.40650, mahal 1.00551], L1 1.77078, Spectral 0.24308, Gradient 0.40909, Quantile 0.85260) | LR 1.25e-05
2026-06-26 14:40:03,576 INFO Epoch 93 | Batch 650/1186 | Loss 2.94742 (NLL 4.27275 [logdet 1.41293, mahal 1.02195], L1 1.79170, Spectral 0.24818, Gradient 0.41121, Quantile 0.81906) | LR 1.25e-05
2026-06-26 14:40:06,576 INFO Epoch 93 | Batch 700/1186 | Loss 2.82891 (NLL 4.17244 [logdet 1.39082, mahal 0.94374], L1 1.68889, Spectral 0.24547, Gradient 0.40730, Quantile 0.78695) | LR 1.25e-05
2026-06-26 14:40:09,585 INFO Epoch 93 | Batch 750/1186 | Loss 2.95377 (NLL 4.25198 [logdet 1.40785, mahal 1.00625], L1 1.78306, Spectral 0.25302, Gradient 0.41374, Quantile 0.84862) | LR 1.25e-05
2026-06-26 14:40:12,593 INFO Epoch 93 | Batch 800/1186 | Loss 3.00458 (NLL 4.32062 [logdet 1.43545, mahal 1.04729], L1 1.82918, Spectral 0.25061, Gradient 0.42161, Quantile 0.84444) | LR 1.25e-05
2026-06-26 14:40:15,595 INFO Epoch 93 | Batch 850/1186 | Loss 2.91279 (NLL 4.27140 [logdet 1.40414, mahal 1.02938], L1 1.76348, Spectral 0.24600, Gradient 0.40987, Quantile 0.81505) | LR 1.25e-05
2026-06-26 14:40:18,605 INFO Epoch 93 | Batch 900/1186 | Loss 2.90457 (NLL 4.22038 [logdet 1.41812, mahal 0.96439], L1 1.73594, Spectral 0.25326, Gradient 0.41729, Quantile 0.79014) | LR 1.25e-05
2026-06-26 14:40:21,611 INFO Epoch 93 | Batch 950/1186 | Loss 2.87810 (NLL 4.18447 [logdet 1.38084, mahal 0.96576], L1 1.71503, Spectral 0.25049, Gradient 0.41641, Quantile 0.81552) | LR 1.25e-05
2026-06-26 14:40:24,616 INFO Epoch 93 | Batch 1000/1186 | Loss 2.94457 (NLL 4.25842 [logdet 1.39789, mahal 1.02265], L1 1.78618, Spectral 0.24643, Gradient 0.41295, Quantile 0.87399) | LR 1.25e-05
2026-06-26 14:40:27,624 INFO Epoch 93 | Batch 1050/1186 | Loss 2.91239 (NLL 4.25509 [logdet 1.39187, mahal 1.02534], L1 1.76862, Spectral 0.24507, Gradient 0.40666, Quantile 0.81784) | LR 1.25e-05
2026-06-26 14:40:30,633 INFO Epoch 93 | Batch 1100/1186 | Loss 2.96582 (NLL 4.29763 [logdet 1.39098, mahal 1.06877], L1 1.81947, Spectral 0.24309, Gradient 0.41121, Quantile 0.82668) | LR 1.25e-05
2026-06-26 14:40:33,645 INFO Epoch 93 | Batch 1150/1186 | Loss 2.92538 (NLL 4.26119 [logdet 1.43514, mahal 0.98818], L1 1.77164, Spectral 0.24609, Gradient 0.41289, Quantile 0.83067) | LR 1.25e-05
2026-06-26 14:40:40,748 INFO Epoch 93 | Val Loss 2.95190 (NLL 4.27705 [logdet 1.40820, mahal 1.03097], L1 1.78195, Spectral 0.24984, Gradient 0.41515, Quantile 0.89023)
2026-06-26 14:40:43,826 INFO Epoch 94 | Batch 50/1186 | Loss 2.95673 (NLL 4.23270 [logdet 1.39252, mahal 1.00231], L1 1.78843, Spectral 0.25126, Gradient 0.41696, Quantile 0.83302) | LR 1.25e-05
2026-06-26 14:40:46,834 INFO Epoch 94 | Batch 100/1186 | Loss 3.02576 (NLL 4.34080 [logdet 1.41481, mahal 1.08812], L1 1.84251, Spectral 0.25322, Gradient 0.42191, Quantile 0.85962) | LR 1.25e-05
2026-06-26 14:40:49,842 INFO Epoch 94 | Batch 150/1186 | Loss 2.91807 (NLL 4.24852 [logdet 1.43177, mahal 0.97887], L1 1.75857, Spectral 0.24903, Gradient 0.41447, Quantile 0.81157) | LR 1.25e-05
2026-06-26 14:40:52,841 INFO Epoch 94 | Batch 200/1186 | Loss 2.94645 (NLL 4.25162 [logdet 1.41019, mahal 1.00355], L1 1.77352, Spectral 0.25134, Gradient 0.42214, Quantile 0.81684) | LR 1.25e-05
2026-06-26 14:40:55,851 INFO Epoch 94 | Batch 250/1186 | Loss 2.92215 (NLL 4.25502 [logdet 1.40036, mahal 1.01679], L1 1.76358, Spectral 0.24894, Gradient 0.41336, Quantile 0.81400) | LR 1.25e-05
2026-06-26 14:40:58,859 INFO Epoch 94 | Batch 300/1186 | Loss 2.88131 (NLL 4.19448 [logdet 1.39760, mahal 0.95900], L1 1.73870, Spectral 0.24431, Gradient 0.40870, Quantile 0.81949) | LR 1.25e-05
2026-06-26 14:41:01,868 INFO Epoch 94 | Batch 350/1186 | Loss 2.96954 (NLL 4.27099 [logdet 1.37038, mahal 1.06273], L1 1.79576, Spectral 0.25015, Gradient 0.42318, Quantile 0.83564) | LR 1.25e-05
2026-06-26 14:41:04,879 INFO Epoch 94 | Batch 400/1186 | Loss 2.97531 (NLL 4.26759 [logdet 1.40265, mahal 1.02706], L1 1.80614, Spectral 0.25165, Gradient 0.41467, Quantile 0.84780) | LR 1.25e-05
2026-06-26 14:41:07,884 INFO Epoch 94 | Batch 450/1186 | Loss 2.87175 (NLL 4.18555 [logdet 1.36432, mahal 0.98335], L1 1.73915, Spectral 0.24328, Gradient 0.40426, Quantile 0.78713) | LR 1.25e-05
2026-06-26 14:41:10,882 INFO Epoch 94 | Batch 500/1186 | Loss 2.92476 (NLL 4.20454 [logdet 1.38318, mahal 0.98348], L1 1.76043, Spectral 0.24968, Gradient 0.41949, Quantile 0.80661) | LR 1.25e-05
2026-06-26 14:41:13,879 INFO Epoch 94 | Batch 550/1186 | Loss 2.91575 (NLL 4.23934 [logdet 1.37924, mahal 1.02223], L1 1.76169, Spectral 0.24553, Gradient 0.41394, Quantile 0.84245) | LR 1.25e-05
2026-06-26 14:41:16,873 INFO Epoch 94 | Batch 600/1186 | Loss 2.94385 (NLL 4.28418 [logdet 1.39594, mahal 1.05036], L1 1.78771, Spectral 0.24834, Gradient 0.40993, Quantile 0.83061) | LR 1.25e-05
2026-06-26 14:41:19,871 INFO Epoch 94 | Batch 650/1186 | Loss 2.87086 (NLL 4.20900 [logdet 1.39146, mahal 0.97966], L1 1.72931, Spectral 0.24318, Gradient 0.41029, Quantile 0.81121) | LR 1.25e-05
2026-06-26 14:41:22,870 INFO Epoch 94 | Batch 700/1186 | Loss 2.88677 (NLL 4.24153 [logdet 1.38442, mahal 1.01923], L1 1.73879, Spectral 0.24672, Gradient 0.40857, Quantile 0.80839) | LR 1.25e-05
2026-06-26 14:41:25,870 INFO Epoch 94 | Batch 750/1186 | Loss 2.95431 (NLL 4.26393 [logdet 1.38857, mahal 1.03748], L1 1.77401, Spectral 0.25536, Gradient 0.42042, Quantile 0.81921) | LR 1.25e-05
2026-06-26 14:41:28,868 INFO Epoch 94 | Batch 800/1186 | Loss 2.89041 (NLL 4.24512 [logdet 1.38401, mahal 1.02323], L1 1.73858, Spectral 0.24688, Gradient 0.41124, Quantile 0.81526) | LR 1.25e-05
2026-06-26 14:41:31,867 INFO Epoch 94 | Batch 850/1186 | Loss 2.89825 (NLL 4.22658 [logdet 1.40480, mahal 0.98390], L1 1.74166, Spectral 0.24969, Gradient 0.41214, Quantile 0.79782) | LR 1.25e-05
2026-06-26 14:41:34,866 INFO Epoch 94 | Batch 900/1186 | Loss 2.91423 (NLL 4.22309 [logdet 1.38861, mahal 0.99660], L1 1.75731, Spectral 0.24974, Gradient 0.41164, Quantile 0.80698) | LR 1.25e-05
2026-06-26 14:41:37,864 INFO Epoch 94 | Batch 950/1186 | Loss 2.98652 (NLL 4.32147 [logdet 1.41204, mahal 1.07155], L1 1.80149, Spectral 0.25260, Gradient 0.42586, Quantile 0.85504) | LR 1.25e-05
2026-06-26 14:41:40,863 INFO Epoch 94 | Batch 1000/1186 | Loss 2.89834 (NLL 4.23754 [logdet 1.40424, mahal 0.99543], L1 1.75426, Spectral 0.24434, Gradient 0.40738, Quantile 0.83586) | LR 1.25e-05
2026-06-26 14:41:43,863 INFO Epoch 94 | Batch 1050/1186 | Loss 2.96513 (NLL 4.26640 [logdet 1.42931, mahal 0.99921], L1 1.78954, Spectral 0.25367, Gradient 0.41835, Quantile 0.82982) | LR 1.25e-05
2026-06-26 14:41:46,861 INFO Epoch 94 | Batch 1100/1186 | Loss 2.87540 (NLL 4.21752 [logdet 1.39410, mahal 0.98554], L1 1.72729, Spectral 0.24794, Gradient 0.40754, Quantile 0.80082) | LR 1.25e-05
2026-06-26 14:41:49,862 INFO Epoch 94 | Batch 1150/1186 | Loss 2.93849 (NLL 4.25312 [logdet 1.40566, mahal 1.00959], L1 1.78188, Spectral 0.24778, Gradient 0.41294, Quantile 0.82494) | LR 1.25e-05
2026-06-26 14:41:56,949 INFO Epoch 94 | Val Loss 2.94242 (NLL 4.27505 [logdet 1.38000, mahal 1.05717], L1 1.77403, Spectral 0.24995, Gradient 0.41546, Quantile 0.86772)
2026-06-26 14:42:00,025 INFO Epoch 95 | Batch 50/1186 | Loss 2.92684 (NLL 4.27499 [logdet 1.39363, mahal 1.04348], L1 1.77355, Spectral 0.24811, Gradient 0.41094, Quantile 0.79603) | LR 1.25e-05
2026-06-26 14:42:03,039 INFO Epoch 95 | Batch 100/1186 | Loss 2.84573 (NLL 4.16461 [logdet 1.38031, mahal 0.94643], L1 1.69906, Spectral 0.24621, Gradient 0.41126, Quantile 0.80034) | LR 1.25e-05
2026-06-26 14:42:06,047 INFO Epoch 95 | Batch 150/1186 | Loss 2.90134 (NLL 4.24776 [logdet 1.38511, mahal 1.02478], L1 1.75631, Spectral 0.24563, Gradient 0.40728, Quantile 0.81411) | LR 1.25e-05
2026-06-26 14:42:09,062 INFO Epoch 95 | Batch 200/1186 | Loss 2.89746 (NLL 4.19969 [logdet 1.38842, mahal 0.97339], L1 1.73224, Spectral 0.25124, Gradient 0.41603, Quantile 0.82102) | LR 1.25e-05
2026-06-26 14:42:12,074 INFO Epoch 95 | Batch 250/1186 | Loss 2.96051 (NLL 4.27407 [logdet 1.38091, mahal 1.05528], L1 1.78568, Spectral 0.25346, Gradient 0.42069, Quantile 0.79726) | LR 1.25e-05
2026-06-26 14:42:15,073 INFO Epoch 95 | Batch 300/1186 | Loss 2.94738 (NLL 4.25406 [logdet 1.40110, mahal 1.01509], L1 1.78620, Spectral 0.24802, Gradient 0.41533, Quantile 0.84185) | LR 1.25e-05
2026-06-26 14:42:18,072 INFO Epoch 95 | Batch 350/1186 | Loss 2.94881 (NLL 4.29738 [logdet 1.38901, mahal 1.07049], L1 1.78881, Spectral 0.24937, Gradient 0.41106, Quantile 0.83181) | LR 1.25e-05
2026-06-26 14:42:21,070 INFO Epoch 95 | Batch 400/1186 | Loss 2.94501 (NLL 4.26721 [logdet 1.41457, mahal 1.01476], L1 1.77452, Spectral 0.24995, Gradient 0.41974, Quantile 0.84452) | LR 1.25e-05
2026-06-26 14:42:24,069 INFO Epoch 95 | Batch 450/1186 | Loss 2.92500 (NLL 4.28613 [logdet 1.41075, mahal 1.03750], L1 1.76645, Spectral 0.24900, Gradient 0.41152, Quantile 0.82300) | LR 1.25e-05
2026-06-26 14:42:27,069 INFO Epoch 95 | Batch 500/1186 | Loss 2.91974 (NLL 4.23683 [logdet 1.40781, mahal 0.99114], L1 1.75479, Spectral 0.25180, Gradient 0.41558, Quantile 0.79780) | LR 1.25e-05
2026-06-26 14:42:30,067 INFO Epoch 95 | Batch 550/1186 | Loss 2.98383 (NLL 4.28651 [logdet 1.44414, mahal 1.00449], L1 1.80907, Spectral 0.25384, Gradient 0.41423, Quantile 0.85702) | LR 1.25e-05
2026-06-26 14:42:33,067 INFO Epoch 95 | Batch 600/1186 | Loss 2.93603 (NLL 4.23957 [logdet 1.43761, mahal 0.96408], L1 1.76706, Spectral 0.25075, Gradient 0.41900, Quantile 0.82655) | LR 1.25e-05
2026-06-26 14:42:36,067 INFO Epoch 95 | Batch 650/1186 | Loss 2.93209 (NLL 4.25575 [logdet 1.42522, mahal 0.99265], L1 1.77637, Spectral 0.24721, Gradient 0.41344, Quantile 0.82183) | LR 1.25e-05
2026-06-26 14:42:39,066 INFO Epoch 95 | Batch 700/1186 | Loss 2.93422 (NLL 4.23681 [logdet 1.40046, mahal 0.99847], L1 1.77024, Spectral 0.25057, Gradient 0.41579, Quantile 0.81358) | LR 1.25e-05
2026-06-26 14:42:42,065 INFO Epoch 95 | Batch 750/1186 | Loss 3.00425 (NLL 4.25889 [logdet 1.42702, mahal 0.99399], L1 1.81092, Spectral 0.25696, Gradient 0.42553, Quantile 0.86856) | LR 1.25e-05
2026-06-26 14:42:45,064 INFO Epoch 95 | Batch 800/1186 | Loss 2.94586 (NLL 4.28153 [logdet 1.44455, mahal 0.99909], L1 1.80444, Spectral 0.24356, Gradient 0.40742, Quantile 0.81005) | LR 1.25e-05
2026-06-26 14:42:48,062 INFO Epoch 95 | Batch 850/1186 | Loss 2.94669 (NLL 4.27691 [logdet 1.41274, mahal 1.02630], L1 1.78560, Spectral 0.24909, Gradient 0.41375, Quantile 0.82631) | LR 1.25e-05
2026-06-26 14:42:51,061 INFO Epoch 95 | Batch 900/1186 | Loss 2.92528 (NLL 4.24740 [logdet 1.40797, mahal 1.00156], L1 1.77112, Spectral 0.24571, Gradient 0.41397, Quantile 0.83633) | LR 1.25e-05
2026-06-26 14:42:54,061 INFO Epoch 95 | Batch 950/1186 | Loss 2.92168 (NLL 4.22686 [logdet 1.41628, mahal 0.97271], L1 1.75279, Spectral 0.25244, Gradient 0.41675, Quantile 0.81608) | LR 1.25e-05
2026-06-26 14:42:57,059 INFO Epoch 95 | Batch 1000/1186 | Loss 2.90905 (NLL 4.24173 [logdet 1.41916, mahal 0.98469], L1 1.74746, Spectral 0.24916, Gradient 0.41743, Quantile 0.80003) | LR 1.25e-05
2026-06-26 14:43:00,059 INFO Epoch 95 | Batch 1050/1186 | Loss 2.91671 (NLL 4.23901 [logdet 1.39375, mahal 1.00739], L1 1.77007, Spectral 0.24307, Gradient 0.41363, Quantile 0.82214) | LR 1.25e-05
2026-06-26 14:43:03,058 INFO Epoch 95 | Batch 1100/1186 | Loss 2.86777 (NLL 4.21469 [logdet 1.40235, mahal 0.97446], L1 1.73486, Spectral 0.24192, Gradient 0.40537, Quantile 0.79992) | LR 1.25e-05
2026-06-26 14:43:06,057 INFO Epoch 95 | Batch 1150/1186 | Loss 2.91214 (NLL 4.20999 [logdet 1.39072, mahal 0.98140], L1 1.74395, Spectral 0.25126, Gradient 0.41887, Quantile 0.81745) | LR 1.25e-05
2026-06-26 14:43:13,164 INFO Epoch 95 | Val Loss 2.95192 (NLL 4.27620 [logdet 1.38715, mahal 1.05117], L1 1.77989, Spectral 0.25007, Gradient 0.41554, Quantile 0.90352)
2026-06-26 14:43:16,240 INFO Epoch 96 | Batch 50/1186 | Loss 2.94346 (NLL 4.28522 [logdet 1.41888, mahal 1.02846], L1 1.77908, Spectral 0.24790, Gradient 0.41866, Quantile 0.83169) | LR 1.25e-05
2026-06-26 14:43:19,250 INFO Epoch 96 | Batch 100/1186 | Loss 2.89078 (NLL 4.21803 [logdet 1.38218, mahal 0.99797], L1 1.73199, Spectral 0.24787, Gradient 0.41529, Quantile 0.83135) | LR 1.25e-05
2026-06-26 14:43:22,255 INFO Epoch 96 | Batch 150/1186 | Loss 2.91662 (NLL 4.23321 [logdet 1.39043, mahal 1.00490], L1 1.76701, Spectral 0.24613, Gradient 0.41293, Quantile 0.79293) | LR 1.25e-05
2026-06-26 14:43:25,263 INFO Epoch 96 | Batch 200/1186 | Loss 2.90164 (NLL 4.20901 [logdet 1.38276, mahal 0.98837], L1 1.74202, Spectral 0.24822, Gradient 0.41575, Quantile 0.83010) | LR 1.25e-05
2026-06-26 14:43:28,272 INFO Epoch 96 | Batch 250/1186 | Loss 2.90871 (NLL 4.25534 [logdet 1.38412, mahal 1.03334], L1 1.75887, Spectral 0.24651, Gradient 0.41104, Quantile 0.80090) | LR 1.25e-05
2026-06-26 14:43:31,282 INFO Epoch 96 | Batch 300/1186 | Loss 2.92952 (NLL 4.23755 [logdet 1.37933, mahal 1.02034], L1 1.76042, Spectral 0.25097, Gradient 0.41913, Quantile 0.82208) | LR 1.25e-05
2026-06-26 14:43:34,290 INFO Epoch 96 | Batch 350/1186 | Loss 3.00627 (NLL 4.33833 [logdet 1.40454, mahal 1.09591], L1 1.83237, Spectral 0.25137, Gradient 0.41926, Quantile 0.83118) | LR 1.25e-05
2026-06-26 14:43:37,297 INFO Epoch 96 | Batch 400/1186 | Loss 2.96489 (NLL 4.24091 [logdet 1.40746, mahal 0.99557], L1 1.79890, Spectral 0.25038, Gradient 0.41642, Quantile 0.83152) | LR 1.25e-05
2026-06-26 14:43:40,308 INFO Epoch 96 | Batch 450/1186 | Loss 2.89289 (NLL 4.24471 [logdet 1.42263, mahal 0.98420], L1 1.75089, Spectral 0.24256, Gradient 0.40977, Quantile 0.82497) | LR 1.25e-05
2026-06-26 14:43:43,315 INFO Epoch 96 | Batch 500/1186 | Loss 2.96264 (NLL 4.25976 [logdet 1.41758, mahal 1.00430], L1 1.79321, Spectral 0.24976, Gradient 0.41834, Quantile 0.85563) | LR 1.25e-05
2026-06-26 14:43:46,326 INFO Epoch 96 | Batch 550/1186 | Loss 2.97138 (NLL 4.27961 [logdet 1.40255, mahal 1.03919], L1 1.78849, Spectral 0.25282, Gradient 0.42535, Quantile 0.84587) | LR 1.25e-05
2026-06-26 14:43:49,333 INFO Epoch 96 | Batch 600/1186 | Loss 2.95263 (NLL 4.25870 [logdet 1.40411, mahal 1.01672], L1 1.77356, Spectral 0.25502, Gradient 0.42238, Quantile 0.79322) | LR 1.25e-05
2026-06-26 14:43:52,345 INFO Epoch 96 | Batch 650/1186 | Loss 2.94345 (NLL 4.24597 [logdet 1.43059, mahal 0.97751], L1 1.77160, Spectral 0.25218, Gradient 0.41714, Quantile 0.84416) | LR 1.25e-05
2026-06-26 14:43:55,350 INFO Epoch 96 | Batch 700/1186 | Loss 2.94461 (NLL 4.25176 [logdet 1.41924, mahal 0.99464], L1 1.78955, Spectral 0.24782, Gradient 0.41221, Quantile 0.81572) | LR 1.25e-05
2026-06-26 14:43:58,361 INFO Epoch 96 | Batch 750/1186 | Loss 2.97803 (NLL 4.29704 [logdet 1.39978, mahal 1.05938], L1 1.80981, Spectral 0.25050, Gradient 0.41655, Quantile 0.83336) | LR 1.25e-05
2026-06-26 14:44:01,362 INFO Epoch 96 | Batch 800/1186 | Loss 2.85650 (NLL 4.20417 [logdet 1.41289, mahal 0.95341], L1 1.72569, Spectral 0.24269, Gradient 0.40092, Quantile 0.81303) | LR 1.25e-05
2026-06-26 14:44:04,369 INFO Epoch 96 | Batch 850/1186 | Loss 2.88549 (NLL 4.21183 [logdet 1.40619, mahal 0.96776], L1 1.73085, Spectral 0.24767, Gradient 0.41472, Quantile 0.79914) | LR 1.25e-05
2026-06-26 14:44:07,380 INFO Epoch 96 | Batch 900/1186 | Loss 2.95179 (NLL 4.29885 [logdet 1.41579, mahal 1.04518], L1 1.79879, Spectral 0.24618, Gradient 0.40944, Quantile 0.84748) | LR 1.25e-05
2026-06-26 14:44:10,383 INFO Epoch 96 | Batch 950/1186 | Loss 2.88786 (NLL 4.21488 [logdet 1.40942, mahal 0.96758], L1 1.74461, Spectral 0.24596, Gradient 0.40853, Quantile 0.78339) | LR 1.25e-05
2026-06-26 14:44:13,391 INFO Epoch 96 | Batch 1000/1186 | Loss 2.93004 (NLL 4.24186 [logdet 1.40559, mahal 0.99840], L1 1.76221, Spectral 0.25181, Gradient 0.41583, Quantile 0.82462) | LR 1.25e-05
2026-06-26 14:44:16,402 INFO Epoch 96 | Batch 1050/1186 | Loss 2.86059 (NLL 4.18586 [logdet 1.39246, mahal 0.95552], L1 1.69928, Spectral 0.25188, Gradient 0.41319, Quantile 0.79972) | LR 1.25e-05
2026-06-26 14:44:19,407 INFO Epoch 96 | Batch 1100/1186 | Loss 3.01080 (NLL 4.30124 [logdet 1.43427, mahal 1.02909], L1 1.82532, Spectral 0.25606, Gradient 0.41992, Quantile 0.85353) | LR 1.25e-05
2026-06-26 14:44:22,415 INFO Epoch 96 | Batch 1150/1186 | Loss 2.88192 (NLL 4.21243 [logdet 1.40894, mahal 0.96560], L1 1.74226, Spectral 0.24494, Gradient 0.40591, Quantile 0.79830) | LR 1.25e-05
2026-06-26 14:44:29,541 INFO Epoch 96 | Val Loss 2.95065 (NLL 4.27929 [logdet 1.37819, mahal 1.06322], L1 1.77814, Spectral 0.25014, Gradient 0.41592, Quantile 0.90190)
2026-06-26 14:44:32,612 INFO Epoch 97 | Batch 50/1186 | Loss 2.87146 (NLL 4.18142 [logdet 1.38643, mahal 0.95712], L1 1.72314, Spectral 0.24615, Gradient 0.41125, Quantile 0.81472) | LR 1.25e-05
2026-06-26 14:44:35,609 INFO Epoch 97 | Batch 100/1186 | Loss 2.95303 (NLL 4.27969 [logdet 1.39466, mahal 1.04716], L1 1.78939, Spectral 0.25048, Gradient 0.41393, Quantile 0.81896) | LR 1.25e-05
2026-06-26 14:44:38,608 INFO Epoch 97 | Batch 150/1186 | Loss 2.92623 (NLL 4.23543 [logdet 1.37938, mahal 1.01817], L1 1.75719, Spectral 0.25161, Gradient 0.41846, Quantile 0.81493) | LR 1.25e-05
2026-06-26 14:44:41,607 INFO Epoch 97 | Batch 200/1186 | Loss 2.94252 (NLL 4.28042 [logdet 1.40257, mahal 1.03997], L1 1.79074, Spectral 0.24388, Gradient 0.41426, Quantile 0.83881) | LR 1.25e-05
2026-06-26 14:44:44,606 INFO Epoch 97 | Batch 250/1186 | Loss 2.87261 (NLL 4.20718 [logdet 1.38206, mahal 0.98725], L1 1.73969, Spectral 0.24225, Gradient 0.40484, Quantile 0.80102) | LR 1.25e-05
2026-06-26 14:44:47,604 INFO Epoch 97 | Batch 300/1186 | Loss 3.00671 (NLL 4.32012 [logdet 1.41640, mahal 1.06585], L1 1.81769, Spectral 0.25661, Gradient 0.42138, Quantile 0.85661) | LR 1.25e-05
2026-06-26 14:44:50,605 INFO Epoch 97 | Batch 350/1186 | Loss 2.86600 (NLL 4.19174 [logdet 1.41039, mahal 0.94347], L1 1.72549, Spectral 0.24541, Gradient 0.40776, Quantile 0.78232) | LR 1.25e-05
2026-06-26 14:44:53,603 INFO Epoch 97 | Batch 400/1186 | Loss 2.91274 (NLL 4.22788 [logdet 1.40404, mahal 0.98596], L1 1.74138, Spectral 0.25154, Gradient 0.42037, Quantile 0.82271) | LR 1.25e-05
2026-06-26 14:44:56,601 INFO Epoch 97 | Batch 450/1186 | Loss 2.95773 (NLL 4.28086 [logdet 1.41264, mahal 1.03035], L1 1.78291, Spectral 0.25372, Gradient 0.41876, Quantile 0.81072) | LR 1.25e-05
2026-06-26 14:44:59,601 INFO Epoch 97 | Batch 500/1186 | Loss 2.96029 (NLL 4.28362 [logdet 1.40202, mahal 1.04372], L1 1.80624, Spectral 0.24678, Gradient 0.41184, Quantile 0.82261) | LR 1.25e-05
2026-06-26 14:45:02,600 INFO Epoch 97 | Batch 550/1186 | Loss 2.90387 (NLL 4.25908 [logdet 1.40413, mahal 1.01707], L1 1.75103, Spectral 0.24710, Gradient 0.40942, Quantile 0.83726) | LR 1.25e-05
2026-06-26 14:45:05,600 INFO Epoch 97 | Batch 600/1186 | Loss 2.97135 (NLL 4.26857 [logdet 1.42506, mahal 1.00564], L1 1.78833, Spectral 0.25332, Gradient 0.42653, Quantile 0.82591) | LR 1.25e-05
2026-06-26 14:45:08,598 INFO Epoch 97 | Batch 650/1186 | Loss 2.94569 (NLL 4.23357 [logdet 1.40171, mahal 0.99398], L1 1.76983, Spectral 0.25284, Gradient 0.42076, Quantile 0.83551) | LR 1.25e-05
2026-06-26 14:45:11,598 INFO Epoch 97 | Batch 700/1186 | Loss 2.92265 (NLL 4.24786 [logdet 1.37769, mahal 1.03229], L1 1.76284, Spectral 0.24959, Gradient 0.41530, Quantile 0.79241) | LR 1.25e-05
2026-06-26 14:45:14,597 INFO Epoch 97 | Batch 750/1186 | Loss 2.89282 (NLL 4.23338 [logdet 1.41471, mahal 0.98079], L1 1.75061, Spectral 0.24430, Gradient 0.40840, Quantile 0.80605) | LR 1.25e-05
2026-06-26 14:45:17,596 INFO Epoch 97 | Batch 800/1186 | Loss 2.92078 (NLL 4.23888 [logdet 1.39070, mahal 1.01031], L1 1.76903, Spectral 0.24614, Gradient 0.41126, Quantile 0.83342) | LR 1.25e-05
2026-06-26 14:45:20,595 INFO Epoch 97 | Batch 850/1186 | Loss 2.84712 (NLL 4.16198 [logdet 1.40327, mahal 0.92083], L1 1.68866, Spectral 0.25037, Gradient 0.41372, Quantile 0.80553) | LR 1.25e-05
2026-06-26 14:45:23,592 INFO Epoch 97 | Batch 900/1186 | Loss 2.90748 (NLL 4.24709 [logdet 1.39072, mahal 1.01850], L1 1.76763, Spectral 0.24440, Gradient 0.40599, Quantile 0.80069) | LR 1.25e-05
2026-06-26 14:45:26,577 INFO Epoch 97 | Batch 950/1186 | Loss 2.95383 (NLL 4.27649 [logdet 1.41574, mahal 1.02287], L1 1.79525, Spectral 0.24854, Gradient 0.41240, Quantile 0.82714) | LR 1.25e-05
2026-06-26 14:45:29,562 INFO Epoch 97 | Batch 1000/1186 | Loss 2.96138 (NLL 4.25521 [logdet 1.41998, mahal 0.99735], L1 1.78960, Spectral 0.25135, Gradient 0.42038, Quantile 0.82276) | LR 1.25e-05
2026-06-26 14:45:32,546 INFO Epoch 97 | Batch 1050/1186 | Loss 2.91576 (NLL 4.24543 [logdet 1.37870, mahal 1.02886], L1 1.76135, Spectral 0.24665, Gradient 0.41290, Quantile 0.82996) | LR 1.25e-05
2026-06-26 14:45:35,529 INFO Epoch 97 | Batch 1100/1186 | Loss 2.90037 (NLL 4.23399 [logdet 1.38700, mahal 1.00911], L1 1.74517, Spectral 0.24852, Gradient 0.41106, Quantile 0.81966) | LR 1.25e-05
2026-06-26 14:45:38,513 INFO Epoch 97 | Batch 1150/1186 | Loss 2.99264 (NLL 4.29715 [logdet 1.40869, mahal 1.05058], L1 1.81390, Spectral 0.25285, Gradient 0.42154, Quantile 0.83741) | LR 1.25e-05
2026-06-26 14:45:45,592 INFO Epoch 97 | Val Loss 2.95116 (NLL 4.27898 [logdet 1.38618, mahal 1.05491], L1 1.77967, Spectral 0.24979, Gradient 0.41526, Quantile 0.90657)
2026-06-26 14:45:48,670 INFO Epoch 98 | Batch 50/1186 | Loss 2.98795 (NLL 4.30118 [logdet 1.39280, mahal 1.07051], L1 1.82981, Spectral 0.24782, Gradient 0.41232, Quantile 0.83195) | LR 1.25e-05
2026-06-26 14:45:51,682 INFO Epoch 98 | Batch 100/1186 | Loss 2.95018 (NLL 4.27147 [logdet 1.39885, mahal 1.03474], L1 1.77893, Spectral 0.24993, Gradient 0.42102, Quantile 0.83728) | LR 1.25e-05
2026-06-26 14:45:54,690 INFO Epoch 98 | Batch 150/1186 | Loss 2.93815 (NLL 4.26520 [logdet 1.42521, mahal 1.00211], L1 1.77901, Spectral 0.24842, Gradient 0.41173, Quantile 0.84743) | LR 1.25e-05
2026-06-26 14:45:57,699 INFO Epoch 98 | Batch 200/1186 | Loss 2.88946 (NLL 4.21180 [logdet 1.42121, mahal 0.95271], L1 1.73293, Spectral 0.24969, Gradient 0.41295, Quantile 0.79265) | LR 1.25e-05
2026-06-26 14:46:00,705 INFO Epoch 98 | Batch 250/1186 | Loss 2.98544 (NLL 4.29722 [logdet 1.41591, mahal 1.04343], L1 1.79800, Spectral 0.25551, Gradient 0.42414, Quantile 0.84109) | LR 1.25e-05
2026-06-26 14:46:03,715 INFO Epoch 98 | Batch 300/1186 | Loss 2.88166 (NLL 4.21268 [logdet 1.40900, mahal 0.96580], L1 1.73663, Spectral 0.24504, Gradient 0.41020, Quantile 0.80595) | LR 1.25e-05
2026-06-26 14:46:06,723 INFO Epoch 98 | Batch 350/1186 | Loss 2.93129 (NLL 4.21050 [logdet 1.40054, mahal 0.97208], L1 1.76540, Spectral 0.25230, Gradient 0.41487, Quantile 0.81326) | LR 1.25e-05
2026-06-26 14:46:09,737 INFO Epoch 98 | Batch 400/1186 | Loss 2.89634 (NLL 4.20610 [logdet 1.41342, mahal 0.95480], L1 1.71512, Spectral 0.25633, Gradient 0.42035, Quantile 0.82650) | LR 1.25e-05
2026-06-26 14:46:12,744 INFO Epoch 98 | Batch 450/1186 | Loss 2.94993 (NLL 4.27321 [logdet 1.42363, mahal 1.01170], L1 1.78736, Spectral 0.24757, Gradient 0.41865, Quantile 0.82356) | LR 1.25e-05
2026-06-26 14:46:15,756 INFO Epoch 98 | Batch 500/1186 | Loss 2.93276 (NLL 4.26641 [logdet 1.37910, mahal 1.04943], L1 1.78686, Spectral 0.24459, Gradient 0.40858, Quantile 0.82699) | LR 1.25e-05
2026-06-26 14:46:18,757 INFO Epoch 98 | Batch 550/1186 | Loss 2.90997 (NLL 4.20724 [logdet 1.38545, mahal 0.98392], L1 1.74091, Spectral 0.25333, Gradient 0.41496, Quantile 0.82387) | LR 1.25e-05
2026-06-26 14:46:21,757 INFO Epoch 98 | Batch 600/1186 | Loss 2.96307 (NLL 4.26463 [logdet 1.41032, mahal 1.01644], L1 1.79941, Spectral 0.24908, Gradient 0.41642, Quantile 0.82846) | LR 1.25e-05
2026-06-26 14:46:24,755 INFO Epoch 98 | Batch 650/1186 | Loss 2.86102 (NLL 4.18799 [logdet 1.37773, mahal 0.97238], L1 1.71599, Spectral 0.24544, Gradient 0.41102, Quantile 0.79552) | LR 1.25e-05
2026-06-26 14:46:27,755 INFO Epoch 98 | Batch 700/1186 | Loss 2.96015 (NLL 4.26083 [logdet 1.39874, mahal 1.02421], L1 1.78710, Spectral 0.25157, Gradient 0.41970, Quantile 0.83740) | LR 1.25e-05
2026-06-26 14:46:30,753 INFO Epoch 98 | Batch 750/1186 | Loss 2.93086 (NLL 4.27027 [logdet 1.38592, mahal 1.04647], L1 1.78655, Spectral 0.24351, Gradient 0.41025, Quantile 0.81429) | LR 1.25e-05
2026-06-26 14:46:33,753 INFO Epoch 98 | Batch 800/1186 | Loss 2.88377 (NLL 4.24944 [logdet 1.38176, mahal 1.02980], L1 1.75044, Spectral 0.23997, Gradient 0.40517, Quantile 0.84108) | LR 1.25e-05
2026-06-26 14:46:36,752 INFO Epoch 98 | Batch 850/1186 | Loss 2.93461 (NLL 4.25515 [logdet 1.39699, mahal 1.02028], L1 1.76562, Spectral 0.25218, Gradient 0.41682, Quantile 0.81321) | LR 1.25e-05
2026-06-26 14:46:39,751 INFO Epoch 98 | Batch 900/1186 | Loss 2.94518 (NLL 4.27381 [logdet 1.41777, mahal 1.01816], L1 1.80156, Spectral 0.24248, Gradient 0.40895, Quantile 0.84463) | LR 1.25e-05
2026-06-26 14:46:42,750 INFO Epoch 98 | Batch 950/1186 | Loss 2.86790 (NLL 4.21934 [logdet 1.39696, mahal 0.98451], L1 1.72441, Spectral 0.24449, Gradient 0.41185, Quantile 0.78095) | LR 1.25e-05
2026-06-26 14:46:45,749 INFO Epoch 98 | Batch 1000/1186 | Loss 2.89233 (NLL 4.21950 [logdet 1.37300, mahal 1.00862], L1 1.73562, Spectral 0.25103, Gradient 0.41131, Quantile 0.77949) | LR 1.25e-05
2026-06-26 14:46:48,748 INFO Epoch 98 | Batch 1050/1186 | Loss 3.02638 (NLL 4.29564 [logdet 1.42557, mahal 1.03219], L1 1.81725, Spectral 0.26178, Gradient 0.42974, Quantile 0.86961) | LR 1.25e-05
2026-06-26 14:46:51,744 INFO Epoch 98 | Batch 1100/1186 | Loss 2.92857 (NLL 4.27046 [logdet 1.42512, mahal 1.00746], L1 1.77672, Spectral 0.24551, Gradient 0.41361, Quantile 0.81228) | LR 1.25e-05
2026-06-26 14:46:54,739 INFO Epoch 98 | Batch 1150/1186 | Loss 2.90497 (NLL 4.22138 [logdet 1.39904, mahal 0.98446], L1 1.74637, Spectral 0.24913, Gradient 0.41479, Quantile 0.80441) | LR 1.25e-05
2026-06-26 14:47:01,824 INFO Epoch 98 | Val Loss 2.94777 (NLL 4.27510 [logdet 1.38649, mahal 1.05073], L1 1.77640, Spectral 0.25005, Gradient 0.41560, Quantile 0.89649)
2026-06-26 14:47:04,897 INFO Epoch 99 | Batch 50/1186 | Loss 2.98160 (NLL 4.30731 [logdet 1.42501, mahal 1.04442], L1 1.81125, Spectral 0.25161, Gradient 0.41566, Quantile 0.83758) | LR 1.25e-05
2026-06-26 14:47:07,903 INFO Epoch 99 | Batch 100/1186 | Loss 3.03249 (NLL 4.32607 [logdet 1.43486, mahal 1.05333], L1 1.84693, Spectral 0.25386, Gradient 0.42130, Quantile 0.88178) | LR 1.25e-05
2026-06-26 14:47:10,902 INFO Epoch 99 | Batch 150/1186 | Loss 2.83570 (NLL 4.18150 [logdet 1.38339, mahal 0.96023], L1 1.70394, Spectral 0.24167, Gradient 0.40708, Quantile 0.78459) | LR 1.25e-05
2026-06-26 14:47:13,902 INFO Epoch 99 | Batch 200/1186 | Loss 2.86078 (NLL 4.19820 [logdet 1.38996, mahal 0.97036], L1 1.71935, Spectral 0.24467, Gradient 0.40946, Quantile 0.78828) | LR 1.25e-05
2026-06-26 14:47:16,912 INFO Epoch 99 | Batch 250/1186 | Loss 2.90526 (NLL 4.22919 [logdet 1.39432, mahal 0.99699], L1 1.75043, Spectral 0.24642, Gradient 0.41351, Quantile 0.83836) | LR 1.25e-05
2026-06-26 14:47:19,920 INFO Epoch 99 | Batch 300/1186 | Loss 2.97703 (NLL 4.26288 [logdet 1.41755, mahal 1.00745], L1 1.80758, Spectral 0.25242, Gradient 0.41547, Quantile 0.82554) | LR 1.25e-05
2026-06-26 14:47:22,930 INFO Epoch 99 | Batch 350/1186 | Loss 2.91986 (NLL 4.22880 [logdet 1.38661, mahal 1.00432], L1 1.75001, Spectral 0.25082, Gradient 0.42127, Quantile 0.81249) | LR 1.25e-05
2026-06-26 14:47:25,939 INFO Epoch 99 | Batch 400/1186 | Loss 2.88003 (NLL 4.20095 [logdet 1.38604, mahal 0.97703], L1 1.73515, Spectral 0.24772, Gradient 0.40420, Quantile 0.81404) | LR 1.25e-05
2026-06-26 14:47:28,946 INFO Epoch 99 | Batch 450/1186 | Loss 2.93863 (NLL 4.25963 [logdet 1.38362, mahal 1.03813], L1 1.77374, Spectral 0.25048, Gradient 0.41772, Quantile 0.79629) | LR 1.25e-05
2026-06-26 14:47:31,955 INFO Epoch 99 | Batch 500/1186 | Loss 2.86315 (NLL 4.17139 [logdet 1.38404, mahal 0.94947], L1 1.71217, Spectral 0.24573, Gradient 0.41513, Quantile 0.81281) | LR 1.25e-05
2026-06-26 14:47:34,959 INFO Epoch 99 | Batch 550/1186 | Loss 2.94861 (NLL 4.28071 [logdet 1.39332, mahal 1.04952], L1 1.78853, Spectral 0.24779, Gradient 0.41527, Quantile 0.82712) | LR 1.25e-05
2026-06-26 14:47:37,964 INFO Epoch 99 | Batch 600/1186 | Loss 2.93528 (NLL 4.27203 [logdet 1.38474, mahal 1.04942], L1 1.76965, Spectral 0.25182, Gradient 0.41283, Quantile 0.82459) | LR 1.25e-05
2026-06-26 14:47:40,973 INFO Epoch 99 | Batch 650/1186 | Loss 2.88749 (NLL 4.23528 [logdet 1.39896, mahal 0.99845], L1 1.74080, Spectral 0.24627, Gradient 0.40911, Quantile 0.80055) | LR 1.25e-05
2026-06-26 14:47:43,976 INFO Epoch 99 | Batch 700/1186 | Loss 2.96973 (NLL 4.27719 [logdet 1.42030, mahal 1.01901], L1 1.80225, Spectral 0.24950, Gradient 0.41633, Quantile 0.85750) | LR 1.25e-05
2026-06-26 14:47:46,984 INFO Epoch 99 | Batch 750/1186 | Loss 2.94047 (NLL 4.26972 [logdet 1.39086, mahal 1.04099], L1 1.78963, Spectral 0.24591, Gradient 0.41065, Quantile 0.82580) | LR 1.25e-05
2026-06-26 14:47:49,990 INFO Epoch 99 | Batch 800/1186 | Loss 2.93657 (NLL 4.24037 [logdet 1.41590, mahal 0.98659], L1 1.77450, Spectral 0.25171, Gradient 0.41119, Quantile 0.81726) | LR 1.25e-05
2026-06-26 14:47:52,996 INFO Epoch 99 | Batch 850/1186 | Loss 3.00181 (NLL 4.30238 [logdet 1.41263, mahal 1.05187], L1 1.81465, Spectral 0.25408, Gradient 0.42694, Quantile 0.83765) | LR 1.25e-05
2026-06-26 14:47:56,006 INFO Epoch 99 | Batch 900/1186 | Loss 2.96532 (NLL 4.28736 [logdet 1.42840, mahal 1.02108], L1 1.80293, Spectral 0.24558, Gradient 0.41976, Quantile 0.85090) | LR 1.25e-05
2026-06-26 14:47:59,012 INFO Epoch 99 | Batch 950/1186 | Loss 2.92903 (NLL 4.24595 [logdet 1.43305, mahal 0.97503], L1 1.76634, Spectral 0.24919, Gradient 0.41545, Quantile 0.83240) | LR 1.25e-05
2026-06-26 14:48:02,024 INFO Epoch 99 | Batch 1000/1186 | Loss 2.90488 (NLL 4.23909 [logdet 1.40713, mahal 0.99409], L1 1.74246, Spectral 0.25024, Gradient 0.41452, Quantile 0.81773) | LR 1.25e-05
2026-06-26 14:48:05,030 INFO Epoch 99 | Batch 1050/1186 | Loss 2.87121 (NLL 4.21220 [logdet 1.42164, mahal 0.95268], L1 1.73064, Spectral 0.24465, Gradient 0.40772, Quantile 0.79462) | LR 1.25e-05
2026-06-26 14:48:08,038 INFO Epoch 99 | Batch 1100/1186 | Loss 2.94546 (NLL 4.24435 [logdet 1.42408, mahal 0.98239], L1 1.78029, Spectral 0.25218, Gradient 0.41359, Quantile 0.81162) | LR 1.25e-05
2026-06-26 14:48:11,044 INFO Epoch 99 | Batch 1150/1186 | Loss 2.88483 (NLL 4.22752 [logdet 1.37609, mahal 1.01355], L1 1.73650, Spectral 0.24555, Gradient 0.41162, Quantile 0.80938) | LR 1.25e-05
2026-06-26 14:48:18,168 INFO Epoch 99 | Val Loss 2.94703 (NLL 4.27635 [logdet 1.37554, mahal 1.06294], L1 1.77655, Spectral 0.24996, Gradient 0.41573, Quantile 0.88695)
2026-06-26 14:48:18,208 INFO Training complete.
