/home/peytonli/.conda/envs/downscaling_all/lib/python3.10/site-packages/timm/models/layers/__init__.py:49: FutureWarning: Importing from timm.models.layers is deprecated, please import via timm.layers
  warnings.warn(f"Importing from {__name__} is deprecated, please import via timm.layers", FutureWarning)
2026-07-30 20:47:11,528 INFO Logging to /home/peytonli/26.6_wind/runs/0729_meangate/train_20260730_204711.log
2026-07-30 20:47:11,528 INFO Config:
{
  "seed": 0,
  "paths": {
    "data_dir": "/home/peytonli/26.6_wind/data",
    "log_dir": "/home/peytonli/26.6_wind/runs/0729_meangate",
    "splits_path": "/home/peytonli/26.6_wind/data/splits_70_15_15/split_indices.npz"
  },
  "model": {
    "img_size": 200,
    "embed_dim": 96,
    "depths": [
      4,
      4,
      4
    ],
    "num_heads": [
      6,
      6,
      6
    ],
    "window_size": 8,
    "mlp_ratio": 4.0,
    "residual_base": "bicubic",
    "residual_gate_init": 0.1,
    "offset_spread_init": 3.0,
    "drop_rate": 0.05,
    "attn_drop_rate": 0.05,
    "drop_path_rate": 0.1,
    "head_dropout": 0.15
  },
  "training": {
    "batch_size": 8,
    "num_epochs": 100,
    "learning_rate": 1e-05,
    "weight_decay": 0.0001,
    "pin_weight": 1.0,
    "ms_weight": 1.0,
    "freq_weight": 0.5,
    "l1_weight": 0.0,
    "spectral_weight": 0.0,
    "gradient_weight": 0.0,
    "spectral_low_freq_cutoff": 0.28,
    "extreme_weight": {
      "enabled": true,
      "alpha": 2.0,
      "apply_to_q10": true
    },
    "multiscale": {
      "n_levels": 5,
      "base_sigma": 2,
      "metric_per_band": [
        "l1",
        "sw",
        "sw",
        "sw",
        "sw"
      ],
      "patch_size": 8,
      "patch_stride": 4,
      "n_projections": 64,
      "sigma_floor": 0.001,
      "sigma_max_samples": 2000,
      "histogram_weight": 0.0,
      "force_recompute_sigma_band": false
    },
    "freq_band": {
      "n_levels": 5,
      "base_sigma": 2,
      "cdf_weight_mode": "down_extremes",
      "sigma_floor": 0.001,
      "sigma_max_samples": 2000,
      "force_recompute_sigma_band": false
    },
    "grad_clip_norm": 1.0,
    "num_workers": 2,
    "val_interval": 1,
    "early_stop_patience": 50,
    "lr_milestone_fractions": [
      0.25,
      0.4,
      0.6,
      0.8
    ],
    "lr_gamma": 0.5
  },
  "logging": {
    "log_every": 50
  }
}
2026-07-30 20:47:11,528 INFO Using device: cuda:0
2026-07-30 20:47:11,531 INFO Train samples: 4744, Val samples: 1013
/home/peytonli/.conda/envs/downscaling_all/lib/python3.10/site-packages/torch/functional.py:534: UserWarning: torch.meshgrid: in an upcoming release, it will be required to pass the indexing argument. (Triggered internally at ../aten/src/ATen/native/TensorShape.cpp:3595.)
  return _VF.meshgrid(tensors, **kwargs)  # type: ignore[attr-defined]
2026-07-30 20:47:11,935 INFO Total parameters: 2087059
2026-07-30 20:47:11,936 INFO LR schedule: milestones (steps) = [14825, 23720, 35580, 47440] (of 59300 total), gamma = 0.500
2026-07-30 20:47:11,937 INFO Loss weights: {'ms': 1.0, 'freq': 0.5, 'l1': 0.0, 'spectral': 0.0, 'gradient': 0.0, 'pin': 1.0}
2026-07-30 20:47:11,937 INFO Extreme weighting: {'enabled': True, 'alpha': 2.0, 'apply_to_q10': True}
2026-07-30 20:47:11,937 INFO Structural terms computed during training (weight > 0): ['ms', 'freq']
2026-07-30 20:47:11,938 INFO multiscale_loss built (active during training: True): n_levels=5, base_sigma=2.00, metric_per_band=('l1', 'sw', 'sw', 'sw', 'sw'), METRIC_SCALE={'l1': 1.0, 'sw': 2.75} (fixed), sigma_band=[[0.698416531085968, 0.7594446539878845], [0.3979477286338806, 0.42225831747055054], [0.5279598236083984, 0.5658146739006042], [0.80471271276474, 0.8782278895378113], [5.570250034332275, 5.404760837554932]]
2026-07-30 20:47:11,938 INFO freq_band_loss built (active during training: True): n_levels=5, base_sigma=2.00, cdf_weight_mode=down_extremes, sigma_band=[[0.698416531085968, 0.7594446539878845], [0.3979477286338806, 0.42225831747055054], [0.5279598236083984, 0.5658146739006042], [0.80471271276474, 0.8782278895378113], [5.570250034332275, 5.404760837554932]]
2026-07-30 20:47:11,938 INFO Early stop patience: 50 val check(s) without improvement
2026-07-30 20:47:54,547 INFO Epoch 0 | Batch 50/593 | Loss 9.82688 (Pin 1.12303 [q90 0.50781, q10 0.61522], MS 6.80414, Freq 3.79942) | LR 1.00e-05
2026-07-30 20:48:36,578 INFO Epoch 0 | Batch 100/593 | Loss 9.35004 (Pin 1.03628 [q90 0.47591, q10 0.56037], MS 6.37000, Freq 3.88752) | LR 1.00e-05
2026-07-30 20:49:18,673 INFO Epoch 0 | Batch 150/593 | Loss 9.19557 (Pin 1.03558 [q90 0.48464, q10 0.55094], MS 6.13783, Freq 4.04433) | LR 1.00e-05
2026-07-30 20:50:00,752 INFO Epoch 0 | Batch 200/593 | Loss 8.39568 (Pin 1.06269 [q90 0.49524, q10 0.56745], MS 5.14469, Freq 4.37659) | LR 1.00e-05
2026-07-30 20:50:42,867 INFO Epoch 0 | Batch 250/593 | Loss 7.33254 (Pin 1.09074 [q90 0.50398, q10 0.58676], MS 3.84836, Freq 4.78689) | LR 1.00e-05
2026-07-30 20:51:24,978 INFO Epoch 0 | Batch 300/593 | Loss 6.93760 (Pin 1.09663 [q90 0.51647, q10 0.58017], MS 3.34315, Freq 4.99563) | LR 1.00e-05
2026-07-30 20:52:07,075 INFO Epoch 0 | Batch 350/593 | Loss 6.60586 (Pin 1.06853 [q90 0.50279, q10 0.56574], MS 3.01494, Freq 5.04476) | LR 1.00e-05
2026-07-30 20:52:49,172 INFO Epoch 0 | Batch 400/593 | Loss 6.51363 (Pin 1.04198 [q90 0.49367, q10 0.54831], MS 2.92998, Freq 5.08335) | LR 1.00e-05
2026-07-30 20:53:31,252 INFO Epoch 0 | Batch 450/593 | Loss 6.42245 (Pin 1.09108 [q90 0.51231, q10 0.57877], MS 2.75271, Freq 5.15731) | LR 1.00e-05
2026-07-30 20:54:13,341 INFO Epoch 0 | Batch 500/593 | Loss 6.24333 (Pin 1.05380 [q90 0.49582, q10 0.55799], MS 2.63800, Freq 5.10304) | LR 1.00e-05
2026-07-30 20:54:55,443 INFO Epoch 0 | Batch 550/593 | Loss 6.02498 (Pin 1.00842 [q90 0.48227, q10 0.52614], MS 2.51602, Freq 5.00107) | LR 1.00e-05
2026-07-30 20:56:07,073 INFO Epoch 0 | Val Loss 6.46289 (Pin 0.95494 [q90 0.45888, q10 0.49607], MS 3.04451, Freq 4.92687, L1 2.08068, Spectral 0.32092, Gradient 0.58405)
2026-07-30 20:56:07,074 INFO Epoch 0 | Coverage q10/q50/q90 = 0.064/0.501/0.909 (nominal .10/.50/.90) | extreme tail = 0.136/0.504/0.841
2026-07-30 20:56:07,375 INFO New best val loss: 6.46289 (saved checkpoints/best.pth)
2026-07-30 20:56:49,530 INFO Epoch 1 | Batch 50/593 | Loss 5.88830 (Pin 0.99728 [q90 0.47532, q10 0.52197], MS 2.37294, Freq 5.03615) | LR 1.00e-05
2026-07-30 20:57:31,614 INFO Epoch 1 | Batch 100/593 | Loss 5.73625 (Pin 1.00715 [q90 0.47457, q10 0.53258], MS 2.20575, Freq 5.04670) | LR 1.00e-05
2026-07-30 20:58:13,717 INFO Epoch 1 | Batch 150/593 | Loss 5.89082 (Pin 1.02263 [q90 0.47781, q10 0.54482], MS 2.30898, Freq 5.11841) | LR 1.00e-05
2026-07-30 20:58:55,805 INFO Epoch 1 | Batch 200/593 | Loss 5.77911 (Pin 1.00405 [q90 0.47639, q10 0.52766], MS 2.23108, Freq 5.08797) | LR 1.00e-05
2026-07-30 20:59:37,926 INFO Epoch 1 | Batch 250/593 | Loss 5.65751 (Pin 1.00014 [q90 0.47344, q10 0.52669], MS 2.14897, Freq 5.01681) | LR 1.00e-05
2026-07-30 21:00:20,049 INFO Epoch 1 | Batch 300/593 | Loss 5.61631 (Pin 0.99881 [q90 0.47783, q10 0.52098], MS 2.10673, Freq 5.02152) | LR 1.00e-05
2026-07-30 21:01:02,162 INFO Epoch 1 | Batch 350/593 | Loss 5.66215 (Pin 0.97230 [q90 0.46747, q10 0.50483], MS 2.13512, Freq 5.10946) | LR 1.00e-05
2026-07-30 21:01:44,279 INFO Epoch 1 | Batch 400/593 | Loss 5.46797 (Pin 0.95814 [q90 0.45310, q10 0.50504], MS 2.02076, Freq 4.97814) | LR 1.00e-05
2026-07-30 21:02:26,401 INFO Epoch 1 | Batch 450/593 | Loss 5.38197 (Pin 0.99111 [q90 0.46852, q10 0.52259], MS 1.90306, Freq 4.97560) | LR 1.00e-05
2026-07-30 21:03:08,512 INFO Epoch 1 | Batch 500/593 | Loss 5.42069 (Pin 0.97250 [q90 0.47072, q10 0.50177], MS 1.93682, Freq 5.02276) | LR 1.00e-05
2026-07-30 21:03:50,616 INFO Epoch 1 | Batch 550/593 | Loss 5.26098 (Pin 0.94761 [q90 0.45773, q10 0.48988], MS 1.84258, Freq 4.94158) | LR 1.00e-05
2026-07-30 21:05:02,670 INFO Epoch 1 | Val Loss 5.88056 (Pin 0.91830 [q90 0.44446, q10 0.47384], MS 2.59859, Freq 4.72734, L1 2.04093, Spectral 0.32513, Gradient 0.55702)
2026-07-30 21:05:02,671 INFO Epoch 1 | Coverage q10/q50/q90 = 0.065/0.497/0.922 (nominal .10/.50/.90) | extreme tail = 0.116/0.482/0.877
2026-07-30 21:05:02,984 INFO New best val loss: 5.88056 (saved checkpoints/best.pth)
2026-07-30 21:05:45,159 INFO Epoch 2 | Batch 50/593 | Loss 5.22412 (Pin 0.97420 [q90 0.46474, q10 0.50945], MS 1.78015, Freq 4.93954) | LR 1.00e-05
2026-07-30 21:06:27,247 INFO Epoch 2 | Batch 100/593 | Loss 5.23370 (Pin 0.94219 [q90 0.45834, q10 0.48384], MS 1.86200, Freq 4.85903) | LR 1.00e-05
2026-07-30 21:07:09,345 INFO Epoch 2 | Batch 150/593 | Loss 5.35220 (Pin 0.96615 [q90 0.46334, q10 0.50281], MS 1.89969, Freq 4.97272) | LR 1.00e-05
2026-07-30 21:07:51,474 INFO Epoch 2 | Batch 200/593 | Loss 5.13119 (Pin 0.94264 [q90 0.45484, q10 0.48780], MS 1.77118, Freq 4.83475) | LR 1.00e-05
2026-07-30 21:08:33,603 INFO Epoch 2 | Batch 250/593 | Loss 5.17737 (Pin 0.95589 [q90 0.45878, q10 0.49711], MS 1.77509, Freq 4.89277) | LR 1.00e-05
2026-07-30 21:09:15,710 INFO Epoch 2 | Batch 300/593 | Loss 5.24327 (Pin 0.96153 [q90 0.46474, q10 0.49680], MS 1.79689, Freq 4.96970) | LR 1.00e-05
2026-07-30 21:09:57,825 INFO Epoch 2 | Batch 350/593 | Loss 5.11936 (Pin 0.95314 [q90 0.45761, q10 0.49553], MS 1.76506, Freq 4.80233) | LR 1.00e-05
2026-07-30 21:10:39,920 INFO Epoch 2 | Batch 400/593 | Loss 5.15515 (Pin 0.95044 [q90 0.45268, q10 0.49776], MS 1.79594, Freq 4.81754) | LR 1.00e-05
2026-07-30 21:11:22,000 INFO Epoch 2 | Batch 450/593 | Loss 5.09581 (Pin 0.92927 [q90 0.45109, q10 0.47819], MS 1.76215, Freq 4.80877) | LR 1.00e-05
2026-07-30 21:12:04,095 INFO Epoch 2 | Batch 500/593 | Loss 5.05678 (Pin 0.93772 [q90 0.44955, q10 0.48817], MS 1.70863, Freq 4.82087) | LR 1.00e-05
2026-07-30 21:12:46,208 INFO Epoch 2 | Batch 550/593 | Loss 5.09847 (Pin 0.95371 [q90 0.45822, q10 0.49549], MS 1.69602, Freq 4.89748) | LR 1.00e-05
2026-07-30 21:13:57,593 INFO Epoch 2 | Val Loss 5.66559 (Pin 0.89238 [q90 0.43327, q10 0.45911], MS 2.44415, Freq 4.65811, L1 2.01191, Spectral 0.32846, Gradient 0.57080)
2026-07-30 21:13:57,594 INFO Epoch 2 | Coverage q10/q50/q90 = 0.065/0.474/0.920 (nominal .10/.50/.90) | extreme tail = 0.098/0.445/0.881
2026-07-30 21:13:57,899 INFO New best val loss: 5.66559 (saved checkpoints/best.pth)
2026-07-30 21:14:40,063 INFO Epoch 3 | Batch 50/593 | Loss 5.16372 (Pin 0.93772 [q90 0.45240, q10 0.48532], MS 1.82719, Freq 4.79762) | LR 1.00e-05
2026-07-30 21:15:22,161 INFO Epoch 3 | Batch 100/593 | Loss 5.06076 (Pin 0.93001 [q90 0.44920, q10 0.48081], MS 1.74737, Freq 4.76676) | LR 1.00e-05
2026-07-30 21:16:04,258 INFO Epoch 3 | Batch 150/593 | Loss 4.94577 (Pin 0.92605 [q90 0.44644, q10 0.47961], MS 1.64115, Freq 4.75715) | LR 1.00e-05
2026-07-30 21:16:46,375 INFO Epoch 3 | Batch 200/593 | Loss 5.06983 (Pin 0.93491 [q90 0.45194, q10 0.48297], MS 1.73570, Freq 4.79844) | LR 1.00e-05
2026-07-30 21:17:28,471 INFO Epoch 3 | Batch 250/593 | Loss 5.04492 (Pin 0.94693 [q90 0.46344, q10 0.48349], MS 1.69263, Freq 4.81072) | LR 1.00e-05
2026-07-30 21:18:10,568 INFO Epoch 3 | Batch 300/593 | Loss 4.94124 (Pin 0.91884 [q90 0.44737, q10 0.47147], MS 1.65978, Freq 4.72526) | LR 1.00e-05
2026-07-30 21:18:52,684 INFO Epoch 3 | Batch 350/593 | Loss 4.95443 (Pin 0.93868 [q90 0.45473, q10 0.48395], MS 1.59607, Freq 4.83935) | LR 1.00e-05
2026-07-30 21:19:34,773 INFO Epoch 3 | Batch 400/593 | Loss 4.94368 (Pin 0.93873 [q90 0.45103, q10 0.48770], MS 1.63240, Freq 4.74510) | LR 1.00e-05
2026-07-30 21:20:16,884 INFO Epoch 3 | Batch 450/593 | Loss 4.96637 (Pin 0.94614 [q90 0.44915, q10 0.49700], MS 1.61108, Freq 4.81830) | LR 1.00e-05
2026-07-30 21:20:59,000 INFO Epoch 3 | Batch 500/593 | Loss 4.94913 (Pin 0.93332 [q90 0.44994, q10 0.48338], MS 1.62740, Freq 4.77683) | LR 1.00e-05
2026-07-30 21:21:41,107 INFO Epoch 3 | Batch 550/593 | Loss 4.90341 (Pin 0.91059 [q90 0.43991, q10 0.47068], MS 1.64854, Freq 4.68855) | LR 1.00e-05
2026-07-30 21:22:52,787 INFO Epoch 3 | Val Loss 5.55938 (Pin 0.86777 [q90 0.42619, q10 0.44158], MS 2.38732, Freq 4.60859, L1 1.98939, Spectral 0.33002, Gradient 0.58034)
2026-07-30 21:22:52,788 INFO Epoch 3 | Coverage q10/q50/q90 = 0.080/0.481/0.913 (nominal .10/.50/.90) | extreme tail = 0.109/0.446/0.854
2026-07-30 21:22:53,094 INFO New best val loss: 5.55938 (saved checkpoints/best.pth)
2026-07-30 21:23:35,254 INFO Epoch 4 | Batch 50/593 | Loss 4.96235 (Pin 0.93901 [q90 0.45649, q10 0.48252], MS 1.62995, Freq 4.78678) | LR 1.00e-05
2026-07-30 21:24:17,352 INFO Epoch 4 | Batch 100/593 | Loss 4.84999 (Pin 0.92023 [q90 0.44918, q10 0.47105], MS 1.55901, Freq 4.74150) | LR 1.00e-05
2026-07-30 21:24:59,433 INFO Epoch 4 | Batch 150/593 | Loss 4.83996 (Pin 0.92230 [q90 0.44504, q10 0.47726], MS 1.59349, Freq 4.64834) | LR 1.00e-05
2026-07-30 21:25:41,526 INFO Epoch 4 | Batch 200/593 | Loss 4.86599 (Pin 0.89907 [q90 0.43225, q10 0.46682], MS 1.60515, Freq 4.72356) | LR 1.00e-05
2026-07-30 21:26:23,635 INFO Epoch 4 | Batch 250/593 | Loss 4.88277 (Pin 0.90770 [q90 0.43795, q10 0.46976], MS 1.64569, Freq 4.65875) | LR 1.00e-05
2026-07-30 21:27:05,725 INFO Epoch 4 | Batch 300/593 | Loss 5.09587 (Pin 0.93069 [q90 0.44499, q10 0.48571], MS 1.76283, Freq 4.80471) | LR 1.00e-05
2026-07-30 21:27:47,823 INFO Epoch 4 | Batch 350/593 | Loss 4.81118 (Pin 0.89551 [q90 0.43485, q10 0.46066], MS 1.56864, Freq 4.69407) | LR 1.00e-05
2026-07-30 21:28:29,922 INFO Epoch 4 | Batch 400/593 | Loss 4.90701 (Pin 0.91427 [q90 0.43945, q10 0.47482], MS 1.65744, Freq 4.67059) | LR 1.00e-05
2026-07-30 21:29:12,022 INFO Epoch 4 | Batch 450/593 | Loss 4.85024 (Pin 0.91642 [q90 0.44373, q10 0.47270], MS 1.59617, Freq 4.67529) | LR 1.00e-05
2026-07-30 21:29:54,139 INFO Epoch 4 | Batch 500/593 | Loss 4.83951 (Pin 0.92178 [q90 0.44195, q10 0.47983], MS 1.59142, Freq 4.65264) | LR 1.00e-05
2026-07-30 21:30:36,270 INFO Epoch 4 | Batch 550/593 | Loss 4.82287 (Pin 0.91620 [q90 0.44715, q10 0.46905], MS 1.57048, Freq 4.67236) | LR 1.00e-05
2026-07-30 21:31:47,639 INFO Epoch 4 | Val Loss 5.42752 (Pin 0.85633 [q90 0.42246, q10 0.43387], MS 2.32313, Freq 4.49613, L1 1.95958, Spectral 0.32783, Gradient 0.57315)
2026-07-30 21:31:47,640 INFO Epoch 4 | Coverage q10/q50/q90 = 0.078/0.484/0.908 (nominal .10/.50/.90) | extreme tail = 0.115/0.437/0.851
2026-07-30 21:31:47,959 INFO New best val loss: 5.42752 (saved checkpoints/best.pth)
2026-07-30 21:32:30,137 INFO Epoch 5 | Batch 50/593 | Loss 4.81626 (Pin 0.89146 [q90 0.42969, q10 0.46177], MS 1.62594, Freq 4.59772) | LR 1.00e-05
2026-07-30 21:33:12,244 INFO Epoch 5 | Batch 100/593 | Loss 4.84078 (Pin 0.91062 [q90 0.44023, q10 0.47039], MS 1.61856, Freq 4.62319) | LR 1.00e-05
2026-07-30 21:33:54,373 INFO Epoch 5 | Batch 150/593 | Loss 4.81327 (Pin 0.89659 [q90 0.43693, q10 0.45966], MS 1.57266, Freq 4.68805) | LR 1.00e-05
2026-07-30 21:34:36,478 INFO Epoch 5 | Batch 200/593 | Loss 4.87030 (Pin 0.93123 [q90 0.45075, q10 0.48048], MS 1.59090, Freq 4.69634) | LR 1.00e-05
2026-07-30 21:35:18,601 INFO Epoch 5 | Batch 250/593 | Loss 4.86295 (Pin 0.91658 [q90 0.44433, q10 0.47225], MS 1.58759, Freq 4.71757) | LR 1.00e-05
2026-07-30 21:36:00,708 INFO Epoch 5 | Batch 300/593 | Loss 4.81075 (Pin 0.90517 [q90 0.44071, q10 0.46447], MS 1.58975, Freq 4.63164) | LR 1.00e-05
2026-07-30 21:36:42,824 INFO Epoch 5 | Batch 350/593 | Loss 4.82081 (Pin 0.90446 [q90 0.43909, q10 0.46538], MS 1.58062, Freq 4.67146) | LR 1.00e-05
2026-07-30 21:37:24,928 INFO Epoch 5 | Batch 400/593 | Loss 4.74391 (Pin 0.90637 [q90 0.43864, q10 0.46773], MS 1.54616, Freq 4.58276) | LR 1.00e-05
2026-07-30 21:38:07,030 INFO Epoch 5 | Batch 450/593 | Loss 4.85381 (Pin 0.91093 [q90 0.44243, q10 0.46850], MS 1.59162, Freq 4.70252) | LR 1.00e-05
2026-07-30 21:38:49,156 INFO Epoch 5 | Batch 500/593 | Loss 4.79371 (Pin 0.91843 [q90 0.44612, q10 0.47231], MS 1.52015, Freq 4.71026) | LR 1.00e-05
2026-07-30 21:39:31,252 INFO Epoch 5 | Batch 550/593 | Loss 4.79940 (Pin 0.91036 [q90 0.43996, q10 0.47040], MS 1.55724, Freq 4.66359) | LR 1.00e-05
2026-07-30 21:40:43,231 INFO Epoch 5 | Val Loss 5.44774 (Pin 0.84833 [q90 0.42072, q10 0.42761], MS 2.39629, Freq 4.40624, L1 1.95357, Spectral 0.32838, Gradient 0.57000)
2026-07-30 21:40:43,232 INFO Epoch 5 | Coverage q10/q50/q90 = 0.083/0.474/0.897 (nominal .10/.50/.90) | extreme tail = 0.119/0.430/0.838
2026-07-30 21:40:43,400 INFO Epoch 5 | Val loss did not improve (1/50 val checks since best=5.42752)
2026-07-30 21:41:25,564 INFO Epoch 6 | Batch 50/593 | Loss 4.83886 (Pin 0.91351 [q90 0.43808, q10 0.47543], MS 1.57877, Freq 4.69315) | LR 1.00e-05
2026-07-30 21:42:07,665 INFO Epoch 6 | Batch 100/593 | Loss 4.78668 (Pin 0.91100 [q90 0.43856, q10 0.47244], MS 1.58231, Freq 4.58674) | LR 1.00e-05
2026-07-30 21:42:49,793 INFO Epoch 6 | Batch 150/593 | Loss 4.64654 (Pin 0.88724 [q90 0.43630, q10 0.45094], MS 1.48236, Freq 4.55388) | LR 1.00e-05
2026-07-30 21:43:31,908 INFO Epoch 6 | Batch 200/593 | Loss 4.63454 (Pin 0.88241 [q90 0.42956, q10 0.45285], MS 1.48095, Freq 4.54236) | LR 1.00e-05
2026-07-30 21:44:14,034 INFO Epoch 6 | Batch 250/593 | Loss 4.73469 (Pin 0.91081 [q90 0.43610, q10 0.47470], MS 1.54523, Freq 4.55729) | LR 1.00e-05
2026-07-30 21:44:56,125 INFO Epoch 6 | Batch 300/593 | Loss 4.86150 (Pin 0.92875 [q90 0.45434, q10 0.47441], MS 1.59738, Freq 4.67074) | LR 1.00e-05
2026-07-30 21:45:38,208 INFO Epoch 6 | Batch 350/593 | Loss 4.66265 (Pin 0.85972 [q90 0.41744, q10 0.44228], MS 1.54931, Freq 4.50725) | LR 1.00e-05
2026-07-30 21:46:20,325 INFO Epoch 6 | Batch 400/593 | Loss 4.77353 (Pin 0.89919 [q90 0.44085, q10 0.45834], MS 1.58987, Freq 4.56895) | LR 1.00e-05
2026-07-30 21:47:02,437 INFO Epoch 6 | Batch 450/593 | Loss 4.79815 (Pin 0.89424 [q90 0.43262, q10 0.46163], MS 1.59457, Freq 4.61867) | LR 1.00e-05
2026-07-30 21:47:44,527 INFO Epoch 6 | Batch 500/593 | Loss 4.73997 (Pin 0.90848 [q90 0.44343, q10 0.46506], MS 1.51373, Freq 4.63551) | LR 1.00e-05
2026-07-30 21:48:26,632 INFO Epoch 6 | Batch 550/593 | Loss 4.72857 (Pin 0.90409 [q90 0.43990, q10 0.46419], MS 1.50707, Freq 4.63481) | LR 1.00e-05
2026-07-30 21:49:38,311 INFO Epoch 6 | Val Loss 5.38565 (Pin 0.84472 [q90 0.41713, q10 0.42759], MS 2.34302, Freq 4.39583, L1 1.92906, Spectral 0.32518, Gradient 0.56020)
2026-07-30 21:49:38,311 INFO Epoch 6 | Coverage q10/q50/q90 = 0.091/0.461/0.896 (nominal .10/.50/.90) | extreme tail = 0.119/0.412/0.841
2026-07-30 21:49:38,837 INFO New best val loss: 5.38565 (saved checkpoints/best.pth)
2026-07-30 21:50:20,996 INFO Epoch 7 | Batch 50/593 | Loss 4.77649 (Pin 0.90760 [q90 0.44294, q10 0.46466], MS 1.54550, Freq 4.64678) | LR 1.00e-05
2026-07-30 21:51:03,108 INFO Epoch 7 | Batch 100/593 | Loss 4.80281 (Pin 0.91043 [q90 0.43977, q10 0.47066], MS 1.57647, Freq 4.63183) | LR 1.00e-05
2026-07-30 21:51:45,228 INFO Epoch 7 | Batch 150/593 | Loss 4.74777 (Pin 0.90934 [q90 0.44327, q10 0.46607], MS 1.56120, Freq 4.55446) | LR 1.00e-05
2026-07-30 21:52:27,345 INFO Epoch 7 | Batch 200/593 | Loss 4.77683 (Pin 0.89814 [q90 0.43630, q10 0.46183], MS 1.58436, Freq 4.58867) | LR 1.00e-05
2026-07-30 21:53:09,471 INFO Epoch 7 | Batch 250/593 | Loss 4.77579 (Pin 0.88572 [q90 0.42789, q10 0.45783], MS 1.61674, Freq 4.54666) | LR 1.00e-05
2026-07-30 21:53:51,592 INFO Epoch 7 | Batch 300/593 | Loss 4.72440 (Pin 0.89300 [q90 0.43424, q10 0.45877], MS 1.56365, Freq 4.53550) | LR 1.00e-05
2026-07-30 21:54:33,721 INFO Epoch 7 | Batch 350/593 | Loss 4.66096 (Pin 0.87730 [q90 0.42766, q10 0.44964], MS 1.53891, Freq 4.48950) | LR 1.00e-05
2026-07-30 21:55:15,841 INFO Epoch 7 | Batch 400/593 | Loss 4.62241 (Pin 0.88682 [q90 0.43038, q10 0.45644], MS 1.45858, Freq 4.55403) | LR 1.00e-05
2026-07-30 21:55:57,942 INFO Epoch 7 | Batch 450/593 | Loss 4.59156 (Pin 0.88402 [q90 0.43054, q10 0.45348], MS 1.48284, Freq 4.44939) | LR 1.00e-05
2026-07-30 21:56:40,056 INFO Epoch 7 | Batch 500/593 | Loss 4.76450 (Pin 0.88931 [q90 0.43196, q10 0.45735], MS 1.57167, Freq 4.60703) | LR 1.00e-05
2026-07-30 21:57:22,193 INFO Epoch 7 | Batch 550/593 | Loss 4.66610 (Pin 0.87793 [q90 0.42664, q10 0.45130], MS 1.53057, Freq 4.51519) | LR 1.00e-05
2026-07-30 21:58:33,436 INFO Epoch 7 | Val Loss 5.33312 (Pin 0.83549 [q90 0.41535, q10 0.42014], MS 2.39217, Freq 4.21092, L1 1.87477, Spectral 0.32200, Gradient 0.53931)
2026-07-30 21:58:33,437 INFO Epoch 7 | Coverage q10/q50/q90 = 0.087/0.469/0.891 (nominal .10/.50/.90) | extreme tail = 0.119/0.432/0.846
2026-07-30 21:58:33,775 INFO New best val loss: 5.33312 (saved checkpoints/best.pth)
2026-07-30 21:59:15,953 INFO Epoch 8 | Batch 50/593 | Loss 4.67159 (Pin 0.89322 [q90 0.43798, q10 0.45525], MS 1.49954, Freq 4.55766) | LR 1.00e-05
2026-07-30 21:59:58,048 INFO Epoch 8 | Batch 100/593 | Loss 4.72195 (Pin 0.89971 [q90 0.43668, q10 0.46303], MS 1.52906, Freq 4.58637) | LR 1.00e-05
2026-07-30 22:00:40,150 INFO Epoch 8 | Batch 150/593 | Loss 4.65144 (Pin 0.89408 [q90 0.43052, q10 0.46356], MS 1.47463, Freq 4.56546) | LR 1.00e-05
2026-07-30 22:01:22,262 INFO Epoch 8 | Batch 200/593 | Loss 4.70321 (Pin 0.89560 [q90 0.43573, q10 0.45986], MS 1.53552, Freq 4.54418) | LR 1.00e-05
2026-07-30 22:02:04,370 INFO Epoch 8 | Batch 250/593 | Loss 4.61100 (Pin 0.87121 [q90 0.42500, q10 0.44620], MS 1.51306, Freq 4.45347) | LR 1.00e-05
2026-07-30 22:02:46,468 INFO Epoch 8 | Batch 300/593 | Loss 4.67007 (Pin 0.88839 [q90 0.42945, q10 0.45894], MS 1.50506, Freq 4.55324) | LR 1.00e-05
2026-07-30 22:03:28,604 INFO Epoch 8 | Batch 350/593 | Loss 4.58106 (Pin 0.89656 [q90 0.43854, q10 0.45802], MS 1.42995, Freq 4.50910) | LR 1.00e-05
2026-07-30 22:04:10,719 INFO Epoch 8 | Batch 400/593 | Loss 4.61749 (Pin 0.87340 [q90 0.42857, q10 0.44483], MS 1.48152, Freq 4.52514) | LR 1.00e-05
2026-07-30 22:04:52,822 INFO Epoch 8 | Batch 450/593 | Loss 4.61756 (Pin 0.88405 [q90 0.42630, q10 0.45775], MS 1.47065, Freq 4.52573) | LR 1.00e-05
2026-07-30 22:05:34,923 INFO Epoch 8 | Batch 500/593 | Loss 4.59150 (Pin 0.88056 [q90 0.42460, q10 0.45596], MS 1.50469, Freq 4.41248) | LR 1.00e-05
2026-07-30 22:06:17,028 INFO Epoch 8 | Batch 550/593 | Loss 4.57211 (Pin 0.87820 [q90 0.43152, q10 0.44668], MS 1.45782, Freq 4.47218) | LR 1.00e-05
2026-07-30 22:07:28,241 INFO Epoch 8 | Val Loss 5.23617 (Pin 0.83019 [q90 0.41251, q10 0.41768], MS 2.24210, Freq 4.32776, L1 1.89051, Spectral 0.32521, Gradient 0.55277)
2026-07-30 22:07:28,241 INFO Epoch 8 | Coverage q10/q50/q90 = 0.085/0.484/0.904 (nominal .10/.50/.90) | extreme tail = 0.116/0.435/0.846
2026-07-30 22:07:28,568 INFO New best val loss: 5.23617 (saved checkpoints/best.pth)
2026-07-30 22:08:10,718 INFO Epoch 9 | Batch 50/593 | Loss 4.53361 (Pin 0.86731 [q90 0.42274, q10 0.44456], MS 1.42694, Freq 4.47871) | LR 1.00e-05
2026-07-30 22:08:52,843 INFO Epoch 9 | Batch 100/593 | Loss 4.62262 (Pin 0.89344 [q90 0.42586, q10 0.46758], MS 1.49216, Freq 4.47404) | LR 1.00e-05
2026-07-30 22:09:35,098 INFO Epoch 9 | Batch 150/593 | Loss 4.61115 (Pin 0.88379 [q90 0.42985, q10 0.45394], MS 1.46417, Freq 4.52639) | LR 1.00e-05
2026-07-30 22:10:17,209 INFO Epoch 9 | Batch 200/593 | Loss 4.65058 (Pin 0.91385 [q90 0.44759, q10 0.46626], MS 1.48432, Freq 4.50482) | LR 1.00e-05
2026-07-30 22:10:59,325 INFO Epoch 9 | Batch 250/593 | Loss 4.76373 (Pin 0.88247 [q90 0.42632, q10 0.45615], MS 1.63160, Freq 4.49933) | LR 1.00e-05
2026-07-30 22:11:41,422 INFO Epoch 9 | Batch 300/593 | Loss 4.66041 (Pin 0.88821 [q90 0.43516, q10 0.45306], MS 1.47691, Freq 4.59058) | LR 1.00e-05
2026-07-30 22:12:23,528 INFO Epoch 9 | Batch 350/593 | Loss 4.59868 (Pin 0.87243 [q90 0.42586, q10 0.44657], MS 1.49216, Freq 4.46818) | LR 1.00e-05
2026-07-30 22:13:05,642 INFO Epoch 9 | Batch 400/593 | Loss 4.77582 (Pin 0.87120 [q90 0.42736, q10 0.44384], MS 1.63997, Freq 4.52931) | LR 1.00e-05
2026-07-30 22:13:47,757 INFO Epoch 9 | Batch 450/593 | Loss 4.42154 (Pin 0.85753 [q90 0.41592, q10 0.44160], MS 1.37168, Freq 4.38468) | LR 1.00e-05
2026-07-30 22:14:29,841 INFO Epoch 9 | Batch 500/593 | Loss 4.68454 (Pin 0.89830 [q90 0.44018, q10 0.45812], MS 1.54637, Freq 4.47973) | LR 1.00e-05
2026-07-30 22:15:11,942 INFO Epoch 9 | Batch 550/593 | Loss 4.59488 (Pin 0.88197 [q90 0.42669, q10 0.45528], MS 1.47509, Freq 4.47562) | LR 1.00e-05
2026-07-30 22:16:35,032 INFO Epoch 9 | Val Loss 5.21352 (Pin 0.83194 [q90 0.41234, q10 0.41960], MS 2.22477, Freq 4.31362, L1 1.87193, Spectral 0.32659, Gradient 0.55604)
2026-07-30 22:16:35,032 INFO Epoch 9 | Coverage q10/q50/q90 = 0.092/0.473/0.896 (nominal .10/.50/.90) | extreme tail = 0.122/0.433/0.850
2026-07-30 22:16:35,351 INFO New best val loss: 5.21352 (saved checkpoints/best.pth)
2026-07-30 22:17:17,479 INFO Epoch 10 | Batch 50/593 | Loss 4.58611 (Pin 0.89282 [q90 0.43937, q10 0.45345], MS 1.44827, Freq 4.49003) | LR 1.00e-05
2026-07-30 22:17:59,570 INFO Epoch 10 | Batch 100/593 | Loss 4.64799 (Pin 0.88248 [q90 0.42863, q10 0.45385], MS 1.52553, Freq 4.47997) | LR 1.00e-05
2026-07-30 22:18:41,649 INFO Epoch 10 | Batch 150/593 | Loss 4.68746 (Pin 0.88287 [q90 0.43133, q10 0.45154], MS 1.53467, Freq 4.53985) | LR 1.00e-05
2026-07-30 22:19:23,735 INFO Epoch 10 | Batch 200/593 | Loss 4.49248 (Pin 0.85860 [q90 0.41713, q10 0.44148], MS 1.43016, Freq 4.40742) | LR 1.00e-05
2026-07-30 22:20:05,823 INFO Epoch 10 | Batch 250/593 | Loss 4.51866 (Pin 0.87687 [q90 0.42654, q10 0.45033], MS 1.41338, Freq 4.45683) | LR 1.00e-05
2026-07-30 22:20:47,894 INFO Epoch 10 | Batch 300/593 | Loss 4.46995 (Pin 0.85154 [q90 0.41290, q10 0.43864], MS 1.42326, Freq 4.39031) | LR 1.00e-05
2026-07-30 22:21:29,960 INFO Epoch 10 | Batch 350/593 | Loss 4.64422 (Pin 0.89730 [q90 0.43595, q10 0.46135], MS 1.49049, Freq 4.51287) | LR 1.00e-05
2026-07-30 22:22:12,026 INFO Epoch 10 | Batch 400/593 | Loss 4.54166 (Pin 0.87474 [q90 0.42704, q10 0.44770], MS 1.46515, Freq 4.40354) | LR 1.00e-05
2026-07-30 22:22:54,079 INFO Epoch 10 | Batch 450/593 | Loss 4.53306 (Pin 0.87405 [q90 0.42948, q10 0.44457], MS 1.43226, Freq 4.45350) | LR 1.00e-05
2026-07-30 22:23:36,152 INFO Epoch 10 | Batch 500/593 | Loss 4.56294 (Pin 0.87874 [q90 0.42998, q10 0.44876], MS 1.47169, Freq 4.42502) | LR 1.00e-05
2026-07-30 22:24:18,254 INFO Epoch 10 | Batch 550/593 | Loss 4.47479 (Pin 0.86763 [q90 0.42092, q10 0.44671], MS 1.42638, Freq 4.36156) | LR 1.00e-05
2026-07-30 22:25:29,921 INFO Epoch 10 | Val Loss 5.17883 (Pin 0.82804 [q90 0.40990, q10 0.41814], MS 2.17624, Freq 4.34911, L1 1.86972, Spectral 0.33169, Gradient 0.56598)
2026-07-30 22:25:29,922 INFO Epoch 10 | Coverage q10/q50/q90 = 0.072/0.474/0.911 (nominal .10/.50/.90) | extreme tail = 0.106/0.432/0.857
2026-07-30 22:25:30,243 INFO New best val loss: 5.17883 (saved checkpoints/best.pth)
2026-07-30 22:26:12,379 INFO Epoch 11 | Batch 50/593 | Loss 4.56127 (Pin 0.88721 [q90 0.42991, q10 0.45731], MS 1.42070, Freq 4.50672) | LR 1.00e-05
2026-07-30 22:26:54,471 INFO Epoch 11 | Batch 100/593 | Loss 4.47819 (Pin 0.85119 [q90 0.41376, q10 0.43743], MS 1.43777, Freq 4.37847) | LR 1.00e-05
2026-07-30 22:27:36,585 INFO Epoch 11 | Batch 150/593 | Loss 4.55517 (Pin 0.86724 [q90 0.42526, q10 0.44198], MS 1.49187, Freq 4.39212) | LR 1.00e-05
2026-07-30 22:28:18,720 INFO Epoch 11 | Batch 200/593 | Loss 4.52721 (Pin 0.88025 [q90 0.42988, q10 0.45037], MS 1.43744, Freq 4.41904) | LR 1.00e-05
2026-07-30 22:29:00,827 INFO Epoch 11 | Batch 250/593 | Loss 4.49549 (Pin 0.86927 [q90 0.42674, q10 0.44253], MS 1.42486, Freq 4.40271) | LR 1.00e-05
2026-07-30 22:29:42,928 INFO Epoch 11 | Batch 300/593 | Loss 4.50648 (Pin 0.88308 [q90 0.43084, q10 0.45223], MS 1.39771, Freq 4.45138) | LR 1.00e-05
2026-07-30 22:30:25,043 INFO Epoch 11 | Batch 350/593 | Loss 4.56377 (Pin 0.88481 [q90 0.43469, q10 0.45012], MS 1.45809, Freq 4.44175) | LR 1.00e-05
2026-07-30 22:31:07,149 INFO Epoch 11 | Batch 400/593 | Loss 4.59369 (Pin 0.88648 [q90 0.43290, q10 0.45358], MS 1.48197, Freq 4.45050) | LR 1.00e-05
2026-07-30 22:31:49,256 INFO Epoch 11 | Batch 450/593 | Loss 4.51047 (Pin 0.88983 [q90 0.43089, q10 0.45894], MS 1.39588, Freq 4.44953) | LR 1.00e-05
2026-07-30 22:32:31,362 INFO Epoch 11 | Batch 500/593 | Loss 4.38517 (Pin 0.84472 [q90 0.41277, q10 0.43195], MS 1.37369, Freq 4.33353) | LR 1.00e-05
2026-07-30 22:33:13,469 INFO Epoch 11 | Batch 550/593 | Loss 4.52675 (Pin 0.87370 [q90 0.42472, q10 0.44898], MS 1.43464, Freq 4.43682) | LR 1.00e-05
2026-07-30 22:34:25,139 INFO Epoch 11 | Val Loss 5.19640 (Pin 0.82794 [q90 0.41028, q10 0.41766], MS 2.19573, Freq 4.34545, L1 1.87246, Spectral 0.33189, Gradient 0.56452)
2026-07-30 22:34:25,139 INFO Epoch 11 | Coverage q10/q50/q90 = 0.074/0.485/0.913 (nominal .10/.50/.90) | extreme tail = 0.103/0.427/0.866
2026-07-30 22:34:25,311 INFO Epoch 11 | Val loss did not improve (1/50 val checks since best=5.17883)
2026-07-30 22:35:07,469 INFO Epoch 12 | Batch 50/593 | Loss 4.54942 (Pin 0.87807 [q90 0.42848, q10 0.44959], MS 1.45746, Freq 4.42778) | LR 1.00e-05
2026-07-30 22:35:49,571 INFO Epoch 12 | Batch 100/593 | Loss 4.42575 (Pin 0.85931 [q90 0.41854, q10 0.44077], MS 1.37470, Freq 4.38348) | LR 1.00e-05
2026-07-30 22:36:31,679 INFO Epoch 12 | Batch 150/593 | Loss 4.53306 (Pin 0.87702 [q90 0.42491, q10 0.45211], MS 1.43185, Freq 4.44839) | LR 1.00e-05
2026-07-30 22:37:13,799 INFO Epoch 12 | Batch 200/593 | Loss 4.48902 (Pin 0.88015 [q90 0.42417, q10 0.45599], MS 1.40472, Freq 4.40830) | LR 1.00e-05
2026-07-30 22:37:55,906 INFO Epoch 12 | Batch 250/593 | Loss 4.43860 (Pin 0.84001 [q90 0.41064, q10 0.42937], MS 1.43811, Freq 4.32098) | LR 1.00e-05
2026-07-30 22:38:38,004 INFO Epoch 12 | Batch 300/593 | Loss 4.56171 (Pin 0.87828 [q90 0.43055, q10 0.44773], MS 1.47788, Freq 4.41110) | LR 1.00e-05
2026-07-30 22:39:20,131 INFO Epoch 12 | Batch 350/593 | Loss 4.63307 (Pin 0.88035 [q90 0.43012, q10 0.45022], MS 1.52497, Freq 4.45551) | LR 1.00e-05
2026-07-30 22:40:02,216 INFO Epoch 12 | Batch 400/593 | Loss 4.49117 (Pin 0.86071 [q90 0.41421, q10 0.44650], MS 1.46381, Freq 4.33330) | LR 1.00e-05
2026-07-30 22:40:44,325 INFO Epoch 12 | Batch 450/593 | Loss 4.62012 (Pin 0.89247 [q90 0.43478, q10 0.45770], MS 1.48779, Freq 4.47971) | LR 1.00e-05
2026-07-30 22:41:26,439 INFO Epoch 12 | Batch 500/593 | Loss 4.54276 (Pin 0.88295 [q90 0.43430, q10 0.44865], MS 1.44276, Freq 4.43411) | LR 1.00e-05
2026-07-30 22:42:08,538 INFO Epoch 12 | Batch 550/593 | Loss 4.58477 (Pin 0.86377 [q90 0.42045, q10 0.44332], MS 1.53554, Freq 4.37091) | LR 1.00e-05
2026-07-30 22:43:19,836 INFO Epoch 12 | Val Loss 5.12350 (Pin 0.82685 [q90 0.41129, q10 0.41557], MS 2.18536, Freq 4.22257, L1 1.85033, Spectral 0.32360, Gradient 0.54006)
2026-07-30 22:43:19,837 INFO Epoch 12 | Coverage q10/q50/q90 = 0.075/0.466/0.892 (nominal .10/.50/.90) | extreme tail = 0.119/0.455/0.862
2026-07-30 22:43:20,166 INFO New best val loss: 5.12350 (saved checkpoints/best.pth)
2026-07-30 22:44:02,346 INFO Epoch 13 | Batch 50/593 | Loss 4.43640 (Pin 0.86584 [q90 0.42113, q10 0.44471], MS 1.37160, Freq 4.39792) | LR 1.00e-05
2026-07-30 22:44:44,454 INFO Epoch 13 | Batch 100/593 | Loss 4.51592 (Pin 0.86703 [q90 0.42276, q10 0.44427], MS 1.46456, Freq 4.36867) | LR 1.00e-05
2026-07-30 22:45:26,561 INFO Epoch 13 | Batch 150/593 | Loss 4.56812 (Pin 0.86957 [q90 0.42504, q10 0.44452], MS 1.49826, Freq 4.40060) | LR 1.00e-05
2026-07-30 22:46:08,849 INFO Epoch 13 | Batch 200/593 | Loss 4.62370 (Pin 0.88795 [q90 0.43040, q10 0.45755], MS 1.50696, Freq 4.45758) | LR 1.00e-05
2026-07-30 22:46:51,171 INFO Epoch 13 | Batch 250/593 | Loss 4.58351 (Pin 0.87874 [q90 0.42812, q10 0.45062], MS 1.50201, Freq 4.40552) | LR 1.00e-05
2026-07-30 22:47:33,320 INFO Epoch 13 | Batch 300/593 | Loss 4.46667 (Pin 0.87255 [q90 0.42745, q10 0.44510], MS 1.39273, Freq 4.40278) | LR 1.00e-05
2026-07-30 22:48:15,397 INFO Epoch 13 | Batch 350/593 | Loss 4.53730 (Pin 0.87089 [q90 0.42723, q10 0.44366], MS 1.47245, Freq 4.38792) | LR 1.00e-05
2026-07-30 22:48:57,462 INFO Epoch 13 | Batch 400/593 | Loss 4.54341 (Pin 0.86408 [q90 0.41990, q10 0.44418], MS 1.47920, Freq 4.40026) | LR 1.00e-05
2026-07-30 22:49:39,531 INFO Epoch 13 | Batch 450/593 | Loss 4.45934 (Pin 0.86177 [q90 0.41943, q10 0.44233], MS 1.42810, Freq 4.33895) | LR 1.00e-05
2026-07-30 22:50:21,614 INFO Epoch 13 | Batch 500/593 | Loss 4.52352 (Pin 0.86576 [q90 0.42441, q10 0.44134], MS 1.47652, Freq 4.36249) | LR 1.00e-05
2026-07-30 22:51:03,681 INFO Epoch 13 | Batch 550/593 | Loss 4.49664 (Pin 0.87355 [q90 0.42506, q10 0.44849], MS 1.43586, Freq 4.37445) | LR 1.00e-05
2026-07-30 22:52:16,069 INFO Epoch 13 | Val Loss 5.17585 (Pin 0.82445 [q90 0.40869, q10 0.41576], MS 2.20692, Freq 4.28895, L1 1.87072, Spectral 0.33082, Gradient 0.55247)
2026-07-30 22:52:16,070 INFO Epoch 13 | Coverage q10/q50/q90 = 0.080/0.475/0.899 (nominal .10/.50/.90) | extreme tail = 0.109/0.433/0.860
2026-07-30 22:52:16,235 INFO Epoch 13 | Val loss did not improve (1/50 val checks since best=5.12350)
2026-07-30 22:52:58,358 INFO Epoch 14 | Batch 50/593 | Loss 4.50940 (Pin 0.87595 [q90 0.43379, q10 0.44216], MS 1.47482, Freq 4.31725) | LR 1.00e-05
2026-07-30 22:53:40,450 INFO Epoch 14 | Batch 100/593 | Loss 4.50945 (Pin 0.87417 [q90 0.42511, q10 0.44906], MS 1.41724, Freq 4.43607) | LR 1.00e-05
2026-07-30 22:54:22,529 INFO Epoch 14 | Batch 150/593 | Loss 4.41185 (Pin 0.87138 [q90 0.42348, q10 0.44790], MS 1.35809, Freq 4.36477) | LR 1.00e-05
2026-07-30 22:55:04,616 INFO Epoch 14 | Batch 200/593 | Loss 4.53810 (Pin 0.88518 [q90 0.42803, q10 0.45715], MS 1.45054, Freq 4.40475) | LR 1.00e-05
2026-07-30 22:55:46,696 INFO Epoch 14 | Batch 250/593 | Loss 4.45358 (Pin 0.84223 [q90 0.40967, q10 0.43256], MS 1.44016, Freq 4.34239) | LR 1.00e-05
2026-07-30 22:56:28,843 INFO Epoch 14 | Batch 300/593 | Loss 4.44482 (Pin 0.85774 [q90 0.42334, q10 0.43441], MS 1.40985, Freq 4.35446) | LR 1.00e-05
2026-07-30 22:57:11,162 INFO Epoch 14 | Batch 350/593 | Loss 4.56976 (Pin 0.88943 [q90 0.43096, q10 0.45847], MS 1.44715, Freq 4.46635) | LR 1.00e-05
2026-07-30 22:57:53,469 INFO Epoch 14 | Batch 400/593 | Loss 4.45019 (Pin 0.85418 [q90 0.41343, q10 0.44075], MS 1.42173, Freq 4.34857) | LR 1.00e-05
2026-07-30 22:58:35,758 INFO Epoch 14 | Batch 450/593 | Loss 4.48781 (Pin 0.86408 [q90 0.42289, q10 0.44118], MS 1.45294, Freq 4.34159) | LR 1.00e-05
2026-07-30 22:59:18,054 INFO Epoch 14 | Batch 500/593 | Loss 4.52304 (Pin 0.89613 [q90 0.43989, q10 0.45623], MS 1.41502, Freq 4.42380) | LR 1.00e-05
2026-07-30 23:00:00,314 INFO Epoch 14 | Batch 550/593 | Loss 4.48983 (Pin 0.86096 [q90 0.42252, q10 0.43844], MS 1.47044, Freq 4.31686) | LR 1.00e-05
2026-07-30 23:01:11,684 INFO Epoch 14 | Val Loss 5.10871 (Pin 0.81935 [q90 0.40905, q10 0.41030], MS 2.24509, Freq 4.08853, L1 1.79972, Spectral 0.32082, Gradient 0.52223)
2026-07-30 23:01:11,685 INFO Epoch 14 | Coverage q10/q50/q90 = 0.094/0.490/0.892 (nominal .10/.50/.90) | extreme tail = 0.130/0.464/0.853
2026-07-30 23:01:12,010 INFO New best val loss: 5.10871 (saved checkpoints/best.pth)
2026-07-30 23:01:54,145 INFO Epoch 15 | Batch 50/593 | Loss 4.49499 (Pin 0.87368 [q90 0.42604, q10 0.44765], MS 1.43588, Freq 4.37086) | LR 1.00e-05
2026-07-30 23:02:36,236 INFO Epoch 15 | Batch 100/593 | Loss 4.53991 (Pin 0.87534 [q90 0.42366, q10 0.45168], MS 1.45690, Freq 4.41534) | LR 1.00e-05
2026-07-30 23:03:18,311 INFO Epoch 15 | Batch 150/593 | Loss 4.66705 (Pin 0.89801 [q90 0.44145, q10 0.45657], MS 1.56740, Freq 4.40327) | LR 1.00e-05
2026-07-30 23:04:00,374 INFO Epoch 15 | Batch 200/593 | Loss 4.47277 (Pin 0.86721 [q90 0.42365, q10 0.44356], MS 1.41780, Freq 4.37553) | LR 1.00e-05
2026-07-30 23:04:42,472 INFO Epoch 15 | Batch 250/593 | Loss 4.55646 (Pin 0.87407 [q90 0.42609, q10 0.44797], MS 1.49032, Freq 4.38415) | LR 1.00e-05
2026-07-30 23:05:24,546 INFO Epoch 15 | Batch 300/593 | Loss 4.41765 (Pin 0.84902 [q90 0.41556, q10 0.43346], MS 1.41704, Freq 4.30316) | LR 1.00e-05
2026-07-30 23:06:06,635 INFO Epoch 15 | Batch 350/593 | Loss 4.44726 (Pin 0.86839 [q90 0.42447, q10 0.44392], MS 1.41966, Freq 4.31843) | LR 1.00e-05
2026-07-30 23:06:48,697 INFO Epoch 15 | Batch 400/593 | Loss 4.48159 (Pin 0.86677 [q90 0.42096, q10 0.44581], MS 1.43272, Freq 4.36420) | LR 1.00e-05
2026-07-30 23:07:30,772 INFO Epoch 15 | Batch 450/593 | Loss 4.40198 (Pin 0.85066 [q90 0.41597, q10 0.43469], MS 1.39242, Freq 4.31781) | LR 1.00e-05
2026-07-30 23:08:12,860 INFO Epoch 15 | Batch 500/593 | Loss 4.37531 (Pin 0.85140 [q90 0.41573, q10 0.43567], MS 1.34732, Freq 4.35317) | LR 1.00e-05
2026-07-30 23:08:54,995 INFO Epoch 15 | Batch 550/593 | Loss 4.45802 (Pin 0.85809 [q90 0.42358, q10 0.43451], MS 1.42660, Freq 4.34665) | LR 1.00e-05
2026-07-30 23:10:06,715 INFO Epoch 15 | Val Loss 5.10481 (Pin 0.81934 [q90 0.40819, q10 0.41114], MS 2.18454, Freq 4.20186, L1 1.82988, Spectral 0.32910, Gradient 0.54454)
2026-07-30 23:10:06,716 INFO Epoch 15 | Coverage q10/q50/q90 = 0.088/0.498/0.905 (nominal .10/.50/.90) | extreme tail = 0.121/0.440/0.848
2026-07-30 23:10:07,046 INFO New best val loss: 5.10481 (saved checkpoints/best.pth)
2026-07-30 23:10:49,212 INFO Epoch 16 | Batch 50/593 | Loss 4.48400 (Pin 0.86844 [q90 0.42477, q10 0.44367], MS 1.43575, Freq 4.35963) | LR 1.00e-05
2026-07-30 23:11:31,328 INFO Epoch 16 | Batch 100/593 | Loss 4.39191 (Pin 0.86649 [q90 0.42271, q10 0.44379], MS 1.37321, Freq 4.30441) | LR 1.00e-05
2026-07-30 23:12:13,437 INFO Epoch 16 | Batch 150/593 | Loss 4.53052 (Pin 0.86341 [q90 0.42159, q10 0.44183], MS 1.46444, Freq 4.40533) | LR 1.00e-05
2026-07-30 23:12:55,546 INFO Epoch 16 | Batch 200/593 | Loss 4.54302 (Pin 0.86544 [q90 0.42449, q10 0.44095], MS 1.51013, Freq 4.33492) | LR 1.00e-05
2026-07-30 23:13:37,659 INFO Epoch 16 | Batch 250/593 | Loss 4.47579 (Pin 0.88404 [q90 0.42901, q10 0.45503], MS 1.41250, Freq 4.35852) | LR 1.00e-05
2026-07-30 23:14:19,758 INFO Epoch 16 | Batch 300/593 | Loss 4.46682 (Pin 0.86805 [q90 0.42505, q10 0.44300], MS 1.39761, Freq 4.40230) | LR 1.00e-05
2026-07-30 23:15:01,871 INFO Epoch 16 | Batch 350/593 | Loss 4.35413 (Pin 0.85307 [q90 0.41687, q10 0.43620], MS 1.37077, Freq 4.26059) | LR 1.00e-05
2026-07-30 23:15:43,972 INFO Epoch 16 | Batch 400/593 | Loss 4.43107 (Pin 0.87479 [q90 0.42651, q10 0.44828], MS 1.36990, Freq 4.37276) | LR 1.00e-05
2026-07-30 23:16:26,063 INFO Epoch 16 | Batch 450/593 | Loss 4.41916 (Pin 0.85235 [q90 0.41519, q10 0.43716], MS 1.39745, Freq 4.33871) | LR 1.00e-05
2026-07-30 23:17:08,205 INFO Epoch 16 | Batch 500/593 | Loss 4.42899 (Pin 0.86219 [q90 0.41785, q10 0.44434], MS 1.40850, Freq 4.31659) | LR 1.00e-05
2026-07-30 23:17:50,309 INFO Epoch 16 | Batch 550/593 | Loss 4.40461 (Pin 0.85362 [q90 0.42333, q10 0.43029], MS 1.37377, Freq 4.35445) | LR 1.00e-05
2026-07-30 23:19:02,342 INFO Epoch 16 | Val Loss 5.05393 (Pin 0.81906 [q90 0.40708, q10 0.41199], MS 2.14636, Freq 4.17700, L1 1.82949, Spectral 0.33120, Gradient 0.54705)
2026-07-30 23:19:02,343 INFO Epoch 16 | Coverage q10/q50/q90 = 0.079/0.471/0.893 (nominal .10/.50/.90) | extreme tail = 0.116/0.451/0.859
2026-07-30 23:19:02,670 INFO New best val loss: 5.05393 (saved checkpoints/best.pth)
2026-07-30 23:19:44,843 INFO Epoch 17 | Batch 50/593 | Loss 4.48698 (Pin 0.86485 [q90 0.42744, q10 0.43741], MS 1.46543, Freq 4.31339) | LR 1.00e-05
2026-07-30 23:20:26,954 INFO Epoch 17 | Batch 100/593 | Loss 4.49636 (Pin 0.86106 [q90 0.42320, q10 0.43786], MS 1.47116, Freq 4.32826) | LR 1.00e-05
2026-07-30 23:21:09,049 INFO Epoch 17 | Batch 150/593 | Loss 4.53483 (Pin 0.87179 [q90 0.42516, q10 0.44663], MS 1.48866, Freq 4.34876) | LR 1.00e-05
2026-07-30 23:21:51,155 INFO Epoch 17 | Batch 200/593 | Loss 4.42680 (Pin 0.85658 [q90 0.41130, q10 0.44527], MS 1.38496, Freq 4.37052) | LR 1.00e-05
2026-07-30 23:22:33,301 INFO Epoch 17 | Batch 250/593 | Loss 4.30132 (Pin 0.83418 [q90 0.40623, q10 0.42795], MS 1.34647, Freq 4.24135) | LR 1.00e-05
2026-07-30 23:23:15,402 INFO Epoch 17 | Batch 300/593 | Loss 4.54733 (Pin 0.84993 [q90 0.41166, q10 0.43827], MS 1.52563, Freq 4.34354) | LR 1.00e-05
2026-07-30 23:23:57,500 INFO Epoch 17 | Batch 350/593 | Loss 4.46610 (Pin 0.86912 [q90 0.42512, q10 0.44399], MS 1.44006, Freq 4.31384) | LR 1.00e-05
2026-07-30 23:24:39,616 INFO Epoch 17 | Batch 400/593 | Loss 4.53959 (Pin 0.87242 [q90 0.42907, q10 0.44334], MS 1.46909, Freq 4.39616) | LR 1.00e-05
2026-07-30 23:25:21,711 INFO Epoch 17 | Batch 450/593 | Loss 4.54387 (Pin 0.87675 [q90 0.42350, q10 0.45325], MS 1.45271, Freq 4.42881) | LR 1.00e-05
2026-07-30 23:26:03,835 INFO Epoch 17 | Batch 500/593 | Loss 4.51218 (Pin 0.85848 [q90 0.41727, q10 0.44122], MS 1.49384, Freq 4.31972) | LR 1.00e-05
2026-07-30 23:26:45,949 INFO Epoch 17 | Batch 550/593 | Loss 4.40338 (Pin 0.86480 [q90 0.42789, q10 0.43691], MS 1.37404, Freq 4.32909) | LR 1.00e-05
2026-07-30 23:27:57,261 INFO Epoch 17 | Val Loss 5.04428 (Pin 0.81682 [q90 0.40704, q10 0.40978], MS 2.18076, Freq 4.09341, L1 1.80515, Spectral 0.32530, Gradient 0.52562)
2026-07-30 23:27:57,262 INFO Epoch 17 | Coverage q10/q50/q90 = 0.090/0.506/0.900 (nominal .10/.50/.90) | extreme tail = 0.119/0.459/0.853
2026-07-30 23:27:57,586 INFO New best val loss: 5.04428 (saved checkpoints/best.pth)
2026-07-30 23:28:39,751 INFO Epoch 18 | Batch 50/593 | Loss 4.34125 (Pin 0.87032 [q90 0.42931, q10 0.44101], MS 1.31099, Freq 4.31989) | LR 1.00e-05
2026-07-30 23:29:21,872 INFO Epoch 18 | Batch 100/593 | Loss 4.41517 (Pin 0.85774 [q90 0.41406, q10 0.44368], MS 1.42141, Freq 4.27203) | LR 1.00e-05
2026-07-30 23:30:03,988 INFO Epoch 18 | Batch 150/593 | Loss 4.41314 (Pin 0.87014 [q90 0.42121, q10 0.44892], MS 1.37435, Freq 4.33729) | LR 1.00e-05
2026-07-30 23:30:46,110 INFO Epoch 18 | Batch 200/593 | Loss 4.38293 (Pin 0.85315 [q90 0.42216, q10 0.43099], MS 1.39160, Freq 4.27637) | LR 1.00e-05
2026-07-30 23:31:28,226 INFO Epoch 18 | Batch 250/593 | Loss 4.44540 (Pin 0.86398 [q90 0.41737, q10 0.44662], MS 1.43894, Freq 4.28496) | LR 1.00e-05
2026-07-30 23:32:10,344 INFO Epoch 18 | Batch 300/593 | Loss 4.47061 (Pin 0.86348 [q90 0.42089, q10 0.44259], MS 1.47338, Freq 4.26750) | LR 1.00e-05
2026-07-30 23:32:52,468 INFO Epoch 18 | Batch 350/593 | Loss 4.41616 (Pin 0.86110 [q90 0.42214, q10 0.43896], MS 1.40537, Freq 4.29938) | LR 1.00e-05
2026-07-30 23:33:34,596 INFO Epoch 18 | Batch 400/593 | Loss 4.50200 (Pin 0.84979 [q90 0.41331, q10 0.43649], MS 1.47420, Freq 4.35601) | LR 1.00e-05
2026-07-30 23:34:16,713 INFO Epoch 18 | Batch 450/593 | Loss 4.50210 (Pin 0.87081 [q90 0.42672, q10 0.44409], MS 1.42433, Freq 4.41394) | LR 1.00e-05
2026-07-30 23:34:58,837 INFO Epoch 18 | Batch 500/593 | Loss 4.53149 (Pin 0.87035 [q90 0.42124, q10 0.44911], MS 1.46239, Freq 4.39750) | LR 1.00e-05
2026-07-30 23:35:40,925 INFO Epoch 18 | Batch 550/593 | Loss 4.37559 (Pin 0.86014 [q90 0.42137, q10 0.43877], MS 1.35899, Freq 4.31292) | LR 1.00e-05
2026-07-30 23:36:52,950 INFO Epoch 18 | Val Loss 4.99606 (Pin 0.81507 [q90 0.40580, q10 0.40926], MS 2.09159, Freq 4.17881, L1 1.81625, Spectral 0.32426, Gradient 0.53051)
2026-07-30 23:36:52,950 INFO Epoch 18 | Coverage q10/q50/q90 = 0.085/0.499/0.901 (nominal .10/.50/.90) | extreme tail = 0.121/0.467/0.853
2026-07-30 23:36:53,275 INFO New best val loss: 4.99606 (saved checkpoints/best.pth)
2026-07-30 23:37:35,621 INFO Epoch 19 | Batch 50/593 | Loss 4.49276 (Pin 0.84537 [q90 0.41337, q10 0.43200], MS 1.52523, Freq 4.24431) | LR 1.00e-05
2026-07-30 23:38:17,909 INFO Epoch 19 | Batch 100/593 | Loss 4.37800 (Pin 0.84579 [q90 0.41368, q10 0.43211], MS 1.39195, Freq 4.28051) | LR 1.00e-05
2026-07-30 23:39:00,227 INFO Epoch 19 | Batch 150/593 | Loss 4.45766 (Pin 0.85921 [q90 0.41905, q10 0.44017], MS 1.41689, Freq 4.36310) | LR 1.00e-05
2026-07-30 23:39:42,558 INFO Epoch 19 | Batch 200/593 | Loss 4.44792 (Pin 0.87519 [q90 0.42455, q10 0.45063], MS 1.40300, Freq 4.33947) | LR 1.00e-05
2026-07-30 23:40:24,721 INFO Epoch 19 | Batch 250/593 | Loss 4.32735 (Pin 0.86740 [q90 0.42254, q10 0.44486], MS 1.31215, Freq 4.29559) | LR 1.00e-05
2026-07-30 23:41:06,815 INFO Epoch 19 | Batch 300/593 | Loss 4.35250 (Pin 0.85137 [q90 0.41609, q10 0.43528], MS 1.34396, Freq 4.31433) | LR 1.00e-05
2026-07-30 23:41:48,926 INFO Epoch 19 | Batch 350/593 | Loss 4.39888 (Pin 0.87203 [q90 0.42497, q10 0.44706], MS 1.36347, Freq 4.32676) | LR 1.00e-05
2026-07-30 23:42:30,989 INFO Epoch 19 | Batch 400/593 | Loss 4.38667 (Pin 0.85783 [q90 0.41995, q10 0.43788], MS 1.36752, Freq 4.32264) | LR 1.00e-05
2026-07-30 23:43:13,209 INFO Epoch 19 | Batch 450/593 | Loss 4.44296 (Pin 0.85872 [q90 0.41856, q10 0.44017], MS 1.42635, Freq 4.31577) | LR 1.00e-05
2026-07-30 23:43:55,280 INFO Epoch 19 | Batch 500/593 | Loss 4.44146 (Pin 0.86826 [q90 0.42447, q10 0.44379], MS 1.41110, Freq 4.32421) | LR 1.00e-05
2026-07-30 23:44:37,373 INFO Epoch 19 | Batch 550/593 | Loss 4.46427 (Pin 0.86521 [q90 0.42305, q10 0.44216], MS 1.41269, Freq 4.37274) | LR 1.00e-05
2026-07-30 23:45:49,358 INFO Epoch 19 | Val Loss 5.15153 (Pin 0.81556 [q90 0.40582, q10 0.40974], MS 2.17304, Freq 4.32587, L1 1.85316, Spectral 0.33651, Gradient 0.56235)
2026-07-30 23:45:49,359 INFO Epoch 19 | Coverage q10/q50/q90 = 0.083/0.487/0.907 (nominal .10/.50/.90) | extreme tail = 0.121/0.472/0.858
2026-07-30 23:45:49,524 INFO Epoch 19 | Val loss did not improve (1/50 val checks since best=4.99606)
2026-07-30 23:46:31,675 INFO Epoch 20 | Batch 50/593 | Loss 4.37318 (Pin 0.83971 [q90 0.40980, q10 0.42992], MS 1.41217, Freq 4.24261) | LR 1.00e-05
2026-07-30 23:47:13,801 INFO Epoch 20 | Batch 100/593 | Loss 4.41006 (Pin 0.84619 [q90 0.41650, q10 0.42969], MS 1.43283, Freq 4.26206) | LR 1.00e-05
2026-07-30 23:47:56,079 INFO Epoch 20 | Batch 150/593 | Loss 4.49145 (Pin 0.87905 [q90 0.42716, q10 0.45190], MS 1.43220, Freq 4.36039) | LR 1.00e-05
2026-07-30 23:48:38,392 INFO Epoch 20 | Batch 200/593 | Loss 4.46289 (Pin 0.85399 [q90 0.41966, q10 0.43433], MS 1.41791, Freq 4.38198) | LR 1.00e-05
2026-07-30 23:49:20,677 INFO Epoch 20 | Batch 250/593 | Loss 4.34784 (Pin 0.84541 [q90 0.41265, q10 0.43276], MS 1.38319, Freq 4.23848) | LR 1.00e-05
2026-07-30 23:50:02,987 INFO Epoch 20 | Batch 300/593 | Loss 4.46577 (Pin 0.87802 [q90 0.43372, q10 0.44430], MS 1.41135, Freq 4.35278) | LR 1.00e-05
2026-07-30 23:50:45,327 INFO Epoch 20 | Batch 350/593 | Loss 4.53393 (Pin 0.86949 [q90 0.42109, q10 0.44840], MS 1.49967, Freq 4.32953) | LR 1.00e-05
2026-07-30 23:51:27,657 INFO Epoch 20 | Batch 400/593 | Loss 4.34805 (Pin 0.83830 [q90 0.41129, q10 0.42701], MS 1.37458, Freq 4.27036) | LR 1.00e-05
2026-07-30 23:52:10,024 INFO Epoch 20 | Batch 450/593 | Loss 4.42175 (Pin 0.86923 [q90 0.42402, q10 0.44522], MS 1.41209, Freq 4.28085) | LR 1.00e-05
2026-07-30 23:52:52,359 INFO Epoch 20 | Batch 500/593 | Loss 4.52537 (Pin 0.87296 [q90 0.43021, q10 0.44275], MS 1.46242, Freq 4.37999) | LR 1.00e-05
2026-07-30 23:53:34,583 INFO Epoch 20 | Batch 550/593 | Loss 4.32018 (Pin 0.86263 [q90 0.41737, q10 0.44526], MS 1.30632, Freq 4.30246) | LR 1.00e-05
2026-07-30 23:54:45,745 INFO Epoch 20 | Val Loss 4.97205 (Pin 0.81502 [q90 0.40641, q10 0.40861], MS 2.11987, Freq 4.07432, L1 1.79008, Spectral 0.31944, Gradient 0.51193)
2026-07-30 23:54:45,745 INFO Epoch 20 | Coverage q10/q50/q90 = 0.081/0.479/0.894 (nominal .10/.50/.90) | extreme tail = 0.118/0.471/0.861
2026-07-30 23:54:46,298 INFO New best val loss: 4.97205 (saved checkpoints/best.pth)
2026-07-30 23:55:28,396 INFO Epoch 21 | Batch 50/593 | Loss 4.48075 (Pin 0.86553 [q90 0.42452, q10 0.44101], MS 1.47415, Freq 4.28215) | LR 1.00e-05
2026-07-30 23:56:10,441 INFO Epoch 21 | Batch 100/593 | Loss 4.47746 (Pin 0.87372 [q90 0.42495, q10 0.44877], MS 1.42777, Freq 4.35193) | LR 1.00e-05
2026-07-30 23:56:52,711 INFO Epoch 21 | Batch 150/593 | Loss 4.39109 (Pin 0.84502 [q90 0.41215, q10 0.43288], MS 1.42512, Freq 4.24189) | LR 1.00e-05
2026-07-30 23:57:34,949 INFO Epoch 21 | Batch 200/593 | Loss 4.44026 (Pin 0.87085 [q90 0.42297, q10 0.44788], MS 1.42170, Freq 4.29542) | LR 1.00e-05
2026-07-30 23:58:17,202 INFO Epoch 21 | Batch 250/593 | Loss 4.30848 (Pin 0.84284 [q90 0.41305, q10 0.42979], MS 1.30092, Freq 4.32942) | LR 1.00e-05
2026-07-30 23:58:59,446 INFO Epoch 21 | Batch 300/593 | Loss 4.36895 (Pin 0.84641 [q90 0.41454, q10 0.43187], MS 1.40369, Freq 4.23771) | LR 1.00e-05
2026-07-30 23:59:41,700 INFO Epoch 21 | Batch 350/593 | Loss 4.38966 (Pin 0.86513 [q90 0.42278, q10 0.44235], MS 1.37703, Freq 4.29500) | LR 1.00e-05
2026-07-31 00:00:23,936 INFO Epoch 21 | Batch 400/593 | Loss 4.34525 (Pin 0.83564 [q90 0.40917, q10 0.42647], MS 1.34610, Freq 4.32702) | LR 1.00e-05
2026-07-31 00:01:06,191 INFO Epoch 21 | Batch 450/593 | Loss 4.40825 (Pin 0.85032 [q90 0.41890, q10 0.43142], MS 1.42727, Freq 4.26133) | LR 1.00e-05
2026-07-31 00:01:48,437 INFO Epoch 21 | Batch 500/593 | Loss 4.44945 (Pin 0.87377 [q90 0.42907, q10 0.44470], MS 1.40496, Freq 4.34142) | LR 1.00e-05
2026-07-31 00:02:30,704 INFO Epoch 21 | Batch 550/593 | Loss 4.47519 (Pin 0.86338 [q90 0.42222, q10 0.44115], MS 1.47214, Freq 4.27934) | LR 1.00e-05
2026-07-31 00:03:43,129 INFO Epoch 21 | Val Loss 4.97064 (Pin 0.81232 [q90 0.40470, q10 0.40762], MS 2.06770, Freq 4.18125, L1 1.81242, Spectral 0.32563, Gradient 0.53034)
2026-07-31 00:03:43,130 INFO Epoch 21 | Coverage q10/q50/q90 = 0.081/0.485/0.903 (nominal .10/.50/.90) | extreme tail = 0.116/0.460/0.859
2026-07-31 00:03:43,573 INFO New best val loss: 4.97064 (saved checkpoints/best.pth)
2026-07-31 00:04:25,901 INFO Epoch 22 | Batch 50/593 | Loss 4.28354 (Pin 0.83420 [q90 0.41021, q10 0.42399], MS 1.33830, Freq 4.22208) | LR 1.00e-05
2026-07-31 00:05:08,194 INFO Epoch 22 | Batch 100/593 | Loss 4.33488 (Pin 0.84018 [q90 0.41084, q10 0.42934], MS 1.37146, Freq 4.24648) | LR 1.00e-05
2026-07-31 00:05:50,504 INFO Epoch 22 | Batch 150/593 | Loss 4.38666 (Pin 0.83905 [q90 0.40956, q10 0.42949], MS 1.42149, Freq 4.25225) | LR 1.00e-05
2026-07-31 00:06:32,821 INFO Epoch 22 | Batch 200/593 | Loss 4.37253 (Pin 0.85241 [q90 0.41783, q10 0.43458], MS 1.40210, Freq 4.23603) | LR 1.00e-05
2026-07-31 00:07:15,018 INFO Epoch 22 | Batch 250/593 | Loss 4.49534 (Pin 0.87956 [q90 0.43267, q10 0.44688], MS 1.42700, Freq 4.37756) | LR 1.00e-05
2026-07-31 00:07:57,128 INFO Epoch 22 | Batch 300/593 | Loss 4.40840 (Pin 0.85666 [q90 0.41841, q10 0.43825], MS 1.42008, Freq 4.26330) | LR 1.00e-05
2026-07-31 00:08:39,255 INFO Epoch 22 | Batch 350/593 | Loss 4.31687 (Pin 0.86004 [q90 0.42175, q10 0.43830], MS 1.29170, Freq 4.33025) | LR 1.00e-05
2026-07-31 00:09:21,340 INFO Epoch 22 | Batch 400/593 | Loss 4.36318 (Pin 0.84749 [q90 0.41349, q10 0.43400], MS 1.37144, Freq 4.28848) | LR 1.00e-05
2026-07-31 00:10:03,451 INFO Epoch 22 | Batch 450/593 | Loss 4.40950 (Pin 0.86669 [q90 0.42222, q10 0.44447], MS 1.40812, Freq 4.26937) | LR 1.00e-05
2026-07-31 00:10:45,534 INFO Epoch 22 | Batch 500/593 | Loss 4.43817 (Pin 0.86504 [q90 0.41834, q10 0.44670], MS 1.40994, Freq 4.32636) | LR 1.00e-05
2026-07-31 00:11:27,637 INFO Epoch 22 | Batch 550/593 | Loss 4.36448 (Pin 0.85080 [q90 0.41677, q10 0.43403], MS 1.34488, Freq 4.33758) | LR 1.00e-05
2026-07-31 00:12:39,877 INFO Epoch 22 | Val Loss 5.05163 (Pin 0.82127 [q90 0.40338, q10 0.41789], MS 2.07780, Freq 4.30513, L1 1.84422, Spectral 0.32575, Gradient 0.53522)
2026-07-31 00:12:39,878 INFO Epoch 22 | Coverage q10/q50/q90 = 0.067/0.471/0.910 (nominal .10/.50/.90) | extreme tail = 0.104/0.453/0.873
2026-07-31 00:12:40,066 INFO Epoch 22 | Val loss did not improve (1/50 val checks since best=4.97064)
2026-07-31 00:13:22,314 INFO Epoch 23 | Batch 50/593 | Loss 4.36756 (Pin 0.85378 [q90 0.41649, q10 0.43729], MS 1.35519, Freq 4.31718) | LR 1.00e-05
2026-07-31 00:14:04,501 INFO Epoch 23 | Batch 100/593 | Loss 4.35546 (Pin 0.85785 [q90 0.42246, q10 0.43540], MS 1.35219, Freq 4.29083) | LR 1.00e-05
2026-07-31 00:14:46,686 INFO Epoch 23 | Batch 150/593 | Loss 4.32749 (Pin 0.83577 [q90 0.40904, q10 0.42673], MS 1.35686, Freq 4.26971) | LR 1.00e-05
2026-07-31 00:15:28,859 INFO Epoch 23 | Batch 200/593 | Loss 4.47652 (Pin 0.86204 [q90 0.41990, q10 0.44214], MS 1.45236, Freq 4.32424) | LR 1.00e-05
2026-07-31 00:16:11,050 INFO Epoch 23 | Batch 250/593 | Loss 4.44052 (Pin 0.87068 [q90 0.42877, q10 0.44191], MS 1.43109, Freq 4.27749) | LR 1.00e-05
2026-07-31 00:16:53,238 INFO Epoch 23 | Batch 300/593 | Loss 4.43676 (Pin 0.85155 [q90 0.41873, q10 0.43282], MS 1.42235, Freq 4.32573) | LR 1.00e-05
2026-07-31 00:17:35,418 INFO Epoch 23 | Batch 350/593 | Loss 4.42404 (Pin 0.84891 [q90 0.41557, q10 0.43334], MS 1.44620, Freq 4.25786) | LR 1.00e-05
2026-07-31 00:18:17,608 INFO Epoch 23 | Batch 400/593 | Loss 4.32114 (Pin 0.86264 [q90 0.41816, q10 0.44448], MS 1.30339, Freq 4.31022) | LR 1.00e-05
2026-07-31 00:18:59,789 INFO Epoch 23 | Batch 450/593 | Loss 4.41069 (Pin 0.86122 [q90 0.42133, q10 0.43989], MS 1.40550, Freq 4.28793) | LR 1.00e-05
2026-07-31 00:19:41,905 INFO Epoch 23 | Batch 500/593 | Loss 4.35170 (Pin 0.85712 [q90 0.41926, q10 0.43786], MS 1.35993, Freq 4.26931) | LR 1.00e-05
2026-07-31 00:20:24,034 INFO Epoch 23 | Batch 550/593 | Loss 4.31442 (Pin 0.83857 [q90 0.40997, q10 0.42860], MS 1.34620, Freq 4.25930) | LR 1.00e-05
2026-07-31 00:21:35,565 INFO Epoch 23 | Val Loss 4.92850 (Pin 0.81364 [q90 0.40340, q10 0.41024], MS 2.03930, Freq 4.15111, L1 1.80132, Spectral 0.31877, Gradient 0.51637)
2026-07-31 00:21:35,566 INFO Epoch 23 | Coverage q10/q50/q90 = 0.079/0.499/0.905 (nominal .10/.50/.90) | extreme tail = 0.113/0.468/0.856
2026-07-31 00:21:35,910 INFO New best val loss: 4.92850 (saved checkpoints/best.pth)
2026-07-31 00:22:18,098 INFO Epoch 24 | Batch 50/593 | Loss 4.29138 (Pin 0.83421 [q90 0.40941, q10 0.42480], MS 1.34023, Freq 4.23387) | LR 1.00e-05
2026-07-31 00:23:00,225 INFO Epoch 24 | Batch 100/593 | Loss 4.39981 (Pin 0.86228 [q90 0.42093, q10 0.44135], MS 1.38286, Freq 4.30936) | LR 1.00e-05
2026-07-31 00:23:42,358 INFO Epoch 24 | Batch 150/593 | Loss 4.39970 (Pin 0.84658 [q90 0.41189, q10 0.43468], MS 1.42715, Freq 4.25195) | LR 1.00e-05
2026-07-31 00:24:24,497 INFO Epoch 24 | Batch 200/593 | Loss 4.32711 (Pin 0.84864 [q90 0.42004, q10 0.42860], MS 1.34835, Freq 4.26022) | LR 1.00e-05
2026-07-31 00:25:06,666 INFO Epoch 24 | Batch 250/593 | Loss 4.32181 (Pin 0.84199 [q90 0.41160, q10 0.43038], MS 1.35680, Freq 4.24604) | LR 1.00e-05
2026-07-31 00:25:48,789 INFO Epoch 24 | Batch 300/593 | Loss 4.39449 (Pin 0.85804 [q90 0.41488, q10 0.44316], MS 1.38962, Freq 4.29368) | LR 1.00e-05
2026-07-31 00:26:30,968 INFO Epoch 24 | Batch 350/593 | Loss 4.39386 (Pin 0.86411 [q90 0.42293, q10 0.44118], MS 1.38388, Freq 4.29174) | LR 1.00e-05
2026-07-31 00:27:13,160 INFO Epoch 24 | Batch 400/593 | Loss 4.37393 (Pin 0.85553 [q90 0.42088, q10 0.43465], MS 1.37965, Freq 4.27751) | LR 1.00e-05
2026-07-31 00:27:55,356 INFO Epoch 24 | Batch 450/593 | Loss 4.30678 (Pin 0.84266 [q90 0.40957, q10 0.43309], MS 1.32988, Freq 4.26848) | LR 1.00e-05
2026-07-31 00:28:37,533 INFO Epoch 24 | Batch 500/593 | Loss 4.35804 (Pin 0.85225 [q90 0.41414, q10 0.43811], MS 1.34632, Freq 4.31893) | LR 1.00e-05
2026-07-31 00:29:19,708 INFO Epoch 24 | Batch 550/593 | Loss 4.47307 (Pin 0.87060 [q90 0.42711, q10 0.44349], MS 1.43384, Freq 4.33727) | LR 1.00e-05
2026-07-31 00:30:31,655 INFO Epoch 24 | Val Loss 4.95565 (Pin 0.81109 [q90 0.40468, q10 0.40642], MS 2.09630, Freq 4.09651, L1 1.79719, Spectral 0.32092, Gradient 0.51525)
2026-07-31 00:30:31,656 INFO Epoch 24 | Coverage q10/q50/q90 = 0.087/0.492/0.902 (nominal .10/.50/.90) | extreme tail = 0.116/0.456/0.848
2026-07-31 00:30:31,831 INFO Epoch 24 | Val loss did not improve (1/50 val checks since best=4.92850)
2026-07-31 00:31:14,026 INFO Epoch 25 | Batch 50/593 | Loss 4.35013 (Pin 0.85718 [q90 0.42139, q10 0.43579], MS 1.34721, Freq 4.29149) | LR 5.00e-06
2026-07-31 00:31:56,109 INFO Epoch 25 | Batch 100/593 | Loss 4.29461 (Pin 0.85077 [q90 0.41738, q10 0.43339], MS 1.33720, Freq 4.21329) | LR 5.00e-06
2026-07-31 00:32:38,205 INFO Epoch 25 | Batch 150/593 | Loss 4.45042 (Pin 0.85688 [q90 0.41660, q10 0.44028], MS 1.45092, Freq 4.28524) | LR 5.00e-06
2026-07-31 00:33:20,323 INFO Epoch 25 | Batch 200/593 | Loss 4.37339 (Pin 0.85108 [q90 0.41624, q10 0.43485], MS 1.35960, Freq 4.32542) | LR 5.00e-06
2026-07-31 00:34:02,411 INFO Epoch 25 | Batch 250/593 | Loss 4.29702 (Pin 0.82604 [q90 0.40121, q10 0.42483], MS 1.34481, Freq 4.25235) | LR 5.00e-06
2026-07-31 00:34:44,511 INFO Epoch 25 | Batch 300/593 | Loss 4.32638 (Pin 0.83809 [q90 0.40997, q10 0.42812], MS 1.38655, Freq 4.20348) | LR 5.00e-06
2026-07-31 00:35:26,602 INFO Epoch 25 | Batch 350/593 | Loss 4.32812 (Pin 0.86142 [q90 0.41884, q10 0.44258], MS 1.30518, Freq 4.32302) | LR 5.00e-06
2026-07-31 00:36:08,697 INFO Epoch 25 | Batch 400/593 | Loss 4.34694 (Pin 0.85660 [q90 0.42229, q10 0.43431], MS 1.33789, Freq 4.30489) | LR 5.00e-06
2026-07-31 00:36:50,796 INFO Epoch 25 | Batch 450/593 | Loss 4.37395 (Pin 0.85998 [q90 0.42450, q10 0.43548], MS 1.36624, Freq 4.29546) | LR 5.00e-06
2026-07-31 00:37:32,888 INFO Epoch 25 | Batch 500/593 | Loss 4.45381 (Pin 0.86666 [q90 0.42493, q10 0.44173], MS 1.43955, Freq 4.29520) | LR 5.00e-06
2026-07-31 00:38:14,988 INFO Epoch 25 | Batch 550/593 | Loss 4.31419 (Pin 0.83946 [q90 0.41171, q10 0.42775], MS 1.35427, Freq 4.24090) | LR 5.00e-06
2026-07-31 00:39:26,920 INFO Epoch 25 | Val Loss 4.91882 (Pin 0.81064 [q90 0.40378, q10 0.40686], MS 2.05032, Freq 4.11574, L1 1.79255, Spectral 0.32433, Gradient 0.52137)
2026-07-31 00:39:26,921 INFO Epoch 25 | Coverage q10/q50/q90 = 0.086/0.481/0.899 (nominal .10/.50/.90) | extreme tail = 0.119/0.458/0.854
2026-07-31 00:39:27,260 INFO New best val loss: 4.91882 (saved checkpoints/best.pth)
2026-07-31 00:40:09,504 INFO Epoch 26 | Batch 50/593 | Loss 4.31915 (Pin 0.83936 [q90 0.41058, q10 0.42878], MS 1.37457, Freq 4.21043) | LR 5.00e-06
2026-07-31 00:40:51,666 INFO Epoch 26 | Batch 100/593 | Loss 4.30641 (Pin 0.85320 [q90 0.41938, q10 0.43382], MS 1.32037, Freq 4.26568) | LR 5.00e-06
2026-07-31 00:41:33,844 INFO Epoch 26 | Batch 150/593 | Loss 4.34958 (Pin 0.85538 [q90 0.41443, q10 0.44095], MS 1.35866, Freq 4.27109) | LR 5.00e-06
2026-07-31 00:42:16,014 INFO Epoch 26 | Batch 200/593 | Loss 4.41918 (Pin 0.87443 [q90 0.42847, q10 0.44596], MS 1.37876, Freq 4.33198) | LR 5.00e-06
2026-07-31 00:42:58,178 INFO Epoch 26 | Batch 250/593 | Loss 4.33014 (Pin 0.85019 [q90 0.41775, q10 0.43244], MS 1.36218, Freq 4.23554) | LR 5.00e-06
2026-07-31 00:43:40,350 INFO Epoch 26 | Batch 300/593 | Loss 4.33826 (Pin 0.85917 [q90 0.41935, q10 0.43982], MS 1.31784, Freq 4.32250) | LR 5.00e-06
2026-07-31 00:44:22,547 INFO Epoch 26 | Batch 350/593 | Loss 4.25212 (Pin 0.84948 [q90 0.41753, q10 0.43195], MS 1.28318, Freq 4.23892) | LR 5.00e-06
2026-07-31 00:45:04,694 INFO Epoch 26 | Batch 400/593 | Loss 4.25354 (Pin 0.83054 [q90 0.40732, q10 0.42322], MS 1.31214, Freq 4.22171) | LR 5.00e-06
2026-07-31 00:45:46,869 INFO Epoch 26 | Batch 450/593 | Loss 4.35093 (Pin 0.84239 [q90 0.41186, q10 0.43053], MS 1.38868, Freq 4.23971) | LR 5.00e-06
2026-07-31 00:46:29,030 INFO Epoch 26 | Batch 500/593 | Loss 4.30161 (Pin 0.84212 [q90 0.41220, q10 0.42992], MS 1.32601, Freq 4.26695) | LR 5.00e-06
2026-07-31 00:47:11,206 INFO Epoch 26 | Batch 550/593 | Loss 4.25979 (Pin 0.84711 [q90 0.41129, q10 0.43582], MS 1.29811, Freq 4.22914) | LR 5.00e-06
2026-07-31 00:48:23,491 INFO Epoch 26 | Val Loss 4.90518 (Pin 0.80789 [q90 0.40273, q10 0.40516], MS 2.03680, Freq 4.12097, L1 1.78511, Spectral 0.32003, Gradient 0.51347)
2026-07-31 00:48:23,492 INFO Epoch 26 | Coverage q10/q50/q90 = 0.090/0.502/0.901 (nominal .10/.50/.90) | extreme tail = 0.121/0.473/0.857
2026-07-31 00:48:23,841 INFO New best val loss: 4.90518 (saved checkpoints/best.pth)
2026-07-31 00:49:06,095 INFO Epoch 27 | Batch 50/593 | Loss 4.37431 (Pin 0.86378 [q90 0.41756, q10 0.44622], MS 1.35335, Freq 4.31436) | LR 5.00e-06
2026-07-31 00:49:48,263 INFO Epoch 27 | Batch 100/593 | Loss 4.26397 (Pin 0.83728 [q90 0.41187, q10 0.42541], MS 1.30333, Freq 4.24672) | LR 5.00e-06
2026-07-31 00:50:30,428 INFO Epoch 27 | Batch 150/593 | Loss 4.30807 (Pin 0.84398 [q90 0.41149, q10 0.43249], MS 1.32688, Freq 4.27441) | LR 5.00e-06
2026-07-31 00:51:12,612 INFO Epoch 27 | Batch 200/593 | Loss 4.31523 (Pin 0.86144 [q90 0.42722, q10 0.43422], MS 1.29924, Freq 4.30911) | LR 5.00e-06
2026-07-31 00:51:54,795 INFO Epoch 27 | Batch 250/593 | Loss 4.23998 (Pin 0.81960 [q90 0.39906, q10 0.42054], MS 1.33040, Freq 4.17995) | LR 5.00e-06
2026-07-31 00:52:36,921 INFO Epoch 27 | Batch 300/593 | Loss 4.30480 (Pin 0.87306 [q90 0.42646, q10 0.44659], MS 1.29125, Freq 4.28099) | LR 5.00e-06
2026-07-31 00:53:19,056 INFO Epoch 27 | Batch 350/593 | Loss 4.28026 (Pin 0.85326 [q90 0.41887, q10 0.43439], MS 1.29442, Freq 4.26517) | LR 5.00e-06
2026-07-31 00:54:01,170 INFO Epoch 27 | Batch 400/593 | Loss 4.35920 (Pin 0.85339 [q90 0.41744, q10 0.43595], MS 1.37446, Freq 4.26271) | LR 5.00e-06
2026-07-31 00:54:43,291 INFO Epoch 27 | Batch 450/593 | Loss 4.27425 (Pin 0.85194 [q90 0.41430, q10 0.43763], MS 1.30505, Freq 4.23452) | LR 5.00e-06
2026-07-31 00:55:25,414 INFO Epoch 27 | Batch 500/593 | Loss 4.25865 (Pin 0.83359 [q90 0.40697, q10 0.42662], MS 1.31594, Freq 4.21825) | LR 5.00e-06
2026-07-31 00:56:07,565 INFO Epoch 27 | Batch 550/593 | Loss 4.31895 (Pin 0.85257 [q90 0.41644, q10 0.43613], MS 1.34157, Freq 4.24960) | LR 5.00e-06
2026-07-31 00:57:19,511 INFO Epoch 27 | Val Loss 4.90700 (Pin 0.80920 [q90 0.40225, q10 0.40695], MS 2.02455, Freq 4.14651, L1 1.79694, Spectral 0.32206, Gradient 0.52064)
2026-07-31 00:57:19,512 INFO Epoch 27 | Coverage q10/q50/q90 = 0.078/0.485/0.902 (nominal .10/.50/.90) | extreme tail = 0.116/0.462/0.852
2026-07-31 00:57:19,685 INFO Epoch 27 | Val loss did not improve (1/50 val checks since best=4.90518)
2026-07-31 00:58:01,943 INFO Epoch 28 | Batch 50/593 | Loss 4.31568 (Pin 0.84092 [q90 0.41002, q10 0.43089], MS 1.34197, Freq 4.26559) | LR 5.00e-06
2026-07-31 00:58:44,131 INFO Epoch 28 | Batch 100/593 | Loss 4.30032 (Pin 0.84812 [q90 0.41647, q10 0.43166], MS 1.36128, Freq 4.18182) | LR 5.00e-06
2026-07-31 00:59:26,323 INFO Epoch 28 | Batch 150/593 | Loss 4.36300 (Pin 0.85741 [q90 0.41784, q10 0.43956], MS 1.37762, Freq 4.25595) | LR 5.00e-06
2026-07-31 01:00:08,474 INFO Epoch 28 | Batch 200/593 | Loss 4.40728 (Pin 0.85856 [q90 0.42267, q10 0.43589], MS 1.38265, Freq 4.33214) | LR 5.00e-06
2026-07-31 01:00:50,658 INFO Epoch 28 | Batch 250/593 | Loss 4.36211 (Pin 0.85249 [q90 0.41840, q10 0.43408], MS 1.38218, Freq 4.25489) | LR 5.00e-06
2026-07-31 01:01:32,815 INFO Epoch 28 | Batch 300/593 | Loss 4.24329 (Pin 0.84079 [q90 0.40830, q10 0.43248], MS 1.29115, Freq 4.22270) | LR 5.00e-06
2026-07-31 01:02:15,176 INFO Epoch 28 | Batch 350/593 | Loss 4.28347 (Pin 0.84519 [q90 0.41473, q10 0.43047], MS 1.30217, Freq 4.27221) | LR 5.00e-06
2026-07-31 01:02:57,235 INFO Epoch 28 | Batch 400/593 | Loss 4.26928 (Pin 0.83569 [q90 0.40364, q10 0.43205], MS 1.31780, Freq 4.23159) | LR 5.00e-06
2026-07-31 01:03:39,328 INFO Epoch 28 | Batch 450/593 | Loss 4.36788 (Pin 0.83332 [q90 0.40414, q10 0.42918], MS 1.41015, Freq 4.24882) | LR 5.00e-06
2026-07-31 01:04:21,402 INFO Epoch 28 | Batch 500/593 | Loss 4.31315 (Pin 0.86171 [q90 0.42687, q10 0.43484], MS 1.32030, Freq 4.26227) | LR 5.00e-06
2026-07-31 01:05:03,473 INFO Epoch 28 | Batch 550/593 | Loss 4.29023 (Pin 0.84993 [q90 0.41639, q10 0.43354], MS 1.34201, Freq 4.19658) | LR 5.00e-06
2026-07-31 01:06:16,068 INFO Epoch 28 | Val Loss 4.88736 (Pin 0.80942 [q90 0.40280, q10 0.40663], MS 2.02751, Freq 4.10084, L1 1.78764, Spectral 0.32028, Gradient 0.51597)
2026-07-31 01:06:16,069 INFO Epoch 28 | Coverage q10/q50/q90 = 0.080/0.487/0.901 (nominal .10/.50/.90) | extreme tail = 0.112/0.454/0.853
2026-07-31 01:06:16,408 INFO New best val loss: 4.88736 (saved checkpoints/best.pth)
2026-07-31 01:06:58,629 INFO Epoch 29 | Batch 50/593 | Loss 4.28175 (Pin 0.85028 [q90 0.41473, q10 0.43555], MS 1.32460, Freq 4.21373) | LR 5.00e-06
2026-07-31 01:07:40,756 INFO Epoch 29 | Batch 100/593 | Loss 4.44843 (Pin 0.85557 [q90 0.41705, q10 0.43851], MS 1.45112, Freq 4.28348) | LR 5.00e-06
2026-07-31 01:08:22,898 INFO Epoch 29 | Batch 150/593 | Loss 4.21815 (Pin 0.81659 [q90 0.40002, q10 0.41658], MS 1.32795, Freq 4.14721) | LR 5.00e-06
2026-07-31 01:09:05,060 INFO Epoch 29 | Batch 200/593 | Loss 4.32864 (Pin 0.84628 [q90 0.41465, q10 0.43164], MS 1.35616, Freq 4.25238) | LR 5.00e-06
2026-07-31 01:09:47,176 INFO Epoch 29 | Batch 250/593 | Loss 4.28505 (Pin 0.86486 [q90 0.42581, q10 0.43905], MS 1.27384, Freq 4.29271) | LR 5.00e-06
2026-07-31 01:10:29,338 INFO Epoch 29 | Batch 300/593 | Loss 4.43517 (Pin 0.86807 [q90 0.42292, q10 0.44515], MS 1.40765, Freq 4.31889) | LR 5.00e-06
2026-07-31 01:11:11,473 INFO Epoch 29 | Batch 350/593 | Loss 4.32641 (Pin 0.85257 [q90 0.41594, q10 0.43662], MS 1.33280, Freq 4.28209) | LR 5.00e-06
2026-07-31 01:11:53,637 INFO Epoch 29 | Batch 400/593 | Loss 4.24098 (Pin 0.83691 [q90 0.41267, q10 0.42423], MS 1.31237, Freq 4.18342) | LR 5.00e-06
2026-07-31 01:12:35,863 INFO Epoch 29 | Batch 450/593 | Loss 4.43004 (Pin 0.85353 [q90 0.42435, q10 0.42918], MS 1.42854, Freq 4.29594) | LR 5.00e-06
2026-07-31 01:13:18,088 INFO Epoch 29 | Batch 500/593 | Loss 4.22726 (Pin 0.83007 [q90 0.40419, q10 0.42588], MS 1.27838, Freq 4.23762) | LR 5.00e-06
2026-07-31 01:14:00,315 INFO Epoch 29 | Batch 550/593 | Loss 4.29533 (Pin 0.86507 [q90 0.42005, q10 0.44502], MS 1.29482, Freq 4.27088) | LR 5.00e-06
2026-07-31 01:15:12,293 INFO Epoch 29 | Val Loss 4.88861 (Pin 0.80649 [q90 0.40120, q10 0.40529], MS 2.02121, Freq 4.12183, L1 1.78375, Spectral 0.31995, Gradient 0.51366)
2026-07-31 01:15:12,293 INFO Epoch 29 | Coverage q10/q50/q90 = 0.082/0.481/0.900 (nominal .10/.50/.90) | extreme tail = 0.111/0.448/0.853
2026-07-31 01:15:12,468 INFO Epoch 29 | Val loss did not improve (1/50 val checks since best=4.88736)
2026-07-31 01:15:54,773 INFO Epoch 30 | Batch 50/593 | Loss 4.19308 (Pin 0.83140 [q90 0.40454, q10 0.42687], MS 1.25636, Freq 4.21063) | LR 5.00e-06
2026-07-31 01:16:37,018 INFO Epoch 30 | Batch 100/593 | Loss 4.30499 (Pin 0.85999 [q90 0.41652, q10 0.44347], MS 1.29751, Freq 4.29498) | LR 5.00e-06
2026-07-31 01:17:19,264 INFO Epoch 30 | Batch 150/593 | Loss 4.22202 (Pin 0.81808 [q90 0.40062, q10 0.41746], MS 1.31365, Freq 4.18058) | LR 5.00e-06
2026-07-31 01:18:01,485 INFO Epoch 30 | Batch 200/593 | Loss 4.43946 (Pin 0.86778 [q90 0.42906, q10 0.43872], MS 1.44727, Freq 4.24882) | LR 5.00e-06
2026-07-31 01:18:43,711 INFO Epoch 30 | Batch 250/593 | Loss 4.34677 (Pin 0.85563 [q90 0.41418, q10 0.44145], MS 1.37442, Freq 4.23343) | LR 5.00e-06
2026-07-31 01:19:25,945 INFO Epoch 30 | Batch 300/593 | Loss 4.27222 (Pin 0.84366 [q90 0.41379, q10 0.42988], MS 1.30429, Freq 4.24852) | LR 5.00e-06
2026-07-31 01:20:08,167 INFO Epoch 30 | Batch 350/593 | Loss 4.38522 (Pin 0.85891 [q90 0.42274, q10 0.43617], MS 1.40359, Freq 4.24545) | LR 5.00e-06
2026-07-31 01:20:50,385 INFO Epoch 30 | Batch 400/593 | Loss 4.31236 (Pin 0.84292 [q90 0.41311, q10 0.42980], MS 1.34446, Freq 4.24998) | LR 5.00e-06
2026-07-31 01:21:32,613 INFO Epoch 30 | Batch 450/593 | Loss 4.33933 (Pin 0.83047 [q90 0.40768, q10 0.42278], MS 1.37756, Freq 4.26261) | LR 5.00e-06
2026-07-31 01:22:14,833 INFO Epoch 30 | Batch 500/593 | Loss 4.33209 (Pin 0.86097 [q90 0.42358, q10 0.43739], MS 1.31589, Freq 4.31046) | LR 5.00e-06
2026-07-31 01:22:57,054 INFO Epoch 30 | Batch 550/593 | Loss 4.30026 (Pin 0.86268 [q90 0.42268, q10 0.44000], MS 1.32056, Freq 4.23405) | LR 5.00e-06
2026-07-31 01:24:08,646 INFO Epoch 30 | Val Loss 4.88238 (Pin 0.80810 [q90 0.40161, q10 0.40649], MS 2.01408, Freq 4.12040, L1 1.78850, Spectral 0.32084, Gradient 0.51582)
2026-07-31 01:24:08,647 INFO Epoch 30 | Coverage q10/q50/q90 = 0.081/0.498/0.904 (nominal .10/.50/.90) | extreme tail = 0.108/0.444/0.853
2026-07-31 01:24:08,982 INFO New best val loss: 4.88238 (saved checkpoints/best.pth)
2026-07-31 01:24:51,240 INFO Epoch 31 | Batch 50/593 | Loss 4.30568 (Pin 0.85193 [q90 0.41235, q10 0.43958], MS 1.31162, Freq 4.28427) | LR 5.00e-06
2026-07-31 01:25:33,402 INFO Epoch 31 | Batch 100/593 | Loss 4.28403 (Pin 0.84323 [q90 0.41682, q10 0.42641], MS 1.31373, Freq 4.25413) | LR 5.00e-06
2026-07-31 01:26:15,546 INFO Epoch 31 | Batch 150/593 | Loss 4.32570 (Pin 0.84199 [q90 0.40806, q10 0.43394], MS 1.35734, Freq 4.25274) | LR 5.00e-06
2026-07-31 01:26:57,657 INFO Epoch 31 | Batch 200/593 | Loss 4.26863 (Pin 0.85070 [q90 0.41738, q10 0.43332], MS 1.31076, Freq 4.21433) | LR 5.00e-06
2026-07-31 01:27:39,776 INFO Epoch 31 | Batch 250/593 | Loss 4.35464 (Pin 0.85097 [q90 0.41659, q10 0.43438], MS 1.34820, Freq 4.31094) | LR 5.00e-06
2026-07-31 01:28:21,914 INFO Epoch 31 | Batch 300/593 | Loss 4.28610 (Pin 0.84077 [q90 0.41557, q10 0.42520], MS 1.33106, Freq 4.22854) | LR 5.00e-06
2026-07-31 01:29:04,044 INFO Epoch 31 | Batch 350/593 | Loss 4.34725 (Pin 0.86693 [q90 0.42583, q10 0.44111], MS 1.38478, Freq 4.19108) | LR 5.00e-06
2026-07-31 01:29:46,176 INFO Epoch 31 | Batch 400/593 | Loss 4.35666 (Pin 0.85425 [q90 0.41540, q10 0.43886], MS 1.37423, Freq 4.25637) | LR 5.00e-06
2026-07-31 01:30:28,284 INFO Epoch 31 | Batch 450/593 | Loss 4.30416 (Pin 0.84337 [q90 0.41394, q10 0.42943], MS 1.36755, Freq 4.18649) | LR 5.00e-06
2026-07-31 01:31:10,448 INFO Epoch 31 | Batch 500/593 | Loss 4.28171 (Pin 0.83960 [q90 0.41253, q10 0.42707], MS 1.31145, Freq 4.26131) | LR 5.00e-06
2026-07-31 01:31:52,602 INFO Epoch 31 | Batch 550/593 | Loss 4.38792 (Pin 0.84889 [q90 0.41332, q10 0.43557], MS 1.39576, Freq 4.28654) | LR 5.00e-06
2026-07-31 01:33:04,899 INFO Epoch 31 | Val Loss 4.87983 (Pin 0.80696 [q90 0.40219, q10 0.40477], MS 2.01853, Freq 4.10867, L1 1.78902, Spectral 0.31837, Gradient 0.50893)
2026-07-31 01:33:04,899 INFO Epoch 31 | Coverage q10/q50/q90 = 0.083/0.484/0.897 (nominal .10/.50/.90) | extreme tail = 0.116/0.460/0.855
2026-07-31 01:33:05,495 INFO New best val loss: 4.87983 (saved checkpoints/best.pth)
2026-07-31 01:33:47,806 INFO Epoch 32 | Batch 50/593 | Loss 4.36180 (Pin 0.85573 [q90 0.41868, q10 0.43705], MS 1.35892, Freq 4.29430) | LR 5.00e-06
2026-07-31 01:34:30,025 INFO Epoch 32 | Batch 100/593 | Loss 4.30082 (Pin 0.84443 [q90 0.41425, q10 0.43017], MS 1.34999, Freq 4.21280) | LR 5.00e-06
2026-07-31 01:35:12,239 INFO Epoch 32 | Batch 150/593 | Loss 4.36053 (Pin 0.86227 [q90 0.41811, q10 0.44417], MS 1.37861, Freq 4.23930) | LR 5.00e-06
2026-07-31 01:35:54,477 INFO Epoch 32 | Batch 200/593 | Loss 4.30315 (Pin 0.84135 [q90 0.41015, q10 0.43120], MS 1.36551, Freq 4.19258) | LR 5.00e-06
2026-07-31 01:36:36,705 INFO Epoch 32 | Batch 250/593 | Loss 4.26234 (Pin 0.84493 [q90 0.41147, q10 0.43346], MS 1.29334, Freq 4.24814) | LR 5.00e-06
2026-07-31 01:37:18,956 INFO Epoch 32 | Batch 300/593 | Loss 4.28334 (Pin 0.83841 [q90 0.41257, q10 0.42584], MS 1.32592, Freq 4.23803) | LR 5.00e-06
2026-07-31 01:38:01,170 INFO Epoch 32 | Batch 350/593 | Loss 4.42201 (Pin 0.86228 [q90 0.42732, q10 0.43496], MS 1.42022, Freq 4.27901) | LR 5.00e-06
2026-07-31 01:38:43,400 INFO Epoch 32 | Batch 400/593 | Loss 4.32100 (Pin 0.84529 [q90 0.42061, q10 0.42468], MS 1.34145, Freq 4.26853) | LR 5.00e-06
2026-07-31 01:39:25,627 INFO Epoch 32 | Batch 450/593 | Loss 4.30728 (Pin 0.84404 [q90 0.40944, q10 0.43460], MS 1.34529, Freq 4.23591) | LR 5.00e-06
2026-07-31 01:40:07,855 INFO Epoch 32 | Batch 500/593 | Loss 4.21574 (Pin 0.82450 [q90 0.40128, q10 0.42323], MS 1.30785, Freq 4.16677) | LR 5.00e-06
2026-07-31 01:40:50,076 INFO Epoch 32 | Batch 550/593 | Loss 4.26896 (Pin 0.84554 [q90 0.41491, q10 0.43063], MS 1.31294, Freq 4.22097) | LR 5.00e-06
2026-07-31 01:42:01,671 INFO Epoch 32 | Val Loss 4.89967 (Pin 0.80734 [q90 0.40166, q10 0.40568], MS 2.00342, Freq 4.17781, L1 1.80630, Spectral 0.32813, Gradient 0.52815)
2026-07-31 01:42:01,671 INFO Epoch 32 | Coverage q10/q50/q90 = 0.083/0.501/0.906 (nominal .10/.50/.90) | extreme tail = 0.113/0.456/0.855
2026-07-31 01:42:01,853 INFO Epoch 32 | Val loss did not improve (1/50 val checks since best=4.87983)
2026-07-31 01:42:44,149 INFO Epoch 33 | Batch 50/593 | Loss 4.25875 (Pin 0.85208 [q90 0.41582, q10 0.43626], MS 1.28916, Freq 4.23502) | LR 5.00e-06
2026-07-31 01:43:26,365 INFO Epoch 33 | Batch 100/593 | Loss 4.33391 (Pin 0.87057 [q90 0.42953, q10 0.44103], MS 1.33143, Freq 4.26383) | LR 5.00e-06
2026-07-31 01:44:08,589 INFO Epoch 33 | Batch 150/593 | Loss 4.32958 (Pin 0.86402 [q90 0.42489, q10 0.43913], MS 1.31035, Freq 4.31041) | LR 5.00e-06
2026-07-31 01:44:50,830 INFO Epoch 33 | Batch 200/593 | Loss 4.29442 (Pin 0.84071 [q90 0.40671, q10 0.43400], MS 1.33462, Freq 4.23817) | LR 5.00e-06
2026-07-31 01:45:33,054 INFO Epoch 33 | Batch 250/593 | Loss 4.40328 (Pin 0.87714 [q90 0.42946, q10 0.44768], MS 1.32937, Freq 4.39353) | LR 5.00e-06
2026-07-31 01:46:15,279 INFO Epoch 33 | Batch 300/593 | Loss 4.22429 (Pin 0.82238 [q90 0.40348, q10 0.41890], MS 1.31549, Freq 4.17284) | LR 5.00e-06
2026-07-31 01:46:57,517 INFO Epoch 33 | Batch 350/593 | Loss 4.23715 (Pin 0.84244 [q90 0.40637, q10 0.43608], MS 1.26823, Freq 4.25294) | LR 5.00e-06
2026-07-31 01:47:39,722 INFO Epoch 33 | Batch 400/593 | Loss 4.31045 (Pin 0.83398 [q90 0.40913, q10 0.42485], MS 1.36721, Freq 4.21852) | LR 5.00e-06
2026-07-31 01:48:21,927 INFO Epoch 33 | Batch 450/593 | Loss 4.27415 (Pin 0.84450 [q90 0.41545, q10 0.42905], MS 1.32065, Freq 4.21801) | LR 5.00e-06
2026-07-31 01:49:04,143 INFO Epoch 33 | Batch 500/593 | Loss 4.33986 (Pin 0.83538 [q90 0.40940, q10 0.42598], MS 1.38533, Freq 4.23831) | LR 5.00e-06
2026-07-31 01:49:46,365 INFO Epoch 33 | Batch 550/593 | Loss 4.21236 (Pin 0.83642 [q90 0.41008, q10 0.42634], MS 1.27698, Freq 4.19792) | LR 5.00e-06
2026-07-31 01:50:58,314 INFO Epoch 33 | Val Loss 4.87165 (Pin 0.80562 [q90 0.40150, q10 0.40412], MS 2.02592, Freq 4.08021, L1 1.78335, Spectral 0.32159, Gradient 0.51374)
2026-07-31 01:50:58,315 INFO Epoch 33 | Coverage q10/q50/q90 = 0.084/0.484/0.900 (nominal .10/.50/.90) | extreme tail = 0.119/0.460/0.850
2026-07-31 01:50:58,657 INFO New best val loss: 4.87165 (saved checkpoints/best.pth)
2026-07-31 01:51:40,960 INFO Epoch 34 | Batch 50/593 | Loss 4.23365 (Pin 0.83058 [q90 0.40654, q10 0.42403], MS 1.28515, Freq 4.23584) | LR 5.00e-06
2026-07-31 01:52:23,187 INFO Epoch 34 | Batch 100/593 | Loss 4.26451 (Pin 0.84218 [q90 0.41353, q10 0.42865], MS 1.34741, Freq 4.14984) | LR 5.00e-06
2026-07-31 01:53:05,413 INFO Epoch 34 | Batch 150/593 | Loss 4.29608 (Pin 0.84874 [q90 0.41580, q10 0.43293], MS 1.32433, Freq 4.24604) | LR 5.00e-06
2026-07-31 01:53:47,637 INFO Epoch 34 | Batch 200/593 | Loss 4.37516 (Pin 0.86266 [q90 0.42563, q10 0.43704], MS 1.37038, Freq 4.28424) | LR 5.00e-06
2026-07-31 01:54:29,846 INFO Epoch 34 | Batch 250/593 | Loss 4.26919 (Pin 0.83960 [q90 0.41271, q10 0.42689], MS 1.32136, Freq 4.21646) | LR 5.00e-06
2026-07-31 01:55:12,078 INFO Epoch 34 | Batch 300/593 | Loss 4.28409 (Pin 0.83295 [q90 0.40860, q10 0.42435], MS 1.33569, Freq 4.23091) | LR 5.00e-06
2026-07-31 01:55:54,300 INFO Epoch 34 | Batch 350/593 | Loss 4.32534 (Pin 0.84984 [q90 0.41647, q10 0.43337], MS 1.35227, Freq 4.24648) | LR 5.00e-06
2026-07-31 01:56:36,535 INFO Epoch 34 | Batch 400/593 | Loss 4.31982 (Pin 0.87079 [q90 0.42301, q10 0.44779], MS 1.31056, Freq 4.27692) | LR 5.00e-06
2026-07-31 01:57:18,781 INFO Epoch 34 | Batch 450/593 | Loss 4.36370 (Pin 0.85452 [q90 0.41648, q10 0.43804], MS 1.36442, Freq 4.28951) | LR 5.00e-06
2026-07-31 01:58:00,978 INFO Epoch 34 | Batch 500/593 | Loss 4.31148 (Pin 0.84492 [q90 0.41234, q10 0.43258], MS 1.33583, Freq 4.26146) | LR 5.00e-06
2026-07-31 01:58:43,186 INFO Epoch 34 | Batch 550/593 | Loss 4.39818 (Pin 0.86196 [q90 0.42056, q10 0.44140], MS 1.38927, Freq 4.29391) | LR 5.00e-06
2026-07-31 01:59:54,795 INFO Epoch 34 | Val Loss 4.87660 (Pin 0.80642 [q90 0.40257, q10 0.40385], MS 2.03068, Freq 4.07902, L1 1.78136, Spectral 0.31726, Gradient 0.50569)
2026-07-31 01:59:54,795 INFO Epoch 34 | Coverage q10/q50/q90 = 0.085/0.487/0.898 (nominal .10/.50/.90) | extreme tail = 0.118/0.448/0.846
2026-07-31 01:59:54,969 INFO Epoch 34 | Val loss did not improve (1/50 val checks since best=4.87165)
2026-07-31 02:00:37,201 INFO Epoch 35 | Batch 50/593 | Loss 4.28590 (Pin 0.83663 [q90 0.41514, q10 0.42149], MS 1.36148, Freq 4.17557) | LR 5.00e-06
2026-07-31 02:01:19,366 INFO Epoch 35 | Batch 100/593 | Loss 4.19720 (Pin 0.82927 [q90 0.40725, q10 0.42202], MS 1.27171, Freq 4.19243) | LR 5.00e-06
2026-07-31 02:02:01,515 INFO Epoch 35 | Batch 150/593 | Loss 4.28243 (Pin 0.85321 [q90 0.42085, q10 0.43237], MS 1.29112, Freq 4.27620) | LR 5.00e-06
2026-07-31 02:02:43,667 INFO Epoch 35 | Batch 200/593 | Loss 4.30041 (Pin 0.83515 [q90 0.40723, q10 0.42791], MS 1.35660, Freq 4.21734) | LR 5.00e-06
2026-07-31 02:03:25,843 INFO Epoch 35 | Batch 250/593 | Loss 4.30817 (Pin 0.85004 [q90 0.41343, q10 0.43662], MS 1.35972, Freq 4.19681) | LR 5.00e-06
2026-07-31 02:04:08,037 INFO Epoch 35 | Batch 300/593 | Loss 4.23632 (Pin 0.84810 [q90 0.41493, q10 0.43317], MS 1.25911, Freq 4.25822) | LR 5.00e-06
2026-07-31 02:04:50,209 INFO Epoch 35 | Batch 350/593 | Loss 4.25344 (Pin 0.84134 [q90 0.40908, q10 0.43226], MS 1.30540, Freq 4.21341) | LR 5.00e-06
2026-07-31 02:05:32,362 INFO Epoch 35 | Batch 400/593 | Loss 4.27792 (Pin 0.84801 [q90 0.41168, q10 0.43633], MS 1.30609, Freq 4.24765) | LR 5.00e-06
2026-07-31 02:06:14,528 INFO Epoch 35 | Batch 450/593 | Loss 4.33157 (Pin 0.85869 [q90 0.42339, q10 0.43530], MS 1.33489, Freq 4.27596) | LR 5.00e-06
2026-07-31 02:06:56,697 INFO Epoch 35 | Batch 500/593 | Loss 4.38850 (Pin 0.86617 [q90 0.42336, q10 0.44280], MS 1.38130, Freq 4.28207) | LR 5.00e-06
2026-07-31 02:07:38,879 INFO Epoch 35 | Batch 550/593 | Loss 4.24544 (Pin 0.83984 [q90 0.41030, q10 0.42954], MS 1.29563, Freq 4.21996) | LR 5.00e-06
2026-07-31 02:08:50,777 INFO Epoch 35 | Val Loss 4.89672 (Pin 0.80504 [q90 0.40179, q10 0.40325], MS 2.04283, Freq 4.09771, L1 1.78123, Spectral 0.31913, Gradient 0.50850)
2026-07-31 02:08:50,778 INFO Epoch 35 | Coverage q10/q50/q90 = 0.089/0.497/0.902 (nominal .10/.50/.90) | extreme tail = 0.120/0.463/0.854
2026-07-31 02:08:50,953 INFO Epoch 35 | Val loss did not improve (2/50 val checks since best=4.87165)
2026-07-31 02:09:33,246 INFO Epoch 36 | Batch 50/593 | Loss 4.21707 (Pin 0.83823 [q90 0.40595, q10 0.43228], MS 1.28570, Freq 4.18628) | LR 5.00e-06
2026-07-31 02:10:15,472 INFO Epoch 36 | Batch 100/593 | Loss 4.34560 (Pin 0.85801 [q90 0.42202, q10 0.43599], MS 1.34145, Freq 4.29228) | LR 5.00e-06
2026-07-31 02:10:57,710 INFO Epoch 36 | Batch 150/593 | Loss 4.27194 (Pin 0.83015 [q90 0.39878, q10 0.43137], MS 1.36701, Freq 4.14957) | LR 5.00e-06
2026-07-31 02:11:39,967 INFO Epoch 36 | Batch 200/593 | Loss 4.31267 (Pin 0.84925 [q90 0.41692, q10 0.43233], MS 1.34569, Freq 4.23546) | LR 5.00e-06
2026-07-31 02:12:22,192 INFO Epoch 36 | Batch 250/593 | Loss 4.29985 (Pin 0.84262 [q90 0.41341, q10 0.42921], MS 1.32997, Freq 4.25452) | LR 5.00e-06
2026-07-31 02:13:04,425 INFO Epoch 36 | Batch 300/593 | Loss 4.33584 (Pin 0.83959 [q90 0.41383, q10 0.42576], MS 1.37501, Freq 4.24247) | LR 5.00e-06
2026-07-31 02:13:46,637 INFO Epoch 36 | Batch 350/593 | Loss 4.40709 (Pin 0.85583 [q90 0.41413, q10 0.44170], MS 1.40191, Freq 4.29869) | LR 5.00e-06
2026-07-31 02:14:28,860 INFO Epoch 36 | Batch 400/593 | Loss 4.35949 (Pin 0.83874 [q90 0.41033, q10 0.42841], MS 1.40370, Freq 4.23412) | LR 5.00e-06
2026-07-31 02:15:11,092 INFO Epoch 36 | Batch 450/593 | Loss 4.25166 (Pin 0.83411 [q90 0.41280, q10 0.42131], MS 1.33017, Freq 4.17477) | LR 5.00e-06
2026-07-31 02:15:53,314 INFO Epoch 36 | Batch 500/593 | Loss 4.24482 (Pin 0.83923 [q90 0.41503, q10 0.42420], MS 1.29168, Freq 4.22782) | LR 5.00e-06
2026-07-31 02:16:35,541 INFO Epoch 36 | Batch 550/593 | Loss 4.42364 (Pin 0.86113 [q90 0.42009, q10 0.44103], MS 1.39822, Freq 4.32859) | LR 5.00e-06
2026-07-31 02:17:47,898 INFO Epoch 36 | Val Loss 4.86739 (Pin 0.80888 [q90 0.40191, q10 0.40697], MS 2.01396, Freq 4.08909, L1 1.78607, Spectral 0.32066, Gradient 0.51160)
2026-07-31 02:17:47,898 INFO Epoch 36 | Coverage q10/q50/q90 = 0.079/0.481/0.900 (nominal .10/.50/.90) | extreme tail = 0.115/0.441/0.854
2026-07-31 02:17:48,226 INFO New best val loss: 4.86739 (saved checkpoints/best.pth)
2026-07-31 02:18:30,448 INFO Epoch 37 | Batch 50/593 | Loss 4.28717 (Pin 0.83234 [q90 0.40697, q10 0.42537], MS 1.36177, Freq 4.18613) | LR 5.00e-06
2026-07-31 02:19:12,609 INFO Epoch 37 | Batch 100/593 | Loss 4.26431 (Pin 0.83577 [q90 0.41412, q10 0.42165], MS 1.31026, Freq 4.23654) | LR 5.00e-06
2026-07-31 02:19:54,727 INFO Epoch 37 | Batch 150/593 | Loss 4.34082 (Pin 0.86871 [q90 0.42636, q10 0.44235], MS 1.34233, Freq 4.25956) | LR 5.00e-06
2026-07-31 02:20:36,902 INFO Epoch 37 | Batch 200/593 | Loss 4.28928 (Pin 0.83837 [q90 0.41114, q10 0.42723], MS 1.32872, Freq 4.24440) | LR 5.00e-06
2026-07-31 02:21:19,051 INFO Epoch 37 | Batch 250/593 | Loss 4.23230 (Pin 0.82318 [q90 0.39811, q10 0.42507], MS 1.30972, Freq 4.19880) | LR 5.00e-06
2026-07-31 02:22:01,220 INFO Epoch 37 | Batch 300/593 | Loss 4.27400 (Pin 0.85864 [q90 0.42361, q10 0.43502], MS 1.30632, Freq 4.21808) | LR 5.00e-06
2026-07-31 02:22:43,383 INFO Epoch 37 | Batch 350/593 | Loss 4.34750 (Pin 0.84682 [q90 0.41568, q10 0.43114], MS 1.37448, Freq 4.25240) | LR 5.00e-06
2026-07-31 02:23:25,539 INFO Epoch 37 | Batch 400/593 | Loss 4.37834 (Pin 0.86351 [q90 0.42148, q10 0.44203], MS 1.37205, Freq 4.28555) | LR 5.00e-06
2026-07-31 02:24:07,677 INFO Epoch 37 | Batch 450/593 | Loss 4.29576 (Pin 0.84650 [q90 0.40995, q10 0.43655], MS 1.34293, Freq 4.21267) | LR 5.00e-06
2026-07-31 02:24:49,833 INFO Epoch 37 | Batch 500/593 | Loss 4.28439 (Pin 0.84614 [q90 0.41587, q10 0.43028], MS 1.31659, Freq 4.24331) | LR 5.00e-06
2026-07-31 02:25:31,997 INFO Epoch 37 | Batch 550/593 | Loss 4.40525 (Pin 0.86746 [q90 0.42595, q10 0.44151], MS 1.40154, Freq 4.27248) | LR 5.00e-06
2026-07-31 02:26:43,985 INFO Epoch 37 | Val Loss 4.87605 (Pin 0.80773 [q90 0.40309, q10 0.40464], MS 2.03502, Freq 4.06662, L1 1.78441, Spectral 0.31807, Gradient 0.50675)
2026-07-31 02:26:43,986 INFO Epoch 37 | Coverage q10/q50/q90 = 0.089/0.485/0.893 (nominal .10/.50/.90) | extreme tail = 0.117/0.433/0.843
2026-07-31 02:26:44,164 INFO Epoch 37 | Val loss did not improve (1/50 val checks since best=4.86739)
2026-07-31 02:27:26,462 INFO Epoch 38 | Batch 50/593 | Loss 4.26839 (Pin 0.84904 [q90 0.41771, q10 0.43133], MS 1.31428, Freq 4.21015) | LR 5.00e-06
2026-07-31 02:28:08,692 INFO Epoch 38 | Batch 100/593 | Loss 4.26422 (Pin 0.85763 [q90 0.41826, q10 0.43937], MS 1.29354, Freq 4.22611) | LR 5.00e-06
2026-07-31 02:28:50,917 INFO Epoch 38 | Batch 150/593 | Loss 4.34174 (Pin 0.84612 [q90 0.41271, q10 0.43341], MS 1.36959, Freq 4.25207) | LR 5.00e-06
2026-07-31 02:29:33,141 INFO Epoch 38 | Batch 200/593 | Loss 4.25930 (Pin 0.84622 [q90 0.41384, q10 0.43238], MS 1.29675, Freq 4.23266) | LR 5.00e-06
2026-07-31 02:30:15,384 INFO Epoch 38 | Batch 250/593 | Loss 4.32326 (Pin 0.84993 [q90 0.41284, q10 0.43710], MS 1.35828, Freq 4.23010) | LR 5.00e-06
2026-07-31 02:30:57,609 INFO Epoch 38 | Batch 300/593 | Loss 4.27572 (Pin 0.83065 [q90 0.40646, q10 0.42419], MS 1.33222, Freq 4.22572) | LR 5.00e-06
2026-07-31 02:31:39,809 INFO Epoch 38 | Batch 350/593 | Loss 4.25835 (Pin 0.82272 [q90 0.40450, q10 0.41822], MS 1.34751, Freq 4.17624) | LR 5.00e-06
2026-07-31 02:32:22,045 INFO Epoch 38 | Batch 400/593 | Loss 4.29819 (Pin 0.84855 [q90 0.41362, q10 0.43494], MS 1.32519, Freq 4.24888) | LR 5.00e-06
2026-07-31 02:33:04,276 INFO Epoch 38 | Batch 450/593 | Loss 4.21396 (Pin 0.84705 [q90 0.41576, q10 0.43129], MS 1.24456, Freq 4.24469) | LR 5.00e-06
2026-07-31 02:33:46,504 INFO Epoch 38 | Batch 500/593 | Loss 4.21483 (Pin 0.82934 [q90 0.40842, q10 0.42091], MS 1.28295, Freq 4.20508) | LR 5.00e-06
2026-07-31 02:34:28,872 INFO Epoch 38 | Batch 550/593 | Loss 4.32239 (Pin 0.85148 [q90 0.41542, q10 0.43606], MS 1.37168, Freq 4.19847) | LR 5.00e-06
2026-07-31 02:35:40,854 INFO Epoch 38 | Val Loss 4.86609 (Pin 0.80404 [q90 0.40062, q10 0.40343], MS 1.98377, Freq 4.15655, L1 1.79134, Spectral 0.32160, Gradient 0.51739)
2026-07-31 02:35:40,854 INFO Epoch 38 | Coverage q10/q50/q90 = 0.084/0.502/0.906 (nominal .10/.50/.90) | extreme tail = 0.118/0.457/0.852
2026-07-31 02:35:41,190 INFO New best val loss: 4.86609 (saved checkpoints/best.pth)
2026-07-31 02:36:23,475 INFO Epoch 39 | Batch 50/593 | Loss 4.29437 (Pin 0.84334 [q90 0.41054, q10 0.43280], MS 1.35521, Freq 4.19166) | LR 5.00e-06
2026-07-31 02:37:05,692 INFO Epoch 39 | Batch 100/593 | Loss 4.26264 (Pin 0.84302 [q90 0.41431, q10 0.42871], MS 1.32425, Freq 4.19074) | LR 5.00e-06
2026-07-31 02:37:47,905 INFO Epoch 39 | Batch 150/593 | Loss 4.26276 (Pin 0.84310 [q90 0.40607, q10 0.43703], MS 1.31700, Freq 4.20533) | LR 5.00e-06
2026-07-31 02:38:30,107 INFO Epoch 39 | Batch 200/593 | Loss 4.26611 (Pin 0.84101 [q90 0.41456, q10 0.42644], MS 1.27951, Freq 4.29118) | LR 5.00e-06
2026-07-31 02:39:12,313 INFO Epoch 39 | Batch 250/593 | Loss 4.29768 (Pin 0.84114 [q90 0.41064, q10 0.43050], MS 1.34665, Freq 4.21978) | LR 5.00e-06
2026-07-31 02:39:54,529 INFO Epoch 39 | Batch 300/593 | Loss 4.28985 (Pin 0.83655 [q90 0.41009, q10 0.42647], MS 1.34306, Freq 4.22046) | LR 5.00e-06
2026-07-31 02:40:36,771 INFO Epoch 39 | Batch 350/593 | Loss 4.34070 (Pin 0.85259 [q90 0.42168, q10 0.43091], MS 1.35481, Freq 4.26662) | LR 5.00e-06
2026-07-31 02:41:18,989 INFO Epoch 39 | Batch 400/593 | Loss 4.23727 (Pin 0.83230 [q90 0.40922, q10 0.42308], MS 1.31280, Freq 4.18432) | LR 5.00e-06
2026-07-31 02:42:01,220 INFO Epoch 39 | Batch 450/593 | Loss 4.23960 (Pin 0.83011 [q90 0.40593, q10 0.42417], MS 1.30487, Freq 4.20924) | LR 5.00e-06
2026-07-31 02:42:43,457 INFO Epoch 39 | Batch 500/593 | Loss 4.34308 (Pin 0.86557 [q90 0.41964, q10 0.44593], MS 1.33927, Freq 4.27647) | LR 5.00e-06
2026-07-31 02:43:25,677 INFO Epoch 39 | Batch 550/593 | Loss 4.31862 (Pin 0.85873 [q90 0.41971, q10 0.43901], MS 1.31855, Freq 4.28269) | LR 5.00e-06
2026-07-31 02:44:38,011 INFO Epoch 39 | Val Loss 4.84310 (Pin 0.80450 [q90 0.40055, q10 0.40395], MS 1.99344, Freq 4.09033, L1 1.77640, Spectral 0.31772, Gradient 0.50705)
2026-07-31 02:44:38,012 INFO Epoch 39 | Coverage q10/q50/q90 = 0.082/0.485/0.901 (nominal .10/.50/.90) | extreme tail = 0.115/0.454/0.854
2026-07-31 02:44:38,354 INFO New best val loss: 4.84310 (saved checkpoints/best.pth)
2026-07-31 02:45:20,650 INFO Epoch 40 | Batch 50/593 | Loss 4.20873 (Pin 0.84198 [q90 0.41409, q10 0.42788], MS 1.27729, Freq 4.17892) | LR 2.50e-06
2026-07-31 02:46:02,871 INFO Epoch 40 | Batch 100/593 | Loss 4.22234 (Pin 0.84366 [q90 0.41726, q10 0.42641], MS 1.28855, Freq 4.18025) | LR 2.50e-06
2026-07-31 02:46:45,104 INFO Epoch 40 | Batch 150/593 | Loss 4.23893 (Pin 0.82698 [q90 0.40388, q10 0.42310], MS 1.32080, Freq 4.18232) | LR 2.50e-06
2026-07-31 02:47:27,340 INFO Epoch 40 | Batch 200/593 | Loss 4.32894 (Pin 0.85662 [q90 0.42088, q10 0.43574], MS 1.34082, Freq 4.26301) | LR 2.50e-06
2026-07-31 02:48:09,541 INFO Epoch 40 | Batch 250/593 | Loss 4.22656 (Pin 0.82351 [q90 0.40249, q10 0.42101], MS 1.30610, Freq 4.19393) | LR 2.50e-06
2026-07-31 02:48:51,755 INFO Epoch 40 | Batch 300/593 | Loss 4.25906 (Pin 0.85801 [q90 0.41727, q10 0.44074], MS 1.29362, Freq 4.21486) | LR 2.50e-06
2026-07-31 02:49:33,980 INFO Epoch 40 | Batch 350/593 | Loss 4.27867 (Pin 0.84492 [q90 0.41283, q10 0.43209], MS 1.32435, Freq 4.21879) | LR 2.50e-06
2026-07-31 02:50:16,171 INFO Epoch 40 | Batch 400/593 | Loss 4.35109 (Pin 0.85974 [q90 0.42213, q10 0.43762], MS 1.33748, Freq 4.30774) | LR 2.50e-06
2026-07-31 02:50:58,362 INFO Epoch 40 | Batch 450/593 | Loss 4.21617 (Pin 0.83471 [q90 0.40623, q10 0.42848], MS 1.27746, Freq 4.20802) | LR 2.50e-06
2026-07-31 02:51:40,559 INFO Epoch 40 | Batch 500/593 | Loss 4.24498 (Pin 0.83600 [q90 0.41078, q10 0.42522], MS 1.30983, Freq 4.19830) | LR 2.50e-06
2026-07-31 02:52:22,725 INFO Epoch 40 | Batch 550/593 | Loss 4.26980 (Pin 0.83555 [q90 0.40845, q10 0.42710], MS 1.30608, Freq 4.25633) | LR 2.50e-06
2026-07-31 02:53:34,212 INFO Epoch 40 | Val Loss 4.87495 (Pin 0.80395 [q90 0.40044, q10 0.40351], MS 2.00019, Freq 4.14163, L1 1.79096, Spectral 0.32292, Gradient 0.51781)
2026-07-31 02:53:34,213 INFO Epoch 40 | Coverage q10/q50/q90 = 0.086/0.496/0.902 (nominal .10/.50/.90) | extreme tail = 0.116/0.454/0.853
2026-07-31 02:53:34,383 INFO Epoch 40 | Val loss did not improve (1/50 val checks since best=4.84310)
2026-07-31 02:54:16,675 INFO Epoch 41 | Batch 50/593 | Loss 4.29772 (Pin 0.84027 [q90 0.41226, q10 0.42801], MS 1.33132, Freq 4.25227) | LR 2.50e-06
2026-07-31 02:54:58,901 INFO Epoch 41 | Batch 100/593 | Loss 4.22788 (Pin 0.83136 [q90 0.40765, q10 0.42371], MS 1.29213, Freq 4.20879) | LR 2.50e-06
2026-07-31 02:55:41,126 INFO Epoch 41 | Batch 150/593 | Loss 4.24038 (Pin 0.84256 [q90 0.40987, q10 0.43269], MS 1.30331, Freq 4.18902) | LR 2.50e-06
2026-07-31 02:56:23,352 INFO Epoch 41 | Batch 200/593 | Loss 4.21843 (Pin 0.84116 [q90 0.40988, q10 0.43127], MS 1.29212, Freq 4.17029) | LR 2.50e-06
2026-07-31 02:57:05,572 INFO Epoch 41 | Batch 250/593 | Loss 4.19756 (Pin 0.83523 [q90 0.40539, q10 0.42984], MS 1.27074, Freq 4.18317) | LR 2.50e-06
2026-07-31 02:57:47,807 INFO Epoch 41 | Batch 300/593 | Loss 4.30088 (Pin 0.86321 [q90 0.42243, q10 0.44078], MS 1.28696, Freq 4.30142) | LR 2.50e-06
2026-07-31 02:58:30,041 INFO Epoch 41 | Batch 350/593 | Loss 4.17355 (Pin 0.83883 [q90 0.41343, q10 0.42541], MS 1.23935, Freq 4.19074) | LR 2.50e-06
2026-07-31 02:59:12,287 INFO Epoch 41 | Batch 400/593 | Loss 4.17335 (Pin 0.83124 [q90 0.40810, q10 0.42314], MS 1.25973, Freq 4.16475) | LR 2.50e-06
2026-07-31 02:59:54,522 INFO Epoch 41 | Batch 450/593 | Loss 4.35739 (Pin 0.85684 [q90 0.41958, q10 0.43726], MS 1.35102, Freq 4.29907) | LR 2.50e-06
2026-07-31 03:00:36,730 INFO Epoch 41 | Batch 500/593 | Loss 4.29169 (Pin 0.84398 [q90 0.41678, q10 0.42720], MS 1.31843, Freq 4.25855) | LR 2.50e-06
2026-07-31 03:01:18,953 INFO Epoch 41 | Batch 550/593 | Loss 4.25684 (Pin 0.84717 [q90 0.41144, q10 0.43573], MS 1.29070, Freq 4.23792) | LR 2.50e-06
2026-07-31 03:02:30,907 INFO Epoch 41 | Val Loss 4.84942 (Pin 0.80449 [q90 0.39983, q10 0.40466], MS 1.98368, Freq 4.12252, L1 1.78885, Spectral 0.32156, Gradient 0.51578)
2026-07-31 03:02:30,908 INFO Epoch 41 | Coverage q10/q50/q90 = 0.080/0.483/0.903 (nominal .10/.50/.90) | extreme tail = 0.119/0.461/0.858
2026-07-31 03:02:31,296 INFO Epoch 41 | Val loss did not improve (2/50 val checks since best=4.84310)
2026-07-31 03:03:13,574 INFO Epoch 42 | Batch 50/593 | Loss 4.22836 (Pin 0.84225 [q90 0.41104, q10 0.43122], MS 1.29810, Freq 4.17602) | LR 2.50e-06
2026-07-31 03:03:55,795 INFO Epoch 42 | Batch 100/593 | Loss 4.24307 (Pin 0.84082 [q90 0.41042, q10 0.43040], MS 1.29916, Freq 4.20619) | LR 2.50e-06
2026-07-31 03:04:38,009 INFO Epoch 42 | Batch 150/593 | Loss 4.12304 (Pin 0.81177 [q90 0.40025, q10 0.41152], MS 1.23574, Freq 4.15106) | LR 2.50e-06
2026-07-31 03:05:20,202 INFO Epoch 42 | Batch 200/593 | Loss 4.30011 (Pin 0.86910 [q90 0.42636, q10 0.44274], MS 1.28233, Freq 4.29737) | LR 2.50e-06
2026-07-31 03:06:02,386 INFO Epoch 42 | Batch 250/593 | Loss 4.20367 (Pin 0.84030 [q90 0.41167, q10 0.42863], MS 1.25863, Freq 4.20950) | LR 2.50e-06
2026-07-31 03:06:44,565 INFO Epoch 42 | Batch 300/593 | Loss 4.28941 (Pin 0.86002 [q90 0.42166, q10 0.43836], MS 1.29939, Freq 4.26000) | LR 2.50e-06
2026-07-31 03:07:26,741 INFO Epoch 42 | Batch 350/593 | Loss 4.21533 (Pin 0.81389 [q90 0.39977, q10 0.41412], MS 1.32042, Freq 4.16204) | LR 2.50e-06
2026-07-31 03:08:08,928 INFO Epoch 42 | Batch 400/593 | Loss 4.30100 (Pin 0.84582 [q90 0.41185, q10 0.43397], MS 1.35269, Freq 4.20499) | LR 2.50e-06
2026-07-31 03:08:51,080 INFO Epoch 42 | Batch 450/593 | Loss 4.16672 (Pin 0.82980 [q90 0.40705, q10 0.42275], MS 1.24616, Freq 4.18152) | LR 2.50e-06
2026-07-31 03:09:33,266 INFO Epoch 42 | Batch 500/593 | Loss 4.28835 (Pin 0.85068 [q90 0.41796, q10 0.43272], MS 1.31844, Freq 4.23846) | LR 2.50e-06
2026-07-31 03:10:15,431 INFO Epoch 42 | Batch 550/593 | Loss 4.20760 (Pin 0.85323 [q90 0.41694, q10 0.43629], MS 1.24770, Freq 4.21334) | LR 2.50e-06
2026-07-31 03:11:27,642 INFO Epoch 42 | Val Loss 4.85147 (Pin 0.80286 [q90 0.40013, q10 0.40273], MS 2.00545, Freq 4.08633, L1 1.77613, Spectral 0.31660, Gradient 0.50525)
2026-07-31 03:11:27,643 INFO Epoch 42 | Coverage q10/q50/q90 = 0.087/0.499/0.901 (nominal .10/.50/.90) | extreme tail = 0.117/0.464/0.852
2026-07-31 03:11:27,818 INFO Epoch 42 | Val loss did not improve (3/50 val checks since best=4.84310)
2026-07-31 03:12:10,024 INFO Epoch 43 | Batch 50/593 | Loss 4.20549 (Pin 0.83564 [q90 0.41384, q10 0.42180], MS 1.23947, Freq 4.26076) | LR 2.50e-06
2026-07-31 03:12:52,160 INFO Epoch 43 | Batch 100/593 | Loss 4.17090 (Pin 0.83816 [q90 0.41244, q10 0.42571], MS 1.25853, Freq 4.14843) | LR 2.50e-06
2026-07-31 03:13:34,275 INFO Epoch 43 | Batch 150/593 | Loss 4.31186 (Pin 0.83430 [q90 0.40811, q10 0.42619], MS 1.33364, Freq 4.28785) | LR 2.50e-06
2026-07-31 03:14:16,402 INFO Epoch 43 | Batch 200/593 | Loss 4.16632 (Pin 0.82330 [q90 0.39898, q10 0.42432], MS 1.28599, Freq 4.11406) | LR 2.50e-06
2026-07-31 03:14:58,499 INFO Epoch 43 | Batch 250/593 | Loss 4.26065 (Pin 0.83177 [q90 0.40447, q10 0.42730], MS 1.32067, Freq 4.21641) | LR 2.50e-06
2026-07-31 03:15:40,615 INFO Epoch 43 | Batch 300/593 | Loss 4.16275 (Pin 0.83550 [q90 0.41125, q10 0.42426], MS 1.24534, Freq 4.16381) | LR 2.50e-06
2026-07-31 03:16:22,746 INFO Epoch 43 | Batch 350/593 | Loss 4.32221 (Pin 0.84958 [q90 0.41620, q10 0.43338], MS 1.35493, Freq 4.23539) | LR 2.50e-06
2026-07-31 03:17:04,870 INFO Epoch 43 | Batch 400/593 | Loss 4.31093 (Pin 0.85881 [q90 0.42087, q10 0.43794], MS 1.31163, Freq 4.28098) | LR 2.50e-06
2026-07-31 03:17:47,000 INFO Epoch 43 | Batch 450/593 | Loss 4.25158 (Pin 0.84833 [q90 0.41634, q10 0.43199], MS 1.27796, Freq 4.25060) | LR 2.50e-06
2026-07-31 03:18:29,156 INFO Epoch 43 | Batch 500/593 | Loss 4.13721 (Pin 0.82487 [q90 0.40255, q10 0.42232], MS 1.23537, Freq 4.15395) | LR 2.50e-06
2026-07-31 03:19:11,328 INFO Epoch 43 | Batch 550/593 | Loss 4.30565 (Pin 0.86380 [q90 0.43189, q10 0.43191], MS 1.31797, Freq 4.24776) | LR 2.50e-06
2026-07-31 03:20:23,149 INFO Epoch 43 | Val Loss 4.82702 (Pin 0.80453 [q90 0.40040, q10 0.40413], MS 1.98837, Freq 4.06825, L1 1.77620, Spectral 0.31909, Gradient 0.50797)
2026-07-31 03:20:23,149 INFO Epoch 43 | Coverage q10/q50/q90 = 0.084/0.485/0.899 (nominal .10/.50/.90) | extreme tail = 0.112/0.452/0.851
2026-07-31 03:20:23,490 INFO New best val loss: 4.82702 (saved checkpoints/best.pth)
2026-07-31 03:21:05,793 INFO Epoch 44 | Batch 50/593 | Loss 4.29102 (Pin 0.84731 [q90 0.41735, q10 0.42995], MS 1.33374, Freq 4.21996) | LR 2.50e-06
2026-07-31 03:21:48,032 INFO Epoch 44 | Batch 100/593 | Loss 4.25460 (Pin 0.84224 [q90 0.41367, q10 0.42856], MS 1.33633, Freq 4.15207) | LR 2.50e-06
2026-07-31 03:22:30,245 INFO Epoch 44 | Batch 150/593 | Loss 4.18310 (Pin 0.82338 [q90 0.40456, q10 0.41882], MS 1.27763, Freq 4.16418) | LR 2.50e-06
2026-07-31 03:23:12,456 INFO Epoch 44 | Batch 200/593 | Loss 4.34607 (Pin 0.86085 [q90 0.42155, q10 0.43930], MS 1.33683, Freq 4.29679) | LR 2.50e-06
2026-07-31 03:23:54,666 INFO Epoch 44 | Batch 250/593 | Loss 4.20432 (Pin 0.83996 [q90 0.41081, q10 0.42916], MS 1.27831, Freq 4.17210) | LR 2.50e-06
2026-07-31 03:24:36,893 INFO Epoch 44 | Batch 300/593 | Loss 4.15246 (Pin 0.82480 [q90 0.40486, q10 0.41994], MS 1.24270, Freq 4.16992) | LR 2.50e-06
2026-07-31 03:25:19,114 INFO Epoch 44 | Batch 350/593 | Loss 4.22664 (Pin 0.83830 [q90 0.41014, q10 0.42817], MS 1.25585, Freq 4.26499) | LR 2.50e-06
2026-07-31 03:26:01,324 INFO Epoch 44 | Batch 400/593 | Loss 4.26421 (Pin 0.84342 [q90 0.40986, q10 0.43357], MS 1.30185, Freq 4.23787) | LR 2.50e-06
2026-07-31 03:26:43,529 INFO Epoch 44 | Batch 450/593 | Loss 4.24110 (Pin 0.83325 [q90 0.40747, q10 0.42578], MS 1.30179, Freq 4.21212) | LR 2.50e-06
2026-07-31 03:27:25,724 INFO Epoch 44 | Batch 500/593 | Loss 4.21123 (Pin 0.84908 [q90 0.41534, q10 0.43374], MS 1.23310, Freq 4.25811) | LR 2.50e-06
2026-07-31 03:28:07,928 INFO Epoch 44 | Batch 550/593 | Loss 4.26116 (Pin 0.83278 [q90 0.41218, q10 0.42060], MS 1.33496, Freq 4.18683) | LR 2.50e-06
2026-07-31 03:29:19,958 INFO Epoch 44 | Val Loss 4.83600 (Pin 0.80330 [q90 0.40014, q10 0.40316], MS 1.97981, Freq 4.10578, L1 1.78285, Spectral 0.32065, Gradient 0.51260)
2026-07-31 03:29:19,959 INFO Epoch 44 | Coverage q10/q50/q90 = 0.081/0.480/0.899 (nominal .10/.50/.90) | extreme tail = 0.119/0.462/0.853
2026-07-31 03:29:20,135 INFO Epoch 44 | Val loss did not improve (1/50 val checks since best=4.82702)
2026-07-31 03:30:02,452 INFO Epoch 45 | Batch 50/593 | Loss 4.18863 (Pin 0.82786 [q90 0.40587, q10 0.42199], MS 1.25999, Freq 4.20156) | LR 2.50e-06
2026-07-31 03:30:44,669 INFO Epoch 45 | Batch 100/593 | Loss 4.30812 (Pin 0.86577 [q90 0.42447, q10 0.44130], MS 1.30908, Freq 4.26655) | LR 2.50e-06
2026-07-31 03:31:26,894 INFO Epoch 45 | Batch 150/593 | Loss 4.20212 (Pin 0.83883 [q90 0.41275, q10 0.42608], MS 1.24408, Freq 4.23844) | LR 2.50e-06
2026-07-31 03:32:09,104 INFO Epoch 45 | Batch 200/593 | Loss 4.20966 (Pin 0.84640 [q90 0.41359, q10 0.43280], MS 1.25500, Freq 4.21654) | LR 2.50e-06
2026-07-31 03:32:51,331 INFO Epoch 45 | Batch 250/593 | Loss 4.24670 (Pin 0.84059 [q90 0.41259, q10 0.42799], MS 1.29601, Freq 4.22020) | LR 2.50e-06
2026-07-31 03:33:33,560 INFO Epoch 45 | Batch 300/593 | Loss 4.22860 (Pin 0.84005 [q90 0.41030, q10 0.42974], MS 1.28299, Freq 4.21112) | LR 2.50e-06
2026-07-31 03:34:15,774 INFO Epoch 45 | Batch 350/593 | Loss 4.23858 (Pin 0.83616 [q90 0.41414, q10 0.42202], MS 1.28679, Freq 4.23125) | LR 2.50e-06
2026-07-31 03:34:58,006 INFO Epoch 45 | Batch 400/593 | Loss 4.26846 (Pin 0.84564 [q90 0.41687, q10 0.42876], MS 1.33373, Freq 4.17819) | LR 2.50e-06
2026-07-31 03:35:40,242 INFO Epoch 45 | Batch 450/593 | Loss 4.20192 (Pin 0.84071 [q90 0.40931, q10 0.43140], MS 1.25574, Freq 4.21093) | LR 2.50e-06
2026-07-31 03:36:22,445 INFO Epoch 45 | Batch 500/593 | Loss 4.21193 (Pin 0.84484 [q90 0.41431, q10 0.43054], MS 1.25028, Freq 4.23361) | LR 2.50e-06
2026-07-31 03:37:04,648 INFO Epoch 45 | Batch 550/593 | Loss 4.31613 (Pin 0.84998 [q90 0.41406, q10 0.43592], MS 1.33091, Freq 4.27049) | LR 2.50e-06
2026-07-31 03:38:17,007 INFO Epoch 45 | Val Loss 4.85534 (Pin 0.80426 [q90 0.40127, q10 0.40299], MS 2.01857, Freq 4.06503, L1 1.77920, Spectral 0.31978, Gradient 0.50727)
2026-07-31 03:38:17,008 INFO Epoch 45 | Coverage q10/q50/q90 = 0.089/0.494/0.898 (nominal .10/.50/.90) | extreme tail = 0.125/0.464/0.852
2026-07-31 03:38:17,185 INFO Epoch 45 | Val loss did not improve (2/50 val checks since best=4.82702)
2026-07-31 03:38:59,477 INFO Epoch 46 | Batch 50/593 | Loss 4.25479 (Pin 0.83326 [q90 0.40696, q10 0.42631], MS 1.31558, Freq 4.21189) | LR 2.50e-06
2026-07-31 03:39:41,708 INFO Epoch 46 | Batch 100/593 | Loss 4.21610 (Pin 0.83276 [q90 0.40921, q10 0.42355], MS 1.30635, Freq 4.15398) | LR 2.50e-06
2026-07-31 03:40:23,926 INFO Epoch 46 | Batch 150/593 | Loss 4.20831 (Pin 0.84152 [q90 0.41101, q10 0.43051], MS 1.27126, Freq 4.19106) | LR 2.50e-06
2026-07-31 03:41:06,149 INFO Epoch 46 | Batch 200/593 | Loss 4.15740 (Pin 0.81359 [q90 0.40346, q10 0.41013], MS 1.26478, Freq 4.15807) | LR 2.50e-06
2026-07-31 03:41:48,360 INFO Epoch 46 | Batch 250/593 | Loss 4.26671 (Pin 0.84949 [q90 0.41698, q10 0.43251], MS 1.30467, Freq 4.22509) | LR 2.50e-06
2026-07-31 03:42:30,525 INFO Epoch 46 | Batch 300/593 | Loss 4.16837 (Pin 0.81178 [q90 0.40227, q10 0.40951], MS 1.30374, Freq 4.10570) | LR 2.50e-06
2026-07-31 03:43:12,699 INFO Epoch 46 | Batch 350/593 | Loss 4.39344 (Pin 0.86883 [q90 0.42276, q10 0.44607], MS 1.35699, Freq 4.33523) | LR 2.50e-06
2026-07-31 03:43:54,884 INFO Epoch 46 | Batch 400/593 | Loss 4.30584 (Pin 0.86196 [q90 0.42108, q10 0.44088], MS 1.33599, Freq 4.21578) | LR 2.50e-06
2026-07-31 03:44:37,057 INFO Epoch 46 | Batch 450/593 | Loss 4.32258 (Pin 0.83971 [q90 0.41598, q10 0.42373], MS 1.36698, Freq 4.23178) | LR 2.50e-06
2026-07-31 03:45:19,235 INFO Epoch 46 | Batch 500/593 | Loss 4.24721 (Pin 0.84410 [q90 0.41049, q10 0.43361], MS 1.29948, Freq 4.20727) | LR 2.50e-06
2026-07-31 03:46:01,432 INFO Epoch 46 | Batch 550/593 | Loss 4.27552 (Pin 0.85298 [q90 0.41633, q10 0.43665], MS 1.29717, Freq 4.25074) | LR 2.50e-06
2026-07-31 03:47:13,459 INFO Epoch 46 | Val Loss 4.85059 (Pin 0.80269 [q90 0.40025, q10 0.40244], MS 2.02682, Freq 4.04216, L1 1.76681, Spectral 0.31699, Gradient 0.50318)
2026-07-31 03:47:13,460 INFO Epoch 46 | Coverage q10/q50/q90 = 0.092/0.509/0.900 (nominal .10/.50/.90) | extreme tail = 0.120/0.473/0.853
2026-07-31 03:47:13,639 INFO Epoch 46 | Val loss did not improve (3/50 val checks since best=4.82702)
2026-07-31 03:47:55,896 INFO Epoch 47 | Batch 50/593 | Loss 4.23237 (Pin 0.83274 [q90 0.40881, q10 0.42394], MS 1.28589, Freq 4.22748) | LR 2.50e-06
2026-07-31 03:48:38,091 INFO Epoch 47 | Batch 100/593 | Loss 4.21147 (Pin 0.83646 [q90 0.40931, q10 0.42715], MS 1.26389, Freq 4.22224) | LR 2.50e-06
2026-07-31 03:49:20,311 INFO Epoch 47 | Batch 150/593 | Loss 4.34162 (Pin 0.85778 [q90 0.42051, q10 0.43727], MS 1.36749, Freq 4.23270) | LR 2.50e-06
2026-07-31 03:50:02,498 INFO Epoch 47 | Batch 200/593 | Loss 4.15080 (Pin 0.81471 [q90 0.39573, q10 0.41899], MS 1.27270, Freq 4.12679) | LR 2.50e-06
2026-07-31 03:50:44,705 INFO Epoch 47 | Batch 250/593 | Loss 4.21016 (Pin 0.83231 [q90 0.41067, q10 0.42165], MS 1.28261, Freq 4.19048) | LR 2.50e-06
2026-07-31 03:51:26,899 INFO Epoch 47 | Batch 300/593 | Loss 4.25783 (Pin 0.82026 [q90 0.40480, q10 0.41546], MS 1.32427, Freq 4.22661) | LR 2.50e-06
2026-07-31 03:52:09,111 INFO Epoch 47 | Batch 350/593 | Loss 4.23822 (Pin 0.82577 [q90 0.40571, q10 0.42007], MS 1.31814, Freq 4.18862) | LR 2.50e-06
2026-07-31 03:52:51,319 INFO Epoch 47 | Batch 400/593 | Loss 4.29729 (Pin 0.86186 [q90 0.41766, q10 0.44420], MS 1.30874, Freq 4.25339) | LR 2.50e-06
2026-07-31 03:53:33,540 INFO Epoch 47 | Batch 450/593 | Loss 4.30386 (Pin 0.86592 [q90 0.41956, q10 0.44636], MS 1.30785, Freq 4.26018) | LR 2.50e-06
2026-07-31 03:54:15,763 INFO Epoch 47 | Batch 500/593 | Loss 4.19524 (Pin 0.83250 [q90 0.40422, q10 0.42828], MS 1.27164, Freq 4.18219) | LR 2.50e-06
2026-07-31 03:54:57,972 INFO Epoch 47 | Batch 550/593 | Loss 4.23904 (Pin 0.83202 [q90 0.41079, q10 0.42123], MS 1.29280, Freq 4.22844) | LR 2.50e-06
2026-07-31 03:56:09,925 INFO Epoch 47 | Val Loss 4.82613 (Pin 0.80270 [q90 0.40002, q10 0.40268], MS 1.99910, Freq 4.04866, L1 1.76640, Spectral 0.31714, Gradient 0.50455)
2026-07-31 03:56:09,926 INFO Epoch 47 | Coverage q10/q50/q90 = 0.085/0.486/0.898 (nominal .10/.50/.90) | extreme tail = 0.120/0.463/0.856
2026-07-31 03:56:10,259 INFO New best val loss: 4.82613 (saved checkpoints/best.pth)
2026-07-31 03:56:52,541 INFO Epoch 48 | Batch 50/593 | Loss 4.28263 (Pin 0.85468 [q90 0.41650, q10 0.43819], MS 1.30726, Freq 4.24137) | LR 2.50e-06
2026-07-31 03:57:34,770 INFO Epoch 48 | Batch 100/593 | Loss 4.20689 (Pin 0.84223 [q90 0.41156, q10 0.43068], MS 1.25016, Freq 4.22899) | LR 2.50e-06
2026-07-31 03:58:16,970 INFO Epoch 48 | Batch 150/593 | Loss 4.31903 (Pin 0.85234 [q90 0.41824, q10 0.43410], MS 1.34823, Freq 4.23693) | LR 2.50e-06
2026-07-31 03:58:59,203 INFO Epoch 48 | Batch 200/593 | Loss 4.21759 (Pin 0.84072 [q90 0.41675, q10 0.42397], MS 1.26549, Freq 4.22277) | LR 2.50e-06
2026-07-31 03:59:41,425 INFO Epoch 48 | Batch 250/593 | Loss 4.21618 (Pin 0.83947 [q90 0.41273, q10 0.42674], MS 1.25504, Freq 4.24332) | LR 2.50e-06
2026-07-31 04:00:23,647 INFO Epoch 48 | Batch 300/593 | Loss 4.26191 (Pin 0.85718 [q90 0.42000, q10 0.43717], MS 1.29281, Freq 4.22385) | LR 2.50e-06
2026-07-31 04:01:05,851 INFO Epoch 48 | Batch 350/593 | Loss 4.26033 (Pin 0.83548 [q90 0.40661, q10 0.42887], MS 1.32118, Freq 4.20733) | LR 2.50e-06
2026-07-31 04:01:48,060 INFO Epoch 48 | Batch 400/593 | Loss 4.27837 (Pin 0.82832 [q90 0.40486, q10 0.42346], MS 1.35056, Freq 4.19898) | LR 2.50e-06
2026-07-31 04:02:30,303 INFO Epoch 48 | Batch 450/593 | Loss 4.23207 (Pin 0.83539 [q90 0.41155, q10 0.42384], MS 1.32079, Freq 4.15177) | LR 2.50e-06
2026-07-31 04:03:12,512 INFO Epoch 48 | Batch 500/593 | Loss 4.29826 (Pin 0.85041 [q90 0.42120, q10 0.42920], MS 1.32064, Freq 4.25443) | LR 2.50e-06
2026-07-31 04:03:54,713 INFO Epoch 48 | Batch 550/593 | Loss 4.11468 (Pin 0.81993 [q90 0.39894, q10 0.42099], MS 1.21427, Freq 4.16095) | LR 2.50e-06
2026-07-31 04:05:07,125 INFO Epoch 48 | Val Loss 4.86338 (Pin 0.80405 [q90 0.40100, q10 0.40305], MS 1.99245, Freq 4.13376, L1 1.79052, Spectral 0.32022, Gradient 0.51246)
2026-07-31 04:05:07,126 INFO Epoch 48 | Coverage q10/q50/q90 = 0.085/0.491/0.899 (nominal .10/.50/.90) | extreme tail = 0.119/0.456/0.850
2026-07-31 04:05:07,305 INFO Epoch 48 | Val loss did not improve (1/50 val checks since best=4.82613)
2026-07-31 04:05:49,596 INFO Epoch 49 | Batch 50/593 | Loss 4.23772 (Pin 0.84088 [q90 0.41882, q10 0.42207], MS 1.29814, Freq 4.19738) | LR 2.50e-06
2026-07-31 04:06:31,820 INFO Epoch 49 | Batch 100/593 | Loss 4.25524 (Pin 0.83496 [q90 0.40824, q10 0.42672], MS 1.30153, Freq 4.23749) | LR 2.50e-06
2026-07-31 04:07:14,041 INFO Epoch 49 | Batch 150/593 | Loss 4.27964 (Pin 0.84239 [q90 0.40987, q10 0.43252], MS 1.31465, Freq 4.24522) | LR 2.50e-06
2026-07-31 04:07:56,267 INFO Epoch 49 | Batch 200/593 | Loss 4.11656 (Pin 0.80888 [q90 0.39798, q10 0.41090], MS 1.24453, Freq 4.12629) | LR 2.50e-06
2026-07-31 04:08:38,483 INFO Epoch 49 | Batch 250/593 | Loss 4.20871 (Pin 0.84288 [q90 0.40884, q10 0.43403], MS 1.24186, Freq 4.24794) | LR 2.50e-06
2026-07-31 04:09:20,699 INFO Epoch 49 | Batch 300/593 | Loss 4.33072 (Pin 0.85141 [q90 0.42067, q10 0.43074], MS 1.33766, Freq 4.28332) | LR 2.50e-06
2026-07-31 04:10:02,928 INFO Epoch 49 | Batch 350/593 | Loss 4.17010 (Pin 0.83240 [q90 0.40522, q10 0.42718], MS 1.25552, Freq 4.16435) | LR 2.50e-06
2026-07-31 04:10:45,174 INFO Epoch 49 | Batch 400/593 | Loss 4.28149 (Pin 0.86367 [q90 0.42555, q10 0.43812], MS 1.27368, Freq 4.28828) | LR 2.50e-06
2026-07-31 04:11:27,407 INFO Epoch 49 | Batch 450/593 | Loss 4.15848 (Pin 0.82160 [q90 0.40286, q10 0.41874], MS 1.25227, Freq 4.16923) | LR 2.50e-06
2026-07-31 04:12:09,657 INFO Epoch 49 | Batch 500/593 | Loss 4.21770 (Pin 0.83664 [q90 0.40499, q10 0.43165], MS 1.29746, Freq 4.16719) | LR 2.50e-06
2026-07-31 04:12:51,890 INFO Epoch 49 | Batch 550/593 | Loss 4.22333 (Pin 0.84179 [q90 0.41954, q10 0.42225], MS 1.26712, Freq 4.22884) | LR 2.50e-06
2026-07-31 04:14:03,568 INFO Epoch 49 | Val Loss 4.84836 (Pin 0.80334 [q90 0.39964, q10 0.40371], MS 1.98269, Freq 4.12466, L1 1.78351, Spectral 0.31926, Gradient 0.51177)
2026-07-31 04:14:03,569 INFO Epoch 49 | Coverage q10/q50/q90 = 0.085/0.493/0.900 (nominal .10/.50/.90) | extreme tail = 0.118/0.466/0.854
2026-07-31 04:14:03,880 INFO Epoch 49 | Val loss did not improve (2/50 val checks since best=4.82613)
2026-07-31 04:14:46,198 INFO Epoch 50 | Batch 50/593 | Loss 4.26283 (Pin 0.84718 [q90 0.41199, q10 0.43519], MS 1.27946, Freq 4.27240) | LR 2.50e-06
2026-07-31 04:15:28,424 INFO Epoch 50 | Batch 100/593 | Loss 4.21398 (Pin 0.83723 [q90 0.41154, q10 0.42569], MS 1.27332, Freq 4.20685) | LR 2.50e-06
2026-07-31 04:16:10,649 INFO Epoch 50 | Batch 150/593 | Loss 4.25725 (Pin 0.84925 [q90 0.41604, q10 0.43321], MS 1.30193, Freq 4.21214) | LR 2.50e-06
2026-07-31 04:16:52,889 INFO Epoch 50 | Batch 200/593 | Loss 4.19583 (Pin 0.83166 [q90 0.40855, q10 0.42311], MS 1.25469, Freq 4.21897) | LR 2.50e-06
2026-07-31 04:17:35,127 INFO Epoch 50 | Batch 250/593 | Loss 4.14499 (Pin 0.81296 [q90 0.39678, q10 0.41618], MS 1.25149, Freq 4.16108) | LR 2.50e-06
2026-07-31 04:18:17,347 INFO Epoch 50 | Batch 300/593 | Loss 4.20806 (Pin 0.82067 [q90 0.40269, q10 0.41798], MS 1.28808, Freq 4.19864) | LR 2.50e-06
2026-07-31 04:18:59,569 INFO Epoch 50 | Batch 350/593 | Loss 4.33974 (Pin 0.86844 [q90 0.42678, q10 0.44166], MS 1.32821, Freq 4.28617) | LR 2.50e-06
2026-07-31 04:19:41,806 INFO Epoch 50 | Batch 400/593 | Loss 4.36442 (Pin 0.87055 [q90 0.42966, q10 0.44088], MS 1.34848, Freq 4.29079) | LR 2.50e-06
2026-07-31 04:20:24,011 INFO Epoch 50 | Batch 450/593 | Loss 4.14435 (Pin 0.83170 [q90 0.40598, q10 0.42572], MS 1.23311, Freq 4.15907) | LR 2.50e-06
2026-07-31 04:21:06,228 INFO Epoch 50 | Batch 500/593 | Loss 4.31248 (Pin 0.83961 [q90 0.41587, q10 0.42374], MS 1.36934, Freq 4.20707) | LR 2.50e-06
2026-07-31 04:21:48,449 INFO Epoch 50 | Batch 550/593 | Loss 4.12373 (Pin 0.82302 [q90 0.39934, q10 0.42368], MS 1.22903, Freq 4.14335) | LR 2.50e-06
2026-07-31 04:23:00,103 INFO Epoch 50 | Val Loss 4.90293 (Pin 0.80407 [q90 0.39981, q10 0.40426], MS 2.00876, Freq 4.18021, L1 1.79834, Spectral 0.32696, Gradient 0.52450)
2026-07-31 04:23:00,103 INFO Epoch 50 | Coverage q10/q50/q90 = 0.079/0.489/0.905 (nominal .10/.50/.90) | extreme tail = 0.111/0.453/0.855
2026-07-31 04:23:00,284 INFO Epoch 50 | Val loss did not improve (3/50 val checks since best=4.82613)
2026-07-31 04:23:42,595 INFO Epoch 51 | Batch 50/593 | Loss 4.16296 (Pin 0.83317 [q90 0.40901, q10 0.42416], MS 1.20383, Freq 4.25192) | LR 2.50e-06
2026-07-31 04:24:24,803 INFO Epoch 51 | Batch 100/593 | Loss 4.25875 (Pin 0.84188 [q90 0.41149, q10 0.43040], MS 1.32002, Freq 4.19369) | LR 2.50e-06
2026-07-31 04:25:06,990 INFO Epoch 51 | Batch 150/593 | Loss 4.24154 (Pin 0.84816 [q90 0.41923, q10 0.42892], MS 1.28377, Freq 4.21923) | LR 2.50e-06
2026-07-31 04:25:49,157 INFO Epoch 51 | Batch 200/593 | Loss 4.22885 (Pin 0.84373 [q90 0.41587, q10 0.42786], MS 1.27565, Freq 4.21894) | LR 2.50e-06
2026-07-31 04:26:31,317 INFO Epoch 51 | Batch 250/593 | Loss 4.21478 (Pin 0.82886 [q90 0.40730, q10 0.42157], MS 1.30766, Freq 4.15651) | LR 2.50e-06
2026-07-31 04:27:13,496 INFO Epoch 51 | Batch 300/593 | Loss 4.13964 (Pin 0.83819 [q90 0.40924, q10 0.42895], MS 1.22245, Freq 4.15800) | LR 2.50e-06
2026-07-31 04:27:55,710 INFO Epoch 51 | Batch 350/593 | Loss 4.26358 (Pin 0.84603 [q90 0.41873, q10 0.42729], MS 1.30482, Freq 4.22547) | LR 2.50e-06
2026-07-31 04:28:37,917 INFO Epoch 51 | Batch 400/593 | Loss 4.19793 (Pin 0.83100 [q90 0.40644, q10 0.42456], MS 1.28054, Freq 4.17279) | LR 2.50e-06
2026-07-31 04:29:20,108 INFO Epoch 51 | Batch 450/593 | Loss 4.36783 (Pin 0.86047 [q90 0.41533, q10 0.44514], MS 1.35314, Freq 4.30846) | LR 2.50e-06
2026-07-31 04:30:02,272 INFO Epoch 51 | Batch 500/593 | Loss 4.20651 (Pin 0.83092 [q90 0.40769, q10 0.42323], MS 1.29608, Freq 4.15900) | LR 2.50e-06
2026-07-31 04:30:44,473 INFO Epoch 51 | Batch 550/593 | Loss 4.24842 (Pin 0.83470 [q90 0.40536, q10 0.42934], MS 1.30835, Freq 4.21073) | LR 2.50e-06
2026-07-31 04:31:56,478 INFO Epoch 51 | Val Loss 4.83944 (Pin 0.80316 [q90 0.39965, q10 0.40351], MS 1.96715, Freq 4.13826, L1 1.79055, Spectral 0.32093, Gradient 0.51471)
2026-07-31 04:31:56,479 INFO Epoch 51 | Coverage q10/q50/q90 = 0.079/0.481/0.903 (nominal .10/.50/.90) | extreme tail = 0.116/0.459/0.853
2026-07-31 04:31:56,652 INFO Epoch 51 | Val loss did not improve (4/50 val checks since best=4.82613)
2026-07-31 04:32:38,910 INFO Epoch 52 | Batch 50/593 | Loss 4.19672 (Pin 0.83837 [q90 0.41084, q10 0.42752], MS 1.23602, Freq 4.24468) | LR 2.50e-06
2026-07-31 04:33:21,095 INFO Epoch 52 | Batch 100/593 | Loss 4.21379 (Pin 0.83712 [q90 0.41055, q10 0.42657], MS 1.30357, Freq 4.14619) | LR 2.50e-06
2026-07-31 04:34:03,303 INFO Epoch 52 | Batch 150/593 | Loss 4.24157 (Pin 0.84392 [q90 0.41566, q10 0.42826], MS 1.31291, Freq 4.16946) | LR 2.50e-06
2026-07-31 04:34:45,537 INFO Epoch 52 | Batch 200/593 | Loss 4.24307 (Pin 0.83894 [q90 0.40887, q10 0.43007], MS 1.29859, Freq 4.21108) | LR 2.50e-06
2026-07-31 04:35:27,748 INFO Epoch 52 | Batch 250/593 | Loss 4.21097 (Pin 0.82711 [q90 0.40371, q10 0.42340], MS 1.27829, Freq 4.21114) | LR 2.50e-06
2026-07-31 04:36:09,980 INFO Epoch 52 | Batch 300/593 | Loss 4.29966 (Pin 0.85057 [q90 0.41897, q10 0.43160], MS 1.31505, Freq 4.26809) | LR 2.50e-06
2026-07-31 04:36:52,203 INFO Epoch 52 | Batch 350/593 | Loss 4.27480 (Pin 0.83571 [q90 0.41055, q10 0.42516], MS 1.33922, Freq 4.19974) | LR 2.50e-06
2026-07-31 04:37:34,418 INFO Epoch 52 | Batch 400/593 | Loss 4.28746 (Pin 0.85879 [q90 0.42075, q10 0.43803], MS 1.29362, Freq 4.27011) | LR 2.50e-06
2026-07-31 04:38:16,618 INFO Epoch 52 | Batch 450/593 | Loss 4.23540 (Pin 0.83950 [q90 0.41203, q10 0.42747], MS 1.27343, Freq 4.24497) | LR 2.50e-06
2026-07-31 04:38:58,851 INFO Epoch 52 | Batch 500/593 | Loss 4.24617 (Pin 0.83854 [q90 0.41059, q10 0.42795], MS 1.31053, Freq 4.19420) | LR 2.50e-06
2026-07-31 04:39:41,102 INFO Epoch 52 | Batch 550/593 | Loss 4.22278 (Pin 0.83264 [q90 0.40616, q10 0.42648], MS 1.26969, Freq 4.24089) | LR 2.50e-06
2026-07-31 04:40:53,036 INFO Epoch 52 | Val Loss 4.82655 (Pin 0.80306 [q90 0.40104, q10 0.40202], MS 1.98237, Freq 4.08223, L1 1.77712, Spectral 0.31940, Gradient 0.50809)
2026-07-31 04:40:53,037 INFO Epoch 52 | Coverage q10/q50/q90 = 0.088/0.496/0.898 (nominal .10/.50/.90) | extreme tail = 0.121/0.462/0.845
2026-07-31 04:40:53,211 INFO Epoch 52 | Val loss did not improve (5/50 val checks since best=4.82613)
2026-07-31 04:41:35,494 INFO Epoch 53 | Batch 50/593 | Loss 4.23289 (Pin 0.84038 [q90 0.40811, q10 0.43227], MS 1.30848, Freq 4.16807) | LR 2.50e-06
2026-07-31 04:42:17,679 INFO Epoch 53 | Batch 100/593 | Loss 4.21560 (Pin 0.84685 [q90 0.41089, q10 0.43596], MS 1.27306, Freq 4.19138) | LR 2.50e-06
2026-07-31 04:42:59,867 INFO Epoch 53 | Batch 150/593 | Loss 4.17999 (Pin 0.83528 [q90 0.40969, q10 0.42559], MS 1.26629, Freq 4.15683) | LR 2.50e-06
2026-07-31 04:43:42,088 INFO Epoch 53 | Batch 200/593 | Loss 4.22834 (Pin 0.83404 [q90 0.41459, q10 0.41945], MS 1.28614, Freq 4.21631) | LR 2.50e-06
2026-07-31 04:44:24,317 INFO Epoch 53 | Batch 250/593 | Loss 4.28647 (Pin 0.84409 [q90 0.41773, q10 0.42636], MS 1.33440, Freq 4.21597) | LR 2.50e-06
2026-07-31 04:45:06,527 INFO Epoch 53 | Batch 300/593 | Loss 4.23634 (Pin 0.83511 [q90 0.40797, q10 0.42714], MS 1.28697, Freq 4.22853) | LR 2.50e-06
2026-07-31 04:45:48,734 INFO Epoch 53 | Batch 350/593 | Loss 4.24175 (Pin 0.83692 [q90 0.41117, q10 0.42575], MS 1.29350, Freq 4.22267) | LR 2.50e-06
2026-07-31 04:46:30,946 INFO Epoch 53 | Batch 400/593 | Loss 4.21308 (Pin 0.82937 [q90 0.40671, q10 0.42267], MS 1.29411, Freq 4.17919) | LR 2.50e-06
2026-07-31 04:47:13,168 INFO Epoch 53 | Batch 450/593 | Loss 4.17898 (Pin 0.83009 [q90 0.40810, q10 0.42199], MS 1.25438, Freq 4.18903) | LR 2.50e-06
2026-07-31 04:47:55,406 INFO Epoch 53 | Batch 500/593 | Loss 4.25454 (Pin 0.85364 [q90 0.41868, q10 0.43496], MS 1.28374, Freq 4.23432) | LR 2.50e-06
2026-07-31 04:48:37,642 INFO Epoch 53 | Batch 550/593 | Loss 4.26340 (Pin 0.85770 [q90 0.42017, q10 0.43753], MS 1.27152, Freq 4.26836) | LR 2.50e-06
2026-07-31 04:49:50,026 INFO Epoch 53 | Val Loss 4.84229 (Pin 0.80147 [q90 0.39956, q10 0.40191], MS 1.98742, Freq 4.10681, L1 1.78168, Spectral 0.31839, Gradient 0.50715)
2026-07-31 04:49:50,026 INFO Epoch 53 | Coverage q10/q50/q90 = 0.088/0.491/0.899 (nominal .10/.50/.90) | extreme tail = 0.118/0.461/0.855
2026-07-31 04:49:50,203 INFO Epoch 53 | Val loss did not improve (6/50 val checks since best=4.82613)
2026-07-31 04:50:32,499 INFO Epoch 54 | Batch 50/593 | Loss 4.25773 (Pin 0.82973 [q90 0.40772, q10 0.42201], MS 1.35596, Freq 4.14407) | LR 2.50e-06
2026-07-31 04:51:14,735 INFO Epoch 54 | Batch 100/593 | Loss 4.15132 (Pin 0.81307 [q90 0.39776, q10 0.41531], MS 1.27080, Freq 4.13489) | LR 2.50e-06
2026-07-31 04:51:56,957 INFO Epoch 54 | Batch 150/593 | Loss 4.28130 (Pin 0.84862 [q90 0.41598, q10 0.43265], MS 1.29888, Freq 4.26759) | LR 2.50e-06
2026-07-31 04:52:39,162 INFO Epoch 54 | Batch 200/593 | Loss 4.33892 (Pin 0.84528 [q90 0.41909, q10 0.42620], MS 1.35637, Freq 4.27455) | LR 2.50e-06
2026-07-31 04:53:21,388 INFO Epoch 54 | Batch 250/593 | Loss 4.24815 (Pin 0.83837 [q90 0.41080, q10 0.42758], MS 1.27789, Freq 4.26378) | LR 2.50e-06
2026-07-31 04:54:03,608 INFO Epoch 54 | Batch 300/593 | Loss 4.19203 (Pin 0.84232 [q90 0.41441, q10 0.42792], MS 1.26628, Freq 4.16687) | LR 2.50e-06
2026-07-31 04:54:45,832 INFO Epoch 54 | Batch 350/593 | Loss 4.18842 (Pin 0.83028 [q90 0.40571, q10 0.42457], MS 1.28325, Freq 4.14978) | LR 2.50e-06
2026-07-31 04:55:28,051 INFO Epoch 54 | Batch 400/593 | Loss 4.23165 (Pin 0.84540 [q90 0.41320, q10 0.43220], MS 1.28204, Freq 4.20842) | LR 2.50e-06
2026-07-31 04:56:10,283 INFO Epoch 54 | Batch 450/593 | Loss 4.31892 (Pin 0.84093 [q90 0.41284, q10 0.42808], MS 1.36863, Freq 4.21873) | LR 2.50e-06
2026-07-31 04:56:52,503 INFO Epoch 54 | Batch 500/593 | Loss 4.26017 (Pin 0.84842 [q90 0.41261, q10 0.43581], MS 1.30418, Freq 4.21514) | LR 2.50e-06
2026-07-31 04:57:34,684 INFO Epoch 54 | Batch 550/593 | Loss 4.28830 (Pin 0.85605 [q90 0.41891, q10 0.43715], MS 1.31178, Freq 4.24094) | LR 2.50e-06
2026-07-31 04:58:46,664 INFO Epoch 54 | Val Loss 4.81379 (Pin 0.80241 [q90 0.40012, q10 0.40229], MS 1.99688, Freq 4.02902, L1 1.76521, Spectral 0.31442, Gradient 0.49875)
2026-07-31 04:58:46,665 INFO Epoch 54 | Coverage q10/q50/q90 = 0.085/0.475/0.894 (nominal .10/.50/.90) | extreme tail = 0.121/0.454/0.852
2026-07-31 04:58:47,001 INFO New best val loss: 4.81379 (saved checkpoints/best.pth)
2026-07-31 04:59:29,284 INFO Epoch 55 | Batch 50/593 | Loss 4.17781 (Pin 0.82408 [q90 0.39998, q10 0.42409], MS 1.25920, Freq 4.18906) | LR 2.50e-06
2026-07-31 05:00:11,505 INFO Epoch 55 | Batch 100/593 | Loss 4.22000 (Pin 0.83007 [q90 0.40115, q10 0.42891], MS 1.32095, Freq 4.13797) | LR 2.50e-06
2026-07-31 05:00:53,735 INFO Epoch 55 | Batch 150/593 | Loss 4.27494 (Pin 0.84908 [q90 0.41241, q10 0.43666], MS 1.28859, Freq 4.27453) | LR 2.50e-06
2026-07-31 05:01:35,948 INFO Epoch 55 | Batch 200/593 | Loss 4.15111 (Pin 0.83097 [q90 0.41015, q10 0.42083], MS 1.23859, Freq 4.16308) | LR 2.50e-06
2026-07-31 05:02:18,196 INFO Epoch 55 | Batch 250/593 | Loss 4.38450 (Pin 0.87696 [q90 0.43033, q10 0.44663], MS 1.37372, Freq 4.26761) | LR 2.50e-06
2026-07-31 05:03:00,426 INFO Epoch 55 | Batch 300/593 | Loss 4.22459 (Pin 0.83949 [q90 0.41414, q10 0.42536], MS 1.30284, Freq 4.16450) | LR 2.50e-06
2026-07-31 05:03:42,655 INFO Epoch 55 | Batch 350/593 | Loss 4.32473 (Pin 0.84971 [q90 0.41505, q10 0.43467], MS 1.34123, Freq 4.26757) | LR 2.50e-06
2026-07-31 05:04:24,863 INFO Epoch 55 | Batch 400/593 | Loss 4.24562 (Pin 0.84276 [q90 0.41369, q10 0.42907], MS 1.29390, Freq 4.21791) | LR 2.50e-06
2026-07-31 05:05:07,089 INFO Epoch 55 | Batch 450/593 | Loss 4.20765 (Pin 0.82107 [q90 0.40622, q10 0.41485], MS 1.29584, Freq 4.18147) | LR 2.50e-06
2026-07-31 05:05:49,297 INFO Epoch 55 | Batch 500/593 | Loss 4.23557 (Pin 0.83775 [q90 0.41296, q10 0.42479], MS 1.29962, Freq 4.19641) | LR 2.50e-06
2026-07-31 05:06:31,511 INFO Epoch 55 | Batch 550/593 | Loss 4.23202 (Pin 0.84304 [q90 0.41465, q10 0.42839], MS 1.28279, Freq 4.21238) | LR 2.50e-06
2026-07-31 05:07:43,884 INFO Epoch 55 | Val Loss 4.82123 (Pin 0.80214 [q90 0.39966, q10 0.40248], MS 1.97641, Freq 4.08535, L1 1.77850, Spectral 0.31950, Gradient 0.50891)
2026-07-31 05:07:43,885 INFO Epoch 55 | Coverage q10/q50/q90 = 0.083/0.483/0.899 (nominal .10/.50/.90) | extreme tail = 0.119/0.456/0.852
2026-07-31 05:07:44,057 INFO Epoch 55 | Val loss did not improve (1/50 val checks since best=4.81379)
2026-07-31 05:08:26,324 INFO Epoch 56 | Batch 50/593 | Loss 4.13856 (Pin 0.82296 [q90 0.40501, q10 0.41795], MS 1.22377, Freq 4.18367) | LR 2.50e-06
2026-07-31 05:09:08,524 INFO Epoch 56 | Batch 100/593 | Loss 4.19004 (Pin 0.84319 [q90 0.41193, q10 0.43126], MS 1.25569, Freq 4.18232) | LR 2.50e-06
2026-07-31 05:09:50,717 INFO Epoch 56 | Batch 150/593 | Loss 4.16778 (Pin 0.82962 [q90 0.40774, q10 0.42188], MS 1.25042, Freq 4.17547) | LR 2.50e-06
2026-07-31 05:10:32,948 INFO Epoch 56 | Batch 200/593 | Loss 4.29476 (Pin 0.85336 [q90 0.41553, q10 0.43783], MS 1.32148, Freq 4.23984) | LR 2.50e-06
2026-07-31 05:11:15,167 INFO Epoch 56 | Batch 250/593 | Loss 4.33818 (Pin 0.84241 [q90 0.41212, q10 0.43029], MS 1.35826, Freq 4.27503) | LR 2.50e-06
2026-07-31 05:11:57,361 INFO Epoch 56 | Batch 300/593 | Loss 4.21338 (Pin 0.83117 [q90 0.40506, q10 0.42611], MS 1.27191, Freq 4.22060) | LR 2.50e-06
2026-07-31 05:12:39,544 INFO Epoch 56 | Batch 350/593 | Loss 4.24641 (Pin 0.84328 [q90 0.41916, q10 0.42412], MS 1.28661, Freq 4.23303) | LR 2.50e-06
2026-07-31 05:13:21,739 INFO Epoch 56 | Batch 400/593 | Loss 4.28149 (Pin 0.85404 [q90 0.42001, q10 0.43403], MS 1.31178, Freq 4.23133) | LR 2.50e-06
2026-07-31 05:14:03,934 INFO Epoch 56 | Batch 450/593 | Loss 4.13597 (Pin 0.81852 [q90 0.40463, q10 0.41389], MS 1.26243, Freq 4.11004) | LR 2.50e-06
2026-07-31 05:14:46,123 INFO Epoch 56 | Batch 500/593 | Loss 4.19916 (Pin 0.82878 [q90 0.40227, q10 0.42651], MS 1.27324, Freq 4.19429) | LR 2.50e-06
2026-07-31 05:15:28,310 INFO Epoch 56 | Batch 550/593 | Loss 4.20261 (Pin 0.83831 [q90 0.40886, q10 0.42945], MS 1.27349, Freq 4.18161) | LR 2.50e-06
2026-07-31 05:16:40,252 INFO Epoch 56 | Val Loss 4.82424 (Pin 0.80270 [q90 0.40102, q10 0.40168], MS 1.99271, Freq 4.05765, L1 1.77050, Spectral 0.31920, Gradient 0.50547)
2026-07-31 05:16:40,253 INFO Epoch 56 | Coverage q10/q50/q90 = 0.088/0.487/0.897 (nominal .10/.50/.90) | extreme tail = 0.122/0.462/0.844
2026-07-31 05:16:40,430 INFO Epoch 56 | Val loss did not improve (2/50 val checks since best=4.81379)
2026-07-31 05:17:22,680 INFO Epoch 57 | Batch 50/593 | Loss 4.17719 (Pin 0.83635 [q90 0.40569, q10 0.43066], MS 1.25870, Freq 4.16429) | LR 2.50e-06
2026-07-31 05:18:04,884 INFO Epoch 57 | Batch 100/593 | Loss 4.19442 (Pin 0.83228 [q90 0.40676, q10 0.42551], MS 1.25256, Freq 4.21917) | LR 2.50e-06
2026-07-31 05:18:47,106 INFO Epoch 57 | Batch 150/593 | Loss 4.22768 (Pin 0.83591 [q90 0.41187, q10 0.42404], MS 1.26357, Freq 4.25640) | LR 2.50e-06
2026-07-31 05:19:29,327 INFO Epoch 57 | Batch 200/593 | Loss 4.24810 (Pin 0.84627 [q90 0.41658, q10 0.42970], MS 1.29552, Freq 4.21262) | LR 2.50e-06
2026-07-31 05:20:11,539 INFO Epoch 57 | Batch 250/593 | Loss 4.26314 (Pin 0.83918 [q90 0.41294, q10 0.42624], MS 1.31465, Freq 4.21863) | LR 2.50e-06
2026-07-31 05:20:53,736 INFO Epoch 57 | Batch 300/593 | Loss 4.17442 (Pin 0.82695 [q90 0.40106, q10 0.42589], MS 1.23056, Freq 4.23383) | LR 2.50e-06
2026-07-31 05:21:35,957 INFO Epoch 57 | Batch 350/593 | Loss 4.23565 (Pin 0.84214 [q90 0.40938, q10 0.43276], MS 1.28499, Freq 4.21703) | LR 2.50e-06
2026-07-31 05:22:18,175 INFO Epoch 57 | Batch 400/593 | Loss 4.26457 (Pin 0.84254 [q90 0.41366, q10 0.42888], MS 1.31067, Freq 4.22274) | LR 2.50e-06
2026-07-31 05:23:00,389 INFO Epoch 57 | Batch 450/593 | Loss 4.27131 (Pin 0.86059 [q90 0.42491, q10 0.43569], MS 1.29335, Freq 4.23473) | LR 2.50e-06
2026-07-31 05:23:42,594 INFO Epoch 57 | Batch 500/593 | Loss 4.25875 (Pin 0.81903 [q90 0.40374, q10 0.41529], MS 1.33578, Freq 4.20788) | LR 2.50e-06
2026-07-31 05:24:24,832 INFO Epoch 57 | Batch 550/593 | Loss 4.18699 (Pin 0.83924 [q90 0.41284, q10 0.42640], MS 1.26120, Freq 4.17311) | LR 2.50e-06
2026-07-31 05:25:37,135 INFO Epoch 57 | Val Loss 4.81677 (Pin 0.80224 [q90 0.40092, q10 0.40132], MS 2.01480, Freq 3.99945, L1 1.75751, Spectral 0.31412, Gradient 0.49628)
2026-07-31 05:25:37,135 INFO Epoch 57 | Coverage q10/q50/q90 = 0.088/0.487/0.895 (nominal .10/.50/.90) | extreme tail = 0.123/0.468/0.846
2026-07-31 05:25:37,333 INFO Epoch 57 | Val loss did not improve (3/50 val checks since best=4.81379)
2026-07-31 05:26:19,559 INFO Epoch 58 | Batch 50/593 | Loss 4.31669 (Pin 0.85330 [q90 0.41886, q10 0.43444], MS 1.33801, Freq 4.25075) | LR 2.50e-06
2026-07-31 05:27:01,723 INFO Epoch 58 | Batch 100/593 | Loss 4.17803 (Pin 0.81898 [q90 0.40114, q10 0.41783], MS 1.26716, Freq 4.18378) | LR 2.50e-06
2026-07-31 05:27:43,868 INFO Epoch 58 | Batch 150/593 | Loss 4.29290 (Pin 0.85199 [q90 0.41748, q10 0.43451], MS 1.33239, Freq 4.21703) | LR 2.50e-06
2026-07-31 05:28:26,033 INFO Epoch 58 | Batch 200/593 | Loss 4.25720 (Pin 0.85112 [q90 0.41628, q10 0.43484], MS 1.32254, Freq 4.16707) | LR 2.50e-06
2026-07-31 05:29:08,213 INFO Epoch 58 | Batch 250/593 | Loss 4.20481 (Pin 0.82764 [q90 0.40516, q10 0.42248], MS 1.28153, Freq 4.19127) | LR 2.50e-06
2026-07-31 05:29:50,367 INFO Epoch 58 | Batch 300/593 | Loss 4.25750 (Pin 0.83737 [q90 0.41156, q10 0.42581], MS 1.31864, Freq 4.20296) | LR 2.50e-06
2026-07-31 05:30:32,523 INFO Epoch 58 | Batch 350/593 | Loss 4.19952 (Pin 0.83349 [q90 0.40849, q10 0.42500], MS 1.27046, Freq 4.19115) | LR 2.50e-06
2026-07-31 05:31:14,680 INFO Epoch 58 | Batch 400/593 | Loss 4.26392 (Pin 0.84091 [q90 0.40674, q10 0.43418], MS 1.32443, Freq 4.19716) | LR 2.50e-06
2026-07-31 05:31:56,843 INFO Epoch 58 | Batch 450/593 | Loss 4.24749 (Pin 0.83279 [q90 0.41078, q10 0.42201], MS 1.31140, Freq 4.20659) | LR 2.50e-06
2026-07-31 05:32:39,013 INFO Epoch 58 | Batch 500/593 | Loss 4.26266 (Pin 0.84591 [q90 0.41602, q10 0.42989], MS 1.28642, Freq 4.26067) | LR 2.50e-06
2026-07-31 05:33:21,192 INFO Epoch 58 | Batch 550/593 | Loss 4.20002 (Pin 0.82257 [q90 0.40340, q10 0.41917], MS 1.30135, Freq 4.15220) | LR 2.50e-06
2026-07-31 05:34:32,764 INFO Epoch 58 | Val Loss 4.81476 (Pin 0.80129 [q90 0.39890, q10 0.40239], MS 1.97025, Freq 4.08646, L1 1.77486, Spectral 0.31664, Gradient 0.50440)
2026-07-31 05:34:32,765 INFO Epoch 58 | Coverage q10/q50/q90 = 0.083/0.491/0.901 (nominal .10/.50/.90) | extreme tail = 0.114/0.452/0.854
2026-07-31 05:34:32,935 INFO Epoch 58 | Val loss did not improve (4/50 val checks since best=4.81379)
2026-07-31 05:35:15,214 INFO Epoch 59 | Batch 50/593 | Loss 4.18097 (Pin 0.83114 [q90 0.40686, q10 0.42428], MS 1.25888, Freq 4.18190) | LR 2.50e-06
2026-07-31 05:35:57,441 INFO Epoch 59 | Batch 100/593 | Loss 4.21320 (Pin 0.83271 [q90 0.40608, q10 0.42662], MS 1.29804, Freq 4.16491) | LR 2.50e-06
2026-07-31 05:36:39,678 INFO Epoch 59 | Batch 150/593 | Loss 4.18882 (Pin 0.82369 [q90 0.40303, q10 0.42066], MS 1.27372, Freq 4.18282) | LR 2.50e-06
2026-07-31 05:37:21,892 INFO Epoch 59 | Batch 200/593 | Loss 4.15530 (Pin 0.81542 [q90 0.40188, q10 0.41353], MS 1.27965, Freq 4.12047) | LR 2.50e-06
2026-07-31 05:38:04,109 INFO Epoch 59 | Batch 250/593 | Loss 4.17820 (Pin 0.83082 [q90 0.40577, q10 0.42505], MS 1.27222, Freq 4.15033) | LR 2.50e-06
2026-07-31 05:38:46,322 INFO Epoch 59 | Batch 300/593 | Loss 4.20660 (Pin 0.84433 [q90 0.41465, q10 0.42968], MS 1.23140, Freq 4.26175) | LR 2.50e-06
2026-07-31 05:39:28,557 INFO Epoch 59 | Batch 350/593 | Loss 4.25544 (Pin 0.85715 [q90 0.42303, q10 0.43412], MS 1.30003, Freq 4.19652) | LR 2.50e-06
2026-07-31 05:40:10,785 INFO Epoch 59 | Batch 400/593 | Loss 4.09545 (Pin 0.80720 [q90 0.39792, q10 0.40928], MS 1.21852, Freq 4.13947) | LR 2.50e-06
2026-07-31 05:40:53,011 INFO Epoch 59 | Batch 450/593 | Loss 4.41049 (Pin 0.88402 [q90 0.43022, q10 0.45380], MS 1.35100, Freq 4.35094) | LR 2.50e-06
2026-07-31 05:41:35,219 INFO Epoch 59 | Batch 500/593 | Loss 4.25984 (Pin 0.84578 [q90 0.41600, q10 0.42977], MS 1.28246, Freq 4.26320) | LR 2.50e-06
2026-07-31 05:42:17,455 INFO Epoch 59 | Batch 550/593 | Loss 4.28183 (Pin 0.84689 [q90 0.41228, q10 0.43462], MS 1.32403, Freq 4.22181) | LR 2.50e-06
2026-07-31 05:43:29,427 INFO Epoch 59 | Val Loss 4.80778 (Pin 0.80132 [q90 0.39923, q10 0.40209], MS 1.94958, Freq 4.11376, L1 1.77958, Spectral 0.32026, Gradient 0.51117)
2026-07-31 05:43:29,427 INFO Epoch 59 | Coverage q10/q50/q90 = 0.082/0.485/0.900 (nominal .10/.50/.90) | extreme tail = 0.117/0.462/0.852
2026-07-31 05:43:29,751 INFO New best val loss: 4.80778 (saved checkpoints/best.pth)
2026-07-31 05:44:12,048 INFO Epoch 60 | Batch 50/593 | Loss 4.17741 (Pin 0.82995 [q90 0.40771, q10 0.42223], MS 1.23727, Freq 4.22039) | LR 1.25e-06
2026-07-31 05:44:54,257 INFO Epoch 60 | Batch 100/593 | Loss 4.19963 (Pin 0.83476 [q90 0.40785, q10 0.42691], MS 1.26723, Freq 4.19529) | LR 1.25e-06
2026-07-31 05:45:36,466 INFO Epoch 60 | Batch 150/593 | Loss 4.19136 (Pin 0.80945 [q90 0.39720, q10 0.41225], MS 1.30950, Freq 4.14483) | LR 1.25e-06
2026-07-31 05:46:18,685 INFO Epoch 60 | Batch 200/593 | Loss 4.18383 (Pin 0.84379 [q90 0.41259, q10 0.43121], MS 1.23126, Freq 4.21755) | LR 1.25e-06
2026-07-31 05:47:00,878 INFO Epoch 60 | Batch 250/593 | Loss 4.21984 (Pin 0.84190 [q90 0.41409, q10 0.42781], MS 1.27492, Freq 4.20604) | LR 1.25e-06
2026-07-31 05:47:43,087 INFO Epoch 60 | Batch 300/593 | Loss 4.30131 (Pin 0.83518 [q90 0.41193, q10 0.42325], MS 1.39697, Freq 4.13832) | LR 1.25e-06
2026-07-31 05:48:25,293 INFO Epoch 60 | Batch 350/593 | Loss 4.05297 (Pin 0.81463 [q90 0.39948, q10 0.41515], MS 1.18546, Freq 4.10574) | LR 1.25e-06
2026-07-31 05:49:07,533 INFO Epoch 60 | Batch 400/593 | Loss 4.25608 (Pin 0.84588 [q90 0.41659, q10 0.42929], MS 1.29561, Freq 4.22917) | LR 1.25e-06
2026-07-31 05:49:49,732 INFO Epoch 60 | Batch 450/593 | Loss 4.32186 (Pin 0.86326 [q90 0.42161, q10 0.44166], MS 1.30976, Freq 4.29768) | LR 1.25e-06
2026-07-31 05:50:31,950 INFO Epoch 60 | Batch 500/593 | Loss 4.19270 (Pin 0.84174 [q90 0.40774, q10 0.43400], MS 1.22883, Freq 4.24427) | LR 1.25e-06
2026-07-31 05:51:14,184 INFO Epoch 60 | Batch 550/593 | Loss 4.38553 (Pin 0.85920 [q90 0.41930, q10 0.43990], MS 1.38074, Freq 4.29118) | LR 1.25e-06
2026-07-31 05:52:26,158 INFO Epoch 60 | Val Loss 4.79859 (Pin 0.80102 [q90 0.39965, q10 0.40137], MS 1.98833, Freq 4.01847, L1 1.76010, Spectral 0.31580, Gradient 0.49970)
2026-07-31 05:52:26,159 INFO Epoch 60 | Coverage q10/q50/q90 = 0.088/0.490/0.896 (nominal .10/.50/.90) | extreme tail = 0.123/0.466/0.849
2026-07-31 05:52:26,623 INFO New best val loss: 4.79859 (saved checkpoints/best.pth)
2026-07-31 05:53:08,903 INFO Epoch 61 | Batch 50/593 | Loss 4.19175 (Pin 0.83334 [q90 0.40622, q10 0.42711], MS 1.26382, Freq 4.18920) | LR 1.25e-06
2026-07-31 05:53:51,119 INFO Epoch 61 | Batch 100/593 | Loss 4.21760 (Pin 0.82957 [q90 0.40594, q10 0.42363], MS 1.31693, Freq 4.14220) | LR 1.25e-06
2026-07-31 05:54:33,334 INFO Epoch 61 | Batch 150/593 | Loss 4.18999 (Pin 0.85580 [q90 0.41750, q10 0.43831], MS 1.22470, Freq 4.21898) | LR 1.25e-06
2026-07-31 05:55:15,555 INFO Epoch 61 | Batch 200/593 | Loss 4.11216 (Pin 0.81529 [q90 0.39924, q10 0.41605], MS 1.24856, Freq 4.09664) | LR 1.25e-06
2026-07-31 05:55:57,763 INFO Epoch 61 | Batch 250/593 | Loss 4.27980 (Pin 0.84261 [q90 0.41388, q10 0.42873], MS 1.31483, Freq 4.24472) | LR 1.25e-06
2026-07-31 05:56:40,003 INFO Epoch 61 | Batch 300/593 | Loss 4.24921 (Pin 0.84347 [q90 0.41379, q10 0.42969], MS 1.30373, Freq 4.20402) | LR 1.25e-06
2026-07-31 05:57:22,230 INFO Epoch 61 | Batch 350/593 | Loss 4.15156 (Pin 0.82486 [q90 0.40798, q10 0.41689], MS 1.24448, Freq 4.16443) | LR 1.25e-06
2026-07-31 05:58:04,453 INFO Epoch 61 | Batch 400/593 | Loss 4.31266 (Pin 0.85594 [q90 0.42233, q10 0.43361], MS 1.34934, Freq 4.21475) | LR 1.25e-06
2026-07-31 05:58:46,677 INFO Epoch 61 | Batch 450/593 | Loss 4.23189 (Pin 0.83877 [q90 0.40659, q10 0.43218], MS 1.27293, Freq 4.24039) | LR 1.25e-06
2026-07-31 05:59:28,898 INFO Epoch 61 | Batch 500/593 | Loss 4.29102 (Pin 0.83199 [q90 0.40649, q10 0.42550], MS 1.35106, Freq 4.21593) | LR 1.25e-06
2026-07-31 06:00:11,118 INFO Epoch 61 | Batch 550/593 | Loss 4.21401 (Pin 0.83744 [q90 0.41454, q10 0.42290], MS 1.27160, Freq 4.20993) | LR 1.25e-06
2026-07-31 06:01:23,460 INFO Epoch 61 | Val Loss 4.80721 (Pin 0.80058 [q90 0.39922, q10 0.40135], MS 1.97882, Freq 4.05562, L1 1.76723, Spectral 0.31632, Gradient 0.50260)
2026-07-31 06:01:23,461 INFO Epoch 61 | Coverage q10/q50/q90 = 0.085/0.485/0.900 (nominal .10/.50/.90) | extreme tail = 0.122/0.467/0.852
2026-07-31 06:01:23,708 INFO Epoch 61 | Val loss did not improve (1/50 val checks since best=4.79859)
2026-07-31 06:02:06,002 INFO Epoch 62 | Batch 50/593 | Loss 4.07432 (Pin 0.80565 [q90 0.39774, q10 0.40791], MS 1.22175, Freq 4.09386) | LR 1.25e-06
2026-07-31 06:02:48,215 INFO Epoch 62 | Batch 100/593 | Loss 4.16934 (Pin 0.82798 [q90 0.40907, q10 0.41891], MS 1.26448, Freq 4.15375) | LR 1.25e-06
2026-07-31 06:03:30,434 INFO Epoch 62 | Batch 150/593 | Loss 4.22253 (Pin 0.83802 [q90 0.40687, q10 0.43115], MS 1.28073, Freq 4.20757) | LR 1.25e-06
2026-07-31 06:04:12,669 INFO Epoch 62 | Batch 200/593 | Loss 4.26852 (Pin 0.83944 [q90 0.40651, q10 0.43293], MS 1.32614, Freq 4.20588) | LR 1.25e-06
2026-07-31 06:04:54,861 INFO Epoch 62 | Batch 250/593 | Loss 4.27324 (Pin 0.85454 [q90 0.41483, q10 0.43971], MS 1.30156, Freq 4.23428) | LR 1.25e-06
2026-07-31 06:05:37,085 INFO Epoch 62 | Batch 300/593 | Loss 4.31558 (Pin 0.84408 [q90 0.41571, q10 0.42837], MS 1.34675, Freq 4.24950) | LR 1.25e-06
2026-07-31 06:06:19,299 INFO Epoch 62 | Batch 350/593 | Loss 4.20667 (Pin 0.83092 [q90 0.41284, q10 0.41808], MS 1.27166, Freq 4.20816) | LR 1.25e-06
2026-07-31 06:07:01,529 INFO Epoch 62 | Batch 400/593 | Loss 4.34293 (Pin 0.85377 [q90 0.41564, q10 0.43813], MS 1.34709, Freq 4.28415) | LR 1.25e-06
2026-07-31 06:07:43,765 INFO Epoch 62 | Batch 450/593 | Loss 4.19546 (Pin 0.82574 [q90 0.40547, q10 0.42026], MS 1.29057, Freq 4.15830) | LR 1.25e-06
2026-07-31 06:08:25,992 INFO Epoch 62 | Batch 500/593 | Loss 4.19985 (Pin 0.85262 [q90 0.41838, q10 0.43424], MS 1.24132, Freq 4.21183) | LR 1.25e-06
2026-07-31 06:09:08,220 INFO Epoch 62 | Batch 550/593 | Loss 4.27156 (Pin 0.84537 [q90 0.41515, q10 0.43022], MS 1.32349, Freq 4.20539) | LR 1.25e-06
2026-07-31 06:10:20,102 INFO Epoch 62 | Val Loss 4.80859 (Pin 0.80089 [q90 0.39854, q10 0.40235], MS 1.95559, Freq 4.10421, L1 1.77976, Spectral 0.31960, Gradient 0.50978)
2026-07-31 06:10:20,102 INFO Epoch 62 | Coverage q10/q50/q90 = 0.083/0.483/0.901 (nominal .10/.50/.90) | extreme tail = 0.119/0.457/0.853
2026-07-31 06:10:20,341 INFO Epoch 62 | Val loss did not improve (2/50 val checks since best=4.79859)
2026-07-31 06:11:02,644 INFO Epoch 63 | Batch 50/593 | Loss 4.14581 (Pin 0.82171 [q90 0.40324, q10 0.41847], MS 1.25905, Freq 4.13008) | LR 1.25e-06
2026-07-31 06:11:44,840 INFO Epoch 63 | Batch 100/593 | Loss 4.15367 (Pin 0.83200 [q90 0.40828, q10 0.42372], MS 1.23816, Freq 4.16702) | LR 1.25e-06
2026-07-31 06:12:27,029 INFO Epoch 63 | Batch 150/593 | Loss 4.18693 (Pin 0.84038 [q90 0.41595, q10 0.42443], MS 1.24886, Freq 4.19538) | LR 1.25e-06
2026-07-31 06:13:09,205 INFO Epoch 63 | Batch 200/593 | Loss 4.24131 (Pin 0.83861 [q90 0.40607, q10 0.43255], MS 1.30285, Freq 4.19969) | LR 1.25e-06
2026-07-31 06:13:51,399 INFO Epoch 63 | Batch 250/593 | Loss 4.18789 (Pin 0.82488 [q90 0.40325, q10 0.42163], MS 1.25996, Freq 4.20609) | LR 1.25e-06
2026-07-31 06:14:33,588 INFO Epoch 63 | Batch 300/593 | Loss 4.16337 (Pin 0.81049 [q90 0.39614, q10 0.41436], MS 1.27369, Freq 4.15838) | LR 1.25e-06
2026-07-31 06:15:15,772 INFO Epoch 63 | Batch 350/593 | Loss 4.37043 (Pin 0.85845 [q90 0.42202, q10 0.43643], MS 1.37271, Freq 4.27854) | LR 1.25e-06
2026-07-31 06:15:57,936 INFO Epoch 63 | Batch 400/593 | Loss 4.25424 (Pin 0.85192 [q90 0.41452, q10 0.43740], MS 1.26775, Freq 4.26914) | LR 1.25e-06
2026-07-31 06:16:40,116 INFO Epoch 63 | Batch 450/593 | Loss 4.21040 (Pin 0.84117 [q90 0.41174, q10 0.42943], MS 1.27334, Freq 4.19178) | LR 1.25e-06
2026-07-31 06:17:22,292 INFO Epoch 63 | Batch 500/593 | Loss 4.24995 (Pin 0.84332 [q90 0.41591, q10 0.42741], MS 1.29529, Freq 4.22267) | LR 1.25e-06
2026-07-31 06:18:04,477 INFO Epoch 63 | Batch 550/593 | Loss 4.24220 (Pin 0.84165 [q90 0.41324, q10 0.42842], MS 1.28501, Freq 4.23106) | LR 1.25e-06
2026-07-31 06:19:16,419 INFO Epoch 63 | Val Loss 4.80313 (Pin 0.80078 [q90 0.39909, q10 0.40169], MS 1.95802, Freq 4.08867, L1 1.77716, Spectral 0.31942, Gradient 0.50780)
2026-07-31 06:19:16,420 INFO Epoch 63 | Coverage q10/q50/q90 = 0.083/0.489/0.902 (nominal .10/.50/.90) | extreme tail = 0.120/0.464/0.851
2026-07-31 06:19:16,660 INFO Epoch 63 | Val loss did not improve (3/50 val checks since best=4.79859)
2026-07-31 06:19:58,836 INFO Epoch 64 | Batch 50/593 | Loss 4.22749 (Pin 0.83738 [q90 0.40738, q10 0.43000], MS 1.28772, Freq 4.20478) | LR 1.25e-06
2026-07-31 06:20:40,960 INFO Epoch 64 | Batch 100/593 | Loss 4.26988 (Pin 0.83515 [q90 0.40730, q10 0.42785], MS 1.32311, Freq 4.22325) | LR 1.25e-06
2026-07-31 06:21:23,071 INFO Epoch 64 | Batch 150/593 | Loss 4.21733 (Pin 0.85141 [q90 0.41747, q10 0.43394], MS 1.26896, Freq 4.19392) | LR 1.25e-06
2026-07-31 06:22:05,194 INFO Epoch 64 | Batch 200/593 | Loss 4.31038 (Pin 0.86217 [q90 0.42464, q10 0.43753], MS 1.29732, Freq 4.30179) | LR 1.25e-06
2026-07-31 06:22:47,313 INFO Epoch 64 | Batch 250/593 | Loss 4.20870 (Pin 0.83127 [q90 0.41524, q10 0.41603], MS 1.30511, Freq 4.14464) | LR 1.25e-06
2026-07-31 06:23:29,451 INFO Epoch 64 | Batch 300/593 | Loss 4.16440 (Pin 0.83102 [q90 0.40684, q10 0.42418], MS 1.25419, Freq 4.15837) | LR 1.25e-06
2026-07-31 06:24:11,592 INFO Epoch 64 | Batch 350/593 | Loss 4.20134 (Pin 0.82214 [q90 0.40385, q10 0.41829], MS 1.27477, Freq 4.20885) | LR 1.25e-06
2026-07-31 06:24:53,729 INFO Epoch 64 | Batch 400/593 | Loss 4.18096 (Pin 0.84280 [q90 0.41398, q10 0.42882], MS 1.23132, Freq 4.21367) | LR 1.25e-06
2026-07-31 06:25:35,832 INFO Epoch 64 | Batch 450/593 | Loss 4.24930 (Pin 0.83386 [q90 0.40640, q10 0.42746], MS 1.32386, Freq 4.18315) | LR 1.25e-06
2026-07-31 06:26:17,935 INFO Epoch 64 | Batch 500/593 | Loss 4.15235 (Pin 0.81882 [q90 0.40249, q10 0.41633], MS 1.26489, Freq 4.13727) | LR 1.25e-06
2026-07-31 06:27:00,054 INFO Epoch 64 | Batch 550/593 | Loss 4.26326 (Pin 0.83197 [q90 0.40888, q10 0.42309], MS 1.34831, Freq 4.16596) | LR 1.25e-06
2026-07-31 06:28:12,408 INFO Epoch 64 | Val Loss 4.80155 (Pin 0.80079 [q90 0.39920, q10 0.40159], MS 1.96832, Freq 4.06486, L1 1.76853, Spectral 0.31813, Gradient 0.50376)
2026-07-31 06:28:12,409 INFO Epoch 64 | Coverage q10/q50/q90 = 0.084/0.484/0.898 (nominal .10/.50/.90) | extreme tail = 0.116/0.456/0.852
2026-07-31 06:28:12,652 INFO Epoch 64 | Val loss did not improve (4/50 val checks since best=4.79859)
2026-07-31 06:28:54,934 INFO Epoch 65 | Batch 50/593 | Loss 4.18792 (Pin 0.83538 [q90 0.41366, q10 0.42172], MS 1.27839, Freq 4.14829) | LR 1.25e-06
2026-07-31 06:29:37,124 INFO Epoch 65 | Batch 100/593 | Loss 4.22494 (Pin 0.82627 [q90 0.40630, q10 0.41997], MS 1.30207, Freq 4.19322) | LR 1.25e-06
2026-07-31 06:30:19,296 INFO Epoch 65 | Batch 150/593 | Loss 4.24451 (Pin 0.84588 [q90 0.41348, q10 0.43240], MS 1.29260, Freq 4.21207) | LR 1.25e-06
2026-07-31 06:31:01,460 INFO Epoch 65 | Batch 200/593 | Loss 4.21432 (Pin 0.82844 [q90 0.40600, q10 0.42243], MS 1.27971, Freq 4.21233) | LR 1.25e-06
2026-07-31 06:31:43,666 INFO Epoch 65 | Batch 250/593 | Loss 4.19191 (Pin 0.83265 [q90 0.40636, q10 0.42629], MS 1.25564, Freq 4.20724) | LR 1.25e-06
2026-07-31 06:32:25,864 INFO Epoch 65 | Batch 300/593 | Loss 4.15797 (Pin 0.82324 [q90 0.40321, q10 0.42003], MS 1.26073, Freq 4.14799) | LR 1.25e-06
2026-07-31 06:33:08,077 INFO Epoch 65 | Batch 350/593 | Loss 4.30096 (Pin 0.86414 [q90 0.42486, q10 0.43928], MS 1.31100, Freq 4.25164) | LR 1.25e-06
2026-07-31 06:33:50,300 INFO Epoch 65 | Batch 400/593 | Loss 4.15106 (Pin 0.82649 [q90 0.40596, q10 0.42053], MS 1.22716, Freq 4.19481) | LR 1.25e-06
2026-07-31 06:34:32,510 INFO Epoch 65 | Batch 450/593 | Loss 4.36350 (Pin 0.85899 [q90 0.41788, q10 0.44111], MS 1.35461, Freq 4.29979) | LR 1.25e-06
2026-07-31 06:35:14,749 INFO Epoch 65 | Batch 500/593 | Loss 4.18685 (Pin 0.81986 [q90 0.40147, q10 0.41839], MS 1.28200, Freq 4.16997) | LR 1.25e-06
2026-07-31 06:35:56,982 INFO Epoch 65 | Batch 550/593 | Loss 4.13651 (Pin 0.82783 [q90 0.40752, q10 0.42032], MS 1.23872, Freq 4.13990) | LR 1.25e-06
2026-07-31 06:37:09,319 INFO Epoch 65 | Val Loss 4.81395 (Pin 0.80094 [q90 0.39949, q10 0.40146], MS 1.97457, Freq 4.07687, L1 1.77307, Spectral 0.31844, Gradient 0.50527)
2026-07-31 06:37:09,319 INFO Epoch 65 | Coverage q10/q50/q90 = 0.085/0.496/0.901 (nominal .10/.50/.90) | extreme tail = 0.121/0.459/0.849
2026-07-31 06:37:09,563 INFO Epoch 65 | Val loss did not improve (5/50 val checks since best=4.79859)
2026-07-31 06:37:51,848 INFO Epoch 66 | Batch 50/593 | Loss 4.27949 (Pin 0.85060 [q90 0.41454, q10 0.43606], MS 1.30355, Freq 4.25068) | LR 1.25e-06
2026-07-31 06:38:34,042 INFO Epoch 66 | Batch 100/593 | Loss 4.19042 (Pin 0.83547 [q90 0.40968, q10 0.42579], MS 1.25250, Freq 4.20488) | LR 1.25e-06
2026-07-31 06:39:16,257 INFO Epoch 66 | Batch 150/593 | Loss 4.09728 (Pin 0.82135 [q90 0.40312, q10 0.41823], MS 1.20727, Freq 4.13731) | LR 1.25e-06
2026-07-31 06:39:58,459 INFO Epoch 66 | Batch 200/593 | Loss 4.22673 (Pin 0.83814 [q90 0.40979, q10 0.42835], MS 1.27597, Freq 4.22522) | LR 1.25e-06
2026-07-31 06:40:40,687 INFO Epoch 66 | Batch 250/593 | Loss 4.17800 (Pin 0.83501 [q90 0.40844, q10 0.42656], MS 1.24460, Freq 4.19677) | LR 1.25e-06
2026-07-31 06:41:22,873 INFO Epoch 66 | Batch 300/593 | Loss 4.23579 (Pin 0.83351 [q90 0.41077, q10 0.42275], MS 1.30731, Freq 4.18994) | LR 1.25e-06
2026-07-31 06:42:05,076 INFO Epoch 66 | Batch 350/593 | Loss 4.23847 (Pin 0.84584 [q90 0.41886, q10 0.42699], MS 1.27720, Freq 4.23084) | LR 1.25e-06
2026-07-31 06:42:47,282 INFO Epoch 66 | Batch 400/593 | Loss 4.30360 (Pin 0.84734 [q90 0.41578, q10 0.43156], MS 1.32542, Freq 4.26168) | LR 1.25e-06
2026-07-31 06:43:29,499 INFO Epoch 66 | Batch 450/593 | Loss 4.13054 (Pin 0.83422 [q90 0.41074, q10 0.42348], MS 1.23094, Freq 4.13078) | LR 1.25e-06
2026-07-31 06:44:11,700 INFO Epoch 66 | Batch 500/593 | Loss 4.22823 (Pin 0.84198 [q90 0.41647, q10 0.42551], MS 1.29164, Freq 4.18922) | LR 1.25e-06
2026-07-31 06:44:53,916 INFO Epoch 66 | Batch 550/593 | Loss 4.23009 (Pin 0.83690 [q90 0.40520, q10 0.43170], MS 1.28177, Freq 4.22284) | LR 1.25e-06
2026-07-31 06:46:05,440 INFO Epoch 66 | Val Loss 4.79418 (Pin 0.80061 [q90 0.39921, q10 0.40140], MS 1.96830, Freq 4.05054, L1 1.76456, Spectral 0.31734, Gradient 0.50271)
2026-07-31 06:46:05,441 INFO Epoch 66 | Coverage q10/q50/q90 = 0.087/0.495/0.899 (nominal .10/.50/.90) | extreme tail = 0.123/0.465/0.850
2026-07-31 06:46:05,942 INFO New best val loss: 4.79418 (saved checkpoints/best.pth)
2026-07-31 06:46:48,213 INFO Epoch 67 | Batch 50/593 | Loss 4.27446 (Pin 0.85547 [q90 0.41588, q10 0.43959], MS 1.28911, Freq 4.25975) | LR 1.25e-06
2026-07-31 06:47:30,435 INFO Epoch 67 | Batch 100/593 | Loss 4.13031 (Pin 0.81488 [q90 0.39960, q10 0.41528], MS 1.23465, Freq 4.16156) | LR 1.25e-06
2026-07-31 06:48:12,651 INFO Epoch 67 | Batch 150/593 | Loss 4.30166 (Pin 0.84659 [q90 0.41641, q10 0.43018], MS 1.34053, Freq 4.22907) | LR 1.25e-06
2026-07-31 06:48:54,873 INFO Epoch 67 | Batch 200/593 | Loss 4.19985 (Pin 0.83142 [q90 0.40946, q10 0.42196], MS 1.26584, Freq 4.20517) | LR 1.25e-06
2026-07-31 06:49:37,119 INFO Epoch 67 | Batch 250/593 | Loss 4.20939 (Pin 0.83722 [q90 0.40819, q10 0.42903], MS 1.28064, Freq 4.18306) | LR 1.25e-06
2026-07-31 06:50:19,320 INFO Epoch 67 | Batch 300/593 | Loss 4.20555 (Pin 0.83183 [q90 0.41090, q10 0.42093], MS 1.26497, Freq 4.21750) | LR 1.25e-06
2026-07-31 06:51:01,550 INFO Epoch 67 | Batch 350/593 | Loss 4.22371 (Pin 0.83558 [q90 0.41142, q10 0.42415], MS 1.29544, Freq 4.18538) | LR 1.25e-06
2026-07-31 06:51:43,766 INFO Epoch 67 | Batch 400/593 | Loss 4.22461 (Pin 0.84347 [q90 0.40942, q10 0.43405], MS 1.29273, Freq 4.17680) | LR 1.25e-06
2026-07-31 06:52:25,972 INFO Epoch 67 | Batch 450/593 | Loss 4.21051 (Pin 0.82551 [q90 0.40474, q10 0.42077], MS 1.32229, Freq 4.12542) | LR 1.25e-06
2026-07-31 06:53:08,180 INFO Epoch 67 | Batch 500/593 | Loss 4.27006 (Pin 0.85197 [q90 0.41845, q10 0.43353], MS 1.29933, Freq 4.23750) | LR 1.25e-06
2026-07-31 06:53:50,393 INFO Epoch 67 | Batch 550/593 | Loss 4.16205 (Pin 0.82809 [q90 0.40824, q10 0.41985], MS 1.26042, Freq 4.14709) | LR 1.25e-06
2026-07-31 06:55:02,301 INFO Epoch 67 | Val Loss 4.79789 (Pin 0.80074 [q90 0.39886, q10 0.40188], MS 1.95864, Freq 4.07703, L1 1.77258, Spectral 0.31861, Gradient 0.50535)
2026-07-31 06:55:02,301 INFO Epoch 67 | Coverage q10/q50/q90 = 0.084/0.485/0.900 (nominal .10/.50/.90) | extreme tail = 0.121/0.463/0.854
2026-07-31 06:55:02,543 INFO Epoch 67 | Val loss did not improve (1/50 val checks since best=4.79418)
2026-07-31 06:55:44,844 INFO Epoch 68 | Batch 50/593 | Loss 4.15652 (Pin 0.81501 [q90 0.39673, q10 0.41828], MS 1.27383, Freq 4.13537) | LR 1.25e-06
2026-07-31 06:56:27,066 INFO Epoch 68 | Batch 100/593 | Loss 4.18677 (Pin 0.83685 [q90 0.41658, q10 0.42026], MS 1.26518, Freq 4.16949) | LR 1.25e-06
2026-07-31 06:57:09,286 INFO Epoch 68 | Batch 150/593 | Loss 4.16383 (Pin 0.82028 [q90 0.40256, q10 0.41772], MS 1.26728, Freq 4.15254) | LR 1.25e-06
2026-07-31 06:57:51,501 INFO Epoch 68 | Batch 200/593 | Loss 4.27051 (Pin 0.84182 [q90 0.41131, q10 0.43051], MS 1.32182, Freq 4.21374) | LR 1.25e-06
2026-07-31 06:58:33,712 INFO Epoch 68 | Batch 250/593 | Loss 4.30350 (Pin 0.86332 [q90 0.41654, q10 0.44677], MS 1.31346, Freq 4.25344) | LR 1.25e-06
2026-07-31 06:59:15,935 INFO Epoch 68 | Batch 300/593 | Loss 4.22695 (Pin 0.82863 [q90 0.40539, q10 0.42324], MS 1.30208, Freq 4.19248) | LR 1.25e-06
2026-07-31 06:59:58,151 INFO Epoch 68 | Batch 350/593 | Loss 4.19623 (Pin 0.84010 [q90 0.41585, q10 0.42424], MS 1.23212, Freq 4.24803) | LR 1.25e-06
2026-07-31 07:00:40,350 INFO Epoch 68 | Batch 400/593 | Loss 4.25889 (Pin 0.84094 [q90 0.41244, q10 0.42850], MS 1.30944, Freq 4.21703) | LR 1.25e-06
2026-07-31 07:01:22,554 INFO Epoch 68 | Batch 450/593 | Loss 4.34406 (Pin 0.85162 [q90 0.41827, q10 0.43335], MS 1.34090, Freq 4.30309) | LR 1.25e-06
2026-07-31 07:02:04,784 INFO Epoch 68 | Batch 500/593 | Loss 4.23449 (Pin 0.84486 [q90 0.41369, q10 0.43117], MS 1.30067, Freq 4.17792) | LR 1.25e-06
2026-07-31 07:02:46,987 INFO Epoch 68 | Batch 550/593 | Loss 4.12022 (Pin 0.81400 [q90 0.39995, q10 0.41405], MS 1.23058, Freq 4.15127) | LR 1.25e-06
2026-07-31 07:03:59,365 INFO Epoch 68 | Val Loss 4.80664 (Pin 0.80074 [q90 0.39880, q10 0.40195], MS 1.95235, Freq 4.10710, L1 1.77991, Spectral 0.32020, Gradient 0.50936)
2026-07-31 07:03:59,366 INFO Epoch 68 | Coverage q10/q50/q90 = 0.086/0.491/0.902 (nominal .10/.50/.90) | extreme tail = 0.122/0.464/0.853
2026-07-31 07:03:59,827 INFO Epoch 68 | Val loss did not improve (2/50 val checks since best=4.79418)
2026-07-31 07:04:42,141 INFO Epoch 69 | Batch 50/593 | Loss 4.23642 (Pin 0.84741 [q90 0.41653, q10 0.43088], MS 1.29340, Freq 4.19123) | LR 1.25e-06
2026-07-31 07:05:24,376 INFO Epoch 69 | Batch 100/593 | Loss 4.17197 (Pin 0.82725 [q90 0.41096, q10 0.41629], MS 1.25570, Freq 4.17805) | LR 1.25e-06
2026-07-31 07:06:06,594 INFO Epoch 69 | Batch 150/593 | Loss 4.18165 (Pin 0.83107 [q90 0.40139, q10 0.42967], MS 1.24917, Freq 4.20283) | LR 1.25e-06
2026-07-31 07:06:48,807 INFO Epoch 69 | Batch 200/593 | Loss 4.20986 (Pin 0.83786 [q90 0.41039, q10 0.42747], MS 1.29776, Freq 4.14846) | LR 1.25e-06
2026-07-31 07:07:31,040 INFO Epoch 69 | Batch 250/593 | Loss 4.28092 (Pin 0.84462 [q90 0.41208, q10 0.43255], MS 1.33956, Freq 4.19346) | LR 1.25e-06
2026-07-31 07:08:13,274 INFO Epoch 69 | Batch 300/593 | Loss 4.25249 (Pin 0.83210 [q90 0.40683, q10 0.42528], MS 1.30279, Freq 4.23520) | LR 1.25e-06
2026-07-31 07:08:55,500 INFO Epoch 69 | Batch 350/593 | Loss 4.22707 (Pin 0.83360 [q90 0.40977, q10 0.42383], MS 1.29428, Freq 4.19839) | LR 1.25e-06
2026-07-31 07:09:37,717 INFO Epoch 69 | Batch 400/593 | Loss 4.20471 (Pin 0.84367 [q90 0.41204, q10 0.43163], MS 1.25271, Freq 4.21666) | LR 1.25e-06
2026-07-31 07:10:19,942 INFO Epoch 69 | Batch 450/593 | Loss 4.20992 (Pin 0.83346 [q90 0.40888, q10 0.42458], MS 1.27647, Freq 4.19997) | LR 1.25e-06
2026-07-31 07:11:02,159 INFO Epoch 69 | Batch 500/593 | Loss 4.18397 (Pin 0.83927 [q90 0.41396, q10 0.42531], MS 1.24747, Freq 4.19446) | LR 1.25e-06
2026-07-31 07:11:44,396 INFO Epoch 69 | Batch 550/593 | Loss 4.25182 (Pin 0.84758 [q90 0.41413, q10 0.43344], MS 1.28179, Freq 4.24491) | LR 1.25e-06
2026-07-31 07:12:56,364 INFO Epoch 69 | Val Loss 4.81114 (Pin 0.80054 [q90 0.39927, q10 0.40127], MS 1.96046, Freq 4.10030, L1 1.77699, Spectral 0.31981, Gradient 0.50867)
2026-07-31 07:12:56,365 INFO Epoch 69 | Coverage q10/q50/q90 = 0.087/0.496/0.902 (nominal .10/.50/.90) | extreme tail = 0.121/0.468/0.854
2026-07-31 07:12:56,597 INFO Epoch 69 | Val loss did not improve (3/50 val checks since best=4.79418)
2026-07-31 07:13:38,883 INFO Epoch 70 | Batch 50/593 | Loss 4.15366 (Pin 0.83621 [q90 0.40768, q10 0.42852], MS 1.24028, Freq 4.15436) | LR 1.25e-06
2026-07-31 07:14:21,083 INFO Epoch 70 | Batch 100/593 | Loss 4.24406 (Pin 0.84811 [q90 0.41211, q10 0.43600], MS 1.28442, Freq 4.22306) | LR 1.25e-06
2026-07-31 07:15:03,295 INFO Epoch 70 | Batch 150/593 | Loss 4.19085 (Pin 0.82625 [q90 0.40387, q10 0.42238], MS 1.27651, Freq 4.17617) | LR 1.25e-06
2026-07-31 07:15:45,506 INFO Epoch 70 | Batch 200/593 | Loss 4.15124 (Pin 0.82879 [q90 0.40913, q10 0.41966], MS 1.22400, Freq 4.19691) | LR 1.25e-06
2026-07-31 07:16:27,715 INFO Epoch 70 | Batch 250/593 | Loss 4.20078 (Pin 0.82893 [q90 0.40841, q10 0.42052], MS 1.28487, Freq 4.17395) | LR 1.25e-06
2026-07-31 07:17:09,900 INFO Epoch 70 | Batch 300/593 | Loss 4.31136 (Pin 0.85677 [q90 0.42850, q10 0.42826], MS 1.32459, Freq 4.26000) | LR 1.25e-06
2026-07-31 07:17:52,103 INFO Epoch 70 | Batch 350/593 | Loss 4.13456 (Pin 0.83078 [q90 0.40951, q10 0.42126], MS 1.22761, Freq 4.15235) | LR 1.25e-06
2026-07-31 07:18:34,333 INFO Epoch 70 | Batch 400/593 | Loss 4.15071 (Pin 0.82825 [q90 0.40460, q10 0.42366], MS 1.21148, Freq 4.22197) | LR 1.25e-06
2026-07-31 07:19:16,545 INFO Epoch 70 | Batch 450/593 | Loss 4.19979 (Pin 0.83028 [q90 0.40477, q10 0.42551], MS 1.28256, Freq 4.17389) | LR 1.25e-06
2026-07-31 07:19:58,769 INFO Epoch 70 | Batch 500/593 | Loss 4.33961 (Pin 0.85147 [q90 0.41915, q10 0.43232], MS 1.35740, Freq 4.26148) | LR 1.25e-06
2026-07-31 07:20:40,986 INFO Epoch 70 | Batch 550/593 | Loss 4.23346 (Pin 0.82992 [q90 0.40237, q10 0.42755], MS 1.29205, Freq 4.22297) | LR 1.25e-06
2026-07-31 07:21:52,555 INFO Epoch 70 | Val Loss 4.81375 (Pin 0.80041 [q90 0.39973, q10 0.40068], MS 2.00062, Freq 4.02545, L1 1.76098, Spectral 0.31399, Gradient 0.49529)
2026-07-31 07:21:52,556 INFO Epoch 70 | Coverage q10/q50/q90 = 0.089/0.494/0.897 (nominal .10/.50/.90) | extreme tail = 0.123/0.462/0.847
2026-07-31 07:21:52,796 INFO Epoch 70 | Val loss did not improve (4/50 val checks since best=4.79418)
2026-07-31 07:22:35,089 INFO Epoch 71 | Batch 50/593 | Loss 4.21174 (Pin 0.84046 [q90 0.41132, q10 0.42915], MS 1.25766, Freq 4.22722) | LR 1.25e-06
2026-07-31 07:23:17,321 INFO Epoch 71 | Batch 100/593 | Loss 4.26330 (Pin 0.85368 [q90 0.41421, q10 0.43947], MS 1.29467, Freq 4.22990) | LR 1.25e-06
2026-07-31 07:23:59,551 INFO Epoch 71 | Batch 150/593 | Loss 4.14235 (Pin 0.82181 [q90 0.40162, q10 0.42019], MS 1.21914, Freq 4.20279) | LR 1.25e-06
2026-07-31 07:24:41,779 INFO Epoch 71 | Batch 200/593 | Loss 4.17443 (Pin 0.82301 [q90 0.40123, q10 0.42178], MS 1.26043, Freq 4.18198) | LR 1.25e-06
2026-07-31 07:25:24,009 INFO Epoch 71 | Batch 250/593 | Loss 4.27504 (Pin 0.85387 [q90 0.41420, q10 0.43968], MS 1.29488, Freq 4.25257) | LR 1.25e-06
2026-07-31 07:26:06,231 INFO Epoch 71 | Batch 300/593 | Loss 4.19725 (Pin 0.84186 [q90 0.41481, q10 0.42706], MS 1.23421, Freq 4.24237) | LR 1.25e-06
2026-07-31 07:26:48,428 INFO Epoch 71 | Batch 350/593 | Loss 4.18148 (Pin 0.82671 [q90 0.41110, q10 0.41561], MS 1.25315, Freq 4.20324) | LR 1.25e-06
2026-07-31 07:27:30,647 INFO Epoch 71 | Batch 400/593 | Loss 4.21259 (Pin 0.83031 [q90 0.40878, q10 0.42152], MS 1.29644, Freq 4.17168) | LR 1.25e-06
2026-07-31 07:28:12,866 INFO Epoch 71 | Batch 450/593 | Loss 4.14593 (Pin 0.82825 [q90 0.40945, q10 0.41880], MS 1.24657, Freq 4.14224) | LR 1.25e-06
2026-07-31 07:28:55,096 INFO Epoch 71 | Batch 500/593 | Loss 4.20538 (Pin 0.83423 [q90 0.41159, q10 0.42264], MS 1.27724, Freq 4.18781) | LR 1.25e-06
2026-07-31 07:29:37,312 INFO Epoch 71 | Batch 550/593 | Loss 4.16895 (Pin 0.82722 [q90 0.40383, q10 0.42339], MS 1.26543, Freq 4.15262) | LR 1.25e-06
2026-07-31 07:30:49,633 INFO Epoch 71 | Val Loss 4.78715 (Pin 0.80075 [q90 0.39893, q10 0.40182], MS 1.95681, Freq 4.05918, L1 1.76905, Spectral 0.31756, Gradient 0.50356)
2026-07-31 07:30:49,634 INFO Epoch 71 | Coverage q10/q50/q90 = 0.084/0.486/0.899 (nominal .10/.50/.90) | extreme tail = 0.119/0.458/0.851
2026-07-31 07:30:50,107 INFO New best val loss: 4.78715 (saved checkpoints/best.pth)
2026-07-31 07:31:32,406 INFO Epoch 72 | Batch 50/593 | Loss 4.23151 (Pin 0.84620 [q90 0.41665, q10 0.42955], MS 1.25187, Freq 4.26687) | LR 1.25e-06
2026-07-31 07:32:14,624 INFO Epoch 72 | Batch 100/593 | Loss 4.27937 (Pin 0.83548 [q90 0.40882, q10 0.42666], MS 1.32801, Freq 4.23176) | LR 1.25e-06
2026-07-31 07:32:56,850 INFO Epoch 72 | Batch 150/593 | Loss 4.13748 (Pin 0.83879 [q90 0.40667, q10 0.43212], MS 1.20071, Freq 4.19596) | LR 1.25e-06
2026-07-31 07:33:39,044 INFO Epoch 72 | Batch 200/593 | Loss 4.21453 (Pin 0.84717 [q90 0.41395, q10 0.43322], MS 1.26376, Freq 4.20720) | LR 1.25e-06
2026-07-31 07:34:21,264 INFO Epoch 72 | Batch 250/593 | Loss 4.11316 (Pin 0.82104 [q90 0.40365, q10 0.41740], MS 1.22590, Freq 4.13242) | LR 1.25e-06
2026-07-31 07:35:03,480 INFO Epoch 72 | Batch 300/593 | Loss 4.33807 (Pin 0.85552 [q90 0.41334, q10 0.44219], MS 1.34240, Freq 4.28029) | LR 1.25e-06
2026-07-31 07:35:45,680 INFO Epoch 72 | Batch 350/593 | Loss 4.15829 (Pin 0.82107 [q90 0.40652, q10 0.41455], MS 1.26356, Freq 4.14732) | LR 1.25e-06
2026-07-31 07:36:27,876 INFO Epoch 72 | Batch 400/593 | Loss 4.18175 (Pin 0.82684 [q90 0.40985, q10 0.41698], MS 1.24488, Freq 4.22006) | LR 1.25e-06
2026-07-31 07:37:10,077 INFO Epoch 72 | Batch 450/593 | Loss 4.17775 (Pin 0.83476 [q90 0.40801, q10 0.42675], MS 1.26571, Freq 4.15457) | LR 1.25e-06
2026-07-31 07:37:52,306 INFO Epoch 72 | Batch 500/593 | Loss 4.24925 (Pin 0.83761 [q90 0.40741, q10 0.43020], MS 1.30853, Freq 4.20622) | LR 1.25e-06
2026-07-31 07:38:34,520 INFO Epoch 72 | Batch 550/593 | Loss 4.23372 (Pin 0.82440 [q90 0.41071, q10 0.41369], MS 1.33222, Freq 4.15418) | LR 1.25e-06
2026-07-31 07:39:46,859 INFO Epoch 72 | Val Loss 4.79147 (Pin 0.80073 [q90 0.39968, q10 0.40106], MS 1.96147, Freq 4.05854, L1 1.77022, Spectral 0.31585, Gradient 0.50104)
2026-07-31 07:39:46,859 INFO Epoch 72 | Coverage q10/q50/q90 = 0.086/0.490/0.899 (nominal .10/.50/.90) | extreme tail = 0.120/0.459/0.850
2026-07-31 07:39:47,219 INFO Epoch 72 | Val loss did not improve (1/50 val checks since best=4.78715)
2026-07-31 07:40:29,484 INFO Epoch 73 | Batch 50/593 | Loss 4.17892 (Pin 0.81614 [q90 0.40278, q10 0.41336], MS 1.28002, Freq 4.16554) | LR 1.25e-06
2026-07-31 07:41:11,724 INFO Epoch 73 | Batch 100/593 | Loss 4.25848 (Pin 0.84394 [q90 0.41306, q10 0.43088], MS 1.30459, Freq 4.21991) | LR 1.25e-06
2026-07-31 07:41:53,948 INFO Epoch 73 | Batch 150/593 | Loss 4.30866 (Pin 0.86103 [q90 0.41872, q10 0.44230], MS 1.31862, Freq 4.25802) | LR 1.25e-06
2026-07-31 07:42:36,150 INFO Epoch 73 | Batch 200/593 | Loss 4.31042 (Pin 0.85380 [q90 0.41886, q10 0.43494], MS 1.32328, Freq 4.26669) | LR 1.25e-06
2026-07-31 07:43:18,385 INFO Epoch 73 | Batch 250/593 | Loss 4.20280 (Pin 0.83732 [q90 0.41170, q10 0.42562], MS 1.25909, Freq 4.21278) | LR 1.25e-06
2026-07-31 07:44:00,606 INFO Epoch 73 | Batch 300/593 | Loss 4.19089 (Pin 0.83102 [q90 0.41106, q10 0.41996], MS 1.26699, Freq 4.18576) | LR 1.25e-06
2026-07-31 07:44:42,839 INFO Epoch 73 | Batch 350/593 | Loss 4.16390 (Pin 0.82030 [q90 0.40145, q10 0.41885], MS 1.27606, Freq 4.13507) | LR 1.25e-06
2026-07-31 07:45:25,048 INFO Epoch 73 | Batch 400/593 | Loss 4.27115 (Pin 0.83194 [q90 0.40929, q10 0.42265], MS 1.34856, Freq 4.18130) | LR 1.25e-06
2026-07-31 07:46:07,271 INFO Epoch 73 | Batch 450/593 | Loss 4.21657 (Pin 0.84672 [q90 0.41878, q10 0.42793], MS 1.26924, Freq 4.20124) | LR 1.25e-06
2026-07-31 07:46:49,499 INFO Epoch 73 | Batch 500/593 | Loss 4.20194 (Pin 0.84072 [q90 0.41030, q10 0.43042], MS 1.25877, Freq 4.20491) | LR 1.25e-06
2026-07-31 07:47:31,722 INFO Epoch 73 | Batch 550/593 | Loss 4.18343 (Pin 0.82849 [q90 0.40693, q10 0.42156], MS 1.28759, Freq 4.13471) | LR 1.25e-06
2026-07-31 07:48:44,049 INFO Epoch 73 | Val Loss 4.80333 (Pin 0.79966 [q90 0.39853, q10 0.40113], MS 1.97325, Freq 4.06085, L1 1.76633, Spectral 0.31671, Gradient 0.50214)
2026-07-31 07:48:44,050 INFO Epoch 73 | Coverage q10/q50/q90 = 0.087/0.490/0.899 (nominal .10/.50/.90) | extreme tail = 0.123/0.468/0.854
2026-07-31 07:48:44,294 INFO Epoch 73 | Val loss did not improve (2/50 val checks since best=4.78715)
2026-07-31 07:49:26,576 INFO Epoch 74 | Batch 50/593 | Loss 4.23096 (Pin 0.84489 [q90 0.41135, q10 0.43355], MS 1.27505, Freq 4.22204) | LR 1.25e-06
2026-07-31 07:50:08,786 INFO Epoch 74 | Batch 100/593 | Loss 4.26589 (Pin 0.85048 [q90 0.41492, q10 0.43556], MS 1.29763, Freq 4.23556) | LR 1.25e-06
2026-07-31 07:50:50,995 INFO Epoch 74 | Batch 150/593 | Loss 4.13891 (Pin 0.81827 [q90 0.40398, q10 0.41429], MS 1.26642, Freq 4.10844) | LR 1.25e-06
2026-07-31 07:51:33,221 INFO Epoch 74 | Batch 200/593 | Loss 4.22759 (Pin 0.84048 [q90 0.41111, q10 0.42937], MS 1.26427, Freq 4.24567) | LR 1.25e-06
2026-07-31 07:52:15,445 INFO Epoch 74 | Batch 250/593 | Loss 4.21476 (Pin 0.83214 [q90 0.40501, q10 0.42713], MS 1.29442, Freq 4.17640) | LR 1.25e-06
2026-07-31 07:52:57,681 INFO Epoch 74 | Batch 300/593 | Loss 4.13007 (Pin 0.81783 [q90 0.40115, q10 0.41668], MS 1.24561, Freq 4.13326) | LR 1.25e-06
2026-07-31 07:53:39,923 INFO Epoch 74 | Batch 350/593 | Loss 4.25927 (Pin 0.85378 [q90 0.42123, q10 0.43255], MS 1.26767, Freq 4.27564) | LR 1.25e-06
2026-07-31 07:54:22,160 INFO Epoch 74 | Batch 400/593 | Loss 4.29979 (Pin 0.85887 [q90 0.42037, q10 0.43849], MS 1.30918, Freq 4.26349) | LR 1.25e-06
2026-07-31 07:55:04,382 INFO Epoch 74 | Batch 450/593 | Loss 4.16584 (Pin 0.83466 [q90 0.40813, q10 0.42653], MS 1.23389, Freq 4.19458) | LR 1.25e-06
2026-07-31 07:55:46,599 INFO Epoch 74 | Batch 500/593 | Loss 4.15495 (Pin 0.83183 [q90 0.41240, q10 0.41943], MS 1.24618, Freq 4.15388) | LR 1.25e-06
2026-07-31 07:56:28,829 INFO Epoch 74 | Batch 550/593 | Loss 4.15401 (Pin 0.81789 [q90 0.40082, q10 0.41707], MS 1.26185, Freq 4.14854) | LR 1.25e-06
2026-07-31 07:57:40,769 INFO Epoch 74 | Val Loss 4.79666 (Pin 0.80056 [q90 0.39918, q10 0.40138], MS 1.95481, Freq 4.08258, L1 1.77285, Spectral 0.31842, Gradient 0.50539)
2026-07-31 07:57:40,769 INFO Epoch 74 | Coverage q10/q50/q90 = 0.087/0.493/0.899 (nominal .10/.50/.90) | extreme tail = 0.126/0.468/0.853
2026-07-31 07:57:41,012 INFO Epoch 74 | Val loss did not improve (3/50 val checks since best=4.78715)
2026-07-31 07:58:23,312 INFO Epoch 75 | Batch 50/593 | Loss 4.14269 (Pin 0.83743 [q90 0.41032, q10 0.42711], MS 1.21777, Freq 4.17498) | LR 1.25e-06
2026-07-31 07:59:05,533 INFO Epoch 75 | Batch 100/593 | Loss 4.15843 (Pin 0.81370 [q90 0.39582, q10 0.41788], MS 1.24150, Freq 4.20645) | LR 1.25e-06
2026-07-31 07:59:47,764 INFO Epoch 75 | Batch 150/593 | Loss 4.24519 (Pin 0.83162 [q90 0.40521, q10 0.42641], MS 1.33279, Freq 4.16155) | LR 1.25e-06
2026-07-31 08:00:29,994 INFO Epoch 75 | Batch 200/593 | Loss 4.21724 (Pin 0.82754 [q90 0.40878, q10 0.41876], MS 1.29539, Freq 4.18863) | LR 1.25e-06
2026-07-31 08:01:12,198 INFO Epoch 75 | Batch 250/593 | Loss 4.29811 (Pin 0.85126 [q90 0.42216, q10 0.42909], MS 1.33255, Freq 4.22861) | LR 1.25e-06
2026-07-31 08:01:54,412 INFO Epoch 75 | Batch 300/593 | Loss 4.03891 (Pin 0.79332 [q90 0.39122, q10 0.40210], MS 1.21402, Freq 4.06315) | LR 1.25e-06
2026-07-31 08:02:36,612 INFO Epoch 75 | Batch 350/593 | Loss 4.30853 (Pin 0.85116 [q90 0.41758, q10 0.43358], MS 1.32251, Freq 4.26970) | LR 1.25e-06
2026-07-31 08:03:18,829 INFO Epoch 75 | Batch 400/593 | Loss 4.24908 (Pin 0.85397 [q90 0.41871, q10 0.43526], MS 1.28768, Freq 4.21488) | LR 1.25e-06
2026-07-31 08:04:01,067 INFO Epoch 75 | Batch 450/593 | Loss 4.28360 (Pin 0.84886 [q90 0.41229, q10 0.43657], MS 1.32841, Freq 4.21266) | LR 1.25e-06
2026-07-31 08:04:43,302 INFO Epoch 75 | Batch 500/593 | Loss 4.31342 (Pin 0.84889 [q90 0.41717, q10 0.43172], MS 1.34950, Freq 4.23006) | LR 1.25e-06
2026-07-31 08:05:25,512 INFO Epoch 75 | Batch 550/593 | Loss 4.18750 (Pin 0.84301 [q90 0.41505, q10 0.42796], MS 1.24994, Freq 4.18912) | LR 1.25e-06
2026-07-31 08:06:37,041 INFO Epoch 75 | Val Loss 4.80593 (Pin 0.79965 [q90 0.39840, q10 0.40126], MS 1.97142, Freq 4.06971, L1 1.76822, Spectral 0.31660, Gradient 0.50156)
2026-07-31 08:06:37,042 INFO Epoch 75 | Coverage q10/q50/q90 = 0.088/0.493/0.900 (nominal .10/.50/.90) | extreme tail = 0.122/0.470/0.858
2026-07-31 08:06:37,285 INFO Epoch 75 | Val loss did not improve (4/50 val checks since best=4.78715)
2026-07-31 08:07:19,568 INFO Epoch 76 | Batch 50/593 | Loss 4.19208 (Pin 0.82769 [q90 0.40435, q10 0.42335], MS 1.26833, Freq 4.19213) | LR 1.25e-06
2026-07-31 08:08:01,789 INFO Epoch 76 | Batch 100/593 | Loss 4.13840 (Pin 0.82975 [q90 0.40576, q10 0.42400], MS 1.22565, Freq 4.16600) | LR 1.25e-06
2026-07-31 08:08:44,006 INFO Epoch 76 | Batch 150/593 | Loss 4.23953 (Pin 0.86069 [q90 0.42222, q10 0.43847], MS 1.24851, Freq 4.26067) | LR 1.25e-06
2026-07-31 08:09:26,235 INFO Epoch 76 | Batch 200/593 | Loss 4.13070 (Pin 0.82878 [q90 0.40907, q10 0.41971], MS 1.20467, Freq 4.19450) | LR 1.25e-06
2026-07-31 08:10:08,453 INFO Epoch 76 | Batch 250/593 | Loss 4.19623 (Pin 0.83815 [q90 0.41060, q10 0.42756], MS 1.25542, Freq 4.20531) | LR 1.25e-06
2026-07-31 08:10:50,673 INFO Epoch 76 | Batch 300/593 | Loss 4.11868 (Pin 0.81875 [q90 0.40215, q10 0.41661], MS 1.23672, Freq 4.12641) | LR 1.25e-06
2026-07-31 08:11:32,895 INFO Epoch 76 | Batch 350/593 | Loss 4.20411 (Pin 0.84630 [q90 0.41482, q10 0.43148], MS 1.25787, Freq 4.19988) | LR 1.25e-06
2026-07-31 08:12:15,115 INFO Epoch 76 | Batch 400/593 | Loss 4.14845 (Pin 0.83057 [q90 0.40595, q10 0.42462], MS 1.23531, Freq 4.16513) | LR 1.25e-06
2026-07-31 08:12:57,321 INFO Epoch 76 | Batch 450/593 | Loss 4.14534 (Pin 0.81287 [q90 0.39953, q10 0.41334], MS 1.24562, Freq 4.17370) | LR 1.25e-06
2026-07-31 08:13:39,549 INFO Epoch 76 | Batch 500/593 | Loss 4.26485 (Pin 0.85666 [q90 0.42057, q10 0.43610], MS 1.28771, Freq 4.24095) | LR 1.25e-06
2026-07-31 08:14:21,776 INFO Epoch 76 | Batch 550/593 | Loss 4.22881 (Pin 0.84545 [q90 0.41436, q10 0.43109], MS 1.26881, Freq 4.22909) | LR 1.25e-06
2026-07-31 08:15:33,737 INFO Epoch 76 | Val Loss 4.79364 (Pin 0.80032 [q90 0.39906, q10 0.40126], MS 1.96109, Freq 4.06445, L1 1.77099, Spectral 0.31777, Gradient 0.50394)
2026-07-31 08:15:33,738 INFO Epoch 76 | Coverage q10/q50/q90 = 0.085/0.490/0.899 (nominal .10/.50/.90) | extreme tail = 0.121/0.457/0.848
2026-07-31 08:15:33,987 INFO Epoch 76 | Val loss did not improve (5/50 val checks since best=4.78715)
2026-07-31 08:16:16,282 INFO Epoch 77 | Batch 50/593 | Loss 4.19457 (Pin 0.83137 [q90 0.40610, q10 0.42526], MS 1.29003, Freq 4.14634) | LR 1.25e-06
2026-07-31 08:16:58,513 INFO Epoch 77 | Batch 100/593 | Loss 4.14180 (Pin 0.81056 [q90 0.39672, q10 0.41384], MS 1.25656, Freq 4.14934) | LR 1.25e-06
2026-07-31 08:17:40,742 INFO Epoch 77 | Batch 150/593 | Loss 4.12159 (Pin 0.82269 [q90 0.40828, q10 0.41441], MS 1.21638, Freq 4.16505) | LR 1.25e-06
2026-07-31 08:18:22,967 INFO Epoch 77 | Batch 200/593 | Loss 4.22971 (Pin 0.83562 [q90 0.41133, q10 0.42429], MS 1.32124, Freq 4.14570) | LR 1.25e-06
2026-07-31 08:19:05,175 INFO Epoch 77 | Batch 250/593 | Loss 4.17321 (Pin 0.83222 [q90 0.40991, q10 0.42232], MS 1.25476, Freq 4.17245) | LR 1.25e-06
2026-07-31 08:19:47,391 INFO Epoch 77 | Batch 300/593 | Loss 4.36243 (Pin 0.84895 [q90 0.41645, q10 0.43250], MS 1.38087, Freq 4.26521) | LR 1.25e-06
2026-07-31 08:20:29,620 INFO Epoch 77 | Batch 350/593 | Loss 4.16489 (Pin 0.82019 [q90 0.40397, q10 0.41622], MS 1.26269, Freq 4.16402) | LR 1.25e-06
2026-07-31 08:21:11,850 INFO Epoch 77 | Batch 400/593 | Loss 4.25487 (Pin 0.84618 [q90 0.41408, q10 0.43210], MS 1.29992, Freq 4.21753) | LR 1.25e-06
2026-07-31 08:21:54,066 INFO Epoch 77 | Batch 450/593 | Loss 4.20024 (Pin 0.84078 [q90 0.40854, q10 0.43224], MS 1.24765, Freq 4.22362) | LR 1.25e-06
2026-07-31 08:22:36,300 INFO Epoch 77 | Batch 500/593 | Loss 4.16656 (Pin 0.83453 [q90 0.40814, q10 0.42639], MS 1.23911, Freq 4.18584) | LR 1.25e-06
2026-07-31 08:23:18,526 INFO Epoch 77 | Batch 550/593 | Loss 4.28325 (Pin 0.85883 [q90 0.42427, q10 0.43456], MS 1.29619, Freq 4.25647) | LR 1.25e-06
2026-07-31 08:24:30,166 INFO Epoch 77 | Val Loss 4.80096 (Pin 0.80000 [q90 0.39886, q10 0.40114], MS 1.97405, Freq 4.05382, L1 1.76688, Spectral 0.31559, Gradient 0.50058)
2026-07-31 08:24:30,167 INFO Epoch 77 | Coverage q10/q50/q90 = 0.087/0.494/0.898 (nominal .10/.50/.90) | extreme tail = 0.121/0.464/0.854
2026-07-31 08:24:30,411 INFO Epoch 77 | Val loss did not improve (6/50 val checks since best=4.78715)
2026-07-31 08:25:12,707 INFO Epoch 78 | Batch 50/593 | Loss 4.20729 (Pin 0.84345 [q90 0.41252, q10 0.43093], MS 1.28313, Freq 4.16143) | LR 1.25e-06
2026-07-31 08:25:54,946 INFO Epoch 78 | Batch 100/593 | Loss 4.30311 (Pin 0.84855 [q90 0.41116, q10 0.43739], MS 1.31005, Freq 4.28902) | LR 1.25e-06
2026-07-31 08:26:37,156 INFO Epoch 78 | Batch 150/593 | Loss 4.23967 (Pin 0.83852 [q90 0.40293, q10 0.43559], MS 1.28034, Freq 4.24163) | LR 1.25e-06
2026-07-31 08:27:19,372 INFO Epoch 78 | Batch 200/593 | Loss 4.14147 (Pin 0.84143 [q90 0.41826, q10 0.42317], MS 1.20802, Freq 4.18404) | LR 1.25e-06
2026-07-31 08:28:01,601 INFO Epoch 78 | Batch 250/593 | Loss 4.25963 (Pin 0.83877 [q90 0.41371, q10 0.42506], MS 1.28680, Freq 4.26812) | LR 1.25e-06
2026-07-31 08:28:43,808 INFO Epoch 78 | Batch 300/593 | Loss 4.14987 (Pin 0.83086 [q90 0.40943, q10 0.42143], MS 1.25095, Freq 4.13612) | LR 1.25e-06
2026-07-31 08:29:26,044 INFO Epoch 78 | Batch 350/593 | Loss 4.17198 (Pin 0.82361 [q90 0.40332, q10 0.42029], MS 1.27050, Freq 4.15574) | LR 1.25e-06
2026-07-31 08:30:08,258 INFO Epoch 78 | Batch 400/593 | Loss 4.16117 (Pin 0.82641 [q90 0.40854, q10 0.41786], MS 1.24322, Freq 4.18309) | LR 1.25e-06
2026-07-31 08:30:50,465 INFO Epoch 78 | Batch 450/593 | Loss 4.23526 (Pin 0.84162 [q90 0.40871, q10 0.43291], MS 1.29873, Freq 4.18981) | LR 1.25e-06
2026-07-31 08:31:32,698 INFO Epoch 78 | Batch 500/593 | Loss 4.19512 (Pin 0.83904 [q90 0.41598, q10 0.42306], MS 1.25300, Freq 4.20617) | LR 1.25e-06
2026-07-31 08:32:14,917 INFO Epoch 78 | Batch 550/593 | Loss 4.14372 (Pin 0.82054 [q90 0.40365, q10 0.41689], MS 1.24816, Freq 4.15002) | LR 1.25e-06
2026-07-31 08:33:26,888 INFO Epoch 78 | Val Loss 4.80507 (Pin 0.80039 [q90 0.39913, q10 0.40126], MS 1.96243, Freq 4.08449, L1 1.77423, Spectral 0.31881, Gradient 0.50606)
2026-07-31 08:33:26,889 INFO Epoch 78 | Coverage q10/q50/q90 = 0.087/0.495/0.901 (nominal .10/.50/.90) | extreme tail = 0.121/0.468/0.852
2026-07-31 08:33:27,130 INFO Epoch 78 | Val loss did not improve (7/50 val checks since best=4.78715)
2026-07-31 08:34:09,426 INFO Epoch 79 | Batch 50/593 | Loss 4.23140 (Pin 0.83780 [q90 0.41373, q10 0.42407], MS 1.30445, Freq 4.17830) | LR 1.25e-06
2026-07-31 08:34:51,648 INFO Epoch 79 | Batch 100/593 | Loss 4.24525 (Pin 0.84205 [q90 0.41601, q10 0.42605], MS 1.28081, Freq 4.24476) | LR 1.25e-06
2026-07-31 08:35:33,856 INFO Epoch 79 | Batch 150/593 | Loss 4.10905 (Pin 0.82554 [q90 0.40548, q10 0.42006], MS 1.20115, Freq 4.16474) | LR 1.25e-06
2026-07-31 08:36:16,062 INFO Epoch 79 | Batch 200/593 | Loss 4.24938 (Pin 0.84162 [q90 0.41647, q10 0.42515], MS 1.27987, Freq 4.25578) | LR 1.25e-06
2026-07-31 08:36:58,246 INFO Epoch 79 | Batch 250/593 | Loss 4.14987 (Pin 0.81643 [q90 0.40207, q10 0.41436], MS 1.27209, Freq 4.12269) | LR 1.25e-06
2026-07-31 08:37:40,465 INFO Epoch 79 | Batch 300/593 | Loss 4.23481 (Pin 0.84165 [q90 0.41031, q10 0.43134], MS 1.28975, Freq 4.20682) | LR 1.25e-06
2026-07-31 08:38:22,685 INFO Epoch 79 | Batch 350/593 | Loss 4.30680 (Pin 0.85951 [q90 0.41985, q10 0.43967], MS 1.31718, Freq 4.26020) | LR 1.25e-06
2026-07-31 08:39:04,875 INFO Epoch 79 | Batch 400/593 | Loss 4.16975 (Pin 0.81885 [q90 0.39696, q10 0.42189], MS 1.26426, Freq 4.17328) | LR 1.25e-06
2026-07-31 08:39:47,129 INFO Epoch 79 | Batch 450/593 | Loss 4.21333 (Pin 0.83544 [q90 0.41133, q10 0.42412], MS 1.29559, Freq 4.16460) | LR 1.25e-06
2026-07-31 08:40:29,352 INFO Epoch 79 | Batch 500/593 | Loss 4.20363 (Pin 0.84468 [q90 0.41409, q10 0.43058], MS 1.27229, Freq 4.17333) | LR 1.25e-06
2026-07-31 08:41:11,567 INFO Epoch 79 | Batch 550/593 | Loss 4.22042 (Pin 0.83165 [q90 0.40837, q10 0.42328], MS 1.26515, Freq 4.24722) | LR 1.25e-06
2026-07-31 08:42:23,651 INFO Epoch 79 | Val Loss 4.79416 (Pin 0.79964 [q90 0.39855, q10 0.40108], MS 1.95376, Freq 4.08153, L1 1.77174, Spectral 0.31638, Gradient 0.50322)
2026-07-31 08:42:23,651 INFO Epoch 79 | Coverage q10/q50/q90 = 0.086/0.495/0.901 (nominal .10/.50/.90) | extreme tail = 0.121/0.465/0.851
2026-07-31 08:42:23,897 INFO Epoch 79 | Val loss did not improve (8/50 val checks since best=4.78715)
2026-07-31 08:43:06,178 INFO Epoch 80 | Batch 50/593 | Loss 4.19072 (Pin 0.84054 [q90 0.41458, q10 0.42596], MS 1.24656, Freq 4.20724) | LR 6.25e-07
2026-07-31 08:43:48,411 INFO Epoch 80 | Batch 100/593 | Loss 4.14449 (Pin 0.82760 [q90 0.40888, q10 0.41872], MS 1.23025, Freq 4.17328) | LR 6.25e-07
2026-07-31 08:44:30,647 INFO Epoch 80 | Batch 150/593 | Loss 4.22175 (Pin 0.83847 [q90 0.41528, q10 0.42319], MS 1.28059, Freq 4.20538) | LR 6.25e-07
2026-07-31 08:45:12,858 INFO Epoch 80 | Batch 200/593 | Loss 4.12887 (Pin 0.83015 [q90 0.40834, q10 0.42181], MS 1.20439, Freq 4.18865) | LR 6.25e-07
2026-07-31 08:45:55,073 INFO Epoch 80 | Batch 250/593 | Loss 4.28550 (Pin 0.84844 [q90 0.41495, q10 0.43350], MS 1.30691, Freq 4.26030) | LR 6.25e-07
2026-07-31 08:46:37,272 INFO Epoch 80 | Batch 300/593 | Loss 4.20988 (Pin 0.84111 [q90 0.40996, q10 0.43115], MS 1.26507, Freq 4.20740) | LR 6.25e-07
2026-07-31 08:47:19,508 INFO Epoch 80 | Batch 350/593 | Loss 4.20871 (Pin 0.82778 [q90 0.40701, q10 0.42077], MS 1.29269, Freq 4.17648) | LR 6.25e-07
2026-07-31 08:48:01,707 INFO Epoch 80 | Batch 400/593 | Loss 4.19856 (Pin 0.83025 [q90 0.40795, q10 0.42230], MS 1.28706, Freq 4.16250) | LR 6.25e-07
2026-07-31 08:48:43,937 INFO Epoch 80 | Batch 450/593 | Loss 4.18973 (Pin 0.83463 [q90 0.40634, q10 0.42829], MS 1.26216, Freq 4.18589) | LR 6.25e-07
2026-07-31 08:49:26,148 INFO Epoch 80 | Batch 500/593 | Loss 4.30789 (Pin 0.84776 [q90 0.41492, q10 0.43283], MS 1.33073, Freq 4.25881) | LR 6.25e-07
2026-07-31 08:50:08,352 INFO Epoch 80 | Batch 550/593 | Loss 4.17928 (Pin 0.82519 [q90 0.40531, q10 0.41988], MS 1.27510, Freq 4.15799) | LR 6.25e-07
2026-07-31 08:51:20,289 INFO Epoch 80 | Val Loss 4.79807 (Pin 0.79998 [q90 0.39911, q10 0.40087], MS 1.96235, Freq 4.07147, L1 1.76889, Spectral 0.31688, Gradient 0.50258)
2026-07-31 08:51:20,290 INFO Epoch 80 | Coverage q10/q50/q90 = 0.086/0.489/0.898 (nominal .10/.50/.90) | extreme tail = 0.121/0.464/0.852
2026-07-31 08:51:20,534 INFO Epoch 80 | Val loss did not improve (9/50 val checks since best=4.78715)
2026-07-31 08:52:02,743 INFO Epoch 81 | Batch 50/593 | Loss 4.16036 (Pin 0.82905 [q90 0.40604, q10 0.42301], MS 1.24723, Freq 4.16816) | LR 6.25e-07
2026-07-31 08:52:44,904 INFO Epoch 81 | Batch 100/593 | Loss 4.20016 (Pin 0.83642 [q90 0.41775, q10 0.41867], MS 1.27531, Freq 4.17685) | LR 6.25e-07
2026-07-31 08:53:27,077 INFO Epoch 81 | Batch 150/593 | Loss 4.16437 (Pin 0.82462 [q90 0.40605, q10 0.41857], MS 1.27918, Freq 4.12114) | LR 6.25e-07
2026-07-31 08:54:09,242 INFO Epoch 81 | Batch 200/593 | Loss 4.26809 (Pin 0.84294 [q90 0.41628, q10 0.42666], MS 1.32205, Freq 4.20619) | LR 6.25e-07
2026-07-31 08:54:51,376 INFO Epoch 81 | Batch 250/593 | Loss 4.21808 (Pin 0.84148 [q90 0.41210, q10 0.42938], MS 1.25483, Freq 4.24352) | LR 6.25e-07
2026-07-31 08:55:33,505 INFO Epoch 81 | Batch 300/593 | Loss 4.22574 (Pin 0.85364 [q90 0.41776, q10 0.43588], MS 1.24553, Freq 4.25315) | LR 6.25e-07
2026-07-31 08:56:15,615 INFO Epoch 81 | Batch 350/593 | Loss 4.21332 (Pin 0.82736 [q90 0.40322, q10 0.42414], MS 1.29857, Freq 4.17478) | LR 6.25e-07
2026-07-31 08:56:57,754 INFO Epoch 81 | Batch 400/593 | Loss 4.20712 (Pin 0.83693 [q90 0.41166, q10 0.42527], MS 1.26312, Freq 4.21414) | LR 6.25e-07
2026-07-31 08:57:39,934 INFO Epoch 81 | Batch 450/593 | Loss 4.20815 (Pin 0.82546 [q90 0.40682, q10 0.41864], MS 1.28555, Freq 4.19428) | LR 6.25e-07
2026-07-31 08:58:22,116 INFO Epoch 81 | Batch 500/593 | Loss 4.22898 (Pin 0.84279 [q90 0.41308, q10 0.42970], MS 1.27932, Freq 4.21374) | LR 6.25e-07
2026-07-31 08:59:04,265 INFO Epoch 81 | Batch 550/593 | Loss 4.15477 (Pin 0.81075 [q90 0.39585, q10 0.41490], MS 1.27975, Freq 4.12853) | LR 6.25e-07
2026-07-31 09:00:16,190 INFO Epoch 81 | Val Loss 4.79621 (Pin 0.79981 [q90 0.39891, q10 0.40090], MS 1.96792, Freq 4.05696, L1 1.76746, Spectral 0.31783, Gradient 0.50263)
2026-07-31 09:00:16,191 INFO Epoch 81 | Coverage q10/q50/q90 = 0.086/0.488/0.898 (nominal .10/.50/.90) | extreme tail = 0.121/0.459/0.849
2026-07-31 09:00:16,433 INFO Epoch 81 | Val loss did not improve (10/50 val checks since best=4.78715)
2026-07-31 09:00:58,725 INFO Epoch 82 | Batch 50/593 | Loss 4.13021 (Pin 0.81558 [q90 0.39785, q10 0.41773], MS 1.25400, Freq 4.12126) | LR 6.25e-07
2026-07-31 09:01:40,969 INFO Epoch 82 | Batch 100/593 | Loss 4.25107 (Pin 0.84689 [q90 0.41704, q10 0.42985], MS 1.31006, Freq 4.18824) | LR 6.25e-07
2026-07-31 09:02:23,195 INFO Epoch 82 | Batch 150/593 | Loss 4.22556 (Pin 0.82593 [q90 0.40458, q10 0.42135], MS 1.32977, Freq 4.13972) | LR 6.25e-07
2026-07-31 09:03:05,407 INFO Epoch 82 | Batch 200/593 | Loss 4.22360 (Pin 0.84159 [q90 0.41160, q10 0.42999], MS 1.26057, Freq 4.24289) | LR 6.25e-07
2026-07-31 09:03:47,618 INFO Epoch 82 | Batch 250/593 | Loss 4.16809 (Pin 0.82742 [q90 0.40802, q10 0.41939], MS 1.23440, Freq 4.21255) | LR 6.25e-07
2026-07-31 09:04:29,826 INFO Epoch 82 | Batch 300/593 | Loss 4.22154 (Pin 0.84491 [q90 0.40987, q10 0.43505], MS 1.27561, Freq 4.20203) | LR 6.25e-07
2026-07-31 09:05:12,045 INFO Epoch 82 | Batch 350/593 | Loss 4.21596 (Pin 0.83303 [q90 0.41465, q10 0.41838], MS 1.28053, Freq 4.20480) | LR 6.25e-07
2026-07-31 09:05:54,273 INFO Epoch 82 | Batch 400/593 | Loss 4.21646 (Pin 0.84251 [q90 0.41232, q10 0.43019], MS 1.27816, Freq 4.19158) | LR 6.25e-07
2026-07-31 09:06:36,509 INFO Epoch 82 | Batch 450/593 | Loss 4.20844 (Pin 0.83276 [q90 0.40476, q10 0.42800], MS 1.28628, Freq 4.17880) | LR 6.25e-07
2026-07-31 09:07:18,742 INFO Epoch 82 | Batch 500/593 | Loss 4.28042 (Pin 0.84443 [q90 0.41707, q10 0.42736], MS 1.30497, Freq 4.26204) | LR 6.25e-07
2026-07-31 09:08:00,985 INFO Epoch 82 | Batch 550/593 | Loss 4.19114 (Pin 0.82332 [q90 0.40408, q10 0.41924], MS 1.27131, Freq 4.19302) | LR 6.25e-07
2026-07-31 09:09:12,975 INFO Epoch 82 | Val Loss 4.78884 (Pin 0.79990 [q90 0.39861, q10 0.40129], MS 1.95080, Freq 4.07628, L1 1.77218, Spectral 0.31764, Gradient 0.50411)
2026-07-31 09:09:12,976 INFO Epoch 82 | Coverage q10/q50/q90 = 0.086/0.486/0.899 (nominal .10/.50/.90) | extreme tail = 0.120/0.458/0.850
2026-07-31 09:09:13,225 INFO Epoch 82 | Val loss did not improve (11/50 val checks since best=4.78715)
2026-07-31 09:09:55,517 INFO Epoch 83 | Batch 50/593 | Loss 4.21987 (Pin 0.83298 [q90 0.40693, q10 0.42605], MS 1.28929, Freq 4.19518) | LR 6.25e-07
2026-07-31 09:10:37,722 INFO Epoch 83 | Batch 100/593 | Loss 4.17369 (Pin 0.82363 [q90 0.40403, q10 0.41959], MS 1.26283, Freq 4.17446) | LR 6.25e-07
2026-07-31 09:11:19,942 INFO Epoch 83 | Batch 150/593 | Loss 4.17034 (Pin 0.83221 [q90 0.41561, q10 0.41660], MS 1.24729, Freq 4.18167) | LR 6.25e-07
2026-07-31 09:12:02,159 INFO Epoch 83 | Batch 200/593 | Loss 4.24758 (Pin 0.83669 [q90 0.41070, q10 0.42598], MS 1.30810, Freq 4.20558) | LR 6.25e-07
2026-07-31 09:12:44,388 INFO Epoch 83 | Batch 250/593 | Loss 4.20827 (Pin 0.85100 [q90 0.41680, q10 0.43420], MS 1.24025, Freq 4.23403) | LR 6.25e-07
2026-07-31 09:13:26,614 INFO Epoch 83 | Batch 300/593 | Loss 4.15515 (Pin 0.82027 [q90 0.40156, q10 0.41871], MS 1.24340, Freq 4.18296) | LR 6.25e-07
2026-07-31 09:14:08,842 INFO Epoch 83 | Batch 350/593 | Loss 4.21731 (Pin 0.83082 [q90 0.40850, q10 0.42232], MS 1.31745, Freq 4.13808) | LR 6.25e-07
2026-07-31 09:14:51,076 INFO Epoch 83 | Batch 400/593 | Loss 4.16220 (Pin 0.83254 [q90 0.40518, q10 0.42737], MS 1.22873, Freq 4.20184) | LR 6.25e-07
2026-07-31 09:15:33,310 INFO Epoch 83 | Batch 450/593 | Loss 4.19877 (Pin 0.83596 [q90 0.41006, q10 0.42590], MS 1.24634, Freq 4.23294) | LR 6.25e-07
2026-07-31 09:16:15,546 INFO Epoch 83 | Batch 500/593 | Loss 4.24612 (Pin 0.84552 [q90 0.41038, q10 0.43514], MS 1.31409, Freq 4.17304) | LR 6.25e-07
2026-07-31 09:16:57,765 INFO Epoch 83 | Batch 550/593 | Loss 4.23034 (Pin 0.83995 [q90 0.41252, q10 0.42743], MS 1.25884, Freq 4.26310) | LR 6.25e-07
2026-07-31 09:18:09,395 INFO Epoch 83 | Val Loss 4.80019 (Pin 0.80007 [q90 0.39937, q10 0.40070], MS 1.99163, Freq 4.01697, L1 1.76034, Spectral 0.31500, Gradient 0.49644)
2026-07-31 09:18:09,396 INFO Epoch 83 | Coverage q10/q50/q90 = 0.091/0.490/0.896 (nominal .10/.50/.90) | extreme tail = 0.126/0.466/0.849
2026-07-31 09:18:09,640 INFO Epoch 83 | Val loss did not improve (12/50 val checks since best=4.78715)
2026-07-31 09:18:51,948 INFO Epoch 84 | Batch 50/593 | Loss 4.15147 (Pin 0.82584 [q90 0.40454, q10 0.42130], MS 1.27052, Freq 4.11021) | LR 6.25e-07
2026-07-31 09:19:34,167 INFO Epoch 84 | Batch 100/593 | Loss 4.11677 (Pin 0.83020 [q90 0.40774, q10 0.42246], MS 1.18624, Freq 4.20066) | LR 6.25e-07
2026-07-31 09:20:16,390 INFO Epoch 84 | Batch 150/593 | Loss 4.17584 (Pin 0.83808 [q90 0.41150, q10 0.42658], MS 1.23599, Freq 4.20354) | LR 6.25e-07
2026-07-31 09:20:58,611 INFO Epoch 84 | Batch 200/593 | Loss 4.17410 (Pin 0.83058 [q90 0.40842, q10 0.42216], MS 1.25332, Freq 4.18041) | LR 6.25e-07
2026-07-31 09:21:40,857 INFO Epoch 84 | Batch 250/593 | Loss 4.29165 (Pin 0.85502 [q90 0.41871, q10 0.43632], MS 1.29766, Freq 4.27793) | LR 6.25e-07
2026-07-31 09:22:23,162 INFO Epoch 84 | Batch 300/593 | Loss 4.15921 (Pin 0.83472 [q90 0.41244, q10 0.42228], MS 1.23471, Freq 4.17957) | LR 6.25e-07
2026-07-31 09:23:05,338 INFO Epoch 84 | Batch 350/593 | Loss 4.15570 (Pin 0.83041 [q90 0.40634, q10 0.42407], MS 1.24086, Freq 4.16887) | LR 6.25e-07
2026-07-31 09:23:47,478 INFO Epoch 84 | Batch 400/593 | Loss 4.29561 (Pin 0.85453 [q90 0.42004, q10 0.43449], MS 1.30499, Freq 4.27217) | LR 6.25e-07
2026-07-31 09:24:29,629 INFO Epoch 84 | Batch 450/593 | Loss 4.11684 (Pin 0.81136 [q90 0.39624, q10 0.41512], MS 1.25199, Freq 4.10698) | LR 6.25e-07
2026-07-31 09:25:11,786 INFO Epoch 84 | Batch 500/593 | Loss 4.22766 (Pin 0.83430 [q90 0.40832, q10 0.42599], MS 1.30859, Freq 4.16952) | LR 6.25e-07
2026-07-31 09:25:53,932 INFO Epoch 84 | Batch 550/593 | Loss 4.14221 (Pin 0.82493 [q90 0.40291, q10 0.42202], MS 1.22968, Freq 4.17520) | LR 6.25e-07
2026-07-31 09:27:06,214 INFO Epoch 84 | Val Loss 4.79867 (Pin 0.80012 [q90 0.39897, q10 0.40115], MS 1.96462, Freq 4.06785, L1 1.76961, Spectral 0.31701, Gradient 0.50282)
2026-07-31 09:27:06,215 INFO Epoch 84 | Coverage q10/q50/q90 = 0.086/0.492/0.899 (nominal .10/.50/.90) | extreme tail = 0.121/0.459/0.850
2026-07-31 09:27:06,452 INFO Epoch 84 | Val loss did not improve (13/50 val checks since best=4.78715)
2026-07-31 09:27:48,740 INFO Epoch 85 | Batch 50/593 | Loss 4.15845 (Pin 0.83920 [q90 0.40804, q10 0.43116], MS 1.22525, Freq 4.18799) | LR 6.25e-07
2026-07-31 09:28:30,946 INFO Epoch 85 | Batch 100/593 | Loss 4.20135 (Pin 0.85261 [q90 0.42044, q10 0.43217], MS 1.24736, Freq 4.20274) | LR 6.25e-07
2026-07-31 09:29:13,165 INFO Epoch 85 | Batch 150/593 | Loss 4.18314 (Pin 0.82549 [q90 0.40077, q10 0.42472], MS 1.26426, Freq 4.18678) | LR 6.25e-07
2026-07-31 09:29:55,395 INFO Epoch 85 | Batch 200/593 | Loss 4.06985 (Pin 0.81706 [q90 0.40403, q10 0.41303], MS 1.18152, Freq 4.14254) | LR 6.25e-07
2026-07-31 09:30:37,616 INFO Epoch 85 | Batch 250/593 | Loss 4.16344 (Pin 0.84085 [q90 0.41308, q10 0.42777], MS 1.23566, Freq 4.17387) | LR 6.25e-07
2026-07-31 09:31:19,794 INFO Epoch 85 | Batch 300/593 | Loss 4.16716 (Pin 0.82690 [q90 0.40848, q10 0.41842], MS 1.23960, Freq 4.20131) | LR 6.25e-07
2026-07-31 09:32:01,983 INFO Epoch 85 | Batch 350/593 | Loss 4.20903 (Pin 0.84174 [q90 0.41137, q10 0.43037], MS 1.25597, Freq 4.22264) | LR 6.25e-07
2026-07-31 09:32:44,180 INFO Epoch 85 | Batch 400/593 | Loss 4.19990 (Pin 0.82712 [q90 0.40808, q10 0.41904], MS 1.30003, Freq 4.14552) | LR 6.25e-07
2026-07-31 09:33:26,392 INFO Epoch 85 | Batch 450/593 | Loss 4.17794 (Pin 0.82309 [q90 0.40118, q10 0.42191], MS 1.25073, Freq 4.20825) | LR 6.25e-07
2026-07-31 09:34:08,626 INFO Epoch 85 | Batch 500/593 | Loss 4.14073 (Pin 0.82730 [q90 0.40614, q10 0.42115], MS 1.21649, Freq 4.19388) | LR 6.25e-07
2026-07-31 09:34:50,842 INFO Epoch 85 | Batch 550/593 | Loss 4.18426 (Pin 0.84156 [q90 0.41355, q10 0.42802], MS 1.25465, Freq 4.17611) | LR 6.25e-07
2026-07-31 09:36:02,466 INFO Epoch 85 | Val Loss 4.80111 (Pin 0.80009 [q90 0.39815, q10 0.40194], MS 1.96641, Freq 4.06922, L1 1.77117, Spectral 0.31632, Gradient 0.50234)
2026-07-31 09:36:02,466 INFO Epoch 85 | Coverage q10/q50/q90 = 0.085/0.486/0.900 (nominal .10/.50/.90) | extreme tail = 0.117/0.454/0.856
2026-07-31 09:36:02,715 INFO Epoch 85 | Val loss did not improve (14/50 val checks since best=4.78715)
2026-07-31 09:36:44,978 INFO Epoch 86 | Batch 50/593 | Loss 4.19709 (Pin 0.84841 [q90 0.41039, q10 0.43803], MS 1.22907, Freq 4.23921) | LR 6.25e-07
2026-07-31 09:37:27,138 INFO Epoch 86 | Batch 100/593 | Loss 4.16839 (Pin 0.83294 [q90 0.41049, q10 0.42245], MS 1.24987, Freq 4.17115) | LR 6.25e-07
2026-07-31 09:38:09,328 INFO Epoch 86 | Batch 150/593 | Loss 4.12164 (Pin 0.82070 [q90 0.40264, q10 0.41805], MS 1.21514, Freq 4.17160) | LR 6.25e-07
2026-07-31 09:38:51,500 INFO Epoch 86 | Batch 200/593 | Loss 4.24375 (Pin 0.84698 [q90 0.42391, q10 0.42307], MS 1.29213, Freq 4.20927) | LR 6.25e-07
2026-07-31 09:39:33,684 INFO Epoch 86 | Batch 250/593 | Loss 4.16469 (Pin 0.83274 [q90 0.40587, q10 0.42688], MS 1.24233, Freq 4.17923) | LR 6.25e-07
2026-07-31 09:40:15,839 INFO Epoch 86 | Batch 300/593 | Loss 4.22938 (Pin 0.84604 [q90 0.41433, q10 0.43172], MS 1.26366, Freq 4.23934) | LR 6.25e-07
2026-07-31 09:40:58,013 INFO Epoch 86 | Batch 350/593 | Loss 4.24824 (Pin 0.83607 [q90 0.40631, q10 0.42976], MS 1.32133, Freq 4.18168) | LR 6.25e-07
2026-07-31 09:41:40,189 INFO Epoch 86 | Batch 400/593 | Loss 4.17124 (Pin 0.82425 [q90 0.39762, q10 0.42663], MS 1.26396, Freq 4.16606) | LR 6.25e-07
2026-07-31 09:42:22,364 INFO Epoch 86 | Batch 450/593 | Loss 4.14448 (Pin 0.82474 [q90 0.40853, q10 0.41621], MS 1.23112, Freq 4.17725) | LR 6.25e-07
2026-07-31 09:43:04,535 INFO Epoch 86 | Batch 500/593 | Loss 4.13185 (Pin 0.83512 [q90 0.41032, q10 0.42480], MS 1.21992, Freq 4.15360) | LR 6.25e-07
2026-07-31 09:43:46,721 INFO Epoch 86 | Batch 550/593 | Loss 4.27617 (Pin 0.85530 [q90 0.42867, q10 0.42663], MS 1.30638, Freq 4.22898) | LR 6.25e-07
2026-07-31 09:44:58,690 INFO Epoch 86 | Val Loss 4.81222 (Pin 0.79944 [q90 0.39874, q10 0.40070], MS 1.97951, Freq 4.06654, L1 1.76919, Spectral 0.31598, Gradient 0.50106)
2026-07-31 09:44:58,691 INFO Epoch 86 | Coverage q10/q50/q90 = 0.088/0.494/0.899 (nominal .10/.50/.90) | extreme tail = 0.120/0.464/0.852
2026-07-31 09:44:58,933 INFO Epoch 86 | Val loss did not improve (15/50 val checks since best=4.78715)
2026-07-31 09:45:41,209 INFO Epoch 87 | Batch 50/593 | Loss 4.17132 (Pin 0.84023 [q90 0.41189, q10 0.42835], MS 1.23258, Freq 4.19701) | LR 6.25e-07
2026-07-31 09:46:23,414 INFO Epoch 87 | Batch 100/593 | Loss 4.26740 (Pin 0.85604 [q90 0.42278, q10 0.43326], MS 1.29642, Freq 4.22988) | LR 6.25e-07
2026-07-31 09:47:05,619 INFO Epoch 87 | Batch 150/593 | Loss 4.09828 (Pin 0.82330 [q90 0.40472, q10 0.41859], MS 1.19137, Freq 4.16721) | LR 6.25e-07
2026-07-31 09:47:47,848 INFO Epoch 87 | Batch 200/593 | Loss 4.18913 (Pin 0.82171 [q90 0.40267, q10 0.41903], MS 1.27895, Freq 4.17696) | LR 6.25e-07
2026-07-31 09:48:30,062 INFO Epoch 87 | Batch 250/593 | Loss 4.17820 (Pin 0.81751 [q90 0.39765, q10 0.41986], MS 1.30333, Freq 4.11471) | LR 6.25e-07
2026-07-31 09:49:12,298 INFO Epoch 87 | Batch 300/593 | Loss 4.19584 (Pin 0.83804 [q90 0.41343, q10 0.42460], MS 1.27205, Freq 4.17152) | LR 6.25e-07
2026-07-31 09:49:54,525 INFO Epoch 87 | Batch 350/593 | Loss 4.23345 (Pin 0.83745 [q90 0.41072, q10 0.42672], MS 1.28390, Freq 4.22421) | LR 6.25e-07
2026-07-31 09:50:36,725 INFO Epoch 87 | Batch 400/593 | Loss 4.13415 (Pin 0.82742 [q90 0.40802, q10 0.41940], MS 1.22472, Freq 4.16402) | LR 6.25e-07
2026-07-31 09:51:18,947 INFO Epoch 87 | Batch 450/593 | Loss 4.21028 (Pin 0.83904 [q90 0.41186, q10 0.42718], MS 1.27893, Freq 4.18463) | LR 6.25e-07
2026-07-31 09:52:01,176 INFO Epoch 87 | Batch 500/593 | Loss 4.25324 (Pin 0.84238 [q90 0.41321, q10 0.42917], MS 1.28030, Freq 4.26110) | LR 6.25e-07
2026-07-31 09:52:43,397 INFO Epoch 87 | Batch 550/593 | Loss 4.20801 (Pin 0.84114 [q90 0.40791, q10 0.43323], MS 1.26272, Freq 4.20829) | LR 6.25e-07
2026-07-31 09:53:55,063 INFO Epoch 87 | Val Loss 4.79627 (Pin 0.79950 [q90 0.39874, q10 0.40076], MS 1.97149, Freq 4.05054, L1 1.76603, Spectral 0.31660, Gradient 0.50084)
2026-07-31 09:53:55,064 INFO Epoch 87 | Coverage q10/q50/q90 = 0.087/0.490/0.898 (nominal .10/.50/.90) | extreme tail = 0.120/0.462/0.851
2026-07-31 09:53:55,319 INFO Epoch 87 | Val loss did not improve (16/50 val checks since best=4.78715)
2026-07-31 09:54:37,633 INFO Epoch 88 | Batch 50/593 | Loss 4.16502 (Pin 0.84211 [q90 0.41696, q10 0.42515], MS 1.23735, Freq 4.17112) | LR 6.25e-07
2026-07-31 09:55:19,836 INFO Epoch 88 | Batch 100/593 | Loss 4.12472 (Pin 0.80923 [q90 0.39607, q10 0.41317], MS 1.24864, Freq 4.13369) | LR 6.25e-07
2026-07-31 09:56:02,062 INFO Epoch 88 | Batch 150/593 | Loss 4.27172 (Pin 0.83757 [q90 0.40964, q10 0.42793], MS 1.31499, Freq 4.23832) | LR 6.25e-07
2026-07-31 09:56:44,292 INFO Epoch 88 | Batch 200/593 | Loss 4.33554 (Pin 0.86088 [q90 0.42174, q10 0.43915], MS 1.33984, Freq 4.26965) | LR 6.25e-07
2026-07-31 09:57:26,511 INFO Epoch 88 | Batch 250/593 | Loss 4.15140 (Pin 0.83278 [q90 0.41199, q10 0.42079], MS 1.23775, Freq 4.16175) | LR 6.25e-07
2026-07-31 09:58:08,754 INFO Epoch 88 | Batch 300/593 | Loss 4.18140 (Pin 0.83185 [q90 0.40693, q10 0.42492], MS 1.25888, Freq 4.18136) | LR 6.25e-07
2026-07-31 09:58:50,987 INFO Epoch 88 | Batch 350/593 | Loss 4.20080 (Pin 0.83252 [q90 0.40861, q10 0.42391], MS 1.26219, Freq 4.21218) | LR 6.25e-07
2026-07-31 09:59:33,200 INFO Epoch 88 | Batch 400/593 | Loss 4.24427 (Pin 0.84146 [q90 0.41027, q10 0.43119], MS 1.30286, Freq 4.19988) | LR 6.25e-07
2026-07-31 10:00:15,404 INFO Epoch 88 | Batch 450/593 | Loss 4.20122 (Pin 0.83704 [q90 0.41418, q10 0.42286], MS 1.25466, Freq 4.21904) | LR 6.25e-07
2026-07-31 10:00:57,630 INFO Epoch 88 | Batch 500/593 | Loss 4.21094 (Pin 0.83591 [q90 0.40596, q10 0.42996], MS 1.28764, Freq 4.17477) | LR 6.25e-07
2026-07-31 10:01:39,883 INFO Epoch 88 | Batch 550/593 | Loss 4.19302 (Pin 0.82192 [q90 0.40352, q10 0.41840], MS 1.28584, Freq 4.17053) | LR 6.25e-07
2026-07-31 10:02:51,864 INFO Epoch 88 | Val Loss 4.78542 (Pin 0.79967 [q90 0.39868, q10 0.40099], MS 1.96723, Freq 4.03705, L1 1.76463, Spectral 0.31593, Gradient 0.49915)
2026-07-31 10:02:51,865 INFO Epoch 88 | Coverage q10/q50/q90 = 0.086/0.484/0.897 (nominal .10/.50/.90) | extreme tail = 0.123/0.462/0.851
2026-07-31 10:02:52,349 INFO New best val loss: 4.78542 (saved checkpoints/best.pth)
2026-07-31 10:03:34,602 INFO Epoch 89 | Batch 50/593 | Loss 4.14549 (Pin 0.81270 [q90 0.39724, q10 0.41546], MS 1.26491, Freq 4.13575) | LR 6.25e-07
2026-07-31 10:04:16,774 INFO Epoch 89 | Batch 100/593 | Loss 4.24244 (Pin 0.83719 [q90 0.40847, q10 0.42872], MS 1.27844, Freq 4.25361) | LR 6.25e-07
2026-07-31 10:04:58,946 INFO Epoch 89 | Batch 150/593 | Loss 4.19814 (Pin 0.82711 [q90 0.40638, q10 0.42073], MS 1.28676, Freq 4.16854) | LR 6.25e-07
2026-07-31 10:05:41,138 INFO Epoch 89 | Batch 200/593 | Loss 4.18007 (Pin 0.83554 [q90 0.41389, q10 0.42165], MS 1.24738, Freq 4.19431) | LR 6.25e-07
2026-07-31 10:06:23,305 INFO Epoch 89 | Batch 250/593 | Loss 4.08704 (Pin 0.80146 [q90 0.39111, q10 0.41035], MS 1.23044, Freq 4.11027) | LR 6.25e-07
2026-07-31 10:07:05,478 INFO Epoch 89 | Batch 300/593 | Loss 4.20639 (Pin 0.82477 [q90 0.40666, q10 0.41811], MS 1.28990, Freq 4.18343) | LR 6.25e-07
2026-07-31 10:07:47,635 INFO Epoch 89 | Batch 350/593 | Loss 4.17869 (Pin 0.82847 [q90 0.40473, q10 0.42374], MS 1.26351, Freq 4.17342) | LR 6.25e-07
2026-07-31 10:08:30,603 INFO Epoch 89 | Batch 400/593 | Loss 4.20593 (Pin 0.86260 [q90 0.42043, q10 0.44216], MS 1.22630, Freq 4.23407) | LR 6.25e-07
2026-07-31 10:09:21,704 INFO Epoch 89 | Batch 450/593 | Loss 4.28264 (Pin 0.85323 [q90 0.41960, q10 0.43363], MS 1.31808, Freq 4.22266) | LR 6.25e-07
2026-07-31 10:10:35,857 INFO Epoch 89 | Batch 500/593 | Loss 4.25717 (Pin 0.84853 [q90 0.41428, q10 0.43425], MS 1.31680, Freq 4.18368) | LR 6.25e-07
2026-07-31 10:11:18,047 INFO Epoch 89 | Batch 550/593 | Loss 4.28891 (Pin 0.85602 [q90 0.42050, q10 0.43552], MS 1.29310, Freq 4.27959) | LR 6.25e-07
2026-07-31 10:12:29,668 INFO Epoch 89 | Val Loss 4.79898 (Pin 0.79970 [q90 0.39848, q10 0.40122], MS 1.95150, Freq 4.09557, L1 1.77581, Spectral 0.32006, Gradient 0.50811)
2026-07-31 10:12:29,668 INFO Epoch 89 | Coverage q10/q50/q90 = 0.083/0.487/0.901 (nominal .10/.50/.90) | extreme tail = 0.121/0.464/0.852
2026-07-31 10:12:29,845 INFO Epoch 89 | Val loss did not improve (1/50 val checks since best=4.78542)
2026-07-31 10:13:12,067 INFO Epoch 90 | Batch 50/593 | Loss 4.12592 (Pin 0.82092 [q90 0.40419, q10 0.41672], MS 1.23417, Freq 4.14167) | LR 6.25e-07
2026-07-31 10:13:54,248 INFO Epoch 90 | Batch 100/593 | Loss 4.23247 (Pin 0.85026 [q90 0.41781, q10 0.43245], MS 1.27760, Freq 4.20923) | LR 6.25e-07
2026-07-31 10:14:36,441 INFO Epoch 90 | Batch 150/593 | Loss 4.26660 (Pin 0.83245 [q90 0.41022, q10 0.42223], MS 1.34489, Freq 4.17853) | LR 6.25e-07
2026-07-31 10:15:18,626 INFO Epoch 90 | Batch 200/593 | Loss 4.15564 (Pin 0.83700 [q90 0.41339, q10 0.42361], MS 1.21725, Freq 4.20277) | LR 6.25e-07
2026-07-31 10:16:00,776 INFO Epoch 90 | Batch 250/593 | Loss 4.11679 (Pin 0.81386 [q90 0.39878, q10 0.41508], MS 1.23276, Freq 4.14034) | LR 6.25e-07
2026-07-31 10:16:42,965 INFO Epoch 90 | Batch 300/593 | Loss 4.29727 (Pin 0.85509 [q90 0.41569, q10 0.43940], MS 1.34130, Freq 4.20175) | LR 6.25e-07
2026-07-31 10:17:25,132 INFO Epoch 90 | Batch 350/593 | Loss 4.18365 (Pin 0.83420 [q90 0.41050, q10 0.42370], MS 1.22973, Freq 4.23943) | LR 6.25e-07
2026-07-31 10:18:07,363 INFO Epoch 90 | Batch 400/593 | Loss 4.18238 (Pin 0.82701 [q90 0.40699, q10 0.42002], MS 1.25971, Freq 4.19131) | LR 6.25e-07
2026-07-31 10:18:49,592 INFO Epoch 90 | Batch 450/593 | Loss 4.23299 (Pin 0.82833 [q90 0.40593, q10 0.42240], MS 1.30625, Freq 4.19681) | LR 6.25e-07
2026-07-31 10:19:31,801 INFO Epoch 90 | Batch 500/593 | Loss 4.19974 (Pin 0.84055 [q90 0.40895, q10 0.43160], MS 1.26700, Freq 4.18438) | LR 6.25e-07
2026-07-31 10:20:14,038 INFO Epoch 90 | Batch 550/593 | Loss 4.20462 (Pin 0.84124 [q90 0.41592, q10 0.42532], MS 1.27531, Freq 4.17613) | LR 6.25e-07
2026-07-31 10:21:26,053 INFO Epoch 90 | Val Loss 4.81317 (Pin 0.79979 [q90 0.39865, q10 0.40114], MS 1.96283, Freq 4.10112, L1 1.77837, Spectral 0.32021, Gradient 0.50793)
2026-07-31 10:21:26,054 INFO Epoch 90 | Coverage q10/q50/q90 = 0.086/0.494/0.902 (nominal .10/.50/.90) | extreme tail = 0.120/0.463/0.853
2026-07-31 10:21:26,244 INFO Epoch 90 | Val loss did not improve (2/50 val checks since best=4.78542)
2026-07-31 10:22:08,537 INFO Epoch 91 | Batch 50/593 | Loss 4.25590 (Pin 0.84974 [q90 0.41152, q10 0.43822], MS 1.27672, Freq 4.25889) | LR 6.25e-07
2026-07-31 10:22:50,779 INFO Epoch 91 | Batch 100/593 | Loss 4.14883 (Pin 0.82682 [q90 0.40597, q10 0.42085], MS 1.26493, Freq 4.11415) | LR 6.25e-07
2026-07-31 10:23:33,003 INFO Epoch 91 | Batch 150/593 | Loss 4.22409 (Pin 0.83489 [q90 0.40864, q10 0.42625], MS 1.27994, Freq 4.21853) | LR 6.25e-07
2026-07-31 10:24:15,246 INFO Epoch 91 | Batch 200/593 | Loss 4.20992 (Pin 0.84486 [q90 0.41635, q10 0.42851], MS 1.24609, Freq 4.23794) | LR 6.25e-07
2026-07-31 10:24:57,491 INFO Epoch 91 | Batch 250/593 | Loss 4.14100 (Pin 0.81544 [q90 0.40388, q10 0.41157], MS 1.25447, Freq 4.14217) | LR 6.25e-07
2026-07-31 10:25:39,709 INFO Epoch 91 | Batch 300/593 | Loss 4.11645 (Pin 0.82736 [q90 0.40530, q10 0.42205], MS 1.22077, Freq 4.13665) | LR 6.25e-07
2026-07-31 10:26:21,937 INFO Epoch 91 | Batch 350/593 | Loss 4.24699 (Pin 0.84622 [q90 0.41611, q10 0.43011], MS 1.29414, Freq 4.21327) | LR 6.25e-07
2026-07-31 10:27:04,132 INFO Epoch 91 | Batch 400/593 | Loss 4.16342 (Pin 0.83043 [q90 0.40645, q10 0.42398], MS 1.25081, Freq 4.16435) | LR 6.25e-07
2026-07-31 10:27:46,352 INFO Epoch 91 | Batch 450/593 | Loss 4.21835 (Pin 0.84593 [q90 0.41510, q10 0.43083], MS 1.27410, Freq 4.19666) | LR 6.25e-07
2026-07-31 10:28:28,576 INFO Epoch 91 | Batch 500/593 | Loss 4.08437 (Pin 0.81798 [q90 0.40372, q10 0.41426], MS 1.19805, Freq 4.13670) | LR 6.25e-07
2026-07-31 10:29:10,793 INFO Epoch 91 | Batch 550/593 | Loss 4.22665 (Pin 0.82995 [q90 0.40965, q10 0.42030], MS 1.27349, Freq 4.24642) | LR 6.25e-07
2026-07-31 10:30:22,762 INFO Epoch 91 | Val Loss 4.79675 (Pin 0.79992 [q90 0.39879, q10 0.40113], MS 1.96567, Freq 4.06232, L1 1.77067, Spectral 0.31820, Gradient 0.50412)
2026-07-31 10:30:22,762 INFO Epoch 91 | Coverage q10/q50/q90 = 0.085/0.485/0.899 (nominal .10/.50/.90) | extreme tail = 0.122/0.461/0.851
2026-07-31 10:30:23,143 INFO Epoch 91 | Val loss did not improve (3/50 val checks since best=4.78542)
2026-07-31 10:31:05,433 INFO Epoch 92 | Batch 50/593 | Loss 4.27896 (Pin 0.84704 [q90 0.41746, q10 0.42958], MS 1.31493, Freq 4.23398) | LR 6.25e-07
2026-07-31 10:31:47,668 INFO Epoch 92 | Batch 100/593 | Loss 4.13928 (Pin 0.83243 [q90 0.41033, q10 0.42211], MS 1.23685, Freq 4.13999) | LR 6.25e-07
2026-07-31 10:32:29,905 INFO Epoch 92 | Batch 150/593 | Loss 4.23752 (Pin 0.85566 [q90 0.42591, q10 0.42974], MS 1.27312, Freq 4.21749) | LR 6.25e-07
2026-07-31 10:33:12,128 INFO Epoch 92 | Batch 200/593 | Loss 4.24227 (Pin 0.83400 [q90 0.40901, q10 0.42499], MS 1.29985, Freq 4.21684) | LR 6.25e-07
2026-07-31 10:33:54,369 INFO Epoch 92 | Batch 250/593 | Loss 4.16182 (Pin 0.82525 [q90 0.40216, q10 0.42309], MS 1.26707, Freq 4.13899) | LR 6.25e-07
2026-07-31 10:34:36,586 INFO Epoch 92 | Batch 300/593 | Loss 4.11598 (Pin 0.82614 [q90 0.40179, q10 0.42435], MS 1.22636, Freq 4.12697) | LR 6.25e-07
2026-07-31 10:35:18,777 INFO Epoch 92 | Batch 350/593 | Loss 4.18050 (Pin 0.82773 [q90 0.40470, q10 0.42303], MS 1.26316, Freq 4.17923) | LR 6.25e-07
2026-07-31 10:36:00,982 INFO Epoch 92 | Batch 400/593 | Loss 4.23327 (Pin 0.83968 [q90 0.41116, q10 0.42852], MS 1.28103, Freq 4.22513) | LR 6.25e-07
2026-07-31 10:36:43,172 INFO Epoch 92 | Batch 450/593 | Loss 4.15723 (Pin 0.82649 [q90 0.40728, q10 0.41921], MS 1.22608, Freq 4.20932) | LR 6.25e-07
2026-07-31 10:37:25,378 INFO Epoch 92 | Batch 500/593 | Loss 4.20735 (Pin 0.82382 [q90 0.40244, q10 0.42138], MS 1.27499, Freq 4.21706) | LR 6.25e-07
2026-07-31 10:38:07,572 INFO Epoch 92 | Batch 550/593 | Loss 4.23839 (Pin 0.83129 [q90 0.40926, q10 0.42202], MS 1.31073, Freq 4.19275) | LR 6.25e-07
2026-07-31 10:39:19,932 INFO Epoch 92 | Val Loss 4.80702 (Pin 0.80004 [q90 0.39912, q10 0.40093], MS 1.97025, Freq 4.07345, L1 1.77283, Spectral 0.31742, Gradient 0.50308)
2026-07-31 10:39:19,933 INFO Epoch 92 | Coverage q10/q50/q90 = 0.087/0.496/0.900 (nominal .10/.50/.90) | extreme tail = 0.122/0.466/0.853
2026-07-31 10:39:20,108 INFO Epoch 92 | Val loss did not improve (4/50 val checks since best=4.78542)
2026-07-31 10:40:02,399 INFO Epoch 93 | Batch 50/593 | Loss 4.25188 (Pin 0.83673 [q90 0.40927, q10 0.42746], MS 1.28878, Freq 4.25273) | LR 6.25e-07
2026-07-31 10:40:44,628 INFO Epoch 93 | Batch 100/593 | Loss 4.16388 (Pin 0.83191 [q90 0.40920, q10 0.42272], MS 1.23450, Freq 4.19493) | LR 6.25e-07
2026-07-31 10:41:26,848 INFO Epoch 93 | Batch 150/593 | Loss 4.12337 (Pin 0.82755 [q90 0.40541, q10 0.42213], MS 1.19576, Freq 4.20011) | LR 6.25e-07
2026-07-31 10:42:09,087 INFO Epoch 93 | Batch 200/593 | Loss 4.13399 (Pin 0.82438 [q90 0.40669, q10 0.41769], MS 1.21179, Freq 4.19564) | LR 6.25e-07
2026-07-31 10:42:51,311 INFO Epoch 93 | Batch 250/593 | Loss 4.20038 (Pin 0.83250 [q90 0.40690, q10 0.42559], MS 1.28106, Freq 4.17365) | LR 6.25e-07
2026-07-31 10:43:33,540 INFO Epoch 93 | Batch 300/593 | Loss 4.21894 (Pin 0.82946 [q90 0.40749, q10 0.42196], MS 1.28381, Freq 4.21134) | LR 6.25e-07
2026-07-31 10:44:15,771 INFO Epoch 93 | Batch 350/593 | Loss 4.30276 (Pin 0.84773 [q90 0.41992, q10 0.42781], MS 1.35277, Freq 4.20452) | LR 6.25e-07
2026-07-31 10:44:57,968 INFO Epoch 93 | Batch 400/593 | Loss 4.19496 (Pin 0.83414 [q90 0.41353, q10 0.42061], MS 1.26850, Freq 4.18464) | LR 6.25e-07
2026-07-31 10:45:40,179 INFO Epoch 93 | Batch 450/593 | Loss 4.17756 (Pin 0.83326 [q90 0.40955, q10 0.42371], MS 1.25805, Freq 4.17251) | LR 6.25e-07
2026-07-31 10:46:22,389 INFO Epoch 93 | Batch 500/593 | Loss 4.10223 (Pin 0.82845 [q90 0.40594, q10 0.42250], MS 1.18240, Freq 4.18276) | LR 6.25e-07
2026-07-31 10:47:04,595 INFO Epoch 93 | Batch 550/593 | Loss 4.17051 (Pin 0.83709 [q90 0.40481, q10 0.43227], MS 1.27326, Freq 4.12032) | LR 6.25e-07
2026-07-31 10:48:16,607 INFO Epoch 93 | Val Loss 4.79652 (Pin 0.80000 [q90 0.39854, q10 0.40146], MS 1.95345, Freq 4.08614, L1 1.77368, Spectral 0.31766, Gradient 0.50436)
2026-07-31 10:48:16,608 INFO Epoch 93 | Coverage q10/q50/q90 = 0.084/0.488/0.900 (nominal .10/.50/.90) | extreme tail = 0.119/0.462/0.851
2026-07-31 10:48:16,790 INFO Epoch 93 | Val loss did not improve (5/50 val checks since best=4.78542)
2026-07-31 10:48:59,095 INFO Epoch 94 | Batch 50/593 | Loss 4.11160 (Pin 0.81585 [q90 0.39756, q10 0.41829], MS 1.21560, Freq 4.16028) | LR 6.25e-07
2026-07-31 10:49:41,301 INFO Epoch 94 | Batch 100/593 | Loss 4.20512 (Pin 0.83712 [q90 0.40828, q10 0.42884], MS 1.28330, Freq 4.16938) | LR 6.25e-07
2026-07-31 10:50:23,537 INFO Epoch 94 | Batch 150/593 | Loss 4.12646 (Pin 0.82176 [q90 0.40231, q10 0.41945], MS 1.22875, Freq 4.15189) | LR 6.25e-07
2026-07-31 10:51:05,767 INFO Epoch 94 | Batch 200/593 | Loss 4.19104 (Pin 0.83024 [q90 0.40962, q10 0.42062], MS 1.26416, Freq 4.19328) | LR 6.25e-07
2026-07-31 10:51:47,974 INFO Epoch 94 | Batch 250/593 | Loss 4.27462 (Pin 0.87310 [q90 0.42795, q10 0.44516], MS 1.28454, Freq 4.23396) | LR 6.25e-07
2026-07-31 10:52:30,172 INFO Epoch 94 | Batch 300/593 | Loss 4.17763 (Pin 0.82380 [q90 0.40424, q10 0.41956], MS 1.26763, Freq 4.17240) | LR 6.25e-07
2026-07-31 10:53:12,364 INFO Epoch 94 | Batch 350/593 | Loss 4.20566 (Pin 0.83605 [q90 0.41346, q10 0.42258], MS 1.27028, Freq 4.19866) | LR 6.25e-07
2026-07-31 10:53:54,548 INFO Epoch 94 | Batch 400/593 | Loss 4.14475 (Pin 0.82573 [q90 0.39986, q10 0.42587], MS 1.21727, Freq 4.20350) | LR 6.25e-07
2026-07-31 10:54:36,771 INFO Epoch 94 | Batch 450/593 | Loss 4.23543 (Pin 0.83258 [q90 0.41114, q10 0.42144], MS 1.29605, Freq 4.21361) | LR 6.25e-07
2026-07-31 10:55:18,975 INFO Epoch 94 | Batch 500/593 | Loss 4.24061 (Pin 0.85885 [q90 0.42141, q10 0.43744], MS 1.26745, Freq 4.22861) | LR 6.25e-07
2026-07-31 10:56:01,187 INFO Epoch 94 | Batch 550/593 | Loss 4.12317 (Pin 0.82702 [q90 0.40872, q10 0.41830], MS 1.21668, Freq 4.15896) | LR 6.25e-07
2026-07-31 10:57:13,462 INFO Epoch 94 | Val Loss 4.79291 (Pin 0.79976 [q90 0.39846, q10 0.40130], MS 1.95385, Freq 4.07860, L1 1.77284, Spectral 0.31938, Gradient 0.50566)
2026-07-31 10:57:13,463 INFO Epoch 94 | Coverage q10/q50/q90 = 0.086/0.491/0.900 (nominal .10/.50/.90) | extreme tail = 0.122/0.464/0.853
2026-07-31 10:57:13,640 INFO Epoch 94 | Val loss did not improve (6/50 val checks since best=4.78542)
2026-07-31 10:57:55,918 INFO Epoch 95 | Batch 50/593 | Loss 4.23172 (Pin 0.83242 [q90 0.40622, q10 0.42620], MS 1.30358, Freq 4.19146) | LR 6.25e-07
2026-07-31 10:58:38,085 INFO Epoch 95 | Batch 100/593 | Loss 4.19369 (Pin 0.82534 [q90 0.40358, q10 0.42176], MS 1.26744, Freq 4.20183) | LR 6.25e-07
2026-07-31 10:59:20,247 INFO Epoch 95 | Batch 150/593 | Loss 4.18468 (Pin 0.83986 [q90 0.41251, q10 0.42735], MS 1.24993, Freq 4.18978) | LR 6.25e-07
2026-07-31 11:00:02,418 INFO Epoch 95 | Batch 200/593 | Loss 4.19831 (Pin 0.82871 [q90 0.40625, q10 0.42246], MS 1.25894, Freq 4.22132) | LR 6.25e-07
2026-07-31 11:00:44,656 INFO Epoch 95 | Batch 250/593 | Loss 4.10249 (Pin 0.82970 [q90 0.40849, q10 0.42121], MS 1.21359, Freq 4.11841) | LR 6.25e-07
2026-07-31 11:01:26,881 INFO Epoch 95 | Batch 300/593 | Loss 4.18576 (Pin 0.83006 [q90 0.40736, q10 0.42269], MS 1.26065, Freq 4.19012) | LR 6.25e-07
2026-07-31 11:02:09,096 INFO Epoch 95 | Batch 350/593 | Loss 4.20168 (Pin 0.84730 [q90 0.41962, q10 0.42767], MS 1.25343, Freq 4.20191) | LR 6.25e-07
2026-07-31 11:02:51,333 INFO Epoch 95 | Batch 400/593 | Loss 4.17858 (Pin 0.83340 [q90 0.41042, q10 0.42298], MS 1.26353, Freq 4.16330) | LR 6.25e-07
2026-07-31 11:03:33,557 INFO Epoch 95 | Batch 450/593 | Loss 4.19285 (Pin 0.82755 [q90 0.40540, q10 0.42216], MS 1.26898, Freq 4.19264) | LR 6.25e-07
2026-07-31 11:04:15,777 INFO Epoch 95 | Batch 500/593 | Loss 4.28848 (Pin 0.86284 [q90 0.42172, q10 0.44112], MS 1.30104, Freq 4.24919) | LR 6.25e-07
2026-07-31 11:04:58,011 INFO Epoch 95 | Batch 550/593 | Loss 4.21213 (Pin 0.82357 [q90 0.40461, q10 0.41896], MS 1.29736, Freq 4.18239) | LR 6.25e-07
2026-07-31 11:06:09,642 INFO Epoch 95 | Val Loss 4.79061 (Pin 0.79948 [q90 0.39845, q10 0.40103], MS 1.96496, Freq 4.05234, L1 1.76740, Spectral 0.31623, Gradient 0.50052)
2026-07-31 11:06:09,643 INFO Epoch 95 | Coverage q10/q50/q90 = 0.086/0.488/0.899 (nominal .10/.50/.90) | extreme tail = 0.122/0.465/0.853
2026-07-31 11:06:09,941 INFO Epoch 95 | Val loss did not improve (7/50 val checks since best=4.78542)
2026-07-31 11:06:52,258 INFO Epoch 96 | Batch 50/593 | Loss 4.26109 (Pin 0.84787 [q90 0.41575, q10 0.43211], MS 1.32048, Freq 4.18548) | LR 6.25e-07
2026-07-31 11:07:34,488 INFO Epoch 96 | Batch 100/593 | Loss 4.11418 (Pin 0.81790 [q90 0.40343, q10 0.41447], MS 1.22450, Freq 4.14356) | LR 6.25e-07
2026-07-31 11:08:16,702 INFO Epoch 96 | Batch 150/593 | Loss 4.16901 (Pin 0.82805 [q90 0.40766, q10 0.42039], MS 1.25637, Freq 4.16917) | LR 6.25e-07
2026-07-31 11:08:58,943 INFO Epoch 96 | Batch 200/593 | Loss 4.21157 (Pin 0.84235 [q90 0.41597, q10 0.42638], MS 1.25150, Freq 4.23544) | LR 6.25e-07
2026-07-31 11:09:41,152 INFO Epoch 96 | Batch 250/593 | Loss 4.17708 (Pin 0.84064 [q90 0.41698, q10 0.42366], MS 1.23459, Freq 4.20369) | LR 6.25e-07
2026-07-31 11:10:23,351 INFO Epoch 96 | Batch 300/593 | Loss 4.26900 (Pin 0.84502 [q90 0.41371, q10 0.43131], MS 1.29970, Freq 4.24855) | LR 6.25e-07
2026-07-31 11:11:05,550 INFO Epoch 96 | Batch 350/593 | Loss 4.15399 (Pin 0.83496 [q90 0.40676, q10 0.42820], MS 1.22510, Freq 4.18787) | LR 6.25e-07
2026-07-31 11:11:47,781 INFO Epoch 96 | Batch 400/593 | Loss 4.15121 (Pin 0.81172 [q90 0.39938, q10 0.41234], MS 1.28121, Freq 4.11657) | LR 6.25e-07
2026-07-31 11:12:30,032 INFO Epoch 96 | Batch 450/593 | Loss 4.15613 (Pin 0.83202 [q90 0.40611, q10 0.42591], MS 1.22753, Freq 4.19317) | LR 6.25e-07
2026-07-31 11:13:12,268 INFO Epoch 96 | Batch 500/593 | Loss 4.24864 (Pin 0.83539 [q90 0.40730, q10 0.42809], MS 1.30192, Freq 4.22266) | LR 6.25e-07
2026-07-31 11:13:54,487 INFO Epoch 96 | Batch 550/593 | Loss 4.22451 (Pin 0.82942 [q90 0.41128, q10 0.41814], MS 1.32821, Freq 4.13376) | LR 6.25e-07
2026-07-31 11:15:06,104 INFO Epoch 96 | Val Loss 4.78930 (Pin 0.79921 [q90 0.39824, q10 0.40097], MS 1.96085, Freq 4.05848, L1 1.76687, Spectral 0.31654, Gradient 0.50072)
2026-07-31 11:15:06,104 INFO Epoch 96 | Coverage q10/q50/q90 = 0.085/0.488/0.899 (nominal .10/.50/.90) | extreme tail = 0.122/0.464/0.853
2026-07-31 11:15:06,276 INFO Epoch 96 | Val loss did not improve (8/50 val checks since best=4.78542)
2026-07-31 11:15:48,542 INFO Epoch 97 | Batch 50/593 | Loss 4.23381 (Pin 0.85476 [q90 0.42524, q10 0.42951], MS 1.25364, Freq 4.25083) | LR 6.25e-07
2026-07-31 11:16:30,744 INFO Epoch 97 | Batch 100/593 | Loss 4.10279 (Pin 0.83374 [q90 0.40962, q10 0.42411], MS 1.18767, Freq 4.16276) | LR 6.25e-07
2026-07-31 11:17:12,956 INFO Epoch 97 | Batch 150/593 | Loss 4.22563 (Pin 0.83839 [q90 0.41264, q10 0.42575], MS 1.26010, Freq 4.25427) | LR 6.25e-07
2026-07-31 11:17:55,167 INFO Epoch 97 | Batch 200/593 | Loss 4.33038 (Pin 0.85073 [q90 0.41578, q10 0.43495], MS 1.37358, Freq 4.21215) | LR 6.25e-07
2026-07-31 11:18:37,374 INFO Epoch 97 | Batch 250/593 | Loss 4.18040 (Pin 0.82598 [q90 0.40623, q10 0.41975], MS 1.26652, Freq 4.17579) | LR 6.25e-07
2026-07-31 11:19:19,628 INFO Epoch 97 | Batch 300/593 | Loss 4.12439 (Pin 0.82281 [q90 0.40200, q10 0.42081], MS 1.23541, Freq 4.13233) | LR 6.25e-07
2026-07-31 11:20:01,838 INFO Epoch 97 | Batch 350/593 | Loss 4.02780 (Pin 0.79751 [q90 0.38799, q10 0.40952], MS 1.19553, Freq 4.06953) | LR 6.25e-07
2026-07-31 11:20:44,077 INFO Epoch 97 | Batch 400/593 | Loss 4.21903 (Pin 0.82460 [q90 0.40256, q10 0.42204], MS 1.33006, Freq 4.12875) | LR 6.25e-07
2026-07-31 11:21:26,305 INFO Epoch 97 | Batch 450/593 | Loss 4.18621 (Pin 0.84573 [q90 0.41240, q10 0.43333], MS 1.22164, Freq 4.23768) | LR 6.25e-07
2026-07-31 11:22:08,499 INFO Epoch 97 | Batch 500/593 | Loss 4.20842 (Pin 0.82901 [q90 0.40436, q10 0.42465], MS 1.28890, Freq 4.18103) | LR 6.25e-07
2026-07-31 11:22:50,737 INFO Epoch 97 | Batch 550/593 | Loss 4.20998 (Pin 0.84200 [q90 0.41734, q10 0.42466], MS 1.26694, Freq 4.20210) | LR 6.25e-07
2026-07-31 11:24:02,402 INFO Epoch 97 | Val Loss 4.80221 (Pin 0.79991 [q90 0.39879, q10 0.40112], MS 1.96463, Freq 4.07534, L1 1.77237, Spectral 0.31782, Gradient 0.50389)
2026-07-31 11:24:02,402 INFO Epoch 97 | Coverage q10/q50/q90 = 0.085/0.488/0.898 (nominal .10/.50/.90) | extreme tail = 0.120/0.463/0.850
2026-07-31 11:24:02,576 INFO Epoch 97 | Val loss did not improve (9/50 val checks since best=4.78542)
2026-07-31 11:24:44,877 INFO Epoch 98 | Batch 50/593 | Loss 4.11359 (Pin 0.82714 [q90 0.40508, q10 0.42207], MS 1.18784, Freq 4.19721) | LR 6.25e-07
2026-07-31 11:25:27,095 INFO Epoch 98 | Batch 100/593 | Loss 4.25437 (Pin 0.85027 [q90 0.41749, q10 0.43278], MS 1.26769, Freq 4.27282) | LR 6.25e-07
2026-07-31 11:26:09,316 INFO Epoch 98 | Batch 150/593 | Loss 4.20939 (Pin 0.83646 [q90 0.40589, q10 0.43056], MS 1.25731, Freq 4.23126) | LR 6.25e-07
2026-07-31 11:26:51,499 INFO Epoch 98 | Batch 200/593 | Loss 4.20124 (Pin 0.82866 [q90 0.40586, q10 0.42280], MS 1.27604, Freq 4.19307) | LR 6.25e-07
2026-07-31 11:27:33,682 INFO Epoch 98 | Batch 250/593 | Loss 4.16298 (Pin 0.83751 [q90 0.41311, q10 0.42440], MS 1.22694, Freq 4.19707) | LR 6.25e-07
2026-07-31 11:28:15,854 INFO Epoch 98 | Batch 300/593 | Loss 4.14879 (Pin 0.83113 [q90 0.40941, q10 0.42172], MS 1.23498, Freq 4.16534) | LR 6.25e-07
2026-07-31 11:28:58,082 INFO Epoch 98 | Batch 350/593 | Loss 4.15535 (Pin 0.82718 [q90 0.40328, q10 0.42390], MS 1.25943, Freq 4.13748) | LR 6.25e-07
2026-07-31 11:29:40,316 INFO Epoch 98 | Batch 400/593 | Loss 4.09602 (Pin 0.82011 [q90 0.40575, q10 0.41437], MS 1.20672, Freq 4.13838) | LR 6.25e-07
2026-07-31 11:30:22,532 INFO Epoch 98 | Batch 450/593 | Loss 4.27485 (Pin 0.84749 [q90 0.41739, q10 0.43010], MS 1.32536, Freq 4.20400) | LR 6.25e-07
2026-07-31 11:31:04,758 INFO Epoch 98 | Batch 500/593 | Loss 4.22372 (Pin 0.83361 [q90 0.40907, q10 0.42453], MS 1.29567, Freq 4.18889) | LR 6.25e-07
2026-07-31 11:31:46,992 INFO Epoch 98 | Batch 550/593 | Loss 4.17217 (Pin 0.83139 [q90 0.41041, q10 0.42098], MS 1.25219, Freq 4.17718) | LR 6.25e-07
2026-07-31 11:32:58,683 INFO Epoch 98 | Val Loss 4.80452 (Pin 0.79986 [q90 0.39886, q10 0.40100], MS 1.95887, Freq 4.09158, L1 1.77398, Spectral 0.31989, Gradient 0.50657)
2026-07-31 11:32:58,684 INFO Epoch 98 | Coverage q10/q50/q90 = 0.086/0.491/0.900 (nominal .10/.50/.90) | extreme tail = 0.122/0.465/0.850
2026-07-31 11:32:58,871 INFO Epoch 98 | Val loss did not improve (10/50 val checks since best=4.78542)
2026-07-31 11:33:41,163 INFO Epoch 99 | Batch 50/593 | Loss 4.17097 (Pin 0.83367 [q90 0.41068, q10 0.42300], MS 1.24248, Freq 4.18963) | LR 6.25e-07
2026-07-31 11:34:23,364 INFO Epoch 99 | Batch 100/593 | Loss 4.25390 (Pin 0.84169 [q90 0.41341, q10 0.42828], MS 1.30154, Freq 4.22133) | LR 6.25e-07
2026-07-31 11:35:05,583 INFO Epoch 99 | Batch 150/593 | Loss 4.24966 (Pin 0.84791 [q90 0.41358, q10 0.43434], MS 1.29278, Freq 4.21795) | LR 6.25e-07
2026-07-31 11:35:47,814 INFO Epoch 99 | Batch 200/593 | Loss 4.14567 (Pin 0.82499 [q90 0.40631, q10 0.41868], MS 1.22070, Freq 4.19996) | LR 6.25e-07
2026-07-31 11:36:30,053 INFO Epoch 99 | Batch 250/593 | Loss 4.13986 (Pin 0.83180 [q90 0.40788, q10 0.42391], MS 1.22097, Freq 4.17418) | LR 6.25e-07
2026-07-31 11:37:12,283 INFO Epoch 99 | Batch 300/593 | Loss 4.21101 (Pin 0.83535 [q90 0.41073, q10 0.42462], MS 1.27420, Freq 4.20292) | LR 6.25e-07
2026-07-31 11:37:54,496 INFO Epoch 99 | Batch 350/593 | Loss 4.17821 (Pin 0.83095 [q90 0.40878, q10 0.42217], MS 1.26482, Freq 4.16488) | LR 6.25e-07
2026-07-31 11:38:36,722 INFO Epoch 99 | Batch 400/593 | Loss 4.22938 (Pin 0.84077 [q90 0.41377, q10 0.42700], MS 1.30955, Freq 4.15812) | LR 6.25e-07
2026-07-31 11:39:18,988 INFO Epoch 99 | Batch 450/593 | Loss 4.21396 (Pin 0.83065 [q90 0.41107, q10 0.41957], MS 1.28909, Freq 4.18845) | LR 6.25e-07
2026-07-31 11:40:01,225 INFO Epoch 99 | Batch 500/593 | Loss 4.21381 (Pin 0.82157 [q90 0.40141, q10 0.42016], MS 1.30565, Freq 4.17319) | LR 6.25e-07
2026-07-31 11:40:43,439 INFO Epoch 99 | Batch 550/593 | Loss 4.17092 (Pin 0.83448 [q90 0.40845, q10 0.42603], MS 1.24956, Freq 4.17377) | LR 6.25e-07
2026-07-31 11:41:55,629 INFO Epoch 99 | Val Loss 4.79535 (Pin 0.79997 [q90 0.39874, q10 0.40123], MS 1.96100, Freq 4.06878, L1 1.77151, Spectral 0.31811, Gradient 0.50358)
2026-07-31 11:41:55,630 INFO Epoch 99 | Coverage q10/q50/q90 = 0.086/0.487/0.898 (nominal .10/.50/.90) | extreme tail = 0.122/0.459/0.851
2026-07-31 11:41:55,805 INFO Epoch 99 | Val loss did not improve (11/50 val checks since best=4.78542)
2026-07-31 11:41:55,805 INFO Training complete.
