2026-07-31 19:07:43,554 INFO Logging to /home/peytonli/26.6_wind/runs/0729_meangate/train_20260731_190743.log
2026-07-31 19:07:43,555 INFO Config:
{
  "seed": 0,
  "paths": {
    "data_dir": "/home/peytonli/26.6_wind/data",
    "log_dir": "/home/peytonli/26.6_wind/runs/0729_meangate",
    "splits_path": "/home/peytonli/26.6_wind/data/splits_70_15_15/split_indices.npz"
  },
  "model": {
    "img_size": 200,
    "embed_dim": 96,
    "depths": [
      4,
      4,
      4
    ],
    "num_heads": [
      6,
      6,
      6
    ],
    "window_size": 8,
    "mlp_ratio": 4.0,
    "residual_base": "bicubic",
    "residual_gate_init": 0.1,
    "offset_spread_init": 3.0,
    "drop_rate": 0.05,
    "attn_drop_rate": 0.05,
    "drop_path_rate": 0.2,
    "head_dropout": 0.15
  },
  "training": {
    "batch_size": 8,
    "num_epochs": 100,
    "learning_rate": 1e-05,
    "weight_decay": 0.0005,
    "pin_weight": 1.0,
    "ms_weight": 1.0,
    "freq_weight": 0.9,
    "l1_weight": 0.0,
    "spectral_weight": 0.0,
    "gradient_weight": 0.0,
    "spectral_low_freq_cutoff": 0.28,
    "extreme_weight": {
      "enabled": true,
      "alpha": 5.0,
      "apply_to_q10": true
    },
    "multiscale": {
      "n_levels": 5,
      "base_sigma": 2,
      "metric_per_band": [
        "sw",
        "sw",
        "sw",
        "sw",
        "sw"
      ],
      "patch_size": 8,
      "patch_stride": 4,
      "n_projections": 64,
      "sigma_floor": 0.001,
      "sigma_max_samples": 2000,
      "histogram_weight": 0.0,
      "force_recompute_sigma_band": false
    },
    "freq_band": {
      "n_levels": 5,
      "base_sigma": 2,
      "cdf_weight_mode": "down_extremes",
      "band_weight": [
        1,
        1,
        1,
        1,
        0.2
      ],
      "sigma_floor": 0.001,
      "sigma_max_samples": 2000,
      "force_recompute_sigma_band": false
    },
    "grad_clip_norm": 1.0,
    "num_workers": 2,
    "val_interval": 1,
    "selection_metric": "crps",
    "early_stop_patience": 50,
    "lr_milestone_fractions": [
      0.25,
      0.4,
      0.6,
      0.8
    ],
    "lr_gamma": 0.5
  },
  "logging": {
    "log_every": 50
  }
}
2026-07-31 19:07:43,555 INFO Using device: cuda
2026-07-31 19:07:43,557 INFO Train samples: 4744, Val samples: 1013
2026-07-31 19:07:43,863 INFO Total parameters: 2087059
2026-07-31 19:07:43,864 INFO LR schedule: milestones (steps) = [14825, 23720, 35580, 47440] (of 59300 total), gamma = 0.500
2026-07-31 19:07:43,865 INFO Loss weights: {'ms': 1.0, 'freq': 0.9, 'l1': 0.0, 'spectral': 0.0, 'gradient': 0.0, 'pin': 1.0}
2026-07-31 19:07:43,865 INFO Extreme weighting: {'enabled': True, 'alpha': 5.0, 'apply_to_q10': True}
2026-07-31 19:07:43,865 INFO Structural terms computed during training (weight > 0): ['ms', 'freq']
2026-07-31 19:07:43,866 INFO multiscale_loss built (active during training: True): n_levels=5, base_sigma=2.00, metric_per_band=('sw', 'sw', 'sw', 'sw', 'sw'), METRIC_SCALE={'l1': 1.0, 'sw': 2.75} (fixed), sigma_band=[[0.698416531085968, 0.7594446539878845], [0.3979477286338806, 0.42225831747055054], [0.5279598236083984, 0.5658146739006042], [0.80471271276474, 0.8782278895378113], [5.570250034332275, 5.404760837554932]]
2026-07-31 19:07:43,867 INFO freq_band_loss built (active during training: True): n_levels=5, base_sigma=2.00, cdf_weight_mode=down_extremes, band_weight(coarse->fine)=[1, 1, 1, 1, 0.2], sigma_band=[[0.698416531085968, 0.7594446539878845], [0.3979477286338806, 0.42225831747055054], [0.5279598236083984, 0.5658146739006042], [0.80471271276474, 0.8782278895378113], [5.570250034332275, 5.404760837554932]]
2026-07-31 19:07:43,867 INFO Early stop patience: 50 val check(s) without improvement
2026-07-31 19:07:43,867 INFO Checkpoint selection / early stopping metric: val crps
2026-07-31 19:08:26,681 INFO Epoch 0 | Batch 50/593 | Loss 10.92363 (Pin 1.14251 [q90 0.51427, q10 0.62823], MS 6.78738, Freq 3.32639) | LR 1.00e-05
2026-07-31 19:09:08,892 INFO Epoch 0 | Batch 100/593 | Loss 10.48704 (Pin 1.05141 [q90 0.48324, q10 0.56817], MS 6.45129, Freq 3.31593) | LR 1.00e-05
2026-07-31 19:09:51,126 INFO Epoch 0 | Batch 150/593 | Loss 10.58947 (Pin 1.05050 [q90 0.49328, q10 0.55723], MS 6.50469, Freq 3.37142) | LR 1.00e-05
2026-07-31 19:10:33,347 INFO Epoch 0 | Batch 200/593 | Loss 10.43728 (Pin 1.06268 [q90 0.50013, q10 0.56256], MS 6.25853, Freq 3.46229) | LR 1.00e-05
2026-07-31 19:11:15,584 INFO Epoch 0 | Batch 250/593 | Loss 10.05757 (Pin 1.07384 [q90 0.50368, q10 0.57016], MS 5.75368, Freq 3.58894) | LR 1.00e-05
2026-07-31 19:11:57,821 INFO Epoch 0 | Batch 300/593 | Loss 9.38857 (Pin 1.08939 [q90 0.51622, q10 0.57317], MS 4.88246, Freq 3.79635) | LR 1.00e-05
2026-07-31 19:12:40,101 INFO Epoch 0 | Batch 350/593 | Loss 8.39963 (Pin 1.06979 [q90 0.50509, q10 0.56470], MS 3.78350, Freq 3.94037) | LR 1.00e-05
2026-07-31 19:13:22,361 INFO Epoch 0 | Batch 400/593 | Loss 7.88626 (Pin 1.05126 [q90 0.49931, q10 0.55196], MS 3.15038, Freq 4.09402) | LR 1.00e-05
2026-07-31 19:14:04,628 INFO Epoch 0 | Batch 450/593 | Loss 7.78391 (Pin 1.11757 [q90 0.52418, q10 0.59339], MS 2.88254, Freq 4.20422) | LR 1.00e-05
2026-07-31 19:14:46,875 INFO Epoch 0 | Batch 500/593 | Loss 7.47155 (Pin 1.07479 [q90 0.50541, q10 0.56938], MS 2.64704, Freq 4.16636) | LR 1.00e-05
2026-07-31 19:15:29,140 INFO Epoch 0 | Batch 550/593 | Loss 7.19924 (Pin 1.03304 [q90 0.49710, q10 0.53594], MS 2.49543, Freq 4.07862) | LR 1.00e-05
2026-07-31 19:16:40,901 INFO Epoch 0 | Val Loss 8.09290 (Pin 0.98922 [q90 0.47383, q10 0.51538], MS 3.33416, Freq 4.18836, L1 2.06055, Spectral 0.31980, Gradient 0.59500) | CRPS 1.38234
2026-07-31 19:16:40,902 INFO Epoch 0 | Coverage q10/q50/q90 = 0.054/0.489/0.918 (nominal .10/.50/.90) | extreme tail = 0.122/0.484/0.847
2026-07-31 19:16:41,209 INFO New best val crps: 1.38234 (saved checkpoints/best.pth)
2026-07-31 19:17:23,541 INFO Epoch 1 | Batch 50/593 | Loss 7.07084 (Pin 1.02034 [q90 0.48858, q10 0.53176], MS 2.36018, Freq 4.10035) | LR 1.00e-05
2026-07-31 19:18:05,784 INFO Epoch 1 | Batch 100/593 | Loss 6.95771 (Pin 1.02530 [q90 0.48738, q10 0.53792], MS 2.23235, Freq 4.11118) | LR 1.00e-05
2026-07-31 19:18:48,067 INFO Epoch 1 | Batch 150/593 | Loss 7.08549 (Pin 1.04659 [q90 0.48953, q10 0.55705], MS 2.32957, Freq 4.12149) | LR 1.00e-05
2026-07-31 19:19:30,331 INFO Epoch 1 | Batch 200/593 | Loss 6.93142 (Pin 1.02794 [q90 0.48836, q10 0.53957], MS 2.22623, Freq 4.08584) | LR 1.00e-05
2026-07-31 19:20:12,569 INFO Epoch 1 | Batch 250/593 | Loss 6.80641 (Pin 1.02971 [q90 0.48938, q10 0.54032], MS 2.11662, Freq 4.06675) | LR 1.00e-05
2026-07-31 19:20:54,828 INFO Epoch 1 | Batch 300/593 | Loss 6.76300 (Pin 1.02560 [q90 0.49076, q10 0.53484], MS 2.07618, Freq 4.06803) | LR 1.00e-05
2026-07-31 19:21:37,087 INFO Epoch 1 | Batch 350/593 | Loss 6.80856 (Pin 0.99256 [q90 0.48156, q10 0.51100], MS 2.12945, Freq 4.09617) | LR 1.00e-05
2026-07-31 19:22:19,336 INFO Epoch 1 | Batch 400/593 | Loss 6.58917 (Pin 0.97972 [q90 0.46454, q10 0.51517], MS 2.00132, Freq 4.00904) | LR 1.00e-05
2026-07-31 19:23:01,593 INFO Epoch 1 | Batch 450/593 | Loss 6.51136 (Pin 1.02227 [q90 0.48318, q10 0.53909], MS 1.84730, Freq 4.04643) | LR 1.00e-05
2026-07-31 19:23:43,849 INFO Epoch 1 | Batch 500/593 | Loss 6.53141 (Pin 1.00305 [q90 0.48343, q10 0.51962], MS 1.88327, Freq 4.05010) | LR 1.00e-05
2026-07-31 19:24:26,096 INFO Epoch 1 | Batch 550/593 | Loss 6.35591 (Pin 0.98014 [q90 0.47294, q10 0.50720], MS 1.77448, Freq 4.00143) | LR 1.00e-05
2026-07-31 19:25:37,846 INFO Epoch 1 | Val Loss 7.16591 (Pin 0.94369 [q90 0.45997, q10 0.48372], MS 2.78337, Freq 3.82094, L1 2.00922, Spectral 0.32429, Gradient 0.55584) | CRPS 1.33038
2026-07-31 19:25:37,847 INFO Epoch 1 | Coverage q10/q50/q90 = 0.076/0.480/0.908 (nominal .10/.50/.90) | extreme tail = 0.108/0.444/0.846
2026-07-31 19:25:38,189 INFO New best val crps: 1.33038 (saved checkpoints/best.pth)
2026-07-31 19:26:20,525 INFO Epoch 2 | Batch 50/593 | Loss 6.32475 (Pin 0.99544 [q90 0.47309, q10 0.52236], MS 1.71875, Freq 4.01173) | LR 1.00e-05
2026-07-31 19:27:02,795 INFO Epoch 2 | Batch 100/593 | Loss 6.30495 (Pin 0.97409 [q90 0.47001, q10 0.50408], MS 1.75299, Freq 3.97541) | LR 1.00e-05
2026-07-31 19:27:45,083 INFO Epoch 2 | Batch 150/593 | Loss 6.37635 (Pin 0.99095 [q90 0.47540, q10 0.51554], MS 1.76282, Freq 4.02510) | LR 1.00e-05
2026-07-31 19:28:27,357 INFO Epoch 2 | Batch 200/593 | Loss 6.14569 (Pin 0.96925 [q90 0.46637, q10 0.50288], MS 1.66865, Freq 3.89755) | LR 1.00e-05
2026-07-31 19:29:09,620 INFO Epoch 2 | Batch 250/593 | Loss 6.20371 (Pin 0.98456 [q90 0.47150, q10 0.51307], MS 1.63555, Freq 3.98178) | LR 1.00e-05
2026-07-31 19:29:51,890 INFO Epoch 2 | Batch 300/593 | Loss 6.33643 (Pin 0.98523 [q90 0.47724, q10 0.50800], MS 1.71022, Freq 4.04553) | LR 1.00e-05
2026-07-31 19:30:34,175 INFO Epoch 2 | Batch 350/593 | Loss 6.18473 (Pin 0.97723 [q90 0.46806, q10 0.50917], MS 1.67220, Freq 3.92812) | LR 1.00e-05
2026-07-31 19:31:16,439 INFO Epoch 2 | Batch 400/593 | Loss 6.25975 (Pin 0.97698 [q90 0.46639, q10 0.51059], MS 1.72754, Freq 3.95026) | LR 1.00e-05
2026-07-31 19:31:58,683 INFO Epoch 2 | Batch 450/593 | Loss 6.14331 (Pin 0.95104 [q90 0.46447, q10 0.48656], MS 1.66305, Freq 3.92136) | LR 1.00e-05
2026-07-31 19:32:40,950 INFO Epoch 2 | Batch 500/593 | Loss 6.16128 (Pin 0.96049 [q90 0.46096, q10 0.49953], MS 1.64038, Freq 3.95602) | LR 1.00e-05
2026-07-31 19:33:23,199 INFO Epoch 2 | Batch 550/593 | Loss 6.07528 (Pin 0.97771 [q90 0.47141, q10 0.50630], MS 1.53537, Freq 3.95800) | LR 1.00e-05
2026-07-31 19:34:34,890 INFO Epoch 2 | Val Loss 6.96904 (Pin 0.91796 [q90 0.44585, q10 0.47211], MS 2.58264, Freq 3.85382, L1 2.02604, Spectral 0.33101, Gradient 0.57715) | CRPS 1.32875
2026-07-31 19:34:34,891 INFO Epoch 2 | Coverage q10/q50/q90 = 0.067/0.473/0.923 (nominal .10/.50/.90) | extreme tail = 0.101/0.433/0.872
2026-07-31 19:34:35,215 INFO New best val crps: 1.32875 (saved checkpoints/best.pth)
2026-07-31 19:35:17,558 INFO Epoch 3 | Batch 50/593 | Loss 6.13280 (Pin 0.95962 [q90 0.46014, q10 0.49948], MS 1.65866, Freq 3.90502) | LR 1.00e-05
2026-07-31 19:35:59,807 INFO Epoch 3 | Batch 100/593 | Loss 6.10717 (Pin 0.96052 [q90 0.46230, q10 0.49823], MS 1.64620, Freq 3.88939) | LR 1.00e-05
2026-07-31 19:36:42,054 INFO Epoch 3 | Batch 150/593 | Loss 6.02416 (Pin 0.94957 [q90 0.45832, q10 0.49124], MS 1.57849, Freq 3.88455) | LR 1.00e-05
2026-07-31 19:37:24,325 INFO Epoch 3 | Batch 200/593 | Loss 6.07721 (Pin 0.96176 [q90 0.46634, q10 0.49543], MS 1.57596, Freq 3.93277) | LR 1.00e-05
2026-07-31 19:38:06,587 INFO Epoch 3 | Batch 250/593 | Loss 6.24358 (Pin 0.97666 [q90 0.47870, q10 0.49797], MS 1.72697, Freq 3.93328) | LR 1.00e-05
2026-07-31 19:38:48,858 INFO Epoch 3 | Batch 300/593 | Loss 5.83561 (Pin 0.94144 [q90 0.45855, q10 0.48289], MS 1.44563, Freq 3.83172) | LR 1.00e-05
2026-07-31 19:39:31,134 INFO Epoch 3 | Batch 350/593 | Loss 6.03869 (Pin 0.96622 [q90 0.46866, q10 0.49757], MS 1.51080, Freq 3.95740) | LR 1.00e-05
2026-07-31 19:40:13,370 INFO Epoch 3 | Batch 400/593 | Loss 6.07954 (Pin 0.96496 [q90 0.46174, q10 0.50322], MS 1.60451, Freq 3.90007) | LR 1.00e-05
2026-07-31 19:40:55,635 INFO Epoch 3 | Batch 450/593 | Loss 6.05349 (Pin 0.97396 [q90 0.46213, q10 0.51184], MS 1.52024, Freq 3.95476) | LR 1.00e-05
2026-07-31 19:41:37,885 INFO Epoch 3 | Batch 500/593 | Loss 6.04103 (Pin 0.96362 [q90 0.46551, q10 0.49810], MS 1.54654, Freq 3.92319) | LR 1.00e-05
2026-07-31 19:42:20,135 INFO Epoch 3 | Batch 550/593 | Loss 5.90830 (Pin 0.94054 [q90 0.45319, q10 0.48735], MS 1.53377, Freq 3.81554) | LR 1.00e-05
2026-07-31 19:43:31,890 INFO Epoch 3 | Val Loss 6.92052 (Pin 0.89433 [q90 0.43993, q10 0.45440], MS 2.56451, Freq 3.84632, L1 2.01131, Spectral 0.33561, Gradient 0.59296) | CRPS 1.30770
2026-07-31 19:43:31,891 INFO Epoch 3 | Coverage q10/q50/q90 = 0.076/0.478/0.914 (nominal .10/.50/.90) | extreme tail = 0.109/0.428/0.856
2026-07-31 19:43:32,221 INFO New best val crps: 1.30770 (saved checkpoints/best.pth)
2026-07-31 19:44:14,546 INFO Epoch 4 | Batch 50/593 | Loss 5.97679 (Pin 0.96536 [q90 0.46920, q10 0.49615], MS 1.48814, Freq 3.91477) | LR 1.00e-05
2026-07-31 19:44:56,780 INFO Epoch 4 | Batch 100/593 | Loss 5.93539 (Pin 0.94579 [q90 0.46178, q10 0.48401], MS 1.51526, Freq 3.86039) | LR 1.00e-05
2026-07-31 19:45:38,983 INFO Epoch 4 | Batch 150/593 | Loss 5.96005 (Pin 0.95034 [q90 0.45723, q10 0.49311], MS 1.58253, Freq 3.80798) | LR 1.00e-05
2026-07-31 19:46:21,182 INFO Epoch 4 | Batch 200/593 | Loss 5.97213 (Pin 0.92953 [q90 0.44714, q10 0.48239], MS 1.56758, Freq 3.86113) | LR 1.00e-05
2026-07-31 19:47:03,384 INFO Epoch 4 | Batch 250/593 | Loss 5.90419 (Pin 0.93869 [q90 0.45234, q10 0.48635], MS 1.52970, Freq 3.81756) | LR 1.00e-05
2026-07-31 19:47:45,575 INFO Epoch 4 | Batch 300/593 | Loss 6.14894 (Pin 0.95573 [q90 0.45626, q10 0.49947], MS 1.68128, Freq 3.90214) | LR 1.00e-05
2026-07-31 19:48:27,776 INFO Epoch 4 | Batch 350/593 | Loss 5.84970 (Pin 0.91593 [q90 0.44580, q10 0.47013], MS 1.47801, Freq 3.83973) | LR 1.00e-05
2026-07-31 19:49:09,983 INFO Epoch 4 | Batch 400/593 | Loss 5.92997 (Pin 0.94036 [q90 0.44840, q10 0.49196], MS 1.55035, Freq 3.82141) | LR 1.00e-05
2026-07-31 19:49:52,163 INFO Epoch 4 | Batch 450/593 | Loss 5.91957 (Pin 0.94149 [q90 0.45716, q10 0.48433], MS 1.54700, Freq 3.81231) | LR 1.00e-05
2026-07-31 19:50:34,360 INFO Epoch 4 | Batch 500/593 | Loss 5.88207 (Pin 0.94331 [q90 0.45077, q10 0.49255], MS 1.51669, Freq 3.80229) | LR 1.00e-05
2026-07-31 19:51:16,567 INFO Epoch 4 | Batch 550/593 | Loss 5.86237 (Pin 0.94497 [q90 0.46057, q10 0.48441], MS 1.46494, Freq 3.83606) | LR 1.00e-05
2026-07-31 19:52:28,679 INFO Epoch 4 | Val Loss 6.71823 (Pin 0.88276 [q90 0.43446, q10 0.44830], MS 2.52512, Freq 3.67817, L1 1.94758, Spectral 0.33089, Gradient 0.56953) | CRPS 1.27578
2026-07-31 19:52:28,680 INFO Epoch 4 | Coverage q10/q50/q90 = 0.074/0.474/0.909 (nominal .10/.50/.90) | extreme tail = 0.119/0.431/0.862
2026-07-31 19:52:29,014 INFO New best val crps: 1.27578 (saved checkpoints/best.pth)
2026-07-31 19:53:11,293 INFO Epoch 5 | Batch 50/593 | Loss 5.82366 (Pin 0.91555 [q90 0.44166, q10 0.47389], MS 1.52137, Freq 3.76304) | LR 1.00e-05
2026-07-31 19:53:53,481 INFO Epoch 5 | Batch 100/593 | Loss 5.87443 (Pin 0.93469 [q90 0.45006, q10 0.48463], MS 1.56555, Freq 3.74909) | LR 1.00e-05
2026-07-31 19:54:35,675 INFO Epoch 5 | Batch 150/593 | Loss 5.84641 (Pin 0.92046 [q90 0.44752, q10 0.47293], MS 1.49994, Freq 3.80668) | LR 1.00e-05
2026-07-31 19:55:17,853 INFO Epoch 5 | Batch 200/593 | Loss 5.87692 (Pin 0.95768 [q90 0.46119, q10 0.49649], MS 1.45666, Freq 3.84732) | LR 1.00e-05
2026-07-31 19:56:00,041 INFO Epoch 5 | Batch 250/593 | Loss 5.88659 (Pin 0.93779 [q90 0.45433, q10 0.48347], MS 1.51606, Freq 3.81416) | LR 1.00e-05
2026-07-31 19:56:42,242 INFO Epoch 5 | Batch 300/593 | Loss 5.89943 (Pin 0.93023 [q90 0.45293, q10 0.47730], MS 1.56887, Freq 3.77815) | LR 1.00e-05
2026-07-31 19:57:24,430 INFO Epoch 5 | Batch 350/593 | Loss 5.81854 (Pin 0.92819 [q90 0.44975, q10 0.47844], MS 1.46046, Freq 3.81099) | LR 1.00e-05
2026-07-31 19:58:06,620 INFO Epoch 5 | Batch 400/593 | Loss 5.78233 (Pin 0.93419 [q90 0.45115, q10 0.48304], MS 1.47428, Freq 3.74874) | LR 1.00e-05
2026-07-31 19:58:48,814 INFO Epoch 5 | Batch 450/593 | Loss 5.88319 (Pin 0.93077 [q90 0.45434, q10 0.47643], MS 1.50118, Freq 3.83472) | LR 1.00e-05
2026-07-31 19:59:31,010 INFO Epoch 5 | Batch 500/593 | Loss 5.84225 (Pin 0.94525 [q90 0.45873, q10 0.48653], MS 1.43913, Freq 3.84207) | LR 1.00e-05
2026-07-31 20:00:13,205 INFO Epoch 5 | Batch 550/593 | Loss 5.82853 (Pin 0.93299 [q90 0.45210, q10 0.48090], MS 1.44564, Freq 3.83323) | LR 1.00e-05
2026-07-31 20:01:25,192 INFO Epoch 5 | Val Loss 6.66008 (Pin 0.87333 [q90 0.43380, q10 0.43953], MS 2.49033, Freq 3.66269, L1 1.94408, Spectral 0.33315, Gradient 0.57538) | CRPS 1.26678
2026-07-31 20:01:25,192 INFO Epoch 5 | Coverage q10/q50/q90 = 0.084/0.465/0.892 (nominal .10/.50/.90) | extreme tail = 0.116/0.420/0.838
2026-07-31 20:01:25,512 INFO New best val crps: 1.26678 (saved checkpoints/best.pth)
2026-07-31 20:02:07,825 INFO Epoch 6 | Batch 50/593 | Loss 5.90748 (Pin 0.93465 [q90 0.44749, q10 0.48717], MS 1.51788, Freq 3.83883) | LR 1.00e-05
2026-07-31 20:02:50,751 INFO Epoch 6 | Batch 100/593 | Loss 5.81095 (Pin 0.93074 [q90 0.44841, q10 0.48234], MS 1.48962, Freq 3.76731) | LR 1.00e-05
2026-07-31 20:03:32,981 INFO Epoch 6 | Batch 150/593 | Loss 5.67854 (Pin 0.92011 [q90 0.45124, q10 0.46887], MS 1.39463, Freq 3.73757) | LR 1.00e-05
2026-07-31 20:04:15,226 INFO Epoch 6 | Batch 200/593 | Loss 5.66495 (Pin 0.90604 [q90 0.44173, q10 0.46431], MS 1.43396, Freq 3.69439) | LR 1.00e-05
2026-07-31 20:05:03,041 INFO Epoch 6 | Batch 250/593 | Loss 5.70101 (Pin 0.93667 [q90 0.44759, q10 0.48908], MS 1.42010, Freq 3.71583) | LR 1.00e-05
2026-07-31 20:05:45,277 INFO Epoch 6 | Batch 300/593 | Loss 5.88597 (Pin 0.95103 [q90 0.46474, q10 0.48629], MS 1.48178, Freq 3.83685) | LR 1.00e-05
2026-07-31 20:06:27,504 INFO Epoch 6 | Batch 350/593 | Loss 5.63708 (Pin 0.88506 [q90 0.42829, q10 0.45677], MS 1.43284, Freq 3.68798) | LR 1.00e-05
2026-07-31 20:07:09,735 INFO Epoch 6 | Batch 400/593 | Loss 5.81426 (Pin 0.92238 [q90 0.45463, q10 0.46775], MS 1.49767, Freq 3.77134) | LR 1.00e-05
2026-07-31 20:07:51,970 INFO Epoch 6 | Batch 450/593 | Loss 5.76925 (Pin 0.91795 [q90 0.44590, q10 0.47205], MS 1.46211, Freq 3.76577) | LR 1.00e-05
2026-07-31 20:08:34,237 INFO Epoch 6 | Batch 500/593 | Loss 5.76375 (Pin 0.92846 [q90 0.45123, q10 0.47723], MS 1.42561, Freq 3.78853) | LR 1.00e-05
2026-07-31 20:09:16,493 INFO Epoch 6 | Batch 550/593 | Loss 5.71780 (Pin 0.92708 [q90 0.45008, q10 0.47700], MS 1.38946, Freq 3.77918) | LR 1.00e-05
2026-07-31 20:10:28,194 INFO Epoch 6 | Val Loss 6.62341 (Pin 0.86798 [q90 0.43036, q10 0.43763], MS 2.55598, Freq 3.55494, L1 1.88813, Spectral 0.32886, Gradient 0.55372) | CRPS 1.24161
2026-07-31 20:10:28,195 INFO Epoch 6 | Coverage q10/q50/q90 = 0.090/0.476/0.898 (nominal .10/.50/.90) | extreme tail = 0.119/0.427/0.850
2026-07-31 20:10:28,518 INFO New best val crps: 1.24161 (saved checkpoints/best.pth)
2026-07-31 20:11:10,832 INFO Epoch 7 | Batch 50/593 | Loss 5.73641 (Pin 0.93261 [q90 0.45650, q10 0.47611], MS 1.43386, Freq 3.74438) | LR 1.00e-05
2026-07-31 20:11:53,095 INFO Epoch 7 | Batch 100/593 | Loss 5.75399 (Pin 0.93206 [q90 0.45285, q10 0.47921], MS 1.41160, Freq 3.78926) | LR 1.00e-05
2026-07-31 20:12:35,357 INFO Epoch 7 | Batch 150/593 | Loss 5.69409 (Pin 0.93039 [q90 0.45457, q10 0.47582], MS 1.40102, Freq 3.73631) | LR 1.00e-05
2026-07-31 20:13:17,621 INFO Epoch 7 | Batch 200/593 | Loss 5.78594 (Pin 0.92153 [q90 0.44619, q10 0.47533], MS 1.48949, Freq 3.74992) | LR 1.00e-05
2026-07-31 20:13:59,897 INFO Epoch 7 | Batch 250/593 | Loss 5.71076 (Pin 0.90905 [q90 0.43687, q10 0.47219], MS 1.44194, Freq 3.73308) | LR 1.00e-05
2026-07-31 20:14:42,173 INFO Epoch 7 | Batch 300/593 | Loss 5.73016 (Pin 0.91448 [q90 0.44559, q10 0.46890], MS 1.47031, Freq 3.71707) | LR 1.00e-05
2026-07-31 20:15:24,447 INFO Epoch 7 | Batch 350/593 | Loss 5.65542 (Pin 0.90119 [q90 0.43929, q10 0.46190], MS 1.44779, Freq 3.67383) | LR 1.00e-05
2026-07-31 20:16:06,707 INFO Epoch 7 | Batch 400/593 | Loss 5.63621 (Pin 0.90900 [q90 0.43903, q10 0.46997], MS 1.36711, Freq 3.73344) | LR 1.00e-05
2026-07-31 20:16:48,973 INFO Epoch 7 | Batch 450/593 | Loss 5.60085 (Pin 0.90480 [q90 0.44056, q10 0.46424], MS 1.40423, Freq 3.65758) | LR 1.00e-05
2026-07-31 20:17:31,257 INFO Epoch 7 | Batch 500/593 | Loss 5.77676 (Pin 0.91198 [q90 0.44362, q10 0.46836], MS 1.48926, Freq 3.75059) | LR 1.00e-05
2026-07-31 20:18:13,522 INFO Epoch 7 | Batch 550/593 | Loss 5.74865 (Pin 0.89962 [q90 0.43696, q10 0.46266], MS 1.51672, Freq 3.70256) | LR 1.00e-05
2026-07-31 20:19:25,663 INFO Epoch 7 | Val Loss 6.47951 (Pin 0.85617 [q90 0.42522, q10 0.43095], MS 2.46108, Freq 3.51361, L1 1.86996, Spectral 0.32939, Gradient 0.55327) | CRPS 1.22945
2026-07-31 20:19:25,663 INFO Epoch 7 | Coverage q10/q50/q90 = 0.078/0.460/0.895 (nominal .10/.50/.90) | extreme tail = 0.116/0.424/0.845
2026-07-31 20:19:26,011 INFO New best val crps: 1.22945 (saved checkpoints/best.pth)
2026-07-31 20:20:08,397 INFO Epoch 8 | Batch 50/593 | Loss 5.63198 (Pin 0.91340 [q90 0.44857, q10 0.46483], MS 1.38223, Freq 3.70705) | LR 1.00e-05
2026-07-31 20:20:50,621 INFO Epoch 8 | Batch 100/593 | Loss 5.75899 (Pin 0.92675 [q90 0.44897, q10 0.47778], MS 1.44650, Freq 3.76193) | LR 1.00e-05
2026-07-31 20:21:32,832 INFO Epoch 8 | Batch 150/593 | Loss 5.68222 (Pin 0.91697 [q90 0.44189, q10 0.47508], MS 1.41123, Freq 3.72669) | LR 1.00e-05
2026-07-31 20:22:15,033 INFO Epoch 8 | Batch 200/593 | Loss 5.67479 (Pin 0.91679 [q90 0.44553, q10 0.47126], MS 1.42503, Freq 3.70329) | LR 1.00e-05
2026-07-31 20:22:57,246 INFO Epoch 8 | Batch 250/593 | Loss 5.59618 (Pin 0.89256 [q90 0.43495, q10 0.45761], MS 1.42770, Freq 3.63992) | LR 1.00e-05
2026-07-31 20:23:39,479 INFO Epoch 8 | Batch 300/593 | Loss 5.61621 (Pin 0.90833 [q90 0.43750, q10 0.47083], MS 1.37456, Freq 3.70367) | LR 1.00e-05
2026-07-31 20:24:21,697 INFO Epoch 8 | Batch 350/593 | Loss 5.62963 (Pin 0.91975 [q90 0.45085, q10 0.46890], MS 1.35849, Freq 3.72376) | LR 1.00e-05
2026-07-31 20:25:03,908 INFO Epoch 8 | Batch 400/593 | Loss 5.65184 (Pin 0.89158 [q90 0.43716, q10 0.45442], MS 1.45039, Freq 3.67764) | LR 1.00e-05
2026-07-31 20:25:46,101 INFO Epoch 8 | Batch 450/593 | Loss 5.63823 (Pin 0.90544 [q90 0.43872, q10 0.46672], MS 1.41893, Freq 3.68207) | LR 1.00e-05
2026-07-31 20:26:28,320 INFO Epoch 8 | Batch 500/593 | Loss 5.59187 (Pin 0.90357 [q90 0.43765, q10 0.46592], MS 1.43090, Freq 3.61934) | LR 1.00e-05
2026-07-31 20:27:10,537 INFO Epoch 8 | Batch 550/593 | Loss 5.51167 (Pin 0.90200 [q90 0.44375, q10 0.45825], MS 1.31705, Freq 3.65847) | LR 1.00e-05
2026-07-31 20:28:22,622 INFO Epoch 8 | Val Loss 6.41212 (Pin 0.85403 [q90 0.42247, q10 0.43156], MS 2.36871, Freq 3.54374, L1 1.87434, Spectral 0.32686, Gradient 0.54761) | CRPS 1.23207
2026-07-31 20:28:22,623 INFO Epoch 8 | Coverage q10/q50/q90 = 0.076/0.474/0.908 (nominal .10/.50/.90) | extreme tail = 0.104/0.419/0.863
2026-07-31 20:28:22,807 INFO Epoch 8 | Val crps did not improve (1/50 val checks since best=1.22945)
2026-07-31 20:29:05,069 INFO Epoch 9 | Batch 50/593 | Loss 5.56363 (Pin 0.89207 [q90 0.43367, q10 0.45840], MS 1.38644, Freq 3.65013) | LR 1.00e-05
2026-07-31 20:29:47,265 INFO Epoch 9 | Batch 100/593 | Loss 5.65510 (Pin 0.91583 [q90 0.43575, q10 0.48009], MS 1.44215, Freq 3.66345) | LR 1.00e-05
2026-07-31 20:30:29,482 INFO Epoch 9 | Batch 150/593 | Loss 5.58808 (Pin 0.90849 [q90 0.44107, q10 0.46743], MS 1.35195, Freq 3.69738) | LR 1.00e-05
2026-07-31 20:31:11,701 INFO Epoch 9 | Batch 200/593 | Loss 5.68386 (Pin 0.93617 [q90 0.45730, q10 0.47887], MS 1.40492, Freq 3.71419) | LR 1.00e-05
2026-07-31 20:31:53,901 INFO Epoch 9 | Batch 250/593 | Loss 5.69687 (Pin 0.90602 [q90 0.43669, q10 0.46932], MS 1.48161, Freq 3.67693) | LR 1.00e-05
2026-07-31 20:32:36,096 INFO Epoch 9 | Batch 300/593 | Loss 5.70883 (Pin 0.91077 [q90 0.44529, q10 0.46548], MS 1.41367, Freq 3.76044) | LR 1.00e-05
2026-07-31 20:33:18,291 INFO Epoch 9 | Batch 350/593 | Loss 5.64924 (Pin 0.89630 [q90 0.43778, q10 0.45852], MS 1.45226, Freq 3.66742) | LR 1.00e-05
2026-07-31 20:34:00,503 INFO Epoch 9 | Batch 400/593 | Loss 5.67655 (Pin 0.89465 [q90 0.43980, q10 0.45485], MS 1.47396, Freq 3.67550) | LR 1.00e-05
2026-07-31 20:34:42,704 INFO Epoch 9 | Batch 450/593 | Loss 5.43619 (Pin 0.88254 [q90 0.42945, q10 0.45309], MS 1.29966, Freq 3.61555) | LR 1.00e-05
2026-07-31 20:35:24,900 INFO Epoch 9 | Batch 500/593 | Loss 5.60893 (Pin 0.92111 [q90 0.45132, q10 0.46979], MS 1.38483, Freq 3.66999) | LR 1.00e-05
2026-07-31 20:36:07,131 INFO Epoch 9 | Batch 550/593 | Loss 5.61912 (Pin 0.90544 [q90 0.43740, q10 0.46804], MS 1.41162, Freq 3.66896) | LR 1.00e-05
2026-07-31 20:37:19,573 INFO Epoch 9 | Val Loss 6.34804 (Pin 0.85316 [q90 0.42128, q10 0.43188], MS 2.29087, Freq 3.56001, L1 1.86880, Spectral 0.33069, Gradient 0.55993) | CRPS 1.22976
2026-07-31 20:37:19,574 INFO Epoch 9 | Coverage q10/q50/q90 = 0.076/0.471/0.906 (nominal .10/.50/.90) | extreme tail = 0.110/0.421/0.863
2026-07-31 20:37:19,747 INFO Epoch 9 | Val crps did not improve (2/50 val checks since best=1.22945)
2026-07-31 20:38:02,058 INFO Epoch 10 | Batch 50/593 | Loss 5.59275 (Pin 0.91453 [q90 0.45036, q10 0.46417], MS 1.35262, Freq 3.69511) | LR 1.00e-05
2026-07-31 20:38:44,314 INFO Epoch 10 | Batch 100/593 | Loss 5.66177 (Pin 0.90845 [q90 0.44004, q10 0.46840], MS 1.45603, Freq 3.66365) | LR 1.00e-05
2026-07-31 20:39:26,558 INFO Epoch 10 | Batch 150/593 | Loss 5.72265 (Pin 0.90759 [q90 0.44218, q10 0.46541], MS 1.46389, Freq 3.72351) | LR 1.00e-05
2026-07-31 20:40:08,831 INFO Epoch 10 | Batch 200/593 | Loss 5.50711 (Pin 0.88013 [q90 0.42811, q10 0.45202], MS 1.39123, Freq 3.59528) | LR 1.00e-05
2026-07-31 20:40:51,112 INFO Epoch 10 | Batch 250/593 | Loss 5.50108 (Pin 0.90098 [q90 0.43588, q10 0.46510], MS 1.31835, Freq 3.64640) | LR 1.00e-05
2026-07-31 20:41:33,383 INFO Epoch 10 | Batch 300/593 | Loss 5.47233 (Pin 0.87575 [q90 0.42486, q10 0.45089], MS 1.34926, Freq 3.60814) | LR 1.00e-05
2026-07-31 20:42:15,655 INFO Epoch 10 | Batch 350/593 | Loss 5.62922 (Pin 0.92006 [q90 0.44630, q10 0.47376], MS 1.36994, Freq 3.71024) | LR 1.00e-05
2026-07-31 20:42:57,891 INFO Epoch 10 | Batch 400/593 | Loss 5.54892 (Pin 0.89860 [q90 0.43760, q10 0.46100], MS 1.40146, Freq 3.60985) | LR 1.00e-05
2026-07-31 20:43:40,150 INFO Epoch 10 | Batch 450/593 | Loss 5.55894 (Pin 0.89855 [q90 0.43953, q10 0.45902], MS 1.36591, Freq 3.66054) | LR 1.00e-05
2026-07-31 20:44:22,405 INFO Epoch 10 | Batch 500/593 | Loss 5.58774 (Pin 0.90548 [q90 0.44340, q10 0.46208], MS 1.40429, Freq 3.64220) | LR 1.00e-05
2026-07-31 20:45:04,660 INFO Epoch 10 | Batch 550/593 | Loss 5.45005 (Pin 0.89484 [q90 0.43569, q10 0.45914], MS 1.30606, Freq 3.61018) | LR 1.00e-05
2026-07-31 20:46:17,130 INFO Epoch 10 | Val Loss 6.43372 (Pin 0.85472 [q90 0.41924, q10 0.43548], MS 2.27959, Freq 3.66602, L1 1.88964, Spectral 0.33759, Gradient 0.58759) | CRPS 1.24169
2026-07-31 20:46:17,131 INFO Epoch 10 | Coverage q10/q50/q90 = 0.061/0.471/0.915 (nominal .10/.50/.90) | extreme tail = 0.098/0.443/0.871
2026-07-31 20:46:17,299 INFO Epoch 10 | Val crps did not improve (3/50 val checks since best=1.22945)
2026-07-31 20:46:59,626 INFO Epoch 11 | Batch 50/593 | Loss 5.57831 (Pin 0.91133 [q90 0.44020, q10 0.47113], MS 1.34695, Freq 3.68893) | LR 1.00e-05
2026-07-31 20:47:41,884 INFO Epoch 11 | Batch 100/593 | Loss 5.47585 (Pin 0.87172 [q90 0.42318, q10 0.44855], MS 1.36133, Freq 3.60310) | LR 1.00e-05
2026-07-31 20:48:24,145 INFO Epoch 11 | Batch 150/593 | Loss 5.49097 (Pin 0.88808 [q90 0.43422, q10 0.45386], MS 1.37333, Freq 3.58841) | LR 1.00e-05
2026-07-31 20:49:06,410 INFO Epoch 11 | Batch 200/593 | Loss 5.53303 (Pin 0.90378 [q90 0.44240, q10 0.46138], MS 1.36781, Freq 3.62383) | LR 1.00e-05
2026-07-31 20:49:48,662 INFO Epoch 11 | Batch 250/593 | Loss 5.50989 (Pin 0.89246 [q90 0.43777, q10 0.45469], MS 1.36600, Freq 3.61269) | LR 1.00e-05
2026-07-31 20:50:30,926 INFO Epoch 11 | Batch 300/593 | Loss 5.50606 (Pin 0.90820 [q90 0.44415, q10 0.46405], MS 1.31255, Freq 3.65034) | LR 1.00e-05
2026-07-31 20:51:13,180 INFO Epoch 11 | Batch 350/593 | Loss 5.62863 (Pin 0.90952 [q90 0.44610, q10 0.46342], MS 1.40806, Freq 3.67895) | LR 1.00e-05
2026-07-31 20:51:55,417 INFO Epoch 11 | Batch 400/593 | Loss 5.55698 (Pin 0.91121 [q90 0.44528, q10 0.46594], MS 1.35587, Freq 3.65544) | LR 1.00e-05
2026-07-31 20:52:37,650 INFO Epoch 11 | Batch 450/593 | Loss 5.44495 (Pin 0.91350 [q90 0.44131, q10 0.47219], MS 1.25693, Freq 3.63836) | LR 1.00e-05
2026-07-31 20:53:19,896 INFO Epoch 11 | Batch 500/593 | Loss 5.39289 (Pin 0.86924 [q90 0.42477, q10 0.44447], MS 1.33931, Freq 3.53814) | LR 1.00e-05
2026-07-31 20:54:02,167 INFO Epoch 11 | Batch 550/593 | Loss 5.60882 (Pin 0.89592 [q90 0.43640, q10 0.45952], MS 1.42961, Freq 3.64810) | LR 1.00e-05
2026-07-31 20:55:14,772 INFO Epoch 11 | Val Loss 6.43401 (Pin 0.85278 [q90 0.42065, q10 0.43214], MS 2.33981, Freq 3.60157, L1 1.89648, Spectral 0.33837, Gradient 0.58082) | CRPS 1.24225
2026-07-31 20:55:14,773 INFO Epoch 11 | Coverage q10/q50/q90 = 0.066/0.443/0.909 (nominal .10/.50/.90) | extreme tail = 0.093/0.405/0.860
2026-07-31 20:55:14,946 INFO Epoch 11 | Val crps did not improve (4/50 val checks since best=1.22945)
2026-07-31 20:55:57,259 INFO Epoch 12 | Batch 50/593 | Loss 5.52669 (Pin 0.89955 [q90 0.43901, q10 0.46053], MS 1.34885, Freq 3.64255) | LR 1.00e-05
2026-07-31 20:56:39,519 INFO Epoch 12 | Batch 100/593 | Loss 5.40722 (Pin 0.88577 [q90 0.43287, q10 0.45291], MS 1.27908, Freq 3.60264) | LR 1.00e-05
2026-07-31 20:57:21,794 INFO Epoch 12 | Batch 150/593 | Loss 5.59637 (Pin 0.90578 [q90 0.43698, q10 0.46880], MS 1.39489, Freq 3.66189) | LR 1.00e-05
2026-07-31 20:58:04,048 INFO Epoch 12 | Batch 200/593 | Loss 5.50801 (Pin 0.90349 [q90 0.43490, q10 0.46859], MS 1.33680, Freq 3.63080) | LR 1.00e-05
2026-07-31 20:58:46,301 INFO Epoch 12 | Batch 250/593 | Loss 5.36865 (Pin 0.86041 [q90 0.42105, q10 0.43935], MS 1.32032, Freq 3.54214) | LR 1.00e-05
2026-07-31 20:59:28,573 INFO Epoch 12 | Batch 300/593 | Loss 5.54206 (Pin 0.90374 [q90 0.44458, q10 0.45916], MS 1.38746, Freq 3.61207) | LR 1.00e-05
2026-07-31 21:00:10,817 INFO Epoch 12 | Batch 350/593 | Loss 5.58907 (Pin 0.90518 [q90 0.44110, q10 0.46409], MS 1.37932, Freq 3.67175) | LR 1.00e-05
2026-07-31 21:00:53,101 INFO Epoch 12 | Batch 400/593 | Loss 5.50403 (Pin 0.88388 [q90 0.42593, q10 0.45795], MS 1.42011, Freq 3.55559) | LR 1.00e-05
2026-07-31 21:01:35,358 INFO Epoch 12 | Batch 450/593 | Loss 5.55978 (Pin 0.91509 [q90 0.44620, q10 0.46889], MS 1.33293, Freq 3.67973) | LR 1.00e-05
2026-07-31 21:02:17,578 INFO Epoch 12 | Batch 500/593 | Loss 5.52007 (Pin 0.90302 [q90 0.44416, q10 0.45887], MS 1.33720, Freq 3.64427) | LR 1.00e-05
2026-07-31 21:02:59,844 INFO Epoch 12 | Batch 550/593 | Loss 5.53446 (Pin 0.88042 [q90 0.42898, q10 0.45145], MS 1.40180, Freq 3.61360) | LR 1.00e-05
2026-07-31 21:04:11,590 INFO Epoch 12 | Val Loss 6.28131 (Pin 0.84679 [q90 0.42017, q10 0.42662], MS 2.26828, Freq 3.51803, L1 1.85601, Spectral 0.33203, Gradient 0.56064) | CRPS 1.22006
2026-07-31 21:04:11,591 INFO Epoch 12 | Coverage q10/q50/q90 = 0.072/0.470/0.899 (nominal .10/.50/.90) | extreme tail = 0.109/0.452/0.853
2026-07-31 21:04:11,948 INFO New best val crps: 1.22006 (saved checkpoints/best.pth)
2026-07-31 21:04:54,278 INFO Epoch 13 | Batch 50/593 | Loss 5.43911 (Pin 0.89232 [q90 0.43230, q10 0.46002], MS 1.27669, Freq 3.63345) | LR 1.00e-05
2026-07-31 21:05:36,528 INFO Epoch 13 | Batch 100/593 | Loss 5.53441 (Pin 0.88934 [q90 0.43287, q10 0.45647], MS 1.39797, Freq 3.60789) | LR 1.00e-05
2026-07-31 21:06:18,796 INFO Epoch 13 | Batch 150/593 | Loss 5.57041 (Pin 0.89425 [q90 0.43783, q10 0.45641], MS 1.40898, Freq 3.63021) | LR 1.00e-05
2026-07-31 21:07:01,069 INFO Epoch 13 | Batch 200/593 | Loss 5.62248 (Pin 0.90918 [q90 0.44034, q10 0.46884], MS 1.41847, Freq 3.66092) | LR 1.00e-05
2026-07-31 21:07:43,322 INFO Epoch 13 | Batch 250/593 | Loss 5.56033 (Pin 0.90196 [q90 0.43995, q10 0.46200], MS 1.38363, Freq 3.63860) | LR 1.00e-05
2026-07-31 21:08:25,577 INFO Epoch 13 | Batch 300/593 | Loss 5.47267 (Pin 0.89321 [q90 0.43834, q10 0.45486], MS 1.32576, Freq 3.61522) | LR 1.00e-05
2026-07-31 21:09:07,835 INFO Epoch 13 | Batch 350/593 | Loss 5.47956 (Pin 0.89220 [q90 0.43691, q10 0.45529], MS 1.34976, Freq 3.59733) | LR 1.00e-05
2026-07-31 21:09:50,101 INFO Epoch 13 | Batch 400/593 | Loss 5.46787 (Pin 0.88355 [q90 0.43097, q10 0.45258], MS 1.33504, Freq 3.61032) | LR 1.00e-05
2026-07-31 21:10:32,356 INFO Epoch 13 | Batch 450/593 | Loss 5.45631 (Pin 0.88686 [q90 0.43164, q10 0.45522], MS 1.35242, Freq 3.57447) | LR 1.00e-05
2026-07-31 21:11:14,604 INFO Epoch 13 | Batch 500/593 | Loss 5.47174 (Pin 0.88674 [q90 0.43346, q10 0.45328], MS 1.36199, Freq 3.58113) | LR 1.00e-05
2026-07-31 21:11:56,856 INFO Epoch 13 | Batch 550/593 | Loss 5.49209 (Pin 0.89931 [q90 0.43850, q10 0.46082], MS 1.34703, Freq 3.60638) | LR 1.00e-05
2026-07-31 21:13:09,319 INFO Epoch 13 | Val Loss 6.36955 (Pin 0.84692 [q90 0.41900, q10 0.42792], MS 2.29440, Freq 3.58692, L1 1.87146, Spectral 0.33711, Gradient 0.57354) | CRPS 1.22769
2026-07-31 21:13:09,320 INFO Epoch 13 | Coverage q10/q50/q90 = 0.074/0.471/0.905 (nominal .10/.50/.90) | extreme tail = 0.102/0.429/0.863
2026-07-31 21:13:09,504 INFO Epoch 13 | Val crps did not improve (1/50 val checks since best=1.22006)
2026-07-31 21:13:51,823 INFO Epoch 14 | Batch 50/593 | Loss 5.49631 (Pin 0.90034 [q90 0.44509, q10 0.45525], MS 1.38814, Freq 3.56426) | LR 1.00e-05
2026-07-31 21:14:34,074 INFO Epoch 14 | Batch 100/593 | Loss 5.47200 (Pin 0.89859 [q90 0.43546, q10 0.46313], MS 1.29551, Freq 3.64211) | LR 1.00e-05
2026-07-31 21:15:16,337 INFO Epoch 14 | Batch 150/593 | Loss 5.40316 (Pin 0.90006 [q90 0.43792, q10 0.46214], MS 1.27071, Freq 3.59154) | LR 1.00e-05
2026-07-31 21:15:58,581 INFO Epoch 14 | Batch 200/593 | Loss 5.58104 (Pin 0.90991 [q90 0.43940, q10 0.47051], MS 1.40996, Freq 3.62353) | LR 1.00e-05
2026-07-31 21:16:40,841 INFO Epoch 14 | Batch 250/593 | Loss 5.43939 (Pin 0.86635 [q90 0.42163, q10 0.44472], MS 1.37224, Freq 3.55644) | LR 1.00e-05
2026-07-31 21:17:23,092 INFO Epoch 14 | Batch 300/593 | Loss 5.39770 (Pin 0.87911 [q90 0.43492, q10 0.44419], MS 1.30686, Freq 3.56860) | LR 1.00e-05
2026-07-31 21:18:05,361 INFO Epoch 14 | Batch 350/593 | Loss 5.60345 (Pin 0.91518 [q90 0.44375, q10 0.47143], MS 1.38724, Freq 3.66781) | LR 1.00e-05
2026-07-31 21:18:47,603 INFO Epoch 14 | Batch 400/593 | Loss 5.48830 (Pin 0.87576 [q90 0.42446, q10 0.45130], MS 1.38700, Freq 3.58393) | LR 1.00e-05
2026-07-31 21:19:29,854 INFO Epoch 14 | Batch 450/593 | Loss 5.47925 (Pin 0.88404 [q90 0.43288, q10 0.45116], MS 1.37018, Freq 3.58337) | LR 1.00e-05
2026-07-31 21:20:12,118 INFO Epoch 14 | Batch 500/593 | Loss 5.53485 (Pin 0.92391 [q90 0.45189, q10 0.47201], MS 1.32241, Freq 3.65392) | LR 1.00e-05
2026-07-31 21:20:54,367 INFO Epoch 14 | Batch 550/593 | Loss 5.51982 (Pin 0.88266 [q90 0.43264, q10 0.45002], MS 1.43467, Freq 3.55833) | LR 1.00e-05
2026-07-31 21:22:06,857 INFO Epoch 14 | Val Loss 6.22423 (Pin 0.84072 [q90 0.41979, q10 0.42094], MS 2.26749, Freq 3.46224, L1 1.82352, Spectral 0.32846, Gradient 0.54397) | CRPS 1.20278
2026-07-31 21:22:06,858 INFO Epoch 14 | Coverage q10/q50/q90 = 0.080/0.469/0.893 (nominal .10/.50/.90) | extreme tail = 0.119/0.447/0.854
2026-07-31 21:22:07,199 INFO New best val crps: 1.20278 (saved checkpoints/best.pth)
2026-07-31 21:22:49,525 INFO Epoch 15 | Batch 50/593 | Loss 5.50694 (Pin 0.90053 [q90 0.43886, q10 0.46167], MS 1.33911, Freq 3.63033) | LR 1.00e-05
2026-07-31 21:23:31,806 INFO Epoch 15 | Batch 100/593 | Loss 5.55023 (Pin 0.90025 [q90 0.43423, q10 0.46602], MS 1.37358, Freq 3.64045) | LR 1.00e-05
2026-07-31 21:24:14,056 INFO Epoch 15 | Batch 150/593 | Loss 5.62899 (Pin 0.92441 [q90 0.45449, q10 0.46992], MS 1.43521, Freq 3.63264) | LR 1.00e-05
2026-07-31 21:24:56,301 INFO Epoch 15 | Batch 200/593 | Loss 5.45947 (Pin 0.89037 [q90 0.43469, q10 0.45569], MS 1.33597, Freq 3.59236) | LR 1.00e-05
2026-07-31 21:25:38,577 INFO Epoch 15 | Batch 250/593 | Loss 5.51503 (Pin 0.89803 [q90 0.43844, q10 0.45960], MS 1.37955, Freq 3.59717) | LR 1.00e-05
2026-07-31 21:26:20,839 INFO Epoch 15 | Batch 300/593 | Loss 5.42616 (Pin 0.87072 [q90 0.42639, q10 0.44433], MS 1.36916, Freq 3.54031) | LR 1.00e-05
2026-07-31 21:27:03,088 INFO Epoch 15 | Batch 350/593 | Loss 5.42791 (Pin 0.89143 [q90 0.43655, q10 0.45489], MS 1.33047, Freq 3.56222) | LR 1.00e-05
2026-07-31 21:27:45,362 INFO Epoch 15 | Batch 400/593 | Loss 5.46316 (Pin 0.89198 [q90 0.43359, q10 0.45839], MS 1.34281, Freq 3.58708) | LR 1.00e-05
2026-07-31 21:28:27,622 INFO Epoch 15 | Batch 450/593 | Loss 5.35759 (Pin 0.87384 [q90 0.42574, q10 0.44811], MS 1.29767, Freq 3.54009) | LR 1.00e-05
2026-07-31 21:29:09,879 INFO Epoch 15 | Batch 500/593 | Loss 5.35421 (Pin 0.87446 [q90 0.42639, q10 0.44807], MS 1.25844, Freq 3.57923) | LR 1.00e-05
2026-07-31 21:29:52,143 INFO Epoch 15 | Batch 550/593 | Loss 5.47979 (Pin 0.88007 [q90 0.43515, q10 0.44492], MS 1.35870, Freq 3.60114) | LR 1.00e-05
2026-07-31 21:31:03,898 INFO Epoch 15 | Val Loss 6.26295 (Pin 0.84551 [q90 0.41966, q10 0.42585], MS 2.25082, Freq 3.51847, L1 1.84749, Spectral 0.33454, Gradient 0.56229) | CRPS 1.21578
2026-07-31 21:31:03,899 INFO Epoch 15 | Coverage q10/q50/q90 = 0.075/0.486/0.904 (nominal .10/.50/.90) | extreme tail = 0.110/0.441/0.857
2026-07-31 21:31:04,087 INFO Epoch 15 | Val crps did not improve (1/50 val checks since best=1.20278)
2026-07-31 21:31:46,410 INFO Epoch 16 | Batch 50/593 | Loss 5.47003 (Pin 0.89325 [q90 0.43757, q10 0.45568], MS 1.34058, Freq 3.59578) | LR 1.00e-05
2026-07-31 21:32:28,677 INFO Epoch 16 | Batch 100/593 | Loss 5.39565 (Pin 0.88881 [q90 0.43247, q10 0.45633], MS 1.32008, Freq 3.54084) | LR 1.00e-05
2026-07-31 21:33:10,941 INFO Epoch 16 | Batch 150/593 | Loss 5.51473 (Pin 0.88875 [q90 0.43229, q10 0.45646], MS 1.35639, Freq 3.63288) | LR 1.00e-05
2026-07-31 21:33:53,204 INFO Epoch 16 | Batch 200/593 | Loss 5.52513 (Pin 0.89349 [q90 0.43657, q10 0.45692], MS 1.41217, Freq 3.57719) | LR 1.00e-05
2026-07-31 21:34:35,454 INFO Epoch 16 | Batch 250/593 | Loss 5.48473 (Pin 0.91092 [q90 0.44139, q10 0.46953], MS 1.32306, Freq 3.61193) | LR 1.00e-05
2026-07-31 21:35:17,729 INFO Epoch 16 | Batch 300/593 | Loss 5.50917 (Pin 0.89345 [q90 0.43628, q10 0.45717], MS 1.34924, Freq 3.62943) | LR 1.00e-05
2026-07-31 21:35:59,992 INFO Epoch 16 | Batch 350/593 | Loss 5.34001 (Pin 0.87643 [q90 0.42849, q10 0.44794], MS 1.27692, Freq 3.54074) | LR 1.00e-05
2026-07-31 21:36:42,247 INFO Epoch 16 | Batch 400/593 | Loss 5.40301 (Pin 0.90262 [q90 0.44018, q10 0.46243], MS 1.24240, Freq 3.62000) | LR 1.00e-05
2026-07-31 21:37:24,514 INFO Epoch 16 | Batch 450/593 | Loss 5.39404 (Pin 0.87312 [q90 0.42790, q10 0.44522], MS 1.31838, Freq 3.55837) | LR 1.00e-05
2026-07-31 21:38:06,781 INFO Epoch 16 | Batch 500/593 | Loss 5.44021 (Pin 0.88512 [q90 0.42892, q10 0.45620], MS 1.34980, Freq 3.56143) | LR 1.00e-05
2026-07-31 21:38:49,018 INFO Epoch 16 | Batch 550/593 | Loss 5.41915 (Pin 0.87725 [q90 0.43440, q10 0.44285], MS 1.31649, Freq 3.58380) | LR 1.00e-05
2026-07-31 21:40:01,494 INFO Epoch 16 | Val Loss 6.25077 (Pin 0.84457 [q90 0.41904, q10 0.42554], MS 2.32790, Freq 3.42033, L1 1.82083, Spectral 0.33016, Gradient 0.54439) | CRPS 1.20568
2026-07-31 21:40:01,495 INFO Epoch 16 | Coverage q10/q50/q90 = 0.072/0.457/0.896 (nominal .10/.50/.90) | extreme tail = 0.108/0.434/0.862
2026-07-31 21:40:01,687 INFO Epoch 16 | Val crps did not improve (2/50 val checks since best=1.20278)
2026-07-31 21:40:44,003 INFO Epoch 17 | Batch 50/593 | Loss 5.47496 (Pin 0.88917 [q90 0.43901, q10 0.45016], MS 1.39553, Freq 3.54473) | LR 1.00e-05
2026-07-31 21:41:26,266 INFO Epoch 17 | Batch 100/593 | Loss 5.46660 (Pin 0.88564 [q90 0.43508, q10 0.45057], MS 1.37349, Freq 3.56385) | LR 1.00e-05
2026-07-31 21:42:08,498 INFO Epoch 17 | Batch 150/593 | Loss 5.52066 (Pin 0.89978 [q90 0.43913, q10 0.46065], MS 1.39128, Freq 3.58844) | LR 1.00e-05
2026-07-31 21:42:50,782 INFO Epoch 17 | Batch 200/593 | Loss 5.44357 (Pin 0.88089 [q90 0.42342, q10 0.45747], MS 1.32390, Freq 3.59864) | LR 1.00e-05
2026-07-31 21:43:33,069 INFO Epoch 17 | Batch 250/593 | Loss 5.24809 (Pin 0.85735 [q90 0.41706, q10 0.44029], MS 1.26287, Freq 3.47541) | LR 1.00e-05
2026-07-31 21:44:15,324 INFO Epoch 17 | Batch 300/593 | Loss 5.56243 (Pin 0.87271 [q90 0.42184, q10 0.45087], MS 1.48919, Freq 3.55614) | LR 1.00e-05
2026-07-31 21:44:57,574 INFO Epoch 17 | Batch 350/593 | Loss 5.42257 (Pin 0.89542 [q90 0.43665, q10 0.45876], MS 1.30692, Freq 3.57804) | LR 1.00e-05
2026-07-31 21:45:39,829 INFO Epoch 17 | Batch 400/593 | Loss 5.48105 (Pin 0.89950 [q90 0.44188, q10 0.45762], MS 1.33603, Freq 3.60614) | LR 1.00e-05
2026-07-31 21:46:22,083 INFO Epoch 17 | Batch 450/593 | Loss 5.57639 (Pin 0.90087 [q90 0.43479, q10 0.46608], MS 1.40764, Freq 3.63099) | LR 1.00e-05
2026-07-31 21:47:04,369 INFO Epoch 17 | Batch 500/593 | Loss 5.47815 (Pin 0.87961 [q90 0.42803, q10 0.45158], MS 1.36636, Freq 3.59131) | LR 1.00e-05
2026-07-31 21:47:46,769 INFO Epoch 17 | Batch 550/593 | Loss 5.41994 (Pin 0.88742 [q90 0.44033, q10 0.44709], MS 1.31661, Freq 3.57324) | LR 1.00e-05
2026-07-31 21:48:59,239 INFO Epoch 17 | Val Loss 6.20095 (Pin 0.84152 [q90 0.41895, q10 0.42257], MS 2.26403, Freq 3.43933, L1 1.81972, Spectral 0.33185, Gradient 0.54547) | CRPS 1.20196
2026-07-31 21:48:59,240 INFO Epoch 17 | Coverage q10/q50/q90 = 0.078/0.474/0.902 (nominal .10/.50/.90) | extreme tail = 0.106/0.455/0.856
2026-07-31 21:48:59,563 INFO New best val crps: 1.20196 (saved checkpoints/best.pth)
2026-07-31 21:49:41,885 INFO Epoch 18 | Batch 50/593 | Loss 5.35140 (Pin 0.89588 [q90 0.44039, q10 0.45549], MS 1.23191, Freq 3.58180) | LR 1.00e-05
2026-07-31 21:50:24,131 INFO Epoch 18 | Batch 100/593 | Loss 5.37590 (Pin 0.88015 [q90 0.42550, q10 0.45465], MS 1.30565, Freq 3.54455) | LR 1.00e-05
2026-07-31 21:51:06,390 INFO Epoch 18 | Batch 150/593 | Loss 5.40014 (Pin 0.89477 [q90 0.43476, q10 0.46002], MS 1.28558, Freq 3.57755) | LR 1.00e-05
2026-07-31 21:51:48,645 INFO Epoch 18 | Batch 200/593 | Loss 5.43291 (Pin 0.87553 [q90 0.43097, q10 0.44456], MS 1.38900, Freq 3.52041) | LR 1.00e-05
2026-07-31 21:52:30,910 INFO Epoch 18 | Batch 250/593 | Loss 5.45075 (Pin 0.89213 [q90 0.42954, q10 0.46259], MS 1.35746, Freq 3.55685) | LR 1.00e-05
2026-07-31 21:53:13,149 INFO Epoch 18 | Batch 300/593 | Loss 5.46788 (Pin 0.88456 [q90 0.43180, q10 0.45275], MS 1.41869, Freq 3.51627) | LR 1.00e-05
2026-07-31 21:53:55,389 INFO Epoch 18 | Batch 350/593 | Loss 5.39692 (Pin 0.88576 [q90 0.43548, q10 0.45029], MS 1.32022, Freq 3.54548) | LR 1.00e-05
2026-07-31 21:54:37,659 INFO Epoch 18 | Batch 400/593 | Loss 5.47001 (Pin 0.87276 [q90 0.42489, q10 0.44787], MS 1.39968, Freq 3.55285) | LR 1.00e-05
2026-07-31 21:55:19,886 INFO Epoch 18 | Batch 450/593 | Loss 5.52524 (Pin 0.89814 [q90 0.44127, q10 0.45687], MS 1.32407, Freq 3.67004) | LR 1.00e-05
2026-07-31 21:56:02,157 INFO Epoch 18 | Batch 500/593 | Loss 5.51407 (Pin 0.89352 [q90 0.43322, q10 0.46030], MS 1.36005, Freq 3.62277) | LR 1.00e-05
2026-07-31 21:56:44,397 INFO Epoch 18 | Batch 550/593 | Loss 5.38771 (Pin 0.88387 [q90 0.43484, q10 0.44903], MS 1.29500, Freq 3.56539) | LR 1.00e-05
2026-07-31 21:57:56,515 INFO Epoch 18 | Val Loss 6.14509 (Pin 0.83672 [q90 0.41612, q10 0.42060], MS 2.20418, Freq 3.44911, L1 1.81279, Spectral 0.33068, Gradient 0.54489) | CRPS 1.19656
2026-07-31 21:57:56,516 INFO Epoch 18 | Coverage q10/q50/q90 = 0.076/0.488/0.905 (nominal .10/.50/.90) | extreme tail = 0.115/0.460/0.857
2026-07-31 21:57:56,846 INFO New best val crps: 1.19656 (saved checkpoints/best.pth)
2026-07-31 21:58:39,178 INFO Epoch 19 | Batch 50/593 | Loss 5.40695 (Pin 0.86540 [q90 0.42355, q10 0.44185], MS 1.36584, Freq 3.52856) | LR 1.00e-05
2026-07-31 21:59:21,454 INFO Epoch 19 | Batch 100/593 | Loss 5.37759 (Pin 0.86996 [q90 0.42495, q10 0.44500], MS 1.35000, Freq 3.50849) | LR 1.00e-05
2026-07-31 22:00:03,709 INFO Epoch 19 | Batch 150/593 | Loss 5.45311 (Pin 0.87877 [q90 0.42934, q10 0.44942], MS 1.32645, Freq 3.60877) | LR 1.00e-05
2026-07-31 22:00:45,980 INFO Epoch 19 | Batch 200/593 | Loss 5.44495 (Pin 0.90223 [q90 0.43673, q10 0.46551], MS 1.31305, Freq 3.58852) | LR 1.00e-05
2026-07-31 22:01:28,240 INFO Epoch 19 | Batch 250/593 | Loss 5.35122 (Pin 0.89124 [q90 0.43394, q10 0.45730], MS 1.26048, Freq 3.55500) | LR 1.00e-05
2026-07-31 22:02:10,489 INFO Epoch 19 | Batch 300/593 | Loss 5.32431 (Pin 0.87559 [q90 0.42807, q10 0.44752], MS 1.26826, Freq 3.53384) | LR 1.00e-05
2026-07-31 22:02:52,733 INFO Epoch 19 | Batch 350/593 | Loss 5.43988 (Pin 0.89946 [q90 0.43925, q10 0.46022], MS 1.32130, Freq 3.57679) | LR 1.00e-05
2026-07-31 22:03:35,013 INFO Epoch 19 | Batch 400/593 | Loss 5.39513 (Pin 0.88281 [q90 0.43124, q10 0.45157], MS 1.31188, Freq 3.55605) | LR 1.00e-05
2026-07-31 22:04:17,292 INFO Epoch 19 | Batch 450/593 | Loss 5.45571 (Pin 0.88043 [q90 0.42921, q10 0.45122], MS 1.37687, Freq 3.55380) | LR 1.00e-05
2026-07-31 22:04:59,564 INFO Epoch 19 | Batch 500/593 | Loss 5.47062 (Pin 0.89768 [q90 0.43797, q10 0.45971], MS 1.35560, Freq 3.57483) | LR 1.00e-05
2026-07-31 22:05:41,808 INFO Epoch 19 | Batch 550/593 | Loss 5.48745 (Pin 0.88992 [q90 0.43420, q10 0.45572], MS 1.33888, Freq 3.62072) | LR 1.00e-05
2026-07-31 22:06:54,019 INFO Epoch 19 | Val Loss 6.30383 (Pin 0.83756 [q90 0.41689, q10 0.42068], MS 2.27079, Freq 3.55052, L1 1.85099, Spectral 0.34000, Gradient 0.57707) | CRPS 1.21373
2026-07-31 22:06:54,020 INFO Epoch 19 | Coverage q10/q50/q90 = 0.077/0.476/0.910 (nominal .10/.50/.90) | extreme tail = 0.111/0.457/0.862
2026-07-31 22:06:54,183 INFO Epoch 19 | Val crps did not improve (1/50 val checks since best=1.19656)
2026-07-31 22:07:36,489 INFO Epoch 20 | Batch 50/593 | Loss 5.37815 (Pin 0.86535 [q90 0.42319, q10 0.44216], MS 1.38243, Freq 3.47818) | LR 1.00e-05
2026-07-31 22:08:18,733 INFO Epoch 20 | Batch 100/593 | Loss 5.32733 (Pin 0.87153 [q90 0.42811, q10 0.44342], MS 1.29092, Freq 3.51654) | LR 1.00e-05
2026-07-31 22:09:00,978 INFO Epoch 20 | Batch 150/593 | Loss 5.44873 (Pin 0.90258 [q90 0.43939, q10 0.46319], MS 1.29807, Freq 3.60897) | LR 1.00e-05
2026-07-31 22:09:43,241 INFO Epoch 20 | Batch 200/593 | Loss 5.40753 (Pin 0.87638 [q90 0.43124, q10 0.44513], MS 1.28985, Freq 3.60144) | LR 1.00e-05
2026-07-31 22:10:25,494 INFO Epoch 20 | Batch 250/593 | Loss 5.30251 (Pin 0.87118 [q90 0.42604, q10 0.44515], MS 1.26800, Freq 3.51480) | LR 1.00e-05
2026-07-31 22:11:07,756 INFO Epoch 20 | Batch 300/593 | Loss 5.46021 (Pin 0.90677 [q90 0.44793, q10 0.45884], MS 1.31563, Freq 3.59757) | LR 1.00e-05
2026-07-31 22:11:50,002 INFO Epoch 20 | Batch 350/593 | Loss 5.49992 (Pin 0.89373 [q90 0.43360, q10 0.46013], MS 1.39126, Freq 3.57214) | LR 1.00e-05
2026-07-31 22:12:32,235 INFO Epoch 20 | Batch 400/593 | Loss 5.34523 (Pin 0.86793 [q90 0.42597, q10 0.44197], MS 1.30049, Freq 3.52978) | LR 1.00e-05
2026-07-31 22:13:14,476 INFO Epoch 20 | Batch 450/593 | Loss 5.41311 (Pin 0.89705 [q90 0.43673, q10 0.46032], MS 1.33448, Freq 3.53509) | LR 1.00e-05
2026-07-31 22:13:56,721 INFO Epoch 20 | Batch 500/593 | Loss 5.51022 (Pin 0.89528 [q90 0.44150, q10 0.45378], MS 1.35203, Freq 3.62545) | LR 1.00e-05
2026-07-31 22:14:38,972 INFO Epoch 20 | Batch 550/593 | Loss 5.38971 (Pin 0.88910 [q90 0.43179, q10 0.45731], MS 1.29469, Freq 3.56213) | LR 1.00e-05
2026-07-31 22:15:51,111 INFO Epoch 20 | Val Loss 6.14474 (Pin 0.83936 [q90 0.41811, q10 0.42125], MS 2.23038, Freq 3.41667, L1 1.81246, Spectral 0.32801, Gradient 0.53408) | CRPS 1.19940
2026-07-31 22:15:51,111 INFO Epoch 20 | Coverage q10/q50/q90 = 0.072/0.471/0.900 (nominal .10/.50/.90) | extreme tail = 0.113/0.458/0.861
2026-07-31 22:15:51,282 INFO Epoch 20 | Val crps did not improve (2/50 val checks since best=1.19656)
2026-07-31 22:16:33,613 INFO Epoch 21 | Batch 50/593 | Loss 5.50516 (Pin 0.89378 [q90 0.43845, q10 0.45533], MS 1.42858, Freq 3.53644) | LR 1.00e-05
2026-07-31 22:17:15,860 INFO Epoch 21 | Batch 100/593 | Loss 5.46244 (Pin 0.90390 [q90 0.43687, q10 0.46703], MS 1.31404, Freq 3.60500) | LR 1.00e-05
2026-07-31 22:17:58,093 INFO Epoch 21 | Batch 150/593 | Loss 5.36684 (Pin 0.86919 [q90 0.42334, q10 0.44585], MS 1.33590, Freq 3.51306) | LR 1.00e-05
2026-07-31 22:18:40,344 INFO Epoch 21 | Batch 200/593 | Loss 5.49246 (Pin 0.89911 [q90 0.43580, q10 0.46332], MS 1.38569, Freq 3.56407) | LR 1.00e-05
2026-07-31 22:19:22,608 INFO Epoch 21 | Batch 250/593 | Loss 5.32495 (Pin 0.86359 [q90 0.42223, q10 0.44136], MS 1.25388, Freq 3.56386) | LR 1.00e-05
2026-07-31 22:20:04,875 INFO Epoch 21 | Batch 300/593 | Loss 5.34641 (Pin 0.87540 [q90 0.42919, q10 0.44620], MS 1.31863, Freq 3.50265) | LR 1.00e-05
2026-07-31 22:20:47,132 INFO Epoch 21 | Batch 350/593 | Loss 5.36904 (Pin 0.89417 [q90 0.43676, q10 0.45741], MS 1.28323, Freq 3.54627) | LR 1.00e-05
2026-07-31 22:21:29,378 INFO Epoch 21 | Batch 400/593 | Loss 5.33847 (Pin 0.85779 [q90 0.42053, q10 0.43726], MS 1.28063, Freq 3.55561) | LR 1.00e-05
2026-07-31 22:22:11,626 INFO Epoch 21 | Batch 450/593 | Loss 5.32648 (Pin 0.87950 [q90 0.43275, q10 0.44675], MS 1.29601, Freq 3.50107) | LR 1.00e-05
2026-07-31 22:22:53,878 INFO Epoch 21 | Batch 500/593 | Loss 5.43647 (Pin 0.89767 [q90 0.44212, q10 0.45555], MS 1.31050, Freq 3.58700) | LR 1.00e-05
2026-07-31 22:23:36,131 INFO Epoch 21 | Batch 550/593 | Loss 5.46455 (Pin 0.89006 [q90 0.43453, q10 0.45553], MS 1.36715, Freq 3.56371) | LR 1.00e-05
2026-07-31 22:24:49,021 INFO Epoch 21 | Val Loss 6.20358 (Pin 0.83711 [q90 0.41793, q10 0.41919], MS 2.19372, Freq 3.52527, L1 1.83055, Spectral 0.33320, Gradient 0.55688) | CRPS 1.20411
2026-07-31 22:24:49,022 INFO Epoch 21 | Coverage q10/q50/q90 = 0.078/0.496/0.909 (nominal .10/.50/.90) | extreme tail = 0.108/0.458/0.853
2026-07-31 22:24:49,194 INFO Epoch 21 | Val crps did not improve (3/50 val checks since best=1.19656)
2026-07-31 22:25:31,517 INFO Epoch 22 | Batch 50/593 | Loss 5.31140 (Pin 0.85784 [q90 0.42180, q10 0.43603], MS 1.28832, Freq 3.51694) | LR 1.00e-05
2026-07-31 22:26:13,771 INFO Epoch 22 | Batch 100/593 | Loss 5.36212 (Pin 0.86391 [q90 0.42183, q10 0.44207], MS 1.33784, Freq 3.51152) | LR 1.00e-05
2026-07-31 22:26:56,035 INFO Epoch 22 | Batch 150/593 | Loss 5.34512 (Pin 0.86476 [q90 0.42178, q10 0.44298], MS 1.32256, Freq 3.50866) | LR 1.00e-05
2026-07-31 22:27:38,291 INFO Epoch 22 | Batch 200/593 | Loss 5.33704 (Pin 0.87751 [q90 0.43038, q10 0.44713], MS 1.28812, Freq 3.52379) | LR 1.00e-05
2026-07-31 22:28:20,538 INFO Epoch 22 | Batch 250/593 | Loss 5.52187 (Pin 0.91019 [q90 0.44720, q10 0.46299], MS 1.35744, Freq 3.61582) | LR 1.00e-05
2026-07-31 22:29:02,786 INFO Epoch 22 | Batch 300/593 | Loss 5.42062 (Pin 0.88374 [q90 0.43059, q10 0.45315], MS 1.36303, Freq 3.52650) | LR 1.00e-05
2026-07-31 22:29:45,028 INFO Epoch 22 | Batch 350/593 | Loss 5.33061 (Pin 0.88504 [q90 0.43426, q10 0.45078], MS 1.21625, Freq 3.58813) | LR 1.00e-05
2026-07-31 22:30:27,313 INFO Epoch 22 | Batch 400/593 | Loss 5.35456 (Pin 0.87346 [q90 0.42634, q10 0.44712], MS 1.31799, Freq 3.51457) | LR 1.00e-05
2026-07-31 22:31:09,583 INFO Epoch 22 | Batch 450/593 | Loss 5.35896 (Pin 0.89292 [q90 0.43475, q10 0.45816], MS 1.28213, Freq 3.53768) | LR 1.00e-05
2026-07-31 22:31:51,836 INFO Epoch 22 | Batch 500/593 | Loss 5.45654 (Pin 0.89689 [q90 0.43362, q10 0.46327], MS 1.32804, Freq 3.59068) | LR 1.00e-05
2026-07-31 22:32:34,106 INFO Epoch 22 | Batch 550/593 | Loss 5.35550 (Pin 0.87818 [q90 0.42880, q10 0.44938], MS 1.26190, Freq 3.57268) | LR 1.00e-05
2026-07-31 22:33:46,247 INFO Epoch 22 | Val Loss 6.15331 (Pin 0.84314 [q90 0.41499, q10 0.42815], MS 2.13076, Freq 3.53267, L1 1.83620, Spectral 0.33117, Gradient 0.55165) | CRPS 1.21350
2026-07-31 22:33:46,248 INFO Epoch 22 | Coverage q10/q50/q90 = 0.067/0.472/0.911 (nominal .10/.50/.90) | extreme tail = 0.097/0.440/0.874
2026-07-31 22:33:46,414 INFO Epoch 22 | Val crps did not improve (4/50 val checks since best=1.19656)
2026-07-31 22:34:28,737 INFO Epoch 23 | Batch 50/593 | Loss 5.39149 (Pin 0.87947 [q90 0.43010, q10 0.44936], MS 1.30729, Freq 3.56082) | LR 1.00e-05
2026-07-31 22:35:10,984 INFO Epoch 23 | Batch 100/593 | Loss 5.37563 (Pin 0.88578 [q90 0.43523, q10 0.45055], MS 1.28441, Freq 3.56160) | LR 1.00e-05
2026-07-31 22:35:53,256 INFO Epoch 23 | Batch 150/593 | Loss 5.36330 (Pin 0.85932 [q90 0.42121, q10 0.43812], MS 1.33357, Freq 3.52267) | LR 1.00e-05
2026-07-31 22:36:35,508 INFO Epoch 23 | Batch 200/593 | Loss 5.43949 (Pin 0.88678 [q90 0.43217, q10 0.45461], MS 1.33357, Freq 3.57683) | LR 1.00e-05
2026-07-31 22:37:17,756 INFO Epoch 23 | Batch 250/593 | Loss 5.46738 (Pin 0.89520 [q90 0.44125, q10 0.45395], MS 1.38938, Freq 3.53643) | LR 1.00e-05
2026-07-31 22:38:00,000 INFO Epoch 23 | Batch 300/593 | Loss 5.48240 (Pin 0.87770 [q90 0.43138, q10 0.44632], MS 1.39893, Freq 3.56197) | LR 1.00e-05
2026-07-31 22:38:42,255 INFO Epoch 23 | Batch 350/593 | Loss 5.38585 (Pin 0.87773 [q90 0.43006, q10 0.44767], MS 1.34922, Freq 3.50989) | LR 1.00e-05
2026-07-31 22:39:24,511 INFO Epoch 23 | Batch 400/593 | Loss 5.32204 (Pin 0.89025 [q90 0.43231, q10 0.45794], MS 1.23220, Freq 3.55510) | LR 1.00e-05
2026-07-31 22:40:06,766 INFO Epoch 23 | Batch 450/593 | Loss 5.38265 (Pin 0.88804 [q90 0.43335, q10 0.45469], MS 1.30076, Freq 3.54873) | LR 1.00e-05
2026-07-31 22:40:49,015 INFO Epoch 23 | Batch 500/593 | Loss 5.38116 (Pin 0.88285 [q90 0.43291, q10 0.44994], MS 1.31549, Freq 3.53645) | LR 1.00e-05
2026-07-31 22:41:31,269 INFO Epoch 23 | Batch 550/593 | Loss 5.30796 (Pin 0.86378 [q90 0.42317, q10 0.44061], MS 1.27165, Freq 3.52503) | LR 1.00e-05
2026-07-31 22:42:43,750 INFO Epoch 23 | Val Loss 6.11594 (Pin 0.84313 [q90 0.41553, q10 0.42760], MS 2.16542, Freq 3.45266, L1 1.81497, Spectral 0.32603, Gradient 0.53397) | CRPS 1.20377
2026-07-31 22:42:43,750 INFO Epoch 23 | Coverage q10/q50/q90 = 0.069/0.474/0.907 (nominal .10/.50/.90) | extreme tail = 0.103/0.453/0.870
2026-07-31 22:42:43,928 INFO Epoch 23 | Val crps did not improve (5/50 val checks since best=1.19656)
2026-07-31 22:43:26,241 INFO Epoch 24 | Batch 50/593 | Loss 5.26178 (Pin 0.85909 [q90 0.41984, q10 0.43925], MS 1.25239, Freq 3.50033) | LR 1.00e-05
2026-07-31 22:44:08,477 INFO Epoch 24 | Batch 100/593 | Loss 5.40550 (Pin 0.89320 [q90 0.43730, q10 0.45590], MS 1.31040, Freq 3.55766) | LR 1.00e-05
2026-07-31 22:44:50,750 INFO Epoch 24 | Batch 150/593 | Loss 5.36490 (Pin 0.87690 [q90 0.42823, q10 0.44868], MS 1.33549, Freq 3.50278) | LR 1.00e-05
2026-07-31 22:45:32,982 INFO Epoch 24 | Batch 200/593 | Loss 5.36795 (Pin 0.87301 [q90 0.43166, q10 0.44135], MS 1.32044, Freq 3.52723) | LR 1.00e-05
2026-07-31 22:46:15,229 INFO Epoch 24 | Batch 250/593 | Loss 5.29587 (Pin 0.87126 [q90 0.42363, q10 0.44763], MS 1.25303, Freq 3.52398) | LR 1.00e-05
2026-07-31 22:46:57,467 INFO Epoch 24 | Batch 300/593 | Loss 5.42024 (Pin 0.88577 [q90 0.42727, q10 0.45850], MS 1.32735, Freq 3.56347) | LR 1.00e-05
2026-07-31 22:47:39,707 INFO Epoch 24 | Batch 350/593 | Loss 5.38991 (Pin 0.89625 [q90 0.43860, q10 0.45765], MS 1.28936, Freq 3.56033) | LR 1.00e-05
2026-07-31 22:48:21,944 INFO Epoch 24 | Batch 400/593 | Loss 5.36964 (Pin 0.88240 [q90 0.43451, q10 0.44789], MS 1.30622, Freq 3.53446) | LR 1.00e-05
2026-07-31 22:49:04,192 INFO Epoch 24 | Batch 450/593 | Loss 5.28964 (Pin 0.86909 [q90 0.42047, q10 0.44862], MS 1.24996, Freq 3.52288) | LR 1.00e-05
2026-07-31 22:49:46,429 INFO Epoch 24 | Batch 500/593 | Loss 5.33138 (Pin 0.87913 [q90 0.42792, q10 0.45120], MS 1.23607, Freq 3.57354) | LR 1.00e-05
2026-07-31 22:50:28,666 INFO Epoch 24 | Batch 550/593 | Loss 5.49991 (Pin 0.89806 [q90 0.43969, q10 0.45837], MS 1.36133, Freq 3.60058) | LR 1.00e-05
2026-07-31 22:51:41,456 INFO Epoch 24 | Val Loss 6.13550 (Pin 0.83668 [q90 0.41845, q10 0.41823], MS 2.23377, Freq 3.40562, L1 1.80091, Spectral 0.32703, Gradient 0.52977) | CRPS 1.19134
2026-07-31 22:51:41,457 INFO Epoch 24 | Coverage q10/q50/q90 = 0.082/0.506/0.908 (nominal .10/.50/.90) | extreme tail = 0.112/0.457/0.848
2026-07-31 22:51:41,785 INFO New best val crps: 1.19134 (saved checkpoints/best.pth)
2026-07-31 22:52:24,096 INFO Epoch 25 | Batch 50/593 | Loss 5.36271 (Pin 0.88344 [q90 0.43407, q10 0.44937], MS 1.28694, Freq 3.54703) | LR 5.00e-06
2026-07-31 22:53:06,328 INFO Epoch 25 | Batch 100/593 | Loss 5.29396 (Pin 0.87391 [q90 0.42917, q10 0.44473], MS 1.28181, Freq 3.48693) | LR 5.00e-06
2026-07-31 22:53:48,563 INFO Epoch 25 | Batch 150/593 | Loss 5.47262 (Pin 0.88379 [q90 0.43042, q10 0.45337], MS 1.40669, Freq 3.53571) | LR 5.00e-06
2026-07-31 22:54:30,821 INFO Epoch 25 | Batch 200/593 | Loss 5.34165 (Pin 0.87307 [q90 0.42731, q10 0.44576], MS 1.25580, Freq 3.56976) | LR 5.00e-06
2026-07-31 22:55:13,077 INFO Epoch 25 | Batch 250/593 | Loss 5.25699 (Pin 0.85031 [q90 0.41295, q10 0.43735], MS 1.24838, Freq 3.50922) | LR 5.00e-06
2026-07-31 22:55:55,329 INFO Epoch 25 | Batch 300/593 | Loss 5.24611 (Pin 0.86356 [q90 0.42198, q10 0.44158], MS 1.26485, Freq 3.46412) | LR 5.00e-06
2026-07-31 22:56:37,582 INFO Epoch 25 | Batch 350/593 | Loss 5.31145 (Pin 0.89119 [q90 0.43345, q10 0.45774], MS 1.19519, Freq 3.58342) | LR 5.00e-06
2026-07-31 22:57:19,822 INFO Epoch 25 | Batch 400/593 | Loss 5.36906 (Pin 0.88454 [q90 0.43641, q10 0.44813], MS 1.28362, Freq 3.55656) | LR 5.00e-06
2026-07-31 22:58:02,066 INFO Epoch 25 | Batch 450/593 | Loss 5.32931 (Pin 0.88554 [q90 0.43677, q10 0.44877], MS 1.24261, Freq 3.55684) | LR 5.00e-06
2026-07-31 22:58:44,299 INFO Epoch 25 | Batch 500/593 | Loss 5.43047 (Pin 0.89478 [q90 0.43738, q10 0.45740], MS 1.34528, Freq 3.54490) | LR 5.00e-06
2026-07-31 22:59:26,545 INFO Epoch 25 | Batch 550/593 | Loss 5.27577 (Pin 0.86572 [q90 0.42433, q10 0.44139], MS 1.26960, Freq 3.48939) | LR 5.00e-06
2026-07-31 23:00:38,717 INFO Epoch 25 | Val Loss 6.12330 (Pin 0.83490 [q90 0.41658, q10 0.41832], MS 2.20999, Freq 3.42045, L1 1.80984, Spectral 0.33005, Gradient 0.53817) | CRPS 1.19416
2026-07-31 23:00:38,718 INFO Epoch 25 | Coverage q10/q50/q90 = 0.081/0.480/0.901 (nominal .10/.50/.90) | extreme tail = 0.114/0.454/0.852
2026-07-31 23:00:38,881 INFO Epoch 25 | Val crps did not improve (1/50 val checks since best=1.19134)
2026-07-31 23:01:21,173 INFO Epoch 26 | Batch 50/593 | Loss 5.32734 (Pin 0.86684 [q90 0.42516, q10 0.44169], MS 1.30931, Freq 3.50131) | LR 5.00e-06
2026-07-31 23:02:03,440 INFO Epoch 26 | Batch 100/593 | Loss 5.33946 (Pin 0.87964 [q90 0.43095, q10 0.44869], MS 1.28855, Freq 3.52363) | LR 5.00e-06
2026-07-31 23:02:45,661 INFO Epoch 26 | Batch 150/593 | Loss 5.39333 (Pin 0.88193 [q90 0.42677, q10 0.45515], MS 1.33287, Freq 3.53171) | LR 5.00e-06
2026-07-31 23:03:27,898 INFO Epoch 26 | Batch 200/593 | Loss 5.41989 (Pin 0.90454 [q90 0.44364, q10 0.46089], MS 1.28114, Freq 3.59357) | LR 5.00e-06
2026-07-31 23:04:10,155 INFO Epoch 26 | Batch 250/593 | Loss 5.32899 (Pin 0.87530 [q90 0.43072, q10 0.44459], MS 1.28493, Freq 3.52084) | LR 5.00e-06
2026-07-31 23:04:52,386 INFO Epoch 26 | Batch 300/593 | Loss 5.33371 (Pin 0.88918 [q90 0.43361, q10 0.45558], MS 1.22597, Freq 3.57618) | LR 5.00e-06
2026-07-31 23:05:34,623 INFO Epoch 26 | Batch 350/593 | Loss 5.28232 (Pin 0.87618 [q90 0.43138, q10 0.44480], MS 1.24563, Freq 3.51168) | LR 5.00e-06
2026-07-31 23:06:16,837 INFO Epoch 26 | Batch 400/593 | Loss 5.24378 (Pin 0.85496 [q90 0.42004, q10 0.43492], MS 1.23927, Freq 3.49950) | LR 5.00e-06
2026-07-31 23:06:59,072 INFO Epoch 26 | Batch 450/593 | Loss 5.34413 (Pin 0.86647 [q90 0.42377, q10 0.44270], MS 1.32021, Freq 3.50828) | LR 5.00e-06
2026-07-31 23:07:41,328 INFO Epoch 26 | Batch 500/593 | Loss 5.33513 (Pin 0.86954 [q90 0.42579, q10 0.44375], MS 1.28300, Freq 3.53621) | LR 5.00e-06
2026-07-31 23:08:23,567 INFO Epoch 26 | Batch 550/593 | Loss 5.25354 (Pin 0.87500 [q90 0.42347, q10 0.45153], MS 1.21908, Freq 3.51051) | LR 5.00e-06
2026-07-31 23:09:36,010 INFO Epoch 26 | Val Loss 6.07051 (Pin 0.83222 [q90 0.41443, q10 0.41779], MS 2.13390, Freq 3.44933, L1 1.80174, Spectral 0.32731, Gradient 0.53371) | CRPS 1.19112
2026-07-31 23:09:36,011 INFO Epoch 26 | Coverage q10/q50/q90 = 0.077/0.487/0.906 (nominal .10/.50/.90) | extreme tail = 0.106/0.454/0.864
2026-07-31 23:09:36,455 INFO New best val crps: 1.19112 (saved checkpoints/best.pth)
2026-07-31 23:10:18,740 INFO Epoch 27 | Batch 50/593 | Loss 5.36532 (Pin 0.89353 [q90 0.43247, q10 0.46106], MS 1.24207, Freq 3.58859) | LR 5.00e-06
2026-07-31 23:11:00,959 INFO Epoch 27 | Batch 100/593 | Loss 5.20234 (Pin 0.86407 [q90 0.42556, q10 0.43852], MS 1.17793, Freq 3.51149) | LR 5.00e-06
2026-07-31 23:11:43,176 INFO Epoch 27 | Batch 150/593 | Loss 5.32135 (Pin 0.87090 [q90 0.42606, q10 0.44484], MS 1.27029, Freq 3.53351) | LR 5.00e-06
2026-07-31 23:12:25,433 INFO Epoch 27 | Batch 200/593 | Loss 5.31155 (Pin 0.88592 [q90 0.43905, q10 0.44686], MS 1.21265, Freq 3.56998) | LR 5.00e-06
2026-07-31 23:13:07,687 INFO Epoch 27 | Batch 250/593 | Loss 5.22674 (Pin 0.84543 [q90 0.41161, q10 0.43381], MS 1.28343, Freq 3.44209) | LR 5.00e-06
2026-07-31 23:13:49,942 INFO Epoch 27 | Batch 300/593 | Loss 5.31618 (Pin 0.90117 [q90 0.44017, q10 0.46100], MS 1.22783, Freq 3.54131) | LR 5.00e-06
2026-07-31 23:14:32,191 INFO Epoch 27 | Batch 350/593 | Loss 5.24999 (Pin 0.87780 [q90 0.43253, q10 0.44527], MS 1.19734, Freq 3.52762) | LR 5.00e-06
2026-07-31 23:15:14,457 INFO Epoch 27 | Batch 400/593 | Loss 5.35368 (Pin 0.88065 [q90 0.43097, q10 0.44968], MS 1.28778, Freq 3.53916) | LR 5.00e-06
2026-07-31 23:15:56,699 INFO Epoch 27 | Batch 450/593 | Loss 5.30234 (Pin 0.87708 [q90 0.42765, q10 0.44943], MS 1.26374, Freq 3.51281) | LR 5.00e-06
2026-07-31 23:16:38,962 INFO Epoch 27 | Batch 500/593 | Loss 5.24104 (Pin 0.86473 [q90 0.41929, q10 0.44544], MS 1.23588, Freq 3.48937) | LR 5.00e-06
2026-07-31 23:17:21,207 INFO Epoch 27 | Batch 550/593 | Loss 5.31692 (Pin 0.87981 [q90 0.42947, q10 0.45034], MS 1.26819, Freq 3.52103) | LR 5.00e-06
2026-07-31 23:18:32,971 INFO Epoch 27 | Val Loss 6.10233 (Pin 0.83359 [q90 0.41534, q10 0.41825], MS 2.16227, Freq 3.45163, L1 1.80939, Spectral 0.32848, Gradient 0.53636) | CRPS 1.19454
2026-07-31 23:18:32,972 INFO Epoch 27 | Coverage q10/q50/q90 = 0.082/0.495/0.905 (nominal .10/.50/.90) | extreme tail = 0.112/0.455/0.855
2026-07-31 23:18:33,142 INFO Epoch 27 | Val crps did not improve (1/50 val checks since best=1.19112)
2026-07-31 23:19:15,464 INFO Epoch 28 | Batch 50/593 | Loss 5.28513 (Pin 0.86689 [q90 0.42221, q10 0.44468], MS 1.24735, Freq 3.52321) | LR 5.00e-06
2026-07-31 23:19:57,701 INFO Epoch 28 | Batch 100/593 | Loss 5.30606 (Pin 0.88010 [q90 0.43312, q10 0.44698], MS 1.29427, Freq 3.47966) | LR 5.00e-06
2026-07-31 23:20:39,946 INFO Epoch 28 | Batch 150/593 | Loss 5.37072 (Pin 0.88953 [q90 0.43270, q10 0.45683], MS 1.30408, Freq 3.53012) | LR 5.00e-06
2026-07-31 23:21:22,205 INFO Epoch 28 | Batch 200/593 | Loss 5.42349 (Pin 0.88364 [q90 0.43686, q10 0.44678], MS 1.29206, Freq 3.60865) | LR 5.00e-06
2026-07-31 23:22:04,473 INFO Epoch 28 | Batch 250/593 | Loss 5.35836 (Pin 0.88198 [q90 0.43304, q10 0.44894], MS 1.30303, Freq 3.52594) | LR 5.00e-06
2026-07-31 23:22:46,734 INFO Epoch 28 | Batch 300/593 | Loss 5.20750 (Pin 0.86923 [q90 0.42126, q10 0.44797], MS 1.18749, Freq 3.50087) | LR 5.00e-06
2026-07-31 23:23:28,955 INFO Epoch 28 | Batch 350/593 | Loss 5.28108 (Pin 0.87244 [q90 0.42818, q10 0.44426], MS 1.21169, Freq 3.55216) | LR 5.00e-06
2026-07-31 23:24:11,147 INFO Epoch 28 | Batch 400/593 | Loss 5.26847 (Pin 0.86055 [q90 0.41627, q10 0.44428], MS 1.26075, Freq 3.49685) | LR 5.00e-06
2026-07-31 23:24:53,342 INFO Epoch 28 | Batch 450/593 | Loss 5.33446 (Pin 0.85891 [q90 0.41702, q10 0.44189], MS 1.32114, Freq 3.50489) | LR 5.00e-06
2026-07-31 23:25:35,546 INFO Epoch 28 | Batch 500/593 | Loss 5.38166 (Pin 0.88982 [q90 0.44048, q10 0.44934], MS 1.30049, Freq 3.54595) | LR 5.00e-06
2026-07-31 23:26:17,760 INFO Epoch 28 | Batch 550/593 | Loss 5.27364 (Pin 0.87921 [q90 0.43106, q10 0.44815], MS 1.28040, Freq 3.46002) | LR 5.00e-06
2026-07-31 23:27:30,158 INFO Epoch 28 | Val Loss 6.06844 (Pin 0.83490 [q90 0.41410, q10 0.42080], MS 2.14469, Freq 3.43205, L1 1.80095, Spectral 0.32886, Gradient 0.53897) | CRPS 1.19302
2026-07-31 23:27:30,159 INFO Epoch 28 | Coverage q10/q50/q90 = 0.075/0.492/0.910 (nominal .10/.50/.90) | extreme tail = 0.101/0.447/0.862
2026-07-31 23:27:30,327 INFO Epoch 28 | Val crps did not improve (2/50 val checks since best=1.19112)
2026-07-31 23:28:12,649 INFO Epoch 29 | Batch 50/593 | Loss 5.26471 (Pin 0.87880 [q90 0.42899, q10 0.44982], MS 1.25287, Freq 3.48115) | LR 5.00e-06
2026-07-31 23:28:54,917 INFO Epoch 29 | Batch 100/593 | Loss 5.43974 (Pin 0.88477 [q90 0.43072, q10 0.45405], MS 1.36318, Freq 3.54644) | LR 5.00e-06
2026-07-31 23:29:37,189 INFO Epoch 29 | Batch 150/593 | Loss 5.18581 (Pin 0.83793 [q90 0.41149, q10 0.42644], MS 1.24865, Freq 3.44360) | LR 5.00e-06
2026-07-31 23:30:19,447 INFO Epoch 29 | Batch 200/593 | Loss 5.31765 (Pin 0.87356 [q90 0.42748, q10 0.44608], MS 1.27439, Freq 3.52190) | LR 5.00e-06
2026-07-31 23:31:01,724 INFO Epoch 29 | Batch 250/593 | Loss 5.31485 (Pin 0.89600 [q90 0.44028, q10 0.45572], MS 1.20659, Freq 3.56918) | LR 5.00e-06
2026-07-31 23:31:43,957 INFO Epoch 29 | Batch 300/593 | Loss 5.48334 (Pin 0.89491 [q90 0.43541, q10 0.45950], MS 1.35456, Freq 3.59319) | LR 5.00e-06
2026-07-31 23:32:26,217 INFO Epoch 29 | Batch 350/593 | Loss 5.33865 (Pin 0.87974 [q90 0.42853, q10 0.45122], MS 1.28200, Freq 3.52991) | LR 5.00e-06
2026-07-31 23:33:08,461 INFO Epoch 29 | Batch 400/593 | Loss 5.22271 (Pin 0.86348 [q90 0.42890, q10 0.43459], MS 1.24894, Freq 3.45587) | LR 5.00e-06
2026-07-31 23:33:50,704 INFO Epoch 29 | Batch 450/593 | Loss 5.41577 (Pin 0.87615 [q90 0.43649, q10 0.43966], MS 1.34588, Freq 3.54860) | LR 5.00e-06
2026-07-31 23:34:32,969 INFO Epoch 29 | Batch 500/593 | Loss 5.22054 (Pin 0.85704 [q90 0.41571, q10 0.44132], MS 1.21278, Freq 3.50080) | LR 5.00e-06
2026-07-31 23:35:15,206 INFO Epoch 29 | Batch 550/593 | Loss 5.31509 (Pin 0.89403 [q90 0.43261, q10 0.46142], MS 1.21572, Freq 3.56149) | LR 5.00e-06
2026-07-31 23:36:27,667 INFO Epoch 29 | Val Loss 6.05223 (Pin 0.83065 [q90 0.41373, q10 0.41691], MS 2.11208, Freq 3.45501, L1 1.80387, Spectral 0.32823, Gradient 0.53587) | CRPS 1.19134
2026-07-31 23:36:27,668 INFO Epoch 29 | Coverage q10/q50/q90 = 0.076/0.483/0.906 (nominal .10/.50/.90) | extreme tail = 0.105/0.455/0.860
2026-07-31 23:36:27,837 INFO Epoch 29 | Val crps did not improve (3/50 val checks since best=1.19112)
2026-07-31 23:37:10,172 INFO Epoch 30 | Batch 50/593 | Loss 5.14096 (Pin 0.85576 [q90 0.41674, q10 0.43902], MS 1.14229, Freq 3.49211) | LR 5.00e-06
2026-07-31 23:37:52,445 INFO Epoch 30 | Batch 100/593 | Loss 5.27500 (Pin 0.88664 [q90 0.42900, q10 0.45764], MS 1.18698, Freq 3.55709) | LR 5.00e-06
2026-07-31 23:38:34,690 INFO Epoch 30 | Batch 150/593 | Loss 5.19524 (Pin 0.84586 [q90 0.41371, q10 0.43216], MS 1.24088, Freq 3.45388) | LR 5.00e-06
2026-07-31 23:39:16,966 INFO Epoch 30 | Batch 200/593 | Loss 5.45944 (Pin 0.89491 [q90 0.44434, q10 0.45057], MS 1.39287, Freq 3.52407) | LR 5.00e-06
2026-07-31 23:39:59,225 INFO Epoch 30 | Batch 250/593 | Loss 5.35561 (Pin 0.88525 [q90 0.42766, q10 0.45759], MS 1.30636, Freq 3.51557) | LR 5.00e-06
2026-07-31 23:40:41,492 INFO Epoch 30 | Batch 300/593 | Loss 5.27640 (Pin 0.86826 [q90 0.42602, q10 0.44223], MS 1.24543, Freq 3.51413) | LR 5.00e-06
2026-07-31 23:41:23,758 INFO Epoch 30 | Batch 350/593 | Loss 5.39295 (Pin 0.88822 [q90 0.43600, q10 0.45222], MS 1.33042, Freq 3.52701) | LR 5.00e-06
2026-07-31 23:42:06,020 INFO Epoch 30 | Batch 400/593 | Loss 5.29499 (Pin 0.86847 [q90 0.42743, q10 0.44104], MS 1.24906, Freq 3.53051) | LR 5.00e-06
2026-07-31 23:42:48,297 INFO Epoch 30 | Batch 450/593 | Loss 5.35522 (Pin 0.85836 [q90 0.42098, q10 0.43738], MS 1.31923, Freq 3.53071) | LR 5.00e-06
2026-07-31 23:43:30,573 INFO Epoch 30 | Batch 500/593 | Loss 5.34567 (Pin 0.88756 [q90 0.43565, q10 0.45191], MS 1.24353, Freq 3.57176) | LR 5.00e-06
2026-07-31 23:44:12,854 INFO Epoch 30 | Batch 550/593 | Loss 5.27311 (Pin 0.89135 [q90 0.43542, q10 0.45593], MS 1.21267, Freq 3.52122) | LR 5.00e-06
2026-07-31 23:45:25,023 INFO Epoch 30 | Val Loss 6.07172 (Pin 0.83490 [q90 0.41389, q10 0.42101], MS 2.12329, Freq 3.45948, L1 1.80899, Spectral 0.32813, Gradient 0.53728) | CRPS 1.19643
2026-07-31 23:45:25,024 INFO Epoch 30 | Coverage q10/q50/q90 = 0.071/0.462/0.904 (nominal .10/.50/.90) | extreme tail = 0.098/0.425/0.857
2026-07-31 23:45:25,261 INFO Epoch 30 | Val crps did not improve (4/50 val checks since best=1.19112)
2026-07-31 23:46:07,531 INFO Epoch 31 | Batch 50/593 | Loss 5.31130 (Pin 0.87782 [q90 0.42280, q10 0.45502], MS 1.23992, Freq 3.54840) | LR 5.00e-06
2026-07-31 23:46:49,731 INFO Epoch 31 | Batch 100/593 | Loss 5.30140 (Pin 0.86933 [q90 0.43042, q10 0.43891], MS 1.25706, Freq 3.52778) | LR 5.00e-06
2026-07-31 23:47:31,930 INFO Epoch 31 | Batch 150/593 | Loss 5.33142 (Pin 0.87063 [q90 0.42408, q10 0.44655], MS 1.30424, Freq 3.50729) | LR 5.00e-06
2026-07-31 23:48:14,122 INFO Epoch 31 | Batch 200/593 | Loss 5.29604 (Pin 0.87588 [q90 0.42988, q10 0.44600], MS 1.28467, Freq 3.48388) | LR 5.00e-06
2026-07-31 23:48:56,317 INFO Epoch 31 | Batch 250/593 | Loss 5.39356 (Pin 0.88168 [q90 0.43191, q10 0.44976], MS 1.30040, Freq 3.56831) | LR 5.00e-06
2026-07-31 23:49:38,520 INFO Epoch 31 | Batch 300/593 | Loss 5.26912 (Pin 0.86435 [q90 0.42889, q10 0.43545], MS 1.25025, Freq 3.50503) | LR 5.00e-06
2026-07-31 23:50:20,725 INFO Epoch 31 | Batch 350/593 | Loss 5.34377 (Pin 0.89386 [q90 0.43791, q10 0.45595], MS 1.29906, Freq 3.50095) | LR 5.00e-06
2026-07-31 23:51:02,933 INFO Epoch 31 | Batch 400/593 | Loss 5.34244 (Pin 0.88231 [q90 0.42898, q10 0.45333], MS 1.28066, Freq 3.53276) | LR 5.00e-06
2026-07-31 23:51:45,138 INFO Epoch 31 | Batch 450/593 | Loss 5.26585 (Pin 0.87369 [q90 0.43028, q10 0.44341], MS 1.28510, Freq 3.45228) | LR 5.00e-06
2026-07-31 23:52:27,309 INFO Epoch 31 | Batch 500/593 | Loss 5.28527 (Pin 0.86563 [q90 0.42650, q10 0.43913], MS 1.25281, Freq 3.51870) | LR 5.00e-06
2026-07-31 23:53:09,495 INFO Epoch 31 | Batch 550/593 | Loss 5.36384 (Pin 0.87439 [q90 0.42588, q10 0.44852], MS 1.29144, Freq 3.55334) | LR 5.00e-06
2026-07-31 23:54:21,247 INFO Epoch 31 | Val Loss 6.05887 (Pin 0.83234 [q90 0.41402, q10 0.41832], MS 2.12374, Freq 3.44755, L1 1.80661, Spectral 0.32531, Gradient 0.52936) | CRPS 1.19319
2026-07-31 23:54:21,248 INFO Epoch 31 | Coverage q10/q50/q90 = 0.075/0.476/0.901 (nominal .10/.50/.90) | extreme tail = 0.107/0.454/0.863
2026-07-31 23:54:21,491 INFO Epoch 31 | Val crps did not improve (5/50 val checks since best=1.19112)
2026-07-31 23:55:03,833 INFO Epoch 32 | Batch 50/593 | Loss 5.35017 (Pin 0.88419 [q90 0.43328, q10 0.45092], MS 1.25364, Freq 3.56926) | LR 5.00e-06
2026-07-31 23:55:46,086 INFO Epoch 32 | Batch 100/593 | Loss 5.29060 (Pin 0.87378 [q90 0.42720, q10 0.44658], MS 1.27554, Freq 3.49031) | LR 5.00e-06
2026-07-31 23:56:28,363 INFO Epoch 32 | Batch 150/593 | Loss 5.38545 (Pin 0.89234 [q90 0.43390, q10 0.45844], MS 1.32386, Freq 3.52140) | LR 5.00e-06
2026-07-31 23:57:10,617 INFO Epoch 32 | Batch 200/593 | Loss 5.32219 (Pin 0.86721 [q90 0.42249, q10 0.44472], MS 1.32313, Freq 3.47984) | LR 5.00e-06
2026-07-31 23:57:52,890 INFO Epoch 32 | Batch 250/593 | Loss 5.25006 (Pin 0.87336 [q90 0.42411, q10 0.44924], MS 1.19449, Freq 3.53580) | LR 5.00e-06
2026-07-31 23:58:35,158 INFO Epoch 32 | Batch 300/593 | Loss 5.25159 (Pin 0.86727 [q90 0.42742, q10 0.43986], MS 1.22581, Freq 3.50945) | LR 5.00e-06
2026-07-31 23:59:17,410 INFO Epoch 32 | Batch 350/593 | Loss 5.41544 (Pin 0.89090 [q90 0.44318, q10 0.44772], MS 1.34693, Freq 3.53068) | LR 5.00e-06
2026-07-31 23:59:59,638 INFO Epoch 32 | Batch 400/593 | Loss 5.27820 (Pin 0.86828 [q90 0.43259, q10 0.43570], MS 1.24008, Freq 3.52204) | LR 5.00e-06
2026-08-01 00:00:41,893 INFO Epoch 32 | Batch 450/593 | Loss 5.28107 (Pin 0.86900 [q90 0.42200, q10 0.44700], MS 1.24783, Freq 3.51583) | LR 5.00e-06
2026-08-01 00:01:24,136 INFO Epoch 32 | Batch 500/593 | Loss 5.18985 (Pin 0.84823 [q90 0.41304, q10 0.43518], MS 1.22964, Freq 3.45777) | LR 5.00e-06
2026-08-01 00:02:06,391 INFO Epoch 32 | Batch 550/593 | Loss 5.27106 (Pin 0.87095 [q90 0.42699, q10 0.44396], MS 1.25220, Freq 3.49769) | LR 5.00e-06
2026-08-01 00:03:18,482 INFO Epoch 32 | Val Loss 6.08441 (Pin 0.83263 [q90 0.41324, q10 0.41940], MS 2.11192, Freq 3.48873, L1 1.81809, Spectral 0.33335, Gradient 0.54953) | CRPS 1.19891
2026-08-01 00:03:18,483 INFO Epoch 32 | Coverage q10/q50/q90 = 0.072/0.489/0.910 (nominal .10/.50/.90) | extreme tail = 0.104/0.450/0.865
2026-08-01 00:03:18,724 INFO Epoch 32 | Val crps did not improve (6/50 val checks since best=1.19112)
2026-08-01 00:04:01,036 INFO Epoch 33 | Batch 50/593 | Loss 5.28313 (Pin 0.88248 [q90 0.42872, q10 0.45376], MS 1.23148, Freq 3.52130) | LR 5.00e-06
2026-08-01 00:04:43,307 INFO Epoch 33 | Batch 100/593 | Loss 5.30248 (Pin 0.89560 [q90 0.44357, q10 0.45203], MS 1.23698, Freq 3.52211) | LR 5.00e-06
2026-08-01 00:05:25,567 INFO Epoch 33 | Batch 150/593 | Loss 5.32709 (Pin 0.89772 [q90 0.44143, q10 0.45629], MS 1.20793, Freq 3.57937) | LR 5.00e-06
2026-08-01 00:06:07,851 INFO Epoch 33 | Batch 200/593 | Loss 5.29239 (Pin 0.86891 [q90 0.42077, q10 0.44814], MS 1.26361, Freq 3.51096) | LR 5.00e-06
2026-08-01 00:06:50,090 INFO Epoch 33 | Batch 250/593 | Loss 5.39645 (Pin 0.90446 [q90 0.44392, q10 0.46054], MS 1.23355, Freq 3.62050) | LR 5.00e-06
2026-08-01 00:07:32,346 INFO Epoch 33 | Batch 300/593 | Loss 5.19010 (Pin 0.84636 [q90 0.41621, q10 0.43015], MS 1.22957, Freq 3.46019) | LR 5.00e-06
2026-08-01 00:08:14,621 INFO Epoch 33 | Batch 350/593 | Loss 5.23095 (Pin 0.87075 [q90 0.41990, q10 0.45085], MS 1.18286, Freq 3.53038) | LR 5.00e-06
2026-08-01 00:08:56,866 INFO Epoch 33 | Batch 400/593 | Loss 5.29740 (Pin 0.86496 [q90 0.42430, q10 0.44066], MS 1.30904, Freq 3.47044) | LR 5.00e-06
2026-08-01 00:09:39,116 INFO Epoch 33 | Batch 450/593 | Loss 5.29840 (Pin 0.87456 [q90 0.43082, q10 0.44373], MS 1.26193, Freq 3.51323) | LR 5.00e-06
2026-08-01 00:10:21,379 INFO Epoch 33 | Batch 500/593 | Loss 5.34058 (Pin 0.86452 [q90 0.42403, q10 0.44049], MS 1.31403, Freq 3.51337) | LR 5.00e-06
2026-08-01 00:11:03,668 INFO Epoch 33 | Batch 550/593 | Loss 5.21884 (Pin 0.86607 [q90 0.42459, q10 0.44148], MS 1.22608, Freq 3.47411) | LR 5.00e-06
2026-08-01 00:12:15,455 INFO Epoch 33 | Val Loss 6.06301 (Pin 0.82997 [q90 0.41397, q10 0.41600], MS 2.13007, Freq 3.44774, L1 1.80165, Spectral 0.32818, Gradient 0.53593) | CRPS 1.18934
2026-08-01 00:12:15,456 INFO Epoch 33 | Coverage q10/q50/q90 = 0.078/0.481/0.905 (nominal .10/.50/.90) | extreme tail = 0.107/0.457/0.852
2026-08-01 00:12:15,931 INFO New best val crps: 1.18934 (saved checkpoints/best.pth)
2026-08-01 00:12:58,240 INFO Epoch 34 | Batch 50/593 | Loss 5.22923 (Pin 0.85876 [q90 0.41847, q10 0.44030], MS 1.23262, Freq 3.48649) | LR 5.00e-06
2026-08-01 00:13:40,497 INFO Epoch 34 | Batch 100/593 | Loss 5.26577 (Pin 0.87045 [q90 0.42694, q10 0.44350], MS 1.28849, Freq 3.45203) | LR 5.00e-06
2026-08-01 00:14:22,761 INFO Epoch 34 | Batch 150/593 | Loss 5.32116 (Pin 0.87847 [q90 0.43044, q10 0.44804], MS 1.26018, Freq 3.53612) | LR 5.00e-06
2026-08-01 00:15:05,016 INFO Epoch 34 | Batch 200/593 | Loss 5.40048 (Pin 0.89117 [q90 0.43976, q10 0.45141], MS 1.30403, Freq 3.56141) | LR 5.00e-06
2026-08-01 00:15:47,274 INFO Epoch 34 | Batch 250/593 | Loss 5.28482 (Pin 0.86682 [q90 0.42703, q10 0.43979], MS 1.27730, Freq 3.48966) | LR 5.00e-06
2026-08-01 00:16:29,541 INFO Epoch 34 | Batch 300/593 | Loss 5.31229 (Pin 0.86008 [q90 0.42316, q10 0.43691], MS 1.28080, Freq 3.52380) | LR 5.00e-06
2026-08-01 00:17:11,813 INFO Epoch 34 | Batch 350/593 | Loss 5.29477 (Pin 0.88000 [q90 0.43060, q10 0.44940], MS 1.26667, Freq 3.49790) | LR 5.00e-06
2026-08-01 00:17:54,069 INFO Epoch 34 | Batch 400/593 | Loss 5.30125 (Pin 0.89871 [q90 0.43699, q10 0.46172], MS 1.19938, Freq 3.55906) | LR 5.00e-06
2026-08-01 00:18:36,338 INFO Epoch 34 | Batch 450/593 | Loss 5.38671 (Pin 0.88396 [q90 0.43109, q10 0.45287], MS 1.30291, Freq 3.55539) | LR 5.00e-06
2026-08-01 00:19:18,604 INFO Epoch 34 | Batch 500/593 | Loss 5.31512 (Pin 0.87211 [q90 0.42511, q10 0.44700], MS 1.26553, Freq 3.53053) | LR 5.00e-06
2026-08-01 00:20:00,896 INFO Epoch 34 | Batch 550/593 | Loss 5.38654 (Pin 0.89254 [q90 0.43387, q10 0.45866], MS 1.28314, Freq 3.56762) | LR 5.00e-06
2026-08-01 00:21:12,702 INFO Epoch 34 | Val Loss 6.04383 (Pin 0.83019 [q90 0.41433, q10 0.41585], MS 2.11375, Freq 3.44432, L1 1.79989, Spectral 0.32491, Gradient 0.52581) | CRPS 1.18826
2026-08-01 00:21:12,703 INFO Epoch 34 | Coverage q10/q50/q90 = 0.075/0.474/0.901 (nominal .10/.50/.90) | extreme tail = 0.107/0.447/0.849
2026-08-01 00:21:13,168 INFO New best val crps: 1.18826 (saved checkpoints/best.pth)
2026-08-01 00:21:55,485 INFO Epoch 35 | Batch 50/593 | Loss 5.28803 (Pin 0.86135 [q90 0.42692, q10 0.43443], MS 1.30984, Freq 3.46315) | LR 5.00e-06
2026-08-01 00:22:37,731 INFO Epoch 35 | Batch 100/593 | Loss 5.17749 (Pin 0.85721 [q90 0.42105, q10 0.43615], MS 1.18436, Freq 3.48436) | LR 5.00e-06
2026-08-01 00:23:19,993 INFO Epoch 35 | Batch 150/593 | Loss 5.32903 (Pin 0.88294 [q90 0.43521, q10 0.44773], MS 1.24900, Freq 3.55232) | LR 5.00e-06
2026-08-01 00:24:02,269 INFO Epoch 35 | Batch 200/593 | Loss 5.29582 (Pin 0.86317 [q90 0.42061, q10 0.44256], MS 1.27623, Freq 3.50713) | LR 5.00e-06
2026-08-01 00:24:44,552 INFO Epoch 35 | Batch 250/593 | Loss 5.27167 (Pin 0.87871 [q90 0.42719, q10 0.45152], MS 1.25018, Freq 3.49197) | LR 5.00e-06
2026-08-01 00:25:26,789 INFO Epoch 35 | Batch 300/593 | Loss 5.23583 (Pin 0.87497 [q90 0.42782, q10 0.44716], MS 1.18612, Freq 3.52748) | LR 5.00e-06
2026-08-01 00:26:09,066 INFO Epoch 35 | Batch 350/593 | Loss 5.22739 (Pin 0.86881 [q90 0.42251, q10 0.44629], MS 1.21598, Freq 3.49178) | LR 5.00e-06
2026-08-01 00:26:51,321 INFO Epoch 35 | Batch 400/593 | Loss 5.32591 (Pin 0.87737 [q90 0.42554, q10 0.45183], MS 1.27319, Freq 3.52817) | LR 5.00e-06
2026-08-01 00:27:33,579 INFO Epoch 35 | Batch 450/593 | Loss 5.34052 (Pin 0.88569 [q90 0.43743, q10 0.44826], MS 1.25442, Freq 3.55601) | LR 5.00e-06
2026-08-01 00:28:15,838 INFO Epoch 35 | Batch 500/593 | Loss 5.39426 (Pin 0.89845 [q90 0.43691, q10 0.46154], MS 1.30598, Freq 3.54426) | LR 5.00e-06
2026-08-01 00:28:58,092 INFO Epoch 35 | Batch 550/593 | Loss 5.25436 (Pin 0.86504 [q90 0.42352, q10 0.44152], MS 1.23088, Freq 3.50937) | LR 5.00e-06
2026-08-01 00:30:10,186 INFO Epoch 35 | Val Loss 6.05813 (Pin 0.83005 [q90 0.41428, q10 0.41578], MS 2.13104, Freq 3.44115, L1 1.79785, Spectral 0.32830, Gradient 0.53485) | CRPS 1.18739
2026-08-01 00:30:10,187 INFO Epoch 35 | Coverage q10/q50/q90 = 0.080/0.490/0.905 (nominal .10/.50/.90) | extreme tail = 0.111/0.463/0.859
2026-08-01 00:30:10,649 INFO New best val crps: 1.18739 (saved checkpoints/best.pth)
2026-08-01 00:30:52,959 INFO Epoch 36 | Batch 50/593 | Loss 5.19939 (Pin 0.86626 [q90 0.42021, q10 0.44605], MS 1.19624, Freq 3.48543) | LR 5.00e-06
2026-08-01 00:31:35,208 INFO Epoch 36 | Batch 100/593 | Loss 5.33527 (Pin 0.88705 [q90 0.43575, q10 0.45130], MS 1.25099, Freq 3.55248) | LR 5.00e-06
2026-08-01 00:32:17,457 INFO Epoch 36 | Batch 150/593 | Loss 5.29634 (Pin 0.85781 [q90 0.41081, q10 0.44700], MS 1.34281, Freq 3.43969) | LR 5.00e-06
2026-08-01 00:32:59,728 INFO Epoch 36 | Batch 200/593 | Loss 5.35771 (Pin 0.87532 [q90 0.43045, q10 0.44487], MS 1.32670, Freq 3.50632) | LR 5.00e-06
2026-08-01 00:33:41,998 INFO Epoch 36 | Batch 250/593 | Loss 5.26620 (Pin 0.86791 [q90 0.42710, q10 0.44080], MS 1.23487, Freq 3.51491) | LR 5.00e-06
2026-08-01 00:34:24,278 INFO Epoch 36 | Batch 300/593 | Loss 5.33429 (Pin 0.86613 [q90 0.42853, q10 0.43759], MS 1.31272, Freq 3.50605) | LR 5.00e-06
2026-08-01 00:35:06,647 INFO Epoch 36 | Batch 350/593 | Loss 5.44342 (Pin 0.88372 [q90 0.42854, q10 0.45518], MS 1.34658, Freq 3.57013) | LR 5.00e-06
2026-08-01 00:35:48,860 INFO Epoch 36 | Batch 400/593 | Loss 5.38003 (Pin 0.86895 [q90 0.42539, q10 0.44356], MS 1.34241, Freq 3.52075) | LR 5.00e-06
2026-08-01 00:36:31,076 INFO Epoch 36 | Batch 450/593 | Loss 5.25811 (Pin 0.86206 [q90 0.42838, q10 0.43368], MS 1.27937, Freq 3.46298) | LR 5.00e-06
2026-08-01 00:37:13,279 INFO Epoch 36 | Batch 500/593 | Loss 5.22324 (Pin 0.86863 [q90 0.42748, q10 0.44115], MS 1.19577, Freq 3.50983) | LR 5.00e-06
2026-08-01 00:37:55,478 INFO Epoch 36 | Batch 550/593 | Loss 5.42922 (Pin 0.89250 [q90 0.43365, q10 0.45885], MS 1.30681, Freq 3.58879) | LR 5.00e-06
2026-08-01 00:39:07,906 INFO Epoch 36 | Val Loss 6.05729 (Pin 0.83241 [q90 0.41488, q10 0.41753], MS 2.14508, Freq 3.42201, L1 1.79913, Spectral 0.32695, Gradient 0.53006) | CRPS 1.18936
2026-08-01 00:39:07,907 INFO Epoch 36 | Coverage q10/q50/q90 = 0.075/0.479/0.905 (nominal .10/.50/.90) | extreme tail = 0.109/0.441/0.852
2026-08-01 00:39:08,147 INFO Epoch 36 | Val crps did not improve (1/50 val checks since best=1.18739)
2026-08-01 00:39:50,469 INFO Epoch 37 | Batch 50/593 | Loss 5.25028 (Pin 0.85924 [q90 0.41938, q10 0.43986], MS 1.25162, Freq 3.48825) | LR 5.00e-06
2026-08-01 00:40:32,738 INFO Epoch 37 | Batch 100/593 | Loss 5.23524 (Pin 0.86307 [q90 0.42821, q10 0.43486], MS 1.21929, Freq 3.50319) | LR 5.00e-06
2026-08-01 00:41:14,998 INFO Epoch 37 | Batch 150/593 | Loss 5.37293 (Pin 0.90144 [q90 0.44173, q10 0.45971], MS 1.28695, Freq 3.53838) | LR 5.00e-06
2026-08-01 00:41:57,229 INFO Epoch 37 | Batch 200/593 | Loss 5.30241 (Pin 0.86636 [q90 0.42370, q10 0.44266], MS 1.26122, Freq 3.52758) | LR 5.00e-06
2026-08-01 00:42:39,468 INFO Epoch 37 | Batch 250/593 | Loss 5.18200 (Pin 0.84905 [q90 0.41253, q10 0.43652], MS 1.21021, Freq 3.46971) | LR 5.00e-06
2026-08-01 00:43:21,722 INFO Epoch 37 | Batch 300/593 | Loss 5.27484 (Pin 0.88471 [q90 0.43729, q10 0.44743], MS 1.23195, Freq 3.50908) | LR 5.00e-06
2026-08-01 00:44:03,990 INFO Epoch 37 | Batch 350/593 | Loss 5.35482 (Pin 0.88036 [q90 0.43132, q10 0.44903], MS 1.29522, Freq 3.53248) | LR 5.00e-06
2026-08-01 00:44:46,239 INFO Epoch 37 | Batch 400/593 | Loss 5.41038 (Pin 0.89582 [q90 0.43479, q10 0.46103], MS 1.31162, Freq 3.55882) | LR 5.00e-06
2026-08-01 00:45:28,505 INFO Epoch 37 | Batch 450/593 | Loss 5.28859 (Pin 0.87466 [q90 0.42334, q10 0.45132], MS 1.27016, Freq 3.49308) | LR 5.00e-06
2026-08-01 00:46:10,759 INFO Epoch 37 | Batch 500/593 | Loss 5.28096 (Pin 0.87229 [q90 0.43011, q10 0.44218], MS 1.25712, Freq 3.50173) | LR 5.00e-06
2026-08-01 00:46:53,020 INFO Epoch 37 | Batch 550/593 | Loss 5.40456 (Pin 0.89412 [q90 0.44009, q10 0.45402], MS 1.31439, Freq 3.55117) | LR 5.00e-06
2026-08-01 00:48:05,465 INFO Epoch 37 | Val Loss 6.02885 (Pin 0.82951 [q90 0.41497, q10 0.41454], MS 2.15748, Freq 3.37985, L1 1.78465, Spectral 0.32351, Gradient 0.51838) | CRPS 1.18096
2026-08-01 00:48:05,466 INFO Epoch 37 | Coverage q10/q50/q90 = 0.082/0.481/0.896 (nominal .10/.50/.90) | extreme tail = 0.113/0.447/0.851
2026-08-01 00:48:05,946 INFO New best val crps: 1.18096 (saved checkpoints/best.pth)
2026-08-01 00:48:48,269 INFO Epoch 38 | Batch 50/593 | Loss 5.27205 (Pin 0.87429 [q90 0.42995, q10 0.44435], MS 1.24692, Freq 3.50093) | LR 5.00e-06
2026-08-01 00:49:30,539 INFO Epoch 38 | Batch 100/593 | Loss 5.29527 (Pin 0.88576 [q90 0.43185, q10 0.45391], MS 1.25167, Freq 3.50871) | LR 5.00e-06
2026-08-01 00:50:12,831 INFO Epoch 38 | Batch 150/593 | Loss 5.38062 (Pin 0.87272 [q90 0.42699, q10 0.44573], MS 1.34315, Freq 3.51639) | LR 5.00e-06
2026-08-01 00:50:55,086 INFO Epoch 38 | Batch 200/593 | Loss 5.25799 (Pin 0.87417 [q90 0.42787, q10 0.44630], MS 1.21982, Freq 3.51555) | LR 5.00e-06
2026-08-01 00:51:37,342 INFO Epoch 38 | Batch 250/593 | Loss 5.35604 (Pin 0.88269 [q90 0.42825, q10 0.45444], MS 1.30021, Freq 3.52571) | LR 5.00e-06
2026-08-01 00:52:19,599 INFO Epoch 38 | Batch 300/593 | Loss 5.26561 (Pin 0.85965 [q90 0.42223, q10 0.43742], MS 1.25136, Freq 3.50511) | LR 5.00e-06
2026-08-01 00:53:01,878 INFO Epoch 38 | Batch 350/593 | Loss 5.19712 (Pin 0.84730 [q90 0.41820, q10 0.42910], MS 1.25379, Freq 3.44004) | LR 5.00e-06
2026-08-01 00:53:44,131 INFO Epoch 38 | Batch 400/593 | Loss 5.29578 (Pin 0.88026 [q90 0.42783, q10 0.45243], MS 1.25020, Freq 3.51702) | LR 5.00e-06
2026-08-01 00:54:26,396 INFO Epoch 38 | Batch 450/593 | Loss 5.26630 (Pin 0.88063 [q90 0.43381, q10 0.44682], MS 1.20841, Freq 3.53030) | LR 5.00e-06
2026-08-01 00:55:08,645 INFO Epoch 38 | Batch 500/593 | Loss 5.24024 (Pin 0.85903 [q90 0.42449, q10 0.43455], MS 1.23710, Freq 3.49345) | LR 5.00e-06
2026-08-01 00:55:50,910 INFO Epoch 38 | Batch 550/593 | Loss 5.35937 (Pin 0.88250 [q90 0.42982, q10 0.45268], MS 1.33889, Freq 3.48664) | LR 5.00e-06
2026-08-01 00:57:03,397 INFO Epoch 38 | Val Loss 6.07990 (Pin 0.83057 [q90 0.41303, q10 0.41754], MS 2.13520, Freq 3.46014, L1 1.80352, Spectral 0.32699, Gradient 0.53458) | CRPS 1.19151
2026-08-01 00:57:03,398 INFO Epoch 38 | Coverage q10/q50/q90 = 0.072/0.488/0.911 (nominal .10/.50/.90) | extreme tail = 0.105/0.442/0.861
2026-08-01 00:57:03,645 INFO Epoch 38 | Val crps did not improve (1/50 val checks since best=1.18096)
2026-08-01 00:57:45,978 INFO Epoch 39 | Batch 50/593 | Loss 5.31904 (Pin 0.87089 [q90 0.42466, q10 0.44623], MS 1.31329, Freq 3.48318) | LR 5.00e-06
2026-08-01 00:58:28,219 INFO Epoch 39 | Batch 100/593 | Loss 5.23526 (Pin 0.87142 [q90 0.42743, q10 0.44399], MS 1.22697, Freq 3.48542) | LR 5.00e-06
2026-08-01 00:59:10,452 INFO Epoch 39 | Batch 150/593 | Loss 5.26180 (Pin 0.87465 [q90 0.42184, q10 0.45282], MS 1.23863, Freq 3.49835) | LR 5.00e-06
2026-08-01 00:59:52,700 INFO Epoch 39 | Batch 200/593 | Loss 5.27036 (Pin 0.86608 [q90 0.42757, q10 0.43851], MS 1.21073, Freq 3.54839) | LR 5.00e-06
2026-08-01 01:00:34,989 INFO Epoch 39 | Batch 250/593 | Loss 5.28610 (Pin 0.87108 [q90 0.42540, q10 0.44568], MS 1.26220, Freq 3.50312) | LR 5.00e-06
2026-08-01 01:01:17,246 INFO Epoch 39 | Batch 300/593 | Loss 5.29224 (Pin 0.86572 [q90 0.42511, q10 0.44061], MS 1.26495, Freq 3.51286) | LR 5.00e-06
2026-08-01 01:01:59,496 INFO Epoch 39 | Batch 350/593 | Loss 5.31061 (Pin 0.88389 [q90 0.43692, q10 0.44697], MS 1.24501, Freq 3.53522) | LR 5.00e-06
2026-08-01 01:02:41,750 INFO Epoch 39 | Batch 400/593 | Loss 5.24190 (Pin 0.86161 [q90 0.42367, q10 0.43794], MS 1.25142, Freq 3.47653) | LR 5.00e-06
2026-08-01 01:03:24,021 INFO Epoch 39 | Batch 450/593 | Loss 5.19352 (Pin 0.85608 [q90 0.41937, q10 0.43670], MS 1.20570, Freq 3.47972) | LR 5.00e-06
2026-08-01 01:04:06,292 INFO Epoch 39 | Batch 500/593 | Loss 5.39002 (Pin 0.89863 [q90 0.43408, q10 0.46455], MS 1.29329, Freq 3.55345) | LR 5.00e-06
2026-08-01 01:04:48,550 INFO Epoch 39 | Batch 550/593 | Loss 5.34385 (Pin 0.88963 [q90 0.43502, q10 0.45461], MS 1.23879, Freq 3.57269) | LR 5.00e-06
2026-08-01 01:06:00,629 INFO Epoch 39 | Val Loss 6.03834 (Pin 0.82882 [q90 0.41378, q10 0.41504], MS 2.14937, Freq 3.40017, L1 1.78355, Spectral 0.32253, Gradient 0.52021) | CRPS 1.18038
2026-08-01 01:06:00,630 INFO Epoch 39 | Coverage q10/q50/q90 = 0.083/0.497/0.907 (nominal .10/.50/.90) | extreme tail = 0.111/0.452/0.855
2026-08-01 01:06:01,110 INFO New best val crps: 1.18038 (saved checkpoints/best.pth)
2026-08-01 01:06:43,434 INFO Epoch 40 | Batch 50/593 | Loss 5.16129 (Pin 0.86988 [q90 0.42803, q10 0.44185], MS 1.15024, Freq 3.49019) | LR 2.50e-06
2026-08-01 01:07:25,668 INFO Epoch 40 | Batch 100/593 | Loss 5.19115 (Pin 0.87411 [q90 0.43093, q10 0.44319], MS 1.19969, Freq 3.46371) | LR 2.50e-06
2026-08-01 01:08:07,930 INFO Epoch 40 | Batch 150/593 | Loss 5.22156 (Pin 0.85363 [q90 0.41783, q10 0.43580], MS 1.23640, Freq 3.47947) | LR 2.50e-06
2026-08-01 01:08:50,186 INFO Epoch 40 | Batch 200/593 | Loss 5.33210 (Pin 0.88444 [q90 0.43577, q10 0.44867], MS 1.25085, Freq 3.55201) | LR 2.50e-06
2026-08-01 01:09:32,450 INFO Epoch 40 | Batch 250/593 | Loss 5.22713 (Pin 0.84940 [q90 0.41487, q10 0.43453], MS 1.25924, Freq 3.46498) | LR 2.50e-06
2026-08-01 01:10:14,686 INFO Epoch 40 | Batch 300/593 | Loss 5.25242 (Pin 0.88804 [q90 0.43240, q10 0.45563], MS 1.21378, Freq 3.50067) | LR 2.50e-06
2026-08-01 01:10:56,913 INFO Epoch 40 | Batch 350/593 | Loss 5.30328 (Pin 0.87658 [q90 0.42816, q10 0.44842], MS 1.26619, Freq 3.51169) | LR 2.50e-06
2026-08-01 01:11:39,165 INFO Epoch 40 | Batch 400/593 | Loss 5.37538 (Pin 0.88991 [q90 0.43799, q10 0.45193], MS 1.26395, Freq 3.57947) | LR 2.50e-06
2026-08-01 01:12:21,446 INFO Epoch 40 | Batch 450/593 | Loss 5.21806 (Pin 0.86565 [q90 0.41922, q10 0.44643], MS 1.19913, Freq 3.50365) | LR 2.50e-06
2026-08-01 01:13:03,706 INFO Epoch 40 | Batch 500/593 | Loss 5.25030 (Pin 0.86242 [q90 0.42636, q10 0.43606], MS 1.24803, Freq 3.48872) | LR 2.50e-06
2026-08-01 01:13:45,981 INFO Epoch 40 | Batch 550/593 | Loss 5.25728 (Pin 0.86599 [q90 0.42291, q10 0.44307], MS 1.21163, Freq 3.53296) | LR 2.50e-06
2026-08-01 01:14:57,754 INFO Epoch 40 | Val Loss 6.05100 (Pin 0.82877 [q90 0.41332, q10 0.41545], MS 2.11865, Freq 3.44842, L1 1.80178, Spectral 0.32824, Gradient 0.53510) | CRPS 1.18880
2026-08-01 01:14:57,754 INFO Epoch 40 | Coverage q10/q50/q90 = 0.079/0.487/0.904 (nominal .10/.50/.90) | extreme tail = 0.109/0.457/0.859
2026-08-01 01:14:58,013 INFO Epoch 40 | Val crps did not improve (1/50 val checks since best=1.18038)
2026-08-01 01:15:40,313 INFO Epoch 41 | Batch 50/593 | Loss 5.28975 (Pin 0.86628 [q90 0.42562, q10 0.44067], MS 1.25899, Freq 3.51608) | LR 2.50e-06
2026-08-01 01:16:22,579 INFO Epoch 41 | Batch 100/593 | Loss 5.23520 (Pin 0.86113 [q90 0.42261, q10 0.43852], MS 1.23918, Freq 3.48320) | LR 2.50e-06
2026-08-01 01:17:04,815 INFO Epoch 41 | Batch 150/593 | Loss 5.24293 (Pin 0.87376 [q90 0.42477, q10 0.44898], MS 1.23818, Freq 3.47889) | LR 2.50e-06
2026-08-01 01:17:47,040 INFO Epoch 41 | Batch 200/593 | Loss 5.21246 (Pin 0.87046 [q90 0.42535, q10 0.44511], MS 1.24048, Freq 3.44613) | LR 2.50e-06
2026-08-01 01:18:29,272 INFO Epoch 41 | Batch 250/593 | Loss 5.17126 (Pin 0.86424 [q90 0.41859, q10 0.44565], MS 1.18605, Freq 3.46774) | LR 2.50e-06
2026-08-01 01:19:11,480 INFO Epoch 41 | Batch 300/593 | Loss 5.29307 (Pin 0.89188 [q90 0.43739, q10 0.45448], MS 1.18745, Freq 3.57082) | LR 2.50e-06
2026-08-01 01:19:53,708 INFO Epoch 41 | Batch 350/593 | Loss 5.13834 (Pin 0.86545 [q90 0.42786, q10 0.43758], MS 1.14889, Freq 3.47111) | LR 2.50e-06
2026-08-01 01:20:35,957 INFO Epoch 41 | Batch 400/593 | Loss 5.17718 (Pin 0.85907 [q90 0.42212, q10 0.43695], MS 1.20697, Freq 3.45682) | LR 2.50e-06
2026-08-01 01:21:18,202 INFO Epoch 41 | Batch 450/593 | Loss 5.32077 (Pin 0.88761 [q90 0.43532, q10 0.45229], MS 1.23592, Freq 3.55250) | LR 2.50e-06
2026-08-01 01:22:00,448 INFO Epoch 41 | Batch 500/593 | Loss 5.31879 (Pin 0.87454 [q90 0.43156, q10 0.44298], MS 1.25895, Freq 3.53923) | LR 2.50e-06
2026-08-01 01:22:42,666 INFO Epoch 41 | Batch 550/593 | Loss 5.25334 (Pin 0.87751 [q90 0.42634, q10 0.45117], MS 1.21722, Freq 3.50957) | LR 2.50e-06
2026-08-01 01:23:54,834 INFO Epoch 41 | Val Loss 6.05728 (Pin 0.83140 [q90 0.41281, q10 0.41858], MS 2.11498, Freq 3.45656, L1 1.80747, Spectral 0.32778, Gradient 0.53617) | CRPS 1.19376
2026-08-01 01:23:54,835 INFO Epoch 41 | Coverage q10/q50/q90 = 0.071/0.470/0.903 (nominal .10/.50/.90) | extreme tail = 0.106/0.450/0.867
2026-08-01 01:23:55,298 INFO Epoch 41 | Val crps did not improve (2/50 val checks since best=1.18038)
2026-08-01 01:24:37,581 INFO Epoch 42 | Batch 50/593 | Loss 5.22766 (Pin 0.87034 [q90 0.42545, q10 0.44488], MS 1.23360, Freq 3.47081) | LR 2.50e-06
2026-08-01 01:25:19,831 INFO Epoch 42 | Batch 100/593 | Loss 5.23651 (Pin 0.86648 [q90 0.42375, q10 0.44273], MS 1.22326, Freq 3.49641) | LR 2.50e-06
2026-08-01 01:26:02,073 INFO Epoch 42 | Batch 150/593 | Loss 5.14648 (Pin 0.83948 [q90 0.41476, q10 0.42472], MS 1.21069, Freq 3.44034) | LR 2.50e-06
2026-08-01 01:26:44,315 INFO Epoch 42 | Batch 200/593 | Loss 5.35031 (Pin 0.90098 [q90 0.44184, q10 0.45915], MS 1.23052, Freq 3.57646) | LR 2.50e-06
2026-08-01 01:27:26,561 INFO Epoch 42 | Batch 250/593 | Loss 5.23897 (Pin 0.86840 [q90 0.42537, q10 0.44303], MS 1.21334, Freq 3.50804) | LR 2.50e-06
2026-08-01 01:28:08,786 INFO Epoch 42 | Batch 300/593 | Loss 5.28289 (Pin 0.89115 [q90 0.43477, q10 0.45637], MS 1.21848, Freq 3.52585) | LR 2.50e-06
2026-08-01 01:28:51,031 INFO Epoch 42 | Batch 350/593 | Loss 5.20903 (Pin 0.84243 [q90 0.41288, q10 0.42955], MS 1.26101, Freq 3.45065) | LR 2.50e-06
2026-08-01 01:29:33,269 INFO Epoch 42 | Batch 400/593 | Loss 5.31120 (Pin 0.87800 [q90 0.42906, q10 0.44895], MS 1.29475, Freq 3.48716) | LR 2.50e-06
2026-08-01 01:30:15,491 INFO Epoch 42 | Batch 450/593 | Loss 5.13803 (Pin 0.85789 [q90 0.42273, q10 0.43516], MS 1.15046, Freq 3.47742) | LR 2.50e-06
2026-08-01 01:30:57,717 INFO Epoch 42 | Batch 500/593 | Loss 5.25911 (Pin 0.87671 [q90 0.43129, q10 0.44542], MS 1.22417, Freq 3.50914) | LR 2.50e-06
2026-08-01 01:31:39,973 INFO Epoch 42 | Batch 550/593 | Loss 5.21895 (Pin 0.88018 [q90 0.43063, q10 0.44955], MS 1.18928, Freq 3.49944) | LR 2.50e-06
2026-08-01 01:32:51,809 INFO Epoch 42 | Val Loss 6.02167 (Pin 0.82898 [q90 0.41464, q10 0.41434], MS 2.11242, Freq 3.42253, L1 1.79099, Spectral 0.32411, Gradient 0.52538) | CRPS 1.18352
2026-08-01 01:32:51,809 INFO Epoch 42 | Coverage q10/q50/q90 = 0.081/0.484/0.902 (nominal .10/.50/.90) | extreme tail = 0.109/0.452/0.853
2026-08-01 01:32:52,065 INFO Epoch 42 | Val crps did not improve (3/50 val checks since best=1.18038)
2026-08-01 01:33:34,357 INFO Epoch 43 | Batch 50/593 | Loss 5.22032 (Pin 0.86408 [q90 0.43026, q10 0.43382], MS 1.18178, Freq 3.52718) | LR 2.50e-06
2026-08-01 01:34:16,596 INFO Epoch 43 | Batch 100/593 | Loss 5.16520 (Pin 0.86552 [q90 0.42569, q10 0.43983], MS 1.19527, Freq 3.44934) | LR 2.50e-06
2026-08-01 01:34:58,833 INFO Epoch 43 | Batch 150/593 | Loss 5.30383 (Pin 0.86259 [q90 0.42157, q10 0.44102], MS 1.24833, Freq 3.54768) | LR 2.50e-06
2026-08-01 01:35:41,083 INFO Epoch 43 | Batch 200/593 | Loss 5.14356 (Pin 0.85218 [q90 0.41203, q10 0.44015], MS 1.21217, Freq 3.42135) | LR 2.50e-06
2026-08-01 01:36:23,307 INFO Epoch 43 | Batch 250/593 | Loss 5.23100 (Pin 0.85943 [q90 0.41993, q10 0.43950], MS 1.22321, Freq 3.49818) | LR 2.50e-06
2026-08-01 01:37:05,561 INFO Epoch 43 | Batch 300/593 | Loss 5.15875 (Pin 0.86597 [q90 0.42480, q10 0.44117], MS 1.16736, Freq 3.47269) | LR 2.50e-06
2026-08-01 01:37:47,798 INFO Epoch 43 | Batch 350/593 | Loss 5.29704 (Pin 0.87730 [q90 0.42951, q10 0.44778], MS 1.24237, Freq 3.53041) | LR 2.50e-06
2026-08-01 01:38:30,029 INFO Epoch 43 | Batch 400/593 | Loss 5.34164 (Pin 0.88815 [q90 0.43487, q10 0.45327], MS 1.27229, Freq 3.53467) | LR 2.50e-06
2026-08-01 01:39:12,276 INFO Epoch 43 | Batch 450/593 | Loss 5.26399 (Pin 0.88110 [q90 0.43165, q10 0.44945], MS 1.20510, Freq 3.53089) | LR 2.50e-06
2026-08-01 01:39:54,514 INFO Epoch 43 | Batch 500/593 | Loss 5.10585 (Pin 0.84953 [q90 0.41505, q10 0.43448], MS 1.16484, Freq 3.43498) | LR 2.50e-06
2026-08-01 01:40:36,751 INFO Epoch 43 | Batch 550/593 | Loss 5.30434 (Pin 0.89582 [q90 0.44712, q10 0.44870], MS 1.22329, Freq 3.53914) | LR 2.50e-06
2026-08-01 01:41:49,202 INFO Epoch 43 | Val Loss 6.00836 (Pin 0.82987 [q90 0.41301, q10 0.41686], MS 2.10564, Freq 3.41428, L1 1.79261, Spectral 0.32657, Gradient 0.52926) | CRPS 1.18667
2026-08-01 01:41:49,202 INFO Epoch 43 | Coverage q10/q50/q90 = 0.074/0.472/0.901 (nominal .10/.50/.90) | extreme tail = 0.104/0.450/0.861
2026-08-01 01:41:49,460 INFO Epoch 43 | Val crps did not improve (4/50 val checks since best=1.18038)
2026-08-01 01:42:31,753 INFO Epoch 44 | Batch 50/593 | Loss 5.31719 (Pin 0.87481 [q90 0.43084, q10 0.44397], MS 1.29546, Freq 3.49657) | LR 2.50e-06
2026-08-01 01:43:13,979 INFO Epoch 44 | Batch 100/593 | Loss 5.25424 (Pin 0.87085 [q90 0.42771, q10 0.44314], MS 1.27666, Freq 3.45192) | LR 2.50e-06
2026-08-01 01:43:56,204 INFO Epoch 44 | Batch 150/593 | Loss 5.17356 (Pin 0.85019 [q90 0.41790, q10 0.43229], MS 1.21282, Freq 3.45617) | LR 2.50e-06
2026-08-01 01:44:38,453 INFO Epoch 44 | Batch 200/593 | Loss 5.31116 (Pin 0.89205 [q90 0.43743, q10 0.45462], MS 1.21227, Freq 3.56315) | LR 2.50e-06
2026-08-01 01:45:20,700 INFO Epoch 44 | Batch 250/593 | Loss 5.20539 (Pin 0.86621 [q90 0.42459, q10 0.44161], MS 1.22737, Freq 3.45757) | LR 2.50e-06
2026-08-01 01:46:02,969 INFO Epoch 44 | Batch 300/593 | Loss 5.13411 (Pin 0.85202 [q90 0.41847, q10 0.43355], MS 1.16502, Freq 3.46340) | LR 2.50e-06
2026-08-01 01:46:45,201 INFO Epoch 44 | Batch 350/593 | Loss 5.24748 (Pin 0.87155 [q90 0.42618, q10 0.44537], MS 1.18773, Freq 3.54245) | LR 2.50e-06
2026-08-01 01:47:27,445 INFO Epoch 44 | Batch 400/593 | Loss 5.27166 (Pin 0.87088 [q90 0.42166, q10 0.44923], MS 1.23167, Freq 3.52123) | LR 2.50e-06
2026-08-01 01:48:09,677 INFO Epoch 44 | Batch 450/593 | Loss 5.18987 (Pin 0.86154 [q90 0.42148, q10 0.44006], MS 1.18381, Freq 3.49391) | LR 2.50e-06
2026-08-01 01:48:51,901 INFO Epoch 44 | Batch 500/593 | Loss 5.24226 (Pin 0.87665 [q90 0.42955, q10 0.44709], MS 1.18716, Freq 3.53162) | LR 2.50e-06
2026-08-01 01:49:34,143 INFO Epoch 44 | Batch 550/593 | Loss 5.25854 (Pin 0.86282 [q90 0.42741, q10 0.43541], MS 1.26844, Freq 3.47476) | LR 2.50e-06
2026-08-01 01:50:45,901 INFO Epoch 44 | Val Loss 6.03280 (Pin 0.82871 [q90 0.41317, q10 0.41554], MS 2.10274, Freq 3.44594, L1 1.79908, Spectral 0.32832, Gradient 0.53598) | CRPS 1.18798
2026-08-01 01:50:45,902 INFO Epoch 44 | Coverage q10/q50/q90 = 0.075/0.488/0.906 (nominal .10/.50/.90) | extreme tail = 0.108/0.458/0.861
2026-08-01 01:50:46,152 INFO Epoch 44 | Val crps did not improve (5/50 val checks since best=1.18038)
2026-08-01 01:51:28,467 INFO Epoch 45 | Batch 50/593 | Loss 5.19111 (Pin 0.85309 [q90 0.41776, q10 0.43533], MS 1.19013, Freq 3.49766) | LR 2.50e-06
2026-08-01 01:52:10,702 INFO Epoch 45 | Batch 100/593 | Loss 5.30740 (Pin 0.89595 [q90 0.43963, q10 0.45633], MS 1.23479, Freq 3.52961) | LR 2.50e-06
2026-08-01 01:52:52,969 INFO Epoch 45 | Batch 150/593 | Loss 5.20302 (Pin 0.86599 [q90 0.42609, q10 0.43990], MS 1.15778, Freq 3.53251) | LR 2.50e-06
2026-08-01 01:53:35,230 INFO Epoch 45 | Batch 200/593 | Loss 5.20682 (Pin 0.87906 [q90 0.42965, q10 0.44941], MS 1.17155, Freq 3.50691) | LR 2.50e-06
2026-08-01 01:54:17,465 INFO Epoch 45 | Batch 250/593 | Loss 5.25629 (Pin 0.87049 [q90 0.42858, q10 0.44191], MS 1.23742, Freq 3.49821) | LR 2.50e-06
2026-08-01 01:54:59,717 INFO Epoch 45 | Batch 300/593 | Loss 5.24407 (Pin 0.87003 [q90 0.42477, q10 0.44526], MS 1.23422, Freq 3.48869) | LR 2.50e-06
2026-08-01 01:55:41,959 INFO Epoch 45 | Batch 350/593 | Loss 5.22585 (Pin 0.86629 [q90 0.42991, q10 0.43638], MS 1.19286, Freq 3.51856) | LR 2.50e-06
2026-08-01 01:56:24,218 INFO Epoch 45 | Batch 400/593 | Loss 5.25429 (Pin 0.87239 [q90 0.43105, q10 0.44134], MS 1.26362, Freq 3.46477) | LR 2.50e-06
2026-08-01 01:57:06,455 INFO Epoch 45 | Batch 450/593 | Loss 5.18948 (Pin 0.86507 [q90 0.42115, q10 0.44392], MS 1.17972, Freq 3.49410) | LR 2.50e-06
2026-08-01 01:57:48,718 INFO Epoch 45 | Batch 500/593 | Loss 5.23787 (Pin 0.87393 [q90 0.42927, q10 0.44466], MS 1.19783, Freq 3.51789) | LR 2.50e-06
2026-08-01 01:58:30,957 INFO Epoch 45 | Batch 550/593 | Loss 5.31746 (Pin 0.87738 [q90 0.42639, q10 0.45099], MS 1.25957, Freq 3.53390) | LR 2.50e-06
2026-08-01 01:59:43,481 INFO Epoch 45 | Val Loss 6.02372 (Pin 0.82963 [q90 0.41392, q10 0.41571], MS 2.12453, Freq 3.41063, L1 1.79341, Spectral 0.32667, Gradient 0.52992) | CRPS 1.18530
2026-08-01 01:59:43,482 INFO Epoch 45 | Coverage q10/q50/q90 = 0.078/0.484/0.901 (nominal .10/.50/.90) | extreme tail = 0.114/0.455/0.855
2026-08-01 01:59:43,736 INFO Epoch 45 | Val crps did not improve (6/50 val checks since best=1.18038)
2026-08-01 02:00:26,062 INFO Epoch 46 | Batch 50/593 | Loss 5.20977 (Pin 0.85979 [q90 0.42043, q10 0.43936], MS 1.20981, Freq 3.48908) | LR 2.50e-06
2026-08-01 02:01:08,287 INFO Epoch 46 | Batch 100/593 | Loss 5.20560 (Pin 0.86574 [q90 0.42573, q10 0.44002], MS 1.22660, Freq 3.45917) | LR 2.50e-06
2026-08-01 02:01:50,543 INFO Epoch 46 | Batch 150/593 | Loss 5.22130 (Pin 0.87340 [q90 0.42530, q10 0.44810], MS 1.20663, Freq 3.49031) | LR 2.50e-06
2026-08-01 02:02:32,810 INFO Epoch 46 | Batch 200/593 | Loss 5.11510 (Pin 0.83964 [q90 0.41685, q10 0.42279], MS 1.17810, Freq 3.44151) | LR 2.50e-06
2026-08-01 02:03:15,069 INFO Epoch 46 | Batch 250/593 | Loss 5.25112 (Pin 0.87897 [q90 0.43113, q10 0.44784], MS 1.20765, Freq 3.51612) | LR 2.50e-06
2026-08-01 02:03:57,346 INFO Epoch 46 | Batch 300/593 | Loss 5.11544 (Pin 0.83921 [q90 0.41590, q10 0.42332], MS 1.21284, Freq 3.40376) | LR 2.50e-06
2026-08-01 02:04:39,583 INFO Epoch 46 | Batch 350/593 | Loss 5.44831 (Pin 0.89795 [q90 0.43625, q10 0.46170], MS 1.30735, Freq 3.60334) | LR 2.50e-06
2026-08-01 02:05:21,843 INFO Epoch 46 | Batch 400/593 | Loss 5.31689 (Pin 0.89225 [q90 0.43597, q10 0.45628], MS 1.25734, Freq 3.51923) | LR 2.50e-06
2026-08-01 02:06:04,120 INFO Epoch 46 | Batch 450/593 | Loss 5.28115 (Pin 0.86728 [q90 0.43068, q10 0.43660], MS 1.24248, Freq 3.52376) | LR 2.50e-06
2026-08-01 02:06:46,393 INFO Epoch 46 | Batch 500/593 | Loss 5.24129 (Pin 0.87380 [q90 0.42432, q10 0.44947], MS 1.22922, Freq 3.48696) | LR 2.50e-06
2026-08-01 02:07:28,657 INFO Epoch 46 | Batch 550/593 | Loss 5.26840 (Pin 0.88080 [q90 0.43087, q10 0.44993], MS 1.20678, Freq 3.53424) | LR 2.50e-06
2026-08-01 02:08:40,504 INFO Epoch 46 | Val Loss 6.00657 (Pin 0.82826 [q90 0.41424, q10 0.41402], MS 2.11076, Freq 3.40839, L1 1.78684, Spectral 0.32652, Gradient 0.52835) | CRPS 1.18154
2026-08-01 02:08:40,505 INFO Epoch 46 | Coverage q10/q50/q90 = 0.084/0.498/0.903 (nominal .10/.50/.90) | extreme tail = 0.112/0.471/0.853
2026-08-01 02:08:40,755 INFO Epoch 46 | Val crps did not improve (7/50 val checks since best=1.18038)
2026-08-01 02:09:23,094 INFO Epoch 47 | Batch 50/593 | Loss 5.22324 (Pin 0.86347 [q90 0.42357, q10 0.43990], MS 1.20273, Freq 3.50781) | LR 2.50e-06
2026-08-01 02:10:05,344 INFO Epoch 47 | Batch 100/593 | Loss 5.22749 (Pin 0.86454 [q90 0.42388, q10 0.44066], MS 1.20442, Freq 3.50947) | LR 2.50e-06
2026-08-01 02:10:47,592 INFO Epoch 47 | Batch 150/593 | Loss 5.35380 (Pin 0.88724 [q90 0.43376, q10 0.45348], MS 1.31038, Freq 3.50687) | LR 2.50e-06
2026-08-01 02:11:29,826 INFO Epoch 47 | Batch 200/593 | Loss 5.11311 (Pin 0.84294 [q90 0.40913, q10 0.43381], MS 1.19197, Freq 3.42022) | LR 2.50e-06
2026-08-01 02:12:12,081 INFO Epoch 47 | Batch 250/593 | Loss 5.18978 (Pin 0.86142 [q90 0.42557, q10 0.43584], MS 1.18722, Freq 3.49015) | LR 2.50e-06
2026-08-01 02:12:54,330 INFO Epoch 47 | Batch 300/593 | Loss 5.24337 (Pin 0.84819 [q90 0.41787, q10 0.43032], MS 1.24793, Freq 3.49694) | LR 2.50e-06
2026-08-01 02:13:36,580 INFO Epoch 47 | Batch 350/593 | Loss 5.24282 (Pin 0.85682 [q90 0.42111, q10 0.43571], MS 1.25698, Freq 3.47668) | LR 2.50e-06
2026-08-01 02:14:18,855 INFO Epoch 47 | Batch 400/593 | Loss 5.30776 (Pin 0.89325 [q90 0.43355, q10 0.45970], MS 1.22966, Freq 3.53873) | LR 2.50e-06
2026-08-01 02:15:01,093 INFO Epoch 47 | Batch 450/593 | Loss 5.31975 (Pin 0.89861 [q90 0.43403, q10 0.46458], MS 1.22164, Freq 3.55500) | LR 2.50e-06
2026-08-01 02:15:43,350 INFO Epoch 47 | Batch 500/593 | Loss 5.19977 (Pin 0.86261 [q90 0.41737, q10 0.44524], MS 1.21445, Freq 3.46968) | LR 2.50e-06
2026-08-01 02:16:25,645 INFO Epoch 47 | Batch 550/593 | Loss 5.24903 (Pin 0.86176 [q90 0.42692, q10 0.43484], MS 1.22890, Freq 3.50930) | LR 2.50e-06
2026-08-01 02:17:37,742 INFO Epoch 47 | Val Loss 5.99898 (Pin 0.82735 [q90 0.41352, q10 0.41383], MS 2.11691, Freq 3.39413, L1 1.78256, Spectral 0.32580, Gradient 0.52652) | CRPS 1.17981
2026-08-01 02:17:37,743 INFO Epoch 47 | Coverage q10/q50/q90 = 0.082/0.484/0.899 (nominal .10/.50/.90) | extreme tail = 0.114/0.464/0.859
2026-08-01 02:17:38,236 INFO New best val crps: 1.17981 (saved checkpoints/best.pth)
2026-08-01 02:18:20,547 INFO Epoch 48 | Batch 50/593 | Loss 5.28966 (Pin 0.88666 [q90 0.43404, q10 0.45262], MS 1.23326, Freq 3.52193) | LR 2.50e-06
2026-08-01 02:19:02,831 INFO Epoch 48 | Batch 100/593 | Loss 5.23470 (Pin 0.87377 [q90 0.42564, q10 0.44813], MS 1.19989, Freq 3.51227) | LR 2.50e-06
2026-08-01 02:19:45,122 INFO Epoch 48 | Batch 150/593 | Loss 5.31406 (Pin 0.88100 [q90 0.43202, q10 0.44898], MS 1.25822, Freq 3.52760) | LR 2.50e-06
2026-08-01 02:20:27,352 INFO Epoch 48 | Batch 200/593 | Loss 5.24084 (Pin 0.86957 [q90 0.43113, q10 0.43844], MS 1.22672, Freq 3.49394) | LR 2.50e-06
2026-08-01 02:21:09,642 INFO Epoch 48 | Batch 250/593 | Loss 5.22195 (Pin 0.86704 [q90 0.42613, q10 0.44091], MS 1.18821, Freq 3.51855) | LR 2.50e-06
2026-08-01 02:21:51,887 INFO Epoch 48 | Batch 300/593 | Loss 5.23855 (Pin 0.88697 [q90 0.43620, q10 0.45076], MS 1.19441, Freq 3.50797) | LR 2.50e-06
2026-08-01 02:22:34,131 INFO Epoch 48 | Batch 350/593 | Loss 5.28811 (Pin 0.86266 [q90 0.42030, q10 0.44237], MS 1.28047, Freq 3.49441) | LR 2.50e-06
2026-08-01 02:23:16,391 INFO Epoch 48 | Batch 400/593 | Loss 5.26343 (Pin 0.85729 [q90 0.41965, q10 0.43764], MS 1.25177, Freq 3.50486) | LR 2.50e-06
2026-08-01 02:23:58,654 INFO Epoch 48 | Batch 450/593 | Loss 5.22183 (Pin 0.86944 [q90 0.42626, q10 0.44318], MS 1.25717, Freq 3.43915) | LR 2.50e-06
2026-08-01 02:24:40,916 INFO Epoch 48 | Batch 500/593 | Loss 5.30193 (Pin 0.88083 [q90 0.43650, q10 0.44433], MS 1.24222, Freq 3.53208) | LR 2.50e-06
2026-08-01 02:25:23,185 INFO Epoch 48 | Batch 550/593 | Loss 5.09911 (Pin 0.84731 [q90 0.41242, q10 0.43489], MS 1.14992, Freq 3.44654) | LR 2.50e-06
2026-08-01 02:26:35,262 INFO Epoch 48 | Val Loss 6.04843 (Pin 0.82955 [q90 0.41370, q10 0.41585], MS 2.11131, Freq 3.45286, L1 1.80429, Spectral 0.32709, Gradient 0.53320) | CRPS 1.19015
2026-08-01 02:26:35,263 INFO Epoch 48 | Coverage q10/q50/q90 = 0.073/0.468/0.899 (nominal .10/.50/.90) | extreme tail = 0.108/0.446/0.855
2026-08-01 02:26:35,520 INFO Epoch 48 | Val crps did not improve (1/50 val checks since best=1.17981)
2026-08-01 02:27:17,849 INFO Epoch 49 | Batch 50/593 | Loss 5.21388 (Pin 0.87262 [q90 0.43446, q10 0.43816], MS 1.22088, Freq 3.46708) | LR 2.50e-06
2026-08-01 02:28:00,115 INFO Epoch 49 | Batch 100/593 | Loss 5.27923 (Pin 0.86347 [q90 0.42154, q10 0.44193], MS 1.25632, Freq 3.51048) | LR 2.50e-06
2026-08-01 02:28:42,369 INFO Epoch 49 | Batch 150/593 | Loss 5.30656 (Pin 0.87400 [q90 0.42389, q10 0.45011], MS 1.26345, Freq 3.52123) | LR 2.50e-06
2026-08-01 02:29:24,623 INFO Epoch 49 | Batch 200/593 | Loss 5.08067 (Pin 0.83600 [q90 0.41146, q10 0.42454], MS 1.15943, Freq 3.42805) | LR 2.50e-06
2026-08-01 02:30:06,842 INFO Epoch 49 | Batch 250/593 | Loss 5.17592 (Pin 0.87134 [q90 0.42244, q10 0.44890], MS 1.13839, Freq 3.51800) | LR 2.50e-06
2026-08-01 02:30:49,066 INFO Epoch 49 | Batch 300/593 | Loss 5.34300 (Pin 0.88104 [q90 0.43793, q10 0.44312], MS 1.25515, Freq 3.56311) | LR 2.50e-06
2026-08-01 02:31:31,302 INFO Epoch 49 | Batch 350/593 | Loss 5.17708 (Pin 0.86654 [q90 0.42070, q10 0.44585], MS 1.19721, Freq 3.45925) | LR 2.50e-06
2026-08-01 02:32:13,557 INFO Epoch 49 | Batch 400/593 | Loss 5.32517 (Pin 0.89593 [q90 0.44163, q10 0.45430], MS 1.20577, Freq 3.58164) | LR 2.50e-06
2026-08-01 02:32:55,806 INFO Epoch 49 | Batch 450/593 | Loss 5.14387 (Pin 0.85014 [q90 0.41742, q10 0.43272], MS 1.18263, Freq 3.45678) | LR 2.50e-06
2026-08-01 02:33:38,054 INFO Epoch 49 | Batch 500/593 | Loss 5.19434 (Pin 0.86750 [q90 0.41870, q10 0.44880], MS 1.21309, Freq 3.45972) | LR 2.50e-06
2026-08-01 02:34:20,387 INFO Epoch 49 | Batch 550/593 | Loss 5.21412 (Pin 0.87145 [q90 0.43318, q10 0.43826], MS 1.18566, Freq 3.50779) | LR 2.50e-06
2026-08-01 02:35:32,565 INFO Epoch 49 | Val Loss 6.05596 (Pin 0.83038 [q90 0.41298, q10 0.41740], MS 2.10598, Freq 3.46622, L1 1.80438, Spectral 0.32830, Gradient 0.53725) | CRPS 1.19173
2026-08-01 02:35:32,566 INFO Epoch 49 | Coverage q10/q50/q90 = 0.074/0.478/0.902 (nominal .10/.50/.90) | extreme tail = 0.104/0.453/0.860
2026-08-01 02:35:32,815 INFO Epoch 49 | Val crps did not improve (2/50 val checks since best=1.17981)
2026-08-01 02:36:15,141 INFO Epoch 50 | Batch 50/593 | Loss 5.28570 (Pin 0.87561 [q90 0.42622, q10 0.44939], MS 1.22056, Freq 3.54392) | LR 2.50e-06
2026-08-01 02:36:57,412 INFO Epoch 50 | Batch 100/593 | Loss 5.20328 (Pin 0.86477 [q90 0.42358, q10 0.44119], MS 1.20462, Freq 3.48210) | LR 2.50e-06
2026-08-01 02:37:39,675 INFO Epoch 50 | Batch 150/593 | Loss 5.27005 (Pin 0.87470 [q90 0.42946, q10 0.44524], MS 1.24314, Freq 3.50246) | LR 2.50e-06
2026-08-01 02:38:21,935 INFO Epoch 50 | Batch 200/593 | Loss 5.18523 (Pin 0.85993 [q90 0.42301, q10 0.43691], MS 1.19157, Freq 3.48192) | LR 2.50e-06
2026-08-01 02:39:04,197 INFO Epoch 50 | Batch 250/593 | Loss 5.15374 (Pin 0.84321 [q90 0.41083, q10 0.43238], MS 1.20256, Freq 3.45330) | LR 2.50e-06
2026-08-01 02:39:46,464 INFO Epoch 50 | Batch 300/593 | Loss 5.20665 (Pin 0.84903 [q90 0.41724, q10 0.43179], MS 1.22020, Freq 3.48603) | LR 2.50e-06
2026-08-01 02:40:28,716 INFO Epoch 50 | Batch 350/593 | Loss 5.35138 (Pin 0.90271 [q90 0.44247, q10 0.46024], MS 1.23330, Freq 3.57264) | LR 2.50e-06
2026-08-01 02:41:10,970 INFO Epoch 50 | Batch 400/593 | Loss 5.36840 (Pin 0.90145 [q90 0.44641, q10 0.45503], MS 1.25701, Freq 3.56660) | LR 2.50e-06
2026-08-01 02:41:53,216 INFO Epoch 50 | Batch 450/593 | Loss 5.15711 (Pin 0.86279 [q90 0.41906, q10 0.44373], MS 1.18944, Freq 3.44986) | LR 2.50e-06
2026-08-01 02:42:35,486 INFO Epoch 50 | Batch 500/593 | Loss 5.30331 (Pin 0.86849 [q90 0.43144, q10 0.43705], MS 1.28763, Freq 3.49687) | LR 2.50e-06
2026-08-01 02:43:17,744 INFO Epoch 50 | Batch 550/593 | Loss 5.11842 (Pin 0.84525 [q90 0.41212, q10 0.43314], MS 1.17951, Freq 3.43740) | LR 2.50e-06
2026-08-01 02:44:29,585 INFO Epoch 50 | Val Loss 6.04583 (Pin 0.82926 [q90 0.41315, q10 0.41611], MS 2.10608, Freq 3.45610, L1 1.79960, Spectral 0.32999, Gradient 0.53985) | CRPS 1.18850
2026-08-01 02:44:29,586 INFO Epoch 50 | Coverage q10/q50/q90 = 0.076/0.493/0.908 (nominal .10/.50/.90) | extreme tail = 0.108/0.459/0.861
2026-08-01 02:44:29,833 INFO Epoch 50 | Val crps did not improve (3/50 val checks since best=1.17981)
2026-08-01 02:45:12,144 INFO Epoch 51 | Batch 50/593 | Loss 5.20281 (Pin 0.86362 [q90 0.42441, q10 0.43921], MS 1.16452, Freq 3.52741) | LR 2.50e-06
2026-08-01 02:45:54,378 INFO Epoch 51 | Batch 100/593 | Loss 5.24002 (Pin 0.87187 [q90 0.42587, q10 0.44600], MS 1.23469, Freq 3.48162) | LR 2.50e-06
2026-08-01 02:46:36,628 INFO Epoch 51 | Batch 150/593 | Loss 5.25154 (Pin 0.87797 [q90 0.43606, q10 0.44191], MS 1.23116, Freq 3.49157) | LR 2.50e-06
2026-08-01 02:47:18,871 INFO Epoch 51 | Batch 200/593 | Loss 5.25763 (Pin 0.87404 [q90 0.43124, q10 0.44280], MS 1.22675, Freq 3.50760) | LR 2.50e-06
2026-08-01 02:48:01,134 INFO Epoch 51 | Batch 250/593 | Loss 5.20789 (Pin 0.85813 [q90 0.42370, q10 0.43444], MS 1.23754, Freq 3.45802) | LR 2.50e-06
2026-08-01 02:48:43,397 INFO Epoch 51 | Batch 300/593 | Loss 5.09817 (Pin 0.86564 [q90 0.42256, q10 0.44307], MS 1.12658, Freq 3.45105) | LR 2.50e-06
2026-08-01 02:49:25,645 INFO Epoch 51 | Batch 350/593 | Loss 5.26634 (Pin 0.87555 [q90 0.43368, q10 0.44187], MS 1.22580, Freq 3.51667) | LR 2.50e-06
2026-08-01 02:50:07,901 INFO Epoch 51 | Batch 400/593 | Loss 5.20677 (Pin 0.85943 [q90 0.41999, q10 0.43944], MS 1.23750, Freq 3.45538) | LR 2.50e-06
2026-08-01 02:50:50,156 INFO Epoch 51 | Batch 450/593 | Loss 5.37868 (Pin 0.88977 [q90 0.42875, q10 0.46102], MS 1.27238, Freq 3.57391) | LR 2.50e-06
2026-08-01 02:51:32,410 INFO Epoch 51 | Batch 500/593 | Loss 5.16561 (Pin 0.85860 [q90 0.42259, q10 0.43601], MS 1.20273, Freq 3.44921) | LR 2.50e-06
2026-08-01 02:52:14,655 INFO Epoch 51 | Batch 550/593 | Loss 5.22675 (Pin 0.86158 [q90 0.41727, q10 0.44430], MS 1.23428, Freq 3.47877) | LR 2.50e-06
2026-08-01 02:53:26,247 INFO Epoch 51 | Val Loss 6.02097 (Pin 0.82768 [q90 0.41283, q10 0.41484], MS 2.08616, Freq 3.45236, L1 1.79859, Spectral 0.32810, Gradient 0.53584) | CRPS 1.18730
2026-08-01 02:53:26,248 INFO Epoch 51 | Coverage q10/q50/q90 = 0.075/0.483/0.905 (nominal .10/.50/.90) | extreme tail = 0.110/0.465/0.858
2026-08-01 02:53:26,498 INFO Epoch 51 | Val crps did not improve (4/50 val checks since best=1.17981)
2026-08-01 02:54:08,820 INFO Epoch 52 | Batch 50/593 | Loss 5.20703 (Pin 0.86757 [q90 0.42521, q10 0.44237], MS 1.17709, Freq 3.51375) | LR 2.50e-06
2026-08-01 02:54:51,090 INFO Epoch 52 | Batch 100/593 | Loss 5.17576 (Pin 0.86331 [q90 0.42458, q10 0.43872], MS 1.22007, Freq 3.43598) | LR 2.50e-06
2026-08-01 02:55:33,354 INFO Epoch 52 | Batch 150/593 | Loss 5.26644 (Pin 0.87553 [q90 0.43211, q10 0.44342], MS 1.26698, Freq 3.47104) | LR 2.50e-06
2026-08-01 02:56:15,614 INFO Epoch 52 | Batch 200/593 | Loss 5.20364 (Pin 0.86736 [q90 0.42341, q10 0.44395], MS 1.19486, Freq 3.49046) | LR 2.50e-06
2026-08-01 02:56:57,880 INFO Epoch 52 | Batch 250/593 | Loss 5.19180 (Pin 0.85567 [q90 0.41736, q10 0.43831], MS 1.20528, Freq 3.47873) | LR 2.50e-06
2026-08-01 02:57:40,128 INFO Epoch 52 | Batch 300/593 | Loss 5.30497 (Pin 0.87916 [q90 0.43267, q10 0.44649], MS 1.24307, Freq 3.53637) | LR 2.50e-06
2026-08-01 02:58:22,396 INFO Epoch 52 | Batch 350/593 | Loss 5.27310 (Pin 0.86464 [q90 0.42483, q10 0.43981], MS 1.27207, Freq 3.48488) | LR 2.50e-06
2026-08-01 02:59:04,663 INFO Epoch 52 | Batch 400/593 | Loss 5.31718 (Pin 0.88928 [q90 0.43549, q10 0.45380], MS 1.24700, Freq 3.53433) | LR 2.50e-06
2026-08-01 02:59:46,929 INFO Epoch 52 | Batch 450/593 | Loss 5.27368 (Pin 0.86880 [q90 0.42470, q10 0.44411], MS 1.23606, Freq 3.52091) | LR 2.50e-06
2026-08-01 03:00:29,198 INFO Epoch 52 | Batch 500/593 | Loss 5.21673 (Pin 0.86877 [q90 0.42535, q10 0.44341], MS 1.21650, Freq 3.47940) | LR 2.50e-06
2026-08-01 03:01:11,457 INFO Epoch 52 | Batch 550/593 | Loss 5.22538 (Pin 0.85905 [q90 0.41898, q10 0.44007], MS 1.19761, Freq 3.52080) | LR 2.50e-06
2026-08-01 03:02:24,285 INFO Epoch 52 | Val Loss 6.00152 (Pin 0.82870 [q90 0.41466, q10 0.41404], MS 2.11598, Freq 3.39649, L1 1.78326, Spectral 0.32556, Gradient 0.52585) | CRPS 1.17983
2026-08-01 03:02:24,286 INFO Epoch 52 | Coverage q10/q50/q90 = 0.083/0.492/0.901 (nominal .10/.50/.90) | extreme tail = 0.114/0.461/0.848
2026-08-01 03:02:24,529 INFO Epoch 52 | Val crps did not improve (5/50 val checks since best=1.17981)
2026-08-01 03:03:06,860 INFO Epoch 53 | Batch 50/593 | Loss 5.21646 (Pin 0.87446 [q90 0.42346, q10 0.45100], MS 1.23787, Freq 3.44902) | LR 2.50e-06
2026-08-01 03:03:49,110 INFO Epoch 53 | Batch 100/593 | Loss 5.25840 (Pin 0.87736 [q90 0.42610, q10 0.45127], MS 1.24654, Freq 3.48277) | LR 2.50e-06
2026-08-01 03:04:31,363 INFO Epoch 53 | Batch 150/593 | Loss 5.17864 (Pin 0.86787 [q90 0.42495, q10 0.44292], MS 1.20374, Freq 3.45224) | LR 2.50e-06
2026-08-01 03:05:13,600 INFO Epoch 53 | Batch 200/593 | Loss 5.20706 (Pin 0.86152 [q90 0.42997, q10 0.43155], MS 1.20262, Freq 3.49214) | LR 2.50e-06
2026-08-01 03:05:55,841 INFO Epoch 53 | Batch 250/593 | Loss 5.30595 (Pin 0.87267 [q90 0.43176, q10 0.44092], MS 1.27379, Freq 3.51054) | LR 2.50e-06
2026-08-01 03:06:38,089 INFO Epoch 53 | Batch 300/593 | Loss 5.27201 (Pin 0.86634 [q90 0.42350, q10 0.44284], MS 1.24707, Freq 3.50955) | LR 2.50e-06
2026-08-01 03:07:20,330 INFO Epoch 53 | Batch 350/593 | Loss 5.23052 (Pin 0.86885 [q90 0.42648, q10 0.44238], MS 1.21624, Freq 3.49492) | LR 2.50e-06
2026-08-01 03:08:02,598 INFO Epoch 53 | Batch 400/593 | Loss 5.22387 (Pin 0.85777 [q90 0.42185, q10 0.43591], MS 1.24229, Freq 3.47090) | LR 2.50e-06
2026-08-01 03:08:44,845 INFO Epoch 53 | Batch 450/593 | Loss 5.15311 (Pin 0.86203 [q90 0.42436, q10 0.43766], MS 1.15206, Freq 3.48780) | LR 2.50e-06
2026-08-01 03:09:27,106 INFO Epoch 53 | Batch 500/593 | Loss 5.24503 (Pin 0.88456 [q90 0.43478, q10 0.44978], MS 1.19723, Freq 3.51472) | LR 2.50e-06
2026-08-01 03:10:09,377 INFO Epoch 53 | Batch 550/593 | Loss 5.26038 (Pin 0.88778 [q90 0.43552, q10 0.45226], MS 1.18705, Freq 3.53950) | LR 2.50e-06
2026-08-01 03:11:21,489 INFO Epoch 53 | Val Loss 6.04082 (Pin 0.82818 [q90 0.41399, q10 0.41420], MS 2.11279, Freq 3.44427, L1 1.79967, Spectral 0.32567, Gradient 0.52835) | CRPS 1.18679
2026-08-01 03:11:21,490 INFO Epoch 53 | Coverage q10/q50/q90 = 0.084/0.496/0.904 (nominal .10/.50/.90) | extreme tail = 0.108/0.456/0.855
2026-08-01 03:11:21,728 INFO Epoch 53 | Val crps did not improve (6/50 val checks since best=1.17981)
2026-08-01 03:12:04,031 INFO Epoch 54 | Batch 50/593 | Loss 5.23817 (Pin 0.85989 [q90 0.42294, q10 0.43695], MS 1.28058, Freq 3.44189) | LR 2.50e-06
2026-08-01 03:12:46,263 INFO Epoch 54 | Batch 100/593 | Loss 5.17851 (Pin 0.84213 [q90 0.41209, q10 0.43004], MS 1.23953, Freq 3.44094) | LR 2.50e-06
2026-08-01 03:13:28,484 INFO Epoch 54 | Batch 150/593 | Loss 5.28853 (Pin 0.87982 [q90 0.43152, q10 0.44830], MS 1.21613, Freq 3.54732) | LR 2.50e-06
2026-08-01 03:14:10,731 INFO Epoch 54 | Batch 200/593 | Loss 5.33288 (Pin 0.87290 [q90 0.43201, q10 0.44089], MS 1.27219, Freq 3.54199) | LR 2.50e-06
2026-08-01 03:14:52,970 INFO Epoch 54 | Batch 250/593 | Loss 5.21911 (Pin 0.87011 [q90 0.42576, q10 0.44435], MS 1.16946, Freq 3.53283) | LR 2.50e-06
2026-08-01 03:15:35,192 INFO Epoch 54 | Batch 300/593 | Loss 5.20878 (Pin 0.87132 [q90 0.42810, q10 0.44322], MS 1.22200, Freq 3.46163) | LR 2.50e-06
2026-08-01 03:16:17,441 INFO Epoch 54 | Batch 350/593 | Loss 5.16031 (Pin 0.85854 [q90 0.42063, q10 0.43791], MS 1.19049, Freq 3.45698) | LR 2.50e-06
2026-08-01 03:16:59,672 INFO Epoch 54 | Batch 400/593 | Loss 5.22478 (Pin 0.87432 [q90 0.42587, q10 0.44844], MS 1.20244, Freq 3.49781) | LR 2.50e-06
2026-08-01 03:17:41,924 INFO Epoch 54 | Batch 450/593 | Loss 5.32478 (Pin 0.87051 [q90 0.42706, q10 0.44345], MS 1.29944, Freq 3.50537) | LR 2.50e-06
2026-08-01 03:18:24,138 INFO Epoch 54 | Batch 500/593 | Loss 5.28534 (Pin 0.88120 [q90 0.42820, q10 0.45299], MS 1.25040, Freq 3.50415) | LR 2.50e-06
2026-08-01 03:19:06,386 INFO Epoch 54 | Batch 550/593 | Loss 5.35651 (Pin 0.88607 [q90 0.43325, q10 0.45282], MS 1.30519, Freq 3.51695) | LR 2.50e-06
2026-08-01 03:20:18,889 INFO Epoch 54 | Val Loss 5.96458 (Pin 0.82783 [q90 0.41265, q10 0.41518], MS 2.08743, Freq 3.38813, L1 1.78023, Spectral 0.32371, Gradient 0.52165) | CRPS 1.17978
2026-08-01 03:20:18,889 INFO Epoch 54 | Coverage q10/q50/q90 = 0.075/0.478/0.902 (nominal .10/.50/.90) | extreme tail = 0.108/0.448/0.860
2026-08-01 03:20:19,348 INFO New best val crps: 1.17978 (saved checkpoints/best.pth)
2026-08-01 03:21:01,674 INFO Epoch 55 | Batch 50/593 | Loss 5.16907 (Pin 0.85145 [q90 0.41124, q10 0.44021], MS 1.19261, Freq 3.47224) | LR 2.50e-06
2026-08-01 03:21:43,925 INFO Epoch 55 | Batch 100/593 | Loss 5.18641 (Pin 0.86054 [q90 0.41397, q10 0.44657], MS 1.22088, Freq 3.44999) | LR 2.50e-06
2026-08-01 03:22:26,190 INFO Epoch 55 | Batch 150/593 | Loss 5.31269 (Pin 0.87785 [q90 0.42588, q10 0.45197], MS 1.22980, Freq 3.56114) | LR 2.50e-06
2026-08-01 03:23:08,447 INFO Epoch 55 | Batch 200/593 | Loss 5.16061 (Pin 0.86111 [q90 0.42700, q10 0.43411], MS 1.17452, Freq 3.47221) | LR 2.50e-06
2026-08-01 03:23:50,708 INFO Epoch 55 | Batch 250/593 | Loss 5.43239 (Pin 0.90661 [q90 0.44563, q10 0.46098], MS 1.33690, Freq 3.54320) | LR 2.50e-06
2026-08-01 03:24:32,972 INFO Epoch 55 | Batch 300/593 | Loss 5.22774 (Pin 0.87216 [q90 0.42895, q10 0.44322], MS 1.23357, Freq 3.46889) | LR 2.50e-06
2026-08-01 03:25:15,194 INFO Epoch 55 | Batch 350/593 | Loss 5.33756 (Pin 0.88246 [q90 0.43075, q10 0.45171], MS 1.26517, Freq 3.54437) | LR 2.50e-06
2026-08-01 03:25:57,597 INFO Epoch 55 | Batch 400/593 | Loss 5.26670 (Pin 0.87420 [q90 0.42938, q10 0.44482], MS 1.21916, Freq 3.52593) | LR 2.50e-06
2026-08-01 03:26:39,832 INFO Epoch 55 | Batch 450/593 | Loss 5.19800 (Pin 0.84848 [q90 0.41978, q10 0.42870], MS 1.23226, Freq 3.46363) | LR 2.50e-06
2026-08-01 03:27:22,095 INFO Epoch 55 | Batch 500/593 | Loss 5.21283 (Pin 0.86656 [q90 0.42940, q10 0.43716], MS 1.21454, Freq 3.47970) | LR 2.50e-06
2026-08-01 03:28:04,334 INFO Epoch 55 | Batch 550/593 | Loss 5.21837 (Pin 0.87743 [q90 0.43015, q10 0.44728], MS 1.19026, Freq 3.50075) | LR 2.50e-06
2026-08-01 03:29:16,146 INFO Epoch 55 | Val Loss 6.00732 (Pin 0.82748 [q90 0.41250, q10 0.41499], MS 2.09445, Freq 3.42820, L1 1.79248, Spectral 0.32568, Gradient 0.53014) | CRPS 1.18435
2026-08-01 03:29:16,147 INFO Epoch 55 | Coverage q10/q50/q90 = 0.077/0.490/0.904 (nominal .10/.50/.90) | extreme tail = 0.109/0.458/0.857
2026-08-01 03:29:16,385 INFO Epoch 55 | Val crps did not improve (1/50 val checks since best=1.17978)
2026-08-01 03:29:58,708 INFO Epoch 56 | Batch 50/593 | Loss 5.14325 (Pin 0.85302 [q90 0.42064, q10 0.43238], MS 1.17062, Freq 3.46623) | LR 2.50e-06
2026-08-01 03:30:40,962 INFO Epoch 56 | Batch 100/593 | Loss 5.19044 (Pin 0.87322 [q90 0.42686, q10 0.44636], MS 1.18112, Freq 3.48456) | LR 2.50e-06
2026-08-01 03:31:23,217 INFO Epoch 56 | Batch 150/593 | Loss 5.17377 (Pin 0.85900 [q90 0.42252, q10 0.43648], MS 1.19220, Freq 3.46953) | LR 2.50e-06
2026-08-01 03:32:05,471 INFO Epoch 56 | Batch 200/593 | Loss 5.27334 (Pin 0.88398 [q90 0.42965, q10 0.45434], MS 1.21527, Freq 3.52676) | LR 2.50e-06
2026-08-01 03:32:47,716 INFO Epoch 56 | Batch 250/593 | Loss 5.33675 (Pin 0.87217 [q90 0.42814, q10 0.44403], MS 1.27524, Freq 3.54371) | LR 2.50e-06
2026-08-01 03:33:29,972 INFO Epoch 56 | Batch 300/593 | Loss 5.18321 (Pin 0.85935 [q90 0.41840, q10 0.44095], MS 1.17565, Freq 3.49801) | LR 2.50e-06
2026-08-01 03:34:12,233 INFO Epoch 56 | Batch 350/593 | Loss 5.23757 (Pin 0.87036 [q90 0.43270, q10 0.43765], MS 1.20355, Freq 3.51517) | LR 2.50e-06
2026-08-01 03:34:54,493 INFO Epoch 56 | Batch 400/593 | Loss 5.37313 (Pin 0.88875 [q90 0.43713, q10 0.45162], MS 1.30479, Freq 3.53287) | LR 2.50e-06
2026-08-01 03:35:36,741 INFO Epoch 56 | Batch 450/593 | Loss 5.08521 (Pin 0.84950 [q90 0.42048, q10 0.42902], MS 1.15835, Freq 3.41929) | LR 2.50e-06
2026-08-01 03:36:19,010 INFO Epoch 56 | Batch 500/593 | Loss 5.20158 (Pin 0.85608 [q90 0.41608, q10 0.43999], MS 1.21382, Freq 3.47965) | LR 2.50e-06
2026-08-01 03:37:01,274 INFO Epoch 56 | Batch 550/593 | Loss 5.21366 (Pin 0.87049 [q90 0.42530, q10 0.44519], MS 1.21328, Freq 3.47766) | LR 2.50e-06
2026-08-01 03:38:13,745 INFO Epoch 56 | Val Loss 6.00773 (Pin 0.82971 [q90 0.41549, q10 0.41422], MS 2.12776, Freq 3.38917, L1 1.78766, Spectral 0.32641, Gradient 0.52723) | CRPS 1.18190
2026-08-01 03:38:13,746 INFO Epoch 56 | Coverage q10/q50/q90 = 0.081/0.485/0.901 (nominal .10/.50/.90) | extreme tail = 0.115/0.454/0.844
2026-08-01 03:38:13,985 INFO Epoch 56 | Val crps did not improve (2/50 val checks since best=1.17978)
2026-08-01 03:38:56,320 INFO Epoch 57 | Batch 50/593 | Loss 5.18469 (Pin 0.86479 [q90 0.41967, q10 0.44512], MS 1.21804, Freq 3.44651) | LR 2.50e-06
2026-08-01 03:39:38,580 INFO Epoch 57 | Batch 100/593 | Loss 5.21734 (Pin 0.86240 [q90 0.42195, q10 0.44045], MS 1.18794, Freq 3.51889) | LR 2.50e-06
2026-08-01 03:40:20,854 INFO Epoch 57 | Batch 150/593 | Loss 5.23800 (Pin 0.86473 [q90 0.42602, q10 0.43870], MS 1.18971, Freq 3.53729) | LR 2.50e-06
2026-08-01 03:41:03,109 INFO Epoch 57 | Batch 200/593 | Loss 5.26133 (Pin 0.87798 [q90 0.43084, q10 0.44714], MS 1.22495, Freq 3.50934) | LR 2.50e-06
2026-08-01 03:41:45,376 INFO Epoch 57 | Batch 250/593 | Loss 5.30582 (Pin 0.87156 [q90 0.42789, q10 0.44367], MS 1.29567, Freq 3.48732) | LR 2.50e-06
2026-08-01 03:42:27,624 INFO Epoch 57 | Batch 300/593 | Loss 5.17921 (Pin 0.85538 [q90 0.41427, q10 0.44111], MS 1.16337, Freq 3.51163) | LR 2.50e-06
2026-08-01 03:43:09,856 INFO Epoch 57 | Batch 350/593 | Loss 5.23542 (Pin 0.87336 [q90 0.42454, q10 0.44882], MS 1.22134, Freq 3.48969) | LR 2.50e-06
2026-08-01 03:43:52,124 INFO Epoch 57 | Batch 400/593 | Loss 5.29319 (Pin 0.87443 [q90 0.42893, q10 0.44550], MS 1.27145, Freq 3.49701) | LR 2.50e-06
2026-08-01 03:44:34,359 INFO Epoch 57 | Batch 450/593 | Loss 5.29929 (Pin 0.89718 [q90 0.44253, q10 0.45465], MS 1.23223, Freq 3.52209) | LR 2.50e-06
2026-08-01 03:45:16,604 INFO Epoch 57 | Batch 500/593 | Loss 5.24538 (Pin 0.84894 [q90 0.41808, q10 0.43087], MS 1.26759, Freq 3.47649) | LR 2.50e-06
2026-08-01 03:45:58,845 INFO Epoch 57 | Batch 550/593 | Loss 5.18380 (Pin 0.87261 [q90 0.42839, q10 0.44422], MS 1.18900, Freq 3.46911) | LR 2.50e-06
2026-08-01 03:47:11,290 INFO Epoch 57 | Val Loss 5.98052 (Pin 0.82703 [q90 0.41271, q10 0.41432], MS 2.10982, Freq 3.38186, L1 1.77806, Spectral 0.32360, Gradient 0.52130) | CRPS 1.17796
2026-08-01 03:47:11,291 INFO Epoch 57 | Coverage q10/q50/q90 = 0.080/0.491/0.903 (nominal .10/.50/.90) | extreme tail = 0.113/0.463/0.856
2026-08-01 03:47:11,753 INFO New best val crps: 1.17796 (saved checkpoints/best.pth)
2026-08-01 03:47:54,097 INFO Epoch 58 | Batch 50/593 | Loss 5.31806 (Pin 0.88157 [q90 0.43319, q10 0.44837], MS 1.24218, Freq 3.54925) | LR 2.50e-06
2026-08-01 03:48:36,348 INFO Epoch 58 | Batch 100/593 | Loss 5.15276 (Pin 0.84726 [q90 0.41524, q10 0.43202], MS 1.19105, Freq 3.46049) | LR 2.50e-06
2026-08-01 03:49:18,621 INFO Epoch 58 | Batch 150/593 | Loss 5.27056 (Pin 0.88411 [q90 0.43170, q10 0.45241], MS 1.22292, Freq 3.51503) | LR 2.50e-06
2026-08-01 03:50:00,886 INFO Epoch 58 | Batch 200/593 | Loss 5.25758 (Pin 0.88445 [q90 0.43391, q10 0.45054], MS 1.26518, Freq 3.45328) | LR 2.50e-06
2026-08-01 03:50:43,146 INFO Epoch 58 | Batch 250/593 | Loss 5.20322 (Pin 0.85711 [q90 0.42023, q10 0.43688], MS 1.21303, Freq 3.48119) | LR 2.50e-06
2026-08-01 03:51:25,400 INFO Epoch 58 | Batch 300/593 | Loss 5.26054 (Pin 0.86684 [q90 0.42462, q10 0.44222], MS 1.24483, Freq 3.49874) | LR 2.50e-06
2026-08-01 03:52:07,649 INFO Epoch 58 | Batch 350/593 | Loss 5.22678 (Pin 0.85957 [q90 0.42206, q10 0.43751], MS 1.23081, Freq 3.48489) | LR 2.50e-06
2026-08-01 03:52:49,867 INFO Epoch 58 | Batch 400/593 | Loss 5.22727 (Pin 0.86852 [q90 0.42101, q10 0.44751], MS 1.22016, Freq 3.48733) | LR 2.50e-06
2026-08-01 03:53:32,115 INFO Epoch 58 | Batch 450/593 | Loss 5.18954 (Pin 0.85915 [q90 0.42402, q10 0.43513], MS 1.19013, Freq 3.48918) | LR 2.50e-06
2026-08-01 03:54:14,350 INFO Epoch 58 | Batch 500/593 | Loss 5.25811 (Pin 0.87515 [q90 0.43160, q10 0.44355], MS 1.20352, Freq 3.53271) | LR 2.50e-06
2026-08-01 03:54:56,615 INFO Epoch 58 | Batch 550/593 | Loss 5.18486 (Pin 0.85076 [q90 0.41739, q10 0.43337], MS 1.23072, Freq 3.44820) | LR 2.50e-06
2026-08-01 03:56:08,734 INFO Epoch 58 | Val Loss 6.00195 (Pin 0.82670 [q90 0.41236, q10 0.41434], MS 2.08260, Freq 3.43628, L1 1.79247, Spectral 0.32665, Gradient 0.53035) | CRPS 1.18402
2026-08-01 03:56:08,735 INFO Epoch 58 | Coverage q10/q50/q90 = 0.079/0.497/0.906 (nominal .10/.50/.90) | extreme tail = 0.108/0.455/0.859
2026-08-01 03:56:08,963 INFO Epoch 58 | Val crps did not improve (1/50 val checks since best=1.17796)
2026-08-01 03:56:51,287 INFO Epoch 59 | Batch 50/593 | Loss 5.16915 (Pin 0.86109 [q90 0.42222, q10 0.43887], MS 1.17384, Freq 3.48247) | LR 2.50e-06
2026-08-01 03:57:33,554 INFO Epoch 59 | Batch 100/593 | Loss 5.20339 (Pin 0.86017 [q90 0.41809, q10 0.44208], MS 1.22681, Freq 3.46268) | LR 2.50e-06
2026-08-01 03:58:15,805 INFO Epoch 59 | Batch 150/593 | Loss 5.15223 (Pin 0.85166 [q90 0.41743, q10 0.43422], MS 1.18507, Freq 3.46167) | LR 2.50e-06
2026-08-01 03:58:58,048 INFO Epoch 59 | Batch 200/593 | Loss 5.13380 (Pin 0.84270 [q90 0.41503, q10 0.42767], MS 1.21258, Freq 3.42059) | LR 2.50e-06
2026-08-01 03:59:40,301 INFO Epoch 59 | Batch 250/593 | Loss 5.16053 (Pin 0.85679 [q90 0.42006, q10 0.43673], MS 1.19691, Freq 3.45203) | LR 2.50e-06
2026-08-01 04:00:22,559 INFO Epoch 59 | Batch 300/593 | Loss 5.19052 (Pin 0.87619 [q90 0.42979, q10 0.44640], MS 1.13848, Freq 3.52872) | LR 2.50e-06
2026-08-01 04:01:04,828 INFO Epoch 59 | Batch 350/593 | Loss 5.22893 (Pin 0.89215 [q90 0.44011, q10 0.45204], MS 1.21291, Freq 3.47097) | LR 2.50e-06
2026-08-01 04:01:47,090 INFO Epoch 59 | Batch 400/593 | Loss 5.10900 (Pin 0.83793 [q90 0.41423, q10 0.42370], MS 1.17363, Freq 3.44160) | LR 2.50e-06
2026-08-01 04:02:29,326 INFO Epoch 59 | Batch 450/593 | Loss 5.42851 (Pin 0.91699 [q90 0.44552, q10 0.47147], MS 1.24637, Freq 3.62794) | LR 2.50e-06
2026-08-01 04:03:11,575 INFO Epoch 59 | Batch 500/593 | Loss 5.27231 (Pin 0.87656 [q90 0.43217, q10 0.44439], MS 1.20945, Freq 3.54033) | LR 2.50e-06
2026-08-01 04:03:53,817 INFO Epoch 59 | Batch 550/593 | Loss 5.29324 (Pin 0.87487 [q90 0.42523, q10 0.44964], MS 1.25213, Freq 3.51805) | LR 2.50e-06
2026-08-01 04:05:05,978 INFO Epoch 59 | Val Loss 6.01664 (Pin 0.82797 [q90 0.41207, q10 0.41590], MS 2.07643, Freq 3.45805, L1 1.80211, Spectral 0.32743, Gradient 0.53464) | CRPS 1.18935
2026-08-01 04:05:05,979 INFO Epoch 59 | Coverage q10/q50/q90 = 0.073/0.471/0.904 (nominal .10/.50/.90) | extreme tail = 0.104/0.454/0.861
2026-08-01 04:05:06,218 INFO Epoch 59 | Val crps did not improve (2/50 val checks since best=1.17796)
2026-08-01 04:05:48,566 INFO Epoch 60 | Batch 50/593 | Loss 5.17181 (Pin 0.86218 [q90 0.42331, q10 0.43887], MS 1.14932, Freq 3.51146) | LR 1.25e-06
2026-08-01 04:06:30,839 INFO Epoch 60 | Batch 100/593 | Loss 5.18878 (Pin 0.86695 [q90 0.42470, q10 0.44226], MS 1.18340, Freq 3.48714) | LR 1.25e-06
2026-08-01 04:07:13,121 INFO Epoch 60 | Batch 150/593 | Loss 5.19808 (Pin 0.84059 [q90 0.41490, q10 0.42569], MS 1.25414, Freq 3.44817) | LR 1.25e-06
2026-08-01 04:07:55,351 INFO Epoch 60 | Batch 200/593 | Loss 5.20583 (Pin 0.87773 [q90 0.42849, q10 0.44925], MS 1.17647, Freq 3.50180) | LR 1.25e-06
2026-08-01 04:08:37,634 INFO Epoch 60 | Batch 250/593 | Loss 5.21087 (Pin 0.86931 [q90 0.42631, q10 0.44300], MS 1.18988, Freq 3.50186) | LR 1.25e-06
2026-08-01 04:09:19,901 INFO Epoch 60 | Batch 300/593 | Loss 5.26798 (Pin 0.86324 [q90 0.42653, q10 0.43671], MS 1.30852, Freq 3.44025) | LR 1.25e-06
2026-08-01 04:10:02,155 INFO Epoch 60 | Batch 350/593 | Loss 5.00847 (Pin 0.84215 [q90 0.41276, q10 0.42939], MS 1.10372, Freq 3.40289) | LR 1.25e-06
2026-08-01 04:10:44,404 INFO Epoch 60 | Batch 400/593 | Loss 5.26218 (Pin 0.87764 [q90 0.43218, q10 0.44546], MS 1.22704, Freq 3.50833) | LR 1.25e-06
2026-08-01 04:11:26,660 INFO Epoch 60 | Batch 450/593 | Loss 5.34424 (Pin 0.89510 [q90 0.43739, q10 0.45772], MS 1.22976, Freq 3.57709) | LR 1.25e-06
2026-08-01 04:12:08,931 INFO Epoch 60 | Batch 500/593 | Loss 5.17990 (Pin 0.87590 [q90 0.42400, q10 0.45189], MS 1.12541, Freq 3.53177) | LR 1.25e-06
2026-08-01 04:12:51,187 INFO Epoch 60 | Batch 550/593 | Loss 5.40005 (Pin 0.88928 [q90 0.43477, q10 0.45450], MS 1.30816, Freq 3.55846) | LR 1.25e-06
2026-08-01 04:14:03,303 INFO Epoch 60 | Val Loss 5.97641 (Pin 0.82630 [q90 0.41276, q10 0.41354], MS 2.08713, Freq 3.40330, L1 1.78089, Spectral 0.32485, Gradient 0.52629) | CRPS 1.17829
2026-08-01 04:14:03,304 INFO Epoch 60 | Coverage q10/q50/q90 = 0.082/0.501/0.904 (nominal .10/.50/.90) | extreme tail = 0.115/0.472/0.854
2026-08-01 04:14:03,547 INFO Epoch 60 | Val crps did not improve (3/50 val checks since best=1.17796)
2026-08-01 04:14:45,870 INFO Epoch 61 | Batch 50/593 | Loss 5.17293 (Pin 0.86474 [q90 0.42025, q10 0.44450], MS 1.17101, Freq 3.48576) | LR 1.25e-06
2026-08-01 04:15:28,135 INFO Epoch 61 | Batch 100/593 | Loss 5.20393 (Pin 0.86051 [q90 0.42192, q10 0.43859], MS 1.23738, Freq 3.45116) | LR 1.25e-06
2026-08-01 04:16:10,390 INFO Epoch 61 | Batch 150/593 | Loss 5.16404 (Pin 0.88685 [q90 0.43299, q10 0.45386], MS 1.12919, Freq 3.49778) | LR 1.25e-06
2026-08-01 04:16:52,654 INFO Epoch 61 | Batch 200/593 | Loss 5.08341 (Pin 0.84552 [q90 0.41461, q10 0.43091], MS 1.16743, Freq 3.41162) | LR 1.25e-06
2026-08-01 04:17:34,905 INFO Epoch 61 | Batch 250/593 | Loss 5.28507 (Pin 0.87332 [q90 0.42977, q10 0.44355], MS 1.23065, Freq 3.53456) | LR 1.25e-06
2026-08-01 04:18:17,173 INFO Epoch 61 | Batch 300/593 | Loss 5.22813 (Pin 0.87363 [q90 0.42835, q10 0.44528], MS 1.20998, Freq 3.49392) | LR 1.25e-06
2026-08-01 04:18:59,446 INFO Epoch 61 | Batch 350/593 | Loss 5.12687 (Pin 0.85389 [q90 0.42343, q10 0.43046], MS 1.15884, Freq 3.46016) | LR 1.25e-06
2026-08-01 04:19:41,694 INFO Epoch 61 | Batch 400/593 | Loss 5.31812 (Pin 0.88881 [q90 0.43964, q10 0.44917], MS 1.27170, Freq 3.50845) | LR 1.25e-06
2026-08-01 04:20:23,942 INFO Epoch 61 | Batch 450/593 | Loss 5.22474 (Pin 0.86773 [q90 0.42135, q10 0.44638], MS 1.18657, Freq 3.52271) | LR 1.25e-06
2026-08-01 04:21:06,206 INFO Epoch 61 | Batch 500/593 | Loss 5.25606 (Pin 0.86003 [q90 0.41955, q10 0.44048], MS 1.23235, Freq 3.51520) | LR 1.25e-06
2026-08-01 04:21:48,461 INFO Epoch 61 | Batch 550/593 | Loss 5.24267 (Pin 0.86683 [q90 0.43020, q10 0.43663], MS 1.22340, Freq 3.50271) | LR 1.25e-06
2026-08-01 04:23:00,283 INFO Epoch 61 | Val Loss 5.97937 (Pin 0.82697 [q90 0.41376, q10 0.41321], MS 2.09879, Freq 3.39289, L1 1.78155, Spectral 0.32479, Gradient 0.52396) | CRPS 1.17845
2026-08-01 04:23:00,284 INFO Epoch 61 | Coverage q10/q50/q90 = 0.082/0.483/0.898 (nominal .10/.50/.90) | extreme tail = 0.116/0.465/0.854
2026-08-01 04:23:00,531 INFO Epoch 61 | Val crps did not improve (4/50 val checks since best=1.17796)
2026-08-01 04:23:42,838 INFO Epoch 62 | Batch 50/593 | Loss 5.04712 (Pin 0.83489 [q90 0.41298, q10 0.42190], MS 1.15463, Freq 3.39735) | LR 1.25e-06
2026-08-01 04:24:25,072 INFO Epoch 62 | Batch 100/593 | Loss 5.15851 (Pin 0.85575 [q90 0.42383, q10 0.43192], MS 1.19264, Freq 3.45569) | LR 1.25e-06
2026-08-01 04:25:07,322 INFO Epoch 62 | Batch 150/593 | Loss 5.23358 (Pin 0.86755 [q90 0.41844, q10 0.44910], MS 1.20542, Freq 3.51180) | LR 1.25e-06
2026-08-01 04:25:49,579 INFO Epoch 62 | Batch 200/593 | Loss 5.25858 (Pin 0.86826 [q90 0.41961, q10 0.44865], MS 1.24279, Freq 3.49726) | LR 1.25e-06
2026-08-01 04:26:31,830 INFO Epoch 62 | Batch 250/593 | Loss 5.25443 (Pin 0.88482 [q90 0.42981, q10 0.45501], MS 1.19659, Freq 3.52558) | LR 1.25e-06
2026-08-01 04:27:14,109 INFO Epoch 62 | Batch 300/593 | Loss 5.30504 (Pin 0.87217 [q90 0.42911, q10 0.44306], MS 1.26699, Freq 3.51764) | LR 1.25e-06
2026-08-01 04:27:56,380 INFO Epoch 62 | Batch 350/593 | Loss 5.21090 (Pin 0.86254 [q90 0.43006, q10 0.43248], MS 1.20064, Freq 3.49747) | LR 1.25e-06
2026-08-01 04:28:38,620 INFO Epoch 62 | Batch 400/593 | Loss 5.35952 (Pin 0.88563 [q90 0.43194, q10 0.45369], MS 1.27901, Freq 3.54987) | LR 1.25e-06
2026-08-01 04:29:20,849 INFO Epoch 62 | Batch 450/593 | Loss 5.21288 (Pin 0.85481 [q90 0.42079, q10 0.43402], MS 1.25617, Freq 3.44655) | LR 1.25e-06
2026-08-01 04:30:03,118 INFO Epoch 62 | Batch 500/593 | Loss 5.18186 (Pin 0.88281 [q90 0.43504, q10 0.44777], MS 1.15142, Freq 3.49738) | LR 1.25e-06
2026-08-01 04:30:45,366 INFO Epoch 62 | Batch 550/593 | Loss 5.26050 (Pin 0.87310 [q90 0.42880, q10 0.44431], MS 1.24288, Freq 3.49391) | LR 1.25e-06
2026-08-01 04:31:57,849 INFO Epoch 62 | Val Loss 5.98399 (Pin 0.82703 [q90 0.41244, q10 0.41459], MS 2.07048, Freq 3.42942, L1 1.78971, Spectral 0.32634, Gradient 0.53082) | CRPS 1.18299
2026-08-01 04:31:57,850 INFO Epoch 62 | Coverage q10/q50/q90 = 0.077/0.486/0.904 (nominal .10/.50/.90) | extreme tail = 0.111/0.458/0.857
2026-08-01 04:31:58,088 INFO Epoch 62 | Val crps did not improve (5/50 val checks since best=1.17796)
2026-08-01 04:32:40,417 INFO Epoch 63 | Batch 50/593 | Loss 5.12038 (Pin 0.85323 [q90 0.41892, q10 0.43431], MS 1.18732, Freq 3.42203) | LR 1.25e-06
2026-08-01 04:33:22,665 INFO Epoch 63 | Batch 100/593 | Loss 5.17217 (Pin 0.86281 [q90 0.42501, q10 0.43780], MS 1.19176, Freq 3.46399) | LR 1.25e-06
2026-08-01 04:34:04,909 INFO Epoch 63 | Batch 150/593 | Loss 5.17637 (Pin 0.87117 [q90 0.43257, q10 0.43860], MS 1.15333, Freq 3.50208) | LR 1.25e-06
2026-08-01 04:34:47,177 INFO Epoch 63 | Batch 200/593 | Loss 5.23169 (Pin 0.86774 [q90 0.42122, q10 0.44652], MS 1.21792, Freq 3.49559) | LR 1.25e-06
2026-08-01 04:35:29,439 INFO Epoch 63 | Batch 250/593 | Loss 5.19039 (Pin 0.85406 [q90 0.41794, q10 0.43612], MS 1.18162, Freq 3.50524) | LR 1.25e-06
2026-08-01 04:36:11,697 INFO Epoch 63 | Batch 300/593 | Loss 5.15796 (Pin 0.83946 [q90 0.41004, q10 0.42942], MS 1.22422, Freq 3.43808) | LR 1.25e-06
2026-08-01 04:36:53,947 INFO Epoch 63 | Batch 350/593 | Loss 5.39350 (Pin 0.88912 [q90 0.43752, q10 0.45160], MS 1.30900, Freq 3.55043) | LR 1.25e-06
2026-08-01 04:37:36,206 INFO Epoch 63 | Batch 400/593 | Loss 5.27838 (Pin 0.87985 [q90 0.42837, q10 0.45147], MS 1.21712, Freq 3.53490) | LR 1.25e-06
2026-08-01 04:38:18,441 INFO Epoch 63 | Batch 450/593 | Loss 5.21786 (Pin 0.87040 [q90 0.42594, q10 0.44446], MS 1.20372, Freq 3.49304) | LR 1.25e-06
2026-08-01 04:39:00,690 INFO Epoch 63 | Batch 500/593 | Loss 5.22735 (Pin 0.87516 [q90 0.43225, q10 0.44291], MS 1.19762, Freq 3.50508) | LR 1.25e-06
2026-08-01 04:39:42,976 INFO Epoch 63 | Batch 550/593 | Loss 5.26207 (Pin 0.87537 [q90 0.42924, q10 0.44613], MS 1.22840, Freq 3.50922) | LR 1.25e-06
2026-08-01 04:40:55,058 INFO Epoch 63 | Val Loss 5.98741 (Pin 0.82694 [q90 0.41266, q10 0.41428], MS 2.07330, Freq 3.43018, L1 1.79209, Spectral 0.32692, Gradient 0.53129) | CRPS 1.18376
2026-08-01 04:40:55,059 INFO Epoch 63 | Coverage q10/q50/q90 = 0.076/0.483/0.903 (nominal .10/.50/.90) | extreme tail = 0.111/0.461/0.858
2026-08-01 04:40:55,310 INFO Epoch 63 | Val crps did not improve (6/50 val checks since best=1.17796)
2026-08-01 04:41:37,633 INFO Epoch 64 | Batch 50/593 | Loss 5.24795 (Pin 0.86502 [q90 0.42071, q10 0.44431], MS 1.24383, Freq 3.48789) | LR 1.25e-06
2026-08-01 04:42:19,899 INFO Epoch 64 | Batch 100/593 | Loss 5.27305 (Pin 0.86900 [q90 0.42422, q10 0.44478], MS 1.24597, Freq 3.50899) | LR 1.25e-06
2026-08-01 04:43:02,163 INFO Epoch 64 | Batch 150/593 | Loss 5.21771 (Pin 0.88379 [q90 0.43246, q10 0.45133], MS 1.18306, Freq 3.50096) | LR 1.25e-06
2026-08-01 04:43:44,430 INFO Epoch 64 | Batch 200/593 | Loss 5.35121 (Pin 0.89257 [q90 0.43961, q10 0.45296], MS 1.24854, Freq 3.56678) | LR 1.25e-06
2026-08-01 04:44:26,673 INFO Epoch 64 | Batch 250/593 | Loss 5.17563 (Pin 0.85821 [q90 0.43009, q10 0.42812], MS 1.21940, Freq 3.44225) | LR 1.25e-06
2026-08-01 04:45:08,935 INFO Epoch 64 | Batch 300/593 | Loss 5.17301 (Pin 0.86314 [q90 0.42177, q10 0.44137], MS 1.20893, Freq 3.44549) | LR 1.25e-06
2026-08-01 04:45:51,165 INFO Epoch 64 | Batch 350/593 | Loss 5.19956 (Pin 0.85102 [q90 0.41889, q10 0.43213], MS 1.20334, Freq 3.49467) | LR 1.25e-06
2026-08-01 04:46:33,421 INFO Epoch 64 | Batch 400/593 | Loss 5.18233 (Pin 0.87178 [q90 0.42665, q10 0.44514], MS 1.15250, Freq 3.50894) | LR 1.25e-06
2026-08-01 04:47:15,670 INFO Epoch 64 | Batch 450/593 | Loss 5.25954 (Pin 0.86489 [q90 0.42142, q10 0.44346], MS 1.27269, Freq 3.46886) | LR 1.25e-06
2026-08-01 04:47:57,899 INFO Epoch 64 | Batch 500/593 | Loss 5.17638 (Pin 0.84847 [q90 0.41651, q10 0.43196], MS 1.23972, Freq 3.43132) | LR 1.25e-06
2026-08-01 04:48:40,146 INFO Epoch 64 | Batch 550/593 | Loss 5.25813 (Pin 0.86227 [q90 0.42606, q10 0.43621], MS 1.28223, Freq 3.45958) | LR 1.25e-06
2026-08-01 04:49:52,231 INFO Epoch 64 | Val Loss 5.98061 (Pin 0.82705 [q90 0.41264, q10 0.41441], MS 2.07284, Freq 3.42302, L1 1.78744, Spectral 0.32623, Gradient 0.52833) | CRPS 1.18233
2026-08-01 04:49:52,231 INFO Epoch 64 | Coverage q10/q50/q90 = 0.077/0.490/0.905 (nominal .10/.50/.90) | extreme tail = 0.107/0.455/0.859
2026-08-01 04:49:52,478 INFO Epoch 64 | Val crps did not improve (7/50 val checks since best=1.17796)
2026-08-01 04:50:34,787 INFO Epoch 65 | Batch 50/593 | Loss 5.18401 (Pin 0.86341 [q90 0.42907, q10 0.43435], MS 1.21154, Freq 3.45452) | LR 1.25e-06
2026-08-01 04:51:17,057 INFO Epoch 65 | Batch 100/593 | Loss 5.21175 (Pin 0.85635 [q90 0.42085, q10 0.43549], MS 1.21028, Freq 3.49458) | LR 1.25e-06
2026-08-01 04:51:59,304 INFO Epoch 65 | Batch 150/593 | Loss 5.25965 (Pin 0.87726 [q90 0.42944, q10 0.44782], MS 1.23847, Freq 3.49325) | LR 1.25e-06
2026-08-01 04:52:41,681 INFO Epoch 65 | Batch 200/593 | Loss 5.22882 (Pin 0.85783 [q90 0.42145, q10 0.43638], MS 1.22683, Freq 3.49352) | LR 1.25e-06
2026-08-01 04:53:23,921 INFO Epoch 65 | Batch 250/593 | Loss 5.18773 (Pin 0.86461 [q90 0.42217, q10 0.44244], MS 1.17614, Freq 3.49664) | LR 1.25e-06
2026-08-01 04:54:06,171 INFO Epoch 65 | Batch 300/593 | Loss 5.14958 (Pin 0.84931 [q90 0.41603, q10 0.43328], MS 1.19364, Freq 3.45181) | LR 1.25e-06
2026-08-01 04:54:48,405 INFO Epoch 65 | Batch 350/593 | Loss 5.32018 (Pin 0.89543 [q90 0.44095, q10 0.45448], MS 1.24266, Freq 3.53566) | LR 1.25e-06
2026-08-01 04:55:30,670 INFO Epoch 65 | Batch 400/593 | Loss 5.14261 (Pin 0.85783 [q90 0.42128, q10 0.43655], MS 1.15984, Freq 3.47216) | LR 1.25e-06
2026-08-01 04:56:12,930 INFO Epoch 65 | Batch 450/593 | Loss 5.37957 (Pin 0.89152 [q90 0.43267, q10 0.45885], MS 1.27902, Freq 3.56559) | LR 1.25e-06
2026-08-01 04:56:55,197 INFO Epoch 65 | Batch 500/593 | Loss 5.19296 (Pin 0.84985 [q90 0.41733, q10 0.43253], MS 1.23246, Freq 3.45627) | LR 1.25e-06
2026-08-01 04:57:37,443 INFO Epoch 65 | Batch 550/593 | Loss 5.09488 (Pin 0.85567 [q90 0.42235, q10 0.43332], MS 1.14581, Freq 3.43711) | LR 1.25e-06
2026-08-01 04:58:49,590 INFO Epoch 65 | Val Loss 5.97006 (Pin 0.82664 [q90 0.41285, q10 0.41379], MS 2.07297, Freq 3.41161, L1 1.78409, Spectral 0.32511, Gradient 0.52627) | CRPS 1.18022
2026-08-01 04:58:49,591 INFO Epoch 65 | Coverage q10/q50/q90 = 0.079/0.495/0.904 (nominal .10/.50/.90) | extreme tail = 0.113/0.465/0.856
2026-08-01 04:58:50,055 INFO Epoch 65 | Val crps did not improve (8/50 val checks since best=1.17796)
2026-08-01 04:59:32,334 INFO Epoch 66 | Batch 50/593 | Loss 5.30061 (Pin 0.87939 [q90 0.42826, q10 0.45113], MS 1.25676, Freq 3.51607) | LR 1.25e-06
2026-08-01 05:00:14,515 INFO Epoch 66 | Batch 100/593 | Loss 5.16541 (Pin 0.86272 [q90 0.42471, q10 0.43801], MS 1.16840, Freq 3.48254) | LR 1.25e-06
2026-08-01 05:00:56,705 INFO Epoch 66 | Batch 150/593 | Loss 5.05176 (Pin 0.85060 [q90 0.41750, q10 0.43311], MS 1.10999, Freq 3.43464) | LR 1.25e-06
2026-08-01 05:01:38,900 INFO Epoch 66 | Batch 200/593 | Loss 5.23969 (Pin 0.87183 [q90 0.42557, q10 0.44626], MS 1.20169, Freq 3.51797) | LR 1.25e-06
2026-08-01 05:02:21,092 INFO Epoch 66 | Batch 250/593 | Loss 5.15108 (Pin 0.86444 [q90 0.42303, q10 0.44142], MS 1.14611, Freq 3.48947) | LR 1.25e-06
2026-08-01 05:03:03,270 INFO Epoch 66 | Batch 300/593 | Loss 5.22540 (Pin 0.86506 [q90 0.42716, q10 0.43789], MS 1.23024, Freq 3.47789) | LR 1.25e-06
2026-08-01 05:03:45,446 INFO Epoch 66 | Batch 350/593 | Loss 5.24996 (Pin 0.87881 [q90 0.43489, q10 0.44392], MS 1.20744, Freq 3.51523) | LR 1.25e-06
2026-08-01 05:04:27,675 INFO Epoch 66 | Batch 400/593 | Loss 5.27592 (Pin 0.87470 [q90 0.42802, q10 0.44667], MS 1.21852, Freq 3.53634) | LR 1.25e-06
2026-08-01 05:05:09,874 INFO Epoch 66 | Batch 450/593 | Loss 5.10896 (Pin 0.86624 [q90 0.42715, q10 0.43908], MS 1.15216, Freq 3.43397) | LR 1.25e-06
2026-08-01 05:05:52,072 INFO Epoch 66 | Batch 500/593 | Loss 5.22884 (Pin 0.87193 [q90 0.43376, q10 0.43817], MS 1.22190, Freq 3.48334) | LR 1.25e-06
2026-08-01 05:06:34,287 INFO Epoch 66 | Batch 550/593 | Loss 5.20899 (Pin 0.86529 [q90 0.41775, q10 0.44754], MS 1.20262, Freq 3.49009) | LR 1.25e-06
2026-08-01 05:07:46,020 INFO Epoch 66 | Val Loss 5.97899 (Pin 0.82593 [q90 0.41275, q10 0.41317], MS 2.07683, Freq 3.41804, L1 1.78487, Spectral 0.32558, Gradient 0.52690) | CRPS 1.17995
2026-08-01 05:07:46,021 INFO Epoch 66 | Coverage q10/q50/q90 = 0.080/0.491/0.902 (nominal .10/.50/.90) | extreme tail = 0.113/0.466/0.854
2026-08-01 05:07:46,277 INFO Epoch 66 | Val crps did not improve (9/50 val checks since best=1.17796)
2026-08-01 05:08:28,607 INFO Epoch 67 | Batch 50/593 | Loss 5.31441 (Pin 0.88993 [q90 0.43243, q10 0.45750], MS 1.22893, Freq 3.55061) | LR 1.25e-06
2026-08-01 05:09:10,855 INFO Epoch 67 | Batch 100/593 | Loss 5.11783 (Pin 0.84676 [q90 0.41603, q10 0.43073], MS 1.17176, Freq 3.44368) | LR 1.25e-06
2026-08-01 05:09:53,112 INFO Epoch 67 | Batch 150/593 | Loss 5.30354 (Pin 0.87653 [q90 0.43243, q10 0.44410], MS 1.28177, Freq 3.49472) | LR 1.25e-06
2026-08-01 05:10:35,371 INFO Epoch 67 | Batch 200/593 | Loss 5.18788 (Pin 0.85897 [q90 0.42362, q10 0.43536], MS 1.17938, Freq 3.49948) | LR 1.25e-06
2026-08-01 05:11:17,610 INFO Epoch 67 | Batch 250/593 | Loss 5.17059 (Pin 0.86913 [q90 0.42359, q10 0.44554], MS 1.16725, Freq 3.48245) | LR 1.25e-06
2026-08-01 05:11:59,875 INFO Epoch 67 | Batch 300/593 | Loss 5.25122 (Pin 0.86116 [q90 0.42629, q10 0.43487], MS 1.24153, Freq 3.49837) | LR 1.25e-06
2026-08-01 05:12:42,123 INFO Epoch 67 | Batch 350/593 | Loss 5.23805 (Pin 0.86523 [q90 0.42683, q10 0.43840], MS 1.23359, Freq 3.48803) | LR 1.25e-06
2026-08-01 05:13:24,397 INFO Epoch 67 | Batch 400/593 | Loss 5.18493 (Pin 0.87555 [q90 0.42465, q10 0.45090], MS 1.18735, Freq 3.46892) | LR 1.25e-06
2026-08-01 05:14:06,674 INFO Epoch 67 | Batch 450/593 | Loss 5.18631 (Pin 0.85383 [q90 0.42063, q10 0.43320], MS 1.23740, Freq 3.43898) | LR 1.25e-06
2026-08-01 05:14:48,925 INFO Epoch 67 | Batch 500/593 | Loss 5.25176 (Pin 0.88675 [q90 0.43433, q10 0.45242], MS 1.21301, Freq 3.50223) | LR 1.25e-06
2026-08-01 05:15:31,156 INFO Epoch 67 | Batch 550/593 | Loss 5.15800 (Pin 0.85489 [q90 0.42260, q10 0.43229], MS 1.20021, Freq 3.44767) | LR 1.25e-06
2026-08-01 05:16:43,646 INFO Epoch 67 | Val Loss 6.00193 (Pin 0.82756 [q90 0.41256, q10 0.41499], MS 2.07671, Freq 3.44185, L1 1.79507, Spectral 0.32724, Gradient 0.53157) | CRPS 1.18595
2026-08-01 05:16:43,647 INFO Epoch 67 | Coverage q10/q50/q90 = 0.073/0.476/0.902 (nominal .10/.50/.90) | extreme tail = 0.110/0.465/0.862
2026-08-01 05:16:43,904 INFO Epoch 67 | Val crps did not improve (10/50 val checks since best=1.17796)
2026-08-01 05:17:26,226 INFO Epoch 68 | Batch 50/593 | Loss 5.12175 (Pin 0.84339 [q90 0.40949, q10 0.43390], MS 1.19344, Freq 3.42770) | LR 1.25e-06
2026-08-01 05:18:08,466 INFO Epoch 68 | Batch 100/593 | Loss 5.16359 (Pin 0.86790 [q90 0.43268, q10 0.43522], MS 1.17142, Freq 3.47142) | LR 1.25e-06
2026-08-01 05:18:50,706 INFO Epoch 68 | Batch 150/593 | Loss 5.16827 (Pin 0.85175 [q90 0.41603, q10 0.43572], MS 1.20206, Freq 3.46051) | LR 1.25e-06
2026-08-01 05:19:32,978 INFO Epoch 68 | Batch 200/593 | Loss 5.28055 (Pin 0.87382 [q90 0.42780, q10 0.44602], MS 1.25567, Freq 3.50118) | LR 1.25e-06
2026-08-01 05:20:15,214 INFO Epoch 68 | Batch 250/593 | Loss 5.30490 (Pin 0.89801 [q90 0.43231, q10 0.46570], MS 1.22527, Freq 3.53514) | LR 1.25e-06
2026-08-01 05:20:57,473 INFO Epoch 68 | Batch 300/593 | Loss 5.22430 (Pin 0.85992 [q90 0.42264, q10 0.43728], MS 1.22727, Freq 3.48568) | LR 1.25e-06
2026-08-01 05:21:39,725 INFO Epoch 68 | Batch 350/593 | Loss 5.20082 (Pin 0.87255 [q90 0.43319, q10 0.43936], MS 1.15650, Freq 3.52418) | LR 1.25e-06
2026-08-01 05:22:21,966 INFO Epoch 68 | Batch 400/593 | Loss 5.23181 (Pin 0.87395 [q90 0.42963, q10 0.44432], MS 1.21549, Freq 3.49153) | LR 1.25e-06
2026-08-01 05:23:04,231 INFO Epoch 68 | Batch 450/593 | Loss 5.35403 (Pin 0.88422 [q90 0.43385, q10 0.45037], MS 1.26141, Freq 3.56488) | LR 1.25e-06
2026-08-01 05:23:46,463 INFO Epoch 68 | Batch 500/593 | Loss 5.21516 (Pin 0.87326 [q90 0.42868, q10 0.44458], MS 1.20070, Freq 3.49022) | LR 1.25e-06
2026-08-01 05:24:28,736 INFO Epoch 68 | Batch 550/593 | Loss 5.14123 (Pin 0.84196 [q90 0.41548, q10 0.42648], MS 1.19367, Freq 3.45068) | LR 1.25e-06
2026-08-01 05:25:40,859 INFO Epoch 68 | Val Loss 6.02490 (Pin 0.82734 [q90 0.41243, q10 0.41491], MS 2.08815, Freq 3.45490, L1 1.79838, Spectral 0.32762, Gradient 0.53427) | CRPS 1.18664
2026-08-01 05:25:40,859 INFO Epoch 68 | Coverage q10/q50/q90 = 0.077/0.493/0.907 (nominal .10/.50/.90) | extreme tail = 0.112/0.459/0.857
2026-08-01 05:25:41,109 INFO Epoch 68 | Val crps did not improve (11/50 val checks since best=1.17796)
2026-08-01 05:26:23,430 INFO Epoch 69 | Batch 50/593 | Loss 5.22635 (Pin 0.88175 [q90 0.43274, q10 0.44902], MS 1.19956, Freq 3.49448) | LR 1.25e-06
2026-08-01 05:27:05,690 INFO Epoch 69 | Batch 100/593 | Loss 5.12042 (Pin 0.85733 [q90 0.42608, q10 0.43124], MS 1.15188, Freq 3.45690) | LR 1.25e-06
2026-08-01 05:27:47,927 INFO Epoch 69 | Batch 150/593 | Loss 5.16184 (Pin 0.86008 [q90 0.41537, q10 0.44472], MS 1.16085, Freq 3.48990) | LR 1.25e-06
2026-08-01 05:28:30,187 INFO Epoch 69 | Batch 200/593 | Loss 5.17086 (Pin 0.86715 [q90 0.42472, q10 0.44243], MS 1.19406, Freq 3.45517) | LR 1.25e-06
2026-08-01 05:29:12,455 INFO Epoch 69 | Batch 250/593 | Loss 5.30154 (Pin 0.87889 [q90 0.42937, q10 0.44952], MS 1.28990, Freq 3.48084) | LR 1.25e-06
2026-08-01 05:29:54,714 INFO Epoch 69 | Batch 300/593 | Loss 5.23866 (Pin 0.86318 [q90 0.42202, q10 0.44116], MS 1.21290, Freq 3.51398) | LR 1.25e-06
2026-08-01 05:30:36,965 INFO Epoch 69 | Batch 350/593 | Loss 5.24487 (Pin 0.86425 [q90 0.42383, q10 0.44042], MS 1.24568, Freq 3.48327) | LR 1.25e-06
2026-08-01 05:31:19,210 INFO Epoch 69 | Batch 400/593 | Loss 5.17327 (Pin 0.87271 [q90 0.42754, q10 0.44517], MS 1.14864, Freq 3.50212) | LR 1.25e-06
2026-08-01 05:32:01,485 INFO Epoch 69 | Batch 450/593 | Loss 5.22605 (Pin 0.86281 [q90 0.42372, q10 0.43909], MS 1.22210, Freq 3.49016) | LR 1.25e-06
2026-08-01 05:32:43,728 INFO Epoch 69 | Batch 500/593 | Loss 5.19244 (Pin 0.86617 [q90 0.42866, q10 0.43751], MS 1.18988, Freq 3.48489) | LR 1.25e-06
2026-08-01 05:33:25,960 INFO Epoch 69 | Batch 550/593 | Loss 5.27905 (Pin 0.87788 [q90 0.43023, q10 0.44765], MS 1.22710, Freq 3.52674) | LR 1.25e-06
2026-08-01 05:34:38,459 INFO Epoch 69 | Val Loss 5.98476 (Pin 0.82606 [q90 0.41230, q10 0.41376], MS 2.06306, Freq 3.43960, L1 1.78983, Spectral 0.32701, Gradient 0.53273) | CRPS 1.18271
2026-08-01 05:34:38,460 INFO Epoch 69 | Coverage q10/q50/q90 = 0.079/0.497/0.906 (nominal .10/.50/.90) | extreme tail = 0.110/0.467/0.858
2026-08-01 05:34:38,932 INFO Epoch 69 | Val crps did not improve (12/50 val checks since best=1.17796)
2026-08-01 05:35:21,237 INFO Epoch 70 | Batch 50/593 | Loss 5.14161 (Pin 0.86786 [q90 0.42392, q10 0.44394], MS 1.18407, Freq 3.43299) | LR 1.25e-06
2026-08-01 05:36:03,502 INFO Epoch 70 | Batch 100/593 | Loss 5.26778 (Pin 0.88202 [q90 0.42689, q10 0.45513], MS 1.21921, Freq 3.51838) | LR 1.25e-06
2026-08-01 05:36:45,764 INFO Epoch 70 | Batch 150/593 | Loss 5.18021 (Pin 0.85759 [q90 0.41995, q10 0.43765], MS 1.19742, Freq 3.47244) | LR 1.25e-06
2026-08-01 05:37:28,009 INFO Epoch 70 | Batch 200/593 | Loss 5.11600 (Pin 0.85774 [q90 0.42383, q10 0.43392], MS 1.13882, Freq 3.46604) | LR 1.25e-06
2026-08-01 05:38:10,255 INFO Epoch 70 | Batch 250/593 | Loss 5.16621 (Pin 0.85870 [q90 0.42175, q10 0.43694], MS 1.19252, Freq 3.46110) | LR 1.25e-06
2026-08-01 05:38:52,511 INFO Epoch 70 | Batch 300/593 | Loss 5.33334 (Pin 0.88560 [q90 0.44363, q10 0.44197], MS 1.26795, Freq 3.53310) | LR 1.25e-06
2026-08-01 05:39:34,789 INFO Epoch 70 | Batch 350/593 | Loss 5.10647 (Pin 0.85893 [q90 0.42379, q10 0.43514], MS 1.14406, Freq 3.44832) | LR 1.25e-06
2026-08-01 05:40:17,039 INFO Epoch 70 | Batch 400/593 | Loss 5.13689 (Pin 0.85580 [q90 0.41753, q10 0.43827], MS 1.12560, Freq 3.50610) | LR 1.25e-06
2026-08-01 05:40:59,302 INFO Epoch 70 | Batch 450/593 | Loss 5.21000 (Pin 0.86130 [q90 0.42051, q10 0.44080], MS 1.22247, Freq 3.47359) | LR 1.25e-06
2026-08-01 05:41:41,568 INFO Epoch 70 | Batch 500/593 | Loss 5.33762 (Pin 0.88495 [q90 0.43694, q10 0.44802], MS 1.27353, Freq 3.53238) | LR 1.25e-06
2026-08-01 05:42:23,835 INFO Epoch 70 | Batch 550/593 | Loss 5.21836 (Pin 0.85795 [q90 0.41558, q10 0.44237], MS 1.20749, Freq 3.50324) | LR 1.25e-06
2026-08-01 05:43:35,575 INFO Epoch 70 | Val Loss 5.96775 (Pin 0.82615 [q90 0.41325, q10 0.41289], MS 2.09074, Freq 3.38984, L1 1.77748, Spectral 0.32300, Gradient 0.51972) | CRPS 1.17658
2026-08-01 05:43:35,576 INFO Epoch 70 | Coverage q10/q50/q90 = 0.082/0.492/0.900 (nominal .10/.50/.90) | extreme tail = 0.115/0.464/0.852
2026-08-01 05:43:36,042 INFO New best val crps: 1.17658 (saved checkpoints/best.pth)
2026-08-01 05:44:18,365 INFO Epoch 71 | Batch 50/593 | Loss 5.23263 (Pin 0.87350 [q90 0.42609, q10 0.44741], MS 1.19511, Freq 3.51557) | LR 1.25e-06
2026-08-01 05:45:00,609 INFO Epoch 71 | Batch 100/593 | Loss 5.29653 (Pin 0.88477 [q90 0.42974, q10 0.45503], MS 1.23541, Freq 3.52928) | LR 1.25e-06
2026-08-01 05:45:42,851 INFO Epoch 71 | Batch 150/593 | Loss 5.13631 (Pin 0.85302 [q90 0.41680, q10 0.43622], MS 1.15344, Freq 3.47761) | LR 1.25e-06
2026-08-01 05:46:25,092 INFO Epoch 71 | Batch 200/593 | Loss 5.14508 (Pin 0.85327 [q90 0.41686, q10 0.43641], MS 1.18027, Freq 3.45727) | LR 1.25e-06
2026-08-01 05:47:07,343 INFO Epoch 71 | Batch 250/593 | Loss 5.28158 (Pin 0.88740 [q90 0.43061, q10 0.45679], MS 1.21301, Freq 3.53464) | LR 1.25e-06
2026-08-01 05:47:49,600 INFO Epoch 71 | Batch 300/593 | Loss 5.22758 (Pin 0.87232 [q90 0.43007, q10 0.44225], MS 1.18402, Freq 3.52360) | LR 1.25e-06
2026-08-01 05:48:31,839 INFO Epoch 71 | Batch 350/593 | Loss 5.18118 (Pin 0.85524 [q90 0.42598, q10 0.42926], MS 1.19154, Freq 3.48266) | LR 1.25e-06
2026-08-01 05:49:14,090 INFO Epoch 71 | Batch 400/593 | Loss 5.15555 (Pin 0.85619 [q90 0.42170, q10 0.43449], MS 1.17510, Freq 3.47140) | LR 1.25e-06
2026-08-01 05:49:56,346 INFO Epoch 71 | Batch 450/593 | Loss 5.15887 (Pin 0.85906 [q90 0.42596, q10 0.43310], MS 1.19346, Freq 3.45150) | LR 1.25e-06
2026-08-01 05:50:38,578 INFO Epoch 71 | Batch 500/593 | Loss 5.22781 (Pin 0.86618 [q90 0.42681, q10 0.43938], MS 1.22078, Freq 3.48983) | LR 1.25e-06
2026-08-01 05:51:20,831 INFO Epoch 71 | Batch 550/593 | Loss 5.13308 (Pin 0.85914 [q90 0.41866, q10 0.44048], MS 1.17429, Freq 3.44406) | LR 1.25e-06
2026-08-01 05:52:32,622 INFO Epoch 71 | Val Loss 5.97097 (Pin 0.82670 [q90 0.41289, q10 0.41380], MS 2.07824, Freq 3.40669, L1 1.78273, Spectral 0.32487, Gradient 0.52653) | CRPS 1.17949
2026-08-01 05:52:32,623 INFO Epoch 71 | Coverage q10/q50/q90 = 0.080/0.489/0.903 (nominal .10/.50/.90) | extreme tail = 0.112/0.462/0.855
2026-08-01 05:52:32,868 INFO Epoch 71 | Val crps did not improve (1/50 val checks since best=1.17658)
2026-08-01 05:53:15,195 INFO Epoch 72 | Batch 50/593 | Loss 5.24942 (Pin 0.87705 [q90 0.43188, q10 0.44517], MS 1.19612, Freq 3.52917) | LR 1.25e-06
2026-08-01 05:53:57,449 INFO Epoch 72 | Batch 100/593 | Loss 5.29808 (Pin 0.86611 [q90 0.42277, q10 0.44334], MS 1.27535, Freq 3.50736) | LR 1.25e-06
2026-08-01 05:54:39,690 INFO Epoch 72 | Batch 150/593 | Loss 5.14937 (Pin 0.87370 [q90 0.42327, q10 0.45043], MS 1.13890, Freq 3.48529) | LR 1.25e-06
2026-08-01 05:55:21,932 INFO Epoch 72 | Batch 200/593 | Loss 5.22525 (Pin 0.87786 [q90 0.42887, q10 0.44899], MS 1.18907, Freq 3.50925) | LR 1.25e-06
2026-08-01 05:56:04,180 INFO Epoch 72 | Batch 250/593 | Loss 5.09041 (Pin 0.85304 [q90 0.41936, q10 0.43368], MS 1.15936, Freq 3.42000) | LR 1.25e-06
2026-08-01 05:56:46,426 INFO Epoch 72 | Batch 300/593 | Loss 5.34816 (Pin 0.88627 [q90 0.42928, q10 0.45699], MS 1.27539, Freq 3.54055) | LR 1.25e-06
2026-08-01 05:57:28,683 INFO Epoch 72 | Batch 350/593 | Loss 5.11269 (Pin 0.85015 [q90 0.42267, q10 0.42748], MS 1.17646, Freq 3.42898) | LR 1.25e-06
2026-08-01 05:58:10,938 INFO Epoch 72 | Batch 400/593 | Loss 5.20096 (Pin 0.85683 [q90 0.42617, q10 0.43066], MS 1.20581, Freq 3.48702) | LR 1.25e-06
2026-08-01 05:58:53,201 INFO Epoch 72 | Batch 450/593 | Loss 5.17554 (Pin 0.86726 [q90 0.42393, q10 0.44333], MS 1.18469, Freq 3.47066) | LR 1.25e-06
2026-08-01 05:59:35,450 INFO Epoch 72 | Batch 500/593 | Loss 5.23371 (Pin 0.86882 [q90 0.42261, q10 0.44622], MS 1.22484, Freq 3.48894) | LR 1.25e-06
2026-08-01 06:00:17,704 INFO Epoch 72 | Batch 550/593 | Loss 5.21898 (Pin 0.85541 [q90 0.42732, q10 0.42809], MS 1.24820, Freq 3.46153) | LR 1.25e-06
2026-08-01 06:01:30,194 INFO Epoch 72 | Val Loss 5.97667 (Pin 0.82669 [q90 0.41304, q10 0.41366], MS 2.09004, Freq 3.39994, L1 1.78327, Spectral 0.32376, Gradient 0.52353) | CRPS 1.17956
2026-08-01 06:01:30,195 INFO Epoch 72 | Coverage q10/q50/q90 = 0.079/0.484/0.901 (nominal .10/.50/.90) | extreme tail = 0.111/0.453/0.854
2026-08-01 06:01:30,428 INFO Epoch 72 | Val crps did not improve (2/50 val checks since best=1.17658)
2026-08-01 06:02:12,763 INFO Epoch 73 | Batch 50/593 | Loss 5.17206 (Pin 0.84565 [q90 0.41688, q10 0.42877], MS 1.21846, Freq 3.45328) | LR 1.25e-06
2026-08-01 06:02:55,009 INFO Epoch 73 | Batch 100/593 | Loss 5.22139 (Pin 0.87484 [q90 0.42716, q10 0.44768], MS 1.18631, Freq 3.51138) | LR 1.25e-06
2026-08-01 06:03:37,265 INFO Epoch 73 | Batch 150/593 | Loss 5.31239 (Pin 0.89551 [q90 0.43442, q10 0.46110], MS 1.22969, Freq 3.54132) | LR 1.25e-06
2026-08-01 06:04:19,509 INFO Epoch 73 | Batch 200/593 | Loss 5.31446 (Pin 0.88479 [q90 0.43466, q10 0.45013], MS 1.22673, Freq 3.55882) | LR 1.25e-06
2026-08-01 06:05:01,788 INFO Epoch 73 | Batch 250/593 | Loss 5.22365 (Pin 0.87168 [q90 0.42844, q10 0.44324], MS 1.20846, Freq 3.49279) | LR 1.25e-06
2026-08-01 06:05:44,040 INFO Epoch 73 | Batch 300/593 | Loss 5.19948 (Pin 0.86010 [q90 0.42679, q10 0.43331], MS 1.20983, Freq 3.47728) | LR 1.25e-06
2026-08-01 06:06:26,299 INFO Epoch 73 | Batch 350/593 | Loss 5.15355 (Pin 0.85076 [q90 0.41611, q10 0.43465], MS 1.21957, Freq 3.42580) | LR 1.25e-06
2026-08-01 06:07:08,527 INFO Epoch 73 | Batch 400/593 | Loss 5.25207 (Pin 0.86465 [q90 0.42513, q10 0.43951], MS 1.24640, Freq 3.49002) | LR 1.25e-06
2026-08-01 06:07:50,787 INFO Epoch 73 | Batch 450/593 | Loss 5.21428 (Pin 0.88085 [q90 0.43526, q10 0.44559], MS 1.17746, Freq 3.50663) | LR 1.25e-06
2026-08-01 06:08:33,029 INFO Epoch 73 | Batch 500/593 | Loss 5.20969 (Pin 0.87314 [q90 0.42525, q10 0.44788], MS 1.19126, Freq 3.49478) | LR 1.25e-06
2026-08-01 06:09:15,279 INFO Epoch 73 | Batch 550/593 | Loss 5.16033 (Pin 0.85953 [q90 0.42114, q10 0.43838], MS 1.21102, Freq 3.43309) | LR 1.25e-06
2026-08-01 06:10:27,735 INFO Epoch 73 | Val Loss 5.97175 (Pin 0.82548 [q90 0.41232, q10 0.41316], MS 2.09104, Freq 3.39470, L1 1.78064, Spectral 0.32359, Gradient 0.52115) | CRPS 1.17812
2026-08-01 06:10:27,736 INFO Epoch 73 | Coverage q10/q50/q90 = 0.081/0.491/0.902 (nominal .10/.50/.90) | extreme tail = 0.113/0.466/0.860
2026-08-01 06:10:28,223 INFO Epoch 73 | Val crps did not improve (3/50 val checks since best=1.17658)
2026-08-01 06:11:10,509 INFO Epoch 74 | Batch 50/593 | Loss 5.20620 (Pin 0.87436 [q90 0.42626, q10 0.44811], MS 1.18288, Freq 3.49884) | LR 1.25e-06
2026-08-01 06:11:52,904 INFO Epoch 74 | Batch 100/593 | Loss 5.22939 (Pin 0.87763 [q90 0.43075, q10 0.44688], MS 1.18929, Freq 3.51386) | LR 1.25e-06
2026-08-01 06:12:35,144 INFO Epoch 74 | Batch 150/593 | Loss 5.09717 (Pin 0.85089 [q90 0.42109, q10 0.42980], MS 1.17867, Freq 3.40845) | LR 1.25e-06
2026-08-01 06:13:17,405 INFO Epoch 74 | Batch 200/593 | Loss 5.21551 (Pin 0.87039 [q90 0.42529, q10 0.44510], MS 1.18376, Freq 3.51263) | LR 1.25e-06
2026-08-01 06:13:59,675 INFO Epoch 74 | Batch 250/593 | Loss 5.22504 (Pin 0.86257 [q90 0.41914, q10 0.44343], MS 1.23991, Freq 3.46951) | LR 1.25e-06
2026-08-01 06:14:41,914 INFO Epoch 74 | Batch 300/593 | Loss 5.15232 (Pin 0.84903 [q90 0.41685, q10 0.43218], MS 1.20566, Freq 3.44181) | LR 1.25e-06
2026-08-01 06:15:24,168 INFO Epoch 74 | Batch 350/593 | Loss 5.22215 (Pin 0.88227 [q90 0.43460, q10 0.44767], MS 1.14438, Freq 3.55056) | LR 1.25e-06
2026-08-01 06:16:06,433 INFO Epoch 74 | Batch 400/593 | Loss 5.33830 (Pin 0.89044 [q90 0.43628, q10 0.45416], MS 1.24907, Freq 3.55421) | LR 1.25e-06
2026-08-01 06:16:48,702 INFO Epoch 74 | Batch 450/593 | Loss 5.19230 (Pin 0.86444 [q90 0.42325, q10 0.44119], MS 1.18953, Freq 3.48703) | LR 1.25e-06
2026-08-01 06:17:30,938 INFO Epoch 74 | Batch 500/593 | Loss 5.18734 (Pin 0.86372 [q90 0.42812, q10 0.43560], MS 1.20831, Freq 3.46145) | LR 1.25e-06
2026-08-01 06:18:13,211 INFO Epoch 74 | Batch 550/593 | Loss 5.17584 (Pin 0.84617 [q90 0.41509, q10 0.43108], MS 1.23347, Freq 3.44023) | LR 1.25e-06
2026-08-01 06:19:25,326 INFO Epoch 74 | Val Loss 5.97130 (Pin 0.82541 [q90 0.41231, q10 0.41310], MS 2.07063, Freq 3.41697, L1 1.78568, Spectral 0.32544, Gradient 0.52701) | CRPS 1.18018
2026-08-01 06:19:25,327 INFO Epoch 74 | Coverage q10/q50/q90 = 0.080/0.496/0.905 (nominal .10/.50/.90) | extreme tail = 0.115/0.464/0.856
2026-08-01 06:19:25,563 INFO Epoch 74 | Val crps did not improve (4/50 val checks since best=1.17658)
2026-08-01 06:20:07,869 INFO Epoch 75 | Batch 50/593 | Loss 5.13082 (Pin 0.86812 [q90 0.42446, q10 0.44366], MS 1.12526, Freq 3.48604) | LR 1.25e-06
2026-08-01 06:20:50,125 INFO Epoch 75 | Batch 100/593 | Loss 5.13719 (Pin 0.84384 [q90 0.41086, q10 0.43297], MS 1.15254, Freq 3.48979) | LR 1.25e-06
2026-08-01 06:21:32,383 INFO Epoch 75 | Batch 150/593 | Loss 5.23771 (Pin 0.86447 [q90 0.42279, q10 0.44168], MS 1.26535, Freq 3.45322) | LR 1.25e-06
2026-08-01 06:22:14,617 INFO Epoch 75 | Batch 200/593 | Loss 5.22568 (Pin 0.85707 [q90 0.42341, q10 0.43366], MS 1.24353, Freq 3.47231) | LR 1.25e-06
2026-08-01 06:22:56,855 INFO Epoch 75 | Batch 250/593 | Loss 5.28979 (Pin 0.88294 [q90 0.43593, q10 0.44701], MS 1.23671, Freq 3.52238) | LR 1.25e-06
2026-08-01 06:23:39,096 INFO Epoch 75 | Batch 300/593 | Loss 5.00467 (Pin 0.82258 [q90 0.40466, q10 0.41792], MS 1.15205, Freq 3.36671) | LR 1.25e-06
2026-08-01 06:24:21,354 INFO Epoch 75 | Batch 350/593 | Loss 5.34219 (Pin 0.88311 [q90 0.43283, q10 0.45028], MS 1.25656, Freq 3.55835) | LR 1.25e-06
2026-08-01 06:25:03,612 INFO Epoch 75 | Batch 400/593 | Loss 5.24238 (Pin 0.88472 [q90 0.43410, q10 0.45062], MS 1.20324, Freq 3.50491) | LR 1.25e-06
2026-08-01 06:25:45,857 INFO Epoch 75 | Batch 450/593 | Loss 5.28123 (Pin 0.88002 [q90 0.42599, q10 0.45403], MS 1.24970, Freq 3.50168) | LR 1.25e-06
2026-08-01 06:26:28,094 INFO Epoch 75 | Batch 500/593 | Loss 5.27546 (Pin 0.87503 [q90 0.43102, q10 0.44401], MS 1.23726, Freq 3.51464) | LR 1.25e-06
2026-08-01 06:27:10,363 INFO Epoch 75 | Batch 550/593 | Loss 5.18149 (Pin 0.87488 [q90 0.43369, q10 0.44119], MS 1.17817, Freq 3.47605) | LR 1.25e-06
2026-08-01 06:28:23,122 INFO Epoch 75 | Val Loss 5.98238 (Pin 0.82614 [q90 0.41278, q10 0.41336], MS 2.07970, Freq 3.41837, L1 1.78755, Spectral 0.32455, Gradient 0.52408) | CRPS 1.18139
2026-08-01 06:28:23,123 INFO Epoch 75 | Coverage q10/q50/q90 = 0.080/0.490/0.903 (nominal .10/.50/.90) | extreme tail = 0.112/0.474/0.861
2026-08-01 06:28:23,349 INFO Epoch 75 | Val crps did not improve (5/50 val checks since best=1.17658)
2026-08-01 06:29:05,667 INFO Epoch 76 | Batch 50/593 | Loss 5.18416 (Pin 0.85981 [q90 0.42071, q10 0.43910], MS 1.18018, Freq 3.49352) | LR 1.25e-06
2026-08-01 06:29:47,919 INFO Epoch 76 | Batch 100/593 | Loss 5.15710 (Pin 0.85989 [q90 0.42150, q10 0.43838], MS 1.17915, Freq 3.46452) | LR 1.25e-06
2026-08-01 06:30:30,167 INFO Epoch 76 | Batch 150/593 | Loss 5.25446 (Pin 0.89778 [q90 0.43941, q10 0.45837], MS 1.15543, Freq 3.55695) | LR 1.25e-06
2026-08-01 06:31:12,414 INFO Epoch 76 | Batch 200/593 | Loss 5.13773 (Pin 0.86084 [q90 0.42530, q10 0.43554], MS 1.14275, Freq 3.48237) | LR 1.25e-06
2026-08-01 06:31:54,658 INFO Epoch 76 | Batch 250/593 | Loss 5.20312 (Pin 0.87045 [q90 0.42626, q10 0.44419], MS 1.17980, Freq 3.50318) | LR 1.25e-06
2026-08-01 06:32:36,903 INFO Epoch 76 | Batch 300/593 | Loss 5.09297 (Pin 0.84827 [q90 0.41827, q10 0.42999], MS 1.16436, Freq 3.42261) | LR 1.25e-06
2026-08-01 06:33:19,153 INFO Epoch 76 | Batch 350/593 | Loss 5.25993 (Pin 0.87875 [q90 0.43086, q10 0.44789], MS 1.22917, Freq 3.50224) | LR 1.25e-06
2026-08-01 06:34:01,405 INFO Epoch 76 | Batch 400/593 | Loss 5.12914 (Pin 0.85707 [q90 0.41910, q10 0.43796], MS 1.16720, Freq 3.44986) | LR 1.25e-06
2026-08-01 06:34:43,644 INFO Epoch 76 | Batch 450/593 | Loss 5.11886 (Pin 0.83892 [q90 0.41370, q10 0.42522], MS 1.17442, Freq 3.45058) | LR 1.25e-06
2026-08-01 06:35:25,906 INFO Epoch 76 | Batch 500/593 | Loss 5.27779 (Pin 0.88769 [q90 0.43701, q10 0.45068], MS 1.20931, Freq 3.53421) | LR 1.25e-06
2026-08-01 06:36:08,180 INFO Epoch 76 | Batch 550/593 | Loss 5.25463 (Pin 0.87858 [q90 0.43107, q10 0.44751], MS 1.21057, Freq 3.51721) | LR 1.25e-06
2026-08-01 06:37:20,326 INFO Epoch 76 | Val Loss 5.96303 (Pin 0.82594 [q90 0.41299, q10 0.41295], MS 2.08104, Freq 3.39561, L1 1.77889, Spectral 0.32417, Gradient 0.52376) | CRPS 1.17751
2026-08-01 06:37:20,327 INFO Epoch 76 | Coverage q10/q50/q90 = 0.080/0.481/0.901 (nominal .10/.50/.90) | extreme tail = 0.112/0.454/0.852
2026-08-01 06:37:20,565 INFO Epoch 76 | Val crps did not improve (6/50 val checks since best=1.17658)
2026-08-01 06:38:02,880 INFO Epoch 77 | Batch 50/593 | Loss 5.18438 (Pin 0.86256 [q90 0.42113, q10 0.44142], MS 1.22418, Freq 3.44183) | LR 1.25e-06
2026-08-01 06:38:45,130 INFO Epoch 77 | Batch 100/593 | Loss 5.12271 (Pin 0.83957 [q90 0.41123, q10 0.42834], MS 1.18159, Freq 3.44617) | LR 1.25e-06
2026-08-01 06:39:27,366 INFO Epoch 77 | Batch 150/593 | Loss 5.11988 (Pin 0.85386 [q90 0.42410, q10 0.42975], MS 1.14200, Freq 3.47114) | LR 1.25e-06
2026-08-01 06:40:09,616 INFO Epoch 77 | Batch 200/593 | Loss 5.20884 (Pin 0.86609 [q90 0.42573, q10 0.44036], MS 1.23910, Freq 3.44850) | LR 1.25e-06
2026-08-01 06:40:51,883 INFO Epoch 77 | Batch 250/593 | Loss 5.20005 (Pin 0.86326 [q90 0.42566, q10 0.43761], MS 1.21984, Freq 3.46328) | LR 1.25e-06
2026-08-01 06:41:34,134 INFO Epoch 77 | Batch 300/593 | Loss 5.34485 (Pin 0.88247 [q90 0.43160, q10 0.45087], MS 1.27545, Freq 3.54103) | LR 1.25e-06
2026-08-01 06:42:16,376 INFO Epoch 77 | Batch 350/593 | Loss 5.16390 (Pin 0.85316 [q90 0.42030, q10 0.43286], MS 1.19294, Freq 3.46422) | LR 1.25e-06
2026-08-01 06:42:58,639 INFO Epoch 77 | Batch 400/593 | Loss 5.25276 (Pin 0.87984 [q90 0.42955, q10 0.45029], MS 1.21644, Freq 3.50720) | LR 1.25e-06
2026-08-01 06:43:40,889 INFO Epoch 77 | Batch 450/593 | Loss 5.20449 (Pin 0.87159 [q90 0.42179, q10 0.44980], MS 1.17561, Freq 3.50811) | LR 1.25e-06
2026-08-01 06:44:23,148 INFO Epoch 77 | Batch 500/593 | Loss 5.21077 (Pin 0.86574 [q90 0.42501, q10 0.44074], MS 1.20966, Freq 3.48374) | LR 1.25e-06
2026-08-01 06:45:05,403 INFO Epoch 77 | Batch 550/593 | Loss 5.26987 (Pin 0.89261 [q90 0.44225, q10 0.45037], MS 1.18545, Freq 3.54645) | LR 1.25e-06
2026-08-01 06:46:17,510 INFO Epoch 77 | Val Loss 5.98105 (Pin 0.82560 [q90 0.41232, q10 0.41328], MS 2.07650, Freq 3.42106, L1 1.78593, Spectral 0.32492, Gradient 0.52608) | CRPS 1.18041
2026-08-01 06:46:17,510 INFO Epoch 77 | Coverage q10/q50/q90 = 0.081/0.494/0.904 (nominal .10/.50/.90) | extreme tail = 0.112/0.467/0.858
2026-08-01 06:46:17,771 INFO Epoch 77 | Val crps did not improve (7/50 val checks since best=1.17658)
2026-08-01 06:47:00,089 INFO Epoch 78 | Batch 50/593 | Loss 5.21172 (Pin 0.87394 [q90 0.42716, q10 0.44677], MS 1.20887, Freq 3.47658) | LR 1.25e-06
2026-08-01 06:47:42,332 INFO Epoch 78 | Batch 100/593 | Loss 5.35301 (Pin 0.87968 [q90 0.42539, q10 0.45429], MS 1.27028, Freq 3.55894) | LR 1.25e-06
2026-08-01 06:48:24,566 INFO Epoch 78 | Batch 150/593 | Loss 5.22766 (Pin 0.87162 [q90 0.41907, q10 0.45254], MS 1.18923, Freq 3.51868) | LR 1.25e-06
2026-08-01 06:49:06,828 INFO Epoch 78 | Batch 200/593 | Loss 5.17424 (Pin 0.86975 [q90 0.43440, q10 0.43534], MS 1.17473, Freq 3.47751) | LR 1.25e-06
2026-08-01 06:49:49,105 INFO Epoch 78 | Batch 250/593 | Loss 5.27616 (Pin 0.87123 [q90 0.42942, q10 0.44181], MS 1.21863, Freq 3.54033) | LR 1.25e-06
2026-08-01 06:50:31,359 INFO Epoch 78 | Batch 300/593 | Loss 5.12477 (Pin 0.86387 [q90 0.42794, q10 0.43592], MS 1.17721, Freq 3.42634) | LR 1.25e-06
2026-08-01 06:51:13,610 INFO Epoch 78 | Batch 350/593 | Loss 5.13890 (Pin 0.85357 [q90 0.41918, q10 0.43439], MS 1.18578, Freq 3.44394) | LR 1.25e-06
2026-08-01 06:51:55,883 INFO Epoch 78 | Batch 400/593 | Loss 5.15523 (Pin 0.85678 [q90 0.42230, q10 0.43447], MS 1.16318, Freq 3.48363) | LR 1.25e-06
2026-08-01 06:52:38,144 INFO Epoch 78 | Batch 450/593 | Loss 5.25996 (Pin 0.87354 [q90 0.42495, q10 0.44859], MS 1.25891, Freq 3.47501) | LR 1.25e-06
2026-08-01 06:53:20,401 INFO Epoch 78 | Batch 500/593 | Loss 5.21692 (Pin 0.87104 [q90 0.43164, q10 0.43940], MS 1.20049, Freq 3.49488) | LR 1.25e-06
2026-08-01 06:54:02,645 INFO Epoch 78 | Batch 550/593 | Loss 5.12197 (Pin 0.84898 [q90 0.41651, q10 0.43247], MS 1.16122, Freq 3.45752) | LR 1.25e-06
2026-08-01 06:55:15,412 INFO Epoch 78 | Val Loss 5.98164 (Pin 0.82631 [q90 0.41283, q10 0.41347], MS 2.08352, Freq 3.41312, L1 1.78480, Spectral 0.32769, Gradient 0.53154) | CRPS 1.18019
2026-08-01 06:55:15,413 INFO Epoch 78 | Coverage q10/q50/q90 = 0.081/0.497/0.905 (nominal .10/.50/.90) | extreme tail = 0.113/0.463/0.855
2026-08-01 06:55:15,673 INFO Epoch 78 | Val crps did not improve (8/50 val checks since best=1.17658)
2026-08-01 06:55:57,989 INFO Epoch 79 | Batch 50/593 | Loss 5.22402 (Pin 0.87364 [q90 0.43147, q10 0.44217], MS 1.22691, Freq 3.47052) | LR 1.25e-06
2026-08-01 06:56:40,234 INFO Epoch 79 | Batch 100/593 | Loss 5.25460 (Pin 0.87251 [q90 0.43172, q10 0.44079], MS 1.21676, Freq 3.51704) | LR 1.25e-06
2026-08-01 06:57:22,508 INFO Epoch 79 | Batch 150/593 | Loss 5.10924 (Pin 0.85467 [q90 0.42089, q10 0.43378], MS 1.15110, Freq 3.44830) | LR 1.25e-06
2026-08-01 06:58:04,757 INFO Epoch 79 | Batch 200/593 | Loss 5.25160 (Pin 0.87606 [q90 0.43399, q10 0.44207], MS 1.18943, Freq 3.54012) | LR 1.25e-06
2026-08-01 06:58:47,039 INFO Epoch 79 | Batch 250/593 | Loss 5.11984 (Pin 0.84614 [q90 0.41762, q10 0.42851], MS 1.19041, Freq 3.42589) | LR 1.25e-06
2026-08-01 06:59:29,297 INFO Epoch 79 | Batch 300/593 | Loss 5.21557 (Pin 0.87440 [q90 0.42449, q10 0.44991], MS 1.20059, Freq 3.48954) | LR 1.25e-06
2026-08-01 07:00:11,541 INFO Epoch 79 | Batch 350/593 | Loss 5.28370 (Pin 0.88812 [q90 0.43335, q10 0.45477], MS 1.22305, Freq 3.52503) | LR 1.25e-06
2026-08-01 07:00:53,792 INFO Epoch 79 | Batch 400/593 | Loss 5.14180 (Pin 0.84716 [q90 0.41080, q10 0.43637], MS 1.18992, Freq 3.44969) | LR 1.25e-06
2026-08-01 07:01:36,033 INFO Epoch 79 | Batch 450/593 | Loss 5.20114 (Pin 0.86817 [q90 0.42715, q10 0.44101], MS 1.21454, Freq 3.46492) | LR 1.25e-06
2026-08-01 07:02:18,293 INFO Epoch 79 | Batch 500/593 | Loss 5.23536 (Pin 0.87515 [q90 0.42798, q10 0.44717], MS 1.24352, Freq 3.46299) | LR 1.25e-06
2026-08-01 07:03:00,559 INFO Epoch 79 | Batch 550/593 | Loss 5.23890 (Pin 0.86271 [q90 0.42437, q10 0.43834], MS 1.19292, Freq 3.53696) | LR 1.25e-06
2026-08-01 07:04:13,011 INFO Epoch 79 | Val Loss 5.96661 (Pin 0.82556 [q90 0.41278, q10 0.41279], MS 2.08317, Freq 3.39763, L1 1.77898, Spectral 0.32345, Gradient 0.52156) | CRPS 1.17734
2026-08-01 07:04:13,012 INFO Epoch 79 | Coverage q10/q50/q90 = 0.080/0.489/0.902 (nominal .10/.50/.90) | extreme tail = 0.113/0.465/0.854
2026-08-01 07:04:13,270 INFO Epoch 79 | Val crps did not improve (9/50 val checks since best=1.17658)
2026-08-01 07:04:55,606 INFO Epoch 80 | Batch 50/593 | Loss 5.18567 (Pin 0.87220 [q90 0.43085, q10 0.44135], MS 1.17257, Freq 3.48989) | LR 6.25e-07
2026-08-01 07:05:37,852 INFO Epoch 80 | Batch 100/593 | Loss 5.13821 (Pin 0.85741 [q90 0.42273, q10 0.43468], MS 1.15849, Freq 3.46924) | LR 6.25e-07
2026-08-01 07:06:20,120 INFO Epoch 80 | Batch 150/593 | Loss 5.22809 (Pin 0.87070 [q90 0.42941, q10 0.44129], MS 1.20928, Freq 3.49790) | LR 6.25e-07
2026-08-01 07:07:02,382 INFO Epoch 80 | Batch 200/593 | Loss 5.11951 (Pin 0.86085 [q90 0.42518, q10 0.43567], MS 1.10857, Freq 3.50010) | LR 6.25e-07
2026-08-01 07:07:44,662 INFO Epoch 80 | Batch 250/593 | Loss 5.28117 (Pin 0.87973 [q90 0.42922, q10 0.45050], MS 1.21463, Freq 3.54090) | LR 6.25e-07
2026-08-01 07:08:26,908 INFO Epoch 80 | Batch 300/593 | Loss 5.24643 (Pin 0.87425 [q90 0.42604, q10 0.44821], MS 1.22455, Freq 3.49737) | LR 6.25e-07
2026-08-01 07:09:09,162 INFO Epoch 80 | Batch 350/593 | Loss 5.16962 (Pin 0.85575 [q90 0.42187, q10 0.43388], MS 1.19176, Freq 3.46900) | LR 6.25e-07
2026-08-01 07:09:51,404 INFO Epoch 80 | Batch 400/593 | Loss 5.18270 (Pin 0.86130 [q90 0.42272, q10 0.43858], MS 1.21244, Freq 3.45440) | LR 6.25e-07
2026-08-01 07:10:33,645 INFO Epoch 80 | Batch 450/593 | Loss 5.19561 (Pin 0.86637 [q90 0.42178, q10 0.44460], MS 1.19867, Freq 3.47841) | LR 6.25e-07
2026-08-01 07:11:15,899 INFO Epoch 80 | Batch 500/593 | Loss 5.34707 (Pin 0.87940 [q90 0.43062, q10 0.44878], MS 1.29297, Freq 3.52744) | LR 6.25e-07
2026-08-01 07:11:58,179 INFO Epoch 80 | Batch 550/593 | Loss 5.14353 (Pin 0.85421 [q90 0.42102, q10 0.43319], MS 1.18939, Freq 3.44437) | LR 6.25e-07
2026-08-01 07:13:10,660 INFO Epoch 80 | Val Loss 5.97431 (Pin 0.82616 [q90 0.41290, q10 0.41327], MS 2.08255, Freq 3.40623, L1 1.78116, Spectral 0.32386, Gradient 0.52339) | CRPS 1.17856
2026-08-01 07:13:10,661 INFO Epoch 80 | Coverage q10/q50/q90 = 0.081/0.486/0.901 (nominal .10/.50/.90) | extreme tail = 0.112/0.462/0.857
2026-08-01 07:13:10,922 INFO Epoch 80 | Val crps did not improve (10/50 val checks since best=1.17658)
2026-08-01 07:13:53,255 INFO Epoch 81 | Batch 50/593 | Loss 5.12349 (Pin 0.85968 [q90 0.42007, q10 0.43961], MS 1.15082, Freq 3.45888) | LR 6.25e-07
2026-08-01 07:14:35,509 INFO Epoch 81 | Batch 100/593 | Loss 5.20755 (Pin 0.87128 [q90 0.43478, q10 0.43650], MS 1.20685, Freq 3.47713) | LR 6.25e-07
2026-08-01 07:15:17,748 INFO Epoch 81 | Batch 150/593 | Loss 5.11752 (Pin 0.85537 [q90 0.42212, q10 0.43324], MS 1.18014, Freq 3.42446) | LR 6.25e-07
2026-08-01 07:15:59,990 INFO Epoch 81 | Batch 200/593 | Loss 5.27023 (Pin 0.87428 [q90 0.43107, q10 0.44321], MS 1.24935, Freq 3.49621) | LR 6.25e-07
2026-08-01 07:16:42,237 INFO Epoch 81 | Batch 250/593 | Loss 5.26878 (Pin 0.87288 [q90 0.42602, q10 0.44686], MS 1.22904, Freq 3.51873) | LR 6.25e-07
2026-08-01 07:17:24,434 INFO Epoch 81 | Batch 300/593 | Loss 5.22917 (Pin 0.88632 [q90 0.43434, q10 0.45198], MS 1.16598, Freq 3.52986) | LR 6.25e-07
2026-08-01 07:18:06,639 INFO Epoch 81 | Batch 350/593 | Loss 5.21253 (Pin 0.85886 [q90 0.41925, q10 0.43961], MS 1.22048, Freq 3.48132) | LR 6.25e-07
2026-08-01 07:18:48,827 INFO Epoch 81 | Batch 400/593 | Loss 5.20966 (Pin 0.87055 [q90 0.42605, q10 0.44450], MS 1.18461, Freq 3.50500) | LR 6.25e-07
2026-08-01 07:19:30,994 INFO Epoch 81 | Batch 450/593 | Loss 5.22370 (Pin 0.85579 [q90 0.42305, q10 0.43274], MS 1.23030, Freq 3.48623) | LR 6.25e-07
2026-08-01 07:20:13,177 INFO Epoch 81 | Batch 500/593 | Loss 5.22924 (Pin 0.87255 [q90 0.42886, q10 0.44369], MS 1.21916, Freq 3.48614) | LR 6.25e-07
2026-08-01 07:20:55,335 INFO Epoch 81 | Batch 550/593 | Loss 5.12758 (Pin 0.84081 [q90 0.40921, q10 0.43160], MS 1.19479, Freq 3.43553) | LR 6.25e-07
2026-08-01 07:22:08,121 INFO Epoch 81 | Val Loss 5.96224 (Pin 0.82624 [q90 0.41318, q10 0.41306], MS 2.08535, Freq 3.38962, L1 1.77819, Spectral 0.32412, Gradient 0.52287) | CRPS 1.17723
2026-08-01 07:22:08,122 INFO Epoch 81 | Coverage q10/q50/q90 = 0.080/0.483/0.901 (nominal .10/.50/.90) | extreme tail = 0.111/0.459/0.854
2026-08-01 07:22:08,368 INFO Epoch 81 | Val crps did not improve (11/50 val checks since best=1.17658)
2026-08-01 07:22:50,686 INFO Epoch 82 | Batch 50/593 | Loss 5.08886 (Pin 0.84340 [q90 0.41289, q10 0.43051], MS 1.17673, Freq 3.40970) | LR 6.25e-07
2026-08-01 07:23:32,932 INFO Epoch 82 | Batch 100/593 | Loss 5.25793 (Pin 0.87479 [q90 0.43067, q10 0.44412], MS 1.25532, Freq 3.47535) | LR 6.25e-07
2026-08-01 07:24:15,193 INFO Epoch 82 | Batch 150/593 | Loss 5.22488 (Pin 0.86047 [q90 0.42142, q10 0.43905], MS 1.28515, Freq 3.42140) | LR 6.25e-07
2026-08-01 07:24:57,431 INFO Epoch 82 | Batch 200/593 | Loss 5.22859 (Pin 0.87525 [q90 0.42820, q10 0.44705], MS 1.17256, Freq 3.53420) | LR 6.25e-07
2026-08-01 07:25:39,666 INFO Epoch 82 | Batch 250/593 | Loss 5.14480 (Pin 0.85461 [q90 0.42174, q10 0.43288], MS 1.13786, Freq 3.50259) | LR 6.25e-07
2026-08-01 07:26:21,914 INFO Epoch 82 | Batch 300/593 | Loss 5.19946 (Pin 0.87689 [q90 0.42519, q10 0.45170], MS 1.17617, Freq 3.49600) | LR 6.25e-07
2026-08-01 07:27:04,166 INFO Epoch 82 | Batch 350/593 | Loss 5.19879 (Pin 0.86251 [q90 0.42935, q10 0.43316], MS 1.19689, Freq 3.48820) | LR 6.25e-07
2026-08-01 07:27:46,412 INFO Epoch 82 | Batch 400/593 | Loss 5.23467 (Pin 0.87619 [q90 0.42691, q10 0.44928], MS 1.22346, Freq 3.48336) | LR 6.25e-07
2026-08-01 07:28:28,687 INFO Epoch 82 | Batch 450/593 | Loss 5.20825 (Pin 0.86324 [q90 0.41912, q10 0.44412], MS 1.23047, Freq 3.46060) | LR 6.25e-07
2026-08-01 07:29:10,950 INFO Epoch 82 | Batch 500/593 | Loss 5.28947 (Pin 0.87568 [q90 0.43287, q10 0.44281], MS 1.22122, Freq 3.54730) | LR 6.25e-07
2026-08-01 07:29:53,204 INFO Epoch 82 | Batch 550/593 | Loss 5.20458 (Pin 0.85305 [q90 0.41949, q10 0.43357], MS 1.21617, Freq 3.48372) | LR 6.25e-07
2026-08-01 07:31:05,064 INFO Epoch 82 | Val Loss 5.97903 (Pin 0.82614 [q90 0.41236, q10 0.41379], MS 2.08532, Freq 3.40841, L1 1.78280, Spectral 0.32451, Gradient 0.52482) | CRPS 1.17954
2026-08-01 07:31:05,065 INFO Epoch 82 | Coverage q10/q50/q90 = 0.079/0.486/0.902 (nominal .10/.50/.90) | extreme tail = 0.112/0.460/0.857
2026-08-01 07:31:05,306 INFO Epoch 82 | Val crps did not improve (12/50 val checks since best=1.17658)
2026-08-01 07:31:47,622 INFO Epoch 83 | Batch 50/593 | Loss 5.21017 (Pin 0.86173 [q90 0.42018, q10 0.44155], MS 1.21429, Freq 3.48239) | LR 6.25e-07
2026-08-01 07:32:29,888 INFO Epoch 83 | Batch 100/593 | Loss 5.16496 (Pin 0.85294 [q90 0.41888, q10 0.43405], MS 1.19096, Freq 3.46784) | LR 6.25e-07
2026-08-01 07:33:12,134 INFO Epoch 83 | Batch 150/593 | Loss 5.15560 (Pin 0.86089 [q90 0.43109, q10 0.42981], MS 1.16394, Freq 3.47863) | LR 6.25e-07
2026-08-01 07:33:54,381 INFO Epoch 83 | Batch 200/593 | Loss 5.23631 (Pin 0.86907 [q90 0.42797, q10 0.44110], MS 1.21492, Freq 3.50258) | LR 6.25e-07
2026-08-01 07:34:36,645 INFO Epoch 83 | Batch 250/593 | Loss 5.17933 (Pin 0.88175 [q90 0.43250, q10 0.44925], MS 1.12946, Freq 3.52014) | LR 6.25e-07
2026-08-01 07:35:18,900 INFO Epoch 83 | Batch 300/593 | Loss 5.14020 (Pin 0.85149 [q90 0.41735, q10 0.43414], MS 1.17141, Freq 3.46366) | LR 6.25e-07
2026-08-01 07:36:01,178 INFO Epoch 83 | Batch 350/593 | Loss 5.18119 (Pin 0.85930 [q90 0.42285, q10 0.43645], MS 1.21877, Freq 3.44792) | LR 6.25e-07
2026-08-01 07:36:43,422 INFO Epoch 83 | Batch 400/593 | Loss 5.14453 (Pin 0.86306 [q90 0.41876, q10 0.44430], MS 1.14033, Freq 3.49015) | LR 6.25e-07
2026-08-01 07:37:25,682 INFO Epoch 83 | Batch 450/593 | Loss 5.20426 (Pin 0.86891 [q90 0.42533, q10 0.44357], MS 1.17770, Freq 3.50851) | LR 6.25e-07
2026-08-01 07:38:07,912 INFO Epoch 83 | Batch 500/593 | Loss 5.22897 (Pin 0.87483 [q90 0.42460, q10 0.45023], MS 1.22444, Freq 3.47745) | LR 6.25e-07
2026-08-01 07:38:50,164 INFO Epoch 83 | Batch 550/593 | Loss 5.23184 (Pin 0.87532 [q90 0.42896, q10 0.44636], MS 1.17874, Freq 3.53086) | LR 6.25e-07
2026-08-01 07:40:02,275 INFO Epoch 83 | Val Loss 5.96904 (Pin 0.82595 [q90 0.41337, q10 0.41258], MS 2.11078, Freq 3.36923, L1 1.77202, Spectral 0.32252, Gradient 0.51822) | CRPS 1.17404
2026-08-01 07:40:02,276 INFO Epoch 83 | Coverage q10/q50/q90 = 0.085/0.497/0.901 (nominal .10/.50/.90) | extreme tail = 0.116/0.469/0.853
2026-08-01 07:40:02,871 INFO New best val crps: 1.17404 (saved checkpoints/best.pth)
2026-08-01 07:40:45,179 INFO Epoch 84 | Batch 50/593 | Loss 5.13186 (Pin 0.85818 [q90 0.41974, q10 0.43844], MS 1.19939, Freq 3.41588) | LR 6.25e-07
2026-08-01 07:41:27,429 INFO Epoch 84 | Batch 100/593 | Loss 5.12847 (Pin 0.85805 [q90 0.42266, q10 0.43539], MS 1.13998, Freq 3.47827) | LR 6.25e-07
2026-08-01 07:42:09,708 INFO Epoch 84 | Batch 150/593 | Loss 5.19137 (Pin 0.86820 [q90 0.42691, q10 0.44128], MS 1.18389, Freq 3.48809) | LR 6.25e-07
2026-08-01 07:42:51,969 INFO Epoch 84 | Batch 200/593 | Loss 5.17503 (Pin 0.86002 [q90 0.42418, q10 0.43584], MS 1.17985, Freq 3.48350) | LR 6.25e-07
2026-08-01 07:43:34,229 INFO Epoch 84 | Batch 250/593 | Loss 5.35788 (Pin 0.88676 [q90 0.43364, q10 0.45312], MS 1.26707, Freq 3.56006) | LR 6.25e-07
2026-08-01 07:44:16,486 INFO Epoch 84 | Batch 300/593 | Loss 5.11881 (Pin 0.86643 [q90 0.42953, q10 0.43689], MS 1.12633, Freq 3.47339) | LR 6.25e-07
2026-08-01 07:44:58,743 INFO Epoch 84 | Batch 350/593 | Loss 5.13248 (Pin 0.86058 [q90 0.42232, q10 0.43827], MS 1.16458, Freq 3.45257) | LR 6.25e-07
2026-08-01 07:45:40,987 INFO Epoch 84 | Batch 400/593 | Loss 5.36404 (Pin 0.88788 [q90 0.43638, q10 0.45150], MS 1.27521, Freq 3.55661) | LR 6.25e-07
2026-08-01 07:46:23,212 INFO Epoch 84 | Batch 450/593 | Loss 5.10549 (Pin 0.84173 [q90 0.41214, q10 0.42959], MS 1.19121, Freq 3.41393) | LR 6.25e-07
2026-08-01 07:47:05,460 INFO Epoch 84 | Batch 500/593 | Loss 5.20947 (Pin 0.86659 [q90 0.42506, q10 0.44153], MS 1.21609, Freq 3.47420) | LR 6.25e-07
2026-08-01 07:47:47,708 INFO Epoch 84 | Batch 550/593 | Loss 5.13469 (Pin 0.85703 [q90 0.41734, q10 0.43969], MS 1.15949, Freq 3.46463) | LR 6.25e-07
2026-08-01 07:48:59,796 INFO Epoch 84 | Val Loss 5.97080 (Pin 0.82613 [q90 0.41245, q10 0.41368], MS 2.06983, Freq 3.41649, L1 1.78427, Spectral 0.32450, Gradient 0.52567) | CRPS 1.18010
2026-08-01 07:48:59,797 INFO Epoch 84 | Coverage q10/q50/q90 = 0.080/0.493/0.904 (nominal .10/.50/.90) | extreme tail = 0.113/0.462/0.857
2026-08-01 07:49:00,250 INFO Epoch 84 | Val crps did not improve (1/50 val checks since best=1.17404)
2026-08-01 07:49:42,572 INFO Epoch 85 | Batch 50/593 | Loss 5.16987 (Pin 0.87136 [q90 0.42328, q10 0.44808], MS 1.15818, Freq 3.48925) | LR 6.25e-07
2026-08-01 07:50:24,791 INFO Epoch 85 | Batch 100/593 | Loss 5.21463 (Pin 0.88971 [q90 0.43747, q10 0.45224], MS 1.18344, Freq 3.49054) | LR 6.25e-07
2026-08-01 07:51:07,020 INFO Epoch 85 | Batch 150/593 | Loss 5.15416 (Pin 0.85485 [q90 0.41405, q10 0.44080], MS 1.17410, Freq 3.47245) | LR 6.25e-07
2026-08-01 07:51:49,281 INFO Epoch 85 | Batch 200/593 | Loss 5.03943 (Pin 0.84723 [q90 0.42023, q10 0.42700], MS 1.09829, Freq 3.43768) | LR 6.25e-07
2026-08-01 07:52:31,544 INFO Epoch 85 | Batch 250/593 | Loss 5.15368 (Pin 0.87231 [q90 0.42892, q10 0.44338], MS 1.15233, Freq 3.47671) | LR 6.25e-07
2026-08-01 07:53:13,789 INFO Epoch 85 | Batch 300/593 | Loss 5.11654 (Pin 0.85437 [q90 0.42263, q10 0.43174], MS 1.12357, Freq 3.48733) | LR 6.25e-07
2026-08-01 07:53:56,033 INFO Epoch 85 | Batch 350/593 | Loss 5.18720 (Pin 0.87060 [q90 0.42459, q10 0.44600], MS 1.16968, Freq 3.49658) | LR 6.25e-07
2026-08-01 07:54:38,253 INFO Epoch 85 | Batch 400/593 | Loss 5.16592 (Pin 0.85424 [q90 0.42307, q10 0.43117], MS 1.21821, Freq 3.43719) | LR 6.25e-07
2026-08-01 07:55:20,467 INFO Epoch 85 | Batch 450/593 | Loss 5.18955 (Pin 0.85367 [q90 0.41689, q10 0.43678], MS 1.18423, Freq 3.50183) | LR 6.25e-07
2026-08-01 07:56:02,714 INFO Epoch 85 | Batch 500/593 | Loss 5.12402 (Pin 0.85681 [q90 0.42059, q10 0.43622], MS 1.14658, Freq 3.46737) | LR 6.25e-07
2026-08-01 07:56:44,947 INFO Epoch 85 | Batch 550/593 | Loss 5.20053 (Pin 0.87105 [q90 0.42882, q10 0.44223], MS 1.21040, Freq 3.46565) | LR 6.25e-07
2026-08-01 07:57:56,723 INFO Epoch 85 | Val Loss 5.99128 (Pin 0.82793 [q90 0.41244, q10 0.41548], MS 2.09067, Freq 3.41410, L1 1.78622, Spectral 0.32456, Gradient 0.52628) | CRPS 1.18225
2026-08-01 07:57:56,724 INFO Epoch 85 | Coverage q10/q50/q90 = 0.076/0.479/0.902 (nominal .10/.50/.90) | extreme tail = 0.108/0.451/0.861
2026-08-01 07:57:56,971 INFO Epoch 85 | Val crps did not improve (2/50 val checks since best=1.17404)
2026-08-01 07:58:39,285 INFO Epoch 86 | Batch 50/593 | Loss 5.20171 (Pin 0.87875 [q90 0.42421, q10 0.45454], MS 1.14458, Freq 3.53153) | LR 6.25e-07
2026-08-01 07:59:21,544 INFO Epoch 86 | Batch 100/593 | Loss 5.14757 (Pin 0.86582 [q90 0.42445, q10 0.44136], MS 1.16198, Freq 3.46642) | LR 6.25e-07
2026-08-01 08:00:03,814 INFO Epoch 86 | Batch 150/593 | Loss 5.12107 (Pin 0.85407 [q90 0.41937, q10 0.43470], MS 1.13262, Freq 3.48265) | LR 6.25e-07
2026-08-01 08:00:46,067 INFO Epoch 86 | Batch 200/593 | Loss 5.22592 (Pin 0.88069 [q90 0.44050, q10 0.44019], MS 1.18611, Freq 3.51013) | LR 6.25e-07
2026-08-01 08:01:28,326 INFO Epoch 86 | Batch 250/593 | Loss 5.14073 (Pin 0.86578 [q90 0.42280, q10 0.44299], MS 1.13983, Freq 3.48347) | LR 6.25e-07
2026-08-01 08:02:10,578 INFO Epoch 86 | Batch 300/593 | Loss 5.23539 (Pin 0.87730 [q90 0.43064, q10 0.44666], MS 1.19027, Freq 3.51979) | LR 6.25e-07
2026-08-01 08:02:52,832 INFO Epoch 86 | Batch 350/593 | Loss 5.22032 (Pin 0.86686 [q90 0.42140, q10 0.44546], MS 1.23368, Freq 3.46643) | LR 6.25e-07
2026-08-01 08:03:35,082 INFO Epoch 86 | Batch 400/593 | Loss 5.17138 (Pin 0.85248 [q90 0.41279, q10 0.43969], MS 1.20947, Freq 3.45493) | LR 6.25e-07
2026-08-01 08:04:17,338 INFO Epoch 86 | Batch 450/593 | Loss 5.12259 (Pin 0.85678 [q90 0.42369, q10 0.43309], MS 1.15178, Freq 3.46004) | LR 6.25e-07
2026-08-01 08:04:59,575 INFO Epoch 86 | Batch 500/593 | Loss 5.10917 (Pin 0.86615 [q90 0.42528, q10 0.44087], MS 1.14193, Freq 3.44565) | LR 6.25e-07
2026-08-01 08:05:41,836 INFO Epoch 86 | Batch 550/593 | Loss 5.29066 (Pin 0.88795 [q90 0.44569, q10 0.44226], MS 1.23066, Freq 3.52450) | LR 6.25e-07
2026-08-01 08:06:53,577 INFO Epoch 86 | Val Loss 6.00208 (Pin 0.82586 [q90 0.41274, q10 0.41312], MS 2.08925, Freq 3.42996, L1 1.78824, Spectral 0.32457, Gradient 0.52656) | CRPS 1.18126
2026-08-01 08:06:53,578 INFO Epoch 86 | Coverage q10/q50/q90 = 0.080/0.494/0.904 (nominal .10/.50/.90) | extreme tail = 0.111/0.464/0.857
2026-08-01 08:06:53,845 INFO Epoch 86 | Val crps did not improve (3/50 val checks since best=1.17404)
2026-08-01 08:07:36,188 INFO Epoch 87 | Batch 50/593 | Loss 5.19758 (Pin 0.87672 [q90 0.43022, q10 0.44651], MS 1.16566, Freq 3.50576) | LR 6.25e-07
2026-08-01 08:08:18,433 INFO Epoch 87 | Batch 100/593 | Loss 5.30177 (Pin 0.88928 [q90 0.44075, q10 0.44853], MS 1.23968, Freq 3.52534) | LR 6.25e-07
2026-08-01 08:09:00,715 INFO Epoch 87 | Batch 150/593 | Loss 5.08761 (Pin 0.85599 [q90 0.42037, q10 0.43562], MS 1.12139, Freq 3.45582) | LR 6.25e-07
2026-08-01 08:09:42,991 INFO Epoch 87 | Batch 200/593 | Loss 5.17897 (Pin 0.85377 [q90 0.41884, q10 0.43493], MS 1.21129, Freq 3.45991) | LR 6.25e-07
2026-08-01 08:10:25,232 INFO Epoch 87 | Batch 250/593 | Loss 5.15075 (Pin 0.84812 [q90 0.41248, q10 0.43564], MS 1.22664, Freq 3.41777) | LR 6.25e-07
2026-08-01 08:11:07,485 INFO Epoch 87 | Batch 300/593 | Loss 5.18364 (Pin 0.86761 [q90 0.43019, q10 0.43741], MS 1.19343, Freq 3.46955) | LR 6.25e-07
2026-08-01 08:11:49,749 INFO Epoch 87 | Batch 350/593 | Loss 5.28489 (Pin 0.87077 [q90 0.42689, q10 0.44388], MS 1.25168, Freq 3.51382) | LR 6.25e-07
2026-08-01 08:12:32,005 INFO Epoch 87 | Batch 400/593 | Loss 5.11911 (Pin 0.85652 [q90 0.42246, q10 0.43406], MS 1.14298, Freq 3.46623) | LR 6.25e-07
2026-08-01 08:13:14,250 INFO Epoch 87 | Batch 450/593 | Loss 5.20207 (Pin 0.86837 [q90 0.42753, q10 0.44084], MS 1.20201, Freq 3.47966) | LR 6.25e-07
2026-08-01 08:13:56,503 INFO Epoch 87 | Batch 500/593 | Loss 5.25681 (Pin 0.87654 [q90 0.42876, q10 0.44778], MS 1.19862, Freq 3.53517) | LR 6.25e-07
2026-08-01 08:14:38,727 INFO Epoch 87 | Batch 550/593 | Loss 5.17408 (Pin 0.87271 [q90 0.42393, q10 0.44878], MS 1.15690, Freq 3.49385) | LR 6.25e-07
2026-08-01 08:15:51,234 INFO Epoch 87 | Val Loss 5.97297 (Pin 0.82635 [q90 0.41300, q10 0.41335], MS 2.07996, Freq 3.40740, L1 1.78275, Spectral 0.32461, Gradient 0.52541) | CRPS 1.17950
2026-08-01 08:15:51,235 INFO Epoch 87 | Coverage q10/q50/q90 = 0.079/0.490/0.904 (nominal .10/.50/.90) | extreme tail = 0.110/0.460/0.856
2026-08-01 08:15:51,495 INFO Epoch 87 | Val crps did not improve (4/50 val checks since best=1.17404)
2026-08-01 08:16:33,820 INFO Epoch 88 | Batch 50/593 | Loss 5.18344 (Pin 0.87520 [q90 0.43314, q10 0.44206], MS 1.17734, Freq 3.47877) | LR 6.25e-07
2026-08-01 08:17:16,080 INFO Epoch 88 | Batch 100/593 | Loss 5.08806 (Pin 0.83478 [q90 0.41050, q10 0.42428], MS 1.18105, Freq 3.41359) | LR 6.25e-07
2026-08-01 08:17:58,341 INFO Epoch 88 | Batch 150/593 | Loss 5.28969 (Pin 0.86897 [q90 0.42514, q10 0.44383], MS 1.24509, Freq 3.52848) | LR 6.25e-07
2026-08-01 08:18:40,592 INFO Epoch 88 | Batch 200/593 | Loss 5.33725 (Pin 0.89000 [q90 0.43450, q10 0.45550], MS 1.25246, Freq 3.54977) | LR 6.25e-07
2026-08-01 08:19:22,824 INFO Epoch 88 | Batch 250/593 | Loss 5.14960 (Pin 0.86481 [q90 0.42885, q10 0.43596], MS 1.17197, Freq 3.45868) | LR 6.25e-07
2026-08-01 08:20:05,073 INFO Epoch 88 | Batch 300/593 | Loss 5.15286 (Pin 0.86110 [q90 0.42194, q10 0.43916], MS 1.17418, Freq 3.46398) | LR 6.25e-07
2026-08-01 08:20:47,330 INFO Epoch 88 | Batch 350/593 | Loss 5.19795 (Pin 0.86260 [q90 0.42330, q10 0.43930], MS 1.18694, Freq 3.49823) | LR 6.25e-07
2026-08-01 08:21:29,582 INFO Epoch 88 | Batch 400/593 | Loss 5.22948 (Pin 0.87612 [q90 0.42609, q10 0.45003], MS 1.20685, Freq 3.49612) | LR 6.25e-07
2026-08-01 08:22:11,841 INFO Epoch 88 | Batch 450/593 | Loss 5.23217 (Pin 0.86921 [q90 0.42912, q10 0.44009], MS 1.21057, Freq 3.50265) | LR 6.25e-07
2026-08-01 08:22:54,111 INFO Epoch 88 | Batch 500/593 | Loss 5.24320 (Pin 0.86837 [q90 0.42077, q10 0.44760], MS 1.24628, Freq 3.47617) | LR 6.25e-07
2026-08-01 08:23:36,356 INFO Epoch 88 | Batch 550/593 | Loss 5.20901 (Pin 0.85062 [q90 0.41917, q10 0.43145], MS 1.24131, Freq 3.46343) | LR 6.25e-07
2026-08-01 08:24:48,502 INFO Epoch 88 | Val Loss 5.95699 (Pin 0.82604 [q90 0.41264, q10 0.41340], MS 2.07568, Freq 3.39475, L1 1.77884, Spectral 0.32454, Gradient 0.52405) | CRPS 1.17775
2026-08-01 08:24:48,503 INFO Epoch 88 | Coverage q10/q50/q90 = 0.078/0.481/0.900 (nominal .10/.50/.90) | extreme tail = 0.112/0.460/0.855
2026-08-01 08:24:48,750 INFO Epoch 88 | Val crps did not improve (5/50 val checks since best=1.17404)
2026-08-01 08:25:31,081 INFO Epoch 89 | Batch 50/593 | Loss 5.15645 (Pin 0.84365 [q90 0.41290, q10 0.43075], MS 1.22093, Freq 3.43541) | LR 6.25e-07
2026-08-01 08:26:13,328 INFO Epoch 89 | Batch 100/593 | Loss 5.22568 (Pin 0.86611 [q90 0.42338, q10 0.44274], MS 1.18665, Freq 3.52547) | LR 6.25e-07
2026-08-01 08:26:55,587 INFO Epoch 89 | Batch 150/593 | Loss 5.12951 (Pin 0.85447 [q90 0.42053, q10 0.43394], MS 1.16535, Freq 3.45520) | LR 6.25e-07
2026-08-01 08:27:37,816 INFO Epoch 89 | Batch 200/593 | Loss 5.16838 (Pin 0.86478 [q90 0.42887, q10 0.43591], MS 1.16996, Freq 3.48182) | LR 6.25e-07
2026-08-01 08:28:20,078 INFO Epoch 89 | Batch 250/593 | Loss 5.07675 (Pin 0.83168 [q90 0.40590, q10 0.42578], MS 1.16745, Freq 3.41957) | LR 6.25e-07
2026-08-01 08:29:02,301 INFO Epoch 89 | Batch 300/593 | Loss 5.15134 (Pin 0.85596 [q90 0.42147, q10 0.43449], MS 1.18111, Freq 3.46030) | LR 6.25e-07
2026-08-01 08:29:44,535 INFO Epoch 89 | Batch 350/593 | Loss 5.18655 (Pin 0.86044 [q90 0.42100, q10 0.43944], MS 1.20928, Freq 3.46314) | LR 6.25e-07
2026-08-01 08:30:26,801 INFO Epoch 89 | Batch 400/593 | Loss 5.20358 (Pin 0.89502 [q90 0.43614, q10 0.45888], MS 1.13314, Freq 3.52823) | LR 6.25e-07
2026-08-01 08:31:09,057 INFO Epoch 89 | Batch 450/593 | Loss 5.28818 (Pin 0.88385 [q90 0.43449, q10 0.44936], MS 1.24564, Freq 3.50966) | LR 6.25e-07
2026-08-01 08:31:51,324 INFO Epoch 89 | Batch 500/593 | Loss 5.25725 (Pin 0.87894 [q90 0.42905, q10 0.44989], MS 1.24452, Freq 3.48199) | LR 6.25e-07
2026-08-01 08:32:33,590 INFO Epoch 89 | Batch 550/593 | Loss 5.30424 (Pin 0.88872 [q90 0.43730, q10 0.45143], MS 1.21202, Freq 3.55944) | LR 6.25e-07
2026-08-01 08:33:45,328 INFO Epoch 89 | Val Loss 5.97635 (Pin 0.82603 [q90 0.41231, q10 0.41371], MS 2.07167, Freq 3.42072, L1 1.78558, Spectral 0.32643, Gradient 0.53017) | CRPS 1.18082
2026-08-01 08:33:45,329 INFO Epoch 89 | Coverage q10/q50/q90 = 0.076/0.485/0.903 (nominal .10/.50/.90) | extreme tail = 0.111/0.463/0.856
2026-08-01 08:33:45,577 INFO Epoch 89 | Val crps did not improve (6/50 val checks since best=1.17404)
2026-08-01 08:34:27,900 INFO Epoch 90 | Batch 50/593 | Loss 5.13398 (Pin 0.85165 [q90 0.41887, q10 0.43278], MS 1.18025, Freq 3.44676) | LR 6.25e-07
2026-08-01 08:35:10,170 INFO Epoch 90 | Batch 100/593 | Loss 5.24889 (Pin 0.88209 [q90 0.43333, q10 0.44876], MS 1.21774, Freq 3.49895) | LR 6.25e-07
2026-08-01 08:35:52,431 INFO Epoch 90 | Batch 150/593 | Loss 5.26227 (Pin 0.86338 [q90 0.42605, q10 0.43733], MS 1.27429, Freq 3.47178) | LR 6.25e-07
2026-08-01 08:36:34,688 INFO Epoch 90 | Batch 200/593 | Loss 5.14541 (Pin 0.86721 [q90 0.42845, q10 0.43876], MS 1.13859, Freq 3.48846) | LR 6.25e-07
2026-08-01 08:37:16,926 INFO Epoch 90 | Batch 250/593 | Loss 5.08600 (Pin 0.84240 [q90 0.41398, q10 0.42842], MS 1.15581, Freq 3.43088) | LR 6.25e-07
2026-08-01 08:37:59,199 INFO Epoch 90 | Batch 300/593 | Loss 5.27627 (Pin 0.88771 [q90 0.43165, q10 0.45605], MS 1.23457, Freq 3.50444) | LR 6.25e-07
2026-08-01 08:38:41,441 INFO Epoch 90 | Batch 350/593 | Loss 5.19063 (Pin 0.86679 [q90 0.42730, q10 0.43949], MS 1.15643, Freq 3.51935) | LR 6.25e-07
2026-08-01 08:39:23,681 INFO Epoch 90 | Batch 400/593 | Loss 5.17727 (Pin 0.85619 [q90 0.42094, q10 0.43525], MS 1.20453, Freq 3.46283) | LR 6.25e-07
2026-08-01 08:40:05,951 INFO Epoch 90 | Batch 450/593 | Loss 5.21477 (Pin 0.85623 [q90 0.41979, q10 0.43644], MS 1.21536, Freq 3.49242) | LR 6.25e-07
2026-08-01 08:40:48,208 INFO Epoch 90 | Batch 500/593 | Loss 5.22302 (Pin 0.87111 [q90 0.42348, q10 0.44764], MS 1.22471, Freq 3.47466) | LR 6.25e-07
2026-08-01 08:41:30,474 INFO Epoch 90 | Batch 550/593 | Loss 5.20900 (Pin 0.87203 [q90 0.43010, q10 0.44193], MS 1.21631, Freq 3.46740) | LR 6.25e-07
2026-08-01 08:42:42,619 INFO Epoch 90 | Val Loss 5.97752 (Pin 0.82580 [q90 0.41288, q10 0.41291], MS 2.07359, Freq 3.42015, L1 1.78611, Spectral 0.32613, Gradient 0.52863) | CRPS 1.18046
2026-08-01 08:42:42,620 INFO Epoch 90 | Coverage q10/q50/q90 = 0.080/0.491/0.904 (nominal .10/.50/.90) | extreme tail = 0.112/0.465/0.855
2026-08-01 08:42:42,871 INFO Epoch 90 | Val crps did not improve (7/50 val checks since best=1.17404)
2026-08-01 08:43:25,197 INFO Epoch 91 | Batch 50/593 | Loss 5.22508 (Pin 0.88077 [q90 0.42696, q10 0.45381], MS 1.16997, Freq 3.52705) | LR 6.25e-07
2026-08-01 08:44:07,436 INFO Epoch 91 | Batch 100/593 | Loss 5.11746 (Pin 0.85591 [q90 0.42026, q10 0.43565], MS 1.18155, Freq 3.42222) | LR 6.25e-07
2026-08-01 08:44:49,678 INFO Epoch 91 | Batch 150/593 | Loss 5.23019 (Pin 0.86723 [q90 0.42392, q10 0.44332], MS 1.20801, Freq 3.50549) | LR 6.25e-07
2026-08-01 08:45:31,928 INFO Epoch 91 | Batch 200/593 | Loss 5.19380 (Pin 0.87814 [q90 0.43132, q10 0.44682], MS 1.14109, Freq 3.52730) | LR 6.25e-07
2026-08-01 08:46:14,181 INFO Epoch 91 | Batch 250/593 | Loss 5.12904 (Pin 0.84713 [q90 0.41914, q10 0.42799], MS 1.17502, Freq 3.45209) | LR 6.25e-07
2026-08-01 08:46:56,412 INFO Epoch 91 | Batch 300/593 | Loss 5.09845 (Pin 0.85619 [q90 0.41827, q10 0.43792], MS 1.14116, Freq 3.44567) | LR 6.25e-07
2026-08-01 08:47:38,656 INFO Epoch 91 | Batch 350/593 | Loss 5.27236 (Pin 0.87705 [q90 0.42986, q10 0.44718], MS 1.23889, Freq 3.50713) | LR 6.25e-07
2026-08-01 08:48:20,919 INFO Epoch 91 | Batch 400/593 | Loss 5.14898 (Pin 0.86303 [q90 0.42364, q10 0.43938], MS 1.16724, Freq 3.46524) | LR 6.25e-07
2026-08-01 08:49:03,188 INFO Epoch 91 | Batch 450/593 | Loss 5.24395 (Pin 0.88169 [q90 0.43407, q10 0.44761], MS 1.21586, Freq 3.49600) | LR 6.25e-07
2026-08-01 08:49:45,456 INFO Epoch 91 | Batch 500/593 | Loss 5.10342 (Pin 0.85122 [q90 0.41984, q10 0.43138], MS 1.15906, Freq 3.43682) | LR 6.25e-07
2026-08-01 08:50:27,701 INFO Epoch 91 | Batch 550/593 | Loss 5.22178 (Pin 0.85887 [q90 0.42424, q10 0.43463], MS 1.19626, Freq 3.51850) | LR 6.25e-07
2026-08-01 08:51:39,835 INFO Epoch 91 | Val Loss 5.96970 (Pin 0.82682 [q90 0.41288, q10 0.41394], MS 2.08716, Freq 3.39524, L1 1.78058, Spectral 0.32515, Gradient 0.52587) | CRPS 1.17877
2026-08-01 08:51:39,836 INFO Epoch 91 | Coverage q10/q50/q90 = 0.078/0.482/0.902 (nominal .10/.50/.90) | extreme tail = 0.111/0.456/0.855
2026-08-01 08:51:40,091 INFO Epoch 91 | Val crps did not improve (8/50 val checks since best=1.17404)
2026-08-01 08:52:22,426 INFO Epoch 92 | Batch 50/593 | Loss 5.22161 (Pin 0.87991 [q90 0.43534, q10 0.44458], MS 1.17873, Freq 3.51441) | LR 6.25e-07
2026-08-01 08:53:04,671 INFO Epoch 92 | Batch 100/593 | Loss 5.11357 (Pin 0.86308 [q90 0.42575, q10 0.43733], MS 1.15454, Freq 3.43994) | LR 6.25e-07
2026-08-01 08:53:46,909 INFO Epoch 92 | Batch 150/593 | Loss 5.29389 (Pin 0.89050 [q90 0.44627, q10 0.44423], MS 1.24199, Freq 3.51266) | LR 6.25e-07
2026-08-01 08:54:29,188 INFO Epoch 92 | Batch 200/593 | Loss 5.24884 (Pin 0.86480 [q90 0.42501, q10 0.43980], MS 1.22600, Freq 3.50892) | LR 6.25e-07
2026-08-01 08:55:11,476 INFO Epoch 92 | Batch 250/593 | Loss 5.12776 (Pin 0.85761 [q90 0.41825, q10 0.43936], MS 1.16933, Freq 3.44535) | LR 6.25e-07
2026-08-01 08:55:53,732 INFO Epoch 92 | Batch 300/593 | Loss 5.13405 (Pin 0.85675 [q90 0.41580, q10 0.44095], MS 1.19576, Freq 3.42394) | LR 6.25e-07
2026-08-01 08:56:36,007 INFO Epoch 92 | Batch 350/593 | Loss 5.18976 (Pin 0.85903 [q90 0.42075, q10 0.43828], MS 1.20613, Freq 3.47178) | LR 6.25e-07
2026-08-01 08:57:18,274 INFO Epoch 92 | Batch 400/593 | Loss 5.21161 (Pin 0.87211 [q90 0.42561, q10 0.44650], MS 1.17210, Freq 3.51933) | LR 6.25e-07
2026-08-01 08:58:00,531 INFO Epoch 92 | Batch 450/593 | Loss 5.17396 (Pin 0.85666 [q90 0.42074, q10 0.43592], MS 1.16961, Freq 3.49744) | LR 6.25e-07
2026-08-01 08:58:42,794 INFO Epoch 92 | Batch 500/593 | Loss 5.19890 (Pin 0.85357 [q90 0.41894, q10 0.43463], MS 1.21367, Freq 3.47962) | LR 6.25e-07
2026-08-01 08:59:25,026 INFO Epoch 92 | Batch 550/593 | Loss 5.20895 (Pin 0.85897 [q90 0.42462, q10 0.43435], MS 1.21941, Freq 3.47842) | LR 6.25e-07
2026-08-01 09:00:37,495 INFO Epoch 92 | Val Loss 5.98914 (Pin 0.82638 [q90 0.41286, q10 0.41352], MS 2.07948, Freq 3.42587, L1 1.78733, Spectral 0.32600, Gradient 0.52941) | CRPS 1.18130
2026-08-01 09:00:37,496 INFO Epoch 92 | Coverage q10/q50/q90 = 0.078/0.489/0.904 (nominal .10/.50/.90) | extreme tail = 0.111/0.464/0.857
2026-08-01 09:00:37,746 INFO Epoch 92 | Val crps did not improve (9/50 val checks since best=1.17404)
2026-08-01 09:01:20,070 INFO Epoch 93 | Batch 50/593 | Loss 5.29030 (Pin 0.87108 [q90 0.42654, q10 0.44454], MS 1.23441, Freq 3.53868) | LR 6.25e-07
2026-08-01 09:02:02,312 INFO Epoch 93 | Batch 100/593 | Loss 5.14074 (Pin 0.86362 [q90 0.42456, q10 0.43906], MS 1.14411, Freq 3.48113) | LR 6.25e-07
2026-08-01 09:02:44,574 INFO Epoch 93 | Batch 150/593 | Loss 5.12895 (Pin 0.86113 [q90 0.42266, q10 0.43848], MS 1.12277, Freq 3.49450) | LR 6.25e-07
2026-08-01 09:03:26,836 INFO Epoch 93 | Batch 200/593 | Loss 5.14329 (Pin 0.85475 [q90 0.42181, q10 0.43294], MS 1.15105, Freq 3.48610) | LR 6.25e-07
2026-08-01 09:04:09,103 INFO Epoch 93 | Batch 250/593 | Loss 5.20070 (Pin 0.86116 [q90 0.42273, q10 0.43843], MS 1.21241, Freq 3.47459) | LR 6.25e-07
2026-08-01 09:04:51,374 INFO Epoch 93 | Batch 300/593 | Loss 5.24916 (Pin 0.86076 [q90 0.42224, q10 0.43851], MS 1.25020, Freq 3.48690) | LR 6.25e-07
2026-08-01 09:05:33,632 INFO Epoch 93 | Batch 350/593 | Loss 5.30791 (Pin 0.87945 [q90 0.43536, q10 0.44409], MS 1.28153, Freq 3.49658) | LR 6.25e-07
2026-08-01 09:06:15,858 INFO Epoch 93 | Batch 400/593 | Loss 5.18876 (Pin 0.86694 [q90 0.42863, q10 0.43830], MS 1.19586, Freq 3.47329) | LR 6.25e-07
2026-08-01 09:06:58,107 INFO Epoch 93 | Batch 450/593 | Loss 5.14964 (Pin 0.86477 [q90 0.42551, q10 0.43926], MS 1.17115, Freq 3.45969) | LR 6.25e-07
2026-08-01 09:07:40,367 INFO Epoch 93 | Batch 500/593 | Loss 5.08075 (Pin 0.85722 [q90 0.42116, q10 0.43606], MS 1.10866, Freq 3.46097) | LR 6.25e-07
2026-08-01 09:08:22,627 INFO Epoch 93 | Batch 550/593 | Loss 5.18323 (Pin 0.87168 [q90 0.42079, q10 0.45089], MS 1.22946, Freq 3.42455) | LR 6.25e-07
2026-08-01 09:09:34,750 INFO Epoch 93 | Val Loss 5.97915 (Pin 0.82653 [q90 0.41242, q10 0.41412], MS 2.06872, Freq 3.42655, L1 1.78730, Spectral 0.32515, Gradient 0.52757) | CRPS 1.18174
2026-08-01 09:09:34,751 INFO Epoch 93 | Coverage q10/q50/q90 = 0.076/0.481/0.902 (nominal .10/.50/.90) | extreme tail = 0.108/0.456/0.856
2026-08-01 09:09:34,995 INFO Epoch 93 | Val crps did not improve (10/50 val checks since best=1.17404)
2026-08-01 09:10:17,305 INFO Epoch 94 | Batch 50/593 | Loss 5.11263 (Pin 0.84701 [q90 0.41208, q10 0.43494], MS 1.15470, Freq 3.45658) | LR 6.25e-07
2026-08-01 09:10:59,561 INFO Epoch 94 | Batch 100/593 | Loss 5.21130 (Pin 0.86893 [q90 0.42375, q10 0.44518], MS 1.23412, Freq 3.45362) | LR 6.25e-07
2026-08-01 09:11:41,821 INFO Epoch 94 | Batch 150/593 | Loss 5.09915 (Pin 0.85185 [q90 0.41776, q10 0.43410], MS 1.14940, Freq 3.44211) | LR 6.25e-07
2026-08-01 09:12:24,066 INFO Epoch 94 | Batch 200/593 | Loss 5.17701 (Pin 0.86141 [q90 0.42399, q10 0.43742], MS 1.18048, Freq 3.48347) | LR 6.25e-07
2026-08-01 09:13:06,326 INFO Epoch 94 | Batch 250/593 | Loss 5.27790 (Pin 0.90701 [q90 0.44609, q10 0.46092], MS 1.18547, Freq 3.53936) | LR 6.25e-07
2026-08-01 09:13:48,713 INFO Epoch 94 | Batch 300/593 | Loss 5.15227 (Pin 0.85192 [q90 0.41853, q10 0.43339], MS 1.18278, Freq 3.46396) | LR 6.25e-07
2026-08-01 09:14:30,977 INFO Epoch 94 | Batch 350/593 | Loss 5.20304 (Pin 0.86781 [q90 0.42959, q10 0.43822], MS 1.19292, Freq 3.49146) | LR 6.25e-07
2026-08-01 09:15:13,216 INFO Epoch 94 | Batch 400/593 | Loss 5.17368 (Pin 0.85704 [q90 0.41366, q10 0.44338], MS 1.17538, Freq 3.49029) | LR 6.25e-07
2026-08-01 09:15:55,492 INFO Epoch 94 | Batch 450/593 | Loss 5.23205 (Pin 0.86374 [q90 0.42720, q10 0.43654], MS 1.21565, Freq 3.50295) | LR 6.25e-07
2026-08-01 09:16:37,733 INFO Epoch 94 | Batch 500/593 | Loss 5.27299 (Pin 0.89324 [q90 0.43753, q10 0.45571], MS 1.21070, Freq 3.52117) | LR 6.25e-07
2026-08-01 09:17:19,989 INFO Epoch 94 | Batch 550/593 | Loss 5.11263 (Pin 0.86163 [q90 0.42600, q10 0.43563], MS 1.14805, Freq 3.44772) | LR 6.25e-07
2026-08-01 09:18:32,056 INFO Epoch 94 | Val Loss 5.97067 (Pin 0.82611 [q90 0.41282, q10 0.41329], MS 2.06970, Freq 3.41651, L1 1.78687, Spectral 0.32675, Gradient 0.52950) | CRPS 1.18093
2026-08-01 09:18:32,057 INFO Epoch 94 | Coverage q10/q50/q90 = 0.080/0.489/0.903 (nominal .10/.50/.90) | extreme tail = 0.112/0.463/0.856
2026-08-01 09:18:32,299 INFO Epoch 94 | Val crps did not improve (11/50 val checks since best=1.17404)
2026-08-01 09:19:14,584 INFO Epoch 95 | Batch 50/593 | Loss 5.24066 (Pin 0.86622 [q90 0.42216, q10 0.44406], MS 1.23786, Freq 3.48509) | LR 6.25e-07
2026-08-01 09:19:56,798 INFO Epoch 95 | Batch 100/593 | Loss 5.19024 (Pin 0.85770 [q90 0.42015, q10 0.43755], MS 1.19209, Freq 3.48940) | LR 6.25e-07
2026-08-01 09:20:39,039 INFO Epoch 95 | Batch 150/593 | Loss 5.20061 (Pin 0.87293 [q90 0.42799, q10 0.44494], MS 1.19220, Freq 3.48386) | LR 6.25e-07
2026-08-01 09:21:21,248 INFO Epoch 95 | Batch 200/593 | Loss 5.19580 (Pin 0.86019 [q90 0.41987, q10 0.44032], MS 1.17870, Freq 3.50767) | LR 6.25e-07
2026-08-01 09:22:03,469 INFO Epoch 95 | Batch 250/593 | Loss 5.08871 (Pin 0.86054 [q90 0.42424, q10 0.43630], MS 1.15276, Freq 3.41711) | LR 6.25e-07
2026-08-01 09:22:45,737 INFO Epoch 95 | Batch 300/593 | Loss 5.18038 (Pin 0.85970 [q90 0.42297, q10 0.43673], MS 1.18909, Freq 3.47954) | LR 6.25e-07
2026-08-01 09:23:27,958 INFO Epoch 95 | Batch 350/593 | Loss 5.20257 (Pin 0.88179 [q90 0.43708, q10 0.44471], MS 1.18375, Freq 3.48558) | LR 6.25e-07
2026-08-01 09:24:10,219 INFO Epoch 95 | Batch 400/593 | Loss 5.14298 (Pin 0.86168 [q90 0.42566, q10 0.43602], MS 1.16609, Freq 3.46135) | LR 6.25e-07
2026-08-01 09:24:52,456 INFO Epoch 95 | Batch 450/593 | Loss 5.20756 (Pin 0.85710 [q90 0.41937, q10 0.43773], MS 1.22560, Freq 3.47206) | LR 6.25e-07
2026-08-01 09:25:34,675 INFO Epoch 95 | Batch 500/593 | Loss 5.24601 (Pin 0.89521 [q90 0.43807, q10 0.45714], MS 1.17107, Freq 3.53303) | LR 6.25e-07
2026-08-01 09:26:16,905 INFO Epoch 95 | Batch 550/593 | Loss 5.18191 (Pin 0.85288 [q90 0.41760, q10 0.43528], MS 1.20800, Freq 3.46781) | LR 6.25e-07
2026-08-01 09:27:28,942 INFO Epoch 95 | Val Loss 5.97058 (Pin 0.82665 [q90 0.41329, q10 0.41335], MS 2.08196, Freq 3.40220, L1 1.78186, Spectral 0.32446, Gradient 0.52423) | CRPS 1.17902
2026-08-01 09:27:28,943 INFO Epoch 95 | Coverage q10/q50/q90 = 0.080/0.485/0.901 (nominal .10/.50/.90) | extreme tail = 0.111/0.460/0.855
2026-08-01 09:27:29,186 INFO Epoch 95 | Val crps did not improve (12/50 val checks since best=1.17404)
2026-08-01 09:28:11,501 INFO Epoch 96 | Batch 50/593 | Loss 5.23098 (Pin 0.87984 [q90 0.43077, q10 0.44907], MS 1.21557, Freq 3.48396) | LR 6.25e-07
2026-08-01 09:28:53,747 INFO Epoch 96 | Batch 100/593 | Loss 5.06466 (Pin 0.84836 [q90 0.41800, q10 0.43036], MS 1.11982, Freq 3.44053) | LR 6.25e-07
2026-08-01 09:29:35,976 INFO Epoch 96 | Batch 150/593 | Loss 5.18952 (Pin 0.86048 [q90 0.42343, q10 0.43705], MS 1.20152, Freq 3.47502) | LR 6.25e-07
2026-08-01 09:30:18,189 INFO Epoch 96 | Batch 200/593 | Loss 5.20655 (Pin 0.87457 [q90 0.43304, q10 0.44154], MS 1.15928, Freq 3.52522) | LR 6.25e-07
2026-08-01 09:31:00,432 INFO Epoch 96 | Batch 250/593 | Loss 5.16763 (Pin 0.87069 [q90 0.43252, q10 0.43817], MS 1.16261, Freq 3.48260) | LR 6.25e-07
2026-08-01 09:31:42,655 INFO Epoch 96 | Batch 300/593 | Loss 5.25251 (Pin 0.87708 [q90 0.42962, q10 0.44746], MS 1.20456, Freq 3.52318) | LR 6.25e-07
2026-08-01 09:32:24,863 INFO Epoch 96 | Batch 350/593 | Loss 5.16328 (Pin 0.86276 [q90 0.41943, q10 0.44333], MS 1.16586, Freq 3.48295) | LR 6.25e-07
2026-08-01 09:33:07,107 INFO Epoch 96 | Batch 400/593 | Loss 5.12828 (Pin 0.84178 [q90 0.41441, q10 0.42737], MS 1.21561, Freq 3.41210) | LR 6.25e-07
2026-08-01 09:33:49,336 INFO Epoch 96 | Batch 450/593 | Loss 5.14764 (Pin 0.86227 [q90 0.42104, q10 0.44123], MS 1.15932, Freq 3.47338) | LR 6.25e-07
2026-08-01 09:34:31,561 INFO Epoch 96 | Batch 500/593 | Loss 5.27621 (Pin 0.86514 [q90 0.42046, q10 0.44468], MS 1.24419, Freq 3.51876) | LR 6.25e-07
2026-08-01 09:35:13,801 INFO Epoch 96 | Batch 550/593 | Loss 5.23117 (Pin 0.86186 [q90 0.42684, q10 0.43502], MS 1.27588, Freq 3.43714) | LR 6.25e-07
2026-08-01 09:36:26,299 INFO Epoch 96 | Val Loss 5.97408 (Pin 0.82616 [q90 0.41254, q10 0.41361], MS 2.08173, Freq 3.40688, L1 1.78287, Spectral 0.32415, Gradient 0.52334) | CRPS 1.17977
2026-08-01 09:36:26,300 INFO Epoch 96 | Coverage q10/q50/q90 = 0.078/0.485/0.902 (nominal .10/.50/.90) | extreme tail = 0.111/0.462/0.858
2026-08-01 09:36:26,534 INFO Epoch 96 | Val crps did not improve (13/50 val checks since best=1.17404)
2026-08-01 09:37:08,845 INFO Epoch 97 | Batch 50/593 | Loss 5.27319 (Pin 0.88744 [q90 0.44341, q10 0.44403], MS 1.20095, Freq 3.53867) | LR 6.25e-07
2026-08-01 09:37:51,074 INFO Epoch 97 | Batch 100/593 | Loss 5.11059 (Pin 0.86803 [q90 0.42691, q10 0.44112], MS 1.13641, Freq 3.45128) | LR 6.25e-07
2026-08-01 09:38:33,294 INFO Epoch 97 | Batch 150/593 | Loss 5.19304 (Pin 0.87420 [q90 0.43019, q10 0.44402], MS 1.14543, Freq 3.52601) | LR 6.25e-07
2026-08-01 09:39:15,525 INFO Epoch 97 | Batch 200/593 | Loss 5.33824 (Pin 0.88210 [q90 0.43107, q10 0.45103], MS 1.31217, Freq 3.49330) | LR 6.25e-07
2026-08-01 09:39:57,783 INFO Epoch 97 | Batch 250/593 | Loss 5.18591 (Pin 0.85868 [q90 0.42006, q10 0.43862], MS 1.20929, Freq 3.46437) | LR 6.25e-07
2026-08-01 09:40:40,018 INFO Epoch 97 | Batch 300/593 | Loss 5.08964 (Pin 0.85262 [q90 0.41706, q10 0.43556], MS 1.14095, Freq 3.44008) | LR 6.25e-07
2026-08-01 09:41:22,256 INFO Epoch 97 | Batch 350/593 | Loss 5.02498 (Pin 0.83109 [q90 0.40390, q10 0.42718], MS 1.15018, Freq 3.38191) | LR 6.25e-07
2026-08-01 09:42:04,493 INFO Epoch 97 | Batch 400/593 | Loss 5.22928 (Pin 0.85673 [q90 0.41816, q10 0.43857], MS 1.28029, Freq 3.43584) | LR 6.25e-07
2026-08-01 09:42:46,748 INFO Epoch 97 | Batch 450/593 | Loss 5.21541 (Pin 0.87728 [q90 0.42737, q10 0.44992], MS 1.16456, Freq 3.52618) | LR 6.25e-07
2026-08-01 09:43:28,974 INFO Epoch 97 | Batch 500/593 | Loss 5.18347 (Pin 0.85984 [q90 0.41951, q10 0.44034], MS 1.20740, Freq 3.46247) | LR 6.25e-07
2026-08-01 09:44:11,229 INFO Epoch 97 | Batch 550/593 | Loss 5.20794 (Pin 0.87696 [q90 0.43466, q10 0.44230], MS 1.17617, Freq 3.50534) | LR 6.25e-07
2026-08-01 09:45:23,325 INFO Epoch 97 | Val Loss 5.97779 (Pin 0.82590 [q90 0.41303, q10 0.41287], MS 2.07385, Freq 3.42005, L1 1.78641, Spectral 0.32521, Gradient 0.52682) | CRPS 1.18057
2026-08-01 09:45:23,326 INFO Epoch 97 | Coverage q10/q50/q90 = 0.081/0.490/0.902 (nominal .10/.50/.90) | extreme tail = 0.112/0.464/0.855
2026-08-01 09:45:23,563 INFO Epoch 97 | Val crps did not improve (14/50 val checks since best=1.17404)
2026-08-01 09:46:05,877 INFO Epoch 98 | Batch 50/593 | Loss 5.14713 (Pin 0.86011 [q90 0.42251, q10 0.43761], MS 1.14451, Freq 3.49167) | LR 6.25e-07
2026-08-01 09:46:48,147 INFO Epoch 98 | Batch 100/593 | Loss 5.29166 (Pin 0.88571 [q90 0.43453, q10 0.45118], MS 1.20184, Freq 3.56012) | LR 6.25e-07
2026-08-01 09:47:30,381 INFO Epoch 98 | Batch 150/593 | Loss 5.21078 (Pin 0.87144 [q90 0.42104, q10 0.45040], MS 1.17147, Freq 3.51985) | LR 6.25e-07
2026-08-01 09:48:12,631 INFO Epoch 98 | Batch 200/593 | Loss 5.19831 (Pin 0.86143 [q90 0.42145, q10 0.43998], MS 1.19798, Freq 3.48767) | LR 6.25e-07
2026-08-01 09:48:54,869 INFO Epoch 98 | Batch 250/593 | Loss 5.14373 (Pin 0.87052 [q90 0.42862, q10 0.44190], MS 1.14423, Freq 3.47664) | LR 6.25e-07
2026-08-01 09:49:37,098 INFO Epoch 98 | Batch 300/593 | Loss 5.11583 (Pin 0.86291 [q90 0.42718, q10 0.43573], MS 1.13638, Freq 3.46282) | LR 6.25e-07
2026-08-01 09:50:19,301 INFO Epoch 98 | Batch 350/593 | Loss 5.11840 (Pin 0.85591 [q90 0.41623, q10 0.43969], MS 1.17450, Freq 3.43111) | LR 6.25e-07
2026-08-01 09:51:01,518 INFO Epoch 98 | Batch 400/593 | Loss 5.11242 (Pin 0.84946 [q90 0.42083, q10 0.42864], MS 1.16485, Freq 3.44234) | LR 6.25e-07
2026-08-01 09:51:43,752 INFO Epoch 98 | Batch 450/593 | Loss 5.26270 (Pin 0.87728 [q90 0.43112, q10 0.44616], MS 1.23358, Freq 3.50205) | LR 6.25e-07
2026-08-01 09:52:25,963 INFO Epoch 98 | Batch 500/593 | Loss 5.23132 (Pin 0.86393 [q90 0.42675, q10 0.43718], MS 1.23187, Freq 3.48392) | LR 6.25e-07
2026-08-01 09:53:08,176 INFO Epoch 98 | Batch 550/593 | Loss 5.15324 (Pin 0.85996 [q90 0.42456, q10 0.43541], MS 1.17706, Freq 3.46246) | LR 6.25e-07
2026-08-01 09:54:20,691 INFO Epoch 98 | Val Loss 5.98392 (Pin 0.82594 [q90 0.41267, q10 0.41328], MS 2.07555, Freq 3.42492, L1 1.78741, Spectral 0.32653, Gradient 0.52974) | CRPS 1.18138
2026-08-01 09:54:20,692 INFO Epoch 98 | Coverage q10/q50/q90 = 0.079/0.495/0.905 (nominal .10/.50/.90) | extreme tail = 0.111/0.464/0.858
2026-08-01 09:54:20,920 INFO Epoch 98 | Val crps did not improve (15/50 val checks since best=1.17404)
2026-08-01 09:55:03,211 INFO Epoch 99 | Batch 50/593 | Loss 5.14716 (Pin 0.86369 [q90 0.42506, q10 0.43862], MS 1.16773, Freq 3.46194) | LR 6.25e-07
2026-08-01 09:55:45,461 INFO Epoch 99 | Batch 100/593 | Loss 5.26482 (Pin 0.87319 [q90 0.42951, q10 0.44368], MS 1.23772, Freq 3.50434) | LR 6.25e-07
2026-08-01 09:56:27,676 INFO Epoch 99 | Batch 150/593 | Loss 5.22902 (Pin 0.88157 [q90 0.42909, q10 0.45248], MS 1.19886, Freq 3.49843) | LR 6.25e-07
2026-08-01 09:57:09,925 INFO Epoch 99 | Batch 200/593 | Loss 5.13715 (Pin 0.85502 [q90 0.42196, q10 0.43306], MS 1.14542, Freq 3.48523) | LR 6.25e-07
2026-08-01 09:57:52,151 INFO Epoch 99 | Batch 250/593 | Loss 5.15986 (Pin 0.86380 [q90 0.42402, q10 0.43978], MS 1.16814, Freq 3.47547) | LR 6.25e-07
2026-08-01 09:58:34,387 INFO Epoch 99 | Batch 300/593 | Loss 5.20524 (Pin 0.86601 [q90 0.42626, q10 0.43976], MS 1.19567, Freq 3.49285) | LR 6.25e-07
2026-08-01 09:59:16,604 INFO Epoch 99 | Batch 350/593 | Loss 5.17833 (Pin 0.86070 [q90 0.42497, q10 0.43574], MS 1.20344, Freq 3.46021) | LR 6.25e-07
2026-08-01 09:59:58,852 INFO Epoch 99 | Batch 400/593 | Loss 5.21245 (Pin 0.87373 [q90 0.43058, q10 0.44315], MS 1.23544, Freq 3.44809) | LR 6.25e-07
2026-08-01 10:00:41,102 INFO Epoch 99 | Batch 450/593 | Loss 5.21649 (Pin 0.86072 [q90 0.42584, q10 0.43489], MS 1.22300, Freq 3.48085) | LR 6.25e-07
2026-08-01 10:01:23,337 INFO Epoch 99 | Batch 500/593 | Loss 5.18055 (Pin 0.85269 [q90 0.41627, q10 0.43641], MS 1.21902, Freq 3.45427) | LR 6.25e-07
2026-08-01 10:02:05,608 INFO Epoch 99 | Batch 550/593 | Loss 5.15252 (Pin 0.86627 [q90 0.42413, q10 0.44214], MS 1.15602, Freq 3.47804) | LR 6.25e-07
2026-08-01 10:03:18,082 INFO Epoch 99 | Val Loss 5.97860 (Pin 0.82725 [q90 0.41269, q10 0.41456], MS 2.06798, Freq 3.42596, L1 1.78928, Spectral 0.32652, Gradient 0.53019) | CRPS 1.18296
2026-08-01 10:03:18,083 INFO Epoch 99 | Coverage q10/q50/q90 = 0.077/0.485/0.904 (nominal .10/.50/.90) | extreme tail = 0.109/0.453/0.858
2026-08-01 10:03:18,330 INFO Epoch 99 | Val crps did not improve (16/50 val checks since best=1.17404)
2026-08-01 10:03:18,330 INFO Training complete.
