2026-08-04 11:35:25,052 INFO Logging to /home/peytonli/26.6_wind/runs/0729_meangate/train_20260804_113525.log
2026-08-04 11:35:25,053 INFO Config:
{
  "seed": 0,
  "paths": {
    "data_dir": "/home/peytonli/26.6_wind/data",
    "log_dir": "/home/peytonli/26.6_wind/runs/0729_meangate",
    "splits_path": "/home/peytonli/26.6_wind/data/splits_70_15_15/split_indices.npz"
  },
  "model": {
    "img_size": 200,
    "embed_dim": 96,
    "depths": [
      4,
      4,
      4
    ],
    "num_heads": [
      6,
      6,
      6
    ],
    "window_size": 8,
    "mlp_ratio": 4.0,
    "residual_base": "bicubic",
    "residual_gate_init": 0.1,
    "offset_spread_init": 3.0,
    "drop_rate": 0.05,
    "attn_drop_rate": 0.05,
    "drop_path_rate": 0.2,
    "head_dropout": 0.15
  },
  "training": {
    "batch_size": 8,
    "num_epochs": 100,
    "learning_rate": 1e-06,
    "weight_decay": 0.0005,
    "pin_weight": 1.0,
    "ms_weight": 1.0,
    "freq_weight": 0.3,
    "l1_weight": 0.0,
    "spectral_weight": 0.0,
    "gradient_weight": 0.0,
    "spectral_low_freq_cutoff": 0.28,
    "extreme_weight": {
      "enabled": true,
      "alpha": 5.0,
      "apply_to_q10": true
    },
    "multiscale": {
      "n_levels": 5,
      "base_sigma": 2,
      "COMMENT": "bands are from coarsest to finest",
      "metric_per_band": [
        "sw",
        "sw",
        "sw",
        "sw",
        "sw"
      ],
      "patch_size": 8,
      "patch_stride": 4,
      "n_projections": 64,
      "sigma_floor": 0.001,
      "sigma_max_samples": 2000,
      "histogram_weight": 0.0,
      "force_recompute_sigma_band": false
    },
    "freq_band": {
      "n_levels": 5,
      "base_sigma": 2,
      "cdf_weight_mode": "down_extremes",
      "band_weight": [
        1,
        1,
        1,
        0.5,
        0.2
      ],
      "pixel_weight_enabled": [
        true,
        true,
        false,
        true,
        false
      ],
      "sigma_floor": 0.001,
      "sigma_max_samples": 2000,
      "force_recompute_sigma_band": false
    },
    "grad_clip_norm": 1.0,
    "num_workers": 2,
    "val_interval": 1,
    "selection_metric": "crps",
    "early_stop_patience": 50,
    "lr_milestone_fractions": [
      0.25,
      0.4,
      0.6,
      0.8
    ],
    "lr_gamma": 0.5
  },
  "logging": {
    "log_every": 50
  }
}
2026-08-04 11:35:25,054 INFO Using device: cuda
2026-08-04 11:35:25,056 INFO Train samples: 4744, Val samples: 1013
2026-08-04 11:35:25,395 INFO Total parameters: 2087059
2026-08-04 11:35:25,396 INFO LR schedule: milestones (steps) = [14825, 23720, 35580, 47440] (of 59300 total), gamma = 0.500
2026-08-04 11:35:25,604 INFO Partial weights-only load from /home/peytonli/26.6_wind/runs/0729_meangate/checkpoints/best.pth: transferred 277/277 tensors.
2026-08-04 11:35:25,604 INFO   Fresh (not in checkpoint): []
2026-08-04 11:35:25,604 INFO   Dropped (not in model): []
2026-08-04 11:35:25,604 INFO Loss weights: {'ms': 1.0, 'freq': 0.3, 'l1': 0.0, 'spectral': 0.0, 'gradient': 0.0, 'pin': 1.0}
2026-08-04 11:35:25,604 INFO Extreme weighting: {'enabled': True, 'alpha': 5.0, 'apply_to_q10': True}
2026-08-04 11:35:25,605 INFO Structural terms computed during training (weight > 0): ['ms', 'freq']
2026-08-04 11:35:25,605 INFO multiscale_loss built (active during training: True): n_levels=5, base_sigma=2.00, metric_per_band=('sw', 'sw', 'sw', 'sw', 'sw'), METRIC_SCALE={'l1': 1.0, 'sw': 2.75} (fixed), sigma_band=[[0.698416531085968, 0.7594446539878845], [0.3979477286338806, 0.42225831747055054], [0.5279598236083984, 0.5658146739006042], [0.80471271276474, 0.8782278895378113], [5.570250034332275, 5.404760837554932]]
2026-08-04 11:35:25,606 INFO freq_band_loss built (active during training: True): n_levels=5, base_sigma=2.00, cdf_weight_mode=down_extremes, band_weight(coarse->fine)=[1, 1, 1, 0.5, 0.2], pixel_weight_enabled(coarse->fine)=[True, True, False, True, False], sigma_band=[[0.698416531085968, 0.7594446539878845], [0.3979477286338806, 0.42225831747055054], [0.5279598236083984, 0.5658146739006042], [0.80471271276474, 0.8782278895378113], [5.570250034332275, 5.404760837554932]]
2026-08-04 11:35:25,606 INFO Early stop patience: 50 val check(s) without improvement
2026-08-04 11:35:25,606 INFO Checkpoint selection / early stopping metric: val crps
2026-08-04 11:36:08,281 INFO Epoch 0 | Batch 50/593 | Loss 2.98705 (Pin 0.83549 [q90 0.41012, q10 0.42537], MS 1.14860, Freq 3.34320) | LR 1.00e-06
2026-08-04 11:36:50,396 INFO Epoch 0 | Batch 100/593 | Loss 2.92913 (Pin 0.83650 [q90 0.40820, q10 0.42829], MS 1.09342, Freq 3.33072) | LR 1.00e-06
2026-08-04 11:37:32,499 INFO Epoch 0 | Batch 150/593 | Loss 3.04652 (Pin 0.86530 [q90 0.42169, q10 0.44361], MS 1.17857, Freq 3.34216) | LR 1.00e-06
2026-08-04 11:38:14,655 INFO Epoch 0 | Batch 200/593 | Loss 3.05860 (Pin 0.87303 [q90 0.42784, q10 0.44519], MS 1.16518, Freq 3.40129) | LR 1.00e-06
2026-08-04 11:38:56,791 INFO Epoch 0 | Batch 250/593 | Loss 3.14308 (Pin 0.87935 [q90 0.43258, q10 0.44678], MS 1.23859, Freq 3.41715) | LR 1.00e-06
2026-08-04 11:39:38,961 INFO Epoch 0 | Batch 300/593 | Loss 3.11188 (Pin 0.89338 [q90 0.43974, q10 0.45364], MS 1.18567, Freq 3.44276) | LR 1.00e-06
2026-08-04 11:40:21,131 INFO Epoch 0 | Batch 350/593 | Loss 3.13270 (Pin 0.86704 [q90 0.42651, q10 0.44053], MS 1.24656, Freq 3.39700) | LR 1.00e-06
2026-08-04 11:41:03,307 INFO Epoch 0 | Batch 400/593 | Loss 3.07208 (Pin 0.85235 [q90 0.41818, q10 0.43417], MS 1.20340, Freq 3.38776) | LR 1.00e-06
2026-08-04 11:41:45,453 INFO Epoch 0 | Batch 450/593 | Loss 3.09448 (Pin 0.90278 [q90 0.44311, q10 0.45967], MS 1.14337, Freq 3.49443) | LR 1.00e-06
2026-08-04 11:42:27,618 INFO Epoch 0 | Batch 500/593 | Loss 3.04405 (Pin 0.87844 [q90 0.42862, q10 0.44981], MS 1.14393, Freq 3.40562) | LR 1.00e-06
2026-08-04 11:43:09,786 INFO Epoch 0 | Batch 550/593 | Loss 3.09221 (Pin 0.86209 [q90 0.42603, q10 0.43606], MS 1.21574, Freq 3.38125) | LR 1.00e-06
2026-08-04 11:44:21,946 INFO Epoch 0 | Val Loss 3.88281 (Pin 0.82640 [q90 0.41289, q10 0.41351], MS 2.05380, Freq 3.34205, L1 1.78974, Spectral 0.32444, Gradient 0.52643) | CRPS 1.18226
2026-08-04 11:44:21,947 INFO Epoch 0 | Coverage q10/q50/q90 = 0.079/0.485/0.900 (nominal .10/.50/.90) | extreme tail = 0.116/0.470/0.855
2026-08-04 11:44:22,270 INFO New best val crps: 1.18226 (saved checkpoints/best.pth)
2026-08-04 11:45:04,496 INFO Epoch 1 | Batch 50/593 | Loss 3.05847 (Pin 0.84686 [q90 0.41963, q10 0.42723], MS 1.20027, Freq 3.37115) | LR 1.00e-06
2026-08-04 11:45:46,680 INFO Epoch 1 | Batch 100/593 | Loss 3.01486 (Pin 0.85883 [q90 0.41978, q10 0.43905], MS 1.14165, Freq 3.38127) | LR 1.00e-06
2026-08-04 11:46:28,855 INFO Epoch 1 | Batch 150/593 | Loss 3.11192 (Pin 0.87796 [q90 0.42486, q10 0.45310], MS 1.20984, Freq 3.41373) | LR 1.00e-06
2026-08-04 11:47:11,010 INFO Epoch 1 | Batch 200/593 | Loss 3.10622 (Pin 0.87024 [q90 0.42702, q10 0.44322], MS 1.21299, Freq 3.40998) | LR 1.00e-06
2026-08-04 11:47:53,175 INFO Epoch 1 | Batch 250/593 | Loss 3.07013 (Pin 0.87487 [q90 0.42564, q10 0.44924], MS 1.17535, Freq 3.39968) | LR 1.00e-06
2026-08-04 11:48:35,353 INFO Epoch 1 | Batch 300/593 | Loss 3.10192 (Pin 0.87292 [q90 0.43074, q10 0.44218], MS 1.20097, Freq 3.42675) | LR 1.00e-06
2026-08-04 11:49:17,526 INFO Epoch 1 | Batch 350/593 | Loss 3.10229 (Pin 0.85433 [q90 0.42137, q10 0.43296], MS 1.23318, Freq 3.38259) | LR 1.00e-06
2026-08-04 11:49:59,687 INFO Epoch 1 | Batch 400/593 | Loss 2.95357 (Pin 0.84367 [q90 0.41098, q10 0.43269], MS 1.10667, Freq 3.34409) | LR 1.00e-06
2026-08-04 11:50:41,855 INFO Epoch 1 | Batch 450/593 | Loss 3.06836 (Pin 0.88015 [q90 0.43135, q10 0.44880], MS 1.16578, Freq 3.40813) | LR 1.00e-06
2026-08-04 11:51:24,018 INFO Epoch 1 | Batch 500/593 | Loss 3.04262 (Pin 0.86908 [q90 0.42621, q10 0.44288], MS 1.15177, Freq 3.40591) | LR 1.00e-06
2026-08-04 11:52:06,183 INFO Epoch 1 | Batch 550/593 | Loss 3.02396 (Pin 0.84355 [q90 0.41735, q10 0.42620], MS 1.16922, Freq 3.37063) | LR 1.00e-06
2026-08-04 11:53:18,262 INFO Epoch 1 | Val Loss 3.87298 (Pin 0.82686 [q90 0.41302, q10 0.41385], MS 2.03935, Freq 3.35589, L1 1.79284, Spectral 0.32372, Gradient 0.52603) | CRPS 1.18396
2026-08-04 11:53:18,263 INFO Epoch 1 | Coverage q10/q50/q90 = 0.081/0.502/0.905 (nominal .10/.50/.90) | extreme tail = 0.113/0.466/0.853
2026-08-04 11:53:18,431 INFO Epoch 1 | Val crps did not improve (1/50 val checks since best=1.18226)
2026-08-04 11:54:00,677 INFO Epoch 2 | Batch 50/593 | Loss 3.05425 (Pin 0.86704 [q90 0.42251, q10 0.44453], MS 1.16008, Freq 3.42377) | LR 1.00e-06
2026-08-04 11:54:42,842 INFO Epoch 2 | Batch 100/593 | Loss 3.05303 (Pin 0.84742 [q90 0.41981, q10 0.42761], MS 1.20050, Freq 3.35036) | LR 1.00e-06
2026-08-04 11:55:25,008 INFO Epoch 2 | Batch 150/593 | Loss 3.08267 (Pin 0.87161 [q90 0.42751, q10 0.44410], MS 1.18721, Freq 3.41284) | LR 1.00e-06
2026-08-04 11:56:07,186 INFO Epoch 2 | Batch 200/593 | Loss 2.97315 (Pin 0.85242 [q90 0.41986, q10 0.43256], MS 1.11504, Freq 3.35231) | LR 1.00e-06
2026-08-04 11:56:49,355 INFO Epoch 2 | Batch 250/593 | Loss 3.09641 (Pin 0.87354 [q90 0.42506, q10 0.44847], MS 1.19821, Freq 3.41557) | LR 1.00e-06
2026-08-04 11:57:31,521 INFO Epoch 2 | Batch 300/593 | Loss 3.06571 (Pin 0.87102 [q90 0.43066, q10 0.44036], MS 1.16001, Freq 3.44895) | LR 1.00e-06
2026-08-04 11:58:13,707 INFO Epoch 2 | Batch 350/593 | Loss 3.05471 (Pin 0.86642 [q90 0.42224, q10 0.44417], MS 1.17076, Freq 3.39177) | LR 1.00e-06
2026-08-04 11:58:55,878 INFO Epoch 2 | Batch 400/593 | Loss 3.08346 (Pin 0.86659 [q90 0.42334, q10 0.44325], MS 1.20070, Freq 3.38723) | LR 1.00e-06
2026-08-04 11:59:38,043 INFO Epoch 2 | Batch 450/593 | Loss 3.05433 (Pin 0.84375 [q90 0.41693, q10 0.42682], MS 1.20069, Freq 3.36627) | LR 1.00e-06
2026-08-04 12:00:20,241 INFO Epoch 2 | Batch 500/593 | Loss 3.03107 (Pin 0.85809 [q90 0.41919, q10 0.43890], MS 1.15883, Freq 3.38054) | LR 1.00e-06
2026-08-04 12:01:02,419 INFO Epoch 2 | Batch 550/593 | Loss 2.99771 (Pin 0.87695 [q90 0.43064, q10 0.44632], MS 1.08937, Freq 3.43795) | LR 1.00e-06
2026-08-04 12:02:14,905 INFO Epoch 2 | Val Loss 3.88884 (Pin 0.82793 [q90 0.41276, q10 0.41517], MS 2.05186, Freq 3.36348, L1 1.79496, Spectral 0.32416, Gradient 0.52751) | CRPS 1.18608
2026-08-04 12:02:14,906 INFO Epoch 2 | Coverage q10/q50/q90 = 0.077/0.490/0.906 (nominal .10/.50/.90) | extreme tail = 0.109/0.459/0.859
2026-08-04 12:02:15,079 INFO Epoch 2 | Val crps did not improve (2/50 val checks since best=1.18226)
2026-08-04 12:02:57,313 INFO Epoch 3 | Batch 50/593 | Loss 3.04266 (Pin 0.86383 [q90 0.42209, q10 0.44174], MS 1.16270, Freq 3.38712) | LR 1.00e-06
2026-08-04 12:03:39,494 INFO Epoch 3 | Batch 100/593 | Loss 3.03835 (Pin 0.85604 [q90 0.42187, q10 0.43417], MS 1.16125, Freq 3.40351) | LR 1.00e-06
2026-08-04 12:04:21,668 INFO Epoch 3 | Batch 150/593 | Loss 3.01324 (Pin 0.84770 [q90 0.41735, q10 0.43035], MS 1.15364, Freq 3.37301) | LR 1.00e-06
2026-08-04 12:05:03,851 INFO Epoch 3 | Batch 200/593 | Loss 3.05381 (Pin 0.86455 [q90 0.42590, q10 0.43865], MS 1.16412, Freq 3.41711) | LR 1.00e-06
2026-08-04 12:05:46,028 INFO Epoch 3 | Batch 250/593 | Loss 3.14733 (Pin 0.88041 [q90 0.43570, q10 0.44470], MS 1.23998, Freq 3.42316) | LR 1.00e-06
2026-08-04 12:06:28,181 INFO Epoch 3 | Batch 300/593 | Loss 2.95602 (Pin 0.85375 [q90 0.42119, q10 0.43257], MS 1.09757, Freq 3.34900) | LR 1.00e-06
2026-08-04 12:07:10,336 INFO Epoch 3 | Batch 350/593 | Loss 3.06125 (Pin 0.87771 [q90 0.43197, q10 0.44574], MS 1.14933, Freq 3.44740) | LR 1.00e-06
2026-08-04 12:07:52,496 INFO Epoch 3 | Batch 400/593 | Loss 3.06581 (Pin 0.87866 [q90 0.42754, q10 0.45112], MS 1.16142, Freq 3.41911) | LR 1.00e-06
2026-08-04 12:08:34,670 INFO Epoch 3 | Batch 450/593 | Loss 3.05753 (Pin 0.88557 [q90 0.42624, q10 0.45933], MS 1.13744, Freq 3.44843) | LR 1.00e-06
2026-08-04 12:09:16,825 INFO Epoch 3 | Batch 500/593 | Loss 3.05170 (Pin 0.87217 [q90 0.42991, q10 0.44226], MS 1.15185, Freq 3.42558) | LR 1.00e-06
2026-08-04 12:09:59,005 INFO Epoch 3 | Batch 550/593 | Loss 3.04328 (Pin 0.85611 [q90 0.41874, q10 0.43737], MS 1.18052, Freq 3.35548) | LR 1.00e-06
2026-08-04 12:11:11,120 INFO Epoch 3 | Val Loss 3.87825 (Pin 0.82771 [q90 0.41318, q10 0.41454], MS 2.04606, Freq 3.34822, L1 1.79139, Spectral 0.32504, Gradient 0.52848) | CRPS 1.18380
2026-08-04 12:11:11,121 INFO Epoch 3 | Coverage q10/q50/q90 = 0.080/0.495/0.904 (nominal .10/.50/.90) | extreme tail = 0.116/0.465/0.854
2026-08-04 12:11:11,299 INFO Epoch 3 | Val crps did not improve (3/50 val checks since best=1.18226)
2026-08-04 12:11:53,629 INFO Epoch 4 | Batch 50/593 | Loss 3.03734 (Pin 0.87670 [q90 0.43353, q10 0.44317], MS 1.12875, Freq 3.43965) | LR 1.00e-06
2026-08-04 12:12:35,885 INFO Epoch 4 | Batch 100/593 | Loss 3.03051 (Pin 0.87043 [q90 0.43093, q10 0.43950], MS 1.13100, Freq 3.43025) | LR 1.00e-06
2026-08-04 12:13:18,134 INFO Epoch 4 | Batch 150/593 | Loss 3.07032 (Pin 0.87190 [q90 0.42661, q10 0.44529], MS 1.18524, Freq 3.37725) | LR 1.00e-06
2026-08-04 12:14:00,372 INFO Epoch 4 | Batch 200/593 | Loss 3.00384 (Pin 0.85443 [q90 0.41668, q10 0.43775], MS 1.13240, Freq 3.39003) | LR 1.00e-06
2026-08-04 12:14:42,616 INFO Epoch 4 | Batch 250/593 | Loss 3.02754 (Pin 0.85943 [q90 0.42229, q10 0.43714], MS 1.16034, Freq 3.35923) | LR 1.00e-06
2026-08-04 12:15:24,844 INFO Epoch 4 | Batch 300/593 | Loss 3.09476 (Pin 0.87105 [q90 0.42386, q10 0.44720], MS 1.19288, Freq 3.43608) | LR 1.00e-06
2026-08-04 12:16:07,061 INFO Epoch 4 | Batch 350/593 | Loss 2.96722 (Pin 0.84466 [q90 0.41574, q10 0.42892], MS 1.10539, Freq 3.39058) | LR 1.00e-06
2026-08-04 12:16:49,283 INFO Epoch 4 | Batch 400/593 | Loss 3.06690 (Pin 0.86492 [q90 0.41956, q10 0.44536], MS 1.18082, Freq 3.40386) | LR 1.00e-06
2026-08-04 12:17:31,527 INFO Epoch 4 | Batch 450/593 | Loss 3.07464 (Pin 0.86667 [q90 0.42745, q10 0.43922], MS 1.18598, Freq 3.40665) | LR 1.00e-06
2026-08-04 12:18:13,757 INFO Epoch 4 | Batch 500/593 | Loss 3.07705 (Pin 0.87121 [q90 0.42408, q10 0.44713], MS 1.18549, Freq 3.40113) | LR 1.00e-06
2026-08-04 12:18:55,977 INFO Epoch 4 | Batch 550/593 | Loss 3.03431 (Pin 0.87069 [q90 0.43026, q10 0.44044], MS 1.14844, Freq 3.38392) | LR 1.00e-06
2026-08-04 12:20:08,326 INFO Epoch 4 | Val Loss 3.87336 (Pin 0.82881 [q90 0.41377, q10 0.41504], MS 2.04065, Freq 3.34634, L1 1.78878, Spectral 0.32484, Gradient 0.52855) | CRPS 1.18308
2026-08-04 12:20:08,326 INFO Epoch 4 | Coverage q10/q50/q90 = 0.077/0.484/0.901 (nominal .10/.50/.90) | extreme tail = 0.112/0.463/0.852
2026-08-04 12:20:08,504 INFO Epoch 4 | Val crps did not improve (4/50 val checks since best=1.18226)
2026-08-04 12:20:50,818 INFO Epoch 5 | Batch 50/593 | Loss 3.01587 (Pin 0.84744 [q90 0.41274, q10 0.43470], MS 1.15983, Freq 3.36200) | LR 1.00e-06
2026-08-04 12:21:33,017 INFO Epoch 5 | Batch 100/593 | Loss 3.02494 (Pin 0.86409 [q90 0.42297, q10 0.44113], MS 1.14960, Freq 3.37082) | LR 1.00e-06
2026-08-04 12:22:15,236 INFO Epoch 5 | Batch 150/593 | Loss 3.06071 (Pin 0.85684 [q90 0.42319, q10 0.43365], MS 1.18134, Freq 3.40845) | LR 1.00e-06
2026-08-04 12:22:57,455 INFO Epoch 5 | Batch 200/593 | Loss 3.07220 (Pin 0.88949 [q90 0.43561, q10 0.45388], MS 1.14724, Freq 3.45159) | LR 1.00e-06
2026-08-04 12:23:39,673 INFO Epoch 5 | Batch 250/593 | Loss 3.07009 (Pin 0.87546 [q90 0.42809, q10 0.44737], MS 1.16441, Freq 3.43405) | LR 1.00e-06
2026-08-04 12:24:21,882 INFO Epoch 5 | Batch 300/593 | Loss 3.09389 (Pin 0.86561 [q90 0.42562, q10 0.43999], MS 1.21128, Freq 3.39002) | LR 1.00e-06
2026-08-04 12:25:04,096 INFO Epoch 5 | Batch 350/593 | Loss 3.05981 (Pin 0.86535 [q90 0.42383, q10 0.44152], MS 1.17138, Freq 3.41028) | LR 1.00e-06
2026-08-04 12:25:46,309 INFO Epoch 5 | Batch 400/593 | Loss 2.99258 (Pin 0.86832 [q90 0.42622, q10 0.44211], MS 1.11604, Freq 3.36070) | LR 1.00e-06
2026-08-04 12:26:28,512 INFO Epoch 5 | Batch 450/593 | Loss 3.03636 (Pin 0.86991 [q90 0.42801, q10 0.44190], MS 1.13584, Freq 3.43536) | LR 1.00e-06
2026-08-04 12:27:10,744 INFO Epoch 5 | Batch 500/593 | Loss 3.07194 (Pin 0.87676 [q90 0.43075, q10 0.44601], MS 1.16482, Freq 3.43454) | LR 1.00e-06
2026-08-04 12:27:52,967 INFO Epoch 5 | Batch 550/593 | Loss 2.99408 (Pin 0.87054 [q90 0.42774, q10 0.44279], MS 1.09497, Freq 3.42859) | LR 1.00e-06
2026-08-04 12:29:05,257 INFO Epoch 5 | Val Loss 3.86727 (Pin 0.82765 [q90 0.41430, q10 0.41335], MS 2.03891, Freq 3.33569, L1 1.78522, Spectral 0.32329, Gradient 0.52189) | CRPS 1.18046
2026-08-04 12:29:05,258 INFO Epoch 5 | Coverage q10/q50/q90 = 0.083/0.494/0.900 (nominal .10/.50/.90) | extreme tail = 0.116/0.467/0.851
2026-08-04 12:29:05,615 INFO New best val crps: 1.18046 (saved checkpoints/best.pth)
2026-08-04 12:29:47,869 INFO Epoch 6 | Batch 50/593 | Loss 3.14927 (Pin 0.87454 [q90 0.42535, q10 0.44920], MS 1.24155, Freq 3.44393) | LR 1.00e-06
2026-08-04 12:30:30,029 INFO Epoch 6 | Batch 100/593 | Loss 3.10754 (Pin 0.87530 [q90 0.42790, q10 0.44740], MS 1.20336, Freq 3.42961) | LR 1.00e-06
2026-08-04 12:31:12,215 INFO Epoch 6 | Batch 150/593 | Loss 3.01021 (Pin 0.86549 [q90 0.42840, q10 0.43709], MS 1.13163, Freq 3.37697) | LR 1.00e-06
2026-08-04 12:31:54,399 INFO Epoch 6 | Batch 200/593 | Loss 3.05082 (Pin 0.85021 [q90 0.41849, q10 0.43172], MS 1.19205, Freq 3.36189) | LR 1.00e-06
2026-08-04 12:32:36,569 INFO Epoch 6 | Batch 250/593 | Loss 3.04251 (Pin 0.87871 [q90 0.42613, q10 0.45258], MS 1.14976, Freq 3.38014) | LR 1.00e-06
2026-08-04 12:33:18,716 INFO Epoch 6 | Batch 300/593 | Loss 3.10118 (Pin 0.88892 [q90 0.43878, q10 0.45015], MS 1.17876, Freq 3.44500) | LR 1.00e-06
2026-08-04 12:34:00,874 INFO Epoch 6 | Batch 350/593 | Loss 3.00773 (Pin 0.83295 [q90 0.40813, q10 0.42481], MS 1.16991, Freq 3.34957) | LR 1.00e-06
2026-08-04 12:34:43,044 INFO Epoch 6 | Batch 400/593 | Loss 3.08579 (Pin 0.86669 [q90 0.43093, q10 0.43576], MS 1.19996, Freq 3.39712) | LR 1.00e-06
2026-08-04 12:35:25,226 INFO Epoch 6 | Batch 450/593 | Loss 3.09814 (Pin 0.86468 [q90 0.42375, q10 0.44093], MS 1.20307, Freq 3.43462) | LR 1.00e-06
2026-08-04 12:36:07,414 INFO Epoch 6 | Batch 500/593 | Loss 3.07484 (Pin 0.87753 [q90 0.43054, q10 0.44699], MS 1.16710, Freq 3.43401) | LR 1.00e-06
2026-08-04 12:36:49,583 INFO Epoch 6 | Batch 550/593 | Loss 3.03623 (Pin 0.87986 [q90 0.43231, q10 0.44754], MS 1.12825, Freq 3.42708) | LR 1.00e-06
2026-08-04 12:38:01,515 INFO Epoch 6 | Val Loss 3.88630 (Pin 0.82789 [q90 0.41330, q10 0.41459], MS 2.04809, Freq 3.36773, L1 1.79900, Spectral 0.32606, Gradient 0.53078) | CRPS 1.18742
2026-08-04 12:38:01,515 INFO Epoch 6 | Coverage q10/q50/q90 = 0.076/0.478/0.902 (nominal .10/.50/.90) | extreme tail = 0.111/0.462/0.858
2026-08-04 12:38:01,687 INFO Epoch 6 | Val crps did not improve (1/50 val checks since best=1.18046)
2026-08-04 12:38:43,953 INFO Epoch 7 | Batch 50/593 | Loss 3.11671 (Pin 0.88243 [q90 0.43613, q10 0.44630], MS 1.20403, Freq 3.43417) | LR 1.00e-06
2026-08-04 12:39:26,114 INFO Epoch 7 | Batch 100/593 | Loss 3.09951 (Pin 0.87821 [q90 0.43156, q10 0.44664], MS 1.18979, Freq 3.43837) | LR 1.00e-06
2026-08-04 12:40:08,273 INFO Epoch 7 | Batch 150/593 | Loss 3.02903 (Pin 0.87962 [q90 0.43334, q10 0.44628], MS 1.12334, Freq 3.42021) | LR 1.00e-06
2026-08-04 12:40:50,446 INFO Epoch 7 | Batch 200/593 | Loss 3.11393 (Pin 0.87073 [q90 0.42823, q10 0.44250], MS 1.21588, Freq 3.42441) | LR 1.00e-06
2026-08-04 12:41:32,615 INFO Epoch 7 | Batch 250/593 | Loss 3.03969 (Pin 0.85926 [q90 0.41806, q10 0.44120], MS 1.15444, Freq 3.41999) | LR 1.00e-06
2026-08-04 12:42:14,783 INFO Epoch 7 | Batch 300/593 | Loss 3.04306 (Pin 0.86791 [q90 0.42660, q10 0.44131], MS 1.16079, Freq 3.38118) | LR 1.00e-06
2026-08-04 12:42:56,948 INFO Epoch 7 | Batch 350/593 | Loss 3.04169 (Pin 0.85582 [q90 0.42035, q10 0.43546], MS 1.17006, Freq 3.38603) | LR 1.00e-06
2026-08-04 12:43:39,134 INFO Epoch 7 | Batch 400/593 | Loss 2.98777 (Pin 0.85996 [q90 0.42126, q10 0.43869], MS 1.10501, Freq 3.40936) | LR 1.00e-06
2026-08-04 12:44:21,351 INFO Epoch 7 | Batch 450/593 | Loss 2.98889 (Pin 0.85960 [q90 0.42157, q10 0.43803], MS 1.12054, Freq 3.36251) | LR 1.00e-06
2026-08-04 12:45:03,566 INFO Epoch 7 | Batch 500/593 | Loss 3.07688 (Pin 0.86253 [q90 0.42282, q10 0.43972], MS 1.18273, Freq 3.43873) | LR 1.00e-06
2026-08-04 12:45:45,797 INFO Epoch 7 | Batch 550/593 | Loss 3.08397 (Pin 0.85686 [q90 0.41916, q10 0.43769], MS 1.21062, Freq 3.38831) | LR 1.00e-06
2026-08-04 12:46:58,517 INFO Epoch 7 | Val Loss 3.87060 (Pin 0.82752 [q90 0.41360, q10 0.41392], MS 2.03386, Freq 3.36405, L1 1.79408, Spectral 0.32732, Gradient 0.53306) | CRPS 1.18440
2026-08-04 12:46:58,518 INFO Epoch 7 | Coverage q10/q50/q90 = 0.082/0.494/0.903 (nominal .10/.50/.90) | extreme tail = 0.115/0.474/0.855
2026-08-04 12:46:58,690 INFO Epoch 7 | Val crps did not improve (2/50 val checks since best=1.18046)
2026-08-04 12:47:40,990 INFO Epoch 8 | Batch 50/593 | Loss 3.04767 (Pin 0.87173 [q90 0.43077, q10 0.44096], MS 1.15071, Freq 3.41741) | LR 1.00e-06
2026-08-04 12:48:23,167 INFO Epoch 8 | Batch 100/593 | Loss 3.13515 (Pin 0.88223 [q90 0.43158, q10 0.45065], MS 1.22000, Freq 3.44307) | LR 1.00e-06
2026-08-04 12:49:05,359 INFO Epoch 8 | Batch 150/593 | Loss 3.04987 (Pin 0.87287 [q90 0.42411, q10 0.44876], MS 1.14582, Freq 3.43724) | LR 1.00e-06
2026-08-04 12:49:47,539 INFO Epoch 8 | Batch 200/593 | Loss 3.06550 (Pin 0.87174 [q90 0.42858, q10 0.44315], MS 1.17856, Freq 3.38400) | LR 1.00e-06
2026-08-04 12:50:29,727 INFO Epoch 8 | Batch 250/593 | Loss 3.03132 (Pin 0.85163 [q90 0.41771, q10 0.43393], MS 1.16481, Freq 3.38292) | LR 1.00e-06
2026-08-04 12:51:11,894 INFO Epoch 8 | Batch 300/593 | Loss 3.02530 (Pin 0.86481 [q90 0.42241, q10 0.44240], MS 1.13293, Freq 3.42518) | LR 1.00e-06
2026-08-04 12:51:54,087 INFO Epoch 8 | Batch 350/593 | Loss 3.02338 (Pin 0.87740 [q90 0.43302, q10 0.44438], MS 1.11443, Freq 3.43847) | LR 1.00e-06
2026-08-04 12:52:36,279 INFO Epoch 8 | Batch 400/593 | Loss 3.05529 (Pin 0.85155 [q90 0.42132, q10 0.43024], MS 1.18592, Freq 3.39272) | LR 1.00e-06
2026-08-04 12:53:18,491 INFO Epoch 8 | Batch 450/593 | Loss 3.04620 (Pin 0.86216 [q90 0.42259, q10 0.43957], MS 1.15876, Freq 3.41759) | LR 1.00e-06
2026-08-04 12:54:00,705 INFO Epoch 8 | Batch 500/593 | Loss 2.98614 (Pin 0.86318 [q90 0.42251, q10 0.44066], MS 1.11352, Freq 3.36479) | LR 1.00e-06
2026-08-04 12:54:42,914 INFO Epoch 8 | Batch 550/593 | Loss 2.99405 (Pin 0.86305 [q90 0.42806, q10 0.43499], MS 1.11196, Freq 3.39679) | LR 1.00e-06
2026-08-04 12:55:54,922 INFO Epoch 8 | Val Loss 3.85988 (Pin 0.82709 [q90 0.41281, q10 0.41429], MS 2.02880, Freq 3.34664, L1 1.78672, Spectral 0.32367, Gradient 0.52402) | CRPS 1.18182
2026-08-04 12:55:54,923 INFO Epoch 8 | Coverage q10/q50/q90 = 0.082/0.497/0.904 (nominal .10/.50/.90) | extreme tail = 0.109/0.468/0.859
2026-08-04 12:55:55,093 INFO Epoch 8 | Val crps did not improve (3/50 val checks since best=1.18046)
2026-08-04 12:56:37,388 INFO Epoch 9 | Batch 50/593 | Loss 3.02670 (Pin 0.85259 [q90 0.41916, q10 0.43344], MS 1.15517, Freq 3.39643) | LR 1.00e-06
2026-08-04 12:57:19,617 INFO Epoch 9 | Batch 100/593 | Loss 3.02294 (Pin 0.87438 [q90 0.41954, q10 0.45483], MS 1.13038, Freq 3.39396) | LR 1.00e-06
2026-08-04 12:58:01,842 INFO Epoch 9 | Batch 150/593 | Loss 3.00019 (Pin 0.86821 [q90 0.42388, q10 0.44433], MS 1.10482, Freq 3.42388) | LR 1.00e-06
2026-08-04 12:58:44,063 INFO Epoch 9 | Batch 200/593 | Loss 3.13507 (Pin 0.89704 [q90 0.44215, q10 0.45489], MS 1.20376, Freq 3.44755) | LR 1.00e-06
2026-08-04 12:59:26,275 INFO Epoch 9 | Batch 250/593 | Loss 3.08818 (Pin 0.86496 [q90 0.42264, q10 0.44232], MS 1.19485, Freq 3.42790) | LR 1.00e-06
2026-08-04 13:00:08,509 INFO Epoch 9 | Batch 300/593 | Loss 3.07929 (Pin 0.87340 [q90 0.43044, q10 0.44296], MS 1.16915, Freq 3.45579) | LR 1.00e-06
2026-08-04 13:00:50,713 INFO Epoch 9 | Batch 350/593 | Loss 3.06112 (Pin 0.85929 [q90 0.42160, q10 0.43768], MS 1.18270, Freq 3.39713) | LR 1.00e-06
2026-08-04 13:01:32,918 INFO Epoch 9 | Batch 400/593 | Loss 3.05319 (Pin 0.85379 [q90 0.42235, q10 0.43143], MS 1.18045, Freq 3.39649) | LR 1.00e-06
2026-08-04 13:02:15,128 INFO Epoch 9 | Batch 450/593 | Loss 2.93672 (Pin 0.84224 [q90 0.41345, q10 0.42879], MS 1.08822, Freq 3.35419) | LR 1.00e-06
2026-08-04 13:02:57,489 INFO Epoch 9 | Batch 500/593 | Loss 3.11241 (Pin 0.88459 [q90 0.43696, q10 0.44762], MS 1.19779, Freq 3.43346) | LR 1.00e-06
2026-08-04 13:03:39,704 INFO Epoch 9 | Batch 550/593 | Loss 3.06446 (Pin 0.86802 [q90 0.42383, q10 0.44419], MS 1.17611, Freq 3.40109) | LR 1.00e-06
2026-08-04 13:04:51,755 INFO Epoch 9 | Val Loss 3.85955 (Pin 0.82694 [q90 0.41330, q10 0.41364], MS 2.02780, Freq 3.34936, L1 1.79040, Spectral 0.32592, Gradient 0.52846) | CRPS 1.18255
2026-08-04 13:04:51,756 INFO Epoch 9 | Coverage q10/q50/q90 = 0.081/0.490/0.902 (nominal .10/.50/.90) | extreme tail = 0.119/0.472/0.854
2026-08-04 13:04:51,921 INFO Epoch 9 | Val crps did not improve (4/50 val checks since best=1.18046)
2026-08-04 13:05:34,227 INFO Epoch 10 | Batch 50/593 | Loss 3.07395 (Pin 0.87990 [q90 0.43579, q10 0.44411], MS 1.16525, Freq 3.42933) | LR 1.00e-06
2026-08-04 13:06:16,439 INFO Epoch 10 | Batch 100/593 | Loss 3.08801 (Pin 0.87049 [q90 0.42459, q10 0.44590], MS 1.18903, Freq 3.42828) | LR 1.00e-06
2026-08-04 13:06:58,642 INFO Epoch 10 | Batch 150/593 | Loss 3.14413 (Pin 0.87277 [q90 0.42907, q10 0.44370], MS 1.23299, Freq 3.46125) | LR 1.00e-06
2026-08-04 13:07:40,855 INFO Epoch 10 | Batch 200/593 | Loss 3.04891 (Pin 0.84458 [q90 0.41323, q10 0.43135], MS 1.20278, Freq 3.33852) | LR 1.00e-06
2026-08-04 13:08:23,091 INFO Epoch 10 | Batch 250/593 | Loss 3.00364 (Pin 0.86496 [q90 0.42419, q10 0.44076], MS 1.11302, Freq 3.41890) | LR 1.00e-06
2026-08-04 13:09:05,290 INFO Epoch 10 | Batch 300/593 | Loss 3.00699 (Pin 0.84284 [q90 0.41183, q10 0.43100], MS 1.15522, Freq 3.36310) | LR 1.00e-06
2026-08-04 13:09:47,503 INFO Epoch 10 | Batch 350/593 | Loss 3.04918 (Pin 0.88697 [q90 0.43438, q10 0.45259], MS 1.12125, Freq 3.46988) | LR 1.00e-06
2026-08-04 13:10:29,713 INFO Epoch 10 | Batch 400/593 | Loss 3.05247 (Pin 0.86181 [q90 0.42392, q10 0.43789], MS 1.17740, Freq 3.37754) | LR 1.00e-06
2026-08-04 13:11:11,919 INFO Epoch 10 | Batch 450/593 | Loss 3.01256 (Pin 0.86366 [q90 0.42626, q10 0.43739], MS 1.12902, Freq 3.39962) | LR 1.00e-06
2026-08-04 13:11:54,129 INFO Epoch 10 | Batch 500/593 | Loss 3.05965 (Pin 0.86725 [q90 0.42837, q10 0.43888], MS 1.16809, Freq 3.41435) | LR 1.00e-06
2026-08-04 13:12:36,356 INFO Epoch 10 | Batch 550/593 | Loss 2.98554 (Pin 0.85648 [q90 0.42057, q10 0.43591], MS 1.12306, Freq 3.35333) | LR 1.00e-06
2026-08-04 13:13:48,327 INFO Epoch 10 | Val Loss 3.87609 (Pin 0.82781 [q90 0.41393, q10 0.41388], MS 2.04247, Freq 3.35269, L1 1.79043, Spectral 0.32438, Gradient 0.52695) | CRPS 1.18315
2026-08-04 13:13:48,327 INFO Epoch 10 | Coverage q10/q50/q90 = 0.082/0.499/0.905 (nominal .10/.50/.90) | extreme tail = 0.113/0.465/0.852
2026-08-04 13:13:48,503 INFO Epoch 10 | Val crps did not improve (5/50 val checks since best=1.18046)
2026-08-04 13:14:30,783 INFO Epoch 11 | Batch 50/593 | Loss 3.07109 (Pin 0.87471 [q90 0.42818, q10 0.44653], MS 1.15935, Freq 3.45678) | LR 1.00e-06
2026-08-04 13:15:12,990 INFO Epoch 11 | Batch 100/593 | Loss 3.00576 (Pin 0.84075 [q90 0.41242, q10 0.42833], MS 1.15386, Freq 3.37052) | LR 1.00e-06
2026-08-04 13:15:55,222 INFO Epoch 11 | Batch 150/593 | Loss 3.02517 (Pin 0.85641 [q90 0.42272, q10 0.43368], MS 1.16286, Freq 3.35302) | LR 1.00e-06
2026-08-04 13:16:37,433 INFO Epoch 11 | Batch 200/593 | Loss 3.05243 (Pin 0.87467 [q90 0.42971, q10 0.44496], MS 1.15485, Freq 3.40967) | LR 1.00e-06
2026-08-04 13:17:19,655 INFO Epoch 11 | Batch 250/593 | Loss 3.01340 (Pin 0.86175 [q90 0.42561, q10 0.43614], MS 1.13077, Freq 3.40293) | LR 1.00e-06
2026-08-04 13:18:01,897 INFO Epoch 11 | Batch 300/593 | Loss 3.02066 (Pin 0.87377 [q90 0.43039, q10 0.44338], MS 1.11739, Freq 3.43167) | LR 1.00e-06
2026-08-04 13:18:44,109 INFO Epoch 11 | Batch 350/593 | Loss 3.08584 (Pin 0.87471 [q90 0.43362, q10 0.44108], MS 1.17930, Freq 3.43944) | LR 1.00e-06
2026-08-04 13:19:26,318 INFO Epoch 11 | Batch 400/593 | Loss 3.08656 (Pin 0.87762 [q90 0.43147, q10 0.44615], MS 1.17898, Freq 3.43319) | LR 1.00e-06
2026-08-04 13:20:08,558 INFO Epoch 11 | Batch 450/593 | Loss 3.00558 (Pin 0.88173 [q90 0.42767, q10 0.45406], MS 1.09530, Freq 3.42849) | LR 1.00e-06
2026-08-04 13:20:50,783 INFO Epoch 11 | Batch 500/593 | Loss 2.95142 (Pin 0.83659 [q90 0.41229, q10 0.42430], MS 1.10975, Freq 3.35029) | LR 1.00e-06
2026-08-04 13:21:32,992 INFO Epoch 11 | Batch 550/593 | Loss 3.07599 (Pin 0.86492 [q90 0.42461, q10 0.44031], MS 1.18556, Freq 3.41839) | LR 1.00e-06
2026-08-04 13:22:45,435 INFO Epoch 11 | Val Loss 3.86968 (Pin 0.82813 [q90 0.41363, q10 0.41450], MS 2.03473, Freq 3.35604, L1 1.79340, Spectral 0.32709, Gradient 0.53175) | CRPS 1.18500
2026-08-04 13:22:45,436 INFO Epoch 11 | Coverage q10/q50/q90 = 0.078/0.482/0.901 (nominal .10/.50/.90) | extreme tail = 0.111/0.459/0.854
2026-08-04 13:22:45,606 INFO Epoch 11 | Val crps did not improve (6/50 val checks since best=1.18046)
2026-08-04 13:23:27,914 INFO Epoch 12 | Batch 50/593 | Loss 3.07865 (Pin 0.86972 [q90 0.42861, q10 0.44111], MS 1.17631, Freq 3.44207) | LR 1.00e-06
2026-08-04 13:24:10,140 INFO Epoch 12 | Batch 100/593 | Loss 2.94384 (Pin 0.85493 [q90 0.42140, q10 0.43353], MS 1.07600, Freq 3.37639) | LR 1.00e-06
2026-08-04 13:24:52,373 INFO Epoch 12 | Batch 150/593 | Loss 3.09565 (Pin 0.87588 [q90 0.42616, q10 0.44973], MS 1.18469, Freq 3.45027) | LR 1.00e-06
2026-08-04 13:25:34,595 INFO Epoch 12 | Batch 200/593 | Loss 3.01070 (Pin 0.87332 [q90 0.42221, q10 0.45111], MS 1.11156, Freq 3.41940) | LR 1.00e-06
2026-08-04 13:26:16,799 INFO Epoch 12 | Batch 250/593 | Loss 2.94320 (Pin 0.83129 [q90 0.40921, q10 0.42208], MS 1.11649, Freq 3.31808) | LR 1.00e-06
2026-08-04 13:26:59,006 INFO Epoch 12 | Batch 300/593 | Loss 3.08293 (Pin 0.87356 [q90 0.43299, q10 0.44057], MS 1.18875, Freq 3.40208) | LR 1.00e-06
2026-08-04 13:27:41,244 INFO Epoch 12 | Batch 350/593 | Loss 3.03710 (Pin 0.87179 [q90 0.42793, q10 0.44385], MS 1.13526, Freq 3.43352) | LR 1.00e-06
2026-08-04 13:28:23,482 INFO Epoch 12 | Batch 400/593 | Loss 3.06535 (Pin 0.85537 [q90 0.41513, q10 0.44024], MS 1.19765, Freq 3.37443) | LR 1.00e-06
2026-08-04 13:29:05,705 INFO Epoch 12 | Batch 450/593 | Loss 3.06625 (Pin 0.88735 [q90 0.43512, q10 0.45223], MS 1.13860, Freq 3.46766) | LR 1.00e-06
2026-08-04 13:29:47,917 INFO Epoch 12 | Batch 500/593 | Loss 3.03793 (Pin 0.87629 [q90 0.43362, q10 0.44267], MS 1.13857, Freq 3.41022) | LR 1.00e-06
2026-08-04 13:30:30,143 INFO Epoch 12 | Batch 550/593 | Loss 3.09880 (Pin 0.85395 [q90 0.41969, q10 0.43426], MS 1.22242, Freq 3.40811) | LR 1.00e-06
2026-08-04 13:31:42,897 INFO Epoch 12 | Val Loss 3.85510 (Pin 0.82688 [q90 0.41338, q10 0.41349], MS 2.02577, Freq 3.34153, L1 1.78660, Spectral 0.32456, Gradient 0.52599) | CRPS 1.18083
2026-08-04 13:31:42,897 INFO Epoch 12 | Coverage q10/q50/q90 = 0.081/0.493/0.901 (nominal .10/.50/.90) | extreme tail = 0.117/0.474/0.855
2026-08-04 13:31:43,076 INFO Epoch 12 | Val crps did not improve (7/50 val checks since best=1.18046)
2026-08-04 13:32:25,372 INFO Epoch 13 | Batch 50/593 | Loss 3.00418 (Pin 0.86203 [q90 0.42080, q10 0.44123], MS 1.11803, Freq 3.41374) | LR 1.00e-06
2026-08-04 13:33:07,592 INFO Epoch 13 | Batch 100/593 | Loss 3.03632 (Pin 0.86454 [q90 0.42437, q10 0.44017], MS 1.15224, Freq 3.39847) | LR 1.00e-06
2026-08-04 13:33:49,828 INFO Epoch 13 | Batch 150/593 | Loss 3.06362 (Pin 0.86372 [q90 0.42601, q10 0.43770], MS 1.17862, Freq 3.40427) | LR 1.00e-06
2026-08-04 13:34:32,046 INFO Epoch 13 | Batch 200/593 | Loss 3.09612 (Pin 0.88117 [q90 0.42925, q10 0.45192], MS 1.18094, Freq 3.44670) | LR 1.00e-06
2026-08-04 13:35:14,262 INFO Epoch 13 | Batch 250/593 | Loss 3.08645 (Pin 0.87376 [q90 0.42876, q10 0.44501], MS 1.19113, Freq 3.40519) | LR 1.00e-06
2026-08-04 13:35:56,487 INFO Epoch 13 | Batch 300/593 | Loss 3.06464 (Pin 0.86285 [q90 0.42639, q10 0.43647], MS 1.17921, Freq 3.40857) | LR 1.00e-06
2026-08-04 13:36:38,713 INFO Epoch 13 | Batch 350/593 | Loss 3.06601 (Pin 0.86568 [q90 0.42781, q10 0.43787], MS 1.17876, Freq 3.40526) | LR 1.00e-06
2026-08-04 13:37:20,917 INFO Epoch 13 | Batch 400/593 | Loss 3.00784 (Pin 0.85752 [q90 0.41979, q10 0.43773], MS 1.13155, Freq 3.39591) | LR 1.00e-06
2026-08-04 13:38:03,139 INFO Epoch 13 | Batch 450/593 | Loss 3.02164 (Pin 0.85606 [q90 0.42027, q10 0.43579], MS 1.15458, Freq 3.37000) | LR 1.00e-06
2026-08-04 13:38:45,359 INFO Epoch 13 | Batch 500/593 | Loss 3.00544 (Pin 0.86282 [q90 0.42403, q10 0.43879], MS 1.12880, Freq 3.37938) | LR 1.00e-06
2026-08-04 13:39:27,577 INFO Epoch 13 | Batch 550/593 | Loss 3.04386 (Pin 0.86858 [q90 0.42696, q10 0.44162], MS 1.15003, Freq 3.41751) | LR 1.00e-06
2026-08-04 13:40:39,938 INFO Epoch 13 | Val Loss 3.87475 (Pin 0.82696 [q90 0.41346, q10 0.41350], MS 2.04244, Freq 3.35117, L1 1.79064, Spectral 0.32583, Gradient 0.52888) | CRPS 1.18259
2026-08-04 13:40:39,939 INFO Epoch 13 | Coverage q10/q50/q90 = 0.082/0.489/0.901 (nominal .10/.50/.90) | extreme tail = 0.113/0.461/0.852
2026-08-04 13:40:40,126 INFO Epoch 13 | Val crps did not improve (8/50 val checks since best=1.18046)
2026-08-04 13:41:22,408 INFO Epoch 14 | Batch 50/593 | Loss 3.07549 (Pin 0.87161 [q90 0.43369, q10 0.43791], MS 1.19289, Freq 3.36997) | LR 1.00e-06
2026-08-04 13:42:04,642 INFO Epoch 14 | Batch 100/593 | Loss 3.00648 (Pin 0.87147 [q90 0.42519, q10 0.44628], MS 1.10733, Freq 3.42559) | LR 1.00e-06
2026-08-04 13:42:46,865 INFO Epoch 14 | Batch 150/593 | Loss 2.98768 (Pin 0.87117 [q90 0.42718, q10 0.44399], MS 1.09744, Freq 3.39689) | LR 1.00e-06
2026-08-04 13:43:29,077 INFO Epoch 14 | Batch 200/593 | Loss 3.10633 (Pin 0.88190 [q90 0.42858, q10 0.45332], MS 1.19238, Freq 3.44017) | LR 1.00e-06
2026-08-04 13:44:11,312 INFO Epoch 14 | Batch 250/593 | Loss 3.01422 (Pin 0.83860 [q90 0.41126, q10 0.42733], MS 1.16829, Freq 3.35779) | LR 1.00e-06
2026-08-04 13:44:53,489 INFO Epoch 14 | Batch 300/593 | Loss 2.96726 (Pin 0.85541 [q90 0.42504, q10 0.43037], MS 1.09694, Freq 3.38304) | LR 1.00e-06
2026-08-04 13:45:35,695 INFO Epoch 14 | Batch 350/593 | Loss 3.12828 (Pin 0.88589 [q90 0.43183, q10 0.45406], MS 1.20677, Freq 3.45208) | LR 1.00e-06
2026-08-04 13:46:17,867 INFO Epoch 14 | Batch 400/593 | Loss 3.05280 (Pin 0.84911 [q90 0.41477, q10 0.43433], MS 1.17544, Freq 3.42751) | LR 1.00e-06
2026-08-04 13:47:00,052 INFO Epoch 14 | Batch 450/593 | Loss 3.04934 (Pin 0.85916 [q90 0.42289, q10 0.43627], MS 1.17498, Freq 3.38400) | LR 1.00e-06
2026-08-04 13:47:42,223 INFO Epoch 14 | Batch 500/593 | Loss 3.08176 (Pin 0.89927 [q90 0.44260, q10 0.45666], MS 1.13682, Freq 3.48557) | LR 1.00e-06
2026-08-04 13:48:24,413 INFO Epoch 14 | Batch 550/593 | Loss 3.05016 (Pin 0.85758 [q90 0.42371, q10 0.43387], MS 1.18193, Freq 3.36884) | LR 1.00e-06
2026-08-04 13:49:36,739 INFO Epoch 14 | Val Loss 3.85852 (Pin 0.82711 [q90 0.41314, q10 0.41397], MS 2.01913, Freq 3.37428, L1 1.79569, Spectral 0.32670, Gradient 0.53308) | CRPS 1.18525
2026-08-04 13:49:36,740 INFO Epoch 14 | Coverage q10/q50/q90 = 0.080/0.489/0.902 (nominal .10/.50/.90) | extreme tail = 0.114/0.471/0.854
2026-08-04 13:49:36,915 INFO Epoch 14 | Val crps did not improve (9/50 val checks since best=1.18046)
2026-08-04 13:50:19,192 INFO Epoch 15 | Batch 50/593 | Loss 3.07321 (Pin 0.87568 [q90 0.42899, q10 0.44669], MS 1.16435, Freq 3.44391) | LR 1.00e-06
2026-08-04 13:51:01,387 INFO Epoch 15 | Batch 100/593 | Loss 3.07191 (Pin 0.87562 [q90 0.42481, q10 0.45081], MS 1.16162, Freq 3.44890) | LR 1.00e-06
2026-08-04 13:51:43,587 INFO Epoch 15 | Batch 150/593 | Loss 3.10972 (Pin 0.89556 [q90 0.44204, q10 0.45351], MS 1.17574, Freq 3.46140) | LR 1.00e-06
2026-08-04 13:52:25,774 INFO Epoch 15 | Batch 200/593 | Loss 3.08094 (Pin 0.86612 [q90 0.42566, q10 0.44045], MS 1.18789, Freq 3.42312) | LR 1.00e-06
2026-08-04 13:53:07,972 INFO Epoch 15 | Batch 250/593 | Loss 3.09331 (Pin 0.87365 [q90 0.42980, q10 0.44385], MS 1.19674, Freq 3.40974) | LR 1.00e-06
2026-08-04 13:53:50,150 INFO Epoch 15 | Batch 300/593 | Loss 3.01439 (Pin 0.84818 [q90 0.41739, q10 0.43079], MS 1.16176, Freq 3.34817) | LR 1.00e-06
2026-08-04 13:54:32,317 INFO Epoch 15 | Batch 350/593 | Loss 3.03150 (Pin 0.86779 [q90 0.42700, q10 0.44079], MS 1.14747, Freq 3.38747) | LR 1.00e-06
2026-08-04 13:55:14,495 INFO Epoch 15 | Batch 400/593 | Loss 3.05365 (Pin 0.86703 [q90 0.42338, q10 0.44365], MS 1.16249, Freq 3.41375) | LR 1.00e-06
2026-08-04 13:55:56,691 INFO Epoch 15 | Batch 450/593 | Loss 2.97660 (Pin 0.85022 [q90 0.41619, q10 0.43404], MS 1.11928, Freq 3.35698) | LR 1.00e-06
2026-08-04 13:56:38,853 INFO Epoch 15 | Batch 500/593 | Loss 2.95444 (Pin 0.85025 [q90 0.41803, q10 0.43222], MS 1.08374, Freq 3.40149) | LR 1.00e-06
2026-08-04 13:57:21,076 INFO Epoch 15 | Batch 550/593 | Loss 3.07504 (Pin 0.85862 [q90 0.42705, q10 0.43156], MS 1.19682, Freq 3.39869) | LR 1.00e-06
2026-08-04 13:58:33,105 INFO Epoch 15 | Val Loss 3.86583 (Pin 0.82768 [q90 0.41354, q10 0.41415], MS 2.03102, Freq 3.35711, L1 1.79231, Spectral 0.32616, Gradient 0.53055) | CRPS 1.18377
2026-08-04 13:58:33,105 INFO Epoch 15 | Coverage q10/q50/q90 = 0.079/0.483/0.900 (nominal .10/.50/.90) | extreme tail = 0.114/0.463/0.853
2026-08-04 13:58:33,278 INFO Epoch 15 | Val crps did not improve (10/50 val checks since best=1.18046)
2026-08-04 13:59:15,535 INFO Epoch 16 | Batch 50/593 | Loss 3.02590 (Pin 0.87132 [q90 0.42913, q10 0.44219], MS 1.13328, Freq 3.40437) | LR 1.00e-06
2026-08-04 13:59:57,741 INFO Epoch 16 | Batch 100/593 | Loss 3.02573 (Pin 0.86712 [q90 0.42481, q10 0.44231], MS 1.14375, Freq 3.38286) | LR 1.00e-06
2026-08-04 14:00:39,915 INFO Epoch 16 | Batch 150/593 | Loss 3.05244 (Pin 0.86550 [q90 0.42395, q10 0.44155], MS 1.14888, Freq 3.46022) | LR 1.00e-06
2026-08-04 14:01:22,092 INFO Epoch 16 | Batch 200/593 | Loss 3.04568 (Pin 0.86790 [q90 0.42700, q10 0.44090], MS 1.16005, Freq 3.39243) | LR 1.00e-06
2026-08-04 14:02:04,273 INFO Epoch 16 | Batch 250/593 | Loss 3.04325 (Pin 0.88569 [q90 0.43240, q10 0.45329], MS 1.12466, Freq 3.44303) | LR 1.00e-06
2026-08-04 14:02:46,498 INFO Epoch 16 | Batch 300/593 | Loss 3.04104 (Pin 0.86957 [q90 0.42709, q10 0.44248], MS 1.13767, Freq 3.44601) | LR 1.00e-06
2026-08-04 14:03:28,698 INFO Epoch 16 | Batch 350/593 | Loss 2.97986 (Pin 0.85390 [q90 0.41953, q10 0.43437], MS 1.11511, Freq 3.36950) | LR 1.00e-06
2026-08-04 14:04:10,919 INFO Epoch 16 | Batch 400/593 | Loss 3.00791 (Pin 0.88048 [q90 0.43157, q10 0.44892], MS 1.09768, Freq 3.43247) | LR 1.00e-06
2026-08-04 14:04:53,138 INFO Epoch 16 | Batch 450/593 | Loss 3.02812 (Pin 0.85317 [q90 0.41969, q10 0.43348], MS 1.15722, Freq 3.39242) | LR 1.00e-06
2026-08-04 14:05:35,372 INFO Epoch 16 | Batch 500/593 | Loss 3.00547 (Pin 0.86136 [q90 0.41935, q10 0.44201], MS 1.12535, Freq 3.39584) | LR 1.00e-06
2026-08-04 14:06:17,587 INFO Epoch 16 | Batch 550/593 | Loss 2.99191 (Pin 0.85611 [q90 0.42623, q10 0.42989], MS 1.11077, Freq 3.41677) | LR 1.00e-06
2026-08-04 14:07:29,264 INFO Epoch 16 | Val Loss 3.86799 (Pin 0.82663 [q90 0.41261, q10 0.41402], MS 2.03134, Freq 3.36670, L1 1.79431, Spectral 0.32580, Gradient 0.53117) | CRPS 1.18440
2026-08-04 14:07:29,264 INFO Epoch 16 | Coverage q10/q50/q90 = 0.079/0.491/0.904 (nominal .10/.50/.90) | extreme tail = 0.114/0.463/0.853
2026-08-04 14:07:29,438 INFO Epoch 16 | Val crps did not improve (11/50 val checks since best=1.18046)
2026-08-04 14:08:11,747 INFO Epoch 17 | Batch 50/593 | Loss 3.09704 (Pin 0.86883 [q90 0.43089, q10 0.43794], MS 1.21090, Freq 3.39104) | LR 1.00e-06
2026-08-04 14:08:53,977 INFO Epoch 17 | Batch 100/593 | Loss 3.07535 (Pin 0.86598 [q90 0.42747, q10 0.43852], MS 1.19438, Freq 3.38327) | LR 1.00e-06
2026-08-04 14:09:36,204 INFO Epoch 17 | Batch 150/593 | Loss 3.07313 (Pin 0.87831 [q90 0.43069, q10 0.44762], MS 1.16889, Freq 3.41977) | LR 1.00e-06
2026-08-04 14:10:18,429 INFO Epoch 17 | Batch 200/593 | Loss 3.00033 (Pin 0.85851 [q90 0.41541, q10 0.44310], MS 1.11552, Freq 3.42097) | LR 1.00e-06
2026-08-04 14:11:00,641 INFO Epoch 17 | Batch 250/593 | Loss 2.94213 (Pin 0.83728 [q90 0.40885, q10 0.42843], MS 1.10643, Freq 3.32807) | LR 1.00e-06
2026-08-04 14:11:42,865 INFO Epoch 17 | Batch 300/593 | Loss 3.05871 (Pin 0.85056 [q90 0.41386, q10 0.43670], MS 1.19444, Freq 3.37902) | LR 1.00e-06
2026-08-04 14:12:25,097 INFO Epoch 17 | Batch 350/593 | Loss 3.02437 (Pin 0.87353 [q90 0.42842, q10 0.44511], MS 1.12299, Freq 3.42620) | LR 1.00e-06
2026-08-04 14:13:07,309 INFO Epoch 17 | Batch 400/593 | Loss 3.06212 (Pin 0.87809 [q90 0.43449, q10 0.44361], MS 1.15044, Freq 3.44529) | LR 1.00e-06
2026-08-04 14:13:49,518 INFO Epoch 17 | Batch 450/593 | Loss 3.10265 (Pin 0.88217 [q90 0.42743, q10 0.45474], MS 1.17800, Freq 3.47492) | LR 1.00e-06
2026-08-04 14:14:31,733 INFO Epoch 17 | Batch 500/593 | Loss 3.06024 (Pin 0.85822 [q90 0.41994, q10 0.43828], MS 1.17723, Freq 3.41595) | LR 1.00e-06
2026-08-04 14:15:13,979 INFO Epoch 17 | Batch 550/593 | Loss 3.02106 (Pin 0.86611 [q90 0.43209, q10 0.43402], MS 1.13193, Freq 3.41008) | LR 1.00e-06
2026-08-04 14:16:25,985 INFO Epoch 17 | Val Loss 3.88097 (Pin 0.82758 [q90 0.41403, q10 0.41355], MS 2.04731, Freq 3.35361, L1 1.79219, Spectral 0.32509, Gradient 0.52722) | CRPS 1.18294
2026-08-04 14:16:25,985 INFO Epoch 17 | Coverage q10/q50/q90 = 0.084/0.494/0.901 (nominal .10/.50/.90) | extreme tail = 0.117/0.469/0.851
2026-08-04 14:16:26,155 INFO Epoch 17 | Val crps did not improve (12/50 val checks since best=1.18046)
2026-08-04 14:17:08,462 INFO Epoch 18 | Batch 50/593 | Loss 2.96973 (Pin 0.87504 [q90 0.43188, q10 0.44316], MS 1.06716, Freq 3.42508) | LR 1.00e-06
2026-08-04 14:17:50,698 INFO Epoch 18 | Batch 100/593 | Loss 3.01180 (Pin 0.85843 [q90 0.41909, q10 0.43935], MS 1.13627, Freq 3.39032) | LR 1.00e-06
2026-08-04 14:18:32,908 INFO Epoch 18 | Batch 150/593 | Loss 3.07791 (Pin 0.87253 [q90 0.42659, q10 0.44594], MS 1.18233, Freq 3.41015) | LR 1.00e-06
2026-08-04 14:19:15,128 INFO Epoch 18 | Batch 200/593 | Loss 3.01900 (Pin 0.85167 [q90 0.42301, q10 0.42866], MS 1.15958, Freq 3.35915) | LR 1.00e-06
2026-08-04 14:19:57,349 INFO Epoch 18 | Batch 250/593 | Loss 3.08388 (Pin 0.86973 [q90 0.42070, q10 0.44903], MS 1.19537, Freq 3.39594) | LR 1.00e-06
2026-08-04 14:20:39,590 INFO Epoch 18 | Batch 300/593 | Loss 3.08692 (Pin 0.86667 [q90 0.42559, q10 0.44107], MS 1.21084, Freq 3.36471) | LR 1.00e-06
2026-08-04 14:21:21,824 INFO Epoch 18 | Batch 350/593 | Loss 3.04426 (Pin 0.86606 [q90 0.42670, q10 0.43937], MS 1.16311, Freq 3.38363) | LR 1.00e-06
2026-08-04 14:22:04,061 INFO Epoch 18 | Batch 400/593 | Loss 3.06598 (Pin 0.85339 [q90 0.41737, q10 0.43602], MS 1.19826, Freq 3.38113) | LR 1.00e-06
2026-08-04 14:22:46,271 INFO Epoch 18 | Batch 450/593 | Loss 3.07937 (Pin 0.87807 [q90 0.43237, q10 0.44571], MS 1.14992, Freq 3.50462) | LR 1.00e-06
2026-08-04 14:23:28,498 INFO Epoch 18 | Batch 500/593 | Loss 3.06317 (Pin 0.87571 [q90 0.42619, q10 0.44952], MS 1.14868, Freq 3.46260) | LR 1.00e-06
2026-08-04 14:24:10,686 INFO Epoch 18 | Batch 550/593 | Loss 3.02901 (Pin 0.86544 [q90 0.42721, q10 0.43823], MS 1.14085, Freq 3.40905) | LR 1.00e-06
2026-08-04 14:25:22,651 INFO Epoch 18 | Val Loss 3.86655 (Pin 0.82683 [q90 0.41284, q10 0.41399], MS 2.02796, Freq 3.37253, L1 1.79687, Spectral 0.32634, Gradient 0.53210) | CRPS 1.18528
2026-08-04 14:25:22,652 INFO Epoch 18 | Coverage q10/q50/q90 = 0.081/0.494/0.903 (nominal .10/.50/.90) | extreme tail = 0.114/0.472/0.854
2026-08-04 14:25:22,832 INFO Epoch 18 | Val crps did not improve (13/50 val checks since best=1.18046)
2026-08-04 14:26:05,081 INFO Epoch 19 | Batch 50/593 | Loss 3.03756 (Pin 0.84517 [q90 0.41564, q10 0.42953], MS 1.18057, Freq 3.37273) | LR 1.00e-06
2026-08-04 14:26:47,262 INFO Epoch 19 | Batch 100/593 | Loss 2.98437 (Pin 0.85054 [q90 0.41814, q10 0.43240], MS 1.11944, Freq 3.38127) | LR 1.00e-06
2026-08-04 14:27:29,428 INFO Epoch 19 | Batch 150/593 | Loss 3.03124 (Pin 0.85956 [q90 0.42232, q10 0.43724], MS 1.14317, Freq 3.42838) | LR 1.00e-06
2026-08-04 14:28:11,582 INFO Epoch 19 | Batch 200/593 | Loss 3.06100 (Pin 0.88631 [q90 0.43009, q10 0.45622], MS 1.13742, Freq 3.45755) | LR 1.00e-06
2026-08-04 14:28:53,753 INFO Epoch 19 | Batch 250/593 | Loss 2.98717 (Pin 0.87022 [q90 0.42574, q10 0.44448], MS 1.09439, Freq 3.40852) | LR 1.00e-06
2026-08-04 14:29:35,926 INFO Epoch 19 | Batch 300/593 | Loss 2.97681 (Pin 0.85644 [q90 0.42036, q10 0.43608], MS 1.10546, Freq 3.38302) | LR 1.00e-06
2026-08-04 14:30:18,095 INFO Epoch 19 | Batch 350/593 | Loss 3.06444 (Pin 0.88120 [q90 0.43228, q10 0.44891], MS 1.15659, Freq 3.42218) | LR 1.00e-06
2026-08-04 14:31:00,267 INFO Epoch 19 | Batch 400/593 | Loss 3.09848 (Pin 0.86378 [q90 0.42452, q10 0.43926], MS 1.21884, Freq 3.38619) | LR 1.00e-06
2026-08-04 14:31:42,443 INFO Epoch 19 | Batch 450/593 | Loss 3.10953 (Pin 0.86314 [q90 0.42312, q10 0.44002], MS 1.21495, Freq 3.43812) | LR 1.00e-06
2026-08-04 14:32:24,609 INFO Epoch 19 | Batch 500/593 | Loss 3.09422 (Pin 0.87619 [q90 0.42943, q10 0.44676], MS 1.19406, Freq 3.41322) | LR 1.00e-06
2026-08-04 14:33:06,788 INFO Epoch 19 | Batch 550/593 | Loss 3.07131 (Pin 0.87194 [q90 0.42713, q10 0.44481], MS 1.17022, Freq 3.43049) | LR 1.00e-06
2026-08-04 14:34:18,728 INFO Epoch 19 | Val Loss 3.84940 (Pin 0.82574 [q90 0.41265, q10 0.41309], MS 2.01660, Freq 3.35687, L1 1.78857, Spectral 0.32555, Gradient 0.52775) | CRPS 1.18107
2026-08-04 14:34:18,729 INFO Epoch 19 | Coverage q10/q50/q90 = 0.086/0.500/0.901 (nominal .10/.50/.90) | extreme tail = 0.122/0.486/0.855
2026-08-04 14:34:18,896 INFO Epoch 19 | Val crps did not improve (14/50 val checks since best=1.18046)
2026-08-04 14:35:01,160 INFO Epoch 20 | Batch 50/593 | Loss 3.01341 (Pin 0.84483 [q90 0.41537, q10 0.42946], MS 1.16489, Freq 3.34563) | LR 1.00e-06
2026-08-04 14:35:43,331 INFO Epoch 20 | Batch 100/593 | Loss 3.01535 (Pin 0.85347 [q90 0.42131, q10 0.43216], MS 1.15060, Freq 3.37095) | LR 1.00e-06
2026-08-04 14:36:25,490 INFO Epoch 20 | Batch 150/593 | Loss 3.08473 (Pin 0.88549 [q90 0.43200, q10 0.45348], MS 1.16156, Freq 3.45895) | LR 1.00e-06
2026-08-04 14:37:07,661 INFO Epoch 20 | Batch 200/593 | Loss 3.03511 (Pin 0.85769 [q90 0.42330, q10 0.43439], MS 1.15152, Freq 3.41968) | LR 1.00e-06
2026-08-04 14:37:49,839 INFO Epoch 20 | Batch 250/593 | Loss 2.99878 (Pin 0.85339 [q90 0.41900, q10 0.43439], MS 1.12992, Freq 3.38492) | LR 1.00e-06
2026-08-04 14:38:31,993 INFO Epoch 20 | Batch 300/593 | Loss 3.05959 (Pin 0.88776 [q90 0.44006, q10 0.44770], MS 1.13726, Freq 3.44856) | LR 1.00e-06
2026-08-04 14:39:14,164 INFO Epoch 20 | Batch 350/593 | Loss 3.09385 (Pin 0.87451 [q90 0.42556, q10 0.44896], MS 1.19445, Freq 3.41628) | LR 1.00e-06
2026-08-04 14:39:56,340 INFO Epoch 20 | Batch 400/593 | Loss 3.01152 (Pin 0.84928 [q90 0.41867, q10 0.43061], MS 1.15279, Freq 3.36482) | LR 1.00e-06
2026-08-04 14:40:38,490 INFO Epoch 20 | Batch 450/593 | Loss 3.10723 (Pin 0.87734 [q90 0.42957, q10 0.44777], MS 1.20586, Freq 3.41343) | LR 1.00e-06
2026-08-04 14:41:20,660 INFO Epoch 20 | Batch 500/593 | Loss 3.09784 (Pin 0.87663 [q90 0.43397, q10 0.44266], MS 1.18655, Freq 3.44888) | LR 1.00e-06
2026-08-04 14:42:02,959 INFO Epoch 20 | Batch 550/593 | Loss 3.04095 (Pin 0.86871 [q90 0.42474, q10 0.44397], MS 1.14641, Freq 3.41944) | LR 1.00e-06
2026-08-04 14:43:15,148 INFO Epoch 20 | Val Loss 3.84779 (Pin 0.82701 [q90 0.41278, q10 0.41423], MS 2.01287, Freq 3.35969, L1 1.78981, Spectral 0.32506, Gradient 0.52812) | CRPS 1.18313
2026-08-04 14:43:15,149 INFO Epoch 20 | Coverage q10/q50/q90 = 0.078/0.484/0.901 (nominal .10/.50/.90) | extreme tail = 0.115/0.475/0.858
2026-08-04 14:43:15,324 INFO Epoch 20 | Val crps did not improve (15/50 val checks since best=1.18046)
2026-08-04 14:43:57,577 INFO Epoch 21 | Batch 50/593 | Loss 3.15161 (Pin 0.87314 [q90 0.43079, q10 0.44235], MS 1.26319, Freq 3.38428) | LR 1.00e-06
2026-08-04 14:44:39,754 INFO Epoch 21 | Batch 100/593 | Loss 3.10603 (Pin 0.88621 [q90 0.43034, q10 0.45587], MS 1.18323, Freq 3.45529) | LR 1.00e-06
2026-08-04 14:45:21,924 INFO Epoch 21 | Batch 150/593 | Loss 3.02733 (Pin 0.85037 [q90 0.41647, q10 0.43390], MS 1.16621, Freq 3.36915) | LR 1.00e-06
2026-08-04 14:46:04,085 INFO Epoch 21 | Batch 200/593 | Loss 3.12708 (Pin 0.88084 [q90 0.42873, q10 0.45211], MS 1.22150, Freq 3.41578) | LR 1.00e-06
2026-08-04 14:46:46,277 INFO Epoch 21 | Batch 250/593 | Loss 2.99799 (Pin 0.84603 [q90 0.41571, q10 0.43032], MS 1.12900, Freq 3.40984) | LR 1.00e-06
2026-08-04 14:47:28,487 INFO Epoch 21 | Batch 300/593 | Loss 3.01197 (Pin 0.85769 [q90 0.42167, q10 0.43601], MS 1.13902, Freq 3.38423) | LR 1.00e-06
2026-08-04 14:48:10,655 INFO Epoch 21 | Batch 350/593 | Loss 3.03981 (Pin 0.87597 [q90 0.43051, q10 0.44546], MS 1.14348, Freq 3.40121) | LR 1.00e-06
2026-08-04 14:48:52,856 INFO Epoch 21 | Batch 400/593 | Loss 2.98088 (Pin 0.84422 [q90 0.41481, q10 0.42941], MS 1.11423, Freq 3.40813) | LR 1.00e-06
2026-08-04 14:49:35,017 INFO Epoch 21 | Batch 450/593 | Loss 2.99738 (Pin 0.86233 [q90 0.42631, q10 0.43602], MS 1.12138, Freq 3.37890) | LR 1.00e-06
2026-08-04 14:50:17,214 INFO Epoch 21 | Batch 500/593 | Loss 3.06636 (Pin 0.88223 [q90 0.43570, q10 0.44653], MS 1.15447, Freq 3.43218) | LR 1.00e-06
2026-08-04 14:50:59,392 INFO Epoch 21 | Batch 550/593 | Loss 3.08504 (Pin 0.86911 [q90 0.42704, q10 0.44207], MS 1.18619, Freq 3.43244) | LR 1.00e-06
2026-08-04 14:52:11,707 INFO Epoch 21 | Val Loss 3.86588 (Pin 0.82611 [q90 0.41287, q10 0.41324], MS 2.03006, Freq 3.36572, L1 1.78961, Spectral 0.32341, Gradient 0.52604) | CRPS 1.18178
2026-08-04 14:52:11,707 INFO Epoch 21 | Coverage q10/q50/q90 = 0.083/0.496/0.903 (nominal .10/.50/.90) | extreme tail = 0.113/0.468/0.856
2026-08-04 14:52:11,881 INFO Epoch 21 | Val crps did not improve (16/50 val checks since best=1.18046)
2026-08-04 14:52:54,124 INFO Epoch 22 | Batch 50/593 | Loss 2.95503 (Pin 0.84232 [q90 0.41667, q10 0.42565], MS 1.10163, Freq 3.37027) | LR 1.00e-06
2026-08-04 14:53:36,327 INFO Epoch 22 | Batch 100/593 | Loss 3.02600 (Pin 0.85048 [q90 0.41650, q10 0.43398], MS 1.16358, Freq 3.37313) | LR 1.00e-06
2026-08-04 14:54:18,540 INFO Epoch 22 | Batch 150/593 | Loss 3.02410 (Pin 0.84744 [q90 0.41525, q10 0.43219], MS 1.16678, Freq 3.36625) | LR 1.00e-06
2026-08-04 14:55:00,738 INFO Epoch 22 | Batch 200/593 | Loss 3.02282 (Pin 0.85987 [q90 0.42379, q10 0.43609], MS 1.15106, Freq 3.37295) | LR 1.00e-06
2026-08-04 14:55:42,930 INFO Epoch 22 | Batch 250/593 | Loss 3.12928 (Pin 0.89202 [q90 0.44113, q10 0.45089], MS 1.18782, Freq 3.49816) | LR 1.00e-06
2026-08-04 14:56:25,115 INFO Epoch 22 | Batch 300/593 | Loss 3.07586 (Pin 0.86604 [q90 0.42400, q10 0.44204], MS 1.19164, Freq 3.39397) | LR 1.00e-06
2026-08-04 14:57:07,306 INFO Epoch 22 | Batch 350/593 | Loss 2.99360 (Pin 0.87046 [q90 0.42891, q10 0.44155], MS 1.08586, Freq 3.45761) | LR 1.00e-06
2026-08-04 14:57:49,482 INFO Epoch 22 | Batch 400/593 | Loss 3.03424 (Pin 0.85946 [q90 0.42069, q10 0.43877], MS 1.16217, Freq 3.37537) | LR 1.00e-06
2026-08-04 14:58:31,677 INFO Epoch 22 | Batch 450/593 | Loss 3.02178 (Pin 0.87708 [q90 0.42871, q10 0.44838], MS 1.12127, Freq 3.41142) | LR 1.00e-06
2026-08-04 14:59:13,849 INFO Epoch 22 | Batch 500/593 | Loss 3.08296 (Pin 0.87975 [q90 0.42758, q10 0.45217], MS 1.17114, Freq 3.44024) | LR 1.00e-06
2026-08-04 14:59:56,051 INFO Epoch 22 | Batch 550/593 | Loss 3.01113 (Pin 0.86133 [q90 0.42248, q10 0.43885], MS 1.11877, Freq 3.43673) | LR 1.00e-06
2026-08-04 15:01:07,712 INFO Epoch 22 | Val Loss 3.85824 (Pin 0.82612 [q90 0.41264, q10 0.41347], MS 2.02297, Freq 3.36383, L1 1.79233, Spectral 0.32515, Gradient 0.52899) | CRPS 1.18317
2026-08-04 15:01:07,713 INFO Epoch 22 | Coverage q10/q50/q90 = 0.082/0.492/0.903 (nominal .10/.50/.90) | extreme tail = 0.115/0.468/0.855
2026-08-04 15:01:07,888 INFO Epoch 22 | Val crps did not improve (17/50 val checks since best=1.18046)
2026-08-04 15:01:50,148 INFO Epoch 23 | Batch 50/593 | Loss 3.06895 (Pin 0.86437 [q90 0.42350, q10 0.44088], MS 1.17507, Freq 3.43169) | LR 1.00e-06
2026-08-04 15:02:32,282 INFO Epoch 23 | Batch 100/593 | Loss 3.06358 (Pin 0.87072 [q90 0.43005, q10 0.44067], MS 1.16474, Freq 3.42707) | LR 1.00e-06
2026-08-04 15:03:14,429 INFO Epoch 23 | Batch 150/593 | Loss 3.04249 (Pin 0.84543 [q90 0.41607, q10 0.42936], MS 1.18041, Freq 3.38881) | LR 1.00e-06
2026-08-04 15:03:56,582 INFO Epoch 23 | Batch 200/593 | Loss 3.08759 (Pin 0.87056 [q90 0.42634, q10 0.44422], MS 1.18612, Freq 3.43638) | LR 1.00e-06
2026-08-04 15:04:38,745 INFO Epoch 23 | Batch 250/593 | Loss 3.12976 (Pin 0.88369 [q90 0.43608, q10 0.44761], MS 1.21826, Freq 3.42605) | LR 1.00e-06
2026-08-04 15:05:20,886 INFO Epoch 23 | Batch 300/593 | Loss 3.13049 (Pin 0.86352 [q90 0.42532, q10 0.43820], MS 1.23830, Freq 3.42892) | LR 1.00e-06
2026-08-04 15:06:03,030 INFO Epoch 23 | Batch 350/593 | Loss 3.06581 (Pin 0.86309 [q90 0.42459, q10 0.43850], MS 1.19331, Freq 3.36469) | LR 1.00e-06
2026-08-04 15:06:45,189 INFO Epoch 23 | Batch 400/593 | Loss 2.99711 (Pin 0.87634 [q90 0.42694, q10 0.44940], MS 1.09519, Freq 3.41856) | LR 1.00e-06
2026-08-04 15:07:27,342 INFO Epoch 23 | Batch 450/593 | Loss 3.06288 (Pin 0.87190 [q90 0.42789, q10 0.44402], MS 1.16494, Freq 3.42013) | LR 1.00e-06
2026-08-04 15:08:09,500 INFO Epoch 23 | Batch 500/593 | Loss 3.02448 (Pin 0.86711 [q90 0.42666, q10 0.44045], MS 1.13320, Freq 3.41391) | LR 1.00e-06
2026-08-04 15:08:51,669 INFO Epoch 23 | Batch 550/593 | Loss 3.01511 (Pin 0.84884 [q90 0.41750, q10 0.43133], MS 1.14775, Freq 3.39509) | LR 1.00e-06
2026-08-04 15:10:03,558 INFO Epoch 23 | Val Loss 3.84587 (Pin 0.82731 [q90 0.41299, q10 0.41431], MS 2.01159, Freq 3.35655, L1 1.78687, Spectral 0.32366, Gradient 0.52478) | CRPS 1.18161
2026-08-04 15:10:03,558 INFO Epoch 23 | Coverage q10/q50/q90 = 0.080/0.486/0.899 (nominal .10/.50/.90) | extreme tail = 0.114/0.471/0.855
2026-08-04 15:10:03,724 INFO Epoch 23 | Val crps did not improve (18/50 val checks since best=1.18046)
2026-08-04 15:10:46,014 INFO Epoch 24 | Batch 50/593 | Loss 2.95255 (Pin 0.84535 [q90 0.41489, q10 0.43046], MS 1.09782, Freq 3.36461) | LR 1.00e-06
2026-08-04 15:11:28,227 INFO Epoch 24 | Batch 100/593 | Loss 3.09562 (Pin 0.87800 [q90 0.43123, q10 0.44677], MS 1.19112, Freq 3.42166) | LR 1.00e-06
2026-08-04 15:12:10,455 INFO Epoch 24 | Batch 150/593 | Loss 3.00955 (Pin 0.86027 [q90 0.42253, q10 0.43774], MS 1.14072, Freq 3.36186) | LR 1.00e-06
2026-08-04 15:12:52,661 INFO Epoch 24 | Batch 200/593 | Loss 3.02491 (Pin 0.85707 [q90 0.42543, q10 0.43164], MS 1.14910, Freq 3.39583) | LR 1.00e-06
2026-08-04 15:13:34,849 INFO Epoch 24 | Batch 250/593 | Loss 3.01835 (Pin 0.85761 [q90 0.41878, q10 0.43883], MS 1.14567, Freq 3.38355) | LR 1.00e-06
2026-08-04 15:14:17,064 INFO Epoch 24 | Batch 300/593 | Loss 3.07884 (Pin 0.86937 [q90 0.42087, q10 0.44850], MS 1.17906, Freq 3.43474) | LR 1.00e-06
2026-08-04 15:14:59,263 INFO Epoch 24 | Batch 350/593 | Loss 3.08134 (Pin 0.87970 [q90 0.43223, q10 0.44746], MS 1.16841, Freq 3.44409) | LR 1.00e-06
2026-08-04 15:15:41,483 INFO Epoch 24 | Batch 400/593 | Loss 3.03379 (Pin 0.86744 [q90 0.42922, q10 0.43822], MS 1.14325, Freq 3.41032) | LR 1.00e-06
2026-08-04 15:16:23,700 INFO Epoch 24 | Batch 450/593 | Loss 3.01258 (Pin 0.85372 [q90 0.41535, q10 0.43837], MS 1.14085, Freq 3.39338) | LR 1.00e-06
2026-08-04 15:17:05,906 INFO Epoch 24 | Batch 500/593 | Loss 3.01283 (Pin 0.86461 [q90 0.42275, q10 0.44186], MS 1.12211, Freq 3.42037) | LR 1.00e-06
2026-08-04 15:17:48,117 INFO Epoch 24 | Batch 550/593 | Loss 3.08804 (Pin 0.88152 [q90 0.43395, q10 0.44758], MS 1.15915, Freq 3.49123) | LR 1.00e-06
2026-08-04 15:18:59,832 INFO Epoch 24 | Val Loss 3.86839 (Pin 0.82612 [q90 0.41313, q10 0.41299], MS 2.03956, Freq 3.34234, L1 1.78458, Spectral 0.32395, Gradient 0.52372) | CRPS 1.17993
2026-08-04 15:18:59,833 INFO Epoch 24 | Coverage q10/q50/q90 = 0.083/0.491/0.901 (nominal .10/.50/.90) | extreme tail = 0.114/0.472/0.856
2026-08-04 15:19:00,161 INFO New best val crps: 1.17993 (saved checkpoints/best.pth)
2026-08-04 15:19:42,449 INFO Epoch 25 | Batch 50/593 | Loss 3.06026 (Pin 0.87067 [q90 0.42903, q10 0.44164], MS 1.15804, Freq 3.43848) | LR 5.00e-07
2026-08-04 15:20:28,986 INFO Epoch 25 | Batch 100/593 | Loss 3.01482 (Pin 0.86197 [q90 0.42358, q10 0.43839], MS 1.14303, Freq 3.36604) | LR 5.00e-07
2026-08-04 15:21:47,080 INFO Epoch 25 | Batch 150/593 | Loss 3.13751 (Pin 0.87030 [q90 0.42489, q10 0.44541], MS 1.24677, Freq 3.40147) | LR 5.00e-07
2026-08-04 15:22:29,281 INFO Epoch 25 | Batch 200/593 | Loss 3.02946 (Pin 0.86303 [q90 0.42398, q10 0.43905], MS 1.13187, Freq 3.44853) | LR 5.00e-07
2026-08-04 15:23:11,500 INFO Epoch 25 | Batch 250/593 | Loss 2.98037 (Pin 0.83900 [q90 0.40904, q10 0.42997], MS 1.12703, Freq 3.38113) | LR 5.00e-07
2026-08-04 15:23:55,918 INFO Epoch 25 | Batch 300/593 | Loss 3.01565 (Pin 0.84982 [q90 0.41678, q10 0.43303], MS 1.16278, Freq 3.34354) | LR 5.00e-07
2026-08-04 15:24:41,303 INFO Epoch 25 | Batch 350/593 | Loss 2.99615 (Pin 0.87803 [q90 0.42844, q10 0.44959], MS 1.08325, Freq 3.44958) | LR 5.00e-07
2026-08-04 15:25:24,156 INFO Epoch 25 | Batch 400/593 | Loss 3.06232 (Pin 0.87283 [q90 0.43158, q10 0.44125], MS 1.15854, Freq 3.43649) | LR 5.00e-07
2026-08-04 15:26:06,321 INFO Epoch 25 | Batch 450/593 | Loss 3.02635 (Pin 0.87334 [q90 0.43252, q10 0.44081], MS 1.12567, Freq 3.42448) | LR 5.00e-07
2026-08-04 15:26:48,471 INFO Epoch 25 | Batch 500/593 | Loss 3.11540 (Pin 0.88184 [q90 0.43245, q10 0.44939], MS 1.20030, Freq 3.44419) | LR 5.00e-07
2026-08-04 15:27:30,623 INFO Epoch 25 | Batch 550/593 | Loss 3.00943 (Pin 0.85367 [q90 0.42025, q10 0.43342], MS 1.14631, Freq 3.36484) | LR 5.00e-07
2026-08-04 15:28:42,161 INFO Epoch 25 | Val Loss 3.86945 (Pin 0.82651 [q90 0.41339, q10 0.41312], MS 2.03684, Freq 3.35366, L1 1.78993, Spectral 0.32545, Gradient 0.52740) | CRPS 1.18189
2026-08-04 15:28:42,162 INFO Epoch 25 | Coverage q10/q50/q90 = 0.083/0.491/0.901 (nominal .10/.50/.90) | extreme tail = 0.117/0.470/0.853
2026-08-04 15:28:42,346 INFO Epoch 25 | Val crps did not improve (1/50 val checks since best=1.17993)
2026-08-04 15:29:24,647 INFO Epoch 26 | Batch 50/593 | Loss 3.07009 (Pin 0.85562 [q90 0.42069, q10 0.43494], MS 1.20031, Freq 3.38050) | LR 5.00e-07
2026-08-04 15:30:06,864 INFO Epoch 26 | Batch 100/593 | Loss 3.06454 (Pin 0.86845 [q90 0.42691, q10 0.44155], MS 1.17652, Freq 3.39856) | LR 5.00e-07
2026-08-04 15:30:49,082 INFO Epoch 26 | Batch 150/593 | Loss 3.09403 (Pin 0.87004 [q90 0.42263, q10 0.44741], MS 1.19815, Freq 3.41947) | LR 5.00e-07
2026-08-04 15:31:31,301 INFO Epoch 26 | Batch 200/593 | Loss 3.07550 (Pin 0.89096 [q90 0.43892, q10 0.45204], MS 1.14187, Freq 3.47555) | LR 5.00e-07
2026-08-04 15:32:13,516 INFO Epoch 26 | Batch 250/593 | Loss 3.02493 (Pin 0.86343 [q90 0.42565, q10 0.43778], MS 1.13883, Freq 3.40890) | LR 5.00e-07
2026-08-04 15:32:55,729 INFO Epoch 26 | Batch 300/593 | Loss 3.01434 (Pin 0.87617 [q90 0.42876, q10 0.44741], MS 1.10271, Freq 3.45155) | LR 5.00e-07
2026-08-04 15:33:37,967 INFO Epoch 26 | Batch 350/593 | Loss 3.01236 (Pin 0.86694 [q90 0.42828, q10 0.43866], MS 1.12470, Freq 3.40240) | LR 5.00e-07
2026-08-04 15:34:20,194 INFO Epoch 26 | Batch 400/593 | Loss 2.98526 (Pin 0.84274 [q90 0.41554, q10 0.42720], MS 1.12988, Freq 3.37545) | LR 5.00e-07
2026-08-04 15:35:02,402 INFO Epoch 26 | Batch 450/593 | Loss 3.05834 (Pin 0.85592 [q90 0.42027, q10 0.43565], MS 1.18926, Freq 3.37719) | LR 5.00e-07
2026-08-04 15:35:44,631 INFO Epoch 26 | Batch 500/593 | Loss 3.04573 (Pin 0.85853 [q90 0.42125, q10 0.43729], MS 1.15622, Freq 3.43660) | LR 5.00e-07
2026-08-04 15:36:26,855 INFO Epoch 26 | Batch 550/593 | Loss 2.99874 (Pin 0.86330 [q90 0.41919, q10 0.44411], MS 1.12015, Freq 3.38428) | LR 5.00e-07
2026-08-04 15:37:38,386 INFO Epoch 26 | Val Loss 3.84830 (Pin 0.82631 [q90 0.41269, q10 0.41362], MS 2.01127, Freq 3.36908, L1 1.79201, Spectral 0.32514, Gradient 0.52915) | CRPS 1.18328
2026-08-04 15:37:38,387 INFO Epoch 26 | Coverage q10/q50/q90 = 0.081/0.495/0.904 (nominal .10/.50/.90) | extreme tail = 0.115/0.471/0.857
2026-08-04 15:37:38,563 INFO Epoch 26 | Val crps did not improve (2/50 val checks since best=1.17993)
2026-08-04 15:38:20,848 INFO Epoch 27 | Batch 50/593 | Loss 3.05570 (Pin 0.88059 [q90 0.42779, q10 0.45279], MS 1.13100, Freq 3.48038) | LR 5.00e-07
2026-08-04 15:39:03,159 INFO Epoch 27 | Batch 100/593 | Loss 2.97221 (Pin 0.85556 [q90 0.42181, q10 0.43375], MS 1.10095, Freq 3.38566) | LR 5.00e-07
2026-08-04 15:39:45,420 INFO Epoch 27 | Batch 150/593 | Loss 3.01672 (Pin 0.85920 [q90 0.42196, q10 0.43724], MS 1.13814, Freq 3.39794) | LR 5.00e-07
2026-08-04 15:40:27,639 INFO Epoch 27 | Batch 200/593 | Loss 3.02494 (Pin 0.87617 [q90 0.43552, q10 0.44065], MS 1.11246, Freq 3.45435) | LR 5.00e-07
2026-08-04 15:41:09,861 INFO Epoch 27 | Batch 250/593 | Loss 2.99183 (Pin 0.83435 [q90 0.40817, q10 0.42618], MS 1.15841, Freq 3.33022) | LR 5.00e-07
2026-08-04 15:41:52,090 INFO Epoch 27 | Batch 300/593 | Loss 3.03400 (Pin 0.89016 [q90 0.43594, q10 0.45422], MS 1.11637, Freq 3.42491) | LR 5.00e-07
2026-08-04 15:42:34,296 INFO Epoch 27 | Batch 350/593 | Loss 2.99747 (Pin 0.86712 [q90 0.42825, q10 0.43887], MS 1.10799, Freq 3.40788) | LR 5.00e-07
2026-08-04 15:43:16,490 INFO Epoch 27 | Batch 400/593 | Loss 3.10709 (Pin 0.87049 [q90 0.42710, q10 0.44339], MS 1.19965, Freq 3.45650) | LR 5.00e-07
2026-08-04 15:43:58,734 INFO Epoch 27 | Batch 450/593 | Loss 3.01041 (Pin 0.86676 [q90 0.42379, q10 0.44298], MS 1.12285, Freq 3.40265) | LR 5.00e-07
2026-08-04 15:44:40,960 INFO Epoch 27 | Batch 500/593 | Loss 2.99703 (Pin 0.85292 [q90 0.41513, q10 0.43779], MS 1.13481, Freq 3.36431) | LR 5.00e-07
2026-08-04 15:45:23,193 INFO Epoch 27 | Batch 550/593 | Loss 3.03970 (Pin 0.86789 [q90 0.42488, q10 0.44302], MS 1.14866, Freq 3.41050) | LR 5.00e-07
2026-08-04 15:46:34,861 INFO Epoch 27 | Val Loss 3.86107 (Pin 0.82700 [q90 0.41336, q10 0.41364], MS 2.02534, Freq 3.36243, L1 1.79159, Spectral 0.32559, Gradient 0.52969) | CRPS 1.18327
2026-08-04 15:46:34,862 INFO Epoch 27 | Coverage q10/q50/q90 = 0.081/0.492/0.903 (nominal .10/.50/.90) | extreme tail = 0.114/0.467/0.854
2026-08-04 15:46:35,041 INFO Epoch 27 | Val crps did not improve (3/50 val checks since best=1.17993)
2026-08-04 15:47:17,290 INFO Epoch 28 | Batch 50/593 | Loss 3.02596 (Pin 0.85651 [q90 0.41801, q10 0.43850], MS 1.14640, Freq 3.41018) | LR 5.00e-07
2026-08-04 15:47:59,436 INFO Epoch 28 | Batch 100/593 | Loss 3.04358 (Pin 0.86852 [q90 0.42873, q10 0.43979], MS 1.16161, Freq 3.37818) | LR 5.00e-07
2026-08-04 15:48:41,613 INFO Epoch 28 | Batch 150/593 | Loss 3.08559 (Pin 0.87821 [q90 0.42858, q10 0.44962], MS 1.17831, Freq 3.43024) | LR 5.00e-07
2026-08-04 15:49:23,780 INFO Epoch 28 | Batch 200/593 | Loss 3.11244 (Pin 0.87226 [q90 0.43255, q10 0.43971], MS 1.19706, Freq 3.47705) | LR 5.00e-07
2026-08-04 15:50:05,918 INFO Epoch 28 | Batch 250/593 | Loss 3.07924 (Pin 0.87148 [q90 0.42899, q10 0.44250], MS 1.18251, Freq 3.41749) | LR 5.00e-07
2026-08-04 15:50:48,084 INFO Epoch 28 | Batch 300/593 | Loss 2.94269 (Pin 0.85685 [q90 0.41683, q10 0.44003], MS 1.07196, Freq 3.37959) | LR 5.00e-07
2026-08-04 15:51:30,243 INFO Epoch 28 | Batch 350/593 | Loss 3.01106 (Pin 0.86249 [q90 0.42443, q10 0.43806], MS 1.12001, Freq 3.42852) | LR 5.00e-07
2026-08-04 15:52:12,376 INFO Epoch 28 | Batch 400/593 | Loss 2.98482 (Pin 0.84851 [q90 0.41207, q10 0.43644], MS 1.12070, Freq 3.38536) | LR 5.00e-07
2026-08-04 15:52:54,556 INFO Epoch 28 | Batch 450/593 | Loss 3.06929 (Pin 0.85077 [q90 0.41366, q10 0.43711], MS 1.20315, Freq 3.38455) | LR 5.00e-07
2026-08-04 15:53:36,735 INFO Epoch 28 | Batch 500/593 | Loss 3.10490 (Pin 0.87856 [q90 0.43606, q10 0.44250], MS 1.19861, Freq 3.42578) | LR 5.00e-07
2026-08-04 15:54:18,907 INFO Epoch 28 | Batch 550/593 | Loss 3.02493 (Pin 0.86775 [q90 0.42655, q10 0.44120], MS 1.14525, Freq 3.37311) | LR 5.00e-07
2026-08-04 15:55:30,816 INFO Epoch 28 | Val Loss 3.85931 (Pin 0.82684 [q90 0.41289, q10 0.41395], MS 2.02391, Freq 3.36186, L1 1.78885, Spectral 0.32448, Gradient 0.52799) | CRPS 1.18217
2026-08-04 15:55:30,816 INFO Epoch 28 | Coverage q10/q50/q90 = 0.081/0.495/0.903 (nominal .10/.50/.90) | extreme tail = 0.113/0.469/0.855
2026-08-04 15:55:30,985 INFO Epoch 28 | Val crps did not improve (4/50 val checks since best=1.17993)
2026-08-04 15:56:13,268 INFO Epoch 29 | Batch 50/593 | Loss 3.00868 (Pin 0.86780 [q90 0.42544, q10 0.44235], MS 1.12604, Freq 3.38282) | LR 5.00e-07
2026-08-04 15:56:55,484 INFO Epoch 29 | Batch 100/593 | Loss 3.15652 (Pin 0.87467 [q90 0.42689, q10 0.44778], MS 1.25029, Freq 3.43857) | LR 5.00e-07
2026-08-04 15:57:37,692 INFO Epoch 29 | Batch 150/593 | Loss 2.97166 (Pin 0.82916 [q90 0.40789, q10 0.42127], MS 1.14577, Freq 3.32241) | LR 5.00e-07
2026-08-04 15:58:19,886 INFO Epoch 29 | Batch 200/593 | Loss 3.06723 (Pin 0.86431 [q90 0.42354, q10 0.44078], MS 1.17800, Freq 3.41639) | LR 5.00e-07
2026-08-04 15:59:02,111 INFO Epoch 29 | Batch 250/593 | Loss 3.01659 (Pin 0.88444 [q90 0.43576, q10 0.44868], MS 1.09483, Freq 3.45775) | LR 5.00e-07
2026-08-04 15:59:44,340 INFO Epoch 29 | Batch 300/593 | Loss 3.15802 (Pin 0.88237 [q90 0.43094, q10 0.45143], MS 1.23172, Freq 3.47977) | LR 5.00e-07
2026-08-04 16:00:26,572 INFO Epoch 29 | Batch 350/593 | Loss 3.05998 (Pin 0.86898 [q90 0.42490, q10 0.44408], MS 1.16445, Freq 3.42180) | LR 5.00e-07
2026-08-04 16:01:08,767 INFO Epoch 29 | Batch 400/593 | Loss 2.98676 (Pin 0.85456 [q90 0.42509, q10 0.42947], MS 1.12862, Freq 3.34526) | LR 5.00e-07
2026-08-04 16:01:50,970 INFO Epoch 29 | Batch 450/593 | Loss 3.12274 (Pin 0.86553 [q90 0.43296, q10 0.43257], MS 1.22642, Freq 3.43597) | LR 5.00e-07
2026-08-04 16:02:33,202 INFO Epoch 29 | Batch 500/593 | Loss 2.96116 (Pin 0.84813 [q90 0.41242, q10 0.43571], MS 1.10042, Freq 3.37534) | LR 5.00e-07
2026-08-04 16:03:15,434 INFO Epoch 29 | Batch 550/593 | Loss 3.04923 (Pin 0.88234 [q90 0.42883, q10 0.45351], MS 1.13030, Freq 3.45530) | LR 5.00e-07
2026-08-04 16:04:27,628 INFO Epoch 29 | Val Loss 3.85530 (Pin 0.82689 [q90 0.41299, q10 0.41390], MS 2.01891, Freq 3.36498, L1 1.79056, Spectral 0.32390, Gradient 0.52662) | CRPS 1.18293
2026-08-04 16:04:27,629 INFO Epoch 29 | Coverage q10/q50/q90 = 0.081/0.491/0.902 (nominal .10/.50/.90) | extreme tail = 0.111/0.468/0.855
2026-08-04 16:04:27,806 INFO Epoch 29 | Val crps did not improve (5/50 val checks since best=1.17993)
2026-08-04 16:05:10,096 INFO Epoch 30 | Batch 50/593 | Loss 2.91116 (Pin 0.84664 [q90 0.41393, q10 0.43271], MS 1.05104, Freq 3.37828) | LR 5.00e-07
2026-08-04 16:05:52,322 INFO Epoch 30 | Batch 100/593 | Loss 3.01825 (Pin 0.87663 [q90 0.42510, q10 0.45153], MS 1.10306, Freq 3.46183) | LR 5.00e-07
2026-08-04 16:06:34,546 INFO Epoch 30 | Batch 150/593 | Loss 2.97033 (Pin 0.83607 [q90 0.40992, q10 0.42615], MS 1.13031, Freq 3.34650) | LR 5.00e-07
2026-08-04 16:07:16,758 INFO Epoch 30 | Batch 200/593 | Loss 3.11272 (Pin 0.88293 [q90 0.43957, q10 0.44335], MS 1.20604, Freq 3.41253) | LR 5.00e-07
2026-08-04 16:07:58,956 INFO Epoch 30 | Batch 250/593 | Loss 3.07735 (Pin 0.87480 [q90 0.42431, q10 0.45049], MS 1.18295, Freq 3.39868) | LR 5.00e-07
2026-08-04 16:08:41,166 INFO Epoch 30 | Batch 300/593 | Loss 3.01358 (Pin 0.85836 [q90 0.42277, q10 0.43559], MS 1.13312, Freq 3.40701) | LR 5.00e-07
2026-08-04 16:09:23,380 INFO Epoch 30 | Batch 350/593 | Loss 3.08487 (Pin 0.87699 [q90 0.43249, q10 0.44450], MS 1.18110, Freq 3.42261) | LR 5.00e-07
2026-08-04 16:10:05,621 INFO Epoch 30 | Batch 400/593 | Loss 3.01483 (Pin 0.85860 [q90 0.42342, q10 0.43518], MS 1.13773, Freq 3.39501) | LR 5.00e-07
2026-08-04 16:10:47,837 INFO Epoch 30 | Batch 450/593 | Loss 3.05115 (Pin 0.84815 [q90 0.41795, q10 0.43020], MS 1.17973, Freq 3.41089) | LR 5.00e-07
2026-08-04 16:11:30,074 INFO Epoch 30 | Batch 500/593 | Loss 3.05858 (Pin 0.87587 [q90 0.43117, q10 0.44470], MS 1.14402, Freq 3.46231) | LR 5.00e-07
2026-08-04 16:12:12,323 INFO Epoch 30 | Batch 550/593 | Loss 3.01354 (Pin 0.88164 [q90 0.43185, q10 0.44979], MS 1.10479, Freq 3.42370) | LR 5.00e-07
2026-08-04 16:13:23,962 INFO Epoch 30 | Val Loss 3.84556 (Pin 0.82690 [q90 0.41302, q10 0.41388], MS 2.01222, Freq 3.35479, L1 1.78728, Spectral 0.32463, Gradient 0.52731) | CRPS 1.18145
2026-08-04 16:13:23,963 INFO Epoch 30 | Coverage q10/q50/q90 = 0.079/0.484/0.901 (nominal .10/.50/.90) | extreme tail = 0.114/0.461/0.853
2026-08-04 16:13:24,134 INFO Epoch 30 | Val crps did not improve (6/50 val checks since best=1.17993)
2026-08-04 16:14:06,383 INFO Epoch 31 | Batch 50/593 | Loss 3.02536 (Pin 0.86803 [q90 0.41936, q10 0.44867], MS 1.12934, Freq 3.42662) | LR 5.00e-07
2026-08-04 16:14:48,545 INFO Epoch 31 | Batch 100/593 | Loss 3.04175 (Pin 0.85943 [q90 0.42643, q10 0.43300], MS 1.15623, Freq 3.42032) | LR 5.00e-07
2026-08-04 16:15:30,684 INFO Epoch 31 | Batch 150/593 | Loss 3.04237 (Pin 0.86067 [q90 0.42014, q10 0.44054], MS 1.16023, Freq 3.40488) | LR 5.00e-07
2026-08-04 16:16:12,835 INFO Epoch 31 | Batch 200/593 | Loss 3.04267 (Pin 0.86575 [q90 0.42661, q10 0.43914], MS 1.15215, Freq 3.41592) | LR 5.00e-07
2026-08-04 16:17:03,851 INFO Epoch 31 | Batch 250/593 | Loss 3.08796 (Pin 0.87121 [q90 0.42803, q10 0.44318], MS 1.18050, Freq 3.45417) | LR 5.00e-07
2026-08-04 16:17:59,012 INFO Epoch 31 | Batch 300/593 | Loss 3.02253 (Pin 0.85502 [q90 0.42480, q10 0.43022], MS 1.15342, Freq 3.38030) | LR 5.00e-07
2026-08-04 16:19:15,591 INFO Epoch 31 | Batch 350/593 | Loss 3.07972 (Pin 0.88245 [q90 0.43395, q10 0.44850], MS 1.18037, Freq 3.38968) | LR 5.00e-07
2026-08-04 16:20:32,223 INFO Epoch 31 | Batch 400/593 | Loss 3.07536 (Pin 0.87301 [q90 0.42518, q10 0.44783], MS 1.17209, Freq 3.43422) | LR 5.00e-07
2026-08-04 16:21:40,117 INFO Epoch 31 | Batch 450/593 | Loss 3.05202 (Pin 0.86328 [q90 0.42641, q10 0.43688], MS 1.18219, Freq 3.35519) | LR 5.00e-07
2026-08-04 16:22:22,238 INFO Epoch 31 | Batch 500/593 | Loss 3.00972 (Pin 0.85599 [q90 0.42288, q10 0.43311], MS 1.13149, Freq 3.40746) | LR 5.00e-07
2026-08-04 16:23:04,439 INFO Epoch 31 | Batch 550/593 | Loss 3.06849 (Pin 0.86541 [q90 0.42318, q10 0.44223], MS 1.17649, Freq 3.42198) | LR 5.00e-07
2026-08-04 16:24:16,481 INFO Epoch 31 | Val Loss 3.85535 (Pin 0.82635 [q90 0.41304, q10 0.41331], MS 2.02247, Freq 3.35509, L1 1.78769, Spectral 0.32379, Gradient 0.52503) | CRPS 1.18100
2026-08-04 16:24:16,482 INFO Epoch 31 | Coverage q10/q50/q90 = 0.084/0.494/0.902 (nominal .10/.50/.90) | extreme tail = 0.115/0.466/0.852
2026-08-04 16:24:16,654 INFO Epoch 31 | Val crps did not improve (7/50 val checks since best=1.17993)
2026-08-04 16:24:58,992 INFO Epoch 32 | Batch 50/593 | Loss 3.05731 (Pin 0.87362 [q90 0.42937, q10 0.44425], MS 1.14617, Freq 3.45839) | LR 5.00e-07
2026-08-04 16:25:41,250 INFO Epoch 32 | Batch 100/593 | Loss 3.04209 (Pin 0.86500 [q90 0.42388, q10 0.44112], MS 1.15912, Freq 3.39321) | LR 5.00e-07
2026-08-04 16:26:23,482 INFO Epoch 32 | Batch 150/593 | Loss 3.09904 (Pin 0.88262 [q90 0.42982, q10 0.45279], MS 1.18533, Freq 3.43699) | LR 5.00e-07
2026-08-04 16:27:05,702 INFO Epoch 32 | Batch 200/593 | Loss 3.04719 (Pin 0.85851 [q90 0.41929, q10 0.43922], MS 1.17261, Freq 3.38690) | LR 5.00e-07
2026-08-04 16:27:47,933 INFO Epoch 32 | Batch 250/593 | Loss 2.99278 (Pin 0.86318 [q90 0.42074, q10 0.44245], MS 1.10327, Freq 3.42111) | LR 5.00e-07
2026-08-04 16:28:30,180 INFO Epoch 32 | Batch 300/593 | Loss 2.98893 (Pin 0.85692 [q90 0.42296, q10 0.43396], MS 1.11769, Freq 3.38107) | LR 5.00e-07
2026-08-04 16:29:12,401 INFO Epoch 32 | Batch 350/593 | Loss 3.14319 (Pin 0.88204 [q90 0.43967, q10 0.44236], MS 1.22946, Freq 3.43897) | LR 5.00e-07
2026-08-04 16:29:54,637 INFO Epoch 32 | Batch 400/593 | Loss 3.01133 (Pin 0.85856 [q90 0.42915, q10 0.42941], MS 1.13731, Freq 3.38487) | LR 5.00e-07
2026-08-04 16:30:36,891 INFO Epoch 32 | Batch 450/593 | Loss 3.01535 (Pin 0.86007 [q90 0.41865, q10 0.44142], MS 1.12623, Freq 3.43016) | LR 5.00e-07
2026-08-04 16:31:19,152 INFO Epoch 32 | Batch 500/593 | Loss 2.95357 (Pin 0.84027 [q90 0.41043, q10 0.42984], MS 1.10649, Freq 3.35604) | LR 5.00e-07
2026-08-04 16:32:01,384 INFO Epoch 32 | Batch 550/593 | Loss 3.01464 (Pin 0.86299 [q90 0.42383, q10 0.43916], MS 1.13596, Freq 3.38563) | LR 5.00e-07
2026-08-04 16:33:12,959 INFO Epoch 32 | Val Loss 3.84296 (Pin 0.82630 [q90 0.41281, q10 0.41349], MS 2.00978, Freq 3.35629, L1 1.78781, Spectral 0.32510, Gradient 0.52788) | CRPS 1.18136
2026-08-04 16:33:12,960 INFO Epoch 32 | Coverage q10/q50/q90 = 0.081/0.489/0.901 (nominal .10/.50/.90) | extreme tail = 0.117/0.471/0.855
2026-08-04 16:33:13,134 INFO Epoch 32 | Val crps did not improve (8/50 val checks since best=1.17993)
2026-08-04 16:33:55,425 INFO Epoch 33 | Batch 50/593 | Loss 3.02425 (Pin 0.87354 [q90 0.42594, q10 0.44760], MS 1.13236, Freq 3.39448) | LR 5.00e-07
2026-08-04 16:34:45,416 INFO Epoch 33 | Batch 100/593 | Loss 3.03882 (Pin 0.88654 [q90 0.44037, q10 0.44616], MS 1.12396, Freq 3.42775) | LR 5.00e-07
2026-08-04 16:35:34,186 INFO Epoch 33 | Batch 150/593 | Loss 3.03388 (Pin 0.88749 [q90 0.43808, q10 0.44940], MS 1.10776, Freq 3.46209) | LR 5.00e-07
2026-08-04 16:36:16,404 INFO Epoch 33 | Batch 200/593 | Loss 3.03801 (Pin 0.86098 [q90 0.41872, q10 0.44226], MS 1.15322, Freq 3.41268) | LR 5.00e-07
2026-08-04 16:36:58,617 INFO Epoch 33 | Batch 250/593 | Loss 3.07220 (Pin 0.89472 [q90 0.44050, q10 0.45422], MS 1.11511, Freq 3.54122) | LR 5.00e-07
2026-08-04 16:37:40,863 INFO Epoch 33 | Batch 300/593 | Loss 2.94418 (Pin 0.83708 [q90 0.41309, q10 0.42399], MS 1.10061, Freq 3.35499) | LR 5.00e-07
2026-08-04 16:38:23,067 INFO Epoch 33 | Batch 350/593 | Loss 2.97935 (Pin 0.86073 [q90 0.41619, q10 0.44453], MS 1.09016, Freq 3.42822) | LR 5.00e-07
2026-08-04 16:39:05,271 INFO Epoch 33 | Batch 400/593 | Loss 3.04184 (Pin 0.85529 [q90 0.42111, q10 0.43418], MS 1.18006, Freq 3.35497) | LR 5.00e-07
2026-08-04 16:39:47,491 INFO Epoch 33 | Batch 450/593 | Loss 3.03218 (Pin 0.86610 [q90 0.42704, q10 0.43906], MS 1.14201, Freq 3.41356) | LR 5.00e-07
2026-08-04 16:40:29,722 INFO Epoch 33 | Batch 500/593 | Loss 3.09364 (Pin 0.85344 [q90 0.41969, q10 0.43375], MS 1.22552, Freq 3.38228) | LR 5.00e-07
2026-08-04 16:41:11,962 INFO Epoch 33 | Batch 550/593 | Loss 2.99990 (Pin 0.85773 [q90 0.42119, q10 0.43654], MS 1.12805, Freq 3.38040) | LR 5.00e-07
2026-08-04 16:42:23,671 INFO Epoch 33 | Val Loss 3.85685 (Pin 0.82615 [q90 0.41304, q10 0.41311], MS 2.02499, Freq 3.35239, L1 1.78549, Spectral 0.32386, Gradient 0.52499) | CRPS 1.18006
2026-08-04 16:42:23,672 INFO Epoch 33 | Coverage q10/q50/q90 = 0.083/0.494/0.901 (nominal .10/.50/.90) | extreme tail = 0.117/0.473/0.853
2026-08-04 16:42:23,845 INFO Epoch 33 | Val crps did not improve (9/50 val checks since best=1.17993)
2026-08-04 16:43:06,069 INFO Epoch 34 | Batch 50/593 | Loss 3.01202 (Pin 0.85050 [q90 0.41563, q10 0.43486], MS 1.14710, Freq 3.38140) | LR 5.00e-07
2026-08-04 16:43:48,221 INFO Epoch 34 | Batch 100/593 | Loss 3.04535 (Pin 0.86241 [q90 0.42446, q10 0.43796], MS 1.16784, Freq 3.38366) | LR 5.00e-07
2026-08-04 16:44:30,378 INFO Epoch 34 | Batch 150/593 | Loss 3.03071 (Pin 0.86963 [q90 0.42716, q10 0.44247], MS 1.14395, Freq 3.39043) | LR 5.00e-07
2026-08-04 16:45:12,555 INFO Epoch 34 | Batch 200/593 | Loss 3.12079 (Pin 0.88271 [q90 0.43636, q10 0.44635], MS 1.20153, Freq 3.45516) | LR 5.00e-07
2026-08-04 16:45:54,729 INFO Epoch 34 | Batch 250/593 | Loss 3.02317 (Pin 0.85662 [q90 0.42313, q10 0.43349], MS 1.14642, Freq 3.40040) | LR 5.00e-07
2026-08-04 16:46:36,887 INFO Epoch 34 | Batch 300/593 | Loss 3.03005 (Pin 0.85054 [q90 0.41900, q10 0.43154], MS 1.15551, Freq 3.41333) | LR 5.00e-07
2026-08-04 16:47:19,040 INFO Epoch 34 | Batch 350/593 | Loss 3.05253 (Pin 0.87092 [q90 0.42737, q10 0.44355], MS 1.15761, Freq 3.41335) | LR 5.00e-07
2026-08-04 16:48:01,193 INFO Epoch 34 | Batch 400/593 | Loss 3.02219 (Pin 0.89073 [q90 0.43417, q10 0.45656], MS 1.08961, Freq 3.47284) | LR 5.00e-07
2026-08-04 16:48:43,378 INFO Epoch 34 | Batch 450/593 | Loss 3.08224 (Pin 0.87444 [q90 0.42730, q10 0.44714], MS 1.17267, Freq 3.45045) | LR 5.00e-07
2026-08-04 16:49:25,585 INFO Epoch 34 | Batch 500/593 | Loss 3.05494 (Pin 0.86305 [q90 0.42174, q10 0.44131], MS 1.15995, Freq 3.43979) | LR 5.00e-07
2026-08-04 16:50:07,771 INFO Epoch 34 | Batch 550/593 | Loss 3.08398 (Pin 0.88174 [q90 0.43075, q10 0.45099], MS 1.15880, Freq 3.47816) | LR 5.00e-07
2026-08-04 16:51:19,448 INFO Epoch 34 | Val Loss 3.84419 (Pin 0.82626 [q90 0.41321, q10 0.41306], MS 2.01429, Freq 3.34545, L1 1.78207, Spectral 0.32243, Gradient 0.52104) | CRPS 1.17863
2026-08-04 16:51:19,449 INFO Epoch 34 | Coverage q10/q50/q90 = 0.083/0.493/0.901 (nominal .10/.50/.90) | extreme tail = 0.116/0.464/0.852
2026-08-04 16:51:19,779 INFO New best val crps: 1.17863 (saved checkpoints/best.pth)
2026-08-04 16:52:02,080 INFO Epoch 35 | Batch 50/593 | Loss 3.05332 (Pin 0.85333 [q90 0.42320, q10 0.43013], MS 1.19569, Freq 3.34765) | LR 5.00e-07
2026-08-04 16:52:44,305 INFO Epoch 35 | Batch 100/593 | Loss 2.94741 (Pin 0.84842 [q90 0.41807, q10 0.43035], MS 1.08300, Freq 3.38665) | LR 5.00e-07
2026-08-04 16:53:26,512 INFO Epoch 35 | Batch 150/593 | Loss 3.03629 (Pin 0.87391 [q90 0.43250, q10 0.44141], MS 1.12842, Freq 3.44655) | LR 5.00e-07
2026-08-04 16:54:08,728 INFO Epoch 35 | Batch 200/593 | Loss 3.04284 (Pin 0.85613 [q90 0.41759, q10 0.43854], MS 1.16082, Freq 3.41966) | LR 5.00e-07
2026-08-04 16:54:50,923 INFO Epoch 35 | Batch 250/593 | Loss 3.02585 (Pin 0.86728 [q90 0.42332, q10 0.44396], MS 1.14272, Freq 3.38616) | LR 5.00e-07
2026-08-04 16:55:33,142 INFO Epoch 35 | Batch 300/593 | Loss 2.98099 (Pin 0.86701 [q90 0.42531, q10 0.44170], MS 1.08496, Freq 3.43007) | LR 5.00e-07
2026-08-04 16:56:15,378 INFO Epoch 35 | Batch 350/593 | Loss 3.00703 (Pin 0.85909 [q90 0.41907, q10 0.44001], MS 1.13457, Freq 3.37789) | LR 5.00e-07
2026-08-04 16:56:57,605 INFO Epoch 35 | Batch 400/593 | Loss 3.07585 (Pin 0.86820 [q90 0.42252, q10 0.44568], MS 1.18420, Freq 3.41150) | LR 5.00e-07
2026-08-04 16:57:39,853 INFO Epoch 35 | Batch 450/593 | Loss 3.06890 (Pin 0.87752 [q90 0.43420, q10 0.44332], MS 1.15361, Freq 3.45923) | LR 5.00e-07
2026-08-04 16:58:22,110 INFO Epoch 35 | Batch 500/593 | Loss 3.10807 (Pin 0.88969 [q90 0.43350, q10 0.45619], MS 1.18261, Freq 3.45255) | LR 5.00e-07
2026-08-04 16:59:04,366 INFO Epoch 35 | Batch 550/593 | Loss 2.99377 (Pin 0.85706 [q90 0.42048, q10 0.43658], MS 1.11809, Freq 3.39541) | LR 5.00e-07
2026-08-04 17:00:16,378 INFO Epoch 35 | Val Loss 3.85563 (Pin 0.82669 [q90 0.41306, q10 0.41362], MS 2.01793, Freq 3.37007, L1 1.79382, Spectral 0.32622, Gradient 0.53142) | CRPS 1.18395
2026-08-04 17:00:16,378 INFO Epoch 35 | Coverage q10/q50/q90 = 0.081/0.495/0.903 (nominal .10/.50/.90) | extreme tail = 0.115/0.469/0.853
2026-08-04 17:00:16,557 INFO Epoch 35 | Val crps did not improve (1/50 val checks since best=1.17863)
2026-08-04 17:00:58,880 INFO Epoch 36 | Batch 50/593 | Loss 2.97819 (Pin 0.85879 [q90 0.41780, q10 0.44099], MS 1.10439, Freq 3.38340) | LR 5.00e-07
2026-08-04 17:01:41,121 INFO Epoch 36 | Batch 100/593 | Loss 3.02481 (Pin 0.88089 [q90 0.43329, q10 0.44759], MS 1.10507, Freq 3.46287) | LR 5.00e-07
2026-08-04 17:02:23,370 INFO Epoch 36 | Batch 150/593 | Loss 3.07275 (Pin 0.84867 [q90 0.40768, q10 0.44099], MS 1.21655, Freq 3.35843) | LR 5.00e-07
2026-08-04 17:03:05,635 INFO Epoch 36 | Batch 200/593 | Loss 3.08756 (Pin 0.86840 [q90 0.42809, q10 0.44031], MS 1.19124, Freq 3.42639) | LR 5.00e-07
2026-08-04 17:03:47,873 INFO Epoch 36 | Batch 250/593 | Loss 3.02390 (Pin 0.86053 [q90 0.42384, q10 0.43669], MS 1.13864, Freq 3.41578) | LR 5.00e-07
2026-08-04 17:04:30,135 INFO Epoch 36 | Batch 300/593 | Loss 3.07356 (Pin 0.85789 [q90 0.42481, q10 0.43308], MS 1.19857, Freq 3.39033) | LR 5.00e-07
2026-08-04 17:05:12,376 INFO Epoch 36 | Batch 350/593 | Loss 3.12314 (Pin 0.87623 [q90 0.42629, q10 0.44994], MS 1.20676, Freq 3.46719) | LR 5.00e-07
2026-08-04 17:05:54,615 INFO Epoch 36 | Batch 400/593 | Loss 3.10183 (Pin 0.86171 [q90 0.42311, q10 0.43859], MS 1.21054, Freq 3.43193) | LR 5.00e-07
2026-08-04 17:06:36,863 INFO Epoch 36 | Batch 450/593 | Loss 3.02611 (Pin 0.85295 [q90 0.42494, q10 0.42801], MS 1.16549, Freq 3.35888) | LR 5.00e-07
2026-08-04 17:07:19,105 INFO Epoch 36 | Batch 500/593 | Loss 2.97416 (Pin 0.86033 [q90 0.42436, q10 0.43597], MS 1.09160, Freq 3.40744) | LR 5.00e-07
2026-08-04 17:08:01,346 INFO Epoch 36 | Batch 550/593 | Loss 3.12837 (Pin 0.88415 [q90 0.43144, q10 0.45272], MS 1.19601, Freq 3.49403) | LR 5.00e-07
2026-08-04 17:09:13,717 INFO Epoch 36 | Val Loss 3.84692 (Pin 0.82693 [q90 0.41300, q10 0.41394], MS 2.01441, Freq 3.35189, L1 1.78562, Spectral 0.32355, Gradient 0.52414) | CRPS 1.18081
2026-08-04 17:09:13,718 INFO Epoch 36 | Coverage q10/q50/q90 = 0.080/0.491/0.902 (nominal .10/.50/.90) | extreme tail = 0.113/0.463/0.853
2026-08-04 17:09:13,883 INFO Epoch 36 | Val crps did not improve (2/50 val checks since best=1.17863)
2026-08-04 17:09:56,195 INFO Epoch 37 | Batch 50/593 | Loss 3.01717 (Pin 0.85124 [q90 0.41661, q10 0.43463], MS 1.14832, Freq 3.39201) | LR 5.00e-07
2026-08-04 17:10:38,474 INFO Epoch 37 | Batch 100/593 | Loss 2.99837 (Pin 0.85615 [q90 0.42545, q10 0.43070], MS 1.12216, Freq 3.40018) | LR 5.00e-07
2026-08-04 17:11:20,707 INFO Epoch 37 | Batch 150/593 | Loss 3.10157 (Pin 0.89232 [q90 0.43826, q10 0.45406], MS 1.17375, Freq 3.45165) | LR 5.00e-07
2026-08-04 17:12:02,913 INFO Epoch 37 | Batch 200/593 | Loss 3.04888 (Pin 0.85760 [q90 0.42061, q10 0.43699], MS 1.16996, Freq 3.40441) | LR 5.00e-07
2026-08-04 17:12:45,165 INFO Epoch 37 | Batch 250/593 | Loss 2.94475 (Pin 0.83919 [q90 0.40875, q10 0.43044], MS 1.10020, Freq 3.35120) | LR 5.00e-07
2026-08-04 17:13:27,408 INFO Epoch 37 | Batch 300/593 | Loss 3.03998 (Pin 0.87948 [q90 0.43509, q10 0.44439], MS 1.13326, Freq 3.42409) | LR 5.00e-07
2026-08-04 17:14:09,625 INFO Epoch 37 | Batch 350/593 | Loss 3.07957 (Pin 0.87110 [q90 0.42819, q10 0.44291], MS 1.17881, Freq 3.43217) | LR 5.00e-07
2026-08-04 17:14:51,868 INFO Epoch 37 | Batch 400/593 | Loss 3.12327 (Pin 0.88657 [q90 0.43122, q10 0.45534], MS 1.19786, Freq 3.46280) | LR 5.00e-07
2026-08-04 17:15:34,118 INFO Epoch 37 | Batch 450/593 | Loss 3.05218 (Pin 0.86643 [q90 0.42115, q10 0.44527], MS 1.16529, Freq 3.40154) | LR 5.00e-07
2026-08-04 17:16:16,363 INFO Epoch 37 | Batch 500/593 | Loss 3.04061 (Pin 0.86380 [q90 0.42689, q10 0.43691], MS 1.15307, Freq 3.41245) | LR 5.00e-07
2026-08-04 17:16:58,614 INFO Epoch 37 | Batch 550/593 | Loss 3.12353 (Pin 0.88576 [q90 0.43720, q10 0.44856], MS 1.20317, Freq 3.44868) | LR 5.00e-07
2026-08-04 17:18:10,655 INFO Epoch 37 | Val Loss 3.84548 (Pin 0.82665 [q90 0.41339, q10 0.41326], MS 2.01101, Freq 3.35940, L1 1.78948, Spectral 0.32519, Gradient 0.52771) | CRPS 1.18195
2026-08-04 17:18:10,655 INFO Epoch 37 | Coverage q10/q50/q90 = 0.082/0.490/0.901 (nominal .10/.50/.90) | extreme tail = 0.114/0.468/0.853
2026-08-04 17:18:10,824 INFO Epoch 37 | Val crps did not improve (3/50 val checks since best=1.17863)
2026-08-04 17:18:53,123 INFO Epoch 38 | Batch 50/593 | Loss 3.00395 (Pin 0.86694 [q90 0.42716, q10 0.43977], MS 1.11490, Freq 3.40704) | LR 5.00e-07
2026-08-04 17:19:35,335 INFO Epoch 38 | Batch 100/593 | Loss 3.07386 (Pin 0.87795 [q90 0.42898, q10 0.44897], MS 1.16925, Freq 3.42220) | LR 5.00e-07
2026-08-04 17:20:17,563 INFO Epoch 38 | Batch 150/593 | Loss 3.10840 (Pin 0.86472 [q90 0.42405, q10 0.44067], MS 1.21972, Freq 3.41321) | LR 5.00e-07
2026-08-04 17:20:59,780 INFO Epoch 38 | Batch 200/593 | Loss 3.04382 (Pin 0.86584 [q90 0.42497, q10 0.44087], MS 1.15603, Freq 3.40652) | LR 5.00e-07
2026-08-04 17:21:41,999 INFO Epoch 38 | Batch 250/593 | Loss 3.10873 (Pin 0.87391 [q90 0.42562, q10 0.44829], MS 1.20280, Freq 3.44006) | LR 5.00e-07
2026-08-04 17:22:24,218 INFO Epoch 38 | Batch 300/593 | Loss 3.03294 (Pin 0.85021 [q90 0.41886, q10 0.43135], MS 1.15986, Freq 3.40954) | LR 5.00e-07
2026-08-04 17:23:06,441 INFO Epoch 38 | Batch 350/593 | Loss 2.98053 (Pin 0.84082 [q90 0.41468, q10 0.42614], MS 1.14208, Freq 3.32546) | LR 5.00e-07
2026-08-04 17:23:48,637 INFO Epoch 38 | Batch 400/593 | Loss 3.05320 (Pin 0.87087 [q90 0.42489, q10 0.44598], MS 1.15345, Freq 3.42959) | LR 5.00e-07
2026-08-04 17:24:30,844 INFO Epoch 38 | Batch 450/593 | Loss 3.00806 (Pin 0.87184 [q90 0.43067, q10 0.44117], MS 1.11113, Freq 3.41697) | LR 5.00e-07
2026-08-04 17:25:13,071 INFO Epoch 38 | Batch 500/593 | Loss 3.00349 (Pin 0.85281 [q90 0.42224, q10 0.43056], MS 1.13209, Freq 3.39532) | LR 5.00e-07
2026-08-04 17:25:55,312 INFO Epoch 38 | Batch 550/593 | Loss 3.09829 (Pin 0.87473 [q90 0.42698, q10 0.44775], MS 1.20487, Freq 3.39563) | LR 5.00e-07
2026-08-04 17:27:07,282 INFO Epoch 38 | Val Loss 3.85191 (Pin 0.82663 [q90 0.41298, q10 0.41365], MS 2.01654, Freq 3.36249, L1 1.78858, Spectral 0.32410, Gradient 0.52635) | CRPS 1.18169
2026-08-04 17:27:07,282 INFO Epoch 38 | Coverage q10/q50/q90 = 0.081/0.490/0.902 (nominal .10/.50/.90) | extreme tail = 0.115/0.465/0.854
2026-08-04 17:27:07,442 INFO Epoch 38 | Val crps did not improve (4/50 val checks since best=1.17863)
2026-08-04 17:27:49,738 INFO Epoch 39 | Batch 50/593 | Loss 3.07250 (Pin 0.86279 [q90 0.42137, q10 0.44142], MS 1.19492, Freq 3.38263) | LR 5.00e-07
2026-08-04 17:28:31,955 INFO Epoch 39 | Batch 100/593 | Loss 3.02492 (Pin 0.86323 [q90 0.42488, q10 0.43834], MS 1.14439, Freq 3.39104) | LR 5.00e-07
2026-08-04 17:29:14,224 INFO Epoch 39 | Batch 150/593 | Loss 3.00774 (Pin 0.86669 [q90 0.41933, q10 0.44736], MS 1.12352, Freq 3.39178) | LR 5.00e-07
2026-08-04 17:29:56,459 INFO Epoch 39 | Batch 200/593 | Loss 2.99046 (Pin 0.86027 [q90 0.42508, q10 0.43519], MS 1.09654, Freq 3.44547) | LR 5.00e-07
2026-08-04 17:30:38,691 INFO Epoch 39 | Batch 250/593 | Loss 3.05218 (Pin 0.86362 [q90 0.42340, q10 0.44021], MS 1.16592, Freq 3.40881) | LR 5.00e-07
2026-08-04 17:31:20,924 INFO Epoch 39 | Batch 300/593 | Loss 3.04415 (Pin 0.85809 [q90 0.42223, q10 0.43586], MS 1.16135, Freq 3.41569) | LR 5.00e-07
2026-08-04 17:32:03,174 INFO Epoch 39 | Batch 350/593 | Loss 3.05816 (Pin 0.87698 [q90 0.43409, q10 0.44289], MS 1.14262, Freq 3.46190) | LR 5.00e-07
2026-08-04 17:32:45,430 INFO Epoch 39 | Batch 400/593 | Loss 3.01864 (Pin 0.85471 [q90 0.42130, q10 0.43341], MS 1.14855, Freq 3.38458) | LR 5.00e-07
2026-08-04 17:33:27,664 INFO Epoch 39 | Batch 450/593 | Loss 2.98282 (Pin 0.84938 [q90 0.41684, q10 0.43254], MS 1.11850, Freq 3.38310) | LR 5.00e-07
2026-08-04 17:34:09,917 INFO Epoch 39 | Batch 500/593 | Loss 3.10941 (Pin 0.88886 [q90 0.43122, q10 0.45764], MS 1.18430, Freq 3.45417) | LR 5.00e-07
2026-08-04 17:34:52,168 INFO Epoch 39 | Batch 550/593 | Loss 3.03565 (Pin 0.88109 [q90 0.43178, q10 0.44931], MS 1.11674, Freq 3.45939) | LR 5.00e-07
2026-08-04 17:36:04,587 INFO Epoch 39 | Val Loss 3.86001 (Pin 0.82607 [q90 0.41285, q10 0.41322], MS 2.02575, Freq 3.36061, L1 1.78867, Spectral 0.32443, Gradient 0.52671) | CRPS 1.18135
2026-08-04 17:36:04,588 INFO Epoch 39 | Coverage q10/q50/q90 = 0.085/0.501/0.903 (nominal .10/.50/.90) | extreme tail = 0.116/0.476/0.854
2026-08-04 17:36:04,760 INFO Epoch 39 | Val crps did not improve (5/50 val checks since best=1.17863)
2026-08-04 17:36:47,071 INFO Epoch 40 | Batch 50/593 | Loss 2.95871 (Pin 0.86444 [q90 0.42592, q10 0.43852], MS 1.07006, Freq 3.41402) | LR 2.50e-07
2026-08-04 17:37:29,272 INFO Epoch 40 | Batch 100/593 | Loss 2.99576 (Pin 0.86678 [q90 0.42822, q10 0.43856], MS 1.11773, Freq 3.37084) | LR 2.50e-07
2026-08-04 17:38:11,472 INFO Epoch 40 | Batch 150/593 | Loss 2.99616 (Pin 0.84671 [q90 0.41506, q10 0.43165], MS 1.13884, Freq 3.36872) | LR 2.50e-07
2026-08-04 17:38:53,678 INFO Epoch 40 | Batch 200/593 | Loss 3.07358 (Pin 0.87881 [q90 0.43350, q10 0.44530], MS 1.16174, Freq 3.44342) | LR 2.50e-07
2026-08-04 17:39:35,894 INFO Epoch 40 | Batch 250/593 | Loss 3.02631 (Pin 0.84329 [q90 0.41288, q10 0.43040], MS 1.17067, Freq 3.37451) | LR 2.50e-07
2026-08-04 17:40:18,099 INFO Epoch 40 | Batch 300/593 | Loss 3.03059 (Pin 0.88146 [q90 0.43024, q10 0.45122], MS 1.12133, Freq 3.42600) | LR 2.50e-07
2026-08-04 17:41:00,319 INFO Epoch 40 | Batch 350/593 | Loss 3.08791 (Pin 0.87007 [q90 0.42633, q10 0.44374], MS 1.19399, Freq 3.41284) | LR 2.50e-07
2026-08-04 17:41:42,509 INFO Epoch 40 | Batch 400/593 | Loss 3.09440 (Pin 0.88569 [q90 0.43676, q10 0.44893], MS 1.16169, Freq 3.49008) | LR 2.50e-07
2026-08-04 17:42:24,710 INFO Epoch 40 | Batch 450/593 | Loss 3.01175 (Pin 0.85949 [q90 0.41783, q10 0.44166], MS 1.13275, Freq 3.39836) | LR 2.50e-07
2026-08-04 17:43:06,908 INFO Epoch 40 | Batch 500/593 | Loss 3.04200 (Pin 0.85645 [q90 0.42398, q10 0.43247], MS 1.16230, Freq 3.41085) | LR 2.50e-07
2026-08-04 17:43:49,125 INFO Epoch 40 | Batch 550/593 | Loss 3.03871 (Pin 0.85872 [q90 0.42037, q10 0.43835], MS 1.15159, Freq 3.42797) | LR 2.50e-07
2026-08-04 17:45:01,500 INFO Epoch 40 | Val Loss 3.86057 (Pin 0.82655 [q90 0.41290, q10 0.41365], MS 2.02298, Freq 3.37010, L1 1.79323, Spectral 0.32588, Gradient 0.53085) | CRPS 1.18375
2026-08-04 17:45:01,501 INFO Epoch 40 | Coverage q10/q50/q90 = 0.081/0.488/0.901 (nominal .10/.50/.90) | extreme tail = 0.115/0.469/0.854
2026-08-04 17:45:01,670 INFO Epoch 40 | Val crps did not improve (6/50 val checks since best=1.17863)
2026-08-04 17:45:43,912 INFO Epoch 41 | Batch 50/593 | Loss 3.05976 (Pin 0.86046 [q90 0.42372, q10 0.43674], MS 1.17125, Freq 3.42686) | LR 2.50e-07
2026-08-04 17:46:26,102 INFO Epoch 41 | Batch 100/593 | Loss 3.00069 (Pin 0.85595 [q90 0.42069, q10 0.43526], MS 1.12146, Freq 3.41094) | LR 2.50e-07
2026-08-04 17:47:08,300 INFO Epoch 41 | Batch 150/593 | Loss 3.02520 (Pin 0.86860 [q90 0.42258, q10 0.44602], MS 1.13482, Freq 3.40593) | LR 2.50e-07
2026-08-04 17:47:50,474 INFO Epoch 41 | Batch 200/593 | Loss 3.01372 (Pin 0.86530 [q90 0.42333, q10 0.44197], MS 1.13746, Freq 3.36988) | LR 2.50e-07
2026-08-04 17:48:32,666 INFO Epoch 41 | Batch 250/593 | Loss 2.96911 (Pin 0.85852 [q90 0.41657, q10 0.44194], MS 1.09566, Freq 3.38312) | LR 2.50e-07
2026-08-04 17:49:14,863 INFO Epoch 41 | Batch 300/593 | Loss 3.04585 (Pin 0.88491 [q90 0.43479, q10 0.45012], MS 1.12233, Freq 3.46200) | LR 2.50e-07
2026-08-04 17:49:57,055 INFO Epoch 41 | Batch 350/593 | Loss 2.94371 (Pin 0.86013 [q90 0.42620, q10 0.43393], MS 1.06944, Freq 3.38046) | LR 2.50e-07
2026-08-04 17:50:39,215 INFO Epoch 41 | Batch 400/593 | Loss 2.97899 (Pin 0.85294 [q90 0.41996, q10 0.43298], MS 1.11085, Freq 3.38398) | LR 2.50e-07
2026-08-04 17:51:21,399 INFO Epoch 41 | Batch 450/593 | Loss 3.06627 (Pin 0.88049 [q90 0.43279, q10 0.44771], MS 1.15088, Freq 3.44967) | LR 2.50e-07
2026-08-04 17:52:03,587 INFO Epoch 41 | Batch 500/593 | Loss 3.05847 (Pin 0.86915 [q90 0.43000, q10 0.43916], MS 1.15920, Freq 3.43373) | LR 2.50e-07
2026-08-04 17:52:45,786 INFO Epoch 41 | Batch 550/593 | Loss 3.02539 (Pin 0.87210 [q90 0.42412, q10 0.44798], MS 1.12337, Freq 3.43306) | LR 2.50e-07
2026-08-04 17:53:57,369 INFO Epoch 41 | Val Loss 3.85025 (Pin 0.82632 [q90 0.41284, q10 0.41348], MS 2.01766, Freq 3.35423, L1 1.78741, Spectral 0.32406, Gradient 0.52593) | CRPS 1.18113
2026-08-04 17:53:57,370 INFO Epoch 41 | Coverage q10/q50/q90 = 0.082/0.492/0.902 (nominal .10/.50/.90) | extreme tail = 0.114/0.468/0.855
2026-08-04 17:53:57,540 INFO Epoch 41 | Val crps did not improve (7/50 val checks since best=1.17863)
2026-08-04 17:54:39,878 INFO Epoch 42 | Batch 50/593 | Loss 3.02404 (Pin 0.86296 [q90 0.42293, q10 0.44002], MS 1.14809, Freq 3.37664) | LR 2.50e-07
2026-08-04 17:55:22,121 INFO Epoch 42 | Batch 100/593 | Loss 3.03886 (Pin 0.86035 [q90 0.42139, q10 0.43896], MS 1.16498, Freq 3.37843) | LR 2.50e-07
2026-08-04 17:56:04,366 INFO Epoch 42 | Batch 150/593 | Loss 2.97848 (Pin 0.83550 [q90 0.41273, q10 0.42278], MS 1.14134, Freq 3.33881) | LR 2.50e-07
2026-08-04 17:56:46,625 INFO Epoch 42 | Batch 200/593 | Loss 3.08113 (Pin 0.89511 [q90 0.44019, q10 0.45492], MS 1.13692, Freq 3.49699) | LR 2.50e-07
2026-08-04 17:57:28,876 INFO Epoch 42 | Batch 250/593 | Loss 3.02196 (Pin 0.86277 [q90 0.42290, q10 0.43987], MS 1.13477, Freq 3.41474) | LR 2.50e-07
2026-08-04 17:58:11,123 INFO Epoch 42 | Batch 300/593 | Loss 3.05788 (Pin 0.88587 [q90 0.43255, q10 0.45333], MS 1.13375, Freq 3.46085) | LR 2.50e-07
2026-08-04 17:58:53,366 INFO Epoch 42 | Batch 350/593 | Loss 3.00490 (Pin 0.83724 [q90 0.41106, q10 0.42618], MS 1.16040, Freq 3.35756) | LR 2.50e-07
2026-08-04 17:59:35,582 INFO Epoch 42 | Batch 400/593 | Loss 3.08668 (Pin 0.87069 [q90 0.42638, q10 0.44431], MS 1.19332, Freq 3.40891) | LR 2.50e-07
2026-08-04 18:00:17,819 INFO Epoch 42 | Batch 450/593 | Loss 2.93849 (Pin 0.85257 [q90 0.42092, q10 0.43166], MS 1.07213, Freq 3.37930) | LR 2.50e-07
2026-08-04 18:01:00,055 INFO Epoch 42 | Batch 500/593 | Loss 3.03291 (Pin 0.87178 [q90 0.42939, q10 0.44239], MS 1.13173, Freq 3.43132) | LR 2.50e-07
2026-08-04 18:01:42,280 INFO Epoch 42 | Batch 550/593 | Loss 3.00441 (Pin 0.87388 [q90 0.42809, q10 0.44579], MS 1.11072, Freq 3.39935) | LR 2.50e-07
2026-08-04 18:02:54,264 INFO Epoch 42 | Val Loss 3.85739 (Pin 0.82691 [q90 0.41285, q10 0.41406], MS 2.01631, Freq 3.38055, L1 1.79593, Spectral 0.32481, Gradient 0.52955) | CRPS 1.18530
2026-08-04 18:02:54,264 INFO Epoch 42 | Coverage q10/q50/q90 = 0.080/0.489/0.903 (nominal .10/.50/.90) | extreme tail = 0.111/0.464/0.855
2026-08-04 18:02:54,435 INFO Epoch 42 | Val crps did not improve (8/50 val checks since best=1.17863)
2026-08-04 18:03:36,782 INFO Epoch 43 | Batch 50/593 | Loss 2.99499 (Pin 0.85944 [q90 0.42807, q10 0.43137], MS 1.10105, Freq 3.44831) | LR 2.50e-07
2026-08-04 18:04:19,005 INFO Epoch 43 | Batch 100/593 | Loss 2.97419 (Pin 0.86146 [q90 0.42419, q10 0.43728], MS 1.10236, Freq 3.36789) | LR 2.50e-07
2026-08-04 18:05:01,257 INFO Epoch 43 | Batch 150/593 | Loss 3.04494 (Pin 0.85675 [q90 0.41990, q10 0.43685], MS 1.15266, Freq 3.45175) | LR 2.50e-07
2026-08-04 18:05:43,457 INFO Epoch 43 | Batch 200/593 | Loss 2.98036 (Pin 0.84784 [q90 0.41039, q10 0.43745], MS 1.12443, Freq 3.36031) | LR 2.50e-07
2026-08-04 18:06:25,673 INFO Epoch 43 | Batch 250/593 | Loss 2.99144 (Pin 0.85343 [q90 0.41741, q10 0.43603], MS 1.12118, Freq 3.38943) | LR 2.50e-07
2026-08-04 18:07:07,880 INFO Epoch 43 | Batch 300/593 | Loss 2.96398 (Pin 0.86036 [q90 0.42276, q10 0.43759], MS 1.08766, Freq 3.38654) | LR 2.50e-07
2026-08-04 18:07:50,222 INFO Epoch 43 | Batch 350/593 | Loss 3.05032 (Pin 0.87115 [q90 0.42746, q10 0.44370], MS 1.14532, Freq 3.44614) | LR 2.50e-07
2026-08-04 18:08:32,421 INFO Epoch 43 | Batch 400/593 | Loss 3.10010 (Pin 0.88349 [q90 0.43315, q10 0.45035], MS 1.18173, Freq 3.44959) | LR 2.50e-07
2026-08-04 18:09:14,622 INFO Epoch 43 | Batch 450/593 | Loss 3.01442 (Pin 0.87475 [q90 0.42986, q10 0.44489], MS 1.10589, Freq 3.44593) | LR 2.50e-07
2026-08-04 18:09:56,871 INFO Epoch 43 | Batch 500/593 | Loss 2.96524 (Pin 0.84536 [q90 0.41353, q10 0.43183], MS 1.11694, Freq 3.34312) | LR 2.50e-07
2026-08-04 18:10:39,113 INFO Epoch 43 | Batch 550/593 | Loss 3.07482 (Pin 0.88978 [q90 0.44480, q10 0.44498], MS 1.14958, Freq 3.45154) | LR 2.50e-07
2026-08-04 18:11:51,522 INFO Epoch 43 | Val Loss 3.84463 (Pin 0.82660 [q90 0.41297, q10 0.41362], MS 2.01043, Freq 3.35865, L1 1.78908, Spectral 0.32454, Gradient 0.52733) | CRPS 1.18206
2026-08-04 18:11:51,523 INFO Epoch 43 | Coverage q10/q50/q90 = 0.081/0.487/0.900 (nominal .10/.50/.90) | extreme tail = 0.115/0.468/0.854
2026-08-04 18:11:51,704 INFO Epoch 43 | Val crps did not improve (9/50 val checks since best=1.17863)
2026-08-04 18:12:33,992 INFO Epoch 44 | Batch 50/593 | Loss 3.10270 (Pin 0.87092 [q90 0.42939, q10 0.44153], MS 1.21021, Freq 3.40526) | LR 2.50e-07
2026-08-04 18:13:16,217 INFO Epoch 44 | Batch 100/593 | Loss 3.06724 (Pin 0.86456 [q90 0.42558, q10 0.43897], MS 1.18981, Freq 3.37624) | LR 2.50e-07
2026-08-04 18:13:58,448 INFO Epoch 44 | Batch 150/593 | Loss 2.98053 (Pin 0.84292 [q90 0.41586, q10 0.42706], MS 1.12638, Freq 3.37076) | LR 2.50e-07
2026-08-04 18:14:40,666 INFO Epoch 44 | Batch 200/593 | Loss 3.06377 (Pin 0.88692 [q90 0.43577, q10 0.45115], MS 1.13178, Freq 3.48356) | LR 2.50e-07
2026-08-04 18:15:22,885 INFO Epoch 44 | Batch 250/593 | Loss 3.01095 (Pin 0.86086 [q90 0.42243, q10 0.43842], MS 1.13776, Freq 3.37443) | LR 2.50e-07
2026-08-04 18:16:05,090 INFO Epoch 44 | Batch 300/593 | Loss 2.94844 (Pin 0.84688 [q90 0.41690, q10 0.42998], MS 1.08727, Freq 3.38095) | LR 2.50e-07
2026-08-04 18:16:47,302 INFO Epoch 44 | Batch 350/593 | Loss 3.00340 (Pin 0.86569 [q90 0.42359, q10 0.44210], MS 1.10364, Freq 3.44690) | LR 2.50e-07
2026-08-04 18:17:29,512 INFO Epoch 44 | Batch 400/593 | Loss 3.02944 (Pin 0.86591 [q90 0.42000, q10 0.44591], MS 1.13131, Freq 3.44072) | LR 2.50e-07
2026-08-04 18:18:11,745 INFO Epoch 44 | Batch 450/593 | Loss 2.98808 (Pin 0.85641 [q90 0.41918, q10 0.43722], MS 1.11406, Freq 3.39205) | LR 2.50e-07
2026-08-04 18:18:53,998 INFO Epoch 44 | Batch 500/593 | Loss 3.00475 (Pin 0.87115 [q90 0.42755, q10 0.44359], MS 1.10674, Freq 3.42289) | LR 2.50e-07
2026-08-04 18:19:36,232 INFO Epoch 44 | Batch 550/593 | Loss 3.05701 (Pin 0.85718 [q90 0.42528, q10 0.43190], MS 1.18505, Freq 3.38260) | LR 2.50e-07
2026-08-04 18:21:36,150 INFO Epoch 44 | Val Loss 3.85293 (Pin 0.82659 [q90 0.41312, q10 0.41348], MS 2.01758, Freq 3.36250, L1 1.78894, Spectral 0.32423, Gradient 0.52697) | CRPS 1.18197
2026-08-04 18:21:36,151 INFO Epoch 44 | Coverage q10/q50/q90 = 0.082/0.492/0.902 (nominal .10/.50/.90) | extreme tail = 0.114/0.469/0.854
2026-08-04 18:21:36,322 INFO Epoch 44 | Val crps did not improve (10/50 val checks since best=1.17863)
2026-08-04 18:22:52,323 INFO Epoch 45 | Batch 50/593 | Loss 2.99314 (Pin 0.84773 [q90 0.41603, q10 0.43169], MS 1.12503, Freq 3.40127) | LR 2.50e-07
2026-08-04 18:24:08,222 INFO Epoch 45 | Batch 100/593 | Loss 3.06658 (Pin 0.88987 [q90 0.43773, q10 0.45214], MS 1.14118, Freq 3.45177) | LR 2.50e-07
2026-08-04 18:25:24,245 INFO Epoch 45 | Batch 150/593 | Loss 2.98293 (Pin 0.86054 [q90 0.42408, q10 0.43646], MS 1.09058, Freq 3.43937) | LR 2.50e-07
2026-08-04 18:26:40,265 INFO Epoch 45 | Batch 200/593 | Loss 2.97467 (Pin 0.87360 [q90 0.42786, q10 0.44574], MS 1.07196, Freq 3.43036) | LR 2.50e-07
2026-08-04 18:27:56,199 INFO Epoch 45 | Batch 250/593 | Loss 3.03330 (Pin 0.86504 [q90 0.42675, q10 0.43829], MS 1.14638, Freq 3.40630) | LR 2.50e-07
2026-08-04 18:29:12,127 INFO Epoch 45 | Batch 300/593 | Loss 3.03430 (Pin 0.86523 [q90 0.42326, q10 0.44197], MS 1.14833, Freq 3.40248) | LR 2.50e-07
2026-08-04 18:30:28,067 INFO Epoch 45 | Batch 350/593 | Loss 3.00534 (Pin 0.86178 [q90 0.42870, q10 0.43309], MS 1.11573, Freq 3.42609) | LR 2.50e-07
2026-08-04 18:31:43,888 INFO Epoch 45 | Batch 400/593 | Loss 3.06519 (Pin 0.86800 [q90 0.42924, q10 0.43876], MS 1.18168, Freq 3.38503) | LR 2.50e-07
2026-08-04 18:32:59,826 INFO Epoch 45 | Batch 450/593 | Loss 2.98704 (Pin 0.86056 [q90 0.41991, q10 0.44065], MS 1.10025, Freq 3.42077) | LR 2.50e-07
2026-08-04 18:34:15,743 INFO Epoch 45 | Batch 500/593 | Loss 3.02180 (Pin 0.86934 [q90 0.42794, q10 0.44140], MS 1.12602, Freq 3.42144) | LR 2.50e-07
2026-08-04 18:35:31,830 INFO Epoch 45 | Batch 550/593 | Loss 3.09714 (Pin 0.87231 [q90 0.42476, q10 0.44755], MS 1.19361, Freq 3.43739) | LR 2.50e-07
2026-08-04 18:37:43,270 INFO Epoch 45 | Val Loss 3.85256 (Pin 0.82647 [q90 0.41300, q10 0.41346], MS 2.01952, Freq 3.35521, L1 1.78730, Spectral 0.32426, Gradient 0.52638) | CRPS 1.18122
2026-08-04 18:37:43,270 INFO Epoch 45 | Coverage q10/q50/q90 = 0.082/0.492/0.901 (nominal .10/.50/.90) | extreme tail = 0.116/0.470/0.855
2026-08-04 18:37:43,646 INFO Epoch 45 | Val crps did not improve (11/50 val checks since best=1.17863)
2026-08-04 18:38:59,711 INFO Epoch 46 | Batch 50/593 | Loss 2.98752 (Pin 0.85525 [q90 0.41896, q10 0.43630], MS 1.11266, Freq 3.39869) | LR 2.50e-07
2026-08-04 18:40:15,874 INFO Epoch 46 | Batch 100/593 | Loss 3.01801 (Pin 0.86058 [q90 0.42384, q10 0.43674], MS 1.14804, Freq 3.36464) | LR 2.50e-07
2026-08-04 18:41:31,858 INFO Epoch 46 | Batch 150/593 | Loss 3.01682 (Pin 0.86848 [q90 0.42398, q10 0.44450], MS 1.12395, Freq 3.41463) | LR 2.50e-07
2026-08-04 18:42:47,884 INFO Epoch 46 | Batch 200/593 | Loss 2.94814 (Pin 0.83550 [q90 0.41499, q10 0.42051], MS 1.11117, Freq 3.33824) | LR 2.50e-07
2026-08-04 18:44:03,949 INFO Epoch 46 | Batch 250/593 | Loss 3.04181 (Pin 0.87427 [q90 0.42933, q10 0.44494], MS 1.13644, Freq 3.43701) | LR 2.50e-07
2026-08-04 18:45:19,870 INFO Epoch 46 | Batch 300/593 | Loss 2.96995 (Pin 0.83494 [q90 0.41388, q10 0.42106], MS 1.14115, Freq 3.31287) | LR 2.50e-07
2026-08-04 18:46:35,927 INFO Epoch 46 | Batch 350/593 | Loss 3.16975 (Pin 0.89202 [q90 0.43422, q10 0.45780], MS 1.22325, Freq 3.51494) | LR 2.50e-07
2026-08-04 18:47:51,903 INFO Epoch 46 | Batch 400/593 | Loss 3.09072 (Pin 0.88718 [q90 0.43384, q10 0.45333], MS 1.16675, Freq 3.45597) | LR 2.50e-07
2026-08-04 18:49:07,925 INFO Epoch 46 | Batch 450/593 | Loss 3.05100 (Pin 0.86181 [q90 0.42857, q10 0.43324], MS 1.15718, Freq 3.44004) | LR 2.50e-07
2026-08-04 18:50:24,176 INFO Epoch 46 | Batch 500/593 | Loss 3.03881 (Pin 0.86707 [q90 0.42244, q10 0.44463], MS 1.14780, Freq 3.41315) | LR 2.50e-07
2026-08-04 18:51:40,343 INFO Epoch 46 | Batch 550/593 | Loss 3.04969 (Pin 0.87665 [q90 0.42904, q10 0.44761], MS 1.14257, Freq 3.43487) | LR 2.50e-07
2026-08-04 18:53:50,326 INFO Epoch 46 | Val Loss 3.85080 (Pin 0.82651 [q90 0.41320, q10 0.41331], MS 2.01534, Freq 3.36319, L1 1.79062, Spectral 0.32531, Gradient 0.52935) | CRPS 1.18239
2026-08-04 18:53:50,326 INFO Epoch 46 | Coverage q10/q50/q90 = 0.083/0.495/0.903 (nominal .10/.50/.90) | extreme tail = 0.116/0.470/0.853
2026-08-04 18:53:50,517 INFO Epoch 46 | Val crps did not improve (12/50 val checks since best=1.17863)
2026-08-04 18:55:06,641 INFO Epoch 47 | Batch 50/593 | Loss 3.01007 (Pin 0.85977 [q90 0.42226, q10 0.43751], MS 1.12387, Freq 3.42143) | LR 2.50e-07
2026-08-04 18:56:22,654 INFO Epoch 47 | Batch 100/593 | Loss 2.99595 (Pin 0.85952 [q90 0.42206, q10 0.43745], MS 1.11419, Freq 3.40745) | LR 2.50e-07
2026-08-04 18:57:38,694 INFO Epoch 47 | Batch 150/593 | Loss 3.12596 (Pin 0.88228 [q90 0.43195, q10 0.45033], MS 1.21250, Freq 3.43726) | LR 2.50e-07
2026-08-04 18:58:54,706 INFO Epoch 47 | Batch 200/593 | Loss 2.95150 (Pin 0.83893 [q90 0.40750, q10 0.43143], MS 1.11561, Freq 3.32318) | LR 2.50e-07
2026-08-04 19:00:10,670 INFO Epoch 47 | Batch 250/593 | Loss 2.99625 (Pin 0.85519 [q90 0.42309, q10 0.43210], MS 1.12056, Freq 3.40166) | LR 2.50e-07
2026-08-04 19:01:26,662 INFO Epoch 47 | Batch 300/593 | Loss 3.02768 (Pin 0.84429 [q90 0.41669, q10 0.42760], MS 1.16092, Freq 3.40821) | LR 2.50e-07
2026-08-04 19:02:42,740 INFO Epoch 47 | Batch 350/593 | Loss 3.04746 (Pin 0.85174 [q90 0.41923, q10 0.43251], MS 1.17992, Freq 3.38601) | LR 2.50e-07
2026-08-04 19:03:58,682 INFO Epoch 47 | Batch 400/593 | Loss 3.06309 (Pin 0.88822 [q90 0.43212, q10 0.45610], MS 1.13688, Freq 3.45996) | LR 2.50e-07
2026-08-04 19:05:14,794 INFO Epoch 47 | Batch 450/593 | Loss 3.08962 (Pin 0.89358 [q90 0.43223, q10 0.46135], MS 1.15242, Freq 3.47875) | LR 2.50e-07
2026-08-04 19:06:30,775 INFO Epoch 47 | Batch 500/593 | Loss 3.00795 (Pin 0.85784 [q90 0.41593, q10 0.44191], MS 1.13416, Freq 3.38650) | LR 2.50e-07
2026-08-04 19:07:46,812 INFO Epoch 47 | Batch 550/593 | Loss 3.04115 (Pin 0.85714 [q90 0.42536, q10 0.43177], MS 1.15841, Freq 3.41867) | LR 2.50e-07
2026-08-04 19:09:57,953 INFO Epoch 47 | Val Loss 3.85001 (Pin 0.82630 [q90 0.41294, q10 0.41336], MS 2.01623, Freq 3.35825, L1 1.78859, Spectral 0.32440, Gradient 0.52706) | CRPS 1.18157
2026-08-04 19:09:57,953 INFO Epoch 47 | Coverage q10/q50/q90 = 0.082/0.495/0.903 (nominal .10/.50/.90) | extreme tail = 0.115/0.469/0.854
2026-08-04 19:09:58,125 INFO Epoch 47 | Val crps did not improve (13/50 val checks since best=1.17863)
2026-08-04 19:11:14,233 INFO Epoch 48 | Batch 50/593 | Loss 3.05297 (Pin 0.88154 [q90 0.43189, q10 0.44965], MS 1.14218, Freq 3.43085) | LR 2.50e-07
2026-08-04 19:12:30,233 INFO Epoch 48 | Batch 100/593 | Loss 3.01640 (Pin 0.86872 [q90 0.42380, q10 0.44492], MS 1.11506, Freq 3.44205) | LR 2.50e-07
2026-08-04 19:13:46,293 INFO Epoch 48 | Batch 150/593 | Loss 3.09193 (Pin 0.87675 [q90 0.43033, q10 0.44642], MS 1.18218, Freq 3.44336) | LR 2.50e-07
2026-08-04 19:15:02,317 INFO Epoch 48 | Batch 200/593 | Loss 3.01664 (Pin 0.86511 [q90 0.42980, q10 0.43531], MS 1.12821, Freq 3.41104) | LR 2.50e-07
2026-08-04 19:16:18,334 INFO Epoch 48 | Batch 250/593 | Loss 3.00243 (Pin 0.86297 [q90 0.42421, q10 0.43876], MS 1.11122, Freq 3.42746) | LR 2.50e-07
2026-08-04 19:17:34,300 INFO Epoch 48 | Batch 300/593 | Loss 3.02788 (Pin 0.88266 [q90 0.43480, q10 0.44786], MS 1.11490, Freq 3.43440) | LR 2.50e-07
2026-08-04 19:18:50,290 INFO Epoch 48 | Batch 350/593 | Loss 3.05390 (Pin 0.85742 [q90 0.41813, q10 0.43929], MS 1.17419, Freq 3.40762) | LR 2.50e-07
2026-08-04 19:20:06,272 INFO Epoch 48 | Batch 400/593 | Loss 3.06055 (Pin 0.85306 [q90 0.41793, q10 0.43513], MS 1.18707, Freq 3.40143) | LR 2.50e-07
2026-08-04 19:21:22,243 INFO Epoch 48 | Batch 450/593 | Loss 3.02839 (Pin 0.86416 [q90 0.42431, q10 0.43986], MS 1.15624, Freq 3.35995) | LR 2.50e-07
2026-08-04 19:22:38,234 INFO Epoch 48 | Batch 500/593 | Loss 3.07017 (Pin 0.87652 [q90 0.43439, q10 0.44213], MS 1.16336, Freq 3.43432) | LR 2.50e-07
2026-08-04 19:23:54,305 INFO Epoch 48 | Batch 550/593 | Loss 2.90887 (Pin 0.84276 [q90 0.41072, q10 0.43204], MS 1.05999, Freq 3.35374) | LR 2.50e-07
2026-08-04 19:26:05,673 INFO Epoch 48 | Val Loss 3.86039 (Pin 0.82667 [q90 0.41295, q10 0.41372], MS 2.02346, Freq 3.36752, L1 1.79086, Spectral 0.32511, Gradient 0.52927) | CRPS 1.18287
2026-08-04 19:26:05,674 INFO Epoch 48 | Coverage q10/q50/q90 = 0.081/0.491/0.902 (nominal .10/.50/.90) | extreme tail = 0.114/0.465/0.854
2026-08-04 19:26:05,844 INFO Epoch 48 | Val crps did not improve (14/50 val checks since best=1.17863)
2026-08-04 19:27:21,974 INFO Epoch 49 | Batch 50/593 | Loss 3.00655 (Pin 0.86852 [q90 0.43297, q10 0.43555], MS 1.12434, Freq 3.37896) | LR 2.50e-07
2026-08-04 19:28:38,036 INFO Epoch 49 | Batch 100/593 | Loss 3.03205 (Pin 0.85827 [q90 0.42017, q10 0.43810], MS 1.14571, Freq 3.42691) | LR 2.50e-07
2026-08-04 19:29:54,082 INFO Epoch 49 | Batch 150/593 | Loss 3.05938 (Pin 0.86880 [q90 0.42241, q10 0.44639], MS 1.16229, Freq 3.42760) | LR 2.50e-07
2026-08-04 19:31:10,406 INFO Epoch 49 | Batch 200/593 | Loss 2.92164 (Pin 0.83245 [q90 0.41060, q10 0.42185], MS 1.08375, Freq 3.35143) | LR 2.50e-07
2026-08-04 19:32:26,554 INFO Epoch 49 | Batch 250/593 | Loss 2.95911 (Pin 0.86704 [q90 0.42073, q10 0.44630], MS 1.06223, Freq 3.43281) | LR 2.50e-07
2026-08-04 19:33:42,676 INFO Epoch 49 | Batch 300/593 | Loss 3.09554 (Pin 0.87651 [q90 0.43612, q10 0.44039], MS 1.18301, Freq 3.45342) | LR 2.50e-07
2026-08-04 19:34:58,723 INFO Epoch 49 | Batch 350/593 | Loss 2.98887 (Pin 0.86160 [q90 0.41904, q10 0.44256], MS 1.11249, Freq 3.38262) | LR 2.50e-07
2026-08-04 19:36:14,722 INFO Epoch 49 | Batch 400/593 | Loss 3.07712 (Pin 0.89167 [q90 0.44039, q10 0.45128], MS 1.13750, Freq 3.49319) | LR 2.50e-07
2026-08-04 19:37:30,677 INFO Epoch 49 | Batch 450/593 | Loss 2.96421 (Pin 0.84607 [q90 0.41613, q10 0.42993], MS 1.11074, Freq 3.35801) | LR 2.50e-07
2026-08-04 19:38:46,733 INFO Epoch 49 | Batch 500/593 | Loss 3.01551 (Pin 0.86222 [q90 0.41743, q10 0.44479], MS 1.13365, Freq 3.39882) | LR 2.50e-07
2026-08-04 19:40:02,837 INFO Epoch 49 | Batch 550/593 | Loss 3.01262 (Pin 0.86701 [q90 0.43195, q10 0.43506], MS 1.11635, Freq 3.43086) | LR 2.50e-07
2026-08-04 19:42:13,212 INFO Epoch 49 | Val Loss 3.84582 (Pin 0.82757 [q90 0.41298, q10 0.41459], MS 2.00749, Freq 3.36918, L1 1.79201, Spectral 0.32503, Gradient 0.52953) | CRPS 1.18408
2026-08-04 19:42:13,213 INFO Epoch 49 | Coverage q10/q50/q90 = 0.079/0.484/0.901 (nominal .10/.50/.90) | extreme tail = 0.113/0.462/0.855
2026-08-04 19:42:13,385 INFO Epoch 49 | Val crps did not improve (15/50 val checks since best=1.17863)
2026-08-04 19:43:29,479 INFO Epoch 50 | Batch 50/593 | Loss 3.04288 (Pin 0.87172 [q90 0.42468, q10 0.44703], MS 1.13291, Freq 3.46085) | LR 2.50e-07
2026-08-04 19:44:45,589 INFO Epoch 50 | Batch 100/593 | Loss 2.98128 (Pin 0.85979 [q90 0.42243, q10 0.43735], MS 1.10518, Freq 3.38769) | LR 2.50e-07
2026-08-04 19:46:01,728 INFO Epoch 50 | Batch 150/593 | Loss 3.05946 (Pin 0.87030 [q90 0.42776, q10 0.44254], MS 1.16024, Freq 3.42976) | LR 2.50e-07
2026-08-04 19:47:17,737 INFO Epoch 50 | Batch 200/593 | Loss 2.99328 (Pin 0.85571 [q90 0.42159, q10 0.43412], MS 1.12093, Freq 3.38880) | LR 2.50e-07
2026-08-04 19:48:33,749 INFO Epoch 50 | Batch 250/593 | Loss 2.97184 (Pin 0.83854 [q90 0.40930, q10 0.42924], MS 1.12597, Freq 3.35776) | LR 2.50e-07
2026-08-04 19:49:49,750 INFO Epoch 50 | Batch 300/593 | Loss 3.00250 (Pin 0.84489 [q90 0.41585, q10 0.42904], MS 1.13730, Freq 3.40106) | LR 2.50e-07
2026-08-04 19:51:05,915 INFO Epoch 50 | Batch 350/593 | Loss 3.10468 (Pin 0.89880 [q90 0.44115, q10 0.45765], MS 1.15394, Freq 3.50647) | LR 2.50e-07
2026-08-04 19:52:07,568 INFO Epoch 50 | Batch 400/593 | Loss 3.10983 (Pin 0.89698 [q90 0.44500, q10 0.45198], MS 1.16880, Freq 3.48016) | LR 2.50e-07
2026-08-04 19:52:49,768 INFO Epoch 50 | Batch 450/593 | Loss 2.99159 (Pin 0.85869 [q90 0.41779, q10 0.44090], MS 1.11622, Freq 3.38894) | LR 2.50e-07
2026-08-04 19:53:31,968 INFO Epoch 50 | Batch 500/593 | Loss 3.08794 (Pin 0.86326 [q90 0.42909, q10 0.43417], MS 1.20740, Freq 3.39092) | LR 2.50e-07
2026-08-04 19:54:14,179 INFO Epoch 50 | Batch 550/593 | Loss 2.95747 (Pin 0.84060 [q90 0.41038, q10 0.43022], MS 1.10942, Freq 3.35819) | LR 2.50e-07
2026-08-04 19:55:26,525 INFO Epoch 50 | Val Loss 3.84742 (Pin 0.82680 [q90 0.41295, q10 0.41385], MS 2.01205, Freq 3.36189, L1 1.78953, Spectral 0.32496, Gradient 0.52845) | CRPS 1.18247
2026-08-04 19:55:26,525 INFO Epoch 50 | Coverage q10/q50/q90 = 0.080/0.487/0.901 (nominal .10/.50/.90) | extreme tail = 0.114/0.467/0.855
2026-08-04 19:55:26,700 INFO Epoch 50 | Val crps did not improve (16/50 val checks since best=1.17863)
2026-08-04 19:56:09,010 INFO Epoch 51 | Batch 50/593 | Loss 2.99140 (Pin 0.85975 [q90 0.42304, q10 0.43671], MS 1.09398, Freq 3.45888) | LR 2.50e-07
2026-08-04 19:56:51,265 INFO Epoch 51 | Batch 100/593 | Loss 3.02993 (Pin 0.86791 [q90 0.42443, q10 0.44348], MS 1.14149, Freq 3.40175) | LR 2.50e-07
2026-08-04 19:57:33,496 INFO Epoch 51 | Batch 150/593 | Loss 3.04308 (Pin 0.87417 [q90 0.43472, q10 0.43945], MS 1.14376, Freq 3.41716) | LR 2.50e-07
2026-08-04 19:58:15,738 INFO Epoch 51 | Batch 200/593 | Loss 3.05154 (Pin 0.86967 [q90 0.42950, q10 0.44017], MS 1.15735, Freq 3.41508) | LR 2.50e-07
2026-08-04 19:58:57,990 INFO Epoch 51 | Batch 250/593 | Loss 3.02483 (Pin 0.85393 [q90 0.42255, q10 0.43138], MS 1.16088, Freq 3.36672) | LR 2.50e-07
2026-08-04 19:59:40,237 INFO Epoch 51 | Batch 300/593 | Loss 2.92327 (Pin 0.85985 [q90 0.42104, q10 0.43881], MS 1.05257, Freq 3.36947) | LR 2.50e-07
2026-08-04 20:00:22,448 INFO Epoch 51 | Batch 350/593 | Loss 3.06538 (Pin 0.87119 [q90 0.43205, q10 0.43914], MS 1.16348, Freq 3.43570) | LR 2.50e-07
2026-08-04 20:01:04,661 INFO Epoch 51 | Batch 400/593 | Loss 3.01165 (Pin 0.85557 [q90 0.41890, q10 0.43667], MS 1.14330, Freq 3.37595) | LR 2.50e-07
2026-08-04 20:01:46,854 INFO Epoch 51 | Batch 450/593 | Loss 3.12445 (Pin 0.88512 [q90 0.42723, q10 0.45789], MS 1.19048, Freq 3.49616) | LR 2.50e-07
2026-08-04 20:02:29,060 INFO Epoch 51 | Batch 500/593 | Loss 2.99864 (Pin 0.85422 [q90 0.42101, q10 0.43321], MS 1.13555, Freq 3.36290) | LR 2.50e-07
2026-08-04 20:03:11,261 INFO Epoch 51 | Batch 550/593 | Loss 2.99868 (Pin 0.85726 [q90 0.41616, q10 0.44110], MS 1.12281, Freq 3.39535) | LR 2.50e-07
2026-08-04 20:04:23,167 INFO Epoch 51 | Val Loss 3.84142 (Pin 0.82682 [q90 0.41307, q10 0.41376], MS 2.00377, Freq 3.36941, L1 1.79153, Spectral 0.32461, Gradient 0.52877) | CRPS 1.18330
2026-08-04 20:04:23,168 INFO Epoch 51 | Coverage q10/q50/q90 = 0.080/0.491/0.902 (nominal .10/.50/.90) | extreme tail = 0.113/0.466/0.854
2026-08-04 20:04:23,341 INFO Epoch 51 | Val crps did not improve (17/50 val checks since best=1.17863)
2026-08-04 20:05:05,615 INFO Epoch 52 | Batch 50/593 | Loss 2.98305 (Pin 0.86326 [q90 0.42336, q10 0.43990], MS 1.09122, Freq 3.42857) | LR 2.50e-07
2026-08-04 20:05:47,834 INFO Epoch 52 | Batch 100/593 | Loss 3.01829 (Pin 0.85976 [q90 0.42361, q10 0.43615], MS 1.14968, Freq 3.36283) | LR 2.50e-07
2026-08-04 20:06:30,020 INFO Epoch 52 | Batch 150/593 | Loss 3.06686 (Pin 0.87034 [q90 0.43040, q10 0.43995], MS 1.17758, Freq 3.39645) | LR 2.50e-07
2026-08-04 20:07:12,235 INFO Epoch 52 | Batch 200/593 | Loss 3.01606 (Pin 0.86321 [q90 0.42164, q10 0.44157], MS 1.13270, Freq 3.40048) | LR 2.50e-07
2026-08-04 20:07:54,456 INFO Epoch 52 | Batch 250/593 | Loss 3.00032 (Pin 0.85134 [q90 0.41568, q10 0.43566], MS 1.12950, Freq 3.39828) | LR 2.50e-07
2026-08-04 20:08:36,668 INFO Epoch 52 | Batch 300/593 | Loss 3.08981 (Pin 0.87502 [q90 0.43155, q10 0.44347], MS 1.17726, Freq 3.45843) | LR 2.50e-07
2026-08-04 20:09:18,871 INFO Epoch 52 | Batch 350/593 | Loss 3.07807 (Pin 0.86046 [q90 0.42381, q10 0.43665], MS 1.19317, Freq 3.41480) | LR 2.50e-07
2026-08-04 20:10:01,084 INFO Epoch 52 | Batch 400/593 | Loss 3.09094 (Pin 0.88440 [q90 0.43378, q10 0.45062], MS 1.16860, Freq 3.45981) | LR 2.50e-07
2026-08-04 20:10:43,288 INFO Epoch 52 | Batch 450/593 | Loss 3.04534 (Pin 0.86356 [q90 0.42291, q10 0.44065], MS 1.15197, Freq 3.43268) | LR 2.50e-07
2026-08-04 20:11:25,483 INFO Epoch 52 | Batch 500/593 | Loss 3.00669 (Pin 0.86485 [q90 0.42408, q10 0.44077], MS 1.12403, Freq 3.39273) | LR 2.50e-07
2026-08-04 20:12:07,701 INFO Epoch 52 | Batch 550/593 | Loss 3.01678 (Pin 0.85435 [q90 0.41718, q10 0.43717], MS 1.13738, Freq 3.41682) | LR 2.50e-07
2026-08-04 20:13:20,013 INFO Epoch 52 | Val Loss 3.85788 (Pin 0.82679 [q90 0.41301, q10 0.41378], MS 2.02178, Freq 3.36437, L1 1.79055, Spectral 0.32466, Gradient 0.52813) | CRPS 1.18289
2026-08-04 20:13:20,014 INFO Epoch 52 | Coverage q10/q50/q90 = 0.080/0.490/0.902 (nominal .10/.50/.90) | extreme tail = 0.113/0.468/0.856
2026-08-04 20:13:20,188 INFO Epoch 52 | Val crps did not improve (18/50 val checks since best=1.17863)
2026-08-04 20:14:02,462 INFO Epoch 53 | Batch 50/593 | Loss 3.03622 (Pin 0.86993 [q90 0.42205, q10 0.44788], MS 1.14758, Freq 3.39572) | LR 2.50e-07
2026-08-04 20:14:44,682 INFO Epoch 53 | Batch 100/593 | Loss 3.04977 (Pin 0.87384 [q90 0.42433, q10 0.44951], MS 1.15431, Freq 3.40544) | LR 2.50e-07
2026-08-04 20:15:26,921 INFO Epoch 53 | Batch 150/593 | Loss 2.98969 (Pin 0.86344 [q90 0.42303, q10 0.44042], MS 1.11404, Freq 3.37404) | LR 2.50e-07
2026-08-04 20:16:09,139 INFO Epoch 53 | Batch 200/593 | Loss 3.00672 (Pin 0.85704 [q90 0.42828, q10 0.42876], MS 1.13253, Freq 3.39048) | LR 2.50e-07
2026-08-04 20:16:51,394 INFO Epoch 53 | Batch 250/593 | Loss 3.07627 (Pin 0.86875 [q90 0.43071, q10 0.43804], MS 1.17637, Freq 3.43715) | LR 2.50e-07
2026-08-04 20:17:33,642 INFO Epoch 53 | Batch 300/593 | Loss 3.06766 (Pin 0.86120 [q90 0.42160, q10 0.43960], MS 1.18277, Freq 3.41230) | LR 2.50e-07
2026-08-04 20:18:15,903 INFO Epoch 53 | Batch 350/593 | Loss 3.02235 (Pin 0.86415 [q90 0.42486, q10 0.43929], MS 1.13255, Freq 3.41886) | LR 2.50e-07
2026-08-04 20:18:58,153 INFO Epoch 53 | Batch 400/593 | Loss 3.02977 (Pin 0.85351 [q90 0.42072, q10 0.43279], MS 1.15935, Freq 3.38972) | LR 2.50e-07
2026-08-04 20:19:40,401 INFO Epoch 53 | Batch 450/593 | Loss 2.95525 (Pin 0.85843 [q90 0.42350, q10 0.43493], MS 1.07943, Freq 3.39129) | LR 2.50e-07
2026-08-04 20:20:22,623 INFO Epoch 53 | Batch 500/593 | Loss 3.02569 (Pin 0.88018 [q90 0.43344, q10 0.44673], MS 1.11370, Freq 3.43938) | LR 2.50e-07
2026-08-04 20:21:04,837 INFO Epoch 53 | Batch 550/593 | Loss 3.04825 (Pin 0.88361 [q90 0.43406, q10 0.44955], MS 1.12439, Freq 3.46749) | LR 2.50e-07
2026-08-04 20:22:17,015 INFO Epoch 53 | Val Loss 3.85371 (Pin 0.82663 [q90 0.41320, q10 0.41343], MS 2.01759, Freq 3.36496, L1 1.79042, Spectral 0.32430, Gradient 0.52708) | CRPS 1.18249
2026-08-04 20:22:17,016 INFO Epoch 53 | Coverage q10/q50/q90 = 0.082/0.491/0.901 (nominal .10/.50/.90) | extreme tail = 0.114/0.468/0.854
2026-08-04 20:22:17,193 INFO Epoch 53 | Val crps did not improve (19/50 val checks since best=1.17863)
2026-08-04 20:22:59,462 INFO Epoch 54 | Batch 50/593 | Loss 3.06922 (Pin 0.85567 [q90 0.42225, q10 0.43342], MS 1.20263, Freq 3.36974) | LR 2.50e-07
2026-08-04 20:23:41,695 INFO Epoch 54 | Batch 100/593 | Loss 2.98153 (Pin 0.83818 [q90 0.41061, q10 0.42757], MS 1.13582, Freq 3.35844) | LR 2.50e-07
2026-08-04 20:24:23,972 INFO Epoch 54 | Batch 150/593 | Loss 3.07112 (Pin 0.87623 [q90 0.43065, q10 0.44558], MS 1.15710, Freq 3.45929) | LR 2.50e-07
2026-08-04 20:25:06,336 INFO Epoch 54 | Batch 200/593 | Loss 3.09502 (Pin 0.86933 [q90 0.43095, q10 0.43837], MS 1.18459, Freq 3.47033) | LR 2.50e-07
2026-08-04 20:25:48,681 INFO Epoch 54 | Batch 250/593 | Loss 3.03184 (Pin 0.86676 [q90 0.42456, q10 0.44219], MS 1.13085, Freq 3.44745) | LR 2.50e-07
2026-08-04 20:26:31,043 INFO Epoch 54 | Batch 300/593 | Loss 3.00641 (Pin 0.86659 [q90 0.42608, q10 0.44052], MS 1.12414, Freq 3.38558) | LR 2.50e-07
2026-08-04 20:27:13,385 INFO Epoch 54 | Batch 350/593 | Loss 2.97956 (Pin 0.85426 [q90 0.41944, q10 0.43481], MS 1.11981, Freq 3.35163) | LR 2.50e-07
2026-08-04 20:27:55,719 INFO Epoch 54 | Batch 400/593 | Loss 3.03702 (Pin 0.87117 [q90 0.42477, q10 0.44640], MS 1.13582, Freq 3.43344) | LR 2.50e-07
2026-08-04 20:28:38,047 INFO Epoch 54 | Batch 450/593 | Loss 3.08803 (Pin 0.86642 [q90 0.42549, q10 0.44094], MS 1.19626, Freq 3.41785) | LR 2.50e-07
2026-08-04 20:29:20,298 INFO Epoch 54 | Batch 500/593 | Loss 3.06151 (Pin 0.87616 [q90 0.42660, q10 0.44955], MS 1.15663, Freq 3.42906) | LR 2.50e-07
2026-08-04 20:30:02,522 INFO Epoch 54 | Batch 550/593 | Loss 3.12615 (Pin 0.88115 [q90 0.43168, q10 0.44947], MS 1.21358, Freq 3.43809) | LR 2.50e-07
2026-08-04 20:31:14,199 INFO Epoch 54 | Val Loss 3.84154 (Pin 0.82669 [q90 0.41312, q10 0.41357], MS 2.00943, Freq 3.35136, L1 1.78619, Spectral 0.32363, Gradient 0.52484) | CRPS 1.18078
2026-08-04 20:31:14,199 INFO Epoch 54 | Coverage q10/q50/q90 = 0.080/0.486/0.900 (nominal .10/.50/.90) | extreme tail = 0.114/0.466/0.854
2026-08-04 20:31:14,375 INFO Epoch 54 | Val crps did not improve (20/50 val checks since best=1.17863)
2026-08-04 20:31:56,804 INFO Epoch 55 | Batch 50/593 | Loss 2.96279 (Pin 0.84705 [q90 0.40992, q10 0.43713], MS 1.10183, Freq 3.37969) | LR 2.50e-07
2026-08-04 20:32:39,008 INFO Epoch 55 | Batch 100/593 | Loss 3.02111 (Pin 0.85622 [q90 0.41305, q10 0.44317], MS 1.14894, Freq 3.38653) | LR 2.50e-07
2026-08-04 20:33:21,206 INFO Epoch 55 | Batch 150/593 | Loss 3.08179 (Pin 0.87303 [q90 0.42383, q10 0.44920], MS 1.17419, Freq 3.44854) | LR 2.50e-07
2026-08-04 20:34:03,436 INFO Epoch 55 | Batch 200/593 | Loss 2.98661 (Pin 0.85802 [q90 0.42596, q10 0.43206], MS 1.11208, Freq 3.38835) | LR 2.50e-07
2026-08-04 20:34:45,649 INFO Epoch 55 | Batch 250/593 | Loss 3.17861 (Pin 0.90200 [q90 0.44428, q10 0.45773], MS 1.22685, Freq 3.49919) | LR 2.50e-07
2026-08-04 20:35:27,845 INFO Epoch 55 | Batch 300/593 | Loss 3.04373 (Pin 0.86732 [q90 0.42772, q10 0.43960], MS 1.16065, Freq 3.38588) | LR 2.50e-07
2026-08-04 20:36:10,066 INFO Epoch 55 | Batch 350/593 | Loss 3.09179 (Pin 0.87890 [q90 0.42911, q10 0.44979], MS 1.18149, Freq 3.43801) | LR 2.50e-07
2026-08-04 20:36:52,302 INFO Epoch 55 | Batch 400/593 | Loss 3.04817 (Pin 0.86889 [q90 0.42764, q10 0.44125], MS 1.14378, Freq 3.45163) | LR 2.50e-07
2026-08-04 20:37:34,518 INFO Epoch 55 | Batch 450/593 | Loss 3.01347 (Pin 0.84521 [q90 0.41846, q10 0.42675], MS 1.15754, Freq 3.36909) | LR 2.50e-07
2026-08-04 20:38:16,736 INFO Epoch 55 | Batch 500/593 | Loss 3.03876 (Pin 0.86291 [q90 0.42769, q10 0.43521], MS 1.15641, Freq 3.39817) | LR 2.50e-07
2026-08-04 20:38:58,951 INFO Epoch 55 | Batch 550/593 | Loss 3.00490 (Pin 0.87321 [q90 0.42912, q10 0.44410], MS 1.10838, Freq 3.41099) | LR 2.50e-07
2026-08-04 20:40:11,219 INFO Epoch 55 | Val Loss 3.85735 (Pin 0.82640 [q90 0.41296, q10 0.41345], MS 2.02331, Freq 3.35879, L1 1.78828, Spectral 0.32445, Gradient 0.52713) | CRPS 1.18149
2026-08-04 20:40:11,220 INFO Epoch 55 | Coverage q10/q50/q90 = 0.081/0.491/0.901 (nominal .10/.50/.90) | extreme tail = 0.115/0.469/0.854
2026-08-04 20:40:11,389 INFO Epoch 55 | Val crps did not improve (21/50 val checks since best=1.17863)
2026-08-04 20:40:53,697 INFO Epoch 56 | Batch 50/593 | Loss 2.93734 (Pin 0.84930 [q90 0.41936, q10 0.42994], MS 1.06803, Freq 3.40003) | LR 2.50e-07
2026-08-04 20:41:35,912 INFO Epoch 56 | Batch 100/593 | Loss 2.99416 (Pin 0.86810 [q90 0.42536, q10 0.44274], MS 1.10587, Freq 3.40065) | LR 2.50e-07
2026-08-04 20:42:18,122 INFO Epoch 56 | Batch 150/593 | Loss 2.98749 (Pin 0.85643 [q90 0.42169, q10 0.43474], MS 1.11300, Freq 3.39352) | LR 2.50e-07
2026-08-04 20:43:00,328 INFO Epoch 56 | Batch 200/593 | Loss 3.04221 (Pin 0.88041 [q90 0.42854, q10 0.45187], MS 1.12668, Freq 3.45037) | LR 2.50e-07
2026-08-04 20:43:42,529 INFO Epoch 56 | Batch 250/593 | Loss 3.08299 (Pin 0.86892 [q90 0.42741, q10 0.44151], MS 1.18268, Freq 3.43798) | LR 2.50e-07
2026-08-04 20:44:24,722 INFO Epoch 56 | Batch 300/593 | Loss 2.99757 (Pin 0.85473 [q90 0.41721, q10 0.43752], MS 1.11673, Freq 3.42040) | LR 2.50e-07
2026-08-04 20:45:06,929 INFO Epoch 56 | Batch 350/593 | Loss 3.01779 (Pin 0.86582 [q90 0.43142, q10 0.43440], MS 1.12163, Freq 3.43445) | LR 2.50e-07
2026-08-04 20:45:49,158 INFO Epoch 56 | Batch 400/593 | Loss 3.14120 (Pin 0.88542 [q90 0.43586, q10 0.44956], MS 1.21716, Freq 3.46209) | LR 2.50e-07
2026-08-04 20:46:31,397 INFO Epoch 56 | Batch 450/593 | Loss 2.94670 (Pin 0.84575 [q90 0.41955, q10 0.42620], MS 1.09878, Freq 3.34054) | LR 2.50e-07
2026-08-04 20:47:13,646 INFO Epoch 56 | Batch 500/593 | Loss 2.99684 (Pin 0.85155 [q90 0.41423, q10 0.43732], MS 1.12924, Freq 3.38684) | LR 2.50e-07
2026-08-04 20:47:55,877 INFO Epoch 56 | Batch 550/593 | Loss 3.00927 (Pin 0.86628 [q90 0.42381, q10 0.44247], MS 1.12504, Freq 3.39320) | LR 2.50e-07
2026-08-04 20:49:08,087 INFO Epoch 56 | Val Loss 3.85168 (Pin 0.82635 [q90 0.41296, q10 0.41339], MS 2.01794, Freq 3.35796, L1 1.78885, Spectral 0.32455, Gradient 0.52763) | CRPS 1.18164
2026-08-04 20:49:08,088 INFO Epoch 56 | Coverage q10/q50/q90 = 0.082/0.493/0.902 (nominal .10/.50/.90) | extreme tail = 0.116/0.470/0.853
2026-08-04 20:49:08,263 INFO Epoch 56 | Val crps did not improve (22/50 val checks since best=1.17863)
2026-08-04 20:49:50,580 INFO Epoch 57 | Batch 50/593 | Loss 2.99871 (Pin 0.86033 [q90 0.41838, q10 0.44196], MS 1.12422, Freq 3.38052) | LR 2.50e-07
2026-08-04 20:50:32,818 INFO Epoch 57 | Batch 100/593 | Loss 2.99896 (Pin 0.85798 [q90 0.42085, q10 0.43713], MS 1.11379, Freq 3.42395) | LR 2.50e-07
2026-08-04 20:51:15,043 INFO Epoch 57 | Batch 150/593 | Loss 3.01996 (Pin 0.86166 [q90 0.42514, q10 0.43652], MS 1.12159, Freq 3.45572) | LR 2.50e-07
2026-08-04 20:51:57,281 INFO Epoch 57 | Batch 200/593 | Loss 3.06204 (Pin 0.87355 [q90 0.42951, q10 0.44404], MS 1.15847, Freq 3.43341) | LR 2.50e-07
2026-08-04 20:52:39,548 INFO Epoch 57 | Batch 250/593 | Loss 3.09018 (Pin 0.86730 [q90 0.42637, q10 0.44093], MS 1.20544, Freq 3.39146) | LR 2.50e-07
2026-08-04 20:53:21,771 INFO Epoch 57 | Batch 300/593 | Loss 2.97407 (Pin 0.85262 [q90 0.41345, q10 0.43916], MS 1.09400, Freq 3.42486) | LR 2.50e-07
2026-08-04 20:54:04,007 INFO Epoch 57 | Batch 350/593 | Loss 3.02165 (Pin 0.86960 [q90 0.42295, q10 0.44665], MS 1.12967, Freq 3.40793) | LR 2.50e-07
2026-08-04 20:54:46,239 INFO Epoch 57 | Batch 400/593 | Loss 3.08559 (Pin 0.87042 [q90 0.42731, q10 0.44311], MS 1.18301, Freq 3.44057) | LR 2.50e-07
2026-08-04 20:55:28,478 INFO Epoch 57 | Batch 450/593 | Loss 3.08273 (Pin 0.89345 [q90 0.44106, q10 0.45239], MS 1.15914, Freq 3.43380) | LR 2.50e-07
2026-08-04 20:56:10,758 INFO Epoch 57 | Batch 500/593 | Loss 3.05571 (Pin 0.84572 [q90 0.41687, q10 0.42885], MS 1.18956, Freq 3.40142) | LR 2.50e-07
2026-08-04 20:56:53,012 INFO Epoch 57 | Batch 550/593 | Loss 2.97848 (Pin 0.86843 [q90 0.42720, q10 0.44123], MS 1.09569, Freq 3.38118) | LR 2.50e-07
2026-08-04 20:58:04,685 INFO Epoch 57 | Val Loss 3.84993 (Pin 0.82601 [q90 0.41276, q10 0.41324], MS 2.01554, Freq 3.36130, L1 1.78959, Spectral 0.32407, Gradient 0.52670) | CRPS 1.18182
2026-08-04 20:58:04,686 INFO Epoch 57 | Coverage q10/q50/q90 = 0.082/0.494/0.902 (nominal .10/.50/.90) | extreme tail = 0.116/0.470/0.853
2026-08-04 20:58:04,851 INFO Epoch 57 | Val crps did not improve (23/50 val checks since best=1.17863)
2026-08-04 20:58:47,174 INFO Epoch 58 | Batch 50/593 | Loss 3.07123 (Pin 0.87854 [q90 0.43218, q10 0.44636], MS 1.15085, Freq 3.47279) | LR 2.50e-07
2026-08-04 20:59:29,425 INFO Epoch 58 | Batch 100/593 | Loss 2.98056 (Pin 0.84213 [q90 0.41376, q10 0.42838], MS 1.12985, Freq 3.36192) | LR 2.50e-07
2026-08-04 21:00:11,672 INFO Epoch 58 | Batch 150/593 | Loss 3.06309 (Pin 0.88026 [q90 0.43080, q10 0.44946], MS 1.14696, Freq 3.45292) | LR 2.50e-07
2026-08-04 21:00:53,943 INFO Epoch 58 | Batch 200/593 | Loss 3.07205 (Pin 0.87983 [q90 0.43259, q10 0.44724], MS 1.17363, Freq 3.39528) | LR 2.50e-07
2026-08-04 21:01:36,216 INFO Epoch 58 | Batch 250/593 | Loss 2.99242 (Pin 0.85345 [q90 0.41842, q10 0.43503], MS 1.12076, Freq 3.39403) | LR 2.50e-07
2026-08-04 21:02:18,475 INFO Epoch 58 | Batch 300/593 | Loss 3.04639 (Pin 0.86330 [q90 0.42326, q10 0.44004], MS 1.15952, Freq 3.41189) | LR 2.50e-07
2026-08-04 21:03:00,713 INFO Epoch 58 | Batch 350/593 | Loss 3.03835 (Pin 0.85645 [q90 0.42061, q10 0.43584], MS 1.16199, Freq 3.39968) | LR 2.50e-07
2026-08-04 21:03:42,955 INFO Epoch 58 | Batch 400/593 | Loss 3.02884 (Pin 0.86501 [q90 0.41906, q10 0.44595], MS 1.14069, Freq 3.41044) | LR 2.50e-07
2026-08-04 21:04:25,193 INFO Epoch 58 | Batch 450/593 | Loss 3.00760 (Pin 0.85570 [q90 0.42260, q10 0.43310], MS 1.12985, Freq 3.40682) | LR 2.50e-07
2026-08-04 21:05:07,440 INFO Epoch 58 | Batch 500/593 | Loss 3.06133 (Pin 0.87128 [q90 0.43016, q10 0.44112], MS 1.15693, Freq 3.44372) | LR 2.50e-07
2026-08-04 21:05:49,687 INFO Epoch 58 | Batch 550/593 | Loss 3.01283 (Pin 0.84700 [q90 0.41588, q10 0.43112], MS 1.15436, Freq 3.37155) | LR 2.50e-07
2026-08-04 21:07:01,597 INFO Epoch 58 | Val Loss 3.84246 (Pin 0.82632 [q90 0.41266, q10 0.41366], MS 2.00746, Freq 3.36226, L1 1.78937, Spectral 0.32444, Gradient 0.52752) | CRPS 1.18209
2026-08-04 21:07:01,597 INFO Epoch 58 | Coverage q10/q50/q90 = 0.081/0.494/0.903 (nominal .10/.50/.90) | extreme tail = 0.115/0.468/0.855
2026-08-04 21:07:01,772 INFO Epoch 58 | Val crps did not improve (24/50 val checks since best=1.17863)
2026-08-04 21:07:44,131 INFO Epoch 59 | Batch 50/593 | Loss 2.97659 (Pin 0.85743 [q90 0.42057, q10 0.43686], MS 1.09891, Freq 3.40084) | LR 2.50e-07
2026-08-04 21:08:26,368 INFO Epoch 59 | Batch 100/593 | Loss 3.00833 (Pin 0.85562 [q90 0.41679, q10 0.43883], MS 1.13741, Freq 3.38433) | LR 2.50e-07
2026-08-04 21:09:08,610 INFO Epoch 59 | Batch 150/593 | Loss 2.97924 (Pin 0.84923 [q90 0.41676, q10 0.43247], MS 1.11425, Freq 3.38586) | LR 2.50e-07
2026-08-04 21:09:50,850 INFO Epoch 59 | Batch 200/593 | Loss 2.97422 (Pin 0.83908 [q90 0.41350, q10 0.42558], MS 1.12989, Freq 3.35086) | LR 2.50e-07
2026-08-04 21:10:33,080 INFO Epoch 59 | Batch 250/593 | Loss 2.97536 (Pin 0.85334 [q90 0.41875, q10 0.43459], MS 1.11407, Freq 3.35982) | LR 2.50e-07
2026-08-04 21:11:15,330 INFO Epoch 59 | Batch 300/593 | Loss 2.98299 (Pin 0.87204 [q90 0.42804, q10 0.44400], MS 1.08111, Freq 3.43280) | LR 2.50e-07
2026-08-04 21:11:57,580 INFO Epoch 59 | Batch 350/593 | Loss 3.04926 (Pin 0.88811 [q90 0.43868, q10 0.44943], MS 1.13709, Freq 3.41355) | LR 2.50e-07
2026-08-04 21:12:39,812 INFO Epoch 59 | Batch 400/593 | Loss 2.95246 (Pin 0.83413 [q90 0.41258, q10 0.42155], MS 1.11330, Freq 3.35012) | LR 2.50e-07
2026-08-04 21:13:22,028 INFO Epoch 59 | Batch 450/593 | Loss 3.15514 (Pin 0.91283 [q90 0.44350, q10 0.46933], MS 1.17872, Freq 3.54527) | LR 2.50e-07
2026-08-04 21:14:04,243 INFO Epoch 59 | Batch 500/593 | Loss 3.03043 (Pin 0.87199 [q90 0.43067, q10 0.44132], MS 1.12152, Freq 3.45640) | LR 2.50e-07
2026-08-04 21:14:46,454 INFO Epoch 59 | Batch 550/593 | Loss 3.09267 (Pin 0.87128 [q90 0.42481, q10 0.44646], MS 1.18330, Freq 3.46029) | LR 2.50e-07
2026-08-04 21:15:58,094 INFO Epoch 59 | Val Loss 3.84963 (Pin 0.82682 [q90 0.41261, q10 0.41420], MS 2.01122, Freq 3.37197, L1 1.79358, Spectral 0.32455, Gradient 0.52853) | CRPS 1.18437
2026-08-04 21:15:58,095 INFO Epoch 59 | Coverage q10/q50/q90 = 0.079/0.485/0.901 (nominal .10/.50/.90) | extreme tail = 0.112/0.465/0.856
2026-08-04 21:15:58,301 INFO Epoch 59 | Val crps did not improve (25/50 val checks since best=1.17863)
2026-08-04 21:16:40,605 INFO Epoch 60 | Batch 50/593 | Loss 2.97861 (Pin 0.85853 [q90 0.42194, q10 0.43660], MS 1.09564, Freq 3.41478) | LR 1.25e-07
2026-08-04 21:17:22,838 INFO Epoch 60 | Batch 100/593 | Loss 3.00337 (Pin 0.86429 [q90 0.42408, q10 0.44021], MS 1.11416, Freq 3.41641) | LR 1.25e-07
2026-08-04 21:18:05,051 INFO Epoch 60 | Batch 150/593 | Loss 3.02777 (Pin 0.83788 [q90 0.41398, q10 0.42390], MS 1.17583, Freq 3.38022) | LR 1.25e-07
2026-08-04 21:18:47,281 INFO Epoch 60 | Batch 200/593 | Loss 3.01262 (Pin 0.87528 [q90 0.42752, q10 0.44776], MS 1.11061, Freq 3.42241) | LR 1.25e-07
2026-08-04 21:19:29,485 INFO Epoch 60 | Batch 250/593 | Loss 3.03706 (Pin 0.86582 [q90 0.42500, q10 0.44083], MS 1.14537, Freq 3.41957) | LR 1.25e-07
2026-08-04 21:20:11,701 INFO Epoch 60 | Batch 300/593 | Loss 3.09294 (Pin 0.86022 [q90 0.42547, q10 0.43475], MS 1.22109, Freq 3.37211) | LR 1.25e-07
2026-08-04 21:20:53,928 INFO Epoch 60 | Batch 350/593 | Loss 2.88483 (Pin 0.83885 [q90 0.41122, q10 0.42763], MS 1.05245, Freq 3.31177) | LR 1.25e-07
2026-08-04 21:21:36,149 INFO Epoch 60 | Batch 400/593 | Loss 3.05561 (Pin 0.87448 [q90 0.43085, q10 0.44363], MS 1.14748, Freq 3.44548) | LR 1.25e-07
2026-08-04 21:22:18,341 INFO Epoch 60 | Batch 450/593 | Loss 3.10145 (Pin 0.89210 [q90 0.43619, q10 0.45592], MS 1.15985, Freq 3.49831) | LR 1.25e-07
2026-08-04 21:23:00,543 INFO Epoch 60 | Batch 500/593 | Loss 2.97445 (Pin 0.87354 [q90 0.42325, q10 0.45029], MS 1.06157, Freq 3.46446) | LR 1.25e-07
2026-08-04 21:23:42,755 INFO Epoch 60 | Batch 550/593 | Loss 3.18254 (Pin 0.88623 [q90 0.43319, q10 0.45303], MS 1.25059, Freq 3.48577) | LR 1.25e-07
2026-08-04 21:24:55,086 INFO Epoch 60 | Val Loss 3.85008 (Pin 0.82644 [q90 0.41284, q10 0.41361], MS 2.01472, Freq 3.36307, L1 1.79016, Spectral 0.32454, Gradient 0.52801) | CRPS 1.18238
2026-08-04 21:24:55,086 INFO Epoch 60 | Coverage q10/q50/q90 = 0.081/0.492/0.902 (nominal .10/.50/.90) | extreme tail = 0.115/0.470/0.854
2026-08-04 21:24:55,261 INFO Epoch 60 | Val crps did not improve (26/50 val checks since best=1.17863)
2026-08-04 21:25:37,539 INFO Epoch 61 | Batch 50/593 | Loss 2.98193 (Pin 0.86162 [q90 0.41927, q10 0.44235], MS 1.09651, Freq 3.41265) | LR 1.25e-07
2026-08-04 21:26:19,748 INFO Epoch 61 | Batch 100/593 | Loss 3.02845 (Pin 0.85739 [q90 0.42100, q10 0.43639], MS 1.15858, Freq 3.37492) | LR 1.25e-07
2026-08-04 21:27:01,971 INFO Epoch 61 | Batch 150/593 | Loss 2.97626 (Pin 0.88366 [q90 0.43202, q10 0.45164], MS 1.06524, Freq 3.42453) | LR 1.25e-07
2026-08-04 21:27:44,184 INFO Epoch 61 | Batch 200/593 | Loss 2.96181 (Pin 0.84270 [q90 0.41362, q10 0.42908], MS 1.12052, Freq 3.32861) | LR 1.25e-07
2026-08-04 21:28:26,402 INFO Epoch 61 | Batch 250/593 | Loss 3.06066 (Pin 0.87061 [q90 0.42897, q10 0.44164], MS 1.15123, Freq 3.46273) | LR 1.25e-07
2026-08-04 21:29:08,596 INFO Epoch 61 | Batch 300/593 | Loss 3.03521 (Pin 0.87092 [q90 0.42717, q10 0.44374], MS 1.13968, Freq 3.41537) | LR 1.25e-07
2026-08-04 21:29:50,833 INFO Epoch 61 | Batch 350/593 | Loss 2.95741 (Pin 0.85088 [q90 0.42213, q10 0.42875], MS 1.09545, Freq 3.37025) | LR 1.25e-07
2026-08-04 21:30:33,079 INFO Epoch 61 | Batch 400/593 | Loss 3.11215 (Pin 0.88551 [q90 0.43832, q10 0.44719], MS 1.19633, Freq 3.43440) | LR 1.25e-07
2026-08-04 21:31:15,316 INFO Epoch 61 | Batch 450/593 | Loss 3.01274 (Pin 0.86557 [q90 0.42017, q10 0.44540], MS 1.11192, Freq 3.45082) | LR 1.25e-07
2026-08-04 21:31:57,566 INFO Epoch 61 | Batch 500/593 | Loss 3.04998 (Pin 0.85800 [q90 0.41882, q10 0.43918], MS 1.16257, Freq 3.43137) | LR 1.25e-07
2026-08-04 21:32:39,778 INFO Epoch 61 | Batch 550/593 | Loss 3.03870 (Pin 0.86320 [q90 0.42864, q10 0.43456], MS 1.14910, Freq 3.42135) | LR 1.25e-07
2026-08-04 21:33:52,114 INFO Epoch 61 | Val Loss 3.84770 (Pin 0.82624 [q90 0.41295, q10 0.41328], MS 2.01146, Freq 3.36671, L1 1.79120, Spectral 0.32449, Gradient 0.52785) | CRPS 1.18254
2026-08-04 21:33:52,115 INFO Epoch 61 | Coverage q10/q50/q90 = 0.082/0.492/0.902 (nominal .10/.50/.90) | extreme tail = 0.115/0.469/0.853
2026-08-04 21:33:52,281 INFO Epoch 61 | Val crps did not improve (27/50 val checks since best=1.17863)
2026-08-04 21:34:34,592 INFO Epoch 62 | Batch 50/593 | Loss 2.91459 (Pin 0.83312 [q90 0.41193, q10 0.42119], MS 1.08008, Freq 3.33797) | LR 1.25e-07
2026-08-04 21:35:16,828 INFO Epoch 62 | Batch 100/593 | Loss 3.00109 (Pin 0.85379 [q90 0.42296, q10 0.43083], MS 1.13307, Freq 3.38073) | LR 1.25e-07
2026-08-04 21:35:59,067 INFO Epoch 62 | Batch 150/593 | Loss 3.05021 (Pin 0.86465 [q90 0.41762, q10 0.44703], MS 1.15324, Freq 3.44108) | LR 1.25e-07
2026-08-04 21:36:41,295 INFO Epoch 62 | Batch 200/593 | Loss 3.05843 (Pin 0.86524 [q90 0.41872, q10 0.44651], MS 1.16688, Freq 3.42106) | LR 1.25e-07
2026-08-04 21:37:23,536 INFO Epoch 62 | Batch 250/593 | Loss 3.05375 (Pin 0.88245 [q90 0.42872, q10 0.45373], MS 1.13737, Freq 3.44645) | LR 1.25e-07
2026-08-04 21:38:05,774 INFO Epoch 62 | Batch 300/593 | Loss 3.11792 (Pin 0.86957 [q90 0.42813, q10 0.44144], MS 1.22094, Freq 3.42470) | LR 1.25e-07
2026-08-04 21:38:48,009 INFO Epoch 62 | Batch 350/593 | Loss 3.02252 (Pin 0.85943 [q90 0.42912, q10 0.43031], MS 1.14100, Freq 3.40695) | LR 1.25e-07
2026-08-04 21:39:30,258 INFO Epoch 62 | Batch 400/593 | Loss 3.15436 (Pin 0.88279 [q90 0.43104, q10 0.45175], MS 1.23166, Freq 3.46636) | LR 1.25e-07
2026-08-04 21:40:12,483 INFO Epoch 62 | Batch 450/593 | Loss 3.03720 (Pin 0.85259 [q90 0.41984, q10 0.43275], MS 1.16460, Freq 3.40003) | LR 1.25e-07
2026-08-04 21:40:54,708 INFO Epoch 62 | Batch 500/593 | Loss 2.99311 (Pin 0.87907 [q90 0.43369, q10 0.44538], MS 1.09098, Freq 3.41019) | LR 1.25e-07
2026-08-04 21:41:36,941 INFO Epoch 62 | Batch 550/593 | Loss 3.08494 (Pin 0.87119 [q90 0.42792, q10 0.44327], MS 1.18685, Freq 3.42301) | LR 1.25e-07
2026-08-04 21:42:48,957 INFO Epoch 62 | Val Loss 3.84734 (Pin 0.82639 [q90 0.41288, q10 0.41351], MS 2.01117, Freq 3.36593, L1 1.79109, Spectral 0.32445, Gradient 0.52783) | CRPS 1.18269
2026-08-04 21:42:48,958 INFO Epoch 62 | Coverage q10/q50/q90 = 0.081/0.489/0.901 (nominal .10/.50/.90) | extreme tail = 0.115/0.468/0.854
2026-08-04 21:42:49,124 INFO Epoch 62 | Val crps did not improve (28/50 val checks since best=1.17863)
2026-08-04 21:43:31,411 INFO Epoch 63 | Batch 50/593 | Loss 2.98267 (Pin 0.85106 [q90 0.41779, q10 0.43328], MS 1.12666, Freq 3.34985) | LR 1.25e-07
2026-08-04 21:44:13,615 INFO Epoch 63 | Batch 100/593 | Loss 2.99916 (Pin 0.86063 [q90 0.42409, q10 0.43654], MS 1.12448, Freq 3.38017) | LR 1.25e-07
2026-08-04 21:44:55,809 INFO Epoch 63 | Batch 150/593 | Loss 3.00774 (Pin 0.86840 [q90 0.43173, q10 0.43667], MS 1.11195, Freq 3.42465) | LR 1.25e-07
2026-08-04 21:45:38,025 INFO Epoch 63 | Batch 200/593 | Loss 3.03189 (Pin 0.86538 [q90 0.42013, q10 0.44525], MS 1.13930, Freq 3.42405) | LR 1.25e-07
2026-08-04 21:46:20,230 INFO Epoch 63 | Batch 250/593 | Loss 3.00924 (Pin 0.85161 [q90 0.41723, q10 0.43438], MS 1.13382, Freq 3.41269) | LR 1.25e-07
2026-08-04 21:47:02,426 INFO Epoch 63 | Batch 300/593 | Loss 3.01241 (Pin 0.83670 [q90 0.40883, q10 0.42787], MS 1.17084, Freq 3.34956) | LR 1.25e-07
2026-08-04 21:47:44,633 INFO Epoch 63 | Batch 350/593 | Loss 3.15604 (Pin 0.88656 [q90 0.43685, q10 0.44971], MS 1.22529, Freq 3.48062) | LR 1.25e-07
2026-08-04 21:48:26,838 INFO Epoch 63 | Batch 400/593 | Loss 3.06195 (Pin 0.87717 [q90 0.42743, q10 0.44974], MS 1.14821, Freq 3.45524) | LR 1.25e-07
2026-08-04 21:49:09,051 INFO Epoch 63 | Batch 450/593 | Loss 3.03719 (Pin 0.86810 [q90 0.42526, q10 0.44284], MS 1.14158, Freq 3.42501) | LR 1.25e-07
2026-08-04 21:49:51,301 INFO Epoch 63 | Batch 500/593 | Loss 3.04560 (Pin 0.87282 [q90 0.43173, q10 0.44109], MS 1.14385, Freq 3.42976) | LR 1.25e-07
2026-08-04 21:50:33,546 INFO Epoch 63 | Batch 550/593 | Loss 3.07140 (Pin 0.87235 [q90 0.42805, q10 0.44430], MS 1.16680, Freq 3.44083) | LR 1.25e-07
2026-08-04 21:51:45,940 INFO Epoch 63 | Val Loss 3.84247 (Pin 0.82615 [q90 0.41273, q10 0.41342], MS 2.00670, Freq 3.36541, L1 1.78985, Spectral 0.32430, Gradient 0.52765) | CRPS 1.18214
2026-08-04 21:51:45,941 INFO Epoch 63 | Coverage q10/q50/q90 = 0.082/0.492/0.902 (nominal .10/.50/.90) | extreme tail = 0.115/0.470/0.855
2026-08-04 21:51:46,121 INFO Epoch 63 | Val crps did not improve (29/50 val checks since best=1.17863)
2026-08-04 21:52:28,435 INFO Epoch 64 | Batch 50/593 | Loss 3.06902 (Pin 0.86248 [q90 0.41983, q10 0.44265], MS 1.17988, Freq 3.42222) | LR 1.25e-07
2026-08-04 21:53:10,657 INFO Epoch 64 | Batch 100/593 | Loss 3.07081 (Pin 0.86591 [q90 0.42334, q10 0.44257], MS 1.17659, Freq 3.42770) | LR 1.25e-07
2026-08-04 21:53:52,901 INFO Epoch 64 | Batch 150/593 | Loss 3.03789 (Pin 0.88138 [q90 0.43191, q10 0.44946], MS 1.12600, Freq 3.43503) | LR 1.25e-07
2026-08-04 21:54:35,143 INFO Epoch 64 | Batch 200/593 | Loss 3.12056 (Pin 0.88953 [q90 0.43874, q10 0.45079], MS 1.18493, Freq 3.48698) | LR 1.25e-07
2026-08-04 21:55:17,384 INFO Epoch 64 | Batch 250/593 | Loss 3.01669 (Pin 0.85730 [q90 0.42958, q10 0.42772], MS 1.14431, Freq 3.38359) | LR 1.25e-07
2026-08-04 21:55:59,635 INFO Epoch 64 | Batch 300/593 | Loss 3.00553 (Pin 0.86043 [q90 0.42066, q10 0.43976], MS 1.13204, Freq 3.37688) | LR 1.25e-07
2026-08-04 21:56:41,862 INFO Epoch 64 | Batch 350/593 | Loss 3.02077 (Pin 0.84799 [q90 0.41762, q10 0.43037], MS 1.14939, Freq 3.41130) | LR 1.25e-07
2026-08-04 21:57:24,115 INFO Epoch 64 | Batch 400/593 | Loss 2.98271 (Pin 0.86986 [q90 0.42580, q10 0.44406], MS 1.08135, Freq 3.43834) | LR 1.25e-07
2026-08-04 21:58:06,366 INFO Epoch 64 | Batch 450/593 | Loss 3.08508 (Pin 0.86158 [q90 0.42042, q10 0.44115], MS 1.20447, Freq 3.39677) | LR 1.25e-07
2026-08-04 21:58:48,594 INFO Epoch 64 | Batch 500/593 | Loss 3.01443 (Pin 0.84582 [q90 0.41584, q10 0.42998], MS 1.16192, Freq 3.35565) | LR 1.25e-07
2026-08-04 21:59:30,831 INFO Epoch 64 | Batch 550/593 | Loss 3.08378 (Pin 0.86021 [q90 0.42537, q10 0.43484], MS 1.20806, Freq 3.38502) | LR 1.25e-07
2026-08-04 22:00:43,150 INFO Epoch 64 | Val Loss 3.84223 (Pin 0.82622 [q90 0.41280, q10 0.41341], MS 2.00543, Freq 3.36860, L1 1.79158, Spectral 0.32470, Gradient 0.52855) | CRPS 1.18287
2026-08-04 22:00:43,151 INFO Epoch 64 | Coverage q10/q50/q90 = 0.082/0.492/0.902 (nominal .10/.50/.90) | extreme tail = 0.114/0.468/0.854
2026-08-04 22:00:43,356 INFO Epoch 64 | Val crps did not improve (30/50 val checks since best=1.17863)
2026-08-04 22:01:25,637 INFO Epoch 65 | Batch 50/593 | Loss 3.02296 (Pin 0.86102 [q90 0.42831, q10 0.43271], MS 1.14448, Freq 3.39156) | LR 1.25e-07
2026-08-04 22:02:07,853 INFO Epoch 65 | Batch 100/593 | Loss 3.04430 (Pin 0.85366 [q90 0.41993, q10 0.43373], MS 1.16495, Freq 3.41898) | LR 1.25e-07
2026-08-04 22:02:50,067 INFO Epoch 65 | Batch 150/593 | Loss 3.06446 (Pin 0.87436 [q90 0.42891, q10 0.44545], MS 1.15541, Freq 3.44899) | LR 1.25e-07
2026-08-04 22:03:32,315 INFO Epoch 65 | Batch 200/593 | Loss 3.03282 (Pin 0.85571 [q90 0.42044, q10 0.43526], MS 1.15016, Freq 3.42319) | LR 1.25e-07
2026-08-04 22:04:14,560 INFO Epoch 65 | Batch 250/593 | Loss 2.99811 (Pin 0.86182 [q90 0.42082, q10 0.44100], MS 1.11159, Freq 3.41565) | LR 1.25e-07
2026-08-04 22:04:56,795 INFO Epoch 65 | Batch 300/593 | Loss 3.00508 (Pin 0.84731 [q90 0.41553, q10 0.43178], MS 1.14506, Freq 3.37569) | LR 1.25e-07
2026-08-04 22:05:39,011 INFO Epoch 65 | Batch 350/593 | Loss 3.08949 (Pin 0.89278 [q90 0.44003, q10 0.45275], MS 1.15627, Freq 3.46814) | LR 1.25e-07
2026-08-04 22:06:21,216 INFO Epoch 65 | Batch 400/593 | Loss 2.96436 (Pin 0.85529 [q90 0.42061, q10 0.43468], MS 1.09110, Freq 3.39320) | LR 1.25e-07
2026-08-04 22:07:03,423 INFO Epoch 65 | Batch 450/593 | Loss 3.12727 (Pin 0.88844 [q90 0.43129, q10 0.45715], MS 1.19238, Freq 3.48816) | LR 1.25e-07
2026-08-04 22:07:45,645 INFO Epoch 65 | Batch 500/593 | Loss 3.03760 (Pin 0.84721 [q90 0.41654, q10 0.43067], MS 1.17947, Freq 3.36974) | LR 1.25e-07
2026-08-04 22:08:27,837 INFO Epoch 65 | Batch 550/593 | Loss 2.95995 (Pin 0.85286 [q90 0.42105, q10 0.43181], MS 1.10153, Freq 3.35185) | LR 1.25e-07
2026-08-04 22:09:39,877 INFO Epoch 65 | Val Loss 3.84008 (Pin 0.82649 [q90 0.41306, q10 0.41343], MS 2.00531, Freq 3.36094, L1 1.78882, Spectral 0.32414, Gradient 0.52677) | CRPS 1.18183
2026-08-04 22:09:39,878 INFO Epoch 65 | Coverage q10/q50/q90 = 0.082/0.491/0.902 (nominal .10/.50/.90) | extreme tail = 0.115/0.467/0.853
2026-08-04 22:09:40,086 INFO Epoch 65 | Val crps did not improve (31/50 val checks since best=1.17863)
2026-08-04 22:10:22,437 INFO Epoch 66 | Batch 50/593 | Loss 3.09461 (Pin 0.87663 [q90 0.42738, q10 0.44924], MS 1.18872, Freq 3.43087) | LR 1.25e-07
2026-08-04 22:11:04,674 INFO Epoch 66 | Batch 100/593 | Loss 3.00519 (Pin 0.85999 [q90 0.42377, q10 0.43623], MS 1.12456, Freq 3.40213) | LR 1.25e-07
2026-08-04 22:11:46,919 INFO Epoch 66 | Batch 150/593 | Loss 2.90361 (Pin 0.84858 [q90 0.41674, q10 0.43184], MS 1.04739, Freq 3.35879) | LR 1.25e-07
2026-08-04 22:12:29,161 INFO Epoch 66 | Batch 200/593 | Loss 3.03717 (Pin 0.86900 [q90 0.42458, q10 0.44442], MS 1.13674, Freq 3.43810) | LR 1.25e-07
2026-08-04 22:13:11,401 INFO Epoch 66 | Batch 250/593 | Loss 2.97398 (Pin 0.86208 [q90 0.42210, q10 0.43998], MS 1.08524, Freq 3.42217) | LR 1.25e-07
2026-08-04 22:13:53,651 INFO Epoch 66 | Batch 300/593 | Loss 3.04273 (Pin 0.86237 [q90 0.42614, q10 0.43623], MS 1.15724, Freq 3.41041) | LR 1.25e-07
2026-08-04 22:14:35,900 INFO Epoch 66 | Batch 350/593 | Loss 3.06818 (Pin 0.87661 [q90 0.43423, q10 0.44238], MS 1.16005, Freq 3.43840) | LR 1.25e-07
2026-08-04 22:15:18,139 INFO Epoch 66 | Batch 400/593 | Loss 3.06335 (Pin 0.87265 [q90 0.42717, q10 0.44548], MS 1.15357, Freq 3.45710) | LR 1.25e-07
2026-08-04 22:16:00,390 INFO Epoch 66 | Batch 450/593 | Loss 2.96819 (Pin 0.86531 [q90 0.42674, q10 0.43857], MS 1.08769, Freq 3.38399) | LR 1.25e-07
2026-08-04 22:16:42,769 INFO Epoch 66 | Batch 500/593 | Loss 3.05318 (Pin 0.86994 [q90 0.43295, q10 0.43699], MS 1.15966, Freq 3.41191) | LR 1.25e-07
2026-08-04 22:17:25,002 INFO Epoch 66 | Batch 550/593 | Loss 3.02080 (Pin 0.86307 [q90 0.41751, q10 0.44556], MS 1.13311, Freq 3.41538) | LR 1.25e-07
2026-08-04 22:18:36,990 INFO Epoch 66 | Val Loss 3.84121 (Pin 0.82632 [q90 0.41289, q10 0.41344], MS 2.00539, Freq 3.36501, L1 1.79016, Spectral 0.32493, Gradient 0.52902) | CRPS 1.18232
2026-08-04 22:18:36,990 INFO Epoch 66 | Coverage q10/q50/q90 = 0.081/0.491/0.902 (nominal .10/.50/.90) | extreme tail = 0.115/0.468/0.854
2026-08-04 22:18:37,167 INFO Epoch 66 | Val crps did not improve (32/50 val checks since best=1.17863)
2026-08-04 22:19:19,441 INFO Epoch 67 | Batch 50/593 | Loss 3.08989 (Pin 0.88725 [q90 0.43170, q10 0.45554], MS 1.16079, Freq 3.47283) | LR 1.25e-07
2026-08-04 22:20:01,643 INFO Epoch 67 | Batch 100/593 | Loss 2.96405 (Pin 0.84499 [q90 0.41520, q10 0.42979], MS 1.10467, Freq 3.38132) | LR 1.25e-07
2026-08-04 22:20:43,858 INFO Epoch 67 | Batch 150/593 | Loss 3.08963 (Pin 0.87374 [q90 0.43134, q10 0.44239], MS 1.18828, Freq 3.42536) | LR 1.25e-07
2026-08-04 22:21:26,054 INFO Epoch 67 | Batch 200/593 | Loss 3.00583 (Pin 0.85735 [q90 0.42275, q10 0.43460], MS 1.12514, Freq 3.41112) | LR 1.25e-07
2026-08-04 22:22:08,284 INFO Epoch 67 | Batch 250/593 | Loss 2.99507 (Pin 0.86667 [q90 0.42268, q10 0.44399], MS 1.10313, Freq 3.41759) | LR 1.25e-07
2026-08-04 22:22:50,489 INFO Epoch 67 | Batch 300/593 | Loss 3.06777 (Pin 0.85857 [q90 0.42575, q10 0.43282], MS 1.18823, Freq 3.40324) | LR 1.25e-07
2026-08-04 22:23:32,675 INFO Epoch 67 | Batch 350/593 | Loss 3.05521 (Pin 0.86275 [q90 0.42611, q10 0.43664], MS 1.15949, Freq 3.44324) | LR 1.25e-07
2026-08-04 22:24:14,890 INFO Epoch 67 | Batch 400/593 | Loss 3.02349 (Pin 0.87243 [q90 0.42329, q10 0.44914], MS 1.13111, Freq 3.39982) | LR 1.25e-07
2026-08-04 22:24:57,085 INFO Epoch 67 | Batch 450/593 | Loss 3.02970 (Pin 0.85227 [q90 0.42011, q10 0.43216], MS 1.16821, Freq 3.36406) | LR 1.25e-07
2026-08-04 22:25:39,305 INFO Epoch 67 | Batch 500/593 | Loss 3.06733 (Pin 0.88381 [q90 0.43337, q10 0.45044], MS 1.15813, Freq 3.41795) | LR 1.25e-07
2026-08-04 22:26:21,515 INFO Epoch 67 | Batch 550/593 | Loss 2.99764 (Pin 0.85292 [q90 0.42171, q10 0.43121], MS 1.13283, Freq 3.37300) | LR 1.25e-07
2026-08-04 22:27:33,177 INFO Epoch 67 | Val Loss 3.85197 (Pin 0.82647 [q90 0.41304, q10 0.41343], MS 2.01509, Freq 3.36806, L1 1.79228, Spectral 0.32504, Gradient 0.52903) | CRPS 1.18324
2026-08-04 22:27:33,178 INFO Epoch 67 | Coverage q10/q50/q90 = 0.081/0.487/0.901 (nominal .10/.50/.90) | extreme tail = 0.115/0.467/0.854
2026-08-04 22:27:33,355 INFO Epoch 67 | Val crps did not improve (33/50 val checks since best=1.17863)
2026-08-04 22:28:15,650 INFO Epoch 68 | Batch 50/593 | Loss 2.96686 (Pin 0.84071 [q90 0.40892, q10 0.43179], MS 1.12494, Freq 3.33738) | LR 1.25e-07
2026-08-04 22:28:57,836 INFO Epoch 68 | Batch 100/593 | Loss 3.00747 (Pin 0.86640 [q90 0.43225, q10 0.43415], MS 1.12300, Freq 3.39358) | LR 1.25e-07
2026-08-04 22:29:40,019 INFO Epoch 68 | Batch 150/593 | Loss 3.01704 (Pin 0.84940 [q90 0.41547, q10 0.43393], MS 1.15053, Freq 3.39038) | LR 1.25e-07
2026-08-04 22:30:22,213 INFO Epoch 68 | Batch 200/593 | Loss 3.08784 (Pin 0.87182 [q90 0.42705, q10 0.44477], MS 1.18661, Freq 3.43135) | LR 1.25e-07
2026-08-04 22:31:04,412 INFO Epoch 68 | Batch 250/593 | Loss 3.08470 (Pin 0.89608 [q90 0.43148, q10 0.46460], MS 1.14357, Freq 3.48350) | LR 1.25e-07
2026-08-04 22:31:46,643 INFO Epoch 68 | Batch 300/593 | Loss 3.04764 (Pin 0.85816 [q90 0.42195, q10 0.43621], MS 1.16570, Freq 3.41258) | LR 1.25e-07
2026-08-04 22:32:28,829 INFO Epoch 68 | Batch 350/593 | Loss 3.00355 (Pin 0.87037 [q90 0.43220, q10 0.43817], MS 1.09919, Freq 3.44666) | LR 1.25e-07
2026-08-04 22:33:11,013 INFO Epoch 68 | Batch 400/593 | Loss 3.03851 (Pin 0.87129 [q90 0.42873, q10 0.44256], MS 1.14412, Freq 3.41036) | LR 1.25e-07
2026-08-04 22:33:53,201 INFO Epoch 68 | Batch 450/593 | Loss 3.12647 (Pin 0.88127 [q90 0.43264, q10 0.44863], MS 1.20184, Freq 3.47788) | LR 1.25e-07
2026-08-04 22:34:35,400 INFO Epoch 68 | Batch 500/593 | Loss 3.02808 (Pin 0.87161 [q90 0.42801, q10 0.44360], MS 1.12629, Freq 3.43392) | LR 1.25e-07
2026-08-04 22:35:17,586 INFO Epoch 68 | Batch 550/593 | Loss 2.97275 (Pin 0.83918 [q90 0.41427, q10 0.42492], MS 1.11846, Freq 3.38369) | LR 1.25e-07
2026-08-04 22:36:29,543 INFO Epoch 68 | Val Loss 3.84722 (Pin 0.82655 [q90 0.41275, q10 0.41380], MS 2.00885, Freq 3.37274, L1 1.79274, Spectral 0.32478, Gradient 0.52909) | CRPS 1.18370
2026-08-04 22:36:29,543 INFO Epoch 68 | Coverage q10/q50/q90 = 0.080/0.490/0.902 (nominal .10/.50/.90) | extreme tail = 0.113/0.466/0.855
2026-08-04 22:36:29,715 INFO Epoch 68 | Val crps did not improve (34/50 val checks since best=1.17863)
2026-08-04 22:37:11,979 INFO Epoch 69 | Batch 50/593 | Loss 3.04817 (Pin 0.87789 [q90 0.43169, q10 0.44621], MS 1.14234, Freq 3.42648) | LR 1.25e-07
2026-08-04 22:37:54,168 INFO Epoch 69 | Batch 100/593 | Loss 2.97178 (Pin 0.85576 [q90 0.42547, q10 0.43029], MS 1.09791, Freq 3.39369) | LR 1.25e-07
2026-08-04 22:38:36,351 INFO Epoch 69 | Batch 150/593 | Loss 2.97931 (Pin 0.85798 [q90 0.41481, q10 0.44317], MS 1.09502, Freq 3.42106) | LR 1.25e-07
2026-08-04 22:39:18,542 INFO Epoch 69 | Batch 200/593 | Loss 3.02329 (Pin 0.86448 [q90 0.42382, q10 0.44066], MS 1.14759, Freq 3.37072) | LR 1.25e-07
2026-08-04 22:40:00,745 INFO Epoch 69 | Batch 250/593 | Loss 3.11332 (Pin 0.87703 [q90 0.42864, q10 0.44838], MS 1.21486, Freq 3.40476) | LR 1.25e-07
2026-08-04 22:40:42,940 INFO Epoch 69 | Batch 300/593 | Loss 3.04885 (Pin 0.86087 [q90 0.42123, q10 0.43964], MS 1.15854, Freq 3.43148) | LR 1.25e-07
2026-08-04 22:41:25,138 INFO Epoch 69 | Batch 350/593 | Loss 3.06743 (Pin 0.86259 [q90 0.42328, q10 0.43931], MS 1.17684, Freq 3.42668) | LR 1.25e-07
2026-08-04 22:42:07,332 INFO Epoch 69 | Batch 400/593 | Loss 2.98944 (Pin 0.87038 [q90 0.42678, q10 0.44360], MS 1.09382, Freq 3.41746) | LR 1.25e-07
2026-08-04 22:42:49,564 INFO Epoch 69 | Batch 450/593 | Loss 3.03268 (Pin 0.86073 [q90 0.42308, q10 0.43765], MS 1.14224, Freq 3.43237) | LR 1.25e-07
2026-08-04 22:43:31,776 INFO Epoch 69 | Batch 500/593 | Loss 3.02577 (Pin 0.86490 [q90 0.42851, q10 0.43639], MS 1.14071, Freq 3.40055) | LR 1.25e-07
2026-08-04 22:44:14,001 INFO Epoch 69 | Batch 550/593 | Loss 3.05963 (Pin 0.87582 [q90 0.42921, q10 0.44661], MS 1.14463, Freq 3.46391) | LR 1.25e-07
2026-08-04 22:45:26,324 INFO Epoch 69 | Val Loss 3.84307 (Pin 0.82630 [q90 0.41290, q10 0.41339], MS 2.00751, Freq 3.36421, L1 1.78893, Spectral 0.32412, Gradient 0.52707) | CRPS 1.18179
2026-08-04 22:45:26,324 INFO Epoch 69 | Coverage q10/q50/q90 = 0.082/0.492/0.902 (nominal .10/.50/.90) | extreme tail = 0.115/0.468/0.854
2026-08-04 22:45:26,491 INFO Epoch 69 | Val crps did not improve (35/50 val checks since best=1.17863)
2026-08-04 22:46:08,807 INFO Epoch 70 | Batch 50/593 | Loss 3.00300 (Pin 0.86553 [q90 0.42338, q10 0.44215], MS 1.12897, Freq 3.36166) | LR 1.25e-07
2026-08-04 22:46:51,019 INFO Epoch 70 | Batch 100/593 | Loss 3.08066 (Pin 0.87944 [q90 0.42624, q10 0.45321], MS 1.16853, Freq 3.44232) | LR 1.25e-07
2026-08-04 22:47:33,268 INFO Epoch 70 | Batch 150/593 | Loss 2.98961 (Pin 0.85570 [q90 0.41902, q10 0.43669], MS 1.11482, Freq 3.39697) | LR 1.25e-07
2026-08-04 22:48:15,505 INFO Epoch 70 | Batch 200/593 | Loss 2.97289 (Pin 0.85671 [q90 0.42323, q10 0.43348], MS 1.09916, Freq 3.39004) | LR 1.25e-07
2026-08-04 22:48:57,736 INFO Epoch 70 | Batch 250/593 | Loss 2.98804 (Pin 0.85685 [q90 0.42115, q10 0.43571], MS 1.10957, Freq 3.40539) | LR 1.25e-07
2026-08-04 22:49:39,986 INFO Epoch 70 | Batch 300/593 | Loss 3.12965 (Pin 0.88372 [q90 0.44240, q10 0.44132], MS 1.20572, Freq 3.46735) | LR 1.25e-07
2026-08-04 22:50:22,221 INFO Epoch 70 | Batch 350/593 | Loss 2.92968 (Pin 0.85628 [q90 0.42302, q10 0.43326], MS 1.06094, Freq 3.37490) | LR 1.25e-07
2026-08-04 22:51:04,498 INFO Epoch 70 | Batch 400/593 | Loss 2.96985 (Pin 0.85329 [q90 0.41679, q10 0.43650], MS 1.09097, Freq 3.41862) | LR 1.25e-07
2026-08-04 22:51:46,730 INFO Epoch 70 | Batch 450/593 | Loss 3.02868 (Pin 0.85926 [q90 0.41986, q10 0.43940], MS 1.14481, Freq 3.41540) | LR 1.25e-07
2026-08-04 22:52:28,990 INFO Epoch 70 | Batch 500/593 | Loss 3.13099 (Pin 0.88294 [q90 0.43622, q10 0.44672], MS 1.20585, Freq 3.47402) | LR 1.25e-07
2026-08-04 22:53:11,221 INFO Epoch 70 | Batch 550/593 | Loss 3.01322 (Pin 0.85499 [q90 0.41463, q10 0.44036], MS 1.13562, Freq 3.40869) | LR 1.25e-07
2026-08-04 22:54:22,965 INFO Epoch 70 | Val Loss 3.84578 (Pin 0.82628 [q90 0.41295, q10 0.41333], MS 2.01048, Freq 3.36341, L1 1.78881, Spectral 0.32399, Gradient 0.52647) | CRPS 1.18168
2026-08-04 22:54:22,966 INFO Epoch 70 | Coverage q10/q50/q90 = 0.082/0.492/0.901 (nominal .10/.50/.90) | extreme tail = 0.115/0.469/0.854
2026-08-04 22:54:23,145 INFO Epoch 70 | Val crps did not improve (36/50 val checks since best=1.17863)
2026-08-04 22:55:05,480 INFO Epoch 71 | Batch 50/593 | Loss 3.02324 (Pin 0.87125 [q90 0.42532, q10 0.44593], MS 1.11553, Freq 3.45485) | LR 1.25e-07
2026-08-04 22:55:47,692 INFO Epoch 71 | Batch 100/593 | Loss 3.09678 (Pin 0.88277 [q90 0.42918, q10 0.45359], MS 1.17513, Freq 3.46291) | LR 1.25e-07
2026-08-04 22:56:29,934 INFO Epoch 71 | Batch 150/593 | Loss 2.96889 (Pin 0.85115 [q90 0.41621, q10 0.43494], MS 1.10053, Freq 3.39071) | LR 1.25e-07
2026-08-04 22:57:12,167 INFO Epoch 71 | Batch 200/593 | Loss 2.98630 (Pin 0.85046 [q90 0.41610, q10 0.43436], MS 1.12182, Freq 3.38008) | LR 1.25e-07
2026-08-04 22:57:54,367 INFO Epoch 71 | Batch 250/593 | Loss 3.07135 (Pin 0.88510 [q90 0.42999, q10 0.45511], MS 1.14673, Freq 3.46506) | LR 1.25e-07
2026-08-04 22:58:36,584 INFO Epoch 71 | Batch 300/593 | Loss 3.03145 (Pin 0.87032 [q90 0.42960, q10 0.44072], MS 1.12886, Freq 3.44091) | LR 1.25e-07
2026-08-04 22:59:18,793 INFO Epoch 71 | Batch 350/593 | Loss 3.00052 (Pin 0.85292 [q90 0.42523, q10 0.42769], MS 1.13130, Freq 3.38766) | LR 1.25e-07
2026-08-04 23:00:01,033 INFO Epoch 71 | Batch 400/593 | Loss 3.01292 (Pin 0.85463 [q90 0.42127, q10 0.43336], MS 1.13420, Freq 3.41362) | LR 1.25e-07
2026-08-04 23:00:43,274 INFO Epoch 71 | Batch 450/593 | Loss 2.99104 (Pin 0.85668 [q90 0.42548, q10 0.43120], MS 1.12116, Freq 3.37733) | LR 1.25e-07
2026-08-04 23:01:25,518 INFO Epoch 71 | Batch 500/593 | Loss 3.04763 (Pin 0.86347 [q90 0.42584, q10 0.43763], MS 1.16043, Freq 3.41244) | LR 1.25e-07
2026-08-04 23:02:07,742 INFO Epoch 71 | Batch 550/593 | Loss 2.97103 (Pin 0.85624 [q90 0.41762, q10 0.43862], MS 1.09859, Freq 3.38734) | LR 1.25e-07
2026-08-04 23:03:20,157 INFO Epoch 71 | Val Loss 3.84500 (Pin 0.82642 [q90 0.41299, q10 0.41343], MS 2.01106, Freq 3.35838, L1 1.78736, Spectral 0.32390, Gradient 0.52619) | CRPS 1.18106
2026-08-04 23:03:20,157 INFO Epoch 71 | Coverage q10/q50/q90 = 0.082/0.491/0.901 (nominal .10/.50/.90) | extreme tail = 0.115/0.468/0.854
2026-08-04 23:03:20,330 INFO Epoch 71 | Val crps did not improve (37/50 val checks since best=1.17863)
2026-08-04 23:04:02,662 INFO Epoch 72 | Batch 50/593 | Loss 3.04531 (Pin 0.87479 [q90 0.43126, q10 0.44353], MS 1.13400, Freq 3.45505) | LR 1.25e-07
2026-08-04 23:04:44,912 INFO Epoch 72 | Batch 100/593 | Loss 3.10463 (Pin 0.86418 [q90 0.42213, q10 0.44205], MS 1.21058, Freq 3.43288) | LR 1.25e-07
2026-08-04 23:05:27,160 INFO Epoch 72 | Batch 150/593 | Loss 2.98195 (Pin 0.87085 [q90 0.42220, q10 0.44865], MS 1.08920, Freq 3.40633) | LR 1.25e-07
2026-08-04 23:06:09,395 INFO Epoch 72 | Batch 200/593 | Loss 3.02920 (Pin 0.87521 [q90 0.42799, q10 0.44722], MS 1.12447, Freq 3.43174) | LR 1.25e-07
2026-08-04 23:06:51,671 INFO Epoch 72 | Batch 250/593 | Loss 2.95664 (Pin 0.85193 [q90 0.41908, q10 0.43284], MS 1.09748, Freq 3.35746) | LR 1.25e-07
2026-08-04 23:07:33,902 INFO Epoch 72 | Batch 300/593 | Loss 3.12723 (Pin 0.88371 [q90 0.42837, q10 0.45534], MS 1.20119, Freq 3.47443) | LR 1.25e-07
2026-08-04 23:08:16,118 INFO Epoch 72 | Batch 350/593 | Loss 2.97389 (Pin 0.84857 [q90 0.42189, q10 0.42668], MS 1.11811, Freq 3.35740) | LR 1.25e-07
2026-08-04 23:08:58,346 INFO Epoch 72 | Batch 400/593 | Loss 3.01283 (Pin 0.85445 [q90 0.42463, q10 0.42982], MS 1.13342, Freq 3.41654) | LR 1.25e-07
2026-08-04 23:09:40,585 INFO Epoch 72 | Batch 450/593 | Loss 3.01999 (Pin 0.86482 [q90 0.42313, q10 0.44169], MS 1.13704, Freq 3.39376) | LR 1.25e-07
2026-08-04 23:10:22,809 INFO Epoch 72 | Batch 500/593 | Loss 3.05754 (Pin 0.86703 [q90 0.42193, q10 0.44510], MS 1.16118, Freq 3.43111) | LR 1.25e-07
2026-08-04 23:11:05,056 INFO Epoch 72 | Batch 550/593 | Loss 3.06730 (Pin 0.85421 [q90 0.42661, q10 0.42761], MS 1.19830, Freq 3.38263) | LR 1.25e-07
2026-08-04 23:12:17,411 INFO Epoch 72 | Val Loss 3.84740 (Pin 0.82626 [q90 0.41301, q10 0.41325], MS 2.01337, Freq 3.35923, L1 1.78808, Spectral 0.32413, Gradient 0.52647) | CRPS 1.18122
2026-08-04 23:12:17,412 INFO Epoch 72 | Coverage q10/q50/q90 = 0.083/0.493/0.901 (nominal .10/.50/.90) | extreme tail = 0.115/0.469/0.853
2026-08-04 23:12:17,599 INFO Epoch 72 | Val crps did not improve (38/50 val checks since best=1.17863)
2026-08-04 23:12:59,901 INFO Epoch 73 | Batch 50/593 | Loss 3.00983 (Pin 0.84367 [q90 0.41604, q10 0.42763], MS 1.15480, Freq 3.37120) | LR 1.25e-07
2026-08-04 23:13:42,136 INFO Epoch 73 | Batch 100/593 | Loss 3.02073 (Pin 0.87246 [q90 0.42613, q10 0.44633], MS 1.11768, Freq 3.43528) | LR 1.25e-07
2026-08-04 23:14:24,393 INFO Epoch 73 | Batch 150/593 | Loss 3.10038 (Pin 0.89351 [q90 0.43367, q10 0.45984], MS 1.16644, Freq 3.46806) | LR 1.25e-07
2026-08-04 23:15:06,633 INFO Epoch 73 | Batch 200/593 | Loss 3.10936 (Pin 0.88266 [q90 0.43385, q10 0.44880], MS 1.17743, Freq 3.49757) | LR 1.25e-07
2026-08-04 23:15:48,878 INFO Epoch 73 | Batch 250/593 | Loss 3.02833 (Pin 0.86958 [q90 0.42749, q10 0.44209], MS 1.13109, Freq 3.42553) | LR 1.25e-07
2026-08-04 23:16:31,122 INFO Epoch 73 | Batch 300/593 | Loss 3.04842 (Pin 0.85830 [q90 0.42575, q10 0.43255], MS 1.16910, Freq 3.40339) | LR 1.25e-07
2026-08-04 23:17:13,367 INFO Epoch 73 | Batch 350/593 | Loss 3.00077 (Pin 0.84833 [q90 0.41511, q10 0.43321], MS 1.14445, Freq 3.36000) | LR 1.25e-07
2026-08-04 23:17:55,597 INFO Epoch 73 | Batch 400/593 | Loss 3.07720 (Pin 0.86213 [q90 0.42409, q10 0.43804], MS 1.19457, Freq 3.40165) | LR 1.25e-07
2026-08-04 23:18:37,792 INFO Epoch 73 | Batch 450/593 | Loss 3.02814 (Pin 0.87858 [q90 0.43466, q10 0.44392], MS 1.11741, Freq 3.44050) | LR 1.25e-07
2026-08-04 23:19:19,984 INFO Epoch 73 | Batch 500/593 | Loss 3.02252 (Pin 0.87081 [q90 0.42470, q10 0.44611], MS 1.12503, Freq 3.42227) | LR 1.25e-07
2026-08-04 23:20:02,178 INFO Epoch 73 | Batch 550/593 | Loss 3.01509 (Pin 0.85681 [q90 0.42059, q10 0.43622], MS 1.14273, Freq 3.38518) | LR 1.25e-07
2026-08-04 23:21:14,473 INFO Epoch 73 | Val Loss 3.84328 (Pin 0.82617 [q90 0.41305, q10 0.41312], MS 2.00921, Freq 3.35968, L1 1.78875, Spectral 0.32397, Gradient 0.52592) | CRPS 1.18141
2026-08-04 23:21:14,473 INFO Epoch 73 | Coverage q10/q50/q90 = 0.083/0.492/0.901 (nominal .10/.50/.90) | extreme tail = 0.116/0.471/0.854
2026-08-04 23:21:14,646 INFO Epoch 73 | Val crps did not improve (39/50 val checks since best=1.17863)
2026-08-04 23:21:56,942 INFO Epoch 74 | Batch 50/593 | Loss 3.01997 (Pin 0.87260 [q90 0.42537, q10 0.44723], MS 1.11920, Freq 3.42723) | LR 1.25e-07
2026-08-04 23:22:39,169 INFO Epoch 74 | Batch 100/593 | Loss 3.04619 (Pin 0.87572 [q90 0.43024, q10 0.44547], MS 1.13996, Freq 3.43504) | LR 1.25e-07
2026-08-04 23:23:21,386 INFO Epoch 74 | Batch 150/593 | Loss 2.97376 (Pin 0.84875 [q90 0.42035, q10 0.42840], MS 1.11957, Freq 3.35144) | LR 1.25e-07
2026-08-04 23:24:03,606 INFO Epoch 74 | Batch 200/593 | Loss 3.02851 (Pin 0.86838 [q90 0.42445, q10 0.44393], MS 1.12615, Freq 3.44657) | LR 1.25e-07
2026-08-04 23:24:45,815 INFO Epoch 74 | Batch 250/593 | Loss 3.05418 (Pin 0.86121 [q90 0.41878, q10 0.44243], MS 1.16817, Freq 3.41600) | LR 1.25e-07
2026-08-04 23:25:28,015 INFO Epoch 74 | Batch 300/593 | Loss 3.00419 (Pin 0.84767 [q90 0.41633, q10 0.43134], MS 1.14547, Freq 3.37018) | LR 1.25e-07
2026-08-04 23:26:10,217 INFO Epoch 74 | Batch 350/593 | Loss 3.01935 (Pin 0.88075 [q90 0.43392, q10 0.44683], MS 1.09188, Freq 3.48909) | LR 1.25e-07
2026-08-04 23:26:52,441 INFO Epoch 74 | Batch 400/593 | Loss 3.11693 (Pin 0.88870 [q90 0.43591, q10 0.45279], MS 1.18677, Freq 3.47151) | LR 1.25e-07
2026-08-04 23:27:34,646 INFO Epoch 74 | Batch 450/593 | Loss 3.01949 (Pin 0.86090 [q90 0.42234, q10 0.43856], MS 1.13820, Freq 3.40131) | LR 1.25e-07
2026-08-04 23:28:16,858 INFO Epoch 74 | Batch 500/593 | Loss 3.00740 (Pin 0.86168 [q90 0.42733, q10 0.43435], MS 1.13103, Freq 3.38229) | LR 1.25e-07
2026-08-04 23:28:59,065 INFO Epoch 74 | Batch 550/593 | Loss 3.00706 (Pin 0.84449 [q90 0.41456, q10 0.42994], MS 1.15017, Freq 3.37468) | LR 1.25e-07
2026-08-04 23:30:11,045 INFO Epoch 74 | Val Loss 3.84845 (Pin 0.82631 [q90 0.41288, q10 0.41343], MS 2.01309, Freq 3.36350, L1 1.78929, Spectral 0.32399, Gradient 0.52668) | CRPS 1.18197
2026-08-04 23:30:11,046 INFO Epoch 74 | Coverage q10/q50/q90 = 0.081/0.491/0.901 (nominal .10/.50/.90) | extreme tail = 0.114/0.468/0.854
2026-08-04 23:30:11,216 INFO Epoch 74 | Val crps did not improve (40/50 val checks since best=1.17863)
2026-08-04 23:30:53,489 INFO Epoch 75 | Batch 50/593 | Loss 2.96246 (Pin 0.86617 [q90 0.42364, q10 0.44252], MS 1.07303, Freq 3.41086) | LR 1.25e-07
2026-08-04 23:31:35,707 INFO Epoch 75 | Batch 100/593 | Loss 2.96912 (Pin 0.84169 [q90 0.41018, q10 0.43151], MS 1.10709, Freq 3.40115) | LR 1.25e-07
2026-08-04 23:32:17,914 INFO Epoch 75 | Batch 150/593 | Loss 3.08959 (Pin 0.86232 [q90 0.42207, q10 0.44025], MS 1.21226, Freq 3.38336) | LR 1.25e-07
2026-08-04 23:33:00,138 INFO Epoch 75 | Batch 200/593 | Loss 3.04881 (Pin 0.85519 [q90 0.42261, q10 0.43259], MS 1.17245, Freq 3.40388) | LR 1.25e-07
2026-08-04 23:33:42,331 INFO Epoch 75 | Batch 250/593 | Loss 3.09004 (Pin 0.88056 [q90 0.43521, q10 0.44535], MS 1.17444, Freq 3.45015) | LR 1.25e-07
2026-08-04 23:34:24,552 INFO Epoch 75 | Batch 300/593 | Loss 2.89512 (Pin 0.82100 [q90 0.40393, q10 0.41707], MS 1.08676, Freq 3.29119) | LR 1.25e-07
2026-08-04 23:35:06,790 INFO Epoch 75 | Batch 350/593 | Loss 3.11487 (Pin 0.88050 [q90 0.43206, q10 0.44844], MS 1.18812, Freq 3.48747) | LR 1.25e-07
2026-08-04 23:35:49,045 INFO Epoch 75 | Batch 400/593 | Loss 3.07249 (Pin 0.88200 [q90 0.43337, q10 0.44863], MS 1.15653, Freq 3.44654) | LR 1.25e-07
2026-08-04 23:36:31,287 INFO Epoch 75 | Batch 450/593 | Loss 3.08351 (Pin 0.87811 [q90 0.42537, q10 0.45273], MS 1.17775, Freq 3.42553) | LR 1.25e-07
2026-08-04 23:37:13,544 INFO Epoch 75 | Batch 500/593 | Loss 3.07694 (Pin 0.87325 [q90 0.43044, q10 0.44280], MS 1.16962, Freq 3.44692) | LR 1.25e-07
2026-08-04 23:37:55,803 INFO Epoch 75 | Batch 550/593 | Loss 3.03437 (Pin 0.87229 [q90 0.43254, q10 0.43975], MS 1.13854, Freq 3.41180) | LR 1.25e-07
2026-08-04 23:39:07,388 INFO Epoch 75 | Val Loss 3.84456 (Pin 0.82625 [q90 0.41311, q10 0.41314], MS 2.01101, Freq 3.35768, L1 1.78755, Spectral 0.32383, Gradient 0.52567) | CRPS 1.18094
2026-08-04 23:39:07,388 INFO Epoch 75 | Coverage q10/q50/q90 = 0.083/0.496/0.902 (nominal .10/.50/.90) | extreme tail = 0.116/0.472/0.854
2026-08-04 23:39:07,562 INFO Epoch 75 | Val crps did not improve (41/50 val checks since best=1.17863)
2026-08-04 23:39:49,883 INFO Epoch 76 | Batch 50/593 | Loss 3.01392 (Pin 0.85802 [q90 0.42043, q10 0.43759], MS 1.12978, Freq 3.42041) | LR 1.25e-07
2026-08-04 23:40:32,134 INFO Epoch 76 | Batch 100/593 | Loss 2.97869 (Pin 0.85687 [q90 0.42036, q10 0.43651], MS 1.10812, Freq 3.37902) | LR 1.25e-07
2026-08-04 23:41:14,385 INFO Epoch 76 | Batch 150/593 | Loss 3.02947 (Pin 0.89614 [q90 0.43838, q10 0.45776], MS 1.09335, Freq 3.46662) | LR 1.25e-07
2026-08-04 23:41:56,627 INFO Epoch 76 | Batch 200/593 | Loss 2.97216 (Pin 0.85920 [q90 0.42511, q10 0.43409], MS 1.08719, Freq 3.41922) | LR 1.25e-07
2026-08-04 23:42:38,872 INFO Epoch 76 | Batch 250/593 | Loss 3.03346 (Pin 0.86885 [q90 0.42568, q10 0.44317], MS 1.13143, Freq 3.44393) | LR 1.25e-07
2026-08-04 23:43:21,113 INFO Epoch 76 | Batch 300/593 | Loss 2.95501 (Pin 0.84683 [q90 0.41772, q10 0.42911], MS 1.10366, Freq 3.34840) | LR 1.25e-07
2026-08-04 23:44:03,332 INFO Epoch 76 | Batch 350/593 | Loss 3.07342 (Pin 0.87730 [q90 0.43038, q10 0.44692], MS 1.16613, Freq 3.43328) | LR 1.25e-07
2026-08-04 23:44:45,513 INFO Epoch 76 | Batch 400/593 | Loss 2.98159 (Pin 0.85546 [q90 0.41837, q10 0.43709], MS 1.10973, Freq 3.38798) | LR 1.25e-07
2026-08-04 23:45:27,710 INFO Epoch 76 | Batch 450/593 | Loss 2.95621 (Pin 0.83693 [q90 0.41302, q10 0.42391], MS 1.11072, Freq 3.36189) | LR 1.25e-07
2026-08-04 23:46:09,917 INFO Epoch 76 | Batch 500/593 | Loss 3.06065 (Pin 0.88518 [q90 0.43656, q10 0.44862], MS 1.13711, Freq 3.46120) | LR 1.25e-07
2026-08-04 23:46:52,096 INFO Epoch 76 | Batch 550/593 | Loss 3.05538 (Pin 0.87642 [q90 0.43037, q10 0.44605], MS 1.14839, Freq 3.43525) | LR 1.25e-07
2026-08-04 23:48:04,340 INFO Epoch 76 | Val Loss 3.84556 (Pin 0.82626 [q90 0.41290, q10 0.41336], MS 2.01321, Freq 3.35365, L1 1.78617, Spectral 0.32354, Gradient 0.52490) | CRPS 1.18061
2026-08-04 23:48:04,341 INFO Epoch 76 | Coverage q10/q50/q90 = 0.081/0.487/0.900 (nominal .10/.50/.90) | extreme tail = 0.115/0.467/0.854
2026-08-04 23:48:04,517 INFO Epoch 76 | Val crps did not improve (42/50 val checks since best=1.17863)
2026-08-04 23:48:46,805 INFO Epoch 77 | Batch 50/593 | Loss 3.02113 (Pin 0.86089 [q90 0.42064, q10 0.44025], MS 1.14930, Freq 3.36979) | LR 1.25e-07
2026-08-04 23:49:29,021 INFO Epoch 77 | Batch 100/593 | Loss 2.96998 (Pin 0.83823 [q90 0.41056, q10 0.42767], MS 1.12326, Freq 3.36162) | LR 1.25e-07
2026-08-04 23:50:11,241 INFO Epoch 77 | Batch 150/593 | Loss 2.96268 (Pin 0.85197 [q90 0.42317, q10 0.42881], MS 1.09611, Freq 3.38199) | LR 1.25e-07
2026-08-04 23:50:53,475 INFO Epoch 77 | Batch 200/593 | Loss 3.05594 (Pin 0.86319 [q90 0.42496, q10 0.43823], MS 1.17029, Freq 3.40819) | LR 1.25e-07
2026-08-04 23:51:35,694 INFO Epoch 77 | Batch 250/593 | Loss 3.02519 (Pin 0.86119 [q90 0.42488, q10 0.43631], MS 1.14765, Freq 3.38782) | LR 1.25e-07
2026-08-04 23:52:17,912 INFO Epoch 77 | Batch 300/593 | Loss 3.13992 (Pin 0.88007 [q90 0.43102, q10 0.44904], MS 1.22639, Freq 3.44489) | LR 1.25e-07
2026-08-04 23:53:00,156 INFO Epoch 77 | Batch 350/593 | Loss 3.00629 (Pin 0.85114 [q90 0.41944, q10 0.43169], MS 1.13377, Freq 3.40460) | LR 1.25e-07
2026-08-04 23:53:42,406 INFO Epoch 77 | Batch 400/593 | Loss 3.06345 (Pin 0.87766 [q90 0.42876, q10 0.44889], MS 1.15200, Freq 3.44598) | LR 1.25e-07
2026-08-04 23:54:24,636 INFO Epoch 77 | Batch 450/593 | Loss 3.01827 (Pin 0.86965 [q90 0.42121, q10 0.44843], MS 1.11713, Freq 3.43828) | LR 1.25e-07
2026-08-04 23:55:06,864 INFO Epoch 77 | Batch 500/593 | Loss 3.04021 (Pin 0.86407 [q90 0.42404, q10 0.44003], MS 1.15550, Freq 3.40214) | LR 1.25e-07
2026-08-04 23:55:49,110 INFO Epoch 77 | Batch 550/593 | Loss 3.07862 (Pin 0.88950 [q90 0.44106, q10 0.44844], MS 1.15362, Freq 3.45168) | LR 1.25e-07
2026-08-04 23:57:01,395 INFO Epoch 77 | Val Loss 3.85063 (Pin 0.82629 [q90 0.41282, q10 0.41347], MS 2.01254, Freq 3.37267, L1 1.79275, Spectral 0.32470, Gradient 0.52897) | CRPS 1.18341
2026-08-04 23:57:01,395 INFO Epoch 77 | Coverage q10/q50/q90 = 0.081/0.492/0.902 (nominal .10/.50/.90) | extreme tail = 0.114/0.467/0.854
2026-08-04 23:57:01,570 INFO Epoch 77 | Val crps did not improve (43/50 val checks since best=1.17863)
2026-08-04 23:57:43,891 INFO Epoch 78 | Batch 50/593 | Loss 3.04181 (Pin 0.87237 [q90 0.42664, q10 0.44573], MS 1.14324, Freq 3.42067) | LR 1.25e-07
2026-08-04 23:58:26,131 INFO Epoch 78 | Batch 100/593 | Loss 3.12558 (Pin 0.87782 [q90 0.42467, q10 0.45316], MS 1.20731, Freq 3.46815) | LR 1.25e-07
2026-08-04 23:59:08,396 INFO Epoch 78 | Batch 150/593 | Loss 3.04589 (Pin 0.86861 [q90 0.41833, q10 0.45028], MS 1.14628, Freq 3.43664) | LR 1.25e-07
2026-08-04 23:59:50,619 INFO Epoch 78 | Batch 200/593 | Loss 2.99038 (Pin 0.86805 [q90 0.43383, q10 0.43422], MS 1.10070, Freq 3.40542) | LR 1.25e-07
2026-08-05 00:00:33,018 INFO Epoch 78 | Batch 250/593 | Loss 3.09047 (Pin 0.86950 [q90 0.42860, q10 0.44091], MS 1.18088, Freq 3.46695) | LR 1.25e-07
2026-08-05 00:01:15,283 INFO Epoch 78 | Batch 300/593 | Loss 2.97006 (Pin 0.86213 [q90 0.42731, q10 0.43483], MS 1.09344, Freq 3.38162) | LR 1.25e-07
2026-08-05 00:01:57,532 INFO Epoch 78 | Batch 350/593 | Loss 2.98898 (Pin 0.85127 [q90 0.41843, q10 0.43284], MS 1.13016, Freq 3.35850) | LR 1.25e-07
2026-08-05 00:02:39,788 INFO Epoch 78 | Batch 400/593 | Loss 2.98940 (Pin 0.85491 [q90 0.42183, q10 0.43307], MS 1.10960, Freq 3.41633) | LR 1.25e-07
2026-08-05 00:03:22,046 INFO Epoch 78 | Batch 450/593 | Loss 3.08456 (Pin 0.87162 [q90 0.42401, q10 0.44761], MS 1.18851, Freq 3.41476) | LR 1.25e-07
2026-08-05 00:04:04,273 INFO Epoch 78 | Batch 500/593 | Loss 3.04505 (Pin 0.86890 [q90 0.43098, q10 0.43792], MS 1.14921, Freq 3.42311) | LR 1.25e-07
2026-08-05 00:04:46,534 INFO Epoch 78 | Batch 550/593 | Loss 2.97393 (Pin 0.84702 [q90 0.41591, q10 0.43112], MS 1.11017, Freq 3.38913) | LR 1.25e-07
2026-08-05 00:05:58,534 INFO Epoch 78 | Val Loss 3.84662 (Pin 0.82616 [q90 0.41286, q10 0.41331], MS 2.01276, Freq 3.35897, L1 1.78835, Spectral 0.32441, Gradient 0.52717) | CRPS 1.18134
2026-08-05 00:05:58,535 INFO Epoch 78 | Coverage q10/q50/q90 = 0.082/0.493/0.902 (nominal .10/.50/.90) | extreme tail = 0.115/0.468/0.854
2026-08-05 00:05:58,715 INFO Epoch 78 | Val crps did not improve (44/50 val checks since best=1.17863)
2026-08-05 00:06:41,027 INFO Epoch 79 | Batch 50/593 | Loss 3.06276 (Pin 0.87193 [q90 0.43089, q10 0.44104], MS 1.17250, Freq 3.39443) | LR 1.25e-07
2026-08-05 00:07:23,286 INFO Epoch 79 | Batch 100/593 | Loss 3.04683 (Pin 0.87117 [q90 0.43117, q10 0.44001], MS 1.14042, Freq 3.45077) | LR 1.25e-07
2026-08-05 00:08:05,538 INFO Epoch 79 | Batch 150/593 | Loss 2.96760 (Pin 0.85331 [q90 0.42010, q10 0.43321], MS 1.10370, Freq 3.36861) | LR 1.25e-07
2026-08-05 00:08:47,814 INFO Epoch 79 | Batch 200/593 | Loss 3.02444 (Pin 0.87426 [q90 0.43381, q10 0.44045], MS 1.11363, Freq 3.45518) | LR 1.25e-07
2026-08-05 00:09:30,082 INFO Epoch 79 | Batch 250/593 | Loss 2.98511 (Pin 0.84447 [q90 0.41704, q10 0.42742], MS 1.13502, Freq 3.35208) | LR 1.25e-07
2026-08-05 00:10:12,332 INFO Epoch 79 | Batch 300/593 | Loss 3.04041 (Pin 0.87272 [q90 0.42426, q10 0.44846], MS 1.13924, Freq 3.42814) | LR 1.25e-07
2026-08-05 00:10:54,590 INFO Epoch 79 | Batch 350/593 | Loss 3.07608 (Pin 0.88557 [q90 0.43298, q10 0.45259], MS 1.15489, Freq 3.45204) | LR 1.25e-07
2026-08-05 00:11:36,806 INFO Epoch 79 | Batch 400/593 | Loss 2.96825 (Pin 0.84564 [q90 0.41002, q10 0.43562], MS 1.10592, Freq 3.38898) | LR 1.25e-07
2026-08-05 00:12:19,038 INFO Epoch 79 | Batch 450/593 | Loss 3.05127 (Pin 0.86637 [q90 0.42656, q10 0.43981], MS 1.16111, Freq 3.41263) | LR 1.25e-07
2026-08-05 00:13:01,262 INFO Epoch 79 | Batch 500/593 | Loss 3.06254 (Pin 0.87364 [q90 0.42732, q10 0.44633], MS 1.16789, Freq 3.40334) | LR 1.25e-07
2026-08-05 00:13:43,504 INFO Epoch 79 | Batch 550/593 | Loss 3.02709 (Pin 0.86053 [q90 0.42357, q10 0.43696], MS 1.13071, Freq 3.45285) | LR 1.25e-07
2026-08-05 00:14:55,471 INFO Epoch 79 | Val Loss 3.84502 (Pin 0.82608 [q90 0.41278, q10 0.41329], MS 2.01139, Freq 3.35850, L1 1.78753, Spectral 0.32407, Gradient 0.52646) | CRPS 1.18101
2026-08-05 00:14:55,472 INFO Epoch 79 | Coverage q10/q50/q90 = 0.082/0.493/0.902 (nominal .10/.50/.90) | extreme tail = 0.116/0.468/0.854
2026-08-05 00:14:55,666 INFO Epoch 79 | Val crps did not improve (45/50 val checks since best=1.17863)
2026-08-05 00:15:37,928 INFO Epoch 80 | Batch 50/593 | Loss 3.01327 (Pin 0.87090 [q90 0.43015, q10 0.44076], MS 1.11778, Freq 3.41531) | LR 6.25e-08
2026-08-05 00:16:20,151 INFO Epoch 80 | Batch 100/593 | Loss 2.97815 (Pin 0.85644 [q90 0.42213, q10 0.43430], MS 1.10282, Freq 3.39631) | LR 6.25e-08
2026-08-05 00:17:02,368 INFO Epoch 80 | Batch 150/593 | Loss 3.05506 (Pin 0.86922 [q90 0.42842, q10 0.44079], MS 1.16133, Freq 3.41504) | LR 6.25e-08
2026-08-05 00:17:44,566 INFO Epoch 80 | Batch 200/593 | Loss 2.93975 (Pin 0.85881 [q90 0.42429, q10 0.43452], MS 1.05417, Freq 3.42258) | LR 6.25e-08
2026-08-05 00:18:26,808 INFO Epoch 80 | Batch 250/593 | Loss 3.10101 (Pin 0.87887 [q90 0.42899, q10 0.44989], MS 1.18290, Freq 3.46410) | LR 6.25e-08
2026-08-05 00:19:09,071 INFO Epoch 80 | Batch 300/593 | Loss 3.07491 (Pin 0.87254 [q90 0.42517, q10 0.44736], MS 1.17258, Freq 3.43267) | LR 6.25e-08
2026-08-05 00:19:51,311 INFO Epoch 80 | Batch 350/593 | Loss 3.01645 (Pin 0.85375 [q90 0.42148, q10 0.43227], MS 1.14662, Freq 3.38692) | LR 6.25e-08
2026-08-05 00:20:33,536 INFO Epoch 80 | Batch 400/593 | Loss 3.01799 (Pin 0.85964 [q90 0.42230, q10 0.43733], MS 1.14313, Freq 3.38407) | LR 6.25e-08
2026-08-05 00:21:15,773 INFO Epoch 80 | Batch 450/593 | Loss 3.03250 (Pin 0.86410 [q90 0.42122, q10 0.44288], MS 1.14673, Freq 3.40556) | LR 6.25e-08
2026-08-05 00:21:58,012 INFO Epoch 80 | Batch 500/593 | Loss 3.15704 (Pin 0.87802 [q90 0.43031, q10 0.44771], MS 1.24361, Freq 3.45136) | LR 6.25e-08
2026-08-05 00:22:40,245 INFO Epoch 80 | Batch 550/593 | Loss 2.99589 (Pin 0.85212 [q90 0.42032, q10 0.43180], MS 1.13305, Freq 3.36906) | LR 6.25e-08
2026-08-05 00:23:52,886 INFO Epoch 80 | Val Loss 3.84930 (Pin 0.82628 [q90 0.41279, q10 0.41349], MS 2.01293, Freq 3.36695, L1 1.79045, Spectral 0.32471, Gradient 0.52867) | CRPS 1.18243
2026-08-05 00:23:52,887 INFO Epoch 80 | Coverage q10/q50/q90 = 0.081/0.491/0.902 (nominal .10/.50/.90) | extreme tail = 0.115/0.468/0.854
2026-08-05 00:23:53,068 INFO Epoch 80 | Val crps did not improve (46/50 val checks since best=1.17863)
2026-08-05 00:24:35,421 INFO Epoch 81 | Batch 50/593 | Loss 2.97395 (Pin 0.85801 [q90 0.41988, q10 0.43813], MS 1.09968, Freq 3.38755) | LR 6.25e-08
2026-08-05 00:25:17,686 INFO Epoch 81 | Batch 100/593 | Loss 3.04417 (Pin 0.86973 [q90 0.43412, q10 0.43560], MS 1.15307, Freq 3.40459) | LR 6.25e-08
2026-08-05 00:25:59,933 INFO Epoch 81 | Batch 150/593 | Loss 3.00632 (Pin 0.85374 [q90 0.42132, q10 0.43242], MS 1.14270, Freq 3.36627) | LR 6.25e-08
2026-08-05 00:26:42,187 INFO Epoch 81 | Batch 200/593 | Loss 3.07667 (Pin 0.87296 [q90 0.43081, q10 0.44215], MS 1.16955, Freq 3.44718) | LR 6.25e-08
2026-08-05 00:27:24,430 INFO Epoch 81 | Batch 250/593 | Loss 3.06044 (Pin 0.87126 [q90 0.42564, q10 0.44562], MS 1.16019, Freq 3.42996) | LR 6.25e-08
2026-08-05 00:28:06,663 INFO Epoch 81 | Batch 300/593 | Loss 3.04083 (Pin 0.88474 [q90 0.43375, q10 0.45099], MS 1.12122, Freq 3.44959) | LR 6.25e-08
2026-08-05 00:28:48,904 INFO Epoch 81 | Batch 350/593 | Loss 3.05092 (Pin 0.85715 [q90 0.41871, q10 0.43844], MS 1.17238, Freq 3.40465) | LR 6.25e-08
2026-08-05 00:29:31,129 INFO Epoch 81 | Batch 400/593 | Loss 3.03201 (Pin 0.86868 [q90 0.42545, q10 0.44323], MS 1.13010, Freq 3.44408) | LR 6.25e-08
2026-08-05 00:30:13,385 INFO Epoch 81 | Batch 450/593 | Loss 3.07160 (Pin 0.85535 [q90 0.42283, q10 0.43252], MS 1.18935, Freq 3.42300) | LR 6.25e-08
2026-08-05 00:30:55,629 INFO Epoch 81 | Batch 500/593 | Loss 3.06163 (Pin 0.87127 [q90 0.42834, q10 0.44294], MS 1.16270, Freq 3.42552) | LR 6.25e-08
2026-08-05 00:31:37,872 INFO Epoch 81 | Batch 550/593 | Loss 2.99177 (Pin 0.83994 [q90 0.40908, q10 0.43086], MS 1.14341, Freq 3.36140) | LR 6.25e-08
2026-08-05 00:32:49,838 INFO Epoch 81 | Val Loss 3.84746 (Pin 0.82627 [q90 0.41303, q10 0.41323], MS 2.01346, Freq 3.35915, L1 1.78808, Spectral 0.32419, Gradient 0.52655) | CRPS 1.18126
2026-08-05 00:32:49,838 INFO Epoch 81 | Coverage q10/q50/q90 = 0.082/0.489/0.901 (nominal .10/.50/.90) | extreme tail = 0.115/0.468/0.853
2026-08-05 00:32:50,020 INFO Epoch 81 | Val crps did not improve (47/50 val checks since best=1.17863)
2026-08-05 00:33:32,340 INFO Epoch 82 | Batch 50/593 | Loss 2.95622 (Pin 0.84223 [q90 0.41282, q10 0.42941], MS 1.11117, Freq 3.34271) | LR 6.25e-08
2026-08-05 00:34:14,596 INFO Epoch 82 | Batch 100/593 | Loss 3.09226 (Pin 0.87297 [q90 0.43009, q10 0.44288], MS 1.19478, Freq 3.41505) | LR 6.25e-08
2026-08-05 00:34:56,838 INFO Epoch 82 | Batch 150/593 | Loss 3.09138 (Pin 0.85872 [q90 0.42056, q10 0.43816], MS 1.22757, Freq 3.35029) | LR 6.25e-08
2026-08-05 00:35:39,105 INFO Epoch 82 | Batch 200/593 | Loss 3.03767 (Pin 0.87359 [q90 0.42766, q10 0.44593], MS 1.12701, Freq 3.45688) | LR 6.25e-08
2026-08-05 00:36:21,375 INFO Epoch 82 | Batch 250/593 | Loss 2.96541 (Pin 0.85318 [q90 0.42129, q10 0.43189], MS 1.08603, Freq 3.42068) | LR 6.25e-08
2026-08-05 00:37:03,620 INFO Epoch 82 | Batch 300/593 | Loss 3.02439 (Pin 0.87566 [q90 0.42485, q10 0.45080], MS 1.12062, Freq 3.42705) | LR 6.25e-08
2026-08-05 00:37:45,853 INFO Epoch 82 | Batch 350/593 | Loss 3.02624 (Pin 0.86155 [q90 0.42904, q10 0.43251], MS 1.13998, Freq 3.41573) | LR 6.25e-08
2026-08-05 00:38:28,076 INFO Epoch 82 | Batch 400/593 | Loss 3.05645 (Pin 0.87478 [q90 0.42632, q10 0.44846], MS 1.15902, Freq 3.40883) | LR 6.25e-08
2026-08-05 00:39:10,308 INFO Epoch 82 | Batch 450/593 | Loss 3.05207 (Pin 0.86207 [q90 0.41857, q10 0.44350], MS 1.16960, Freq 3.40131) | LR 6.25e-08
2026-08-05 00:39:52,564 INFO Epoch 82 | Batch 500/593 | Loss 3.08710 (Pin 0.87383 [q90 0.43227, q10 0.44156], MS 1.17200, Freq 3.47088) | LR 6.25e-08
2026-08-05 00:40:34,801 INFO Epoch 82 | Batch 550/593 | Loss 3.04153 (Pin 0.85239 [q90 0.41908, q10 0.43331], MS 1.16520, Freq 3.41316) | LR 6.25e-08
2026-08-05 00:41:46,452 INFO Epoch 82 | Val Loss 3.84998 (Pin 0.82636 [q90 0.41292, q10 0.41344], MS 2.01381, Freq 3.36603, L1 1.79037, Spectral 0.32460, Gradient 0.52823) | CRPS 1.18240
2026-08-05 00:41:46,453 INFO Epoch 82 | Coverage q10/q50/q90 = 0.081/0.489/0.902 (nominal .10/.50/.90) | extreme tail = 0.114/0.467/0.853
2026-08-05 00:41:46,640 INFO Epoch 82 | Val crps did not improve (48/50 val checks since best=1.17863)
2026-08-05 00:42:28,960 INFO Epoch 83 | Batch 50/593 | Loss 3.05040 (Pin 0.86108 [q90 0.41992, q10 0.44116], MS 1.16245, Freq 3.42289) | LR 6.25e-08
2026-08-05 00:43:11,207 INFO Epoch 83 | Batch 100/593 | Loss 3.00087 (Pin 0.85106 [q90 0.41804, q10 0.43302], MS 1.13269, Freq 3.39041) | LR 6.25e-08
