event_id,band,band_label,component,variant,metric,value
387,0,6-25km,u,shift_2px,freq_l1,0.403114914894104
387,0,6-25km,u,shift_2px,freq_l1_unweighted,0.7862354516983032
387,0,6-25km,u,shift_2px,melr,4.530044250827814e-08
387,0,6-25km,u,shift_2px,swd,0.056276459246873856
387,0,6-25km,v,shift_2px,freq_l1,0.6984091997146606
387,0,6-25km,v,shift_2px,freq_l1_unweighted,1.4391199350357056
387,0,6-25km,v,shift_2px,melr,1.2942983573793754e-08
387,0,6-25km,v,shift_2px,swd,0.07590698450803757
387,1,28-86km,u,shift_2px,freq_l1,0.39381226897239685
387,1,28-86km,u,shift_2px,freq_l1_unweighted,0.5932539105415344
387,1,28-86km,u,shift_2px,melr,3.882895072138126e-08
387,1,28-86km,u,shift_2px,swd,0.019431794062256813
387,1,28-86km,v,shift_2px,freq_l1,0.6555635333061218
387,1,28-86km,v,shift_2px,freq_l1_unweighted,0.958297610282898
387,1,28-86km,v,shift_2px,melr,6.471491786896877e-09
387,1,28-86km,v,shift_2px,swd,0.02084101177752018
387,2,57-175km,u,shift_2px,freq_l1,0.25341737270355225
387,2,57-175km,u,shift_2px,freq_l1_unweighted,0.3383709490299225
387,2,57-175km,u,shift_2px,melr,-1.617873301995587e-08
387,2,57-175km,u,shift_2px,swd,0.014256310649216175
387,2,57-175km,v,shift_2px,freq_l1,0.4035325348377228
387,2,57-175km,v,shift_2px,freq_l1_unweighted,0.50834721326828
387,2,57-175km,v,shift_2px,melr,-6.4714931191645064e-09
387,2,57-175km,v,shift_2px,swd,0.019012123346328735
387,3,114-359km,u,shift_2px,freq_l1,0.12650546431541443
387,3,114-359km,u,shift_2px,freq_l1_unweighted,0.15371766686439514
387,3,114-359km,u,shift_2px,melr,-1.3322676295501878e-15
387,3,114-359km,u,shift_2px,swd,0.00795504916459322
387,3,114-359km,v,shift_2px,freq_l1,0.24693697690963745
387,3,114-359km,v,shift_2px,freq_l1_unweighted,0.26686039566993713
387,3,114-359km,v,shift_2px,melr,-1.3322676295501878e-15
387,3,114-359km,v,shift_2px,swd,0.01033015362918377
387,4,>325km,u,shift_2px,freq_l1,0.025010477751493454
387,4,>325km,u,shift_2px,freq_l1_unweighted,0.028915468603372574
387,4,>325km,u,shift_2px,melr,1.941447358433379e-08
387,4,>325km,u,shift_2px,swd,0.009017417207360268
387,4,>325km,v,shift_2px,freq_l1,0.052156709134578705
387,4,>325km,v,shift_2px,freq_l1_unweighted,0.06437503546476364
387,4,>325km,v,shift_2px,melr,-3.552713678800501e-15
387,4,>325km,v,shift_2px,swd,0.013150508515536785
387,0,6-25km,u,shift_3px,freq_l1,0.4606711268424988
387,0,6-25km,u,shift_3px,freq_l1_unweighted,0.8465777635574341
387,0,6-25km,u,shift_3px,melr,3.5593203051575983e-08
387,0,6-25km,u,shift_3px,swd,0.050858333706855774
387,0,6-25km,v,shift_3px,freq_l1,0.781038224697113
387,0,6-25km,v,shift_3px,freq_l1_unweighted,1.4974708557128906
387,0,6-25km,v,shift_3px,melr,1.2942983573793754e-08
387,0,6-25km,v,shift_3px,swd,0.06837515532970428
387,1,28-86km,u,shift_3px,freq_l1,0.5158131718635559
387,1,28-86km,u,shift_3px,freq_l1_unweighted,0.8160807490348816
387,1,28-86km,u,shift_3px,melr,2.265022125413907e-08
387,1,28-86km,u,shift_3px,swd,0.027644667774438858
387,1,28-86km,v,shift_3px,freq_l1,0.8397946357727051
387,1,28-86km,v,shift_3px,freq_l1_unweighted,1.305396556854248
387,1,28-86km,v,shift_3px,melr,-1.2942986238329013e-08
387,1,28-86km,v,shift_3px,swd,0.02762497402727604
387,2,57-175km,u,shift_3px,freq_l1,0.365102618932724
387,2,57-175km,u,shift_3px,freq_l1_unweighted,0.4961027503013611
387,2,57-175km,u,shift_3px,melr,-2.2650226583209587e-08
387,2,57-175km,u,shift_3px,swd,0.01673497073352337
387,2,57-175km,v,shift_3px,freq_l1,0.5783511400222778
387,2,57-175km,v,shift_3px,freq_l1_unweighted,0.74428391456604
387,2,57-175km,v,shift_3px,melr,-1.2942986238329013e-08
387,2,57-175km,v,shift_3px,swd,0.019576378166675568
387,3,114-359km,u,shift_3px,freq_l1,0.18837079405784607
387,3,114-359km,u,shift_3px,freq_l1_unweighted,0.22921161353588104
387,3,114-359km,u,shift_3px,melr,-6.471494451432136e-09
387,3,114-359km,u,shift_3px,swd,0.010335174389183521
387,3,114-359km,v,shift_3px,freq_l1,0.3656289279460907
387,3,114-359km,v,shift_3px,freq_l1_unweighted,0.3981249928474426
387,3,114-359km,v,shift_3px,melr,-6.4714931191645064e-09
387,3,114-359km,v,shift_3px,swd,0.014566415920853615
387,4,>325km,u,shift_3px,freq_l1,0.0374922938644886
387,4,>325km,u,shift_3px,freq_l1_unweighted,0.04334454983472824
387,4,>325km,u,shift_3px,melr,-6.471494451432136e-09
387,4,>325km,u,shift_3px,swd,0.01207479927688837
387,4,>325km,v,shift_3px,freq_l1,0.07844336330890656
387,4,>325km,v,shift_3px,freq_l1_unweighted,0.09648174047470093
387,4,>325km,v,shift_3px,melr,-9.707239456702155e-09
387,4,>325km,v,shift_3px,swd,0.01681067980825901
387,0,6-25km,u,blur_sigma0.5,freq_l1,0.03663274645805359
387,0,6-25km,u,blur_sigma0.5,freq_l1_unweighted,0.06796940416097641
387,0,6-25km,u,blur_sigma0.5,melr,-0.0597207136452198
387,0,6-25km,u,blur_sigma0.5,swd,0.038661181926727295
387,0,6-25km,v,blur_sigma0.5,freq_l1,0.06373149156570435
387,0,6-25km,v,blur_sigma0.5,freq_l1_unweighted,0.14308662712574005
387,0,6-25km,v,blur_sigma0.5,melr,-0.10568961501121521
387,0,6-25km,v,blur_sigma0.5,swd,0.09646812826395035
387,1,28-86km,u,blur_sigma0.5,freq_l1,0.009931089356541634
387,1,28-86km,u,blur_sigma0.5,freq_l1_unweighted,0.015002009458839893
387,1,28-86km,u,blur_sigma0.5,melr,-0.009945412166416645
387,1,28-86km,u,blur_sigma0.5,swd,0.004155091941356659
387,1,28-86km,v,blur_sigma0.5,freq_l1,0.016914844512939453
387,1,28-86km,v,blur_sigma0.5,freq_l1_unweighted,0.02692326530814171
387,1,28-86km,v,blur_sigma0.5,melr,-0.014260590076446533
387,1,28-86km,v,blur_sigma0.5,swd,0.008539118804037571
387,2,57-175km,u,blur_sigma0.5,freq_l1,0.0028357463888823986
387,2,57-175km,u,blur_sigma0.5,freq_l1_unweighted,0.003919061738997698
387,2,57-175km,u,blur_sigma0.5,melr,-0.002379977609962225
387,2,57-175km,u,blur_sigma0.5,swd,0.0012950293021276593
387,2,57-175km,v,blur_sigma0.5,freq_l1,0.004606921691447496
387,2,57-175km,v,blur_sigma0.5,freq_l1_unweighted,0.0062639182433485985
387,2,57-175km,v,blur_sigma0.5,melr,-0.002838277257978916
387,2,57-175km,v,blur_sigma0.5,swd,0.0021689182613044977
387,3,114-359km,u,blur_sigma0.5,freq_l1,0.0007042077486403286
387,3,114-359km,u,blur_sigma0.5,freq_l1_unweighted,0.0008939958061091602
387,3,114-359km,u,blur_sigma0.5,melr,-0.0005603036261163652
387,3,114-359km,u,blur_sigma0.5,swd,0.00037737353704869747
387,3,114-359km,v,blur_sigma0.5,freq_l1,0.0011064481223002076
387,3,114-359km,v,blur_sigma0.5,freq_l1_unweighted,0.0014031738974153996
387,3,114-359km,v,blur_sigma0.5,melr,-0.0006350223557092249
387,3,114-359km,v,blur_sigma0.5,swd,0.0006646304973401129
387,4,>325km,u,blur_sigma0.5,freq_l1,6.23498999630101e-05
387,4,>325km,u,blur_sigma0.5,freq_l1_unweighted,7.060398638714105e-05
387,4,>325km,u,blur_sigma0.5,melr,-7.07881772541441e-05
387,4,>325km,u,blur_sigma0.5,swd,0.0002692477428354323
387,4,>325km,v,blur_sigma0.5,freq_l1,0.0001113001344492659
387,4,>325km,v,blur_sigma0.5,freq_l1_unweighted,0.0001277769624721259
387,4,>325km,v,blur_sigma0.5,melr,-1.978709224204067e-05
387,4,>325km,v,blur_sigma0.5,swd,0.0005375823238864541
387,0,6-25km,u,blur_sigma1,freq_l1,0.10639393329620361
387,0,6-25km,u,blur_sigma1,freq_l1_unweighted,0.20648792386054993
387,0,6-25km,u,blur_sigma1,melr,-0.17634636163711548
387,0,6-25km,u,blur_sigma1,swd,0.11276158690452576
387,0,6-25km,v,blur_sigma1,freq_l1,0.1869429349899292
387,0,6-25km,v,blur_sigma1,freq_l1_unweighted,0.43986767530441284
387,0,6-25km,v,blur_sigma1,melr,-0.3433076739311218
387,0,6-25km,v,blur_sigma1,swd,0.28224390745162964
387,1,28-86km,u,blur_sigma1,freq_l1,0.041776612401008606
387,1,28-86km,u,blur_sigma1,freq_l1_unweighted,0.06382530182600021
387,1,28-86km,u,blur_sigma1,melr,-0.042748481035232544
387,1,28-86km,u,blur_sigma1,swd,0.01776682399213314
387,1,28-86km,v,blur_sigma1,freq_l1,0.07043667137622833
387,1,28-86km,v,blur_sigma1,freq_l1_unweighted,0.11382371932268143
387,1,28-86km,v,blur_sigma1,melr,-0.06145092099905014
387,1,28-86km,v,blur_sigma1,swd,0.03539806976914406
387,2,57-175km,u,blur_sigma1,freq_l1,0.012625789269804955
387,2,57-175km,u,blur_sigma1,freq_l1_unweighted,0.017503827810287476
387,2,57-175km,u,blur_sigma1,melr,-0.0107822734862566
387,2,57-175km,u,blur_sigma1,swd,0.005559784825891256
387,2,57-175km,v,blur_sigma1,freq_l1,0.02044202759861946
387,2,57-175km,v,blur_sigma1,freq_l1_unweighted,0.02792830392718315
387,2,57-175km,v,blur_sigma1,melr,-0.012932324782013893
387,2,57-175km,v,blur_sigma1,swd,0.009648152627050877
387,3,114-359km,u,blur_sigma1,freq_l1,0.00310738617554307
387,3,114-359km,u,blur_sigma1,freq_l1_unweighted,0.003964356146752834
387,3,114-359km,u,blur_sigma1,melr,-0.0025488536339253187
387,3,114-359km,u,blur_sigma1,swd,0.0017188742058351636
387,3,114-359km,v,blur_sigma1,freq_l1,0.004863332957029343
387,3,114-359km,v,blur_sigma1,freq_l1_unweighted,0.006234375759959221
387,3,114-359km,v,blur_sigma1,melr,-0.0029505244456231594
387,3,114-359km,v,blur_sigma1,swd,0.0028898983728140593
387,4,>325km,u,blur_sigma1,freq_l1,0.0002590372459962964
387,4,>325km,u,blur_sigma1,freq_l1_unweighted,0.0003005765611305833
387,4,>325km,u,blur_sigma1,melr,-0.00031781563302502036
387,4,>325km,u,blur_sigma1,swd,0.0008269844111055136
387,4,>325km,v,blur_sigma1,freq_l1,0.0004676050157286227
387,4,>325km,v,blur_sigma1,freq_l1_unweighted,0.000547539908438921
387,4,>325km,v,blur_sigma1,melr,-0.00010399406892247498
387,4,>325km,v,blur_sigma1,swd,0.0022767153568565845
387,0,6-25km,u,blur_sigma2,freq_l1,0.1663186103105545
387,0,6-25km,u,blur_sigma2,freq_l1_unweighted,0.3444204330444336
387,0,6-25km,u,blur_sigma2,melr,-0.2940572202205658
387,0,6-25km,u,blur_sigma2,swd,0.20838086307048798
387,0,6-25km,v,blur_sigma2,freq_l1,0.2884718179702759
387,0,6-25km,v,blur_sigma2,freq_l1_unweighted,0.7131179571151733
387,0,6-25km,v,blur_sigma2,melr,-0.5887829065322876
387,0,6-25km,v,blur_sigma2,swd,0.4926179349422455
387,1,28-86km,u,blur_sigma2,freq_l1,0.11998021602630615
387,1,28-86km,u,blur_sigma2,freq_l1_unweighted,0.19085945188999176
387,1,28-86km,u,blur_sigma2,melr,-0.13194619119167328
387,1,28-86km,u,blur_sigma2,swd,0.05365832895040512
387,1,28-86km,v,blur_sigma2,freq_l1,0.19709479808807373
387,1,28-86km,v,blur_sigma2,freq_l1_unweighted,0.33356302976608276
387,1,28-86km,v,blur_sigma2,melr,-0.18977856636047363
387,1,28-86km,v,blur_sigma2,swd,0.09692492336034775
387,2,57-175km,u,blur_sigma2,freq_l1,0.044765591621398926
387,2,57-175km,u,blur_sigma2,freq_l1_unweighted,0.0628330409526825
387,2,57-175km,u,blur_sigma2,melr,-0.039560601115226746
387,2,57-175km,u,blur_sigma2,swd,0.020040467381477356
387,2,57-175km,v,blur_sigma2,freq_l1,0.07208549976348877
387,2,57-175km,v,blur_sigma2,freq_l1_unweighted,0.09998497366905212
387,2,57-175km,v,blur_sigma2,melr,-0.04777892678976059
387,2,57-175km,v,blur_sigma2,swd,0.03445000573992729
387,3,114-359km,u,blur_sigma2,freq_l1,0.011516254395246506
387,3,114-359km,u,blur_sigma2,freq_l1_unweighted,0.014817316085100174
387,3,114-359km,u,blur_sigma2,melr,-0.009758410044014454
387,3,114-359km,u,blur_sigma2,swd,0.005903071258217096
387,3,114-359km,v,blur_sigma2,freq_l1,0.018286824226379395
387,3,114-359km,v,blur_sigma2,freq_l1_unweighted,0.02367357537150383
387,3,114-359km,v,blur_sigma2,melr,-0.011697119101881981
387,3,114-359km,v,blur_sigma2,swd,0.012698609381914139
387,4,>325km,u,blur_sigma2,freq_l1,0.0009085453930310905
387,4,>325km,u,blur_sigma2,freq_l1_unweighted,0.0010780403390526772
387,4,>325km,u,blur_sigma2,melr,-0.0011871086899191141
387,4,>325km,u,blur_sigma2,swd,0.002600277541205287
387,4,>325km,v,blur_sigma2,freq_l1,0.0017529602628201246
387,4,>325km,v,blur_sigma2,freq_l1_unweighted,0.002070971764624119
387,4,>325km,v,blur_sigma2,melr,-0.0004848701355513185
387,4,>325km,v,blur_sigma2,swd,0.009470782242715359
240,0,6-25km,u,shift_2px,freq_l1,0.46788138151168823
240,0,6-25km,u,shift_2px,freq_l1_unweighted,0.8526087403297424
240,0,6-25km,u,shift_2px,melr,4.4375944696639635e-08
240,0,6-25km,u,shift_2px,swd,0.05065528303384781
240,0,6-25km,v,shift_2px,freq_l1,0.42055565118789673
240,0,6-25km,v,shift_2px,freq_l1_unweighted,0.7380000352859497
240,0,6-25km,v,shift_2px,melr,3.328195674612289e-08
240,0,6-25km,v,shift_2px,swd,0.051526714116334915
240,1,28-86km,u,shift_2px,freq_l1,0.4357149004936218
240,1,28-86km,u,shift_2px,freq_l1_unweighted,0.5943686366081238
240,1,28-86km,u,shift_2px,melr,2.2187972348319818e-08
240,1,28-86km,u,shift_2px,swd,0.017615020275115967
240,1,28-86km,v,shift_2px,freq_l1,0.4116124212741852
240,1,28-86km,v,shift_2px,freq_l1_unweighted,0.5546804666519165
240,1,28-86km,v,shift_2px,melr,2.2187972348319818e-08
240,1,28-86km,v,shift_2px,swd,0.02228907123208046
240,2,57-175km,u,shift_2px,freq_l1,0.2618115544319153
240,2,57-175km,u,shift_2px,freq_l1_unweighted,0.31435105204582214
240,2,57-175km,u,shift_2px,melr,9.244985221812385e-09
240,2,57-175km,u,shift_2px,swd,0.013085522688925266
240,2,57-175km,v,shift_2px,freq_l1,0.24719871580600739
240,2,57-175km,v,shift_2px,freq_l1_unweighted,0.29586729407310486
240,2,57-175km,v,shift_2px,melr,-3.6979963535799243e-09
240,2,57-175km,v,shift_2px,swd,0.014850874431431293
240,3,114-359km,u,shift_2px,freq_l1,0.1361893117427826
240,3,114-359km,u,shift_2px,freq_l1_unweighted,0.14566557109355927
240,3,114-359km,u,shift_2px,melr,-1.8489991759906843e-09
240,3,114-359km,u,shift_2px,swd,0.00626634294167161
240,3,114-359km,v,shift_2px,freq_l1,0.13434815406799316
240,3,114-359km,v,shift_2px,freq_l1_unweighted,0.14047016203403473
240,3,114-359km,v,shift_2px,melr,-1.8489985098568695e-09
240,3,114-359km,v,shift_2px,swd,0.008064324967563152
240,4,>325km,u,shift_2px,freq_l1,0.026186663657426834
240,4,>325km,u,shift_2px,freq_l1_unweighted,0.024949537590146065
240,4,>325km,u,shift_2px,melr,1.1093985285981489e-08
240,4,>325km,u,shift_2px,swd,0.005747293122112751
240,4,>325km,v,shift_2px,freq_l1,0.0261976420879364
240,4,>325km,v,shift_2px,freq_l1_unweighted,0.027821194380521774
240,4,>325km,v,shift_2px,melr,-1.6640983702131962e-08
240,4,>325km,v,shift_2px,swd,0.007859433069825172
240,0,6-25km,u,shift_3px,freq_l1,0.5212478041648865
240,0,6-25km,u,shift_3px,freq_l1_unweighted,0.9033388495445251
240,0,6-25km,u,shift_3px,melr,4.8073939495907325e-08
240,0,6-25km,u,shift_3px,swd,0.053755756467580795
240,0,6-25km,v,shift_3px,freq_l1,0.45961302518844604
240,0,6-25km,v,shift_3px,freq_l1_unweighted,0.7678943276405334
240,0,6-25km,v,shift_3px,melr,4.067794634465827e-08
240,0,6-25km,v,shift_3px,swd,0.04314270243048668
240,1,28-86km,u,shift_3px,freq_l1,0.5636157989501953
240,1,28-86km,u,shift_3px,freq_l1_unweighted,0.8123258948326111
240,1,28-86km,u,shift_3px,melr,2.9583961946855197e-08
240,1,28-86km,u,shift_3px,swd,0.024410555139183998
240,1,28-86km,v,shift_3px,freq_l1,0.5254681706428528
240,1,28-86km,v,shift_3px,freq_l1_unweighted,0.7550320625305176
240,1,28-86km,v,shift_3px,melr,1.4791980973427599e-08
240,1,28-86km,v,shift_3px,swd,0.024326171725988388
240,2,57-175km,u,shift_3px,freq_l1,0.376421719789505
240,2,57-175km,u,shift_3px,freq_l1_unweighted,0.4607910215854645
240,2,57-175km,u,shift_3px,melr,-1.5225915917543745e-15
240,2,57-175km,u,shift_3px,swd,0.016735225915908813
240,2,57-175km,v,shift_3px,freq_l1,0.3543100953102112
240,2,57-175km,v,shift_3px,freq_l1_unweighted,0.4330349564552307
240,2,57-175km,v,shift_3px,melr,-5.546994419347584e-09
240,2,57-175km,v,shift_3px,swd,0.01604011096060276
240,3,114-359km,u,shift_3px,freq_l1,0.20209063589572906
240,3,114-359km,u,shift_3px,freq_l1_unweighted,0.21732287108898163
240,3,114-359km,u,shift_3px,melr,-1.2942986238329013e-08
240,3,114-359km,u,shift_3px,swd,0.008451742120087147
240,3,114-359km,v,shift_3px,freq_l1,0.19923774898052216
240,3,114-359km,v,shift_3px,freq_l1_unweighted,0.20948663353919983
240,3,114-359km,v,shift_3px,melr,-3.697997241758344e-09
240,3,114-359km,v,shift_3px,swd,0.011317424476146698
240,4,>325km,u,shift_3px,freq_l1,0.0393243171274662
240,4,>325km,u,shift_3px,freq_l1_unweighted,0.037401292473077774
240,4,>325km,u,shift_3px,melr,3.6979952433568997e-09
240,4,>325km,u,shift_3px,swd,0.008689148351550102
240,4,>325km,v,shift_3px,freq_l1,0.039233528077602386
240,4,>325km,v,shift_3px,freq_l1_unweighted,0.04169245436787605
240,4,>325km,v,shift_3px,melr,-3.6979983519813686e-09
240,4,>325km,v,shift_3px,swd,0.011533752083778381
240,0,6-25km,u,blur_sigma0.5,freq_l1,0.039986055344343185
240,0,6-25km,u,blur_sigma0.5,freq_l1_unweighted,0.07435460388660431
240,0,6-25km,u,blur_sigma0.5,melr,-0.0767657682299614
240,0,6-25km,u,blur_sigma0.5,swd,0.04234360530972481
240,0,6-25km,v,blur_sigma0.5,freq_l1,0.03446265310049057
240,0,6-25km,v,blur_sigma0.5,freq_l1_unweighted,0.059044092893600464
240,0,6-25km,v,blur_sigma0.5,melr,-0.0689818412065506
240,0,6-25km,v,blur_sigma0.5,swd,0.0360930934548378
240,1,28-86km,u,blur_sigma0.5,freq_l1,0.011211077682673931
240,1,28-86km,u,blur_sigma0.5,freq_l1_unweighted,0.01582879014313221
240,1,28-86km,u,blur_sigma0.5,melr,-0.011439858004450798
240,1,28-86km,u,blur_sigma0.5,swd,0.004452468361705542
240,1,28-86km,v,blur_sigma0.5,freq_l1,0.010020529851317406
240,1,28-86km,v,blur_sigma0.5,freq_l1_unweighted,0.013871616683900356
240,1,28-86km,v,blur_sigma0.5,melr,-0.01121166069060564
240,1,28-86km,v,blur_sigma0.5,swd,0.00415773643180728
240,2,57-175km,u,blur_sigma0.5,freq_l1,0.002941236598417163
240,2,57-175km,u,blur_sigma0.5,freq_l1_unweighted,0.0036804478149861097
240,2,57-175km,u,blur_sigma0.5,melr,-0.0022606984712183475
240,2,57-175km,u,blur_sigma0.5,swd,0.0011892872862517834
240,2,57-175km,v,blur_sigma0.5,freq_l1,0.0026263673789799213
240,2,57-175km,v,blur_sigma0.5,freq_l1_unweighted,0.003308727638795972
240,2,57-175km,v,blur_sigma0.5,melr,-0.0024166093207895756
240,2,57-175km,v,blur_sigma0.5,swd,0.0010929573327302933
240,3,114-359km,u,blur_sigma0.5,freq_l1,0.0007190540782175958
240,3,114-359km,u,blur_sigma0.5,freq_l1_unweighted,0.0008032764890231192
240,3,114-359km,u,blur_sigma0.5,melr,-0.0004583451081998646
240,3,114-359km,u,blur_sigma0.5,swd,0.00027471076464280486
240,3,114-359km,v,blur_sigma0.5,freq_l1,0.0006407782202586532
240,3,114-359km,v,blur_sigma0.5,freq_l1_unweighted,0.0007368940277956426
240,3,114-359km,v,blur_sigma0.5,melr,-0.0005557629046961665
240,3,114-359km,v,blur_sigma0.5,swd,0.00031630881130695343
240,4,>325km,u,blur_sigma0.5,freq_l1,5.113357838126831e-05
240,4,>325km,u,blur_sigma0.5,freq_l1_unweighted,5.1576851546997204e-05
240,4,>325km,u,blur_sigma0.5,melr,-1.9463330318103544e-05
240,4,>325km,u,blur_sigma0.5,swd,0.00017824512906372547
240,4,>325km,v,blur_sigma0.5,freq_l1,5.962426439509727e-05
240,4,>325km,v,blur_sigma0.5,freq_l1_unweighted,5.728800533688627e-05
240,4,>325km,v,blur_sigma0.5,melr,-2.2074000298744068e-05
240,4,>325km,v,blur_sigma0.5,swd,0.00017042776744347066
240,0,6-25km,u,blur_sigma1,freq_l1,0.1201118603348732
240,0,6-25km,u,blur_sigma1,freq_l1_unweighted,0.23191054165363312
240,0,6-25km,u,blur_sigma1,melr,-0.23782260715961456
240,0,6-25km,u,blur_sigma1,swd,0.13351105153560638
240,0,6-25km,v,blur_sigma1,freq_l1,0.10516433417797089
240,0,6-25km,v,blur_sigma1,freq_l1_unweighted,0.18741409480571747
240,0,6-25km,v,blur_sigma1,melr,-0.21318617463111877
240,0,6-25km,v,blur_sigma1,swd,0.11083858460187912
240,1,28-86km,u,blur_sigma1,freq_l1,0.047014009207487106
240,1,28-86km,u,blur_sigma1,freq_l1_unweighted,0.0670226439833641
240,1,28-86km,u,blur_sigma1,melr,-0.048714883625507355
240,1,28-86km,u,blur_sigma1,swd,0.01855265535414219
240,1,28-86km,v,blur_sigma1,freq_l1,0.04205511137843132
240,1,28-86km,v,blur_sigma1,freq_l1_unweighted,0.05889790877699852
240,1,28-86km,v,blur_sigma1,melr,-0.047921836376190186
240,1,28-86km,v,blur_sigma1,swd,0.018284516409039497
240,2,57-175km,u,blur_sigma1,freq_l1,0.013117651455104351
240,2,57-175km,u,blur_sigma1,freq_l1_unweighted,0.016418540850281715
240,2,57-175km,u,blur_sigma1,melr,-0.010240311734378338
240,2,57-175km,u,blur_sigma1,swd,0.005134381353855133
240,2,57-175km,v,blur_sigma1,freq_l1,0.011700673960149288
240,2,57-175km,v,blur_sigma1,freq_l1_unweighted,0.014815358445048332
240,2,57-175km,v,blur_sigma1,melr,-0.010976395569741726
240,2,57-175km,v,blur_sigma1,swd,0.0046162656508386135
240,3,114-359km,u,blur_sigma1,freq_l1,0.0031892971601337194
240,3,114-359km,u,blur_sigma1,freq_l1_unweighted,0.0035659675486385822
240,3,114-359km,u,blur_sigma1,melr,-0.0021049503702670336
240,3,114-359km,u,blur_sigma1,swd,0.0013137639034539461
240,3,114-359km,v,blur_sigma1,freq_l1,0.002853142097592354
240,3,114-359km,v,blur_sigma1,freq_l1_unweighted,0.003302380908280611
240,3,114-359km,v,blur_sigma1,melr,-0.002562076086178422
240,3,114-359km,v,blur_sigma1,swd,0.0016048412071540952
240,4,>325km,u,blur_sigma1,freq_l1,0.00020996028615627438
240,4,>325km,u,blur_sigma1,freq_l1_unweighted,0.00021688462584279478
240,4,>325km,u,blur_sigma1,melr,-0.00010024472430814058
240,4,>325km,u,blur_sigma1,swd,0.0004967442364431918
240,4,>325km,v,blur_sigma1,freq_l1,0.00025849847588688135
240,4,>325km,v,blur_sigma1,freq_l1_unweighted,0.0002506986493244767
240,4,>325km,v,blur_sigma1,melr,-0.00010177564399782568
240,4,>325km,v,blur_sigma1,swd,0.0005429277080111206
240,0,6-25km,u,blur_sigma2,freq_l1,0.1911584436893463
240,0,6-25km,u,blur_sigma2,freq_l1_unweighted,0.39039346575737
240,0,6-25km,u,blur_sigma2,melr,-0.391984224319458
240,0,6-25km,u,blur_sigma2,swd,0.23520490527153015
240,0,6-25km,v,blur_sigma2,freq_l1,0.16872110962867737
240,0,6-25km,v,blur_sigma2,freq_l1_unweighted,0.32090288400650024
240,0,6-25km,v,blur_sigma2,melr,-0.3535262644290924
240,0,6-25km,v,blur_sigma2,swd,0.2087332010269165
240,1,28-86km,u,blur_sigma2,freq_l1,0.13302184641361237
240,1,28-86km,u,blur_sigma2,freq_l1_unweighted,0.19678513705730438
240,1,28-86km,u,blur_sigma2,melr,-0.14517855644226074
240,1,28-86km,u,blur_sigma2,swd,0.053371161222457886
240,1,28-86km,v,blur_sigma2,freq_l1,0.1194407194852829
240,1,28-86km,v,blur_sigma2,freq_l1_unweighted,0.17407922446727753
240,1,28-86km,v,blur_sigma2,melr,-0.14460451900959015
240,1,28-86km,v,blur_sigma2,swd,0.05211125686764717
240,2,57-175km,u,blur_sigma2,freq_l1,0.046603161841630936
240,2,57-175km,u,blur_sigma2,freq_l1_unweighted,0.05880854278802872
240,2,57-175km,u,blur_sigma2,melr,-0.037217408418655396
240,2,57-175km,u,blur_sigma2,swd,0.01935671456158161
240,2,57-175km,v,blur_sigma2,freq_l1,0.0414351262152195
240,2,57-175km,v,blur_sigma2,freq_l1_unweighted,0.0532047264277935
240,2,57-175km,v,blur_sigma2,melr,-0.040220651775598526
240,2,57-175km,v,blur_sigma2,swd,0.019327877089381218
240,3,114-359km,u,blur_sigma2,freq_l1,0.011908217333257198
240,3,114-359km,u,blur_sigma2,freq_l1_unweighted,0.013350019231438637
240,3,114-359km,u,blur_sigma2,melr,-0.008158477023243904
240,3,114-359km,u,blur_sigma2,swd,0.005440050270408392
240,3,114-359km,v,blur_sigma2,freq_l1,0.010686561465263367
240,3,114-359km,v,blur_sigma2,freq_l1_unweighted,0.012479642406105995
240,3,114-359km,v,blur_sigma2,melr,-0.009997774846851826
240,3,114-359km,v,blur_sigma2,swd,0.00523547176271677
240,4,>325km,u,blur_sigma2,freq_l1,0.0007264152518473566
240,4,>325km,u,blur_sigma2,freq_l1_unweighted,0.0007756634731777012
240,4,>325km,u,blur_sigma2,melr,-0.00045300903730094433
240,4,>325km,u,blur_sigma2,swd,0.0014341350179165602
240,4,>325km,v,blur_sigma2,freq_l1,0.0009647401748225093
240,4,>325km,v,blur_sigma2,freq_l1_unweighted,0.0009437808184884489
240,4,>325km,v,blur_sigma2,melr,-0.0004007557581644505
240,4,>325km,v,blur_sigma2,swd,0.0021558268927037716
388,0,6-25km,u,shift_2px,freq_l1,0.41645434498786926
388,0,6-25km,u,shift_2px,freq_l1_unweighted,0.7055532932281494
388,0,6-25km,u,shift_2px,melr,4.0267060796850274e-08
388,0,6-25km,u,shift_2px,swd,0.029515566304326057
388,0,6-25km,v,shift_2px,freq_l1,0.4280012845993042
388,0,6-25km,v,shift_2px,freq_l1_unweighted,0.895696222782135
388,0,6-25km,v,shift_2px,melr,5.1771934295175015e-08
388,0,6-25km,v,shift_2px,swd,0.07569584995508194
388,1,28-86km,u,shift_2px,freq_l1,0.43299272656440735
388,1,28-86km,u,shift_2px,freq_l1_unweighted,0.5870187282562256
388,1,28-86km,u,shift_2px,melr,1.725731202384395e-08
388,1,28-86km,u,shift_2px,swd,0.012405074201524258
388,1,28-86km,v,shift_2px,freq_l1,0.49387720227241516
388,1,28-86km,v,shift_2px,freq_l1_unweighted,0.8038910627365112
388,1,28-86km,v,shift_2px,melr,2.8762181969455014e-08
388,1,28-86km,v,shift_2px,swd,0.03341527655720711
388,2,57-175km,u,shift_2px,freq_l1,0.2804945111274719
388,2,57-175km,u,shift_2px,freq_l1_unweighted,0.3508759140968323
388,2,57-175km,u,shift_2px,melr,1.725731202384395e-08
388,2,57-175km,u,shift_2px,swd,0.008824199438095093
388,2,57-175km,v,shift_2px,freq_l1,0.3716801106929779
388,2,57-175km,v,shift_2px,freq_l1_unweighted,0.5150750875473022
388,2,57-175km,v,shift_2px,melr,-1.1842379282265398e-15
388,2,57-175km,v,shift_2px,swd,0.025793636217713356
388,3,114-359km,u,shift_2px,freq_l1,0.13570281863212585
388,3,114-359km,u,shift_2px,freq_l1_unweighted,0.1603802591562271
388,3,114-359km,u,shift_2px,melr,-1.1842379282265398e-15
388,3,114-359km,u,shift_2px,swd,0.0061208344995975494
388,3,114-359km,v,shift_2px,freq_l1,0.24886944890022278
388,3,114-359km,v,shift_2px,freq_l1_unweighted,0.2998841404914856
388,3,114-359km,v,shift_2px,melr,1.1504874386503161e-08
388,3,114-359km,v,shift_2px,swd,0.015965601429343224
388,4,>325km,u,shift_2px,freq_l1,0.03195038065314293
388,4,>325km,u,shift_2px,freq_l1_unweighted,0.02783219702541828
388,4,>325km,u,shift_2px,melr,-2.300975410207684e-08
388,4,>325km,u,shift_2px,swd,0.006275041960179806
388,4,>325km,v,shift_2px,freq_l1,0.05761189013719559
388,4,>325km,v,shift_2px,freq_l1_unweighted,0.06042873114347458
388,4,>325km,v,shift_2px,melr,2.8762183745811853e-09
388,4,>325km,v,shift_2px,swd,0.012071322649717331
388,0,6-25km,u,shift_3px,freq_l1,0.4627417325973511
388,0,6-25km,u,shift_3px,freq_l1_unweighted,0.7579249143600464
388,0,6-25km,u,shift_3px,melr,4.6019497546012644e-08
388,0,6-25km,u,shift_3px,swd,0.027462532743811607
388,0,6-25km,v,shift_3px,freq_l1,0.4955796003341675
388,0,6-25km,v,shift_3px,freq_l1_unweighted,0.9747989177703857
388,0,6-25km,v,shift_3px,melr,5.1771934295175015e-08
388,0,6-25km,v,shift_3px,swd,0.08100727200508118
388,1,28-86km,u,shift_3px,freq_l1,0.5580014586448669
388,1,28-86km,u,shift_3px,freq_l1_unweighted,0.8014600276947021
388,1,28-86km,u,shift_3px,melr,2.8762181969455014e-08
388,1,28-86km,u,shift_3px,swd,0.014111471362411976
388,1,28-86km,v,shift_3px,freq_l1,0.6481475830078125
388,1,28-86km,v,shift_3px,freq_l1_unweighted,1.108063817024231
388,1,28-86km,v,shift_3px,melr,4.0267060796850274e-08
388,1,28-86km,v,shift_3px,swd,0.046326134353876114
388,2,57-175km,u,shift_3px,freq_l1,0.40111252665519714
388,2,57-175km,u,shift_3px,freq_l1_unweighted,0.513433039188385
388,2,57-175km,u,shift_3px,melr,2.8762183745811853e-09
388,2,57-175km,u,shift_3px,swd,0.010099118575453758
388,2,57-175km,v,shift_3px,freq_l1,0.5364010334014893
388,2,57-175km,v,shift_3px,freq_l1_unweighted,0.7564980983734131
388,2,57-175km,v,shift_3px,melr,5.752435860983951e-09
388,2,57-175km,v,shift_3px,swd,0.03439883515238762
388,3,114-359km,u,shift_3px,freq_l1,0.20118467509746552
388,3,114-359km,u,shift_3px,freq_l1_unweighted,0.2389824092388153
388,3,114-359km,u,shift_3px,melr,1.1504872610146322e-08
388,3,114-359km,u,shift_3px,swd,0.007823731750249863
388,3,114-359km,v,shift_3px,freq_l1,0.3704254925251007
388,3,114-359km,v,shift_3px,freq_l1_unweighted,0.4474588930606842
388,3,114-359km,v,shift_3px,melr,-3.1638411002177236e-08
388,3,114-359km,v,shift_3px,swd,0.025019856169819832
388,4,>325km,u,shift_3px,freq_l1,0.047806136310100555
388,4,>325km,u,shift_3px,freq_l1_unweighted,0.041715607047080994
388,4,>325km,u,shift_3px,melr,-2.8762217052502592e-09
388,4,>325km,u,shift_3px,swd,0.011182302609086037
388,4,>325km,v,shift_3px,freq_l1,0.08633550256490707
388,4,>325km,v,shift_3px,freq_l1_unweighted,0.09054441750049591
388,4,>325km,v,shift_3px,melr,-3.9474598313412115e-15
388,4,>325km,v,shift_3px,swd,0.01902826502919197
388,0,6-25km,u,blur_sigma0.5,freq_l1,0.03482465073466301
388,0,6-25km,u,blur_sigma0.5,freq_l1_unweighted,0.05891358107328415
388,0,6-25km,u,blur_sigma0.5,melr,-0.06272932142019272
388,0,6-25km,u,blur_sigma0.5,swd,0.03360973298549652
388,0,6-25km,v,blur_sigma0.5,freq_l1,0.03265790641307831
388,0,6-25km,v,blur_sigma0.5,freq_l1_unweighted,0.053555265069007874
388,0,6-25km,v,blur_sigma0.5,melr,-0.02637670189142227
388,0,6-25km,v,blur_sigma0.5,swd,0.031671375036239624
388,1,28-86km,u,blur_sigma0.5,freq_l1,0.010395626537501812
388,1,28-86km,u,blur_sigma0.5,freq_l1_unweighted,0.014656239189207554
388,1,28-86km,u,blur_sigma0.5,melr,-0.01165713556110859
388,1,28-86km,u,blur_sigma0.5,swd,0.003901153802871704
388,1,28-86km,v,blur_sigma0.5,freq_l1,0.010396653786301613
388,1,28-86km,v,blur_sigma0.5,freq_l1_unweighted,0.014944346621632576
388,1,28-86km,v,blur_sigma0.5,melr,-0.006575094535946846
388,1,28-86km,v,blur_sigma0.5,swd,0.004126033280044794
388,2,57-175km,u,blur_sigma0.5,freq_l1,0.002973714144900441
388,2,57-175km,u,blur_sigma0.5,freq_l1_unweighted,0.004049998242408037
388,2,57-175km,u,blur_sigma0.5,melr,-0.003068759338930249
388,2,57-175km,u,blur_sigma0.5,swd,0.0013372460380196571
388,2,57-175km,v,blur_sigma0.5,freq_l1,0.003157295286655426
388,2,57-175km,v,blur_sigma0.5,freq_l1_unweighted,0.004349881783127785
388,2,57-175km,v,blur_sigma0.5,melr,-0.0017325218068435788
388,2,57-175km,v,blur_sigma0.5,swd,0.0014263682533055544
388,3,114-359km,u,blur_sigma0.5,freq_l1,0.0007506103720515966
388,3,114-359km,u,blur_sigma0.5,freq_l1_unweighted,0.0009737822692841291
388,3,114-359km,u,blur_sigma0.5,melr,-0.0007610021275468171
388,3,114-359km,u,blur_sigma0.5,swd,0.0004542754031717777
388,3,114-359km,v,blur_sigma0.5,freq_l1,0.0009101836476475
388,3,114-359km,v,blur_sigma0.5,freq_l1_unweighted,0.0012651667930185795
388,3,114-359km,v,blur_sigma0.5,melr,-0.0005633319378830492
388,3,114-359km,v,blur_sigma0.5,swd,0.0006044002366252244
388,4,>325km,u,blur_sigma0.5,freq_l1,6.118709279689938e-05
388,4,>325km,u,blur_sigma0.5,freq_l1_unweighted,6.581439083674923e-05
388,4,>325km,u,blur_sigma0.5,melr,-5.033185152569786e-05
388,4,>325km,u,blur_sigma0.5,swd,0.00022547776461578906
388,4,>325km,v,blur_sigma0.5,freq_l1,0.000103405887784902
388,4,>325km,v,blur_sigma0.5,freq_l1_unweighted,0.0001227205793838948
388,4,>325km,v,blur_sigma0.5,melr,-0.00010819734598044306
388,4,>325km,v,blur_sigma0.5,swd,0.00048109752242453396
388,0,6-25km,u,blur_sigma1,freq_l1,0.10394337773323059
388,0,6-25km,u,blur_sigma1,freq_l1_unweighted,0.1841924637556076
388,0,6-25km,u,blur_sigma1,melr,-0.19631867110729218
388,0,6-25km,u,blur_sigma1,swd,0.10018673539161682
388,0,6-25km,v,blur_sigma1,freq_l1,0.10028282552957535
388,0,6-25km,v,blur_sigma1,freq_l1_unweighted,0.17105841636657715
388,0,6-25km,v,blur_sigma1,melr,-0.07898548245429993
388,0,6-25km,v,blur_sigma1,swd,0.09892761707305908
388,1,28-86km,u,blur_sigma1,freq_l1,0.04378657415509224
388,1,28-86km,u,blur_sigma1,freq_l1_unweighted,0.06253077834844589
388,1,28-86km,u,blur_sigma1,melr,-0.050531160086393356
388,1,28-86km,u,blur_sigma1,swd,0.017826661467552185
388,1,28-86km,v,blur_sigma1,freq_l1,0.04413260519504547
388,1,28-86km,v,blur_sigma1,freq_l1_unweighted,0.06398478895425797
388,1,28-86km,v,blur_sigma1,melr,-0.028188424184918404
388,1,28-86km,v,blur_sigma1,swd,0.01828160509467125
388,2,57-175km,u,blur_sigma1,freq_l1,0.013283887878060341
388,2,57-175km,u,blur_sigma1,freq_l1_unweighted,0.01821153610944748
388,2,57-175km,u,blur_sigma1,melr,-0.013979379087686539
388,2,57-175km,u,blur_sigma1,swd,0.005949234589934349
388,2,57-175km,v,blur_sigma1,freq_l1,0.014171268790960312
388,2,57-175km,v,blur_sigma1,freq_l1_unweighted,0.019537821412086487
388,2,57-175km,v,blur_sigma1,melr,-0.00787334144115448
388,2,57-175km,v,blur_sigma1,swd,0.007090503349900246
388,3,114-359km,u,blur_sigma1,freq_l1,0.003356129629537463
388,3,114-359km,u,blur_sigma1,freq_l1_unweighted,0.004393845330923796
388,3,114-359km,u,blur_sigma1,melr,-0.0035133527126163244
388,3,114-359km,u,blur_sigma1,swd,0.0022776583209633827
388,3,114-359km,v,blur_sigma1,freq_l1,0.004104298073798418
388,3,114-359km,v,blur_sigma1,freq_l1_unweighted,0.005736791528761387
388,3,114-359km,v,blur_sigma1,melr,-0.002597361570224166
388,3,114-359km,v,blur_sigma1,swd,0.002453933469951153
388,4,>325km,u,blur_sigma1,freq_l1,0.0002628650690894574
388,4,>325km,u,blur_sigma1,freq_l1_unweighted,0.0002852938778232783
388,4,>325km,u,blur_sigma1,melr,-0.0002419293305138126
388,4,>325km,u,blur_sigma1,swd,0.0008562279399484396
388,4,>325km,v,blur_sigma1,freq_l1,0.0004629200848285109
388,4,>325km,v,blur_sigma1,freq_l1_unweighted,0.0005537492106668651
388,4,>325km,v,blur_sigma1,melr,-0.0004985008272342384
388,4,>325km,v,blur_sigma1,swd,0.0018970842938870192
388,0,6-25km,u,blur_sigma2,freq_l1,0.16865034401416779
388,0,6-25km,u,blur_sigma2,freq_l1_unweighted,0.31976792216300964
388,0,6-25km,u,blur_sigma2,melr,-0.347654789686203
388,0,6-25km,u,blur_sigma2,swd,0.18193867802619934
388,0,6-25km,v,blur_sigma2,freq_l1,0.16485539078712463
388,0,6-25km,v,blur_sigma2,freq_l1_unweighted,0.30154532194137573
388,0,6-25km,v,blur_sigma2,melr,-0.13523496687412262
388,0,6-25km,v,blur_sigma2,swd,0.1806650608778
388,1,28-86km,u,blur_sigma2,freq_l1,0.12634971737861633
388,1,28-86km,u,blur_sigma2,freq_l1_unweighted,0.1882154494524002
388,1,28-86km,u,blur_sigma2,melr,-0.15969280898571014
388,1,28-86km,u,blur_sigma2,swd,0.05393362417817116
388,1,28-86km,v,blur_sigma2,freq_l1,0.129957914352417
388,1,28-86km,v,blur_sigma2,freq_l1_unweighted,0.194855198264122
388,1,28-86km,v,blur_sigma2,melr,-0.08654309809207916
388,1,28-86km,v,blur_sigma2,swd,0.05537804216146469
388,2,57-175km,u,blur_sigma2,freq_l1,0.04737548530101776
388,2,57-175km,u,blur_sigma2,freq_l1_unweighted,0.06604921817779541
388,2,57-175km,u,blur_sigma2,melr,-0.05200532451272011
388,2,57-175km,u,blur_sigma2,swd,0.02400144562125206
388,2,57-175km,v,blur_sigma2,freq_l1,0.05102168023586273
388,2,57-175km,v,blur_sigma2,freq_l1_unweighted,0.07088961452245712
388,2,57-175km,v,blur_sigma2,melr,-0.02915983647108078
388,2,57-175km,v,blur_sigma2,swd,0.021474404260516167
388,3,114-359km,u,blur_sigma2,freq_l1,0.012594163417816162
388,3,114-359km,u,blur_sigma2,freq_l1_unweighted,0.016676168888807297
388,3,114-359km,u,blur_sigma2,melr,-0.01367776095867157
388,3,114-359km,u,blur_sigma2,swd,0.006909388117492199
388,3,114-359km,v,blur_sigma2,freq_l1,0.015576940029859543
388,3,114-359km,v,blur_sigma2,freq_l1_unweighted,0.021967129781842232
388,3,114-359km,v,blur_sigma2,melr,-0.010143150575459003
388,3,114-359km,v,blur_sigma2,swd,0.00929673295468092
388,4,>325km,u,blur_sigma2,freq_l1,0.0009509064257144928
388,4,>325km,u,blur_sigma2,freq_l1_unweighted,0.0010481658391654491
388,4,>325km,u,blur_sigma2,melr,-0.0010220330441370606
388,4,>325km,u,blur_sigma2,swd,0.0026242565363645554
388,4,>325km,v,blur_sigma2,freq_l1,0.0017664660699665546
388,4,>325km,v,blur_sigma2,freq_l1_unweighted,0.002134860260412097
388,4,>325km,v,blur_sigma2,melr,-0.001956121763214469
388,4,>325km,v,blur_sigma2,swd,0.006511314306408167
456,0,6-25km,u,shift_2px,freq_l1,0.6039478778839111
456,0,6-25km,u,shift_2px,freq_l1_unweighted,1.283069372177124
456,0,6-25km,u,shift_2px,melr,4.530044250827814e-08
456,0,6-25km,u,shift_2px,swd,0.05671345442533493
456,0,6-25km,v,shift_2px,freq_l1,0.47433799505233765
456,0,6-25km,v,shift_2px,freq_l1_unweighted,0.9482237100601196
456,0,6-25km,v,shift_2px,melr,2.265022125413907e-08
456,0,6-25km,v,shift_2px,swd,0.05034085363149643
456,1,28-86km,u,shift_2px,freq_l1,0.604328989982605
456,1,28-86km,u,shift_2px,freq_l1_unweighted,0.9161774516105652
456,1,28-86km,u,shift_2px,melr,1.7796601525787992e-08
456,1,28-86km,u,shift_2px,swd,0.023275451734662056
456,1,28-86km,v,shift_2px,freq_l1,0.46891123056411743
456,1,28-86km,v,shift_2px,freq_l1_unweighted,0.6834551095962524
456,1,28-86km,v,shift_2px,melr,4.853618840172658e-09
456,1,28-86km,v,shift_2px,swd,0.019731106236577034
456,2,57-175km,u,shift_2px,freq_l1,0.4045518636703491
456,2,57-175km,u,shift_2px,freq_l1_unweighted,0.5079431533813477
456,2,57-175km,u,shift_2px,melr,-1.1325112403426374e-08
456,2,57-175km,u,shift_2px,swd,0.0159990806132555
456,2,57-175km,v,shift_2px,freq_l1,0.296511709690094
456,2,57-175km,v,shift_2px,freq_l1_unweighted,0.3766961395740509
456,2,57-175km,v,shift_2px,melr,-8.089366509977935e-09
456,2,57-175km,v,shift_2px,swd,0.0158834271132946
456,3,114-359km,u,shift_2px,freq_l1,0.23041971027851105
456,3,114-359km,u,shift_2px,freq_l1_unweighted,0.24440482258796692
456,3,114-359km,u,shift_2px,melr,6.471490898718457e-09
456,3,114-359km,u,shift_2px,swd,0.009430265054106712
456,3,114-359km,v,shift_2px,freq_l1,0.1420610547065735
456,3,114-359km,v,shift_2px,freq_l1_unweighted,0.16589736938476562
456,3,114-359km,v,shift_2px,melr,-1.617873301995587e-08
456,3,114-359km,v,shift_2px,swd,0.007652532774955034
456,4,>325km,u,shift_2px,freq_l1,0.05022815614938736
456,4,>325km,u,shift_2px,freq_l1_unweighted,0.05291825532913208
456,4,>325km,u,shift_2px,melr,-4.853621060618707e-09
456,4,>325km,u,shift_2px,swd,0.01432375144213438
456,4,>325km,v,shift_2px,freq_l1,0.029935510829091072
456,4,>325km,v,shift_2px,freq_l1_unweighted,0.03359916806221008
456,4,>325km,v,shift_2px,melr,9.707235903988476e-09
456,4,>325km,v,shift_2px,swd,0.009336843155324459
456,0,6-25km,u,shift_3px,freq_l1,0.7046449184417725
456,0,6-25km,u,shift_3px,freq_l1_unweighted,1.3832892179489136
456,0,6-25km,u,shift_3px,melr,5.1771934295175015e-08
456,0,6-25km,u,shift_3px,swd,0.06570899486541748
456,0,6-25km,v,shift_3px,freq_l1,0.5328856706619263
456,0,6-25km,v,shift_3px,freq_l1_unweighted,0.9978221654891968
456,0,6-25km,v,shift_3px,melr,2.5885967147587507e-08
456,0,6-25km,v,shift_3px,swd,0.04944227635860443
456,1,28-86km,u,shift_3px,freq_l1,0.7884628772735596
456,1,28-86km,u,shift_3px,freq_l1_unweighted,1.2571492195129395
456,1,28-86km,u,shift_3px,melr,1.2942983573793754e-08
456,1,28-86km,u,shift_3px,swd,0.02889116108417511
456,1,28-86km,v,shift_3px,freq_l1,0.6048558950424194
456,1,28-86km,v,shift_3px,freq_l1_unweighted,0.9330159425735474
456,1,28-86km,v,shift_3px,melr,1.2942983573793754e-08
456,1,28-86km,v,shift_3px,swd,0.02430018223822117
456,2,57-175km,u,shift_3px,freq_l1,0.5813220143318176
456,2,57-175km,u,shift_3px,freq_l1_unweighted,0.7453179359436035
456,2,57-175km,u,shift_3px,melr,-1.617873479631271e-08
456,2,57-175km,u,shift_3px,swd,0.02104714885354042
456,2,57-175km,v,shift_3px,freq_l1,0.4257369041442871
456,2,57-175km,v,shift_3px,freq_l1_unweighted,0.5514736771583557
456,2,57-175km,v,shift_3px,melr,-6.471493563253716e-09
456,2,57-175km,v,shift_3px,swd,0.018350735306739807
456,3,114-359km,u,shift_3px,freq_l1,0.34193092584609985
456,3,114-359km,u,shift_3px,freq_l1_unweighted,0.3646765947341919
456,3,114-359km,u,shift_3px,melr,-1.6178747230810586e-09
456,3,114-359km,u,shift_3px,swd,0.014425033703446388
456,3,114-359km,v,shift_3px,freq_l1,0.21102659404277802
456,3,114-359km,v,shift_3px,freq_l1_unweighted,0.2473289519548416
456,3,114-359km,v,shift_3px,melr,-2.4268100418112226e-08
456,3,114-359km,v,shift_3px,swd,0.012036063708364964
456,4,>325km,u,shift_3px,freq_l1,0.0754844918847084
456,4,>325km,u,shift_3px,freq_l1_unweighted,0.079338937997818
456,4,>325km,u,shift_3px,melr,-3.3306690738754696e-15
456,4,>325km,u,shift_3px,swd,0.02011398784816265
456,4,>325km,v,shift_3px,freq_l1,0.0448591373860836
456,4,>325km,v,shift_3px,freq_l1_unweighted,0.050355590879917145
456,4,>325km,v,shift_3px,melr,1.2942982685615334e-08
456,4,>325km,v,shift_3px,swd,0.012271178886294365
456,0,6-25km,u,blur_sigma0.5,freq_l1,0.0518961176276207
456,0,6-25km,u,blur_sigma0.5,freq_l1_unweighted,0.11326473951339722
456,0,6-25km,u,blur_sigma0.5,melr,-0.08583839982748032
456,0,6-25km,u,blur_sigma0.5,swd,0.06926599889993668
456,0,6-25km,v,blur_sigma0.5,freq_l1,0.04037203639745712
456,0,6-25km,v,blur_sigma0.5,freq_l1_unweighted,0.08211399614810944
456,0,6-25km,v,blur_sigma0.5,melr,-0.08152084052562714
456,0,6-25km,v,blur_sigma0.5,swd,0.05363558605313301
456,1,28-86km,u,blur_sigma0.5,freq_l1,0.015384013764560223
456,1,28-86km,u,blur_sigma0.5,freq_l1_unweighted,0.0241873599588871
456,1,28-86km,u,blur_sigma0.5,melr,-0.012289255857467651
456,1,28-86km,u,blur_sigma0.5,swd,0.006821312475949526
456,1,28-86km,v,blur_sigma0.5,freq_l1,0.011866828426718712
456,1,28-86km,v,blur_sigma0.5,freq_l1_unweighted,0.017753902822732925
456,1,28-86km,v,blur_sigma0.5,melr,-0.011496766470372677
456,1,28-86km,v,blur_sigma0.5,swd,0.00539200846105814
456,2,57-175km,u,blur_sigma0.5,freq_l1,0.004304894246160984
456,2,57-175km,u,blur_sigma0.5,freq_l1_unweighted,0.005883845966309309
456,2,57-175km,u,blur_sigma0.5,melr,-0.0026751700788736343
456,2,57-175km,u,blur_sigma0.5,swd,0.0019156761700287461
456,2,57-175km,v,blur_sigma0.5,freq_l1,0.0031889332458376884
456,2,57-175km,v,blur_sigma0.5,freq_l1_unweighted,0.00435857055708766
456,2,57-175km,v,blur_sigma0.5,melr,-0.0027295660693198442
456,2,57-175km,v,blur_sigma0.5,swd,0.0015240357024595141
456,3,114-359km,u,blur_sigma0.5,freq_l1,0.001090974430553615
456,3,114-359km,u,blur_sigma0.5,freq_l1_unweighted,0.0013389135710895061
456,3,114-359km,u,blur_sigma0.5,melr,-0.0005529342452064157
456,3,114-359km,u,blur_sigma0.5,swd,0.000572563149034977
456,3,114-359km,v,blur_sigma0.5,freq_l1,0.0007417828310281038
456,3,114-359km,v,blur_sigma0.5,freq_l1_unweighted,0.0009561029728502035
456,3,114-359km,v,blur_sigma0.5,melr,-0.0006418701959773898
456,3,114-359km,v,blur_sigma0.5,swd,0.0004483803058974445
456,4,>325km,u,blur_sigma0.5,freq_l1,8.263895870186388e-05
456,4,>325km,u,blur_sigma0.5,freq_l1_unweighted,0.00010575589840300381
456,4,>325km,u,blur_sigma0.5,melr,-6.130745896371081e-05
456,4,>325km,u,blur_sigma0.5,swd,0.0003839671553578228
456,4,>325km,v,blur_sigma0.5,freq_l1,7.666880264878273e-05
456,4,>325km,v,blur_sigma0.5,freq_l1_unweighted,8.264323696494102e-05
456,4,>325km,v,blur_sigma0.5,melr,-5.619941293844022e-05
456,4,>325km,v,blur_sigma0.5,swd,0.00027141853934153914
456,0,6-25km,u,blur_sigma1,freq_l1,0.15563935041427612
456,0,6-25km,u,blur_sigma1,freq_l1_unweighted,0.3532789349555969
456,0,6-25km,u,blur_sigma1,melr,-0.26593017578125
456,0,6-25km,u,blur_sigma1,swd,0.20916299521923065
456,0,6-25km,v,blur_sigma1,freq_l1,0.12082096934318542
456,0,6-25km,v,blur_sigma1,freq_l1_unweighted,0.2565128207206726
456,0,6-25km,v,blur_sigma1,melr,-0.2556995451450348
456,0,6-25km,v,blur_sigma1,swd,0.1644534170627594
456,1,28-86km,u,blur_sigma1,freq_l1,0.06457264721393585
456,1,28-86km,u,blur_sigma1,freq_l1_unweighted,0.10271576046943665
456,1,28-86km,u,blur_sigma1,melr,-0.05279906839132309
456,1,28-86km,u,blur_sigma1,swd,0.030267121270298958
456,1,28-86km,v,blur_sigma1,freq_l1,0.0497608445584774
456,1,28-86km,v,blur_sigma1,freq_l1_unweighted,0.07531170547008514
456,1,28-86km,v,blur_sigma1,melr,-0.04938594996929169
456,1,28-86km,v,blur_sigma1,swd,0.023433731868863106
456,2,57-175km,u,blur_sigma1,freq_l1,0.01921747624874115
456,2,57-175km,u,blur_sigma1,freq_l1_unweighted,0.02638877183198929
456,2,57-175km,u,blur_sigma1,melr,-0.012154053896665573
456,2,57-175km,u,blur_sigma1,swd,0.008794973604381084
456,2,57-175km,v,blur_sigma1,freq_l1,0.014220235869288445
456,2,57-175km,v,blur_sigma1,freq_l1_unweighted,0.019512662664055824
456,2,57-175km,v,blur_sigma1,melr,-0.012419468723237514
456,2,57-175km,v,blur_sigma1,swd,0.006729261018335819
456,3,114-359km,u,blur_sigma1,freq_l1,0.0048493556678295135
456,3,114-359km,u,blur_sigma1,freq_l1_unweighted,0.006013236939907074
456,3,114-359km,u,blur_sigma1,melr,-0.002556834602728486
456,3,114-359km,u,blur_sigma1,swd,0.002437405986711383
456,3,114-359km,v,blur_sigma1,freq_l1,0.0032989890314638615
456,3,114-359km,v,blur_sigma1,freq_l1_unweighted,0.004274607170373201
456,3,114-359km,v,blur_sigma1,melr,-0.0029519950039684772
456,3,114-359km,v,blur_sigma1,swd,0.0017554727382957935
456,4,>325km,u,blur_sigma1,freq_l1,0.0003550044493749738
456,4,>325km,u,blur_sigma1,freq_l1_unweighted,0.00046511023538187146
456,4,>325km,u,blur_sigma1,melr,-0.00029182209982536733
456,4,>325km,u,blur_sigma1,swd,0.0014520600670948625
456,4,>325km,v,blur_sigma1,freq_l1,0.00032922837999649346
456,4,>325km,v,blur_sigma1,freq_l1_unweighted,0.00035515331546775997
456,4,>325km,v,blur_sigma1,melr,-0.000264269532635808
456,4,>325km,v,blur_sigma1,swd,0.0008437031647190452
456,0,6-25km,u,blur_sigma2,freq_l1,0.2483973503112793
456,0,6-25km,u,blur_sigma2,freq_l1_unweighted,0.5923333764076233
456,0,6-25km,u,blur_sigma2,melr,-0.4406405985355377
456,0,6-25km,u,blur_sigma2,swd,0.3631885051727295
456,0,6-25km,v,blur_sigma2,freq_l1,0.19121390581130981
456,0,6-25km,v,blur_sigma2,freq_l1_unweighted,0.4297473430633545
456,0,6-25km,v,blur_sigma2,melr,-0.4337099492549896
456,0,6-25km,v,blur_sigma2,swd,0.29488781094551086
456,1,28-86km,u,blur_sigma2,freq_l1,0.1835469901561737
456,1,28-86km,u,blur_sigma2,freq_l1_unweighted,0.30354875326156616
456,1,28-86km,u,blur_sigma2,melr,-0.161329448223114
456,1,28-86km,u,blur_sigma2,swd,0.08409708738327026
456,1,28-86km,v,blur_sigma2,freq_l1,0.14109383523464203
456,1,28-86km,v,blur_sigma2,freq_l1_unweighted,0.222397580742836
456,1,28-86km,v,blur_sigma2,melr,-0.15211842954158783
456,1,28-86km,v,blur_sigma2,swd,0.06583262234926224
456,2,57-175km,u,blur_sigma2,freq_l1,0.06843279302120209
456,2,57-175km,u,blur_sigma2,freq_l1_unweighted,0.09528451412916183
456,2,57-175km,u,blur_sigma2,melr,-0.04458732530474663
456,2,57-175km,u,blur_sigma2,swd,0.031059732660651207
456,2,57-175km,v,blur_sigma2,freq_l1,0.05061596259474754
456,2,57-175km,v,blur_sigma2,freq_l1_unweighted,0.07036668062210083
456,2,57-175km,v,blur_sigma2,melr,-0.045965809375047684
456,2,57-175km,v,blur_sigma2,swd,0.02516655996441841
456,3,114-359km,u,blur_sigma2,freq_l1,0.018195200711488724
456,3,114-359km,u,blur_sigma2,freq_l1_unweighted,0.02283449098467827
456,3,114-359km,u,blur_sigma2,melr,-0.009947685524821281
456,3,114-359km,u,blur_sigma2,swd,0.008113959804177284
456,3,114-359km,v,blur_sigma2,freq_l1,0.012407228350639343
456,3,114-359km,v,blur_sigma2,freq_l1_unweighted,0.016187522560358047
456,3,114-359km,v,blur_sigma2,melr,-0.011472705751657486
456,3,114-359km,v,blur_sigma2,swd,0.007685438729822636
456,4,>325km,u,blur_sigma2,freq_l1,0.001311035011895001
456,4,>325km,u,blur_sigma2,freq_l1_unweighted,0.0017582406289875507
456,4,>325km,u,blur_sigma2,melr,-0.001194268697872758
456,4,>325km,u,blur_sigma2,swd,0.005488941911607981
456,4,>325km,v,blur_sigma2,freq_l1,0.0012003704905509949
456,4,>325km,v,blur_sigma2,freq_l1_unweighted,0.0012998641468584538
456,4,>325km,v,blur_sigma2,melr,-0.0010710752103477716
456,4,>325km,v,blur_sigma2,swd,0.0032134046778082848
334,0,6-25km,u,shift_2px,freq_l1,0.2377147674560547
334,0,6-25km,u,shift_2px,freq_l1_unweighted,0.5051624774932861
334,0,6-25km,u,shift_2px,melr,0.0
334,0,6-25km,u,shift_2px,swd,0.01290534995496273
334,0,6-25km,v,shift_2px,freq_l1,0.33595362305641174
334,0,6-25km,v,shift_2px,freq_l1_unweighted,0.7799166440963745
334,0,6-25km,v,shift_2px,melr,2.5885967147587507e-08
334,0,6-25km,v,shift_2px,swd,0.03288787603378296
334,1,28-86km,u,shift_2px,freq_l1,0.23332718014717102
334,1,28-86km,u,shift_2px,freq_l1_unweighted,0.34484559297561646
334,1,28-86km,u,shift_2px,melr,1.2942983573793754e-08
334,1,28-86km,u,shift_2px,swd,0.004633944481611252
334,1,28-86km,v,shift_2px,freq_l1,0.32980775833129883
334,1,28-86km,v,shift_2px,freq_l1_unweighted,0.5132250785827637
334,1,28-86km,v,shift_2px,melr,-1.3322676295501878e-15
334,1,28-86km,v,shift_2px,swd,0.012725497595965862
334,2,57-175km,u,shift_2px,freq_l1,0.144631028175354
334,2,57-175km,u,shift_2px,freq_l1_unweighted,0.18441691994667053
334,2,57-175km,u,shift_2px,melr,-1.3322676295501878e-15
334,2,57-175km,u,shift_2px,swd,0.0029853270389139652
334,2,57-175km,v,shift_2px,freq_l1,0.20370134711265564
334,2,57-175km,v,shift_2px,freq_l1_unweighted,0.25575554370880127
334,2,57-175km,v,shift_2px,melr,-9.707239456702155e-09
334,2,57-175km,v,shift_2px,swd,0.009336668066680431
334,3,114-359km,u,shift_2px,freq_l1,0.0733712911605835
334,3,114-359km,u,shift_2px,freq_l1_unweighted,0.08483453840017319
334,3,114-359km,u,shift_2px,melr,3.2357456714038335e-09
334,3,114-359km,u,shift_2px,swd,0.0019932074937969446
334,3,114-359km,v,shift_2px,freq_l1,0.11260285973548889
334,3,114-359km,v,shift_2px,freq_l1_unweighted,0.11956899613142014
334,3,114-359km,v,shift_2px,melr,3.882895072138126e-08
334,3,114-359km,v,shift_2px,swd,0.005046267528086901
334,4,>325km,u,shift_2px,freq_l1,0.012305712327361107
334,4,>325km,u,shift_2px,freq_l1_unweighted,0.012146005406975746
334,4,>325km,u,shift_2px,melr,-2.6645352591003757e-15
334,4,>325km,u,shift_2px,swd,0.0019369344227015972
334,4,>325km,v,shift_2px,freq_l1,0.02009699121117592
334,4,>325km,v,shift_2px,freq_l1_unweighted,0.021796002984046936
334,4,>325km,v,shift_2px,melr,-3.235746603991174e-08
334,4,>325km,v,shift_2px,swd,0.005528522655367851
334,0,6-25km,u,shift_3px,freq_l1,0.2617916762828827
334,0,6-25km,u,shift_3px,freq_l1_unweighted,0.5303453803062439
334,0,6-25km,u,shift_3px,melr,6.471490454629247e-09
334,0,6-25km,u,shift_3px,swd,0.013524629175662994
334,0,6-25km,v,shift_3px,freq_l1,0.36908018589019775
334,0,6-25km,v,shift_3px,freq_l1_unweighted,0.793536365032196
334,0,6-25km,v,shift_3px,melr,3.2357458934484384e-08
334,0,6-25km,v,shift_3px,swd,0.03456671163439751
334,1,28-86km,u,shift_3px,freq_l1,0.3028426468372345
334,1,28-86km,u,shift_3px,freq_l1_unweighted,0.4688500761985779
334,1,28-86km,u,shift_3px,melr,-1.3322676295501878e-15
334,1,28-86km,u,shift_3px,swd,0.0057079545222222805
334,1,28-86km,v,shift_3px,freq_l1,0.41951656341552734
334,1,28-86km,v,shift_3px,freq_l1_unweighted,0.6945453882217407
334,1,28-86km,v,shift_3px,melr,6.471490454629247e-09
334,1,28-86km,v,shift_3px,swd,0.014482368715107441
334,2,57-175km,u,shift_3px,freq_l1,0.20792490243911743
334,2,57-175km,u,shift_3px,freq_l1_unweighted,0.2701323628425598
334,2,57-175km,u,shift_3px,melr,6.471490454629247e-09
334,2,57-175km,u,shift_3px,swd,0.004239408764988184
334,2,57-175km,v,shift_3px,freq_l1,0.29062914848327637
334,2,57-175km,v,shift_3px,freq_l1_unweighted,0.37359559535980225
334,2,57-175km,v,shift_3px,melr,-1.617873479631271e-08
334,2,57-175km,v,shift_3px,swd,0.010764582082629204
334,3,114-359km,u,shift_3px,freq_l1,0.10868391394615173
334,3,114-359km,u,shift_3px,freq_l1_unweighted,0.12640656530857086
334,3,114-359km,u,shift_3px,melr,-1.3322676295501878e-15
334,3,114-359km,u,shift_3px,swd,0.0024855281226336956
334,3,114-359km,v,shift_3px,freq_l1,0.16643351316452026
334,3,114-359km,v,shift_3px,freq_l1_unweighted,0.17825810611248016
334,3,114-359km,v,shift_3px,melr,1.941447358433379e-08
334,3,114-359km,v,shift_3px,swd,0.00705672288313508
334,4,>325km,u,shift_3px,freq_l1,0.018388843163847923
334,4,>325km,u,shift_3px,freq_l1_unweighted,0.018200641497969627
334,4,>325km,u,shift_3px,melr,-9.707241233058994e-09
334,4,>325km,u,shift_3px,swd,0.0033840606920421124
334,4,>325km,v,shift_3px,freq_l1,0.030066538602113724
334,4,>325km,v,shift_3px,freq_l1_unweighted,0.03265807032585144
334,4,>325km,v,shift_3px,melr,-4.2064705496613897e-08
334,4,>325km,v,shift_3px,swd,0.006236192304641008
334,0,6-25km,u,blur_sigma0.5,freq_l1,0.02048947475850582
334,0,6-25km,u,blur_sigma0.5,freq_l1_unweighted,0.049442846328020096
334,0,6-25km,u,blur_sigma0.5,melr,-0.11232700943946838
334,0,6-25km,u,blur_sigma0.5,swd,0.029086705297231674
334,0,6-25km,v,blur_sigma0.5,freq_l1,0.029534395784139633
334,0,6-25km,v,blur_sigma0.5,freq_l1_unweighted,0.0776127427816391
334,0,6-25km,v,blur_sigma0.5,melr,-0.12398379296064377
334,0,6-25km,v,blur_sigma0.5,swd,0.05221772566437721
334,1,28-86km,u,blur_sigma0.5,freq_l1,0.006053861230611801
334,1,28-86km,u,blur_sigma0.5,freq_l1_unweighted,0.010521020740270615
334,1,28-86km,u,blur_sigma0.5,melr,-0.016873158514499664
334,1,28-86km,u,blur_sigma0.5,swd,0.0030168083030730486
334,1,28-86km,v,blur_sigma0.5,freq_l1,0.008114456199109554
334,1,28-86km,v,blur_sigma0.5,freq_l1_unweighted,0.01439489796757698
334,1,28-86km,v,blur_sigma0.5,melr,-0.01698422245681286
334,1,28-86km,v,blur_sigma0.5,swd,0.004372181836515665
334,2,57-175km,u,blur_sigma0.5,freq_l1,0.0016878786263987422
334,2,57-175km,u,blur_sigma0.5,freq_l1_unweighted,0.0024919272400438786
334,2,57-175km,u,blur_sigma0.5,melr,-0.0035424423404037952
334,2,57-175km,u,blur_sigma0.5,swd,0.0008363242377527058
334,2,57-175km,v,blur_sigma0.5,freq_l1,0.002279894892126322
334,2,57-175km,v,blur_sigma0.5,freq_l1_unweighted,0.0032085180282592773
334,2,57-175km,v,blur_sigma0.5,melr,-0.003216475248336792
334,2,57-175km,v,blur_sigma0.5,swd,0.0010669580660760403
334,3,114-359km,u,blur_sigma0.5,freq_l1,0.00043798546539619565
334,3,114-359km,u,blur_sigma0.5,freq_l1_unweighted,0.0005742457578890026
334,3,114-359km,u,blur_sigma0.5,melr,-0.0008218120783567429
334,3,114-359km,u,blur_sigma0.5,swd,0.0002697202726267278
334,3,114-359km,v,blur_sigma0.5,freq_l1,0.0005753305740654469
334,3,114-359km,v,blur_sigma0.5,freq_l1_unweighted,0.0007027788669802248
334,3,114-359km,v,blur_sigma0.5,melr,-0.0007443288341164589
334,3,114-359km,v,blur_sigma0.5,swd,0.0003884785692207515
334,4,>325km,u,blur_sigma0.5,freq_l1,3.743782144738361e-05
334,4,>325km,u,blur_sigma0.5,freq_l1_unweighted,3.6579498555511236e-05
334,4,>325km,u,blur_sigma0.5,melr,-4.376677316031419e-05
334,4,>325km,u,blur_sigma0.5,swd,0.00013184375711716712
334,4,>325km,v,blur_sigma0.5,freq_l1,6.354258221108466e-05
334,4,>325km,v,blur_sigma0.5,freq_l1_unweighted,6.085115819587372e-05
334,4,>325km,v,blur_sigma0.5,melr,5.196420261199819e-06
334,4,>325km,v,blur_sigma0.5,swd,0.00018894608365371823
334,0,6-25km,u,blur_sigma1,freq_l1,0.06111273542046547
334,0,6-25km,u,blur_sigma1,freq_l1_unweighted,0.15389218926429749
334,0,6-25km,u,blur_sigma1,melr,-0.37911757826805115
334,0,6-25km,u,blur_sigma1,swd,0.08683142066001892
334,0,6-25km,v,blur_sigma1,freq_l1,0.08648566901683807
334,0,6-25km,v,blur_sigma1,freq_l1_unweighted,0.23791751265525818
334,0,6-25km,v,blur_sigma1,melr,-0.4172721803188324
334,0,6-25km,v,blur_sigma1,swd,0.1540009081363678
334,1,28-86km,u,blur_sigma1,freq_l1,0.025352321565151215
334,1,28-86km,u,blur_sigma1,freq_l1_unweighted,0.044506751000881195
334,1,28-86km,u,blur_sigma1,melr,-0.07272244989871979
334,1,28-86km,u,blur_sigma1,swd,0.013421461917459965
334,1,28-86km,v,blur_sigma1,freq_l1,0.03379048407077789
334,1,28-86km,v,blur_sigma1,freq_l1_unweighted,0.06075773760676384
334,1,28-86km,v,blur_sigma1,melr,-0.07309418171644211
334,1,28-86km,v,blur_sigma1,swd,0.018603183329105377
334,2,57-175km,u,blur_sigma1,freq_l1,0.007464906666427851
334,2,57-175km,u,blur_sigma1,freq_l1_unweighted,0.011080441065132618
334,2,57-175km,u,blur_sigma1,melr,-0.01604880765080452
334,2,57-175km,u,blur_sigma1,swd,0.0038387353997677565
334,2,57-175km,v,blur_sigma1,freq_l1,0.01007465086877346
334,2,57-175km,v,blur_sigma1,freq_l1_unweighted,0.014299011789262295
334,2,57-175km,v,blur_sigma1,melr,-0.014595821499824524
334,2,57-175km,v,blur_sigma1,swd,0.00518345320597291
334,3,114-359km,u,blur_sigma1,freq_l1,0.0019243534188717604
334,3,114-359km,u,blur_sigma1,freq_l1_unweighted,0.002535853534936905
334,3,114-359km,u,blur_sigma1,melr,-0.0038218884728848934
334,3,114-359km,u,blur_sigma1,swd,0.001195187447592616
334,3,114-359km,v,blur_sigma1,freq_l1,0.002500266768038273
334,3,114-359km,v,blur_sigma1,freq_l1_unweighted,0.003102201037108898
334,3,114-359km,v,blur_sigma1,melr,-0.003415278624743223
334,3,114-359km,v,blur_sigma1,swd,0.0015430022031068802
334,4,>325km,u,blur_sigma1,freq_l1,0.0001501224614912644
334,4,>325km,u,blur_sigma1,freq_l1_unweighted,0.0001512123562861234
334,4,>325km,u,blur_sigma1,melr,-0.000252057594479993
334,4,>325km,u,blur_sigma1,swd,0.00041632557986304164
334,4,>325km,v,blur_sigma1,freq_l1,0.0002660660247784108
334,4,>325km,v,blur_sigma1,freq_l1_unweighted,0.0002576748374849558
334,4,>325km,v,blur_sigma1,melr,1.3958306226413697e-06
334,4,>325km,v,blur_sigma1,swd,0.0005698162131011486
334,0,6-25km,u,blur_sigma2,freq_l1,0.09670796990394592
334,0,6-25km,u,blur_sigma2,freq_l1_unweighted,0.25889694690704346
334,0,6-25km,u,blur_sigma2,melr,-0.7001290321350098
334,0,6-25km,u,blur_sigma2,swd,0.15638697147369385
334,0,6-25km,v,blur_sigma2,freq_l1,0.1326787769794464
334,0,6-25km,v,blur_sigma2,freq_l1_unweighted,0.3846726417541504
334,0,6-25km,v,blur_sigma2,melr,-0.7432836890220642
334,0,6-25km,v,blur_sigma2,swd,0.2603777050971985
334,1,28-86km,u,blur_sigma2,freq_l1,0.07195189595222473
334,1,28-86km,u,blur_sigma2,freq_l1_unweighted,0.13054341077804565
334,1,28-86km,u,blur_sigma2,melr,-0.22459834814071655
334,1,28-86km,u,blur_sigma2,swd,0.039672255516052246
334,1,28-86km,v,blur_sigma2,freq_l1,0.09466255456209183
334,1,28-86km,v,blur_sigma2,freq_l1_unweighted,0.17706967890262604
334,1,28-86km,v,blur_sigma2,melr,-0.22483348846435547
334,1,28-86km,v,blur_sigma2,swd,0.054384585469961166
334,2,57-175km,u,blur_sigma2,freq_l1,0.026243168860673904
334,2,57-175km,u,blur_sigma2,freq_l1_unweighted,0.03956320136785507
334,2,57-175km,u,blur_sigma2,melr,-0.05907970666885376
334,2,57-175km,u,blur_sigma2,swd,0.014109504409134388
334,2,57-175km,v,blur_sigma2,freq_l1,0.03536870330572128
334,2,57-175km,v,blur_sigma2,freq_l1_unweighted,0.05102657526731491
334,2,57-175km,v,blur_sigma2,melr,-0.05333437770605087
334,2,57-175km,v,blur_sigma2,swd,0.018910611048340797
334,3,114-359km,u,blur_sigma2,freq_l1,0.0070616030134260654
334,3,114-359km,u,blur_sigma2,freq_l1_unweighted,0.009405162185430527
334,3,114-359km,u,blur_sigma2,melr,-0.014922999776899815
334,3,114-359km,u,blur_sigma2,swd,0.00452055549249053
334,3,114-359km,v,blur_sigma2,freq_l1,0.009139187633991241
334,3,114-359km,v,blur_sigma2,freq_l1_unweighted,0.011563509702682495
334,3,114-359km,v,blur_sigma2,melr,-0.013257196173071861
334,3,114-359km,v,blur_sigma2,swd,0.006150317844003439
334,4,>325km,u,blur_sigma2,freq_l1,0.0005002916441299021
334,4,>325km,u,blur_sigma2,freq_l1_unweighted,0.0005346492980606854
334,4,>325km,u,blur_sigma2,melr,-0.001172421034425497
334,4,>325km,u,blur_sigma2,swd,0.0011707544326782227
334,4,>325km,v,blur_sigma2,freq_l1,0.0009351741173304617
334,4,>325km,v,blur_sigma2,freq_l1_unweighted,0.0009221055079251528
334,4,>325km,v,blur_sigma2,melr,-8.376208279514685e-05
334,4,>325km,v,blur_sigma2,swd,0.0018443298758938909
35,0,6-25km,u,shift_2px,freq_l1,0.716853141784668
35,0,6-25km,u,shift_2px,freq_l1_unweighted,1.596456527709961
35,0,6-25km,u,shift_2px,melr,2.0708773362798638e-08
35,0,6-25km,u,shift_2px,swd,0.08010096848011017
35,0,6-25km,v,shift_2px,freq_l1,0.4167804718017578
35,0,6-25km,v,shift_2px,freq_l1_unweighted,0.768907904624939
35,0,6-25km,v,shift_2px,melr,3.106315915601954e-08
35,0,6-25km,v,shift_2px,swd,0.04875713214278221
35,1,28-86km,u,shift_2px,freq_l1,0.6885484457015991
35,1,28-86km,u,shift_2px,freq_l1_unweighted,1.0144431591033936
35,1,28-86km,u,shift_2px,melr,0.0
35,1,28-86km,u,shift_2px,swd,0.03352167084813118
35,1,28-86km,v,shift_2px,freq_l1,0.384274423122406
35,1,28-86km,v,shift_2px,freq_l1_unweighted,0.5318504571914673
35,1,28-86km,v,shift_2px,melr,2.0708773362798638e-08
35,1,28-86km,v,shift_2px,swd,0.018021704629063606
35,2,57-175km,u,shift_2px,freq_l1,0.4315798878669739
35,2,57-175km,u,shift_2px,freq_l1_unweighted,0.507565975189209
35,2,57-175km,u,shift_2px,melr,2.0708773362798638e-08
35,2,57-175km,u,shift_2px,swd,0.019657133147120476
35,2,57-175km,v,shift_2px,freq_l1,0.24652571976184845
35,2,57-175km,v,shift_2px,freq_l1_unweighted,0.3019004464149475
35,2,57-175km,v,shift_2px,melr,0.0
35,2,57-175km,v,shift_2px,swd,0.011855259537696838
35,3,114-359km,u,shift_2px,freq_l1,0.24016401171684265
35,3,114-359km,u,shift_2px,freq_l1_unweighted,0.24085500836372375
35,3,114-359km,u,shift_2px,melr,1.035438490504248e-08
35,3,114-359km,u,shift_2px,swd,0.014257222414016724
35,3,114-359km,v,shift_2px,freq_l1,0.11700983345508575
35,3,114-359km,v,shift_2px,freq_l1_unweighted,0.13973446190357208
35,3,114-359km,v,shift_2px,melr,1.0354386681399319e-08
35,3,114-359km,v,shift_2px,swd,0.006551750469952822
35,4,>325km,u,shift_2px,freq_l1,0.039211731404066086
35,4,>325km,u,shift_2px,freq_l1_unweighted,0.04244362190365791
35,4,>325km,u,shift_2px,melr,-2.0708776915512317e-08
35,4,>325km,u,shift_2px,swd,0.012745457701385021
35,4,>325km,v,shift_2px,freq_l1,0.027265429496765137
35,4,>325km,v,shift_2px,freq_l1_unweighted,0.028077375143766403
35,4,>325km,v,shift_2px,melr,-2.5885972476658026e-08
35,4,>325km,v,shift_2px,swd,0.006858593784272671
35,0,6-25km,u,shift_3px,freq_l1,0.816704273223877
35,0,6-25km,u,shift_3px,freq_l1_unweighted,1.6735880374908447
35,0,6-25km,u,shift_3px,melr,2.0708773362798638e-08
35,0,6-25km,u,shift_3px,swd,0.0747464969754219
35,0,6-25km,v,shift_3px,freq_l1,0.4591873586177826
35,0,6-25km,v,shift_3px,freq_l1_unweighted,0.801315188407898
35,0,6-25km,v,shift_3px,melr,4.1417546725597276e-08
35,0,6-25km,v,shift_3px,swd,0.044940076768398285
35,1,28-86km,u,shift_3px,freq_l1,0.8783756494522095
35,1,28-86km,u,shift_3px,freq_l1_unweighted,1.3775148391723633
35,1,28-86km,u,shift_3px,melr,0.0
35,1,28-86km,u,shift_3px,swd,0.0351831316947937
35,1,28-86km,v,shift_3px,freq_l1,0.4922918677330017
35,1,28-86km,v,shift_3px,freq_l1_unweighted,0.723303496837616
35,1,28-86km,v,shift_3px,melr,5.1771934295175015e-08
35,1,28-86km,v,shift_3px,swd,0.022675808519124985
35,2,57-175km,u,shift_3px,freq_l1,0.6154226064682007
35,2,57-175km,u,shift_3px,freq_l1_unweighted,0.7429306507110596
35,2,57-175km,u,shift_3px,melr,2.0708773362798638e-08
35,2,57-175km,u,shift_3px,swd,0.026074832305312157
35,2,57-175km,v,shift_3px,freq_l1,0.3532347083091736
35,2,57-175km,v,shift_3px,freq_l1_unweighted,0.4419538080692291
35,2,57-175km,v,shift_3px,melr,1.0354386681399319e-08
35,2,57-175km,v,shift_3px,swd,0.013657573610544205
35,3,114-359km,u,shift_3px,freq_l1,0.354788601398468
35,3,114-359km,u,shift_3px,freq_l1_unweighted,0.35914191603660583
35,3,114-359km,u,shift_3px,melr,-1.0354391122291418e-08
35,3,114-359km,u,shift_3px,swd,0.01550552248954773
35,3,114-359km,v,shift_3px,freq_l1,0.173473060131073
35,3,114-359km,v,shift_3px,freq_l1_unweighted,0.20829610526561737
35,3,114-359km,v,shift_3px,melr,-2.1316282919835953e-15
35,3,114-359km,v,shift_3px,swd,0.009817088954150677
35,4,>325km,u,shift_3px,freq_l1,0.058707691729068756
35,4,>325km,u,shift_3px,freq_l1_unweighted,0.06361870467662811
35,4,>325km,u,shift_3px,melr,-2.5885972476658026e-08
35,4,>325km,u,shift_3px,swd,0.015936894342303276
35,4,>325km,v,shift_3px,freq_l1,0.04086332023143768
35,4,>325km,v,shift_3px,freq_l1_unweighted,0.04207503795623779
35,4,>325km,v,shift_3px,melr,-1.5531583130723448e-08
35,4,>325km,v,shift_3px,swd,0.010566421784460545
35,0,6-25km,u,blur_sigma0.5,freq_l1,0.06187375262379646
35,0,6-25km,u,blur_sigma0.5,freq_l1_unweighted,0.1583268940448761
35,0,6-25km,u,blur_sigma0.5,melr,-0.12514817714691162
35,0,6-25km,u,blur_sigma0.5,swd,0.10384336858987808
35,0,6-25km,v,blur_sigma0.5,freq_l1,0.037103451788425446
35,0,6-25km,v,blur_sigma0.5,freq_l1_unweighted,0.07186935842037201
35,0,6-25km,v,blur_sigma0.5,melr,-0.07673819363117218
35,0,6-25km,v,blur_sigma0.5,swd,0.04671402648091316
35,1,28-86km,u,blur_sigma0.5,freq_l1,0.017433684319257736
35,1,28-86km,u,blur_sigma0.5,freq_l1_unweighted,0.028846725821495056
35,1,28-86km,u,blur_sigma0.5,melr,-0.016978684812784195
35,1,28-86km,u,blur_sigma0.5,swd,0.008271423168480396
35,1,28-86km,v,blur_sigma0.5,freq_l1,0.009831912815570831
35,1,28-86km,v,blur_sigma0.5,freq_l1_unweighted,0.013360528275370598
35,1,28-86km,v,blur_sigma0.5,melr,-0.008767549879848957
35,1,28-86km,v,blur_sigma0.5,swd,0.0038092622999101877
35,2,57-175km,u,blur_sigma0.5,freq_l1,0.004657481797039509
35,2,57-175km,u,blur_sigma0.5,freq_l1_unweighted,0.006175137124955654
35,2,57-175km,u,blur_sigma0.5,melr,-0.003131518140435219
35,2,57-175km,u,blur_sigma0.5,swd,0.0021327061112970114
35,2,57-175km,v,blur_sigma0.5,freq_l1,0.0025575871113687754
35,2,57-175km,v,blur_sigma0.5,freq_l1_unweighted,0.003253897186368704
35,2,57-175km,v,blur_sigma0.5,melr,-0.002028367482125759
35,2,57-175km,v,blur_sigma0.5,swd,0.0012291661696508527
35,3,114-359km,u,blur_sigma0.5,freq_l1,0.0011432388564571738
35,3,114-359km,u,blur_sigma0.5,freq_l1_unweighted,0.0013304803287610412
35,3,114-359km,u,blur_sigma0.5,melr,-0.0006455586990341544
35,3,114-359km,u,blur_sigma0.5,swd,0.000712825043592602
35,3,114-359km,v,blur_sigma0.5,freq_l1,0.0006098771700635552
35,3,114-359km,v,blur_sigma0.5,freq_l1_unweighted,0.0007319790893234313
35,3,114-359km,v,blur_sigma0.5,melr,-0.00045257859164848924
35,3,114-359km,v,blur_sigma0.5,swd,0.000344402709743008
35,4,>325km,u,blur_sigma0.5,freq_l1,8.712390263099223e-05
35,4,>325km,u,blur_sigma0.5,freq_l1_unweighted,9.233666787622496e-05
35,4,>325km,u,blur_sigma0.5,melr,-1.5645764506189153e-05
35,4,>325km,u,blur_sigma0.5,swd,0.00036425728467293084
35,4,>325km,v,blur_sigma0.5,freq_l1,5.448855154099874e-05
35,4,>325km,v,blur_sigma0.5,freq_l1_unweighted,6.044994734111242e-05
35,4,>325km,v,blur_sigma0.5,melr,-7.375051791314036e-05
35,4,>325km,v,blur_sigma0.5,swd,0.00020818990014959127
35,0,6-25km,u,blur_sigma1,freq_l1,0.1851228028535843
35,0,6-25km,u,blur_sigma1,freq_l1_unweighted,0.4906493127346039
35,0,6-25km,u,blur_sigma1,melr,-0.4166320264339447
35,0,6-25km,u,blur_sigma1,swd,0.3130475580692291
35,0,6-25km,v,blur_sigma1,freq_l1,0.1077456921339035
35,0,6-25km,v,blur_sigma1,freq_l1_unweighted,0.2165524661540985
35,0,6-25km,v,blur_sigma1,melr,-0.2179632931947708
35,0,6-25km,v,blur_sigma1,swd,0.14348776638507843
35,1,28-86km,u,blur_sigma1,freq_l1,0.07261423766613007
35,1,28-86km,u,blur_sigma1,freq_l1_unweighted,0.12179752439260483
35,1,28-86km,u,blur_sigma1,melr,-0.07303126901388168
35,1,28-86km,u,blur_sigma1,swd,0.036830637603998184
35,1,28-86km,v,blur_sigma1,freq_l1,0.04106082394719124
35,1,28-86km,v,blur_sigma1,freq_l1_unweighted,0.05640926957130432
35,1,28-86km,v,blur_sigma1,melr,-0.03712180256843567
35,1,28-86km,v,blur_sigma1,swd,0.015892377123236656
35,2,57-175km,u,blur_sigma1,freq_l1,0.020694592967629433
35,2,57-175km,u,blur_sigma1,freq_l1_unweighted,0.027610307559370995
35,2,57-175km,u,blur_sigma1,melr,-0.01417832262814045
35,2,57-175km,u,blur_sigma1,swd,0.008632673881947994
35,2,57-175km,v,blur_sigma1,freq_l1,0.01140313409268856
35,2,57-175km,v,blur_sigma1,freq_l1_unweighted,0.014544944278895855
35,2,57-175km,v,blur_sigma1,melr,-0.009218273684382439
35,2,57-175km,v,blur_sigma1,swd,0.005137718748301268
35,3,114-359km,u,blur_sigma1,freq_l1,0.005023478530347347
35,3,114-359km,u,blur_sigma1,freq_l1_unweighted,0.005905583035200834
35,3,114-359km,u,blur_sigma1,melr,-0.0029624630697071552
35,3,114-359km,u,blur_sigma1,swd,0.002483046380802989
35,3,114-359km,v,blur_sigma1,freq_l1,0.002684240695089102
35,3,114-359km,v,blur_sigma1,freq_l1_unweighted,0.0032349422108381987
35,3,114-359km,v,blur_sigma1,melr,-0.0020616003312170506
35,3,114-359km,v,blur_sigma1,swd,0.001346192555502057
35,4,>325km,u,blur_sigma1,freq_l1,0.0003640481736510992
35,4,>325km,u,blur_sigma1,freq_l1_unweighted,0.0003952573169954121
35,4,>325km,u,blur_sigma1,melr,-8.145531319314614e-05
35,4,>325km,u,blur_sigma1,swd,0.0013479646295309067
35,4,>325km,v,blur_sigma1,freq_l1,0.00023121523554436862
35,4,>325km,v,blur_sigma1,freq_l1_unweighted,0.0002624055778142065
35,4,>325km,v,blur_sigma1,melr,-0.00033073825761675835
35,4,>325km,v,blur_sigma1,swd,0.000811263860668987
35,0,6-25km,u,blur_sigma2,freq_l1,0.29057660698890686
35,0,6-25km,u,blur_sigma2,freq_l1_unweighted,0.7997978329658508
35,0,6-25km,u,blur_sigma2,melr,-0.7312961220741272
35,0,6-25km,u,blur_sigma2,swd,0.5236312747001648
35,0,6-25km,v,blur_sigma2,freq_l1,0.16761687397956848
35,0,6-25km,v,blur_sigma2,freq_l1_unweighted,0.35019296407699585
35,0,6-25km,v,blur_sigma2,melr,-0.33279678225517273
35,0,6-25km,v,blur_sigma2,swd,0.23085997998714447
35,1,28-86km,u,blur_sigma2,freq_l1,0.20150752365589142
35,1,28-86km,u,blur_sigma2,freq_l1_unweighted,0.3528510332107544
35,1,28-86km,u,blur_sigma2,melr,-0.22347119450569153
35,1,28-86km,u,blur_sigma2,swd,0.11093264073133469
35,1,28-86km,v,blur_sigma2,freq_l1,0.11510412395000458
35,1,28-86km,v,blur_sigma2,freq_l1_unweighted,0.1647433042526245
35,1,28-86km,v,blur_sigma2,melr,-0.1105017215013504
35,1,28-86km,v,blur_sigma2,swd,0.049584779888391495
35,2,57-175km,u,blur_sigma2,freq_l1,0.07304161787033081
35,2,57-175km,u,blur_sigma2,freq_l1_unweighted,0.09892867505550385
35,2,57-175km,u,blur_sigma2,melr,-0.051478732377290726
35,2,57-175km,u,blur_sigma2,swd,0.03260273113846779
35,2,57-175km,v,blur_sigma2,freq_l1,0.040591634809970856
35,2,57-175km,v,blur_sigma2,freq_l1_unweighted,0.05232591554522514
35,2,57-175km,v,blur_sigma2,melr,-0.03390996903181076
35,2,57-175km,v,blur_sigma2,swd,0.01853286288678646
35,3,114-359km,u,blur_sigma2,freq_l1,0.018765578046441078
35,3,114-359km,u,blur_sigma2,freq_l1_unweighted,0.022262834012508392
35,3,114-359km,u,blur_sigma2,melr,-0.01149146817624569
35,3,114-359km,u,blur_sigma2,swd,0.009686402976512909
35,3,114-359km,v,blur_sigma2,freq_l1,0.009908659383654594
35,3,114-359km,v,blur_sigma2,freq_l1_unweighted,0.012078376486897469
35,3,114-359km,v,blur_sigma2,melr,-0.008095295168459415
35,3,114-359km,v,blur_sigma2,swd,0.0054971943609416485
35,4,>325km,u,blur_sigma2,freq_l1,0.0013492219150066376
35,4,>325km,u,blur_sigma2,freq_l1_unweighted,0.0015093990368768573
35,4,>325km,u,blur_sigma2,melr,-0.0003379922709427774
35,4,>325km,u,blur_sigma2,swd,0.004796587862074375
35,4,>325km,v,blur_sigma2,freq_l1,0.0008434757473878562
35,4,>325km,v,blur_sigma2,freq_l1_unweighted,0.0009824841981753707
35,4,>325km,v,blur_sigma2,melr,-0.0012874210951849818
35,4,>325km,v,blur_sigma2,swd,0.002606580965220928
11,0,6-25km,u,shift_2px,freq_l1,0.41042348742485046
11,0,6-25km,u,shift_2px,freq_l1_unweighted,0.8385928273200989
11,0,6-25km,u,shift_2px,melr,1.725731202384395e-08
11,0,6-25km,u,shift_2px,swd,0.043071452528238297
11,0,6-25km,v,shift_2px,freq_l1,0.4949812889099121
11,0,6-25km,v,shift_2px,freq_l1_unweighted,1.0563337802886963
11,0,6-25km,v,shift_2px,melr,-2.1571648911589136e-09
11,0,6-25km,v,shift_2px,swd,0.05219119414687157
11,1,28-86km,u,shift_2px,freq_l1,0.4089283049106598
11,1,28-86km,u,shift_2px,freq_l1_unweighted,0.6695868968963623
11,1,28-86km,u,shift_2px,melr,2.1571628927574693e-09
11,1,28-86km,u,shift_2px,swd,0.01882840506732464
11,1,28-86km,v,shift_2px,freq_l1,0.46541354060173035
11,1,28-86km,v,shift_2px,freq_l1_unweighted,0.7473692297935486
11,1,28-86km,v,shift_2px,melr,1.0785818460590235e-08
11,1,28-86km,v,shift_2px,swd,0.023161597549915314
11,2,57-175km,u,shift_2px,freq_l1,0.26269450783729553
11,2,57-175km,u,shift_2px,freq_l1_unweighted,0.40161657333374023
11,2,57-175km,u,shift_2px,melr,-4.314329782317827e-09
11,2,57-175km,u,shift_2px,swd,0.017561523243784904
11,2,57-175km,v,shift_2px,freq_l1,0.28107860684394836
11,2,57-175km,v,shift_2px,freq_l1_unweighted,0.40084365010261536
11,2,57-175km,v,shift_2px,melr,-8.628657788278815e-09
11,2,57-175km,v,shift_2px,swd,0.017839089035987854
11,3,114-359km,u,shift_2px,freq_l1,0.15354350209236145
11,3,114-359km,u,shift_2px,freq_l1_unweighted,0.20912937819957733
11,3,114-359km,u,shift_2px,melr,-2.157164002980494e-09
11,3,114-359km,u,shift_2px,swd,0.008878253400325775
11,3,114-359km,v,shift_2px,freq_l1,0.17260946333408356
11,3,114-359km,v,shift_2px,freq_l1_unweighted,0.21029996871948242
11,3,114-359km,v,shift_2px,melr,-1.0785822013303914e-08
11,3,114-359km,v,shift_2px,swd,0.010829848237335682
11,4,>325km,u,shift_2px,freq_l1,0.029841532930731773
11,4,>325km,u,shift_2px,freq_l1_unweighted,0.03983566164970398
11,4,>325km,u,shift_2px,melr,-6.471494007342926e-09
11,4,>325km,u,shift_2px,swd,0.013654735870659351
11,4,>325km,v,shift_2px,freq_l1,0.03208320215344429
11,4,>325km,v,shift_2px,freq_l1_unweighted,0.04360460862517357
11,4,>325km,v,shift_2px,melr,2.372880203438399e-08
11,4,>325km,v,shift_2px,swd,0.009672394022345543
11,0,6-25km,u,shift_3px,freq_l1,0.4705291986465454
11,0,6-25km,u,shift_3px,freq_l1_unweighted,0.9208101630210876
11,0,6-25km,u,shift_3px,melr,2.5885967147587507e-08
11,0,6-25km,u,shift_3px,swd,0.04209432005882263
11,0,6-25km,v,shift_3px,freq_l1,0.5562084317207336
11,0,6-25km,v,shift_3px,freq_l1_unweighted,1.100845456123352
11,0,6-25km,v,shift_3px,melr,1.2942983573793754e-08
11,0,6-25km,v,shift_3px,swd,0.04630774259567261
11,1,28-86km,u,shift_3px,freq_l1,0.5351998209953308
11,1,28-86km,u,shift_3px,freq_l1_unweighted,0.9229593276977539
11,1,28-86km,u,shift_3px,melr,2.372880203438399e-08
11,1,28-86km,u,shift_3px,swd,0.024983670562505722
11,1,28-86km,v,shift_3px,freq_l1,0.597131073474884
11,1,28-86km,v,shift_3px,freq_l1_unweighted,1.017676591873169
11,1,28-86km,v,shift_3px,melr,1.941447358433379e-08
11,1,28-86km,v,shift_3px,swd,0.023450473323464394
11,2,57-175km,u,shift_3px,freq_l1,0.3798198699951172
11,2,57-175km,u,shift_3px,freq_l1_unweighted,0.5902550220489502
11,2,57-175km,u,shift_3px,melr,4.314327117782568e-09
11,2,57-175km,u,shift_3px,swd,0.022202305495738983
11,2,57-175km,v,shift_3px,freq_l1,0.40438351035118103
11,2,57-175km,v,shift_3px,freq_l1_unweighted,0.5869771838188171
11,2,57-175km,v,shift_3px,melr,-2.1571644470697038e-09
11,2,57-175km,v,shift_3px,swd,0.02254657633602619
11,3,114-359km,u,shift_3px,freq_l1,0.22877246141433716
11,3,114-359km,u,shift_3px,freq_l1_unweighted,0.31207701563835144
11,3,114-359km,u,shift_3px,melr,6.471491786896877e-09
11,3,114-359km,u,shift_3px,swd,0.01436101458966732
11,3,114-359km,v,shift_3px,freq_l1,0.25693854689598083
11,3,114-359km,v,shift_3px,freq_l1_unweighted,0.31381842494010925
11,3,114-359km,v,shift_3px,melr,-6.4714931191645064e-09
11,3,114-359km,v,shift_3px,swd,0.016058299690485
11,4,>325km,u,shift_3px,freq_l1,0.044901881366968155
11,4,>325km,u,shift_3px,freq_l1_unweighted,0.05971885845065117
11,4,>325km,u,shift_3px,melr,4.314324453247309e-09
11,4,>325km,u,shift_3px,swd,0.01644730195403099
11,4,>325km,v,shift_3px,freq_l1,0.04835079237818718
11,4,>325km,v,shift_3px,freq_l1_unweighted,0.0653427317738533
11,4,>325km,v,shift_3px,melr,1.0785817572411815e-08
11,4,>325km,v,shift_3px,swd,0.010672541335225105
11,0,6-25km,u,blur_sigma0.5,freq_l1,0.03314243257045746
11,0,6-25km,u,blur_sigma0.5,freq_l1_unweighted,0.06499234586954117
11,0,6-25km,u,blur_sigma0.5,melr,-0.054928019642829895
11,0,6-25km,u,blur_sigma0.5,swd,0.03788341209292412
11,0,6-25km,v,blur_sigma0.5,freq_l1,0.043446287512779236
11,0,6-25km,v,blur_sigma0.5,freq_l1_unweighted,0.09464030712842941
11,0,6-25km,v,blur_sigma0.5,melr,-0.07737904042005539
11,0,6-25km,v,blur_sigma0.5,swd,0.06349498778581619
11,1,28-86km,u,blur_sigma0.5,freq_l1,0.010359800420701504
11,1,28-86km,u,blur_sigma0.5,freq_l1_unweighted,0.01707891933619976
11,1,28-86km,u,blur_sigma0.5,melr,-0.010152840986847878
11,1,28-86km,u,blur_sigma0.5,swd,0.004728243220597506
11,1,28-86km,v,blur_sigma0.5,freq_l1,0.011597767472267151
11,1,28-86km,v,blur_sigma0.5,freq_l1_unweighted,0.018461642786860466
11,1,28-86km,v,blur_sigma0.5,melr,-0.010440959595143795
11,1,28-86km,v,blur_sigma0.5,swd,0.005900882184505463
11,2,57-175km,u,blur_sigma0.5,freq_l1,0.0028853139374405146
11,2,57-175km,u,blur_sigma0.5,freq_l1_unweighted,0.004599316511303186
11,2,57-175km,u,blur_sigma0.5,melr,-0.0026713961269706488
11,2,57-175km,u,blur_sigma0.5,swd,0.0013734191888943315
11,2,57-175km,v,blur_sigma0.5,freq_l1,0.0030749498400837183
11,2,57-175km,v,blur_sigma0.5,freq_l1_unweighted,0.004354619886726141
11,2,57-175km,v,blur_sigma0.5,melr,-0.0022928162943571806
11,2,57-175km,v,blur_sigma0.5,swd,0.0013640128308907151
11,3,114-359km,u,blur_sigma0.5,freq_l1,0.0008324941154569387
11,3,114-359km,u,blur_sigma0.5,freq_l1_unweighted,0.0012827670434489846
11,3,114-359km,u,blur_sigma0.5,melr,-0.0008252112311311066
11,3,114-359km,u,blur_sigma0.5,swd,0.0005922585260123014
11,3,114-359km,v,blur_sigma0.5,freq_l1,0.000771792430896312
11,3,114-359km,v,blur_sigma0.5,freq_l1_unweighted,0.0010381515603512526
11,3,114-359km,v,blur_sigma0.5,melr,-0.0005960204871371388
11,3,114-359km,v,blur_sigma0.5,swd,0.0005084152217023075
11,4,>325km,u,blur_sigma0.5,freq_l1,0.00010467015817994252
11,4,>325km,u,blur_sigma0.5,freq_l1_unweighted,0.00011429600999690592
11,4,>325km,u,blur_sigma0.5,melr,-4.423789505381137e-05
11,4,>325km,u,blur_sigma0.5,swd,0.0004184222489129752
11,4,>325km,v,blur_sigma0.5,freq_l1,0.00010354869300499558
11,4,>325km,v,blur_sigma0.5,freq_l1_unweighted,0.00010675872181309387
11,4,>325km,v,blur_sigma0.5,melr,-1.787049950507935e-05
11,4,>325km,v,blur_sigma0.5,swd,0.00039006295264698565
11,0,6-25km,u,blur_sigma1,freq_l1,0.10154268145561218
11,0,6-25km,u,blur_sigma1,freq_l1_unweighted,0.20791743695735931
11,0,6-25km,u,blur_sigma1,melr,-0.17204265296459198
11,0,6-25km,u,blur_sigma1,swd,0.11844097822904587
11,0,6-25km,v,blur_sigma1,freq_l1,0.12769682705402374
11,0,6-25km,v,blur_sigma1,freq_l1_unweighted,0.29091742634773254
11,0,6-25km,v,blur_sigma1,melr,-0.23270954191684723
11,0,6-25km,v,blur_sigma1,swd,0.1915881335735321
11,1,28-86km,u,blur_sigma1,freq_l1,0.043618153780698776
11,1,28-86km,u,blur_sigma1,freq_l1_unweighted,0.0727621540427208
11,1,28-86km,u,blur_sigma1,melr,-0.043814610689878464
11,1,28-86km,u,blur_sigma1,swd,0.020486371591687202
11,1,28-86km,v,blur_sigma1,freq_l1,0.048440638929605484
11,1,28-86km,v,blur_sigma1,freq_l1_unweighted,0.0781414732336998
11,1,28-86km,v,blur_sigma1,melr,-0.04462514817714691
11,1,28-86km,v,blur_sigma1,swd,0.023761970922350883
11,2,57-175km,u,blur_sigma1,freq_l1,0.012852031737565994
11,2,57-175km,u,blur_sigma1,freq_l1_unweighted,0.02054317109286785
11,2,57-175km,u,blur_sigma1,melr,-0.012109099887311459
11,2,57-175km,u,blur_sigma1,swd,0.006244634743779898
11,2,57-175km,v,blur_sigma1,freq_l1,0.01370334718376398
11,2,57-175km,v,blur_sigma1,freq_l1_unweighted,0.01944538578391075
11,2,57-175km,v,blur_sigma1,melr,-0.010358722880482674
11,2,57-175km,v,blur_sigma1,swd,0.006468586623668671
11,3,114-359km,u,blur_sigma1,freq_l1,0.0036818806547671556
11,3,114-359km,u,blur_sigma1,freq_l1_unweighted,0.005724797490984201
11,3,114-359km,u,blur_sigma1,melr,-0.0037651201710104942
11,3,114-359km,u,blur_sigma1,swd,0.0021436552051454782
11,3,114-359km,v,blur_sigma1,freq_l1,0.003431023098528385
11,3,114-359km,v,blur_sigma1,freq_l1_unweighted,0.004624997731298208
11,3,114-359km,v,blur_sigma1,melr,-0.0026863187085837126
11,3,114-359km,v,blur_sigma1,swd,0.001901598065160215
11,4,>325km,u,blur_sigma1,freq_l1,0.00044639097177423537
11,4,>325km,u,blur_sigma1,freq_l1_unweighted,0.0004937135963700712
11,4,>325km,u,blur_sigma1,melr,-0.0002213341649621725
11,4,>325km,u,blur_sigma1,swd,0.0016197500517591834
11,4,>325km,v,blur_sigma1,freq_l1,0.0004442379286047071
11,4,>325km,v,blur_sigma1,freq_l1_unweighted,0.00046589694102294743
11,4,>325km,v,blur_sigma1,melr,-9.984529606299475e-05
11,4,>325km,v,blur_sigma1,swd,0.001547263702377677
11,0,6-25km,u,blur_sigma2,freq_l1,0.16798579692840576
11,0,6-25km,u,blur_sigma2,freq_l1_unweighted,0.3672265112400055
11,0,6-25km,u,blur_sigma2,melr,-0.3036080598831177
11,0,6-25km,u,blur_sigma2,swd,0.20816722512245178
11,0,6-25km,v,blur_sigma2,freq_l1,0.19935105741024017
11,0,6-25km,v,blur_sigma2,freq_l1_unweighted,0.4765263795852661
11,0,6-25km,v,blur_sigma2,melr,-0.37152841687202454
11,0,6-25km,v,blur_sigma2,swd,0.32138341665267944
11,1,28-86km,u,blur_sigma2,freq_l1,0.12550023198127747
11,1,28-86km,u,blur_sigma2,freq_l1_unweighted,0.21824902296066284
11,1,28-86km,u,blur_sigma2,melr,-0.13753999769687653
11,1,28-86km,u,blur_sigma2,swd,0.06196146830916405
11,1,28-86km,v,blur_sigma2,freq_l1,0.13631893694400787
11,1,28-86km,v,blur_sigma2,freq_l1_unweighted,0.23002122342586517
11,1,28-86km,v,blur_sigma2,melr,-0.13550706207752228
11,1,28-86km,v,blur_sigma2,swd,0.06935375183820724
11,2,57-175km,u,blur_sigma2,freq_l1,0.04569646343588829
11,2,57-175km,u,blur_sigma2,freq_l1_unweighted,0.07397190481424332
11,2,57-175km,u,blur_sigma2,melr,-0.044955775141716
11,2,57-175km,u,blur_sigma2,swd,0.02376539446413517
11,2,57-175km,v,blur_sigma2,freq_l1,0.048613548278808594
11,2,57-175km,v,blur_sigma2,freq_l1_unweighted,0.0697353407740593
11,2,57-175km,v,blur_sigma2,melr,-0.037807028740644455
11,2,57-175km,v,blur_sigma2,swd,0.023834601044654846
11,3,114-359km,u,blur_sigma2,freq_l1,0.01371777057647705
11,3,114-359km,u,blur_sigma2,freq_l1_unweighted,0.021510174497961998
11,3,114-359km,u,blur_sigma2,melr,-0.014460497535765171
11,3,114-359km,u,blur_sigma2,swd,0.008832722902297974
11,3,114-359km,v,blur_sigma2,freq_l1,0.012910052202641964
11,3,114-359km,v,blur_sigma2,freq_l1_unweighted,0.01745309680700302
11,3,114-359km,v,blur_sigma2,melr,-0.010258892551064491
11,3,114-359km,v,blur_sigma2,swd,0.009000013582408428
11,4,>325km,u,blur_sigma2,freq_l1,0.0015929954824969172
11,4,>325km,u,blur_sigma2,freq_l1_unweighted,0.0017979155527427793
11,4,>325km,u,blur_sigma2,melr,-0.0009492544922977686
11,4,>325km,u,blur_sigma2,swd,0.005863439291715622
11,4,>325km,v,blur_sigma2,freq_l1,0.001617826521396637
11,4,>325km,v,blur_sigma2,freq_l1_unweighted,0.0017423367826268077
11,4,>325km,v,blur_sigma2,melr,-0.0004966458072885871
11,4,>325km,v,blur_sigma2,swd,0.005537957418709993
402,0,6-25km,u,shift_2px,freq_l1,0.35519325733184814
402,0,6-25km,u,shift_2px,freq_l1_unweighted,0.6879093647003174
402,0,6-25km,u,shift_2px,melr,3.106315915601954e-08
402,0,6-25km,u,shift_2px,swd,0.046878326684236526
402,0,6-25km,v,shift_2px,freq_l1,0.36039838194847107
402,0,6-25km,v,shift_2px,freq_l1_unweighted,0.6482961773872375
402,0,6-25km,v,shift_2px,melr,2.0708773362798638e-08
402,0,6-25km,v,shift_2px,swd,0.04197417572140694
402,1,28-86km,u,shift_2px,freq_l1,0.36844879388809204
402,1,28-86km,u,shift_2px,freq_l1_unweighted,0.5140937566757202
402,1,28-86km,u,shift_2px,melr,0.0
402,1,28-86km,u,shift_2px,swd,0.021196171641349792
402,1,28-86km,v,shift_2px,freq_l1,0.38599058985710144
402,1,28-86km,v,shift_2px,freq_l1_unweighted,0.5172515511512756
402,1,28-86km,v,shift_2px,melr,2.0708773362798638e-08
402,1,28-86km,v,shift_2px,swd,0.01669607311487198
402,2,57-175km,u,shift_2px,freq_l1,0.23992863297462463
402,2,57-175km,u,shift_2px,freq_l1_unweighted,0.2927204668521881
402,2,57-175km,u,shift_2px,melr,-2.1316282919835953e-15
402,2,57-175km,u,shift_2px,swd,0.017602551728487015
402,2,57-175km,v,shift_2px,freq_l1,0.2539026439189911
402,2,57-175km,v,shift_2px,freq_l1_unweighted,0.29825466871261597
402,2,57-175km,v,shift_2px,melr,-1.0354389345934578e-08
402,2,57-175km,v,shift_2px,swd,0.011322884820401669
402,3,114-359km,u,shift_2px,freq_l1,0.12388992309570312
402,3,114-359km,u,shift_2px,freq_l1_unweighted,0.14245355129241943
402,3,114-359km,u,shift_2px,melr,-2.0708778691869156e-08
402,3,114-359km,u,shift_2px,swd,0.009516743943095207
402,3,114-359km,v,shift_2px,freq_l1,0.14665767550468445
402,3,114-359km,v,shift_2px,freq_l1_unweighted,0.15200218558311462
402,3,114-359km,v,shift_2px,melr,-4.141755738373831e-08
402,3,114-359km,v,shift_2px,swd,0.00730088260024786
402,4,>325km,u,shift_2px,freq_l1,0.021111711859703064
402,4,>325km,u,shift_2px,freq_l1_unweighted,0.026360321789979935
402,4,>325km,u,shift_2px,melr,-1.0354387569577739e-08
402,4,>325km,u,shift_2px,swd,0.010908098891377449
402,4,>325km,v,shift_2px,freq_l1,0.0231774989515543
402,4,>325km,v,shift_2px,freq_l1_unweighted,0.02604433335363865
402,4,>325km,v,shift_2px,melr,-1.0354391122291418e-08
402,4,>325km,v,shift_2px,swd,0.0050372290425002575
402,0,6-25km,u,shift_3px,freq_l1,0.39996105432510376
402,0,6-25km,u,shift_3px,freq_l1_unweighted,0.7397388219833374
402,0,6-25km,u,shift_3px,melr,4.1417546725597276e-08
402,0,6-25km,u,shift_3px,swd,0.048670049756765366
402,0,6-25km,v,shift_3px,freq_l1,0.39612865447998047
402,0,6-25km,v,shift_3px,freq_l1_unweighted,0.6833081245422363
402,0,6-25km,v,shift_3px,melr,3.106315915601954e-08
402,0,6-25km,v,shift_3px,swd,0.04052543640136719
402,1,28-86km,u,shift_3px,freq_l1,0.4798223078250885
402,1,28-86km,u,shift_3px,freq_l1_unweighted,0.7047650218009949
402,1,28-86km,u,shift_3px,melr,1.0354386681399319e-08
402,1,28-86km,u,shift_3px,swd,0.023799924179911613
402,1,28-86km,v,shift_3px,freq_l1,0.49733009934425354
402,1,28-86km,v,shift_3px,freq_l1_unweighted,0.7081087827682495
402,1,28-86km,v,shift_3px,melr,2.0708773362798638e-08
402,1,28-86km,v,shift_3px,swd,0.01822657883167267
402,2,57-175km,u,shift_3px,freq_l1,0.3458858132362366
402,2,57-175km,u,shift_3px,freq_l1_unweighted,0.4295356869697571
402,2,57-175km,u,shift_3px,melr,1.035438490504248e-08
402,2,57-175km,u,shift_3px,swd,0.019015122205018997
402,2,57-175km,v,shift_3px,freq_l1,0.3632712960243225
402,2,57-175km,v,shift_3px,freq_l1_unweighted,0.43667611479759216
402,2,57-175km,v,shift_3px,melr,-1.0354389345934578e-08
402,2,57-175km,v,shift_3px,swd,0.012510061264038086
402,3,114-359km,u,shift_3px,freq_l1,0.18436510860919952
402,3,114-359km,u,shift_3px,freq_l1_unweighted,0.21247205138206482
402,3,114-359km,u,shift_3px,melr,-2.0708778691869156e-08
402,3,114-359km,u,shift_3px,swd,0.011650793254375458
402,3,114-359km,v,shift_3px,freq_l1,0.21756133437156677
402,3,114-359km,v,shift_3px,freq_l1_unweighted,0.2267928421497345
402,3,114-359km,v,shift_3px,melr,2.07087715864418e-08
402,3,114-359km,v,shift_3px,swd,0.007780767977237701
402,4,>325km,u,shift_3px,freq_l1,0.031678516417741776
402,4,>325km,u,shift_3px,freq_l1_unweighted,0.03950643911957741
402,4,>325km,u,shift_3px,melr,5.17719289661045e-09
402,4,>325km,u,shift_3px,swd,0.012275684624910355
402,4,>325km,v,shift_3px,freq_l1,0.03475078195333481
402,4,>325km,v,shift_3px,freq_l1_unweighted,0.03900925815105438
402,4,>325km,v,shift_3px,melr,-1.0354389345934578e-08
402,4,>325km,v,shift_3px,swd,0.007186486851423979
402,0,6-25km,u,blur_sigma0.5,freq_l1,0.02946227230131626
402,0,6-25km,u,blur_sigma0.5,freq_l1_unweighted,0.05650469660758972
402,0,6-25km,u,blur_sigma0.5,melr,-0.05998606234788895
402,0,6-25km,u,blur_sigma0.5,swd,0.031977832317352295
402,0,6-25km,v,blur_sigma0.5,freq_l1,0.029857734218239784
402,0,6-25km,v,blur_sigma0.5,freq_l1_unweighted,0.05365816876292229
402,0,6-25km,v,blur_sigma0.5,melr,-0.06319395452737808
402,0,6-25km,v,blur_sigma0.5,swd,0.03345247358083725
402,1,28-86km,u,blur_sigma0.5,freq_l1,0.009099123999476433
402,1,28-86km,u,blur_sigma0.5,freq_l1_unweighted,0.012828951701521873
402,1,28-86km,u,blur_sigma0.5,melr,-0.0084548220038414
402,1,28-86km,u,blur_sigma0.5,swd,0.0034764199517667294
402,1,28-86km,v,blur_sigma0.5,freq_l1,0.008989457972347736
402,1,28-86km,v,blur_sigma0.5,freq_l1_unweighted,0.012791643850505352
402,1,28-86km,v,blur_sigma0.5,melr,-0.010259203612804413
402,1,28-86km,v,blur_sigma0.5,swd,0.0036338113714009523
402,2,57-175km,u,blur_sigma0.5,freq_l1,0.0025365897454321384
402,2,57-175km,u,blur_sigma0.5,freq_l1_unweighted,0.003196104895323515
402,2,57-175km,u,blur_sigma0.5,melr,-0.001752865151502192
402,2,57-175km,u,blur_sigma0.5,swd,0.0011268670205026865
402,2,57-175km,v,blur_sigma0.5,freq_l1,0.002694296184927225
402,2,57-175km,v,blur_sigma0.5,freq_l1_unweighted,0.003350938204675913
402,2,57-175km,v,blur_sigma0.5,melr,-0.0023038785438984632
402,2,57-175km,v,blur_sigma0.5,swd,0.0012532835826277733
402,3,114-359km,u,blur_sigma0.5,freq_l1,0.0006421360885724425
402,3,114-359km,u,blur_sigma0.5,freq_l1_unweighted,0.0007468749536201358
402,3,114-359km,u,blur_sigma0.5,melr,-0.00035175291122868657
402,3,114-359km,u,blur_sigma0.5,swd,0.0003624576493166387
402,3,114-359km,v,blur_sigma0.5,freq_l1,0.0006771170301362872
402,3,114-359km,v,blur_sigma0.5,freq_l1_unweighted,0.0007766734343022108
402,3,114-359km,v,blur_sigma0.5,melr,-0.0005235091084614396
402,3,114-359km,v,blur_sigma0.5,swd,0.0004272191727068275
402,4,>325km,u,blur_sigma0.5,freq_l1,4.461620846996084e-05
402,4,>325km,u,blur_sigma0.5,freq_l1_unweighted,4.834927312913351e-05
402,4,>325km,u,blur_sigma0.5,melr,-5.585007602348924e-05
402,4,>325km,u,blur_sigma0.5,swd,0.00018005084712058306
402,4,>325km,v,blur_sigma0.5,freq_l1,7.486225513275713e-05
402,4,>325km,v,blur_sigma0.5,freq_l1_unweighted,7.580119563499466e-05
402,4,>325km,v,blur_sigma0.5,melr,-9.681400842964649e-05
402,4,>325km,v,blur_sigma0.5,swd,0.00027044268790632486
402,0,6-25km,u,blur_sigma1,freq_l1,0.08861898630857468
402,0,6-25km,u,blur_sigma1,freq_l1_unweighted,0.1767236292362213
402,0,6-25km,u,blur_sigma1,melr,-0.17494617402553558
402,0,6-25km,u,blur_sigma1,swd,0.09972792118787766
402,0,6-25km,v,blur_sigma1,freq_l1,0.08972577005624771
402,0,6-25km,v,blur_sigma1,freq_l1_unweighted,0.16789717972278595
402,0,6-25km,v,blur_sigma1,melr,-0.19065821170806885
402,0,6-25km,v,blur_sigma1,swd,0.10007008165121078
402,1,28-86km,u,blur_sigma1,freq_l1,0.0382404550909996
402,1,28-86km,u,blur_sigma1,freq_l1_unweighted,0.05447652190923691
402,1,28-86km,u,blur_sigma1,melr,-0.03568224236369133
402,1,28-86km,u,blur_sigma1,swd,0.01571463607251644
402,1,28-86km,v,blur_sigma1,freq_l1,0.03779877349734306
402,1,28-86km,v,blur_sigma1,freq_l1_unweighted,0.05427701026201248
402,1,28-86km,v,blur_sigma1,melr,-0.04388341307640076
402,1,28-86km,v,blur_sigma1,swd,0.015665126964449883
402,2,57-175km,u,blur_sigma1,freq_l1,0.011295347474515438
402,2,57-175km,u,blur_sigma1,freq_l1_unweighted,0.014273732900619507
402,2,57-175km,u,blur_sigma1,melr,-0.007967271842062473
402,2,57-175km,u,blur_sigma1,swd,0.004696608986705542
402,2,57-175km,v,blur_sigma1,freq_l1,0.011956801638007164
402,2,57-175km,v,blur_sigma1,freq_l1_unweighted,0.014875292778015137
402,2,57-175km,v,blur_sigma1,melr,-0.01052321121096611
402,2,57-175km,v,blur_sigma1,swd,0.0051843151450157166
402,3,114-359km,u,blur_sigma1,freq_l1,0.00284810783341527
402,3,114-359km,u,blur_sigma1,freq_l1_unweighted,0.00332646444439888
402,3,114-359km,u,blur_sigma1,melr,-0.0016387574141845107
402,3,114-359km,u,blur_sigma1,swd,0.0014333853032439947
402,3,114-359km,v,blur_sigma1,freq_l1,0.0029456899501383305
402,3,114-359km,v,blur_sigma1,freq_l1_unweighted,0.0033974156249314547
402,3,114-359km,v,blur_sigma1,melr,-0.002419243799522519
402,3,114-359km,v,blur_sigma1,swd,0.0016335161635652184
402,4,>325km,u,blur_sigma1,freq_l1,0.00019089094712398946
402,4,>325km,u,blur_sigma1,freq_l1_unweighted,0.00020980807312298566
402,4,>325km,u,blur_sigma1,melr,-0.00026744394563138485
402,4,>325km,u,blur_sigma1,swd,0.0007463619695045054
402,4,>325km,v,blur_sigma1,freq_l1,0.0003152569697704166
402,4,>325km,v,blur_sigma1,freq_l1_unweighted,0.00032106012804433703
402,4,>325km,v,blur_sigma1,melr,-0.0004460167547222227
402,4,>325km,v,blur_sigma1,swd,0.0007696878747083247
402,0,6-25km,u,blur_sigma2,freq_l1,0.14279453456401825
402,0,6-25km,u,blur_sigma2,freq_l1_unweighted,0.30202239751815796
402,0,6-25km,u,blur_sigma2,melr,-0.27492019534111023
402,0,6-25km,u,blur_sigma2,swd,0.17901267111301422
402,0,6-25km,v,blur_sigma2,freq_l1,0.14289669692516327
402,0,6-25km,v,blur_sigma2,freq_l1_unweighted,0.28569814562797546
402,0,6-25km,v,blur_sigma2,melr,-0.3166860044002533
402,0,6-25km,v,blur_sigma2,swd,0.1790146380662918
402,1,28-86km,u,blur_sigma2,freq_l1,0.10923024266958237
402,1,28-86km,u,blur_sigma2,freq_l1_unweighted,0.1612442284822464
402,1,28-86km,u,blur_sigma2,melr,-0.10432808101177216
402,1,28-86km,u,blur_sigma2,swd,0.048639606684446335
402,1,28-86km,v,blur_sigma2,freq_l1,0.10843844711780548
402,1,28-86km,v,blur_sigma2,freq_l1_unweighted,0.1613597720861435
402,1,28-86km,v,blur_sigma2,melr,-0.13376791775226593
402,1,28-86km,v,blur_sigma2,swd,0.04826003313064575
402,2,57-175km,u,blur_sigma2,freq_l1,0.04008829593658447
402,2,57-175km,u,blur_sigma2,freq_l1_unweighted,0.051222383975982666
402,2,57-175km,u,blur_sigma2,melr,-0.029180437326431274
402,2,57-175km,u,blur_sigma2,swd,0.016278591006994247
402,2,57-175km,v,blur_sigma2,freq_l1,0.042332723736763
402,2,57-175km,v,blur_sigma2,freq_l1_unweighted,0.05318070575594902
402,2,57-175km,v,blur_sigma2,melr,-0.03904422000050545
402,2,57-175km,v,blur_sigma2,swd,0.01883220300078392
402,3,114-359km,u,blur_sigma2,freq_l1,0.010613720864057541
402,3,114-359km,u,blur_sigma2,freq_l1_unweighted,0.01244150660932064
402,3,114-359km,u,blur_sigma2,melr,-0.006500564515590668
402,3,114-359km,u,blur_sigma2,swd,0.006046419031918049
402,3,114-359km,v,blur_sigma2,freq_l1,0.010735588148236275
402,3,114-359km,v,blur_sigma2,freq_l1_unweighted,0.012554359622299671
402,3,114-359km,v,blur_sigma2,melr,-0.009507189504802227
402,3,114-359km,v,blur_sigma2,swd,0.00565036665648222
402,4,>325km,u,blur_sigma2,freq_l1,0.0006769881001673639
402,4,>325km,u,blur_sigma2,freq_l1_unweighted,0.0007693130755797029
402,4,>325km,u,blur_sigma2,melr,-0.001097925123758614
402,4,>325km,u,blur_sigma2,swd,0.0022245319560170174
402,4,>325km,v,blur_sigma2,freq_l1,0.0011104668956249952
402,4,>325km,v,blur_sigma2,freq_l1_unweighted,0.0011541509302332997
402,4,>325km,v,blur_sigma2,melr,-0.0018073568353429437
402,4,>325km,v,blur_sigma2,swd,0.002807063050568104
428,0,6-25km,u,shift_2px,freq_l1,0.5801319479942322
428,0,6-25km,u,shift_2px,freq_l1_unweighted,1.0793863534927368
428,0,6-25km,u,shift_2px,melr,2.353269756838472e-08
428,0,6-25km,u,shift_2px,swd,0.05007138475775719
428,0,6-25km,v,shift_2px,freq_l1,0.471498042345047
428,0,6-25km,v,shift_2px,freq_l1_unweighted,0.8400363922119141
428,0,6-25km,v,shift_2px,melr,2.8827553677501783e-08
428,0,6-25km,v,shift_2px,swd,0.05269595980644226
428,1,28-86km,u,shift_2px,freq_l1,0.5403264760971069
428,1,28-86km,u,shift_2px,freq_l1_unweighted,0.7491740584373474
428,1,28-86km,u,shift_2px,melr,1.0001396155701059e-08
428,1,28-86km,u,shift_2px,swd,0.021756764501333237
428,1,28-86km,v,shift_2px,freq_l1,0.44485947489738464
428,1,28-86km,v,shift_2px,freq_l1_unweighted,0.6083186268806458
428,1,28-86km,v,shift_2px,melr,1.3531299636326821e-08
428,1,28-86km,v,shift_2px,swd,0.01734808087348938
428,2,57-175km,u,shift_2px,freq_l1,0.32865574955940247
428,2,57-175km,u,shift_2px,freq_l1_unweighted,0.4017305076122284
428,2,57-175km,u,shift_2px,melr,-2.9415885283157195e-09
428,2,57-175km,u,shift_2px,swd,0.014814365655183792
428,2,57-175km,v,shift_2px,freq_l1,0.2694108784198761
428,2,57-175km,v,shift_2px,freq_l1_unweighted,0.33145439624786377
428,2,57-175km,v,shift_2px,melr,2.3532684689797634e-09
428,2,57-175km,v,shift_2px,swd,0.013247880153357983
428,3,114-359km,u,shift_2px,freq_l1,0.18231040239334106
428,3,114-359km,u,shift_2px,freq_l1_unweighted,0.19914370775222778
428,3,114-359km,u,shift_2px,melr,-2.220446049250313e-15
428,3,114-359km,u,shift_2px,swd,0.0074317664839327335
428,3,114-359km,v,shift_2px,freq_l1,0.1407090425491333
428,3,114-359km,v,shift_2px,freq_l1_unweighted,0.15670031309127808
428,3,114-359km,v,shift_2px,melr,-9.413080981346411e-09
428,3,114-359km,v,shift_2px,swd,0.0061880359426140785
428,4,>325km,u,shift_2px,freq_l1,0.03101072460412979
428,4,>325km,u,shift_2px,freq_l1_unweighted,0.03476480022072792
428,4,>325km,u,shift_2px,melr,1.588456832735119e-08
428,4,>325km,u,shift_2px,swd,0.0092898178845644
428,4,>325km,v,shift_2px,freq_l1,0.026514442637562752
428,4,>325km,v,shift_2px,freq_l1_unweighted,0.030008351430296898
428,4,>325km,v,shift_2px,melr,8.236441750852919e-09
428,4,>325km,v,shift_2px,swd,0.0073248534463346004
428,0,6-25km,u,shift_3px,freq_l1,0.6637213230133057
428,0,6-25km,u,shift_3px,freq_l1_unweighted,1.157810926437378
428,0,6-25km,u,shift_3px,melr,2.2944380617673232e-08
428,0,6-25km,u,shift_3px,swd,0.054720859974622726
428,0,6-25km,v,shift_3px,freq_l1,0.521840512752533
428,0,6-25km,v,shift_3px,freq_l1_unweighted,0.8726791739463806
428,0,6-25km,v,shift_3px,melr,3.294577766155271e-08
428,0,6-25km,v,shift_3px,swd,0.04322529584169388
428,1,28-86km,u,shift_3px,freq_l1,0.7019267678260803
428,1,28-86km,u,shift_3px,freq_l1_unweighted,1.0257340669631958
428,1,28-86km,u,shift_3px,melr,2.2356061890604906e-08
428,1,28-86km,u,shift_3px,swd,0.02983541414141655
428,1,28-86km,v,shift_3px,freq_l1,0.5695229768753052
428,1,28-86km,v,shift_3px,freq_l1_unweighted,0.8283186554908752
428,1,28-86km,v,shift_3px,melr,1.764952273219933e-08
428,1,28-86km,v,shift_3px,swd,0.019865911453962326
428,2,57-175km,u,shift_3px,freq_l1,0.4729967415332794
428,2,57-175km,u,shift_3px,freq_l1_unweighted,0.5892061591148376
428,2,57-175km,u,shift_3px,melr,-7.059810958054413e-09
428,2,57-175km,u,shift_3px,swd,0.02047581784427166
428,2,57-175km,v,shift_3px,freq_l1,0.38532668352127075
428,2,57-175km,v,shift_3px,freq_l1_unweighted,0.48511379957199097
428,2,57-175km,v,shift_3px,melr,2.3532686910243683e-09
428,2,57-175km,v,shift_3px,swd,0.015283920802175999
428,3,114-359km,u,shift_3px,freq_l1,0.270609050989151
428,3,114-359km,u,shift_3px,freq_l1_unweighted,0.2971341907978058
428,3,114-359km,u,shift_3px,melr,-5.294860105919952e-09
428,3,114-359km,u,shift_3px,swd,0.008969173766672611
428,3,114-359km,v,shift_3px,freq_l1,0.20842428505420685
428,3,114-359km,v,shift_3px,freq_l1_unweighted,0.23363842070102692
428,3,114-359km,v,shift_3px,melr,-5.294859217741532e-09
428,3,114-359km,v,shift_3px,swd,0.008801222778856754
428,4,>325km,u,shift_3px,freq_l1,0.04656451568007469
428,4,>325km,u,shift_3px,freq_l1_unweighted,0.05211228132247925
428,4,>325km,u,shift_3px,melr,8.236440862674499e-09
428,4,>325km,u,shift_3px,swd,0.012458587065339088
428,4,>325km,v,shift_3px,freq_l1,0.03971336409449577
428,4,>325km,v,shift_3px,freq_l1_unweighted,0.044974032789468765
428,4,>325km,v,shift_3px,melr,1.1766329022222521e-09
428,4,>325km,v,shift_3px,swd,0.009344256483018398
428,0,6-25km,u,blur_sigma0.5,freq_l1,0.05073104053735733
428,0,6-25km,u,blur_sigma0.5,freq_l1_unweighted,0.09886705130338669
428,0,6-25km,u,blur_sigma0.5,melr,-0.0856349840760231
428,0,6-25km,u,blur_sigma0.5,swd,0.060111623257398605
428,0,6-25km,v,blur_sigma0.5,freq_l1,0.040940236300230026
428,0,6-25km,v,blur_sigma0.5,freq_l1_unweighted,0.07391846925020218
428,0,6-25km,v,blur_sigma0.5,melr,-0.08393070846796036
428,0,6-25km,v,blur_sigma0.5,swd,0.047701094299554825
428,1,28-86km,u,blur_sigma0.5,freq_l1,0.014350193552672863
428,1,28-86km,u,blur_sigma0.5,freq_l1_unweighted,0.020662283524870872
428,1,28-86km,u,blur_sigma0.5,melr,-0.011931884102523327
428,1,28-86km,u,blur_sigma0.5,swd,0.00615307642146945
428,1,28-86km,v,blur_sigma0.5,freq_l1,0.011348678730428219
428,1,28-86km,v,blur_sigma0.5,freq_l1_unweighted,0.016066256910562515
428,1,28-86km,v,blur_sigma0.5,melr,-0.012393367476761341
428,1,28-86km,v,blur_sigma0.5,swd,0.004755663685500622
428,2,57-175km,u,blur_sigma0.5,freq_l1,0.003723984817042947
428,2,57-175km,u,blur_sigma0.5,freq_l1_unweighted,0.004802119452506304
428,2,57-175km,u,blur_sigma0.5,melr,-0.002388034714385867
428,2,57-175km,u,blur_sigma0.5,swd,0.0016391132958233356
428,2,57-175km,v,blur_sigma0.5,freq_l1,0.0029531943146139383
428,2,57-175km,v,blur_sigma0.5,freq_l1_unweighted,0.003896472742781043
428,2,57-175km,v,blur_sigma0.5,melr,-0.0027749696746468544
428,2,57-175km,v,blur_sigma0.5,swd,0.001279519172385335
428,3,114-359km,u,blur_sigma0.5,freq_l1,0.0008992705843411386
428,3,114-359km,u,blur_sigma0.5,freq_l1_unweighted,0.0011057419469580054
428,3,114-359km,u,blur_sigma0.5,melr,-0.0005996268591843545
428,3,114-359km,u,blur_sigma0.5,swd,0.00047556281788274646
428,3,114-359km,v,blur_sigma0.5,freq_l1,0.0007132820901460946
428,3,114-359km,v,blur_sigma0.5,freq_l1_unweighted,0.0008924855501390994
428,3,114-359km,v,blur_sigma0.5,melr,-0.0006721866084262729
428,3,114-359km,v,blur_sigma0.5,swd,0.00041116628563031554
428,4,>325km,u,blur_sigma0.5,freq_l1,7.337423448916525e-05
428,4,>325km,u,blur_sigma0.5,freq_l1_unweighted,8.25265160528943e-05
428,4,>325km,u,blur_sigma0.5,melr,-3.966052827308886e-05
428,4,>325km,u,blur_sigma0.5,swd,0.0002185745252063498
428,4,>325km,v,blur_sigma0.5,freq_l1,6.241328810574487e-05
428,4,>325km,v,blur_sigma0.5,freq_l1_unweighted,7.286098116310313e-05
428,4,>325km,v,blur_sigma0.5,melr,-7.10817621438764e-05
428,4,>325km,v,blur_sigma0.5,swd,0.00023138227697927505
428,0,6-25km,u,blur_sigma1,freq_l1,0.15245260298252106
428,0,6-25km,u,blur_sigma1,freq_l1_unweighted,0.3089003264904022
428,0,6-25km,u,blur_sigma1,melr,-0.26526400446891785
428,0,6-25km,u,blur_sigma1,swd,0.18825574219226837
428,0,6-25km,v,blur_sigma1,freq_l1,0.12305037677288055
428,0,6-25km,v,blur_sigma1,freq_l1_unweighted,0.23244786262512207
428,0,6-25km,v,blur_sigma1,melr,-0.2682356536388397
428,0,6-25km,v,blur_sigma1,swd,0.14458589255809784
428,1,28-86km,u,blur_sigma1,freq_l1,0.060130342841148376
428,1,28-86km,u,blur_sigma1,freq_l1_unweighted,0.08756786584854126
428,1,28-86km,u,blur_sigma1,melr,-0.05099134147167206
428,1,28-86km,u,blur_sigma1,swd,0.02477003075182438
428,1,28-86km,v,blur_sigma1,freq_l1,0.04752908647060394
428,1,28-86km,v,blur_sigma1,freq_l1_unweighted,0.06816715747117996
428,1,28-86km,v,blur_sigma1,melr,-0.053292132914066315
428,1,28-86km,v,blur_sigma1,swd,0.01927526667714119
428,2,57-175km,u,blur_sigma1,freq_l1,0.016573794186115265
428,2,57-175km,u,blur_sigma1,freq_l1_unweighted,0.02144421450793743
428,2,57-175km,u,blur_sigma1,melr,-0.010829792357981205
428,2,57-175km,u,blur_sigma1,swd,0.006952082272619009
428,2,57-175km,v,blur_sigma1,freq_l1,0.013155128806829453
428,2,57-175km,v,blur_sigma1,freq_l1_unweighted,0.01744573563337326
428,2,57-175km,v,blur_sigma1,melr,-0.01262019295245409
428,2,57-175km,v,blur_sigma1,swd,0.006084909662604332
428,3,114-359km,u,blur_sigma1,freq_l1,0.003982614725828171
428,3,114-359km,u,blur_sigma1,freq_l1_unweighted,0.004927498288452625
428,3,114-359km,u,blur_sigma1,melr,-0.002761783543974161
428,3,114-359km,u,blur_sigma1,swd,0.002449644962325692
428,3,114-359km,v,blur_sigma1,freq_l1,0.0031824952457100153
428,3,114-359km,v,blur_sigma1,freq_l1_unweighted,0.004012726247310638
428,3,114-359km,v,blur_sigma1,melr,-0.0031009376980364323
428,3,114-359km,v,blur_sigma1,swd,0.0018875495297834277
428,4,>325km,u,blur_sigma1,freq_l1,0.0003087606455665082
428,4,>325km,u,blur_sigma1,freq_l1_unweighted,0.0003527321678120643
428,4,>325km,u,blur_sigma1,melr,-0.00019600801169872284
428,4,>325km,u,blur_sigma1,swd,0.0008374087628908455
428,4,>325km,v,blur_sigma1,freq_l1,0.0002649622329045087
428,4,>325km,v,blur_sigma1,freq_l1_unweighted,0.00031339528504759073
428,4,>325km,v,blur_sigma1,melr,-0.0003151530399918556
428,4,>325km,v,blur_sigma1,swd,0.0006810810882598162
428,0,6-25km,u,blur_sigma2,freq_l1,0.24195294082164764
428,0,6-25km,u,blur_sigma2,freq_l1_unweighted,0.5168289542198181
428,0,6-25km,u,blur_sigma2,melr,-0.4374444782733917
428,0,6-25km,u,blur_sigma2,swd,0.32124000787734985
428,0,6-25km,v,blur_sigma2,freq_l1,0.19344934821128845
428,0,6-25km,v,blur_sigma2,freq_l1_unweighted,0.3903053402900696
428,0,6-25km,v,blur_sigma2,melr,-0.45830008387565613
428,0,6-25km,v,blur_sigma2,swd,0.25714629888534546
428,1,28-86km,u,blur_sigma2,freq_l1,0.17012043297290802
428,1,28-86km,u,blur_sigma2,freq_l1_unweighted,0.25758489966392517
428,1,28-86km,u,blur_sigma2,melr,-0.15375059843063354
428,1,28-86km,u,blur_sigma2,swd,0.07216331362724304
428,1,28-86km,v,blur_sigma2,freq_l1,0.13443967700004578
428,1,28-86km,v,blur_sigma2,freq_l1_unweighted,0.2013942301273346
428,1,28-86km,v,blur_sigma2,melr,-0.16402065753936768
428,1,28-86km,v,blur_sigma2,swd,0.06167376786470413
428,2,57-175km,u,blur_sigma2,freq_l1,0.05858353525400162
428,2,57-175km,u,blur_sigma2,freq_l1_unweighted,0.07683581858873367
428,2,57-175km,u,blur_sigma2,melr,-0.039647914469242096
428,2,57-175km,u,blur_sigma2,swd,0.024568606168031693
428,2,57-175km,v,blur_sigma2,freq_l1,0.046612367033958435
428,2,57-175km,v,blur_sigma2,freq_l1_unweighted,0.06276725977659225
428,2,57-175km,v,blur_sigma2,melr,-0.046568047255277634
428,2,57-175km,v,blur_sigma2,swd,0.024003449827432632
428,3,114-359km,u,blur_sigma2,freq_l1,0.014880315400660038
428,3,114-359km,u,blur_sigma2,freq_l1_unweighted,0.01855836622416973
428,3,114-359km,u,blur_sigma2,melr,-0.010726490058004856
428,3,114-359km,u,blur_sigma2,swd,0.0084146149456501
428,3,114-359km,v,blur_sigma2,freq_l1,0.011982131749391556
428,3,114-359km,v,blur_sigma2,freq_l1_unweighted,0.015267664566636086
428,3,114-359km,v,blur_sigma2,melr,-0.012139003723859787
428,3,114-359km,v,blur_sigma2,swd,0.0077103544026613235
428,4,>325km,u,blur_sigma2,freq_l1,0.0010882857022807002
428,4,>325km,u,blur_sigma2,freq_l1_unweighted,0.001270556589588523
428,4,>325km,u,blur_sigma2,melr,-0.0008271369733847678
428,4,>325km,u,blur_sigma2,swd,0.0030851056799292564
428,4,>325km,v,blur_sigma2,freq_l1,0.0009634988964535296
428,4,>325km,v,blur_sigma2,freq_l1_unweighted,0.001157738734036684
428,4,>325km,v,blur_sigma2,melr,-0.0012139726895838976
428,4,>325km,v,blur_sigma2,swd,0.003020543372258544
85,0,6-25km,u,shift_2px,freq_l1,0.3991018831729889
85,0,6-25km,u,shift_2px,freq_l1_unweighted,0.7934703230857849
85,0,6-25km,u,shift_2px,melr,6.902924098994845e-08
85,0,6-25km,u,shift_2px,swd,0.060544203966856
85,0,6-25km,v,shift_2px,freq_l1,0.4228684604167938
85,0,6-25km,v,shift_2px,freq_l1_unweighted,0.8302400708198547
85,0,6-25km,v,shift_2px,melr,5.1771934295175015e-08
85,0,6-25km,v,shift_2px,swd,0.0742141604423523
85,1,28-86km,u,shift_2px,freq_l1,0.4251822531223297
85,1,28-86km,u,shift_2px,freq_l1_unweighted,0.6519817113876343
85,1,28-86km,u,shift_2px,melr,1.7257308471130273e-08
85,1,28-86km,u,shift_2px,swd,0.029664261266589165
85,1,28-86km,v,shift_2px,freq_l1,0.4307619631290436
85,1,28-86km,v,shift_2px,freq_l1_unweighted,0.6591115593910217
85,1,28-86km,v,shift_2px,melr,1.7257308471130273e-08
85,1,28-86km,v,shift_2px,swd,0.034095779061317444
85,2,57-175km,u,shift_2px,freq_l1,0.2769211232662201
85,2,57-175km,u,shift_2px,freq_l1_unweighted,0.3939953148365021
85,2,57-175km,u,shift_2px,melr,-4.314328005960988e-09
85,2,57-175km,u,shift_2px,swd,0.02445090375840664
85,2,57-175km,v,shift_2px,freq_l1,0.2718893885612488
85,2,57-175km,v,shift_2px,freq_l1_unweighted,0.378766268491745
85,2,57-175km,v,shift_2px,melr,-4.314330226407037e-09
85,2,57-175km,v,shift_2px,swd,0.022278092801570892
85,3,114-359km,u,shift_2px,freq_l1,0.15128196775913239
85,3,114-359km,u,shift_2px,freq_l1_unweighted,0.2000565379858017
85,3,114-359km,u,shift_2px,melr,8.628656011921976e-09
85,3,114-359km,u,shift_2px,swd,0.013138758949935436
85,3,114-359km,v,shift_2px,freq_l1,0.1613045185804367
85,3,114-359km,v,shift_2px,freq_l1_unweighted,0.20984995365142822
85,3,114-359km,v,shift_2px,melr,4.314327561871778e-09
85,3,114-359km,v,shift_2px,swd,0.013221967034041882
85,4,>325km,u,shift_2px,freq_l1,0.03208350017666817
85,4,>325km,u,shift_2px,freq_l1_unweighted,0.036660149693489075
85,4,>325km,u,shift_2px,melr,-2.5885972476658026e-08
85,4,>325km,u,shift_2px,swd,0.014343854039907455
85,4,>325km,v,shift_2px,freq_l1,0.034647729247808456
85,4,>325km,v,shift_2px,freq_l1_unweighted,0.04716940224170685
85,4,>325km,v,shift_2px,melr,3.0200293821280866e-08
85,4,>325km,v,shift_2px,swd,0.013324792496860027
85,0,6-25km,u,shift_3px,freq_l1,0.4523911476135254
85,0,6-25km,u,shift_3px,freq_l1_unweighted,0.8584523797035217
85,0,6-25km,u,shift_3px,melr,7.765789433733516e-08
85,0,6-25km,u,shift_3px,swd,0.06405015289783478
85,0,6-25km,v,shift_3px,freq_l1,0.4739365875720978
85,0,6-25km,v,shift_3px,freq_l1_unweighted,0.8771169185638428
85,0,6-25km,v,shift_3px,melr,4.314327739507462e-08
85,0,6-25km,v,shift_3px,swd,0.0650349035859108
85,1,28-86km,u,shift_3px,freq_l1,0.5519348382949829
85,1,28-86km,u,shift_3px,freq_l1_unweighted,0.8971757888793945
85,1,28-86km,u,shift_3px,melr,3.45146240476879e-08
85,1,28-86km,u,shift_3px,swd,0.037241511046886444
85,1,28-86km,v,shift_3px,freq_l1,0.5573976039886475
85,1,28-86km,v,shift_3px,freq_l1_unweighted,0.9033797383308411
85,1,28-86km,v,shift_3px,melr,2.5885967147587507e-08
85,1,28-86km,v,shift_3px,swd,0.035009779036045074
85,2,57-175km,u,shift_3px,freq_l1,0.39800581336021423
85,2,57-175km,u,shift_3px,freq_l1_unweighted,0.5781446099281311
85,2,57-175km,u,shift_3px,melr,-4.314328005960988e-09
85,2,57-175km,u,shift_3px,swd,0.02913559600710869
85,2,57-175km,v,shift_3px,freq_l1,0.3908632695674896
85,2,57-175km,v,shift_3px,freq_l1_unweighted,0.5557759404182434
85,2,57-175km,v,shift_3px,melr,4.314327561871778e-09
85,2,57-175km,v,shift_3px,swd,0.022905297577381134
85,3,114-359km,u,shift_3px,freq_l1,0.2245732992887497
85,3,114-359km,u,shift_3px,freq_l1_unweighted,0.2983578145503998
85,3,114-359km,u,shift_3px,melr,8.628656011921976e-09
85,3,114-359km,u,shift_3px,swd,0.019778793677687645
85,3,114-359km,v,shift_3px,freq_l1,0.2402118593454361
85,3,114-359km,v,shift_3px,freq_l1_unweighted,0.31313860416412354
85,3,114-359km,v,shift_3px,melr,-5.921189641132699e-16
85,3,114-359km,v,shift_3px,swd,0.018832188099622726
85,4,>325km,u,shift_3px,freq_l1,0.04822496697306633
85,4,>325km,u,shift_3px,freq_l1_unweighted,0.0549519918859005
85,4,>325km,u,shift_3px,melr,-1.2942988014685852e-08
85,4,>325km,u,shift_3px,swd,0.01834164187312126
85,4,>325km,v,shift_3px,freq_l1,0.05207670107483864
85,4,>325km,v,shift_3px,freq_l1_unweighted,0.07069984078407288
85,4,>325km,v,shift_3px,melr,8.628652459208297e-09
85,4,>325km,v,shift_3px,swd,0.018147386610507965
85,0,6-25km,u,blur_sigma0.5,freq_l1,0.031101005151867867
85,0,6-25km,u,blur_sigma0.5,freq_l1_unweighted,0.0513092577457428
85,0,6-25km,u,blur_sigma0.5,melr,-0.029918454587459564
85,0,6-25km,u,blur_sigma0.5,swd,0.027442192658782005
85,0,6-25km,v,blur_sigma0.5,freq_l1,0.03572012111544609
85,0,6-25km,v,blur_sigma0.5,freq_l1_unweighted,0.05996007099747658
85,0,6-25km,v,blur_sigma0.5,melr,-0.031566180288791656
85,0,6-25km,v,blur_sigma0.5,swd,0.03620312735438347
85,1,28-86km,u,blur_sigma0.5,freq_l1,0.009994042105972767
85,1,28-86km,u,blur_sigma0.5,freq_l1_unweighted,0.014014598913490772
85,1,28-86km,u,blur_sigma0.5,melr,-0.0062420554459095
85,1,28-86km,u,blur_sigma0.5,swd,0.0038435878232121468
85,1,28-86km,v,blur_sigma0.5,freq_l1,0.010377061553299427
85,1,28-86km,v,blur_sigma0.5,freq_l1_unweighted,0.01436518132686615
85,1,28-86km,v,blur_sigma0.5,melr,-0.006120459642261267
85,1,28-86km,v,blur_sigma0.5,swd,0.004468119237571955
85,2,57-175km,u,blur_sigma0.5,freq_l1,0.002813520608469844
85,2,57-175km,u,blur_sigma0.5,freq_l1_unweighted,0.003711477853357792
85,2,57-175km,u,blur_sigma0.5,melr,-0.001570007181726396
85,2,57-175km,u,blur_sigma0.5,swd,0.0012309119338169694
85,2,57-175km,v,blur_sigma0.5,freq_l1,0.0028285894077271223
85,2,57-175km,v,blur_sigma0.5,freq_l1_unweighted,0.0036696922034025192
85,2,57-175km,v,blur_sigma0.5,melr,-0.0013164259726181626
85,2,57-175km,v,blur_sigma0.5,swd,0.0012125864159315825
85,3,114-359km,u,blur_sigma0.5,freq_l1,0.0007098356727510691
85,3,114-359km,u,blur_sigma0.5,freq_l1_unweighted,0.0008855817723087966
85,3,114-359km,u,blur_sigma0.5,melr,-0.00044172373600304127
85,3,114-359km,u,blur_sigma0.5,swd,0.00042212908738292754
85,3,114-359km,v,blur_sigma0.5,freq_l1,0.0007514493190683424
85,3,114-359km,v,blur_sigma0.5,freq_l1_unweighted,0.0009568135719746351
85,3,114-359km,v,blur_sigma0.5,melr,-0.00041737291030585766
85,3,114-359km,v,blur_sigma0.5,swd,0.0004431477573234588
85,4,>325km,u,blur_sigma0.5,freq_l1,5.760024578194134e-05
85,4,>325km,u,blur_sigma0.5,freq_l1_unweighted,6.341283005895093e-05
85,4,>325km,u,blur_sigma0.5,melr,-2.8527952963486314e-05
85,4,>325km,u,blur_sigma0.5,swd,0.00024538059369660914
85,4,>325km,v,blur_sigma0.5,freq_l1,7.790752715663984e-05
85,4,>325km,v,blur_sigma0.5,freq_l1_unweighted,8.701926708454266e-05
85,4,>325km,v,blur_sigma0.5,melr,-7.809264275238093e-07
85,4,>325km,v,blur_sigma0.5,swd,0.00032420188654214144
85,0,6-25km,u,blur_sigma1,freq_l1,0.09557381272315979
85,0,6-25km,u,blur_sigma1,freq_l1_unweighted,0.1643552929162979
85,0,6-25km,u,blur_sigma1,melr,-0.08968174457550049
85,0,6-25km,u,blur_sigma1,swd,0.08529238402843475
85,0,6-25km,v,blur_sigma1,freq_l1,0.10728168487548828
85,0,6-25km,v,blur_sigma1,freq_l1_unweighted,0.1879371553659439
85,0,6-25km,v,blur_sigma1,melr,-0.09171400219202042
85,0,6-25km,v,blur_sigma1,swd,0.11255844682455063
85,1,28-86km,u,blur_sigma1,freq_l1,0.04214893653988838
85,1,28-86km,u,blur_sigma1,freq_l1_unweighted,0.05964729189872742
85,1,28-86km,u,blur_sigma1,melr,-0.026535989716649055
85,1,28-86km,u,blur_sigma1,swd,0.015832966193556786
85,1,28-86km,v,blur_sigma1,freq_l1,0.043696776032447815
85,1,28-86km,v,blur_sigma1,freq_l1_unweighted,0.06099635735154152
85,1,28-86km,v,blur_sigma1,melr,-0.025781437754631042
85,1,28-86km,v,blur_sigma1,swd,0.01707269251346588
85,2,57-175km,u,blur_sigma1,freq_l1,0.01257011666893959
85,2,57-175km,u,blur_sigma1,freq_l1_unweighted,0.016598932445049286
85,2,57-175km,u,blur_sigma1,melr,-0.007151035591959953
85,2,57-175km,u,blur_sigma1,swd,0.00521062733605504
85,2,57-175km,v,blur_sigma1,freq_l1,0.012596949934959412
85,2,57-175km,v,blur_sigma1,freq_l1_unweighted,0.016308872029185295
85,2,57-175km,v,blur_sigma1,melr,-0.005880525801330805
85,2,57-175km,v,blur_sigma1,swd,0.00504046818241477
85,3,114-359km,u,blur_sigma1,freq_l1,0.0031868733931332827
85,3,114-359km,u,blur_sigma1,freq_l1_unweighted,0.003976746927946806
85,3,114-359km,u,blur_sigma1,melr,-0.002056770259514451
85,3,114-359km,u,blur_sigma1,swd,0.0019104823004454374
85,3,114-359km,v,blur_sigma1,freq_l1,0.0033274556044489145
85,3,114-359km,v,blur_sigma1,freq_l1_unweighted,0.004216594155877829
85,3,114-359km,v,blur_sigma1,melr,-0.001878294046036899
85,3,114-359km,v,blur_sigma1,swd,0.001868335879407823
85,4,>325km,u,blur_sigma1,freq_l1,0.0002429637243039906
85,4,>325km,u,blur_sigma1,freq_l1_unweighted,0.00026867224369198084
85,4,>325km,u,blur_sigma1,melr,-0.00013958443014416844
85,4,>325km,u,blur_sigma1,swd,0.0007630876498296857
85,4,>325km,v,blur_sigma1,freq_l1,0.0003311885811854154
85,4,>325km,v,blur_sigma1,freq_l1_unweighted,0.00036832771729677916
85,4,>325km,v,blur_sigma1,melr,-2.1788560843560845e-05
85,4,>325km,v,blur_sigma1,swd,0.0011496397200971842
85,0,6-25km,u,blur_sigma2,freq_l1,0.15992479026317596
85,0,6-25km,u,blur_sigma2,freq_l1_unweighted,0.2951289117336273
85,0,6-25km,u,blur_sigma2,melr,-0.1513175517320633
85,0,6-25km,u,blur_sigma2,swd,0.15890996158123016
85,0,6-25km,v,blur_sigma2,freq_l1,0.17096422612667084
85,0,6-25km,v,blur_sigma2,freq_l1_unweighted,0.32148388028144836
85,0,6-25km,v,blur_sigma2,melr,-0.1486419439315796
85,0,6-25km,v,blur_sigma2,swd,0.1917516142129898
85,1,28-86km,u,blur_sigma2,freq_l1,0.12179840356111526
85,1,28-86km,u,blur_sigma2,freq_l1_unweighted,0.17872048914432526
85,1,28-86km,u,blur_sigma2,melr,-0.07969840615987778
85,1,28-86km,u,blur_sigma2,swd,0.05266266688704491
85,1,28-86km,v,blur_sigma2,freq_l1,0.12568719685077667
85,1,28-86km,v,blur_sigma2,freq_l1_unweighted,0.18165849149227142
85,1,28-86km,v,blur_sigma2,melr,-0.07549148052930832
85,1,28-86km,v,blur_sigma2,swd,0.05416964739561081
85,2,57-175km,u,blur_sigma2,freq_l1,0.044780880212783813
85,2,57-175km,u,blur_sigma2,freq_l1_unweighted,0.05973002687096596
85,2,57-175km,u,blur_sigma2,melr,-0.026404576376080513
85,2,57-175km,u,blur_sigma2,swd,0.019507206976413727
85,2,57-175km,v,blur_sigma2,freq_l1,0.044747184962034225
85,2,57-175km,v,blur_sigma2,freq_l1_unweighted,0.05818057432770729
85,2,57-175km,v,blur_sigma2,melr,-0.021062349900603294
85,2,57-175km,v,blur_sigma2,swd,0.01926516741514206
85,3,114-359km,u,blur_sigma2,freq_l1,0.012086543254554272
85,3,114-359km,u,blur_sigma2,freq_l1_unweighted,0.015131735242903233
85,3,114-359km,u,blur_sigma2,melr,-0.008083514869213104
85,3,114-359km,u,blur_sigma2,swd,0.005953919608145952
85,3,114-359km,v,blur_sigma2,freq_l1,0.012421906925737858
85,3,114-359km,v,blur_sigma2,freq_l1_unweighted,0.01562962308526039
85,3,114-359km,v,blur_sigma2,melr,-0.007103860378265381
85,3,114-359km,v,blur_sigma2,swd,0.006498341914266348
85,4,>325km,u,blur_sigma2,freq_l1,0.0008663316839374602
85,4,>325km,u,blur_sigma2,freq_l1_unweighted,0.0009663986857049167
85,4,>325km,u,blur_sigma2,melr,-0.0005710882251150906
85,4,>325km,u,blur_sigma2,swd,0.0021377410739660263
85,4,>325km,v,blur_sigma2,freq_l1,0.0011755455052480102
85,4,>325km,v,blur_sigma2,freq_l1_unweighted,0.0013089333660900593
85,4,>325km,v,blur_sigma2,melr,-0.00018077112326864153
85,4,>325km,v,blur_sigma2,swd,0.003633181331679225
16,0,6-25km,u,shift_2px,freq_l1,0.40786874294281006
16,0,6-25km,u,shift_2px,freq_l1_unweighted,0.7033652067184448
16,0,6-25km,u,shift_2px,melr,3.9824563202728314e-08
16,0,6-25km,u,shift_2px,swd,0.031286872923374176
16,0,6-25km,v,shift_2px,freq_l1,0.4380359351634979
16,0,6-25km,v,shift_2px,freq_l1_unweighted,0.867618203163147
16,0,6-25km,v,shift_2px,melr,1.9912279825007317e-08
16,0,6-25km,v,shift_2px,swd,0.05927595496177673
16,1,28-86km,u,shift_2px,freq_l1,0.43180280923843384
16,1,28-86km,u,shift_2px,freq_l1_unweighted,0.6049068570137024
16,1,28-86km,u,shift_2px,melr,2.3894738632179724e-08
16,1,28-86km,u,shift_2px,swd,0.01396242156624794
16,1,28-86km,v,shift_2px,freq_l1,0.5069140791893005
16,1,28-86km,v,shift_2px,freq_l1_unweighted,0.7927383780479431
16,1,28-86km,v,shift_2px,melr,9.956140800682078e-09
16,1,28-86km,v,shift_2px,swd,0.027131404727697372
16,2,57-175km,u,shift_2px,freq_l1,0.2754511535167694
16,2,57-175km,u,shift_2px,freq_l1_unweighted,0.3599199652671814
16,2,57-175km,u,shift_2px,melr,-1.991230513809228e-09
16,2,57-175km,u,shift_2px,swd,0.00996517576277256
16,2,57-175km,v,shift_2px,freq_l1,0.3668624460697174
16,2,57-175km,v,shift_2px,freq_l1_unweighted,0.5233805179595947
16,2,57-175km,v,shift_2px,melr,-3.982456586726357e-09
16,2,57-175km,v,shift_2px,swd,0.019122982397675514
16,3,114-359km,u,shift_2px,freq_l1,0.1449076235294342
16,3,114-359km,u,shift_2px,freq_l1_unweighted,0.1799032837152481
16,3,114-359km,u,shift_2px,melr,3.982456586726357e-09
16,3,114-359km,u,shift_2px,swd,0.007207453716546297
16,3,114-359km,v,shift_2px,freq_l1,0.20491942763328552
16,3,114-359km,v,shift_2px,freq_l1_unweighted,0.26591840386390686
16,3,114-359km,v,shift_2px,melr,-3.9824588071724065e-09
16,3,114-359km,v,shift_2px,swd,0.010494654066860676
16,4,>325km,u,shift_2px,freq_l1,0.028983045369386673
16,4,>325km,u,shift_2px,freq_l1_unweighted,0.03385801240801811
16,4,>325km,u,shift_2px,melr,9.956139024325239e-09
16,4,>325km,u,shift_2px,swd,0.009820590727031231
16,4,>325km,v,shift_2px,freq_l1,0.03855051100254059
16,4,>325km,v,shift_2px,freq_l1_unweighted,0.043121933937072754
16,4,>325km,v,shift_2px,melr,-1.3938601384211324e-08
16,4,>325km,v,shift_2px,swd,0.01037763524800539
16,0,6-25km,u,shift_3px,freq_l1,0.4549245238304138
16,0,6-25km,u,shift_3px,freq_l1_unweighted,0.7644604444503784
16,0,6-25km,u,shift_3px,melr,4.380702023354388e-08
16,0,6-25km,u,shift_3px,swd,0.031654778867959976
16,0,6-25km,v,shift_3px,freq_l1,0.5017345547676086
16,0,6-25km,v,shift_3px,freq_l1_unweighted,0.9466531276702881
16,0,6-25km,v,shift_3px,melr,3.9824563202728314e-08
16,0,6-25km,v,shift_3px,swd,0.05777784809470177
16,1,28-86km,u,shift_3px,freq_l1,0.5610218644142151
16,1,28-86km,u,shift_3px,freq_l1_unweighted,0.8307342529296875
16,1,28-86km,u,shift_3px,melr,2.787719566299529e-08
16,1,28-86km,u,shift_3px,swd,0.017150986939668655
16,1,28-86km,v,shift_3px,freq_l1,0.6651601791381836
16,1,28-86km,v,shift_3px,freq_l1_unweighted,1.0959347486495972
16,1,28-86km,v,shift_3px,melr,3.185965269381086e-08
16,1,28-86km,v,shift_3px,swd,0.03046039678156376
16,2,57-175km,u,shift_3px,freq_l1,0.39497897028923035
16,2,57-175km,u,shift_3px,freq_l1_unweighted,0.526667594909668
16,2,57-175km,u,shift_3px,melr,-1.3938601384211324e-08
16,2,57-175km,u,shift_3px,swd,0.013232779689133167
16,2,57-175km,v,shift_3px,freq_l1,0.5275750160217285
16,2,57-175km,v,shift_3px,freq_l1_unweighted,0.7686742544174194
16,2,57-175km,v,shift_3px,melr,-1.3938599607854485e-08
16,2,57-175km,v,shift_3px,swd,0.024369243532419205
16,3,114-359km,u,shift_3px,freq_l1,0.21495503187179565
16,3,114-359km,u,shift_3px,freq_l1_unweighted,0.2682231068611145
16,3,114-359km,u,shift_3px,melr,-8.198570068723894e-16
16,3,114-359km,u,shift_3px,swd,0.00996468123048544
16,3,114-359km,v,shift_3px,freq_l1,0.3041777014732361
16,3,114-359km,v,shift_3px,freq_l1_unweighted,0.3961736559867859
16,3,114-359km,v,shift_3px,melr,1.1947369316089862e-08
16,3,114-359km,v,shift_3px,swd,0.014729179441928864
16,4,>325km,u,shift_3px,freq_l1,0.04360785335302353
16,4,>325km,u,shift_3px,freq_l1_unweighted,0.05075500160455704
16,4,>325km,u,shift_3px,melr,-9.956145241574177e-09
16,4,>325km,u,shift_3px,swd,0.01435780804604292
16,4,>325km,v,shift_3px,freq_l1,0.05778282508254051
16,4,>325km,v,shift_3px,freq_l1_unweighted,0.06461872160434723
16,4,>325km,v,shift_3px,melr,-9.956143465217338e-09
16,4,>325km,v,shift_3px,swd,0.015782129019498825
16,0,6-25km,u,blur_sigma0.5,freq_l1,0.033398374915122986
16,0,6-25km,u,blur_sigma0.5,freq_l1_unweighted,0.054673150181770325
16,0,6-25km,u,blur_sigma0.5,melr,-0.04744718223810196
16,0,6-25km,u,blur_sigma0.5,swd,0.029922762885689735
16,0,6-25km,v,blur_sigma0.5,freq_l1,0.0333733968436718
16,0,6-25km,v,blur_sigma0.5,freq_l1_unweighted,0.054782070219516754
16,0,6-25km,v,blur_sigma0.5,melr,-0.03411377966403961
16,0,6-25km,v,blur_sigma0.5,swd,0.03220592439174652
16,1,28-86km,u,blur_sigma0.5,freq_l1,0.010357051156461239
16,1,28-86km,u,blur_sigma0.5,freq_l1_unweighted,0.014991248957812786
16,1,28-86km,u,blur_sigma0.5,melr,-0.010073943063616753
16,1,28-86km,u,blur_sigma0.5,swd,0.0042541190050542355
16,1,28-86km,v,blur_sigma0.5,freq_l1,0.010920901782810688
16,1,28-86km,v,blur_sigma0.5,freq_l1_unweighted,0.016140002757310867
16,1,28-86km,v,blur_sigma0.5,melr,-0.008000155910849571
16,1,28-86km,v,blur_sigma0.5,swd,0.004817183129489422
16,2,57-175km,u,blur_sigma0.5,freq_l1,0.0030309706926345825
16,2,57-175km,u,blur_sigma0.5,freq_l1_unweighted,0.004226497374475002
16,2,57-175km,u,blur_sigma0.5,melr,-0.0025191940367221832
16,2,57-175km,u,blur_sigma0.5,swd,0.001381847308948636
16,2,57-175km,v,blur_sigma0.5,freq_l1,0.003250934649258852
16,2,57-175km,v,blur_sigma0.5,freq_l1_unweighted,0.004846608266234398
16,2,57-175km,v,blur_sigma0.5,melr,-0.0023680380545556545
16,2,57-175km,v,blur_sigma0.5,swd,0.0017558650579303503
16,3,114-359km,u,blur_sigma0.5,freq_l1,0.0007637724047526717
16,3,114-359km,u,blur_sigma0.5,freq_l1_unweighted,0.001059521222487092
16,3,114-359km,u,blur_sigma0.5,melr,-0.0007092058658599854
16,3,114-359km,u,blur_sigma0.5,swd,0.00044775920105166733
16,3,114-359km,v,blur_sigma0.5,freq_l1,0.0009105276549234986
16,3,114-359km,v,blur_sigma0.5,freq_l1_unweighted,0.0013293169904500246
16,3,114-359km,v,blur_sigma0.5,melr,-0.0008180724107660353
16,3,114-359km,v,blur_sigma0.5,swd,0.0006417157128453255
16,4,>325km,u,blur_sigma0.5,freq_l1,7.9202392953448e-05
16,4,>325km,u,blur_sigma0.5,freq_l1_unweighted,8.8840453827288e-05
16,4,>325km,u,blur_sigma0.5,melr,-7.524753891630098e-05
16,4,>325km,u,blur_sigma0.5,swd,0.00028369895881041884
16,4,>325km,v,blur_sigma0.5,freq_l1,8.206920756492764e-05
16,4,>325km,v,blur_sigma0.5,freq_l1_unweighted,9.851236245594919e-05
16,4,>325km,v,blur_sigma0.5,melr,-0.00010379606828792021
16,4,>325km,v,blur_sigma0.5,swd,0.0003537624725140631
16,0,6-25km,u,blur_sigma1,freq_l1,0.10145601630210876
16,0,6-25km,u,blur_sigma1,freq_l1_unweighted,0.17393843829631805
16,0,6-25km,u,blur_sigma1,melr,-0.1470261514186859
16,0,6-25km,u,blur_sigma1,swd,0.09659644216299057
16,0,6-25km,v,blur_sigma1,freq_l1,0.10300362855195999
16,0,6-25km,v,blur_sigma1,freq_l1_unweighted,0.17673903703689575
16,0,6-25km,v,blur_sigma1,melr,-0.10429279506206512
16,0,6-25km,v,blur_sigma1,swd,0.10008897632360458
16,1,28-86km,u,blur_sigma1,freq_l1,0.04378480464220047
16,1,28-86km,u,blur_sigma1,freq_l1_unweighted,0.06407426297664642
16,1,28-86km,u,blur_sigma1,melr,-0.043443694710731506
16,1,28-86km,u,blur_sigma1,swd,0.019260698929429054
16,1,28-86km,v,blur_sigma1,freq_l1,0.04643851891160011
16,1,28-86km,v,blur_sigma1,freq_l1_unweighted,0.0693054273724556
16,1,28-86km,v,blur_sigma1,melr,-0.03452810272574425
16,1,28-86km,v,blur_sigma1,swd,0.02168167568743229
16,2,57-175km,u,blur_sigma1,freq_l1,0.013551309704780579
16,2,57-175km,u,blur_sigma1,freq_l1_unweighted,0.01892860233783722
16,2,57-175km,u,blur_sigma1,melr,-0.01136618759483099
16,2,57-175km,u,blur_sigma1,swd,0.005989180877804756
16,2,57-175km,v,blur_sigma1,freq_l1,0.014611911028623581
16,2,57-175km,v,blur_sigma1,freq_l1_unweighted,0.021825334057211876
16,2,57-175km,v,blur_sigma1,melr,-0.010761425830423832
16,2,57-175km,v,blur_sigma1,swd,0.00792157556861639
16,3,114-359km,u,blur_sigma1,freq_l1,0.0034040911123156548
16,3,114-359km,u,blur_sigma1,freq_l1_unweighted,0.004716711584478617
16,3,114-359km,u,blur_sigma1,melr,-0.0032016688492149115
16,3,114-359km,u,blur_sigma1,swd,0.0021655375603586435
16,3,114-359km,v,blur_sigma1,freq_l1,0.004109918139874935
16,3,114-359km,v,blur_sigma1,freq_l1_unweighted,0.006020014174282551
16,3,114-359km,v,blur_sigma1,melr,-0.0037437283899635077
16,3,114-359km,v,blur_sigma1,swd,0.0029650551732629538
16,4,>325km,u,blur_sigma1,freq_l1,0.00033129018265753984
16,4,>325km,u,blur_sigma1,freq_l1_unweighted,0.00038043849053792655
16,4,>325km,u,blur_sigma1,melr,-0.00037477846490219235
16,4,>325km,u,blur_sigma1,swd,0.0012687850976362824
16,4,>325km,v,blur_sigma1,freq_l1,0.0003559525648597628
16,4,>325km,v,blur_sigma1,freq_l1_unweighted,0.0004338353464845568
16,4,>325km,v,blur_sigma1,melr,-0.0004767721693497151
16,4,>325km,v,blur_sigma1,swd,0.0013132743770256639
16,0,6-25km,u,blur_sigma2,freq_l1,0.16610850393772125
16,0,6-25km,u,blur_sigma2,freq_l1_unweighted,0.30830880999565125
16,0,6-25km,u,blur_sigma2,melr,-0.2576969563961029
16,0,6-25km,u,blur_sigma2,swd,0.17466042935848236
16,0,6-25km,v,blur_sigma2,freq_l1,0.1693161427974701
16,0,6-25km,v,blur_sigma2,freq_l1_unweighted,0.3143364191055298
16,0,6-25km,v,blur_sigma2,melr,-0.18129253387451172
16,0,6-25km,v,blur_sigma2,swd,0.1963631510734558
16,1,28-86km,u,blur_sigma2,freq_l1,0.12732933461666107
16,1,28-86km,u,blur_sigma2,freq_l1_unweighted,0.19393779337406158
16,1,28-86km,u,blur_sigma2,melr,-0.13542596995830536
16,1,28-86km,u,blur_sigma2,swd,0.05166470631957054
16,1,28-86km,v,blur_sigma2,freq_l1,0.13686761260032654
16,1,28-86km,v,blur_sigma2,freq_l1_unweighted,0.21205776929855347
16,1,28-86km,v,blur_sigma2,melr,-0.10803043842315674
16,1,28-86km,v,blur_sigma2,swd,0.06062169373035431
16,2,57-175km,u,blur_sigma2,freq_l1,0.04838448762893677
16,2,57-175km,u,blur_sigma2,freq_l1_unweighted,0.06821426749229431
16,2,57-175km,u,blur_sigma2,melr,-0.041532598435878754
16,2,57-175km,u,blur_sigma2,swd,0.021738935261964798
16,2,57-175km,v,blur_sigma2,freq_l1,0.05257018655538559
16,2,57-175km,v,blur_sigma2,freq_l1_unweighted,0.07953527569770813
16,2,57-175km,v,blur_sigma2,melr,-0.04014267399907112
16,2,57-175km,v,blur_sigma2,swd,0.03199221193790436
16,3,114-359km,u,blur_sigma2,freq_l1,0.012750228866934776
16,3,114-359km,u,blur_sigma2,freq_l1_unweighted,0.01763669028878212
16,3,114-359km,u,blur_sigma2,melr,-0.012151275761425495
16,3,114-359km,u,blur_sigma2,swd,0.008360343985259533
16,3,114-359km,v,blur_sigma2,freq_l1,0.01558136846870184
16,3,114-359km,v,blur_sigma2,freq_l1_unweighted,0.022960778325796127
16,3,114-359km,v,blur_sigma2,melr,-0.01443488895893097
16,3,114-359km,v,blur_sigma2,swd,0.011164075694978237
16,4,>325km,u,blur_sigma2,freq_l1,0.0011512442724779248
16,4,>325km,u,blur_sigma2,freq_l1_unweighted,0.0013808131916448474
16,4,>325km,u,blur_sigma2,melr,-0.0016121723456308246
16,4,>325km,u,blur_sigma2,swd,0.00440530851483345
16,4,>325km,v,blur_sigma2,freq_l1,0.0013072506990283728
16,4,>325km,v,blur_sigma2,freq_l1_unweighted,0.0016275768866762519
16,4,>325km,v,blur_sigma2,melr,-0.0018664633389562368
16,4,>325km,v,blur_sigma2,swd,0.004582701716572046
238,0,6-25km,u,shift_2px,freq_l1,0.4330355226993561
238,0,6-25km,u,shift_2px,freq_l1_unweighted,0.8773968815803528
238,0,6-25km,u,shift_2px,melr,1.725731202384395e-08
238,0,6-25km,u,shift_2px,swd,0.08030629903078079
238,0,6-25km,v,shift_2px,freq_l1,0.37089967727661133
238,0,6-25km,v,shift_2px,freq_l1_unweighted,0.6215804219245911
238,0,6-25km,v,shift_2px,melr,1.7257308471130273e-08
238,0,6-25km,v,shift_2px,swd,0.02661426179111004
238,1,28-86km,u,shift_2px,freq_l1,0.43141961097717285
238,1,28-86km,u,shift_2px,freq_l1_unweighted,0.6285679936408997
238,1,28-86km,u,shift_2px,melr,1.725731202384395e-08
238,1,28-86km,u,shift_2px,swd,0.030973033979535103
238,1,28-86km,v,shift_2px,freq_l1,0.3405626714229584
238,1,28-86km,v,shift_2px,freq_l1_unweighted,0.43626436591148376
238,1,28-86km,v,shift_2px,melr,1.725731202384395e-08
238,1,28-86km,v,shift_2px,swd,0.010403755120933056
238,2,57-175km,u,shift_2px,freq_l1,0.2883208394050598
238,2,57-175km,u,shift_2px,freq_l1_unweighted,0.3664163053035736
238,2,57-175km,u,shift_2px,melr,0.0
238,2,57-175km,u,shift_2px,swd,0.023267393931746483
238,2,57-175km,v,shift_2px,freq_l1,0.20088618993759155
238,2,57-175km,v,shift_2px,freq_l1_unweighted,0.22317098081111908
238,2,57-175km,v,shift_2px,melr,0.0
238,2,57-175km,v,shift_2px,swd,0.007344897836446762
238,3,114-359km,u,shift_2px,freq_l1,0.17299644649028778
238,3,114-359km,u,shift_2px,freq_l1_unweighted,0.1903410404920578
238,3,114-359km,u,shift_2px,melr,-3.552713678800501e-15
238,3,114-359km,u,shift_2px,swd,0.011656214483082294
238,3,114-359km,v,shift_2px,freq_l1,0.09496722370386124
238,3,114-359km,v,shift_2px,freq_l1_unweighted,0.10183846205472946
238,3,114-359km,v,shift_2px,melr,0.0
238,3,114-359km,v,shift_2px,swd,0.0050747329369187355
238,4,>325km,u,shift_2px,freq_l1,0.033151909708976746
238,4,>325km,u,shift_2px,freq_l1_unweighted,0.037299782037734985
238,4,>325km,u,shift_2px,melr,1.725731202384395e-08
238,4,>325km,u,shift_2px,swd,0.01621328666806221
238,4,>325km,v,shift_2px,freq_l1,0.020275138318538666
238,4,>325km,v,shift_2px,freq_l1_unweighted,0.02041669376194477
238,4,>325km,v,shift_2px,melr,1.725731202384395e-08
238,4,>325km,v,shift_2px,swd,0.006096909753978252
238,0,6-25km,u,shift_3px,freq_l1,0.5086542963981628
238,0,6-25km,u,shift_3px,freq_l1_unweighted,0.959556519985199
238,0,6-25km,u,shift_3px,melr,1.725731202384395e-08
238,0,6-25km,u,shift_3px,swd,0.08213624358177185
238,0,6-25km,v,shift_3px,freq_l1,0.4120965003967285
238,0,6-25km,v,shift_3px,freq_l1_unweighted,0.6600646376609802
238,0,6-25km,v,shift_3px,melr,5.177192363703398e-08
238,0,6-25km,v,shift_3px,swd,0.028754856437444687
238,1,28-86km,u,shift_3px,freq_l1,0.5716118812561035
238,1,28-86km,u,shift_3px,freq_l1_unweighted,0.8682267069816589
238,1,28-86km,u,shift_3px,melr,3.45146240476879e-08
238,1,28-86km,u,shift_3px,swd,0.039791084825992584
238,1,28-86km,v,shift_3px,freq_l1,0.43996837735176086
238,1,28-86km,v,shift_3px,freq_l1_unweighted,0.5945150852203369
238,1,28-86km,v,shift_3px,melr,1.725731202384395e-08
238,1,28-86km,v,shift_3px,swd,0.012008383870124817
238,2,57-175km,u,shift_3px,freq_l1,0.41868463158607483
238,2,57-175km,u,shift_3px,freq_l1_unweighted,0.5396009683609009
238,2,57-175km,u,shift_3px,melr,-1.725731557655763e-08
238,2,57-175km,u,shift_3px,swd,0.027935491874814034
238,2,57-175km,v,shift_3px,freq_l1,0.28919586539268494
238,2,57-175km,v,shift_3px,freq_l1_unweighted,0.32745277881622314
238,2,57-175km,v,shift_3px,melr,0.0
238,2,57-175km,v,shift_3px,swd,0.009969554841518402
238,3,114-359km,u,shift_3px,freq_l1,0.25738853216171265
238,3,114-359km,u,shift_3px,freq_l1_unweighted,0.2842490077018738
238,3,114-359km,u,shift_3px,melr,-1.725731912927131e-08
238,3,114-359km,u,shift_3px,swd,0.016736790537834167
238,3,114-359km,v,shift_3px,freq_l1,0.1408400684595108
238,3,114-359km,v,shift_3px,freq_l1_unweighted,0.15189166367053986
238,3,114-359km,v,shift_3px,melr,1.725731202384395e-08
238,3,114-359km,v,shift_3px,swd,0.006172290537506342
238,4,>325km,u,shift_3px,freq_l1,0.049826327711343765
238,4,>325km,u,shift_3px,freq_l1_unweighted,0.05592035874724388
238,4,>325km,u,shift_3px,melr,-1.725731557655763e-08
238,4,>325km,u,shift_3px,swd,0.018395178020000458
238,4,>325km,v,shift_3px,freq_l1,0.030449286103248596
238,4,>325km,v,shift_3px,freq_l1_unweighted,0.030597388744354248
238,4,>325km,v,shift_3px,melr,5.1771934295175015e-08
238,4,>325km,v,shift_3px,swd,0.007406191900372505
238,0,6-25km,u,blur_sigma0.5,freq_l1,0.03632185608148575
238,0,6-25km,u,blur_sigma0.5,freq_l1_unweighted,0.07066024094820023
238,0,6-25km,u,blur_sigma0.5,melr,-0.056380387395620346
238,0,6-25km,u,blur_sigma0.5,swd,0.04196560010313988
238,0,6-25km,v,blur_sigma0.5,freq_l1,0.03232347592711449
238,0,6-25km,v,blur_sigma0.5,freq_l1_unweighted,0.05787390470504761
238,0,6-25km,v,blur_sigma0.5,melr,-0.09349098801612854
238,0,6-25km,v,blur_sigma0.5,swd,0.037390436977148056
238,1,28-86km,u,blur_sigma0.5,freq_l1,0.011390738189220428
238,1,28-86km,u,blur_sigma0.5,freq_l1_unweighted,0.01582728512585163
238,1,28-86km,u,blur_sigma0.5,melr,-0.007236868143081665
238,1,28-86km,u,blur_sigma0.5,swd,0.004368706606328487
238,1,28-86km,v,blur_sigma0.5,freq_l1,0.009382426738739014
238,1,28-86km,v,blur_sigma0.5,freq_l1_unweighted,0.01302989199757576
238,1,28-86km,v,blur_sigma0.5,melr,-0.014447983354330063
238,1,28-86km,v,blur_sigma0.5,swd,0.0038423293735831976
238,2,57-175km,u,blur_sigma0.5,freq_l1,0.0032562464475631714
238,2,57-175km,u,blur_sigma0.5,freq_l1_unweighted,0.004017662722617388
238,2,57-175km,u,blur_sigma0.5,melr,-0.0016111527802422643
238,2,57-175km,u,blur_sigma0.5,swd,0.001248618820682168
238,2,57-175km,v,blur_sigma0.5,freq_l1,0.0024860012345016003
238,2,57-175km,v,blur_sigma0.5,freq_l1_unweighted,0.0031752793584018946
238,2,57-175km,v,blur_sigma0.5,melr,-0.003094571875408292
238,2,57-175km,v,blur_sigma0.5,swd,0.001097207423299551
238,3,114-359km,u,blur_sigma0.5,freq_l1,0.0009146184311248362
238,3,114-359km,u,blur_sigma0.5,freq_l1_unweighted,0.0010362324537709355
238,3,114-359km,u,blur_sigma0.5,melr,-0.00040659529622644186
238,3,114-359km,u,blur_sigma0.5,swd,0.0005046339938417077
238,3,114-359km,v,blur_sigma0.5,freq_l1,0.0006256433553062379
238,3,114-359km,v,blur_sigma0.5,freq_l1_unweighted,0.0007520915823988616
238,3,114-359km,v,blur_sigma0.5,melr,-0.0007307431660592556
238,3,114-359km,v,blur_sigma0.5,swd,0.00042539965943433344
238,4,>325km,u,blur_sigma0.5,freq_l1,7.490068674087524e-05
238,4,>325km,u,blur_sigma0.5,freq_l1_unweighted,9.029777720570564e-05
238,4,>325km,u,blur_sigma0.5,melr,-8.975598029792309e-05
238,4,>325km,u,blur_sigma0.5,swd,0.00036108886706642807
238,4,>325km,v,blur_sigma0.5,freq_l1,7.907354302005842e-05
238,4,>325km,v,blur_sigma0.5,freq_l1_unweighted,7.623555575264618e-05
238,4,>325km,v,blur_sigma0.5,melr,-7.009719411144033e-05
238,4,>325km,v,blur_sigma0.5,swd,0.0002658643643371761
238,0,6-25km,u,blur_sigma1,freq_l1,0.11057790368795395
238,0,6-25km,u,blur_sigma1,freq_l1_unweighted,0.22256864607334137
238,0,6-25km,u,blur_sigma1,melr,-0.16280248761177063
238,0,6-25km,u,blur_sigma1,swd,0.1280212700366974
238,0,6-25km,v,blur_sigma1,freq_l1,0.09631717205047607
238,0,6-25km,v,blur_sigma1,freq_l1_unweighted,0.18007780611515045
238,0,6-25km,v,blur_sigma1,melr,-0.3003446161746979
238,0,6-25km,v,blur_sigma1,swd,0.11366970092058182
238,1,28-86km,u,blur_sigma1,freq_l1,0.047908857464790344
238,1,28-86km,u,blur_sigma1,freq_l1_unweighted,0.06706994026899338
238,1,28-86km,u,blur_sigma1,melr,-0.030435815453529358
238,1,28-86km,u,blur_sigma1,swd,0.01766730658710003
238,1,28-86km,v,blur_sigma1,freq_l1,0.03935246542096138
238,1,28-86km,v,blur_sigma1,freq_l1_unweighted,0.05530046299099922
238,1,28-86km,v,blur_sigma1,melr,-0.06255587190389633
238,1,28-86km,v,blur_sigma1,swd,0.01688450202345848
238,2,57-175km,u,blur_sigma1,freq_l1,0.014542092569172382
238,2,57-175km,u,blur_sigma1,freq_l1_unweighted,0.017886152490973473
238,2,57-175km,u,blur_sigma1,melr,-0.007268824148923159
238,2,57-175km,u,blur_sigma1,swd,0.005802834406495094
238,2,57-175km,v,blur_sigma1,freq_l1,0.01101375836879015
238,2,57-175km,v,blur_sigma1,freq_l1_unweighted,0.014126691967248917
238,2,57-175km,v,blur_sigma1,melr,-0.0140697555616498
238,2,57-175km,v,blur_sigma1,swd,0.005217717029154301
238,3,114-359km,u,blur_sigma1,freq_l1,0.0040634735487401485
238,3,114-359km,u,blur_sigma1,freq_l1_unweighted,0.004600177053362131
238,3,114-359km,u,blur_sigma1,melr,-0.0018624806543812156
238,3,114-359km,u,blur_sigma1,swd,0.0017748648533597589
238,3,114-359km,v,blur_sigma1,freq_l1,0.002762744203209877
238,3,114-359km,v,blur_sigma1,freq_l1_unweighted,0.0033552106469869614
238,3,114-359km,v,blur_sigma1,melr,-0.0033905503805726767
238,3,114-359km,v,blur_sigma1,swd,0.0016446891240775585
238,4,>325km,u,blur_sigma1,freq_l1,0.0003236451593693346
238,4,>325km,u,blur_sigma1,freq_l1_unweighted,0.0003929405065719038
238,4,>325km,u,blur_sigma1,melr,-0.00040029556839726865
238,4,>325km,u,blur_sigma1,swd,0.0018625047523528337
238,4,>325km,v,blur_sigma1,freq_l1,0.0003158636100124568
238,4,>325km,v,blur_sigma1,freq_l1_unweighted,0.0003140124026685953
238,4,>325km,v,blur_sigma1,melr,-0.00033346901182085276
238,4,>325km,v,blur_sigma1,swd,0.0009409663616679609
238,0,6-25km,u,blur_sigma2,freq_l1,0.17899666726589203
238,0,6-25km,u,blur_sigma2,freq_l1_unweighted,0.3776344358921051
238,0,6-25km,u,blur_sigma2,melr,-0.2529374063014984
238,0,6-25km,u,blur_sigma2,swd,0.22901135683059692
238,0,6-25km,v,blur_sigma2,freq_l1,0.1518695205450058
238,0,6-25km,v,blur_sigma2,freq_l1_unweighted,0.3023431897163391
238,0,6-25km,v,blur_sigma2,melr,-0.541941225528717
238,0,6-25km,v,blur_sigma2,swd,0.1976667195558548
238,1,28-86km,u,blur_sigma2,freq_l1,0.13685940206050873
238,1,28-86km,u,blur_sigma2,freq_l1_unweighted,0.19786979258060455
238,1,28-86km,u,blur_sigma2,melr,-0.08925580978393555
238,1,28-86km,u,blur_sigma2,swd,0.05302479490637779
238,1,28-86km,v,blur_sigma2,freq_l1,0.11172119528055191
238,1,28-86km,v,blur_sigma2,freq_l1_unweighted,0.1636711061000824
238,1,28-86km,v,blur_sigma2,melr,-0.19651587307453156
238,1,28-86km,v,blur_sigma2,swd,0.046394336968660355
238,2,57-175km,u,blur_sigma2,freq_l1,0.05183865502476692
238,2,57-175km,u,blur_sigma2,freq_l1_unweighted,0.06403927505016327
238,2,57-175km,u,blur_sigma2,melr,-0.026622498407959938
238,2,57-175km,u,blur_sigma2,swd,0.020660270005464554
238,2,57-175km,v,blur_sigma2,freq_l1,0.03870861604809761
238,2,57-175km,v,blur_sigma2,freq_l1_unweighted,0.05032004043459892
238,2,57-175km,v,blur_sigma2,melr,-0.05216149985790253
238,2,57-175km,v,blur_sigma2,swd,0.01906336098909378
238,3,114-359km,u,blur_sigma2,freq_l1,0.01503875944763422
238,3,114-359km,u,blur_sigma2,freq_l1_unweighted,0.017102129757404327
238,3,114-359km,u,blur_sigma2,melr,-0.007209967356175184
238,3,114-359km,u,blur_sigma2,swd,0.005774057004600763
238,3,114-359km,v,blur_sigma2,freq_l1,0.010146106593310833
238,3,114-359km,v,blur_sigma2,freq_l1_unweighted,0.012534228153526783
238,3,114-359km,v,blur_sigma2,melr,-0.013367440551519394
238,3,114-359km,v,blur_sigma2,swd,0.005954258143901825
238,4,>325km,u,blur_sigma2,freq_l1,0.0011687596561387181
238,4,>325km,u,blur_sigma2,freq_l1_unweighted,0.001442654407583177
238,4,>325km,u,blur_sigma2,melr,-0.0014942293055355549
238,4,>325km,u,blur_sigma2,swd,0.004764982499182224
238,4,>325km,v,blur_sigma2,freq_l1,0.000990064931102097
238,4,>325km,v,blur_sigma2,freq_l1_unweighted,0.0010463600046932697
238,4,>325km,v,blur_sigma2,melr,-0.0013936139876022935
238,4,>325km,v,blur_sigma2,swd,0.0028846117202192545
452,0,6-25km,u,shift_2px,freq_l1,0.33554017543792725
452,0,6-25km,u,shift_2px,freq_l1_unweighted,0.5747120976448059
452,0,6-25km,u,shift_2px,melr,3.882895072138126e-08
452,0,6-25km,u,shift_2px,swd,0.04399849846959114
452,0,6-25km,v,shift_2px,freq_l1,0.3945082426071167
452,0,6-25km,v,shift_2px,freq_l1_unweighted,0.6195586919784546
452,0,6-25km,v,shift_2px,melr,-2.6645352591003757e-15
452,0,6-25km,v,shift_2px,swd,0.017251476645469666
452,1,28-86km,u,shift_2px,freq_l1,0.34012556076049805
452,1,28-86km,u,shift_2px,freq_l1_unweighted,0.4636722207069397
452,1,28-86km,u,shift_2px,melr,0.0
452,1,28-86km,u,shift_2px,swd,0.0174846388399601
452,1,28-86km,v,shift_2px,freq_l1,0.36716964840888977
452,1,28-86km,v,shift_2px,freq_l1_unweighted,0.462995707988739
452,1,28-86km,v,shift_2px,melr,0.0
452,1,28-86km,v,shift_2px,swd,0.0062387362122535706
452,2,57-175km,u,shift_2px,freq_l1,0.23271510004997253
452,2,57-175km,u,shift_2px,freq_l1_unweighted,0.28674986958503723
452,2,57-175km,u,shift_2px,melr,-6.471492230986087e-09
452,2,57-175km,u,shift_2px,swd,0.012751971371471882
452,2,57-175km,v,shift_2px,freq_l1,0.20953208208084106
452,2,57-175km,v,shift_2px,freq_l1_unweighted,0.2506471276283264
452,2,57-175km,v,shift_2px,melr,-6.471492230986087e-09
452,2,57-175km,v,shift_2px,swd,0.006044084206223488
452,3,114-359km,u,shift_2px,freq_l1,0.13663199543952942
452,3,114-359km,u,shift_2px,freq_l1_unweighted,0.1490212380886078
452,3,114-359km,u,shift_2px,melr,-2.6645352591003757e-15
452,3,114-359km,u,shift_2px,swd,0.00796869769692421
452,3,114-359km,v,shift_2px,freq_l1,0.10169340670108795
452,3,114-359km,v,shift_2px,freq_l1_unweighted,0.11051851511001587
452,3,114-359km,v,shift_2px,melr,-1.2942986238329013e-08
452,3,114-359km,v,shift_2px,swd,0.0036727257538586855
452,4,>325km,u,shift_2px,freq_l1,0.021582279354333878
452,4,>325km,u,shift_2px,freq_l1_unweighted,0.026130249723792076
452,4,>325km,u,shift_2px,melr,1.2942980909258495e-08
452,4,>325km,u,shift_2px,swd,0.00998703297227621
452,4,>325km,v,shift_2px,freq_l1,0.0204521082341671
452,4,>325km,v,shift_2px,freq_l1_unweighted,0.023702269420027733
452,4,>325km,v,shift_2px,melr,-2.5885974253014865e-08
452,4,>325km,v,shift_2px,swd,0.0034809792414307594
452,0,6-25km,u,shift_3px,freq_l1,0.3811532258987427
452,0,6-25km,u,shift_3px,freq_l1_unweighted,0.6249966621398926
452,0,6-25km,u,shift_3px,melr,2.5885967147587507e-08
452,0,6-25km,u,shift_3px,swd,0.04545949399471283
452,0,6-25km,v,shift_3px,freq_l1,0.4262659251689911
452,0,6-25km,v,shift_3px,freq_l1_unweighted,0.6455529928207397
452,0,6-25km,v,shift_3px,melr,1.2942983573793754e-08
452,0,6-25km,v,shift_3px,swd,0.01648658700287342
452,1,28-86km,u,shift_3px,freq_l1,0.446854829788208
452,1,28-86km,u,shift_3px,freq_l1_unweighted,0.6415294408798218
452,1,28-86km,u,shift_3px,melr,1.2942983573793754e-08
452,1,28-86km,u,shift_3px,swd,0.01790963113307953
452,1,28-86km,v,shift_3px,freq_l1,0.4667701721191406
452,1,28-86km,v,shift_3px,freq_l1_unweighted,0.6307705044746399
452,1,28-86km,v,shift_3px,melr,1.2942983573793754e-08
452,1,28-86km,v,shift_3px,swd,0.007459181360900402
452,2,57-175km,u,shift_3px,freq_l1,0.3350112736225128
452,2,57-175km,u,shift_3px,freq_l1_unweighted,0.42133042216300964
452,2,57-175km,u,shift_3px,melr,-1.941447891340431e-08
452,2,57-175km,u,shift_3px,swd,0.015543898567557335
452,2,57-175km,v,shift_3px,freq_l1,0.2997335195541382
452,2,57-175km,v,shift_3px,freq_l1_unweighted,0.3661864399909973
452,2,57-175km,v,shift_3px,melr,-1.2942986238329013e-08
452,2,57-175km,v,shift_3px,swd,0.0066849663853645325
452,3,114-359km,u,shift_3px,freq_l1,0.20308509469032288
452,3,114-359km,u,shift_3px,freq_l1_unweighted,0.22234879434108734
452,3,114-359km,u,shift_3px,melr,-2.6645352591003757e-15
452,3,114-359km,u,shift_3px,swd,0.011650610715150833
452,3,114-359km,v,shift_3px,freq_l1,0.15104319155216217
452,3,114-359km,v,shift_3px,freq_l1_unweighted,0.16473710536956787
452,3,114-359km,v,shift_3px,melr,-1.2942986238329013e-08
452,3,114-359km,v,shift_3px,swd,0.004795336164534092
452,4,>325km,u,shift_3px,freq_l1,0.03235047310590744
452,4,>325km,u,shift_3px,freq_l1_unweighted,0.039157841354608536
452,4,>325km,u,shift_3px,melr,-5.329070518200751e-15
452,4,>325km,u,shift_3px,swd,0.00903208740055561
452,4,>325km,v,shift_3px,freq_l1,0.03069944866001606
452,4,>325km,v,shift_3px,freq_l1_unweighted,0.03551553934812546
452,4,>325km,v,shift_3px,melr,-2.5885972476658026e-08
452,4,>325km,v,shift_3px,swd,0.004399290308356285
452,0,6-25km,u,blur_sigma0.5,freq_l1,0.027389593422412872
452,0,6-25km,u,blur_sigma0.5,freq_l1_unweighted,0.042992495000362396
452,0,6-25km,u,blur_sigma0.5,melr,-0.04305417835712433
452,0,6-25km,u,blur_sigma0.5,swd,0.02367081120610237
452,0,6-25km,v,blur_sigma0.5,freq_l1,0.03403203561902046
452,0,6-25km,v,blur_sigma0.5,freq_l1_unweighted,0.05657688528299332
452,0,6-25km,v,blur_sigma0.5,melr,-0.09686189889907837
452,0,6-25km,v,blur_sigma0.5,swd,0.0361364483833313
452,1,28-86km,u,blur_sigma0.5,freq_l1,0.008166439831256866
452,1,28-86km,u,blur_sigma0.5,freq_l1_unweighted,0.010839628987014294
452,1,28-86km,u,blur_sigma0.5,melr,-0.007735100109130144
452,1,28-86km,u,blur_sigma0.5,swd,0.0029488203581422567
452,1,28-86km,v,blur_sigma0.5,freq_l1,0.009299433790147305
452,1,28-86km,v,blur_sigma0.5,freq_l1_unweighted,0.012825491838157177
452,1,28-86km,v,blur_sigma0.5,melr,-0.014519276097416878
452,1,28-86km,v,blur_sigma0.5,swd,0.00382608687505126
452,2,57-175km,u,blur_sigma0.5,freq_l1,0.002426549093797803
452,2,57-175km,u,blur_sigma0.5,freq_l1_unweighted,0.0031786831095814705
452,2,57-175km,u,blur_sigma0.5,melr,-0.002210259670391679
452,2,57-175km,u,blur_sigma0.5,swd,0.0010569809237495065
452,2,57-175km,v,blur_sigma0.5,freq_l1,0.0024296119809150696
452,2,57-175km,v,blur_sigma0.5,freq_l1_unweighted,0.0032330637332051992
452,2,57-175km,v,blur_sigma0.5,melr,-0.0036361643578857183
452,2,57-175km,v,blur_sigma0.5,swd,0.0013342826860025525
452,3,114-359km,u,blur_sigma0.5,freq_l1,0.0007144671399146318
452,3,114-359km,u,blur_sigma0.5,freq_l1_unweighted,0.0008291725534945726
452,3,114-359km,u,blur_sigma0.5,melr,-0.0005812925519421697
452,3,114-359km,u,blur_sigma0.5,swd,0.0003615443129092455
452,3,114-359km,v,blur_sigma0.5,freq_l1,0.0005964719457551837
452,3,114-359km,v,blur_sigma0.5,freq_l1_unweighted,0.0007415189757011831
452,3,114-359km,v,blur_sigma0.5,melr,-0.0009175989544019103
452,3,114-359km,v,blur_sigma0.5,swd,0.00042965819011442363
452,4,>325km,u,blur_sigma0.5,freq_l1,5.652564868796617e-05
452,4,>325km,u,blur_sigma0.5,freq_l1_unweighted,6.216813198989257e-05
452,4,>325km,u,blur_sigma0.5,melr,-7.83385694376193e-05
452,4,>325km,u,blur_sigma0.5,swd,0.00024036565446294844
452,4,>325km,v,blur_sigma0.5,freq_l1,6.889868382131681e-05
452,4,>325km,v,blur_sigma0.5,freq_l1_unweighted,6.792396015953273e-05
452,4,>325km,v,blur_sigma0.5,melr,-3.3323169191135094e-05
452,4,>325km,v,blur_sigma0.5,swd,0.00024395551008637995
452,0,6-25km,u,blur_sigma1,freq_l1,0.08320742845535278
452,0,6-25km,u,blur_sigma1,freq_l1_unweighted,0.13593009114265442
452,0,6-25km,u,blur_sigma1,melr,-0.12524592876434326
452,0,6-25km,u,blur_sigma1,swd,0.07329864799976349
452,0,6-25km,v,blur_sigma1,freq_l1,0.10212425887584686
452,0,6-25km,v,blur_sigma1,freq_l1_unweighted,0.17771950364112854
452,0,6-25km,v,blur_sigma1,melr,-0.31720268726348877
452,0,6-25km,v,blur_sigma1,swd,0.11032558232545853
452,1,28-86km,u,blur_sigma1,freq_l1,0.03447765111923218
452,1,28-86km,u,blur_sigma1,freq_l1_unweighted,0.046174556016922
452,1,28-86km,u,blur_sigma1,melr,-0.033097513020038605
452,1,28-86km,u,blur_sigma1,swd,0.012282936833798885
452,1,28-86km,v,blur_sigma1,freq_l1,0.03890661522746086
452,1,28-86km,v,blur_sigma1,freq_l1_unweighted,0.05446130409836769
452,1,28-86km,v,blur_sigma1,melr,-0.06309357285499573
452,1,28-86km,v,blur_sigma1,swd,0.016516856849193573
452,2,57-175km,u,blur_sigma1,freq_l1,0.010812662541866302
452,2,57-175km,u,blur_sigma1,freq_l1_unweighted,0.014172817580401897
452,2,57-175km,u,blur_sigma1,melr,-0.009944548830389977
452,2,57-175km,u,blur_sigma1,swd,0.0048272497951984406
452,2,57-175km,v,blur_sigma1,freq_l1,0.01078389398753643
452,2,57-175km,v,blur_sigma1,freq_l1_unweighted,0.014405034482479095
452,2,57-175km,v,blur_sigma1,melr,-0.016395313665270805
452,2,57-175km,v,blur_sigma1,swd,0.004964173771440983
452,3,114-359km,u,blur_sigma1,freq_l1,0.003143968991935253
452,3,114-359km,u,blur_sigma1,freq_l1_unweighted,0.0036776969209313393
452,3,114-359km,u,blur_sigma1,melr,-0.0026630638167262077
452,3,114-359km,u,blur_sigma1,swd,0.0014710946707054973
452,3,114-359km,v,blur_sigma1,freq_l1,0.0025980861391872168
452,3,114-359km,v,blur_sigma1,freq_l1_unweighted,0.003249367931857705
452,3,114-359km,v,blur_sigma1,melr,-0.004082987084984779
452,3,114-359km,v,blur_sigma1,swd,0.0014697412261739373
452,4,>325km,u,blur_sigma1,freq_l1,0.00023090443573892117
452,4,>325km,u,blur_sigma1,freq_l1_unweighted,0.00025834975531324744
452,4,>325km,u,blur_sigma1,melr,-0.0003802575229201466
452,4,>325km,u,blur_sigma1,swd,0.0007536771008744836
452,4,>325km,v,blur_sigma1,freq_l1,0.0002775578759610653
452,4,>325km,v,blur_sigma1,freq_l1_unweighted,0.00028090798878110945
452,4,>325km,v,blur_sigma1,melr,-0.00016966703697107732
452,4,>325km,v,blur_sigma1,swd,0.0007639233372174203
452,0,6-25km,u,blur_sigma2,freq_l1,0.13526345789432526
452,0,6-25km,u,blur_sigma2,freq_l1_unweighted,0.23632311820983887
452,0,6-25km,u,blur_sigma2,melr,-0.20221208035945892
452,0,6-25km,u,blur_sigma2,swd,0.13758806884288788
452,0,6-25km,v,blur_sigma2,freq_l1,0.1614800989627838
452,0,6-25km,v,blur_sigma2,freq_l1_unweighted,0.30105143785476685
452,0,6-25km,v,blur_sigma2,melr,-0.570957601070404
452,0,6-25km,v,blur_sigma2,swd,0.19178985059261322
452,1,28-86km,u,blur_sigma2,freq_l1,0.10008569806814194
452,1,28-86km,u,blur_sigma2,freq_l1_unweighted,0.13898585736751556
452,1,28-86km,u,blur_sigma2,melr,-0.10201001167297363
452,1,28-86km,u,blur_sigma2,swd,0.03763720393180847
452,1,28-86km,v,blur_sigma2,freq_l1,0.10961165279150009
452,1,28-86km,v,blur_sigma2,freq_l1_unweighted,0.16134130954742432
452,1,28-86km,v,blur_sigma2,melr,-0.20096604526042938
452,1,28-86km,v,blur_sigma2,swd,0.04931332916021347
452,2,57-175km,u,blur_sigma2,freq_l1,0.038513027131557465
452,2,57-175km,u,blur_sigma2,freq_l1_unweighted,0.05088185518980026
452,2,57-175km,u,blur_sigma2,melr,-0.03625374659895897
452,2,57-175km,u,blur_sigma2,swd,0.01623930037021637
452,2,57-175km,v,blur_sigma2,freq_l1,0.03792674466967583
452,2,57-175km,v,blur_sigma2,freq_l1_unweighted,0.05136509984731674
452,2,57-175km,v,blur_sigma2,melr,-0.060130998492240906
452,2,57-175km,v,blur_sigma2,swd,0.019753368571400642
452,3,114-359km,u,blur_sigma2,freq_l1,0.01158748846501112
452,3,114-359km,u,blur_sigma2,freq_l1_unweighted,0.013723572716116905
452,3,114-359km,u,blur_sigma2,melr,-0.010274108499288559
452,3,114-359km,u,blur_sigma2,swd,0.00630906829610467
452,3,114-359km,v,blur_sigma2,freq_l1,0.009430751204490662
452,3,114-359km,v,blur_sigma2,freq_l1_unweighted,0.011901644989848137
452,3,114-359km,v,blur_sigma2,melr,-0.015285119414329529
452,3,114-359km,v,blur_sigma2,swd,0.005807557143270969
452,4,>325km,u,blur_sigma2,freq_l1,0.0007986962446011603
452,4,>325km,u,blur_sigma2,freq_l1_unweighted,0.0009263695683330297
452,4,>325km,u,blur_sigma2,melr,-0.0016096862964332104
452,4,>325km,u,blur_sigma2,swd,0.0026458892971277237
452,4,>325km,v,blur_sigma2,freq_l1,0.0009365054429508746
452,4,>325km,v,blur_sigma2,freq_l1_unweighted,0.0009854125091806054
452,4,>325km,v,blur_sigma2,melr,-0.0008077224483713508
452,4,>325km,v,blur_sigma2,swd,0.0026683867909014225
81,0,6-25km,u,shift_2px,freq_l1,0.5676933526992798
81,0,6-25km,u,shift_2px,freq_l1_unweighted,1.1335430145263672
81,0,6-25km,u,shift_2px,melr,5.7524371932515805e-09
81,0,6-25km,u,shift_2px,swd,0.03876034542918205
81,0,6-25km,v,shift_2px,freq_l1,0.8035508990287781
81,0,6-25km,v,shift_2px,freq_l1_unweighted,1.6401333808898926
81,0,6-25km,v,shift_2px,melr,3.4514620494974224e-08
81,0,6-25km,v,shift_2px,swd,0.10317261517047882
81,1,28-86km,u,shift_2px,freq_l1,0.5198076963424683
81,1,28-86km,u,shift_2px,freq_l1_unweighted,0.7152904272079468
81,1,28-86km,u,shift_2px,melr,1.1504874386503161e-08
81,1,28-86km,u,shift_2px,swd,0.012795302085578442
81,1,28-86km,v,shift_2px,freq_l1,0.7503150105476379
81,1,28-86km,v,shift_2px,freq_l1_unweighted,1.1526110172271729
81,1,28-86km,v,shift_2px,melr,1.725731202384395e-08
81,1,28-86km,v,shift_2px,swd,0.042808011174201965
81,2,57-175km,u,shift_2px,freq_l1,0.2862045466899872
81,2,57-175km,u,shift_2px,freq_l1_unweighted,0.33574315905570984
81,2,57-175km,u,shift_2px,melr,-5.75243852551921e-09
81,2,57-175km,u,shift_2px,swd,0.007559737656265497
81,2,57-175km,v,shift_2px,freq_l1,0.4531989097595215
81,2,57-175km,v,shift_2px,freq_l1_unweighted,0.5978255867958069
81,2,57-175km,v,shift_2px,melr,-5.75243763734079e-09
81,2,57-175km,v,shift_2px,swd,0.036180004477500916
81,3,114-359km,u,shift_2px,freq_l1,0.12997066974639893
81,3,114-359km,u,shift_2px,freq_l1_unweighted,0.13862772285938263
81,3,114-359km,u,shift_2px,melr,1.1504872610146322e-08
81,3,114-359km,u,shift_2px,swd,0.0037728287279605865
81,3,114-359km,v,shift_2px,freq_l1,0.2805366516113281
81,3,114-359km,v,shift_2px,freq_l1_unweighted,0.2994530200958252
81,3,114-359km,v,shift_2px,melr,-5.752440745965259e-09
81,3,114-359km,v,shift_2px,swd,0.02049950510263443
81,4,>325km,u,shift_2px,freq_l1,0.01754983514547348
81,4,>325km,u,shift_2px,freq_l1_unweighted,0.019719723612070084
81,4,>325km,u,shift_2px,melr,5.752436305073161e-09
81,4,>325km,u,shift_2px,swd,0.0037141735665500164
81,4,>325km,v,shift_2px,freq_l1,0.056606072932481766
81,4,>325km,v,shift_2px,freq_l1_unweighted,0.06362860649824142
81,4,>325km,v,shift_2px,melr,-2.87621992889342e-09
81,4,>325km,v,shift_2px,swd,0.01948178932070732
81,0,6-25km,u,shift_3px,freq_l1,0.6292955279350281
81,0,6-25km,u,shift_3px,freq_l1_unweighted,1.168223261833191
81,0,6-25km,u,shift_3px,melr,1.1504874386503161e-08
81,0,6-25km,u,shift_3px,swd,0.04196511209011078
81,0,6-25km,v,shift_3px,freq_l1,0.9029357433319092
81,0,6-25km,v,shift_3px,freq_l1_unweighted,1.699979543685913
81,0,6-25km,v,shift_3px,melr,4.0267060796850274e-08
81,0,6-25km,v,shift_3px,swd,0.09973304718732834
81,1,28-86km,u,shift_3px,freq_l1,0.6585652232170105
81,1,28-86km,u,shift_3px,freq_l1_unweighted,0.9626771211624146
81,1,28-86km,u,shift_3px,melr,1.1504872610146322e-08
81,1,28-86km,u,shift_3px,swd,0.016268864274024963
81,1,28-86km,v,shift_3px,freq_l1,0.9602438807487488
81,1,28-86km,v,shift_3px,freq_l1_unweighted,1.5671535730361938
81,1,28-86km,v,shift_3px,melr,2.3009748773006322e-08
81,1,28-86km,v,shift_3px,swd,0.06461147964000702
81,2,57-175km,u,shift_3px,freq_l1,0.4079672396183014
81,2,57-175km,u,shift_3px,freq_l1_unweighted,0.4894573986530304
81,2,57-175km,u,shift_3px,melr,-2.87621992889342e-09
81,2,57-175km,u,shift_3px,swd,0.009656351059675217
81,2,57-175km,v,shift_3px,freq_l1,0.6481506824493408
81,2,57-175km,v,shift_3px,freq_l1_unweighted,0.875535786151886
81,2,57-175km,v,shift_3px,melr,-8.628656900100395e-09
81,2,57-175km,v,shift_3px,swd,0.04664292559027672
81,3,114-359km,u,shift_3px,freq_l1,0.1923930048942566
81,3,114-359km,u,shift_3px,freq_l1_unweighted,0.20648756623268127
81,3,114-359km,u,shift_3px,melr,-1.1842379282265398e-15
81,3,114-359km,u,shift_3px,swd,0.005244332831352949
81,3,114-359km,v,shift_3px,freq_l1,0.41467803716659546
81,3,114-359km,v,shift_3px,freq_l1_unweighted,0.44673866033554077
81,3,114-359km,v,shift_3px,melr,5.7524345287163214e-09
81,3,114-359km,v,shift_3px,swd,0.027761369943618774
81,4,>325km,u,shift_3px,freq_l1,0.026273628696799278
81,4,>325km,u,shift_3px,freq_l1_unweighted,0.029548518359661102
81,4,>325km,u,shift_3px,melr,-3.157967738018027e-15
81,4,>325km,u,shift_3px,swd,0.004668441601097584
81,4,>325km,v,shift_3px,freq_l1,0.08473195135593414
81,4,>325km,v,shift_3px,freq_l1_unweighted,0.09536917507648468
81,4,>325km,v,shift_3px,melr,8.628655123743556e-09
81,4,>325km,v,shift_3px,swd,0.026229824870824814
81,0,6-25km,u,blur_sigma0.5,freq_l1,0.04974671080708504
81,0,6-25km,u,blur_sigma0.5,freq_l1_unweighted,0.11727016419172287
81,0,6-25km,u,blur_sigma0.5,melr,-0.13590481877326965
81,0,6-25km,u,blur_sigma0.5,swd,0.07225172966718674
81,0,6-25km,v,blur_sigma0.5,freq_l1,0.06676407903432846
81,0,6-25km,v,blur_sigma0.5,freq_l1_unweighted,0.141344353556633
81,0,6-25km,v,blur_sigma0.5,melr,-0.0874519944190979
81,0,6-25km,v,blur_sigma0.5,swd,0.09651944786310196
81,1,28-86km,u,blur_sigma0.5,freq_l1,0.013530460186302662
81,1,28-86km,u,blur_sigma0.5,freq_l1_unweighted,0.02222536876797676
81,1,28-86km,u,blur_sigma0.5,melr,-0.02083388902246952
81,1,28-86km,u,blur_sigma0.5,swd,0.006545729003846645
81,1,28-86km,v,blur_sigma0.5,freq_l1,0.018017765134572983
81,1,28-86km,v,blur_sigma0.5,freq_l1_unweighted,0.02807677537202835
81,1,28-86km,v,blur_sigma0.5,melr,-0.012143629603087902
81,1,28-86km,v,blur_sigma0.5,swd,0.00849113054573536
81,2,57-175km,u,blur_sigma0.5,freq_l1,0.0033000826369971037
81,2,57-175km,u,blur_sigma0.5,freq_l1_unweighted,0.004584530368447304
81,2,57-175km,u,blur_sigma0.5,melr,-0.004231669474393129
81,2,57-175km,u,blur_sigma0.5,swd,0.0016091009601950645
81,2,57-175km,v,blur_sigma0.5,freq_l1,0.004474288783967495
81,2,57-175km,v,blur_sigma0.5,freq_l1_unweighted,0.006132269743829966
81,2,57-175km,v,blur_sigma0.5,melr,-0.002223668387159705
81,2,57-175km,v,blur_sigma0.5,swd,0.001936339191161096
81,3,114-359km,u,blur_sigma0.5,freq_l1,0.000704930629581213
81,3,114-359km,u,blur_sigma0.5,freq_l1_unweighted,0.0008693923009559512
81,3,114-359km,u,blur_sigma0.5,melr,-0.0008228731458075345
81,3,114-359km,u,blur_sigma0.5,swd,0.0003871700610034168
81,3,114-359km,v,blur_sigma0.5,freq_l1,0.001053139683790505
81,3,114-359km,v,blur_sigma0.5,freq_l1_unweighted,0.0013484101509675384
81,3,114-359km,v,blur_sigma0.5,melr,-0.000511796330101788
81,3,114-359km,v,blur_sigma0.5,swd,0.000682018930092454
81,4,>325km,u,blur_sigma0.5,freq_l1,4.7870569687802345e-05
81,4,>325km,u,blur_sigma0.5,freq_l1_unweighted,5.232588591752574e-05
81,4,>325km,u,blur_sigma0.5,melr,-2.2278112737694755e-05
81,4,>325km,u,blur_sigma0.5,swd,0.0002459609822835773
81,4,>325km,v,blur_sigma0.5,freq_l1,0.0001087174387066625
81,4,>325km,v,blur_sigma0.5,freq_l1_unweighted,0.0001157235965365544
81,4,>325km,v,blur_sigma0.5,melr,-2.1626841771649197e-05
81,4,>325km,v,blur_sigma0.5,swd,0.0004732300585601479
81,0,6-25km,u,blur_sigma1,freq_l1,0.1470126211643219
81,0,6-25km,u,blur_sigma1,freq_l1_unweighted,0.3622916638851166
81,0,6-25km,u,blur_sigma1,melr,-0.4786580801010132
81,0,6-25km,u,blur_sigma1,swd,0.22752302885055542
81,0,6-25km,v,blur_sigma1,freq_l1,0.19967412948608398
81,0,6-25km,v,blur_sigma1,freq_l1_unweighted,0.4384616017341614
81,0,6-25km,v,blur_sigma1,melr,-0.2694413959980011
81,0,6-25km,v,blur_sigma1,swd,0.29176825284957886
81,1,28-86km,u,blur_sigma1,freq_l1,0.05639590322971344
81,1,28-86km,u,blur_sigma1,freq_l1_unweighted,0.09379947930574417
81,1,28-86km,u,blur_sigma1,melr,-0.0904228538274765
81,1,28-86km,u,blur_sigma1,swd,0.02785518206655979
81,1,28-86km,v,blur_sigma1,freq_l1,0.07540189474821091
81,1,28-86km,v,blur_sigma1,freq_l1_unweighted,0.11879685521125793
81,1,28-86km,v,blur_sigma1,melr,-0.05175183713436127
81,1,28-86km,v,blur_sigma1,swd,0.03541657701134682
81,2,57-175km,u,blur_sigma1,freq_l1,0.014624876901507378
81,2,57-175km,u,blur_sigma1,freq_l1_unweighted,0.020455772057175636
81,2,57-175km,u,blur_sigma1,melr,-0.01921146549284458
81,2,57-175km,u,blur_sigma1,swd,0.006650600582361221
81,2,57-175km,v,blur_sigma1,freq_l1,0.01988128386437893
81,2,57-175km,v,blur_sigma1,freq_l1_unweighted,0.02731330879032612
81,2,57-175km,v,blur_sigma1,melr,-0.010050144977867603
81,2,57-175km,v,blur_sigma1,swd,0.008727194741368294
81,3,114-359km,u,blur_sigma1,freq_l1,0.0030884931329637766
81,3,114-359km,u,blur_sigma1,freq_l1_unweighted,0.0038531115278601646
81,3,114-359km,u,blur_sigma1,melr,-0.0038257353007793427
81,3,114-359km,u,blur_sigma1,swd,0.0015750830061733723
81,3,114-359km,v,blur_sigma1,freq_l1,0.004667261615395546
81,3,114-359km,v,blur_sigma1,freq_l1_unweighted,0.006020911503583193
81,3,114-359km,v,blur_sigma1,melr,-0.002349945716559887
81,3,114-359km,v,blur_sigma1,swd,0.0024898683186620474
81,4,>325km,u,blur_sigma1,freq_l1,0.00018746416026260704
81,4,>325km,u,blur_sigma1,freq_l1_unweighted,0.000211641367059201
81,4,>325km,u,blur_sigma1,melr,-0.0001307533821091056
81,4,>325km,u,blur_sigma1,swd,0.0007009542314335704
81,4,>325km,v,blur_sigma1,freq_l1,0.0004605692229233682
81,4,>325km,v,blur_sigma1,freq_l1_unweighted,0.0005009092856198549
81,4,>325km,v,blur_sigma1,melr,-9.969837992684916e-05
81,4,>325km,v,blur_sigma1,swd,0.0015796582447364926
81,0,6-25km,u,blur_sigma2,freq_l1,0.22980111837387085
81,0,6-25km,u,blur_sigma2,freq_l1_unweighted,0.5960089564323425
81,0,6-25km,u,blur_sigma2,melr,-0.9474895000457764
81,0,6-25km,u,blur_sigma2,swd,0.39302507042884827
81,0,6-25km,v,blur_sigma2,freq_l1,0.31371742486953735
81,0,6-25km,v,blur_sigma2,freq_l1_unweighted,0.7209237217903137
81,0,6-25km,v,blur_sigma2,melr,-0.434457391500473
81,0,6-25km,v,blur_sigma2,swd,0.482215940952301
81,1,28-86km,u,blur_sigma2,freq_l1,0.15702231228351593
81,1,28-86km,u,blur_sigma2,freq_l1_unweighted,0.27160730957984924
81,1,28-86km,u,blur_sigma2,melr,-0.28445035219192505
81,1,28-86km,u,blur_sigma2,swd,0.08728858083486557
81,1,28-86km,v,blur_sigma2,freq_l1,0.21286475658416748
81,1,28-86km,v,blur_sigma2,freq_l1_unweighted,0.34799230098724365
81,1,28-86km,v,blur_sigma2,melr,-0.1540960669517517
81,1,28-86km,v,blur_sigma2,swd,0.10375122725963593
81,2,57-175km,u,blur_sigma2,freq_l1,0.05130067840218544
81,2,57-175km,u,blur_sigma2,freq_l1_unweighted,0.07293405383825302
81,2,57-175km,u,blur_sigma2,melr,-0.07064424455165863
81,2,57-175km,u,blur_sigma2,swd,0.024479564279317856
81,2,57-175km,v,blur_sigma2,freq_l1,0.07008920609951019
81,2,57-175km,v,blur_sigma2,freq_l1_unweighted,0.09745919704437256
81,2,57-175km,v,blur_sigma2,melr,-0.036414794623851776
81,2,57-175km,v,blur_sigma2,swd,0.03116396628320217
81,3,114-359km,u,blur_sigma2,freq_l1,0.011381912976503372
81,3,114-359km,u,blur_sigma2,freq_l1_unweighted,0.01441495306789875
81,3,114-359km,u,blur_sigma2,melr,-0.014999253675341606
81,3,114-359km,u,blur_sigma2,swd,0.007397722918540239
81,3,114-359km,v,blur_sigma2,freq_l1,0.01758386939764023
81,3,114-359km,v,blur_sigma2,freq_l1_unweighted,0.022846408188343048
81,3,114-359km,v,blur_sigma2,melr,-0.009139027446508408
81,3,114-359km,v,blur_sigma2,swd,0.010771820321679115
81,4,>325km,u,blur_sigma2,freq_l1,0.0006402752478606999
81,4,>325km,u,blur_sigma2,freq_l1_unweighted,0.0007504743989557028
81,4,>325km,u,blur_sigma2,melr,-0.0006163915386423469
81,4,>325km,u,blur_sigma2,swd,0.002071626950055361
81,4,>325km,v,blur_sigma2,freq_l1,0.0016923355869948864
81,4,>325km,v,blur_sigma2,freq_l1_unweighted,0.0018761766841635108
81,4,>325km,v,blur_sigma2,melr,-0.00038279040018096566
81,4,>325km,v,blur_sigma2,swd,0.005143923684954643
164,0,6-25km,u,shift_2px,freq_l1,0.3813137710094452
164,0,6-25km,u,shift_2px,freq_l1_unweighted,0.6802125573158264
164,0,6-25km,u,shift_2px,melr,2.8239236726790296e-08
164,0,6-25km,u,shift_2px,swd,0.03043021447956562
164,0,6-25km,v,shift_2px,freq_l1,0.5501560568809509
164,0,6-25km,v,shift_2px,freq_l1_unweighted,1.0747162103652954
164,0,6-25km,v,shift_2px,melr,3.294577766155271e-08
164,0,6-25km,v,shift_2px,swd,0.05096973478794098
164,1,28-86km,u,shift_2px,freq_l1,0.36919471621513367
164,1,28-86km,u,shift_2px,freq_l1_unweighted,0.533370852470398
164,1,28-86km,u,shift_2px,melr,1.8826158409979143e-08
164,1,28-86km,u,shift_2px,swd,0.01362671609967947
164,1,28-86km,v,shift_2px,freq_l1,0.5164522528648376
164,1,28-86km,v,shift_2px,freq_l1_unweighted,0.7835327386856079
164,1,28-86km,v,shift_2px,melr,2.353269756838472e-08
164,1,28-86km,v,shift_2px,swd,0.02217538096010685
164,2,57-175km,u,shift_2px,freq_l1,0.2439449429512024
164,2,57-175km,u,shift_2px,freq_l1_unweighted,0.314545601606369
164,2,57-175km,u,shift_2px,melr,-9.689219412762598e-16
164,2,57-175km,u,shift_2px,swd,0.011131580919027328
164,2,57-175km,v,shift_2px,freq_l1,0.33003556728363037
164,2,57-175km,v,shift_2px,freq_l1_unweighted,0.44564005732536316
164,2,57-175km,v,shift_2px,melr,2.353269579202788e-09
164,2,57-175km,v,shift_2px,swd,0.01880829967558384
164,3,114-359km,u,shift_2px,freq_l1,0.13999201357364655
164,3,114-359km,u,shift_2px,freq_l1_unweighted,0.16778793931007385
164,3,114-359km,u,shift_2px,melr,-1.4119621027930407e-08
164,3,114-359km,u,shift_2px,swd,0.00657801516354084
164,3,114-359km,v,shift_2px,freq_l1,0.2076110690832138
164,3,114-359km,v,shift_2px,freq_l1_unweighted,0.24274975061416626
164,3,114-359km,v,shift_2px,melr,2.3532686910243683e-09
164,3,114-359km,v,shift_2px,swd,0.012791394256055355
164,4,>325km,u,shift_2px,freq_l1,0.026798730716109276
164,4,>325km,u,shift_2px,freq_l1_unweighted,0.028821192681789398
164,4,>325km,u,shift_2px,melr,-1.8826163739049662e-08
164,4,>325km,u,shift_2px,swd,0.005577854346483946
164,4,>325km,v,shift_2px,freq_l1,0.05620713531970978
164,4,>325km,v,shift_2px,freq_l1_unweighted,0.05591766908764839
164,4,>325km,v,shift_2px,melr,7.059807849429944e-09
164,4,>325km,v,shift_2px,swd,0.014848951250314713
164,0,6-25km,u,shift_3px,freq_l1,0.42943474650382996
164,0,6-25km,u,shift_3px,freq_l1_unweighted,0.7327632904052734
164,0,6-25km,u,shift_3px,melr,3.765231681995829e-08
164,0,6-25km,u,shift_3px,swd,0.026656663045287132
164,0,6-25km,v,shift_3px,freq_l1,0.6221241354942322
164,0,6-25km,v,shift_3px,freq_l1_unweighted,1.1328095197677612
164,0,6-25km,v,shift_3px,melr,4.2358852425650184e-08
164,0,6-25km,v,shift_3px,swd,0.04783567413687706
164,1,28-86km,u,shift_3px,freq_l1,0.4817717373371124
164,1,28-86km,u,shift_3px,freq_l1_unweighted,0.7314449548721313
164,1,28-86km,u,shift_3px,melr,3.765231681995829e-08
164,1,28-86km,u,shift_3px,swd,0.015968598425388336
164,1,28-86km,v,shift_3px,freq_l1,0.6696703433990479
164,1,28-86km,v,shift_3px,freq_l1_unweighted,1.0730799436569214
164,1,28-86km,v,shift_3px,melr,2.353269756838472e-08
164,1,28-86km,v,shift_3px,swd,0.029496556147933006
164,2,57-175km,u,shift_3px,freq_l1,0.351186066865921
164,2,57-175km,u,shift_3px,freq_l1_unweighted,0.46142998337745667
164,2,57-175km,u,shift_3px,melr,-9.413080981346411e-09
164,2,57-175km,u,shift_3px,swd,0.012526164762675762
164,2,57-175km,v,shift_3px,freq_l1,0.47493743896484375
164,2,57-175km,v,shift_3px,freq_l1_unweighted,0.6534972786903381
164,2,57-175km,v,shift_3px,melr,4.706539602494786e-09
164,2,57-175km,v,shift_3px,swd,0.016693105921149254
164,3,114-359km,u,shift_3px,freq_l1,0.2077336460351944
164,3,114-359km,u,shift_3px,freq_l1_unweighted,0.25018012523651123
164,3,114-359km,u,shift_3px,melr,-7.059811846232833e-09
164,3,114-359km,u,shift_3px,swd,0.009826014749705791
164,3,114-359km,v,shift_3px,freq_l1,0.3092464208602905
164,3,114-359km,v,shift_3px,freq_l1_unweighted,0.3622484505176544
164,3,114-359km,v,shift_3px,melr,-2.3532709114704176e-09
164,3,114-359km,v,shift_3px,swd,0.013920658268034458
164,4,>325km,u,shift_3px,freq_l1,0.03997332230210304
164,4,>325km,u,shift_3px,freq_l1_unweighted,0.04318661615252495
164,4,>325km,u,shift_3px,melr,-1.6472892383490034e-08
164,4,>325km,u,shift_3px,swd,0.008493234403431416
164,4,>325km,v,shift_3px,freq_l1,0.0846373662352562
164,4,>325km,v,shift_3px,freq_l1_unweighted,0.08379697799682617
164,4,>325km,v,shift_3px,melr,-5.167583686806719e-15
164,4,>325km,v,shift_3px,swd,0.01571640931069851
164,0,6-25km,u,blur_sigma0.5,freq_l1,0.031632572412490845
164,0,6-25km,u,blur_sigma0.5,freq_l1_unweighted,0.053114328533411026
164,0,6-25km,u,blur_sigma0.5,melr,-0.054374609142541885
164,0,6-25km,u,blur_sigma0.5,swd,0.030038107186555862
164,0,6-25km,v,blur_sigma0.5,freq_l1,0.04736144468188286
164,0,6-25km,v,blur_sigma0.5,freq_l1_unweighted,0.08851771801710129
164,0,6-25km,v,blur_sigma0.5,melr,-0.0628981813788414
164,0,6-25km,v,blur_sigma0.5,swd,0.05846669152379036
164,1,28-86km,u,blur_sigma0.5,freq_l1,0.009122868068516254
164,1,28-86km,u,blur_sigma0.5,freq_l1_unweighted,0.013294459320604801
164,1,28-86km,u,blur_sigma0.5,melr,-0.010563421063125134
164,1,28-86km,u,blur_sigma0.5,swd,0.003907921724021435
164,1,28-86km,v,blur_sigma0.5,freq_l1,0.012568783015012741
164,1,28-86km,v,blur_sigma0.5,freq_l1_unweighted,0.018322212621569633
164,1,28-86km,v,blur_sigma0.5,melr,-0.009087630547583103
164,1,28-86km,v,blur_sigma0.5,swd,0.0053297108970582485
164,2,57-175km,u,blur_sigma0.5,freq_l1,0.002498096087947488
164,2,57-175km,u,blur_sigma0.5,freq_l1_unweighted,0.003480957355350256
164,2,57-175km,u,blur_sigma0.5,melr,-0.0024095987901091576
164,2,57-175km,u,blur_sigma0.5,swd,0.0010625815484672785
164,2,57-175km,v,blur_sigma0.5,freq_l1,0.003294329857453704
164,2,57-175km,v,blur_sigma0.5,freq_l1_unweighted,0.00445268489420414
164,2,57-175km,v,blur_sigma0.5,melr,-0.0019504065858200192
164,2,57-175km,v,blur_sigma0.5,swd,0.0014415944460779428
164,3,114-359km,u,blur_sigma0.5,freq_l1,0.0006762858247384429
164,3,114-359km,u,blur_sigma0.5,freq_l1_unweighted,0.0008775622118264437
164,3,114-359km,u,blur_sigma0.5,melr,-0.0006379647529684007
164,3,114-359km,u,blur_sigma0.5,swd,0.00039182044565677643
164,3,114-359km,v,blur_sigma0.5,freq_l1,0.0007994232582859695
164,3,114-359km,v,blur_sigma0.5,freq_l1_unweighted,0.0010860605398193002
164,3,114-359km,v,blur_sigma0.5,melr,-0.0005025392165407538
164,3,114-359km,v,blur_sigma0.5,swd,0.00056368118384853
164,4,>325km,u,blur_sigma0.5,freq_l1,5.2691964810946956e-05
164,4,>325km,u,blur_sigma0.5,freq_l1_unweighted,6.62936145090498e-05
164,4,>325km,u,blur_sigma0.5,melr,-0.00012330245226621628
164,4,>325km,u,blur_sigma0.5,swd,0.00022284277656581253
164,4,>325km,v,blur_sigma0.5,freq_l1,0.00011353115405654535
164,4,>325km,v,blur_sigma0.5,freq_l1_unweighted,0.00011612510570557788
164,4,>325km,v,blur_sigma0.5,melr,-4.7290326619986445e-05
164,4,>325km,v,blur_sigma0.5,swd,0.0004194363427814096
164,0,6-25km,u,blur_sigma1,freq_l1,0.09554892033338547
164,0,6-25km,u,blur_sigma1,freq_l1_unweighted,0.16820842027664185
164,0,6-25km,u,blur_sigma1,melr,-0.16987277567386627
164,0,6-25km,u,blur_sigma1,swd,0.09285686910152435
164,0,6-25km,v,blur_sigma1,freq_l1,0.14049121737480164
164,0,6-25km,v,blur_sigma1,freq_l1_unweighted,0.27464839816093445
164,0,6-25km,v,blur_sigma1,melr,-0.19295281171798706
164,0,6-25km,v,blur_sigma1,swd,0.1759810894727707
164,1,28-86km,u,blur_sigma1,freq_l1,0.03844726085662842
164,1,28-86km,u,blur_sigma1,freq_l1_unweighted,0.05662665143609047
164,1,28-86km,u,blur_sigma1,melr,-0.04536410793662071
164,1,28-86km,u,blur_sigma1,swd,0.01652604527771473
164,1,28-86km,v,blur_sigma1,freq_l1,0.05263678729534149
164,1,28-86km,v,blur_sigma1,freq_l1_unweighted,0.07763998955488205
164,1,28-86km,v,blur_sigma1,melr,-0.03874699026346207
164,1,28-86km,v,blur_sigma1,swd,0.022204797714948654
164,2,57-175km,u,blur_sigma1,freq_l1,0.011136715300381184
164,2,57-175km,u,blur_sigma1,freq_l1_unweighted,0.015577533282339573
164,2,57-175km,u,blur_sigma1,melr,-0.01092506106942892
164,2,57-175km,u,blur_sigma1,swd,0.005630613770335913
164,2,57-175km,v,blur_sigma1,freq_l1,0.014640734530985355
164,2,57-175km,v,blur_sigma1,freq_l1_unweighted,0.019817642867565155
164,2,57-175km,v,blur_sigma1,melr,-0.008844759315252304
164,2,57-175km,v,blur_sigma1,swd,0.006509711500257254
164,3,114-359km,u,blur_sigma1,freq_l1,0.003011372871696949
164,3,114-359km,u,blur_sigma1,freq_l1_unweighted,0.003941545728594065
164,3,114-359km,u,blur_sigma1,melr,-0.002943518804386258
164,3,114-359km,u,blur_sigma1,swd,0.0016020945040509105
164,3,114-359km,v,blur_sigma1,freq_l1,0.0035255977418273687
164,3,114-359km,v,blur_sigma1,freq_l1_unweighted,0.004834748804569244
164,3,114-359km,v,blur_sigma1,melr,-0.0022941986098885536
164,3,114-359km,v,blur_sigma1,swd,0.0021511479280889034
164,4,>325km,u,blur_sigma1,freq_l1,0.00022672899649478495
164,4,>325km,u,blur_sigma1,freq_l1_unweighted,0.000288406852632761
164,4,>325km,u,blur_sigma1,melr,-0.0005512958159670234
164,4,>325km,u,blur_sigma1,swd,0.0010150347370654345
164,4,>325km,v,blur_sigma1,freq_l1,0.0004801020841114223
164,4,>325km,v,blur_sigma1,freq_l1_unweighted,0.0005064508877694607
164,4,>325km,v,blur_sigma1,melr,-0.00024122277682181448
164,4,>325km,v,blur_sigma1,swd,0.0016657181549817324
164,0,6-25km,u,blur_sigma2,freq_l1,0.1548571139574051
164,0,6-25km,u,blur_sigma2,freq_l1_unweighted,0.2940599322319031
164,0,6-25km,u,blur_sigma2,melr,-0.2953605651855469
164,0,6-25km,u,blur_sigma2,swd,0.16495952010154724
164,0,6-25km,v,blur_sigma2,freq_l1,0.21973733603954315
164,0,6-25km,v,blur_sigma2,freq_l1_unweighted,0.4552209973335266
164,0,6-25km,v,blur_sigma2,melr,-0.31417348980903625
164,0,6-25km,v,blur_sigma2,swd,0.2976686954498291
164,1,28-86km,u,blur_sigma2,freq_l1,0.11045798659324646
164,1,28-86km,u,blur_sigma2,freq_l1_unweighted,0.1689993292093277
164,1,28-86km,u,blur_sigma2,melr,-0.138866126537323
164,1,28-86km,u,blur_sigma2,swd,0.04463524743914604
164,1,28-86km,v,blur_sigma2,freq_l1,0.14867568016052246
164,1,28-86km,v,blur_sigma2,freq_l1_unweighted,0.22867538034915924
164,1,28-86km,v,blur_sigma2,melr,-0.11661705374717712
164,1,28-86km,v,blur_sigma2,swd,0.0714653953909874
164,2,57-175km,u,blur_sigma2,freq_l1,0.0396113246679306
164,2,57-175km,u,blur_sigma2,freq_l1_unweighted,0.05606048181653023
164,2,57-175km,u,blur_sigma2,melr,-0.040164507925510406
164,2,57-175km,u,blur_sigma2,swd,0.018725445494055748
164,2,57-175km,v,blur_sigma2,freq_l1,0.051815129816532135
164,2,57-175km,v,blur_sigma2,freq_l1_unweighted,0.07088088244199753
164,2,57-175km,v,blur_sigma2,melr,-0.0324564129114151
164,2,57-175km,v,blur_sigma2,swd,0.025559455156326294
164,3,114-359km,u,blur_sigma2,freq_l1,0.011248058639466763
164,3,114-359km,u,blur_sigma2,freq_l1_unweighted,0.014905822463333607
164,3,114-359km,u,blur_sigma2,melr,-0.011467874981462955
164,3,114-359km,u,blur_sigma2,swd,0.005776614882051945
164,3,114-359km,v,blur_sigma2,freq_l1,0.013140607625246048
164,3,114-359km,v,blur_sigma2,freq_l1_unweighted,0.018218712881207466
164,3,114-359km,v,blur_sigma2,melr,-0.008890862576663494
164,3,114-359km,v,blur_sigma2,swd,0.009391995146870613
164,4,>325km,u,blur_sigma2,freq_l1,0.0008337839972227812
164,4,>325km,u,blur_sigma2,freq_l1_unweighted,0.0010677175596356392
164,4,>325km,u,blur_sigma2,melr,-0.0020696124993264675
164,4,>325km,u,blur_sigma2,swd,0.0036275237798690796
164,4,>325km,v,blur_sigma2,freq_l1,0.0017334818840026855
164,4,>325km,v,blur_sigma2,freq_l1_unweighted,0.0019084889208897948
164,4,>325km,v,blur_sigma2,melr,-0.0010571099119260907
164,4,>325km,v,blur_sigma2,swd,0.006936154793947935
357,0,6-25km,u,shift_2px,freq_l1,0.47627803683280945
357,0,6-25km,u,shift_2px,freq_l1_unweighted,0.8979589343070984
357,0,6-25km,u,shift_2px,melr,2.157163869753731e-08
357,0,6-25km,u,shift_2px,swd,0.038482461124658585
357,0,6-25km,v,shift_2px,freq_l1,0.5702245831489563
357,0,6-25km,v,shift_2px,freq_l1_unweighted,1.1743813753128052
357,0,6-25km,v,shift_2px,melr,5.1771934295175015e-08
357,0,6-25km,v,shift_2px,swd,0.11169088631868362
357,1,28-86km,u,shift_2px,freq_l1,0.43611422181129456
357,1,28-86km,u,shift_2px,freq_l1_unweighted,0.6253191828727722
357,1,28-86km,u,shift_2px,melr,1.5100146910640433e-08
357,1,28-86km,u,shift_2px,swd,0.017689792439341545
357,1,28-86km,v,shift_2px,freq_l1,0.5326328873634338
357,1,28-86km,v,shift_2px,freq_l1_unweighted,0.846662700176239
357,1,28-86km,v,shift_2px,melr,1.2942982685615334e-08
357,1,28-86km,v,shift_2px,swd,0.04186227545142174
357,2,57-175km,u,shift_2px,freq_l1,0.26354309916496277
357,2,57-175km,u,shift_2px,freq_l1_unweighted,0.32360103726387024
357,2,57-175km,u,shift_2px,melr,-6.471495339610556e-09
357,2,57-175km,u,shift_2px,swd,0.012490008026361465
357,2,57-175km,v,shift_2px,freq_l1,0.3563328981399536
357,2,57-175km,v,shift_2px,freq_l1_unweighted,0.47426486015319824
357,2,57-175km,v,shift_2px,melr,-2.157164002980494e-09
357,2,57-175km,v,shift_2px,swd,0.035451922565698624
357,3,114-359km,u,shift_2px,freq_l1,0.1462712436914444
357,3,114-359km,u,shift_2px,freq_l1_unweighted,0.15565361082553864
357,3,114-359km,u,shift_2px,melr,1.0785818460590235e-08
357,3,114-359km,u,shift_2px,swd,0.006428870372474194
357,3,114-359km,v,shift_2px,freq_l1,0.2265479564666748
357,3,114-359km,v,shift_2px,freq_l1_unweighted,0.23826240003108978
357,3,114-359km,v,shift_2px,melr,6.471490454629247e-09
357,3,114-359km,v,shift_2px,swd,0.02032606117427349
357,4,>325km,u,shift_2px,freq_l1,0.02675309218466282
357,4,>325km,u,shift_2px,freq_l1_unweighted,0.02777881734073162
357,4,>325km,u,shift_2px,melr,4.314325341425729e-09
357,4,>325km,u,shift_2px,swd,0.008748821914196014
357,4,>325km,v,shift_2px,freq_l1,0.057462651282548904
357,4,>325km,v,shift_2px,freq_l1_unweighted,0.05951811373233795
357,4,>325km,v,shift_2px,melr,6.471490454629247e-09
357,4,>325km,v,shift_2px,swd,0.019047312438488007
357,0,6-25km,u,shift_3px,freq_l1,0.5320079922676086
357,0,6-25km,u,shift_3px,freq_l1_unweighted,0.9421634078025818
357,0,6-25km,u,shift_3px,melr,2.5885967147587507e-08
357,0,6-25km,u,shift_3px,swd,0.04326299577951431
357,0,6-25km,v,shift_3px,freq_l1,0.6490792632102966
357,0,6-25km,v,shift_3px,freq_l1_unweighted,1.2292612791061401
357,0,6-25km,v,shift_3px,melr,5.608626452158205e-08
357,0,6-25km,v,shift_3px,swd,0.08480143547058105
357,1,28-86km,u,shift_3px,freq_l1,0.5607286691665649
357,1,28-86km,u,shift_3px,freq_l1_unweighted,0.8500916361808777
357,1,28-86km,u,shift_3px,melr,4.314327117782568e-09
357,1,28-86km,u,shift_3px,swd,0.019076751545071602
357,1,28-86km,v,shift_3px,freq_l1,0.6911303400993347
357,1,28-86km,v,shift_3px,freq_l1_unweighted,1.157623291015625
357,1,28-86km,v,shift_3px,melr,3.0200293821280866e-08
357,1,28-86km,v,shift_3px,swd,0.05730307102203369
357,2,57-175km,u,shift_3px,freq_l1,0.3780275285243988
357,2,57-175km,u,shift_3px,freq_l1_unweighted,0.4733542203903198
357,2,57-175km,u,shift_3px,melr,4.314324453247309e-09
357,2,57-175km,u,shift_3px,swd,0.014564032666385174
357,2,57-175km,v,shift_3px,freq_l1,0.5118987560272217
357,2,57-175km,v,shift_3px,freq_l1_unweighted,0.6960422992706299
357,2,57-175km,v,shift_3px,melr,-1.1842379282265398e-15
357,2,57-175km,v,shift_3px,swd,0.042056258767843246
357,3,114-359km,u,shift_3px,freq_l1,0.21663738787174225
357,3,114-359km,u,shift_3px,freq_l1_unweighted,0.23216985166072845
357,3,114-359km,u,shift_3px,melr,8.628653347386717e-09
357,3,114-359km,u,shift_3px,swd,0.008424485102295876
357,3,114-359km,v,shift_3px,freq_l1,0.3353419303894043
357,3,114-359km,v,shift_3px,freq_l1_unweighted,0.3556027412414551
357,3,114-359km,v,shift_3px,melr,2.1571626707128644e-09
357,3,114-359km,v,shift_3px,swd,0.022576285526156425
357,4,>325km,u,shift_3px,freq_l1,0.040174905210733414
357,4,>325km,u,shift_3px,freq_l1_unweighted,0.04163883626461029
357,4,>325km,u,shift_3px,melr,8.628654235565136e-09
357,4,>325km,u,shift_3px,swd,0.01238213013857603
357,4,>325km,v,shift_3px,freq_l1,0.08614177256822586
357,4,>325km,v,shift_3px,freq_l1_unweighted,0.08921606093645096
357,4,>325km,v,shift_3px,melr,4.3143262296041485e-09
357,4,>325km,v,shift_3px,swd,0.027831897139549255
357,0,6-25km,u,blur_sigma0.5,freq_l1,0.0412900485098362
357,0,6-25km,u,blur_sigma0.5,freq_l1_unweighted,0.08393042534589767
357,0,6-25km,u,blur_sigma0.5,melr,-0.09962636232376099
357,0,6-25km,u,blur_sigma0.5,swd,0.04979461431503296
357,0,6-25km,v,blur_sigma0.5,freq_l1,0.04833299294114113
357,0,6-25km,v,blur_sigma0.5,freq_l1_unweighted,0.09569378942251205
357,0,6-25km,v,blur_sigma0.5,melr,-0.0687280222773552
357,0,6-25km,v,blur_sigma0.5,swd,0.06334798038005829
357,1,28-86km,u,blur_sigma0.5,freq_l1,0.011042268015444279
357,1,28-86km,u,blur_sigma0.5,freq_l1_unweighted,0.017076732590794563
357,1,28-86km,u,blur_sigma0.5,melr,-0.014779780991375446
357,1,28-86km,u,blur_sigma0.5,swd,0.005111164879053831
357,1,28-86km,v,blur_sigma0.5,freq_l1,0.012674779631197453
357,1,28-86km,v,blur_sigma0.5,freq_l1_unweighted,0.018946001306176186
357,1,28-86km,v,blur_sigma0.5,melr,-0.009460270404815674
357,1,28-86km,v,blur_sigma0.5,swd,0.005644835531711578
357,2,57-175km,u,blur_sigma0.5,freq_l1,0.0029014134779572487
357,2,57-175km,u,blur_sigma0.5,freq_l1_unweighted,0.0039001365657895803
357,2,57-175km,u,blur_sigma0.5,melr,-0.0029139379039406776
357,2,57-175km,u,blur_sigma0.5,swd,0.0012987549416720867
357,2,57-175km,v,blur_sigma0.5,freq_l1,0.0032977480441331863
357,2,57-175km,v,blur_sigma0.5,freq_l1_unweighted,0.0043738530948758125
357,2,57-175km,v,blur_sigma0.5,melr,-0.0018823471618816257
357,2,57-175km,v,blur_sigma0.5,swd,0.0013965863035991788
357,3,114-359km,u,blur_sigma0.5,freq_l1,0.000718381954357028
357,3,114-359km,u,blur_sigma0.5,freq_l1_unweighted,0.0008622678578831255
357,3,114-359km,u,blur_sigma0.5,melr,-0.0006046914495527744
357,3,114-359km,u,blur_sigma0.5,swd,0.0003998276370111853
357,3,114-359km,v,blur_sigma0.5,freq_l1,0.0008284794166684151
357,3,114-359km,v,blur_sigma0.5,freq_l1_unweighted,0.0009889650391414762
357,3,114-359km,v,blur_sigma0.5,melr,-0.0004037857288494706
357,3,114-359km,v,blur_sigma0.5,swd,0.0004913986194878817
357,4,>325km,u,blur_sigma0.5,freq_l1,5.667177538271062e-05
357,4,>325km,u,blur_sigma0.5,freq_l1_unweighted,6.182744982652366e-05
357,4,>325km,u,blur_sigma0.5,melr,-5.333572335075587e-05
357,4,>325km,u,blur_sigma0.5,swd,0.00025508354883641005
357,4,>325km,v,blur_sigma0.5,freq_l1,8.789204730419442e-05
357,4,>325km,v,blur_sigma0.5,freq_l1_unweighted,9.571249393047765e-05
357,4,>325km,v,blur_sigma0.5,melr,-3.229184221709147e-05
357,4,>325km,v,blur_sigma0.5,swd,0.00038503631367348135
357,0,6-25km,u,blur_sigma1,freq_l1,0.12301836162805557
357,0,6-25km,u,blur_sigma1,freq_l1_unweighted,0.2608877420425415
357,0,6-25km,u,blur_sigma1,melr,-0.32141825556755066
357,0,6-25km,u,blur_sigma1,swd,0.15992943942546844
357,0,6-25km,v,blur_sigma1,freq_l1,0.1433776170015335
357,0,6-25km,v,blur_sigma1,freq_l1_unweighted,0.2963341772556305
357,0,6-25km,v,blur_sigma1,melr,-0.20166343450546265
357,0,6-25km,v,blur_sigma1,swd,0.19147101044654846
357,1,28-86km,u,blur_sigma1,freq_l1,0.046183113008737564
357,1,28-86km,u,blur_sigma1,freq_l1_unweighted,0.07238537818193436
357,1,28-86km,u,blur_sigma1,melr,-0.06372147053480148
357,1,28-86km,u,blur_sigma1,swd,0.021085567772388458
357,1,28-86km,v,blur_sigma1,freq_l1,0.05311078950762749
357,1,28-86km,v,blur_sigma1,freq_l1_unweighted,0.08029959350824356
357,1,28-86km,v,blur_sigma1,melr,-0.040076326578855515
357,1,28-86km,v,blur_sigma1,swd,0.023672930896282196
357,2,57-175km,u,blur_sigma1,freq_l1,0.01291672233492136
357,2,57-175km,u,blur_sigma1,freq_l1_unweighted,0.01743328757584095
357,2,57-175km,u,blur_sigma1,melr,-0.013212171383202076
357,2,57-175km,u,blur_sigma1,swd,0.0058414991945028305
357,2,57-175km,v,blur_sigma1,freq_l1,0.014755832962691784
357,2,57-175km,v,blur_sigma1,freq_l1_unweighted,0.019609710201621056
357,2,57-175km,v,blur_sigma1,melr,-0.008533398620784283
357,2,57-175km,v,blur_sigma1,swd,0.006716256029903889
357,3,114-359km,u,blur_sigma1,freq_l1,0.0031701133120805025
357,3,114-359km,u,blur_sigma1,freq_l1_unweighted,0.003835703944787383
357,3,114-359km,u,blur_sigma1,melr,-0.002796751679852605
357,3,114-359km,u,blur_sigma1,swd,0.0018609709804877639
357,3,114-359km,v,blur_sigma1,freq_l1,0.0037127842660993338
357,3,114-359km,v,blur_sigma1,freq_l1_unweighted,0.004457662347704172
357,3,114-359km,v,blur_sigma1,melr,-0.0018638774054124951
357,3,114-359km,v,blur_sigma1,swd,0.0019068117253482342
357,4,>325km,u,blur_sigma1,freq_l1,0.000238862368860282
357,4,>325km,u,blur_sigma1,freq_l1_unweighted,0.0002672306727617979
357,4,>325km,u,blur_sigma1,melr,-0.00024469036725349724
357,4,>325km,u,blur_sigma1,swd,0.0007291344227269292
357,4,>325km,v,blur_sigma1,freq_l1,0.0003811134665738791
357,4,>325km,v,blur_sigma1,freq_l1_unweighted,0.00042044385918416083
357,4,>325km,v,blur_sigma1,melr,-0.0001469330018153414
357,4,>325km,v,blur_sigma1,swd,0.0012459359131753445
357,0,6-25km,u,blur_sigma2,freq_l1,0.19305561482906342
357,0,6-25km,u,blur_sigma2,freq_l1_unweighted,0.43376851081848145
357,0,6-25km,u,blur_sigma2,melr,-0.5512585043907166
357,0,6-25km,u,blur_sigma2,swd,0.2761066257953644
357,0,6-25km,v,blur_sigma2,freq_l1,0.22291846573352814
357,0,6-25km,v,blur_sigma2,freq_l1_unweighted,0.48710501194000244
357,0,6-25km,v,blur_sigma2,melr,-0.30725720524787903
357,0,6-25km,v,blur_sigma2,swd,0.32569703459739685
357,1,28-86km,u,blur_sigma2,freq_l1,0.12996073067188263
357,1,28-86km,u,blur_sigma2,freq_l1_unweighted,0.21283961832523346
357,1,28-86km,u,blur_sigma2,melr,-0.1958862990140915
357,1,28-86km,u,blur_sigma2,swd,0.06020418554544449
357,1,28-86km,v,blur_sigma2,freq_l1,0.14984546601772308
357,1,28-86km,v,blur_sigma2,freq_l1_unweighted,0.23589001595973969
357,1,28-86km,v,blur_sigma2,melr,-0.11737370491027832
357,1,28-86km,v,blur_sigma2,swd,0.07072483748197556
357,2,57-175km,u,blur_sigma2,freq_l1,0.045755933970212936
357,2,57-175km,u,blur_sigma2,freq_l1_unweighted,0.06258288770914078
357,2,57-175km,u,blur_sigma2,melr,-0.04820946231484413
357,2,57-175km,u,blur_sigma2,swd,0.021423527970910072
357,2,57-175km,v,blur_sigma2,freq_l1,0.05264575406908989
357,2,57-175km,v,blur_sigma2,freq_l1_unweighted,0.07069231569766998
357,2,57-175km,v,blur_sigma2,melr,-0.030914070084691048
357,2,57-175km,v,blur_sigma2,swd,0.024613142013549805
357,3,114-359km,u,blur_sigma2,freq_l1,0.011856579221785069
357,3,114-359km,u,blur_sigma2,freq_l1_unweighted,0.014454214833676815
357,3,114-359km,u,blur_sigma2,melr,-0.010875701904296875
357,3,114-359km,u,blur_sigma2,swd,0.00653730146586895
357,3,114-359km,v,blur_sigma2,freq_l1,0.014049653895199299
357,3,114-359km,v,blur_sigma2,freq_l1_unweighted,0.01697986014187336
357,3,114-359km,v,blur_sigma2,melr,-0.0072234333492815495
357,3,114-359km,v,blur_sigma2,swd,0.007952581159770489
357,4,>325km,u,blur_sigma2,freq_l1,0.0008719097822904587
357,4,>325km,u,blur_sigma2,freq_l1_unweighted,0.0009946789359673858
357,4,>325km,u,blur_sigma2,melr,-0.0009305212297476828
357,4,>325km,u,blur_sigma2,swd,0.00291397119872272
357,4,>325km,v,blur_sigma2,freq_l1,0.0013997325440868735
357,4,>325km,v,blur_sigma2,freq_l1_unweighted,0.0015705260448157787
357,4,>325km,v,blur_sigma2,melr,-0.0005662997718900442
357,4,>325km,v,blur_sigma2,swd,0.0038617104291915894
30,0,6-25km,u,shift_2px,freq_l1,0.5171772837638855
30,0,6-25km,u,shift_2px,freq_l1_unweighted,1.0157397985458374
30,0,6-25km,u,shift_2px,melr,1.4791980973427599e-08
30,0,6-25km,u,shift_2px,swd,0.07408957928419113
30,0,6-25km,v,shift_2px,freq_l1,0.5054965019226074
30,0,6-25km,v,shift_2px,freq_l1_unweighted,0.9879661202430725
30,0,6-25km,v,shift_2px,melr,-3.045183183508749e-15
30,0,6-25km,v,shift_2px,swd,0.054589610546827316
30,1,28-86km,u,shift_2px,freq_l1,0.5445269346237183
30,1,28-86km,u,shift_2px,freq_l1_unweighted,0.8377116918563843
30,1,28-86km,u,shift_2px,melr,2.2187972348319818e-08
30,1,28-86km,u,shift_2px,swd,0.025918854400515556
30,1,28-86km,v,shift_2px,freq_l1,0.5156650543212891
30,1,28-86km,v,shift_2px,freq_l1_unweighted,0.8135098218917847
30,1,28-86km,v,shift_2px,melr,-1.5225915917543745e-15
30,1,28-86km,v,shift_2px,swd,0.0201837420463562
30,2,57-175km,u,shift_2px,freq_l1,0.3502809405326843
30,2,57-175km,u,shift_2px,freq_l1_unweighted,0.47057124972343445
30,2,57-175km,u,shift_2px,melr,-3.045183183508749e-15
30,2,57-175km,u,shift_2px,swd,0.018126921728253365
30,2,57-175km,v,shift_2px,freq_l1,0.3251897394657135
30,2,57-175km,v,shift_2px,freq_l1_unweighted,0.46487322449684143
30,2,57-175km,v,shift_2px,melr,-1.5225915917543745e-15
30,2,57-175km,v,shift_2px,swd,0.017218850553035736
30,3,114-359km,u,shift_2px,freq_l1,0.18777136504650116
30,3,114-359km,u,shift_2px,freq_l1_unweighted,0.2177620381116867
30,3,114-359km,u,shift_2px,melr,-1.1093989726873588e-08
30,3,114-359km,u,shift_2px,swd,0.01204889826476574
30,3,114-359km,v,shift_2px,freq_l1,0.1683250367641449
30,3,114-359km,v,shift_2px,freq_l1_unweighted,0.21114733815193176
30,3,114-359km,v,shift_2px,melr,-3.6979954654015046e-09
30,3,114-359km,v,shift_2px,swd,0.009765207767486572
30,4,>325km,u,shift_2px,freq_l1,0.03178961202502251
30,4,>325km,u,shift_2px,freq_l1_unweighted,0.03598593920469284
30,4,>325km,u,shift_2px,melr,-2.2187977677390336e-08
30,4,>325km,u,shift_2px,swd,0.013184547424316406
30,4,>325km,v,shift_2px,freq_l1,0.04134542495012283
30,4,>325km,v,shift_2px,freq_l1_unweighted,0.04555249214172363
30,4,>325km,v,shift_2px,melr,-2.2187977677390336e-08
30,4,>325km,v,shift_2px,swd,0.00940655916929245
30,0,6-25km,u,shift_3px,freq_l1,0.5972267389297485
30,0,6-25km,u,shift_3px,freq_l1_unweighted,1.1078922748565674
30,0,6-25km,u,shift_3px,melr,2.2187972348319818e-08
30,0,6-25km,u,shift_3px,swd,0.0704445019364357
30,0,6-25km,v,shift_3px,freq_l1,0.5648780465126038
30,0,6-25km,v,shift_3px,freq_l1_unweighted,1.0432217121124268
30,0,6-25km,v,shift_3px,melr,1.479197742071392e-08
30,0,6-25km,v,shift_3px,swd,0.05048442259430885
30,1,28-86km,u,shift_3px,freq_l1,0.7081064581871033
30,1,28-86km,u,shift_3px,freq_l1_unweighted,1.149590253829956
30,1,28-86km,u,shift_3px,melr,2.2187972348319818e-08
30,1,28-86km,u,shift_3px,swd,0.03534158319234848
30,1,28-86km,v,shift_3px,freq_l1,0.6619022488594055
30,1,28-86km,v,shift_3px,freq_l1_unweighted,1.109276533126831
30,1,28-86km,v,shift_3px,melr,2.2187972348319818e-08
30,1,28-86km,v,shift_3px,swd,0.02649078518152237
30,2,57-175km,u,shift_3px,freq_l1,0.5044904351234436
30,2,57-175km,u,shift_3px,freq_l1_unweighted,0.6897473335266113
30,2,57-175km,u,shift_3px,melr,7.39598915444617e-09
30,2,57-175km,u,shift_3px,swd,0.02089833840727806
30,2,57-175km,v,shift_3px,freq_l1,0.46688777208328247
30,2,57-175km,v,shift_3px,freq_l1_unweighted,0.6802176833152771
30,2,57-175km,v,shift_3px,melr,7.39598826626775e-09
30,2,57-175km,v,shift_3px,swd,0.019685130566358566
30,3,114-359km,u,shift_3px,freq_l1,0.27928370237350464
30,3,114-359km,u,shift_3px,freq_l1_unweighted,0.3247687816619873
30,3,114-359km,u,shift_3px,melr,-3.045183183508749e-15
30,3,114-359km,u,shift_3px,swd,0.016394928097724915
30,3,114-359km,v,shift_3px,freq_l1,0.24975714087486267
30,3,114-359km,v,shift_3px,freq_l1_unweighted,0.31450918316841125
30,3,114-359km,v,shift_3px,melr,-3.6979954654015046e-09
30,3,114-359km,v,shift_3px,swd,0.01376756839454174
30,4,>325km,u,shift_3px,freq_l1,0.04785836488008499
30,4,>325km,u,shift_3px,freq_l1_unweighted,0.05394339561462402
30,4,>325km,u,shift_3px,melr,-7.395993595338268e-09
30,4,>325km,u,shift_3px,swd,0.017557110637426376
30,4,>325km,v,shift_3px,freq_l1,0.06189003959298134
30,4,>325km,v,shift_3px,freq_l1_unweighted,0.06826513260602951
30,4,>325km,v,shift_3px,melr,-1.4791984526141277e-08
30,4,>325km,v,shift_3px,swd,0.012588310055434704
30,0,6-25km,u,blur_sigma0.5,freq_l1,0.04136758670210838
30,0,6-25km,u,blur_sigma0.5,freq_l1_unweighted,0.07367698103189468
30,0,6-25km,u,blur_sigma0.5,melr,-0.049872152507305145
30,0,6-25km,u,blur_sigma0.5,swd,0.04351108521223068
30,0,6-25km,v,blur_sigma0.5,freq_l1,0.04161703959107399
30,0,6-25km,v,blur_sigma0.5,freq_l1_unweighted,0.07715939730405807
30,0,6-25km,v,blur_sigma0.5,melr,-0.06188337132334709
30,0,6-25km,v,blur_sigma0.5,swd,0.04885359853506088
30,1,28-86km,u,blur_sigma0.5,freq_l1,0.013133742846548557
30,1,28-86km,u,blur_sigma0.5,freq_l1_unweighted,0.019846301525831223
30,1,28-86km,u,blur_sigma0.5,melr,-0.011048759333789349
30,1,28-86km,u,blur_sigma0.5,swd,0.005290772300213575
30,1,28-86km,v,blur_sigma0.5,freq_l1,0.01244832668453455
30,1,28-86km,v,blur_sigma0.5,freq_l1_unweighted,0.019415663555264473
30,1,28-86km,v,blur_sigma0.5,melr,-0.011153140105307102
30,1,28-86km,v,blur_sigma0.5,swd,0.00557217001914978
30,2,57-175km,u,blur_sigma0.5,freq_l1,0.003676377236843109
30,2,57-175km,u,blur_sigma0.5,freq_l1_unweighted,0.005143505055457354
30,2,57-175km,u,blur_sigma0.5,melr,-0.0028598846402019262
30,2,57-175km,u,blur_sigma0.5,swd,0.0016594714252278209
30,2,57-175km,v,blur_sigma0.5,freq_l1,0.0033650279510766268
30,2,57-175km,v,blur_sigma0.5,freq_l1_unweighted,0.0050764912739396095
30,2,57-175km,v,blur_sigma0.5,melr,-0.00296512758359313
30,2,57-175km,v,blur_sigma0.5,swd,0.0019501936621963978
30,3,114-359km,u,blur_sigma0.5,freq_l1,0.0009299766388721764
30,3,114-359km,u,blur_sigma0.5,freq_l1_unweighted,0.0011591489892452955
30,3,114-359km,u,blur_sigma0.5,melr,-0.0006044936599209905
30,3,114-359km,u,blur_sigma0.5,swd,0.0005136092659085989
30,3,114-359km,v,blur_sigma0.5,freq_l1,0.0008665363420732319
30,3,114-359km,v,blur_sigma0.5,freq_l1_unweighted,0.0011834487086161971
30,3,114-359km,v,blur_sigma0.5,melr,-0.0006370198680087924
30,3,114-359km,v,blur_sigma0.5,swd,0.0006492503453046083
30,4,>325km,u,blur_sigma0.5,freq_l1,8.555460226489231e-05
30,4,>325km,u,blur_sigma0.5,freq_l1_unweighted,9.1452595370356e-05
30,4,>325km,u,blur_sigma0.5,melr,-4.191301923128776e-05
30,4,>325km,u,blur_sigma0.5,swd,0.00033402812550775707
30,4,>325km,v,blur_sigma0.5,freq_l1,7.35296998755075e-05
30,4,>325km,v,blur_sigma0.5,freq_l1_unweighted,9.726218559080735e-05
30,4,>325km,v,blur_sigma0.5,melr,-0.0001188524765893817
30,4,>325km,v,blur_sigma0.5,swd,0.00033387227449566126
30,0,6-25km,u,blur_sigma1,freq_l1,0.1259889155626297
30,0,6-25km,u,blur_sigma1,freq_l1_unweighted,0.23512840270996094
30,0,6-25km,u,blur_sigma1,melr,-0.15832218527793884
30,0,6-25km,u,blur_sigma1,swd,0.13145537674427032
30,0,6-25km,v,blur_sigma1,freq_l1,0.1262967437505722
30,0,6-25km,v,blur_sigma1,freq_l1_unweighted,0.2452416718006134
30,0,6-25km,v,blur_sigma1,melr,-0.19290326535701752
30,0,6-25km,v,blur_sigma1,swd,0.15389081835746765
30,1,28-86km,u,blur_sigma1,freq_l1,0.05541424825787544
30,1,28-86km,u,blur_sigma1,freq_l1_unweighted,0.08474904298782349
30,1,28-86km,u,blur_sigma1,melr,-0.04804292693734169
30,1,28-86km,u,blur_sigma1,swd,0.022889763116836548
30,1,28-86km,v,blur_sigma1,freq_l1,0.05240527167916298
30,1,28-86km,v,blur_sigma1,freq_l1_unweighted,0.08278801292181015
30,1,28-86km,v,blur_sigma1,melr,-0.04831741377711296
30,1,28-86km,v,blur_sigma1,swd,0.027054226025938988
30,2,57-175km,u,blur_sigma1,freq_l1,0.016463706269860268
30,2,57-175km,u,blur_sigma1,freq_l1_unweighted,0.02309231273829937
30,2,57-175km,u,blur_sigma1,melr,-0.012983565218746662
30,2,57-175km,u,blur_sigma1,swd,0.007993856444954872
30,2,57-175km,v,blur_sigma1,freq_l1,0.015026740729808807
30,2,57-175km,v,blur_sigma1,freq_l1_unweighted,0.022803599014878273
30,2,57-175km,v,blur_sigma1,melr,-0.013512915000319481
30,2,57-175km,v,blur_sigma1,swd,0.007697219029068947
30,3,114-359km,u,blur_sigma1,freq_l1,0.004147814121097326
30,3,114-359km,u,blur_sigma1,freq_l1_unweighted,0.005183950997889042
30,3,114-359km,u,blur_sigma1,melr,-0.0027636534068733454
30,3,114-359km,u,blur_sigma1,swd,0.0020657475106418133
30,3,114-359km,v,blur_sigma1,freq_l1,0.003895476460456848
30,3,114-359km,v,blur_sigma1,freq_l1_unweighted,0.005355027038604021
30,3,114-359km,v,blur_sigma1,melr,-0.002944526495411992
30,3,114-359km,v,blur_sigma1,swd,0.0026160082779824734
30,4,>325km,u,blur_sigma1,freq_l1,0.0003610124986153096
30,4,>325km,u,blur_sigma1,freq_l1_unweighted,0.00039365648990496993
30,4,>325km,u,blur_sigma1,melr,-0.00021342608670238405
30,4,>325km,u,blur_sigma1,swd,0.0011833634926006198
30,4,>325km,v,blur_sigma1,freq_l1,0.00031900525209493935
30,4,>325km,v,blur_sigma1,freq_l1_unweighted,0.0004307765047997236
30,4,>325km,v,blur_sigma1,melr,-0.0005477121449075639
30,4,>325km,v,blur_sigma1,swd,0.0015693441964685917
30,0,6-25km,u,blur_sigma2,freq_l1,0.20836326479911804
30,0,6-25km,u,blur_sigma2,freq_l1_unweighted,0.41777849197387695
30,0,6-25km,u,blur_sigma2,melr,-0.29446500539779663
30,0,6-25km,u,blur_sigma2,swd,0.253354012966156
30,0,6-25km,v,blur_sigma2,freq_l1,0.20417676866054535
30,0,6-25km,v,blur_sigma2,freq_l1_unweighted,0.42492538690567017
30,0,6-25km,v,blur_sigma2,melr,-0.3345142900943756
30,0,6-25km,v,blur_sigma2,swd,0.28011399507522583
30,1,28-86km,u,blur_sigma2,freq_l1,0.15972299873828888
30,1,28-86km,u,blur_sigma2,freq_l1_unweighted,0.2549264430999756
30,1,28-86km,u,blur_sigma2,melr,-0.15268664062023163
30,1,28-86km,u,blur_sigma2,swd,0.07285848259925842
30,1,28-86km,v,blur_sigma2,freq_l1,0.15046682953834534
30,1,28-86km,v,blur_sigma2,freq_l1_unweighted,0.2484039068222046
30,1,28-86km,v,blur_sigma2,melr,-0.15270701050758362
30,1,28-86km,v,blur_sigma2,swd,0.07415305078029633
30,2,57-175km,u,blur_sigma2,freq_l1,0.05874207243323326
30,2,57-175km,u,blur_sigma2,freq_l1_unweighted,0.0833543911576271
30,2,57-175km,u,blur_sigma2,melr,-0.04775906726717949
30,2,57-175km,u,blur_sigma2,swd,0.0325428768992424
30,2,57-175km,v,blur_sigma2,freq_l1,0.05342430621385574
30,2,57-175km,v,blur_sigma2,freq_l1_unweighted,0.08249367773532867
30,2,57-175km,v,blur_sigma2,melr,-0.05025264993309975
30,2,57-175km,v,blur_sigma2,swd,0.027939345687627792
30,3,114-359km,u,blur_sigma2,freq_l1,0.015583823435008526
30,3,114-359km,u,blur_sigma2,freq_l1_unweighted,0.019555803388357162
30,3,114-359km,u,blur_sigma2,melr,-0.010625997558236122
30,3,114-359km,u,blur_sigma2,swd,0.008488831110298634
30,3,114-359km,v,blur_sigma2,freq_l1,0.014715291559696198
30,3,114-359km,v,blur_sigma2,freq_l1_unweighted,0.020437149330973625
30,3,114-359km,v,blur_sigma2,melr,-0.011510168202221394
30,3,114-359km,v,blur_sigma2,swd,0.009539631195366383
30,4,>325km,u,blur_sigma2,freq_l1,0.0012720793019980192
30,4,>325km,u,blur_sigma2,freq_l1_unweighted,0.0014428377617150545
30,4,>325km,u,blur_sigma2,melr,-0.0009481922024860978
30,4,>325km,u,blur_sigma2,swd,0.0038776712026447058
30,4,>325km,v,blur_sigma2,freq_l1,0.001187065034173429
30,4,>325km,v,blur_sigma2,freq_l1_unweighted,0.001637040521018207
30,4,>325km,v,blur_sigma2,melr,-0.00214636093005538
30,4,>325km,v,blur_sigma2,swd,0.005101373884826899
423,0,6-25km,u,shift_2px,freq_l1,0.4127001464366913
423,0,6-25km,u,shift_2px,freq_l1_unweighted,0.7090082764625549
423,0,6-25km,u,shift_2px,melr,2.5885967147587507e-08
423,0,6-25km,u,shift_2px,swd,0.043120548129081726
423,0,6-25km,v,shift_2px,freq_l1,0.436618834733963
423,0,6-25km,v,shift_2px,freq_l1_unweighted,0.8475577235221863
423,0,6-25km,v,shift_2px,melr,5.1771934295175015e-08
423,0,6-25km,v,shift_2px,swd,0.04323948919773102
423,1,28-86km,u,shift_2px,freq_l1,0.38809019327163696
423,1,28-86km,u,shift_2px,freq_l1_unweighted,0.5368505120277405
423,1,28-86km,u,shift_2px,melr,2.5885965371230668e-08
423,1,28-86km,u,shift_2px,swd,0.017316322773694992
423,1,28-86km,v,shift_2px,freq_l1,0.4170320928096771
423,1,28-86km,v,shift_2px,freq_l1_unweighted,0.6318379640579224
423,1,28-86km,v,shift_2px,melr,0.0
423,1,28-86km,v,shift_2px,swd,0.01906169019639492
423,2,57-175km,u,shift_2px,freq_l1,0.24042579531669617
423,2,57-175km,u,shift_2px,freq_l1_unweighted,0.2954931855201721
423,2,57-175km,u,shift_2px,melr,1.2942983573793754e-08
423,2,57-175km,u,shift_2px,swd,0.01580710895359516
423,2,57-175km,v,shift_2px,freq_l1,0.26612091064453125
423,2,57-175km,v,shift_2px,freq_l1_unweighted,0.3538703918457031
423,2,57-175km,v,shift_2px,melr,-1.941447891340431e-08
423,2,57-175km,v,shift_2px,swd,0.014365359209477901
423,3,114-359km,u,shift_2px,freq_l1,0.12965461611747742
423,3,114-359km,u,shift_2px,freq_l1_unweighted,0.15166127681732178
423,3,114-359km,u,shift_2px,melr,-6.471492230986087e-09
423,3,114-359km,u,shift_2px,swd,0.010443330742418766
423,3,114-359km,v,shift_2px,freq_l1,0.16167157888412476
423,3,114-359km,v,shift_2px,freq_l1_unweighted,0.1912328600883484
423,3,114-359km,v,shift_2px,melr,0.0
423,3,114-359km,v,shift_2px,swd,0.01042141579091549
423,4,>325km,u,shift_2px,freq_l1,0.025464549660682678
423,4,>325km,u,shift_2px,freq_l1_unweighted,0.032711211591959
423,4,>325km,u,shift_2px,melr,-2.5885970700301186e-08
423,4,>325km,u,shift_2px,swd,0.008694521151483059
423,4,>325km,v,shift_2px,freq_l1,0.04319553077220917
423,4,>325km,v,shift_2px,freq_l1_unweighted,0.0528634637594223
423,4,>325km,v,shift_2px,melr,-1.2942988902864272e-08
423,4,>325km,v,shift_2px,swd,0.01105604786425829
423,0,6-25km,u,shift_3px,freq_l1,0.4600273370742798
423,0,6-25km,u,shift_3px,freq_l1_unweighted,0.766446053981781
423,0,6-25km,u,shift_3px,melr,5.1771934295175015e-08
423,0,6-25km,u,shift_3px,swd,0.03527833893895149
423,0,6-25km,v,shift_3px,freq_l1,0.48265552520751953
423,0,6-25km,v,shift_3px,freq_l1_unweighted,0.8806902766227722
423,0,6-25km,v,shift_3px,melr,3.882895072138126e-08
423,0,6-25km,v,shift_3px,swd,0.04436135292053223
423,1,28-86km,u,shift_3px,freq_l1,0.5024725198745728
423,1,28-86km,u,shift_3px,freq_l1_unweighted,0.7340802550315857
423,1,28-86km,u,shift_3px,melr,2.588596359487383e-08
423,1,28-86km,u,shift_3px,swd,0.021912312135100365
423,1,28-86km,v,shift_3px,freq_l1,0.5396010279655457
423,1,28-86km,v,shift_3px,freq_l1_unweighted,0.8652236461639404
423,1,28-86km,v,shift_3px,melr,0.0
423,1,28-86km,v,shift_3px,swd,0.021943192929029465
423,2,57-175km,u,shift_3px,freq_l1,0.3454437255859375
423,2,57-175km,u,shift_3px,freq_l1_unweighted,0.4330552816390991
423,2,57-175km,u,shift_3px,melr,-1.2942986238329013e-08
423,2,57-175km,u,shift_3px,swd,0.016879912465810776
423,2,57-175km,v,shift_3px,freq_l1,0.3836270272731781
423,2,57-175km,v,shift_3px,freq_l1_unweighted,0.5184770226478577
423,2,57-175km,v,shift_3px,melr,-1.941447891340431e-08
423,2,57-175km,v,shift_3px,swd,0.015724103897809982
423,3,114-359km,u,shift_3px,freq_l1,0.19259846210479736
423,3,114-359km,u,shift_3px,freq_l1_unweighted,0.2262914478778839
423,3,114-359km,u,shift_3px,melr,6.471491342807667e-09
423,3,114-359km,u,shift_3px,swd,0.011791890487074852
423,3,114-359km,v,shift_3px,freq_l1,0.24036653339862823
423,3,114-359km,v,shift_3px,freq_l1_unweighted,0.28537634015083313
423,3,114-359km,v,shift_3px,melr,6.471491342807667e-09
423,3,114-359km,v,shift_3px,swd,0.011731503531336784
423,4,>325km,u,shift_3px,freq_l1,0.03826366364955902
423,4,>325km,u,shift_3px,freq_l1_unweighted,0.049037083983421326
423,4,>325km,u,shift_3px,melr,-2.5885970700301186e-08
423,4,>325km,u,shift_3px,swd,0.014063636772334576
423,4,>325km,v,shift_3px,freq_l1,0.06506916880607605
423,4,>325km,v,shift_3px,freq_l1_unweighted,0.07921993732452393
423,4,>325km,v,shift_3px,melr,-2.6645352591003757e-15
423,4,>325km,v,shift_3px,swd,0.013177653774619102
423,0,6-25km,u,blur_sigma0.5,freq_l1,0.03436838090419769
423,0,6-25km,u,blur_sigma0.5,freq_l1_unweighted,0.05694638192653656
423,0,6-25km,u,blur_sigma0.5,melr,-0.05547952279448509
423,0,6-25km,u,blur_sigma0.5,swd,0.03134872391819954
423,0,6-25km,v,blur_sigma0.5,freq_l1,0.03747348487377167
423,0,6-25km,v,blur_sigma0.5,freq_l1_unweighted,0.06792247295379639
423,0,6-25km,v,blur_sigma0.5,melr,-0.0589606948196888
423,0,6-25km,v,blur_sigma0.5,swd,0.04382707551121712
423,1,28-86km,u,blur_sigma0.5,freq_l1,0.010206641629338264
423,1,28-86km,u,blur_sigma0.5,freq_l1_unweighted,0.014474461786448956
423,1,28-86km,u,blur_sigma0.5,melr,-0.011003725230693817
423,1,28-86km,u,blur_sigma0.5,swd,0.004057147540152073
423,1,28-86km,v,blur_sigma0.5,freq_l1,0.009974844753742218
423,1,28-86km,v,blur_sigma0.5,freq_l1_unweighted,0.014852646738290787
423,1,28-86km,v,blur_sigma0.5,melr,-0.009329122491180897
423,1,28-86km,v,blur_sigma0.5,swd,0.004380397964268923
423,2,57-175km,u,blur_sigma0.5,freq_l1,0.0026862891390919685
423,2,57-175km,u,blur_sigma0.5,freq_l1_unweighted,0.003430240089073777
423,2,57-175km,u,blur_sigma0.5,melr,-0.0020986837334930897
423,2,57-175km,u,blur_sigma0.5,swd,0.0011793117737397552
423,2,57-175km,v,blur_sigma0.5,freq_l1,0.002742199460044503
423,2,57-175km,v,blur_sigma0.5,freq_l1_unweighted,0.0036204580683261156
423,2,57-175km,v,blur_sigma0.5,melr,-0.0018086106283590198
423,2,57-175km,v,blur_sigma0.5,swd,0.0011371654691174626
423,3,114-359km,u,blur_sigma0.5,freq_l1,0.000663229264318943
423,3,114-359km,u,blur_sigma0.5,freq_l1_unweighted,0.0008362520020455122
423,3,114-359km,u,blur_sigma0.5,melr,-0.0005768989212810993
423,3,114-359km,u,blur_sigma0.5,swd,0.00034257787046954036
423,3,114-359km,v,blur_sigma0.5,freq_l1,0.0007090158178471029
423,3,114-359km,v,blur_sigma0.5,freq_l1_unweighted,0.0009087753132916987
423,3,114-359km,v,blur_sigma0.5,melr,-0.0004642424173653126
423,3,114-359km,v,blur_sigma0.5,swd,0.00047918118070811033
423,4,>325km,u,blur_sigma0.5,freq_l1,6.868698983453214e-05
423,4,>325km,u,blur_sigma0.5,freq_l1_unweighted,7.666990859434009e-05
423,4,>325km,u,blur_sigma0.5,melr,-1.7216063497471623e-05
423,4,>325km,u,blur_sigma0.5,swd,0.0003125708317384124
423,4,>325km,v,blur_sigma0.5,freq_l1,0.00010801217285916209
423,4,>325km,v,blur_sigma0.5,freq_l1_unweighted,0.00011588731285883114
423,4,>325km,v,blur_sigma0.5,melr,-4.3943768105236813e-05
423,4,>325km,v,blur_sigma0.5,swd,0.00046181390644051135
423,0,6-25km,u,blur_sigma1,freq_l1,0.10498703271150589
423,0,6-25km,u,blur_sigma1,freq_l1_unweighted,0.18255533277988434
423,0,6-25km,u,blur_sigma1,melr,-0.1739848554134369
423,0,6-25km,u,blur_sigma1,swd,0.1034073531627655
423,0,6-25km,v,blur_sigma1,freq_l1,0.11245857179164886
423,0,6-25km,v,blur_sigma1,freq_l1_unweighted,0.2124757319688797
423,0,6-25km,v,blur_sigma1,melr,-0.1740986406803131
423,0,6-25km,v,blur_sigma1,swd,0.13382858037948608
423,1,28-86km,u,blur_sigma1,freq_l1,0.042856380343437195
423,1,28-86km,u,blur_sigma1,freq_l1_unweighted,0.06137842312455177
423,1,28-86km,u,blur_sigma1,melr,-0.0467359758913517
423,1,28-86km,u,blur_sigma1,swd,0.016667164862155914
423,1,28-86km,v,blur_sigma1,freq_l1,0.04189375787973404
423,1,28-86km,v,blur_sigma1,freq_l1_unweighted,0.06306865066289902
423,1,28-86km,v,blur_sigma1,melr,-0.03962838649749756
423,1,28-86km,v,blur_sigma1,swd,0.019767215475440025
423,2,57-175km,u,blur_sigma1,freq_l1,0.011938707903027534
423,2,57-175km,u,blur_sigma1,freq_l1_unweighted,0.0152162229642272
423,2,57-175km,u,blur_sigma1,melr,-0.009405961260199547
423,2,57-175km,u,blur_sigma1,swd,0.005165217909961939
423,2,57-175km,v,blur_sigma1,freq_l1,0.012241335585713387
423,2,57-175km,v,blur_sigma1,freq_l1_unweighted,0.01618737354874611
423,2,57-175km,v,blur_sigma1,melr,-0.00818647164851427
423,2,57-175km,v,blur_sigma1,swd,0.0052576023153960705
423,3,114-359km,u,blur_sigma1,freq_l1,0.0029213824309408665
423,3,114-359km,u,blur_sigma1,freq_l1_unweighted,0.003662139642983675
423,3,114-359km,u,blur_sigma1,melr,-0.0026147780008614063
423,3,114-359km,u,blur_sigma1,swd,0.0014330745907500386
423,3,114-359km,v,blur_sigma1,freq_l1,0.0031233825720846653
423,3,114-359km,v,blur_sigma1,freq_l1_unweighted,0.00399848073720932
423,3,114-359km,v,blur_sigma1,melr,-0.0020810242276638746
423,3,114-359km,v,blur_sigma1,swd,0.00206828978843987
423,4,>325km,u,blur_sigma1,freq_l1,0.0002819955989252776
423,4,>325km,u,blur_sigma1,freq_l1_unweighted,0.0003145368245895952
423,4,>325km,u,blur_sigma1,melr,-0.00011289882240816951
423,4,>325km,u,blur_sigma1,swd,0.0009899493306875229
423,4,>325km,v,blur_sigma1,freq_l1,0.000448029488325119
423,4,>325km,v,blur_sigma1,freq_l1_unweighted,0.0004960434162057936
423,4,>325km,v,blur_sigma1,melr,-0.00021981583267915994
423,4,>325km,v,blur_sigma1,swd,0.0018256634939461946
423,0,6-25km,u,blur_sigma2,freq_l1,0.17122305929660797
423,0,6-25km,u,blur_sigma2,freq_l1_unweighted,0.322565495967865
423,0,6-25km,u,blur_sigma2,melr,-0.3015107810497284
423,0,6-25km,u,blur_sigma2,swd,0.18817952275276184
423,0,6-25km,v,blur_sigma2,freq_l1,0.17672693729400635
423,0,6-25km,v,blur_sigma2,freq_l1_unweighted,0.35645681619644165
423,0,6-25km,v,blur_sigma2,melr,-0.277831494808197
423,0,6-25km,v,blur_sigma2,swd,0.22583842277526855
423,1,28-86km,u,blur_sigma2,freq_l1,0.12180675566196442
423,1,28-86km,u,blur_sigma2,freq_l1_unweighted,0.18096058070659637
423,1,28-86km,u,blur_sigma2,melr,-0.13809655606746674
423,1,28-86km,u,blur_sigma2,swd,0.05291752889752388
423,1,28-86km,v,blur_sigma2,freq_l1,0.11970099806785583
423,1,28-86km,v,blur_sigma2,freq_l1_unweighted,0.18745148181915283
423,1,28-86km,v,blur_sigma2,melr,-0.11759597063064575
423,1,28-86km,v,blur_sigma2,swd,0.05617547780275345
423,2,57-175km,u,blur_sigma2,freq_l1,0.042199570685625076
423,2,57-175km,u,blur_sigma2,freq_l1_unweighted,0.054030176252126694
423,2,57-175km,u,blur_sigma2,melr,-0.033901527523994446
423,2,57-175km,u,blur_sigma2,swd,0.017201920971274376
423,2,57-175km,v,blur_sigma2,freq_l1,0.043570030480623245
423,2,57-175km,v,blur_sigma2,freq_l1_unweighted,0.05822404474020004
423,2,57-175km,v,blur_sigma2,melr,-0.029806412756443024
423,2,57-175km,v,blur_sigma2,swd,0.017692528665065765
423,3,114-359km,u,blur_sigma2,freq_l1,0.010777657851576805
423,3,114-359km,u,blur_sigma2,freq_l1_unweighted,0.013416172936558723
423,3,114-359km,u,blur_sigma2,melr,-0.009964839555323124
423,3,114-359km,u,blur_sigma2,swd,0.005788725800812244
423,3,114-359km,v,blur_sigma2,freq_l1,0.01156710460782051
423,3,114-359km,v,blur_sigma2,freq_l1_unweighted,0.014841461554169655
423,3,114-359km,v,blur_sigma2,melr,-0.007864125072956085
423,3,114-359km,v,blur_sigma2,swd,0.0072278305888175964
423,4,>325km,u,blur_sigma2,freq_l1,0.0009603858925402164
423,4,>325km,u,blur_sigma2,freq_l1_unweighted,0.0010756081901490688
423,4,>325km,u,blur_sigma2,melr,-0.0005924809956923127
423,4,>325km,u,blur_sigma2,swd,0.0038353493437170982
423,4,>325km,v,blur_sigma2,freq_l1,0.0015406367601826787
423,4,>325km,v,blur_sigma2,freq_l1_unweighted,0.0017966288141906261
423,4,>325km,v,blur_sigma2,melr,-0.0009621533681638539
423,4,>325km,v,blur_sigma2,swd,0.007500514853745699
38,0,6-25km,u,shift_2px,freq_l1,0.44742080569267273
38,0,6-25km,u,shift_2px,freq_l1_unweighted,0.8435725569725037
38,0,6-25km,u,shift_2px,melr,3.45146240476879e-08
38,0,6-25km,u,shift_2px,swd,0.0701366737484932
38,0,6-25km,v,shift_2px,freq_l1,0.645867645740509
38,0,6-25km,v,shift_2px,freq_l1_unweighted,1.2510982751846313
38,0,6-25km,v,shift_2px,melr,2.5885965371230668e-08
38,0,6-25km,v,shift_2px,swd,0.06318444758653641
38,1,28-86km,u,shift_2px,freq_l1,0.43122151494026184
38,1,28-86km,u,shift_2px,freq_l1_unweighted,0.6050930619239807
38,1,28-86km,u,shift_2px,melr,8.628654235565136e-09
38,1,28-86km,u,shift_2px,swd,0.021315090358257294
38,1,28-86km,v,shift_2px,freq_l1,0.5594260096549988
38,1,28-86km,v,shift_2px,freq_l1_unweighted,0.7502932548522949
38,1,28-86km,v,shift_2px,melr,2.157163869753731e-08
38,1,28-86km,v,shift_2px,swd,0.013917248696088791
38,2,57-175km,u,shift_2px,freq_l1,0.27521371841430664
38,2,57-175km,u,shift_2px,freq_l1_unweighted,0.348639577627182
38,2,57-175km,u,shift_2px,melr,-2.1571651132035186e-09
38,2,57-175km,u,shift_2px,swd,0.01578134298324585
38,2,57-175km,v,shift_2px,freq_l1,0.3069673478603363
38,2,57-175km,v,shift_2px,freq_l1_unweighted,0.37067604064941406
38,2,57-175km,v,shift_2px,melr,8.628656011921976e-09
38,2,57-175km,v,shift_2px,swd,0.008671755902469158
38,3,114-359km,u,shift_2px,freq_l1,0.14971992373466492
38,3,114-359km,u,shift_2px,freq_l1_unweighted,0.17611730098724365
38,3,114-359km,u,shift_2px,melr,1.5100146910640433e-08
38,3,114-359km,u,shift_2px,swd,0.007439745590090752
38,3,114-359km,v,shift_2px,freq_l1,0.1746724247932434
38,3,114-359km,v,shift_2px,freq_l1_unweighted,0.19032901525497437
38,3,114-359km,v,shift_2px,melr,-2.1571651132035186e-09
38,3,114-359km,v,shift_2px,swd,0.005996599327772856
38,4,>325km,u,shift_2px,freq_l1,0.024738946929574013
38,4,>325km,u,shift_2px,freq_l1_unweighted,0.0282497126609087
38,4,>325km,u,shift_2px,melr,-4.314331558674667e-09
38,4,>325km,u,shift_2px,swd,0.007748989854007959
38,4,>325km,v,shift_2px,freq_l1,0.03190983831882477
38,4,>325km,v,shift_2px,freq_l1_unweighted,0.041033536195755005
38,4,>325km,v,shift_2px,melr,-1.725731557655763e-08
38,4,>325km,v,shift_2px,swd,0.006917855236679316
38,0,6-25km,u,shift_3px,freq_l1,0.5146234035491943
38,0,6-25km,u,shift_3px,freq_l1_unweighted,0.914726734161377
38,0,6-25km,u,shift_3px,melr,3.882895072138126e-08
38,0,6-25km,u,shift_3px,swd,0.0652608722448349
38,0,6-25km,v,shift_3px,freq_l1,0.7101367115974426
38,0,6-25km,v,shift_3px,freq_l1_unweighted,1.2830785512924194
38,0,6-25km,v,shift_3px,melr,1.725731202384395e-08
38,0,6-25km,v,shift_3px,swd,0.05170425400137901
38,1,28-86km,u,shift_3px,freq_l1,0.5660476088523865
38,1,28-86km,u,shift_3px,freq_l1_unweighted,0.8322413563728333
38,1,28-86km,u,shift_3px,melr,3.0200293821280866e-08
38,1,28-86km,u,shift_3px,swd,0.030498746782541275
38,1,28-86km,v,shift_3px,freq_l1,0.7126112580299377
38,1,28-86km,v,shift_3px,freq_l1_unweighted,1.013627290725708
38,1,28-86km,v,shift_3px,melr,1.2942983573793754e-08
38,1,28-86km,v,shift_3px,swd,0.017476839944720268
38,2,57-175km,u,shift_3px,freq_l1,0.3969810903072357
38,2,57-175km,u,shift_3px,freq_l1_unweighted,0.5121068358421326
38,2,57-175km,u,shift_3px,melr,-4.3143288941394076e-09
38,2,57-175km,u,shift_3px,swd,0.020272716879844666
38,2,57-175km,v,shift_3px,freq_l1,0.4400850832462311
38,2,57-175km,v,shift_3px,freq_l1_unweighted,0.5426045060157776
38,2,57-175km,v,shift_3px,melr,-4.3143288941394076e-09
38,2,57-175km,v,shift_3px,swd,0.012440836057066917
38,3,114-359km,u,shift_3px,freq_l1,0.22226743400096893
38,3,114-359km,u,shift_3px,freq_l1_unweighted,0.2627410292625427
38,3,114-359km,u,shift_3px,melr,-2.1571648911589136e-09
38,3,114-359km,u,shift_3px,swd,0.01066081877797842
38,3,114-359km,v,shift_3px,freq_l1,0.25860297679901123
38,3,114-359km,v,shift_3px,freq_l1_unweighted,0.28390803933143616
38,3,114-359km,v,shift_3px,melr,-4.314330226407037e-09
38,3,114-359km,v,shift_3px,swd,0.009165489114820957
38,4,>325km,u,shift_3px,freq_l1,0.03719906881451607
38,4,>325km,u,shift_3px,freq_l1_unweighted,0.04234551265835762
38,4,>325km,u,shift_3px,melr,-4.314330670496247e-09
38,4,>325km,u,shift_3px,swd,0.009405029937624931
38,4,>325km,v,shift_3px,freq_l1,0.04792257025837898
38,4,>325km,v,shift_3px,freq_l1_unweighted,0.06149118021130562
38,4,>325km,v,shift_3px,melr,-3.235746959262542e-08
38,4,>325km,v,shift_3px,swd,0.010191524401307106
38,0,6-25km,u,blur_sigma0.5,freq_l1,0.03906850889325142
38,0,6-25km,u,blur_sigma0.5,freq_l1_unweighted,0.0730864629149437
38,0,6-25km,u,blur_sigma0.5,melr,-0.06563089042901993
38,0,6-25km,u,blur_sigma0.5,swd,0.04302459955215454
38,0,6-25km,v,blur_sigma0.5,freq_l1,0.05905604362487793
38,0,6-25km,v,blur_sigma0.5,freq_l1_unweighted,0.1311328113079071
38,0,6-25km,v,blur_sigma0.5,melr,-0.12791962921619415
38,0,6-25km,v,blur_sigma0.5,swd,0.08977513760328293
38,1,28-86km,u,blur_sigma0.5,freq_l1,0.011416204273700714
38,1,28-86km,u,blur_sigma0.5,freq_l1_unweighted,0.015618096105754375
38,1,28-86km,u,blur_sigma0.5,melr,-0.008660531602799892
38,1,28-86km,u,blur_sigma0.5,swd,0.0044690752401947975
38,1,28-86km,v,blur_sigma0.5,freq_l1,0.015353280119597912
38,1,28-86km,v,blur_sigma0.5,freq_l1_unweighted,0.022712809965014458
38,1,28-86km,v,blur_sigma0.5,melr,-0.01606025919318199
38,1,28-86km,v,blur_sigma0.5,swd,0.00705003971233964
38,2,57-175km,u,blur_sigma0.5,freq_l1,0.003075552871450782
38,2,57-175km,u,blur_sigma0.5,freq_l1_unweighted,0.0037976603489369154
38,2,57-175km,u,blur_sigma0.5,melr,-0.0017612812807783484
38,2,57-175km,u,blur_sigma0.5,swd,0.0012078942963853478
38,2,57-175km,v,blur_sigma0.5,freq_l1,0.0036512191873043776
38,2,57-175km,v,blur_sigma0.5,freq_l1_unweighted,0.004715828690677881
38,2,57-175km,v,blur_sigma0.5,melr,-0.0028724626172333956
38,2,57-175km,v,blur_sigma0.5,swd,0.0016888623358681798
38,3,114-359km,u,blur_sigma0.5,freq_l1,0.0007309880456887186
38,3,114-359km,u,blur_sigma0.5,freq_l1_unweighted,0.0008680346072651446
38,3,114-359km,u,blur_sigma0.5,melr,-0.00044034168240614235
38,3,114-359km,u,blur_sigma0.5,swd,0.0003266249841544777
38,3,114-359km,v,blur_sigma0.5,freq_l1,0.0008347285911440849
38,3,114-359km,v,blur_sigma0.5,freq_l1_unweighted,0.0010514565510675311
38,3,114-359km,v,blur_sigma0.5,melr,-0.0006841301801614463
38,3,114-359km,v,blur_sigma0.5,swd,0.0005122926086187363
38,4,>325km,u,blur_sigma0.5,freq_l1,5.816232078359462e-05
38,4,>325km,u,blur_sigma0.5,freq_l1_unweighted,6.440627475967631e-05
38,4,>325km,u,blur_sigma0.5,melr,-5.148444324731827e-05
38,4,>325km,u,blur_sigma0.5,swd,0.00021549359371419996
38,4,>325km,v,blur_sigma0.5,freq_l1,7.960607035784051e-05
38,4,>325km,v,blur_sigma0.5,freq_l1_unweighted,9.01034873095341e-05
38,4,>325km,v,blur_sigma0.5,melr,-1.4030446436663624e-05
38,4,>325km,v,blur_sigma0.5,swd,0.00034090178087353706
38,0,6-25km,u,blur_sigma1,freq_l1,0.11634239554405212
38,0,6-25km,u,blur_sigma1,freq_l1_unweighted,0.22602760791778564
38,0,6-25km,u,blur_sigma1,melr,-0.1924741268157959
38,0,6-25km,u,blur_sigma1,swd,0.12952202558517456
38,0,6-25km,v,blur_sigma1,freq_l1,0.17344321310520172
38,0,6-25km,v,blur_sigma1,freq_l1_unweighted,0.403511643409729
38,0,6-25km,v,blur_sigma1,melr,-0.42891013622283936
38,0,6-25km,v,blur_sigma1,swd,0.2744729816913605
38,1,28-86km,u,blur_sigma1,freq_l1,0.047971829771995544
38,1,28-86km,u,blur_sigma1,freq_l1_unweighted,0.06623565405607224
38,1,28-86km,u,blur_sigma1,melr,-0.03659826144576073
38,1,28-86km,u,blur_sigma1,swd,0.017977643758058548
38,1,28-86km,v,blur_sigma1,freq_l1,0.06380581855773926
38,1,28-86km,v,blur_sigma1,freq_l1_unweighted,0.0957355797290802
38,1,28-86km,v,blur_sigma1,melr,-0.0686597004532814
38,1,28-86km,v,blur_sigma1,swd,0.03197706490755081
38,2,57-175km,u,blur_sigma1,freq_l1,0.013744027353823185
38,2,57-175km,u,blur_sigma1,freq_l1_unweighted,0.01699882000684738
38,2,57-175km,u,blur_sigma1,melr,-0.008005518466234207
38,2,57-175km,u,blur_sigma1,swd,0.005362992640584707
38,2,57-175km,v,blur_sigma1,freq_l1,0.016209708526730537
38,2,57-175km,v,blur_sigma1,freq_l1_unweighted,0.021073361858725548
38,2,57-175km,v,blur_sigma1,melr,-0.013051372952759266
38,2,57-175km,v,blur_sigma1,swd,0.0075396280735731125
38,3,114-359km,u,blur_sigma1,freq_l1,0.003251033602282405
38,3,114-359km,u,blur_sigma1,freq_l1_unweighted,0.0038790234830230474
38,3,114-359km,u,blur_sigma1,melr,-0.00206359033472836
38,3,114-359km,u,blur_sigma1,swd,0.0015851539792492986
38,3,114-359km,v,blur_sigma1,freq_l1,0.003685661591589451
38,3,114-359km,v,blur_sigma1,freq_l1_unweighted,0.004690243396908045
38,3,114-359km,v,blur_sigma1,melr,-0.003144223475828767
38,3,114-359km,v,blur_sigma1,swd,0.0023197943810373545
38,4,>325km,u,blur_sigma1,freq_l1,0.00024334898625966161
38,4,>325km,u,blur_sigma1,freq_l1_unweighted,0.00027186668012291193
38,4,>325km,u,blur_sigma1,melr,-0.00021142343757674098
38,4,>325km,u,blur_sigma1,swd,0.000599779945332557
38,4,>325km,v,blur_sigma1,freq_l1,0.0003334457578603178
38,4,>325km,v,blur_sigma1,freq_l1_unweighted,0.0003916369460057467
38,4,>325km,v,blur_sigma1,melr,-8.22371439426206e-05
38,4,>325km,v,blur_sigma1,swd,0.0015453739324584603
38,0,6-25km,u,blur_sigma2,freq_l1,0.1861855834722519
38,0,6-25km,u,blur_sigma2,freq_l1_unweighted,0.37927958369255066
38,0,6-25km,u,blur_sigma2,melr,-0.2998430132865906
38,0,6-25km,u,blur_sigma2,swd,0.22998888790607452
38,0,6-25km,v,blur_sigma2,freq_l1,0.2672365605831146
38,0,6-25km,v,blur_sigma2,freq_l1_unweighted,0.6502764821052551
38,0,6-25km,v,blur_sigma2,melr,-0.7459586262702942
38,0,6-25km,v,blur_sigma2,swd,0.45327022671699524
38,1,28-86km,u,blur_sigma2,freq_l1,0.1370033621788025
38,1,28-86km,u,blur_sigma2,freq_l1_unweighted,0.19575099647045135
38,1,28-86km,u,blur_sigma2,melr,-0.10751201957464218
38,1,28-86km,u,blur_sigma2,swd,0.05764169245958328
38,1,28-86km,v,blur_sigma2,freq_l1,0.176616370677948
38,1,28-86km,v,blur_sigma2,freq_l1_unweighted,0.27670761942863464
38,1,28-86km,v,blur_sigma2,melr,-0.20690368115901947
38,1,28-86km,v,blur_sigma2,swd,0.0861310064792633
38,2,57-175km,u,blur_sigma2,freq_l1,0.048967525362968445
38,2,57-175km,u,blur_sigma2,freq_l1_unweighted,0.06120261177420616
38,2,57-175km,u,blur_sigma2,melr,-0.02938917838037014
38,2,57-175km,u,blur_sigma2,swd,0.02055438794195652
38,2,57-175km,v,blur_sigma2,freq_l1,0.057048771530389786
38,2,57-175km,v,blur_sigma2,freq_l1_unweighted,0.07543833553791046
38,2,57-175km,v,blur_sigma2,melr,-0.04801926016807556
38,2,57-175km,v,blur_sigma2,swd,0.028007909655570984
38,3,114-359km,u,blur_sigma2,freq_l1,0.012244656682014465
38,3,114-359km,u,blur_sigma2,freq_l1_unweighted,0.014721367508172989
38,3,114-359km,u,blur_sigma2,melr,-0.008212490938603878
38,3,114-359km,u,blur_sigma2,swd,0.006437665317207575
38,3,114-359km,v,blur_sigma2,freq_l1,0.013866811990737915
38,3,114-359km,v,blur_sigma2,freq_l1_unweighted,0.017799654975533485
38,3,114-359km,v,blur_sigma2,melr,-0.012274574488401413
38,3,114-359km,v,blur_sigma2,swd,0.008998209610581398
38,4,>325km,u,blur_sigma2,freq_l1,0.0008589220815338194
38,4,>325km,u,blur_sigma2,freq_l1_unweighted,0.0009706089622341096
38,4,>325km,u,blur_sigma2,melr,-0.0007115244516171515
38,4,>325km,u,blur_sigma2,swd,0.0016776586417108774
38,4,>325km,v,blur_sigma2,freq_l1,0.0012099143350496888
38,4,>325km,v,blur_sigma2,freq_l1_unweighted,0.0014874154003337026
38,4,>325km,v,blur_sigma2,melr,-0.0004081279330421239
38,4,>325km,v,blur_sigma2,swd,0.005081804934889078
484,0,6-25km,u,shift_2px,freq_l1,0.3518733084201813
484,0,6-25km,u,shift_2px,freq_l1_unweighted,0.6460170745849609
484,0,6-25km,u,shift_2px,melr,2.4160236478110164e-08
484,0,6-25km,u,shift_2px,swd,0.02105094864964485
484,0,6-25km,v,shift_2px,freq_l1,0.5259062647819519
484,0,6-25km,v,shift_2px,freq_l1_unweighted,1.0714083909988403
484,0,6-25km,v,shift_2px,melr,1.725731202384395e-08
484,0,6-25km,v,shift_2px,swd,0.07812017947435379
484,1,28-86km,u,shift_2px,freq_l1,0.31864407658576965
484,1,28-86km,u,shift_2px,freq_l1_unweighted,0.4722139239311218
484,1,28-86km,u,shift_2px,melr,8.628656011921976e-09
484,1,28-86km,u,shift_2px,swd,0.008277337066829205
484,1,28-86km,v,shift_2px,freq_l1,0.49200573563575745
484,1,28-86km,v,shift_2px,freq_l1_unweighted,0.7331268787384033
484,1,28-86km,v,shift_2px,melr,1.725731202384395e-08
484,1,28-86km,v,shift_2px,swd,0.02641182579100132
484,2,57-175km,u,shift_2px,freq_l1,0.1851588636636734
484,2,57-175km,u,shift_2px,freq_l1_unweighted,0.24874822795391083
484,2,57-175km,u,shift_2px,melr,3.451460672820872e-09
484,2,57-175km,u,shift_2px,swd,0.005573437083512545
484,2,57-175km,v,shift_2px,freq_l1,0.3033887445926666
484,2,57-175km,v,shift_2px,freq_l1_unweighted,0.39281556010246277
484,2,57-175km,v,shift_2px,melr,-1.0354389345934578e-08
484,2,57-175km,v,shift_2px,swd,0.02238333597779274
484,3,114-359km,u,shift_2px,freq_l1,0.09000837057828903
484,3,114-359km,u,shift_2px,freq_l1_unweighted,0.11222495138645172
484,3,114-359km,u,shift_2px,melr,6.902923566087793e-09
484,3,114-359km,u,shift_2px,swd,0.0032036344055086374
484,3,114-359km,v,shift_2px,freq_l1,0.16992196440696716
484,3,114-359km,v,shift_2px,freq_l1_unweighted,0.18867701292037964
484,3,114-359km,v,shift_2px,melr,-3.451463781445341e-09
484,3,114-359km,v,shift_2px,swd,0.012061303481459618
484,4,>325km,u,shift_2px,freq_l1,0.013460204936563969
484,4,>325km,u,shift_2px,freq_l1_unweighted,0.01688009314239025
484,4,>325km,u,shift_2px,melr,3.4514593405532423e-09
484,4,>325km,u,shift_2px,swd,0.0033774126786738634
484,4,>325km,v,shift_2px,freq_l1,0.03350713476538658
484,4,>325km,v,shift_2px,freq_l1_unweighted,0.03636704757809639
484,4,>325km,v,shift_2px,melr,-1.0354392898648257e-08
484,4,>325km,v,shift_2px,swd,0.00948445312678814
484,0,6-25km,u,shift_3px,freq_l1,0.38296347856521606
484,0,6-25km,u,shift_3px,freq_l1_unweighted,0.6836596727371216
484,0,6-25km,u,shift_3px,melr,2.5885965371230668e-08
484,0,6-25km,u,shift_3px,swd,0.024340428411960602
484,0,6-25km,v,shift_3px,freq_l1,0.5846537947654724
484,0,6-25km,v,shift_3px,freq_l1_unweighted,1.1078616380691528
484,0,6-25km,v,shift_3px,melr,2.761169781706485e-08
484,0,6-25km,v,shift_3px,swd,0.07271771132946014
484,1,28-86km,u,shift_3px,freq_l1,0.41090017557144165
484,1,28-86km,u,shift_3px,freq_l1_unweighted,0.6428848505020142
484,1,28-86km,u,shift_3px,melr,6.902924454266213e-09
484,1,28-86km,u,shift_3px,swd,0.01058485358953476
484,1,28-86km,v,shift_3px,freq_l1,0.6318690180778503
484,1,28-86km,v,shift_3px,freq_l1_unweighted,0.9976709485054016
484,1,28-86km,v,shift_3px,melr,1.725731202384395e-08
484,1,28-86km,v,shift_3px,swd,0.04154380038380623
484,2,57-175km,u,shift_3px,freq_l1,0.26517125964164734
484,2,57-175km,u,shift_3px,freq_l1_unweighted,0.36367732286453247
484,2,57-175km,u,shift_3px,melr,3.4514613389546867e-09
484,2,57-175km,u,shift_3px,swd,0.006535543594509363
484,2,57-175km,v,shift_3px,freq_l1,0.43506208062171936
484,2,57-175km,v,shift_3px,freq_l1_unweighted,0.5751138925552368
484,2,57-175km,v,shift_3px,melr,-8.628657788278815e-09
484,2,57-175km,v,shift_3px,swd,0.02098841220140457
484,3,114-359km,u,shift_3px,freq_l1,0.1334235966205597
484,3,114-359km,u,shift_3px,freq_l1_unweighted,0.16732212901115417
484,3,114-359km,u,shift_3px,melr,3.451460228731662e-09
484,3,114-359km,u,shift_3px,swd,0.004508886020630598
484,3,114-359km,v,shift_3px,freq_l1,0.25170379877090454
484,3,114-359km,v,shift_3px,freq_l1_unweighted,0.2813863456249237
484,3,114-359km,v,shift_3px,melr,1.7257302253881335e-09
484,3,114-359km,v,shift_3px,swd,0.018336260691285133
484,4,>325km,u,shift_3px,freq_l1,0.02022062987089157
484,4,>325km,u,shift_3px,freq_l1_unweighted,0.025296857580542564
484,4,>325km,u,shift_3px,melr,3.4514593405532423e-09
484,4,>325km,u,shift_3px,swd,0.004066233057528734
484,4,>325km,v,shift_3px,freq_l1,0.05022357031702995
484,4,>325km,v,shift_3px,freq_l1_unweighted,0.05450943484902382
484,4,>325km,v,shift_3px,melr,-2.2434514690417018e-08
484,4,>325km,v,shift_3px,swd,0.015029904432594776
484,0,6-25km,u,blur_sigma0.5,freq_l1,0.031687501817941666
484,0,6-25km,u,blur_sigma0.5,freq_l1_unweighted,0.06095921993255615
484,0,6-25km,u,blur_sigma0.5,melr,-0.0871233120560646
484,0,6-25km,u,blur_sigma0.5,swd,0.03519883751869202
484,0,6-25km,v,blur_sigma0.5,freq_l1,0.04570063576102257
484,0,6-25km,v,blur_sigma0.5,freq_l1_unweighted,0.09707058221101761
484,0,6-25km,v,blur_sigma0.5,melr,-0.09047768265008926
484,0,6-25km,v,blur_sigma0.5,swd,0.0636427253484726
484,1,28-86km,u,blur_sigma0.5,freq_l1,0.008505181409418583
484,1,28-86km,u,blur_sigma0.5,freq_l1_unweighted,0.013717155903577805
484,1,28-86km,u,blur_sigma0.5,melr,-0.015065574087202549
484,1,28-86km,u,blur_sigma0.5,swd,0.003984471317380667
484,1,28-86km,v,blur_sigma0.5,freq_l1,0.012044962495565414
484,1,28-86km,v,blur_sigma0.5,freq_l1_unweighted,0.018356744199991226
484,1,28-86km,v,blur_sigma0.5,melr,-0.011509629897773266
484,1,28-86km,v,blur_sigma0.5,swd,0.005514016840606928
484,2,57-175km,u,blur_sigma0.5,freq_l1,0.002244037576019764
484,2,57-175km,u,blur_sigma0.5,freq_l1_unweighted,0.003361508948728442
484,2,57-175km,u,blur_sigma0.5,melr,-0.00367282354272902
484,2,57-175km,u,blur_sigma0.5,swd,0.0012074947590008378
484,2,57-175km,v,blur_sigma0.5,freq_l1,0.0031030771788209677
484,2,57-175km,v,blur_sigma0.5,freq_l1_unweighted,0.004159184172749519
484,2,57-175km,v,blur_sigma0.5,melr,-0.002292464254423976
484,2,57-175km,v,blur_sigma0.5,swd,0.001480773906223476
484,3,114-359km,u,blur_sigma0.5,freq_l1,0.000521492154803127
484,3,114-359km,u,blur_sigma0.5,freq_l1_unweighted,0.0007457236642949283
484,3,114-359km,u,blur_sigma0.5,melr,-0.0009015581454150379
484,3,114-359km,u,blur_sigma0.5,swd,0.0003240323858335614
484,3,114-359km,v,blur_sigma0.5,freq_l1,0.0007347957580350339
484,3,114-359km,v,blur_sigma0.5,freq_l1_unweighted,0.000919306359719485
484,3,114-359km,v,blur_sigma0.5,melr,-0.0005411503370851278
484,3,114-359km,v,blur_sigma0.5,swd,0.0004713519592769444
484,4,>325km,u,blur_sigma0.5,freq_l1,4.4118216464994475e-05
484,4,>325km,u,blur_sigma0.5,freq_l1_unweighted,5.36133702553343e-05
484,4,>325km,u,blur_sigma0.5,melr,-4.7866229579085484e-05
484,4,>325km,u,blur_sigma0.5,swd,0.00016530821449123323
484,4,>325km,v,blur_sigma0.5,freq_l1,7.23976336303167e-05
484,4,>325km,v,blur_sigma0.5,freq_l1_unweighted,7.458400068571791e-05
484,4,>325km,v,blur_sigma0.5,melr,-2.5092909709201194e-05
484,4,>325km,v,blur_sigma0.5,swd,0.00022983879898674786
484,0,6-25km,u,blur_sigma1,freq_l1,0.0934499129652977
484,0,6-25km,u,blur_sigma1,freq_l1_unweighted,0.18923014402389526
484,0,6-25km,u,blur_sigma1,melr,-0.2888329327106476
484,0,6-25km,u,blur_sigma1,swd,0.10850747674703598
484,0,6-25km,v,blur_sigma1,freq_l1,0.13556189835071564
484,0,6-25km,v,blur_sigma1,freq_l1_unweighted,0.3003104031085968
484,0,6-25km,v,blur_sigma1,melr,-0.2788153886795044
484,0,6-25km,v,blur_sigma1,swd,0.19203296303749084
484,1,28-86km,u,blur_sigma1,freq_l1,0.0356181301176548
484,1,28-86km,u,blur_sigma1,freq_l1_unweighted,0.05821800231933594
484,1,28-86km,u,blur_sigma1,melr,-0.06559984385967255
484,1,28-86km,u,blur_sigma1,swd,0.018087299540638924
484,1,28-86km,v,blur_sigma1,freq_l1,0.050363652408123016
484,1,28-86km,v,blur_sigma1,freq_l1_unweighted,0.07757993787527084
484,1,28-86km,v,blur_sigma1,melr,-0.04885341227054596
484,1,28-86km,v,blur_sigma1,swd,0.022648878395557404
484,2,57-175km,u,blur_sigma1,freq_l1,0.00993373617529869
484,2,57-175km,u,blur_sigma1,freq_l1_unweighted,0.014967059716582298
484,2,57-175km,u,blur_sigma1,melr,-0.016716139391064644
484,2,57-175km,u,blur_sigma1,swd,0.005307989660650492
484,2,57-175km,v,blur_sigma1,freq_l1,0.013848070055246353
484,2,57-175km,v,blur_sigma1,freq_l1_unweighted,0.01857617124915123
484,2,57-175km,v,blur_sigma1,melr,-0.010379904881119728
484,2,57-175km,v,blur_sigma1,swd,0.006246253382414579
484,3,114-359km,u,blur_sigma1,freq_l1,0.00228608469478786
484,3,114-359km,u,blur_sigma1,freq_l1_unweighted,0.003292873501777649
484,3,114-359km,u,blur_sigma1,melr,-0.004161435645073652
484,3,114-359km,u,blur_sigma1,swd,0.0015572634292766452
484,3,114-359km,v,blur_sigma1,freq_l1,0.003273468464612961
484,3,114-359km,v,blur_sigma1,freq_l1_unweighted,0.0041086203418672085
484,3,114-359km,v,blur_sigma1,melr,-0.0025064863730221987
484,3,114-359km,v,blur_sigma1,swd,0.0018273958703503013
484,4,>325km,u,blur_sigma1,freq_l1,0.00018077467393595725
484,4,>325km,u,blur_sigma1,freq_l1_unweighted,0.00022277921380009502
484,4,>325km,u,blur_sigma1,melr,-0.00026919913943856955
484,4,>325km,u,blur_sigma1,swd,0.0005744246300309896
484,4,>325km,v,blur_sigma1,freq_l1,0.0003060366725549102
484,4,>325km,v,blur_sigma1,freq_l1_unweighted,0.00031721554114483297
484,4,>325km,v,blur_sigma1,melr,-0.00010672963253455237
484,4,>325km,v,blur_sigma1,swd,0.0009027101332321763
484,0,6-25km,u,blur_sigma2,freq_l1,0.14564545452594757
484,0,6-25km,u,blur_sigma2,freq_l1_unweighted,0.3199973404407501
484,0,6-25km,u,blur_sigma2,melr,-0.5597683191299438
484,0,6-25km,u,blur_sigma2,swd,0.19491827487945557
484,0,6-25km,v,blur_sigma2,freq_l1,0.2102539837360382
484,0,6-25km,v,blur_sigma2,freq_l1_unweighted,0.4894584119319916
484,0,6-25km,v,blur_sigma2,melr,-0.44101792573928833
484,0,6-25km,v,blur_sigma2,swd,0.3299705982208252
484,1,28-86km,u,blur_sigma2,freq_l1,0.10089436918497086
484,1,28-86km,u,blur_sigma2,freq_l1_unweighted,0.17241543531417847
484,1,28-86km,u,blur_sigma2,melr,-0.21011421084403992
484,1,28-86km,u,blur_sigma2,swd,0.051124848425388336
484,1,28-86km,v,blur_sigma2,freq_l1,0.14157824218273163
484,1,28-86km,v,blur_sigma2,freq_l1_unweighted,0.22658805549144745
484,1,28-86km,v,blur_sigma2,melr,-0.1448066681623459
484,1,28-86km,v,blur_sigma2,swd,0.06809926778078079
484,2,57-175km,u,blur_sigma2,freq_l1,0.03492981940507889
484,2,57-175km,u,blur_sigma2,freq_l1_unweighted,0.05349314585328102
484,2,57-175km,u,blur_sigma2,melr,-0.06211972236633301
484,2,57-175km,u,blur_sigma2,swd,0.020097393542528152
484,2,57-175km,v,blur_sigma2,freq_l1,0.049077555537223816
484,2,57-175km,v,blur_sigma2,freq_l1_unweighted,0.06647226214408875
484,2,57-175km,v,blur_sigma2,melr,-0.03779163211584091
484,2,57-175km,v,blur_sigma2,swd,0.024062827229499817
484,3,114-359km,u,blur_sigma2,freq_l1,0.008415461517870426
484,3,114-359km,u,blur_sigma2,freq_l1_unweighted,0.01223811786621809
484,3,114-359km,u,blur_sigma2,melr,-0.016207586973905563
484,3,114-359km,u,blur_sigma2,swd,0.005965718999505043
484,3,114-359km,v,blur_sigma2,freq_l1,0.012317619286477566
484,3,114-359km,v,blur_sigma2,freq_l1_unweighted,0.015524567104876041
484,3,114-359km,v,blur_sigma2,melr,-0.009818343445658684
484,3,114-359km,v,blur_sigma2,swd,0.007336385548114777
484,4,>325km,u,blur_sigma2,freq_l1,0.0006213297601789236
484,4,>325km,u,blur_sigma2,freq_l1_unweighted,0.0007857629680074751
484,4,>325km,u,blur_sigma2,melr,-0.0013159518130123615
484,4,>325km,u,blur_sigma2,swd,0.002135562477633357
484,4,>325km,v,blur_sigma2,freq_l1,0.0010921404464170337
484,4,>325km,v,blur_sigma2,freq_l1_unweighted,0.0011311153648421168
484,4,>325km,v,blur_sigma2,melr,-0.0003514425770845264
484,4,>325km,v,blur_sigma2,swd,0.002632749732583761
227,0,6-25km,u,shift_2px,freq_l1,0.3931049704551697
227,0,6-25km,u,shift_2px,freq_l1_unweighted,0.5984476804733276
227,0,6-25km,u,shift_2px,melr,1.941447536069063e-08
227,0,6-25km,u,shift_2px,swd,0.023593204095959663
227,0,6-25km,v,shift_2px,freq_l1,0.42952224612236023
227,0,6-25km,v,shift_2px,freq_l1_unweighted,0.7479071617126465
227,0,6-25km,v,shift_2px,melr,3.882895072138126e-08
227,0,6-25km,v,shift_2px,swd,0.06423746049404144
227,1,28-86km,u,shift_2px,freq_l1,0.35289496183395386
227,1,28-86km,u,shift_2px,freq_l1_unweighted,0.42835062742233276
227,1,28-86km,u,shift_2px,melr,-3.235747447760673e-09
227,1,28-86km,u,shift_2px,swd,0.010044113732874393
227,1,28-86km,v,shift_2px,freq_l1,0.40304046869277954
227,1,28-86km,v,shift_2px,freq_l1_unweighted,0.565226674079895
227,1,28-86km,v,shift_2px,melr,1.2942983573793754e-08
227,1,28-86km,v,shift_2px,swd,0.029721699655056
227,2,57-175km,u,shift_2px,freq_l1,0.19489964842796326
227,2,57-175km,u,shift_2px,freq_l1_unweighted,0.21703210473060608
227,2,57-175km,u,shift_2px,melr,-1.2942986238329013e-08
227,2,57-175km,u,shift_2px,swd,0.006376893725246191
227,2,57-175km,v,shift_2px,freq_l1,0.2432953119277954
227,2,57-175km,v,shift_2px,freq_l1_unweighted,0.312724232673645
227,2,57-175km,v,shift_2px,melr,1.2942980909258495e-08
227,2,57-175km,v,shift_2px,swd,0.019030362367630005
227,3,114-359km,u,shift_2px,freq_l1,0.09717211127281189
227,3,114-359km,u,shift_2px,freq_l1_unweighted,0.10037818551063538
227,3,114-359km,u,shift_2px,melr,6.471491786896877e-09
227,3,114-359km,u,shift_2px,swd,0.0039846752770245075
227,3,114-359km,v,shift_2px,freq_l1,0.13650216162204742
227,3,114-359km,v,shift_2px,freq_l1_unweighted,0.15457318723201752
227,3,114-359km,v,shift_2px,melr,-6.471493563253716e-09
227,3,114-359km,v,shift_2px,swd,0.011101502925157547
227,4,>325km,u,shift_2px,freq_l1,0.014079820364713669
227,4,>325km,u,shift_2px,freq_l1_unweighted,0.015830378979444504
227,4,>325km,u,shift_2px,melr,1.2942981797436914e-08
227,4,>325km,u,shift_2px,swd,0.00450655585154891
227,4,>325km,v,shift_2px,freq_l1,0.03905639797449112
227,4,>325km,v,shift_2px,freq_l1_unweighted,0.034437812864780426
227,4,>325km,v,shift_2px,melr,-3.1086244689504383e-15
227,4,>325km,v,shift_2px,swd,0.013325166888535023
227,0,6-25km,u,shift_3px,freq_l1,0.43406030535697937
227,0,6-25km,u,shift_3px,freq_l1_unweighted,0.6466193199157715
227,0,6-25km,u,shift_3px,melr,1.2942983573793754e-08
227,0,6-25km,u,shift_3px,swd,0.023650843650102615
227,0,6-25km,v,shift_3px,freq_l1,0.4840337038040161
227,0,6-25km,v,shift_3px,freq_l1_unweighted,0.8015902638435364
227,0,6-25km,v,shift_3px,melr,3.2357458934484384e-08
227,0,6-25km,v,shift_3px,swd,0.06590905040502548
227,1,28-86km,u,shift_3px,freq_l1,0.4546394348144531
227,1,28-86km,u,shift_3px,freq_l1_unweighted,0.5844241380691528
227,1,28-86km,u,shift_3px,melr,6.471491786896877e-09
227,1,28-86km,u,shift_3px,swd,0.011811683885753155
227,1,28-86km,v,shift_3px,freq_l1,0.5234346389770508
227,1,28-86km,v,shift_3px,freq_l1_unweighted,0.7769182324409485
227,1,28-86km,v,shift_3px,melr,2.5885967147587507e-08
227,1,28-86km,v,shift_3px,swd,0.03298608586192131
227,2,57-175km,u,shift_3px,freq_l1,0.2793519198894501
227,2,57-175km,u,shift_3px,freq_l1_unweighted,0.31733012199401855
227,2,57-175km,u,shift_3px,melr,9.707235903988476e-09
227,2,57-175km,u,shift_3px,swd,0.007663226220756769
227,2,57-175km,v,shift_3px,freq_l1,0.34907448291778564
227,2,57-175km,v,shift_3px,freq_l1_unweighted,0.45827925205230713
227,2,57-175km,v,shift_3px,melr,-6.471492230986087e-09
227,2,57-175km,v,shift_3px,swd,0.024633673951029778
227,3,114-359km,u,shift_3px,freq_l1,0.14417442679405212
227,3,114-359km,u,shift_3px,freq_l1_unweighted,0.14967554807662964
227,3,114-359km,u,shift_3px,melr,6.471491786896877e-09
227,3,114-359km,u,shift_3px,swd,0.005720086861401796
227,3,114-359km,v,shift_3px,freq_l1,0.20304349064826965
227,3,114-359km,v,shift_3px,freq_l1_unweighted,0.2306709587574005
227,3,114-359km,v,shift_3px,melr,-6.471493563253716e-09
227,3,114-359km,v,shift_3px,swd,0.014304903335869312
227,4,>325km,u,shift_3px,freq_l1,0.02108684368431568
227,4,>325km,u,shift_3px,freq_l1_unweighted,0.02372211404144764
227,4,>325km,u,shift_3px,melr,3.235744117091599e-09
227,4,>325km,u,shift_3px,swd,0.0059993453323841095
227,4,>325km,v,shift_3px,freq_l1,0.05870857834815979
227,4,>325km,v,shift_3px,freq_l1_unweighted,0.05161834508180618
227,4,>325km,v,shift_3px,melr,3.2357396761995005e-09
227,4,>325km,v,shift_3px,swd,0.013964375481009483
227,0,6-25km,u,blur_sigma0.5,freq_l1,0.03554393723607063
227,0,6-25km,u,blur_sigma0.5,freq_l1_unweighted,0.0597911961376667
227,0,6-25km,u,blur_sigma0.5,melr,-0.0908222422003746
227,0,6-25km,u,blur_sigma0.5,swd,0.03327798843383789
227,0,6-25km,v,blur_sigma0.5,freq_l1,0.036326512694358826
227,0,6-25km,v,blur_sigma0.5,freq_l1_unweighted,0.057633176445961
227,0,6-25km,v,blur_sigma0.5,melr,-0.04410601407289505
227,0,6-25km,v,blur_sigma0.5,swd,0.034979984164237976
227,1,28-86km,u,blur_sigma0.5,freq_l1,0.009998118504881859
227,1,28-86km,u,blur_sigma0.5,freq_l1_unweighted,0.013517506420612335
227,1,28-86km,u,blur_sigma0.5,melr,-0.015018103644251823
227,1,28-86km,u,blur_sigma0.5,swd,0.004079722799360752
227,1,28-86km,v,blur_sigma0.5,freq_l1,0.01014067605137825
227,1,28-86km,v,blur_sigma0.5,freq_l1_unweighted,0.01312398724257946
227,1,28-86km,v,blur_sigma0.5,melr,-0.0071940915659070015
227,1,28-86km,v,blur_sigma0.5,swd,0.0038716536946594715
227,2,57-175km,u,blur_sigma0.5,freq_l1,0.002458038041368127
227,2,57-175km,u,blur_sigma0.5,freq_l1_unweighted,0.003078618086874485
227,2,57-175km,u,blur_sigma0.5,melr,-0.003246703650802374
227,2,57-175km,u,blur_sigma0.5,swd,0.0010537096532061696
227,2,57-175km,v,blur_sigma0.5,freq_l1,0.0026095150969922543
227,2,57-175km,v,blur_sigma0.5,freq_l1_unweighted,0.003108534961938858
227,2,57-175km,v,blur_sigma0.5,melr,-0.0014336241874843836
227,2,57-175km,v,blur_sigma0.5,swd,0.00103849230799824
227,3,114-359km,u,blur_sigma0.5,freq_l1,0.0005848332075402141
227,3,114-359km,u,blur_sigma0.5,freq_l1_unweighted,0.0006970909889787436
227,3,114-359km,u,blur_sigma0.5,melr,-0.0007976301712915301
227,3,114-359km,u,blur_sigma0.5,swd,0.000333972682710737
227,3,114-359km,v,blur_sigma0.5,freq_l1,0.0005848768050782382
227,3,114-359km,v,blur_sigma0.5,freq_l1_unweighted,0.0006491612875834107
227,3,114-359km,v,blur_sigma0.5,melr,-0.0003028668579645455
227,3,114-359km,v,blur_sigma0.5,swd,0.00031400250736624
227,4,>325km,u,blur_sigma0.5,freq_l1,4.177740993327461e-05
227,4,>325km,u,blur_sigma0.5,freq_l1_unweighted,4.538751454674639e-05
227,4,>325km,u,blur_sigma0.5,melr,-2.11314750231395e-06
227,4,>325km,u,blur_sigma0.5,swd,0.00013802715693600476
227,4,>325km,v,blur_sigma0.5,freq_l1,6.0192105593159795e-05
227,4,>325km,v,blur_sigma0.5,freq_l1_unweighted,5.8974892453989014e-05
227,4,>325km,v,blur_sigma0.5,melr,-3.992469282820821e-05
227,4,>325km,v,blur_sigma0.5,swd,0.00018951913807541132
227,0,6-25km,u,blur_sigma1,freq_l1,0.1067156046628952
227,0,6-25km,u,blur_sigma1,freq_l1_unweighted,0.18748466670513153
227,0,6-25km,u,blur_sigma1,melr,-0.2979658544063568
227,0,6-25km,u,blur_sigma1,swd,0.10490256547927856
227,0,6-25km,v,blur_sigma1,freq_l1,0.1104460135102272
227,0,6-25km,v,blur_sigma1,freq_l1_unweighted,0.18254205584526062
227,0,6-25km,v,blur_sigma1,melr,-0.13039885461330414
227,0,6-25km,v,blur_sigma1,swd,0.1090308427810669
227,1,28-86km,u,blur_sigma1,freq_l1,0.04179061949253082
227,1,28-86km,u,blur_sigma1,freq_l1_unweighted,0.05732046812772751
227,1,28-86km,u,blur_sigma1,melr,-0.0651312917470932
227,1,28-86km,u,blur_sigma1,swd,0.015825457870960236
227,1,28-86km,v,blur_sigma1,freq_l1,0.04257311671972275
227,1,28-86km,v,blur_sigma1,freq_l1_unweighted,0.055677421391010284
227,1,28-86km,v,blur_sigma1,melr,-0.030440565198659897
227,1,28-86km,v,blur_sigma1,swd,0.01767509989440441
227,2,57-175km,u,blur_sigma1,freq_l1,0.010902226902544498
227,2,57-175km,u,blur_sigma1,freq_l1_unweighted,0.013742795214056969
227,2,57-175km,u,blur_sigma1,melr,-0.014828113839030266
227,2,57-175km,u,blur_sigma1,swd,0.00459829019382596
227,2,57-175km,v,blur_sigma1,freq_l1,0.01165048684924841
227,2,57-175km,v,blur_sigma1,freq_l1_unweighted,0.013877875171601772
227,2,57-175km,v,blur_sigma1,melr,-0.006509380415081978
227,2,57-175km,v,blur_sigma1,swd,0.004265889525413513
227,3,114-359km,u,blur_sigma1,freq_l1,0.002586038550361991
227,3,114-359km,u,blur_sigma1,freq_l1_unweighted,0.003102782415226102
227,3,114-359km,u,blur_sigma1,melr,-0.0036437795497477055
227,3,114-359km,u,blur_sigma1,swd,0.0013808842049911618
227,3,114-359km,v,blur_sigma1,freq_l1,0.002585835289210081
227,3,114-359km,v,blur_sigma1,freq_l1_unweighted,0.0028767636977136135
227,3,114-359km,v,blur_sigma1,melr,-0.0014116314705461264
227,3,114-359km,v,blur_sigma1,swd,0.0014318828471004963
227,4,>325km,u,blur_sigma1,freq_l1,0.00017728448437992483
227,4,>325km,u,blur_sigma1,freq_l1_unweighted,0.00019339156278874725
227,4,>325km,u,blur_sigma1,melr,-1.5498339053010568e-05
227,4,>325km,u,blur_sigma1,swd,0.0004768483922816813
227,4,>325km,v,blur_sigma1,freq_l1,0.0002437535295030102
227,4,>325km,v,blur_sigma1,freq_l1_unweighted,0.0002468673628754914
227,4,>325km,v,blur_sigma1,melr,-0.00018250636640004814
227,4,>325km,v,blur_sigma1,swd,0.0007705933530814946
227,0,6-25km,u,blur_sigma2,freq_l1,0.17084157466888428
227,0,6-25km,u,blur_sigma2,freq_l1_unweighted,0.3205207586288452
227,0,6-25km,u,blur_sigma2,melr,-0.545597493648529
227,0,6-25km,u,blur_sigma2,swd,0.18680186569690704
227,0,6-25km,v,blur_sigma2,freq_l1,0.17608530819416046
227,0,6-25km,v,blur_sigma2,freq_l1_unweighted,0.3102954030036926
227,0,6-25km,v,blur_sigma2,melr,-0.2077379822731018
227,0,6-25km,v,blur_sigma2,swd,0.19531920552253723
227,1,28-86km,u,blur_sigma2,freq_l1,0.11762702465057373
227,1,28-86km,u,blur_sigma2,freq_l1_unweighted,0.16893398761749268
227,1,28-86km,u,blur_sigma2,melr,-0.20474499464035034
227,1,28-86km,u,blur_sigma2,swd,0.05010701343417168
227,1,28-86km,v,blur_sigma2,freq_l1,0.12097524106502533
227,1,28-86km,v,blur_sigma2,freq_l1_unweighted,0.16452711820602417
227,1,28-86km,v,blur_sigma2,melr,-0.08953388035297394
227,1,28-86km,v,blur_sigma2,swd,0.048868417739868164
227,2,57-175km,u,blur_sigma2,freq_l1,0.03836160525679588
227,2,57-175km,u,blur_sigma2,freq_l1_unweighted,0.049195799976587296
227,2,57-175km,u,blur_sigma2,melr,-0.05508694425225258
227,2,57-175km,u,blur_sigma2,swd,0.016493113711476326
227,2,57-175km,v,blur_sigma2,freq_l1,0.041339121758937836
227,2,57-175km,v,blur_sigma2,freq_l1_unweighted,0.04964122176170349
227,2,57-175km,v,blur_sigma2,melr,-0.023714430630207062
227,2,57-175km,v,blur_sigma2,swd,0.016828591004014015
227,3,114-359km,u,blur_sigma2,freq_l1,0.009638553485274315
227,3,114-359km,u,blur_sigma2,freq_l1_unweighted,0.011660700663924217
227,3,114-359km,u,blur_sigma2,melr,-0.014040450565516949
227,3,114-359km,u,blur_sigma2,swd,0.006027203053236008
227,3,114-359km,v,blur_sigma2,freq_l1,0.009637024253606796
227,3,114-359km,v,blur_sigma2,freq_l1_unweighted,0.01077953539788723
227,3,114-359km,v,blur_sigma2,melr,-0.005622502416372299
227,3,114-359km,v,blur_sigma2,swd,0.004792232997715473
227,4,>325km,u,blur_sigma2,freq_l1,0.0006454047979786992
227,4,>325km,u,blur_sigma2,freq_l1_unweighted,0.0007084655808284879
227,4,>325km,u,blur_sigma2,melr,-9.453737584408373e-05
227,4,>325km,u,blur_sigma2,swd,0.0017902388935908675
227,4,>325km,v,blur_sigma2,freq_l1,0.0008187917992472649
227,4,>325km,v,blur_sigma2,freq_l1_unweighted,0.0008718054741621017
227,4,>325km,v,blur_sigma2,melr,-0.0007234090007841587
227,4,>325km,v,blur_sigma2,swd,0.0021392612252384424
360,0,6-25km,u,shift_2px,freq_l1,0.6842851042747498
360,0,6-25km,u,shift_2px,freq_l1_unweighted,1.3771482706069946
360,0,6-25km,u,shift_2px,melr,5.560688975947414e-08
360,0,6-25km,u,shift_2px,swd,0.08881770819425583
360,0,6-25km,v,shift_2px,freq_l1,0.7518961429595947
360,0,6-25km,v,shift_2px,freq_l1_unweighted,1.3678337335586548
360,0,6-25km,v,shift_2px,melr,2.5885967147587507e-08
360,0,6-25km,v,shift_2px,swd,0.06222469359636307
360,1,28-86km,u,shift_2px,freq_l1,0.6148340702056885
360,1,28-86km,u,shift_2px,freq_l1_unweighted,0.9818219542503357
360,1,28-86km,u,shift_2px,melr,1.9174789755993515e-08
360,1,28-86km,u,shift_2px,swd,0.042824067175388336
360,1,28-86km,v,shift_2px,freq_l1,0.6113055944442749
360,1,28-86km,v,shift_2px,freq_l1_unweighted,0.8596629500389099
360,1,28-86km,v,shift_2px,melr,2.3009748773006322e-08
360,1,28-86km,v,shift_2px,swd,0.020404059439897537
360,2,57-175km,u,shift_2px,freq_l1,0.4138648808002472
360,2,57-175km,u,shift_2px,freq_l1_unweighted,0.5624321699142456
360,2,57-175km,u,shift_2px,melr,-3.834961681548066e-09
360,2,57-175km,u,shift_2px,swd,0.033649079501628876
360,2,57-175km,v,shift_2px,freq_l1,0.3419668972492218
360,2,57-175km,v,shift_2px,freq_l1_unweighted,0.4417506754398346
360,2,57-175km,v,shift_2px,melr,-5.75243985778684e-09
360,2,57-175km,v,shift_2px,swd,0.01487558614462614
360,3,114-359km,u,shift_2px,freq_l1,0.28720933198928833
360,3,114-359km,u,shift_2px,freq_l1_unweighted,0.31703850626945496
360,3,114-359km,u,shift_2px,melr,1.917478176238774e-09
360,3,114-359km,u,shift_2px,swd,0.019182704389095306
360,3,114-359km,v,shift_2px,freq_l1,0.17824915051460266
360,3,114-359km,v,shift_2px,freq_l1_unweighted,0.22058188915252686
360,3,114-359km,v,shift_2px,melr,-3.8349599051912264e-09
360,3,114-359km,v,shift_2px,swd,0.009622893296182156
360,4,>325km,u,shift_2px,freq_l1,0.06437654793262482
360,4,>325km,u,shift_2px,freq_l1_unweighted,0.07007252424955368
360,4,>325km,u,shift_2px,melr,-1.917481062818638e-09
360,4,>325km,u,shift_2px,swd,0.022032152861356735
360,4,>325km,v,shift_2px,freq_l1,0.047283951193094254
360,4,>325km,v,shift_2px,freq_l1_unweighted,0.049967143684625626
360,4,>325km,v,shift_2px,melr,-3.834961237458856e-09
360,4,>325km,v,shift_2px,swd,0.008998144418001175
360,0,6-25km,u,shift_3px,freq_l1,0.7902246117591858
360,0,6-25km,u,shift_3px,freq_l1_unweighted,1.4873379468917847
360,0,6-25km,u,shift_3px,melr,6.519428552564932e-08
360,0,6-25km,u,shift_3px,swd,0.09363869577646255
360,0,6-25km,v,shift_3px,freq_l1,0.8195462226867676
360,0,6-25km,v,shift_3px,freq_l1_unweighted,1.3882464170455933
360,0,6-25km,v,shift_3px,melr,2.780344665609391e-08
360,0,6-25km,v,shift_3px,swd,0.05267450213432312
360,1,28-86km,u,shift_3px,freq_l1,0.80739426612854
360,1,28-86km,u,shift_3px,freq_l1_unweighted,1.3523308038711548
360,1,28-86km,u,shift_3px,melr,2.780344487973707e-08
360,1,28-86km,u,shift_3px,swd,0.049337755888700485
360,1,28-86km,v,shift_3px,freq_l1,0.7756157517433167
360,1,28-86km,v,shift_3px,freq_l1_unweighted,1.1635644435882568
360,1,28-86km,v,shift_3px,melr,2.6844709566375968e-08
360,1,28-86km,v,shift_3px,swd,0.02736010029911995
360,2,57-175km,u,shift_3px,freq_l1,0.5984967350959778
360,2,57-175km,u,shift_3px,freq_l1_unweighted,0.8275120258331299
360,2,57-175km,u,shift_3px,melr,-8.628658676457235e-09
360,2,57-175km,u,shift_3px,swd,0.033125508576631546
360,2,57-175km,v,shift_3px,freq_l1,0.4901409149169922
360,2,57-175km,v,shift_3px,freq_l1_unweighted,0.6468350887298584
360,2,57-175km,v,shift_3px,melr,-1.725731380020079e-08
360,2,57-175km,v,shift_3px,swd,0.020502816885709763
360,3,114-359km,u,shift_3px,freq_l1,0.42682376503944397
360,3,114-359km,u,shift_3px,freq_l1_unweighted,0.4734514653682709
360,3,114-359km,u,shift_3px,melr,-7.669918034025613e-09
360,3,114-359km,u,shift_3px,swd,0.026646757498383522
360,3,114-359km,v,shift_3px,freq_l1,0.26403841376304626
360,3,114-359km,v,shift_3px,freq_l1_unweighted,0.3290296494960785
360,3,114-359km,v,shift_3px,melr,-8.628656900100395e-09
360,3,114-359km,v,shift_3px,swd,0.013110868632793427
360,4,>325km,u,shift_3px,freq_l1,0.09668023139238358
360,4,>325km,u,shift_3px,freq_l1_unweighted,0.1050475537776947
360,4,>325km,u,shift_3px,melr,-8.628660452814074e-09
360,4,>325km,u,shift_3px,swd,0.03545331582427025
360,4,>325km,v,shift_3px,freq_l1,0.07097462564706802
360,4,>325km,v,shift_3px,freq_l1_unweighted,0.07488474994897842
360,4,>325km,v,shift_3px,melr,2.876216376179741e-09
360,4,>325km,v,shift_3px,swd,0.01599859818816185
360,0,6-25km,u,blur_sigma0.5,freq_l1,0.06014686077833176
360,0,6-25km,u,blur_sigma0.5,freq_l1_unweighted,0.1109243705868721
360,0,6-25km,u,blur_sigma0.5,melr,-0.05534026399254799
360,0,6-25km,u,blur_sigma0.5,swd,0.06491026282310486
360,0,6-25km,v,blur_sigma0.5,freq_l1,0.06925083696842194
360,0,6-25km,v,blur_sigma0.5,freq_l1_unweighted,0.13460199534893036
360,0,6-25km,v,blur_sigma0.5,melr,-0.09835008531808853
360,0,6-25km,v,blur_sigma0.5,swd,0.08955700695514679
360,1,28-86km,u,blur_sigma0.5,freq_l1,0.015820445492863655
360,1,28-86km,u,blur_sigma0.5,freq_l1_unweighted,0.023100538179278374
360,1,28-86km,u,blur_sigma0.5,melr,-0.008290327154099941
360,1,28-86km,u,blur_sigma0.5,swd,0.00648497324436903
360,1,28-86km,v,blur_sigma0.5,freq_l1,0.016629332676529884
360,1,28-86km,v,blur_sigma0.5,freq_l1_unweighted,0.024556413292884827
360,1,28-86km,v,blur_sigma0.5,melr,-0.01368411909788847
360,1,28-86km,v,blur_sigma0.5,swd,0.007168733514845371
360,2,57-175km,u,blur_sigma0.5,freq_l1,0.004175569396466017
360,2,57-175km,u,blur_sigma0.5,freq_l1_unweighted,0.005403486080467701
360,2,57-175km,u,blur_sigma0.5,melr,-0.0015525572234764695
360,2,57-175km,u,blur_sigma0.5,swd,0.0014721790794283152
360,2,57-175km,v,blur_sigma0.5,freq_l1,0.003952133934944868
360,2,57-175km,v,blur_sigma0.5,freq_l1_unweighted,0.005382865201681852
360,2,57-175km,v,blur_sigma0.5,melr,-0.002727341838181019
360,2,57-175km,v,blur_sigma0.5,swd,0.001720218569971621
360,3,114-359km,u,blur_sigma0.5,freq_l1,0.0010772631503641605
360,3,114-359km,u,blur_sigma0.5,freq_l1_unweighted,0.0012905835174024105
360,3,114-359km,u,blur_sigma0.5,melr,-0.00040745295700617135
360,3,114-359km,u,blur_sigma0.5,swd,0.0005492062773555517
360,3,114-359km,v,blur_sigma0.5,freq_l1,0.0008971091010607779
360,3,114-359km,v,blur_sigma0.5,freq_l1_unweighted,0.0011939351679757237
360,3,114-359km,v,blur_sigma0.5,melr,-0.0006252075545489788
360,3,114-359km,v,blur_sigma0.5,swd,0.00057619484141469
360,4,>325km,u,blur_sigma0.5,freq_l1,9.865163156064227e-05
360,4,>325km,u,blur_sigma0.5,freq_l1_unweighted,0.00011634176189545542
360,4,>325km,u,blur_sigma0.5,melr,-4.560658271657303e-05
360,4,>325km,u,blur_sigma0.5,swd,0.00041983844130299985
360,4,>325km,v,blur_sigma0.5,freq_l1,9.10476956050843e-05
360,4,>325km,v,blur_sigma0.5,freq_l1_unweighted,0.00011098234244855121
360,4,>325km,v,blur_sigma0.5,melr,-9.014771057991311e-05
360,4,>325km,v,blur_sigma0.5,swd,0.00030675812740810215
360,0,6-25km,u,blur_sigma1,freq_l1,0.17957670986652374
360,0,6-25km,u,blur_sigma1,freq_l1_unweighted,0.3450656235218048
360,0,6-25km,u,blur_sigma1,melr,-0.1616102159023285
360,0,6-25km,u,blur_sigma1,swd,0.199880912899971
360,0,6-25km,v,blur_sigma1,freq_l1,0.20490676164627075
360,0,6-25km,v,blur_sigma1,freq_l1_unweighted,0.41753458976745605
360,0,6-25km,v,blur_sigma1,melr,-0.32196784019470215
360,0,6-25km,v,blur_sigma1,swd,0.27301308512687683
360,1,28-86km,u,blur_sigma1,freq_l1,0.06636429578065872
360,1,28-86km,u,blur_sigma1,freq_l1_unweighted,0.09794487059116364
360,1,28-86km,u,blur_sigma1,melr,-0.0350428968667984
360,1,28-86km,u,blur_sigma1,swd,0.026471847668290138
360,1,28-86km,v,blur_sigma1,freq_l1,0.06908125430345535
360,1,28-86km,v,blur_sigma1,freq_l1_unweighted,0.10360878705978394
360,1,28-86km,v,blur_sigma1,melr,-0.05876826494932175
360,1,28-86km,v,blur_sigma1,swd,0.03142396733164787
360,2,57-175km,u,blur_sigma1,freq_l1,0.018641402944922447
360,2,57-175km,u,blur_sigma1,freq_l1_unweighted,0.024147879332304
360,2,57-175km,u,blur_sigma1,melr,-0.007020068820565939
360,2,57-175km,u,blur_sigma1,swd,0.007482924498617649
360,2,57-175km,v,blur_sigma1,freq_l1,0.01750998944044113
360,2,57-175km,v,blur_sigma1,freq_l1_unweighted,0.024006899446249008
360,2,57-175km,v,blur_sigma1,melr,-0.012381670996546745
360,2,57-175km,v,blur_sigma1,swd,0.008172637782990932
360,3,114-359km,u,blur_sigma1,freq_l1,0.004795832559466362
360,3,114-359km,u,blur_sigma1,freq_l1_unweighted,0.005770612042397261
360,3,114-359km,u,blur_sigma1,melr,-0.0018812917405739427
360,3,114-359km,u,blur_sigma1,swd,0.0024095310363918543
360,3,114-359km,v,blur_sigma1,freq_l1,0.003969804383814335
360,3,114-359km,v,blur_sigma1,freq_l1_unweighted,0.005337643437087536
360,3,114-359km,v,blur_sigma1,melr,-0.0028795944526791573
360,3,114-359km,v,blur_sigma1,swd,0.002443668432533741
360,4,>325km,u,blur_sigma1,freq_l1,0.00043580817873589694
360,4,>325km,u,blur_sigma1,freq_l1_unweighted,0.0005184985348023474
360,4,>325km,u,blur_sigma1,melr,-0.00021234074665699154
360,4,>325km,u,blur_sigma1,swd,0.0014954591169953346
360,4,>325km,v,blur_sigma1,freq_l1,0.00037117840838618577
360,4,>325km,v,blur_sigma1,freq_l1_unweighted,0.0004728393687400967
360,4,>325km,v,blur_sigma1,melr,-0.00042045468580909073
360,4,>325km,v,blur_sigma1,swd,0.0011334860464558005
360,0,6-25km,u,blur_sigma2,freq_l1,0.2818927764892578
360,0,6-25km,u,blur_sigma2,freq_l1_unweighted,0.5759955644607544
360,0,6-25km,u,blur_sigma2,melr,-0.2521951198577881
360,0,6-25km,u,blur_sigma2,swd,0.33839380741119385
360,0,6-25km,v,blur_sigma2,freq_l1,0.31408488750457764
360,0,6-25km,v,blur_sigma2,freq_l1_unweighted,0.679667592048645
360,0,6-25km,v,blur_sigma2,melr,-0.560340404510498
360,0,6-25km,v,blur_sigma2,swd,0.4532316327095032
360,1,28-86km,u,blur_sigma2,freq_l1,0.18796755373477936
360,1,28-86km,u,blur_sigma2,freq_l1_unweighted,0.28827252984046936
360,1,28-86km,u,blur_sigma2,melr,-0.10207212716341019
360,1,28-86km,u,blur_sigma2,swd,0.07697529345750809
360,1,28-86km,v,blur_sigma2,freq_l1,0.19069236516952515
360,1,28-86km,v,blur_sigma2,freq_l1_unweighted,0.3007049262523651
360,1,28-86km,v,blur_sigma2,melr,-0.17989960312843323
360,1,28-86km,v,blur_sigma2,swd,0.09383589774370193
360,2,57-175km,u,blur_sigma2,freq_l1,0.06638122349977493
360,2,57-175km,u,blur_sigma2,freq_l1_unweighted,0.08681642264127731
360,2,57-175km,u,blur_sigma2,melr,-0.025419581681489944
360,2,57-175km,u,blur_sigma2,swd,0.0277607012540102
360,2,57-175km,v,blur_sigma2,freq_l1,0.06161513924598694
360,2,57-175km,v,blur_sigma2,freq_l1_unweighted,0.08588875085115433
360,2,57-175km,v,blur_sigma2,melr,-0.04545263573527336
360,2,57-175km,v,blur_sigma2,swd,0.03056260198354721
360,3,114-359km,u,blur_sigma2,freq_l1,0.018096446990966797
360,3,114-359km,u,blur_sigma2,freq_l1_unweighted,0.02188083343207836
360,3,114-359km,u,blur_sigma2,melr,-0.007303406950086355
360,3,114-359km,u,blur_sigma2,swd,0.008342757821083069
360,3,114-359km,v,blur_sigma2,freq_l1,0.014922382310032845
360,3,114-359km,v,blur_sigma2,freq_l1_unweighted,0.020259914919734
360,3,114-359km,v,blur_sigma2,melr,-0.011246703565120697
360,3,114-359km,v,blur_sigma2,swd,0.009997407905757427
360,4,>325km,u,blur_sigma2,freq_l1,0.0016282571014016867
360,4,>325km,u,blur_sigma2,freq_l1_unweighted,0.001965950708836317
360,4,>325km,u,blur_sigma2,melr,-0.0008385837427340448
360,4,>325km,u,blur_sigma2,swd,0.005208001472055912
360,4,>325km,v,blur_sigma2,freq_l1,0.0012896605767309666
360,4,>325km,v,blur_sigma2,freq_l1_unweighted,0.0017309008399024606
360,4,>325km,v,blur_sigma2,melr,-0.0017065213760361075
360,4,>325km,v,blur_sigma2,swd,0.004015634302049875
280,0,6-25km,u,shift_2px,freq_l1,0.39936646819114685
280,0,6-25km,u,shift_2px,freq_l1_unweighted,0.7100890278816223
280,0,6-25km,u,shift_2px,melr,2.0708773362798638e-08
280,0,6-25km,u,shift_2px,swd,0.02816462516784668
280,0,6-25km,v,shift_2px,freq_l1,0.4299374222755432
280,0,6-25km,v,shift_2px,freq_l1_unweighted,0.692666232585907
280,0,6-25km,v,shift_2px,melr,3.106315915601954e-08
280,0,6-25km,v,shift_2px,swd,0.02177661657333374
280,1,28-86km,u,shift_2px,freq_l1,0.4025219976902008
280,1,28-86km,u,shift_2px,freq_l1_unweighted,0.5183984041213989
280,1,28-86km,u,shift_2px,melr,5.17719289661045e-09
280,1,28-86km,u,shift_2px,swd,0.012235702015459538
280,1,28-86km,v,shift_2px,freq_l1,0.44988465309143066
280,1,28-86km,v,shift_2px,freq_l1_unweighted,0.5746464133262634
280,1,28-86km,v,shift_2px,melr,1.0354386681399319e-08
280,1,28-86km,v,shift_2px,swd,0.007840743288397789
280,2,57-175km,u,shift_2px,freq_l1,0.23794257640838623
280,2,57-175km,u,shift_2px,freq_l1_unweighted,0.28044459223747253
280,2,57-175km,u,shift_2px,melr,-1.0354389345934578e-08
280,2,57-175km,u,shift_2px,swd,0.007931314408779144
280,2,57-175km,v,shift_2px,freq_l1,0.27745717763900757
280,2,57-175km,v,shift_2px,freq_l1_unweighted,0.34407949447631836
280,2,57-175km,v,shift_2px,melr,-2.1316282919835953e-15
280,2,57-175km,v,shift_2px,swd,0.005081603769212961
280,3,114-359km,u,shift_2px,freq_l1,0.109691321849823
280,3,114-359km,u,shift_2px,freq_l1_unweighted,0.1275327503681183
280,3,114-359km,u,shift_2px,melr,-2.5885970700301186e-08
280,3,114-359km,u,shift_2px,swd,0.005904761143028736
280,3,114-359km,v,shift_2px,freq_l1,0.13578978180885315
280,3,114-359km,v,shift_2px,freq_l1_unweighted,0.15924566984176636
280,3,114-359km,v,shift_2px,melr,5.17719289661045e-09
280,3,114-359km,v,shift_2px,swd,0.0039825146086514
280,4,>325km,u,shift_2px,freq_l1,0.020224554464221
280,4,>325km,u,shift_2px,freq_l1_unweighted,0.020384391769766808
280,4,>325km,u,shift_2px,melr,-1.0354387569577739e-08
280,4,>325km,u,shift_2px,swd,0.006667653564363718
280,4,>325km,v,shift_2px,freq_l1,0.01881140097975731
280,4,>325km,v,shift_2px,freq_l1_unweighted,0.020892595872282982
280,4,>325km,v,shift_2px,melr,5.17719289661045e-09
280,4,>325km,v,shift_2px,swd,0.005477047525346279
280,0,6-25km,u,shift_3px,freq_l1,0.4396039843559265
280,0,6-25km,u,shift_3px,freq_l1_unweighted,0.7463081479072571
280,0,6-25km,u,shift_3px,melr,4.1417546725597276e-08
280,0,6-25km,u,shift_3px,swd,0.028848957270383835
280,0,6-25km,v,shift_3px,freq_l1,0.46619516611099243
280,0,6-25km,v,shift_3px,freq_l1_unweighted,0.725732684135437
280,0,6-25km,v,shift_3px,melr,3.106315915601954e-08
280,0,6-25km,v,shift_3px,swd,0.022816192358732224
280,1,28-86km,u,shift_3px,freq_l1,0.5182430744171143
280,1,28-86km,u,shift_3px,freq_l1_unweighted,0.7050904035568237
280,1,28-86km,u,shift_3px,melr,0.0
280,1,28-86km,u,shift_3px,swd,0.013910339213907719
280,1,28-86km,v,shift_3px,freq_l1,0.5749589204788208
280,1,28-86km,v,shift_3px,freq_l1_unweighted,0.7836685180664062
280,1,28-86km,v,shift_3px,melr,3.106315915601954e-08
280,1,28-86km,v,shift_3px,swd,0.010593888349831104
280,2,57-175km,u,shift_3px,freq_l1,0.3418272137641907
280,2,57-175km,u,shift_3px,freq_l1_unweighted,0.4102649688720703
280,2,57-175km,u,shift_3px,melr,0.0
280,2,57-175km,u,shift_3px,swd,0.009354854002594948
280,2,57-175km,v,shift_3px,freq_l1,0.3973599374294281
280,2,57-175km,v,shift_3px,freq_l1_unweighted,0.5035499930381775
280,2,57-175km,v,shift_3px,melr,-1.0354389345934578e-08
280,2,57-175km,v,shift_3px,swd,0.008097921498119831
280,3,114-359km,u,shift_3px,freq_l1,0.1627110093832016
280,3,114-359km,u,shift_3px,freq_l1_unweighted,0.19002528488636017
280,3,114-359km,u,shift_3px,melr,-1.0354389345934578e-08
280,3,114-359km,u,shift_3px,swd,0.007087394129484892
280,3,114-359km,v,shift_3px,freq_l1,0.20051240921020508
280,3,114-359km,v,shift_3px,freq_l1_unweighted,0.23698508739471436
280,3,114-359km,v,shift_3px,melr,1.553157957800977e-08
280,3,114-359km,v,shift_3px,swd,0.0044621010310947895
280,4,>325km,u,shift_3px,freq_l1,0.0302894227206707
280,4,>325km,u,shift_3px,freq_l1_unweighted,0.030541688203811646
280,4,>325km,u,shift_3px,melr,1.0354386681399319e-08
280,4,>325km,u,shift_3px,swd,0.007493222132325172
280,4,>325km,v,shift_3px,freq_l1,0.02814337983727455
280,4,>325km,v,shift_3px,freq_l1_unweighted,0.031298138201236725
280,4,>325km,v,shift_3px,melr,5.17719112025361e-09
280,4,>325km,v,shift_3px,swd,0.005088117904961109
280,0,6-25km,u,blur_sigma0.5,freq_l1,0.03396688029170036
280,0,6-25km,u,blur_sigma0.5,freq_l1_unweighted,0.06619671732187271
280,0,6-25km,u,blur_sigma0.5,melr,-0.10302937030792236
280,0,6-25km,u,blur_sigma0.5,swd,0.04066690802574158
280,0,6-25km,v,blur_sigma0.5,freq_l1,0.034962620586156845
280,0,6-25km,v,blur_sigma0.5,freq_l1_unweighted,0.059031881392002106
280,0,6-25km,v,blur_sigma0.5,melr,-0.08973623812198639
280,0,6-25km,v,blur_sigma0.5,swd,0.036585792899131775
280,1,28-86km,u,blur_sigma0.5,freq_l1,0.01018073782324791
280,1,28-86km,u,blur_sigma0.5,freq_l1_unweighted,0.01450018398463726
280,1,28-86km,u,blur_sigma0.5,melr,-0.013988157734274864
280,1,28-86km,u,blur_sigma0.5,swd,0.003948409575968981
280,1,28-86km,v,blur_sigma0.5,freq_l1,0.01076393574476242
280,1,28-86km,v,blur_sigma0.5,freq_l1_unweighted,0.015057787299156189
280,1,28-86km,v,blur_sigma0.5,melr,-0.014247333630919456
280,1,28-86km,v,blur_sigma0.5,swd,0.004549805074930191
280,2,57-175km,u,blur_sigma0.5,freq_l1,0.0026863031089305878
280,2,57-175km,u,blur_sigma0.5,freq_l1_unweighted,0.003479589940980077
280,2,57-175km,u,blur_sigma0.5,melr,-0.0030474390368908644
280,2,57-175km,u,blur_sigma0.5,swd,0.0012262699892744422
280,2,57-175km,v,blur_sigma0.5,freq_l1,0.0029378063045442104
280,2,57-175km,v,blur_sigma0.5,freq_l1_unweighted,0.004079501144587994
280,2,57-175km,v,blur_sigma0.5,melr,-0.0037582647055387497
280,2,57-175km,v,blur_sigma0.5,swd,0.0014452192699536681
280,3,114-359km,u,blur_sigma0.5,freq_l1,0.0006192460423335433
280,3,114-359km,u,blur_sigma0.5,freq_l1_unweighted,0.0007580820238217711
280,3,114-359km,u,blur_sigma0.5,melr,-0.000726644357200712
280,3,114-359km,u,blur_sigma0.5,swd,0.00039421083056367934
280,3,114-359km,v,blur_sigma0.5,freq_l1,0.0007511288276873529
280,3,114-359km,v,blur_sigma0.5,freq_l1_unweighted,0.0010423905914649367
280,3,114-359km,v,blur_sigma0.5,melr,-0.0012556903529912233
280,3,114-359km,v,blur_sigma0.5,swd,0.0005478183156810701
280,4,>325km,u,blur_sigma0.5,freq_l1,4.574862032313831e-05
280,4,>325km,u,blur_sigma0.5,freq_l1_unweighted,5.002419857191853e-05
280,4,>325km,u,blur_sigma0.5,melr,-8.82855529198423e-05
280,4,>325km,u,blur_sigma0.5,swd,0.00016734012751840055
280,4,>325km,v,blur_sigma0.5,freq_l1,5.179503932595253e-05
280,4,>325km,v,blur_sigma0.5,freq_l1_unweighted,5.876132127013989e-05
280,4,>325km,v,blur_sigma0.5,melr,-9.982175106415525e-05
280,4,>325km,v,blur_sigma0.5,swd,0.00021388351160567254
280,0,6-25km,u,blur_sigma1,freq_l1,0.10167954117059708
280,0,6-25km,u,blur_sigma1,freq_l1_unweighted,0.20692341029644012
280,0,6-25km,u,blur_sigma1,melr,-0.329573392868042
280,0,6-25km,u,blur_sigma1,swd,0.12377126514911652
280,0,6-25km,v,blur_sigma1,freq_l1,0.1062057837843895
280,0,6-25km,v,blur_sigma1,freq_l1_unweighted,0.18747679889202118
280,0,6-25km,v,blur_sigma1,melr,-0.3004850745201111
280,0,6-25km,v,blur_sigma1,swd,0.11664242297410965
280,1,28-86km,u,blur_sigma1,freq_l1,0.042756326496601105
280,1,28-86km,u,blur_sigma1,freq_l1_unweighted,0.061632513999938965
280,1,28-86km,u,blur_sigma1,melr,-0.06016523391008377
280,1,28-86km,u,blur_sigma1,swd,0.018150893971323967
280,1,28-86km,v,blur_sigma1,freq_l1,0.04529746621847153
280,1,28-86km,v,blur_sigma1,freq_l1_unweighted,0.06425677984952927
280,1,28-86km,v,blur_sigma1,melr,-0.062376003712415695
280,1,28-86km,v,blur_sigma1,swd,0.018620816990733147
280,2,57-175km,u,blur_sigma1,freq_l1,0.01199226826429367
280,2,57-175km,u,blur_sigma1,freq_l1_unweighted,0.015617556869983673
280,2,57-175km,u,blur_sigma1,melr,-0.013872863724827766
280,2,57-175km,u,blur_sigma1,swd,0.005282870959490538
280,2,57-175km,v,blur_sigma1,freq_l1,0.013088902458548546
280,2,57-175km,v,blur_sigma1,freq_l1_unweighted,0.018351957201957703
280,2,57-175km,v,blur_sigma1,melr,-0.01721428893506527
280,2,57-175km,v,blur_sigma1,swd,0.006563273724168539
280,3,114-359km,u,blur_sigma1,freq_l1,0.002761479467153549
280,3,114-359km,u,blur_sigma1,freq_l1_unweighted,0.0034057602752000093
280,3,114-359km,u,blur_sigma1,melr,-0.003336972091346979
280,3,114-359km,u,blur_sigma1,swd,0.0015681518707424402
280,3,114-359km,v,blur_sigma1,freq_l1,0.003335503861308098
280,3,114-359km,v,blur_sigma1,freq_l1_unweighted,0.004695007111877203
280,3,114-359km,v,blur_sigma1,melr,-0.005766752175986767
280,3,114-359km,v,blur_sigma1,swd,0.0023404464591294527
280,4,>325km,u,blur_sigma1,freq_l1,0.0001937049237312749
280,4,>325km,u,blur_sigma1,freq_l1_unweighted,0.00021497861598618329
280,4,>325km,u,blur_sigma1,melr,-0.00042316201142966747
280,4,>325km,u,blur_sigma1,swd,0.0008766528917476535
280,4,>325km,v,blur_sigma1,freq_l1,0.00021704359096474946
280,4,>325km,v,blur_sigma1,freq_l1_unweighted,0.00024815628421492875
280,4,>325km,v,blur_sigma1,melr,-0.00045286043314263225
280,4,>325km,v,blur_sigma1,swd,0.0007328620413318276
280,0,6-25km,u,blur_sigma2,freq_l1,0.16158373653888702
280,0,6-25km,u,blur_sigma2,freq_l1_unweighted,0.3488355576992035
280,0,6-25km,u,blur_sigma2,melr,-0.5630728602409363
280,0,6-25km,u,blur_sigma2,swd,0.2160286009311676
280,0,6-25km,v,blur_sigma2,freq_l1,0.1718606799840927
280,0,6-25km,v,blur_sigma2,freq_l1_unweighted,0.3254985511302948
280,0,6-25km,v,blur_sigma2,melr,-0.5797845721244812
280,0,6-25km,v,blur_sigma2,swd,0.2106495350599289
280,1,28-86km,u,blur_sigma2,freq_l1,0.12178335338830948
280,1,28-86km,u,blur_sigma2,freq_l1_unweighted,0.1825602650642395
280,1,28-86km,u,blur_sigma2,melr,-0.18536314368247986
280,1,28-86km,u,blur_sigma2,swd,0.05170430615544319
280,1,28-86km,v,blur_sigma2,freq_l1,0.13001719117164612
280,1,28-86km,v,blur_sigma2,freq_l1_unweighted,0.19292864203453064
280,1,28-86km,v,blur_sigma2,melr,-0.20317044854164124
280,1,28-86km,v,blur_sigma2,swd,0.06011839956045151
280,2,57-175km,u,blur_sigma2,freq_l1,0.04257497936487198
280,2,57-175km,u,blur_sigma2,freq_l1_unweighted,0.05631449818611145
280,2,57-175km,u,blur_sigma2,melr,-0.051307570189237595
280,2,57-175km,u,blur_sigma2,swd,0.02054576762020588
280,2,57-175km,v,blur_sigma2,freq_l1,0.04658849537372589
280,2,57-175km,v,blur_sigma2,freq_l1_unweighted,0.06670156866312027
280,2,57-175km,v,blur_sigma2,melr,-0.06513021141290665
280,2,57-175km,v,blur_sigma2,swd,0.02654847502708435
280,3,114-359km,u,blur_sigma2,freq_l1,0.010370979085564613
280,3,114-359km,u,blur_sigma2,freq_l1_unweighted,0.012930726632475853
280,3,114-359km,u,blur_sigma2,melr,-0.012965952977538109
280,3,114-359km,u,blur_sigma2,swd,0.006349589675664902
280,3,114-359km,v,blur_sigma2,freq_l1,0.012416685000061989
280,3,114-359km,v,blur_sigma2,freq_l1_unweighted,0.017788249999284744
280,3,114-359km,v,blur_sigma2,melr,-0.022408228367567062
280,3,114-359km,v,blur_sigma2,swd,0.00902202632278204
280,4,>325km,u,blur_sigma2,freq_l1,0.000695818685926497
280,4,>325km,u,blur_sigma2,freq_l1_unweighted,0.0007936347392387688
280,4,>325km,u,blur_sigma2,melr,-0.001738517195917666
280,4,>325km,u,blur_sigma2,swd,0.0027039390988647938
280,4,>325km,v,blur_sigma2,freq_l1,0.000772511528339237
280,4,>325km,v,blur_sigma2,freq_l1_unweighted,0.0008901198161765933
280,4,>325km,v,blur_sigma2,melr,-0.0017558200052008033
280,4,>325km,v,blur_sigma2,swd,0.002106975531205535
282,0,6-25km,u,shift_2px,freq_l1,0.4411207139492035
282,0,6-25km,u,shift_2px,freq_l1_unweighted,0.7021178007125854
282,0,6-25km,u,shift_2px,melr,1.2942983573793754e-08
282,0,6-25km,u,shift_2px,swd,0.012995581142604351
282,0,6-25km,v,shift_2px,freq_l1,0.4591847360134125
282,0,6-25km,v,shift_2px,freq_l1_unweighted,0.7737880945205688
282,0,6-25km,v,shift_2px,melr,1.0354386681399319e-08
282,0,6-25km,v,shift_2px,swd,0.02182791754603386
282,1,28-86km,u,shift_2px,freq_l1,0.4715651571750641
282,1,28-86km,u,shift_2px,freq_l1_unweighted,0.6191600561141968
282,1,28-86km,u,shift_2px,melr,1.553157957800977e-08
282,1,28-86km,u,shift_2px,swd,0.006543969269841909
282,1,28-86km,v,shift_2px,freq_l1,0.4827556610107422
282,1,28-86km,v,shift_2px,freq_l1_unweighted,0.6538902521133423
282,1,28-86km,v,shift_2px,melr,5.1771933406996595e-09
282,1,28-86km,v,shift_2px,swd,0.008402790874242783
282,2,57-175km,u,shift_2px,freq_l1,0.2886120080947876
282,2,57-175km,u,shift_2px,freq_l1_unweighted,0.36085471510887146
282,2,57-175km,u,shift_2px,melr,1.8120177358582623e-08
282,2,57-175km,u,shift_2px,swd,0.004511039704084396
282,2,57-175km,v,shift_2px,freq_l1,0.30755606293678284
282,2,57-175km,v,shift_2px,freq_l1_unweighted,0.38142314553260803
282,2,57-175km,v,shift_2px,melr,-1.8120179134939463e-08
282,2,57-175km,v,shift_2px,swd,0.007702709175646305
282,3,114-359km,u,shift_2px,freq_l1,0.14359664916992188
282,3,114-359km,u,shift_2px,freq_l1_unweighted,0.1740943193435669
282,3,114-359km,u,shift_2px,melr,2.588596448305225e-09
282,3,114-359km,u,shift_2px,swd,0.00323614664375782
282,3,114-359km,v,shift_2px,freq_l1,0.16181519627571106
282,3,114-359km,v,shift_2px,freq_l1_unweighted,0.19022317230701447
282,3,114-359km,v,shift_2px,melr,-7.765791565361724e-09
282,3,114-359km,v,shift_2px,swd,0.006232922896742821
282,4,>325km,u,shift_2px,freq_l1,0.01897967979311943
282,4,>325km,u,shift_2px,freq_l1_unweighted,0.02444710023701191
282,4,>325km,u,shift_2px,melr,-3.197442226217156e-15
282,4,>325km,u,shift_2px,swd,0.004705970641225576
282,4,>325km,v,shift_2px,freq_l1,0.02984238788485527
282,4,>325km,v,shift_2px,freq_l1_unweighted,0.03237413614988327
282,4,>325km,v,shift_2px,melr,-1.5531581354366608e-08
282,4,>325km,v,shift_2px,swd,0.005093876272439957
282,0,6-25km,u,shift_3px,freq_l1,0.4892157018184662
282,0,6-25km,u,shift_3px,freq_l1_unweighted,0.7649889588356018
282,0,6-25km,u,shift_3px,melr,2.588596448305225e-09
282,0,6-25km,u,shift_3px,swd,0.01212005689740181
282,0,6-25km,v,shift_3px,freq_l1,0.5066378712654114
282,0,6-25km,v,shift_3px,freq_l1_unweighted,0.8213402032852173
282,0,6-25km,v,shift_3px,melr,2.0708773362798638e-08
282,0,6-25km,v,shift_3px,swd,0.021662503480911255
282,1,28-86km,u,shift_3px,freq_l1,0.6108465194702148
282,1,28-86km,u,shift_3px,freq_l1_unweighted,0.8475902676582336
282,1,28-86km,u,shift_3px,melr,1.03543857932209e-08
282,1,28-86km,u,shift_3px,swd,0.006701274309307337
282,1,28-86km,v,shift_3px,freq_l1,0.6220489740371704
282,1,28-86km,v,shift_3px,freq_l1_unweighted,0.8932459950447083
282,1,28-86km,v,shift_3px,melr,5.1771933406996595e-09
282,1,28-86km,v,shift_3px,swd,0.010406611487269402
282,2,57-175km,u,shift_3px,freq_l1,0.4133668839931488
282,2,57-175km,u,shift_3px,freq_l1_unweighted,0.5275992155075073
282,2,57-175km,u,shift_3px,melr,1.03543857932209e-08
282,2,57-175km,u,shift_3px,swd,0.006906571798026562
282,2,57-175km,v,shift_3px,freq_l1,0.4404420852661133
282,2,57-175km,v,shift_3px,freq_l1_unweighted,0.5576114654541016
282,2,57-175km,v,shift_3px,melr,-3.55271373174006e-16
282,2,57-175km,v,shift_3px,swd,0.009175353683531284
282,3,114-359km,u,shift_3px,freq_l1,0.21226584911346436
282,3,114-359km,u,shift_3px,freq_l1_unweighted,0.25937336683273315
282,3,114-359km,u,shift_3px,melr,1.03543857932209e-08
282,3,114-359km,u,shift_3px,swd,0.004711902234703302
282,3,114-359km,v,shift_3px,freq_l1,0.23987512290477753
282,3,114-359km,v,shift_3px,freq_l1_unweighted,0.2834140658378601
282,3,114-359km,v,shift_3px,melr,-5.177195117056499e-09
282,3,114-359km,v,shift_3px,swd,0.009520148858428001
282,4,>325km,u,shift_3px,freq_l1,0.028547048568725586
282,4,>325km,u,shift_3px,freq_l1_unweighted,0.03663109987974167
282,4,>325km,u,shift_3px,melr,-2.1316282919835953e-15
282,4,>325km,u,shift_3px,swd,0.005995243787765503
282,4,>325km,v,shift_3px,freq_l1,0.0447118803858757
282,4,>325km,v,shift_3px,freq_l1_unweighted,0.048502117395401
282,4,>325km,v,shift_3px,melr,-7.765791565361724e-09
282,4,>325km,v,shift_3px,swd,0.0067406040616333485
282,0,6-25km,u,blur_sigma0.5,freq_l1,0.036221906542778015
282,0,6-25km,u,blur_sigma0.5,freq_l1_unweighted,0.06004711240530014
282,0,6-25km,u,blur_sigma0.5,melr,-0.07683401554822922
282,0,6-25km,u,blur_sigma0.5,swd,0.032328978180885315
282,0,6-25km,v,blur_sigma0.5,freq_l1,0.03767472133040428
282,0,6-25km,v,blur_sigma0.5,freq_l1_unweighted,0.06252338737249374
282,0,6-25km,v,blur_sigma0.5,melr,-0.07142548263072968
282,0,6-25km,v,blur_sigma0.5,swd,0.038469962775707245
282,1,28-86km,u,blur_sigma0.5,freq_l1,0.011465499177575111
282,1,28-86km,u,blur_sigma0.5,freq_l1_unweighted,0.016743209213018417
282,1,28-86km,u,blur_sigma0.5,melr,-0.014333914034068584
282,1,28-86km,u,blur_sigma0.5,swd,0.004619085229933262
282,1,28-86km,v,blur_sigma0.5,freq_l1,0.011268026195466518
282,1,28-86km,v,blur_sigma0.5,freq_l1_unweighted,0.016256071627140045
282,1,28-86km,v,blur_sigma0.5,melr,-0.013032535091042519
282,1,28-86km,v,blur_sigma0.5,swd,0.004882134962826967
282,2,57-175km,u,blur_sigma0.5,freq_l1,0.0033267270773649216
282,2,57-175km,u,blur_sigma0.5,freq_l1_unweighted,0.004707498010247946
282,2,57-175km,u,blur_sigma0.5,melr,-0.003719659987837076
282,2,57-175km,u,blur_sigma0.5,swd,0.001520913909189403
282,2,57-175km,v,blur_sigma0.5,freq_l1,0.0031883218325674534
282,2,57-175km,v,blur_sigma0.5,freq_l1_unweighted,0.0044103218242526054
282,2,57-175km,v,blur_sigma0.5,melr,-0.0032273929100483656
282,2,57-175km,v,blur_sigma0.5,swd,0.0017142912838608027
282,3,114-359km,u,blur_sigma0.5,freq_l1,0.0007843268103897572
282,3,114-359km,u,blur_sigma0.5,freq_l1_unweighted,0.0011147188488394022
282,3,114-359km,u,blur_sigma0.5,melr,-0.0010453923605382442
282,3,114-359km,u,blur_sigma0.5,swd,0.0006365404115058482
282,3,114-359km,v,blur_sigma0.5,freq_l1,0.0007835870492272079
282,3,114-359km,v,blur_sigma0.5,freq_l1_unweighted,0.0010616818908602
282,3,114-359km,v,blur_sigma0.5,melr,-0.0008603102760389447
282,3,114-359km,v,blur_sigma0.5,swd,0.0005672165425494313
282,4,>325km,u,blur_sigma0.5,freq_l1,6.079930972191505e-05
282,4,>325km,u,blur_sigma0.5,freq_l1_unweighted,7.584931154269725e-05
282,4,>325km,u,blur_sigma0.5,melr,-0.0001117805513786152
282,4,>325km,u,blur_sigma0.5,swd,0.0002960702986456454
282,4,>325km,v,blur_sigma0.5,freq_l1,6.217836198629811e-05
282,4,>325km,v,blur_sigma0.5,freq_l1_unweighted,7.808041846146807e-05
282,4,>325km,v,blur_sigma0.5,melr,-0.00016031369159463793
282,4,>325km,v,blur_sigma0.5,swd,0.0002764470991678536
282,0,6-25km,u,blur_sigma1,freq_l1,0.11029215902090073
282,0,6-25km,u,blur_sigma1,freq_l1_unweighted,0.19207672774791718
282,0,6-25km,u,blur_sigma1,melr,-0.26071709394454956
282,0,6-25km,u,blur_sigma1,swd,0.10821904987096786
282,0,6-25km,v,blur_sigma1,freq_l1,0.11428625881671906
282,0,6-25km,v,blur_sigma1,freq_l1_unweighted,0.1988067924976349
282,0,6-25km,v,blur_sigma1,melr,-0.23422059416770935
282,0,6-25km,v,blur_sigma1,swd,0.11925853788852692
282,1,28-86km,u,blur_sigma1,freq_l1,0.048427514731884
282,1,28-86km,u,blur_sigma1,freq_l1_unweighted,0.07169793546199799
282,1,28-86km,u,blur_sigma1,melr,-0.06296641379594803
282,1,28-86km,u,blur_sigma1,swd,0.019683660939335823
282,1,28-86km,v,blur_sigma1,freq_l1,0.04759656637907028
282,1,28-86km,v,blur_sigma1,freq_l1_unweighted,0.06944656372070312
282,1,28-86km,v,blur_sigma1,melr,-0.05675237625837326
282,1,28-86km,v,blur_sigma1,swd,0.021289508789777756
282,2,57-175km,u,blur_sigma1,freq_l1,0.01485868077725172
282,2,57-175km,u,blur_sigma1,freq_l1_unweighted,0.02117973193526268
282,2,57-175km,u,blur_sigma1,melr,-0.016987081617116928
282,2,57-175km,u,blur_sigma1,swd,0.007439347915351391
282,2,57-175km,v,blur_sigma1,freq_l1,0.014231410808861256
282,2,57-175km,v,blur_sigma1,freq_l1_unweighted,0.019793163985013962
282,2,57-175km,v,blur_sigma1,melr,-0.014738406054675579
282,2,57-175km,v,blur_sigma1,swd,0.0076653738506138325
282,3,114-359km,u,blur_sigma1,freq_l1,0.0035065908450633287
282,3,114-359km,u,blur_sigma1,freq_l1_unweighted,0.005033939145505428
282,3,114-359km,u,blur_sigma1,melr,-0.004809104837477207
282,3,114-359km,u,blur_sigma1,swd,0.0021166724618524313
282,3,114-359km,v,blur_sigma1,freq_l1,0.0034958738833665848
282,3,114-359km,v,blur_sigma1,freq_l1_unweighted,0.0047760303132236
282,3,114-359km,v,blur_sigma1,melr,-0.0039795213378965855
282,3,114-359km,v,blur_sigma1,swd,0.0026571485213935375
282,4,>325km,u,blur_sigma1,freq_l1,0.00025924472720362246
282,4,>325km,u,blur_sigma1,freq_l1_unweighted,0.0003300269600003958
282,4,>325km,u,blur_sigma1,melr,-0.000528305652551353
282,4,>325km,u,blur_sigma1,swd,0.0011032943148165941
282,4,>325km,v,blur_sigma1,freq_l1,0.0002664441126398742
282,4,>325km,v,blur_sigma1,freq_l1_unweighted,0.00034266800503246486
282,4,>325km,v,blur_sigma1,melr,-0.0007496255566366017
282,4,>325km,v,blur_sigma1,swd,0.001112074707634747
282,0,6-25km,u,blur_sigma2,freq_l1,0.18120671808719635
282,0,6-25km,u,blur_sigma2,freq_l1_unweighted,0.34241124987602234
282,0,6-25km,u,blur_sigma2,melr,-0.5216890573501587
282,0,6-25km,u,blur_sigma2,swd,0.19943717122077942
282,0,6-25km,v,blur_sigma2,freq_l1,0.18339309096336365
282,0,6-25km,v,blur_sigma2,freq_l1_unweighted,0.3451215922832489
282,0,6-25km,v,blur_sigma2,melr,-0.4381026327610016
282,0,6-25km,v,blur_sigma2,swd,0.2179069221019745
282,1,28-86km,u,blur_sigma2,freq_l1,0.1406453549861908
282,1,28-86km,u,blur_sigma2,freq_l1_unweighted,0.2175886183977127
282,1,28-86km,u,blur_sigma2,melr,-0.20712187886238098
282,1,28-86km,u,blur_sigma2,swd,0.06133761256933212
282,1,28-86km,v,blur_sigma2,freq_l1,0.1380348801612854
282,1,28-86km,v,blur_sigma2,freq_l1_unweighted,0.209281325340271
282,1,28-86km,v,blur_sigma2,melr,-0.18165579438209534
282,1,28-86km,v,blur_sigma2,swd,0.06010633334517479
282,2,57-175km,u,blur_sigma2,freq_l1,0.05286140367388725
282,2,57-175km,u,blur_sigma2,freq_l1_unweighted,0.07670651376247406
282,2,57-175km,u,blur_sigma2,melr,-0.06364817917346954
282,2,57-175km,u,blur_sigma2,swd,0.02808080054819584
282,2,57-175km,v,blur_sigma2,freq_l1,0.05067246034741402
282,2,57-175km,v,blur_sigma2,freq_l1_unweighted,0.0715741217136383
282,2,57-175km,v,blur_sigma2,melr,-0.05506100133061409
282,2,57-175km,v,blur_sigma2,swd,0.023798754438757896
282,3,114-359km,u,blur_sigma2,freq_l1,0.013182522729039192
282,3,114-359km,u,blur_sigma2,freq_l1_unweighted,0.01915437914431095
282,3,114-359km,u,blur_sigma2,melr,-0.01869736984372139
282,3,114-359km,u,blur_sigma2,swd,0.00979937706142664
282,3,114-359km,v,blur_sigma2,freq_l1,0.013158445246517658
282,3,114-359km,v,blur_sigma2,freq_l1_unweighted,0.018173420801758766
282,3,114-359km,v,blur_sigma2,melr,-0.015599468722939491
282,3,114-359km,v,blur_sigma2,swd,0.009703869000077248
282,4,>325km,u,blur_sigma2,freq_l1,0.0009328698506578803
282,4,>325km,u,blur_sigma2,freq_l1_unweighted,0.001218673656694591
282,4,>325km,u,blur_sigma2,melr,-0.0021516557317227125
282,4,>325km,u,blur_sigma2,swd,0.0036240050103515387
282,4,>325km,v,blur_sigma2,freq_l1,0.0009815067751333117
282,4,>325km,v,blur_sigma2,freq_l1_unweighted,0.0012987854424864054
282,4,>325km,v,blur_sigma2,melr,-0.003015226451680064
282,4,>325km,v,blur_sigma2,swd,0.003971497528254986
167,0,6-25km,u,shift_2px,freq_l1,0.46118518710136414
167,0,6-25km,u,shift_2px,freq_l1_unweighted,0.9145584106445312
167,0,6-25km,u,shift_2px,melr,7.765789433733516e-08
167,0,6-25km,u,shift_2px,swd,0.07172510027885437
167,0,6-25km,v,shift_2px,freq_l1,0.5110694766044617
167,0,6-25km,v,shift_2px,freq_l1_unweighted,1.016426920890808
167,0,6-25km,v,shift_2px,melr,2.5885965371230668e-08
167,0,6-25km,v,shift_2px,swd,0.05945628136396408
167,1,28-86km,u,shift_2px,freq_l1,0.45318207144737244
167,1,28-86km,u,shift_2px,freq_l1_unweighted,0.6847164630889893
167,1,28-86km,u,shift_2px,melr,3.45146240476879e-08
167,1,28-86km,u,shift_2px,swd,0.029094496741890907
167,1,28-86km,v,shift_2px,freq_l1,0.49156466126441956
167,1,28-86km,v,shift_2px,freq_l1_unweighted,0.7218925356864929
167,1,28-86km,v,shift_2px,melr,8.628656011921976e-09
167,1,28-86km,v,shift_2px,swd,0.016068030148744583
167,2,57-175km,u,shift_2px,freq_l1,0.30092719197273254
167,2,57-175km,u,shift_2px,freq_l1_unweighted,0.3890606164932251
167,2,57-175km,u,shift_2px,melr,-2.5885972476658026e-08
167,2,57-175km,u,shift_2px,swd,0.02014896087348461
167,2,57-175km,v,shift_2px,freq_l1,0.2961353063583374
167,2,57-175km,v,shift_2px,freq_l1_unweighted,0.3931746184825897
167,2,57-175km,v,shift_2px,melr,-8.628657788278815e-09
167,2,57-175km,v,shift_2px,swd,0.011349773034453392
167,3,114-359km,u,shift_2px,freq_l1,0.17321300506591797
167,3,114-359km,u,shift_2px,freq_l1_unweighted,0.2019020915031433
167,3,114-359km,u,shift_2px,melr,0.0
167,3,114-359km,u,shift_2px,swd,0.012200244702398777
167,3,114-359km,v,shift_2px,freq_l1,0.16402839124202728
167,3,114-359km,v,shift_2px,freq_l1_unweighted,0.20892898738384247
167,3,114-359km,v,shift_2px,melr,-2.157164225025099e-08
167,3,114-359km,v,shift_2px,swd,0.007863976992666721
167,4,>325km,u,shift_2px,freq_l1,0.04190906882286072
167,4,>325km,u,shift_2px,freq_l1_unweighted,0.045861199498176575
167,4,>325km,u,shift_2px,melr,8.628654235565136e-09
167,4,>325km,u,shift_2px,swd,0.014790291897952557
167,4,>325km,v,shift_2px,freq_l1,0.04289505258202553
167,4,>325km,v,shift_2px,freq_l1_unweighted,0.04893681779503822
167,4,>325km,v,shift_2px,melr,1.725731202384395e-08
167,4,>325km,v,shift_2px,swd,0.010642070323228836
167,0,6-25km,u,shift_3px,freq_l1,0.5434021949768066
167,0,6-25km,u,shift_3px,freq_l1_unweighted,0.9936439990997314
167,0,6-25km,u,shift_3px,melr,8.628654768472188e-08
167,0,6-25km,u,shift_3px,swd,0.06892967224121094
167,0,6-25km,v,shift_3px,freq_l1,0.5735276341438293
167,0,6-25km,v,shift_3px,freq_l1_unweighted,1.0557211637496948
167,0,6-25km,v,shift_3px,melr,1.7257308471130273e-08
167,0,6-25km,v,shift_3px,swd,0.04673197492957115
167,1,28-86km,u,shift_3px,freq_l1,0.592507004737854
167,1,28-86km,u,shift_3px,freq_l1_unweighted,0.9412546753883362
167,1,28-86km,u,shift_3px,melr,3.45146240476879e-08
167,1,28-86km,u,shift_3px,swd,0.032960981130599976
167,1,28-86km,v,shift_3px,freq_l1,0.6284765601158142
167,1,28-86km,v,shift_3px,freq_l1_unweighted,0.9832941889762878
167,1,28-86km,v,shift_3px,melr,8.628656011921976e-09
167,1,28-86km,v,shift_3px,swd,0.019992385059595108
167,2,57-175km,u,shift_3px,freq_l1,0.43368926644325256
167,2,57-175km,u,shift_3px,freq_l1_unweighted,0.5716555714607239
167,2,57-175km,u,shift_3px,melr,-1.2942987126507433e-08
167,2,57-175km,u,shift_3px,swd,0.026321351528167725
167,2,57-175km,v,shift_3px,freq_l1,0.4245486557483673
167,2,57-175km,v,shift_3px,freq_l1_unweighted,0.5757520794868469
167,2,57-175km,v,shift_3px,melr,-1.725731380020079e-08
167,2,57-175km,v,shift_3px,swd,0.015806065872311592
167,3,114-359km,u,shift_3px,freq_l1,0.2578689754009247
167,3,114-359km,u,shift_3px,freq_l1_unweighted,0.30137842893600464
167,3,114-359km,u,shift_3px,melr,4.314327561871778e-09
167,3,114-359km,u,shift_3px,swd,0.018417056649923325
167,3,114-359km,v,shift_3px,freq_l1,0.24328331649303436
167,3,114-359km,v,shift_3px,freq_l1_unweighted,0.31155845522880554
167,3,114-359km,v,shift_3px,melr,-8.628656011921976e-09
167,3,114-359km,v,shift_3px,swd,0.010297602973878384
167,4,>325km,u,shift_3px,freq_l1,0.06294236332178116
167,4,>325km,u,shift_3px,freq_l1_unweighted,0.06875445693731308
167,4,>325km,u,shift_3px,melr,-3.552713678800501e-15
167,4,>325km,u,shift_3px,swd,0.020174160599708557
167,4,>325km,v,shift_3px,freq_l1,0.06452136486768723
167,4,>325km,v,shift_3px,freq_l1_unweighted,0.07333989441394806
167,4,>325km,v,shift_3px,melr,3.45146240476879e-08
167,4,>325km,v,shift_3px,swd,0.013020765967667103
167,0,6-25km,u,blur_sigma0.5,freq_l1,0.040495146065950394
167,0,6-25km,u,blur_sigma0.5,freq_l1_unweighted,0.07418450713157654
167,0,6-25km,u,blur_sigma0.5,melr,-0.05167262256145477
167,0,6-25km,u,blur_sigma0.5,swd,0.04339798912405968
167,0,6-25km,v,blur_sigma0.5,freq_l1,0.044960275292396545
167,0,6-25km,v,blur_sigma0.5,freq_l1_unweighted,0.09629691392183304
167,0,6-25km,v,blur_sigma0.5,melr,-0.09781304746866226
167,0,6-25km,v,blur_sigma0.5,swd,0.0654163733124733
167,1,28-86km,u,blur_sigma0.5,freq_l1,0.011247056536376476
167,1,28-86km,u,blur_sigma0.5,freq_l1_unweighted,0.015854990109801292
167,1,28-86km,u,blur_sigma0.5,melr,-0.007882126607000828
167,1,28-86km,u,blur_sigma0.5,swd,0.004667072091251612
167,1,28-86km,v,blur_sigma0.5,freq_l1,0.012421921826899052
167,1,28-86km,v,blur_sigma0.5,freq_l1_unweighted,0.019295474514365196
167,1,28-86km,v,blur_sigma0.5,melr,-0.012936410494148731
167,1,28-86km,v,blur_sigma0.5,swd,0.005856167990714312
167,2,57-175km,u,blur_sigma0.5,freq_l1,0.003029769053682685
167,2,57-175km,u,blur_sigma0.5,freq_l1_unweighted,0.0039567830972373486
167,2,57-175km,u,blur_sigma0.5,melr,-0.0016784705221652985
167,2,57-175km,u,blur_sigma0.5,swd,0.00119711272418499
167,2,57-175km,v,blur_sigma0.5,freq_l1,0.003228849731385708
167,2,57-175km,v,blur_sigma0.5,freq_l1_unweighted,0.004656212870031595
167,2,57-175km,v,blur_sigma0.5,melr,-0.0028060812037438154
167,2,57-175km,v,blur_sigma0.5,swd,0.0016529359854757786
167,3,114-359km,u,blur_sigma0.5,freq_l1,0.0007831360562704504
167,3,114-359km,u,blur_sigma0.5,freq_l1_unweighted,0.0009898655116558075
167,3,114-359km,u,blur_sigma0.5,melr,-0.0004133557667955756
167,3,114-359km,u,blur_sigma0.5,swd,0.00048033727216534317
167,3,114-359km,v,blur_sigma0.5,freq_l1,0.0007712249644100666
167,3,114-359km,v,blur_sigma0.5,freq_l1_unweighted,0.0011266577057540417
167,3,114-359km,v,blur_sigma0.5,melr,-0.0007201131084002554
167,3,114-359km,v,blur_sigma0.5,swd,0.0006764404242858291
167,4,>325km,u,blur_sigma0.5,freq_l1,6.742210098309442e-05
167,4,>325km,u,blur_sigma0.5,freq_l1_unweighted,9.136838343692943e-05
167,4,>325km,u,blur_sigma0.5,melr,-8.153132512234151e-05
167,4,>325km,u,blur_sigma0.5,swd,0.000364884763257578
167,4,>325km,v,blur_sigma0.5,freq_l1,7.905307575128973e-05
167,4,>325km,v,blur_sigma0.5,freq_l1_unweighted,0.000100779376225546
167,4,>325km,v,blur_sigma0.5,melr,-7.219367398647591e-05
167,4,>325km,v,blur_sigma0.5,swd,0.00042514654342085123
167,0,6-25km,u,blur_sigma1,freq_l1,0.11984997987747192
167,0,6-25km,u,blur_sigma1,freq_l1_unweighted,0.22861142456531525
167,0,6-25km,u,blur_sigma1,melr,-0.14676088094711304
167,0,6-25km,u,blur_sigma1,swd,0.13179482519626617
167,0,6-25km,v,blur_sigma1,freq_l1,0.13365595042705536
167,0,6-25km,v,blur_sigma1,freq_l1_unweighted,0.2988654375076294
167,0,6-25km,v,blur_sigma1,melr,-0.3108324110507965
167,0,6-25km,v,blur_sigma1,swd,0.20019501447677612
167,1,28-86km,u,blur_sigma1,freq_l1,0.047339338809251785
167,1,28-86km,u,blur_sigma1,freq_l1_unweighted,0.06739931553602219
167,1,28-86km,u,blur_sigma1,melr,-0.03341974690556526
167,1,28-86km,u,blur_sigma1,swd,0.01807369850575924
167,1,28-86km,v,blur_sigma1,freq_l1,0.05197497829794884
167,1,28-86km,v,blur_sigma1,freq_l1_unweighted,0.08192329853773117
167,1,28-86km,v,blur_sigma1,melr,-0.0559251643717289
167,1,28-86km,v,blur_sigma1,swd,0.025238487869501114
167,2,57-175km,u,blur_sigma1,freq_l1,0.013499658554792404
167,2,57-175km,u,blur_sigma1,freq_l1_unweighted,0.017687136307358742
167,2,57-175km,u,blur_sigma1,melr,-0.0075894067995250225
167,2,57-175km,u,blur_sigma1,swd,0.005355065688490868
167,2,57-175km,v,blur_sigma1,freq_l1,0.01443397719413042
167,2,57-175km,v,blur_sigma1,freq_l1_unweighted,0.020900236442685127
167,2,57-175km,v,blur_sigma1,melr,-0.012782544828951359
167,2,57-175km,v,blur_sigma1,swd,0.007591346278786659
167,3,114-359km,u,blur_sigma1,freq_l1,0.0034700643736869097
167,3,114-359km,u,blur_sigma1,freq_l1_unweighted,0.0044237463735044
167,3,114-359km,u,blur_sigma1,melr,-0.0019035451114177704
167,3,114-359km,u,blur_sigma1,swd,0.001992621459066868
167,3,114-359km,v,blur_sigma1,freq_l1,0.003443293971940875
167,3,114-359km,v,blur_sigma1,freq_l1_unweighted,0.005091626662760973
167,3,114-359km,v,blur_sigma1,melr,-0.0033126333728432655
167,3,114-359km,v,blur_sigma1,swd,0.0021111515816301107
167,4,>325km,u,blur_sigma1,freq_l1,0.0002873360936064273
167,4,>325km,u,blur_sigma1,freq_l1_unweighted,0.000394629460060969
167,4,>325km,u,blur_sigma1,melr,-0.0003754419449251145
167,4,>325km,u,blur_sigma1,swd,0.0016460721381008625
167,4,>325km,v,blur_sigma1,freq_l1,0.00034830006188713014
167,4,>325km,v,blur_sigma1,freq_l1_unweighted,0.00044924402027390897
167,4,>325km,v,blur_sigma1,melr,-0.00033568291109986603
167,4,>325km,v,blur_sigma1,swd,0.0019208956509828568
167,0,6-25km,u,blur_sigma2,freq_l1,0.18962039053440094
167,0,6-25km,u,blur_sigma2,freq_l1_unweighted,0.38132336735725403
167,0,6-25km,u,blur_sigma2,melr,-0.22645626962184906
167,0,6-25km,u,blur_sigma2,swd,0.22912760078907013
167,0,6-25km,v,blur_sigma2,freq_l1,0.2090618759393692
167,0,6-25km,v,blur_sigma2,freq_l1_unweighted,0.49080169200897217
167,0,6-25km,v,blur_sigma2,melr,-0.5223391652107239
167,0,6-25km,v,blur_sigma2,swd,0.3317413330078125
167,1,28-86km,u,blur_sigma2,freq_l1,0.1358097642660141
167,1,28-86km,u,blur_sigma2,freq_l1_unweighted,0.2004241794347763
167,1,28-86km,u,blur_sigma2,melr,-0.09887206554412842
167,1,28-86km,u,blur_sigma2,swd,0.053232476115226746
167,1,28-86km,v,blur_sigma2,freq_l1,0.14692436158657074
167,1,28-86km,v,blur_sigma2,freq_l1_unweighted,0.24277882277965546
167,1,28-86km,v,blur_sigma2,melr,-0.17478658258914948
167,1,28-86km,v,blur_sigma2,swd,0.07382018119096756
167,2,57-175km,u,blur_sigma2,freq_l1,0.04794923588633537
167,2,57-175km,u,blur_sigma2,freq_l1_unweighted,0.06362701207399368
167,2,57-175km,u,blur_sigma2,melr,-0.027597444131970406
167,2,57-175km,u,blur_sigma2,swd,0.01954224705696106
167,2,57-175km,v,blur_sigma2,freq_l1,0.051409292966127396
167,2,57-175km,v,blur_sigma2,freq_l1_unweighted,0.07539618760347366
167,2,57-175km,v,blur_sigma2,melr,-0.04738648608326912
167,2,57-175km,v,blur_sigma2,swd,0.026573412120342255
167,3,114-359km,u,blur_sigma2,freq_l1,0.012930218130350113
167,3,114-359km,u,blur_sigma2,freq_l1_unweighted,0.016713252291083336
167,3,114-359km,u,blur_sigma2,melr,-0.007420259993523359
167,3,114-359km,u,blur_sigma2,swd,0.007250264752656221
167,3,114-359km,v,blur_sigma2,freq_l1,0.013042704202234745
167,3,114-359km,v,blur_sigma2,freq_l1_unweighted,0.01955375261604786
167,3,114-359km,v,blur_sigma2,melr,-0.01296267006546259
167,3,114-359km,v,blur_sigma2,swd,0.010418746620416641
167,4,>325km,u,blur_sigma2,freq_l1,0.0010359355947002769
167,4,>325km,u,blur_sigma2,freq_l1_unweighted,0.0014465615386143327
167,4,>325km,u,blur_sigma2,melr,-0.001475194818340242
167,4,>325km,u,blur_sigma2,swd,0.004823493305593729
167,4,>325km,v,blur_sigma2,freq_l1,0.0013414733111858368
167,4,>325km,v,blur_sigma2,freq_l1_unweighted,0.0017448378494009376
167,4,>325km,v,blur_sigma2,melr,-0.001371914055198431
167,4,>325km,v,blur_sigma2,swd,0.0055470517836511135
109,0,6-25km,u,shift_2px,freq_l1,0.2975159287452698
109,0,6-25km,u,shift_2px,freq_l1_unweighted,0.5224783420562744
109,0,6-25km,u,shift_2px,melr,5.48173382242112e-08
109,0,6-25km,u,shift_2px,swd,0.02892371080815792
109,0,6-25km,v,shift_2px,freq_l1,0.34288135170936584
109,0,6-25km,v,shift_2px,freq_l1_unweighted,0.5766661167144775
109,0,6-25km,v,shift_2px,melr,3.6544893333712025e-08
109,0,6-25km,v,shift_2px,swd,0.028452565893530846
109,1,28-86km,u,shift_2px,freq_l1,0.30631566047668457
109,1,28-86km,u,shift_2px,freq_l1_unweighted,0.4074382483959198
109,1,28-86km,u,shift_2px,melr,2.4363263406712576e-08
109,1,28-86km,u,shift_2px,swd,0.01108713448047638
109,1,28-86km,v,shift_2px,freq_l1,0.3461178243160248
109,1,28-86km,v,shift_2px,freq_l1_unweighted,0.44604578614234924
109,1,28-86km,v,shift_2px,melr,2.2840557889480806e-08
109,1,28-86km,v,shift_2px,swd,0.011063133366405964
109,2,57-175km,u,shift_2px,freq_l1,0.20541508495807648
109,2,57-175km,u,shift_2px,freq_l1_unweighted,0.2414679229259491
109,2,57-175km,u,shift_2px,melr,-1.5227051841648631e-09
109,2,57-175km,u,shift_2px,swd,0.0065850126557052135
109,2,57-175km,v,shift_2px,freq_l1,0.2181847095489502
109,2,57-175km,v,shift_2px,freq_l1_unweighted,0.25244367122650146
109,2,57-175km,v,shift_2px,melr,-1.522705628254073e-09
109,2,57-175km,v,shift_2px,swd,0.008507373742759228
109,3,114-359km,u,shift_2px,freq_l1,0.11102789640426636
109,3,114-359km,u,shift_2px,freq_l1_unweighted,0.12007080763578415
109,3,114-359km,u,shift_2px,melr,1.8272446666856013e-08
109,3,114-359km,u,shift_2px,swd,0.004079626407474279
109,3,114-359km,v,shift_2px,freq_l1,0.11435011029243469
109,3,114-359km,v,shift_2px,freq_l1_unweighted,0.119980588555336
109,3,114-359km,v,shift_2px,melr,4.568109890357164e-09
109,3,114-359km,v,shift_2px,swd,0.004712070804089308
109,4,>325km,u,shift_2px,freq_l1,0.019378921017050743
109,4,>325km,u,shift_2px,freq_l1_unweighted,0.023800376802682877
109,4,>325km,u,shift_2px,melr,1.370433544423122e-08
109,4,>325km,u,shift_2px,swd,0.005364991258829832
109,4,>325km,v,shift_2px,freq_l1,0.027610504999756813
109,4,>325km,v,shift_2px,freq_l1_unweighted,0.030047094449400902
109,4,>325km,v,shift_2px,melr,-4.5681134430708425e-09
109,4,>325km,v,shift_2px,swd,0.00516159925609827
109,0,6-25km,u,shift_3px,freq_l1,0.34119734168052673
109,0,6-25km,u,shift_3px,freq_l1_unweighted,0.5760940909385681
109,0,6-25km,u,shift_3px,melr,5.786274925867474e-08
109,0,6-25km,u,shift_3px,swd,0.02887725830078125
109,0,6-25km,v,shift_3px,freq_l1,0.38175326585769653
109,0,6-25km,v,shift_3px,freq_l1_unweighted,0.613763689994812
109,0,6-25km,v,shift_3px,melr,3.8067597074586956e-08
109,0,6-25km,v,shift_3px,swd,0.03125331178307533
109,1,28-86km,u,shift_3px,freq_l1,0.40237894654273987
109,1,28-86km,u,shift_3px,freq_l1_unweighted,0.56173175573349
109,1,28-86km,u,shift_3px,melr,2.740867088846244e-08
109,1,28-86km,u,shift_3px,swd,0.014983512461185455
109,1,28-86km,v,shift_3px,freq_l1,0.4481867849826813
109,1,28-86km,v,shift_3px,freq_l1_unweighted,0.6121159791946411
109,1,28-86km,v,shift_3px,melr,2.2840557889480806e-08
109,1,28-86km,v,shift_3px,swd,0.015040984377264977
109,2,57-175km,u,shift_3px,freq_l1,0.2969803512096405
109,2,57-175km,u,shift_3px,freq_l1_unweighted,0.35481175780296326
109,2,57-175km,u,shift_3px,melr,1.522702741674209e-09
109,2,57-175km,u,shift_3px,swd,0.009793004021048546
109,2,57-175km,v,shift_3px,freq_l1,0.3135795593261719
109,2,57-175km,v,shift_3px,freq_l1_unweighted,0.3702017068862915
109,2,57-175km,v,shift_3px,melr,1.5227028526965114e-09
109,2,57-175km,v,shift_3px,swd,0.011027292348444462
109,3,114-359km,u,shift_3px,freq_l1,0.16503611207008362
109,3,114-359km,u,shift_3px,freq_l1_unweighted,0.17911235988140106
109,3,114-359km,u,shift_3px,melr,7.613519592553075e-09
109,3,114-359km,u,shift_3px,swd,0.00552027951925993
109,3,114-359km,v,shift_3px,freq_l1,0.16970452666282654
109,3,114-359km,v,shift_3px,freq_l1_unweighted,0.17891836166381836
109,3,114-359km,v,shift_3px,melr,-3.0454094801513065e-09
109,3,114-359km,v,shift_3px,swd,0.007226948626339436
109,4,>325km,u,shift_3px,freq_l1,0.029093461111187935
109,4,>325km,u,shift_3px,freq_l1_unweighted,0.035676661878824234
109,4,>325km,u,shift_3px,melr,-7.613524033445174e-09
109,4,>325km,u,shift_3px,swd,0.007258150260895491
109,4,>325km,v,shift_3px,freq_l1,0.0412583127617836
109,4,>325km,v,shift_3px,freq_l1_unweighted,0.04503124952316284
109,4,>325km,v,shift_3px,melr,-3.0454101462851213e-09
109,4,>325km,v,shift_3px,swd,0.007664205972105265
109,0,6-25km,u,blur_sigma0.5,freq_l1,0.02460135705769062
109,0,6-25km,u,blur_sigma0.5,freq_l1_unweighted,0.04195075482130051
109,0,6-25km,u,blur_sigma0.5,melr,-0.054243236780166626
109,0,6-25km,u,blur_sigma0.5,swd,0.023267405107617378
109,0,6-25km,v,blur_sigma0.5,freq_l1,0.027963925153017044
109,0,6-25km,v,blur_sigma0.5,freq_l1_unweighted,0.0472734309732914
109,0,6-25km,v,blur_sigma0.5,melr,-0.07093663513660431
109,0,6-25km,v,blur_sigma0.5,swd,0.029119357466697693
109,1,28-86km,u,blur_sigma0.5,freq_l1,0.007998290471732616
109,1,28-86km,u,blur_sigma0.5,freq_l1_unweighted,0.010845367796719074
109,1,28-86km,u,blur_sigma0.5,melr,-0.00969666987657547
109,1,28-86km,u,blur_sigma0.5,swd,0.002973605412989855
109,1,28-86km,v,blur_sigma0.5,freq_l1,0.008657217025756836
109,1,28-86km,v,blur_sigma0.5,freq_l1_unweighted,0.011718313209712505
109,1,28-86km,v,blur_sigma0.5,melr,-0.011763550341129303
109,1,28-86km,v,blur_sigma0.5,swd,0.0034655025228857994
109,2,57-175km,u,blur_sigma0.5,freq_l1,0.0023367367684841156
109,2,57-175km,u,blur_sigma0.5,freq_l1_unweighted,0.0028876455035060644
109,2,57-175km,u,blur_sigma0.5,melr,-0.00214185006916523
109,2,57-175km,u,blur_sigma0.5,swd,0.0008772336295805871
109,2,57-175km,v,blur_sigma0.5,freq_l1,0.002400472294539213
109,2,57-175km,v,blur_sigma0.5,freq_l1_unweighted,0.0030115607660263777
109,2,57-175km,v,blur_sigma0.5,melr,-0.002743939170613885
109,2,57-175km,v,blur_sigma0.5,swd,0.0011673546396195889
109,3,114-359km,u,blur_sigma0.5,freq_l1,0.000618583639152348
109,3,114-359km,u,blur_sigma0.5,freq_l1_unweighted,0.0007251453935168684
109,3,114-359km,u,blur_sigma0.5,melr,-0.0005226575885899365
109,3,114-359km,u,blur_sigma0.5,swd,0.00030696255271323025
109,3,114-359km,v,blur_sigma0.5,freq_l1,0.0005939326947554946
109,3,114-359km,v,blur_sigma0.5,freq_l1_unweighted,0.0006917837308719754
109,3,114-359km,v,blur_sigma0.5,melr,-0.0005920281400904059
109,3,114-359km,v,blur_sigma0.5,swd,0.00032688319333828986
109,4,>325km,u,blur_sigma0.5,freq_l1,5.187914939597249e-05
109,4,>325km,u,blur_sigma0.5,freq_l1_unweighted,6.427713378798217e-05
109,4,>325km,u,blur_sigma0.5,melr,-0.00010159319936065003
109,4,>325km,u,blur_sigma0.5,swd,0.00022024846111889929
109,4,>325km,v,blur_sigma0.5,freq_l1,5.7619265135144815e-05
109,4,>325km,v,blur_sigma0.5,freq_l1_unweighted,6.394258525688201e-05
109,4,>325km,v,blur_sigma0.5,melr,-8.73218450578861e-05
109,4,>325km,v,blur_sigma0.5,swd,0.000249402568442747
109,0,6-25km,u,blur_sigma1,freq_l1,0.07543959468603134
109,0,6-25km,u,blur_sigma1,freq_l1_unweighted,0.13328076899051666
109,0,6-25km,u,blur_sigma1,melr,-0.16680489480495453
109,0,6-25km,u,blur_sigma1,swd,0.07198385149240494
109,0,6-25km,v,blur_sigma1,freq_l1,0.0857560783624649
109,0,6-25km,v,blur_sigma1,freq_l1_unweighted,0.15057358145713806
109,0,6-25km,v,blur_sigma1,melr,-0.22357290983200073
109,0,6-25km,v,blur_sigma1,swd,0.09355244785547256
109,1,28-86km,u,blur_sigma1,freq_l1,0.033756233751773834
109,1,28-86km,u,blur_sigma1,freq_l1_unweighted,0.04625377804040909
109,1,28-86km,u,blur_sigma1,melr,-0.041447173804044724
109,1,28-86km,u,blur_sigma1,swd,0.012814851477742195
109,1,28-86km,v,blur_sigma1,freq_l1,0.036473870277404785
109,1,28-86km,v,blur_sigma1,freq_l1_unweighted,0.04993821680545807
109,1,28-86km,v,blur_sigma1,melr,-0.0507890060544014
109,1,28-86km,v,blur_sigma1,swd,0.014575930312275887
109,2,57-175km,u,blur_sigma1,freq_l1,0.010439405217766762
109,2,57-175km,u,blur_sigma1,freq_l1_unweighted,0.012967143207788467
109,2,57-175km,u,blur_sigma1,melr,-0.009721031412482262
109,2,57-175km,u,blur_sigma1,swd,0.0040331436321139336
109,2,57-175km,v,blur_sigma1,freq_l1,0.010705824941396713
109,2,57-175km,v,blur_sigma1,freq_l1_unweighted,0.013499196618795395
109,2,57-175km,v,blur_sigma1,melr,-0.012490658089518547
109,2,57-175km,v,blur_sigma1,swd,0.0047484938986599445
109,3,114-359km,u,blur_sigma1,freq_l1,0.0027611125260591507
109,3,114-359km,u,blur_sigma1,freq_l1_unweighted,0.003264153841882944
109,3,114-359km,u,blur_sigma1,melr,-0.0023984252475202084
109,3,114-359km,u,blur_sigma1,swd,0.001415008446201682
109,3,114-359km,v,blur_sigma1,freq_l1,0.002642631297931075
109,3,114-359km,v,blur_sigma1,freq_l1_unweighted,0.0031096511520445347
109,3,114-359km,v,blur_sigma1,melr,-0.002735197776928544
109,3,114-359km,v,blur_sigma1,swd,0.0012910618679597974
109,4,>325km,u,blur_sigma1,freq_l1,0.00022103537048678845
109,4,>325km,u,blur_sigma1,freq_l1_unweighted,0.0002827250282280147
109,4,>325km,u,blur_sigma1,melr,-0.0004767161444760859
109,4,>325km,u,blur_sigma1,swd,0.000882078311406076
109,4,>325km,v,blur_sigma1,freq_l1,0.00024941752781160176
109,4,>325km,v,blur_sigma1,freq_l1_unweighted,0.00028085627127438784
109,4,>325km,v,blur_sigma1,melr,-0.0004042941436637193
109,4,>325km,v,blur_sigma1,swd,0.0008014150080271065
109,0,6-25km,u,blur_sigma2,freq_l1,0.12464127689599991
109,0,6-25km,u,blur_sigma2,freq_l1_unweighted,0.23438555002212524
109,0,6-25km,u,blur_sigma2,melr,-0.28162625432014465
109,0,6-25km,u,blur_sigma2,swd,0.13386183977127075
109,0,6-25km,v,blur_sigma2,freq_l1,0.13926488161087036
109,0,6-25km,v,blur_sigma2,freq_l1_unweighted,0.2598569095134735
109,0,6-25km,v,blur_sigma2,melr,-0.38567012548446655
109,0,6-25km,v,blur_sigma2,swd,0.16276782751083374
109,1,28-86km,u,blur_sigma2,freq_l1,0.09745774418115616
109,1,28-86km,u,blur_sigma2,freq_l1_unweighted,0.13847896456718445
109,1,28-86km,u,blur_sigma2,melr,-0.12495248764753342
109,1,28-86km,u,blur_sigma2,swd,0.037362240254879
109,1,28-86km,v,blur_sigma2,freq_l1,0.10479238629341125
109,1,28-86km,v,blur_sigma2,freq_l1_unweighted,0.14927366375923157
109,1,28-86km,v,blur_sigma2,melr,-0.15797042846679688
109,1,28-86km,v,blur_sigma2,swd,0.04289519041776657
109,2,57-175km,u,blur_sigma2,freq_l1,0.037286411970853806
109,2,57-175km,u,blur_sigma2,freq_l1_unweighted,0.04696076735854149
109,2,57-175km,u,blur_sigma2,melr,-0.03577229380607605
109,2,57-175km,u,blur_sigma2,swd,0.016320230439305305
109,2,57-175km,v,blur_sigma2,freq_l1,0.03805497661232948
109,2,57-175km,v,blur_sigma2,freq_l1_unweighted,0.04866848886013031
109,2,57-175km,v,blur_sigma2,melr,-0.04615527763962746
109,2,57-175km,v,blur_sigma2,swd,0.019998691976070404
109,3,114-359km,u,blur_sigma2,freq_l1,0.01035118754953146
109,3,114-359km,u,blur_sigma2,freq_l1_unweighted,0.012376543134450912
109,3,114-359km,u,blur_sigma2,melr,-0.009281940758228302
109,3,114-359km,u,blur_sigma2,swd,0.0053419629111886024
109,3,114-359km,v,blur_sigma2,freq_l1,0.009876501746475697
109,3,114-359km,v,blur_sigma2,freq_l1_unweighted,0.011777487583458424
109,3,114-359km,v,blur_sigma2,melr,-0.010654636658728123
109,3,114-359km,v,blur_sigma2,swd,0.005337111186236143
109,4,>325km,u,blur_sigma2,freq_l1,0.0007881157798692584
109,4,>325km,u,blur_sigma2,freq_l1_unweighted,0.0010547942947596312
109,4,>325km,u,blur_sigma2,melr,-0.0019252377096563578
109,4,>325km,u,blur_sigma2,swd,0.0035255756229162216
109,4,>325km,v,blur_sigma2,freq_l1,0.0009255835320800543
109,4,>325km,v,blur_sigma2,freq_l1_unweighted,0.0010622491827234626
109,4,>325km,v,blur_sigma2,melr,-0.0016102234367281199
109,4,>325km,v,blur_sigma2,swd,0.0029091164469718933
421,0,6-25km,u,shift_2px,freq_l1,0.3939226567745209
421,0,6-25km,u,shift_2px,freq_l1_unweighted,0.7426887154579163
421,0,6-25km,u,shift_2px,melr,5.1771934295175015e-08
421,0,6-25km,u,shift_2px,swd,0.06642555445432663
421,0,6-25km,v,shift_2px,freq_l1,0.48504963517189026
421,0,6-25km,v,shift_2px,freq_l1_unweighted,1.122902274131775
421,0,6-25km,v,shift_2px,melr,8.628650682851458e-09
421,0,6-25km,v,shift_2px,swd,0.14120133221149445
421,1,28-86km,u,shift_2px,freq_l1,0.39741405844688416
421,1,28-86km,u,shift_2px,freq_l1_unweighted,0.5739848017692566
421,1,28-86km,u,shift_2px,melr,8.628655123743556e-09
421,1,28-86km,u,shift_2px,swd,0.022877024486660957
421,1,28-86km,v,shift_2px,freq_l1,0.48879098892211914
421,1,28-86km,v,shift_2px,freq_l1_unweighted,0.8623376488685608
421,1,28-86km,v,shift_2px,melr,1.725731202384395e-08
421,1,28-86km,v,shift_2px,swd,0.055984076112508774
421,2,57-175km,u,shift_2px,freq_l1,0.26061418652534485
421,2,57-175km,u,shift_2px,freq_l1_unweighted,0.3406883776187897
421,2,57-175km,u,shift_2px,melr,-3.451463115311526e-08
421,2,57-175km,u,shift_2px,swd,0.017666522413492203
421,2,57-175km,v,shift_2px,freq_l1,0.3509608805179596
421,2,57-175km,v,shift_2px,freq_l1_unweighted,0.5089528560638428
421,2,57-175km,v,shift_2px,melr,0.0
421,2,57-175km,v,shift_2px,swd,0.03679727762937546
421,3,114-359km,u,shift_2px,freq_l1,0.15225960314273834
421,3,114-359km,u,shift_2px,freq_l1_unweighted,0.17531810700893402
421,3,114-359km,u,shift_2px,melr,0.0
421,3,114-359km,u,shift_2px,swd,0.0109876599162817
421,3,114-359km,v,shift_2px,freq_l1,0.2345321923494339
421,3,114-359km,v,shift_2px,freq_l1_unweighted,0.273227334022522
421,3,114-359km,v,shift_2px,melr,0.0
421,3,114-359km,v,shift_2px,swd,0.025839881971478462
421,4,>325km,u,shift_2px,freq_l1,0.022022435441613197
421,4,>325km,u,shift_2px,freq_l1_unweighted,0.029593447223305702
421,4,>325km,u,shift_2px,melr,3.45146240476879e-08
421,4,>325km,u,shift_2px,swd,0.011655018664896488
421,4,>325km,v,shift_2px,freq_l1,0.057989075779914856
421,4,>325km,v,shift_2px,freq_l1_unweighted,0.06887223571538925
421,4,>325km,v,shift_2px,melr,0.0
421,4,>325km,v,shift_2px,swd,0.027602244168519974
421,0,6-25km,u,shift_3px,freq_l1,0.4460892677307129
421,0,6-25km,u,shift_3px,freq_l1_unweighted,0.8078115582466125
421,0,6-25km,u,shift_3px,melr,5.1771934295175015e-08
421,0,6-25km,u,shift_3px,swd,0.05429670214653015
421,0,6-25km,v,shift_3px,freq_l1,0.5629228949546814
421,0,6-25km,v,shift_3px,freq_l1_unweighted,1.2064393758773804
421,0,6-25km,v,shift_3px,melr,5.1771934295175015e-08
421,0,6-25km,v,shift_3px,swd,0.12254131585359573
421,1,28-86km,u,shift_3px,freq_l1,0.5194457769393921
421,1,28-86km,u,shift_3px,freq_l1_unweighted,0.789692223072052
421,1,28-86km,u,shift_3px,melr,2.5885965371230668e-08
421,1,28-86km,u,shift_3px,swd,0.02688658982515335
421,1,28-86km,v,shift_3px,freq_l1,0.6418666243553162
421,1,28-86km,v,shift_3px,freq_l1_unweighted,1.1898126602172852
421,1,28-86km,v,shift_3px,melr,0.0
421,1,28-86km,v,shift_3px,swd,0.06932325661182404
421,2,57-175km,u,shift_3px,freq_l1,0.37609219551086426
421,2,57-175km,u,shift_3px,freq_l1_unweighted,0.5002432465553284
421,2,57-175km,u,shift_3px,melr,-1.725731557655763e-08
421,2,57-175km,u,shift_3px,swd,0.02248324640095234
421,2,57-175km,v,shift_3px,freq_l1,0.506038248538971
421,2,57-175km,v,shift_3px,freq_l1_unweighted,0.7483962178230286
421,2,57-175km,v,shift_3px,melr,-1.725731557655763e-08
421,2,57-175km,v,shift_3px,swd,0.048006538301706314
421,3,114-359km,u,shift_3px,freq_l1,0.22633470594882965
421,3,114-359km,u,shift_3px,freq_l1_unweighted,0.26154717803001404
421,3,114-359km,u,shift_3px,melr,-3.552713678800501e-15
421,3,114-359km,u,shift_3px,swd,0.012168464250862598
421,3,114-359km,v,shift_3px,freq_l1,0.3486592471599579
421,3,114-359km,v,shift_3px,freq_l1_unweighted,0.4078282117843628
421,3,114-359km,v,shift_3px,melr,-1.725731557655763e-08
421,3,114-359km,v,shift_3px,swd,0.03393035754561424
421,4,>325km,u,shift_3px,freq_l1,0.03302989527583122
421,4,>325km,u,shift_3px,freq_l1_unweighted,0.04435671865940094
421,4,>325km,u,shift_3px,melr,1.725731202384395e-08
421,4,>325km,u,shift_3px,swd,0.014234797097742558
421,4,>325km,v,shift_3px,freq_l1,0.08711504191160202
421,4,>325km,v,shift_3px,freq_l1_unweighted,0.10324934870004654
421,4,>325km,v,shift_3px,melr,-8.628656011921976e-09
421,4,>325km,v,shift_3px,swd,0.037769220769405365
421,0,6-25km,u,blur_sigma0.5,freq_l1,0.03147747740149498
421,0,6-25km,u,blur_sigma0.5,freq_l1_unweighted,0.055652353912591934
421,0,6-25km,u,blur_sigma0.5,melr,-0.04242825508117676
421,0,6-25km,u,blur_sigma0.5,swd,0.03140205889940262
421,0,6-25km,v,blur_sigma0.5,freq_l1,0.04069697484374046
421,0,6-25km,v,blur_sigma0.5,freq_l1_unweighted,0.07937821745872498
421,0,6-25km,v,blur_sigma0.5,melr,-0.03548886999487877
421,0,6-25km,v,blur_sigma0.5,swd,0.053105078637599945
421,1,28-86km,u,blur_sigma0.5,freq_l1,0.009671960957348347
421,1,28-86km,u,blur_sigma0.5,freq_l1_unweighted,0.013611705042421818
421,1,28-86km,u,blur_sigma0.5,melr,-0.007616384420543909
421,1,28-86km,u,blur_sigma0.5,swd,0.0039471895433962345
421,1,28-86km,v,blur_sigma0.5,freq_l1,0.010968510061502457
421,1,28-86km,v,blur_sigma0.5,freq_l1_unweighted,0.016328459605574608
421,1,28-86km,v,blur_sigma0.5,melr,-0.005400668829679489
421,1,28-86km,v,blur_sigma0.5,swd,0.004677040036767721
421,2,57-175km,u,blur_sigma0.5,freq_l1,0.0027382944244891405
421,2,57-175km,u,blur_sigma0.5,freq_l1_unweighted,0.0035078907385468483
421,2,57-175km,u,blur_sigma0.5,melr,-0.0018508275970816612
421,2,57-175km,u,blur_sigma0.5,swd,0.001170433941297233
421,2,57-175km,v,blur_sigma0.5,freq_l1,0.0030811119358986616
421,2,57-175km,v,blur_sigma0.5,freq_l1_unweighted,0.003945654258131981
421,2,57-175km,v,blur_sigma0.5,melr,-0.0010256435489282012
421,2,57-175km,v,blur_sigma0.5,swd,0.0014796723844483495
421,3,114-359km,u,blur_sigma0.5,freq_l1,0.000722659460734576
421,3,114-359km,u,blur_sigma0.5,freq_l1_unweighted,0.0008780471398495138
421,3,114-359km,u,blur_sigma0.5,melr,-0.0005628257640637457
421,3,114-359km,u,blur_sigma0.5,swd,0.0004337884020060301
421,3,114-359km,v,blur_sigma0.5,freq_l1,0.0008072531782090664
421,3,114-359km,v,blur_sigma0.5,freq_l1_unweighted,0.0009138801251538098
421,3,114-359km,v,blur_sigma0.5,melr,-0.0002648771333042532
421,3,114-359km,v,blur_sigma0.5,swd,0.0005533309304155409
421,4,>325km,u,blur_sigma0.5,freq_l1,7.48814272810705e-05
421,4,>325km,u,blur_sigma0.5,freq_l1_unweighted,8.12708240118809e-05
421,4,>325km,u,blur_sigma0.5,melr,-6.947534711798653e-05
421,4,>325km,u,blur_sigma0.5,swd,0.00034928921377286315
421,4,>325km,v,blur_sigma0.5,freq_l1,7.314203685382381e-05
421,4,>325km,v,blur_sigma0.5,freq_l1_unweighted,7.777564314892516e-05
421,4,>325km,v,blur_sigma0.5,melr,-9.526142093818635e-06
421,4,>325km,v,blur_sigma0.5,swd,0.000331845716573298
421,0,6-25km,u,blur_sigma1,freq_l1,0.09622449427843094
421,0,6-25km,u,blur_sigma1,freq_l1_unweighted,0.17681562900543213
421,0,6-25km,u,blur_sigma1,melr,-0.12762336432933807
421,0,6-25km,u,blur_sigma1,swd,0.09839005023241043
421,0,6-25km,v,blur_sigma1,freq_l1,0.1202959194779396
421,0,6-25km,v,blur_sigma1,freq_l1_unweighted,0.24397118389606476
421,0,6-25km,v,blur_sigma1,melr,-0.09609207510948181
421,0,6-25km,v,blur_sigma1,swd,0.15322043001651764
421,1,28-86km,u,blur_sigma1,freq_l1,0.0406588576734066
421,1,28-86km,u,blur_sigma1,freq_l1_unweighted,0.05787116289138794
421,1,28-86km,u,blur_sigma1,melr,-0.032475199550390244
421,1,28-86km,u,blur_sigma1,swd,0.016030991449952126
421,1,28-86km,v,blur_sigma1,freq_l1,0.04610663279891014
421,1,28-86km,v,blur_sigma1,freq_l1_unweighted,0.06945735216140747
421,1,28-86km,v,blur_sigma1,melr,-0.022751450538635254
421,1,28-86km,v,blur_sigma1,swd,0.020301641896367073
421,2,57-175km,u,blur_sigma1,freq_l1,0.012205568142235279
421,2,57-175km,u,blur_sigma1,freq_l1_unweighted,0.015666985884308815
421,2,57-175km,u,blur_sigma1,melr,-0.0083692641928792
421,2,57-175km,u,blur_sigma1,swd,0.00498013524338603
421,2,57-175km,v,blur_sigma1,freq_l1,0.013850160874426365
421,2,57-175km,v,blur_sigma1,freq_l1_unweighted,0.017741626128554344
421,2,57-175km,v,blur_sigma1,melr,-0.004643625114113092
421,2,57-175km,v,blur_sigma1,swd,0.006324028130620718
421,3,114-359km,u,blur_sigma1,freq_l1,0.003191097406670451
421,3,114-359km,u,blur_sigma1,freq_l1_unweighted,0.0038897732738405466
421,3,114-359km,u,blur_sigma1,melr,-0.0025589221622794867
421,3,114-359km,u,blur_sigma1,swd,0.0018941940506920218
421,3,114-359km,v,blur_sigma1,freq_l1,0.0036567365750670433
421,3,114-359km,v,blur_sigma1,freq_l1_unweighted,0.004145434126257896
421,3,114-359km,v,blur_sigma1,melr,-0.0012159034376963973
421,3,114-359km,v,blur_sigma1,swd,0.001935815205797553
421,4,>325km,u,blur_sigma1,freq_l1,0.00031283721909858286
421,4,>325km,u,blur_sigma1,freq_l1_unweighted,0.00034447619691491127
421,4,>325km,u,blur_sigma1,melr,-0.00029975062352605164
421,4,>325km,u,blur_sigma1,swd,0.0009996704757213593
421,4,>325km,v,blur_sigma1,freq_l1,0.0003264504484832287
421,4,>325km,v,blur_sigma1,freq_l1_unweighted,0.00035053081228397787
421,4,>325km,v,blur_sigma1,melr,-4.825413998332806e-05
421,4,>325km,v,blur_sigma1,swd,0.0013124417746439576
421,0,6-25km,u,blur_sigma2,freq_l1,0.1583307683467865
421,0,6-25km,u,blur_sigma2,freq_l1_unweighted,0.3091745674610138
421,0,6-25km,u,blur_sigma2,melr,-0.21299831569194794
421,0,6-25km,u,blur_sigma2,swd,0.18333442509174347
421,0,6-25km,v,blur_sigma2,freq_l1,0.18831169605255127
421,0,6-25km,v,blur_sigma2,freq_l1_unweighted,0.4027926027774811
421,0,6-25km,v,blur_sigma2,melr,-0.14060251414775848
421,0,6-25km,v,blur_sigma2,swd,0.2579086422920227
421,1,28-86km,u,blur_sigma2,freq_l1,0.11657237261533737
421,1,28-86km,u,blur_sigma2,freq_l1_unweighted,0.1724841594696045
421,1,28-86km,u,blur_sigma2,melr,-0.09805756062269211
421,1,28-86km,u,blur_sigma2,swd,0.04812007397413254
421,1,28-86km,v,blur_sigma2,freq_l1,0.13175547122955322
421,1,28-86km,v,blur_sigma2,freq_l1_unweighted,0.20667992532253265
421,1,28-86km,v,blur_sigma2,melr,-0.06550043821334839
421,1,28-86km,v,blur_sigma2,swd,0.06250498443841934
421,2,57-175km,u,blur_sigma2,freq_l1,0.04340924695134163
421,2,57-175km,u,blur_sigma2,freq_l1_unweighted,0.05637985095381737
421,2,57-175km,u,blur_sigma2,melr,-0.030790405347943306
421,2,57-175km,u,blur_sigma2,swd,0.01768062449991703
421,2,57-175km,v,blur_sigma2,freq_l1,0.04979962110519409
421,2,57-175km,v,blur_sigma2,freq_l1_unweighted,0.06425836682319641
421,2,57-175km,v,blur_sigma2,melr,-0.016707831993699074
421,2,57-175km,v,blur_sigma2,swd,0.02159547246992588
421,3,114-359km,u,blur_sigma2,freq_l1,0.011928797699511051
421,3,114-359km,u,blur_sigma2,freq_l1_unweighted,0.014578419737517834
421,3,114-359km,u,blur_sigma2,melr,-0.00980396755039692
421,3,114-359km,u,blur_sigma2,swd,0.006007074844092131
421,3,114-359km,v,blur_sigma2,freq_l1,0.014075585640966892
421,3,114-359km,v,blur_sigma2,freq_l1_unweighted,0.016016237437725067
421,3,114-359km,v,blur_sigma2,melr,-0.004709986504167318
421,3,114-359km,v,blur_sigma2,swd,0.006096045486629009
421,4,>325km,u,blur_sigma2,freq_l1,0.0010891961865127087
421,4,>325km,u,blur_sigma2,freq_l1_unweighted,0.0012257378548383713
421,4,>325km,u,blur_sigma2,melr,-0.001097539789043367
421,4,>325km,u,blur_sigma2,swd,0.0034935614094138145
421,4,>325km,v,blur_sigma2,freq_l1,0.0012668942799791694
421,4,>325km,v,blur_sigma2,freq_l1_unweighted,0.0013696919195353985
421,4,>325km,v,blur_sigma2,melr,-0.00020822504302486777
421,4,>325km,v,blur_sigma2,swd,0.0046643163077533245
184,0,6-25km,u,shift_2px,freq_l1,0.31520581245422363
184,0,6-25km,u,shift_2px,freq_l1_unweighted,0.5463358759880066
184,0,6-25km,u,shift_2px,melr,2.4363263406712576e-08
184,0,6-25km,u,shift_2px,swd,0.018075034022331238
184,0,6-25km,v,shift_2px,freq_l1,0.3428986072540283
184,0,6-25km,v,shift_2px,freq_l1_unweighted,0.6466288566589355
184,0,6-25km,v,shift_2px,melr,7.613518704374655e-09
184,0,6-25km,v,shift_2px,swd,0.024441620334982872
184,1,28-86km,u,shift_2px,freq_l1,0.2954408824443817
184,1,28-86km,u,shift_2px,freq_l1_unweighted,0.4028949737548828
184,1,28-86km,u,shift_2px,melr,1.0658927962481357e-08
184,1,28-86km,u,shift_2px,swd,0.008397983387112617
184,1,28-86km,v,shift_2px,freq_l1,0.3168819844722748
184,1,28-86km,v,shift_2px,freq_l1_unweighted,0.4348389208316803
184,1,28-86km,v,shift_2px,melr,-3.045408147883677e-09
184,1,28-86km,v,shift_2px,swd,0.008821371011435986
184,2,57-175km,u,shift_2px,freq_l1,0.17752878367900848
184,2,57-175km,u,shift_2px,freq_l1_unweighted,0.21838583052158356
184,2,57-175km,u,shift_2px,melr,-1.0658929738838196e-08
184,2,57-175km,u,shift_2px,swd,0.006682732608169317
184,2,57-175km,v,shift_2px,freq_l1,0.1762540340423584
184,2,57-175km,v,shift_2px,freq_l1_unweighted,0.21331097185611725
184,2,57-175km,v,shift_2px,melr,6.090815851678144e-09
184,2,57-175km,v,shift_2px,swd,0.006188815459609032
184,3,114-359km,u,shift_2px,freq_l1,0.08412502706050873
184,3,114-359km,u,shift_2px,freq_l1_unweighted,0.09623855352401733
184,3,114-359km,u,shift_2px,melr,-8.359326334200919e-16
184,3,114-359km,u,shift_2px,swd,0.004110175184905529
184,3,114-359km,v,shift_2px,freq_l1,0.07729357481002808
184,3,114-359km,v,shift_2px,freq_l1_unweighted,0.08805927634239197
184,3,114-359km,v,shift_2px,melr,-1.5227059613209804e-09
184,3,114-359km,v,shift_2px,swd,0.003217716934159398
184,4,>325km,u,shift_2px,freq_l1,0.015530683100223541
184,4,>325km,u,shift_2px,freq_l1_unweighted,0.01763778179883957
184,4,>325km,u,shift_2px,melr,-1.2181637920605226e-08
184,4,>325km,u,shift_2px,swd,0.004703145939856768
184,4,>325km,v,shift_2px,freq_l1,0.01892474852502346
184,4,>325km,v,shift_2px,freq_l1_unweighted,0.017962021753191948
184,4,>325km,v,shift_2px,melr,1.5227020755403942e-09
184,4,>325km,v,shift_2px,swd,0.0038634398952126503
184,0,6-25km,u,shift_3px,freq_l1,0.3533340394496918
184,0,6-25km,u,shift_3px,freq_l1_unweighted,0.5919486284255981
184,0,6-25km,u,shift_3px,melr,4.568111577896161e-08
184,0,6-25km,u,shift_3px,swd,0.01898583397269249
184,0,6-25km,v,shift_3px,freq_l1,0.3731668293476105
184,0,6-25km,v,shift_3px,freq_l1_unweighted,0.6670366525650024
184,0,6-25km,v,shift_3px,melr,2.4363263406712576e-08
184,0,6-25km,v,shift_3px,swd,0.02178719826042652
184,1,28-86km,u,shift_3px,freq_l1,0.384406715631485
184,1,28-86km,u,shift_3px,freq_l1_unweighted,0.5526388883590698
184,1,28-86km,u,shift_3px,melr,1.9795150407730944e-08
184,1,28-86km,u,shift_3px,swd,0.01100027747452259
184,1,28-86km,v,shift_3px,freq_l1,0.40442872047424316
184,1,28-86km,v,shift_3px,freq_l1_unweighted,0.5895594358444214
184,1,28-86km,v,shift_3px,melr,1.8272444890499173e-08
184,1,28-86km,v,shift_3px,swd,0.010793528519570827
184,2,57-175km,u,shift_3px,freq_l1,0.25530219078063965
184,2,57-175km,u,shift_3px,freq_l1_unweighted,0.3198622167110443
184,2,57-175km,u,shift_3px,melr,-3.045410812418936e-09
184,2,57-175km,u,shift_3px,swd,0.009140159003436565
184,2,57-175km,v,shift_3px,freq_l1,0.2521573007106781
184,2,57-175km,v,shift_3px,freq_l1_unweighted,0.311433881521225
184,2,57-175km,v,shift_3px,melr,6.090815851678144e-09
184,2,57-175km,v,shift_3px,swd,0.008211800828576088
184,3,114-359km,u,shift_3px,freq_l1,0.12496104091405869
184,3,114-359km,u,shift_3px,freq_l1_unweighted,0.14350159466266632
184,3,114-359km,u,shift_3px,melr,-6.090818960302613e-09
184,3,114-359km,u,shift_3px,swd,0.00654322374612093
184,3,114-359km,v,shift_3px,freq_l1,0.11455897986888885
184,3,114-359km,v,shift_3px,freq_l1_unweighted,0.13120362162590027
184,3,114-359km,v,shift_3px,melr,9.136222445249587e-09
184,3,114-359km,v,shift_3px,swd,0.004767764359712601
184,4,>325km,u,shift_3px,freq_l1,0.023344719782471657
184,4,>325km,u,shift_3px,freq_l1_unweighted,0.026439303532242775
184,4,>325km,u,shift_3px,melr,-1.2181635256069967e-08
184,4,>325km,u,shift_3px,swd,0.006831277161836624
184,4,>325km,v,shift_3px,freq_l1,0.028362108394503593
184,4,>325km,v,shift_3px,freq_l1_unweighted,0.026918455958366394
184,4,>325km,v,shift_3px,melr,7.613518704374655e-09
184,4,>325km,v,shift_3px,swd,0.0041571143083274364
184,0,6-25km,u,blur_sigma0.5,freq_l1,0.029022563248872757
184,0,6-25km,u,blur_sigma0.5,freq_l1_unweighted,0.052072830498218536
184,0,6-25km,u,blur_sigma0.5,melr,-0.07495430111885071
184,0,6-25km,u,blur_sigma0.5,swd,0.02899843454360962
184,0,6-25km,v,blur_sigma0.5,freq_l1,0.03070363588631153
184,0,6-25km,v,blur_sigma0.5,freq_l1_unweighted,0.06347054243087769
184,0,6-25km,v,blur_sigma0.5,melr,-0.10811375081539154
184,0,6-25km,v,blur_sigma0.5,swd,0.04211137816309929
184,1,28-86km,u,blur_sigma0.5,freq_l1,0.007991423830389977
184,1,28-86km,u,blur_sigma0.5,freq_l1_unweighted,0.011704981327056885
184,1,28-86km,u,blur_sigma0.5,melr,-0.012685256078839302
184,1,28-86km,u,blur_sigma0.5,swd,0.0035080004017800093
184,1,28-86km,v,blur_sigma0.5,freq_l1,0.008365679532289505
184,1,28-86km,v,blur_sigma0.5,freq_l1_unweighted,0.012801287695765495
184,1,28-86km,v,blur_sigma0.5,melr,-0.01666654646396637
184,1,28-86km,v,blur_sigma0.5,swd,0.0038592275232076645
184,2,57-175km,u,blur_sigma0.5,freq_l1,0.002192849526181817
184,2,57-175km,u,blur_sigma0.5,freq_l1_unweighted,0.0029301373288035393
184,2,57-175km,u,blur_sigma0.5,melr,-0.002901037922129035
184,2,57-175km,u,blur_sigma0.5,swd,0.001027026679366827
184,2,57-175km,v,blur_sigma0.5,freq_l1,0.002103335689753294
184,2,57-175km,v,blur_sigma0.5,freq_l1_unweighted,0.0028733802028000355
184,2,57-175km,v,blur_sigma0.5,melr,-0.0036725266836583614
184,2,57-175km,v,blur_sigma0.5,swd,0.0009501524036750197
184,3,114-359km,u,blur_sigma0.5,freq_l1,0.0005370436701923609
184,3,114-359km,u,blur_sigma0.5,freq_l1_unweighted,0.0006595324375666678
184,3,114-359km,u,blur_sigma0.5,melr,-0.0006765906000509858
184,3,114-359km,u,blur_sigma0.5,swd,0.00026316396542824805
184,3,114-359km,v,blur_sigma0.5,freq_l1,0.0004904247471131384
184,3,114-359km,v,blur_sigma0.5,freq_l1_unweighted,0.0006010252400301397
184,3,114-359km,v,blur_sigma0.5,melr,-0.0007516241748817265
184,3,114-359km,v,blur_sigma0.5,swd,0.0002528236364014447
184,4,>325km,u,blur_sigma0.5,freq_l1,5.795861579827033e-05
184,4,>325km,u,blur_sigma0.5,freq_l1_unweighted,5.6612752814544365e-05
184,4,>325km,u,blur_sigma0.5,melr,2.0120589852012927e-06
184,4,>325km,u,blur_sigma0.5,swd,0.0002039346582023427
184,4,>325km,v,blur_sigma0.5,freq_l1,4.946643821313046e-05
184,4,>325km,v,blur_sigma0.5,freq_l1_unweighted,5.137608604854904e-05
184,4,>325km,v,blur_sigma0.5,melr,-9.922502067638561e-05
184,4,>325km,v,blur_sigma0.5,swd,0.0001315185072598979
184,0,6-25km,u,blur_sigma1,freq_l1,0.0858115702867508
184,0,6-25km,u,blur_sigma1,freq_l1_unweighted,0.16114941239356995
184,0,6-25km,u,blur_sigma1,melr,-0.23122385144233704
184,0,6-25km,u,blur_sigma1,swd,0.08500240743160248
184,0,6-25km,v,blur_sigma1,freq_l1,0.09099042415618896
184,0,6-25km,v,blur_sigma1,freq_l1_unweighted,0.19715185463428497
184,0,6-25km,v,blur_sigma1,melr,-0.36717137694358826
184,0,6-25km,v,blur_sigma1,swd,0.12670782208442688
184,1,28-86km,u,blur_sigma1,freq_l1,0.03351326659321785
184,1,28-86km,u,blur_sigma1,freq_l1_unweighted,0.04963965713977814
184,1,28-86km,u,blur_sigma1,melr,-0.05437144264578819
184,1,28-86km,u,blur_sigma1,swd,0.014409943483769894
184,1,28-86km,v,blur_sigma1,freq_l1,0.03488766402006149
184,1,28-86km,v,blur_sigma1,freq_l1_unweighted,0.05406962335109711
184,1,28-86km,v,blur_sigma1,melr,-0.07224029302597046
184,1,28-86km,v,blur_sigma1,swd,0.016755297780036926
184,2,57-175km,u,blur_sigma1,freq_l1,0.009705238044261932
184,2,57-175km,u,blur_sigma1,freq_l1_unweighted,0.012983611784875393
184,2,57-175km,u,blur_sigma1,melr,-0.013068891130387783
184,2,57-175km,u,blur_sigma1,swd,0.003935863729566336
184,2,57-175km,v,blur_sigma1,freq_l1,0.009269173257052898
184,2,57-175km,v,blur_sigma1,freq_l1_unweighted,0.012714678421616554
184,2,57-175km,v,blur_sigma1,melr,-0.016790607944130898
184,2,57-175km,v,blur_sigma1,swd,0.004822302144020796
184,3,114-359km,u,blur_sigma1,freq_l1,0.002318665850907564
184,3,114-359km,u,blur_sigma1,freq_l1_unweighted,0.0028493735007941723
184,3,114-359km,u,blur_sigma1,melr,-0.003095165826380253
184,3,114-359km,u,blur_sigma1,swd,0.0010833244305104017
184,3,114-359km,v,blur_sigma1,freq_l1,0.002125418046489358
184,3,114-359km,v,blur_sigma1,freq_l1_unweighted,0.002632485469803214
184,3,114-359km,v,blur_sigma1,melr,-0.003580584190785885
184,3,114-359km,v,blur_sigma1,swd,0.0012004117015749216
184,4,>325km,u,blur_sigma1,freq_l1,0.0002309295377926901
184,4,>325km,u,blur_sigma1,freq_l1_unweighted,0.00022512575378641486
184,4,>325km,u,blur_sigma1,melr,-1.9629072994575836e-05
184,4,>325km,u,blur_sigma1,swd,0.0005728724645450711
184,4,>325km,v,blur_sigma1,freq_l1,0.00019670824985951185
184,4,>325km,v,blur_sigma1,freq_l1_unweighted,0.00020733446581289172
184,4,>325km,v,blur_sigma1,melr,-0.00044191497727297246
184,4,>325km,v,blur_sigma1,swd,0.0005268862005323172
184,0,6-25km,u,blur_sigma2,freq_l1,0.13502159714698792
184,0,6-25km,u,blur_sigma2,freq_l1_unweighted,0.2722517251968384
184,0,6-25km,u,blur_sigma2,melr,-0.39330747723579407
184,0,6-25km,u,blur_sigma2,swd,0.15757930278778076
184,0,6-25km,v,blur_sigma2,freq_l1,0.1406932920217514
184,0,6-25km,v,blur_sigma2,freq_l1_unweighted,0.3247465193271637
184,0,6-25km,v,blur_sigma2,melr,-0.7024628520011902
184,0,6-25km,v,blur_sigma2,swd,0.20884843170642853
184,1,28-86km,u,blur_sigma2,freq_l1,0.09530967473983765
184,1,28-86km,u,blur_sigma2,freq_l1_unweighted,0.14699190855026245
184,1,28-86km,u,blur_sigma2,melr,-0.16614587604999542
184,1,28-86km,u,blur_sigma2,swd,0.040812063962221146
184,1,28-86km,v,blur_sigma2,freq_l1,0.0976472869515419
184,1,28-86km,v,blur_sigma2,freq_l1_unweighted,0.1579795777797699
184,1,28-86km,v,blur_sigma2,melr,-0.22814659774303436
184,1,28-86km,v,blur_sigma2,swd,0.04914934188127518
184,2,57-175km,u,blur_sigma2,freq_l1,0.03406437858939171
184,2,57-175km,u,blur_sigma2,freq_l1_unweighted,0.04601289704442024
184,2,57-175km,u,blur_sigma2,melr,-0.04736628383398056
184,2,57-175km,u,blur_sigma2,swd,0.014074175618588924
184,2,57-175km,v,blur_sigma2,freq_l1,0.03236386924982071
184,2,57-175km,v,blur_sigma2,freq_l1_unweighted,0.04506773129105568
184,2,57-175km,v,blur_sigma2,melr,-0.062373217195272446
184,2,57-175km,v,blur_sigma2,swd,0.01575857773423195
184,3,114-359km,u,blur_sigma2,freq_l1,0.00834043137729168
184,3,114-359km,u,blur_sigma2,freq_l1_unweighted,0.010271971113979816
184,3,114-359km,u,blur_sigma2,melr,-0.01180991530418396
184,3,114-359km,u,blur_sigma2,swd,0.004106620792299509
184,3,114-359km,v,blur_sigma2,freq_l1,0.00776149844750762
184,3,114-359km,v,blur_sigma2,freq_l1_unweighted,0.009793942794203758
184,3,114-359km,v,blur_sigma2,melr,-0.014459053985774517
184,3,114-359km,v,blur_sigma2,swd,0.004316408187150955
184,4,>325km,u,blur_sigma2,freq_l1,0.0007247551693581045
184,4,>325km,u,blur_sigma2,freq_l1_unweighted,0.0007095091859810054
184,4,>325km,u,blur_sigma2,melr,-0.00023201970907393843
184,4,>325km,u,blur_sigma2,swd,0.002169244922697544
184,4,>325km,v,blur_sigma2,freq_l1,0.000637246179394424
184,4,>325km,v,blur_sigma2,freq_l1_unweighted,0.0006900110165588558
184,4,>325km,v,blur_sigma2,melr,-0.001634312211535871
184,4,>325km,v,blur_sigma2,swd,0.001640690490603447
321,0,6-25km,u,shift_2px,freq_l1,0.4061560332775116
321,0,6-25km,u,shift_2px,freq_l1_unweighted,0.8304973244667053
321,0,6-25km,u,shift_2px,melr,3.765231326724461e-08
321,0,6-25km,u,shift_2px,swd,0.06292907893657684
321,0,6-25km,v,shift_2px,freq_l1,0.4189901649951935
321,0,6-25km,v,shift_2px,freq_l1_unweighted,0.8449768424034119
321,0,6-25km,v,shift_2px,melr,9.413079204989572e-09
321,0,6-25km,v,shift_2px,swd,0.04218980297446251
321,1,28-86km,u,shift_2px,freq_l1,0.42578059434890747
321,1,28-86km,u,shift_2px,freq_l1_unweighted,0.6196401119232178
321,1,28-86km,u,shift_2px,melr,1.6472888830776355e-08
321,1,28-86km,u,shift_2px,swd,0.022358877584338188
321,1,28-86km,v,shift_2px,freq_l1,0.4418926239013672
321,1,28-86km,v,shift_2px,freq_l1_unweighted,0.654796838760376
321,1,28-86km,v,shift_2px,melr,4.706538714316366e-09
321,1,28-86km,v,shift_2px,swd,0.018096905201673508
321,2,57-175km,u,shift_2px,freq_l1,0.2796686291694641
321,2,57-175km,u,shift_2px,freq_l1_unweighted,0.3479829728603363
321,2,57-175km,u,shift_2px,melr,-2.3532711335150225e-09
321,2,57-175km,u,shift_2px,swd,0.01608221046626568
321,2,57-175km,v,shift_2px,freq_l1,0.279965341091156
321,2,57-175km,v,shift_2px,freq_l1_unweighted,0.35791847109794617
321,2,57-175km,v,shift_2px,melr,-1.4119621027930407e-08
321,2,57-175km,v,shift_2px,swd,0.012910664081573486
321,3,114-359km,u,shift_2px,freq_l1,0.15468990802764893
321,3,114-359km,u,shift_2px,freq_l1_unweighted,0.16997958719730377
321,3,114-359km,u,shift_2px,melr,-2.3532711335150225e-09
321,3,114-359km,u,shift_2px,swd,0.008252243511378765
321,3,114-359km,v,shift_2px,freq_l1,0.16178062558174133
321,3,114-359km,v,shift_2px,freq_l1_unweighted,0.17807283997535706
321,3,114-359km,v,shift_2px,melr,-2.3532711335150225e-09
321,3,114-359km,v,shift_2px,swd,0.008052478544414043
321,4,>325km,u,shift_2px,freq_l1,0.027223313227295876
321,4,>325km,u,shift_2px,freq_l1_unweighted,0.02703256532549858
321,4,>325km,u,shift_2px,melr,-9.41308453406009e-09
321,4,>325km,u,shift_2px,swd,0.007931267842650414
321,4,>325km,v,shift_2px,freq_l1,0.032282114028930664
321,4,>325km,v,shift_2px,freq_l1_unweighted,0.03465293347835541
321,4,>325km,v,shift_2px,melr,-1.1766352336906039e-08
321,4,>325km,v,shift_2px,swd,0.00846418458968401
321,0,6-25km,u,shift_3px,freq_l1,0.4674937129020691
321,0,6-25km,u,shift_3px,freq_l1_unweighted,0.8850422501564026
321,0,6-25km,u,shift_3px,melr,3.294577766155271e-08
321,0,6-25km,u,shift_3px,swd,0.05417219549417496
321,0,6-25km,v,shift_3px,freq_l1,0.4740559458732605
321,0,6-25km,v,shift_3px,freq_l1_unweighted,0.886103630065918
321,0,6-25km,v,shift_3px,melr,9.413079204989572e-09
321,0,6-25km,v,shift_3px,swd,0.04595406726002693
321,1,28-86km,u,shift_3px,freq_l1,0.5530733466148376
321,1,28-86km,u,shift_3px,freq_l1_unweighted,0.8480101227760315
321,1,28-86km,u,shift_3px,melr,1.8826158409979143e-08
321,1,28-86km,u,shift_3px,swd,0.025830883532762527
321,1,28-86km,v,shift_3px,freq_l1,0.5675838589668274
321,1,28-86km,v,shift_3px,freq_l1_unweighted,0.89291912317276
321,1,28-86km,v,shift_3px,melr,4.706538714316366e-09
321,1,28-86km,v,shift_3px,swd,0.021101750433444977
321,2,57-175km,u,shift_3px,freq_l1,0.40267717838287354
321,2,57-175km,u,shift_3px,freq_l1_unweighted,0.510100781917572
321,2,57-175km,u,shift_3px,melr,-1.2918959217016798e-15
321,2,57-175km,u,shift_3px,swd,0.017155643552541733
321,2,57-175km,v,shift_3px,freq_l1,0.40154072642326355
321,2,57-175km,v,shift_3px,freq_l1_unweighted,0.5239619016647339
321,2,57-175km,v,shift_3px,melr,-1.4119621027930407e-08
321,2,57-175km,v,shift_3px,swd,0.020275337621569633
321,3,114-359km,u,shift_3px,freq_l1,0.22958245873451233
321,3,114-359km,u,shift_3px,freq_l1_unweighted,0.2535807192325592
321,3,114-359km,u,shift_3px,melr,-2.3532704673812077e-09
321,3,114-359km,u,shift_3px,swd,0.011525414884090424
321,3,114-359km,v,shift_3px,freq_l1,0.23955921828746796
321,3,114-359km,v,shift_3px,freq_l1_unweighted,0.2655673027038574
321,3,114-359km,v,shift_3px,melr,-9.689219412762598e-16
321,3,114-359km,v,shift_3px,swd,0.010575075633823872
321,4,>325km,u,shift_3px,freq_l1,0.04089538753032684
321,4,>325km,u,shift_3px,freq_l1_unweighted,0.040519632399082184
321,4,>325km,u,shift_3px,melr,1.17663461196571e-08
321,4,>325km,u,shift_3px,swd,0.009161548689007759
321,4,>325km,v,shift_3px,freq_l1,0.048216983675956726
321,4,>325km,v,shift_3px,freq_l1_unweighted,0.05192426219582558
321,4,>325km,v,shift_3px,melr,-4.7065409347624154e-09
321,4,>325km,v,shift_3px,swd,0.009590841829776764
321,0,6-25km,u,blur_sigma0.5,freq_l1,0.03435255214571953
321,0,6-25km,u,blur_sigma0.5,freq_l1_unweighted,0.06873028725385666
321,0,6-25km,u,blur_sigma0.5,melr,-0.06852580606937408
321,0,6-25km,u,blur_sigma0.5,swd,0.03962719812989235
321,0,6-25km,v,blur_sigma0.5,freq_l1,0.03463790938258171
321,0,6-25km,v,blur_sigma0.5,freq_l1_unweighted,0.07172450423240662
321,0,6-25km,v,blur_sigma0.5,melr,-0.08632329106330872
321,0,6-25km,v,blur_sigma0.5,swd,0.047006022185087204
321,1,28-86km,u,blur_sigma0.5,freq_l1,0.010270374827086926
321,1,28-86km,u,blur_sigma0.5,freq_l1_unweighted,0.014990115538239479
321,1,28-86km,u,blur_sigma0.5,melr,-0.00975565705448389
321,1,28-86km,u,blur_sigma0.5,swd,0.004347472917288542
321,1,28-86km,v,blur_sigma0.5,freq_l1,0.010474957525730133
321,1,28-86km,v,blur_sigma0.5,freq_l1_unweighted,0.016341792419552803
321,1,28-86km,v,blur_sigma0.5,melr,-0.01305196899920702
321,1,28-86km,v,blur_sigma0.5,swd,0.004909859038889408
321,2,57-175km,u,blur_sigma0.5,freq_l1,0.0029366163071244955
321,2,57-175km,u,blur_sigma0.5,freq_l1_unweighted,0.0037291909102350473
321,2,57-175km,u,blur_sigma0.5,melr,-0.0020211264491081238
321,2,57-175km,u,blur_sigma0.5,swd,0.0011680973693728447
321,2,57-175km,v,blur_sigma0.5,freq_l1,0.002980408724397421
321,2,57-175km,v,blur_sigma0.5,freq_l1_unweighted,0.004138377029448748
321,2,57-175km,v,blur_sigma0.5,melr,-0.002866900758817792
321,2,57-175km,v,blur_sigma0.5,swd,0.0013135324697941542
321,3,114-359km,u,blur_sigma0.5,freq_l1,0.0007645254372619092
321,3,114-359km,u,blur_sigma0.5,freq_l1_unweighted,0.0008844293770380318
321,3,114-359km,u,blur_sigma0.5,melr,-0.00048444734420627356
321,3,114-359km,u,blur_sigma0.5,swd,0.00036423199344426394
321,3,114-359km,v,blur_sigma0.5,freq_l1,0.0007637173403054476
321,3,114-359km,v,blur_sigma0.5,freq_l1_unweighted,0.0009895210387185216
321,3,114-359km,v,blur_sigma0.5,melr,-0.0007422349881380796
321,3,114-359km,v,blur_sigma0.5,swd,0.0005056988447904587
321,4,>325km,u,blur_sigma0.5,freq_l1,6.547658267663792e-05
321,4,>325km,u,blur_sigma0.5,freq_l1_unweighted,6.606827810173854e-05
321,4,>325km,u,blur_sigma0.5,melr,-3.056802961509675e-05
321,4,>325km,u,blur_sigma0.5,swd,0.00024156416475307196
321,4,>325km,v,blur_sigma0.5,freq_l1,7.844241918064654e-05
321,4,>325km,v,blur_sigma0.5,freq_l1_unweighted,8.392255404032767e-05
321,4,>325km,v,blur_sigma0.5,melr,-1.986219831451308e-05
321,4,>325km,v,blur_sigma0.5,swd,0.00027999235317111015
321,0,6-25km,u,blur_sigma1,freq_l1,0.10285710543394089
321,0,6-25km,u,blur_sigma1,freq_l1_unweighted,0.21362608671188354
321,0,6-25km,u,blur_sigma1,melr,-0.2051786333322525
321,0,6-25km,u,blur_sigma1,swd,0.12106016278266907
321,0,6-25km,v,blur_sigma1,freq_l1,0.10455699265003204
321,0,6-25km,v,blur_sigma1,freq_l1_unweighted,0.2247582972049713
321,0,6-25km,v,blur_sigma1,melr,-0.2716871500015259
321,0,6-25km,v,blur_sigma1,swd,0.14518286287784576
321,1,28-86km,u,blur_sigma1,freq_l1,0.04321571812033653
321,1,28-86km,u,blur_sigma1,freq_l1_unweighted,0.0635824203491211
321,1,28-86km,u,blur_sigma1,melr,-0.04140903055667877
321,1,28-86km,u,blur_sigma1,swd,0.01733059622347355
321,1,28-86km,v,blur_sigma1,freq_l1,0.04404616355895996
321,1,28-86km,v,blur_sigma1,freq_l1_unweighted,0.06947530806064606
321,1,28-86km,v,blur_sigma1,melr,-0.05633141100406647
321,1,28-86km,v,blur_sigma1,swd,0.020123815163969994
321,2,57-175km,u,blur_sigma1,freq_l1,0.013103580102324486
321,2,57-175km,u,blur_sigma1,freq_l1_unweighted,0.016650298610329628
321,2,57-175km,u,blur_sigma1,melr,-0.00917167216539383
321,2,57-175km,u,blur_sigma1,swd,0.005814081523567438
321,2,57-175km,v,blur_sigma1,freq_l1,0.013264462351799011
321,2,57-175km,v,blur_sigma1,freq_l1_unweighted,0.018499888479709625
321,2,57-175km,v,blur_sigma1,melr,-0.013045424595475197
321,2,57-175km,v,blur_sigma1,swd,0.006101973354816437
321,3,114-359km,u,blur_sigma1,freq_l1,0.003399581415578723
321,3,114-359km,u,blur_sigma1,freq_l1_unweighted,0.003941729199141264
321,3,114-359km,u,blur_sigma1,melr,-0.0022490466944873333
321,3,114-359km,u,blur_sigma1,swd,0.0016436612932011485
321,3,114-359km,v,blur_sigma1,freq_l1,0.0034029828384518623
321,3,114-359km,v,blur_sigma1,freq_l1_unweighted,0.004446517210453749
321,3,114-359km,v,blur_sigma1,melr,-0.003435949794948101
321,3,114-359km,v,blur_sigma1,swd,0.0022260542027652264
321,4,>325km,u,blur_sigma1,freq_l1,0.00027363875415176153
321,4,>325km,u,blur_sigma1,freq_l1_unweighted,0.00028099780320189893
321,4,>325km,u,blur_sigma1,melr,-0.0001575807691551745
321,4,>325km,u,blur_sigma1,swd,0.0007691701175644994
321,4,>325km,v,blur_sigma1,freq_l1,0.00034829636570066214
321,4,>325km,v,blur_sigma1,freq_l1_unweighted,0.00036668151733465493
321,4,>325km,v,blur_sigma1,melr,-0.00010969629511237144
321,4,>325km,v,blur_sigma1,swd,0.001046878518536687
321,0,6-25km,u,blur_sigma2,freq_l1,0.16393853724002838
321,0,6-25km,u,blur_sigma2,freq_l1_unweighted,0.35909363627433777
321,0,6-25km,u,blur_sigma2,melr,-0.3303412199020386
321,0,6-25km,u,blur_sigma2,swd,0.21510140597820282
321,0,6-25km,v,blur_sigma2,freq_l1,0.1667487770318985
321,0,6-25km,v,blur_sigma2,freq_l1_unweighted,0.37795302271842957
321,0,6-25km,v,blur_sigma2,melr,-0.46618640422821045
321,0,6-25km,v,blur_sigma2,swd,0.24541698396205902
321,1,28-86km,u,blur_sigma2,freq_l1,0.12404053658246994
321,1,28-86km,u,blur_sigma2,freq_l1_unweighted,0.18832015991210938
321,1,28-86km,u,blur_sigma2,melr,-0.12310271710157394
321,1,28-86km,u,blur_sigma2,swd,0.053477346897125244
321,1,28-86km,v,blur_sigma2,freq_l1,0.12640191614627838
321,1,28-86km,v,blur_sigma2,freq_l1_unweighted,0.20693303644657135
321,1,28-86km,v,blur_sigma2,melr,-0.17553561925888062
321,1,28-86km,v,blur_sigma2,swd,0.06850383430719376
321,2,57-175km,u,blur_sigma2,freq_l1,0.04665195941925049
321,2,57-175km,u,blur_sigma2,freq_l1_unweighted,0.059794262051582336
321,2,57-175km,u,blur_sigma2,melr,-0.033634547144174576
321,2,57-175km,u,blur_sigma2,swd,0.0191134475171566
321,2,57-175km,v,blur_sigma2,freq_l1,0.04692536219954491
321,2,57-175km,v,blur_sigma2,freq_l1_unweighted,0.06633904576301575
321,2,57-175km,v,blur_sigma2,melr,-0.048274435102939606
321,2,57-175km,v,blur_sigma2,swd,0.023262586444616318
321,3,114-359km,u,blur_sigma2,freq_l1,0.01271399762481451
321,3,114-359km,u,blur_sigma2,freq_l1_unweighted,0.014831609092652798
321,3,114-359km,u,blur_sigma2,melr,-0.008837888948619366
321,3,114-359km,u,blur_sigma2,swd,0.006508838385343552
321,3,114-359km,v,blur_sigma2,freq_l1,0.012746397405862808
321,3,114-359km,v,blur_sigma2,freq_l1_unweighted,0.016841862350702286
321,3,114-359km,v,blur_sigma2,melr,-0.013466897420585155
321,3,114-359km,v,blur_sigma2,swd,0.008618662133812904
321,4,>325km,u,blur_sigma2,freq_l1,0.0009568710229359567
321,4,>325km,u,blur_sigma2,freq_l1_unweighted,0.001014899811707437
321,4,>325km,u,blur_sigma2,melr,-0.0007263278239406645
321,4,>325km,u,blur_sigma2,swd,0.002478654496371746
321,4,>325km,v,blur_sigma2,freq_l1,0.0013122869422659278
321,4,>325km,v,blur_sigma2,freq_l1_unweighted,0.0013550262665376067
321,4,>325km,v,blur_sigma2,melr,-0.000498628185596317
321,4,>325km,v,blur_sigma2,swd,0.0032495977357029915
403,0,6-25km,u,shift_2px,freq_l1,0.42842426896095276
403,0,6-25km,u,shift_2px,freq_l1_unweighted,0.6872441172599792
403,0,6-25km,u,shift_2px,melr,1.0354386681399319e-08
403,0,6-25km,u,shift_2px,swd,0.02474881336092949
403,0,6-25km,v,shift_2px,freq_l1,0.48870906233787537
403,0,6-25km,v,shift_2px,freq_l1_unweighted,0.875125527381897
403,0,6-25km,v,shift_2px,melr,3.106315915601954e-08
403,0,6-25km,v,shift_2px,swd,0.052814655005931854
403,1,28-86km,u,shift_2px,freq_l1,0.4599917531013489
403,1,28-86km,u,shift_2px,freq_l1_unweighted,0.6254805326461792
403,1,28-86km,u,shift_2px,melr,-1.0354389345934578e-08
403,1,28-86km,u,shift_2px,swd,0.010108314454555511
403,1,28-86km,v,shift_2px,freq_l1,0.5186313390731812
403,1,28-86km,v,shift_2px,freq_l1_unweighted,0.7888206243515015
403,1,28-86km,v,shift_2px,melr,2.0708773362798638e-08
403,1,28-86km,v,shift_2px,swd,0.020490383729338646
403,2,57-175km,u,shift_2px,freq_l1,0.30750516057014465
403,2,57-175km,u,shift_2px,freq_l1_unweighted,0.3948538303375244
403,2,57-175km,u,shift_2px,melr,0.0
403,2,57-175km,u,shift_2px,swd,0.007265950553119183
403,2,57-175km,v,shift_2px,freq_l1,0.35966530442237854
403,2,57-175km,v,shift_2px,freq_l1_unweighted,0.49975794553756714
403,2,57-175km,v,shift_2px,melr,1.0354386681399319e-08
403,2,57-175km,v,shift_2px,swd,0.015811508521437645
403,3,114-359km,u,shift_2px,freq_l1,0.18219131231307983
403,3,114-359km,u,shift_2px,freq_l1_unweighted,0.22767098248004913
403,3,114-359km,u,shift_2px,melr,-3.1063166261446895e-08
403,3,114-359km,u,shift_2px,swd,0.005294878967106342
403,3,114-359km,v,shift_2px,freq_l1,0.20778369903564453
403,3,114-359km,v,shift_2px,freq_l1_unweighted,0.2595565915107727
403,3,114-359km,v,shift_2px,melr,1.553157957800977e-08
403,3,114-359km,v,shift_2px,swd,0.00936133973300457
403,4,>325km,u,shift_2px,freq_l1,0.03401573374867439
403,4,>325km,u,shift_2px,freq_l1_unweighted,0.03618022799491882
403,4,>325km,u,shift_2px,melr,-5.684341970784096e-15
403,4,>325km,u,shift_2px,swd,0.007603386417031288
403,4,>325km,v,shift_2px,freq_l1,0.03524038940668106
403,4,>325km,v,shift_2px,freq_l1_unweighted,0.04397209733724594
403,4,>325km,v,shift_2px,melr,-5.177193784788869e-09
403,4,>325km,v,shift_2px,swd,0.01000467874109745
403,0,6-25km,u,shift_3px,freq_l1,0.4816543161869049
403,0,6-25km,u,shift_3px,freq_l1_unweighted,0.7502169609069824
403,0,6-25km,u,shift_3px,melr,1.0354386681399319e-08
403,0,6-25km,u,shift_3px,swd,0.024053120985627174
403,0,6-25km,v,shift_3px,freq_l1,0.5527752041816711
403,0,6-25km,v,shift_3px,freq_l1_unweighted,0.9332773089408875
403,0,6-25km,v,shift_3px,melr,3.106315915601954e-08
403,0,6-25km,v,shift_3px,swd,0.05127602815628052
403,1,28-86km,u,shift_3px,freq_l1,0.6021208167076111
403,1,28-86km,u,shift_3px,freq_l1_unweighted,0.8615857362747192
403,1,28-86km,u,shift_3px,melr,-5.177193784788869e-09
403,1,28-86km,u,shift_3px,swd,0.012419992126524448
403,1,28-86km,v,shift_3px,freq_l1,0.6752986311912537
403,1,28-86km,v,shift_3px,freq_l1_unweighted,1.0854804515838623
403,1,28-86km,v,shift_3px,melr,2.0708773362798638e-08
403,1,28-86km,v,shift_3px,swd,0.02578894793987274
403,2,57-175km,u,shift_3px,freq_l1,0.44180387258529663
403,2,57-175km,u,shift_3px,freq_l1_unweighted,0.5789911150932312
403,2,57-175km,u,shift_3px,melr,-1.0354389345934578e-08
403,2,57-175km,u,shift_3px,swd,0.008942468091845512
403,2,57-175km,v,shift_3px,freq_l1,0.5136384963989258
403,2,57-175km,v,shift_3px,freq_l1_unweighted,0.7315810918807983
403,2,57-175km,v,shift_3px,melr,2.0708773362798638e-08
403,2,57-175km,v,shift_3px,swd,0.019095182418823242
403,3,114-359km,u,shift_3px,freq_l1,0.2700584828853607
403,3,114-359km,u,shift_3px,freq_l1_unweighted,0.33972328901290894
403,3,114-359km,u,shift_3px,melr,-3.1063166261446895e-08
403,3,114-359km,u,shift_3px,swd,0.006804372649639845
403,3,114-359km,v,shift_3px,freq_l1,0.3081759810447693
403,3,114-359km,v,shift_3px,freq_l1_unweighted,0.3871030807495117
403,3,114-359km,v,shift_3px,melr,-2.1316282919835953e-15
403,3,114-359km,v,shift_3px,swd,0.0160070788115263
403,4,>325km,u,shift_3px,freq_l1,0.050968997180461884
403,4,>325km,u,shift_3px,freq_l1_unweighted,0.05420849472284317
403,4,>325km,u,shift_3px,melr,1.553157957800977e-08
403,4,>325km,u,shift_3px,swd,0.0072471508756279945
403,4,>325km,v,shift_3px,freq_l1,0.0529085211455822
403,4,>325km,v,shift_3px,freq_l1_unweighted,0.0658678412437439
403,4,>325km,v,shift_3px,melr,1.035438490504248e-08
403,4,>325km,v,shift_3px,swd,0.011806754395365715
403,0,6-25km,u,blur_sigma0.5,freq_l1,0.03437869995832443
403,0,6-25km,u,blur_sigma0.5,freq_l1_unweighted,0.05467366427183151
403,0,6-25km,u,blur_sigma0.5,melr,-0.06294004619121552
403,0,6-25km,u,blur_sigma0.5,swd,0.028995029628276825
403,0,6-25km,v,blur_sigma0.5,freq_l1,0.03944241255521774
403,0,6-25km,v,blur_sigma0.5,freq_l1_unweighted,0.06381455063819885
403,0,6-25km,v,blur_sigma0.5,melr,-0.05510702729225159
403,0,6-25km,v,blur_sigma0.5,swd,0.03810037299990654
403,1,28-86km,u,blur_sigma0.5,freq_l1,0.010702269151806831
403,1,28-86km,u,blur_sigma0.5,freq_l1_unweighted,0.015870962291955948
403,1,28-86km,u,blur_sigma0.5,melr,-0.012771984562277794
403,1,28-86km,u,blur_sigma0.5,swd,0.004666750784963369
403,1,28-86km,v,blur_sigma0.5,freq_l1,0.011312372982501984
403,1,28-86km,v,blur_sigma0.5,freq_l1_unweighted,0.017526958137750626
403,1,28-86km,v,blur_sigma0.5,melr,-0.011485399678349495
403,1,28-86km,v,blur_sigma0.5,swd,0.005347364116460085
403,2,57-175km,u,blur_sigma0.5,freq_l1,0.0032630679197609425
403,2,57-175km,u,blur_sigma0.5,freq_l1_unweighted,0.004710434935986996
403,2,57-175km,u,blur_sigma0.5,melr,-0.003135995240882039
403,2,57-175km,u,blur_sigma0.5,swd,0.0015115616843104362
403,2,57-175km,v,blur_sigma0.5,freq_l1,0.0034793883096426725
403,2,57-175km,v,blur_sigma0.5,freq_l1_unweighted,0.005379863083362579
403,2,57-175km,v,blur_sigma0.5,melr,-0.0031337079126387835
403,2,57-175km,v,blur_sigma0.5,swd,0.0019533412996679544
403,3,114-359km,u,blur_sigma0.5,freq_l1,0.0008243387565016747
403,3,114-359km,u,blur_sigma0.5,freq_l1_unweighted,0.0012508018407970667
403,3,114-359km,u,blur_sigma0.5,melr,-0.0008526023593731225
403,3,114-359km,u,blur_sigma0.5,swd,0.0006666586850769818
403,3,114-359km,v,blur_sigma0.5,freq_l1,0.0008931400370784104
403,3,114-359km,v,blur_sigma0.5,freq_l1_unweighted,0.0013543341774493456
403,3,114-359km,v,blur_sigma0.5,melr,-0.0007509117131121457
403,3,114-359km,v,blur_sigma0.5,swd,0.0008569901692681015
403,4,>325km,u,blur_sigma0.5,freq_l1,6.636726902797818e-05
403,4,>325km,u,blur_sigma0.5,freq_l1_unweighted,9.365657751914114e-05
403,4,>325km,u,blur_sigma0.5,melr,-0.00016044513904489577
403,4,>325km,u,blur_sigma0.5,swd,0.00045541871804744005
403,4,>325km,v,blur_sigma0.5,freq_l1,8.879039523890242e-05
403,4,>325km,v,blur_sigma0.5,freq_l1_unweighted,0.00011771067511290312
403,4,>325km,v,blur_sigma0.5,melr,-0.00014589379134122282
403,4,>325km,v,blur_sigma0.5,swd,0.0004535361658781767
403,0,6-25km,u,blur_sigma1,freq_l1,0.10577313601970673
403,0,6-25km,u,blur_sigma1,freq_l1_unweighted,0.17602643370628357
403,0,6-25km,u,blur_sigma1,melr,-0.2113240510225296
403,0,6-25km,u,blur_sigma1,swd,0.09269385784864426
403,0,6-25km,v,blur_sigma1,freq_l1,0.1211453303694725
403,0,6-25km,v,blur_sigma1,freq_l1_unweighted,0.20478086173534393
403,0,6-25km,v,blur_sigma1,melr,-0.17691358923912048
403,0,6-25km,v,blur_sigma1,swd,0.1168760433793068
403,1,28-86km,u,blur_sigma1,freq_l1,0.045327119529247284
403,1,28-86km,u,blur_sigma1,freq_l1_unweighted,0.06808729469776154
403,1,28-86km,u,blur_sigma1,melr,-0.05595393851399422
403,1,28-86km,u,blur_sigma1,swd,0.018550584092736244
403,1,28-86km,v,blur_sigma1,freq_l1,0.04786420613527298
403,1,28-86km,v,blur_sigma1,freq_l1_unweighted,0.07508621364831924
403,1,28-86km,v,blur_sigma1,melr,-0.050105560570955276
403,1,28-86km,v,blur_sigma1,swd,0.021326035261154175
403,2,57-175km,u,blur_sigma1,freq_l1,0.014592456631362438
403,2,57-175km,u,blur_sigma1,freq_l1_unweighted,0.02120201103389263
403,2,57-175km,u,blur_sigma1,melr,-0.014315413311123848
403,2,57-175km,u,blur_sigma1,swd,0.006512293592095375
403,2,57-175km,v,blur_sigma1,freq_l1,0.01553826592862606
403,2,57-175km,v,blur_sigma1,freq_l1_unweighted,0.02418781816959381
403,2,57-175km,v,blur_sigma1,melr,-0.01428811065852642
403,2,57-175km,v,blur_sigma1,swd,0.008148142136633396
403,3,114-359km,u,blur_sigma1,freq_l1,0.0037088580429553986
403,3,114-359km,u,blur_sigma1,freq_l1_unweighted,0.0056887357495725155
403,3,114-359km,u,blur_sigma1,melr,-0.0039586336351931095
403,3,114-359km,u,blur_sigma1,swd,0.0024516095872968435
403,3,114-359km,v,blur_sigma1,freq_l1,0.0039862776175141335
403,3,114-359km,v,blur_sigma1,freq_l1_unweighted,0.006107604131102562
403,3,114-359km,v,blur_sigma1,melr,-0.0034535895101726055
403,3,114-359km,v,blur_sigma1,swd,0.0033045103773474693
403,4,>325km,u,blur_sigma1,freq_l1,0.00029285644995979965
403,4,>325km,u,blur_sigma1,freq_l1_unweighted,0.00042395488708280027
403,4,>325km,u,blur_sigma1,melr,-0.0007444891380146146
403,4,>325km,u,blur_sigma1,swd,0.001655123895034194
403,4,>325km,v,blur_sigma1,freq_l1,0.0003842742007691413
403,4,>325km,v,blur_sigma1,freq_l1_unweighted,0.0005214082775637507
403,4,>325km,v,blur_sigma1,melr,-0.0006899885484017432
403,4,>325km,v,blur_sigma1,swd,0.0019371662056073546
403,0,6-25km,u,blur_sigma2,freq_l1,0.17497608065605164
403,0,6-25km,u,blur_sigma2,freq_l1_unweighted,0.3151724934577942
403,0,6-25km,u,blur_sigma2,melr,-0.4149124026298523
403,0,6-25km,u,blur_sigma2,swd,0.1782948076725006
403,0,6-25km,v,blur_sigma2,freq_l1,0.1951337456703186
403,0,6-25km,v,blur_sigma2,freq_l1_unweighted,0.35722315311431885
403,0,6-25km,v,blur_sigma2,melr,-0.3201804757118225
403,0,6-25km,v,blur_sigma2,swd,0.2208702117204666
403,1,28-86km,u,blur_sigma2,freq_l1,0.13296353816986084
403,1,28-86km,u,blur_sigma2,freq_l1_unweighted,0.2078608274459839
403,1,28-86km,u,blur_sigma2,melr,-0.18240061402320862
403,1,28-86km,u,blur_sigma2,swd,0.05988349765539169
403,1,28-86km,v,blur_sigma2,freq_l1,0.14012478291988373
403,1,28-86km,v,blur_sigma2,freq_l1_unweighted,0.22897401452064514
403,1,28-86km,v,blur_sigma2,melr,-0.1612744927406311
403,1,28-86km,v,blur_sigma2,swd,0.06888752430677414
403,2,57-175km,u,blur_sigma2,freq_l1,0.05203207582235336
403,2,57-175km,u,blur_sigma2,freq_l1_unweighted,0.07692652940750122
403,2,57-175km,u,blur_sigma2,melr,-0.05359907075762749
403,2,57-175km,u,blur_sigma2,swd,0.023048073053359985
403,2,57-175km,v,blur_sigma2,freq_l1,0.05571616813540459
403,2,57-175km,v,blur_sigma2,freq_l1_unweighted,0.08804906159639359
403,2,57-175km,v,blur_sigma2,melr,-0.053261131048202515
403,2,57-175km,v,blur_sigma2,swd,0.030656106770038605
403,3,114-359km,u,blur_sigma2,freq_l1,0.014000770635902882
403,3,114-359km,u,blur_sigma2,freq_l1_unweighted,0.021827664226293564
403,3,114-359km,u,blur_sigma2,melr,-0.015594704076647758
403,3,114-359km,u,blur_sigma2,swd,0.008803384378552437
403,3,114-359km,v,blur_sigma2,freq_l1,0.014978842809796333
403,3,114-359km,v,blur_sigma2,freq_l1_unweighted,0.023241901770234108
403,3,114-359km,v,blur_sigma2,melr,-0.01342259906232357
403,3,114-359km,v,blur_sigma2,swd,0.012231223285198212
403,4,>325km,u,blur_sigma2,freq_l1,0.001107232877984643
403,4,>325km,u,blur_sigma2,freq_l1_unweighted,0.0016475016018375754
403,4,>325km,u,blur_sigma2,melr,-0.002963598584756255
403,4,>325km,u,blur_sigma2,swd,0.00598842604085803
403,4,>325km,v,blur_sigma2,freq_l1,0.001405015354976058
403,4,>325km,v,blur_sigma2,freq_l1_unweighted,0.0019706354942172766
403,4,>325km,v,blur_sigma2,melr,-0.0028037098236382008
403,4,>325km,v,blur_sigma2,swd,0.006258506327867508
371,0,6-25km,u,shift_2px,freq_l1,0.4672907888889313
371,0,6-25km,u,shift_2px,freq_l1_unweighted,0.8890781402587891
371,0,6-25km,u,shift_2px,melr,2.8474563151803522e-08
371,0,6-25km,u,shift_2px,swd,0.06825660169124603
371,0,6-25km,v,shift_2px,freq_l1,0.48003578186035156
371,0,6-25km,v,shift_2px,freq_l1_unweighted,0.9231688380241394
371,0,6-25km,v,shift_2px,melr,3.106315915601954e-08
371,0,6-25km,v,shift_2px,swd,0.07869058102369308
371,1,28-86km,u,shift_2px,freq_l1,0.47223415970802307
371,1,28-86km,u,shift_2px,freq_l1_unweighted,0.6935391426086426
371,1,28-86km,u,shift_2px,melr,1.553157957800977e-08
371,1,28-86km,u,shift_2px,swd,0.026899972930550575
371,1,28-86km,v,shift_2px,freq_l1,0.49352580308914185
371,1,28-86km,v,shift_2px,freq_l1_unweighted,0.762215256690979
371,1,28-86km,v,shift_2px,melr,1.2942983573793754e-08
371,1,28-86km,v,shift_2px,swd,0.03448054566979408
371,2,57-175km,u,shift_2px,freq_l1,0.33059555292129517
371,2,57-175km,u,shift_2px,freq_l1_unweighted,0.4255909025669098
371,2,57-175km,u,shift_2px,melr,-5.177195561145709e-09
371,2,57-175km,u,shift_2px,swd,0.021333465352654457
371,2,57-175km,v,shift_2px,freq_l1,0.3426351547241211
371,2,57-175km,v,shift_2px,freq_l1_unweighted,0.46841225028038025
371,2,57-175km,v,shift_2px,melr,1.2942983573793754e-08
371,2,57-175km,v,shift_2px,swd,0.025738898664712906
371,3,114-359km,u,shift_2px,freq_l1,0.2107304036617279
371,3,114-359km,u,shift_2px,freq_l1_unweighted,0.2400253713130951
371,3,114-359km,u,shift_2px,melr,5.17719245252124e-09
371,3,114-359km,u,shift_2px,swd,0.010904232040047646
371,3,114-359km,v,shift_2px,freq_l1,0.19865544140338898
371,3,114-359km,v,shift_2px,freq_l1_unweighted,0.24439041316509247
371,3,114-359km,v,shift_2px,melr,1.8120177358582623e-08
371,3,114-359km,v,shift_2px,swd,0.01250971108675003
371,4,>325km,u,shift_2px,freq_l1,0.034841470420360565
371,4,>325km,u,shift_2px,freq_l1_unweighted,0.04034007340669632
371,4,>325km,u,shift_2px,melr,-1.5531584907080287e-08
371,4,>325km,u,shift_2px,swd,0.010953088290989399
371,4,>325km,v,shift_2px,freq_l1,0.03831439092755318
371,4,>325km,v,shift_2px,freq_l1_unweighted,0.04507496953010559
371,4,>325km,v,shift_2px,melr,-1.2942988014685852e-08
371,4,>325km,v,shift_2px,swd,0.012721473351120949
371,0,6-25km,u,shift_3px,freq_l1,0.5426725149154663
371,0,6-25km,u,shift_3px,freq_l1_unweighted,0.9682466387748718
371,0,6-25km,u,shift_3px,melr,2.8474559599089844e-08
371,0,6-25km,u,shift_3px,swd,0.06940256059169769
371,0,6-25km,v,shift_3px,freq_l1,0.5433370471000671
371,0,6-25km,v,shift_3px,freq_l1_unweighted,0.982104480266571
371,0,6-25km,v,shift_3px,melr,2.07087715864418e-08
371,0,6-25km,v,shift_3px,swd,0.06785108149051666
371,1,28-86km,u,shift_3px,freq_l1,0.6225919723510742
371,1,28-86km,u,shift_3px,freq_l1_unweighted,0.9567587971687317
371,1,28-86km,u,shift_3px,melr,1.553157957800977e-08
371,1,28-86km,u,shift_3px,swd,0.03395267203450203
371,1,28-86km,v,shift_3px,freq_l1,0.6439119577407837
371,1,28-86km,v,shift_3px,freq_l1_unweighted,1.0476529598236084
371,1,28-86km,v,shift_3px,melr,1.2942983573793754e-08
371,1,28-86km,v,shift_3px,swd,0.03704198822379112
371,2,57-175km,u,shift_3px,freq_l1,0.4769366681575775
371,2,57-175km,u,shift_3px,freq_l1_unweighted,0.6256719827651978
371,2,57-175km,u,shift_3px,melr,-1.0354389345934578e-08
371,2,57-175km,u,shift_3px,swd,0.020480599254369736
371,2,57-175km,v,shift_3px,freq_l1,0.4922162890434265
371,2,57-175km,v,shift_3px,freq_l1_unweighted,0.6871987581253052
371,2,57-175km,v,shift_3px,melr,5.17719245252124e-09
371,2,57-175km,v,shift_3px,swd,0.027097873389720917
371,3,114-359km,u,shift_3px,freq_l1,0.3124881386756897
371,3,114-359km,u,shift_3px,freq_l1_unweighted,0.3582894206047058
371,3,114-359km,u,shift_3px,melr,-2.5885972476658026e-08
371,3,114-359km,u,shift_3px,swd,0.014641477726399899
371,3,114-359km,v,shift_3px,freq_l1,0.29476457834243774
371,3,114-359km,v,shift_3px,freq_l1_unweighted,0.36451756954193115
371,3,114-359km,v,shift_3px,melr,1.2942983573793754e-08
371,3,114-359km,v,shift_3px,swd,0.016876276582479477
371,4,>325km,u,shift_3px,freq_l1,0.0522661916911602
371,4,>325km,u,shift_3px,freq_l1_unweighted,0.06046214699745178
371,4,>325km,u,shift_3px,melr,7.765788900826465e-09
371,4,>325km,u,shift_3px,swd,0.014881742186844349
371,4,>325km,v,shift_3px,freq_l1,0.057465560734272
371,4,>325km,v,shift_3px,freq_l1_unweighted,0.06754228472709656
371,4,>325km,v,shift_3px,melr,-5.177195561145709e-09
371,4,>325km,v,shift_3px,swd,0.015058151446282864
371,0,6-25km,u,blur_sigma0.5,freq_l1,0.03759458288550377
371,0,6-25km,u,blur_sigma0.5,freq_l1_unweighted,0.06529543548822403
371,0,6-25km,u,blur_sigma0.5,melr,-0.0495840422809124
371,0,6-25km,u,blur_sigma0.5,swd,0.03767010569572449
371,0,6-25km,v,blur_sigma0.5,freq_l1,0.03950346261262894
371,0,6-25km,v,blur_sigma0.5,freq_l1_unweighted,0.06833073496818542
371,0,6-25km,v,blur_sigma0.5,melr,-0.045597951859235764
371,0,6-25km,v,blur_sigma0.5,swd,0.04227941483259201
371,1,28-86km,u,blur_sigma0.5,freq_l1,0.011336523108184338
371,1,28-86km,u,blur_sigma0.5,freq_l1_unweighted,0.015568291768431664
371,1,28-86km,u,blur_sigma0.5,melr,-0.0080480445176363
371,1,28-86km,u,blur_sigma0.5,swd,0.0041557722724974155
371,1,28-86km,v,blur_sigma0.5,freq_l1,0.01131913997232914
371,1,28-86km,v,blur_sigma0.5,freq_l1_unweighted,0.016713697463274002
371,1,28-86km,v,blur_sigma0.5,melr,-0.008451519533991814
371,1,28-86km,v,blur_sigma0.5,swd,0.004515014123171568
371,2,57-175km,u,blur_sigma0.5,freq_l1,0.003218096913769841
371,2,57-175km,u,blur_sigma0.5,freq_l1_unweighted,0.0042663016356527805
371,2,57-175km,u,blur_sigma0.5,melr,-0.0019531246507540345
371,2,57-175km,u,blur_sigma0.5,swd,0.001280812080949545
371,2,57-175km,v,blur_sigma0.5,freq_l1,0.0032560662366449833
371,2,57-175km,v,blur_sigma0.5,freq_l1_unweighted,0.004595611244440079
371,2,57-175km,v,blur_sigma0.5,melr,-0.002085120417177677
371,2,57-175km,v,blur_sigma0.5,swd,0.001628694124519825
371,3,114-359km,u,blur_sigma0.5,freq_l1,0.0008993316441774368
371,3,114-359km,u,blur_sigma0.5,freq_l1_unweighted,0.0011820734944194555
371,3,114-359km,u,blur_sigma0.5,melr,-0.0006123787024989724
371,3,114-359km,u,blur_sigma0.5,swd,0.0004908522241748869
371,3,114-359km,v,blur_sigma0.5,freq_l1,0.0008237653528340161
371,3,114-359km,v,blur_sigma0.5,freq_l1_unweighted,0.001150633441284299
371,3,114-359km,v,blur_sigma0.5,melr,-0.0005751926219090819
371,3,114-359km,v,blur_sigma0.5,swd,0.000667268002871424
371,4,>325km,u,blur_sigma0.5,freq_l1,7.669090700801462e-05
371,4,>325km,u,blur_sigma0.5,freq_l1_unweighted,9.241981024388224e-05
371,4,>325km,u,blur_sigma0.5,melr,-7.68211466493085e-05
371,4,>325km,u,blur_sigma0.5,swd,0.0003218027704861015
371,4,>325km,v,blur_sigma0.5,freq_l1,7.930004358058795e-05
371,4,>325km,v,blur_sigma0.5,freq_l1_unweighted,9.998601308325306e-05
371,4,>325km,v,blur_sigma0.5,melr,-8.296293526655063e-05
371,4,>325km,v,blur_sigma0.5,swd,0.0003477743885014206
371,0,6-25km,u,blur_sigma1,freq_l1,0.11502408981323242
371,0,6-25km,u,blur_sigma1,freq_l1_unweighted,0.20651638507843018
371,0,6-25km,u,blur_sigma1,melr,-0.14857682585716248
371,0,6-25km,u,blur_sigma1,swd,0.11701850593090057
371,0,6-25km,v,blur_sigma1,freq_l1,0.11972486972808838
371,0,6-25km,v,blur_sigma1,freq_l1_unweighted,0.21577484905719757
371,0,6-25km,v,blur_sigma1,melr,-0.13521501421928406
371,0,6-25km,v,blur_sigma1,swd,0.12684714794158936
371,1,28-86km,u,blur_sigma1,freq_l1,0.047862108796834946
371,1,28-86km,u,blur_sigma1,freq_l1_unweighted,0.06627874076366425
371,1,28-86km,u,blur_sigma1,melr,-0.03443992882966995
371,1,28-86km,u,blur_sigma1,swd,0.017818378284573555
371,1,28-86km,v,blur_sigma1,freq_l1,0.0477696917951107
371,1,28-86km,v,blur_sigma1,freq_l1_unweighted,0.07121232151985168
371,1,28-86km,v,blur_sigma1,melr,-0.036179885268211365
371,1,28-86km,v,blur_sigma1,swd,0.02059328742325306
371,2,57-175km,u,blur_sigma1,freq_l1,0.014395530335605145
371,2,57-175km,u,blur_sigma1,freq_l1_unweighted,0.01910281367599964
371,2,57-175km,u,blur_sigma1,melr,-0.008871198631823063
371,2,57-175km,u,blur_sigma1,swd,0.005872013047337532
371,2,57-175km,v,blur_sigma1,freq_l1,0.014584111981093884
371,2,57-175km,v,blur_sigma1,freq_l1_unweighted,0.020618373528122902
371,2,57-175km,v,blur_sigma1,melr,-0.009486546739935875
371,2,57-175km,v,blur_sigma1,swd,0.006242930423468351
371,3,114-359km,u,blur_sigma1,freq_l1,0.004021433647722006
371,3,114-359km,u,blur_sigma1,freq_l1_unweighted,0.0053246645256876945
371,3,114-359km,u,blur_sigma1,melr,-0.0028283160645514727
371,3,114-359km,u,blur_sigma1,swd,0.002386505715548992
371,3,114-359km,v,blur_sigma1,freq_l1,0.0037122711073607206
371,3,114-359km,v,blur_sigma1,freq_l1_unweighted,0.005213288124650717
371,3,114-359km,v,blur_sigma1,melr,-0.002677375916391611
371,3,114-359km,v,blur_sigma1,swd,0.0024738649372011423
371,4,>325km,u,blur_sigma1,freq_l1,0.000335329765221104
371,4,>325km,u,blur_sigma1,freq_l1_unweighted,0.00041119795059785247
371,4,>325km,u,blur_sigma1,melr,-0.0003748284943867475
371,4,>325km,u,blur_sigma1,swd,0.0012290803715586662
371,4,>325km,v,blur_sigma1,freq_l1,0.0003447016642894596
371,4,>325km,v,blur_sigma1,freq_l1_unweighted,0.0004356506688054651
371,4,>325km,v,blur_sigma1,melr,-0.00038293239776976407
371,4,>325km,v,blur_sigma1,swd,0.0012027545599266887
371,0,6-25km,u,blur_sigma2,freq_l1,0.1877889484167099
371,0,6-25km,u,blur_sigma2,freq_l1_unweighted,0.3561250567436218
371,0,6-25km,u,blur_sigma2,melr,-0.25072330236434937
371,0,6-25km,u,blur_sigma2,swd,0.2023756057024002
371,0,6-25km,v,blur_sigma2,freq_l1,0.19158658385276794
371,0,6-25km,v,blur_sigma2,freq_l1_unweighted,0.3688848614692688
371,0,6-25km,v,blur_sigma2,melr,-0.22159405052661896
371,0,6-25km,v,blur_sigma2,swd,0.2278556376695633
371,1,28-86km,u,blur_sigma2,freq_l1,0.13830916583538055
371,1,28-86km,u,blur_sigma2,freq_l1_unweighted,0.19782641530036926
371,1,28-86km,u,blur_sigma2,melr,-0.10520695149898529
371,1,28-86km,u,blur_sigma2,swd,0.05164782330393791
371,1,28-86km,v,blur_sigma2,freq_l1,0.13822057843208313
371,1,28-86km,v,blur_sigma2,freq_l1_unweighted,0.21369405090808868
371,1,28-86km,v,blur_sigma2,melr,-0.11028844118118286
371,1,28-86km,v,blur_sigma2,swd,0.060205765068531036
371,2,57-175km,u,blur_sigma2,freq_l1,0.051512014120817184
371,2,57-175km,u,blur_sigma2,freq_l1_unweighted,0.06899110972881317
371,2,57-175km,u,blur_sigma2,melr,-0.03279165178537369
371,2,57-175km,u,blur_sigma2,swd,0.01945444755256176
371,2,57-175km,v,blur_sigma2,freq_l1,0.05232381820678711
371,2,57-175km,v,blur_sigma2,freq_l1_unweighted,0.07475025951862335
371,2,57-175km,v,blur_sigma2,melr,-0.035082969814538956
371,2,57-175km,v,blur_sigma2,swd,0.025865530595183372
371,3,114-359km,u,blur_sigma2,freq_l1,0.015074762515723705
371,3,114-359km,u,blur_sigma2,freq_l1_unweighted,0.020190633833408356
371,3,114-359km,u,blur_sigma2,melr,-0.011012219823896885
371,3,114-359km,u,blur_sigma2,swd,0.00878726877272129
371,3,114-359km,v,blur_sigma2,freq_l1,0.014166305772960186
371,3,114-359km,v,blur_sigma2,freq_l1_unweighted,0.02002904750406742
371,3,114-359km,v,blur_sigma2,melr,-0.010537980124354362
371,3,114-359km,v,blur_sigma2,swd,0.01012867596000433
371,4,>325km,u,blur_sigma2,freq_l1,0.001242547994479537
371,4,>325km,u,blur_sigma2,freq_l1_unweighted,0.0015619948972016573
371,4,>325km,u,blur_sigma2,melr,-0.0015894046518951654
371,4,>325km,u,blur_sigma2,swd,0.004221478011459112
371,4,>325km,v,blur_sigma2,freq_l1,0.001269992790184915
371,4,>325km,v,blur_sigma2,freq_l1_unweighted,0.0016144256806001067
371,4,>325km,v,blur_sigma2,melr,-0.0014990621712058783
371,4,>325km,v,blur_sigma2,swd,0.0042192693799734116
56,0,6-25km,u,shift_2px,freq_l1,0.5211668014526367
56,0,6-25km,u,shift_2px,freq_l1_unweighted,1.0270344018936157
56,0,6-25km,u,shift_2px,melr,5.1771934295175015e-08
56,0,6-25km,u,shift_2px,swd,0.07708102464675903
56,0,6-25km,v,shift_2px,freq_l1,0.451723575592041
56,0,6-25km,v,shift_2px,freq_l1_unweighted,0.806850790977478
56,0,6-25km,v,shift_2px,melr,1.2942983573793754e-08
56,0,6-25km,v,shift_2px,swd,0.029575174674391747
56,1,28-86km,u,shift_2px,freq_l1,0.5343669652938843
56,1,28-86km,u,shift_2px,freq_l1_unweighted,0.7796462774276733
56,1,28-86km,u,shift_2px,melr,1.2942980909258495e-08
56,1,28-86km,u,shift_2px,swd,0.029244037345051765
56,1,28-86km,v,shift_2px,freq_l1,0.419400155544281
56,1,28-86km,v,shift_2px,freq_l1_unweighted,0.5944376587867737
56,1,28-86km,v,shift_2px,melr,1.2942983573793754e-08
56,1,28-86km,v,shift_2px,swd,0.012686888687312603
56,2,57-175km,u,shift_2px,freq_l1,0.37470415234565735
56,2,57-175km,u,shift_2px,freq_l1_unweighted,0.45925939083099365
56,2,57-175km,u,shift_2px,melr,0.0
56,2,57-175km,u,shift_2px,swd,0.02424994669854641
56,2,57-175km,v,shift_2px,freq_l1,0.263172447681427
56,2,57-175km,v,shift_2px,freq_l1_unweighted,0.33384960889816284
56,2,57-175km,v,shift_2px,melr,-2.5885972476658026e-08
56,2,57-175km,v,shift_2px,swd,0.008133148774504662
56,3,114-359km,u,shift_2px,freq_l1,0.2262631058692932
56,3,114-359km,u,shift_2px,freq_l1_unweighted,0.23773881793022156
56,3,114-359km,u,shift_2px,melr,-1.2942986238329013e-08
56,3,114-359km,u,shift_2px,swd,0.016277534887194633
56,3,114-359km,v,shift_2px,freq_l1,0.12816599011421204
56,3,114-359km,v,shift_2px,freq_l1_unweighted,0.14503934979438782
56,3,114-359km,v,shift_2px,melr,-1.2942986238329013e-08
56,3,114-359km,v,shift_2px,swd,0.0043892222456634045
56,4,>325km,u,shift_2px,freq_l1,0.04936244338750839
56,4,>325km,u,shift_2px,freq_l1_unweighted,0.053272735327482224
56,4,>325km,u,shift_2px,melr,0.0
56,4,>325km,u,shift_2px,swd,0.021606219932436943
56,4,>325km,v,shift_2px,freq_l1,0.021316008642315865
56,4,>325km,v,shift_2px,freq_l1_unweighted,0.021351614966988564
56,4,>325km,v,shift_2px,melr,-2.6645352591003757e-15
56,4,>325km,v,shift_2px,swd,0.004223858006298542
56,0,6-25km,u,shift_3px,freq_l1,0.5999769568443298
56,0,6-25km,u,shift_3px,freq_l1_unweighted,1.109885334968567
56,0,6-25km,u,shift_3px,melr,7.765789433733516e-08
56,0,6-25km,u,shift_3px,swd,0.07032553851604462
56,0,6-25km,v,shift_3px,freq_l1,0.4975018799304962
56,0,6-25km,v,shift_3px,freq_l1_unweighted,0.8365031480789185
56,0,6-25km,v,shift_3px,melr,-1.2942987126507433e-08
56,0,6-25km,v,shift_3px,swd,0.030620450153946877
56,1,28-86km,u,shift_3px,freq_l1,0.7007108926773071
56,1,28-86km,u,shift_3px,freq_l1_unweighted,1.0739811658859253
56,1,28-86km,u,shift_3px,melr,2.5885967147587507e-08
56,1,28-86km,u,shift_3px,swd,0.040771711617708206
56,1,28-86km,v,shift_3px,freq_l1,0.5383642315864563
56,1,28-86km,v,shift_3px,freq_l1_unweighted,0.8090969920158386
56,1,28-86km,v,shift_3px,melr,-6.471492230986087e-09
56,1,28-86km,v,shift_3px,swd,0.012816157191991806
56,2,57-175km,u,shift_3px,freq_l1,0.5414365530014038
56,2,57-175km,u,shift_3px,freq_l1_unweighted,0.6749560236930847
56,2,57-175km,u,shift_3px,melr,1.2942983573793754e-08
56,2,57-175km,u,shift_3px,swd,0.02689966931939125
56,2,57-175km,v,shift_3px,freq_l1,0.37734168767929077
56,2,57-175km,v,shift_3px,freq_l1_unweighted,0.4884401857852936
56,2,57-175km,v,shift_3px,melr,-1.2942986238329013e-08
56,2,57-175km,v,shift_3px,swd,0.00918987113982439
56,3,114-359km,u,shift_3px,freq_l1,0.33684152364730835
56,3,114-359km,u,shift_3px,freq_l1_unweighted,0.35484594106674194
56,3,114-359km,u,shift_3px,melr,-1.941447891340431e-08
56,3,114-359km,u,shift_3px,swd,0.02163763903081417
56,3,114-359km,v,shift_3px,freq_l1,0.19038595259189606
56,3,114-359km,v,shift_3px,freq_l1_unweighted,0.21597740054130554
56,3,114-359km,v,shift_3px,melr,-1.2942986238329013e-08
56,3,114-359km,v,shift_3px,swd,0.004432125017046928
56,4,>325km,u,shift_3px,freq_l1,0.07417044788599014
56,4,>325km,u,shift_3px,freq_l1_unweighted,0.07986937463283539
56,4,>325km,u,shift_3px,melr,-6.471494895521346e-09
56,4,>325km,u,shift_3px,swd,0.02222546935081482
56,4,>325km,v,shift_3px,freq_l1,0.03197659179568291
56,4,>325km,v,shift_3px,freq_l1_unweighted,0.03198002278804779
56,4,>325km,v,shift_3px,melr,-1.2942986238329013e-08
56,4,>325km,v,shift_3px,swd,0.0038657155819237232
56,0,6-25km,u,blur_sigma0.5,freq_l1,0.04486251622438431
56,0,6-25km,u,blur_sigma0.5,freq_l1_unweighted,0.08458214998245239
56,0,6-25km,u,blur_sigma0.5,melr,-0.05794108286499977
56,0,6-25km,u,blur_sigma0.5,swd,0.04867269843816757
56,0,6-25km,v,blur_sigma0.5,freq_l1,0.0400717668235302
56,0,6-25km,v,blur_sigma0.5,freq_l1_unweighted,0.07396560907363892
56,0,6-25km,v,blur_sigma0.5,melr,-0.08702768385410309
56,0,6-25km,v,blur_sigma0.5,swd,0.04790530726313591
56,1,28-86km,u,blur_sigma0.5,freq_l1,0.013385715894401073
56,1,28-86km,u,blur_sigma0.5,freq_l1_unweighted,0.018990250304341316
56,1,28-86km,u,blur_sigma0.5,melr,-0.008709855377674103
56,1,28-86km,u,blur_sigma0.5,swd,0.005201284773647785
56,1,28-86km,v,blur_sigma0.5,freq_l1,0.010885651223361492
56,1,28-86km,v,blur_sigma0.5,freq_l1_unweighted,0.016188107430934906
56,1,28-86km,v,blur_sigma0.5,melr,-0.013132890686392784
56,1,28-86km,v,blur_sigma0.5,swd,0.00475471094250679
56,2,57-175km,u,blur_sigma0.5,freq_l1,0.0038905227556824684
56,2,57-175km,u,blur_sigma0.5,freq_l1_unweighted,0.004958348348736763
56,2,57-175km,u,blur_sigma0.5,melr,-0.0019712585490196943
56,2,57-175km,u,blur_sigma0.5,swd,0.0015376246301457286
56,2,57-175km,v,blur_sigma0.5,freq_l1,0.002944252686575055
56,2,57-175km,v,blur_sigma0.5,freq_l1_unweighted,0.004178500734269619
56,2,57-175km,v,blur_sigma0.5,melr,-0.003511055139824748
56,2,57-175km,v,blur_sigma0.5,swd,0.001320103881880641
56,3,114-359km,u,blur_sigma0.5,freq_l1,0.001104204566217959
56,3,114-359km,u,blur_sigma0.5,freq_l1_unweighted,0.0012312580365687609
56,3,114-359km,u,blur_sigma0.5,melr,-0.0004353495023678988
56,3,114-359km,u,blur_sigma0.5,swd,0.0006046870839782059
56,3,114-359km,v,blur_sigma0.5,freq_l1,0.0007532652816735208
56,3,114-359km,v,blur_sigma0.5,freq_l1_unweighted,0.0009800296975299716
56,3,114-359km,v,blur_sigma0.5,melr,-0.0010177458170801401
56,3,114-359km,v,blur_sigma0.5,swd,0.0004886604729108512
56,4,>325km,u,blur_sigma0.5,freq_l1,7.306736370082945e-05
56,4,>325km,u,blur_sigma0.5,freq_l1_unweighted,9.997133020078763e-05
56,4,>325km,u,blur_sigma0.5,melr,-8.7775282736402e-05
56,4,>325km,u,blur_sigma0.5,swd,0.000453725311672315
56,4,>325km,v,blur_sigma0.5,freq_l1,7.070516585372388e-05
56,4,>325km,v,blur_sigma0.5,freq_l1_unweighted,7.046794053167105e-05
56,4,>325km,v,blur_sigma0.5,melr,-7.529716094722971e-05
56,4,>325km,v,blur_sigma0.5,swd,0.00025098928017541766
56,0,6-25km,u,blur_sigma1,freq_l1,0.13470125198364258
56,0,6-25km,u,blur_sigma1,freq_l1_unweighted,0.26325735449790955
56,0,6-25km,u,blur_sigma1,melr,-0.16718411445617676
56,0,6-25km,u,blur_sigma1,swd,0.15002158284187317
56,0,6-25km,v,blur_sigma1,freq_l1,0.11962888389825821
56,0,6-25km,v,blur_sigma1,freq_l1_unweighted,0.23049196600914001
56,0,6-25km,v,blur_sigma1,melr,-0.27794384956359863
56,0,6-25km,v,blur_sigma1,swd,0.14042778313159943
56,1,28-86km,u,blur_sigma1,freq_l1,0.056443627923727036
56,1,28-86km,u,blur_sigma1,freq_l1_unweighted,0.08080568164587021
56,1,28-86km,u,blur_sigma1,melr,-0.036998189985752106
56,1,28-86km,u,blur_sigma1,swd,0.023497505113482475
56,1,28-86km,v,blur_sigma1,freq_l1,0.04549206793308258
56,1,28-86km,v,blur_sigma1,freq_l1_unweighted,0.06862791627645493
56,1,28-86km,v,blur_sigma1,melr,-0.05714472755789757
56,1,28-86km,v,blur_sigma1,swd,0.020536312833428383
56,2,57-175km,u,blur_sigma1,freq_l1,0.017390914261341095
56,2,57-175km,u,blur_sigma1,freq_l1_unweighted,0.022187791764736176
56,2,57-175km,u,blur_sigma1,melr,-0.008972156792879105
56,2,57-175km,u,blur_sigma1,swd,0.006900467909872532
56,2,57-175km,v,blur_sigma1,freq_l1,0.013038519769906998
56,2,57-175km,v,blur_sigma1,freq_l1_unweighted,0.01865498349070549
56,2,57-175km,v,blur_sigma1,melr,-0.016011010855436325
56,2,57-175km,v,blur_sigma1,swd,0.00675031915307045
56,3,114-359km,u,blur_sigma1,freq_l1,0.0049697584472596645
56,3,114-359km,u,blur_sigma1,freq_l1_unweighted,0.0055500203743577
56,3,114-359km,u,blur_sigma1,melr,-0.002013461198657751
56,3,114-359km,u,blur_sigma1,swd,0.002153705572709441
56,3,114-359km,v,blur_sigma1,freq_l1,0.003324582241475582
56,3,114-359km,v,blur_sigma1,freq_l1_unweighted,0.0043780505657196045
56,3,114-359km,v,blur_sigma1,melr,-0.004759796429425478
56,3,114-359km,v,blur_sigma1,swd,0.0021519942674785852
56,4,>325km,u,blur_sigma1,freq_l1,0.00032198629924096167
56,4,>325km,u,blur_sigma1,freq_l1_unweighted,0.00044754258124157786
56,4,>325km,u,blur_sigma1,melr,-0.00040218286449089646
56,4,>325km,u,blur_sigma1,swd,0.0017847275594249368
56,4,>325km,v,blur_sigma1,freq_l1,0.0003083325282204896
56,4,>325km,v,blur_sigma1,freq_l1_unweighted,0.00030757300555706024
56,4,>325km,v,blur_sigma1,melr,-0.000360513775376603
56,4,>325km,v,blur_sigma1,swd,0.0009511836688034236
56,0,6-25km,u,blur_sigma2,freq_l1,0.21465757489204407
56,0,6-25km,u,blur_sigma2,freq_l1_unweighted,0.44409823417663574
56,0,6-25km,u,blur_sigma2,melr,-0.26000991463661194
56,0,6-25km,u,blur_sigma2,swd,0.25551837682724
56,0,6-25km,v,blur_sigma2,freq_l1,0.18648788332939148
56,0,6-25km,v,blur_sigma2,freq_l1_unweighted,0.38529813289642334
56,0,6-25km,v,blur_sigma2,melr,-0.5056931376457214
56,0,6-25km,v,blur_sigma2,swd,0.24699144065380096
56,1,28-86km,u,blur_sigma2,freq_l1,0.1627020239830017
56,1,28-86km,u,blur_sigma2,freq_l1_unweighted,0.2409127950668335
56,1,28-86km,u,blur_sigma2,melr,-0.10996507853269577
56,1,28-86km,u,blur_sigma2,swd,0.06233575567603111
56,1,28-86km,v,blur_sigma2,freq_l1,0.1286090910434723
56,1,28-86km,v,blur_sigma2,freq_l1_unweighted,0.20348425209522247
56,1,28-86km,v,blur_sigma2,melr,-0.18395067751407623
56,1,28-86km,v,blur_sigma2,swd,0.06283874064683914
56,2,57-175km,u,blur_sigma2,freq_l1,0.06200265884399414
56,2,57-175km,u,blur_sigma2,freq_l1_unweighted,0.07993181049823761
56,2,57-175km,u,blur_sigma2,melr,-0.033017195761203766
56,2,57-175km,u,blur_sigma2,swd,0.028984595090150833
56,2,57-175km,v,blur_sigma2,freq_l1,0.04605732858181
56,2,57-175km,v,blur_sigma2,freq_l1_unweighted,0.06715081632137299
56,2,57-175km,v,blur_sigma2,melr,-0.05994202569127083
56,2,57-175km,v,blur_sigma2,swd,0.024977780878543854
56,3,114-359km,u,blur_sigma2,freq_l1,0.018838249146938324
56,3,114-359km,u,blur_sigma2,freq_l1_unweighted,0.021040815860033035
56,3,114-359km,u,blur_sigma2,melr,-0.007819471880793571
56,3,114-359km,u,blur_sigma2,swd,0.009534711018204689
56,3,114-359km,v,blur_sigma2,freq_l1,0.012351606041193008
56,3,114-359km,v,blur_sigma2,freq_l1_unweighted,0.01652965508401394
56,3,114-359km,v,blur_sigma2,melr,-0.01889021135866642
56,3,114-359km,v,blur_sigma2,swd,0.0082849794998765
56,4,>325km,u,blur_sigma2,freq_l1,0.001192169263958931
56,4,>325km,u,blur_sigma2,freq_l1_unweighted,0.0016877830494195223
56,4,>325km,u,blur_sigma2,melr,-0.0015504542971029878
56,4,>325km,u,blur_sigma2,swd,0.006911485455930233
56,4,>325km,v,blur_sigma2,freq_l1,0.0011160748545080423
56,4,>325km,v,blur_sigma2,freq_l1_unweighted,0.0011417546775192022
56,4,>325km,v,blur_sigma2,melr,-0.0016647032462060452
56,4,>325km,v,blur_sigma2,swd,0.0032671198714524508
325,0,6-25km,u,shift_2px,freq_l1,0.7462714910507202
325,0,6-25km,u,shift_2px,freq_l1_unweighted,1.413836121559143
325,0,6-25km,u,shift_2px,melr,2.5885967147587507e-08
325,0,6-25km,u,shift_2px,swd,0.08531651645898819
325,0,6-25km,v,shift_2px,freq_l1,0.6035895347595215
325,0,6-25km,v,shift_2px,freq_l1_unweighted,1.0597243309020996
325,0,6-25km,v,shift_2px,melr,2.5885967147587507e-08
325,0,6-25km,v,shift_2px,swd,0.039426207542419434
325,1,28-86km,u,shift_2px,freq_l1,0.738196849822998
325,1,28-86km,u,shift_2px,freq_l1_unweighted,1.0074551105499268
325,1,28-86km,u,shift_2px,melr,-6.471494451432136e-09
325,1,28-86km,u,shift_2px,swd,0.03734348714351654
325,1,28-86km,v,shift_2px,freq_l1,0.5914893746376038
325,1,28-86km,v,shift_2px,freq_l1_unweighted,0.7992845773696899
325,1,28-86km,v,shift_2px,melr,2.265022125413907e-08
325,1,28-86km,v,shift_2px,swd,0.017470283433794975
325,2,57-175km,u,shift_2px,freq_l1,0.48171374201774597
325,2,57-175km,u,shift_2px,freq_l1_unweighted,0.5566970705986023
325,2,57-175km,u,shift_2px,melr,-3.235747447760673e-09
325,2,57-175km,u,shift_2px,swd,0.025597309693694115
325,2,57-175km,v,shift_2px,freq_l1,0.3623824119567871
325,2,57-175km,v,shift_2px,freq_l1_unweighted,0.4220283031463623
325,2,57-175km,v,shift_2px,melr,-1.2942986238329013e-08
325,2,57-175km,v,shift_2px,swd,0.012564601376652718
325,3,114-359km,u,shift_2px,freq_l1,0.30348628759384155
325,3,114-359km,u,shift_2px,freq_l1_unweighted,0.29499590396881104
325,3,114-359km,u,shift_2px,melr,-1.941447891340431e-08
325,3,114-359km,u,shift_2px,swd,0.015532182529568672
325,3,114-359km,v,shift_2px,freq_l1,0.17577317357063293
325,3,114-359km,v,shift_2px,freq_l1_unweighted,0.19685125350952148
325,3,114-359km,v,shift_2px,melr,-1.617873301995587e-08
325,3,114-359km,v,shift_2px,swd,0.007401635870337486
325,4,>325km,u,shift_2px,freq_l1,0.048032451421022415
325,4,>325km,u,shift_2px,freq_l1_unweighted,0.05518908053636551
325,4,>325km,u,shift_2px,melr,6.471490454629247e-09
325,4,>325km,u,shift_2px,swd,0.0164804607629776
325,4,>325km,v,shift_2px,freq_l1,0.04921572655439377
325,4,>325km,v,shift_2px,freq_l1_unweighted,0.05414057523012161
325,4,>325km,v,shift_2px,melr,-1.617873301995587e-08
325,4,>325km,v,shift_2px,swd,0.00922789704054594
325,0,6-25km,u,shift_3px,freq_l1,0.8486310839653015
325,0,6-25km,u,shift_3px,freq_l1_unweighted,1.5067121982574463
325,0,6-25km,u,shift_3px,melr,2.5885967147587507e-08
325,0,6-25km,u,shift_3px,swd,0.09517613798379898
325,0,6-25km,v,shift_3px,freq_l1,0.6698784232139587
325,0,6-25km,v,shift_3px,freq_l1_unweighted,1.1112110614776611
325,0,6-25km,v,shift_3px,melr,3.882895072138126e-08
325,0,6-25km,v,shift_3px,swd,0.03856084495782852
325,1,28-86km,u,shift_3px,freq_l1,0.9601448774337769
325,1,28-86km,u,shift_3px,freq_l1_unweighted,1.380387306213379
325,1,28-86km,u,shift_3px,melr,-1.3322676295501878e-15
325,1,28-86km,u,shift_3px,swd,0.03746015205979347
325,1,28-86km,v,shift_3px,freq_l1,0.7535657286643982
325,1,28-86km,v,shift_3px,freq_l1_unweighted,1.0878989696502686
325,1,28-86km,v,shift_3px,melr,1.6178729467242192e-08
325,1,28-86km,v,shift_3px,swd,0.01957743987441063
325,2,57-175km,u,shift_3px,freq_l1,0.6948144435882568
325,2,57-175km,u,shift_3px,freq_l1_unweighted,0.8173052072525024
325,2,57-175km,u,shift_3px,melr,-9.707240344880574e-09
325,2,57-175km,u,shift_3px,swd,0.03204011917114258
325,2,57-175km,v,shift_3px,freq_l1,0.5182526111602783
325,2,57-175km,v,shift_3px,freq_l1_unweighted,0.6171690225601196
325,2,57-175km,v,shift_3px,melr,-3.2357461154930434e-09
325,2,57-175km,v,shift_3px,swd,0.012900559231638908
325,3,114-359km,u,shift_3px,freq_l1,0.45086953043937683
325,3,114-359km,u,shift_3px,freq_l1_unweighted,0.4404236376285553
325,3,114-359km,u,shift_3px,melr,-1.2942987126507433e-08
325,3,114-359km,u,shift_3px,swd,0.018688522279262543
325,3,114-359km,v,shift_3px,freq_l1,0.26091837882995605
325,3,114-359km,v,shift_3px,freq_l1_unweighted,0.2935023307800293
325,3,114-359km,v,shift_3px,melr,-2.6645352591003757e-15
325,3,114-359km,v,shift_3px,swd,0.011903619393706322
325,4,>325km,u,shift_3px,freq_l1,0.07221634685993195
325,4,>325km,u,shift_3px,freq_l1_unweighted,0.08271536976099014
325,4,>325km,u,shift_3px,melr,-9.707242121237414e-09
325,4,>325km,u,shift_3px,swd,0.019939059391617775
325,4,>325km,v,shift_3px,freq_l1,0.07407266646623611
325,4,>325km,v,shift_3px,freq_l1_unweighted,0.08113459497690201
325,4,>325km,v,shift_3px,melr,-1.2942985350150593e-08
325,4,>325km,v,shift_3px,swd,0.014218082651495934
325,0,6-25km,u,blur_sigma0.5,freq_l1,0.06179089844226837
325,0,6-25km,u,blur_sigma0.5,freq_l1_unweighted,0.12334977090358734
325,0,6-25km,u,blur_sigma0.5,melr,-0.0830812007188797
325,0,6-25km,u,blur_sigma0.5,swd,0.07550082355737686
325,0,6-25km,v,blur_sigma0.5,freq_l1,0.052126236259937286
325,0,6-25km,v,blur_sigma0.5,freq_l1_unweighted,0.09301788359880447
325,0,6-25km,v,blur_sigma0.5,melr,-0.08039791882038116
325,0,6-25km,v,blur_sigma0.5,swd,0.061115048825740814
325,1,28-86km,u,blur_sigma0.5,freq_l1,0.018514275550842285
325,1,28-86km,u,blur_sigma0.5,freq_l1_unweighted,0.026086069643497467
325,1,28-86km,u,blur_sigma0.5,melr,-0.01094021275639534
325,1,28-86km,u,blur_sigma0.5,swd,0.007304392289370298
325,1,28-86km,v,blur_sigma0.5,freq_l1,0.014505154453217983
325,1,28-86km,v,blur_sigma0.5,freq_l1_unweighted,0.02062501758337021
325,1,28-86km,v,blur_sigma0.5,melr,-0.012748072855174541
325,1,28-86km,v,blur_sigma0.5,swd,0.006457374896854162
325,2,57-175km,u,blur_sigma0.5,freq_l1,0.004950233735144138
325,2,57-175km,u,blur_sigma0.5,freq_l1_unweighted,0.006076916120946407
325,2,57-175km,u,blur_sigma0.5,melr,-0.0020830982830375433
325,2,57-175km,u,blur_sigma0.5,swd,0.0020023868419229984
325,2,57-175km,v,blur_sigma0.5,freq_l1,0.0038385482039302588
325,2,57-175km,v,blur_sigma0.5,freq_l1_unweighted,0.004906267859041691
325,2,57-175km,v,blur_sigma0.5,melr,-0.0025977250188589096
325,2,57-175km,v,blur_sigma0.5,swd,0.0015848774928599596
325,3,114-359km,u,blur_sigma0.5,freq_l1,0.0013140796218067408
325,3,114-359km,u,blur_sigma0.5,freq_l1_unweighted,0.0015196677995845675
325,3,114-359km,u,blur_sigma0.5,melr,-0.0005017779767513275
325,3,114-359km,u,blur_sigma0.5,swd,0.0007328405044972897
325,3,114-359km,v,blur_sigma0.5,freq_l1,0.0009335554204881191
325,3,114-359km,v,blur_sigma0.5,freq_l1_unweighted,0.0011116786627098918
325,3,114-359km,v,blur_sigma0.5,melr,-0.0004960609367117286
325,3,114-359km,v,blur_sigma0.5,swd,0.0006398835685104132
325,4,>325km,u,blur_sigma0.5,freq_l1,0.00014232785906642675
325,4,>325km,u,blur_sigma0.5,freq_l1_unweighted,0.0001436188176739961
325,4,>325km,u,blur_sigma0.5,melr,-7.468439434887841e-05
325,4,>325km,u,blur_sigma0.5,swd,0.0005154628306627274
325,4,>325km,v,blur_sigma0.5,freq_l1,9.349073661724105e-05
325,4,>325km,v,blur_sigma0.5,freq_l1_unweighted,0.00011202700261492282
325,4,>325km,v,blur_sigma0.5,melr,-7.484646630473435e-05
325,4,>325km,v,blur_sigma0.5,swd,0.00045456746011041105
325,0,6-25km,u,blur_sigma1,freq_l1,0.1866919994354248
325,0,6-25km,u,blur_sigma1,freq_l1_unweighted,0.386249840259552
325,0,6-25km,u,blur_sigma1,melr,-0.25295525789260864
325,0,6-25km,u,blur_sigma1,swd,0.22873038053512573
325,0,6-25km,v,blur_sigma1,freq_l1,0.15495508909225464
325,0,6-25km,v,blur_sigma1,freq_l1_unweighted,0.2887815535068512
325,0,6-25km,v,blur_sigma1,melr,-0.24786344170570374
325,0,6-25km,v,blur_sigma1,swd,0.18378418684005737
325,1,28-86km,u,blur_sigma1,freq_l1,0.07771575450897217
325,1,28-86km,u,blur_sigma1,freq_l1_unweighted,0.11045248806476593
325,1,28-86km,u,blur_sigma1,melr,-0.04640238359570503
325,1,28-86km,u,blur_sigma1,swd,0.030536986887454987
325,1,28-86km,v,blur_sigma1,freq_l1,0.06090368330478668
325,1,28-86km,v,blur_sigma1,freq_l1_unweighted,0.08777160197496414
325,1,28-86km,v,blur_sigma1,melr,-0.0550457164645195
325,1,28-86km,v,blur_sigma1,swd,0.027310585603117943
325,2,57-175km,u,blur_sigma1,freq_l1,0.022029409185051918
325,2,57-175km,u,blur_sigma1,freq_l1_unweighted,0.027064742520451546
325,2,57-175km,u,blur_sigma1,melr,-0.009414685890078545
325,2,57-175km,u,blur_sigma1,swd,0.008815965615212917
325,2,57-175km,v,blur_sigma1,freq_l1,0.017038807272911072
325,2,57-175km,v,blur_sigma1,freq_l1_unweighted,0.021915201097726822
325,2,57-175km,v,blur_sigma1,melr,-0.011755114421248436
325,2,57-175km,v,blur_sigma1,swd,0.007132767233997583
325,3,114-359km,u,blur_sigma1,freq_l1,0.0058164456859230995
325,3,114-359km,u,blur_sigma1,freq_l1_unweighted,0.006770595442503691
325,3,114-359km,u,blur_sigma1,melr,-0.002309944946318865
325,3,114-359km,u,blur_sigma1,swd,0.0030462821014225483
325,3,114-359km,v,blur_sigma1,freq_l1,0.0041208416223526
325,3,114-359km,v,blur_sigma1,freq_l1_unweighted,0.004959613084793091
325,3,114-359km,v,blur_sigma1,melr,-0.0022981269285082817
325,3,114-359km,v,blur_sigma1,swd,0.0024738304782658815
325,4,>325km,u,blur_sigma1,freq_l1,0.0006032990058884025
325,4,>325km,u,blur_sigma1,freq_l1_unweighted,0.000629609392490238
325,4,>325km,u,blur_sigma1,melr,-0.00034489278914406896
325,4,>325km,u,blur_sigma1,swd,0.0021866578608751297
325,4,>325km,v,blur_sigma1,freq_l1,0.0003985684015788138
325,4,>325km,v,blur_sigma1,freq_l1_unweighted,0.0004918483318760991
325,4,>325km,v,blur_sigma1,melr,-0.0003699207154568285
325,4,>325km,v,blur_sigma1,swd,0.0020954501815140247
325,0,6-25km,u,blur_sigma2,freq_l1,0.2986246347427368
325,0,6-25km,u,blur_sigma2,freq_l1_unweighted,0.6475600004196167
325,0,6-25km,u,blur_sigma2,melr,-0.40591633319854736
325,0,6-25km,u,blur_sigma2,swd,0.38996854424476624
325,0,6-25km,v,blur_sigma2,freq_l1,0.24371810257434845
325,0,6-25km,v,blur_sigma2,freq_l1_unweighted,0.48381543159484863
325,0,6-25km,v,blur_sigma2,melr,-0.4170946180820465
325,0,6-25km,v,blur_sigma2,swd,0.3235517740249634
325,1,28-86km,u,blur_sigma2,freq_l1,0.22087639570236206
325,1,28-86km,u,blur_sigma2,freq_l1_unweighted,0.3241238296031952
325,1,28-86km,u,blur_sigma2,melr,-0.13734334707260132
325,1,28-86km,u,blur_sigma2,swd,0.08953023701906204
325,1,28-86km,v,blur_sigma2,freq_l1,0.17356252670288086
325,1,28-86km,v,blur_sigma2,freq_l1_unweighted,0.26117178797721863
325,1,28-86km,v,blur_sigma2,melr,-0.17002645134925842
325,1,28-86km,v,blur_sigma2,swd,0.08195243030786514
325,2,57-175km,u,blur_sigma2,freq_l1,0.07791659235954285
325,2,57-175km,u,blur_sigma2,freq_l1_unweighted,0.09667021036148071
325,2,57-175km,u,blur_sigma2,melr,-0.03440365195274353
325,2,57-175km,u,blur_sigma2,swd,0.02901861071586609
325,2,57-175km,v,blur_sigma2,freq_l1,0.06009610742330551
325,2,57-175km,v,blur_sigma2,freq_l1_unweighted,0.07850612699985504
325,2,57-175km,v,blur_sigma2,melr,-0.042821019887924194
325,2,57-175km,v,blur_sigma2,swd,0.027385039255023003
325,3,114-359km,u,blur_sigma2,freq_l1,0.02152434177696705
325,3,114-359km,u,blur_sigma2,freq_l1_unweighted,0.025326306000351906
325,3,114-359km,u,blur_sigma2,melr,-0.008997321128845215
325,3,114-359km,u,blur_sigma2,swd,0.011156164109706879
325,3,114-359km,v,blur_sigma2,freq_l1,0.015217961743474007
325,3,114-359km,v,blur_sigma2,freq_l1_unweighted,0.01862930692732334
325,3,114-359km,v,blur_sigma2,melr,-0.009012569673359394
325,3,114-359km,v,blur_sigma2,swd,0.008046818897128105
325,4,>325km,u,blur_sigma2,freq_l1,0.0020858189091086388
325,4,>325km,u,blur_sigma2,freq_l1_unweighted,0.0023007001727819443
325,4,>325km,u,blur_sigma2,melr,-0.0013536205515265465
325,4,>325km,u,blur_sigma2,swd,0.0074143861420452595
325,4,>325km,v,blur_sigma2,freq_l1,0.0014402162050828338
325,4,>325km,v,blur_sigma2,freq_l1_unweighted,0.0018486184999346733
325,4,>325km,v,blur_sigma2,melr,-0.0015904398169368505
325,4,>325km,v,blur_sigma2,swd,0.006620972882956266
217,0,6-25km,u,shift_2px,freq_l1,0.6041628122329712
217,0,6-25km,u,shift_2px,freq_l1_unweighted,1.2322701215744019
217,0,6-25km,u,shift_2px,melr,8.001116924560847e-08
217,0,6-25km,u,shift_2px,swd,0.08826471865177155
217,0,6-25km,v,shift_2px,freq_l1,0.7139431238174438
217,0,6-25km,v,shift_2px,freq_l1_unweighted,1.4611084461212158
217,0,6-25km,v,shift_2px,melr,2.353269756838472e-08
217,0,6-25km,v,shift_2px,swd,0.08295078575611115
217,1,28-86km,u,shift_2px,freq_l1,0.552899956703186
217,1,28-86km,u,shift_2px,freq_l1_unweighted,0.8875028491020203
217,1,28-86km,u,shift_2px,melr,3.294577410883903e-08
217,1,28-86km,u,shift_2px,swd,0.033173833042383194
217,1,28-86km,v,shift_2px,freq_l1,0.6656212210655212
217,1,28-86km,v,shift_2px,freq_l1_unweighted,1.052558183670044
217,1,28-86km,v,shift_2px,melr,3.765231681995829e-08
217,1,28-86km,v,shift_2px,swd,0.03269954025745392
217,2,57-175km,u,shift_2px,freq_l1,0.3498006761074066
217,2,57-175km,u,shift_2px,freq_l1_unweighted,0.5117072463035583
217,2,57-175km,u,shift_2px,melr,-7.059810958054413e-09
217,2,57-175km,u,shift_2px,swd,0.023175161331892014
217,2,57-175km,v,shift_2px,freq_l1,0.4281465709209442
217,2,57-175km,v,shift_2px,freq_l1_unweighted,0.5843933820724487
217,2,57-175km,v,shift_2px,melr,-9.413081869524831e-09
217,2,57-175km,v,shift_2px,swd,0.023872405290603638
217,3,114-359km,u,shift_2px,freq_l1,0.20880629122257233
217,3,114-359km,u,shift_2px,freq_l1_unweighted,0.27246519923210144
217,3,114-359km,u,shift_2px,melr,9.413077428632732e-09
217,3,114-359km,u,shift_2px,swd,0.017213527113199234
217,3,114-359km,v,shift_2px,freq_l1,0.27467361092567444
217,3,114-359km,v,shift_2px,freq_l1_unweighted,0.32407382130622864
217,3,114-359km,v,shift_2px,melr,-2.3532702453366028e-09
217,3,114-359km,v,shift_2px,swd,0.017125535756349564
217,4,>325km,u,shift_2px,freq_l1,0.04106311872601509
217,4,>325km,u,shift_2px,freq_l1_unweighted,0.05194995552301407
217,4,>325km,u,shift_2px,melr,-1.9378438825525196e-15
217,4,>325km,u,shift_2px,swd,0.018449552357196808
217,4,>325km,v,shift_2px,freq_l1,0.06243326514959335
217,4,>325km,v,shift_2px,freq_l1_unweighted,0.07556328177452087
217,4,>325km,v,shift_2px,melr,2.1179426212825092e-08
217,4,>325km,v,shift_2px,swd,0.015502242371439934
217,0,6-25km,u,shift_3px,freq_l1,0.697492778301239
217,0,6-25km,u,shift_3px,freq_l1_unweighted,1.3335696458816528
217,0,6-25km,u,shift_3px,melr,6.589154821767806e-08
217,0,6-25km,u,shift_3px,swd,0.09929174184799194
217,0,6-25km,v,shift_3px,freq_l1,0.8041566610336304
217,0,6-25km,v,shift_3px,freq_l1_unweighted,1.5261367559432983
217,0,6-25km,v,shift_3px,melr,2.353269756838472e-08
217,0,6-25km,v,shift_3px,swd,0.0673886314034462
217,1,28-86km,u,shift_3px,freq_l1,0.7223500609397888
217,1,28-86km,u,shift_3px,freq_l1_unweighted,1.2206965684890747
217,1,28-86km,u,shift_3px,melr,3.765231681995829e-08
217,1,28-86km,u,shift_3px,swd,0.05146070197224617
217,1,28-86km,v,shift_3px,freq_l1,0.856724739074707
217,1,28-86km,v,shift_3px,freq_l1_unweighted,1.4370641708374023
217,1,28-86km,v,shift_3px,melr,3.294577766155271e-08
217,1,28-86km,v,shift_3px,swd,0.03713497519493103
217,2,57-175km,u,shift_3px,freq_l1,0.506026566028595
217,2,57-175km,u,shift_3px,freq_l1_unweighted,0.7519725561141968
217,2,57-175km,u,shift_3px,melr,-4.706541378851625e-09
217,2,57-175km,u,shift_3px,swd,0.03332863375544548
217,2,57-175km,v,shift_3px,freq_l1,0.616817057132721
217,2,57-175km,v,shift_3px,freq_l1_unweighted,0.8568156957626343
217,2,57-175km,v,shift_3px,melr,-9.413081869524831e-09
217,2,57-175km,v,shift_3px,swd,0.030875155702233315
217,3,114-359km,u,shift_3px,freq_l1,0.31144359707832336
217,3,114-359km,u,shift_3px,freq_l1_unweighted,0.4067077338695526
217,3,114-359km,u,shift_3px,melr,2.353269756838472e-08
217,3,114-359km,u,shift_3px,swd,0.020945312455296516
217,3,114-359km,v,shift_3px,freq_l1,0.4085121154785156
217,3,114-359km,v,shift_3px,freq_l1_unweighted,0.4836042523384094
217,3,114-359km,v,shift_3px,melr,-4.7065409347624154e-09
217,3,114-359km,v,shift_3px,swd,0.019983604550361633
217,4,>325km,u,shift_3px,freq_l1,0.06184258684515953
217,4,>325km,u,shift_3px,freq_l1_unweighted,0.0778769701719284
217,4,>325km,u,shift_3px,melr,1.8826156633622304e-08
217,4,>325km,u,shift_3px,swd,0.024574222043156624
217,4,>325km,v,shift_3px,freq_l1,0.09400792419910431
217,4,>325km,v,shift_3px,freq_l1_unweighted,0.11324622482061386
217,4,>325km,v,shift_3px,melr,1.6472887054419516e-08
217,4,>325km,v,shift_3px,swd,0.020661471411585808
217,0,6-25km,u,blur_sigma0.5,freq_l1,0.05226074159145355
217,0,6-25km,u,blur_sigma0.5,freq_l1_unweighted,0.09547249972820282
217,0,6-25km,u,blur_sigma0.5,melr,-0.04290420189499855
217,0,6-25km,u,blur_sigma0.5,swd,0.05543636530637741
217,0,6-25km,v,blur_sigma0.5,freq_l1,0.06277564913034439
217,0,6-25km,v,blur_sigma0.5,freq_l1_unweighted,0.1254674643278122
217,0,6-25km,v,blur_sigma0.5,melr,-0.06689918786287308
217,0,6-25km,v,blur_sigma0.5,swd,0.08198291808366776
217,1,28-86km,u,blur_sigma0.5,freq_l1,0.014074367471039295
217,1,28-86km,u,blur_sigma0.5,freq_l1_unweighted,0.02020041085779667
217,1,28-86km,u,blur_sigma0.5,melr,-0.006497055292129517
217,1,28-86km,u,blur_sigma0.5,swd,0.005405303090810776
217,1,28-86km,v,blur_sigma0.5,freq_l1,0.016515271738171577
217,1,28-86km,v,blur_sigma0.5,freq_l1_unweighted,0.025615572929382324
217,1,28-86km,v,blur_sigma0.5,melr,-0.00967396143823862
217,1,28-86km,v,blur_sigma0.5,swd,0.007624179590493441
217,2,57-175km,u,blur_sigma0.5,freq_l1,0.0035897509660571814
217,2,57-175km,u,blur_sigma0.5,freq_l1_unweighted,0.004757452290505171
217,2,57-175km,u,blur_sigma0.5,melr,-0.001389969140291214
217,2,57-175km,u,blur_sigma0.5,swd,0.0014033406041562557
217,2,57-175km,v,blur_sigma0.5,freq_l1,0.004299847409129143
217,2,57-175km,v,blur_sigma0.5,freq_l1_unweighted,0.005992275662720203
217,2,57-175km,v,blur_sigma0.5,melr,-0.001862355275079608
217,2,57-175km,v,blur_sigma0.5,swd,0.0020925384014844894
217,3,114-359km,u,blur_sigma0.5,freq_l1,0.0009250743314623833
217,3,114-359km,u,blur_sigma0.5,freq_l1_unweighted,0.0012040199944749475
217,3,114-359km,u,blur_sigma0.5,melr,-0.00042576572741381824
217,3,114-359km,u,blur_sigma0.5,swd,0.0004863007925450802
217,3,114-359km,v,blur_sigma0.5,freq_l1,0.001156821264885366
217,3,114-359km,v,blur_sigma0.5,freq_l1_unweighted,0.0014772720169276
217,3,114-359km,v,blur_sigma0.5,melr,-0.00047970013110898435
217,3,114-359km,v,blur_sigma0.5,swd,0.000734934292268008
217,4,>325km,u,blur_sigma0.5,freq_l1,0.00010316957923350856
217,4,>325km,u,blur_sigma0.5,freq_l1_unweighted,0.00011397090565878898
217,4,>325km,u,blur_sigma0.5,melr,-5.339838389772922e-05
217,4,>325km,u,blur_sigma0.5,swd,0.00043464929331094027
217,4,>325km,v,blur_sigma0.5,freq_l1,0.00014768430264666677
217,4,>325km,v,blur_sigma0.5,freq_l1_unweighted,0.0001531819289084524
217,4,>325km,v,blur_sigma0.5,melr,-2.2921611162018962e-05
217,4,>325km,v,blur_sigma0.5,swd,0.0005475238431245089
217,0,6-25km,u,blur_sigma1,freq_l1,0.1565852016210556
217,0,6-25km,u,blur_sigma1,freq_l1_unweighted,0.29782241582870483
217,0,6-25km,u,blur_sigma1,melr,-0.12312114983797073
217,0,6-25km,u,blur_sigma1,swd,0.17089223861694336
217,0,6-25km,v,blur_sigma1,freq_l1,0.1873854547739029
217,0,6-25km,v,blur_sigma1,freq_l1_unweighted,0.38992565870285034
217,0,6-25km,v,blur_sigma1,melr,-0.19789506494998932
217,0,6-25km,v,blur_sigma1,swd,0.24999085068702698
217,1,28-86km,u,blur_sigma1,freq_l1,0.05902746692299843
217,1,28-86km,u,blur_sigma1,freq_l1_unweighted,0.08552071452140808
217,1,28-86km,u,blur_sigma1,melr,-0.027370644733309746
217,1,28-86km,u,blur_sigma1,swd,0.024353060871362686
217,1,28-86km,v,blur_sigma1,freq_l1,0.0689873993396759
217,1,28-86km,v,blur_sigma1,freq_l1_unweighted,0.10842666774988174
217,1,28-86km,v,blur_sigma1,melr,-0.0412122905254364
217,1,28-86km,v,blur_sigma1,swd,0.031467027962207794
217,2,57-175km,u,blur_sigma1,freq_l1,0.016028450801968575
217,2,57-175km,u,blur_sigma1,freq_l1_unweighted,0.021173983812332153
217,2,57-175km,u,blur_sigma1,melr,-0.006235012784600258
217,2,57-175km,u,blur_sigma1,swd,0.006852351129055023
217,2,57-175km,v,blur_sigma1,freq_l1,0.019089339300990105
217,2,57-175km,v,blur_sigma1,freq_l1_unweighted,0.02668965607881546
217,2,57-175km,v,blur_sigma1,melr,-0.008468381129205227
217,2,57-175km,v,blur_sigma1,swd,0.008192162960767746
217,3,114-359km,u,blur_sigma1,freq_l1,0.00407795887440443
217,3,114-359km,u,blur_sigma1,freq_l1_unweighted,0.005301020573824644
217,3,114-359km,u,blur_sigma1,melr,-0.001909795100800693
217,3,114-359km,u,blur_sigma1,swd,0.0018491612281650305
217,3,114-359km,v,blur_sigma1,freq_l1,0.005109698045998812
217,3,114-359km,v,blur_sigma1,freq_l1_unweighted,0.006557113956660032
217,3,114-359km,v,blur_sigma1,melr,-0.002209172584116459
217,3,114-359km,v,blur_sigma1,swd,0.0028392456006258726
217,4,>325km,u,blur_sigma1,freq_l1,0.0004360131861176342
217,4,>325km,u,blur_sigma1,freq_l1_unweighted,0.0004884570953436196
217,4,>325km,u,blur_sigma1,melr,-0.0002516146341804415
217,4,>325km,u,blur_sigma1,swd,0.0014776672469452024
217,4,>325km,v,blur_sigma1,freq_l1,0.0006281525711528957
217,4,>325km,v,blur_sigma1,freq_l1_unweighted,0.0006615816964767873
217,4,>325km,v,blur_sigma1,melr,-0.00013128285354468971
217,4,>325km,v,blur_sigma1,swd,0.002210769336670637
217,0,6-25km,u,blur_sigma2,freq_l1,0.2471226304769516
217,0,6-25km,u,blur_sigma2,freq_l1_unweighted,0.5012649893760681
217,0,6-25km,u,blur_sigma2,melr,-0.1941153109073639
217,0,6-25km,u,blur_sigma2,swd,0.2957001030445099
217,0,6-25km,v,blur_sigma2,freq_l1,0.2922383248806
217,0,6-25km,v,blur_sigma2,freq_l1_unweighted,0.6440582871437073
217,0,6-25km,v,blur_sigma2,melr,-0.31054404377937317
217,0,6-25km,v,blur_sigma2,swd,0.4153973162174225
217,1,28-86km,u,blur_sigma2,freq_l1,0.1672099530696869
217,1,28-86km,u,blur_sigma2,freq_l1_unweighted,0.25135084986686707
217,1,28-86km,u,blur_sigma2,melr,-0.08021220564842224
217,1,28-86km,u,blur_sigma2,swd,0.07210136950016022
217,1,28-86km,v,blur_sigma2,freq_l1,0.19453741610050201
217,1,28-86km,v,blur_sigma2,freq_l1_unweighted,0.31955185532569885
217,1,28-86km,v,blur_sigma2,melr,-0.12286648899316788
217,1,28-86km,v,blur_sigma2,swd,0.09654159843921661
217,2,57-175km,u,blur_sigma2,freq_l1,0.056919898837804794
217,2,57-175km,u,blur_sigma2,freq_l1_unweighted,0.0756385549902916
217,2,57-175km,u,blur_sigma2,melr,-0.022577745839953423
217,2,57-175km,u,blur_sigma2,swd,0.02313494123518467
217,2,57-175km,v,blur_sigma2,freq_l1,0.06781131029129028
217,2,57-175km,v,blur_sigma2,freq_l1_unweighted,0.0958433672785759
217,2,57-175km,v,blur_sigma2,melr,-0.03101630136370659
217,2,57-175km,v,blur_sigma2,swd,0.030336087569594383
217,3,114-359km,u,blur_sigma2,freq_l1,0.015082007274031639
217,3,114-359km,u,blur_sigma2,freq_l1_unweighted,0.01962113380432129
217,3,114-359km,u,blur_sigma2,melr,-0.007207276299595833
217,3,114-359km,u,blur_sigma2,swd,0.007909417152404785
217,3,114-359km,v,blur_sigma2,freq_l1,0.019307654350996017
217,3,114-359km,v,blur_sigma2,freq_l1_unweighted,0.02488984912633896
217,3,114-359km,v,blur_sigma2,melr,-0.008689772337675095
217,3,114-359km,v,blur_sigma2,swd,0.010841140523552895
217,4,>325km,u,blur_sigma2,freq_l1,0.00153198535554111
217,4,>325km,u,blur_sigma2,freq_l1_unweighted,0.0017629042267799377
217,4,>325km,u,blur_sigma2,melr,-0.0010072326986119151
217,4,>325km,u,blur_sigma2,swd,0.00425645150244236
217,4,>325km,v,blur_sigma2,freq_l1,0.0022589322179555893
217,4,>325km,v,blur_sigma2,freq_l1_unweighted,0.002462271833792329
217,4,>325km,v,blur_sigma2,melr,-0.0006570697296410799
217,4,>325km,v,blur_sigma2,swd,0.007903337478637695
4,0,6-25km,u,shift_2px,freq_l1,0.3646366596221924
4,0,6-25km,u,shift_2px,freq_l1_unweighted,0.6074092388153076
4,0,6-25km,u,shift_2px,melr,6.90292480953758e-08
4,0,6-25km,u,shift_2px,swd,0.02634008415043354
4,0,6-25km,v,shift_2px,freq_l1,0.3987601697444916
4,0,6-25km,v,shift_2px,freq_l1_unweighted,0.6758840680122375
4,0,6-25km,v,shift_2px,melr,4.745760406876798e-08
4,0,6-25km,v,shift_2px,swd,0.033602744340896606
4,1,28-86km,u,shift_2px,freq_l1,0.36526766419410706
4,1,28-86km,u,shift_2px,freq_l1_unweighted,0.4639340937137604
4,1,28-86km,u,shift_2px,melr,8.628656011921976e-09
4,1,28-86km,u,shift_2px,swd,0.008542089723050594
4,1,28-86km,v,shift_2px,freq_l1,0.38235023617744446
4,1,28-86km,v,shift_2px,freq_l1_unweighted,0.5090275406837463
4,1,28-86km,v,shift_2px,melr,4.314328005960988e-09
4,1,28-86km,v,shift_2px,swd,0.012992830947041512
4,2,57-175km,u,shift_2px,freq_l1,0.2294168472290039
4,2,57-175km,u,shift_2px,freq_l1_unweighted,0.26399534940719604
4,2,57-175km,u,shift_2px,melr,-5.921189641132699e-16
4,2,57-175km,u,shift_2px,swd,0.007473699748516083
4,2,57-175km,v,shift_2px,freq_l1,0.23793256282806396
4,2,57-175km,v,shift_2px,freq_l1_unweighted,0.281617671251297
4,2,57-175km,v,shift_2px,melr,-2.1571657793373333e-09
4,2,57-175km,v,shift_2px,swd,0.009359706193208694
4,3,114-359km,u,shift_2px,freq_l1,0.11980614811182022
4,3,114-359km,u,shift_2px,freq_l1_unweighted,0.13043375313282013
4,3,114-359km,u,shift_2px,melr,-1.725731557655763e-08
4,3,114-359km,u,shift_2px,swd,0.005380446556955576
4,3,114-359km,v,shift_2px,freq_l1,0.11825599521398544
4,3,114-359km,v,shift_2px,freq_l1_unweighted,0.12792645394802094
4,3,114-359km,v,shift_2px,melr,-4.314329782317827e-09
4,3,114-359km,v,shift_2px,swd,0.0061035421676933765
4,4,>325km,u,shift_2px,freq_l1,0.019257578998804092
4,4,>325km,u,shift_2px,freq_l1_unweighted,0.023580214008688927
4,4,>325km,u,shift_2px,melr,6.471491786896877e-09
4,4,>325km,u,shift_2px,swd,0.005773829761892557
4,4,>325km,v,shift_2px,freq_l1,0.030183404684066772
4,4,>325km,v,shift_2px,freq_l1_unweighted,0.031985536217689514
4,4,>325km,v,shift_2px,melr,-2.0724162420475466e-15
4,4,>325km,v,shift_2px,swd,0.0060608587227761745
4,0,6-25km,u,shift_3px,freq_l1,0.40368130803108215
4,0,6-25km,u,shift_3px,freq_l1_unweighted,0.6482166051864624
4,0,6-25km,u,shift_3px,melr,6.040059474798909e-08
4,0,6-25km,u,shift_3px,swd,0.025959229096770287
4,0,6-25km,v,shift_3px,freq_l1,0.4376727044582367
4,0,6-25km,v,shift_3px,freq_l1_unweighted,0.7085753083229065
4,0,6-25km,v,shift_3px,melr,4.314327739507462e-08
4,0,6-25km,v,shift_3px,swd,0.029925497248768806
4,1,28-86km,u,shift_3px,freq_l1,0.4727204740047455
4,1,28-86km,u,shift_3px,freq_l1_unweighted,0.6340558528900146
4,1,28-86km,u,shift_3px,melr,2.157163869753731e-08
4,1,28-86km,u,shift_3px,swd,0.012856374494731426
4,1,28-86km,v,shift_3px,freq_l1,0.48975297808647156
4,1,28-86km,v,shift_3px,freq_l1_unweighted,0.6946749091148376
4,1,28-86km,v,shift_3px,melr,2.157163869753731e-08
4,1,28-86km,v,shift_3px,swd,0.01572122424840927
4,2,57-175km,u,shift_3px,freq_l1,0.3303554952144623
4,2,57-175km,u,shift_3px,freq_l1_unweighted,0.38693881034851074
4,2,57-175km,u,shift_3px,melr,1.0785819348768655e-08
4,2,57-175km,u,shift_3px,swd,0.009428209625184536
4,2,57-175km,v,shift_3px,freq_l1,0.34146615862846375
4,2,57-175km,v,shift_3px,freq_l1_unweighted,0.412328839302063
4,2,57-175km,v,shift_3px,melr,-4.314331558674667e-09
4,2,57-175km,v,shift_3px,swd,0.012832988053560257
4,3,114-359km,u,shift_3px,freq_l1,0.1783066987991333
4,3,114-359km,u,shift_3px,freq_l1_unweighted,0.1945483535528183
4,3,114-359km,u,shift_3px,melr,-8.628657788278815e-09
4,3,114-359km,u,shift_3px,swd,0.006158584728837013
4,3,114-359km,v,shift_3px,freq_l1,0.17583657801151276
4,3,114-359km,v,shift_3px,freq_l1_unweighted,0.19062604010105133
4,3,114-359km,v,shift_3px,melr,-4.314330670496247e-09
4,3,114-359km,v,shift_3px,swd,0.008894057013094425
4,4,>325km,u,shift_3px,freq_l1,0.02889840118587017
4,4,>325km,u,shift_3px,freq_l1_unweighted,0.03534093126654625
4,4,>325km,u,shift_3px,melr,8.628653347386717e-09
4,4,>325km,u,shift_3px,swd,0.0068796188570559025
4,4,>325km,v,shift_3px,freq_l1,0.045300815254449844
4,4,>325km,v,shift_3px,freq_l1_unweighted,0.04794226586818695
4,4,>325km,v,shift_3px,melr,6.471490454629247e-09
4,4,>325km,v,shift_3px,swd,0.01015983335673809
4,0,6-25km,u,blur_sigma0.5,freq_l1,0.02990257926285267
4,0,6-25km,u,blur_sigma0.5,freq_l1_unweighted,0.05058804154396057
4,0,6-25km,u,blur_sigma0.5,melr,-0.06733233481645584
4,0,6-25km,u,blur_sigma0.5,swd,0.028408898040652275
4,0,6-25km,v,blur_sigma0.5,freq_l1,0.0341506265103817
4,0,6-25km,v,blur_sigma0.5,freq_l1_unweighted,0.05611222982406616
4,0,6-25km,v,blur_sigma0.5,melr,-0.06375718861818314
4,0,6-25km,v,blur_sigma0.5,swd,0.03524524345993996
4,1,28-86km,u,blur_sigma0.5,freq_l1,0.009075620211660862
4,1,28-86km,u,blur_sigma0.5,freq_l1_unweighted,0.012164253741502762
4,1,28-86km,u,blur_sigma0.5,melr,-0.011163354851305485
4,1,28-86km,u,blur_sigma0.5,swd,0.0035680453293025494
4,1,28-86km,v,blur_sigma0.5,freq_l1,0.00925819855183363
4,1,28-86km,v,blur_sigma0.5,freq_l1_unweighted,0.012565107084810734
4,1,28-86km,v,blur_sigma0.5,melr,-0.010418861173093319
4,1,28-86km,v,blur_sigma0.5,swd,0.003688727505505085
4,2,57-175km,u,blur_sigma0.5,freq_l1,0.002490837825462222
4,2,57-175km,u,blur_sigma0.5,freq_l1_unweighted,0.0030893580988049507
4,2,57-175km,u,blur_sigma0.5,melr,-0.002493604552000761
4,2,57-175km,u,blur_sigma0.5,swd,0.0010607807198539376
4,2,57-175km,v,blur_sigma0.5,freq_l1,0.002477020025253296
4,2,57-175km,v,blur_sigma0.5,freq_l1_unweighted,0.0031094627920538187
4,2,57-175km,v,blur_sigma0.5,melr,-0.002311412710696459
4,2,57-175km,v,blur_sigma0.5,swd,0.0009648666018620133
4,3,114-359km,u,blur_sigma0.5,freq_l1,0.000623145024292171
4,3,114-359km,u,blur_sigma0.5,freq_l1_unweighted,0.0007687711040489376
4,3,114-359km,u,blur_sigma0.5,melr,-0.0006358930841088295
4,3,114-359km,u,blur_sigma0.5,swd,0.0003343335702084005
4,3,114-359km,v,blur_sigma0.5,freq_l1,0.0006028064526617527
4,3,114-359km,v,blur_sigma0.5,freq_l1_unweighted,0.0007158000371418893
4,3,114-359km,v,blur_sigma0.5,melr,-0.000517953943926841
4,3,114-359km,v,blur_sigma0.5,swd,0.00028734226361848414
4,4,>325km,u,blur_sigma0.5,freq_l1,5.236438664724119e-05
4,4,>325km,u,blur_sigma0.5,freq_l1_unweighted,6.028836651239544e-05
4,4,>325km,u,blur_sigma0.5,melr,-5.1261788030387834e-05
4,4,>325km,u,blur_sigma0.5,swd,0.00021234860469121486
4,4,>325km,v,blur_sigma0.5,freq_l1,6.0681606555590406e-05
4,4,>325km,v,blur_sigma0.5,freq_l1_unweighted,6.295064667938277e-05
4,4,>325km,v,blur_sigma0.5,melr,-5.198296275921166e-05
4,4,>325km,v,blur_sigma0.5,swd,0.00024598141317255795
4,0,6-25km,u,blur_sigma1,freq_l1,0.0910048857331276
4,0,6-25km,u,blur_sigma1,freq_l1_unweighted,0.16044558584690094
4,0,6-25km,u,blur_sigma1,melr,-0.2109098881483078
4,0,6-25km,u,blur_sigma1,swd,0.09557801485061646
4,0,6-25km,v,blur_sigma1,freq_l1,0.10200086981058121
4,0,6-25km,v,blur_sigma1,freq_l1_unweighted,0.17513523995876312
4,0,6-25km,v,blur_sigma1,melr,-0.19337277114391327
4,0,6-25km,v,blur_sigma1,swd,0.10431256890296936
4,1,28-86km,u,blur_sigma1,freq_l1,0.03820371255278587
4,1,28-86km,u,blur_sigma1,freq_l1_unweighted,0.05177444592118263
4,1,28-86km,u,blur_sigma1,melr,-0.04786110296845436
4,1,28-86km,u,blur_sigma1,swd,0.014431728981435299
4,1,28-86km,v,blur_sigma1,freq_l1,0.038925934582948685
4,1,28-86km,v,blur_sigma1,freq_l1_unweighted,0.05346204340457916
4,1,28-86km,v,blur_sigma1,melr,-0.044576868414878845
4,1,28-86km,v,blur_sigma1,swd,0.016642801463603973
4,2,57-175km,u,blur_sigma1,freq_l1,0.011103302240371704
4,2,57-175km,u,blur_sigma1,freq_l1_unweighted,0.013831048272550106
4,2,57-175km,u,blur_sigma1,melr,-0.011300880461931229
4,2,57-175km,u,blur_sigma1,swd,0.004863463807851076
4,2,57-175km,v,blur_sigma1,freq_l1,0.011072096414864063
4,2,57-175km,v,blur_sigma1,freq_l1_unweighted,0.013919360004365444
4,2,57-175km,v,blur_sigma1,melr,-0.010483223013579845
4,2,57-175km,v,blur_sigma1,swd,0.004647362977266312
4,3,114-359km,u,blur_sigma1,freq_l1,0.0027522314339876175
4,3,114-359km,u,blur_sigma1,freq_l1_unweighted,0.0034376077819615602
4,3,114-359km,u,blur_sigma1,melr,-0.002928134985268116
4,3,114-359km,u,blur_sigma1,swd,0.0015118978917598724
4,3,114-359km,v,blur_sigma1,freq_l1,0.002704172395169735
4,3,114-359km,v,blur_sigma1,freq_l1_unweighted,0.003213767893612385
4,3,114-359km,v,blur_sigma1,melr,-0.0023755074944347143
4,3,114-359km,v,blur_sigma1,swd,0.0011982494033873081
4,4,>325km,u,blur_sigma1,freq_l1,0.00021427590399980545
4,4,>325km,u,blur_sigma1,freq_l1_unweighted,0.00025713967625051737
4,4,>325km,u,blur_sigma1,melr,-0.00024178350577130914
4,4,>325km,u,blur_sigma1,swd,0.0009051836095750332
4,4,>325km,v,blur_sigma1,freq_l1,0.0002607783244457096
4,4,>325km,v,blur_sigma1,freq_l1_unweighted,0.0002752724976744503
4,4,>325km,v,blur_sigma1,melr,-0.00024279450008179992
4,4,>325km,v,blur_sigma1,swd,0.0007408881792798638
4,0,6-25km,u,blur_sigma2,freq_l1,0.14751116931438446
4,0,6-25km,u,blur_sigma2,freq_l1_unweighted,0.27800682187080383
4,0,6-25km,u,blur_sigma2,melr,-0.3589203655719757
4,0,6-25km,u,blur_sigma2,swd,0.1604403853416443
4,0,6-25km,v,blur_sigma2,freq_l1,0.15994232892990112
4,0,6-25km,v,blur_sigma2,freq_l1_unweighted,0.2946169674396515
4,0,6-25km,v,blur_sigma2,melr,-0.32224491238594055
4,0,6-25km,v,blur_sigma2,swd,0.19701844453811646
4,1,28-86km,u,blur_sigma2,freq_l1,0.10944854468107224
4,1,28-86km,u,blur_sigma2,freq_l1_unweighted,0.15408866107463837
4,1,28-86km,u,blur_sigma2,melr,-0.14591056108474731
4,1,28-86km,u,blur_sigma2,swd,0.04352521523833275
4,1,28-86km,v,blur_sigma2,freq_l1,0.11117058992385864
4,1,28-86km,v,blur_sigma2,freq_l1_unweighted,0.1590811163187027
4,1,28-86km,v,blur_sigma2,melr,-0.13514681160449982
4,1,28-86km,v,blur_sigma2,swd,0.049115587025880814
4,2,57-175km,u,blur_sigma2,freq_l1,0.03942108526825905
4,2,57-175km,u,blur_sigma2,freq_l1_unweighted,0.049776315689086914
4,2,57-175km,u,blur_sigma2,melr,-0.041555147618055344
4,2,57-175km,u,blur_sigma2,swd,0.017329739406704903
4,2,57-175km,v,blur_sigma2,freq_l1,0.03942304849624634
4,2,57-175km,v,blur_sigma2,freq_l1_unweighted,0.05007341504096985
4,2,57-175km,v,blur_sigma2,melr,-0.03861737996339798
4,2,57-175km,v,blur_sigma2,swd,0.01740478351712227
4,3,114-359km,u,blur_sigma2,freq_l1,0.01024385541677475
4,3,114-359km,u,blur_sigma2,freq_l1_unweighted,0.012987770140171051
4,3,114-359km,u,blur_sigma2,melr,-0.011374467052519321
4,3,114-359km,u,blur_sigma2,swd,0.006149154622107744
4,3,114-359km,v,blur_sigma2,freq_l1,0.010223202407360077
4,3,114-359km,v,blur_sigma2,freq_l1_unweighted,0.01220258790999651
4,3,114-359km,v,blur_sigma2,melr,-0.009282242506742477
4,3,114-359km,v,blur_sigma2,swd,0.005710072815418243
4,4,>325km,u,blur_sigma2,freq_l1,0.0007442294154316187
4,4,>325km,u,blur_sigma2,freq_l1_unweighted,0.0009315413772128522
4,4,>325km,u,blur_sigma2,melr,-0.0009681721567176282
4,4,>325km,u,blur_sigma2,swd,0.003290619468316436
4,4,>325km,v,blur_sigma2,freq_l1,0.0009548794478178024
4,4,>325km,v,blur_sigma2,freq_l1_unweighted,0.0010409955866634846
4,4,>325km,v,blur_sigma2,melr,-0.0010019949404522777
4,4,>325km,v,blur_sigma2,swd,0.0030344268307089806
151,0,6-25km,u,shift_2px,freq_l1,0.6602551937103271
151,0,6-25km,u,shift_2px,freq_l1_unweighted,1.3157522678375244
151,0,6-25km,u,shift_2px,melr,1.7921054862313213e-08
151,0,6-25km,u,shift_2px,swd,0.09457558393478394
151,0,6-25km,v,shift_2px,freq_l1,0.6243988871574402
151,0,6-25km,v,shift_2px,freq_l1_unweighted,1.2896462678909302
151,0,6-25km,v,shift_2px,melr,4.778947726435945e-08
151,0,6-25km,v,shift_2px,swd,0.1053183451294899
151,1,28-86km,u,shift_2px,freq_l1,0.6368058919906616
151,1,28-86km,u,shift_2px,freq_l1_unweighted,0.931816816329956
151,1,28-86km,u,shift_2px,melr,1.1947369316089862e-08
151,1,28-86km,u,shift_2px,swd,0.03137324005365372
151,1,28-86km,v,shift_2px,freq_l1,0.6162131428718567
151,1,28-86km,v,shift_2px,freq_l1_unweighted,0.9476171135902405
151,1,28-86km,v,shift_2px,melr,2.190351011677194e-08
151,1,28-86km,v,shift_2px,swd,0.03390907123684883
151,2,57-175km,u,shift_2px,freq_l1,0.3819085657596588
151,2,57-175km,u,shift_2px,freq_l1_unweighted,0.4834922254085541
151,2,57-175km,u,shift_2px,melr,-1.792106019138373e-08
151,2,57-175km,u,shift_2px,swd,0.023101555183529854
151,2,57-175km,v,shift_2px,freq_l1,0.38615700602531433
151,2,57-175km,v,shift_2px,freq_l1_unweighted,0.5106839537620544
151,2,57-175km,v,shift_2px,melr,-9.956145241574177e-09
151,2,57-175km,v,shift_2px,swd,0.03192643076181412
151,3,114-359km,u,shift_2px,freq_l1,0.20784923434257507
151,3,114-359km,u,shift_2px,freq_l1_unweighted,0.23212052881717682
151,3,114-359km,u,shift_2px,melr,-8.198570068723894e-16
151,3,114-359km,u,shift_2px,swd,0.011089070700109005
151,3,114-359km,v,shift_2px,freq_l1,0.21928812563419342
151,3,114-359km,v,shift_2px,freq_l1_unweighted,0.24656817317008972
151,3,114-359km,v,shift_2px,melr,-8.198570068723894e-16
151,3,114-359km,v,shift_2px,swd,0.018883612006902695
151,4,>325km,u,shift_2px,freq_l1,0.03776674345135689
151,4,>325km,u,shift_2px,freq_l1_unweighted,0.045812271535396576
151,4,>325km,u,shift_2px,melr,2.787719566299529e-08
151,4,>325km,u,shift_2px,swd,0.011945472098886967
151,4,>325km,v,shift_2px,freq_l1,0.05423341318964958
151,4,>325km,v,shift_2px,freq_l1_unweighted,0.06017208471894264
151,4,>325km,v,shift_2px,melr,5.973682437598882e-09
151,4,>325km,v,shift_2px,swd,0.020074186846613884
151,0,6-25km,u,shift_3px,freq_l1,0.7472168207168579
151,0,6-25km,u,shift_3px,freq_l1_unweighted,1.38641357421875
151,0,6-25km,u,shift_3px,melr,1.592982457054859e-08
151,0,6-25km,u,shift_3px,swd,0.07515077292919159
151,0,6-25km,v,shift_3px,freq_l1,0.7043095231056213
151,0,6-25km,v,shift_3px,freq_l1_unweighted,1.3411023616790771
151,0,6-25km,v,shift_3px,melr,5.575439132599058e-08
151,0,6-25km,v,shift_3px,swd,0.1037246510386467
151,1,28-86km,u,shift_3px,freq_l1,0.8138295412063599
151,1,28-86km,u,shift_3px,freq_l1_unweighted,1.2672083377838135
151,1,28-86km,u,shift_3px,melr,3.9824563202728314e-08
151,1,28-86km,u,shift_3px,swd,0.034309450536966324
151,1,28-86km,v,shift_3px,freq_l1,0.7884703874588013
151,1,28-86km,v,shift_3px,freq_l1_unweighted,1.2892875671386719
151,1,28-86km,v,shift_3px,melr,2.787719566299529e-08
151,1,28-86km,v,shift_3px,swd,0.05475770682096481
151,2,57-175km,u,shift_3px,freq_l1,0.5461856722831726
151,2,57-175km,u,shift_3px,freq_l1_unweighted,0.7077271342277527
151,2,57-175km,u,shift_3px,melr,-1.194737286880354e-08
151,2,57-175km,u,shift_3px,swd,0.02556491270661354
151,2,57-175km,v,shift_3px,freq_l1,0.553935170173645
151,2,57-175km,v,shift_3px,freq_l1_unweighted,0.7481410503387451
151,2,57-175km,v,shift_3px,melr,-5.9736890989370295e-09
151,2,57-175km,v,shift_3px,swd,0.040295060724020004
151,3,114-359km,u,shift_3px,freq_l1,0.30801787972450256
151,3,114-359km,u,shift_3px,freq_l1_unweighted,0.3463098406791687
151,3,114-359km,u,shift_3px,melr,1.9912280713185737e-09
151,3,114-359km,u,shift_3px,swd,0.014365374110639095
151,3,114-359km,v,shift_3px,freq_l1,0.32535213232040405
151,3,114-359km,v,shift_3px,freq_l1_unweighted,0.36793285608291626
151,3,114-359km,v,shift_3px,melr,-1.194737286880354e-08
151,3,114-359km,v,shift_3px,swd,0.022884245961904526
151,4,>325km,u,shift_3px,freq_l1,0.056733231991529465
151,4,>325km,u,shift_3px,freq_l1_unweighted,0.06867273151874542
151,4,>325km,u,shift_3px,melr,1.9912279825007317e-08
151,4,>325km,u,shift_3px,swd,0.017214270308613777
151,4,>325km,v,shift_3px,freq_l1,0.08125048130750656
151,4,>325km,v,shift_3px,freq_l1_unweighted,0.09019883722066879
151,4,>325km,v,shift_3px,melr,2.190351011677194e-08
151,4,>325km,v,shift_3px,swd,0.028102470561861992
151,0,6-25km,u,blur_sigma0.5,freq_l1,0.05520666390657425
151,0,6-25km,u,blur_sigma0.5,freq_l1_unweighted,0.11477984488010406
151,0,6-25km,u,blur_sigma0.5,melr,-0.0831821858882904
151,0,6-25km,u,blur_sigma0.5,swd,0.06685440242290497
151,0,6-25km,v,blur_sigma0.5,freq_l1,0.05186184495687485
151,0,6-25km,v,blur_sigma0.5,freq_l1_unweighted,0.10008417069911957
151,0,6-25km,v,blur_sigma0.5,melr,-0.05934206768870354
151,0,6-25km,v,blur_sigma0.5,swd,0.06582511961460114
151,1,28-86km,u,blur_sigma0.5,freq_l1,0.015748273581266403
151,1,28-86km,u,blur_sigma0.5,freq_l1_unweighted,0.023606784641742706
151,1,28-86km,u,blur_sigma0.5,melr,-0.011725242249667645
151,1,28-86km,u,blur_sigma0.5,swd,0.006680674385279417
151,1,28-86km,v,blur_sigma0.5,freq_l1,0.014815008267760277
151,1,28-86km,v,blur_sigma0.5,freq_l1_unweighted,0.021603818982839584
151,1,28-86km,v,blur_sigma0.5,melr,-0.008672788739204407
151,1,28-86km,v,blur_sigma0.5,swd,0.006353153847157955
151,2,57-175km,u,blur_sigma0.5,freq_l1,0.004150927998125553
151,2,57-175km,u,blur_sigma0.5,freq_l1_unweighted,0.005355637986212969
151,2,57-175km,u,blur_sigma0.5,melr,-0.0021292995661497116
151,2,57-175km,u,blur_sigma0.5,swd,0.0016732305521145463
151,2,57-175km,v,blur_sigma0.5,freq_l1,0.003898975905030966
151,2,57-175km,v,blur_sigma0.5,freq_l1_unweighted,0.0049995253793895245
151,2,57-175km,v,blur_sigma0.5,melr,-0.0016528920968994498
151,2,57-175km,v,blur_sigma0.5,swd,0.0018312684260308743
151,3,114-359km,u,blur_sigma0.5,freq_l1,0.000992990448139608
151,3,114-359km,u,blur_sigma0.5,freq_l1_unweighted,0.001157578662969172
151,3,114-359km,u,blur_sigma0.5,melr,-0.00044570217141881585
151,3,114-359km,u,blur_sigma0.5,swd,0.0004945522523485124
151,3,114-359km,v,blur_sigma0.5,freq_l1,0.000941797683481127
151,3,114-359km,v,blur_sigma0.5,freq_l1_unweighted,0.0010954210301861167
151,3,114-359km,v,blur_sigma0.5,melr,-0.000355292548192665
151,3,114-359km,v,blur_sigma0.5,swd,0.0004193551139906049
151,4,>325km,u,blur_sigma0.5,freq_l1,7.678506517549977e-05
151,4,>325km,u,blur_sigma0.5,freq_l1_unweighted,9.071241220226511e-05
151,4,>325km,u,blur_sigma0.5,melr,-4.648743197321892e-05
151,4,>325km,u,blur_sigma0.5,swd,0.0003192703297827393
151,4,>325km,v,blur_sigma0.5,freq_l1,9.581594349583611e-05
151,4,>325km,v,blur_sigma0.5,freq_l1_unweighted,0.00010023038339568302
151,4,>325km,v,blur_sigma0.5,melr,-3.941832255804911e-05
151,4,>325km,v,blur_sigma0.5,swd,0.0003205339307896793
151,0,6-25km,u,blur_sigma1,freq_l1,0.16551780700683594
151,0,6-25km,u,blur_sigma1,freq_l1_unweighted,0.3558942973613739
151,0,6-25km,u,blur_sigma1,melr,-0.2536258399486542
151,0,6-25km,u,blur_sigma1,swd,0.2095821499824524
151,0,6-25km,v,blur_sigma1,freq_l1,0.1562567502260208
151,0,6-25km,v,blur_sigma1,freq_l1_unweighted,0.31378015875816345
151,0,6-25km,v,blur_sigma1,melr,-0.17516319453716278
151,0,6-25km,v,blur_sigma1,swd,0.19763484597206116
151,1,28-86km,u,blur_sigma1,freq_l1,0.06595443934202194
151,1,28-86km,u,blur_sigma1,freq_l1_unweighted,0.09989146143198013
151,1,28-86km,u,blur_sigma1,melr,-0.04995777830481529
151,1,28-86km,u,blur_sigma1,swd,0.02874826453626156
151,1,28-86km,v,blur_sigma1,freq_l1,0.062131937593221664
151,1,28-86km,v,blur_sigma1,freq_l1_unweighted,0.09149563312530518
151,1,28-86km,v,blur_sigma1,melr,-0.03654457628726959
151,1,28-86km,v,blur_sigma1,swd,0.028152046725153923
151,2,57-175km,u,blur_sigma1,freq_l1,0.018451834097504616
151,2,57-175km,u,blur_sigma1,freq_l1_unweighted,0.02382563427090645
151,2,57-175km,u,blur_sigma1,melr,-0.009648443199694157
151,2,57-175km,u,blur_sigma1,swd,0.007490439806133509
151,2,57-175km,v,blur_sigma1,freq_l1,0.017364131286740303
151,2,57-175km,v,blur_sigma1,freq_l1_unweighted,0.02228587679564953
151,2,57-175km,v,blur_sigma1,melr,-0.007447566371411085
151,2,57-175km,v,blur_sigma1,swd,0.006855230778455734
151,3,114-359km,u,blur_sigma1,freq_l1,0.004350334405899048
151,3,114-359km,u,blur_sigma1,freq_l1_unweighted,0.005084865726530552
151,3,114-359km,u,blur_sigma1,melr,-0.002071614842861891
151,3,114-359km,u,blur_sigma1,swd,0.0020785548258572817
151,3,114-359km,v,blur_sigma1,freq_l1,0.004199743736535311
151,3,114-359km,v,blur_sigma1,freq_l1_unweighted,0.004876640159636736
151,3,114-359km,v,blur_sigma1,melr,-0.0016163226682692766
151,3,114-359km,v,blur_sigma1,swd,0.0021240885835140944
151,4,>325km,u,blur_sigma1,freq_l1,0.00032305889180861413
151,4,>325km,u,blur_sigma1,freq_l1_unweighted,0.0003897074784617871
151,4,>325km,u,blur_sigma1,melr,-0.0002052672061836347
151,4,>325km,u,blur_sigma1,swd,0.0010206778533756733
151,4,>325km,v,blur_sigma1,freq_l1,0.00040665033156983554
151,4,>325km,v,blur_sigma1,freq_l1_unweighted,0.0004308871575631201
151,4,>325km,v,blur_sigma1,melr,-0.00017518506501801312
151,4,>325km,v,blur_sigma1,swd,0.0011465594870969653
151,0,6-25km,u,blur_sigma2,freq_l1,0.26383429765701294
151,0,6-25km,u,blur_sigma2,freq_l1_unweighted,0.5922159552574158
151,0,6-25km,u,blur_sigma2,melr,-0.40937361121177673
151,0,6-25km,u,blur_sigma2,swd,0.3569927513599396
151,0,6-25km,v,blur_sigma2,freq_l1,0.2473524957895279
151,0,6-25km,v,blur_sigma2,freq_l1_unweighted,0.5260239839553833
151,0,6-25km,v,blur_sigma2,melr,-0.27274563908576965
151,0,6-25km,v,blur_sigma2,swd,0.341190904378891
151,1,28-86km,u,blur_sigma2,freq_l1,0.18650969862937927
151,1,28-86km,u,blur_sigma2,freq_l1_unweighted,0.2931479513645172
151,1,28-86km,u,blur_sigma2,melr,-0.14840665459632874
151,1,28-86km,u,blur_sigma2,swd,0.08268354088068008
151,1,28-86km,v,blur_sigma2,freq_l1,0.17644348740577698
151,1,28-86km,v,blur_sigma2,freq_l1_unweighted,0.2692987024784088
151,1,28-86km,v,blur_sigma2,melr,-0.105992391705513
151,1,28-86km,v,blur_sigma2,swd,0.08345837891101837
151,2,57-175km,u,blur_sigma2,freq_l1,0.06522960215806961
151,2,57-175km,u,blur_sigma2,freq_l1_unweighted,0.08497917652130127
151,2,57-175km,u,blur_sigma2,melr,-0.034894250333309174
151,2,57-175km,u,blur_sigma2,swd,0.024949654936790466
151,2,57-175km,v,blur_sigma2,freq_l1,0.0615493468940258
151,2,57-175km,v,blur_sigma2,freq_l1_unweighted,0.07970631867647171
151,2,57-175km,v,blur_sigma2,melr,-0.026875771582126617
151,2,57-175km,v,blur_sigma2,swd,0.026807907968759537
151,3,114-359km,u,blur_sigma2,freq_l1,0.016124164685606956
151,3,114-359km,u,blur_sigma2,freq_l1_unweighted,0.01892906054854393
151,3,114-359km,u,blur_sigma2,melr,-0.008081949315965176
151,3,114-359km,u,blur_sigma2,swd,0.00817987509071827
151,3,114-359km,v,blur_sigma2,freq_l1,0.015778062865138054
151,3,114-359km,v,blur_sigma2,freq_l1_unweighted,0.01838107779622078
151,3,114-359km,v,blur_sigma2,melr,-0.00626510102301836
151,3,114-359km,v,blur_sigma2,swd,0.006684980355203152
151,4,>325km,u,blur_sigma2,freq_l1,0.0011495104990899563
151,4,>325km,u,blur_sigma2,freq_l1_unweighted,0.0014139259001240134
151,4,>325km,u,blur_sigma2,melr,-0.000738931295927614
151,4,>325km,u,blur_sigma2,swd,0.0030238479375839233
151,4,>325km,v,blur_sigma2,freq_l1,0.0014995604287832975
151,4,>325km,v,blur_sigma2,freq_l1_unweighted,0.0016126413829624653
151,4,>325km,v,blur_sigma2,melr,-0.0006805896991863847
151,4,>325km,v,blur_sigma2,swd,0.004885610658675432
97,0,6-25km,u,shift_2px,freq_l1,0.41305965185165405
97,0,6-25km,u,shift_2px,freq_l1_unweighted,0.710665225982666
97,0,6-25km,u,shift_2px,melr,0.0
97,0,6-25km,u,shift_2px,swd,0.023694107308983803
97,0,6-25km,v,shift_2px,freq_l1,0.4447411000728607
97,0,6-25km,v,shift_2px,freq_l1_unweighted,0.8593807220458984
97,0,6-25km,v,shift_2px,melr,2.5885967147587507e-08
97,0,6-25km,v,shift_2px,swd,0.06725875288248062
97,1,28-86km,u,shift_2px,freq_l1,0.41541245579719543
97,1,28-86km,u,shift_2px,freq_l1_unweighted,0.5416828393936157
97,1,28-86km,u,shift_2px,melr,-1.2942986238329013e-08
97,1,28-86km,u,shift_2px,swd,0.008412139490246773
97,1,28-86km,v,shift_2px,freq_l1,0.45691102743148804
97,1,28-86km,v,shift_2px,freq_l1_unweighted,0.6533825993537903
97,1,28-86km,v,shift_2px,melr,5.1771934295175015e-08
97,1,28-86km,v,shift_2px,swd,0.026195639744400978
97,2,57-175km,u,shift_2px,freq_l1,0.25567522644996643
97,2,57-175km,u,shift_2px,freq_l1_unweighted,0.3108953833580017
97,2,57-175km,u,shift_2px,melr,-1.941447891340431e-08
97,2,57-175km,u,shift_2px,swd,0.005997533444315195
97,2,57-175km,v,shift_2px,freq_l1,0.29485177993774414
97,2,57-175km,v,shift_2px,freq_l1_unweighted,0.3755798637866974
97,2,57-175km,v,shift_2px,melr,-6.471495339610556e-09
97,2,57-175km,v,shift_2px,swd,0.018237046897411346
97,3,114-359km,u,shift_2px,freq_l1,0.13201038539409637
97,3,114-359km,u,shift_2px,freq_l1_unweighted,0.15469861030578613
97,3,114-359km,u,shift_2px,melr,3.882895072138126e-08
97,3,114-359km,u,shift_2px,swd,0.004869658034294844
97,3,114-359km,v,shift_2px,freq_l1,0.18489845097064972
97,3,114-359km,v,shift_2px,freq_l1_unweighted,0.20074781775474548
97,3,114-359km,v,shift_2px,melr,-1.2942984461972173e-08
97,3,114-359km,v,shift_2px,swd,0.012400470674037933
97,4,>325km,u,shift_2px,freq_l1,0.02493247389793396
97,4,>325km,u,shift_2px,freq_l1_unweighted,0.02616826817393303
97,4,>325km,u,shift_2px,melr,-2.5885972476658026e-08
97,4,>325km,u,shift_2px,swd,0.006214620545506477
97,4,>325km,v,shift_2px,freq_l1,0.027075782418251038
97,4,>325km,v,shift_2px,freq_l1_unweighted,0.03215956315398216
97,4,>325km,v,shift_2px,melr,-3.235746603991174e-08
97,4,>325km,v,shift_2px,swd,0.008278668858110905
97,0,6-25km,u,shift_3px,freq_l1,0.45922568440437317
97,0,6-25km,u,shift_3px,freq_l1_unweighted,0.753794252872467
97,0,6-25km,u,shift_3px,melr,2.5885967147587507e-08
97,0,6-25km,u,shift_3px,swd,0.026596281677484512
97,0,6-25km,v,shift_3px,freq_l1,0.5029726028442383
97,0,6-25km,v,shift_3px,freq_l1_unweighted,0.9066411256790161
97,0,6-25km,v,shift_3px,melr,3.882895072138126e-08
97,0,6-25km,v,shift_3px,swd,0.05742448568344116
97,1,28-86km,u,shift_3px,freq_l1,0.5300900936126709
97,1,28-86km,u,shift_3px,freq_l1_unweighted,0.7361695170402527
97,1,28-86km,u,shift_3px,melr,-1.2942986238329013e-08
97,1,28-86km,u,shift_3px,swd,0.008668805472552776
97,1,28-86km,v,shift_3px,freq_l1,0.5856623649597168
97,1,28-86km,v,shift_3px,freq_l1_unweighted,0.8912366628646851
97,1,28-86km,v,shift_3px,melr,3.882895072138126e-08
97,1,28-86km,v,shift_3px,swd,0.030474308878183365
97,2,57-175km,u,shift_3px,freq_l1,0.36590972542762756
97,2,57-175km,u,shift_3px,freq_l1_unweighted,0.4545392394065857
97,2,57-175km,u,shift_3px,melr,-3.235746603991174e-08
97,2,57-175km,u,shift_3px,swd,0.00717182969674468
97,2,57-175km,v,shift_3px,freq_l1,0.42265403270721436
97,2,57-175km,v,shift_3px,freq_l1_unweighted,0.5504221320152283
97,2,57-175km,v,shift_3px,melr,-1.2942986238329013e-08
97,2,57-175km,v,shift_3px,swd,0.02852952852845192
97,3,114-359km,u,shift_3px,freq_l1,0.19585782289505005
97,3,114-359km,u,shift_3px,freq_l1_unweighted,0.23050087690353394
97,3,114-359km,u,shift_3px,melr,2.5885967147587507e-08
97,3,114-359km,u,shift_3px,swd,0.005715122912079096
97,3,114-359km,v,shift_3px,freq_l1,0.2739987373352051
97,3,114-359km,v,shift_3px,freq_l1_unweighted,0.2992957830429077
97,3,114-359km,v,shift_3px,melr,-2.5885970700301186e-08
97,3,114-359km,v,shift_3px,swd,0.015198316425085068
97,4,>325km,u,shift_3px,freq_l1,0.03735881298780441
97,4,>325km,u,shift_3px,freq_l1_unweighted,0.03921091929078102
97,4,>325km,u,shift_3px,melr,-2.5885972476658026e-08
97,4,>325km,u,shift_3px,swd,0.008186517283320427
97,4,>325km,v,shift_3px,freq_l1,0.04065074026584625
97,4,>325km,v,shift_3px,freq_l1_unweighted,0.04817604273557663
97,4,>325km,v,shift_3px,melr,-1.941447891340431e-08
97,4,>325km,v,shift_3px,swd,0.011030414141714573
97,0,6-25km,u,blur_sigma0.5,freq_l1,0.03473706915974617
97,0,6-25km,u,blur_sigma0.5,freq_l1_unweighted,0.06610468029975891
97,0,6-25km,u,blur_sigma0.5,melr,-0.09543273597955704
97,0,6-25km,u,blur_sigma0.5,swd,0.03958902135491371
97,0,6-25km,v,blur_sigma0.5,freq_l1,0.03606267273426056
97,0,6-25km,v,blur_sigma0.5,freq_l1_unweighted,0.07132244855165482
97,0,6-25km,v,blur_sigma0.5,melr,-0.07511615753173828
97,0,6-25km,v,blur_sigma0.5,swd,0.046828385442495346
97,1,28-86km,u,blur_sigma0.5,freq_l1,0.01041811890900135
97,1,28-86km,u,blur_sigma0.5,freq_l1_unweighted,0.014603164047002792
97,1,28-86km,u,blur_sigma0.5,melr,-0.013232799246907234
97,1,28-86km,u,blur_sigma0.5,swd,0.004250649828463793
97,1,28-86km,v,blur_sigma0.5,freq_l1,0.010965480469167233
97,1,28-86km,v,blur_sigma0.5,freq_l1_unweighted,0.015508102253079414
97,1,28-86km,v,blur_sigma0.5,melr,-0.010032088495790958
97,1,28-86km,v,blur_sigma0.5,swd,0.004674369003623724
97,2,57-175km,u,blur_sigma0.5,freq_l1,0.0027988096699118614
97,2,57-175km,u,blur_sigma0.5,freq_l1_unweighted,0.003699879627674818
97,2,57-175km,u,blur_sigma0.5,melr,-0.003051149658858776
97,2,57-175km,u,blur_sigma0.5,swd,0.001180265680886805
97,2,57-175km,v,blur_sigma0.5,freq_l1,0.002915466669946909
97,2,57-175km,v,blur_sigma0.5,freq_l1_unweighted,0.003816914511844516
97,2,57-175km,v,blur_sigma0.5,melr,-0.002299230545759201
97,2,57-175km,v,blur_sigma0.5,swd,0.0012118509039282799
97,3,114-359km,u,blur_sigma0.5,freq_l1,0.0006934164557605982
97,3,114-359km,u,blur_sigma0.5,freq_l1_unweighted,0.0009120904724113643
97,3,114-359km,u,blur_sigma0.5,melr,-0.0007685619057156146
97,3,114-359km,u,blur_sigma0.5,swd,0.0004543370450846851
97,3,114-359km,v,blur_sigma0.5,freq_l1,0.0007651200867258012
97,3,114-359km,v,blur_sigma0.5,freq_l1_unweighted,0.0009707209537737072
97,3,114-359km,v,blur_sigma0.5,melr,-0.0006482001044787467
97,3,114-359km,v,blur_sigma0.5,swd,0.0005597211420536041
97,4,>325km,u,blur_sigma0.5,freq_l1,5.609804793493822e-05
97,4,>325km,u,blur_sigma0.5,freq_l1_unweighted,6.046344424248673e-05
97,4,>325km,u,blur_sigma0.5,melr,-6.112114351708442e-05
97,4,>325km,u,blur_sigma0.5,swd,0.00025385562912561
97,4,>325km,v,blur_sigma0.5,freq_l1,6.810040213167667e-05
97,4,>325km,v,blur_sigma0.5,freq_l1_unweighted,7.735690451227129e-05
97,4,>325km,v,blur_sigma0.5,melr,-5.385909753385931e-05
97,4,>325km,v,blur_sigma0.5,swd,0.0002644497435539961
97,0,6-25km,u,blur_sigma1,freq_l1,0.10252314805984497
97,0,6-25km,u,blur_sigma1,freq_l1_unweighted,0.20351386070251465
97,0,6-25km,u,blur_sigma1,melr,-0.29862725734710693
97,0,6-25km,u,blur_sigma1,swd,0.11892538517713547
97,0,6-25km,v,blur_sigma1,freq_l1,0.10789680480957031
97,0,6-25km,v,blur_sigma1,freq_l1_unweighted,0.22230036556720734
97,0,6-25km,v,blur_sigma1,melr,-0.22339262068271637
97,0,6-25km,v,blur_sigma1,swd,0.14632190763950348
97,1,28-86km,u,blur_sigma1,freq_l1,0.043729960918426514
97,1,28-86km,u,blur_sigma1,freq_l1_unweighted,0.06210017204284668
97,1,28-86km,u,blur_sigma1,melr,-0.05720646679401398
97,1,28-86km,u,blur_sigma1,swd,0.01712659001350403
97,1,28-86km,v,blur_sigma1,freq_l1,0.04602579027414322
97,1,28-86km,v,blur_sigma1,freq_l1_unweighted,0.0658627524971962
97,1,28-86km,v,blur_sigma1,melr,-0.04285723343491554
97,1,28-86km,v,blur_sigma1,swd,0.019164476543664932
97,2,57-175km,u,blur_sigma1,freq_l1,0.012483859434723854
97,2,57-175km,u,blur_sigma1,freq_l1_unweighted,0.01658579334616661
97,2,57-175km,u,blur_sigma1,melr,-0.013937187381088734
97,2,57-175km,u,blur_sigma1,swd,0.005211985670030117
97,2,57-175km,v,blur_sigma1,freq_l1,0.013044076040387154
97,2,57-175km,v,blur_sigma1,freq_l1_unweighted,0.017121607437729836
97,2,57-175km,v,blur_sigma1,melr,-0.010453539900481701
97,2,57-175km,v,blur_sigma1,swd,0.005735098849982023
97,3,114-359km,u,blur_sigma1,freq_l1,0.003082703100517392
97,3,114-359km,u,blur_sigma1,freq_l1_unweighted,0.004101002123206854
97,3,114-359km,u,blur_sigma1,melr,-0.003535014810040593
97,3,114-359km,u,blur_sigma1,swd,0.0017552542267367244
97,3,114-359km,v,blur_sigma1,freq_l1,0.003417519386857748
97,3,114-359km,v,blur_sigma1,freq_l1_unweighted,0.004372982773929834
97,3,114-359km,v,blur_sigma1,melr,-0.0029888073913753033
97,3,114-359km,v,blur_sigma1,swd,0.00218167994171381
97,4,>325km,u,blur_sigma1,freq_l1,0.00024143664631992579
97,4,>325km,u,blur_sigma1,freq_l1_unweighted,0.0002646014036145061
97,4,>325km,u,blur_sigma1,melr,-0.0002919830149039626
97,4,>325km,u,blur_sigma1,swd,0.0008524233708158135
97,4,>325km,v,blur_sigma1,freq_l1,0.00029205717146396637
97,4,>325km,v,blur_sigma1,freq_l1_unweighted,0.0003309536259621382
97,4,>325km,v,blur_sigma1,melr,-0.0002317351318197325
97,4,>325km,v,blur_sigma1,swd,0.0010135042248293757
97,0,6-25km,u,blur_sigma2,freq_l1,0.16433772444725037
97,0,6-25km,u,blur_sigma2,freq_l1_unweighted,0.3428768515586853
97,0,6-25km,u,blur_sigma2,melr,-0.5107394456863403
97,0,6-25km,u,blur_sigma2,swd,0.2073172926902771
97,0,6-25km,v,blur_sigma2,freq_l1,0.1715395301580429
97,0,6-25km,v,blur_sigma2,freq_l1_unweighted,0.3714721202850342
97,0,6-25km,v,blur_sigma2,melr,-0.3516416549682617
97,0,6-25km,v,blur_sigma2,swd,0.2512575387954712
97,1,28-86km,u,blur_sigma2,freq_l1,0.12459208071231842
97,1,28-86km,u,blur_sigma2,freq_l1_unweighted,0.18477323651313782
97,1,28-86km,u,blur_sigma2,melr,-0.17939335107803345
97,1,28-86km,u,blur_sigma2,swd,0.054946549236774445
97,1,28-86km,v,blur_sigma2,freq_l1,0.13110654056072235
97,1,28-86km,v,blur_sigma2,freq_l1_unweighted,0.19548143446445465
97,1,28-86km,v,blur_sigma2,melr,-0.1299746334552765
97,1,28-86km,v,blur_sigma2,swd,0.059354301542043686
97,2,57-175km,u,blur_sigma2,freq_l1,0.04441044479608536
97,2,57-175km,u,blur_sigma2,freq_l1_unweighted,0.05988277122378349
97,2,57-175km,u,blur_sigma2,melr,-0.052002497017383575
97,2,57-175km,u,blur_sigma2,swd,0.019414156675338745
97,2,57-175km,v,blur_sigma2,freq_l1,0.04653799533843994
97,2,57-175km,v,blur_sigma2,freq_l1_unweighted,0.06184229254722595
97,2,57-175km,v,blur_sigma2,melr,-0.0385403074324131
97,2,57-175km,v,blur_sigma2,swd,0.0210870373994112
97,3,114-359km,u,blur_sigma2,freq_l1,0.011552243493497372
97,3,114-359km,u,blur_sigma2,freq_l1_unweighted,0.015572994016110897
97,3,114-359km,u,blur_sigma2,melr,-0.013765648938715458
97,3,114-359km,u,blur_sigma2,swd,0.006275322288274765
97,3,114-359km,v,blur_sigma2,freq_l1,0.012920720502734184
97,3,114-359km,v,blur_sigma2,freq_l1_unweighted,0.016691019758582115
97,3,114-359km,v,blur_sigma2,melr,-0.011629480868577957
97,3,114-359km,v,blur_sigma2,swd,0.008351186290383339
97,4,>325km,u,blur_sigma2,freq_l1,0.0009023863822221756
97,4,>325km,u,blur_sigma2,freq_l1_unweighted,0.0010113917523995042
97,4,>325km,u,blur_sigma2,melr,-0.0012290463782846928
97,4,>325km,u,blur_sigma2,swd,0.0034713423810899258
97,4,>325km,v,blur_sigma2,freq_l1,0.001077068387530744
97,4,>325km,v,blur_sigma2,freq_l1_unweighted,0.0012044694740325212
97,4,>325km,v,blur_sigma2,melr,-0.0008190455846488476
97,4,>325km,v,blur_sigma2,swd,0.003094851039350033
265,0,6-25km,u,shift_2px,freq_l1,0.3654959201812744
265,0,6-25km,u,shift_2px,freq_l1_unweighted,0.6112117767333984
265,0,6-25km,u,shift_2px,melr,3.2357455381770706e-08
265,0,6-25km,u,shift_2px,swd,0.022936861962080002
265,0,6-25km,v,shift_2px,freq_l1,0.46345001459121704
265,0,6-25km,v,shift_2px,freq_l1_unweighted,0.8863891959190369
265,0,6-25km,v,shift_2px,melr,1.2942981797436914e-08
265,0,6-25km,v,shift_2px,swd,0.04653105512261391
265,1,28-86km,u,shift_2px,freq_l1,0.3609653115272522
265,1,28-86km,u,shift_2px,freq_l1_unweighted,0.48785924911499023
265,1,28-86km,u,shift_2px,melr,6.471491786896877e-09
265,1,28-86km,u,shift_2px,swd,0.007609358057379723
265,1,28-86km,v,shift_2px,freq_l1,0.45072898268699646
265,1,28-86km,v,shift_2px,freq_l1_unweighted,0.6806069612503052
265,1,28-86km,v,shift_2px,melr,1.941447536069063e-08
265,1,28-86km,v,shift_2px,swd,0.021969106048345566
265,2,57-175km,u,shift_2px,freq_l1,0.21792076528072357
265,2,57-175km,u,shift_2px,freq_l1_unweighted,0.2715335488319397
265,2,57-175km,u,shift_2px,melr,-1.2942986238329013e-08
265,2,57-175km,u,shift_2px,swd,0.005573569796979427
265,2,57-175km,v,shift_2px,freq_l1,0.2902079224586487
265,2,57-175km,v,shift_2px,freq_l1_unweighted,0.39853453636169434
265,2,57-175km,v,shift_2px,melr,-1.3322676295501878e-15
265,2,57-175km,v,shift_2px,swd,0.017966894432902336
265,3,114-359km,u,shift_2px,freq_l1,0.1205846518278122
265,3,114-359km,u,shift_2px,freq_l1_unweighted,0.13201740384101868
265,3,114-359km,u,shift_2px,melr,0.0
265,3,114-359km,u,shift_2px,swd,0.0038435950409621
265,3,114-359km,v,shift_2px,freq_l1,0.16931116580963135
265,3,114-359km,v,shift_2px,freq_l1_unweighted,0.19396905601024628
265,3,114-359km,v,shift_2px,melr,0.0
265,3,114-359km,v,shift_2px,swd,0.00843624398112297
265,4,>325km,u,shift_2px,freq_l1,0.027167819440364838
265,4,>325km,u,shift_2px,freq_l1_unweighted,0.028967222198843956
265,4,>325km,u,shift_2px,melr,2.265022125413907e-08
265,4,>325km,u,shift_2px,swd,0.0075059086084365845
265,4,>325km,v,shift_2px,freq_l1,0.03013284131884575
265,4,>325km,v,shift_2px,freq_l1_unweighted,0.032048922032117844
265,4,>325km,v,shift_2px,melr,-6.471495339610556e-09
265,4,>325km,v,shift_2px,swd,0.008759675547480583
265,0,6-25km,u,shift_3px,freq_l1,0.40514177083969116
265,0,6-25km,u,shift_3px,freq_l1_unweighted,0.6520272493362427
265,0,6-25km,u,shift_3px,melr,3.2357458934484384e-08
265,0,6-25km,u,shift_3px,swd,0.020407067611813545
265,0,6-25km,v,shift_3px,freq_l1,0.5228977203369141
265,0,6-25km,v,shift_3px,freq_l1_unweighted,0.9386597871780396
265,0,6-25km,v,shift_3px,melr,1.941447358433379e-08
265,0,6-25km,v,shift_3px,swd,0.045191749930381775
265,1,28-86km,u,shift_3px,freq_l1,0.46472787857055664
265,1,28-86km,u,shift_3px,freq_l1_unweighted,0.6660023927688599
265,1,28-86km,u,shift_3px,melr,-1.3322676295501878e-15
265,1,28-86km,u,shift_3px,swd,0.010672547854483128
265,1,28-86km,v,shift_3px,freq_l1,0.581278383731842
265,1,28-86km,v,shift_3px,freq_l1_unweighted,0.934669017791748
265,1,28-86km,v,shift_3px,melr,6.471491786896877e-09
265,1,28-86km,v,shift_3px,swd,0.026186306029558182
265,2,57-175km,u,shift_3px,freq_l1,0.31291502714157104
265,2,57-175km,u,shift_3px,freq_l1_unweighted,0.3976953625679016
265,2,57-175km,u,shift_3px,melr,-6.4714931191645064e-09
265,2,57-175km,u,shift_3px,swd,0.007351313252002001
265,2,57-175km,v,shift_3px,freq_l1,0.41716212034225464
265,2,57-175km,v,shift_3px,freq_l1_unweighted,0.5845962762832642
265,2,57-175km,v,shift_3px,melr,-9.707240344880574e-09
265,2,57-175km,v,shift_3px,swd,0.02244044467806816
265,3,114-359km,u,shift_3px,freq_l1,0.17883580923080444
265,3,114-359km,u,shift_3px,freq_l1_unweighted,0.19686844944953918
265,3,114-359km,u,shift_3px,melr,-2.6645352591003757e-15
265,3,114-359km,u,shift_3px,swd,0.004759370349347591
265,3,114-359km,v,shift_3px,freq_l1,0.25123345851898193
265,3,114-359km,v,shift_3px,freq_l1_unweighted,0.28918081521987915
265,3,114-359km,v,shift_3px,melr,9.707237680345315e-09
265,3,114-359km,v,shift_3px,swd,0.013099703937768936
265,4,>325km,u,shift_3px,freq_l1,0.04086840897798538
265,4,>325km,u,shift_3px,freq_l1_unweighted,0.04342455789446831
265,4,>325km,u,shift_3px,melr,3.2357455381770706e-08
265,4,>325km,u,shift_3px,swd,0.010523570701479912
265,4,>325km,v,shift_3px,freq_l1,0.04526625946164131
265,4,>325km,v,shift_3px,freq_l1_unweighted,0.048026781529188156
265,4,>325km,v,shift_3px,melr,-1.2942987126507433e-08
265,4,>325km,v,shift_3px,swd,0.009510769508779049
265,0,6-25km,u,blur_sigma0.5,freq_l1,0.030500885099172592
265,0,6-25km,u,blur_sigma0.5,freq_l1_unweighted,0.050374992191791534
265,0,6-25km,u,blur_sigma0.5,melr,-0.06767302751541138
265,0,6-25km,u,blur_sigma0.5,swd,0.027898715808987617
265,0,6-25km,v,blur_sigma0.5,freq_l1,0.04057811200618744
265,0,6-25km,v,blur_sigma0.5,freq_l1_unweighted,0.07231685519218445
265,0,6-25km,v,blur_sigma0.5,melr,-0.051591090857982635
265,0,6-25km,v,blur_sigma0.5,swd,0.045631881803274155
265,1,28-86km,u,blur_sigma0.5,freq_l1,0.009492442011833191
265,1,28-86km,u,blur_sigma0.5,freq_l1_unweighted,0.013645298779010773
265,1,28-86km,u,blur_sigma0.5,melr,-0.013596773147583008
265,1,28-86km,u,blur_sigma0.5,swd,0.0038526186253875494
265,1,28-86km,v,blur_sigma0.5,freq_l1,0.010980715975165367
265,1,28-86km,v,blur_sigma0.5,freq_l1_unweighted,0.01593133807182312
265,1,28-86km,v,blur_sigma0.5,melr,-0.00869307667016983
265,1,28-86km,v,blur_sigma0.5,swd,0.00483078183606267
265,2,57-175km,u,blur_sigma0.5,freq_l1,0.002615984994918108
265,2,57-175km,u,blur_sigma0.5,freq_l1_unweighted,0.0035768216475844383
265,2,57-175km,u,blur_sigma0.5,melr,-0.0032267929054796696
265,2,57-175km,u,blur_sigma0.5,swd,0.0012419776758179069
265,2,57-175km,v,blur_sigma0.5,freq_l1,0.0030877692624926567
265,2,57-175km,v,blur_sigma0.5,freq_l1_unweighted,0.00430121598765254
265,2,57-175km,v,blur_sigma0.5,melr,-0.0025108829140663147
265,2,57-175km,v,blur_sigma0.5,swd,0.001327238860540092
265,3,114-359km,u,blur_sigma0.5,freq_l1,0.0007172951591201127
265,3,114-359km,u,blur_sigma0.5,freq_l1_unweighted,0.000905631750356406
265,3,114-359km,u,blur_sigma0.5,melr,-0.0007897584000602365
265,3,114-359km,u,blur_sigma0.5,swd,0.0003710988094098866
265,3,114-359km,v,blur_sigma0.5,freq_l1,0.0008817443158477545
265,3,114-359km,v,blur_sigma0.5,freq_l1_unweighted,0.0011242593172937632
265,3,114-359km,v,blur_sigma0.5,melr,-0.0007730468641966581
265,3,114-359km,v,blur_sigma0.5,swd,0.0004798753943759948
265,4,>325km,u,blur_sigma0.5,freq_l1,7.559560617664829e-05
265,4,>325km,u,blur_sigma0.5,freq_l1_unweighted,7.896551687736064e-05
265,4,>325km,u,blur_sigma0.5,melr,-4.543889735941775e-05
265,4,>325km,u,blur_sigma0.5,swd,0.00030680111376568675
265,4,>325km,v,blur_sigma0.5,freq_l1,0.00012262749078217894
265,4,>325km,v,blur_sigma0.5,freq_l1_unweighted,0.00010917479812633246
265,4,>325km,v,blur_sigma0.5,melr,1.5171771337918472e-05
265,4,>325km,v,blur_sigma0.5,swd,0.0003807437024079263
265,0,6-25km,u,blur_sigma1,freq_l1,0.09403441846370697
265,0,6-25km,u,blur_sigma1,freq_l1_unweighted,0.16170908510684967
265,0,6-25km,u,blur_sigma1,melr,-0.22019746899604797
265,0,6-25km,u,blur_sigma1,swd,0.08911272883415222
265,0,6-25km,v,blur_sigma1,freq_l1,0.12079598754644394
265,0,6-25km,v,blur_sigma1,freq_l1_unweighted,0.22343675792217255
265,0,6-25km,v,blur_sigma1,melr,-0.15232323110103607
265,0,6-25km,v,blur_sigma1,swd,0.14017502963542938
265,1,28-86km,u,blur_sigma1,freq_l1,0.03993440419435501
265,1,28-86km,u,blur_sigma1,freq_l1_unweighted,0.058032408356666565
265,1,28-86km,u,blur_sigma1,melr,-0.05877956002950668
265,1,28-86km,u,blur_sigma1,swd,0.015697630122303963
265,1,28-86km,v,blur_sigma1,freq_l1,0.04611176252365112
265,1,28-86km,v,blur_sigma1,freq_l1_unweighted,0.0676056370139122
265,1,28-86km,v,blur_sigma1,melr,-0.03730826824903488
265,1,28-86km,v,blur_sigma1,swd,0.020253004506230354
265,2,57-175km,u,blur_sigma1,freq_l1,0.011654935777187347
265,2,57-175km,u,blur_sigma1,freq_l1_unweighted,0.015946106985211372
265,2,57-175km,u,blur_sigma1,melr,-0.014569517225027084
265,2,57-175km,u,blur_sigma1,swd,0.005259261466562748
265,2,57-175km,v,blur_sigma1,freq_l1,0.013696059584617615
265,2,57-175km,v,blur_sigma1,freq_l1_unweighted,0.019122611731290817
265,2,57-175km,v,blur_sigma1,melr,-0.011368396691977978
265,2,57-175km,v,blur_sigma1,swd,0.006255359388887882
265,3,114-359km,u,blur_sigma1,freq_l1,0.0031676022335886955
265,3,114-359km,u,blur_sigma1,freq_l1_unweighted,0.00400946568697691
265,3,114-359km,u,blur_sigma1,melr,-0.0035530540626496077
265,3,114-359km,u,blur_sigma1,swd,0.0016806520288810134
265,3,114-359km,v,blur_sigma1,freq_l1,0.003817242104560137
265,3,114-359km,v,blur_sigma1,freq_l1_unweighted,0.004938854835927486
265,3,114-359km,v,blur_sigma1,melr,-0.0035331626422703266
265,3,114-359km,v,blur_sigma1,swd,0.0019575676415115595
265,4,>325km,u,blur_sigma1,freq_l1,0.0003104149946011603
265,4,>325km,u,blur_sigma1,freq_l1_unweighted,0.00033101049484685063
265,4,>325km,u,blur_sigma1,melr,-0.0002485759905539453
265,4,>325km,u,blur_sigma1,swd,0.0009980812901630998
265,4,>325km,v,blur_sigma1,freq_l1,0.0005073379725217819
265,4,>325km,v,blur_sigma1,freq_l1_unweighted,0.00044930234435014427
265,4,>325km,v,blur_sigma1,melr,2.8398460926837288e-05
265,4,>325km,v,blur_sigma1,swd,0.0012540126917883754
265,0,6-25km,u,blur_sigma2,freq_l1,0.15725237131118774
265,0,6-25km,u,blur_sigma2,freq_l1_unweighted,0.2897332012653351
265,0,6-25km,u,blur_sigma2,melr,-0.4033803939819336
265,0,6-25km,u,blur_sigma2,swd,0.162105992436409
265,0,6-25km,v,blur_sigma2,freq_l1,0.19150644540786743
265,0,6-25km,v,blur_sigma2,freq_l1_unweighted,0.37348634004592896
265,0,6-25km,v,blur_sigma2,melr,-0.25437265634536743
265,0,6-25km,v,blur_sigma2,swd,0.243805930018425
265,1,28-86km,u,blur_sigma2,freq_l1,0.11465167999267578
265,1,28-86km,u,blur_sigma2,freq_l1_unweighted,0.1730988770723343
265,1,28-86km,u,blur_sigma2,melr,-0.18361373245716095
265,1,28-86km,u,blur_sigma2,swd,0.049935176968574524
265,1,28-86km,v,blur_sigma2,freq_l1,0.1317969709634781
265,1,28-86km,v,blur_sigma2,freq_l1_unweighted,0.20124830305576324
265,1,28-86km,v,blur_sigma2,melr,-0.11643476784229279
265,1,28-86km,v,blur_sigma2,swd,0.06081831082701683
265,2,57-175km,u,blur_sigma2,freq_l1,0.0413050577044487
265,2,57-175km,u,blur_sigma2,freq_l1_unweighted,0.05698356032371521
265,2,57-175km,u,blur_sigma2,melr,-0.053230028599500656
265,2,57-175km,u,blur_sigma2,swd,0.01969132386147976
265,2,57-175km,v,blur_sigma2,freq_l1,0.0483844056725502
265,2,57-175km,v,blur_sigma2,freq_l1_unweighted,0.06837942451238632
265,2,57-175km,v,blur_sigma2,melr,-0.04207996651530266
265,2,57-175km,v,blur_sigma2,swd,0.02572147361934185
265,3,114-359km,u,blur_sigma2,freq_l1,0.011667722836136818
265,3,114-359km,u,blur_sigma2,freq_l1_unweighted,0.014817006886005402
265,3,114-359km,u,blur_sigma2,melr,-0.01334966067224741
265,3,114-359km,u,blur_sigma2,swd,0.006216255482286215
265,3,114-359km,v,blur_sigma2,freq_l1,0.013825628906488419
265,3,114-359km,v,blur_sigma2,freq_l1_unweighted,0.01824592426419258
265,3,114-359km,v,blur_sigma2,melr,-0.013634221628308296
265,3,114-359km,v,blur_sigma2,swd,0.008350175805389881
265,4,>325km,u,blur_sigma2,freq_l1,0.0010447934037074447
265,4,>325km,u,blur_sigma2,freq_l1_unweighted,0.001156185520812869
265,4,>325km,u,blur_sigma2,melr,-0.0011814367026090622
265,4,>325km,u,blur_sigma2,swd,0.003821050049737096
265,4,>325km,v,blur_sigma2,freq_l1,0.0017196446424350142
265,4,>325km,v,blur_sigma2,freq_l1_unweighted,0.0015267659910023212
265,4,>325km,v,blur_sigma2,melr,-8.735243318369612e-05
265,4,>325km,v,blur_sigma2,swd,0.0052884966135025024
204,0,6-25km,u,shift_2px,freq_l1,0.4183664321899414
204,0,6-25km,u,shift_2px,freq_l1_unweighted,0.778956413269043
204,0,6-25km,u,shift_2px,melr,6.770176241843728e-08
204,0,6-25km,u,shift_2px,swd,0.07353327423334122
204,0,6-25km,v,shift_2px,freq_l1,0.40790748596191406
204,0,6-25km,v,shift_2px,freq_l1_unweighted,0.698219895362854
204,0,6-25km,v,shift_2px,melr,1.592982457054859e-08
204,0,6-25km,v,shift_2px,swd,0.03913611173629761
204,1,28-86km,u,shift_2px,freq_l1,0.4401392638683319
204,1,28-86km,u,shift_2px,freq_l1_unweighted,0.6282850503921509
204,1,28-86km,u,shift_2px,melr,2.7877193886638452e-08
204,1,28-86km,u,shift_2px,swd,0.03588850051164627
204,1,28-86km,v,shift_2px,freq_l1,0.41861647367477417
204,1,28-86km,v,shift_2px,freq_l1_unweighted,0.5516935586929321
204,1,28-86km,v,shift_2px,melr,1.9912281601364157e-08
204,1,28-86km,v,shift_2px,swd,0.01937098056077957
204,2,57-175km,u,shift_2px,freq_l1,0.3006466329097748
204,2,57-175km,u,shift_2px,freq_l1_unweighted,0.37615013122558594
204,2,57-175km,u,shift_2px,melr,-1.9912320681214624e-09
204,2,57-175km,u,shift_2px,swd,0.02509617805480957
204,2,57-175km,v,shift_2px,freq_l1,0.26672664284706116
204,2,57-175km,v,shift_2px,freq_l1_unweighted,0.3159085512161255
204,2,57-175km,v,shift_2px,melr,-3.982460139440036e-09
204,2,57-175km,v,shift_2px,swd,0.012494377791881561
204,3,114-359km,u,shift_2px,freq_l1,0.18536147475242615
204,3,114-359km,u,shift_2px,freq_l1_unweighted,0.2021062672138214
204,3,114-359km,u,shift_2px,melr,9.956139912503659e-09
204,3,114-359km,u,shift_2px,swd,0.012083378620445728
204,3,114-359km,v,shift_2px,freq_l1,0.14320094883441925
204,3,114-359km,v,shift_2px,freq_l1_unweighted,0.15303827822208405
204,3,114-359km,v,shift_2px,melr,-9.956142577038918e-09
204,3,114-359km,v,shift_2px,swd,0.0077801113948225975
204,4,>325km,u,shift_2px,freq_l1,0.04123049974441528
204,4,>325km,u,shift_2px,freq_l1_unweighted,0.04001867026090622
204,4,>325km,u,shift_2px,melr,-1.9912325122106722e-09
204,4,>325km,u,shift_2px,swd,0.014175262302160263
204,4,>325km,v,shift_2px,freq_l1,0.0369211807847023
204,4,>325km,v,shift_2px,freq_l1_unweighted,0.03777750954031944
204,4,>325km,v,shift_2px,melr,1.3938596943319226e-08
204,4,>325km,v,shift_2px,swd,0.008304589428007603
204,0,6-25km,u,shift_3px,freq_l1,0.48081353306770325
204,0,6-25km,u,shift_3px,freq_l1_unweighted,0.8540923595428467
204,0,6-25km,u,shift_3px,melr,5.177192718974766e-08
204,0,6-25km,u,shift_3px,swd,0.07913359999656677
204,0,6-25km,v,shift_3px,freq_l1,0.45927006006240845
204,0,6-25km,v,shift_3px,freq_l1_unweighted,0.7514668107032776
204,0,6-25km,v,shift_3px,melr,3.5842109724626425e-08
204,0,6-25km,v,shift_3px,swd,0.037682998925447464
204,1,28-86km,u,shift_3px,freq_l1,0.579035222530365
204,1,28-86km,u,shift_3px,freq_l1_unweighted,0.8673062920570374
204,1,28-86km,u,shift_3px,melr,3.185965269381086e-08
204,1,28-86km,u,shift_3px,swd,0.04062863811850548
204,1,28-86km,v,shift_3px,freq_l1,0.5439326763153076
204,1,28-86km,v,shift_3px,freq_l1_unweighted,0.7579149603843689
204,1,28-86km,v,shift_3px,melr,1.9912281601364157e-08
204,1,28-86km,v,shift_3px,swd,0.021652601659297943
204,2,57-175km,u,shift_3px,freq_l1,0.43383583426475525
204,2,57-175km,u,shift_3px,freq_l1_unweighted,0.5528321266174316
204,2,57-175km,u,shift_3px,melr,-1.991230069720018e-09
204,2,57-175km,u,shift_3px,swd,0.026021085679531097
204,2,57-175km,v,shift_3px,freq_l1,0.3843725621700287
204,2,57-175km,v,shift_3px,freq_l1_unweighted,0.4634036719799042
204,2,57-175km,v,shift_3px,melr,-5.97368643440177e-09
204,2,57-175km,v,shift_3px,swd,0.016182275488972664
204,3,114-359km,u,shift_3px,freq_l1,0.2750656008720398
204,3,114-359km,u,shift_3px,freq_l1_unweighted,0.3017467260360718
204,3,114-359km,u,shift_3px,melr,-2.4595710735567274e-15
204,3,114-359km,u,shift_3px,swd,0.0164247527718544
204,3,114-359km,v,shift_3px,freq_l1,0.2128654420375824
204,3,114-359km,v,shift_3px,freq_l1_unweighted,0.22825002670288086
204,3,114-359km,v,shift_3px,melr,1.991227183140154e-09
204,3,114-359km,v,shift_3px,swd,0.010684932582080364
204,4,>325km,u,shift_3px,freq_l1,0.061980605125427246
204,4,>325km,u,shift_3px,freq_l1_unweighted,0.05998919904232025
204,4,>325km,u,shift_3px,melr,-1.194737286880354e-08
204,4,>325km,u,shift_3px,swd,0.017017152160406113
204,4,>325km,v,shift_3px,freq_l1,0.05546659603714943
204,4,>325km,v,shift_3px,freq_l1_unweighted,0.05662195384502411
204,4,>325km,v,shift_3px,melr,-1.991230513809228e-09
204,4,>325km,v,shift_3px,swd,0.012440676800906658
204,0,6-25km,u,blur_sigma0.5,freq_l1,0.03265926614403725
204,0,6-25km,u,blur_sigma0.5,freq_l1_unweighted,0.05322575941681862
204,0,6-25km,u,blur_sigma0.5,melr,-0.03342743217945099
204,0,6-25km,u,blur_sigma0.5,swd,0.029337408021092415
204,0,6-25km,v,blur_sigma0.5,freq_l1,0.03306536749005318
204,0,6-25km,v,blur_sigma0.5,freq_l1_unweighted,0.05393974110484123
204,0,6-25km,v,blur_sigma0.5,melr,-0.05185706913471222
204,0,6-25km,v,blur_sigma0.5,swd,0.03298766538500786
204,1,28-86km,u,blur_sigma0.5,freq_l1,0.010671388357877731
204,1,28-86km,u,blur_sigma0.5,freq_l1_unweighted,0.013900203630328178
204,1,28-86km,u,blur_sigma0.5,melr,-0.006401609163731337
204,1,28-86km,u,blur_sigma0.5,swd,0.0037635646294802427
204,1,28-86km,v,blur_sigma0.5,freq_l1,0.010152087546885014
204,1,28-86km,v,blur_sigma0.5,freq_l1_unweighted,0.013214735314249992
204,1,28-86km,v,blur_sigma0.5,melr,-0.008912122808396816
204,1,28-86km,v,blur_sigma0.5,swd,0.004172089975327253
204,2,57-175km,u,blur_sigma0.5,freq_l1,0.0031197420321404934
204,2,57-175km,u,blur_sigma0.5,freq_l1_unweighted,0.0037232127506285906
204,2,57-175km,u,blur_sigma0.5,melr,-0.0015073898248374462
204,2,57-175km,u,blur_sigma0.5,swd,0.0011931443586945534
204,2,57-175km,v,blur_sigma0.5,freq_l1,0.0028012057300657034
204,2,57-175km,v,blur_sigma0.5,freq_l1_unweighted,0.0033826231956481934
204,2,57-175km,v,blur_sigma0.5,melr,-0.002036035992205143
204,2,57-175km,v,blur_sigma0.5,swd,0.0012221770593896508
204,3,114-359km,u,blur_sigma0.5,freq_l1,0.0007891446002759039
204,3,114-359km,u,blur_sigma0.5,freq_l1_unweighted,0.0008950085029937327
204,3,114-359km,u,blur_sigma0.5,melr,-0.0003866232291329652
204,3,114-359km,u,blur_sigma0.5,swd,0.0004039256018586457
204,3,114-359km,v,blur_sigma0.5,freq_l1,0.00067658576881513
204,3,114-359km,v,blur_sigma0.5,freq_l1_unweighted,0.0007684363517910242
204,3,114-359km,v,blur_sigma0.5,melr,-0.0004546158015727997
204,3,114-359km,v,blur_sigma0.5,swd,0.00036842026747763157
204,4,>325km,u,blur_sigma0.5,freq_l1,5.6303393648704514e-05
204,4,>325km,u,blur_sigma0.5,freq_l1_unweighted,6.635266618104652e-05
204,4,>325km,u,blur_sigma0.5,melr,-6.21649669483304e-05
204,4,>325km,u,blur_sigma0.5,swd,0.00025838834699243307
204,4,>325km,v,blur_sigma0.5,freq_l1,8.379202336072922e-05
204,4,>325km,v,blur_sigma0.5,freq_l1_unweighted,8.293568680528551e-05
204,4,>325km,v,blur_sigma0.5,melr,-4.4145974243292585e-05
204,4,>325km,v,blur_sigma0.5,swd,0.0002929493202827871
204,0,6-25km,u,blur_sigma1,freq_l1,0.10062504559755325
204,0,6-25km,u,blur_sigma1,freq_l1_unweighted,0.17004424333572388
204,0,6-25km,u,blur_sigma1,melr,-0.09685423970222473
204,0,6-25km,u,blur_sigma1,swd,0.09451406449079514
204,0,6-25km,v,blur_sigma1,freq_l1,0.10062281042337418
204,0,6-25km,v,blur_sigma1,freq_l1_unweighted,0.17052923142910004
204,0,6-25km,v,blur_sigma1,melr,-0.15589676797389984
204,0,6-25km,v,blur_sigma1,swd,0.10278763622045517
204,1,28-86km,u,blur_sigma1,freq_l1,0.045115940272808075
204,1,28-86km,u,blur_sigma1,freq_l1_unweighted,0.059292055666446686
204,1,28-86km,u,blur_sigma1,melr,-0.027147648856043816
204,1,28-86km,u,blur_sigma1,swd,0.016114624217152596
204,1,28-86km,v,blur_sigma1,freq_l1,0.0427655391395092
204,1,28-86km,v,blur_sigma1,freq_l1_unweighted,0.0562858060002327
204,1,28-86km,v,blur_sigma1,melr,-0.038139067590236664
204,1,28-86km,v,blur_sigma1,swd,0.01606643572449684
204,2,57-175km,u,blur_sigma1,freq_l1,0.014000759460031986
204,2,57-175km,u,blur_sigma1,freq_l1_unweighted,0.016709722578525543
204,2,57-175km,u,blur_sigma1,melr,-0.006833958439528942
204,2,57-175km,u,blur_sigma1,swd,0.004696497693657875
204,2,57-175km,v,blur_sigma1,freq_l1,0.012497602961957455
204,2,57-175km,v,blur_sigma1,freq_l1_unweighted,0.01515407208353281
204,2,57-175km,v,blur_sigma1,melr,-0.0092583317309618
204,2,57-175km,v,blur_sigma1,swd,0.004911226686090231
204,3,114-359km,u,blur_sigma1,freq_l1,0.0035688208881765604
204,3,114-359km,u,blur_sigma1,freq_l1_unweighted,0.0040499139577150345
204,3,114-359km,u,blur_sigma1,melr,-0.0017907555447891355
204,3,114-359km,u,blur_sigma1,swd,0.0017907090950757265
204,3,114-359km,v,blur_sigma1,freq_l1,0.0030052082147449255
204,3,114-359km,v,blur_sigma1,freq_l1_unweighted,0.003447513561695814
204,3,114-359km,v,blur_sigma1,melr,-0.0021119972225278616
204,3,114-359km,v,blur_sigma1,swd,0.0015107010258361697
204,4,>325km,u,blur_sigma1,freq_l1,0.00024601927725598216
204,4,>325km,u,blur_sigma1,freq_l1_unweighted,0.0002939254336524755
204,4,>325km,u,blur_sigma1,melr,-0.00027516137924976647
204,4,>325km,u,blur_sigma1,swd,0.0009386793244630098
204,4,>325km,v,blur_sigma1,freq_l1,0.000350083049852401
204,4,>325km,v,blur_sigma1,freq_l1_unweighted,0.00035811655106954277
204,4,>325km,v,blur_sigma1,melr,-0.00021410852787084877
204,4,>325km,v,blur_sigma1,swd,0.0011382803786545992
204,0,6-25km,u,blur_sigma2,freq_l1,0.16731303930282593
204,0,6-25km,u,blur_sigma2,freq_l1_unweighted,0.29984116554260254
204,0,6-25km,u,blur_sigma2,melr,-0.15224513411521912
204,0,6-25km,u,blur_sigma2,swd,0.1702660322189331
204,0,6-25km,v,blur_sigma2,freq_l1,0.1632622927427292
204,0,6-25km,v,blur_sigma2,freq_l1_unweighted,0.2938082814216614
204,0,6-25km,v,blur_sigma2,melr,-0.25713759660720825
204,0,6-25km,v,blur_sigma2,swd,0.18578332662582397
204,1,28-86km,u,blur_sigma2,freq_l1,0.13086646795272827
204,1,28-86km,u,blur_sigma2,freq_l1_unweighted,0.1780957281589508
204,1,28-86km,u,blur_sigma2,melr,-0.08036550879478455
204,1,28-86km,u,blur_sigma2,swd,0.04930959269404411
204,1,28-86km,v,blur_sigma2,freq_l1,0.12274094671010971
204,1,28-86km,v,blur_sigma2,freq_l1_unweighted,0.1681133359670639
204,1,28-86km,v,blur_sigma2,melr,-0.11590419709682465
204,1,28-86km,v,blur_sigma2,swd,0.05135795474052429
204,2,57-175km,u,blur_sigma2,freq_l1,0.05032704398036003
204,2,57-175km,u,blur_sigma2,freq_l1_unweighted,0.06049220263957977
204,2,57-175km,u,blur_sigma2,melr,-0.02490135282278061
204,2,57-175km,u,blur_sigma2,swd,0.020042959600687027
204,2,57-175km,v,blur_sigma2,freq_l1,0.0444505549967289
204,2,57-175km,v,blur_sigma2,freq_l1_unweighted,0.054594736546278
204,2,57-175km,v,blur_sigma2,melr,-0.03406750410795212
204,2,57-175km,v,blur_sigma2,swd,0.018449636176228523
204,3,114-359km,u,blur_sigma2,freq_l1,0.01362852193415165
204,3,114-359km,u,blur_sigma2,freq_l1_unweighted,0.015496749430894852
204,3,114-359km,u,blur_sigma2,melr,-0.006995730567723513
204,3,114-359km,u,blur_sigma2,swd,0.006957363337278366
204,3,114-359km,v,blur_sigma2,freq_l1,0.011243904009461403
204,3,114-359km,v,blur_sigma2,freq_l1_unweighted,0.013062527403235435
204,3,114-359km,v,blur_sigma2,melr,-0.008312482386827469
204,3,114-359km,v,blur_sigma2,swd,0.006363807711750269
204,4,>325km,u,blur_sigma2,freq_l1,0.0009186007082462311
204,4,>325km,u,blur_sigma2,freq_l1_unweighted,0.0011129050981253386
204,4,>325km,u,blur_sigma2,melr,-0.0010299681453034282
204,4,>325km,u,blur_sigma2,swd,0.002897835336625576
204,4,>325km,v,blur_sigma2,freq_l1,0.001219098106957972
204,4,>325km,v,blur_sigma2,freq_l1_unweighted,0.0013070551212877035
204,4,>325km,v,blur_sigma2,melr,-0.0008917752420529723
204,4,>325km,v,blur_sigma2,swd,0.003900915151461959
246,0,6-25km,u,shift_2px,freq_l1,0.5791826844215393
246,0,6-25km,u,shift_2px,freq_l1_unweighted,1.1804548501968384
246,0,6-25km,u,shift_2px,melr,5.1771934295175015e-08
246,0,6-25km,u,shift_2px,swd,0.07842639088630676
246,0,6-25km,v,shift_2px,freq_l1,0.5376180410385132
246,0,6-25km,v,shift_2px,freq_l1_unweighted,0.9683189392089844
246,0,6-25km,v,shift_2px,melr,1.941447536069063e-08
246,0,6-25km,v,shift_2px,swd,0.03935353830456734
246,1,28-86km,u,shift_2px,freq_l1,0.56238853931427
246,1,28-86km,u,shift_2px,freq_l1_unweighted,0.8314024209976196
246,1,28-86km,u,shift_2px,melr,6.471491786896877e-09
246,1,28-86km,u,shift_2px,swd,0.03169970586895943
246,1,28-86km,v,shift_2px,freq_l1,0.4977732300758362
246,1,28-86km,v,shift_2px,freq_l1_unweighted,0.6624925136566162
246,1,28-86km,v,shift_2px,melr,1.2942983573793754e-08
246,1,28-86km,v,shift_2px,swd,0.01577152870595455
246,2,57-175km,u,shift_2px,freq_l1,0.37066903710365295
246,2,57-175km,u,shift_2px,freq_l1_unweighted,0.46275031566619873
246,2,57-175km,u,shift_2px,melr,0.0
246,2,57-175km,u,shift_2px,swd,0.021527577191591263
246,2,57-175km,v,shift_2px,freq_l1,0.29283416271209717
246,2,57-175km,v,shift_2px,freq_l1_unweighted,0.35946202278137207
246,2,57-175km,v,shift_2px,melr,-3.552713678800501e-15
246,2,57-175km,v,shift_2px,swd,0.011051308363676071
246,3,114-359km,u,shift_2px,freq_l1,0.2245483100414276
246,3,114-359km,u,shift_2px,freq_l1_unweighted,0.23779937624931335
246,3,114-359km,u,shift_2px,melr,-9.707241233058994e-09
246,3,114-359km,u,shift_2px,swd,0.015513752587139606
246,3,114-359km,v,shift_2px,freq_l1,0.16040079295635223
246,3,114-359km,v,shift_2px,freq_l1_unweighted,0.17811888456344604
246,3,114-359km,v,shift_2px,melr,0.0
246,3,114-359km,v,shift_2px,swd,0.00632667588070035
246,4,>325km,u,shift_2px,freq_l1,0.03719758987426758
246,4,>325km,u,shift_2px,freq_l1_unweighted,0.04302685335278511
246,4,>325km,u,shift_2px,melr,-1.3322676295501878e-15
246,4,>325km,u,shift_2px,swd,0.014066141098737717
246,4,>325km,v,shift_2px,freq_l1,0.021152706816792488
246,4,>325km,v,shift_2px,freq_l1_unweighted,0.02392709255218506
246,4,>325km,v,shift_2px,melr,-6.471493563253716e-09
246,4,>325km,v,shift_2px,swd,0.00678941048681736
246,0,6-25km,u,shift_3px,freq_l1,0.6679710149765015
246,0,6-25km,u,shift_3px,freq_l1_unweighted,1.2653318643569946
246,0,6-25km,u,shift_3px,melr,5.824342608207189e-08
246,0,6-25km,u,shift_3px,swd,0.07440376281738281
246,0,6-25km,v,shift_3px,freq_l1,0.5919129848480225
246,0,6-25km,v,shift_3px,freq_l1_unweighted,0.9972851276397705
246,0,6-25km,v,shift_3px,melr,2.5885967147587507e-08
246,0,6-25km,v,shift_3px,swd,0.03782711178064346
246,1,28-86km,u,shift_3px,freq_l1,0.7311154007911682
246,1,28-86km,u,shift_3px,freq_l1_unweighted,1.1395890712738037
246,1,28-86km,u,shift_3px,melr,1.2942983573793754e-08
246,1,28-86km,u,shift_3px,swd,0.037934403866529465
246,1,28-86km,v,shift_3px,freq_l1,0.6333426237106323
246,1,28-86km,v,shift_3px,freq_l1_unweighted,0.8983790874481201
246,1,28-86km,v,shift_3px,melr,-1.3322676295501878e-15
246,1,28-86km,v,shift_3px,swd,0.020510030910372734
246,2,57-175km,u,shift_3px,freq_l1,0.5331637263298035
246,2,57-175km,u,shift_3px,freq_l1_unweighted,0.679173469543457
246,2,57-175km,u,shift_3px,melr,3.2357456714038335e-09
246,2,57-175km,u,shift_3px,swd,0.026643361896276474
246,2,57-175km,v,shift_3px,freq_l1,0.42010414600372314
246,2,57-175km,v,shift_3px,freq_l1_unweighted,0.5261776447296143
246,2,57-175km,v,shift_3px,melr,-1.2942986238329013e-08
246,2,57-175km,v,shift_3px,swd,0.01418323814868927
246,3,114-359km,u,shift_3px,freq_l1,0.3330998718738556
246,3,114-359km,u,shift_3px,freq_l1_unweighted,0.3548504710197449
246,3,114-359km,u,shift_3px,melr,6.471490454629247e-09
246,3,114-359km,u,shift_3px,swd,0.01565737836062908
246,3,114-359km,v,shift_3px,freq_l1,0.23759900033473969
246,3,114-359km,v,shift_3px,freq_l1_unweighted,0.26552194356918335
246,3,114-359km,v,shift_3px,melr,3.2357456714038335e-09
246,3,114-359km,v,shift_3px,swd,0.010132897645235062
246,4,>325km,u,shift_3px,freq_l1,0.05587894842028618
246,4,>325km,u,shift_3px,freq_l1_unweighted,0.06449936330318451
246,4,>325km,u,shift_3px,melr,-3.235747669805278e-09
246,4,>325km,u,shift_3px,swd,0.01958000473678112
246,4,>325km,v,shift_3px,freq_l1,0.031670160591602325
246,4,>325km,v,shift_3px,freq_l1_unweighted,0.03583566099405289
246,4,>325km,v,shift_3px,melr,-3.235749890251327e-09
246,4,>325km,v,shift_3px,swd,0.00758514367043972
246,0,6-25km,u,blur_sigma0.5,freq_l1,0.0484931543469429
246,0,6-25km,u,blur_sigma0.5,freq_l1_unweighted,0.10090053081512451
246,0,6-25km,u,blur_sigma0.5,melr,-0.07345326989889145
246,0,6-25km,u,blur_sigma0.5,swd,0.06314428150653839
246,0,6-25km,v,blur_sigma0.5,freq_l1,0.046247489750385284
246,0,6-25km,v,blur_sigma0.5,freq_l1_unweighted,0.09155347943305969
246,0,6-25km,v,blur_sigma0.5,melr,-0.10496614873409271
246,0,6-25km,v,blur_sigma0.5,swd,0.06256724894046783
246,1,28-86km,u,blur_sigma0.5,freq_l1,0.014050163328647614
246,1,28-86km,u,blur_sigma0.5,freq_l1_unweighted,0.021003209054470062
246,1,28-86km,u,blur_sigma0.5,melr,-0.010657606646418571
246,1,28-86km,u,blur_sigma0.5,swd,0.005710868630558252
246,1,28-86km,v,blur_sigma0.5,freq_l1,0.012744033709168434
246,1,28-86km,v,blur_sigma0.5,freq_l1_unweighted,0.018157893791794777
246,1,28-86km,v,blur_sigma0.5,melr,-0.013726038858294487
246,1,28-86km,v,blur_sigma0.5,swd,0.005591733381152153
246,2,57-175km,u,blur_sigma0.5,freq_l1,0.003840902354568243
246,2,57-175km,u,blur_sigma0.5,freq_l1_unweighted,0.004954159259796143
246,2,57-175km,u,blur_sigma0.5,melr,-0.0021052234806120396
246,2,57-175km,u,blur_sigma0.5,swd,0.0016431915573775768
246,2,57-175km,v,blur_sigma0.5,freq_l1,0.003189545590430498
246,2,57-175km,v,blur_sigma0.5,freq_l1_unweighted,0.004274469334632158
246,2,57-175km,v,blur_sigma0.5,melr,-0.0030781198292970657
246,2,57-175km,v,blur_sigma0.5,swd,0.0014366990653797984
246,3,114-359km,u,blur_sigma0.5,freq_l1,0.0009712245082482696
246,3,114-359km,u,blur_sigma0.5,freq_l1_unweighted,0.0011598853161558509
246,3,114-359km,u,blur_sigma0.5,melr,-0.0005000558448955417
246,3,114-359km,u,blur_sigma0.5,swd,0.0005539032863453031
246,3,114-359km,v,blur_sigma0.5,freq_l1,0.0007842641207389534
246,3,114-359km,v,blur_sigma0.5,freq_l1_unweighted,0.0010402679909020662
246,3,114-359km,v,blur_sigma0.5,melr,-0.000917253433726728
246,3,114-359km,v,blur_sigma0.5,swd,0.0005874573835171759
246,4,>325km,u,blur_sigma0.5,freq_l1,8.118691039271653e-05
246,4,>325km,u,blur_sigma0.5,freq_l1_unweighted,9.118424350162968e-05
246,4,>325km,u,blur_sigma0.5,melr,-4.344034823589027e-05
246,4,>325km,u,blur_sigma0.5,swd,0.0003768439928535372
246,4,>325km,v,blur_sigma0.5,freq_l1,7.646248559467494e-05
246,4,>325km,v,blur_sigma0.5,freq_l1_unweighted,8.049053576542065e-05
246,4,>325km,v,blur_sigma0.5,melr,-5.146668991073966e-05
246,4,>325km,v,blur_sigma0.5,swd,0.00027678124024532735
246,0,6-25km,u,blur_sigma1,freq_l1,0.14641644060611725
246,0,6-25km,u,blur_sigma1,freq_l1_unweighted,0.3156253397464752
246,0,6-25km,u,blur_sigma1,melr,-0.22455617785453796
246,0,6-25km,u,blur_sigma1,swd,0.18787819147109985
246,0,6-25km,v,blur_sigma1,freq_l1,0.13767775893211365
246,0,6-25km,v,blur_sigma1,freq_l1_unweighted,0.2842837870121002
246,0,6-25km,v,blur_sigma1,melr,-0.34075838327407837
246,0,6-25km,v,blur_sigma1,swd,0.1893310546875
246,1,28-86km,u,blur_sigma1,freq_l1,0.05896753817796707
246,1,28-86km,u,blur_sigma1,freq_l1_unweighted,0.08911140263080597
246,1,28-86km,u,blur_sigma1,melr,-0.045386917889118195
246,1,28-86km,u,blur_sigma1,swd,0.024469034746289253
246,1,28-86km,v,blur_sigma1,freq_l1,0.05321146547794342
246,1,28-86km,v,blur_sigma1,freq_l1_unweighted,0.07689429819583893
246,1,28-86km,v,blur_sigma1,melr,-0.05904737114906311
246,1,28-86km,v,blur_sigma1,swd,0.0231673251837492
246,2,57-175km,u,blur_sigma1,freq_l1,0.01716352067887783
246,2,57-175km,u,blur_sigma1,freq_l1_unweighted,0.02217705547809601
246,2,57-175km,u,blur_sigma1,melr,-0.009557895362377167
246,2,57-175km,u,blur_sigma1,swd,0.0068281786516308784
246,2,57-175km,v,blur_sigma1,freq_l1,0.01419054251164198
246,2,57-175km,v,blur_sigma1,freq_l1_unweighted,0.019144147634506226
246,2,57-175km,v,blur_sigma1,melr,-0.01401805505156517
246,2,57-175km,v,blur_sigma1,swd,0.0066561647690832615
246,3,114-359km,u,blur_sigma1,freq_l1,0.004332556389272213
246,3,114-359km,u,blur_sigma1,freq_l1_unweighted,0.005195934325456619
246,3,114-359km,u,blur_sigma1,melr,-0.0023001565132290125
246,3,114-359km,u,blur_sigma1,swd,0.002576093887910247
246,3,114-359km,v,blur_sigma1,freq_l1,0.0034678447991609573
246,3,114-359km,v,blur_sigma1,freq_l1_unweighted,0.004654634743928909
246,3,114-359km,v,blur_sigma1,melr,-0.0042273299768567085
246,3,114-359km,v,blur_sigma1,swd,0.002423100871965289
246,4,>325km,u,blur_sigma1,freq_l1,0.0003417481784708798
246,4,>325km,u,blur_sigma1,freq_l1_unweighted,0.00039399738307110965
246,4,>325km,u,blur_sigma1,melr,-0.00020906537247356027
246,4,>325km,u,blur_sigma1,swd,0.0010077591286972165
246,4,>325km,v,blur_sigma1,freq_l1,0.0003259344957768917
246,4,>325km,v,blur_sigma1,freq_l1_unweighted,0.00034436045098118484
246,4,>325km,v,blur_sigma1,melr,-0.0002296204911544919
246,4,>325km,v,blur_sigma1,swd,0.0008774194866418839
246,0,6-25km,u,blur_sigma2,freq_l1,0.23372337222099304
246,0,6-25km,u,blur_sigma2,freq_l1_unweighted,0.5277136564254761
246,0,6-25km,u,blur_sigma2,melr,-0.3600150942802429
246,0,6-25km,u,blur_sigma2,swd,0.3163406550884247
246,0,6-25km,v,blur_sigma2,freq_l1,0.21562698483467102
246,0,6-25km,v,blur_sigma2,freq_l1_unweighted,0.46864020824432373
246,0,6-25km,v,blur_sigma2,melr,-0.5950025320053101
246,0,6-25km,v,blur_sigma2,swd,0.3175937533378601
246,1,28-86km,u,blur_sigma2,freq_l1,0.16706150770187378
246,1,28-86km,u,blur_sigma2,freq_l1_unweighted,0.2622165083885193
246,1,28-86km,u,blur_sigma2,melr,-0.1349436342716217
246,1,28-86km,u,blur_sigma2,swd,0.07869622111320496
246,1,28-86km,v,blur_sigma2,freq_l1,0.14894148707389832
246,1,28-86km,v,blur_sigma2,freq_l1_unweighted,0.22535252571105957
246,1,28-86km,v,blur_sigma2,melr,-0.1827048808336258
246,1,28-86km,v,blur_sigma2,swd,0.06547410786151886
246,2,57-175km,u,blur_sigma2,freq_l1,0.06111249327659607
246,2,57-175km,u,blur_sigma2,freq_l1_unweighted,0.07979363948106766
246,2,57-175km,u,blur_sigma2,melr,-0.034895677119493484
246,2,57-175km,u,blur_sigma2,swd,0.02471410669386387
246,2,57-175km,v,blur_sigma2,freq_l1,0.050129234790802
246,2,57-175km,v,blur_sigma2,freq_l1_unweighted,0.06892219185829163
246,2,57-175km,v,blur_sigma2,melr,-0.05223818123340607
246,2,57-175km,v,blur_sigma2,swd,0.02504834160208702
246,3,114-359km,u,blur_sigma2,freq_l1,0.01629777066409588
246,3,114-359km,u,blur_sigma2,freq_l1_unweighted,0.01967538148164749
246,3,114-359km,u,blur_sigma2,melr,-0.008922211825847626
246,3,114-359km,u,blur_sigma2,swd,0.008360089734196663
246,3,114-359km,v,blur_sigma2,freq_l1,0.012867046520113945
246,3,114-359km,v,blur_sigma2,freq_l1_unweighted,0.01756596378982067
246,3,114-359km,v,blur_sigma2,melr,-0.016531486064195633
246,3,114-359km,v,blur_sigma2,swd,0.010072754696011543
246,4,>325km,u,blur_sigma2,freq_l1,0.0012133079580962658
246,4,>325km,u,blur_sigma2,freq_l1_unweighted,0.0014467963483184576
246,4,>325km,u,blur_sigma2,melr,-0.0008776792092248797
246,4,>325km,u,blur_sigma2,swd,0.0035178919788450003
246,4,>325km,v,blur_sigma2,freq_l1,0.001166443107649684
246,4,>325km,v,blur_sigma2,freq_l1_unweighted,0.0012450132053345442
246,4,>325km,v,blur_sigma2,melr,-0.0008811198640614748
246,4,>325km,v,blur_sigma2,swd,0.0027894843369722366
