2026-06-28 11:30:32,917 INFO Logging to /home/peytonli/26.6_wind/logs/train_20260628_113032.log
2026-06-28 11:30:32,917 INFO Config:
{
  "seed": 0,
  "paths": {
    "data_dir": "/home/peytonli/26.6_wind/data",
    "log_dir": "/home/peytonli/26.6_wind/logs",
    "splits_path": "/home/peytonli/26.6_wind/data/splits_70_15_15/split_indices.npz"
  },
  "model": {
    "img_size": 200,
    "embed_dim": 96,
    "depths": [
      4,
      4,
      4
    ],
    "num_heads": [
      6,
      6,
      6
    ],
    "window_size": 8,
    "mlp_ratio": 4.0,
    "residual_base": "enscgp",
    "residual_gate_init": 0.1,
    "drop_rate": 0.03,
    "attn_drop_rate": 0.03,
    "drop_path_rate": 0.1,
    "head_dropout": 0.15
  },
  "training": {
    "batch_size": 4,
    "num_epochs": 75,
    "learning_rate": 0.0001,
    "weight_decay": 0.0001,
    "nll_weight": 0.15,
    "ms_weight": 1.0,
    "l1_weight": 0.0,
    "spectral_weight": 0.0,
    "gradient_weight": 0.0,
    "quantile_weight": 0.0,
    "spectral_low_freq_cutoff": 0.28,
    "quantiles": [
      0.95,
      0.99
    ],
    "multiscale": {
      "n_levels": 5,
      "base_sigma": 2,
      "metric_per_band": [
        "l1",
        "sw",
        "sw",
        "sw",
        "l1"
      ],
      "metric_scale": {
        "l1": 1.0,
        "sw": 2.75
      },
      "patch_size": 8,
      "patch_stride": 4,
      "n_projections": 64,
      "sigma_floor": 0.001,
      "sigma_max_samples": 2000,
      "histogram_weight": 0.0,
      "force_recompute_sigma_band": false
    },
    "grad_clip_norm": 1.0,
    "num_workers": 2,
    "val_interval": 1,
    "early_stop_patience": 8,
    "lr_milestone_fractions": [
      0.5,
      0.75,
      0.9
    ],
    "lr_gamma": 0.5
  },
  "logging": {
    "log_every": 50
  }
}
2026-06-28 11:30:32,917 INFO Using device: cuda
2026-06-28 11:30:32,921 INFO Train samples: 4744, Val samples: 1013
2026-06-28 11:30:33,273 INFO Total parameters: 2086195
2026-06-28 11:30:33,274 INFO LR schedule: milestones (steps) = [44475, 66712, 80055] (of 88950 total), gamma = 0.500
2026-06-28 11:30:33,274 INFO Loss weights: {'nll': 0.15, 'ms': 1.0, 'l1': 0.0, 'spectral': 0.0, 'gradient': 0.0, 'quantile': 0.0}
2026-06-28 11:30:33,274 INFO Mean-aux loss params: spectral_low_freq_cutoff=0.280, quantiles=[0.95, 0.99]
2026-06-28 11:30:33,275 INFO multiscale_loss enabled: n_levels=5, base_sigma=2.00, metric_per_band=('l1', 'sw', 'sw', 'sw', 'l1'), metric_scale={'l1': 1.0, 'sw': 2.75}, sigma_band=[[0.698416531085968, 0.7594446539878845], [0.3979477286338806, 0.42225831747055054], [0.5279598236083984, 0.5658146739006042], [0.80471271276474, 0.8782278895378113], [5.570250034332275, 5.404760837554932]]
2026-06-28 11:30:55,697 INFO Epoch 0 | Batch 50/1186 | Loss 3.88817 (NLL 4.85372 [logdet 1.62398, mahal 1.39187], MS 3.16011, L1 2.20317, Spectral 0.27135, Gradient 0.49330, Quantile 1.02772) | LR 1.00e-04
2026-06-28 11:31:17,419 INFO Epoch 0 | Batch 100/1186 | Loss 3.44260 (NLL 4.77044 [logdet 1.85762, mahal 1.07494], MS 2.72704, L1 2.21251, Spectral 0.27361, Gradient 0.51750, Quantile 1.01763) | LR 1.00e-04
2026-06-28 11:31:39,168 INFO Epoch 0 | Batch 150/1186 | Loss 3.39083 (NLL 4.64962 [logdet 1.86432, mahal 0.94742], MS 2.69338, L1 2.07466, Spectral 0.26204, Gradient 0.49725, Quantile 0.99033) | LR 1.00e-04
2026-06-28 11:32:00,901 INFO Epoch 0 | Batch 200/1186 | Loss 3.42572 (NLL 4.74542 [logdet 1.86876, mahal 1.03878], MS 2.71391, L1 2.17842, Spectral 0.26637, Gradient 0.50305, Quantile 1.05136) | LR 1.00e-04
2026-06-28 11:32:22,625 INFO Epoch 0 | Batch 250/1186 | Loss 3.36031 (NLL 4.70790 [logdet 1.88778, mahal 0.98224], MS 2.65413, L1 2.15928, Spectral 0.27918, Gradient 0.51371, Quantile 1.04002) | LR 1.00e-04
2026-06-28 11:32:44,331 INFO Epoch 0 | Batch 300/1186 | Loss 3.31586 (NLL 4.58825 [logdet 1.78333, mahal 0.96704], MS 2.62762, L1 2.04418, Spectral 0.26395, Gradient 0.49531, Quantile 1.00948) | LR 1.00e-04
2026-06-28 11:33:06,044 INFO Epoch 0 | Batch 350/1186 | Loss 3.35705 (NLL 4.66290 [logdet 1.78599, mahal 1.03903], MS 2.65761, L1 2.13444, Spectral 0.26868, Gradient 0.50483, Quantile 1.05651) | LR 1.00e-04
2026-06-28 11:33:27,762 INFO Epoch 0 | Batch 400/1186 | Loss 3.32765 (NLL 4.65272 [logdet 1.82885, mahal 0.98599], MS 2.62974, L1 2.13622, Spectral 0.26648, Gradient 0.50157, Quantile 1.01048) | LR 1.00e-04
2026-06-28 11:33:49,504 INFO Epoch 0 | Batch 450/1186 | Loss 3.27292 (NLL 4.66817 [logdet 1.85047, mahal 0.97983], MS 2.57269, L1 2.13061, Spectral 0.27262, Gradient 0.51220, Quantile 1.02652) | LR 1.00e-04
2026-06-28 11:34:11,248 INFO Epoch 0 | Batch 500/1186 | Loss 3.45416 (NLL 4.70546 [logdet 1.86441, mahal 1.00317], MS 2.74834, L1 2.19245, Spectral 0.27900, Gradient 0.51892, Quantile 1.12959) | LR 1.00e-04
2026-06-28 11:34:32,981 INFO Epoch 0 | Batch 550/1186 | Loss 3.36318 (NLL 4.62361 [logdet 1.80057, mahal 0.98517], MS 2.66963, L1 2.15229, Spectral 0.27175, Gradient 0.51103, Quantile 1.07093) | LR 1.00e-04
2026-06-28 11:34:54,712 INFO Epoch 0 | Batch 600/1186 | Loss 3.44521 (NLL 4.61066 [logdet 1.78929, mahal 0.98350], MS 2.75361, L1 2.08610, Spectral 0.27485, Gradient 0.50622, Quantile 1.03358) | LR 1.00e-04
2026-06-28 11:35:16,455 INFO Epoch 0 | Batch 650/1186 | Loss 3.32768 (NLL 4.63408 [logdet 1.82905, mahal 0.96715], MS 2.63257, L1 2.14199, Spectral 0.26896, Gradient 0.50077, Quantile 1.05578) | LR 1.00e-04
2026-06-28 11:35:38,172 INFO Epoch 0 | Batch 700/1186 | Loss 3.28034 (NLL 4.54736 [logdet 1.76788, mahal 0.94160], MS 2.59824, L1 2.02133, Spectral 0.26144, Gradient 0.49071, Quantile 0.99819) | LR 1.00e-04
2026-06-28 11:35:59,897 INFO Epoch 0 | Batch 750/1186 | Loss 3.22883 (NLL 4.58291 [logdet 1.76018, mahal 0.98485], MS 2.54139, L1 2.07041, Spectral 0.25965, Gradient 0.48686, Quantile 1.00400) | LR 1.00e-04
2026-06-28 11:36:21,624 INFO Epoch 0 | Batch 800/1186 | Loss 3.31606 (NLL 4.61711 [logdet 1.79800, mahal 0.98124], MS 2.62349, L1 2.10667, Spectral 0.27060, Gradient 0.50528, Quantile 1.05138) | LR 1.00e-04
2026-06-28 11:36:43,341 INFO Epoch 0 | Batch 850/1186 | Loss 3.37197 (NLL 4.60503 [logdet 1.76143, mahal 1.00571], MS 2.68122, L1 2.08085, Spectral 0.26310, Gradient 0.49008, Quantile 1.02983) | LR 1.00e-04
2026-06-28 11:37:05,075 INFO Epoch 0 | Batch 900/1186 | Loss 3.41015 (NLL 4.64302 [logdet 1.81013, mahal 0.99501], MS 2.71370, L1 2.12183, Spectral 0.26916, Gradient 0.51026, Quantile 1.04892) | LR 1.00e-04
2026-06-28 11:37:26,809 INFO Epoch 0 | Batch 950/1186 | Loss 3.38093 (NLL 4.66648 [logdet 1.82602, mahal 1.00258], MS 2.68095, L1 2.12469, Spectral 0.26956, Gradient 0.50438, Quantile 1.03754) | LR 1.00e-04
2026-06-28 11:37:48,529 INFO Epoch 0 | Batch 1000/1186 | Loss 3.35119 (NLL 4.60892 [logdet 1.79683, mahal 0.97421], MS 2.65985, L1 2.09538, Spectral 0.26786, Gradient 0.50195, Quantile 1.01969) | LR 1.00e-04
2026-06-28 11:38:10,255 INFO Epoch 0 | Batch 1050/1186 | Loss 3.32225 (NLL 4.62568 [logdet 1.82598, mahal 0.96182], MS 2.62840, L1 2.12313, Spectral 0.27087, Gradient 0.51048, Quantile 1.03506) | LR 1.00e-04
2026-06-28 11:38:31,975 INFO Epoch 0 | Batch 1100/1186 | Loss 3.27395 (NLL 4.58531 [logdet 1.77771, mahal 0.96972], MS 2.58616, L1 2.06323, Spectral 0.26488, Gradient 0.49154, Quantile 1.02630) | LR 1.00e-04
2026-06-28 11:38:53,700 INFO Epoch 0 | Batch 1150/1186 | Loss 3.34078 (NLL 4.55865 [logdet 1.79112, mahal 0.92966], MS 2.65698, L1 2.08720, Spectral 0.26806, Gradient 0.49748, Quantile 1.02161) | LR 1.00e-04
2026-06-28 11:39:44,873 INFO Epoch 0 | Val Loss 3.81766 (NLL 4.51053 [logdet 1.73742, mahal 0.93524], MS 3.14108, L1 1.98335, Spectral 0.26601, Gradient 0.49438, Quantile 1.03670)
2026-06-28 11:39:45,330 INFO New best val loss: 3.81766 (saved checkpoints/best.pth)
2026-06-28 11:40:07,121 INFO Epoch 1 | Batch 50/1186 | Loss 3.28471 (NLL 4.54915 [logdet 1.74364, mahal 0.96764], MS 2.60234, L1 2.06306, Spectral 0.26716, Gradient 0.50123, Quantile 1.02852) | LR 1.00e-04
2026-06-28 11:40:28,855 INFO Epoch 1 | Batch 100/1186 | Loss 3.20550 (NLL 4.54168 [logdet 1.76692, mahal 0.93688], MS 2.52425, L1 2.02712, Spectral 0.26826, Gradient 0.49965, Quantile 0.97012) | LR 1.00e-04
2026-06-28 11:40:50,584 INFO Epoch 1 | Batch 150/1186 | Loss 3.26588 (NLL 4.57475 [logdet 1.71233, mahal 1.02454], MS 2.57967, L1 2.07369, Spectral 0.26611, Gradient 0.49652, Quantile 1.04879) | LR 1.00e-04
2026-06-28 11:41:12,312 INFO Epoch 1 | Batch 200/1186 | Loss 3.20761 (NLL 4.53290 [logdet 1.71543, mahal 0.97959], MS 2.52767, L1 2.05226, Spectral 0.26471, Gradient 0.49292, Quantile 0.99255) | LR 1.00e-04
2026-06-28 11:41:34,041 INFO Epoch 1 | Batch 250/1186 | Loss 3.20905 (NLL 4.54037 [logdet 1.69217, mahal 1.01033], MS 2.52799, L1 2.02234, Spectral 0.26554, Gradient 0.49751, Quantile 1.00652) | LR 1.00e-04
2026-06-28 11:41:55,754 INFO Epoch 1 | Batch 300/1186 | Loss 3.45350 (NLL 4.68482 [logdet 1.75499, mahal 1.09196], MS 2.75078, L1 2.17715, Spectral 0.27929, Gradient 0.52185, Quantile 1.10426) | LR 1.00e-04
2026-06-28 11:42:17,474 INFO Epoch 1 | Batch 350/1186 | Loss 3.35105 (NLL 4.62983 [logdet 1.79126, mahal 1.00070], MS 2.65658, L1 2.12617, Spectral 0.26741, Gradient 0.50845, Quantile 1.07299) | LR 1.00e-04
2026-06-28 11:42:39,192 INFO Epoch 1 | Batch 400/1186 | Loss 3.23438 (NLL 4.58021 [logdet 1.76779, mahal 0.97454], MS 2.54735, L1 2.05628, Spectral 0.27003, Gradient 0.50062, Quantile 1.00690) | LR 1.00e-04
2026-06-28 11:43:00,888 INFO Epoch 1 | Batch 450/1186 | Loss 3.33768 (NLL 4.58093 [logdet 1.75584, mahal 0.98721], MS 2.65054, L1 2.05406, Spectral 0.26769, Gradient 0.49764, Quantile 1.00232) | LR 1.00e-04
2026-06-28 11:43:22,606 INFO Epoch 1 | Batch 500/1186 | Loss 3.25342 (NLL 4.59297 [logdet 1.74582, mahal 1.00927], MS 2.56447, L1 2.07969, Spectral 0.26749, Gradient 0.49462, Quantile 0.99798) | LR 1.00e-04
2026-06-28 11:43:44,331 INFO Epoch 1 | Batch 550/1186 | Loss 3.25839 (NLL 4.55123 [logdet 1.79254, mahal 0.92081], MS 2.57570, L1 2.07996, Spectral 0.26846, Gradient 0.50077, Quantile 1.05888) | LR 1.00e-04
2026-06-28 11:44:06,058 INFO Epoch 1 | Batch 600/1186 | Loss 3.25254 (NLL 4.61700 [logdet 1.74545, mahal 1.03367], MS 2.55999, L1 2.08263, Spectral 0.26645, Gradient 0.49757, Quantile 1.02157) | LR 1.00e-04
2026-06-28 11:44:27,774 INFO Epoch 1 | Batch 650/1186 | Loss 3.33648 (NLL 4.62137 [logdet 1.73393, mahal 1.04956], MS 2.64328, L1 2.12974, Spectral 0.26749, Gradient 0.50253, Quantile 1.06184) | LR 1.00e-04
2026-06-28 11:44:49,506 INFO Epoch 1 | Batch 700/1186 | Loss 3.26584 (NLL 4.61341 [logdet 1.75616, mahal 1.01938], MS 2.57382, L1 2.10330, Spectral 0.26682, Gradient 0.50035, Quantile 1.02989) | LR 1.00e-04
2026-06-28 11:45:11,236 INFO Epoch 1 | Batch 750/1186 | Loss 3.20623 (NLL 4.53347 [logdet 1.74765, mahal 0.94794], MS 2.52621, L1 2.03565, Spectral 0.26668, Gradient 0.49890, Quantile 0.99558) | LR 1.00e-04
2026-06-28 11:45:32,948 INFO Epoch 1 | Batch 800/1186 | Loss 3.33980 (NLL 4.62354 [logdet 1.77623, mahal 1.00943], MS 2.64627, L1 2.08014, Spectral 0.26881, Gradient 0.49925, Quantile 0.99035) | LR 1.00e-04
2026-06-28 11:45:54,658 INFO Epoch 1 | Batch 850/1186 | Loss 3.35499 (NLL 4.56892 [logdet 1.78341, mahal 0.94763], MS 2.66966, L1 2.07080, Spectral 0.26553, Gradient 0.50553, Quantile 1.02291) | LR 1.00e-04
2026-06-28 11:46:16,385 INFO Epoch 1 | Batch 900/1186 | Loss 3.29151 (NLL 4.62910 [logdet 1.76803, mahal 1.02319], MS 2.59714, L1 2.14318, Spectral 0.27306, Gradient 0.50494, Quantile 1.05835) | LR 1.00e-04
2026-06-28 11:46:38,110 INFO Epoch 1 | Batch 950/1186 | Loss 3.30096 (NLL 4.58586 [logdet 1.75892, mahal 0.98906], MS 2.61309, L1 2.12215, Spectral 0.27252, Gradient 0.51272, Quantile 1.06889) | LR 1.00e-04
2026-06-28 11:46:59,852 INFO Epoch 1 | Batch 1000/1186 | Loss 3.42863 (NLL 4.62396 [logdet 1.73918, mahal 1.04690], MS 2.73503, L1 2.11727, Spectral 0.26828, Gradient 0.50743, Quantile 1.03010) | LR 1.00e-04
2026-06-28 11:47:21,572 INFO Epoch 1 | Batch 1050/1186 | Loss 3.29692 (NLL 4.63848 [logdet 1.78102, mahal 1.01958], MS 2.60115, L1 2.18165, Spectral 0.26951, Gradient 0.51262, Quantile 1.04861) | LR 1.00e-04
2026-06-28 11:47:43,285 INFO Epoch 1 | Batch 1100/1186 | Loss 3.37234 (NLL 4.63599 [logdet 1.78436, mahal 1.01375], MS 2.67694, L1 2.16103, Spectral 0.27007, Gradient 0.50735, Quantile 1.05401) | LR 1.00e-04
2026-06-28 11:48:05,010 INFO Epoch 1 | Batch 1150/1186 | Loss 3.29709 (NLL 4.59990 [logdet 1.79124, mahal 0.97079], MS 2.60711, L1 2.11513, Spectral 0.27367, Gradient 0.50761, Quantile 1.06127) | LR 1.00e-04
2026-06-28 11:48:56,253 INFO Epoch 1 | Val Loss 3.73650 (NLL 4.52252 [logdet 1.77594, mahal 0.90871], MS 3.05812, L1 1.98905, Spectral 0.26575, Gradient 0.49888, Quantile 1.01544)
2026-06-28 11:48:56,759 INFO New best val loss: 3.73650 (saved checkpoints/best.pth)
2026-06-28 11:49:18,574 INFO Epoch 2 | Batch 50/1186 | Loss 3.45011 (NLL 4.64196 [logdet 1.80307, mahal 1.00101], MS 2.75382, L1 2.16624, Spectral 0.27106, Gradient 0.51227, Quantile 1.09889) | LR 1.00e-04
2026-06-28 11:49:40,292 INFO Epoch 2 | Batch 100/1186 | Loss 3.20150 (NLL 4.56432 [logdet 1.77471, mahal 0.95174], MS 2.51685, L1 2.04133, Spectral 0.26226, Gradient 0.49613, Quantile 0.99418) | LR 1.00e-04
2026-06-28 11:50:02,031 INFO Epoch 2 | Batch 150/1186 | Loss 3.26440 (NLL 4.60011 [logdet 1.74945, mahal 1.01279], MS 2.57438, L1 2.07557, Spectral 0.26592, Gradient 0.49646, Quantile 1.04460) | LR 1.00e-04
2026-06-28 11:50:23,766 INFO Epoch 2 | Batch 200/1186 | Loss 3.29409 (NLL 4.58792 [logdet 1.76437, mahal 0.98568], MS 2.60590, L1 2.07273, Spectral 0.27227, Gradient 0.50188, Quantile 1.00650) | LR 1.00e-04
2026-06-28 11:50:45,489 INFO Epoch 2 | Batch 250/1186 | Loss 3.38815 (NLL 4.61440 [logdet 1.79073, mahal 0.98579], MS 2.69599, L1 2.13222, Spectral 0.26950, Gradient 0.50667, Quantile 1.01973) | LR 1.00e-04
2026-06-28 11:51:07,225 INFO Epoch 2 | Batch 300/1186 | Loss 3.19797 (NLL 4.52699 [logdet 1.75746, mahal 0.93165], MS 2.51893, L1 2.02946, Spectral 0.26566, Gradient 0.48793, Quantile 0.97548) | LR 1.00e-04
2026-06-28 11:51:28,950 INFO Epoch 2 | Batch 350/1186 | Loss 3.30924 (NLL 4.59426 [logdet 1.75972, mahal 0.99666], MS 2.62010, L1 2.11915, Spectral 0.27762, Gradient 0.51059, Quantile 1.06049) | LR 1.00e-04
2026-06-28 11:51:50,655 INFO Epoch 2 | Batch 400/1186 | Loss 3.38024 (NLL 4.60025 [logdet 1.71904, mahal 1.04334], MS 2.69020, L1 2.08464, Spectral 0.26990, Gradient 0.50033, Quantile 1.04999) | LR 1.00e-04
2026-06-28 11:52:12,375 INFO Epoch 2 | Batch 450/1186 | Loss 3.25792 (NLL 4.54116 [logdet 1.72608, mahal 0.97721], MS 2.57675, L1 2.04533, Spectral 0.26636, Gradient 0.50024, Quantile 0.97512) | LR 1.00e-04
2026-06-28 11:52:34,097 INFO Epoch 2 | Batch 500/1186 | Loss 3.30083 (NLL 4.58271 [logdet 1.75618, mahal 0.98865], MS 2.61342, L1 2.08900, Spectral 0.26912, Gradient 0.50528, Quantile 1.03322) | LR 1.00e-04
2026-06-28 11:52:55,826 INFO Epoch 2 | Batch 550/1186 | Loss 3.26615 (NLL 4.53670 [logdet 1.74093, mahal 0.95790], MS 2.58564, L1 2.03006, Spectral 0.26945, Gradient 0.50239, Quantile 1.01683) | LR 1.00e-04
2026-06-28 11:53:17,554 INFO Epoch 2 | Batch 600/1186 | Loss 3.31216 (NLL 4.55620 [logdet 1.74816, mahal 0.97016], MS 2.62873, L1 2.05620, Spectral 0.26617, Gradient 0.50353, Quantile 0.97580) | LR 1.00e-04
2026-06-28 11:53:39,286 INFO Epoch 2 | Batch 650/1186 | Loss 3.28012 (NLL 4.55230 [logdet 1.71026, mahal 1.00416], MS 2.59727, L1 2.05357, Spectral 0.26152, Gradient 0.49304, Quantile 1.00226) | LR 1.00e-04
2026-06-28 11:54:01,023 INFO Epoch 2 | Batch 700/1186 | Loss 3.19183 (NLL 4.56122 [logdet 1.73320, mahal 0.99014], MS 2.50765, L1 2.03661, Spectral 0.26328, Gradient 0.49674, Quantile 1.02235) | LR 1.00e-04
2026-06-28 11:54:22,724 INFO Epoch 2 | Batch 750/1186 | Loss 3.29527 (NLL 4.57929 [logdet 1.72140, mahal 1.02001], MS 2.60838, L1 2.08343, Spectral 0.26756, Gradient 0.50244, Quantile 1.04159) | LR 1.00e-04
2026-06-28 11:54:44,402 INFO Epoch 2 | Batch 800/1186 | Loss 3.22856 (NLL 4.56374 [logdet 1.70570, mahal 1.02016], MS 2.54400, L1 2.07666, Spectral 0.26315, Gradient 0.49454, Quantile 1.01628) | LR 1.00e-04
2026-06-28 11:55:06,090 INFO Epoch 2 | Batch 850/1186 | Loss 3.25455 (NLL 4.54526 [logdet 1.70763, mahal 0.99975], MS 2.57276, L1 2.06154, Spectral 0.27065, Gradient 0.50409, Quantile 1.03863) | LR 1.00e-04
2026-06-28 11:55:27,782 INFO Epoch 2 | Batch 900/1186 | Loss 3.30661 (NLL 4.57484 [logdet 1.73383, mahal 1.00313], MS 2.62038, L1 2.06955, Spectral 0.27238, Gradient 0.50564, Quantile 1.00512) | LR 1.00e-04
2026-06-28 11:55:49,481 INFO Epoch 2 | Batch 950/1186 | Loss 3.29662 (NLL 4.58937 [logdet 1.74917, mahal 1.00232], MS 2.60822, L1 2.10396, Spectral 0.27553, Gradient 0.50822, Quantile 1.03468) | LR 1.00e-04
2026-06-28 11:56:11,199 INFO Epoch 2 | Batch 1000/1186 | Loss 3.17248 (NLL 4.56677 [logdet 1.72883, mahal 1.00006], MS 2.48746, L1 2.05653, Spectral 0.26022, Gradient 0.49010, Quantile 1.01304) | LR 1.00e-04
2026-06-28 11:56:32,920 INFO Epoch 2 | Batch 1050/1186 | Loss 3.42388 (NLL 4.62577 [logdet 1.77858, mahal 1.00931], MS 2.73001, L1 2.14262, Spectral 0.27338, Gradient 0.50965, Quantile 1.06699) | LR 1.00e-04
2026-06-28 11:56:54,634 INFO Epoch 2 | Batch 1100/1186 | Loss 3.26986 (NLL 4.56961 [logdet 1.74528, mahal 0.98645], MS 2.58442, L1 2.08923, Spectral 0.26669, Gradient 0.50227, Quantile 1.01951) | LR 1.00e-04
2026-06-28 11:57:16,339 INFO Epoch 2 | Batch 1150/1186 | Loss 3.34664 (NLL 4.60751 [logdet 1.73320, mahal 1.03644], MS 2.65551, L1 2.11156, Spectral 0.26853, Gradient 0.50582, Quantile 1.04358) | LR 1.00e-04
2026-06-28 11:58:07,572 INFO Epoch 2 | Val Loss 3.72635 (NLL 4.52244 [logdet 1.74654, mahal 0.93802], MS 3.04799, L1 2.01645, Spectral 0.26564, Gradient 0.50747, Quantile 1.04583)
2026-06-28 11:58:08,029 INFO New best val loss: 3.72635 (saved checkpoints/best.pth)
2026-06-28 11:58:29,831 INFO Epoch 3 | Batch 50/1186 | Loss 3.27622 (NLL 4.57623 [logdet 1.73966, mahal 0.99869], MS 2.58979, L1 2.09110, Spectral 0.27016, Gradient 0.50461, Quantile 1.01470) | LR 1.00e-04
2026-06-28 11:58:51,569 INFO Epoch 3 | Batch 100/1186 | Loss 3.23425 (NLL 4.55843 [logdet 1.69584, mahal 1.02472], MS 2.55048, L1 2.06908, Spectral 0.26768, Gradient 0.50039, Quantile 1.02053) | LR 1.00e-04
2026-06-28 11:59:13,303 INFO Epoch 3 | Batch 150/1186 | Loss 3.31396 (NLL 4.57187 [logdet 1.76323, mahal 0.97076], MS 2.62818, L1 2.07193, Spectral 0.27667, Gradient 0.51141, Quantile 1.02618) | LR 1.00e-04
2026-06-28 11:59:35,047 INFO Epoch 3 | Batch 200/1186 | Loss 3.22502 (NLL 4.59614 [logdet 1.76582, mahal 0.99244], MS 2.53560, L1 2.09669, Spectral 0.25697, Gradient 0.48626, Quantile 1.02602) | LR 1.00e-04
2026-06-28 11:59:56,768 INFO Epoch 3 | Batch 250/1186 | Loss 3.32569 (NLL 4.60340 [logdet 1.76228, mahal 1.00324], MS 2.63518, L1 2.13039, Spectral 0.27307, Gradient 0.50851, Quantile 1.04475) | LR 1.00e-04
2026-06-28 12:00:18,497 INFO Epoch 3 | Batch 300/1186 | Loss 3.41085 (NLL 4.61112 [logdet 1.79092, mahal 0.98233], MS 2.71918, L1 2.13802, Spectral 0.28048, Gradient 0.52251, Quantile 1.07471) | LR 1.00e-04
2026-06-28 12:00:40,220 INFO Epoch 3 | Batch 350/1186 | Loss 3.27453 (NLL 4.55001 [logdet 1.74659, mahal 0.96554], MS 2.59203, L1 2.08075, Spectral 0.27031, Gradient 0.50428, Quantile 1.03888) | LR 1.00e-04
2026-06-28 12:01:01,960 INFO Epoch 3 | Batch 400/1186 | Loss 3.24313 (NLL 4.57453 [logdet 1.72251, mahal 1.01414], MS 2.55696, L1 2.08009, Spectral 0.26949, Gradient 0.50944, Quantile 1.02005) | LR 1.00e-04
2026-06-28 12:01:23,689 INFO Epoch 3 | Batch 450/1186 | Loss 3.32728 (NLL 4.60074 [logdet 1.71808, mahal 1.04479], MS 2.63717, L1 2.08809, Spectral 0.26910, Gradient 0.50770, Quantile 1.01340) | LR 1.00e-04
2026-06-28 12:01:45,419 INFO Epoch 3 | Batch 500/1186 | Loss 3.18631 (NLL 4.51592 [logdet 1.72176, mahal 0.95628], MS 2.50892, L1 2.00709, Spectral 0.26620, Gradient 0.50112, Quantile 0.98701) | LR 1.00e-04
2026-06-28 12:02:07,149 INFO Epoch 3 | Batch 550/1186 | Loss 3.18301 (NLL 4.58897 [logdet 1.69887, mahal 1.05222], MS 2.49466, L1 2.09643, Spectral 0.26500, Gradient 0.50130, Quantile 1.01499) | LR 1.00e-04
2026-06-28 12:02:28,861 INFO Epoch 3 | Batch 600/1186 | Loss 3.28581 (NLL 4.56526 [logdet 1.69470, mahal 1.03268], MS 2.60102, L1 2.06278, Spectral 0.27556, Gradient 0.50834, Quantile 1.04297) | LR 1.00e-04
2026-06-28 12:02:50,584 INFO Epoch 3 | Batch 650/1186 | Loss 3.18569 (NLL 4.48871 [logdet 1.67757, mahal 0.97326], MS 2.51238, L1 1.99227, Spectral 0.26867, Gradient 0.49577, Quantile 0.98721) | LR 1.00e-04
2026-06-28 12:03:12,296 INFO Epoch 3 | Batch 700/1186 | Loss 3.25507 (NLL 4.57174 [logdet 1.66139, mahal 1.07247], MS 2.56931, L1 2.03759, Spectral 0.26105, Gradient 0.48992, Quantile 1.00784) | LR 1.00e-04
2026-06-28 12:03:34,027 INFO Epoch 3 | Batch 750/1186 | Loss 3.34720 (NLL 4.62891 [logdet 1.74874, mahal 1.04229], MS 2.65286, L1 2.14856, Spectral 0.26901, Gradient 0.51157, Quantile 1.06768) | LR 1.00e-04
2026-06-28 12:03:55,769 INFO Epoch 3 | Batch 800/1186 | Loss 3.22794 (NLL 4.56750 [logdet 1.73432, mahal 0.99529], MS 2.54281, L1 2.07514, Spectral 0.26606, Gradient 0.50067, Quantile 1.03039) | LR 1.00e-04
2026-06-28 12:04:17,504 INFO Epoch 3 | Batch 850/1186 | Loss 3.21132 (NLL 4.53758 [logdet 1.71578, mahal 0.98393], MS 2.53068, L1 2.04862, Spectral 0.26261, Gradient 0.48922, Quantile 0.99406) | LR 1.00e-04
2026-06-28 12:04:39,233 INFO Epoch 3 | Batch 900/1186 | Loss 3.19903 (NLL 4.52660 [logdet 1.72697, mahal 0.96176], MS 2.52004, L1 2.03749, Spectral 0.27212, Gradient 0.50035, Quantile 0.96773) | LR 1.00e-04
2026-06-28 12:05:00,957 INFO Epoch 3 | Batch 950/1186 | Loss 3.31289 (NLL 4.55563 [logdet 1.72349, mahal 0.99426], MS 2.62955, L1 2.07832, Spectral 0.26745, Gradient 0.50557, Quantile 1.04560) | LR 1.00e-04
2026-06-28 12:05:22,688 INFO Epoch 3 | Batch 1000/1186 | Loss 3.28164 (NLL 4.54292 [logdet 1.72520, mahal 0.97985], MS 2.60020, L1 2.04607, Spectral 0.25718, Gradient 0.49127, Quantile 1.04551) | LR 1.00e-04
2026-06-28 12:05:44,409 INFO Epoch 3 | Batch 1050/1186 | Loss 3.37091 (NLL 4.60548 [logdet 1.71430, mahal 1.05331], MS 2.68009, L1 2.09766, Spectral 0.27031, Gradient 0.50545, Quantile 1.03571) | LR 1.00e-04
2026-06-28 12:06:06,132 INFO Epoch 3 | Batch 1100/1186 | Loss 3.19260 (NLL 4.51957 [logdet 1.73539, mahal 0.94631], MS 2.51466, L1 2.01065, Spectral 0.26484, Gradient 0.49966, Quantile 0.99623) | LR 1.00e-04
2026-06-28 12:06:27,861 INFO Epoch 3 | Batch 1150/1186 | Loss 3.21003 (NLL 4.59524 [logdet 1.75269, mahal 1.00466], MS 2.52075, L1 2.09316, Spectral 0.26231, Gradient 0.49412, Quantile 1.01294) | LR 1.00e-04
2026-06-28 12:07:19,056 INFO Epoch 3 | Val Loss 3.70498 (NLL 4.49209 [logdet 1.76211, mahal 0.89210], MS 3.03117, L1 1.96640, Spectral 0.26540, Gradient 0.49508, Quantile 1.02063)
2026-06-28 12:07:19,526 INFO New best val loss: 3.70498 (saved checkpoints/best.pth)
2026-06-28 12:07:41,305 INFO Epoch 4 | Batch 50/1186 | Loss 3.29732 (NLL 4.57457 [logdet 1.75750, mahal 0.97919], MS 2.61114, L1 2.08126, Spectral 0.27119, Gradient 0.50492, Quantile 1.01983) | LR 1.00e-04
2026-06-28 12:08:03,039 INFO Epoch 4 | Batch 100/1186 | Loss 3.33537 (NLL 4.62958 [logdet 1.76136, mahal 1.03034], MS 2.64093, L1 2.14640, Spectral 0.27342, Gradient 0.51014, Quantile 1.08034) | LR 1.00e-04
2026-06-28 12:08:24,768 INFO Epoch 4 | Batch 150/1186 | Loss 3.21587 (NLL 4.53652 [logdet 1.75022, mahal 0.94843], MS 2.53539, L1 2.02492, Spectral 0.27312, Gradient 0.50583, Quantile 0.98467) | LR 1.00e-04
2026-06-28 12:08:46,501 INFO Epoch 4 | Batch 200/1186 | Loss 3.27635 (NLL 4.60274 [logdet 1.75652, mahal 1.00834], MS 2.58594, L1 2.10861, Spectral 0.26463, Gradient 0.50004, Quantile 1.01476) | LR 1.00e-04
2026-06-28 12:09:08,221 INFO Epoch 4 | Batch 250/1186 | Loss 3.26649 (NLL 4.55535 [logdet 1.75169, mahal 0.96578], MS 2.58319, L1 2.06635, Spectral 0.27042, Gradient 0.49927, Quantile 1.01031) | LR 1.00e-04
2026-06-28 12:09:29,941 INFO Epoch 4 | Batch 300/1186 | Loss 3.23610 (NLL 4.54161 [logdet 1.75537, mahal 0.94836], MS 2.55486, L1 2.05862, Spectral 0.26787, Gradient 0.50744, Quantile 0.98809) | LR 1.00e-04
2026-06-28 12:09:51,674 INFO Epoch 4 | Batch 350/1186 | Loss 3.30591 (NLL 4.52527 [logdet 1.72332, mahal 0.96407], MS 2.62712, L1 2.07042, Spectral 0.26322, Gradient 0.49695, Quantile 0.99232) | LR 1.00e-04
2026-06-28 12:10:13,407 INFO Epoch 4 | Batch 400/1186 | Loss 3.28582 (NLL 4.52961 [logdet 1.68944, mahal 1.00230], MS 2.60637, L1 2.01828, Spectral 0.26833, Gradient 0.50196, Quantile 0.99000) | LR 1.00e-04
2026-06-28 12:10:35,136 INFO Epoch 4 | Batch 450/1186 | Loss 3.35683 (NLL 4.61883 [logdet 1.73765, mahal 1.04330], MS 2.66401, L1 2.14454, Spectral 0.27146, Gradient 0.51072, Quantile 1.10043) | LR 1.00e-04
2026-06-28 12:10:56,884 INFO Epoch 4 | Batch 500/1186 | Loss 3.18352 (NLL 4.47765 [logdet 1.72622, mahal 0.91355], MS 2.51187, L1 1.96499, Spectral 0.26047, Gradient 0.49352, Quantile 0.98901) | LR 1.00e-04
2026-06-28 12:11:18,601 INFO Epoch 4 | Batch 550/1186 | Loss 3.23128 (NLL 4.57854 [logdet 1.69465, mahal 1.04602], MS 2.54450, L1 2.06883, Spectral 0.27081, Gradient 0.50706, Quantile 1.03714) | LR 1.00e-04
2026-06-28 12:11:40,324 INFO Epoch 4 | Batch 600/1186 | Loss 3.29576 (NLL 4.55035 [logdet 1.71413, mahal 0.99834], MS 2.61321, L1 2.03453, Spectral 0.26413, Gradient 0.49543, Quantile 1.04075) | LR 1.00e-04
2026-06-28 12:12:02,059 INFO Epoch 4 | Batch 650/1186 | Loss 3.21070 (NLL 4.60266 [logdet 1.72594, mahal 1.03885], MS 2.52030, L1 2.10157, Spectral 0.27129, Gradient 0.50861, Quantile 1.03534) | LR 1.00e-04
2026-06-28 12:12:23,780 INFO Epoch 4 | Batch 700/1186 | Loss 3.23509 (NLL 4.50523 [logdet 1.70047, mahal 0.96688], MS 2.55931, L1 2.02020, Spectral 0.26639, Gradient 0.50247, Quantile 0.99863) | LR 1.00e-04
2026-06-28 12:12:45,516 INFO Epoch 4 | Batch 750/1186 | Loss 3.31441 (NLL 4.55557 [logdet 1.70553, mahal 1.01216], MS 2.63108, L1 2.08544, Spectral 0.26398, Gradient 0.50350, Quantile 1.04766) | LR 1.00e-04
2026-06-28 12:13:07,245 INFO Epoch 4 | Batch 800/1186 | Loss 3.34797 (NLL 4.57402 [logdet 1.70255, mahal 1.03360], MS 2.66187, L1 2.09065, Spectral 0.26601, Gradient 0.50615, Quantile 1.01429) | LR 1.00e-04
2026-06-28 12:13:28,968 INFO Epoch 4 | Batch 850/1186 | Loss 3.25831 (NLL 4.56114 [logdet 1.73471, mahal 0.98855], MS 2.57414, L1 2.05400, Spectral 0.27502, Gradient 0.50608, Quantile 1.01605) | LR 1.00e-04
2026-06-28 12:13:50,716 INFO Epoch 4 | Batch 900/1186 | Loss 3.18215 (NLL 4.51582 [logdet 1.73933, mahal 0.93861], MS 2.50478, L1 2.00306, Spectral 0.26439, Gradient 0.49343, Quantile 0.99907) | LR 1.00e-04
2026-06-28 12:14:12,442 INFO Epoch 4 | Batch 950/1186 | Loss 3.28242 (NLL 4.53336 [logdet 1.69485, mahal 1.00063], MS 2.60242, L1 2.05335, Spectral 0.26477, Gradient 0.49603, Quantile 1.01971) | LR 1.00e-04
2026-06-28 12:14:34,173 INFO Epoch 4 | Batch 1000/1186 | Loss 3.23703 (NLL 4.54439 [logdet 1.69031, mahal 1.01621], MS 2.55537, L1 2.04923, Spectral 0.26052, Gradient 0.49445, Quantile 1.00661) | LR 1.00e-04
2026-06-28 12:14:55,890 INFO Epoch 4 | Batch 1050/1186 | Loss 3.20364 (NLL 4.55744 [logdet 1.70214, mahal 1.01742], MS 2.52002, L1 2.06476, Spectral 0.26616, Gradient 0.49237, Quantile 0.98825) | LR 1.00e-04
2026-06-28 12:15:17,633 INFO Epoch 4 | Batch 1100/1186 | Loss 3.37196 (NLL 4.57969 [logdet 1.73225, mahal 1.00957], MS 2.68501, L1 2.11589, Spectral 0.27638, Gradient 0.51098, Quantile 1.02794) | LR 1.00e-04
2026-06-28 12:15:39,362 INFO Epoch 4 | Batch 1150/1186 | Loss 3.29396 (NLL 4.58354 [logdet 1.77762, mahal 0.96805], MS 2.60643, L1 2.09170, Spectral 0.27020, Gradient 0.50290, Quantile 1.05354) | LR 1.00e-04
2026-06-28 12:16:31,002 INFO Epoch 4 | Val Loss 3.69473 (NLL 4.50079 [logdet 1.72847, mahal 0.93445], MS 3.01961, L1 1.98962, Spectral 0.26525, Gradient 0.50477, Quantile 1.01328)
2026-06-28 12:16:31,461 INFO New best val loss: 3.69473 (saved checkpoints/best.pth)
2026-06-28 12:16:53,258 INFO Epoch 5 | Batch 50/1186 | Loss 3.26494 (NLL 4.56116 [logdet 1.70738, mahal 1.01590], MS 2.58077, L1 2.08013, Spectral 0.26790, Gradient 0.50205, Quantile 0.99541) | LR 1.00e-04
2026-06-28 12:17:14,989 INFO Epoch 5 | Batch 100/1186 | Loss 3.29095 (NLL 4.55852 [logdet 1.74898, mahal 0.97166], MS 2.60717, L1 2.06353, Spectral 0.26904, Gradient 0.50564, Quantile 1.00583) | LR 1.00e-04
2026-06-28 12:17:36,715 INFO Epoch 5 | Batch 150/1186 | Loss 3.24917 (NLL 4.59236 [logdet 1.76593, mahal 0.98855], MS 2.56031, L1 2.11422, Spectral 0.27066, Gradient 0.50468, Quantile 1.04208) | LR 1.00e-04
2026-06-28 12:17:58,433 INFO Epoch 5 | Batch 200/1186 | Loss 3.26115 (NLL 4.58048 [logdet 1.73531, mahal 1.00730], MS 2.57408, L1 2.07404, Spectral 0.26874, Gradient 0.50700, Quantile 1.01370) | LR 1.00e-04
2026-06-28 12:18:20,166 INFO Epoch 5 | Batch 250/1186 | Loss 3.20238 (NLL 4.53213 [logdet 1.71907, mahal 0.97518], MS 2.52256, L1 2.04683, Spectral 0.26559, Gradient 0.50441, Quantile 1.02709) | LR 1.00e-04
2026-06-28 12:18:41,903 INFO Epoch 5 | Batch 300/1186 | Loss 3.28737 (NLL 4.59353 [logdet 1.72223, mahal 1.03343], MS 2.59834, L1 2.12897, Spectral 0.26285, Gradient 0.50171, Quantile 1.02892) | LR 1.00e-04
2026-06-28 12:19:03,622 INFO Epoch 5 | Batch 350/1186 | Loss 3.31016 (NLL 4.50834 [logdet 1.69875, mahal 0.97171], MS 2.63391, L1 2.02893, Spectral 0.27664, Gradient 0.50523, Quantile 1.02650) | LR 1.00e-04
2026-06-28 12:19:25,359 INFO Epoch 5 | Batch 400/1186 | Loss 3.17005 (NLL 4.55283 [logdet 1.67945, mahal 1.03550], MS 2.48713, L1 2.03464, Spectral 0.26174, Gradient 0.49283, Quantile 1.00940) | LR 1.00e-04
2026-06-28 12:19:47,095 INFO Epoch 5 | Batch 450/1186 | Loss 3.22705 (NLL 4.61236 [logdet 1.73161, mahal 1.04287], MS 2.53519, L1 2.12633, Spectral 0.26591, Gradient 0.50132, Quantile 1.03328) | LR 1.00e-04
2026-06-28 12:20:08,828 INFO Epoch 5 | Batch 500/1186 | Loss 3.16998 (NLL 4.49527 [logdet 1.72329, mahal 0.93410], MS 2.49569, L1 1.99917, Spectral 0.26068, Gradient 0.49063, Quantile 0.99519) | LR 1.00e-04
2026-06-28 12:20:30,573 INFO Epoch 5 | Batch 550/1186 | Loss 3.25009 (NLL 4.58870 [logdet 1.72977, mahal 1.02105], MS 2.56179, L1 2.06853, Spectral 0.26407, Gradient 0.49889, Quantile 1.02482) | LR 1.00e-04
2026-06-28 12:20:52,299 INFO Epoch 5 | Batch 600/1186 | Loss 3.26901 (NLL 4.52854 [logdet 1.74528, mahal 0.94539], MS 2.58972, L1 2.04858, Spectral 0.27014, Gradient 0.50649, Quantile 1.01214) | LR 1.00e-04
2026-06-28 12:21:14,015 INFO Epoch 5 | Batch 650/1186 | Loss 3.27229 (NLL 4.59352 [logdet 1.70174, mahal 1.05390], MS 2.58326, L1 2.07699, Spectral 0.26834, Gradient 0.50359, Quantile 1.06633) | LR 1.00e-04
2026-06-28 12:21:35,757 INFO Epoch 5 | Batch 700/1186 | Loss 3.27569 (NLL 4.55641 [logdet 1.74435, mahal 0.97419], MS 2.59223, L1 2.07604, Spectral 0.26652, Gradient 0.49226, Quantile 0.97208) | LR 1.00e-04
2026-06-28 12:21:57,488 INFO Epoch 5 | Batch 750/1186 | Loss 3.16851 (NLL 4.54546 [logdet 1.71979, mahal 0.98779], MS 2.48669, L1 2.05088, Spectral 0.27035, Gradient 0.49903, Quantile 1.00462) | LR 1.00e-04
2026-06-28 12:22:19,206 INFO Epoch 5 | Batch 800/1186 | Loss 3.22931 (NLL 4.56688 [logdet 1.71786, mahal 1.01114], MS 2.54428, L1 2.05653, Spectral 0.26429, Gradient 0.49754, Quantile 1.02786) | LR 1.00e-04
2026-06-28 12:22:40,938 INFO Epoch 5 | Batch 850/1186 | Loss 3.24942 (NLL 4.52293 [logdet 1.74931, mahal 0.93574], MS 2.57098, L1 2.03139, Spectral 0.27057, Gradient 0.49619, Quantile 0.97438) | LR 1.00e-04
2026-06-28 12:23:02,661 INFO Epoch 5 | Batch 900/1186 | Loss 3.14399 (NLL 4.50148 [logdet 1.68639, mahal 0.97721], MS 2.46877, L1 2.01381, Spectral 0.26355, Gradient 0.49128, Quantile 0.99832) | LR 1.00e-04
2026-06-28 12:23:24,393 INFO Epoch 5 | Batch 950/1186 | Loss 3.34102 (NLL 4.56174 [logdet 1.68987, mahal 1.03399], MS 2.65675, L1 2.07550, Spectral 0.27734, Gradient 0.51891, Quantile 1.04641) | LR 1.00e-04
2026-06-28 12:23:46,120 INFO Epoch 5 | Batch 1000/1186 | Loss 3.24510 (NLL 4.56458 [logdet 1.71909, mahal 1.00761], MS 2.56041, L1 2.08696, Spectral 0.27546, Gradient 0.51235, Quantile 1.03818) | LR 1.00e-04
2026-06-28 12:24:07,848 INFO Epoch 5 | Batch 1050/1186 | Loss 3.28460 (NLL 4.54927 [logdet 1.70285, mahal 1.00854], MS 2.60221, L1 2.05288, Spectral 0.26889, Gradient 0.50125, Quantile 1.02328) | LR 1.00e-04
2026-06-28 12:24:29,576 INFO Epoch 5 | Batch 1100/1186 | Loss 3.26533 (NLL 4.56215 [logdet 1.70460, mahal 1.01967], MS 2.58101, L1 2.06479, Spectral 0.26674, Gradient 0.50058, Quantile 1.02186) | LR 1.00e-04
2026-06-28 12:24:51,327 INFO Epoch 5 | Batch 1150/1186 | Loss 3.27142 (NLL 4.55759 [logdet 1.73736, mahal 0.98235], MS 2.58778, L1 2.06885, Spectral 0.26942, Gradient 0.50815, Quantile 0.99274) | LR 1.00e-04
2026-06-28 12:25:42,924 INFO Epoch 5 | Val Loss 3.69592 (NLL 4.50837 [logdet 1.77392, mahal 0.89657], MS 3.01967, L1 2.00114, Spectral 0.26530, Gradient 0.50309, Quantile 1.04560)
2026-06-28 12:26:04,957 INFO Epoch 6 | Batch 50/1186 | Loss 3.21117 (NLL 4.55725 [logdet 1.77527, mahal 0.94410], MS 2.52758, L1 2.04173, Spectral 0.26288, Gradient 0.49294, Quantile 1.04113) | LR 1.00e-04
2026-06-28 12:26:26,689 INFO Epoch 6 | Batch 100/1186 | Loss 3.21519 (NLL 4.56147 [logdet 1.71671, mahal 1.00688], MS 2.53097, L1 2.07453, Spectral 0.27014, Gradient 0.50616, Quantile 1.03328) | LR 1.00e-04
2026-06-28 12:26:48,444 INFO Epoch 6 | Batch 150/1186 | Loss 3.27858 (NLL 4.58655 [logdet 1.71381, mahal 1.03487], MS 2.59059, L1 2.08848, Spectral 0.27303, Gradient 0.50134, Quantile 1.09247) | LR 1.00e-04
2026-06-28 12:27:10,174 INFO Epoch 6 | Batch 200/1186 | Loss 3.26360 (NLL 4.54411 [logdet 1.74318, mahal 0.96305], MS 2.58198, L1 2.06424, Spectral 0.26934, Gradient 0.50049, Quantile 1.01464) | LR 1.00e-04
2026-06-28 12:27:31,910 INFO Epoch 6 | Batch 250/1186 | Loss 3.21708 (NLL 4.52596 [logdet 1.67823, mahal 1.00985], MS 2.53818, L1 2.05650, Spectral 0.26464, Gradient 0.49399, Quantile 1.02012) | LR 1.00e-04
2026-06-28 12:27:53,655 INFO Epoch 6 | Batch 300/1186 | Loss 3.21984 (NLL 4.55814 [logdet 1.66911, mahal 1.05116], MS 2.53612, L1 2.05613, Spectral 0.26198, Gradient 0.49341, Quantile 0.99089) | LR 1.00e-04
2026-06-28 12:28:15,382 INFO Epoch 6 | Batch 350/1186 | Loss 3.32116 (NLL 4.57681 [logdet 1.71901, mahal 1.01991], MS 2.63464, L1 2.09319, Spectral 0.27346, Gradient 0.51529, Quantile 1.04802) | LR 1.00e-04
2026-06-28 12:28:37,121 INFO Epoch 6 | Batch 400/1186 | Loss 3.21241 (NLL 4.49906 [logdet 1.70526, mahal 0.95592], MS 2.53756, L1 2.01366, Spectral 0.26732, Gradient 0.50311, Quantile 0.98085) | LR 1.00e-04
2026-06-28 12:28:58,848 INFO Epoch 6 | Batch 450/1186 | Loss 3.20816 (NLL 4.54595 [logdet 1.65487, mahal 1.05321], MS 2.52627, L1 2.05941, Spectral 0.26509, Gradient 0.49778, Quantile 1.04828) | LR 1.00e-04
2026-06-28 12:29:20,574 INFO Epoch 6 | Batch 500/1186 | Loss 3.31143 (NLL 4.59014 [logdet 1.73538, mahal 1.01689], MS 2.62291, L1 2.12036, Spectral 0.27098, Gradient 0.50626, Quantile 1.04002) | LR 1.00e-04
2026-06-28 12:29:42,303 INFO Epoch 6 | Batch 550/1186 | Loss 3.30830 (NLL 4.60110 [logdet 1.74693, mahal 1.01629], MS 2.61813, L1 2.09664, Spectral 0.27376, Gradient 0.50625, Quantile 1.04265) | LR 1.00e-04
2026-06-28 12:30:04,033 INFO Epoch 6 | Batch 600/1186 | Loss 3.34697 (NLL 4.64121 [logdet 1.78612, mahal 1.01721], MS 2.65079, L1 2.12740, Spectral 0.26338, Gradient 0.50448, Quantile 1.09777) | LR 1.00e-04
2026-06-28 12:30:25,759 INFO Epoch 6 | Batch 650/1186 | Loss 3.22794 (NLL 4.54264 [logdet 1.71395, mahal 0.99081], MS 2.54654, L1 2.05670, Spectral 0.26473, Gradient 0.49442, Quantile 0.99451) | LR 1.00e-04
2026-06-28 12:30:47,483 INFO Epoch 6 | Batch 700/1186 | Loss 3.29951 (NLL 4.57742 [logdet 1.68176, mahal 1.05778], MS 2.61289, L1 2.08894, Spectral 0.27007, Gradient 0.49491, Quantile 1.01492) | LR 1.00e-04
2026-06-28 12:31:09,211 INFO Epoch 6 | Batch 750/1186 | Loss 3.21771 (NLL 4.52301 [logdet 1.70578, mahal 0.97936], MS 2.53926, L1 2.05378, Spectral 0.26624, Gradient 0.50355, Quantile 1.03319) | LR 1.00e-04
2026-06-28 12:31:30,933 INFO Epoch 6 | Batch 800/1186 | Loss 3.26509 (NLL 4.54865 [logdet 1.72242, mahal 0.98836], MS 2.58280, L1 2.04569, Spectral 0.26905, Gradient 0.50110, Quantile 1.00814) | LR 1.00e-04
2026-06-28 12:31:52,664 INFO Epoch 6 | Batch 850/1186 | Loss 3.20563 (NLL 4.52043 [logdet 1.71988, mahal 0.96267], MS 2.52757, L1 2.05426, Spectral 0.26382, Gradient 0.49569, Quantile 1.01459) | LR 1.00e-04
2026-06-28 12:32:14,397 INFO Epoch 6 | Batch 900/1186 | Loss 3.33045 (NLL 4.55784 [logdet 1.71285, mahal 1.00710], MS 2.64677, L1 2.06842, Spectral 0.27189, Gradient 0.50780, Quantile 1.01535) | LR 1.00e-04
2026-06-28 12:32:36,135 INFO Epoch 6 | Batch 950/1186 | Loss 3.25728 (NLL 4.51304 [logdet 1.67076, mahal 1.00439], MS 2.58032, L1 2.00418, Spectral 0.26848, Gradient 0.49790, Quantile 0.98532) | LR 1.00e-04
2026-06-28 12:32:57,866 INFO Epoch 6 | Batch 1000/1186 | Loss 3.14257 (NLL 4.55065 [logdet 1.69010, mahal 1.02267], MS 2.45997, L1 2.03914, Spectral 0.26692, Gradient 0.49215, Quantile 0.98919) | LR 1.00e-04
2026-06-28 12:33:19,716 INFO Epoch 6 | Batch 1050/1186 | Loss 3.23715 (NLL 4.52808 [logdet 1.71647, mahal 0.97373], MS 2.55793, L1 2.05193, Spectral 0.26905, Gradient 0.50034, Quantile 1.00266) | LR 1.00e-04
2026-06-28 12:33:41,450 INFO Epoch 6 | Batch 1100/1186 | Loss 3.18304 (NLL 4.52851 [logdet 1.70988, mahal 0.98075], MS 2.50376, L1 2.03601, Spectral 0.26498, Gradient 0.49792, Quantile 1.00642) | LR 1.00e-04
2026-06-28 12:34:03,180 INFO Epoch 6 | Batch 1150/1186 | Loss 3.30814 (NLL 4.53057 [logdet 1.71738, mahal 0.97531], MS 2.62855, L1 2.04020, Spectral 0.26826, Gradient 0.50046, Quantile 1.01733) | LR 1.00e-04
2026-06-28 12:34:54,443 INFO Epoch 6 | Val Loss 3.72789 (NLL 4.48905 [logdet 1.68642, mahal 0.96476], MS 3.05453, L1 1.99403, Spectral 0.26507, Gradient 0.50445, Quantile 1.02868)
2026-06-28 12:35:16,477 INFO Epoch 7 | Batch 50/1186 | Loss 3.17336 (NLL 4.50579 [logdet 1.67037, mahal 0.99753], MS 2.49749, L1 2.02860, Spectral 0.26227, Gradient 0.49108, Quantile 1.00885) | LR 1.00e-04
2026-06-28 12:35:38,212 INFO Epoch 7 | Batch 100/1186 | Loss 3.16893 (NLL 4.53647 [logdet 1.70443, mahal 0.99416], MS 2.48846, L1 2.05757, Spectral 0.26532, Gradient 0.49628, Quantile 1.00769) | LR 1.00e-04
2026-06-28 12:35:59,944 INFO Epoch 7 | Batch 150/1186 | Loss 3.34945 (NLL 4.56047 [logdet 1.69020, mahal 1.03240], MS 2.66538, L1 2.11180, Spectral 0.27626, Gradient 0.51391, Quantile 1.03980) | LR 1.00e-04
2026-06-28 12:36:21,660 INFO Epoch 7 | Batch 200/1186 | Loss 3.25645 (NLL 4.53572 [logdet 1.67588, mahal 1.02197], MS 2.57610, L1 2.04844, Spectral 0.27300, Gradient 0.50584, Quantile 0.99070) | LR 1.00e-04
2026-06-28 12:36:43,389 INFO Epoch 7 | Batch 250/1186 | Loss 3.25047 (NLL 4.55137 [logdet 1.70528, mahal 1.00821], MS 2.56776, L1 2.07117, Spectral 0.27927, Gradient 0.51257, Quantile 1.01568) | LR 1.00e-04
2026-06-28 12:37:05,116 INFO Epoch 7 | Batch 300/1186 | Loss 3.28591 (NLL 4.61374 [logdet 1.70290, mahal 1.07297], MS 2.59385, L1 2.10627, Spectral 0.27429, Gradient 0.50878, Quantile 1.01911) | LR 1.00e-04
2026-06-28 12:37:26,845 INFO Epoch 7 | Batch 350/1186 | Loss 3.22679 (NLL 4.52557 [logdet 1.73514, mahal 0.95255], MS 2.54795, L1 2.01005, Spectral 0.26675, Gradient 0.49697, Quantile 1.02022) | LR 1.00e-04
2026-06-28 12:37:48,556 INFO Epoch 7 | Batch 400/1186 | Loss 3.23123 (NLL 4.53654 [logdet 1.67114, mahal 1.02753], MS 2.55075, L1 2.04277, Spectral 0.26558, Gradient 0.49846, Quantile 1.00826) | LR 1.00e-04
2026-06-28 12:38:10,226 INFO Epoch 7 | Batch 450/1186 | Loss 3.20010 (NLL 4.54107 [logdet 1.71673, mahal 0.98646], MS 2.51894, L1 2.03043, Spectral 0.26928, Gradient 0.49751, Quantile 1.00665) | LR 1.00e-04
2026-06-28 12:38:31,930 INFO Epoch 7 | Batch 500/1186 | Loss 3.22231 (NLL 4.53991 [logdet 1.71708, mahal 0.98496], MS 2.54132, L1 2.03508, Spectral 0.26524, Gradient 0.49306, Quantile 1.01763) | LR 1.00e-04
2026-06-28 12:38:53,655 INFO Epoch 7 | Batch 550/1186 | Loss 3.14153 (NLL 4.52976 [logdet 1.69758, mahal 0.99430], MS 2.46207, L1 2.07248, Spectral 0.26389, Gradient 0.49180, Quantile 0.98692) | LR 1.00e-04
2026-06-28 12:39:15,382 INFO Epoch 7 | Batch 600/1186 | Loss 3.30243 (NLL 4.54800 [logdet 1.71141, mahal 0.99872], MS 2.62023, L1 2.07051, Spectral 0.26809, Gradient 0.49296, Quantile 1.03501) | LR 1.00e-04
2026-06-28 12:39:37,106 INFO Epoch 7 | Batch 650/1186 | Loss 3.27166 (NLL 4.55790 [logdet 1.69290, mahal 1.02712], MS 2.58798, L1 2.07664, Spectral 0.26095, Gradient 0.49536, Quantile 1.00337) | LR 1.00e-04
2026-06-28 12:39:58,835 INFO Epoch 7 | Batch 700/1186 | Loss 3.29470 (NLL 4.60995 [logdet 1.69925, mahal 1.07282], MS 2.60321, L1 2.09228, Spectral 0.26510, Gradient 0.49702, Quantile 1.01819) | LR 1.00e-04
2026-06-28 12:40:20,560 INFO Epoch 7 | Batch 750/1186 | Loss 3.26770 (NLL 4.57225 [logdet 1.78611, mahal 0.94826], MS 2.58186, L1 2.10729, Spectral 0.26852, Gradient 0.49992, Quantile 1.05070) | LR 1.00e-04
2026-06-28 12:40:42,298 INFO Epoch 7 | Batch 800/1186 | Loss 3.23209 (NLL 4.52566 [logdet 1.71841, mahal 0.96937], MS 2.55324, L1 2.01695, Spectral 0.26753, Gradient 0.50091, Quantile 1.02163) | LR 1.00e-04
2026-06-28 12:41:04,038 INFO Epoch 7 | Batch 850/1186 | Loss 3.20043 (NLL 4.53340 [logdet 1.69646, mahal 0.99906], MS 2.52042, L1 2.04457, Spectral 0.26879, Gradient 0.49956, Quantile 1.03829) | LR 1.00e-04
2026-06-28 12:41:25,775 INFO Epoch 7 | Batch 900/1186 | Loss 3.22303 (NLL 4.53842 [logdet 1.69667, mahal 1.00387], MS 2.54226, L1 2.05167, Spectral 0.27086, Gradient 0.51159, Quantile 1.05813) | LR 1.00e-04
2026-06-28 12:41:47,496 INFO Epoch 7 | Batch 950/1186 | Loss 3.25783 (NLL 4.54132 [logdet 1.70279, mahal 1.00066], MS 2.57663, L1 2.03814, Spectral 0.26445, Gradient 0.49139, Quantile 1.03647) | LR 1.00e-04
2026-06-28 12:42:09,234 INFO Epoch 7 | Batch 1000/1186 | Loss 3.21129 (NLL 4.51933 [logdet 1.70978, mahal 0.97167], MS 2.53339, L1 1.99064, Spectral 0.26765, Gradient 0.49354, Quantile 0.99353) | LR 1.00e-04
2026-06-28 12:42:30,975 INFO Epoch 7 | Batch 1050/1186 | Loss 3.22119 (NLL 4.53597 [logdet 1.70456, mahal 0.99354], MS 2.54079, L1 2.03502, Spectral 0.27295, Gradient 0.50508, Quantile 0.98258) | LR 1.00e-04
2026-06-28 12:42:52,700 INFO Epoch 7 | Batch 1100/1186 | Loss 3.25841 (NLL 4.55955 [logdet 1.74168, mahal 0.97999], MS 2.57448, L1 2.03100, Spectral 0.26451, Gradient 0.50006, Quantile 0.99668) | LR 1.00e-04
2026-06-28 12:43:14,432 INFO Epoch 7 | Batch 1150/1186 | Loss 3.31633 (NLL 4.54727 [logdet 1.71877, mahal 0.99063], MS 2.63423, L1 2.06111, Spectral 0.26521, Gradient 0.49896, Quantile 1.01036) | LR 1.00e-04
2026-06-28 12:44:05,678 INFO Epoch 7 | Val Loss 3.66623 (NLL 4.49887 [logdet 1.73024, mahal 0.93076], MS 2.99140, L1 1.99806, Spectral 0.26500, Gradient 0.50347, Quantile 1.05456)
2026-06-28 12:44:06,143 INFO New best val loss: 3.66623 (saved checkpoints/best.pth)
2026-06-28 12:44:27,944 INFO Epoch 8 | Batch 50/1186 | Loss 3.29347 (NLL 4.55833 [logdet 1.68643, mahal 1.03402], MS 2.60972, L1 2.06813, Spectral 0.26814, Gradient 0.50080, Quantile 0.99747) | LR 1.00e-04
2026-06-28 12:44:49,677 INFO Epoch 8 | Batch 100/1186 | Loss 3.09777 (NLL 4.52389 [logdet 1.68381, mahal 1.00220], MS 2.41918, L1 2.00279, Spectral 0.26293, Gradient 0.49222, Quantile 1.00323) | LR 1.00e-04
2026-06-28 12:45:11,398 INFO Epoch 8 | Batch 150/1186 | Loss 3.19544 (NLL 4.53024 [logdet 1.73408, mahal 0.95828], MS 2.51590, L1 2.04913, Spectral 0.27532, Gradient 0.50273, Quantile 1.00621) | LR 1.00e-04
2026-06-28 12:45:33,129 INFO Epoch 8 | Batch 200/1186 | Loss 3.35187 (NLL 4.56706 [logdet 1.72654, mahal 1.00264], MS 2.66681, L1 2.07462, Spectral 0.26850, Gradient 0.50346, Quantile 0.99713) | LR 1.00e-04
2026-06-28 12:45:54,871 INFO Epoch 8 | Batch 250/1186 | Loss 3.19276 (NLL 4.51805 [logdet 1.71061, mahal 0.96956], MS 2.51506, L1 2.03341, Spectral 0.27795, Gradient 0.50947, Quantile 1.00818) | LR 1.00e-04
2026-06-28 12:46:16,605 INFO Epoch 8 | Batch 300/1186 | Loss 3.24276 (NLL 4.55637 [logdet 1.67961, mahal 1.03888], MS 2.55930, L1 2.06190, Spectral 0.25953, Gradient 0.48924, Quantile 0.98825) | LR 1.00e-04
2026-06-28 12:46:38,340 INFO Epoch 8 | Batch 350/1186 | Loss 3.18173 (NLL 4.55782 [logdet 1.75287, mahal 0.96707], MS 2.49806, L1 2.06348, Spectral 0.26153, Gradient 0.49433, Quantile 1.00786) | LR 1.00e-04
2026-06-28 12:47:00,064 INFO Epoch 8 | Batch 400/1186 | Loss 3.24752 (NLL 4.49446 [logdet 1.67320, mahal 0.98338], MS 2.57335, L1 2.00337, Spectral 0.26689, Gradient 0.49540, Quantile 1.01390) | LR 1.00e-04
2026-06-28 12:47:21,806 INFO Epoch 8 | Batch 450/1186 | Loss 3.16685 (NLL 4.51902 [logdet 1.68152, mahal 0.99962], MS 2.48900, L1 2.03649, Spectral 0.26928, Gradient 0.49363, Quantile 0.99082) | LR 1.00e-04
2026-06-28 12:47:43,539 INFO Epoch 8 | Batch 500/1186 | Loss 3.23840 (NLL 4.56347 [logdet 1.70120, mahal 1.02439], MS 2.55388, L1 2.01973, Spectral 0.26570, Gradient 0.49051, Quantile 1.01348) | LR 1.00e-04
2026-06-28 12:48:05,260 INFO Epoch 8 | Batch 550/1186 | Loss 3.41348 (NLL 4.59905 [logdet 1.73439, mahal 1.02679], MS 2.72362, L1 2.11293, Spectral 0.27333, Gradient 0.51209, Quantile 1.06810) | LR 1.00e-04
2026-06-28 12:48:27,000 INFO Epoch 8 | Batch 600/1186 | Loss 3.29546 (NLL 4.58699 [logdet 1.74361, mahal 1.00550], MS 2.60741, L1 2.09865, Spectral 0.27040, Gradient 0.49592, Quantile 1.08069) | LR 1.00e-04
2026-06-28 12:48:48,740 INFO Epoch 8 | Batch 650/1186 | Loss 3.17734 (NLL 4.49421 [logdet 1.68994, mahal 0.96640], MS 2.50321, L1 2.02081, Spectral 0.26629, Gradient 0.50194, Quantile 0.97792) | LR 1.00e-04
2026-06-28 12:49:10,462 INFO Epoch 8 | Batch 700/1186 | Loss 3.27856 (NLL 4.53963 [logdet 1.67810, mahal 1.02365], MS 2.59762, L1 2.05090, Spectral 0.26826, Gradient 0.50588, Quantile 1.01443) | LR 1.00e-04
2026-06-28 12:49:32,183 INFO Epoch 8 | Batch 750/1186 | Loss 3.20173 (NLL 4.55536 [logdet 1.70890, mahal 1.00858], MS 2.51843, L1 2.07103, Spectral 0.26143, Gradient 0.49273, Quantile 1.03332) | LR 1.00e-04
2026-06-28 12:49:53,924 INFO Epoch 8 | Batch 800/1186 | Loss 3.28847 (NLL 4.59376 [logdet 1.75022, mahal 1.00567], MS 2.59941, L1 2.10525, Spectral 0.26635, Gradient 0.49744, Quantile 1.05565) | LR 1.00e-04
2026-06-28 12:50:15,643 INFO Epoch 8 | Batch 850/1186 | Loss 3.20415 (NLL 4.56156 [logdet 1.73345, mahal 0.99024], MS 2.51991, L1 2.08278, Spectral 0.26930, Gradient 0.49670, Quantile 1.05043) | LR 1.00e-04
2026-06-28 12:50:37,375 INFO Epoch 8 | Batch 900/1186 | Loss 3.22320 (NLL 4.56111 [logdet 1.73705, mahal 0.98619], MS 2.53903, L1 2.06650, Spectral 0.26401, Gradient 0.49415, Quantile 1.03433) | LR 1.00e-04
2026-06-28 12:50:59,097 INFO Epoch 8 | Batch 950/1186 | Loss 3.19274 (NLL 4.51841 [logdet 1.68856, mahal 0.99197], MS 2.51498, L1 2.03178, Spectral 0.26668, Gradient 0.49897, Quantile 1.02101) | LR 1.00e-04
2026-06-28 12:51:20,816 INFO Epoch 8 | Batch 1000/1186 | Loss 3.18100 (NLL 4.49690 [logdet 1.65896, mahal 1.00007], MS 2.50647, L1 1.98663, Spectral 0.27070, Gradient 0.49818, Quantile 0.97751) | LR 1.00e-04
2026-06-28 12:51:42,539 INFO Epoch 8 | Batch 1050/1186 | Loss 3.28439 (NLL 4.50653 [logdet 1.67134, mahal 0.99731], MS 2.60841, L1 2.03875, Spectral 0.27075, Gradient 0.49904, Quantile 1.00524) | LR 1.00e-04
2026-06-28 12:52:04,274 INFO Epoch 8 | Batch 1100/1186 | Loss 3.20524 (NLL 4.52905 [logdet 1.68361, mahal 1.00756], MS 2.52588, L1 2.01965, Spectral 0.26953, Gradient 0.50414, Quantile 1.00956) | LR 1.00e-04
2026-06-28 12:52:25,986 INFO Epoch 8 | Batch 1150/1186 | Loss 3.27883 (NLL 4.52305 [logdet 1.67880, mahal 1.00637], MS 2.60038, L1 2.07363, Spectral 0.26667, Gradient 0.49859, Quantile 1.04841) | LR 1.00e-04
2026-06-28 12:53:17,149 INFO Epoch 8 | Val Loss 3.68229 (NLL 4.46860 [logdet 1.67979, mahal 0.95094], MS 3.01200, L1 1.95191, Spectral 0.26488, Gradient 0.49303, Quantile 0.99363)
2026-06-28 12:53:39,156 INFO Epoch 9 | Batch 50/1186 | Loss 3.34702 (NLL 4.56365 [logdet 1.71010, mahal 1.01567], MS 2.66248, L1 2.03440, Spectral 0.27460, Gradient 0.50840, Quantile 0.98149) | LR 1.00e-04
2026-06-28 12:54:00,891 INFO Epoch 9 | Batch 100/1186 | Loss 3.20351 (NLL 4.51894 [logdet 1.66178, mahal 1.01928], MS 2.52567, L1 2.05581, Spectral 0.27412, Gradient 0.50406, Quantile 0.98794) | LR 1.00e-04
2026-06-28 12:54:22,595 INFO Epoch 9 | Batch 150/1186 | Loss 3.28987 (NLL 4.53313 [logdet 1.69068, mahal 1.00457], MS 2.60990, L1 2.04979, Spectral 0.27967, Gradient 0.51363, Quantile 1.03056) | LR 1.00e-04
2026-06-28 12:54:44,329 INFO Epoch 9 | Batch 200/1186 | Loss 3.15051 (NLL 4.49425 [logdet 1.67854, mahal 0.97783], MS 2.47637, L1 2.01796, Spectral 0.26754, Gradient 0.50117, Quantile 1.00984) | LR 1.00e-04
2026-06-28 12:55:06,058 INFO Epoch 9 | Batch 250/1186 | Loss 3.05597 (NLL 4.48155 [logdet 1.66947, mahal 0.97420], MS 2.38374, L1 1.98003, Spectral 0.26007, Gradient 0.48550, Quantile 1.00557) | LR 1.00e-04
2026-06-28 12:55:27,787 INFO Epoch 9 | Batch 300/1186 | Loss 3.11773 (NLL 4.51207 [logdet 1.65880, mahal 1.01539], MS 2.44092, L1 2.02344, Spectral 0.26079, Gradient 0.48144, Quantile 0.98763) | LR 1.00e-04
2026-06-28 12:55:49,516 INFO Epoch 9 | Batch 350/1186 | Loss 3.25769 (NLL 4.56962 [logdet 1.65803, mahal 1.07372], MS 2.57225, L1 2.06406, Spectral 0.26392, Gradient 0.49726, Quantile 0.99139) | LR 1.00e-04
2026-06-28 12:56:11,246 INFO Epoch 9 | Batch 400/1186 | Loss 3.07397 (NLL 4.48092 [logdet 1.67803, mahal 0.96501], MS 2.40183, L1 1.98716, Spectral 0.26001, Gradient 0.49120, Quantile 0.98325) | LR 1.00e-04
2026-06-28 12:56:32,961 INFO Epoch 9 | Batch 450/1186 | Loss 3.30999 (NLL 4.60509 [logdet 1.70242, mahal 1.06479], MS 2.61923, L1 2.12113, Spectral 0.26972, Gradient 0.50662, Quantile 1.10063) | LR 1.00e-04
2026-06-28 12:56:54,693 INFO Epoch 9 | Batch 500/1186 | Loss 3.22368 (NLL 4.56389 [logdet 1.72419, mahal 1.00181], MS 2.53910, L1 2.09442, Spectral 0.26714, Gradient 0.50448, Quantile 1.00680) | LR 1.00e-04
2026-06-28 12:57:16,422 INFO Epoch 9 | Batch 550/1186 | Loss 3.31855 (NLL 4.51989 [logdet 1.70914, mahal 0.97287], MS 2.64056, L1 2.05125, Spectral 0.26612, Gradient 0.49580, Quantile 1.04264) | LR 1.00e-04
2026-06-28 12:57:38,135 INFO Epoch 9 | Batch 600/1186 | Loss 3.19283 (NLL 4.53006 [logdet 1.71258, mahal 0.97961], MS 2.51332, L1 2.02642, Spectral 0.26096, Gradient 0.49343, Quantile 1.04091) | LR 1.00e-04
2026-06-28 12:57:59,861 INFO Epoch 9 | Batch 650/1186 | Loss 3.30004 (NLL 4.60916 [logdet 1.72310, mahal 1.04819], MS 2.60867, L1 2.09894, Spectral 0.27397, Gradient 0.50634, Quantile 1.02894) | LR 1.00e-04
2026-06-28 12:58:21,591 INFO Epoch 9 | Batch 700/1186 | Loss 3.26278 (NLL 4.62204 [logdet 1.74112, mahal 1.04304], MS 2.56947, L1 2.09454, Spectral 0.27707, Gradient 0.50537, Quantile 1.04288) | LR 1.00e-04
2026-06-28 12:58:43,340 INFO Epoch 9 | Batch 750/1186 | Loss 3.22508 (NLL 4.56850 [logdet 1.72307, mahal 1.00756], MS 2.53980, L1 2.08857, Spectral 0.26639, Gradient 0.49825, Quantile 1.02267) | LR 1.00e-04
2026-06-28 12:59:05,072 INFO Epoch 9 | Batch 800/1186 | Loss 3.24602 (NLL 4.55643 [logdet 1.69835, mahal 1.02021], MS 2.56255, L1 2.03867, Spectral 0.27032, Gradient 0.49448, Quantile 1.02006) | LR 1.00e-04
2026-06-28 12:59:26,801 INFO Epoch 9 | Batch 850/1186 | Loss 3.30193 (NLL 4.53525 [logdet 1.70986, mahal 0.98751], MS 2.62164, L1 2.03918, Spectral 0.27302, Gradient 0.50944, Quantile 1.02247) | LR 1.00e-04
2026-06-28 12:59:48,530 INFO Epoch 9 | Batch 900/1186 | Loss 3.20529 (NLL 4.56136 [logdet 1.70132, mahal 1.02216], MS 2.52108, L1 2.07922, Spectral 0.26538, Gradient 0.49644, Quantile 1.07208) | LR 1.00e-04
2026-06-28 13:00:10,252 INFO Epoch 9 | Batch 950/1186 | Loss 3.21176 (NLL 4.50574 [logdet 1.67934, mahal 0.98852], MS 2.53590, L1 2.01840, Spectral 0.26747, Gradient 0.50194, Quantile 1.00706) | LR 1.00e-04
2026-06-28 13:00:31,980 INFO Epoch 9 | Batch 1000/1186 | Loss 3.13034 (NLL 4.46270 [logdet 1.68998, mahal 0.93484], MS 2.46093, L1 1.97498, Spectral 0.26787, Gradient 0.50566, Quantile 0.97919) | LR 1.00e-04
2026-06-28 13:00:53,699 INFO Epoch 9 | Batch 1050/1186 | Loss 3.19570 (NLL 4.49390 [logdet 1.64446, mahal 1.01156], MS 2.52161, L1 2.03045, Spectral 0.25884, Gradient 0.49115, Quantile 1.00588) | LR 1.00e-04
2026-06-28 13:01:15,407 INFO Epoch 9 | Batch 1100/1186 | Loss 3.21649 (NLL 4.57488 [logdet 1.71007, mahal 1.02694], MS 2.53025, L1 2.07781, Spectral 0.26121, Gradient 0.49489, Quantile 1.04200) | LR 1.00e-04
2026-06-28 13:01:37,085 INFO Epoch 9 | Batch 1150/1186 | Loss 3.24077 (NLL 4.53111 [logdet 1.69517, mahal 0.99807], MS 2.56111, L1 2.05163, Spectral 0.26905, Gradient 0.50136, Quantile 0.97610) | LR 1.00e-04
2026-06-28 13:02:27,850 INFO Epoch 9 | Val Loss 3.66144 (NLL 4.46622 [logdet 1.71097, mahal 0.91737], MS 2.99150, L1 1.94775, Spectral 0.26481, Gradient 0.49449, Quantile 1.01863)
2026-06-28 13:02:28,341 INFO New best val loss: 3.66144 (saved checkpoints/best.pth)
2026-06-28 13:02:50,100 INFO Epoch 10 | Batch 50/1186 | Loss 3.26966 (NLL 4.61924 [logdet 1.71732, mahal 1.06405], MS 2.57677, L1 2.14887, Spectral 0.27276, Gradient 0.51360, Quantile 1.08761) | LR 1.00e-04
2026-06-28 13:03:11,791 INFO Epoch 10 | Batch 100/1186 | Loss 3.28168 (NLL 4.56904 [logdet 1.73002, mahal 1.00114], MS 2.59633, L1 2.08075, Spectral 0.26921, Gradient 0.50397, Quantile 1.02692) | LR 1.00e-04
2026-06-28 13:03:33,478 INFO Epoch 10 | Batch 150/1186 | Loss 3.21121 (NLL 4.55151 [logdet 1.68755, mahal 1.02609], MS 2.52848, L1 2.07773, Spectral 0.26725, Gradient 0.50343, Quantile 1.01405) | LR 1.00e-04
2026-06-28 13:03:55,168 INFO Epoch 10 | Batch 200/1186 | Loss 3.32277 (NLL 4.59625 [logdet 1.73940, mahal 1.01897], MS 2.63334, L1 2.10150, Spectral 0.27260, Gradient 0.51103, Quantile 1.04409) | LR 1.00e-04
2026-06-28 13:04:16,849 INFO Epoch 10 | Batch 250/1186 | Loss 3.20609 (NLL 4.55033 [logdet 1.69722, mahal 1.01523], MS 2.52354, L1 2.04871, Spectral 0.27246, Gradient 0.50342, Quantile 1.01832) | LR 1.00e-04
2026-06-28 13:04:38,526 INFO Epoch 10 | Batch 300/1186 | Loss 3.13776 (NLL 4.43894 [logdet 1.68137, mahal 0.91969], MS 2.47191, L1 1.95703, Spectral 0.25897, Gradient 0.49714, Quantile 0.97156) | LR 1.00e-04
2026-06-28 13:05:00,227 INFO Epoch 10 | Batch 350/1186 | Loss 3.19635 (NLL 4.56303 [logdet 1.69744, mahal 1.02772], MS 2.51189, L1 2.06260, Spectral 0.26469, Gradient 0.50042, Quantile 1.00994) | LR 1.00e-04
2026-06-28 13:05:21,930 INFO Epoch 10 | Batch 400/1186 | Loss 3.25390 (NLL 4.54021 [logdet 1.69806, mahal 1.00427], MS 2.57287, L1 2.06888, Spectral 0.26741, Gradient 0.49779, Quantile 1.04491) | LR 1.00e-04
2026-06-28 13:05:43,620 INFO Epoch 10 | Batch 450/1186 | Loss 3.26454 (NLL 4.58180 [logdet 1.70621, mahal 1.03772], MS 2.57727, L1 2.08842, Spectral 0.26670, Gradient 0.49544, Quantile 1.03486) | LR 1.00e-04
2026-06-28 13:06:05,291 INFO Epoch 10 | Batch 500/1186 | Loss 3.21326 (NLL 4.51544 [logdet 1.71875, mahal 0.95881], MS 2.53594, L1 2.02476, Spectral 0.27212, Gradient 0.50569, Quantile 1.00623) | LR 1.00e-04
2026-06-28 13:06:26,969 INFO Epoch 10 | Batch 550/1186 | Loss 3.29987 (NLL 4.55757 [logdet 1.67646, mahal 1.04323], MS 2.61624, L1 2.08258, Spectral 0.26514, Gradient 0.50420, Quantile 1.02562) | LR 1.00e-04
2026-06-28 13:06:48,656 INFO Epoch 10 | Batch 600/1186 | Loss 3.17194 (NLL 4.53594 [logdet 1.71772, mahal 0.98035], MS 2.49155, L1 2.05189, Spectral 0.27120, Gradient 0.50166, Quantile 1.02843) | LR 1.00e-04
2026-06-28 13:07:10,331 INFO Epoch 10 | Batch 650/1186 | Loss 3.23163 (NLL 4.56354 [logdet 1.74592, mahal 0.97975], MS 2.54710, L1 2.05802, Spectral 0.26634, Gradient 0.48324, Quantile 1.04308) | LR 1.00e-04
2026-06-28 13:07:32,025 INFO Epoch 10 | Batch 700/1186 | Loss 3.26332 (NLL 4.53574 [logdet 1.71492, mahal 0.98294], MS 2.58295, L1 2.03791, Spectral 0.26790, Gradient 0.50269, Quantile 0.98604) | LR 1.00e-04
2026-06-28 13:07:53,706 INFO Epoch 10 | Batch 750/1186 | Loss 3.07379 (NLL 4.45379 [logdet 1.69156, mahal 0.92435], MS 2.40572, L1 1.95794, Spectral 0.25959, Gradient 0.48563, Quantile 0.99061) | LR 1.00e-04
2026-06-28 13:08:15,397 INFO Epoch 10 | Batch 800/1186 | Loss 3.25839 (NLL 4.57864 [logdet 1.63787, mahal 1.10289], MS 2.57159, L1 2.05625, Spectral 0.26153, Gradient 0.49146, Quantile 1.02831) | LR 1.00e-04
2026-06-28 13:08:37,061 INFO Epoch 10 | Batch 850/1186 | Loss 3.18482 (NLL 4.55183 [logdet 1.75507, mahal 0.95888], MS 2.50204, L1 2.04545, Spectral 0.27119, Gradient 0.50025, Quantile 1.02333) | LR 1.00e-04
2026-06-28 13:08:58,736 INFO Epoch 10 | Batch 900/1186 | Loss 3.24307 (NLL 4.53418 [logdet 1.72118, mahal 0.97512], MS 2.56295, L1 2.05560, Spectral 0.27315, Gradient 0.50161, Quantile 1.03457) | LR 1.00e-04
2026-06-28 13:09:20,420 INFO Epoch 10 | Batch 950/1186 | Loss 3.23099 (NLL 4.51412 [logdet 1.69675, mahal 0.97949], MS 2.55388, L1 2.01998, Spectral 0.26429, Gradient 0.49653, Quantile 1.00826) | LR 1.00e-04
2026-06-28 13:09:42,103 INFO Epoch 10 | Batch 1000/1186 | Loss 3.20140 (NLL 4.58444 [logdet 1.67211, mahal 1.07446], MS 2.51373, L1 2.06751, Spectral 0.26672, Gradient 0.49736, Quantile 1.02408) | LR 1.00e-04
2026-06-28 13:10:03,795 INFO Epoch 10 | Batch 1050/1186 | Loss 3.18569 (NLL 4.55512 [logdet 1.74801, mahal 0.96924], MS 2.50242, L1 2.05904, Spectral 0.26581, Gradient 0.49420, Quantile 1.01134) | LR 1.00e-04
2026-06-28 13:10:25,484 INFO Epoch 10 | Batch 1100/1186 | Loss 3.21336 (NLL 4.50878 [logdet 1.73369, mahal 0.93721], MS 2.53704, L1 2.01391, Spectral 0.26958, Gradient 0.50046, Quantile 0.97737) | LR 1.00e-04
2026-06-28 13:10:47,161 INFO Epoch 10 | Batch 1150/1186 | Loss 3.24175 (NLL 4.57484 [logdet 1.70297, mahal 1.03399], MS 2.55553, L1 2.05786, Spectral 0.26956, Gradient 0.49488, Quantile 0.99643) | LR 1.00e-04
2026-06-28 13:11:38,368 INFO Epoch 10 | Val Loss 3.67003 (NLL 4.47575 [logdet 1.68611, mahal 0.95177], MS 2.99866, L1 1.96521, Spectral 0.26494, Gradient 0.49410, Quantile 1.02593)
2026-06-28 13:12:00,425 INFO Epoch 11 | Batch 50/1186 | Loss 3.29632 (NLL 4.60058 [logdet 1.73268, mahal 1.03002], MS 2.60624, L1 2.12615, Spectral 0.28131, Gradient 0.50885, Quantile 1.07935) | LR 1.00e-04
2026-06-28 13:12:22,148 INFO Epoch 11 | Batch 100/1186 | Loss 3.13869 (NLL 4.48878 [logdet 1.66284, mahal 0.98806], MS 2.46538, L1 2.01374, Spectral 0.26768, Gradient 0.49384, Quantile 1.01489) | LR 1.00e-04
2026-06-28 13:12:43,868 INFO Epoch 11 | Batch 150/1186 | Loss 3.17444 (NLL 4.54077 [logdet 1.65823, mahal 1.04466], MS 2.49333, L1 2.05998, Spectral 0.26356, Gradient 0.49832, Quantile 1.02718) | LR 1.00e-04
2026-06-28 13:13:05,600 INFO Epoch 11 | Batch 200/1186 | Loss 3.19878 (NLL 4.58543 [logdet 1.71185, mahal 1.03570], MS 2.51097, L1 2.10062, Spectral 0.26369, Gradient 0.49484, Quantile 1.02308) | LR 1.00e-04
2026-06-28 13:13:27,336 INFO Epoch 11 | Batch 250/1186 | Loss 3.20531 (NLL 4.48340 [logdet 1.70829, mahal 0.93722], MS 2.53280, L1 1.99223, Spectral 0.26508, Gradient 0.49684, Quantile 1.01964) | LR 1.00e-04
2026-06-28 13:13:49,079 INFO Epoch 11 | Batch 300/1186 | Loss 3.26261 (NLL 4.61837 [logdet 1.70986, mahal 1.07063], MS 2.56986, L1 2.11089, Spectral 0.27507, Gradient 0.51216, Quantile 1.03350) | LR 1.00e-04
2026-06-28 13:14:10,813 INFO Epoch 11 | Batch 350/1186 | Loss 3.15602 (NLL 4.52420 [logdet 1.73445, mahal 0.95187], MS 2.47739, L1 2.02286, Spectral 0.26602, Gradient 0.49326, Quantile 1.00192) | LR 1.00e-04
2026-06-28 13:14:32,556 INFO Epoch 11 | Batch 400/1186 | Loss 3.18175 (NLL 4.52893 [logdet 1.64017, mahal 1.05088], MS 2.50241, L1 2.05959, Spectral 0.26761, Gradient 0.49777, Quantile 1.02998) | LR 1.00e-04
2026-06-28 13:14:54,318 INFO Epoch 11 | Batch 450/1186 | Loss 3.28032 (NLL 4.48523 [logdet 1.64700, mahal 1.00036], MS 2.60754, L1 1.99348, Spectral 0.26619, Gradient 0.49884, Quantile 0.99387) | LR 1.00e-04
2026-06-28 13:15:16,024 INFO Epoch 11 | Batch 500/1186 | Loss 3.18668 (NLL 4.48182 [logdet 1.65797, mahal 0.98597], MS 2.51441, L1 1.98923, Spectral 0.26167, Gradient 0.49351, Quantile 1.00455) | LR 1.00e-04
2026-06-28 13:15:37,759 INFO Epoch 11 | Batch 550/1186 | Loss 3.34509 (NLL 4.61489 [logdet 1.70095, mahal 1.07606], MS 2.65285, L1 2.12726, Spectral 0.26966, Gradient 0.50395, Quantile 1.05970) | LR 1.00e-04
2026-06-28 13:15:59,475 INFO Epoch 11 | Batch 600/1186 | Loss 3.29679 (NLL 4.59909 [logdet 1.74779, mahal 1.01342], MS 2.60693, L1 2.10489, Spectral 0.27071, Gradient 0.50014, Quantile 1.07130) | LR 1.00e-04
2026-06-28 13:16:21,204 INFO Epoch 11 | Batch 650/1186 | Loss 3.15157 (NLL 4.53228 [logdet 1.70927, mahal 0.98513], MS 2.47173, L1 2.04436, Spectral 0.26524, Gradient 0.49577, Quantile 1.04630) | LR 1.00e-04
2026-06-28 13:16:42,925 INFO Epoch 11 | Batch 700/1186 | Loss 3.24524 (NLL 4.52361 [logdet 1.71600, mahal 0.96973], MS 2.56670, L1 2.05059, Spectral 0.27094, Gradient 0.50338, Quantile 1.00948) | LR 1.00e-04
2026-06-28 13:17:04,653 INFO Epoch 11 | Batch 750/1186 | Loss 3.12907 (NLL 4.53892 [logdet 1.66452, mahal 1.03652], MS 2.44823, L1 2.04338, Spectral 0.26467, Gradient 0.48748, Quantile 0.98888) | LR 1.00e-04
2026-06-28 13:17:26,370 INFO Epoch 11 | Batch 800/1186 | Loss 3.20558 (NLL 4.54049 [logdet 1.73560, mahal 0.96702], MS 2.52451, L1 2.07506, Spectral 0.27649, Gradient 0.51134, Quantile 1.04551) | LR 1.00e-04
2026-06-28 13:17:48,077 INFO Epoch 11 | Batch 850/1186 | Loss 3.29472 (NLL 4.59114 [logdet 1.75252, mahal 1.00074], MS 2.60605, L1 2.09460, Spectral 0.26786, Gradient 0.50592, Quantile 1.05675) | LR 1.00e-04
2026-06-28 13:18:09,783 INFO Epoch 11 | Batch 900/1186 | Loss 3.14729 (NLL 4.52176 [logdet 1.70990, mahal 0.97398], MS 2.46903, L1 2.04468, Spectral 0.26248, Gradient 0.49896, Quantile 0.97379) | LR 1.00e-04
2026-06-28 13:18:31,495 INFO Epoch 11 | Batch 950/1186 | Loss 3.13022 (NLL 4.54464 [logdet 1.71472, mahal 0.99205], MS 2.44852, L1 2.05116, Spectral 0.26854, Gradient 0.49788, Quantile 1.02971) | LR 1.00e-04
2026-06-28 13:18:53,205 INFO Epoch 11 | Batch 1000/1186 | Loss 3.20882 (NLL 4.50350 [logdet 1.67769, mahal 0.98793], MS 2.53329, L1 1.99362, Spectral 0.26187, Gradient 0.48789, Quantile 0.96846) | LR 1.00e-04
2026-06-28 13:19:14,910 INFO Epoch 11 | Batch 1050/1186 | Loss 3.33939 (NLL 4.58544 [logdet 1.71730, mahal 1.03026], MS 2.65158, L1 2.08621, Spectral 0.27380, Gradient 0.51521, Quantile 1.03987) | LR 1.00e-04
2026-06-28 13:19:36,621 INFO Epoch 11 | Batch 1100/1186 | Loss 3.29668 (NLL 4.56560 [logdet 1.70234, mahal 1.02537], MS 2.61184, L1 2.07495, Spectral 0.26233, Gradient 0.49429, Quantile 0.99913) | LR 1.00e-04
2026-06-28 13:19:58,328 INFO Epoch 11 | Batch 1150/1186 | Loss 3.23773 (NLL 4.56263 [logdet 1.72420, mahal 1.00055], MS 2.55334, L1 2.06704, Spectral 0.26313, Gradient 0.49353, Quantile 1.04274) | LR 1.00e-04
2026-06-28 13:20:49,565 INFO Epoch 11 | Val Loss 3.69221 (NLL 4.47561 [logdet 1.69001, mahal 0.94772], MS 3.02087, L1 1.95790, Spectral 0.26486, Gradient 0.49897, Quantile 1.01928)
2026-06-28 13:21:11,591 INFO Epoch 12 | Batch 50/1186 | Loss 3.31533 (NLL 4.57217 [logdet 1.69758, mahal 1.03672], MS 2.62951, L1 2.08374, Spectral 0.27619, Gradient 0.51437, Quantile 1.00343) | LR 1.00e-04
2026-06-28 13:21:33,299 INFO Epoch 12 | Batch 100/1186 | Loss 3.23878 (NLL 4.54013 [logdet 1.68788, mahal 1.01437], MS 2.55776, L1 2.03258, Spectral 0.27948, Gradient 0.50800, Quantile 1.01646) | LR 1.00e-04
2026-06-28 13:21:54,994 INFO Epoch 12 | Batch 150/1186 | Loss 3.22687 (NLL 4.51899 [logdet 1.67214, mahal 1.00897], MS 2.54902, L1 2.03815, Spectral 0.27182, Gradient 0.49832, Quantile 1.02415) | LR 1.00e-04
2026-06-28 13:22:16,708 INFO Epoch 12 | Batch 200/1186 | Loss 3.23472 (NLL 4.56998 [logdet 1.70675, mahal 1.02536], MS 2.54922, L1 2.09200, Spectral 0.27549, Gradient 0.50883, Quantile 1.02985) | LR 1.00e-04
2026-06-28 13:22:38,392 INFO Epoch 12 | Batch 250/1186 | Loss 3.28489 (NLL 4.53581 [logdet 1.69964, mahal 0.99829], MS 2.60452, L1 2.04272, Spectral 0.26145, Gradient 0.49879, Quantile 0.99445) | LR 1.00e-04
2026-06-28 13:23:00,086 INFO Epoch 12 | Batch 300/1186 | Loss 3.32490 (NLL 4.59878 [logdet 1.73533, mahal 1.02557], MS 2.63508, L1 2.11905, Spectral 0.27546, Gradient 0.51087, Quantile 1.04814) | LR 1.00e-04
2026-06-28 13:23:21,779 INFO Epoch 12 | Batch 350/1186 | Loss 3.27270 (NLL 4.54389 [logdet 1.71843, mahal 0.98758], MS 2.59111, L1 2.03294, Spectral 0.26883, Gradient 0.50225, Quantile 1.00315) | LR 1.00e-04
2026-06-28 13:23:43,460 INFO Epoch 12 | Batch 400/1186 | Loss 3.18198 (NLL 4.52234 [logdet 1.70673, mahal 0.97774], MS 2.50363, L1 2.03891, Spectral 0.27224, Gradient 0.49939, Quantile 1.02507) | LR 1.00e-04
2026-06-28 13:24:05,152 INFO Epoch 12 | Batch 450/1186 | Loss 3.16458 (NLL 4.56560 [logdet 1.69315, mahal 1.03457], MS 2.47974, L1 2.07581, Spectral 0.26815, Gradient 0.49327, Quantile 1.00245) | LR 1.00e-04
2026-06-28 13:24:26,862 INFO Epoch 12 | Batch 500/1186 | Loss 3.21730 (NLL 4.52752 [logdet 1.69222, mahal 0.99742], MS 2.53817, L1 2.02845, Spectral 0.26672, Gradient 0.49215, Quantile 0.98626) | LR 1.00e-04
2026-06-28 13:24:48,541 INFO Epoch 12 | Batch 550/1186 | Loss 3.21304 (NLL 4.56784 [logdet 1.70423, mahal 1.02573], MS 2.52787, L1 2.06765, Spectral 0.26421, Gradient 0.50334, Quantile 0.99812) | LR 1.00e-04
2026-06-28 13:25:10,236 INFO Epoch 12 | Batch 600/1186 | Loss 3.17577 (NLL 4.51394 [logdet 1.68819, mahal 0.98787], MS 2.49868, L1 2.03785, Spectral 0.26156, Gradient 0.49012, Quantile 1.02361) | LR 1.00e-04
2026-06-28 13:25:31,928 INFO Epoch 12 | Batch 650/1186 | Loss 3.15374 (NLL 4.50693 [logdet 1.66818, mahal 1.00087], MS 2.47771, L1 2.01034, Spectral 0.26032, Gradient 0.48927, Quantile 1.01098) | LR 1.00e-04
2026-06-28 13:25:53,612 INFO Epoch 12 | Batch 700/1186 | Loss 3.18350 (NLL 4.53428 [logdet 1.68605, mahal 1.01036], MS 2.50336, L1 2.06097, Spectral 0.26965, Gradient 0.50346, Quantile 1.00891) | LR 1.00e-04
2026-06-28 13:26:15,316 INFO Epoch 12 | Batch 750/1186 | Loss 3.16642 (NLL 4.50384 [logdet 1.65922, mahal 1.00673], MS 2.49085, L1 2.00344, Spectral 0.25990, Gradient 0.48692, Quantile 0.97844) | LR 1.00e-04
2026-06-28 13:26:37,040 INFO Epoch 12 | Batch 800/1186 | Loss 3.24602 (NLL 4.51090 [logdet 1.73079, mahal 0.94224], MS 2.56938, L1 2.03521, Spectral 0.26640, Gradient 0.50370, Quantile 0.98400) | LR 1.00e-04
2026-06-28 13:26:58,757 INFO Epoch 12 | Batch 850/1186 | Loss 3.14773 (NLL 4.49573 [logdet 1.65396, mahal 1.00389], MS 2.47337, L1 1.99847, Spectral 0.26684, Gradient 0.49506, Quantile 1.00253) | LR 1.00e-04
2026-06-28 13:27:20,480 INFO Epoch 12 | Batch 900/1186 | Loss 3.13809 (NLL 4.49101 [logdet 1.65526, mahal 0.99787], MS 2.46444, L1 2.02038, Spectral 0.25507, Gradient 0.47870, Quantile 0.99675) | LR 1.00e-04
2026-06-28 13:27:42,192 INFO Epoch 12 | Batch 950/1186 | Loss 3.17802 (NLL 4.57681 [logdet 1.70457, mahal 1.03437], MS 2.49150, L1 2.04519, Spectral 0.26885, Gradient 0.49631, Quantile 1.02315) | LR 1.00e-04
2026-06-28 13:28:03,882 INFO Epoch 12 | Batch 1000/1186 | Loss 3.17064 (NLL 4.50738 [logdet 1.70905, mahal 0.96045], MS 2.49453, L1 2.02003, Spectral 0.27028, Gradient 0.49623, Quantile 1.01529) | LR 1.00e-04
2026-06-28 13:28:25,556 INFO Epoch 12 | Batch 1050/1186 | Loss 3.25088 (NLL 4.52936 [logdet 1.66311, mahal 1.02836], MS 2.57148, L1 2.01554, Spectral 0.26399, Gradient 0.48823, Quantile 0.97710) | LR 1.00e-04
2026-06-28 13:28:47,235 INFO Epoch 12 | Batch 1100/1186 | Loss 3.30800 (NLL 4.59244 [logdet 1.69091, mahal 1.06366], MS 2.61914, L1 2.12511, Spectral 0.26424, Gradient 0.50302, Quantile 1.07020) | LR 1.00e-04
2026-06-28 13:29:08,919 INFO Epoch 12 | Batch 1150/1186 | Loss 3.26807 (NLL 4.56434 [logdet 1.72779, mahal 0.99867], MS 2.58342, L1 2.05917, Spectral 0.26897, Gradient 0.50581, Quantile 1.02106) | LR 1.00e-04
2026-06-28 13:30:00,100 INFO Epoch 12 | Val Loss 3.69938 (NLL 4.47482 [logdet 1.71179, mahal 0.92515], MS 3.02816, L1 1.96369, Spectral 0.26494, Gradient 0.49367, Quantile 1.00937)
2026-06-28 13:30:22,112 INFO Epoch 13 | Batch 50/1186 | Loss 3.15209 (NLL 4.57211 [logdet 1.75792, mahal 0.97632], MS 2.46627, L1 2.07537, Spectral 0.26452, Gradient 0.49275, Quantile 1.02296) | LR 1.00e-04
2026-06-28 13:30:43,834 INFO Epoch 13 | Batch 100/1186 | Loss 3.23156 (NLL 4.54753 [logdet 1.72053, mahal 0.98912], MS 2.54943, L1 2.06969, Spectral 0.26967, Gradient 0.49489, Quantile 0.99542) | LR 1.00e-04
2026-06-28 13:31:05,549 INFO Epoch 13 | Batch 150/1186 | Loss 3.16944 (NLL 4.56288 [logdet 1.70898, mahal 1.01603], MS 2.48501, L1 2.09093, Spectral 0.26261, Gradient 0.48903, Quantile 1.03336) | LR 1.00e-04
2026-06-28 13:31:27,264 INFO Epoch 13 | Batch 200/1186 | Loss 3.20124 (NLL 4.53620 [logdet 1.70675, mahal 0.99157], MS 2.52081, L1 2.04015, Spectral 0.26593, Gradient 0.49678, Quantile 1.02709) | LR 1.00e-04
2026-06-28 13:31:48,974 INFO Epoch 13 | Batch 250/1186 | Loss 3.21750 (NLL 4.54590 [logdet 1.71967, mahal 0.98835], MS 2.53561, L1 2.06815, Spectral 0.26628, Gradient 0.50192, Quantile 1.01873) | LR 1.00e-04
2026-06-28 13:32:10,683 INFO Epoch 13 | Batch 300/1186 | Loss 3.31943 (NLL 4.57726 [logdet 1.75022, mahal 0.98916], MS 2.63284, L1 2.07292, Spectral 0.27505, Gradient 0.51384, Quantile 1.02693) | LR 1.00e-04
2026-06-28 13:32:32,393 INFO Epoch 13 | Batch 350/1186 | Loss 3.17252 (NLL 4.51513 [logdet 1.69407, mahal 0.98318], MS 2.49525, L1 2.02683, Spectral 0.26761, Gradient 0.50197, Quantile 1.02144) | LR 1.00e-04
2026-06-28 13:32:54,107 INFO Epoch 13 | Batch 400/1186 | Loss 3.13319 (NLL 4.53427 [logdet 1.70344, mahal 0.99295], MS 2.45305, L1 2.04337, Spectral 0.26574, Gradient 0.49120, Quantile 1.00923) | LR 1.00e-04
2026-06-28 13:33:15,817 INFO Epoch 13 | Batch 450/1186 | Loss 3.22461 (NLL 4.55627 [logdet 1.68633, mahal 1.03206], MS 2.54117, L1 2.06838, Spectral 0.26046, Gradient 0.48495, Quantile 0.98737) | LR 1.00e-04
2026-06-28 13:33:37,536 INFO Epoch 13 | Batch 500/1186 | Loss 3.25702 (NLL 4.58446 [logdet 1.75439, mahal 0.99219], MS 2.56935, L1 2.07553, Spectral 0.26820, Gradient 0.50344, Quantile 1.01358) | LR 1.00e-04
2026-06-28 13:33:59,254 INFO Epoch 13 | Batch 550/1186 | Loss 3.28407 (NLL 4.51165 [logdet 1.67789, mahal 0.99589], MS 2.60733, L1 2.01721, Spectral 0.27232, Gradient 0.49812, Quantile 1.01538) | LR 1.00e-04
2026-06-28 13:34:20,974 INFO Epoch 13 | Batch 600/1186 | Loss 3.13654 (NLL 4.51389 [logdet 1.66861, mahal 1.00740], MS 2.45945, L1 1.97892, Spectral 0.27196, Gradient 0.48608, Quantile 0.98657) | LR 1.00e-04
2026-06-28 13:34:42,687 INFO Epoch 13 | Batch 650/1186 | Loss 3.22694 (NLL 4.59016 [logdet 1.71855, mahal 1.03373], MS 2.53842, L1 2.07856, Spectral 0.26672, Gradient 0.50437, Quantile 1.02133) | LR 1.00e-04
2026-06-28 13:35:04,400 INFO Epoch 13 | Batch 700/1186 | Loss 3.27422 (NLL 4.55064 [logdet 1.70382, mahal 1.00895], MS 2.59163, L1 2.07943, Spectral 0.26356, Gradient 0.49619, Quantile 1.03297) | LR 1.00e-04
2026-06-28 13:35:26,114 INFO Epoch 13 | Batch 750/1186 | Loss 3.25314 (NLL 4.57969 [logdet 1.70158, mahal 1.04024], MS 2.56618, L1 2.10251, Spectral 0.27563, Gradient 0.51252, Quantile 1.06639) | LR 1.00e-04
2026-06-28 13:35:47,834 INFO Epoch 13 | Batch 800/1186 | Loss 3.22606 (NLL 4.45303 [logdet 1.63583, mahal 0.97932], MS 2.55811, L1 1.92933, Spectral 0.26432, Gradient 0.48982, Quantile 0.98844) | LR 1.00e-04
2026-06-28 13:36:09,569 INFO Epoch 13 | Batch 850/1186 | Loss 3.13691 (NLL 4.47483 [logdet 1.60747, mahal 1.02948], MS 2.46568, L1 1.99977, Spectral 0.26067, Gradient 0.49255, Quantile 1.00095) | LR 1.00e-04
2026-06-28 13:36:31,286 INFO Epoch 13 | Batch 900/1186 | Loss 3.20578 (NLL 4.58674 [logdet 1.67763, mahal 1.07124], MS 2.51777, L1 2.11293, Spectral 0.27411, Gradient 0.50637, Quantile 1.07175) | LR 1.00e-04
2026-06-28 13:36:53,001 INFO Epoch 13 | Batch 950/1186 | Loss 3.25488 (NLL 4.56639 [logdet 1.75306, mahal 0.97546], MS 2.56992, L1 2.07987, Spectral 0.27230, Gradient 0.50454, Quantile 1.05076) | LR 1.00e-04
2026-06-28 13:37:14,717 INFO Epoch 13 | Batch 1000/1186 | Loss 3.25655 (NLL 4.53100 [logdet 1.69362, mahal 0.99950], MS 2.57690, L1 2.04548, Spectral 0.27110, Gradient 0.50659, Quantile 1.02433) | LR 1.00e-04
2026-06-28 13:37:36,436 INFO Epoch 13 | Batch 1050/1186 | Loss 3.28843 (NLL 4.57566 [logdet 1.72114, mahal 1.01665], MS 2.60208, L1 2.09255, Spectral 0.26674, Gradient 0.50690, Quantile 1.01965) | LR 1.00e-04
2026-06-28 13:37:58,162 INFO Epoch 13 | Batch 1100/1186 | Loss 3.22716 (NLL 4.57528 [logdet 1.70037, mahal 1.03703], MS 2.54087, L1 2.10648, Spectral 0.26727, Gradient 0.49762, Quantile 1.05577) | LR 1.00e-04
2026-06-28 13:38:19,867 INFO Epoch 13 | Batch 1150/1186 | Loss 3.30230 (NLL 4.54724 [logdet 1.74412, mahal 0.96525], MS 2.62022, L1 2.04355, Spectral 0.26800, Gradient 0.50340, Quantile 0.98574) | LR 1.00e-04
2026-06-28 13:39:11,138 INFO Epoch 13 | Val Loss 3.68673 (NLL 4.49454 [logdet 1.69075, mahal 0.96591], MS 3.01254, L1 1.99593, Spectral 0.26499, Gradient 0.50523, Quantile 1.04877)
2026-06-28 13:39:33,181 INFO Epoch 14 | Batch 50/1186 | Loss 3.19344 (NLL 4.52332 [logdet 1.67531, mahal 1.01013], MS 2.51495, L1 2.01921, Spectral 0.26560, Gradient 0.49542, Quantile 1.02878) | LR 1.00e-04
2026-06-28 13:39:54,899 INFO Epoch 14 | Batch 100/1186 | Loss 3.13410 (NLL 4.46876 [logdet 1.65153, mahal 0.97935], MS 2.46379, L1 1.99988, Spectral 0.26439, Gradient 0.49241, Quantile 0.97686) | LR 1.00e-04
2026-06-28 13:40:16,604 INFO Epoch 14 | Batch 150/1186 | Loss 3.26467 (NLL 4.55800 [logdet 1.66754, mahal 1.05258], MS 2.58097, L1 2.05971, Spectral 0.26842, Gradient 0.49894, Quantile 1.01605) | LR 1.00e-04
2026-06-28 13:40:38,324 INFO Epoch 14 | Batch 200/1186 | Loss 3.24482 (NLL 4.53189 [logdet 1.64032, mahal 1.05369], MS 2.56504, L1 2.02844, Spectral 0.26662, Gradient 0.49129, Quantile 1.00541) | LR 1.00e-04
2026-06-28 13:41:00,048 INFO Epoch 14 | Batch 250/1186 | Loss 3.25542 (NLL 4.54225 [logdet 1.65145, mahal 1.05293], MS 2.57408, L1 2.06598, Spectral 0.26781, Gradient 0.49716, Quantile 1.02591) | LR 1.00e-04
2026-06-28 13:41:21,766 INFO Epoch 14 | Batch 300/1186 | Loss 3.21189 (NLL 4.56384 [logdet 1.70001, mahal 1.02595], MS 2.52732, L1 2.08977, Spectral 0.26705, Gradient 0.49633, Quantile 1.05299) | LR 1.00e-04
2026-06-28 13:41:43,475 INFO Epoch 14 | Batch 350/1186 | Loss 3.22179 (NLL 4.51004 [logdet 1.71037, mahal 0.96178], MS 2.54529, L1 2.03564, Spectral 0.26627, Gradient 0.49739, Quantile 1.01829) | LR 1.00e-04
2026-06-28 13:42:05,203 INFO Epoch 14 | Batch 400/1186 | Loss 3.21980 (NLL 4.52302 [logdet 1.66827, mahal 1.01687], MS 2.54135, L1 2.02821, Spectral 0.26824, Gradient 0.49628, Quantile 0.99089) | LR 1.00e-04
2026-06-28 13:42:26,922 INFO Epoch 14 | Batch 450/1186 | Loss 3.18352 (NLL 4.53191 [logdet 1.67962, mahal 1.01442], MS 2.50373, L1 2.02718, Spectral 0.26310, Gradient 0.48528, Quantile 1.01270) | LR 1.00e-04
2026-06-28 13:42:48,643 INFO Epoch 14 | Batch 500/1186 | Loss 3.19276 (NLL 4.53962 [logdet 1.70336, mahal 0.99839], MS 2.51182, L1 2.07399, Spectral 0.26772, Gradient 0.50512, Quantile 1.03282) | LR 1.00e-04
2026-06-28 13:43:10,356 INFO Epoch 14 | Batch 550/1186 | Loss 3.30434 (NLL 4.55778 [logdet 1.68288, mahal 1.03703], MS 2.62068, L1 2.08240, Spectral 0.27520, Gradient 0.49831, Quantile 1.01859) | LR 1.00e-04
2026-06-28 13:43:32,102 INFO Epoch 14 | Batch 600/1186 | Loss 3.25200 (NLL 4.57170 [logdet 1.71255, mahal 1.02127], MS 2.56624, L1 2.08855, Spectral 0.28061, Gradient 0.51557, Quantile 1.05222) | LR 1.00e-04
2026-06-28 13:43:53,818 INFO Epoch 14 | Batch 650/1186 | Loss 3.31851 (NLL 4.60472 [logdet 1.77563, mahal 0.99122], MS 2.62780, L1 2.10611, Spectral 0.26776, Gradient 0.50479, Quantile 1.02714) | LR 1.00e-04
2026-06-28 13:44:15,673 INFO Epoch 14 | Batch 700/1186 | Loss 3.22089 (NLL 4.53601 [logdet 1.74731, mahal 0.95083], MS 2.54048, L1 2.02866, Spectral 0.26810, Gradient 0.49907, Quantile 0.99582) | LR 1.00e-04
2026-06-28 13:44:37,408 INFO Epoch 14 | Batch 750/1186 | Loss 3.14982 (NLL 4.55083 [logdet 1.75662, mahal 0.95634], MS 2.46719, L1 2.00645, Spectral 0.26031, Gradient 0.48655, Quantile 0.99996) | LR 1.00e-04
2026-06-28 13:44:59,136 INFO Epoch 14 | Batch 800/1186 | Loss 3.32360 (NLL 4.51005 [logdet 1.67489, mahal 0.99728], MS 2.64709, L1 2.05574, Spectral 0.27044, Gradient 0.49970, Quantile 1.04784) | LR 1.00e-04
2026-06-28 13:45:20,857 INFO Epoch 14 | Batch 850/1186 | Loss 3.15571 (NLL 4.50963 [logdet 1.69123, mahal 0.98053], MS 2.47927, L1 2.00980, Spectral 0.26672, Gradient 0.49120, Quantile 1.00219) | LR 1.00e-04
2026-06-28 13:45:42,577 INFO Epoch 14 | Batch 900/1186 | Loss 3.21681 (NLL 4.54802 [logdet 1.68637, mahal 1.02377], MS 2.53461, L1 2.06719, Spectral 0.26754, Gradient 0.50592, Quantile 1.04159) | LR 1.00e-04
2026-06-28 13:46:04,315 INFO Epoch 14 | Batch 950/1186 | Loss 3.10619 (NLL 4.50312 [logdet 1.66980, mahal 0.99544], MS 2.43072, L1 2.01709, Spectral 0.26470, Gradient 0.49348, Quantile 1.01623) | LR 1.00e-04
2026-06-28 13:46:26,040 INFO Epoch 14 | Batch 1000/1186 | Loss 3.11423 (NLL 4.51003 [logdet 1.74426, mahal 0.92789], MS 2.43773, L1 1.99987, Spectral 0.26586, Gradient 0.48616, Quantile 1.01016) | LR 1.00e-04
2026-06-28 13:46:47,779 INFO Epoch 14 | Batch 1050/1186 | Loss 3.24753 (NLL 4.58466 [logdet 1.76100, mahal 0.98577], MS 2.55983, L1 2.06969, Spectral 0.26742, Gradient 0.50150, Quantile 1.00836) | LR 1.00e-04
2026-06-28 13:47:09,509 INFO Epoch 14 | Batch 1100/1186 | Loss 3.23696 (NLL 4.52754 [logdet 1.71674, mahal 0.97292], MS 2.55783, L1 2.03523, Spectral 0.26782, Gradient 0.50157, Quantile 0.98692) | LR 1.00e-04
2026-06-28 13:47:31,231 INFO Epoch 14 | Batch 1150/1186 | Loss 3.17048 (NLL 4.55117 [logdet 1.72952, mahal 0.98377], MS 2.48780, L1 2.06020, Spectral 0.27155, Gradient 0.50370, Quantile 1.06832) | LR 1.00e-04
2026-06-28 13:48:22,754 INFO Epoch 14 | Val Loss 3.70395 (NLL 4.49396 [logdet 1.65989, mahal 0.99620], MS 3.02986, L1 2.00102, Spectral 0.26482, Gradient 0.50445, Quantile 1.04099)
2026-06-28 13:48:44,972 INFO Epoch 15 | Batch 50/1186 | Loss 3.24567 (NLL 4.60438 [logdet 1.66947, mahal 1.09703], MS 2.55502, L1 2.09728, Spectral 0.27167, Gradient 0.50341, Quantile 1.04993) | LR 1.00e-04
2026-06-28 13:49:06,686 INFO Epoch 15 | Batch 100/1186 | Loss 3.24689 (NLL 4.55202 [logdet 1.70871, mahal 1.00543], MS 2.56409, L1 2.03829, Spectral 0.25858, Gradient 0.47987, Quantile 0.96898) | LR 1.00e-04
2026-06-28 13:49:28,396 INFO Epoch 15 | Batch 150/1186 | Loss 3.14657 (NLL 4.48212 [logdet 1.68354, mahal 0.96070], MS 2.47425, L1 2.00904, Spectral 0.25945, Gradient 0.48326, Quantile 1.00554) | LR 1.00e-04
2026-06-28 13:49:50,113 INFO Epoch 15 | Batch 200/1186 | Loss 3.24867 (NLL 4.56571 [logdet 1.72763, mahal 1.00021], MS 2.56381, L1 2.09535, Spectral 0.26987, Gradient 0.49687, Quantile 1.03618) | LR 1.00e-04
2026-06-28 13:50:11,842 INFO Epoch 15 | Batch 250/1186 | Loss 3.20459 (NLL 4.52572 [logdet 1.70243, mahal 0.98542], MS 2.52573, L1 2.00566, Spectral 0.26256, Gradient 0.49432, Quantile 1.01215) | LR 1.00e-04
2026-06-28 13:50:33,554 INFO Epoch 15 | Batch 300/1186 | Loss 3.22634 (NLL 4.53090 [logdet 1.70449, mahal 0.98854], MS 2.54671, L1 2.04519, Spectral 0.26788, Gradient 0.49985, Quantile 1.04306) | LR 1.00e-04
2026-06-28 13:50:55,272 INFO Epoch 15 | Batch 350/1186 | Loss 3.19999 (NLL 4.52126 [logdet 1.67486, mahal 1.00853], MS 2.52180, L1 2.06549, Spectral 0.26739, Gradient 0.49759, Quantile 1.03546) | LR 1.00e-04
2026-06-28 13:51:16,986 INFO Epoch 15 | Batch 400/1186 | Loss 3.20094 (NLL 4.57125 [logdet 1.69230, mahal 1.04108], MS 2.51525, L1 2.08487, Spectral 0.27132, Gradient 0.50879, Quantile 1.02926) | LR 1.00e-04
2026-06-28 13:51:38,713 INFO Epoch 15 | Batch 450/1186 | Loss 3.28569 (NLL 4.52972 [logdet 1.69645, mahal 0.99539], MS 2.60624, L1 2.06221, Spectral 0.26621, Gradient 0.49714, Quantile 1.02505) | LR 1.00e-04
2026-06-28 13:52:00,447 INFO Epoch 15 | Batch 500/1186 | Loss 3.26388 (NLL 4.49051 [logdet 1.67520, mahal 0.97744], MS 2.59030, L1 1.97730, Spectral 0.27135, Gradient 0.50161, Quantile 1.01013) | LR 1.00e-04
2026-06-28 13:52:22,174 INFO Epoch 15 | Batch 550/1186 | Loss 3.15873 (NLL 4.49674 [logdet 1.65892, mahal 0.99995], MS 2.48422, L1 1.98458, Spectral 0.26151, Gradient 0.49170, Quantile 0.96922) | LR 1.00e-04
2026-06-28 13:52:43,882 INFO Epoch 15 | Batch 600/1186 | Loss 3.21672 (NLL 4.51976 [logdet 1.68245, mahal 0.99943], MS 2.53875, L1 2.03920, Spectral 0.27498, Gradient 0.50885, Quantile 1.06447) | LR 1.00e-04
2026-06-28 13:53:05,599 INFO Epoch 15 | Batch 650/1186 | Loss 3.16704 (NLL 4.52312 [logdet 1.67195, mahal 1.01329], MS 2.48857, L1 2.01865, Spectral 0.26606, Gradient 0.49599, Quantile 1.00408) | LR 1.00e-04
2026-06-28 13:53:27,327 INFO Epoch 15 | Batch 700/1186 | Loss 3.18297 (NLL 4.56013 [logdet 1.70293, mahal 1.01933], MS 2.49895, L1 2.07671, Spectral 0.26313, Gradient 0.49464, Quantile 1.06247) | LR 1.00e-04
2026-06-28 13:53:49,037 INFO Epoch 15 | Batch 750/1186 | Loss 3.15321 (NLL 4.50813 [logdet 1.72871, mahal 0.94154], MS 2.47699, L1 2.01762, Spectral 0.27491, Gradient 0.50493, Quantile 1.02374) | LR 1.00e-04
2026-06-28 13:54:10,761 INFO Epoch 15 | Batch 800/1186 | Loss 3.24667 (NLL 4.55316 [logdet 1.67534, mahal 1.03995], MS 2.56370, L1 2.05810, Spectral 0.27208, Gradient 0.49786, Quantile 1.06972) | LR 1.00e-04
2026-06-28 13:54:32,477 INFO Epoch 15 | Batch 850/1186 | Loss 3.14563 (NLL 4.50654 [logdet 1.68794, mahal 0.98072], MS 2.46964, L1 2.02446, Spectral 0.26674, Gradient 0.49712, Quantile 1.00809) | LR 1.00e-04
2026-06-28 13:54:54,202 INFO Epoch 15 | Batch 900/1186 | Loss 3.14256 (NLL 4.54756 [logdet 1.67155, mahal 1.03813], MS 2.46043, L1 2.06246, Spectral 0.26106, Gradient 0.49365, Quantile 1.01429) | LR 1.00e-04
2026-06-28 13:55:15,925 INFO Epoch 15 | Batch 950/1186 | Loss 3.20699 (NLL 4.55178 [logdet 1.72964, mahal 0.98426], MS 2.52422, L1 2.04800, Spectral 0.26700, Gradient 0.49521, Quantile 1.01598) | LR 1.00e-04
2026-06-28 13:55:37,655 INFO Epoch 15 | Batch 1000/1186 | Loss 3.35804 (NLL 4.56136 [logdet 1.71076, mahal 1.01273], MS 2.67384, L1 2.06696, Spectral 0.26913, Gradient 0.49441, Quantile 1.05537) | LR 1.00e-04
2026-06-28 13:55:59,392 INFO Epoch 15 | Batch 1050/1186 | Loss 3.29741 (NLL 4.56812 [logdet 1.72303, mahal 1.00721], MS 2.61219, L1 2.07623, Spectral 0.26891, Gradient 0.49752, Quantile 1.02946) | LR 1.00e-04
2026-06-28 13:56:21,102 INFO Epoch 15 | Batch 1100/1186 | Loss 3.27905 (NLL 4.51827 [logdet 1.70631, mahal 0.97408], MS 2.60131, L1 2.03651, Spectral 0.26903, Gradient 0.50347, Quantile 1.00892) | LR 1.00e-04
2026-06-28 13:56:42,832 INFO Epoch 15 | Batch 1150/1186 | Loss 3.22653 (NLL 4.56882 [logdet 1.67395, mahal 1.05699], MS 2.54121, L1 2.09657, Spectral 0.27267, Gradient 0.50081, Quantile 1.05929) | LR 1.00e-04
2026-06-28 13:57:34,011 INFO Epoch 15 | Val Loss 3.66500 (NLL 4.47219 [logdet 1.72240, mahal 0.91191], MS 2.99417, L1 1.95911, Spectral 0.26451, Gradient 0.49123, Quantile 1.01849)
2026-06-28 13:57:56,040 INFO Epoch 16 | Batch 50/1186 | Loss 3.28223 (NLL 4.55802 [logdet 1.71238, mahal 1.00776], MS 2.59853, L1 2.05024, Spectral 0.26977, Gradient 0.49212, Quantile 1.00272) | LR 1.00e-04
2026-06-28 13:58:17,756 INFO Epoch 16 | Batch 100/1186 | Loss 3.14058 (NLL 4.49863 [logdet 1.67328, mahal 0.98747], MS 2.46578, L1 2.01423, Spectral 0.27379, Gradient 0.49877, Quantile 0.99894) | LR 1.00e-04
2026-06-28 13:58:39,484 INFO Epoch 16 | Batch 150/1186 | Loss 3.13242 (NLL 4.46644 [logdet 1.65373, mahal 0.97484], MS 2.46245, L1 1.99143, Spectral 0.26494, Gradient 0.49555, Quantile 0.97406) | LR 1.00e-04
2026-06-28 13:59:01,204 INFO Epoch 16 | Batch 200/1186 | Loss 3.22517 (NLL 4.50885 [logdet 1.66103, mahal 1.00994], MS 2.54884, L1 2.00142, Spectral 0.26381, Gradient 0.49205, Quantile 0.97676) | LR 1.00e-04
2026-06-28 13:59:22,930 INFO Epoch 16 | Batch 250/1186 | Loss 3.30652 (NLL 4.61937 [logdet 1.74821, mahal 1.03328], MS 2.61361, L1 2.11266, Spectral 0.26768, Gradient 0.50684, Quantile 1.03491) | LR 1.00e-04
2026-06-28 13:59:44,656 INFO Epoch 16 | Batch 300/1186 | Loss 3.18740 (NLL 4.53738 [logdet 1.72548, mahal 0.97402], MS 2.50680, L1 2.04555, Spectral 0.26954, Gradient 0.49671, Quantile 1.03709) | LR 1.00e-04
2026-06-28 14:00:06,392 INFO Epoch 16 | Batch 350/1186 | Loss 3.15656 (NLL 4.51953 [logdet 1.65136, mahal 1.03029], MS 2.47863, L1 1.99642, Spectral 0.25996, Gradient 0.48447, Quantile 1.00147) | LR 1.00e-04
2026-06-28 14:00:28,107 INFO Epoch 16 | Batch 400/1186 | Loss 3.17043 (NLL 4.54613 [logdet 1.66507, mahal 1.04318], MS 2.48851, L1 2.05282, Spectral 0.27268, Gradient 0.49349, Quantile 1.03047) | LR 1.00e-04
2026-06-28 14:00:49,852 INFO Epoch 16 | Batch 450/1186 | Loss 3.17863 (NLL 4.55311 [logdet 1.68438, mahal 1.03086], MS 2.49567, L1 2.03130, Spectral 0.26592, Gradient 0.49503, Quantile 1.03905) | LR 1.00e-04
2026-06-28 14:01:11,576 INFO Epoch 16 | Batch 500/1186 | Loss 3.11022 (NLL 4.52895 [logdet 1.70041, mahal 0.99067], MS 2.43088, L1 2.02218, Spectral 0.26372, Gradient 0.49475, Quantile 1.02398) | LR 1.00e-04
2026-06-28 14:01:33,303 INFO Epoch 16 | Batch 550/1186 | Loss 3.18173 (NLL 4.48867 [logdet 1.68078, mahal 0.97001], MS 2.50843, L1 2.00287, Spectral 0.27395, Gradient 0.50392, Quantile 0.98669) | LR 1.00e-04
2026-06-28 14:01:55,017 INFO Epoch 16 | Batch 600/1186 | Loss 3.36042 (NLL 4.59219 [logdet 1.71347, mahal 1.04084], MS 2.67159, L1 2.07972, Spectral 0.26891, Gradient 0.51038, Quantile 1.06220) | LR 1.00e-04
2026-06-28 14:02:16,724 INFO Epoch 16 | Batch 650/1186 | Loss 3.36924 (NLL 4.60821 [logdet 1.74768, mahal 1.02265], MS 2.67801, L1 2.12495, Spectral 0.27284, Gradient 0.50125, Quantile 1.04593) | LR 1.00e-04
2026-06-28 14:02:38,449 INFO Epoch 16 | Batch 700/1186 | Loss 3.27751 (NLL 4.57680 [logdet 1.71904, mahal 1.01989], MS 2.59099, L1 2.08978, Spectral 0.26563, Gradient 0.48852, Quantile 1.03905) | LR 1.00e-04
2026-06-28 14:03:00,179 INFO Epoch 16 | Batch 750/1186 | Loss 3.20567 (NLL 4.55791 [logdet 1.72508, mahal 0.99496], MS 2.52199, L1 2.09438, Spectral 0.27033, Gradient 0.50979, Quantile 1.03267) | LR 1.00e-04
2026-06-28 14:03:21,899 INFO Epoch 16 | Batch 800/1186 | Loss 3.22633 (NLL 4.52323 [logdet 1.71619, mahal 0.96917], MS 2.54784, L1 2.07202, Spectral 0.27535, Gradient 0.49896, Quantile 1.03951) | LR 1.00e-04
2026-06-28 14:03:43,620 INFO Epoch 16 | Batch 850/1186 | Loss 3.20717 (NLL 4.55329 [logdet 1.69138, mahal 1.02403], MS 2.52417, L1 2.07367, Spectral 0.27649, Gradient 0.51272, Quantile 1.02972) | LR 1.00e-04
2026-06-28 14:04:05,346 INFO Epoch 16 | Batch 900/1186 | Loss 3.23141 (NLL 4.50213 [logdet 1.68601, mahal 0.97824], MS 2.55609, L1 2.01624, Spectral 0.26255, Gradient 0.49176, Quantile 0.96974) | LR 1.00e-04
2026-06-28 14:04:27,058 INFO Epoch 16 | Batch 950/1186 | Loss 3.22148 (NLL 4.55348 [logdet 1.69205, mahal 1.02356], MS 2.53845, L1 2.05523, Spectral 0.26336, Gradient 0.49149, Quantile 1.02728) | LR 1.00e-04
2026-06-28 14:04:48,772 INFO Epoch 16 | Batch 1000/1186 | Loss 3.19084 (NLL 4.51904 [logdet 1.71850, mahal 0.96267], MS 2.51298, L1 2.03841, Spectral 0.25859, Gradient 0.49000, Quantile 1.01681) | LR 1.00e-04
2026-06-28 14:05:10,504 INFO Epoch 16 | Batch 1050/1186 | Loss 3.21442 (NLL 4.56748 [logdet 1.74287, mahal 0.98673], MS 2.52929, L1 2.08072, Spectral 0.26507, Gradient 0.48810, Quantile 1.05667) | LR 1.00e-04
2026-06-28 14:05:32,230 INFO Epoch 16 | Batch 1100/1186 | Loss 3.11068 (NLL 4.46139 [logdet 1.69207, mahal 0.93145], MS 2.44147, L1 1.97637, Spectral 0.25519, Gradient 0.47564, Quantile 0.98231) | LR 1.00e-04
2026-06-28 14:05:53,958 INFO Epoch 16 | Batch 1150/1186 | Loss 3.32408 (NLL 4.55052 [logdet 1.63475, mahal 1.07789], MS 2.64150, L1 2.07357, Spectral 0.27303, Gradient 0.49363, Quantile 1.03083) | LR 1.00e-04
2026-06-28 14:06:44,789 INFO Epoch 16 | Val Loss 3.71758 (NLL 4.50268 [logdet 1.70025, mahal 0.96455], MS 3.04218, L1 1.99886, Spectral 0.26478, Gradient 0.50672, Quantile 1.03294)
2026-06-28 14:07:06,825 INFO Epoch 17 | Batch 50/1186 | Loss 3.15635 (NLL 4.54158 [logdet 1.66648, mahal 1.03723], MS 2.47511, L1 2.04285, Spectral 0.27377, Gradient 0.50812, Quantile 1.00682) | LR 1.00e-04
2026-06-28 14:07:28,560 INFO Epoch 17 | Batch 100/1186 | Loss 3.19359 (NLL 4.49919 [logdet 1.68437, mahal 0.97694], MS 2.51871, L1 2.00550, Spectral 0.26818, Gradient 0.49057, Quantile 0.98510) | LR 1.00e-04
2026-06-28 14:07:50,298 INFO Epoch 17 | Batch 150/1186 | Loss 3.24308 (NLL 4.58558 [logdet 1.74093, mahal 1.00678], MS 2.55525, L1 2.07567, Spectral 0.26912, Gradient 0.50227, Quantile 1.02418) | LR 1.00e-04
2026-06-28 14:08:12,028 INFO Epoch 17 | Batch 200/1186 | Loss 3.21267 (NLL 4.54933 [logdet 1.70979, mahal 1.00166], MS 2.53027, L1 2.07665, Spectral 0.26783, Gradient 0.49309, Quantile 1.02340) | LR 1.00e-04
2026-06-28 14:08:33,753 INFO Epoch 17 | Batch 250/1186 | Loss 3.32513 (NLL 4.53083 [logdet 1.74598, mahal 0.94698], MS 2.64551, L1 2.06036, Spectral 0.27968, Gradient 0.50768, Quantile 1.00897) | LR 1.00e-04
2026-06-28 14:08:55,488 INFO Epoch 17 | Batch 300/1186 | Loss 3.19107 (NLL 4.60183 [logdet 1.76653, mahal 0.99743], MS 2.50079, L1 2.07467, Spectral 0.26862, Gradient 0.50504, Quantile 1.01122) | LR 1.00e-04
2026-06-28 14:09:17,206 INFO Epoch 17 | Batch 350/1186 | Loss 3.20953 (NLL 4.52890 [logdet 1.69637, mahal 0.99465], MS 2.53020, L1 2.04303, Spectral 0.26183, Gradient 0.50062, Quantile 1.03103) | LR 1.00e-04
2026-06-28 14:09:38,940 INFO Epoch 17 | Batch 400/1186 | Loss 3.08044 (NLL 4.49753 [logdet 1.68968, mahal 0.96998], MS 2.40581, L1 1.98436, Spectral 0.25891, Gradient 0.48357, Quantile 0.98668) | LR 1.00e-04
2026-06-28 14:10:00,672 INFO Epoch 17 | Batch 450/1186 | Loss 3.19910 (NLL 4.52709 [logdet 1.70806, mahal 0.98115], MS 2.52003, L1 2.05884, Spectral 0.26632, Gradient 0.49815, Quantile 1.01403) | LR 1.00e-04
2026-06-28 14:10:22,401 INFO Epoch 17 | Batch 500/1186 | Loss 3.13042 (NLL 4.51287 [logdet 1.65960, mahal 1.01539], MS 2.45349, L1 2.01262, Spectral 0.26820, Gradient 0.49641, Quantile 0.99799) | LR 1.00e-04
2026-06-28 14:10:44,127 INFO Epoch 17 | Batch 550/1186 | Loss 3.24837 (NLL 4.58215 [logdet 1.69509, mahal 1.04918], MS 2.56104, L1 2.09520, Spectral 0.27754, Gradient 0.50615, Quantile 1.01827) | LR 1.00e-04
2026-06-28 14:11:05,854 INFO Epoch 17 | Batch 600/1186 | Loss 3.36914 (NLL 4.55608 [logdet 1.71312, mahal 1.00508], MS 2.68573, L1 2.07566, Spectral 0.26842, Gradient 0.50280, Quantile 1.02919) | LR 1.00e-04
2026-06-28 14:11:27,579 INFO Epoch 17 | Batch 650/1186 | Loss 3.08644 (NLL 4.54191 [logdet 1.70869, mahal 0.99534], MS 2.40516, L1 2.03851, Spectral 0.25920, Gradient 0.48367, Quantile 0.99143) | LR 1.00e-04
2026-06-28 14:11:49,294 INFO Epoch 17 | Batch 700/1186 | Loss 3.30335 (NLL 4.49578 [logdet 1.72747, mahal 0.93043], MS 2.62899, L1 2.01805, Spectral 0.26154, Gradient 0.49422, Quantile 1.02421) | LR 1.00e-04
2026-06-28 14:12:11,006 INFO Epoch 17 | Batch 750/1186 | Loss 3.14934 (NLL 4.50764 [logdet 1.68516, mahal 0.98460], MS 2.47319, L1 2.01552, Spectral 0.25594, Gradient 0.48456, Quantile 1.03865) | LR 1.00e-04
2026-06-28 14:12:32,728 INFO Epoch 17 | Batch 800/1186 | Loss 3.25421 (NLL 4.53498 [logdet 1.70229, mahal 0.99481], MS 2.57396, L1 2.05647, Spectral 0.27151, Gradient 0.50181, Quantile 1.03722) | LR 1.00e-04
2026-06-28 14:12:54,440 INFO Epoch 17 | Batch 850/1186 | Loss 3.23293 (NLL 4.55691 [logdet 1.70072, mahal 1.01831], MS 2.54939, L1 2.09385, Spectral 0.26401, Gradient 0.49302, Quantile 1.03539) | LR 1.00e-04
2026-06-28 14:13:16,166 INFO Epoch 17 | Batch 900/1186 | Loss 3.09297 (NLL 4.51179 [logdet 1.67956, mahal 0.99435], MS 2.41620, L1 2.01382, Spectral 0.26416, Gradient 0.48748, Quantile 1.00805) | LR 1.00e-04
2026-06-28 14:13:37,890 INFO Epoch 17 | Batch 950/1186 | Loss 3.31754 (NLL 4.58463 [logdet 1.70853, mahal 1.03822], MS 2.62985, L1 2.12259, Spectral 0.27681, Gradient 0.50538, Quantile 1.05915) | LR 1.00e-04
2026-06-28 14:13:59,608 INFO Epoch 17 | Batch 1000/1186 | Loss 3.18951 (NLL 4.53062 [logdet 1.68995, mahal 1.00279], MS 2.50991, L1 2.02435, Spectral 0.26982, Gradient 0.50021, Quantile 1.00895) | LR 1.00e-04
2026-06-28 14:14:21,320 INFO Epoch 17 | Batch 1050/1186 | Loss 3.28433 (NLL 4.48165 [logdet 1.67770, mahal 0.96608], MS 2.61208, L1 2.01535, Spectral 0.26879, Gradient 0.49443, Quantile 1.05640) | LR 1.00e-04
2026-06-28 14:14:43,027 INFO Epoch 17 | Batch 1100/1186 | Loss 3.15534 (NLL 4.48749 [logdet 1.66826, mahal 0.98135], MS 2.48222, L1 1.97838, Spectral 0.26943, Gradient 0.49315, Quantile 1.01256) | LR 1.00e-04
2026-06-28 14:15:04,738 INFO Epoch 17 | Batch 1150/1186 | Loss 3.22058 (NLL 4.56911 [logdet 1.72333, mahal 1.00791], MS 2.53521, L1 2.04288, Spectral 0.25632, Gradient 0.48326, Quantile 1.00551) | LR 1.00e-04
2026-06-28 14:15:55,964 INFO Epoch 17 | Val Loss 3.63520 (NLL 4.48005 [logdet 1.73348, mahal 0.90869], MS 2.96319, L1 1.96839, Spectral 0.26449, Gradient 0.49419, Quantile 1.03466)
2026-06-28 14:15:56,422 INFO New best val loss: 3.63520 (saved checkpoints/best.pth)
2026-06-28 14:16:18,209 INFO Epoch 18 | Batch 50/1186 | Loss 3.24576 (NLL 4.51914 [logdet 1.68519, mahal 0.99606], MS 2.56789, L1 2.04373, Spectral 0.27740, Gradient 0.50067, Quantile 1.00334) | LR 1.00e-04
2026-06-28 14:16:39,923 INFO Epoch 18 | Batch 100/1186 | Loss 3.22344 (NLL 4.51876 [logdet 1.67584, mahal 1.00505], MS 2.54563, L1 2.01117, Spectral 0.26741, Gradient 0.49135, Quantile 0.96607) | LR 1.00e-04
2026-06-28 14:17:01,648 INFO Epoch 18 | Batch 150/1186 | Loss 3.26518 (NLL 4.57761 [logdet 1.73754, mahal 1.00219], MS 2.57854, L1 2.07934, Spectral 0.26942, Gradient 0.50603, Quantile 1.04158) | LR 1.00e-04
2026-06-28 14:17:23,377 INFO Epoch 18 | Batch 200/1186 | Loss 3.29272 (NLL 4.52399 [logdet 1.70591, mahal 0.98021], MS 2.61412, L1 2.03365, Spectral 0.26681, Gradient 0.50118, Quantile 1.00606) | LR 1.00e-04
2026-06-28 14:17:45,111 INFO Epoch 18 | Batch 250/1186 | Loss 3.21028 (NLL 4.53205 [logdet 1.70080, mahal 0.99338], MS 2.53047, L1 2.03859, Spectral 0.26420, Gradient 0.49627, Quantile 1.01160) | LR 1.00e-04
2026-06-28 14:18:06,827 INFO Epoch 18 | Batch 300/1186 | Loss 3.18194 (NLL 4.54638 [logdet 1.68125, mahal 1.02725], MS 2.49999, L1 2.06926, Spectral 0.25812, Gradient 0.49259, Quantile 1.03821) | LR 1.00e-04
2026-06-28 14:18:28,542 INFO Epoch 18 | Batch 350/1186 | Loss 3.29470 (NLL 4.57773 [logdet 1.70312, mahal 1.03674], MS 2.60804, L1 2.08025, Spectral 0.27224, Gradient 0.50385, Quantile 1.05423) | LR 1.00e-04
2026-06-28 14:18:50,244 INFO Epoch 18 | Batch 400/1186 | Loss 3.20989 (NLL 4.52131 [logdet 1.67023, mahal 1.01321], MS 2.53170, L1 2.01358, Spectral 0.26813, Gradient 0.49060, Quantile 1.01752) | LR 1.00e-04
2026-06-28 14:19:11,925 INFO Epoch 18 | Batch 450/1186 | Loss 3.22823 (NLL 4.53685 [logdet 1.68452, mahal 1.01445], MS 2.54770, L1 2.08601, Spectral 0.27504, Gradient 0.50025, Quantile 1.07120) | LR 1.00e-04
2026-06-28 14:19:33,617 INFO Epoch 18 | Batch 500/1186 | Loss 3.23402 (NLL 4.56988 [logdet 1.74335, mahal 0.98866], MS 2.54854, L1 2.10069, Spectral 0.26934, Gradient 0.51115, Quantile 1.07321) | LR 1.00e-04
2026-06-28 14:19:55,316 INFO Epoch 18 | Batch 550/1186 | Loss 3.24341 (NLL 4.47886 [logdet 1.68556, mahal 0.95543], MS 2.57159, L1 2.00913, Spectral 0.26779, Gradient 0.49734, Quantile 0.96914) | LR 1.00e-04
2026-06-28 14:20:17,017 INFO Epoch 18 | Batch 600/1186 | Loss 3.26723 (NLL 4.53892 [logdet 1.66842, mahal 1.03262], MS 2.58639, L1 2.06208, Spectral 0.26501, Gradient 0.50237, Quantile 1.01300) | LR 1.00e-04
2026-06-28 14:20:38,745 INFO Epoch 18 | Batch 650/1186 | Loss 3.11989 (NLL 4.43473 [logdet 1.65625, mahal 0.94060], MS 2.45468, L1 1.94604, Spectral 0.25574, Gradient 0.48110, Quantile 0.98928) | LR 1.00e-04
2026-06-28 14:21:00,484 INFO Epoch 18 | Batch 700/1186 | Loss 3.19865 (NLL 4.52810 [logdet 1.66159, mahal 1.02863], MS 2.51944, L1 2.04514, Spectral 0.25723, Gradient 0.48340, Quantile 1.02624) | LR 1.00e-04
2026-06-28 14:21:22,211 INFO Epoch 18 | Batch 750/1186 | Loss 3.20682 (NLL 4.48241 [logdet 1.66194, mahal 0.98259], MS 2.53446, L1 1.98375, Spectral 0.26387, Gradient 0.48766, Quantile 1.01552) | LR 1.00e-04
2026-06-28 14:21:43,925 INFO Epoch 18 | Batch 800/1186 | Loss 3.22395 (NLL 4.56351 [logdet 1.69925, mahal 1.02638], MS 2.53943, L1 2.07332, Spectral 0.26519, Gradient 0.50053, Quantile 1.04325) | LR 1.00e-04
2026-06-28 14:22:05,649 INFO Epoch 18 | Batch 850/1186 | Loss 3.29001 (NLL 4.55861 [logdet 1.74653, mahal 0.97420], MS 2.60622, L1 2.09624, Spectral 0.28798, Gradient 0.51765, Quantile 1.00371) | LR 1.00e-04
2026-06-28 14:22:27,379 INFO Epoch 18 | Batch 900/1186 | Loss 3.17879 (NLL 4.49747 [logdet 1.67076, mahal 0.98884], MS 2.50417, L1 2.00057, Spectral 0.26752, Gradient 0.49015, Quantile 1.00767) | LR 1.00e-04
2026-06-28 14:22:49,109 INFO Epoch 18 | Batch 950/1186 | Loss 3.20645 (NLL 4.64158 [logdet 1.75042, mahal 1.05328], MS 2.51021, L1 2.12413, Spectral 0.26214, Gradient 0.49397, Quantile 1.04097) | LR 1.00e-04
2026-06-28 14:23:10,825 INFO Epoch 18 | Batch 1000/1186 | Loss 3.32327 (NLL 4.56422 [logdet 1.76667, mahal 0.95967], MS 2.63863, L1 2.11388, Spectral 0.27560, Gradient 0.50705, Quantile 1.04442) | LR 1.00e-04
2026-06-28 14:23:32,546 INFO Epoch 18 | Batch 1050/1186 | Loss 3.19371 (NLL 4.53912 [logdet 1.69329, mahal 1.00795], MS 2.51284, L1 2.04061, Spectral 0.26055, Gradient 0.49726, Quantile 1.02242) | LR 1.00e-04
2026-06-28 14:23:54,253 INFO Epoch 18 | Batch 1100/1186 | Loss 3.18277 (NLL 4.53445 [logdet 1.68452, mahal 1.01205], MS 2.50260, L1 2.01722, Spectral 0.26648, Gradient 0.48686, Quantile 0.99061) | LR 1.00e-04
2026-06-28 14:24:15,991 INFO Epoch 18 | Batch 1150/1186 | Loss 3.21687 (NLL 4.56328 [logdet 1.72874, mahal 0.99667], MS 2.53237, L1 2.07752, Spectral 0.26732, Gradient 0.49804, Quantile 0.99942) | LR 1.00e-04
2026-06-28 14:25:07,195 INFO Epoch 18 | Val Loss 3.69743 (NLL 4.47268 [logdet 1.71886, mahal 0.91594], MS 3.02653, L1 1.96399, Spectral 0.26454, Gradient 0.49277, Quantile 1.01834)
2026-06-28 14:25:29,240 INFO Epoch 19 | Batch 50/1186 | Loss 3.18255 (NLL 4.48066 [logdet 1.69148, mahal 0.95130], MS 2.51045, L1 1.97049, Spectral 0.26835, Gradient 0.49498, Quantile 0.95179) | LR 1.00e-04
2026-06-28 14:25:50,971 INFO Epoch 19 | Batch 100/1186 | Loss 3.27646 (NLL 4.56392 [logdet 1.70252, mahal 1.02353], MS 2.59187, L1 2.11762, Spectral 0.27473, Gradient 0.51258, Quantile 1.08747) | LR 1.00e-04
2026-06-28 14:26:12,696 INFO Epoch 19 | Batch 150/1186 | Loss 3.27704 (NLL 4.60609 [logdet 1.70849, mahal 1.05972], MS 2.58613, L1 2.08583, Spectral 0.26577, Gradient 0.50449, Quantile 1.04710) | LR 1.00e-04
2026-06-28 14:26:34,427 INFO Epoch 19 | Batch 200/1186 | Loss 3.24288 (NLL 4.53672 [logdet 1.69570, mahal 1.00315], MS 2.56237, L1 2.05965, Spectral 0.26971, Gradient 0.49703, Quantile 0.99495) | LR 1.00e-04
2026-06-28 14:26:56,156 INFO Epoch 19 | Batch 250/1186 | Loss 3.22890 (NLL 4.55149 [logdet 1.74915, mahal 0.96447], MS 2.54618, L1 2.06335, Spectral 0.26675, Gradient 0.50162, Quantile 1.02399) | LR 1.00e-04
2026-06-28 14:27:17,897 INFO Epoch 19 | Batch 300/1186 | Loss 3.37970 (NLL 4.61691 [logdet 1.75774, mahal 1.02130], MS 2.68717, L1 2.09980, Spectral 0.27081, Gradient 0.50447, Quantile 1.02922) | LR 1.00e-04
2026-06-28 14:27:39,637 INFO Epoch 19 | Batch 350/1186 | Loss 3.18396 (NLL 4.55907 [logdet 1.73374, mahal 0.98745], MS 2.50010, L1 2.06278, Spectral 0.26131, Gradient 0.49506, Quantile 1.00689) | LR 1.00e-04
2026-06-28 14:28:01,378 INFO Epoch 19 | Batch 400/1186 | Loss 3.25531 (NLL 4.52371 [logdet 1.71905, mahal 0.96678], MS 2.57675, L1 2.01414, Spectral 0.26311, Gradient 0.49258, Quantile 1.03047) | LR 1.00e-04
2026-06-28 14:28:23,121 INFO Epoch 19 | Batch 450/1186 | Loss 3.18511 (NLL 4.54908 [logdet 1.68865, mahal 1.02256], MS 2.50275, L1 2.08107, Spectral 0.26575, Gradient 0.49136, Quantile 1.03114) | LR 1.00e-04
2026-06-28 14:28:44,838 INFO Epoch 19 | Batch 500/1186 | Loss 3.18664 (NLL 4.53767 [logdet 1.70754, mahal 0.99225], MS 2.50599, L1 2.04656, Spectral 0.26848, Gradient 0.49405, Quantile 1.03067) | LR 1.00e-04
2026-06-28 14:29:06,569 INFO Epoch 19 | Batch 550/1186 | Loss 3.23227 (NLL 4.56278 [logdet 1.73389, mahal 0.99101], MS 2.54785, L1 2.07855, Spectral 0.26439, Gradient 0.50226, Quantile 1.00742) | LR 1.00e-04
2026-06-28 14:29:28,300 INFO Epoch 19 | Batch 600/1186 | Loss 3.16522 (NLL 4.50034 [logdet 1.69522, mahal 0.96724], MS 2.49017, L1 2.01493, Spectral 0.25971, Gradient 0.48359, Quantile 0.98500) | LR 1.00e-04
2026-06-28 14:29:50,023 INFO Epoch 19 | Batch 650/1186 | Loss 3.18606 (NLL 4.56807 [logdet 1.69220, mahal 1.03800], MS 2.50085, L1 2.06890, Spectral 0.26524, Gradient 0.49806, Quantile 1.01069) | LR 1.00e-04
2026-06-28 14:30:11,734 INFO Epoch 19 | Batch 700/1186 | Loss 3.25437 (NLL 4.57361 [logdet 1.71374, mahal 1.02199], MS 2.56833, L1 2.07290, Spectral 0.26255, Gradient 0.48741, Quantile 1.00160) | LR 1.00e-04
2026-06-28 14:30:33,475 INFO Epoch 19 | Batch 750/1186 | Loss 3.21348 (NLL 4.56278 [logdet 1.72334, mahal 1.00156], MS 2.52906, L1 2.06794, Spectral 0.26146, Gradient 0.49731, Quantile 1.03058) | LR 1.00e-04
2026-06-28 14:30:55,197 INFO Epoch 19 | Batch 800/1186 | Loss 3.18334 (NLL 4.49010 [logdet 1.73960, mahal 0.91263], MS 2.50983, L1 2.01741, Spectral 0.27068, Gradient 0.49877, Quantile 0.99456) | LR 1.00e-04
2026-06-28 14:31:16,933 INFO Epoch 19 | Batch 850/1186 | Loss 3.13766 (NLL 4.48675 [logdet 1.64684, mahal 1.00204], MS 2.46465, L1 2.00321, Spectral 0.25948, Gradient 0.48929, Quantile 1.03312) | LR 1.00e-04
2026-06-28 14:31:38,667 INFO Epoch 19 | Batch 900/1186 | Loss 3.13036 (NLL 4.50478 [logdet 1.64371, mahal 1.02319], MS 2.45465, L1 2.01980, Spectral 0.27616, Gradient 0.49703, Quantile 1.00029) | LR 1.00e-04
2026-06-28 14:32:00,398 INFO Epoch 19 | Batch 950/1186 | Loss 3.24257 (NLL 4.53096 [logdet 1.68472, mahal 1.00836], MS 2.56293, L1 2.03723, Spectral 0.27268, Gradient 0.49769, Quantile 1.01869) | LR 1.00e-04
2026-06-28 14:32:22,118 INFO Epoch 19 | Batch 1000/1186 | Loss 3.29939 (NLL 4.55599 [logdet 1.75147, mahal 0.96664], MS 2.61599, L1 2.05734, Spectral 0.27534, Gradient 0.50279, Quantile 1.02287) | LR 1.00e-04
2026-06-28 14:32:43,862 INFO Epoch 19 | Batch 1050/1186 | Loss 3.32437 (NLL 4.51451 [logdet 1.74323, mahal 0.93340], MS 2.64720, L1 2.03629, Spectral 0.27329, Gradient 0.50160, Quantile 0.98908) | LR 1.00e-04
2026-06-28 14:33:05,601 INFO Epoch 19 | Batch 1100/1186 | Loss 3.23079 (NLL 4.51427 [logdet 1.64714, mahal 1.02926], MS 2.55365, L1 2.01707, Spectral 0.26436, Gradient 0.49285, Quantile 1.01459) | LR 1.00e-04
2026-06-28 14:33:27,329 INFO Epoch 19 | Batch 1150/1186 | Loss 3.21448 (NLL 4.53802 [logdet 1.69766, mahal 1.00248], MS 2.53378, L1 2.01990, Spectral 0.27386, Gradient 0.49571, Quantile 1.03750) | LR 1.00e-04
2026-06-28 14:34:18,329 INFO Epoch 19 | Val Loss 3.63624 (NLL 4.47354 [logdet 1.69639, mahal 0.93927], MS 2.96520, L1 1.96422, Spectral 0.26456, Gradient 0.49874, Quantile 1.01326)
2026-06-28 14:34:40,335 INFO Epoch 20 | Batch 50/1186 | Loss 3.24165 (NLL 4.58474 [logdet 1.71200, mahal 1.03486], MS 2.55394, L1 2.06243, Spectral 0.26044, Gradient 0.49940, Quantile 0.98166) | LR 1.00e-04
2026-06-28 14:35:02,060 INFO Epoch 20 | Batch 100/1186 | Loss 3.15594 (NLL 4.53279 [logdet 1.70806, mahal 0.98684], MS 2.47602, L1 2.06769, Spectral 0.26460, Gradient 0.48657, Quantile 1.03777) | LR 1.00e-04
2026-06-28 14:35:23,784 INFO Epoch 20 | Batch 150/1186 | Loss 3.16324 (NLL 4.53594 [logdet 1.69985, mahal 0.99822], MS 2.48285, L1 2.03758, Spectral 0.26784, Gradient 0.49852, Quantile 1.01438) | LR 1.00e-04
2026-06-28 14:35:45,504 INFO Epoch 20 | Batch 200/1186 | Loss 3.15185 (NLL 4.49102 [logdet 1.67102, mahal 0.98212], MS 2.47819, L1 1.99839, Spectral 0.26191, Gradient 0.48770, Quantile 0.95605) | LR 1.00e-04
2026-06-28 14:36:07,239 INFO Epoch 20 | Batch 250/1186 | Loss 3.17987 (NLL 4.57673 [logdet 1.70924, mahal 1.02962], MS 2.49336, L1 2.03940, Spectral 0.26982, Gradient 0.49888, Quantile 0.97520) | LR 1.00e-04
2026-06-28 14:36:28,980 INFO Epoch 20 | Batch 300/1186 | Loss 3.19578 (NLL 4.56768 [logdet 1.72125, mahal 1.00856], MS 2.51063, L1 2.09321, Spectral 0.27385, Gradient 0.50476, Quantile 1.05119) | LR 1.00e-04
2026-06-28 14:36:50,701 INFO Epoch 20 | Batch 350/1186 | Loss 3.16024 (NLL 4.51455 [logdet 1.70117, mahal 0.97551], MS 2.48306, L1 2.00151, Spectral 0.26455, Gradient 0.48124, Quantile 1.00949) | LR 1.00e-04
2026-06-28 14:37:12,432 INFO Epoch 20 | Batch 400/1186 | Loss 3.12318 (NLL 4.50398 [logdet 1.69136, mahal 0.97474], MS 2.44758, L1 2.01994, Spectral 0.27118, Gradient 0.49675, Quantile 1.01353) | LR 1.00e-04
2026-06-28 14:37:34,157 INFO Epoch 20 | Batch 450/1186 | Loss 3.15843 (NLL 4.47063 [logdet 1.67536, mahal 0.95739], MS 2.48784, L1 1.98875, Spectral 0.26424, Gradient 0.48957, Quantile 0.98362) | LR 1.00e-04
2026-06-28 14:37:55,877 INFO Epoch 20 | Batch 500/1186 | Loss 3.21164 (NLL 4.51984 [logdet 1.65082, mahal 1.03114], MS 2.53366, L1 2.04330, Spectral 0.26717, Gradient 0.49580, Quantile 1.01264) | LR 1.00e-04
2026-06-28 14:38:17,608 INFO Epoch 20 | Batch 550/1186 | Loss 3.31473 (NLL 4.52238 [logdet 1.67436, mahal 1.01015], MS 2.63637, L1 2.02494, Spectral 0.26954, Gradient 0.50155, Quantile 1.03225) | LR 1.00e-04
2026-06-28 14:38:39,337 INFO Epoch 20 | Batch 600/1186 | Loss 3.29715 (NLL 4.53141 [logdet 1.66589, mahal 1.02764], MS 2.61744, L1 2.02984, Spectral 0.26630, Gradient 0.49505, Quantile 0.98005) | LR 1.00e-04
2026-06-28 14:39:01,072 INFO Epoch 20 | Batch 650/1186 | Loss 3.19370 (NLL 4.56025 [logdet 1.68794, mahal 1.03443], MS 2.50966, L1 2.03420, Spectral 0.27375, Gradient 0.49769, Quantile 0.99836) | LR 1.00e-04
2026-06-28 14:39:22,813 INFO Epoch 20 | Batch 700/1186 | Loss 3.18255 (NLL 4.52739 [logdet 1.69948, mahal 0.99004], MS 2.50345, L1 2.02322, Spectral 0.27187, Gradient 0.49887, Quantile 0.98346) | LR 1.00e-04
2026-06-28 14:39:44,545 INFO Epoch 20 | Batch 750/1186 | Loss 3.23078 (NLL 4.53992 [logdet 1.72803, mahal 0.97401], MS 2.54979, L1 2.03338, Spectral 0.27152, Gradient 0.49959, Quantile 1.00544) | LR 1.00e-04
2026-06-28 14:40:06,263 INFO Epoch 20 | Batch 800/1186 | Loss 3.23009 (NLL 4.59347 [logdet 1.69538, mahal 1.06022], MS 2.54107, L1 2.05237, Spectral 0.26924, Gradient 0.49464, Quantile 1.01403) | LR 1.00e-04
2026-06-28 14:40:28,002 INFO Epoch 20 | Batch 850/1186 | Loss 3.12194 (NLL 4.55126 [logdet 1.76831, mahal 0.94507], MS 2.43925, L1 2.03987, Spectral 0.26495, Gradient 0.49435, Quantile 1.03333) | LR 1.00e-04
2026-06-28 14:40:49,730 INFO Epoch 20 | Batch 900/1186 | Loss 3.42184 (NLL 4.59677 [logdet 1.72501, mahal 1.03388], MS 2.73232, L1 2.11295, Spectral 0.27316, Gradient 0.51576, Quantile 1.04557) | LR 1.00e-04
2026-06-28 14:41:11,447 INFO Epoch 20 | Batch 950/1186 | Loss 3.14100 (NLL 4.56337 [logdet 1.71019, mahal 1.01531], MS 2.45649, L1 2.08359, Spectral 0.27100, Gradient 0.49932, Quantile 0.99083) | LR 1.00e-04
2026-06-28 14:41:33,183 INFO Epoch 20 | Batch 1000/1186 | Loss 3.12505 (NLL 4.49005 [logdet 1.70181, mahal 0.95037], MS 2.45154, L1 2.02461, Spectral 0.25776, Gradient 0.48855, Quantile 1.00468) | LR 1.00e-04
2026-06-28 14:41:54,908 INFO Epoch 20 | Batch 1050/1186 | Loss 3.13565 (NLL 4.50404 [logdet 1.71096, mahal 0.95520], MS 2.46004, L1 2.00033, Spectral 0.26855, Gradient 0.49549, Quantile 0.98779) | LR 1.00e-04
2026-06-28 14:42:16,618 INFO Epoch 20 | Batch 1100/1186 | Loss 3.17386 (NLL 4.51694 [logdet 1.70706, mahal 0.97200], MS 2.49632, L1 2.03859, Spectral 0.26408, Gradient 0.49495, Quantile 1.02088) | LR 1.00e-04
2026-06-28 14:42:38,349 INFO Epoch 20 | Batch 1150/1186 | Loss 3.26495 (NLL 4.56217 [logdet 1.68034, mahal 1.04395], MS 2.58063, L1 2.05985, Spectral 0.26095, Gradient 0.48839, Quantile 1.03978) | LR 1.00e-04
2026-06-28 14:43:29,610 INFO Epoch 20 | Val Loss 3.64567 (NLL 4.46816 [logdet 1.70393, mahal 0.92635], MS 2.97544, L1 1.95051, Spectral 0.26464, Gradient 0.49897, Quantile 0.99927)
2026-06-28 14:43:51,658 INFO Epoch 21 | Batch 50/1186 | Loss 3.27713 (NLL 4.51149 [logdet 1.69977, mahal 0.97384], MS 2.60040, L1 2.05565, Spectral 0.27335, Gradient 0.50876, Quantile 1.01463) | LR 1.00e-04
2026-06-28 14:44:13,385 INFO Epoch 21 | Batch 100/1186 | Loss 3.16949 (NLL 4.47041 [logdet 1.63717, mahal 0.99536], MS 2.49893, L1 1.97186, Spectral 0.27212, Gradient 0.49450, Quantile 0.96370) | LR 1.00e-04
2026-06-28 14:44:35,115 INFO Epoch 21 | Batch 150/1186 | Loss 3.19577 (NLL 4.46694 [logdet 1.67055, mahal 0.95851], MS 2.52573, L1 1.97013, Spectral 0.27252, Gradient 0.49312, Quantile 0.95713) | LR 1.00e-04
2026-06-28 14:44:56,857 INFO Epoch 21 | Batch 200/1186 | Loss 3.21412 (NLL 4.52813 [logdet 1.65103, mahal 1.03923], MS 2.53490, L1 2.02126, Spectral 0.26107, Gradient 0.48815, Quantile 1.01628) | LR 1.00e-04
2026-06-28 14:45:18,581 INFO Epoch 21 | Batch 250/1186 | Loss 3.26376 (NLL 4.58480 [logdet 1.71888, mahal 1.02804], MS 2.57604, L1 2.08301, Spectral 0.26863, Gradient 0.50630, Quantile 1.01912) | LR 1.00e-04
2026-06-28 14:45:40,305 INFO Epoch 21 | Batch 300/1186 | Loss 3.30055 (NLL 4.53594 [logdet 1.70061, mahal 0.99746], MS 2.62016, L1 2.04121, Spectral 0.26765, Gradient 0.49596, Quantile 1.00881) | LR 1.00e-04
2026-06-28 14:46:02,016 INFO Epoch 21 | Batch 350/1186 | Loss 3.17937 (NLL 4.49938 [logdet 1.70108, mahal 0.96042], MS 2.50446, L1 2.01317, Spectral 0.27122, Gradient 0.50185, Quantile 0.98204) | LR 1.00e-04
2026-06-28 14:46:23,735 INFO Epoch 21 | Batch 400/1186 | Loss 3.17674 (NLL 4.53811 [logdet 1.69756, mahal 1.00267], MS 2.49603, L1 2.04403, Spectral 0.26808, Gradient 0.50407, Quantile 1.02595) | LR 1.00e-04
2026-06-28 14:46:45,441 INFO Epoch 21 | Batch 450/1186 | Loss 3.28353 (NLL 4.50432 [logdet 1.71099, mahal 0.95545], MS 2.60789, L1 2.01696, Spectral 0.27044, Gradient 0.49826, Quantile 0.96190) | LR 1.00e-04
2026-06-28 14:47:07,182 INFO Epoch 21 | Batch 500/1186 | Loss 3.19900 (NLL 4.49627 [logdet 1.69486, mahal 0.96354], MS 2.52456, L1 2.02044, Spectral 0.27044, Gradient 0.50575, Quantile 1.00803) | LR 1.00e-04
2026-06-28 14:47:28,900 INFO Epoch 21 | Batch 550/1186 | Loss 3.22087 (NLL 4.56953 [logdet 1.69926, mahal 1.03239], MS 2.53544, L1 2.06814, Spectral 0.26709, Gradient 0.49516, Quantile 1.04122) | LR 1.00e-04
2026-06-28 14:47:50,640 INFO Epoch 21 | Batch 600/1186 | Loss 3.18775 (NLL 4.54212 [logdet 1.71578, mahal 0.98847], MS 2.50643, L1 2.04665, Spectral 0.26762, Gradient 0.49885, Quantile 0.96416) | LR 1.00e-04
2026-06-28 14:48:12,375 INFO Epoch 21 | Batch 650/1186 | Loss 3.17789 (NLL 4.53010 [logdet 1.69483, mahal 0.99739], MS 2.49838, L1 2.02638, Spectral 0.26497, Gradient 0.48974, Quantile 1.01401) | LR 1.00e-04
2026-06-28 14:48:34,091 INFO Epoch 21 | Batch 700/1186 | Loss 3.31582 (NLL 4.53305 [logdet 1.71766, mahal 0.97751], MS 2.63586, L1 2.04572, Spectral 0.26900, Gradient 0.49557, Quantile 1.01959) | LR 1.00e-04
2026-06-28 14:48:55,820 INFO Epoch 21 | Batch 750/1186 | Loss 3.17209 (NLL 4.51859 [logdet 1.70422, mahal 0.97649], MS 2.49430, L1 2.04951, Spectral 0.26443, Gradient 0.49444, Quantile 1.04451) | LR 1.00e-04
2026-06-28 14:49:17,544 INFO Epoch 21 | Batch 800/1186 | Loss 3.28094 (NLL 4.63517 [logdet 1.75025, mahal 1.04704], MS 2.58567, L1 2.12722, Spectral 0.26727, Gradient 0.49666, Quantile 1.06110) | LR 1.00e-04
2026-06-28 14:49:39,266 INFO Epoch 21 | Batch 850/1186 | Loss 3.19053 (NLL 4.50439 [logdet 1.73503, mahal 0.93148], MS 2.51487, L1 2.01846, Spectral 0.26427, Gradient 0.49331, Quantile 0.99235) | LR 1.00e-04
2026-06-28 14:50:00,997 INFO Epoch 21 | Batch 900/1186 | Loss 3.27534 (NLL 4.57775 [logdet 1.72169, mahal 1.01818], MS 2.58867, L1 2.08120, Spectral 0.26569, Gradient 0.49419, Quantile 1.03959) | LR 1.00e-04
2026-06-28 14:50:22,735 INFO Epoch 21 | Batch 950/1186 | Loss 3.17256 (NLL 4.57529 [logdet 1.73209, mahal 1.00532], MS 2.48627, L1 2.06127, Spectral 0.25837, Gradient 0.48955, Quantile 1.00757) | LR 1.00e-04
2026-06-28 14:50:44,456 INFO Epoch 21 | Batch 1000/1186 | Loss 3.26361 (NLL 4.54472 [logdet 1.72337, mahal 0.98347], MS 2.58190, L1 2.02449, Spectral 0.26514, Gradient 0.49469, Quantile 1.02904) | LR 1.00e-04
2026-06-28 14:51:06,184 INFO Epoch 21 | Batch 1050/1186 | Loss 3.15515 (NLL 4.51659 [logdet 1.70113, mahal 0.97758], MS 2.47766, L1 2.01321, Spectral 0.26900, Gradient 0.49160, Quantile 1.04414) | LR 1.00e-04
2026-06-28 14:51:27,922 INFO Epoch 21 | Batch 1100/1186 | Loss 3.15777 (NLL 4.54771 [logdet 1.69127, mahal 1.01856], MS 2.47562, L1 2.03723, Spectral 0.26080, Gradient 0.48717, Quantile 1.02277) | LR 1.00e-04
2026-06-28 14:51:49,647 INFO Epoch 21 | Batch 1150/1186 | Loss 3.26872 (NLL 4.58583 [logdet 1.75757, mahal 0.99038], MS 2.58084, L1 2.08910, Spectral 0.26801, Gradient 0.49945, Quantile 1.04391) | LR 1.00e-04
2026-06-28 14:52:40,863 INFO Epoch 21 | Val Loss 3.63655 (NLL 4.44908 [logdet 1.64736, mahal 0.96384], MS 2.96919, L1 1.93089, Spectral 0.26430, Gradient 0.49036, Quantile 1.00687)
2026-06-28 14:53:03,260 INFO Epoch 22 | Batch 50/1186 | Loss 3.18376 (NLL 4.49342 [logdet 1.68198, mahal 0.97356], MS 2.50974, L1 2.02076, Spectral 0.27091, Gradient 0.49851, Quantile 0.99900) | LR 1.00e-04
2026-06-28 14:53:25,006 INFO Epoch 22 | Batch 100/1186 | Loss 3.23451 (NLL 4.56263 [logdet 1.65603, mahal 1.06873], MS 2.55011, L1 2.04924, Spectral 0.26688, Gradient 0.49273, Quantile 1.04298) | LR 1.00e-04
2026-06-28 14:53:46,735 INFO Epoch 22 | Batch 150/1186 | Loss 3.12543 (NLL 4.51259 [logdet 1.70419, mahal 0.97052], MS 2.44854, L1 1.99209, Spectral 0.27139, Gradient 0.49660, Quantile 0.98563) | LR 1.00e-04
2026-06-28 14:54:08,454 INFO Epoch 22 | Batch 200/1186 | Loss 3.20483 (NLL 4.59390 [logdet 1.70738, mahal 1.04864], MS 2.51574, L1 2.10508, Spectral 0.27168, Gradient 0.50433, Quantile 1.03742) | LR 1.00e-04
2026-06-28 14:54:30,180 INFO Epoch 22 | Batch 250/1186 | Loss 3.21542 (NLL 4.53250 [logdet 1.69281, mahal 1.00181], MS 2.53554, L1 2.05897, Spectral 0.26718, Gradient 0.49531, Quantile 1.03623) | LR 1.00e-04
2026-06-28 14:54:51,901 INFO Epoch 22 | Batch 300/1186 | Loss 3.15642 (NLL 4.55202 [logdet 1.72983, mahal 0.98431], MS 2.47362, L1 2.06369, Spectral 0.26764, Gradient 0.49704, Quantile 1.00911) | LR 1.00e-04
2026-06-28 14:55:13,624 INFO Epoch 22 | Batch 350/1186 | Loss 3.14938 (NLL 4.52265 [logdet 1.67395, mahal 1.01083], MS 2.47098, L1 2.02749, Spectral 0.25905, Gradient 0.48605, Quantile 1.00286) | LR 1.00e-04
2026-06-28 14:55:35,344 INFO Epoch 22 | Batch 400/1186 | Loss 3.21856 (NLL 4.54017 [logdet 1.69844, mahal 1.00385], MS 2.53753, L1 2.05146, Spectral 0.26510, Gradient 0.49522, Quantile 0.99172) | LR 1.00e-04
2026-06-28 14:55:57,080 INFO Epoch 22 | Batch 450/1186 | Loss 3.16793 (NLL 4.53903 [logdet 1.68931, mahal 1.01185], MS 2.48708, L1 2.03760, Spectral 0.27286, Gradient 0.50320, Quantile 1.02078) | LR 1.00e-04
2026-06-28 14:56:18,799 INFO Epoch 22 | Batch 500/1186 | Loss 3.38051 (NLL 4.61661 [logdet 1.72742, mahal 1.05131], MS 2.68802, L1 2.12285, Spectral 0.28155, Gradient 0.51310, Quantile 1.01772) | LR 1.00e-04
2026-06-28 14:56:40,532 INFO Epoch 22 | Batch 550/1186 | Loss 3.18892 (NLL 4.54617 [logdet 1.72270, mahal 0.98560], MS 2.50699, L1 2.03634, Spectral 0.26331, Gradient 0.49457, Quantile 0.99319) | LR 1.00e-04
2026-06-28 14:57:02,265 INFO Epoch 22 | Batch 600/1186 | Loss 3.16962 (NLL 4.47066 [logdet 1.63513, mahal 0.99766], MS 2.49902, L1 1.94996, Spectral 0.26038, Gradient 0.48137, Quantile 0.99553) | LR 1.00e-04
2026-06-28 14:57:23,992 INFO Epoch 22 | Batch 650/1186 | Loss 3.12217 (NLL 4.51710 [logdet 1.68688, mahal 0.99235], MS 2.44461, L1 2.01108, Spectral 0.26251, Gradient 0.48327, Quantile 1.00321) | LR 1.00e-04
2026-06-28 14:57:45,722 INFO Epoch 22 | Batch 700/1186 | Loss 3.16592 (NLL 4.55540 [logdet 1.74020, mahal 0.97733], MS 2.48261, L1 2.02720, Spectral 0.26953, Gradient 0.50078, Quantile 1.03953) | LR 1.00e-04
2026-06-28 14:58:07,457 INFO Epoch 22 | Batch 750/1186 | Loss 3.19507 (NLL 4.52627 [logdet 1.70427, mahal 0.98412], MS 2.51613, L1 2.05462, Spectral 0.26118, Gradient 0.49004, Quantile 1.01774) | LR 1.00e-04
2026-06-28 14:58:29,183 INFO Epoch 22 | Batch 800/1186 | Loss 3.21511 (NLL 4.52864 [logdet 1.71813, mahal 0.97263], MS 2.53581, L1 2.02584, Spectral 0.27037, Gradient 0.49623, Quantile 0.99550) | LR 1.00e-04
2026-06-28 14:58:50,911 INFO Epoch 22 | Batch 850/1186 | Loss 3.18463 (NLL 4.52516 [logdet 1.69550, mahal 0.99178], MS 2.50585, L1 2.02627, Spectral 0.26024, Gradient 0.48850, Quantile 1.00426) | LR 1.00e-04
2026-06-28 14:59:12,643 INFO Epoch 22 | Batch 900/1186 | Loss 3.05385 (NLL 4.47507 [logdet 1.62632, mahal 1.01088], MS 2.38259, L1 1.97508, Spectral 0.26996, Gradient 0.49647, Quantile 0.98499) | LR 1.00e-04
2026-06-28 14:59:34,373 INFO Epoch 22 | Batch 950/1186 | Loss 3.22262 (NLL 4.50788 [logdet 1.62223, mahal 1.04777], MS 2.54644, L1 2.03188, Spectral 0.26206, Gradient 0.49519, Quantile 0.96978) | LR 1.00e-04
2026-06-28 14:59:56,104 INFO Epoch 22 | Batch 1000/1186 | Loss 3.13141 (NLL 4.52410 [logdet 1.66944, mahal 1.01678], MS 2.45279, L1 2.01327, Spectral 0.26679, Gradient 0.49010, Quantile 0.99523) | LR 1.00e-04
2026-06-28 15:00:17,824 INFO Epoch 22 | Batch 1050/1186 | Loss 3.15090 (NLL 4.50640 [logdet 1.65941, mahal 1.00912], MS 2.47494, L1 2.01638, Spectral 0.27742, Gradient 0.50476, Quantile 1.01507) | LR 1.00e-04
2026-06-28 15:00:39,548 INFO Epoch 22 | Batch 1100/1186 | Loss 3.25628 (NLL 4.59045 [logdet 1.68179, mahal 1.07079], MS 2.56772, L1 2.10179, Spectral 0.27234, Gradient 0.51109, Quantile 1.01468) | LR 1.00e-04
2026-06-28 15:01:01,283 INFO Epoch 22 | Batch 1150/1186 | Loss 3.21567 (NLL 4.54898 [logdet 1.67399, mahal 1.03711], MS 2.53332, L1 2.07799, Spectral 0.25801, Gradient 0.48931, Quantile 1.04428) | LR 1.00e-04
2026-06-28 15:01:52,543 INFO Epoch 22 | Val Loss 3.65350 (NLL 4.44811 [logdet 1.69583, mahal 0.91441], MS 2.98628, L1 1.92855, Spectral 0.26447, Gradient 0.48782, Quantile 1.00851)
2026-06-28 15:02:14,575 INFO Epoch 23 | Batch 50/1186 | Loss 3.23807 (NLL 4.51704 [logdet 1.69300, mahal 0.98617], MS 2.56052, L1 2.04327, Spectral 0.27467, Gradient 0.50119, Quantile 1.00972) | LR 1.00e-04
2026-06-28 15:02:36,294 INFO Epoch 23 | Batch 100/1186 | Loss 3.18151 (NLL 4.49311 [logdet 1.64197, mahal 1.01327], MS 2.50755, L1 1.98768, Spectral 0.25995, Gradient 0.48895, Quantile 0.97044) | LR 1.00e-04
2026-06-28 15:02:58,025 INFO Epoch 23 | Batch 150/1186 | Loss 3.23078 (NLL 4.55843 [logdet 1.69094, mahal 1.02960], MS 2.54702, L1 2.05031, Spectral 0.27036, Gradient 0.49215, Quantile 1.03410) | LR 1.00e-04
2026-06-28 15:03:19,772 INFO Epoch 23 | Batch 200/1186 | Loss 3.15177 (NLL 4.54372 [logdet 1.68906, mahal 1.01678], MS 2.47021, L1 2.05181, Spectral 0.26224, Gradient 0.49412, Quantile 1.00757) | LR 1.00e-04
2026-06-28 15:03:41,505 INFO Epoch 23 | Batch 250/1186 | Loss 3.11991 (NLL 4.50847 [logdet 1.70523, mahal 0.96536], MS 2.44364, L1 2.02307, Spectral 0.26458, Gradient 0.49201, Quantile 1.02020) | LR 1.00e-04
2026-06-28 15:04:03,234 INFO Epoch 23 | Batch 300/1186 | Loss 3.19912 (NLL 4.55490 [logdet 1.69861, mahal 1.01842], MS 2.51589, L1 2.05746, Spectral 0.26158, Gradient 0.50306, Quantile 1.01482) | LR 1.00e-04
2026-06-28 15:04:24,977 INFO Epoch 23 | Batch 350/1186 | Loss 3.22874 (NLL 4.58610 [logdet 1.69060, mahal 1.05762], MS 2.54083, L1 2.08246, Spectral 0.27134, Gradient 0.50103, Quantile 1.06971) | LR 1.00e-04
2026-06-28 15:04:46,699 INFO Epoch 23 | Batch 400/1186 | Loss 3.19857 (NLL 4.52891 [logdet 1.67391, mahal 1.01712], MS 2.51923, L1 2.05965, Spectral 0.26823, Gradient 0.50164, Quantile 1.02168) | LR 1.00e-04
2026-06-28 15:05:08,418 INFO Epoch 23 | Batch 450/1186 | Loss 3.17741 (NLL 4.52212 [logdet 1.69101, mahal 0.99323], MS 2.49909, L1 2.00863, Spectral 0.26612, Gradient 0.49499, Quantile 0.99840) | LR 1.00e-04
2026-06-28 15:05:30,148 INFO Epoch 23 | Batch 500/1186 | Loss 3.17481 (NLL 4.53762 [logdet 1.68322, mahal 1.01652], MS 2.49417, L1 2.05713, Spectral 0.26903, Gradient 0.49875, Quantile 1.03311) | LR 1.00e-04
2026-06-28 15:05:51,864 INFO Epoch 23 | Batch 550/1186 | Loss 3.27512 (NLL 4.57139 [logdet 1.69644, mahal 1.03707], MS 2.58941, L1 2.06821, Spectral 0.27090, Gradient 0.49697, Quantile 1.03551) | LR 1.00e-04
2026-06-28 15:06:13,593 INFO Epoch 23 | Batch 600/1186 | Loss 3.21875 (NLL 4.52720 [logdet 1.73503, mahal 0.95429], MS 2.53967, L1 2.05950, Spectral 0.26473, Gradient 0.49001, Quantile 1.02235) | LR 1.00e-04
2026-06-28 15:06:35,321 INFO Epoch 23 | Batch 650/1186 | Loss 3.23511 (NLL 4.50002 [logdet 1.69228, mahal 0.96986], MS 2.56011, L1 2.01475, Spectral 0.27720, Gradient 0.49798, Quantile 1.00625) | LR 1.00e-04
2026-06-28 15:06:57,044 INFO Epoch 23 | Batch 700/1186 | Loss 3.16222 (NLL 4.52979 [logdet 1.70705, mahal 0.98487], MS 2.48276, L1 2.02634, Spectral 0.26685, Gradient 0.49219, Quantile 1.01730) | LR 1.00e-04
2026-06-28 15:07:18,772 INFO Epoch 23 | Batch 750/1186 | Loss 3.23670 (NLL 4.49044 [logdet 1.65735, mahal 0.99521], MS 2.56314, L1 2.02467, Spectral 0.26713, Gradient 0.49342, Quantile 1.02324) | LR 1.00e-04
2026-06-28 15:07:40,505 INFO Epoch 23 | Batch 800/1186 | Loss 3.18898 (NLL 4.52387 [logdet 1.65803, mahal 1.02797], MS 2.51040, L1 2.01697, Spectral 0.26512, Gradient 0.49150, Quantile 0.97578) | LR 1.00e-04
2026-06-28 15:08:02,240 INFO Epoch 23 | Batch 850/1186 | Loss 3.24711 (NLL 4.56055 [logdet 1.69174, mahal 1.03094], MS 2.56303, L1 2.08082, Spectral 0.27243, Gradient 0.50239, Quantile 0.99614) | LR 1.00e-04
2026-06-28 15:08:23,969 INFO Epoch 23 | Batch 900/1186 | Loss 3.20848 (NLL 4.48174 [logdet 1.67812, mahal 0.96574], MS 2.53622, L1 2.01039, Spectral 0.26727, Gradient 0.49203, Quantile 0.97747) | LR 1.00e-04
2026-06-28 15:08:45,700 INFO Epoch 23 | Batch 950/1186 | Loss 3.26058 (NLL 4.55066 [logdet 1.66458, mahal 1.04820], MS 2.57798, L1 2.04867, Spectral 0.26572, Gradient 0.49744, Quantile 0.99275) | LR 1.00e-04
2026-06-28 15:09:07,428 INFO Epoch 23 | Batch 1000/1186 | Loss 3.14498 (NLL 4.48341 [logdet 1.67079, mahal 0.97474], MS 2.47247, L1 2.00486, Spectral 0.26891, Gradient 0.48569, Quantile 0.95656) | LR 1.00e-04
2026-06-28 15:09:29,160 INFO Epoch 23 | Batch 1050/1186 | Loss 3.14516 (NLL 4.51514 [logdet 1.63979, mahal 1.03747], MS 2.46789, L1 2.03025, Spectral 0.26736, Gradient 0.49495, Quantile 1.03784) | LR 1.00e-04
2026-06-28 15:09:50,901 INFO Epoch 23 | Batch 1100/1186 | Loss 3.12549 (NLL 4.51269 [logdet 1.66775, mahal 1.00706], MS 2.44858, L1 1.99840, Spectral 0.25930, Gradient 0.49729, Quantile 1.00873) | LR 1.00e-04
2026-06-28 15:10:12,636 INFO Epoch 23 | Batch 1150/1186 | Loss 3.32785 (NLL 4.51748 [logdet 1.69075, mahal 0.98885], MS 2.65022, L1 2.00528, Spectral 0.27112, Gradient 0.49199, Quantile 0.97365) | LR 1.00e-04
2026-06-28 15:11:03,476 INFO Epoch 23 | Val Loss 3.76753 (NLL 4.51321 [logdet 1.74270, mahal 0.93264], MS 3.09055, L1 2.01840, Spectral 0.26475, Gradient 0.50753, Quantile 1.06111)
2026-06-28 15:11:25,511 INFO Epoch 24 | Batch 50/1186 | Loss 3.19655 (NLL 4.48260 [logdet 1.68366, mahal 0.96107], MS 2.52416, L1 2.01779, Spectral 0.26191, Gradient 0.48987, Quantile 0.98284) | LR 1.00e-04
2026-06-28 15:11:47,248 INFO Epoch 24 | Batch 100/1186 | Loss 3.17806 (NLL 4.54353 [logdet 1.66941, mahal 1.03625], MS 2.49653, L1 2.06729, Spectral 0.26670, Gradient 0.49825, Quantile 1.03679) | LR 1.00e-04
2026-06-28 15:12:08,976 INFO Epoch 24 | Batch 150/1186 | Loss 3.19750 (NLL 4.52811 [logdet 1.68933, mahal 1.00090], MS 2.51828, L1 2.01280, Spectral 0.26331, Gradient 0.49339, Quantile 1.01849) | LR 1.00e-04
2026-06-28 15:12:30,709 INFO Epoch 24 | Batch 200/1186 | Loss 3.24864 (NLL 4.60628 [logdet 1.73239, mahal 1.03602], MS 2.55770, L1 2.09109, Spectral 0.27185, Gradient 0.50064, Quantile 1.02540) | LR 1.00e-04
2026-06-28 15:12:52,444 INFO Epoch 24 | Batch 250/1186 | Loss 3.25238 (NLL 4.57979 [logdet 1.73091, mahal 1.01101], MS 2.56541, L1 2.09254, Spectral 0.27243, Gradient 0.50573, Quantile 1.04451) | LR 1.00e-04
2026-06-28 15:13:14,195 INFO Epoch 24 | Batch 300/1186 | Loss 3.31628 (NLL 4.57280 [logdet 1.73605, mahal 0.99887], MS 2.63035, L1 2.09518, Spectral 0.27427, Gradient 0.51140, Quantile 1.03036) | LR 1.00e-04
2026-06-28 15:13:35,920 INFO Epoch 24 | Batch 350/1186 | Loss 3.17366 (NLL 4.54174 [logdet 1.73982, mahal 0.96405], MS 2.49240, L1 2.02495, Spectral 0.26305, Gradient 0.48484, Quantile 1.02114) | LR 1.00e-04
2026-06-28 15:13:57,655 INFO Epoch 24 | Batch 400/1186 | Loss 3.19741 (NLL 4.50621 [logdet 1.69618, mahal 0.97215], MS 2.52148, L1 2.02098, Spectral 0.26704, Gradient 0.49683, Quantile 1.00770) | LR 1.00e-04
2026-06-28 15:14:19,399 INFO Epoch 24 | Batch 450/1186 | Loss 3.24426 (NLL 4.57390 [logdet 1.68269, mahal 1.05333], MS 2.55817, L1 2.09085, Spectral 0.26609, Gradient 0.49286, Quantile 1.03841) | LR 1.00e-04
2026-06-28 15:14:41,138 INFO Epoch 24 | Batch 500/1186 | Loss 3.15433 (NLL 4.55033 [logdet 1.69171, mahal 1.02075], MS 2.47178, L1 2.04991, Spectral 0.26868, Gradient 0.49403, Quantile 1.01818) | LR 1.00e-04
2026-06-28 15:15:02,884 INFO Epoch 24 | Batch 550/1186 | Loss 3.21796 (NLL 4.51624 [logdet 1.70525, mahal 0.97311], MS 2.54053, L1 2.02198, Spectral 0.26159, Gradient 0.48705, Quantile 1.00840) | LR 1.00e-04
2026-06-28 15:15:24,615 INFO Epoch 24 | Batch 600/1186 | Loss 3.13570 (NLL 4.51323 [logdet 1.68440, mahal 0.99095], MS 2.45871, L1 2.01068, Spectral 0.26174, Gradient 0.49133, Quantile 0.99213) | LR 1.00e-04
2026-06-28 15:15:46,334 INFO Epoch 24 | Batch 650/1186 | Loss 3.16525 (NLL 4.49054 [logdet 1.70781, mahal 0.94485], MS 2.49167, L1 2.01433, Spectral 0.26213, Gradient 0.49119, Quantile 0.99339) | LR 1.00e-04
2026-06-28 15:16:08,063 INFO Epoch 24 | Batch 700/1186 | Loss 3.14949 (NLL 4.49690 [logdet 1.61131, mahal 1.04771], MS 2.47495, L1 1.99193, Spectral 0.25859, Gradient 0.48646, Quantile 0.96821) | LR 1.00e-04
2026-06-28 15:16:29,787 INFO Epoch 24 | Batch 750/1186 | Loss 3.08165 (NLL 4.51825 [logdet 1.70890, mahal 0.97147], MS 2.40391, L1 1.99391, Spectral 0.26557, Gradient 0.49123, Quantile 0.95571) | LR 1.00e-04
2026-06-28 15:16:51,518 INFO Epoch 24 | Batch 800/1186 | Loss 3.25618 (NLL 4.53442 [logdet 1.70106, mahal 0.99548], MS 2.57602, L1 2.04259, Spectral 0.26690, Gradient 0.49239, Quantile 1.01532) | LR 1.00e-04
2026-06-28 15:17:13,251 INFO Epoch 24 | Batch 850/1186 | Loss 3.29471 (NLL 4.49320 [logdet 1.67654, mahal 0.97878], MS 2.62073, L1 1.99528, Spectral 0.27396, Gradient 0.49685, Quantile 0.97043) | LR 1.00e-04
2026-06-28 15:17:34,980 INFO Epoch 24 | Batch 900/1186 | Loss 3.22817 (NLL 4.51432 [logdet 1.67296, mahal 1.00348], MS 2.55102, L1 2.01475, Spectral 0.27579, Gradient 0.50633, Quantile 1.04641) | LR 1.00e-04
2026-06-28 15:17:56,704 INFO Epoch 24 | Batch 950/1186 | Loss 3.21562 (NLL 4.51331 [logdet 1.63188, mahal 1.04355], MS 2.53863, L1 2.03360, Spectral 0.27205, Gradient 0.49627, Quantile 1.00309) | LR 1.00e-04
2026-06-28 15:18:18,427 INFO Epoch 24 | Batch 1000/1186 | Loss 3.13505 (NLL 4.48801 [logdet 1.66821, mahal 0.98193], MS 2.46184, L1 1.97976, Spectral 0.26329, Gradient 0.47935, Quantile 0.98158) | LR 1.00e-04
2026-06-28 15:18:40,145 INFO Epoch 24 | Batch 1050/1186 | Loss 3.17992 (NLL 4.52789 [logdet 1.68481, mahal 1.00521], MS 2.50074, L1 2.02332, Spectral 0.26685, Gradient 0.48934, Quantile 1.03587) | LR 1.00e-04
2026-06-28 15:19:01,867 INFO Epoch 24 | Batch 1100/1186 | Loss 3.22593 (NLL 4.57389 [logdet 1.76768, mahal 0.96833], MS 2.53985, L1 2.07414, Spectral 0.26468, Gradient 0.49428, Quantile 1.03809) | LR 1.00e-04
2026-06-28 15:19:23,595 INFO Epoch 24 | Batch 1150/1186 | Loss 3.25586 (NLL 4.58670 [logdet 1.75965, mahal 0.98917], MS 2.56785, L1 2.09938, Spectral 0.27676, Gradient 0.50976, Quantile 1.04550) | LR 1.00e-04
2026-06-28 15:20:14,842 INFO Epoch 24 | Val Loss 3.62901 (NLL 4.46979 [logdet 1.66361, mahal 0.96830], MS 2.95855, L1 1.95631, Spectral 0.26440, Gradient 0.49465, Quantile 0.99816)
2026-06-28 15:20:15,304 INFO New best val loss: 3.62901 (saved checkpoints/best.pth)
2026-06-28 15:20:37,094 INFO Epoch 25 | Batch 50/1186 | Loss 3.31129 (NLL 4.59414 [logdet 1.70597, mahal 1.05029], MS 2.62216, L1 2.09708, Spectral 0.26322, Gradient 0.49308, Quantile 1.05311) | LR 1.00e-04
2026-06-28 15:20:58,814 INFO Epoch 25 | Batch 100/1186 | Loss 3.18433 (NLL 4.53575 [logdet 1.69467, mahal 1.00320], MS 2.50397, L1 2.06696, Spectral 0.26699, Gradient 0.49982, Quantile 1.03243) | LR 1.00e-04
2026-06-28 15:21:20,529 INFO Epoch 25 | Batch 150/1186 | Loss 3.19040 (NLL 4.53700 [logdet 1.70823, mahal 0.99089], MS 2.50985, L1 2.02215, Spectral 0.26699, Gradient 0.48947, Quantile 1.04464) | LR 1.00e-04
2026-06-28 15:21:42,272 INFO Epoch 25 | Batch 200/1186 | Loss 3.14244 (NLL 4.48517 [logdet 1.69342, mahal 0.95388], MS 2.46967, L1 1.98361, Spectral 0.26254, Gradient 0.49135, Quantile 0.97926) | LR 1.00e-04
2026-06-28 15:22:04,006 INFO Epoch 25 | Batch 250/1186 | Loss 3.23805 (NLL 4.52509 [logdet 1.64708, mahal 1.04013], MS 2.55929, L1 2.03792, Spectral 0.26950, Gradient 0.49315, Quantile 1.00261) | LR 1.00e-04
2026-06-28 15:22:25,721 INFO Epoch 25 | Batch 300/1186 | Loss 3.12282 (NLL 4.51839 [logdet 1.64353, mahal 1.03698], MS 2.44506, L1 2.05010, Spectral 0.26298, Gradient 0.49357, Quantile 1.01131) | LR 1.00e-04
2026-06-28 15:22:47,456 INFO Epoch 25 | Batch 350/1186 | Loss 3.26112 (NLL 4.54148 [logdet 1.70601, mahal 0.99760], MS 2.57990, L1 2.05414, Spectral 0.26556, Gradient 0.48487, Quantile 1.02987) | LR 1.00e-04
2026-06-28 15:23:09,193 INFO Epoch 25 | Batch 400/1186 | Loss 3.23794 (NLL 4.54055 [logdet 1.71090, mahal 0.99177], MS 2.55686, L1 2.05760, Spectral 0.27262, Gradient 0.50291, Quantile 1.01728) | LR 1.00e-04
2026-06-28 15:23:30,894 INFO Epoch 25 | Batch 450/1186 | Loss 3.19711 (NLL 4.53235 [logdet 1.69329, mahal 1.00119], MS 2.51725, L1 2.01142, Spectral 0.26332, Gradient 0.48853, Quantile 1.01820) | LR 1.00e-04
2026-06-28 15:23:52,626 INFO Epoch 25 | Batch 500/1186 | Loss 3.25756 (NLL 4.53973 [logdet 1.71514, mahal 0.98671], MS 2.57660, L1 2.03978, Spectral 0.26957, Gradient 0.49527, Quantile 0.95905) | LR 1.00e-04
2026-06-28 15:24:14,358 INFO Epoch 25 | Batch 550/1186 | Loss 3.14501 (NLL 4.48417 [logdet 1.67124, mahal 0.97506], MS 2.47238, L1 1.97564, Spectral 0.26322, Gradient 0.49654, Quantile 0.98258) | LR 1.00e-04
2026-06-28 15:24:36,075 INFO Epoch 25 | Batch 600/1186 | Loss 3.22314 (NLL 4.56874 [logdet 1.75281, mahal 0.97805], MS 2.53783, L1 2.08997, Spectral 0.27343, Gradient 0.51023, Quantile 1.00803) | LR 1.00e-04
2026-06-28 15:24:57,790 INFO Epoch 25 | Batch 650/1186 | Loss 3.18504 (NLL 4.53016 [logdet 1.74470, mahal 0.94758], MS 2.50552, L1 2.04906, Spectral 0.27012, Gradient 0.49616, Quantile 0.94533) | LR 1.00e-04
2026-06-28 15:25:19,508 INFO Epoch 25 | Batch 700/1186 | Loss 3.27108 (NLL 4.52767 [logdet 1.67233, mahal 1.01747], MS 2.59193, L1 2.06469, Spectral 0.27874, Gradient 0.50839, Quantile 1.02675) | LR 1.00e-04
2026-06-28 15:25:41,229 INFO Epoch 25 | Batch 750/1186 | Loss 3.14495 (NLL 4.52255 [logdet 1.69587, mahal 0.98881], MS 2.46657, L1 2.01308, Spectral 0.26804, Gradient 0.48937, Quantile 0.96245) | LR 1.00e-04
2026-06-28 15:26:02,948 INFO Epoch 25 | Batch 800/1186 | Loss 3.16766 (NLL 4.55228 [logdet 1.69431, mahal 1.02009], MS 2.48482, L1 2.03655, Spectral 0.26554, Gradient 0.49272, Quantile 1.03213) | LR 1.00e-04
2026-06-28 15:26:24,651 INFO Epoch 25 | Batch 850/1186 | Loss 3.14015 (NLL 4.49239 [logdet 1.64746, mahal 1.00706], MS 2.46629, L1 2.02558, Spectral 0.26660, Gradient 0.48977, Quantile 1.01485) | LR 1.00e-04
2026-06-28 15:26:46,355 INFO Epoch 25 | Batch 900/1186 | Loss 3.25022 (NLL 4.53069 [logdet 1.68536, mahal 1.00745], MS 2.57062, L1 2.05831, Spectral 0.26444, Gradient 0.48963, Quantile 1.01732) | LR 1.00e-04
2026-06-28 15:27:08,057 INFO Epoch 25 | Batch 950/1186 | Loss 3.07365 (NLL 4.47019 [logdet 1.67770, mahal 0.95461], MS 2.40312, L1 1.97280, Spectral 0.26338, Gradient 0.49311, Quantile 0.98207) | LR 1.00e-04
2026-06-28 15:27:29,774 INFO Epoch 25 | Batch 1000/1186 | Loss 3.17060 (NLL 4.53598 [logdet 1.65191, mahal 1.04620], MS 2.49020, L1 2.03582, Spectral 0.26323, Gradient 0.48767, Quantile 1.04546) | LR 1.00e-04
2026-06-28 15:27:51,479 INFO Epoch 25 | Batch 1050/1186 | Loss 3.17291 (NLL 4.51122 [logdet 1.68356, mahal 0.98978], MS 2.49623, L1 2.02108, Spectral 0.27306, Gradient 0.49663, Quantile 1.00909) | LR 1.00e-04
2026-06-28 15:28:13,205 INFO Epoch 25 | Batch 1100/1186 | Loss 3.23428 (NLL 4.53719 [logdet 1.67420, mahal 1.02511], MS 2.55370, L1 2.00965, Spectral 0.26106, Gradient 0.48639, Quantile 1.04263) | LR 1.00e-04
2026-06-28 15:28:34,924 INFO Epoch 25 | Batch 1150/1186 | Loss 3.23917 (NLL 4.60722 [logdet 1.71191, mahal 1.05744], MS 2.54809, L1 2.09442, Spectral 0.26937, Gradient 0.49805, Quantile 1.03290) | LR 1.00e-04
2026-06-28 15:29:26,111 INFO Epoch 25 | Val Loss 3.65839 (NLL 4.48670 [logdet 1.72378, mahal 0.92504], MS 2.98539, L1 1.98234, Spectral 0.26462, Gradient 0.49850, Quantile 1.02657)
2026-06-28 15:29:48,129 INFO Epoch 26 | Batch 50/1186 | Loss 3.13560 (NLL 4.49545 [logdet 1.67884, mahal 0.97873], MS 2.46128, L1 1.99282, Spectral 0.25829, Gradient 0.48840, Quantile 0.96063) | LR 1.00e-04
2026-06-28 15:30:09,851 INFO Epoch 26 | Batch 100/1186 | Loss 3.17963 (NLL 4.51171 [logdet 1.66605, mahal 1.00779], MS 2.50287, L1 2.03051, Spectral 0.26763, Gradient 0.48837, Quantile 1.00092) | LR 1.00e-04
2026-06-28 15:30:31,580 INFO Epoch 26 | Batch 150/1186 | Loss 3.19553 (NLL 4.51807 [logdet 1.69773, mahal 0.98246], MS 2.51782, L1 2.04284, Spectral 0.27157, Gradient 0.49941, Quantile 1.02920) | LR 1.00e-04
2026-06-28 15:30:53,306 INFO Epoch 26 | Batch 200/1186 | Loss 3.21217 (NLL 4.54483 [logdet 1.65626, mahal 1.05069], MS 2.53045, L1 2.04305, Spectral 0.27287, Gradient 0.50486, Quantile 1.00423) | LR 1.00e-04
2026-06-28 15:31:15,010 INFO Epoch 26 | Batch 250/1186 | Loss 3.15980 (NLL 4.52627 [logdet 1.68958, mahal 0.99881], MS 2.48086, L1 2.03458, Spectral 0.26250, Gradient 0.48524, Quantile 1.00414) | LR 1.00e-04
2026-06-28 15:31:36,717 INFO Epoch 26 | Batch 300/1186 | Loss 3.15785 (NLL 4.51263 [logdet 1.70656, mahal 0.96819], MS 2.48095, L1 2.01379, Spectral 0.26093, Gradient 0.48405, Quantile 0.98408) | LR 1.00e-04
2026-06-28 15:31:58,428 INFO Epoch 26 | Batch 350/1186 | Loss 3.20318 (NLL 4.48545 [logdet 1.66994, mahal 0.97763], MS 2.53036, L1 1.95950, Spectral 0.26491, Gradient 0.48265, Quantile 0.96741) | LR 1.00e-04
2026-06-28 15:32:20,154 INFO Epoch 26 | Batch 400/1186 | Loss 3.08832 (NLL 4.52362 [logdet 1.73486, mahal 0.95088], MS 2.40977, L1 1.98059, Spectral 0.26832, Gradient 0.49523, Quantile 0.99233) | LR 1.00e-04
2026-06-28 15:32:41,870 INFO Epoch 26 | Batch 450/1186 | Loss 3.17517 (NLL 4.48620 [logdet 1.66248, mahal 0.98584], MS 2.50224, L1 2.00013, Spectral 0.26500, Gradient 0.49619, Quantile 0.98441) | LR 1.00e-04
2026-06-28 15:33:03,588 INFO Epoch 26 | Batch 500/1186 | Loss 3.16422 (NLL 4.57233 [logdet 1.70298, mahal 1.03148], MS 2.47837, L1 2.09747, Spectral 0.27092, Gradient 0.50208, Quantile 1.03052) | LR 1.00e-04
2026-06-28 15:33:25,300 INFO Epoch 26 | Batch 550/1186 | Loss 3.22316 (NLL 4.55355 [logdet 1.75369, mahal 0.96199], MS 2.54013, L1 2.09230, Spectral 0.26710, Gradient 0.50653, Quantile 1.02866) | LR 1.00e-04
2026-06-28 15:33:47,031 INFO Epoch 26 | Batch 600/1186 | Loss 3.23910 (NLL 4.59248 [logdet 1.68085, mahal 1.07375], MS 2.55023, L1 2.08720, Spectral 0.25986, Gradient 0.48656, Quantile 1.01374) | LR 1.00e-04
2026-06-28 15:34:08,746 INFO Epoch 26 | Batch 650/1186 | Loss 3.21695 (NLL 4.54614 [logdet 1.75280, mahal 0.95546], MS 2.53503, L1 2.05067, Spectral 0.26593, Gradient 0.48495, Quantile 1.03598) | LR 1.00e-04
2026-06-28 15:34:30,462 INFO Epoch 26 | Batch 700/1186 | Loss 3.14293 (NLL 4.47979 [logdet 1.69989, mahal 0.94203], MS 2.47096, L1 1.98007, Spectral 0.26456, Gradient 0.49270, Quantile 0.98864) | LR 1.00e-04
2026-06-28 15:34:52,175 INFO Epoch 26 | Batch 750/1186 | Loss 3.16939 (NLL 4.49753 [logdet 1.65206, mahal 1.00759], MS 2.49476, L1 2.02525, Spectral 0.27320, Gradient 0.50293, Quantile 1.02096) | LR 1.00e-04
2026-06-28 15:35:13,890 INFO Epoch 26 | Batch 800/1186 | Loss 3.16007 (NLL 4.50960 [logdet 1.63598, mahal 1.03575], MS 2.48363, L1 2.02032, Spectral 0.26769, Gradient 0.49629, Quantile 1.00149) | LR 1.00e-04
2026-06-28 15:35:35,609 INFO Epoch 26 | Batch 850/1186 | Loss 3.17766 (NLL 4.54736 [logdet 1.69773, mahal 1.01175], MS 2.49555, L1 2.04853, Spectral 0.26882, Gradient 0.50225, Quantile 1.04152) | LR 1.00e-04
2026-06-28 15:35:57,326 INFO Epoch 26 | Batch 900/1186 | Loss 3.27824 (NLL 4.53333 [logdet 1.68153, mahal 1.01392], MS 2.59824, L1 2.09164, Spectral 0.27085, Gradient 0.50000, Quantile 1.03070) | LR 1.00e-04
2026-06-28 15:36:19,040 INFO Epoch 26 | Batch 950/1186 | Loss 3.13361 (NLL 4.52484 [logdet 1.68622, mahal 1.00074], MS 2.45488, L1 2.03874, Spectral 0.27280, Gradient 0.50332, Quantile 1.02421) | LR 1.00e-04
2026-06-28 15:36:40,747 INFO Epoch 26 | Batch 1000/1186 | Loss 3.23804 (NLL 4.61441 [logdet 1.73756, mahal 1.03897], MS 2.54588, L1 2.10911, Spectral 0.27401, Gradient 0.50564, Quantile 1.03363) | LR 1.00e-04
2026-06-28 15:37:02,464 INFO Epoch 26 | Batch 1050/1186 | Loss 3.17048 (NLL 4.55677 [logdet 1.69460, mahal 1.02429], MS 2.48696, L1 2.05209, Spectral 0.26447, Gradient 0.48613, Quantile 1.05469) | LR 1.00e-04
2026-06-28 15:37:24,189 INFO Epoch 26 | Batch 1100/1186 | Loss 3.20089 (NLL 4.52579 [logdet 1.69905, mahal 0.98887], MS 2.52202, L1 2.01687, Spectral 0.25990, Gradient 0.48553, Quantile 0.97817) | LR 1.00e-04
2026-06-28 15:37:45,893 INFO Epoch 26 | Batch 1150/1186 | Loss 3.32564 (NLL 4.59249 [logdet 1.73929, mahal 1.01531], MS 2.63677, L1 2.10361, Spectral 0.27150, Gradient 0.50894, Quantile 1.01860) | LR 1.00e-04
2026-06-28 15:38:37,051 INFO Epoch 26 | Val Loss 3.63748 (NLL 4.45558 [logdet 1.71333, mahal 0.90438], MS 2.96914, L1 1.94313, Spectral 0.26448, Gradient 0.49289, Quantile 1.01594)
2026-06-28 15:38:59,056 INFO Epoch 27 | Batch 50/1186 | Loss 3.25175 (NLL 4.53083 [logdet 1.70070, mahal 0.99225], MS 2.57213, L1 2.03933, Spectral 0.26743, Gradient 0.49578, Quantile 0.99859) | LR 1.00e-04
2026-06-28 15:39:20,783 INFO Epoch 27 | Batch 100/1186 | Loss 3.18264 (NLL 4.57834 [logdet 1.72349, mahal 1.01698], MS 2.49589, L1 2.07175, Spectral 0.26616, Gradient 0.49205, Quantile 1.04361) | LR 1.00e-04
2026-06-28 15:39:42,501 INFO Epoch 27 | Batch 150/1186 | Loss 3.15989 (NLL 4.50867 [logdet 1.69227, mahal 0.97852], MS 2.48358, L1 2.00689, Spectral 0.26137, Gradient 0.48739, Quantile 0.98476) | LR 1.00e-04
2026-06-28 15:40:04,221 INFO Epoch 27 | Batch 200/1186 | Loss 3.24880 (NLL 4.51778 [logdet 1.67471, mahal 1.00519], MS 2.57113, L1 2.02198, Spectral 0.27216, Gradient 0.49887, Quantile 1.01916) | LR 1.00e-04
2026-06-28 15:40:25,975 INFO Epoch 27 | Batch 250/1186 | Loss 3.21453 (NLL 4.55840 [logdet 1.69639, mahal 1.02414], MS 2.53077, L1 2.05874, Spectral 0.27350, Gradient 0.50625, Quantile 1.01667) | LR 1.00e-04
2026-06-28 15:40:47,707 INFO Epoch 27 | Batch 300/1186 | Loss 3.25313 (NLL 4.57700 [logdet 1.70848, mahal 1.03065], MS 2.56657, L1 2.08860, Spectral 0.26902, Gradient 0.49978, Quantile 1.03256) | LR 1.00e-04
2026-06-28 15:41:09,430 INFO Epoch 27 | Batch 350/1186 | Loss 3.17922 (NLL 4.50113 [logdet 1.70650, mahal 0.95675], MS 2.50406, L1 2.02143, Spectral 0.26755, Gradient 0.49371, Quantile 1.02580) | LR 1.00e-04
2026-06-28 15:41:31,163 INFO Epoch 27 | Batch 400/1186 | Loss 3.22681 (NLL 4.47440 [logdet 1.65734, mahal 0.97918], MS 2.55565, L1 1.97964, Spectral 0.26842, Gradient 0.49671, Quantile 0.99184) | LR 1.00e-04
2026-06-28 15:41:52,893 INFO Epoch 27 | Batch 450/1186 | Loss 3.27624 (NLL 4.55303 [logdet 1.61796, mahal 1.09720], MS 2.59329, L1 2.05142, Spectral 0.27460, Gradient 0.49986, Quantile 1.01868) | LR 1.00e-04
2026-06-28 15:42:14,636 INFO Epoch 27 | Batch 500/1186 | Loss 3.29362 (NLL 4.55469 [logdet 1.70315, mahal 1.01366], MS 2.61041, L1 2.05136, Spectral 0.26724, Gradient 0.50251, Quantile 0.98340) | LR 1.00e-04
2026-06-28 15:42:36,382 INFO Epoch 27 | Batch 550/1186 | Loss 3.25894 (NLL 4.57060 [logdet 1.71442, mahal 1.01830], MS 2.57336, L1 2.09092, Spectral 0.26627, Gradient 0.50196, Quantile 1.03993) | LR 1.00e-04
2026-06-28 15:42:58,110 INFO Epoch 27 | Batch 600/1186 | Loss 3.12094 (NLL 4.46920 [logdet 1.67623, mahal 0.95509], MS 2.45056, L1 1.98924, Spectral 0.26310, Gradient 0.48811, Quantile 0.97809) | LR 1.00e-04
2026-06-28 15:43:19,835 INFO Epoch 27 | Batch 650/1186 | Loss 3.18967 (NLL 4.54953 [logdet 1.68458, mahal 1.02708], MS 2.50724, L1 2.05509, Spectral 0.26911, Gradient 0.50048, Quantile 1.01351) | LR 1.00e-04
2026-06-28 15:43:41,568 INFO Epoch 27 | Batch 700/1186 | Loss 3.18519 (NLL 4.52861 [logdet 1.73319, mahal 0.95754], MS 2.50590, L1 1.97544, Spectral 0.26498, Gradient 0.49215, Quantile 0.96066) | LR 1.00e-04
2026-06-28 15:44:03,301 INFO Epoch 27 | Batch 750/1186 | Loss 3.28548 (NLL 4.53909 [logdet 1.69779, mahal 1.00343], MS 2.60462, L1 2.05381, Spectral 0.26946, Gradient 0.50265, Quantile 1.04896) | LR 1.00e-04
2026-06-28 15:44:25,030 INFO Epoch 27 | Batch 800/1186 | Loss 3.21091 (NLL 4.58778 [logdet 1.68166, mahal 1.06825], MS 2.52275, L1 2.06425, Spectral 0.26770, Gradient 0.49848, Quantile 1.02758) | LR 1.00e-04
2026-06-28 15:44:46,750 INFO Epoch 27 | Batch 850/1186 | Loss 3.15695 (NLL 4.50055 [logdet 1.68184, mahal 0.98083], MS 2.48186, L1 2.02367, Spectral 0.26288, Gradient 0.48953, Quantile 1.00678) | LR 1.00e-04
2026-06-28 15:45:08,474 INFO Epoch 27 | Batch 900/1186 | Loss 3.25041 (NLL 4.56272 [logdet 1.65957, mahal 1.06528], MS 2.56601, L1 2.05173, Spectral 0.25707, Gradient 0.48837, Quantile 1.00280) | LR 1.00e-04
2026-06-28 15:45:30,203 INFO Epoch 27 | Batch 950/1186 | Loss 3.15151 (NLL 4.55483 [logdet 1.65924, mahal 1.05771], MS 2.46829, L1 2.05227, Spectral 0.26972, Gradient 0.49152, Quantile 0.99958) | LR 1.00e-04
2026-06-28 15:45:51,936 INFO Epoch 27 | Batch 1000/1186 | Loss 3.14105 (NLL 4.49563 [logdet 1.69917, mahal 0.95858], MS 2.46671, L1 2.00752, Spectral 0.25324, Gradient 0.48221, Quantile 0.97136) | LR 1.00e-04
2026-06-28 15:46:13,665 INFO Epoch 27 | Batch 1050/1186 | Loss 3.14148 (NLL 4.47261 [logdet 1.65769, mahal 0.97704], MS 2.47059, L1 1.99840, Spectral 0.26827, Gradient 0.49361, Quantile 0.99878) | LR 1.00e-04
2026-06-28 15:46:35,385 INFO Epoch 27 | Batch 1100/1186 | Loss 3.19296 (NLL 4.55059 [logdet 1.65559, mahal 1.05712], MS 2.51037, L1 2.06862, Spectral 0.26889, Gradient 0.49839, Quantile 1.04609) | LR 1.00e-04
2026-06-28 15:46:57,121 INFO Epoch 27 | Batch 1150/1186 | Loss 3.18050 (NLL 4.52248 [logdet 1.69348, mahal 0.99112], MS 2.50212, L1 2.05443, Spectral 0.27451, Gradient 0.49934, Quantile 1.04218) | LR 1.00e-04
2026-06-28 15:47:48,292 INFO Epoch 27 | Val Loss 3.62013 (NLL 4.45995 [logdet 1.67692, mahal 0.94515], MS 2.95114, L1 1.94286, Spectral 0.26445, Gradient 0.49332, Quantile 1.02588)
2026-06-28 15:47:48,767 INFO New best val loss: 3.62013 (saved checkpoints/best.pth)
2026-06-28 15:48:10,546 INFO Epoch 28 | Batch 50/1186 | Loss 3.23152 (NLL 4.51137 [logdet 1.67511, mahal 0.99838], MS 2.55481, L1 2.02884, Spectral 0.26990, Gradient 0.49756, Quantile 1.02842) | LR 1.00e-04
2026-06-28 15:48:32,269 INFO Epoch 28 | Batch 100/1186 | Loss 3.10185 (NLL 4.53669 [logdet 1.65866, mahal 1.04015], MS 2.42134, L1 2.04684, Spectral 0.26721, Gradient 0.49113, Quantile 1.00233) | LR 1.00e-04
2026-06-28 15:48:53,999 INFO Epoch 28 | Batch 150/1186 | Loss 3.14062 (NLL 4.49341 [logdet 1.68729, mahal 0.96825], MS 2.46661, L1 1.99338, Spectral 0.26683, Gradient 0.48947, Quantile 1.02277) | LR 1.00e-04
2026-06-28 15:49:15,731 INFO Epoch 28 | Batch 200/1186 | Loss 3.28775 (NLL 4.59289 [logdet 1.71034, mahal 1.04467], MS 2.59882, L1 2.09902, Spectral 0.27823, Gradient 0.51184, Quantile 1.04319) | LR 1.00e-04
2026-06-28 15:49:37,460 INFO Epoch 28 | Batch 250/1186 | Loss 3.20352 (NLL 4.51649 [logdet 1.69286, mahal 0.98575], MS 2.52605, L1 2.01528, Spectral 0.26827, Gradient 0.49803, Quantile 0.98037) | LR 1.00e-04
2026-06-28 15:49:59,207 INFO Epoch 28 | Batch 300/1186 | Loss 3.36729 (NLL 4.55952 [logdet 1.68994, mahal 1.03170], MS 2.68336, L1 2.06616, Spectral 0.27042, Gradient 0.50150, Quantile 1.00421) | LR 1.00e-04
2026-06-28 15:50:20,937 INFO Epoch 28 | Batch 350/1186 | Loss 3.09726 (NLL 4.49783 [logdet 1.67117, mahal 0.98879], MS 2.42258, L1 2.00417, Spectral 0.25673, Gradient 0.47668, Quantile 0.99798) | LR 1.00e-04
2026-06-28 15:50:42,679 INFO Epoch 28 | Batch 400/1186 | Loss 3.24153 (NLL 4.56402 [logdet 1.67536, mahal 1.05078], MS 2.55692, L1 2.04746, Spectral 0.26957, Gradient 0.49250, Quantile 1.03501) | LR 1.00e-04
2026-06-28 15:51:04,411 INFO Epoch 28 | Batch 450/1186 | Loss 3.30804 (NLL 4.57127 [logdet 1.69255, mahal 1.04084], MS 2.62235, L1 2.10311, Spectral 0.26290, Gradient 0.49509, Quantile 1.03595) | LR 1.00e-04
2026-06-28 15:51:26,131 INFO Epoch 28 | Batch 500/1186 | Loss 3.04036 (NLL 4.45555 [logdet 1.66641, mahal 0.95127], MS 2.37203, L1 1.93826, Spectral 0.25326, Gradient 0.47812, Quantile 0.99073) | LR 1.00e-04
2026-06-28 15:51:47,860 INFO Epoch 28 | Batch 550/1186 | Loss 3.23058 (NLL 4.56520 [logdet 1.66248, mahal 1.06484], MS 2.54580, L1 2.07246, Spectral 0.27260, Gradient 0.49619, Quantile 1.01923) | LR 1.00e-04
2026-06-28 15:52:09,607 INFO Epoch 28 | Batch 600/1186 | Loss 3.14840 (NLL 4.47059 [logdet 1.67185, mahal 0.96086], MS 2.47781, L1 2.00743, Spectral 0.26557, Gradient 0.49964, Quantile 0.97889) | LR 1.00e-04
2026-06-28 15:52:31,344 INFO Epoch 28 | Batch 650/1186 | Loss 3.21767 (NLL 4.56226 [logdet 1.71844, mahal 1.00594], MS 2.53333, L1 2.06930, Spectral 0.27245, Gradient 0.50552, Quantile 1.04222) | LR 1.00e-04
2026-06-28 15:52:53,071 INFO Epoch 28 | Batch 700/1186 | Loss 3.21121 (NLL 4.51938 [logdet 1.71389, mahal 0.96761], MS 2.53331, L1 2.01773, Spectral 0.26512, Gradient 0.48392, Quantile 1.00125) | LR 1.00e-04
2026-06-28 15:53:14,801 INFO Epoch 28 | Batch 750/1186 | Loss 3.07726 (NLL 4.47681 [logdet 1.66281, mahal 0.97613], MS 2.40574, L1 1.96835, Spectral 0.26411, Gradient 0.48750, Quantile 0.98846) | LR 1.00e-04
2026-06-28 15:53:36,544 INFO Epoch 28 | Batch 800/1186 | Loss 3.24048 (NLL 4.53171 [logdet 1.66830, mahal 1.02554], MS 2.56072, L1 2.04634, Spectral 0.27120, Gradient 0.49948, Quantile 0.99511) | LR 1.00e-04
2026-06-28 15:53:58,259 INFO Epoch 28 | Batch 850/1186 | Loss 3.24449 (NLL 4.54418 [logdet 1.66981, mahal 1.03650], MS 2.56287, L1 2.03660, Spectral 0.27221, Gradient 0.49780, Quantile 0.96707) | LR 1.00e-04
2026-06-28 15:54:19,988 INFO Epoch 28 | Batch 900/1186 | Loss 3.16255 (NLL 4.48559 [logdet 1.70844, mahal 0.93927], MS 2.48971, L1 1.99578, Spectral 0.26405, Gradient 0.49108, Quantile 1.01295) | LR 1.00e-04
2026-06-28 15:54:41,714 INFO Epoch 28 | Batch 950/1186 | Loss 3.15738 (NLL 4.54577 [logdet 1.69571, mahal 1.01218], MS 2.47552, L1 2.05657, Spectral 0.25846, Gradient 0.49682, Quantile 1.02243) | LR 1.00e-04
2026-06-28 15:55:03,442 INFO Epoch 28 | Batch 1000/1186 | Loss 3.30640 (NLL 4.61956 [logdet 1.72659, mahal 1.05510], MS 2.61346, L1 2.11341, Spectral 0.27712, Gradient 0.51287, Quantile 1.04990) | LR 1.00e-04
2026-06-28 15:55:25,168 INFO Epoch 28 | Batch 1050/1186 | Loss 3.15894 (NLL 4.52346 [logdet 1.72033, mahal 0.96525], MS 2.48042, L1 2.02906, Spectral 0.26650, Gradient 0.49269, Quantile 0.99426) | LR 1.00e-04
2026-06-28 15:55:46,907 INFO Epoch 28 | Batch 1100/1186 | Loss 3.17111 (NLL 4.53563 [logdet 1.71276, mahal 0.98500], MS 2.49076, L1 2.07366, Spectral 0.26655, Gradient 0.50002, Quantile 1.01288) | LR 1.00e-04
2026-06-28 15:56:08,620 INFO Epoch 28 | Batch 1150/1186 | Loss 3.12871 (NLL 4.51228 [logdet 1.66173, mahal 1.01267], MS 2.45187, L1 2.01498, Spectral 0.26802, Gradient 0.49283, Quantile 0.97795) | LR 1.00e-04
2026-06-28 15:56:59,897 INFO Epoch 28 | Val Loss 3.65073 (NLL 4.48720 [logdet 1.70149, mahal 0.94783], MS 2.97765, L1 1.98374, Spectral 0.26467, Gradient 0.49705, Quantile 1.01551)
2026-06-28 15:57:21,913 INFO Epoch 29 | Batch 50/1186 | Loss 3.15843 (NLL 4.50771 [logdet 1.67349, mahal 0.99635], MS 2.48228, L1 2.04708, Spectral 0.27057, Gradient 0.50143, Quantile 0.99813) | LR 1.00e-04
2026-06-28 15:57:43,655 INFO Epoch 29 | Batch 100/1186 | Loss 3.21834 (NLL 4.58702 [logdet 1.68257, mahal 1.06657], MS 2.53028, L1 2.07413, Spectral 0.26215, Gradient 0.48713, Quantile 1.00665) | LR 1.00e-04
2026-06-28 15:58:05,388 INFO Epoch 29 | Batch 150/1186 | Loss 3.12430 (NLL 4.49366 [logdet 1.65317, mahal 1.00261], MS 2.45025, L1 1.99567, Spectral 0.26485, Gradient 0.48795, Quantile 0.96399) | LR 1.00e-04
2026-06-28 15:58:27,097 INFO Epoch 29 | Batch 200/1186 | Loss 3.24714 (NLL 4.54484 [logdet 1.67018, mahal 1.03678], MS 2.56542, L1 2.01749, Spectral 0.27114, Gradient 0.49742, Quantile 1.00899) | LR 1.00e-04
2026-06-28 15:58:48,976 INFO Epoch 29 | Batch 250/1186 | Loss 3.18836 (NLL 4.52269 [logdet 1.72264, mahal 0.96217], MS 2.50996, L1 2.00600, Spectral 0.26337, Gradient 0.48277, Quantile 1.00957) | LR 1.00e-04
2026-06-28 15:59:10,717 INFO Epoch 29 | Batch 300/1186 | Loss 3.13335 (NLL 4.49507 [logdet 1.68034, mahal 0.97686], MS 2.45909, L1 2.01852, Spectral 0.26381, Gradient 0.49106, Quantile 1.03525) | LR 1.00e-04
2026-06-28 15:59:32,455 INFO Epoch 29 | Batch 350/1186 | Loss 3.07828 (NLL 4.53431 [logdet 1.69845, mahal 0.99799], MS 2.39813, L1 2.01074, Spectral 0.26665, Gradient 0.49476, Quantile 0.99005) | LR 1.00e-04
2026-06-28 15:59:54,189 INFO Epoch 29 | Batch 400/1186 | Loss 3.22162 (NLL 4.49501 [logdet 1.63897, mahal 1.01817], MS 2.54736, L1 1.99588, Spectral 0.27117, Gradient 0.50042, Quantile 0.97401) | LR 1.00e-04
2026-06-28 16:00:15,916 INFO Epoch 29 | Batch 450/1186 | Loss 3.21580 (NLL 4.57023 [logdet 1.68663, mahal 1.04572], MS 2.53026, L1 2.07514, Spectral 0.26845, Gradient 0.49938, Quantile 1.03294) | LR 1.00e-04
2026-06-28 16:00:37,643 INFO Epoch 29 | Batch 500/1186 | Loss 3.26695 (NLL 4.54648 [logdet 1.65904, mahal 1.04956], MS 2.58498, L1 2.06260, Spectral 0.26641, Gradient 0.49411, Quantile 1.05961) | LR 1.00e-04
2026-06-28 16:00:59,379 INFO Epoch 29 | Batch 550/1186 | Loss 3.19877 (NLL 4.59104 [logdet 1.69751, mahal 1.05566], MS 2.51012, L1 2.11629, Spectral 0.27115, Gradient 0.50305, Quantile 1.04709) | LR 1.00e-04
2026-06-28 16:01:21,104 INFO Epoch 29 | Batch 600/1186 | Loss 3.17281 (NLL 4.56797 [logdet 1.72633, mahal 1.00377], MS 2.48761, L1 2.07370, Spectral 0.26299, Gradient 0.49750, Quantile 1.01100) | LR 1.00e-04
2026-06-28 16:01:42,832 INFO Epoch 29 | Batch 650/1186 | Loss 3.22646 (NLL 4.49683 [logdet 1.72839, mahal 0.93057], MS 2.55193, L1 2.02349, Spectral 0.26215, Gradient 0.48714, Quantile 1.02206) | LR 1.00e-04
2026-06-28 16:02:04,563 INFO Epoch 29 | Batch 700/1186 | Loss 3.15375 (NLL 4.56166 [logdet 1.71413, mahal 1.00965], MS 2.46950, L1 2.06552, Spectral 0.27082, Gradient 0.49942, Quantile 1.03178) | LR 1.00e-04
2026-06-28 16:02:26,296 INFO Epoch 29 | Batch 750/1186 | Loss 3.10684 (NLL 4.51679 [logdet 1.71074, mahal 0.96817], MS 2.42932, L1 2.02137, Spectral 0.26536, Gradient 0.49809, Quantile 0.98937) | LR 1.00e-04
2026-06-28 16:02:48,000 INFO Epoch 29 | Batch 800/1186 | Loss 3.21737 (NLL 4.54081 [logdet 1.70095, mahal 1.00198], MS 2.53625, L1 2.02375, Spectral 0.27077, Gradient 0.49017, Quantile 0.97608) | LR 1.00e-04
2026-06-28 16:03:09,704 INFO Epoch 29 | Batch 850/1186 | Loss 3.18632 (NLL 4.49166 [logdet 1.65466, mahal 0.99912], MS 2.51257, L1 2.00036, Spectral 0.27006, Gradient 0.49048, Quantile 0.99067) | LR 1.00e-04
2026-06-28 16:03:31,397 INFO Epoch 29 | Batch 900/1186 | Loss 3.15677 (NLL 4.46685 [logdet 1.67458, mahal 0.95439], MS 2.48674, L1 1.98845, Spectral 0.26577, Gradient 0.48971, Quantile 0.98195) | LR 1.00e-04
2026-06-28 16:03:53,086 INFO Epoch 29 | Batch 950/1186 | Loss 3.20481 (NLL 4.53405 [logdet 1.67037, mahal 1.02580], MS 2.52470, L1 2.04855, Spectral 0.26803, Gradient 0.50003, Quantile 0.99605) | LR 1.00e-04
2026-06-28 16:04:14,803 INFO Epoch 29 | Batch 1000/1186 | Loss 3.27921 (NLL 4.53454 [logdet 1.70817, mahal 0.98849], MS 2.59903, L1 2.03343, Spectral 0.27025, Gradient 0.49920, Quantile 1.01335) | LR 1.00e-04
2026-06-28 16:04:36,493 INFO Epoch 29 | Batch 1050/1186 | Loss 3.22908 (NLL 4.53968 [logdet 1.66322, mahal 1.03858], MS 2.54812, L1 2.05095, Spectral 0.27087, Gradient 0.49913, Quantile 0.97851) | LR 1.00e-04
2026-06-28 16:04:58,186 INFO Epoch 29 | Batch 1100/1186 | Loss 3.20622 (NLL 4.53940 [logdet 1.69282, mahal 1.00870], MS 2.52531, L1 2.06139, Spectral 0.26654, Gradient 0.49963, Quantile 1.01394) | LR 1.00e-04
2026-06-28 16:05:19,876 INFO Epoch 29 | Batch 1150/1186 | Loss 3.19922 (NLL 4.51769 [logdet 1.64746, mahal 1.03235], MS 2.52157, L1 2.01894, Spectral 0.26283, Gradient 0.48269, Quantile 1.00322) | LR 1.00e-04
2026-06-28 16:06:10,757 INFO Epoch 29 | Val Loss 3.62267 (NLL 4.50954 [logdet 1.75960, mahal 0.91206], MS 2.94623, L1 1.97943, Spectral 0.26461, Gradient 0.49236, Quantile 1.05856)
2026-06-28 16:06:32,719 INFO Epoch 30 | Batch 50/1186 | Loss 3.19037 (NLL 4.53789 [logdet 1.73075, mahal 0.96927], MS 2.50968, L1 2.03656, Spectral 0.27791, Gradient 0.50697, Quantile 1.05556) | LR 1.00e-04
2026-06-28 16:06:54,376 INFO Epoch 30 | Batch 100/1186 | Loss 3.21246 (NLL 4.55256 [logdet 1.69167, mahal 1.02302], MS 2.52957, L1 2.06659, Spectral 0.27037, Gradient 0.49987, Quantile 1.02846) | LR 1.00e-04
2026-06-28 16:07:16,043 INFO Epoch 30 | Batch 150/1186 | Loss 3.11272 (NLL 4.50342 [logdet 1.67188, mahal 0.99366], MS 2.43721, L1 2.01649, Spectral 0.26338, Gradient 0.48406, Quantile 1.03381) | LR 1.00e-04
2026-06-28 16:07:37,710 INFO Epoch 30 | Batch 200/1186 | Loss 3.15702 (NLL 4.50172 [logdet 1.69406, mahal 0.96978], MS 2.48176, L1 2.02493, Spectral 0.27337, Gradient 0.49160, Quantile 1.04192) | LR 1.00e-04
2026-06-28 16:07:59,356 INFO Epoch 30 | Batch 250/1186 | Loss 3.19113 (NLL 4.54013 [logdet 1.65312, mahal 1.04914], MS 2.51011, L1 2.03552, Spectral 0.26833, Gradient 0.49986, Quantile 1.02113) | LR 1.00e-04
2026-06-28 16:08:21,028 INFO Epoch 30 | Batch 300/1186 | Loss 3.24511 (NLL 4.58165 [logdet 1.71195, mahal 1.03182], MS 2.55787, L1 2.09739, Spectral 0.26436, Gradient 0.49434, Quantile 1.02055) | LR 1.00e-04
2026-06-28 16:08:42,703 INFO Epoch 30 | Batch 350/1186 | Loss 3.17344 (NLL 4.56253 [logdet 1.74817, mahal 0.97649], MS 2.48906, L1 2.07262, Spectral 0.26289, Gradient 0.49508, Quantile 1.01156) | LR 1.00e-04
2026-06-28 16:09:04,377 INFO Epoch 30 | Batch 400/1186 | Loss 3.25987 (NLL 4.63234 [logdet 1.74348, mahal 1.05098], MS 2.56502, L1 2.13743, Spectral 0.26949, Gradient 0.51043, Quantile 1.08583) | LR 1.00e-04
2026-06-28 16:09:26,034 INFO Epoch 30 | Batch 450/1186 | Loss 3.15777 (NLL 4.48689 [logdet 1.74337, mahal 0.90565], MS 2.48473, L1 1.96740, Spectral 0.26612, Gradient 0.48930, Quantile 0.97148) | LR 1.00e-04
2026-06-28 16:09:47,704 INFO Epoch 30 | Batch 500/1186 | Loss 3.18486 (NLL 4.49343 [logdet 1.66564, mahal 0.98991], MS 2.51085, L1 1.98562, Spectral 0.27371, Gradient 0.49609, Quantile 0.99016) | LR 1.00e-04
2026-06-28 16:10:09,375 INFO Epoch 30 | Batch 550/1186 | Loss 3.19055 (NLL 4.46323 [logdet 1.64509, mahal 0.98027], MS 2.52107, L1 1.97100, Spectral 0.26519, Gradient 0.49023, Quantile 0.97228) | LR 1.00e-04
2026-06-28 16:10:31,043 INFO Epoch 30 | Batch 600/1186 | Loss 3.17379 (NLL 4.48846 [logdet 1.64019, mahal 1.01039], MS 2.50052, L1 1.98017, Spectral 0.26368, Gradient 0.48812, Quantile 0.96781) | LR 1.00e-04
2026-06-28 16:10:52,711 INFO Epoch 30 | Batch 650/1186 | Loss 3.19735 (NLL 4.53521 [logdet 1.69141, mahal 1.00592], MS 2.51707, L1 2.05683, Spectral 0.26478, Gradient 0.49626, Quantile 1.04940) | LR 1.00e-04
2026-06-28 16:11:14,375 INFO Epoch 30 | Batch 700/1186 | Loss 3.19181 (NLL 4.50221 [logdet 1.63170, mahal 1.03263], MS 2.51648, L1 2.01540, Spectral 0.27161, Gradient 0.49324, Quantile 1.01507) | LR 1.00e-04
2026-06-28 16:11:36,032 INFO Epoch 30 | Batch 750/1186 | Loss 3.24471 (NLL 4.56596 [logdet 1.69666, mahal 1.03142], MS 2.55981, L1 2.08182, Spectral 0.26556, Gradient 0.49032, Quantile 1.03295) | LR 1.00e-04
2026-06-28 16:11:57,696 INFO Epoch 30 | Batch 800/1186 | Loss 3.15281 (NLL 4.53519 [logdet 1.67372, mahal 1.02359], MS 2.47253, L1 2.04149, Spectral 0.27193, Gradient 0.49601, Quantile 0.99274) | LR 1.00e-04
2026-06-28 16:12:19,374 INFO Epoch 30 | Batch 850/1186 | Loss 3.14899 (NLL 4.56113 [logdet 1.69935, mahal 1.02390], MS 2.46482, L1 2.01986, Spectral 0.26032, Gradient 0.48040, Quantile 1.00855) | LR 1.00e-04
2026-06-28 16:12:41,028 INFO Epoch 30 | Batch 900/1186 | Loss 3.19887 (NLL 4.50272 [logdet 1.67763, mahal 0.98722], MS 2.52346, L1 2.03136, Spectral 0.26512, Gradient 0.49142, Quantile 0.99654) | LR 1.00e-04
2026-06-28 16:13:02,700 INFO Epoch 30 | Batch 950/1186 | Loss 3.09135 (NLL 4.46164 [logdet 1.66593, mahal 0.95783], MS 2.42210, L1 1.97731, Spectral 0.25983, Gradient 0.48694, Quantile 0.99466) | LR 1.00e-04
2026-06-28 16:13:24,355 INFO Epoch 30 | Batch 1000/1186 | Loss 3.17306 (NLL 4.54556 [logdet 1.64240, mahal 1.06528], MS 2.49122, L1 2.06027, Spectral 0.26189, Gradient 0.48599, Quantile 1.03474) | LR 1.00e-04
2026-06-28 16:13:46,024 INFO Epoch 30 | Batch 1050/1186 | Loss 3.13816 (NLL 4.52742 [logdet 1.69311, mahal 0.99643], MS 2.45905, L1 2.00674, Spectral 0.26538, Gradient 0.49247, Quantile 0.99283) | LR 1.00e-04
2026-06-28 16:14:07,687 INFO Epoch 30 | Batch 1100/1186 | Loss 3.23686 (NLL 4.52731 [logdet 1.65612, mahal 1.03331], MS 2.55777, L1 2.03810, Spectral 0.26484, Gradient 0.50001, Quantile 1.00711) | LR 1.00e-04
2026-06-28 16:14:29,353 INFO Epoch 30 | Batch 1150/1186 | Loss 3.25045 (NLL 4.52281 [logdet 1.70076, mahal 0.98417], MS 2.57203, L1 2.04305, Spectral 0.27410, Gradient 0.50886, Quantile 0.98537) | LR 1.00e-04
2026-06-28 16:15:20,865 INFO Epoch 30 | Val Loss 3.63468 (NLL 4.47150 [logdet 1.67920, mahal 0.95443], MS 2.96396, L1 1.96797, Spectral 0.26467, Gradient 0.49433, Quantile 1.06154)
2026-06-28 16:15:42,841 INFO Epoch 31 | Batch 50/1186 | Loss 3.21519 (NLL 4.50934 [logdet 1.64712, mahal 1.02434], MS 2.53878, L1 2.02203, Spectral 0.27172, Gradient 0.50278, Quantile 1.04013) | LR 1.00e-04
2026-06-28 16:16:04,535 INFO Epoch 31 | Batch 100/1186 | Loss 3.22751 (NLL 4.56323 [logdet 1.72149, mahal 1.00386], MS 2.54303, L1 2.10282, Spectral 0.26822, Gradient 0.49692, Quantile 1.06542) | LR 1.00e-04
2026-06-28 16:16:26,213 INFO Epoch 31 | Batch 150/1186 | Loss 3.22634 (NLL 4.56293 [logdet 1.69580, mahal 1.02925], MS 2.54190, L1 2.05304, Spectral 0.26512, Gradient 0.49212, Quantile 1.02849) | LR 1.00e-04
2026-06-28 16:16:47,901 INFO Epoch 31 | Batch 200/1186 | Loss 3.15784 (NLL 4.49308 [logdet 1.66308, mahal 0.99212], MS 2.48387, L1 1.98672, Spectral 0.27022, Gradient 0.49108, Quantile 0.95355) | LR 1.00e-04
2026-06-28 16:17:09,593 INFO Epoch 31 | Batch 250/1186 | Loss 3.14832 (NLL 4.55135 [logdet 1.70438, mahal 1.00909], MS 2.46561, L1 2.04699, Spectral 0.26222, Gradient 0.48871, Quantile 0.97206) | LR 1.00e-04
2026-06-28 16:17:31,296 INFO Epoch 31 | Batch 300/1186 | Loss 3.12477 (NLL 4.51015 [logdet 1.66531, mahal 1.00696], MS 2.44824, L1 2.02186, Spectral 0.25705, Gradient 0.48839, Quantile 0.96689) | LR 1.00e-04
2026-06-28 16:17:52,973 INFO Epoch 31 | Batch 350/1186 | Loss 3.22671 (NLL 4.56087 [logdet 1.71829, mahal 1.00470], MS 2.54258, L1 2.05580, Spectral 0.26661, Gradient 0.49349, Quantile 1.04577) | LR 1.00e-04
2026-06-28 16:18:14,658 INFO Epoch 31 | Batch 400/1186 | Loss 3.31453 (NLL 4.61049 [logdet 1.72983, mahal 1.04278], MS 2.62295, L1 2.12856, Spectral 0.26181, Gradient 0.49753, Quantile 1.06417) | LR 1.00e-04
2026-06-28 16:18:36,344 INFO Epoch 31 | Batch 450/1186 | Loss 3.20284 (NLL 4.55954 [logdet 1.71592, mahal 1.00574], MS 2.51891, L1 2.05945, Spectral 0.26763, Gradient 0.49204, Quantile 1.03516) | LR 1.00e-04
2026-06-28 16:18:58,026 INFO Epoch 31 | Batch 500/1186 | Loss 3.23102 (NLL 4.54962 [logdet 1.70769, mahal 1.00405], MS 2.54858, L1 2.03434, Spectral 0.26334, Gradient 0.49581, Quantile 1.02501) | LR 1.00e-04
2026-06-28 16:19:19,715 INFO Epoch 31 | Batch 550/1186 | Loss 3.14662 (NLL 4.49794 [logdet 1.67746, mahal 0.98260], MS 2.47193, L1 2.04367, Spectral 0.25487, Gradient 0.49083, Quantile 1.02150) | LR 1.00e-04
2026-06-28 16:19:41,412 INFO Epoch 31 | Batch 600/1186 | Loss 3.15226 (NLL 4.54565 [logdet 1.69751, mahal 1.01027], MS 2.47041, L1 2.03667, Spectral 0.26631, Gradient 0.48670, Quantile 1.01642) | LR 1.00e-04
2026-06-28 16:20:03,119 INFO Epoch 31 | Batch 650/1186 | Loss 3.15825 (NLL 4.52894 [logdet 1.67281, mahal 1.01825], MS 2.47891, L1 2.03404, Spectral 0.27114, Gradient 0.49784, Quantile 0.97524) | LR 1.00e-04
2026-06-28 16:20:24,807 INFO Epoch 31 | Batch 700/1186 | Loss 3.23916 (NLL 4.52188 [logdet 1.67675, mahal 1.00726], MS 2.56088, L1 2.02583, Spectral 0.26827, Gradient 0.49796, Quantile 0.96997) | LR 1.00e-04
2026-06-28 16:20:46,502 INFO Epoch 31 | Batch 750/1186 | Loss 3.16012 (NLL 4.52985 [logdet 1.69629, mahal 0.99569], MS 2.48065, L1 2.06165, Spectral 0.26897, Gradient 0.49798, Quantile 1.05225) | LR 1.00e-04
2026-06-28 16:21:08,191 INFO Epoch 31 | Batch 800/1186 | Loss 3.21317 (NLL 4.50101 [logdet 1.71082, mahal 0.95231], MS 2.53802, L1 1.99593, Spectral 0.27447, Gradient 0.50165, Quantile 1.02261) | LR 1.00e-04
2026-06-28 16:21:29,876 INFO Epoch 31 | Batch 850/1186 | Loss 3.24176 (NLL 4.54329 [logdet 1.70885, mahal 0.99657], MS 2.56027, L1 2.07116, Spectral 0.27377, Gradient 0.50734, Quantile 1.05223) | LR 1.00e-04
2026-06-28 16:21:51,573 INFO Epoch 31 | Batch 900/1186 | Loss 3.13619 (NLL 4.50732 [logdet 1.68891, mahal 0.98053], MS 2.46009, L1 1.99395, Spectral 0.26821, Gradient 0.49272, Quantile 1.01394) | LR 1.00e-04
2026-06-28 16:22:13,249 INFO Epoch 31 | Batch 950/1186 | Loss 3.21610 (NLL 4.53080 [logdet 1.72118, mahal 0.97174], MS 2.53648, L1 2.01625, Spectral 0.27326, Gradient 0.49921, Quantile 1.00922) | LR 1.00e-04
2026-06-28 16:22:34,937 INFO Epoch 31 | Batch 1000/1186 | Loss 3.22172 (NLL 4.56014 [logdet 1.66337, mahal 1.05889], MS 2.53770, L1 2.05515, Spectral 0.26933, Gradient 0.49538, Quantile 1.01647) | LR 1.00e-04
2026-06-28 16:22:56,628 INFO Epoch 31 | Batch 1050/1186 | Loss 3.18470 (NLL 4.48413 [logdet 1.69696, mahal 0.94929], MS 2.51208, L1 2.00417, Spectral 0.26835, Gradient 0.49603, Quantile 1.01890) | LR 1.00e-04
2026-06-28 16:23:18,314 INFO Epoch 31 | Batch 1100/1186 | Loss 3.08697 (NLL 4.47764 [logdet 1.63088, mahal 1.00888], MS 2.41533, L1 1.97944, Spectral 0.26250, Gradient 0.49706, Quantile 0.95518) | LR 1.00e-04
2026-06-28 16:23:39,986 INFO Epoch 31 | Batch 1150/1186 | Loss 3.07051 (NLL 4.50819 [logdet 1.65073, mahal 1.01958], MS 2.39428, L1 2.00510, Spectral 0.26611, Gradient 0.49233, Quantile 0.97723) | LR 1.00e-04
2026-06-28 16:24:31,566 INFO Epoch 31 | Val Loss 3.61427 (NLL 4.47907 [logdet 1.70028, mahal 0.94091], MS 2.94240, L1 1.96187, Spectral 0.26449, Gradient 0.49103, Quantile 1.02519)
2026-06-28 16:24:32,021 INFO New best val loss: 3.61427 (saved checkpoints/best.pth)
2026-06-28 16:24:53,746 INFO Epoch 32 | Batch 50/1186 | Loss 3.24897 (NLL 4.57376 [logdet 1.69559, mahal 1.04029], MS 2.56290, L1 2.10990, Spectral 0.26595, Gradient 0.49705, Quantile 1.04695) | LR 1.00e-04
2026-06-28 16:25:15,422 INFO Epoch 32 | Batch 100/1186 | Loss 3.10484 (NLL 4.45188 [logdet 1.66230, mahal 0.95170], MS 2.43706, L1 1.95981, Spectral 0.26389, Gradient 0.48379, Quantile 0.97651) | LR 1.00e-04
2026-06-28 16:25:37,114 INFO Epoch 32 | Batch 150/1186 | Loss 3.09800 (NLL 4.52664 [logdet 1.66969, mahal 1.01908], MS 2.41900, L1 2.01045, Spectral 0.26483, Gradient 0.49093, Quantile 0.99084) | LR 1.00e-04
2026-06-28 16:25:58,779 INFO Epoch 32 | Batch 200/1186 | Loss 3.12065 (NLL 4.51372 [logdet 1.65019, mahal 1.02565], MS 2.44359, L1 2.02291, Spectral 0.26706, Gradient 0.49434, Quantile 0.98242) | LR 1.00e-04
2026-06-28 16:26:20,485 INFO Epoch 32 | Batch 250/1186 | Loss 3.16091 (NLL 4.54443 [logdet 1.70460, mahal 1.00196], MS 2.47924, L1 2.04941, Spectral 0.26421, Gradient 0.48598, Quantile 1.01706) | LR 1.00e-04
2026-06-28 16:26:42,159 INFO Epoch 32 | Batch 300/1186 | Loss 3.19149 (NLL 4.52474 [logdet 1.70010, mahal 0.98677], MS 2.51278, L1 2.04074, Spectral 0.27071, Gradient 0.49627, Quantile 1.02459) | LR 1.00e-04
2026-06-28 16:27:03,849 INFO Epoch 32 | Batch 350/1186 | Loss 3.06694 (NLL 4.52095 [logdet 1.71223, mahal 0.97085], MS 2.38880, L1 2.02881, Spectral 0.26576, Gradient 0.49148, Quantile 1.03331) | LR 1.00e-04
2026-06-28 16:27:25,568 INFO Epoch 32 | Batch 400/1186 | Loss 3.36313 (NLL 4.59248 [logdet 1.72918, mahal 1.02542], MS 2.67426, L1 2.09759, Spectral 0.26773, Gradient 0.50061, Quantile 1.07304) | LR 1.00e-04
2026-06-28 16:27:47,252 INFO Epoch 32 | Batch 450/1186 | Loss 3.17565 (NLL 4.54426 [logdet 1.72650, mahal 0.97988], MS 2.49401, L1 2.03204, Spectral 0.27128, Gradient 0.49613, Quantile 0.98127) | LR 1.00e-04
2026-06-28 16:28:08,956 INFO Epoch 32 | Batch 500/1186 | Loss 3.20220 (NLL 4.50148 [logdet 1.66997, mahal 0.99363], MS 2.52698, L1 2.00990, Spectral 0.26311, Gradient 0.48569, Quantile 1.04903) | LR 1.00e-04
2026-06-28 16:28:30,662 INFO Epoch 32 | Batch 550/1186 | Loss 3.17102 (NLL 4.52867 [logdet 1.69933, mahal 0.99146], MS 2.49172, L1 2.03336, Spectral 0.27499, Gradient 0.50098, Quantile 1.00459) | LR 1.00e-04
2026-06-28 16:28:52,345 INFO Epoch 32 | Batch 600/1186 | Loss 3.18207 (NLL 4.52720 [logdet 1.68903, mahal 1.00030], MS 2.50299, L1 2.05492, Spectral 0.25698, Gradient 0.48454, Quantile 1.00084) | LR 1.00e-04
2026-06-28 16:29:14,041 INFO Epoch 32 | Batch 650/1186 | Loss 3.15427 (NLL 4.50525 [logdet 1.68424, mahal 0.98313], MS 2.47848, L1 2.00177, Spectral 0.27220, Gradient 0.49418, Quantile 0.97293) | LR 1.00e-04
2026-06-28 16:29:35,782 INFO Epoch 32 | Batch 700/1186 | Loss 3.27332 (NLL 4.55987 [logdet 1.68106, mahal 1.04094], MS 2.58934, L1 2.07832, Spectral 0.27160, Gradient 0.50109, Quantile 1.01610) | LR 1.00e-04
2026-06-28 16:29:57,518 INFO Epoch 32 | Batch 750/1186 | Loss 3.20761 (NLL 4.52335 [logdet 1.69912, mahal 0.98635], MS 2.52911, L1 2.02122, Spectral 0.26993, Gradient 0.49401, Quantile 0.97422) | LR 1.00e-04
2026-06-28 16:30:19,248 INFO Epoch 32 | Batch 800/1186 | Loss 3.21532 (NLL 4.52663 [logdet 1.66940, mahal 1.01935], MS 2.53633, L1 2.03755, Spectral 0.27428, Gradient 0.49830, Quantile 0.99916) | LR 1.00e-04
2026-06-28 16:30:40,986 INFO Epoch 32 | Batch 850/1186 | Loss 3.20731 (NLL 4.57030 [logdet 1.72108, mahal 1.01134], MS 2.52176, L1 2.06949, Spectral 0.27012, Gradient 0.49451, Quantile 1.04518) | LR 1.00e-04
2026-06-28 16:31:02,721 INFO Epoch 32 | Batch 900/1186 | Loss 3.10513 (NLL 4.47071 [logdet 1.65132, mahal 0.98152], MS 2.43453, L1 1.97019, Spectral 0.26096, Gradient 0.47925, Quantile 0.94573) | LR 1.00e-04
2026-06-28 16:31:24,444 INFO Epoch 32 | Batch 950/1186 | Loss 3.12969 (NLL 4.53209 [logdet 1.69355, mahal 1.00066], MS 2.44988, L1 2.04158, Spectral 0.26201, Gradient 0.49259, Quantile 0.99249) | LR 1.00e-04
2026-06-28 16:31:46,179 INFO Epoch 32 | Batch 1000/1186 | Loss 3.20406 (NLL 4.53021 [logdet 1.70741, mahal 0.98492], MS 2.52453, L1 2.04258, Spectral 0.26633, Gradient 0.49788, Quantile 1.02406) | LR 1.00e-04
2026-06-28 16:32:07,920 INFO Epoch 32 | Batch 1050/1186 | Loss 3.07866 (NLL 4.52057 [logdet 1.67088, mahal 1.01182], MS 2.40057, L1 2.01158, Spectral 0.26464, Gradient 0.49493, Quantile 0.99556) | LR 1.00e-04
2026-06-28 16:32:29,637 INFO Epoch 32 | Batch 1100/1186 | Loss 3.18494 (NLL 4.54391 [logdet 1.69786, mahal 1.00818], MS 2.50336, L1 2.02388, Spectral 0.26087, Gradient 0.49062, Quantile 1.02809) | LR 1.00e-04
2026-06-28 16:32:51,380 INFO Epoch 32 | Batch 1150/1186 | Loss 3.30678 (NLL 4.54590 [logdet 1.71132, mahal 0.99671], MS 2.62490, L1 2.05030, Spectral 0.27207, Gradient 0.50237, Quantile 1.02784) | LR 1.00e-04
2026-06-28 16:33:42,239 INFO Epoch 32 | Val Loss 3.60335 (NLL 4.47055 [logdet 1.69219, mahal 0.94049], MS 2.93277, L1 1.96327, Spectral 0.26447, Gradient 0.49607, Quantile 1.00631)
2026-06-28 16:33:42,761 INFO New best val loss: 3.60335 (saved checkpoints/best.pth)
2026-06-28 16:34:04,571 INFO Epoch 33 | Batch 50/1186 | Loss 3.17807 (NLL 4.53457 [logdet 1.65778, mahal 1.03892], MS 2.49788, L1 2.03093, Spectral 0.26254, Gradient 0.49129, Quantile 0.98026) | LR 1.00e-04
2026-06-28 16:34:26,291 INFO Epoch 33 | Batch 100/1186 | Loss 3.25276 (NLL 4.53772 [logdet 1.68452, mahal 1.01533], MS 2.57210, L1 2.04258, Spectral 0.27078, Gradient 0.49861, Quantile 0.99839) | LR 1.00e-04
2026-06-28 16:34:48,016 INFO Epoch 33 | Batch 150/1186 | Loss 3.21830 (NLL 4.53994 [logdet 1.70825, mahal 0.99382], MS 2.53731, L1 2.07394, Spectral 0.27314, Gradient 0.50198, Quantile 1.04148) | LR 1.00e-04
2026-06-28 16:35:09,749 INFO Epoch 33 | Batch 200/1186 | Loss 3.26903 (NLL 4.62160 [logdet 1.69729, mahal 1.08643], MS 2.57579, L1 2.10023, Spectral 0.27652, Gradient 0.50508, Quantile 0.99603) | LR 1.00e-04
2026-06-28 16:35:31,482 INFO Epoch 33 | Batch 250/1186 | Loss 3.32581 (NLL 4.53352 [logdet 1.69816, mahal 0.99748], MS 2.64579, L1 2.04952, Spectral 0.26983, Gradient 0.50020, Quantile 0.98017) | LR 1.00e-04
2026-06-28 16:35:53,216 INFO Epoch 33 | Batch 300/1186 | Loss 3.15609 (NLL 4.49651 [logdet 1.65813, mahal 1.00051], MS 2.48162, L1 2.02183, Spectral 0.26458, Gradient 0.49397, Quantile 1.00667) | LR 1.00e-04
2026-06-28 16:36:14,948 INFO Epoch 33 | Batch 350/1186 | Loss 3.16149 (NLL 4.54696 [logdet 1.69930, mahal 1.00979], MS 2.47944, L1 2.01023, Spectral 0.26293, Gradient 0.48803, Quantile 0.95895) | LR 1.00e-04
2026-06-28 16:36:36,672 INFO Epoch 33 | Batch 400/1186 | Loss 3.17342 (NLL 4.57537 [logdet 1.69422, mahal 1.04327], MS 2.48711, L1 2.08443, Spectral 0.27082, Gradient 0.49921, Quantile 1.07883) | LR 1.00e-04
2026-06-28 16:36:58,416 INFO Epoch 33 | Batch 450/1186 | Loss 3.21175 (NLL 4.56899 [logdet 1.74925, mahal 0.98186], MS 2.52641, L1 2.07490, Spectral 0.26105, Gradient 0.49421, Quantile 1.02177) | LR 1.00e-04
2026-06-28 16:37:20,141 INFO Epoch 33 | Batch 500/1186 | Loss 3.20013 (NLL 4.54712 [logdet 1.71035, mahal 0.99890], MS 2.51806, L1 2.07076, Spectral 0.26759, Gradient 0.50001, Quantile 1.03154) | LR 1.00e-04
2026-06-28 16:37:41,883 INFO Epoch 33 | Batch 550/1186 | Loss 3.25756 (NLL 4.55724 [logdet 1.70424, mahal 1.01513], MS 2.57397, L1 2.06683, Spectral 0.26219, Gradient 0.49460, Quantile 1.01588) | LR 1.00e-04
2026-06-28 16:38:03,626 INFO Epoch 33 | Batch 600/1186 | Loss 3.16107 (NLL 4.51914 [logdet 1.70471, mahal 0.97656], MS 2.48319, L1 2.00938, Spectral 0.26944, Gradient 0.49165, Quantile 1.02935) | LR 1.00e-04
2026-06-28 16:38:25,367 INFO Epoch 33 | Batch 650/1186 | Loss 3.16525 (NLL 4.58758 [logdet 1.70884, mahal 1.04086], MS 2.47711, L1 2.08959, Spectral 0.27008, Gradient 0.49983, Quantile 1.03732) | LR 1.00e-04
2026-06-28 16:38:47,088 INFO Epoch 33 | Batch 700/1186 | Loss 3.12817 (NLL 4.50665 [logdet 1.71796, mahal 0.95081], MS 2.45217, L1 1.99978, Spectral 0.26177, Gradient 0.48255, Quantile 0.99526) | LR 1.00e-04
2026-06-28 16:39:08,816 INFO Epoch 33 | Batch 750/1186 | Loss 3.13458 (NLL 4.50080 [logdet 1.66577, mahal 0.99715], MS 2.45946, L1 2.01566, Spectral 0.26440, Gradient 0.49495, Quantile 0.99362) | LR 1.00e-04
2026-06-28 16:39:30,524 INFO Epoch 33 | Batch 800/1186 | Loss 2.97733 (NLL 4.47534 [logdet 1.63223, mahal 1.00522], MS 2.30603, L1 1.97539, Spectral 0.26198, Gradient 0.47990, Quantile 0.95784) | LR 1.00e-04
2026-06-28 16:39:52,246 INFO Epoch 33 | Batch 850/1186 | Loss 3.24958 (NLL 4.51585 [logdet 1.64363, mahal 1.03435], MS 2.57220, L1 2.01473, Spectral 0.26516, Gradient 0.48925, Quantile 1.02429) | LR 1.00e-04
2026-06-28 16:40:13,963 INFO Epoch 33 | Batch 900/1186 | Loss 3.24822 (NLL 4.50107 [logdet 1.69814, mahal 0.96505], MS 2.57306, L1 2.02431, Spectral 0.27729, Gradient 0.50294, Quantile 1.00804) | LR 1.00e-04
2026-06-28 16:40:35,698 INFO Epoch 33 | Batch 950/1186 | Loss 3.07051 (NLL 4.47819 [logdet 1.62588, mahal 1.01444], MS 2.39878, L1 1.98271, Spectral 0.26312, Gradient 0.49204, Quantile 0.98371) | LR 1.00e-04
2026-06-28 16:40:57,411 INFO Epoch 33 | Batch 1000/1186 | Loss 3.14498 (NLL 4.46553 [logdet 1.66005, mahal 0.96761], MS 2.47515, L1 1.97634, Spectral 0.26344, Gradient 0.48457, Quantile 0.98469) | LR 1.00e-04
2026-06-28 16:41:19,141 INFO Epoch 33 | Batch 1050/1186 | Loss 3.14897 (NLL 4.45273 [logdet 1.63331, mahal 0.98154], MS 2.48106, L1 1.96582, Spectral 0.26584, Gradient 0.48972, Quantile 0.97444) | LR 1.00e-04
2026-06-28 16:41:40,860 INFO Epoch 33 | Batch 1100/1186 | Loss 3.13877 (NLL 4.49284 [logdet 1.62038, mahal 1.03458], MS 2.46484, L1 2.01850, Spectral 0.26854, Gradient 0.49091, Quantile 0.98289) | LR 1.00e-04
2026-06-28 16:42:02,580 INFO Epoch 33 | Batch 1150/1186 | Loss 3.15722 (NLL 4.53460 [logdet 1.66438, mahal 1.03234], MS 2.47703, L1 2.05449, Spectral 0.26869, Gradient 0.49513, Quantile 1.02446) | LR 1.00e-04
2026-06-28 16:42:54,174 INFO Epoch 33 | Val Loss 3.59474 (NLL 4.47918 [logdet 1.71511, mahal 0.92619], MS 2.92286, L1 1.96933, Spectral 0.26457, Gradient 0.49510, Quantile 1.02271)
2026-06-28 16:42:54,657 INFO New best val loss: 3.59474 (saved checkpoints/best.pth)
2026-06-28 16:43:16,410 INFO Epoch 34 | Batch 50/1186 | Loss 3.22763 (NLL 4.54720 [logdet 1.67410, mahal 1.03522], MS 2.54555, L1 2.03379, Spectral 0.27193, Gradient 0.49241, Quantile 0.99132) | LR 1.00e-04
2026-06-28 16:43:38,106 INFO Epoch 34 | Batch 100/1186 | Loss 3.14815 (NLL 4.56468 [logdet 1.67846, mahal 1.04834], MS 2.46345, L1 2.04374, Spectral 0.26528, Gradient 0.49623, Quantile 1.03068) | LR 1.00e-04
2026-06-28 16:43:59,803 INFO Epoch 34 | Batch 150/1186 | Loss 3.21303 (NLL 4.52023 [logdet 1.69619, mahal 0.98616], MS 2.53500, L1 2.01612, Spectral 0.26624, Gradient 0.49981, Quantile 1.01679) | LR 1.00e-04
2026-06-28 16:44:21,492 INFO Epoch 34 | Batch 200/1186 | Loss 3.15768 (NLL 4.48278 [logdet 1.63565, mahal 1.00926], MS 2.48526, L1 1.99788, Spectral 0.27145, Gradient 0.49292, Quantile 0.96429) | LR 1.00e-04
2026-06-28 16:44:43,190 INFO Epoch 34 | Batch 250/1186 | Loss 3.17542 (NLL 4.48495 [logdet 1.62651, mahal 1.02056], MS 2.50267, L1 1.97510, Spectral 0.25830, Gradient 0.48418, Quantile 0.97508) | LR 1.00e-04
2026-06-28 16:45:04,877 INFO Epoch 34 | Batch 300/1186 | Loss 3.18519 (NLL 4.50254 [logdet 1.64544, mahal 1.01922], MS 2.50981, L1 2.02735, Spectral 0.26734, Gradient 0.49512, Quantile 0.98995) | LR 1.00e-04
2026-06-28 16:45:26,540 INFO Epoch 34 | Batch 350/1186 | Loss 3.16368 (NLL 4.57502 [logdet 1.69190, mahal 1.04525], MS 2.47743, L1 2.08685, Spectral 0.26188, Gradient 0.48782, Quantile 1.04726) | LR 1.00e-04
2026-06-28 16:45:48,240 INFO Epoch 34 | Batch 400/1186 | Loss 3.11551 (NLL 4.48001 [logdet 1.65761, mahal 0.98453], MS 2.44350, L1 1.95881, Spectral 0.25808, Gradient 0.48431, Quantile 0.97477) | LR 1.00e-04
2026-06-28 16:46:09,928 INFO Epoch 34 | Batch 450/1186 | Loss 3.16809 (NLL 4.54467 [logdet 1.70678, mahal 1.00001], MS 2.48639, L1 2.05379, Spectral 0.26458, Gradient 0.49814, Quantile 1.01195) | LR 1.00e-04
2026-06-28 16:46:31,602 INFO Epoch 34 | Batch 500/1186 | Loss 3.17598 (NLL 4.55773 [logdet 1.69515, mahal 1.02470], MS 2.49232, L1 2.08526, Spectral 0.27085, Gradient 0.49535, Quantile 1.04070) | LR 1.00e-04
2026-06-28 16:46:53,302 INFO Epoch 34 | Batch 550/1186 | Loss 3.23645 (NLL 4.56010 [logdet 1.71825, mahal 1.00397], MS 2.55243, L1 2.04685, Spectral 0.26654, Gradient 0.49371, Quantile 1.00402) | LR 1.00e-04
2026-06-28 16:47:15,001 INFO Epoch 34 | Batch 600/1186 | Loss 3.28136 (NLL 4.57989 [logdet 1.69421, mahal 1.04780], MS 2.59437, L1 2.06563, Spectral 0.27029, Gradient 0.50230, Quantile 1.00482) | LR 1.00e-04
2026-06-28 16:47:36,660 INFO Epoch 34 | Batch 650/1186 | Loss 3.16728 (NLL 4.51097 [logdet 1.69995, mahal 0.97315], MS 2.49063, L1 2.01081, Spectral 0.26898, Gradient 0.49609, Quantile 1.02460) | LR 1.00e-04
2026-06-28 16:47:58,363 INFO Epoch 34 | Batch 700/1186 | Loss 3.15798 (NLL 4.55664 [logdet 1.71750, mahal 1.00127], MS 2.47448, L1 2.04636, Spectral 0.26917, Gradient 0.50877, Quantile 1.02298) | LR 1.00e-04
2026-06-28 16:48:20,055 INFO Epoch 34 | Batch 750/1186 | Loss 3.11221 (NLL 4.43397 [logdet 1.64683, mahal 0.94927], MS 2.44712, L1 1.97201, Spectral 0.26776, Gradient 0.48427, Quantile 0.97313) | LR 1.00e-04
2026-06-28 16:48:41,731 INFO Epoch 34 | Batch 800/1186 | Loss 3.18460 (NLL 4.58525 [logdet 1.63295, mahal 1.11442], MS 2.49681, L1 2.08386, Spectral 0.26232, Gradient 0.48974, Quantile 1.02794) | LR 1.00e-04
2026-06-28 16:49:03,432 INFO Epoch 34 | Batch 850/1186 | Loss 3.22910 (NLL 4.53169 [logdet 1.68988, mahal 1.00394], MS 2.54935, L1 2.05228, Spectral 0.27260, Gradient 0.49869, Quantile 1.02948) | LR 1.00e-04
2026-06-28 16:49:25,141 INFO Epoch 34 | Batch 900/1186 | Loss 3.22154 (NLL 4.55171 [logdet 1.67157, mahal 1.04226], MS 2.53878, L1 2.07815, Spectral 0.26319, Gradient 0.49455, Quantile 1.05773) | LR 1.00e-04
2026-06-28 16:49:46,811 INFO Epoch 34 | Batch 950/1186 | Loss 3.16751 (NLL 4.50829 [logdet 1.69137, mahal 0.97904], MS 2.49127, L1 2.00152, Spectral 0.26881, Gradient 0.49798, Quantile 0.97687) | LR 1.00e-04
2026-06-28 16:50:08,499 INFO Epoch 34 | Batch 1000/1186 | Loss 3.16082 (NLL 4.50306 [logdet 1.69591, mahal 0.96928], MS 2.48536, L1 2.00627, Spectral 0.27075, Gradient 0.50282, Quantile 1.00661) | LR 1.00e-04
2026-06-28 16:50:30,196 INFO Epoch 34 | Batch 1050/1186 | Loss 3.18873 (NLL 4.51658 [logdet 1.67836, mahal 1.00034], MS 2.51124, L1 2.04906, Spectral 0.26703, Gradient 0.49984, Quantile 1.00610) | LR 1.00e-04
2026-06-28 16:50:51,879 INFO Epoch 34 | Batch 1100/1186 | Loss 3.20530 (NLL 4.53115 [logdet 1.66955, mahal 1.02373], MS 2.52563, L1 2.04630, Spectral 0.27511, Gradient 0.50400, Quantile 1.00059) | LR 1.00e-04
2026-06-28 16:51:13,576 INFO Epoch 34 | Batch 1150/1186 | Loss 3.19021 (NLL 4.48310 [logdet 1.68066, mahal 0.96456], MS 2.51775, L1 1.98557, Spectral 0.26541, Gradient 0.48552, Quantile 0.95890) | LR 1.00e-04
2026-06-28 16:52:05,139 INFO Epoch 34 | Val Loss 3.61114 (NLL 4.45258 [logdet 1.63598, mahal 0.97873], MS 2.94326, L1 1.93954, Spectral 0.26455, Gradient 0.49271, Quantile 0.99088)
2026-06-28 16:52:27,168 INFO Epoch 35 | Batch 50/1186 | Loss 3.25685 (NLL 4.55289 [logdet 1.65287, mahal 1.06215], MS 2.57391, L1 2.06163, Spectral 0.27313, Gradient 0.50870, Quantile 0.99813) | LR 1.00e-04
2026-06-28 16:52:48,911 INFO Epoch 35 | Batch 100/1186 | Loss 3.11012 (NLL 4.48288 [logdet 1.68729, mahal 0.95772], MS 2.43769, L1 1.97728, Spectral 0.26427, Gradient 0.48962, Quantile 0.98158) | LR 1.00e-04
2026-06-28 16:53:10,655 INFO Epoch 35 | Batch 150/1186 | Loss 3.14199 (NLL 4.48367 [logdet 1.64940, mahal 0.99640], MS 2.46944, L1 1.98097, Spectral 0.26901, Gradient 0.48928, Quantile 0.98908) | LR 1.00e-04
2026-06-28 16:53:32,385 INFO Epoch 35 | Batch 200/1186 | Loss 3.19007 (NLL 4.53593 [logdet 1.69214, mahal 1.00590], MS 2.50968, L1 2.07239, Spectral 0.27078, Gradient 0.49958, Quantile 0.98539) | LR 1.00e-04
2026-06-28 16:53:54,116 INFO Epoch 35 | Batch 250/1186 | Loss 3.15620 (NLL 4.52648 [logdet 1.66975, mahal 1.01886], MS 2.47723, L1 2.03963, Spectral 0.26563, Gradient 0.49651, Quantile 1.00190) | LR 1.00e-04
2026-06-28 16:54:15,829 INFO Epoch 35 | Batch 300/1186 | Loss 3.05940 (NLL 4.52022 [logdet 1.70059, mahal 0.98175], MS 2.38137, L1 2.00591, Spectral 0.26458, Gradient 0.48982, Quantile 1.01561) | LR 1.00e-04
2026-06-28 16:54:37,568 INFO Epoch 35 | Batch 350/1186 | Loss 3.16366 (NLL 4.51641 [logdet 1.66355, mahal 1.01498], MS 2.48620, L1 1.99266, Spectral 0.26372, Gradient 0.48831, Quantile 0.96983) | LR 1.00e-04
2026-06-28 16:54:59,293 INFO Epoch 35 | Batch 400/1186 | Loss 3.17609 (NLL 4.50027 [logdet 1.63614, mahal 1.02626], MS 2.50105, L1 2.01326, Spectral 0.26769, Gradient 0.49210, Quantile 1.00792) | LR 1.00e-04
2026-06-28 16:55:21,015 INFO Epoch 35 | Batch 450/1186 | Loss 3.21002 (NLL 4.54599 [logdet 1.68787, mahal 1.02025], MS 2.52812, L1 2.03539, Spectral 0.26953, Gradient 0.50242, Quantile 1.00424) | LR 1.00e-04
2026-06-28 16:55:42,758 INFO Epoch 35 | Batch 500/1186 | Loss 3.17679 (NLL 4.52768 [logdet 1.69674, mahal 0.99307], MS 2.49764, L1 2.05470, Spectral 0.26801, Gradient 0.49772, Quantile 1.03127) | LR 1.00e-04
2026-06-28 16:56:04,480 INFO Epoch 35 | Batch 550/1186 | Loss 3.15790 (NLL 4.52689 [logdet 1.71324, mahal 0.97577], MS 2.47887, L1 2.02792, Spectral 0.27080, Gradient 0.49367, Quantile 0.98550) | LR 1.00e-04
2026-06-28 16:56:26,200 INFO Epoch 35 | Batch 600/1186 | Loss 3.15665 (NLL 4.52783 [logdet 1.66797, mahal 1.02198], MS 2.47748, L1 2.03359, Spectral 0.25958, Gradient 0.48723, Quantile 0.97374) | LR 1.00e-04
2026-06-28 16:56:47,931 INFO Epoch 35 | Batch 650/1186 | Loss 3.17687 (NLL 4.57901 [logdet 1.72536, mahal 1.01577], MS 2.49001, L1 2.06692, Spectral 0.26011, Gradient 0.49410, Quantile 1.03709) | LR 1.00e-04
2026-06-28 16:57:09,662 INFO Epoch 35 | Batch 700/1186 | Loss 3.21295 (NLL 4.58863 [logdet 1.69686, mahal 1.05390], MS 2.52466, L1 2.08564, Spectral 0.26680, Gradient 0.49839, Quantile 1.05228) | LR 1.00e-04
2026-06-28 16:57:31,399 INFO Epoch 35 | Batch 750/1186 | Loss 3.29657 (NLL 4.55950 [logdet 1.72547, mahal 0.99615], MS 2.61264, L1 2.05372, Spectral 0.27211, Gradient 0.49361, Quantile 1.00632) | LR 1.00e-04
2026-06-28 16:57:53,121 INFO Epoch 35 | Batch 800/1186 | Loss 3.21596 (NLL 4.53532 [logdet 1.70787, mahal 0.98958], MS 2.53566, L1 2.03473, Spectral 0.26362, Gradient 0.49264, Quantile 0.99594) | LR 1.00e-04
2026-06-28 16:58:14,850 INFO Epoch 35 | Batch 850/1186 | Loss 3.32417 (NLL 4.52191 [logdet 1.70665, mahal 0.97738], MS 2.64589, L1 2.05779, Spectral 0.27546, Gradient 0.50905, Quantile 0.98984) | LR 1.00e-04
2026-06-28 16:58:36,584 INFO Epoch 35 | Batch 900/1186 | Loss 3.13483 (NLL 4.47242 [logdet 1.65486, mahal 0.97968], MS 2.46397, L1 2.00790, Spectral 0.26874, Gradient 0.49049, Quantile 0.97733) | LR 1.00e-04
2026-06-28 16:58:58,319 INFO Epoch 35 | Batch 950/1186 | Loss 3.15938 (NLL 4.53375 [logdet 1.64506, mahal 1.05082], MS 2.47932, L1 2.04177, Spectral 0.26773, Gradient 0.50089, Quantile 1.01520) | LR 1.00e-04
2026-06-28 16:59:20,056 INFO Epoch 35 | Batch 1000/1186 | Loss 3.18314 (NLL 4.54349 [logdet 1.67089, mahal 1.03472], MS 2.50162, L1 2.03836, Spectral 0.26713, Gradient 0.49131, Quantile 0.98635) | LR 1.00e-04
2026-06-28 16:59:41,789 INFO Epoch 35 | Batch 1050/1186 | Loss 3.30780 (NLL 4.53638 [logdet 1.70138, mahal 0.99712], MS 2.62734, L1 2.05042, Spectral 0.27391, Gradient 0.50416, Quantile 1.02503) | LR 1.00e-04
2026-06-28 17:00:03,529 INFO Epoch 35 | Batch 1100/1186 | Loss 3.14615 (NLL 4.54119 [logdet 1.73609, mahal 0.96722], MS 2.46498, L1 2.06037, Spectral 0.25858, Gradient 0.49044, Quantile 1.01115) | LR 1.00e-04
2026-06-28 17:00:25,260 INFO Epoch 35 | Batch 1150/1186 | Loss 3.18803 (NLL 4.52508 [logdet 1.69498, mahal 0.99222], MS 2.50927, L1 2.03742, Spectral 0.26838, Gradient 0.49294, Quantile 1.00863) | LR 1.00e-04
2026-06-28 17:01:16,870 INFO Epoch 35 | Val Loss 3.61817 (NLL 4.45569 [logdet 1.67285, mahal 0.94496], MS 2.94981, L1 1.94066, Spectral 0.26446, Gradient 0.49156, Quantile 1.02924)
2026-06-28 17:01:38,907 INFO Epoch 36 | Batch 50/1186 | Loss 3.23394 (NLL 4.51465 [logdet 1.69678, mahal 0.98000], MS 2.55674, L1 2.04950, Spectral 0.27254, Gradient 0.50419, Quantile 1.01917) | LR 1.00e-04
2026-06-28 17:02:00,647 INFO Epoch 36 | Batch 100/1186 | Loss 3.26811 (NLL 4.54951 [logdet 1.66948, mahal 1.04215], MS 2.58568, L1 2.06331, Spectral 0.27128, Gradient 0.50435, Quantile 1.02725) | LR 1.00e-04
2026-06-28 17:02:22,381 INFO Epoch 36 | Batch 150/1186 | Loss 3.18349 (NLL 4.52841 [logdet 1.71468, mahal 0.97585], MS 2.50423, L1 2.03168, Spectral 0.27314, Gradient 0.50482, Quantile 1.01835) | LR 1.00e-04
2026-06-28 17:02:44,125 INFO Epoch 36 | Batch 200/1186 | Loss 3.04980 (NLL 4.50582 [logdet 1.70064, mahal 0.96730], MS 2.37393, L1 1.98585, Spectral 0.25133, Gradient 0.47965, Quantile 0.99714) | LR 1.00e-04
2026-06-28 17:03:05,868 INFO Epoch 36 | Batch 250/1186 | Loss 3.15179 (NLL 4.49369 [logdet 1.64966, mahal 1.00615], MS 2.47774, L1 1.99386, Spectral 0.26919, Gradient 0.49303, Quantile 0.96030) | LR 1.00e-04
2026-06-28 17:03:27,603 INFO Epoch 36 | Batch 300/1186 | Loss 3.32440 (NLL 4.61654 [logdet 1.69962, mahal 1.07905], MS 2.63191, L1 2.12857, Spectral 0.27776, Gradient 0.50415, Quantile 1.03104) | LR 1.00e-04
2026-06-28 17:03:49,325 INFO Epoch 36 | Batch 350/1186 | Loss 3.13515 (NLL 4.52881 [logdet 1.73375, mahal 0.95718], MS 2.45583, L1 2.01230, Spectral 0.26002, Gradient 0.48477, Quantile 1.01883) | LR 1.00e-04
2026-06-28 17:04:11,060 INFO Epoch 36 | Batch 400/1186 | Loss 3.10407 (NLL 4.51437 [logdet 1.67888, mahal 0.99762], MS 2.42692, L1 2.05946, Spectral 0.26641, Gradient 0.49088, Quantile 1.02670) | LR 1.00e-04
2026-06-28 17:04:32,788 INFO Epoch 36 | Batch 450/1186 | Loss 3.16269 (NLL 4.51958 [logdet 1.67269, mahal 1.00902], MS 2.48475, L1 2.03102, Spectral 0.26344, Gradient 0.48646, Quantile 0.97258) | LR 1.00e-04
2026-06-28 17:04:54,527 INFO Epoch 36 | Batch 500/1186 | Loss 3.24398 (NLL 4.55499 [logdet 1.72740, mahal 0.98971], MS 2.56073, L1 2.05020, Spectral 0.26750, Gradient 0.49537, Quantile 1.02659) | LR 1.00e-04
2026-06-28 17:05:16,268 INFO Epoch 36 | Batch 550/1186 | Loss 3.18585 (NLL 4.51460 [logdet 1.70468, mahal 0.97204], MS 2.50866, L1 2.01878, Spectral 0.27156, Gradient 0.50586, Quantile 1.03775) | LR 1.00e-04
2026-06-28 17:05:38,009 INFO Epoch 36 | Batch 600/1186 | Loss 3.18458 (NLL 4.51536 [logdet 1.68196, mahal 0.99552], MS 2.50728, L1 2.02046, Spectral 0.26698, Gradient 0.48543, Quantile 1.00306) | LR 1.00e-04
2026-06-28 17:05:59,748 INFO Epoch 36 | Batch 650/1186 | Loss 3.15925 (NLL 4.52729 [logdet 1.69124, mahal 0.99817], MS 2.48015, L1 2.03838, Spectral 0.25780, Gradient 0.48375, Quantile 1.00927) | LR 1.00e-04
2026-06-28 17:06:21,504 INFO Epoch 36 | Batch 700/1186 | Loss 3.19200 (NLL 4.50904 [logdet 1.68807, mahal 0.98310], MS 2.51565, L1 2.01570, Spectral 0.26758, Gradient 0.49833, Quantile 0.98546) | LR 1.00e-04
2026-06-28 17:06:43,244 INFO Epoch 36 | Batch 750/1186 | Loss 3.16232 (NLL 4.46206 [logdet 1.68173, mahal 0.94245], MS 2.49301, L1 1.95687, Spectral 0.26290, Gradient 0.48771, Quantile 0.94665) | LR 1.00e-04
2026-06-28 17:07:04,970 INFO Epoch 36 | Batch 800/1186 | Loss 3.21380 (NLL 4.50607 [logdet 1.65123, mahal 1.01697], MS 2.53789, L1 2.02066, Spectral 0.27770, Gradient 0.50256, Quantile 0.99882) | LR 1.00e-04
2026-06-28 17:07:26,717 INFO Epoch 36 | Batch 850/1186 | Loss 3.15716 (NLL 4.52382 [logdet 1.64746, mahal 1.03848], MS 2.47858, L1 2.02633, Spectral 0.26593, Gradient 0.49266, Quantile 0.99887) | LR 1.00e-04
2026-06-28 17:07:48,450 INFO Epoch 36 | Batch 900/1186 | Loss 3.15280 (NLL 4.56852 [logdet 1.68266, mahal 1.04799], MS 2.46752, L1 2.05689, Spectral 0.25483, Gradient 0.48261, Quantile 1.02428) | LR 1.00e-04
2026-06-28 17:08:10,157 INFO Epoch 36 | Batch 950/1186 | Loss 3.16934 (NLL 4.51136 [logdet 1.68253, mahal 0.99095], MS 2.49264, L1 2.02146, Spectral 0.27264, Gradient 0.49824, Quantile 0.99108) | LR 1.00e-04
2026-06-28 17:08:31,890 INFO Epoch 36 | Batch 1000/1186 | Loss 3.16660 (NLL 4.51433 [logdet 1.64781, mahal 1.02863], MS 2.48945, L1 2.04486, Spectral 0.27340, Gradient 0.50283, Quantile 1.00888) | LR 1.00e-04
2026-06-28 17:08:53,621 INFO Epoch 36 | Batch 1050/1186 | Loss 3.17080 (NLL 4.52389 [logdet 1.66662, mahal 1.01939], MS 2.49222, L1 2.03786, Spectral 0.26569, Gradient 0.49990, Quantile 0.98983) | LR 1.00e-04
2026-06-28 17:09:15,335 INFO Epoch 36 | Batch 1100/1186 | Loss 3.24100 (NLL 4.54444 [logdet 1.67959, mahal 1.02697], MS 2.55934, L1 2.04184, Spectral 0.26626, Gradient 0.48917, Quantile 1.01613) | LR 1.00e-04
2026-06-28 17:09:37,080 INFO Epoch 36 | Batch 1150/1186 | Loss 3.13215 (NLL 4.51429 [logdet 1.67128, mahal 1.00513], MS 2.45501, L1 2.01342, Spectral 0.26407, Gradient 0.49140, Quantile 0.97412) | LR 1.00e-04
2026-06-28 17:10:28,714 INFO Epoch 36 | Val Loss 3.62592 (NLL 4.48358 [logdet 1.74174, mahal 0.90396], MS 2.95338, L1 1.97292, Spectral 0.26459, Gradient 0.49273, Quantile 1.01080)
2026-06-28 17:10:50,750 INFO Epoch 37 | Batch 50/1186 | Loss 3.21731 (NLL 4.57513 [logdet 1.73595, mahal 1.00130], MS 2.53104, L1 2.07935, Spectral 0.27092, Gradient 0.50319, Quantile 1.03197) | LR 1.00e-04
2026-06-28 17:11:12,489 INFO Epoch 37 | Batch 100/1186 | Loss 3.24536 (NLL 4.55261 [logdet 1.68171, mahal 1.03302], MS 2.56247, L1 2.07693, Spectral 0.26429, Gradient 0.49541, Quantile 1.02460) | LR 1.00e-04
2026-06-28 17:11:34,208 INFO Epoch 37 | Batch 150/1186 | Loss 3.25108 (NLL 4.56551 [logdet 1.73487, mahal 0.99276], MS 2.56625, L1 2.07307, Spectral 0.26097, Gradient 0.49189, Quantile 1.01594) | LR 1.00e-04
2026-06-28 17:11:55,938 INFO Epoch 37 | Batch 200/1186 | Loss 3.15793 (NLL 4.55586 [logdet 1.71542, mahal 1.00256], MS 2.47455, L1 2.06307, Spectral 0.26313, Gradient 0.49870, Quantile 0.98257) | LR 1.00e-04
2026-06-28 17:12:17,665 INFO Epoch 37 | Batch 250/1186 | Loss 3.14627 (NLL 4.50389 [logdet 1.70665, mahal 0.95936], MS 2.47069, L1 1.99634, Spectral 0.27209, Gradient 0.49872, Quantile 0.97340) | LR 1.00e-04
2026-06-28 17:12:39,396 INFO Epoch 37 | Batch 300/1186 | Loss 3.08182 (NLL 4.50235 [logdet 1.65944, mahal 1.00503], MS 2.40647, L1 1.99293, Spectral 0.26454, Gradient 0.49256, Quantile 0.96938) | LR 1.00e-04
2026-06-28 17:13:01,130 INFO Epoch 37 | Batch 350/1186 | Loss 3.15058 (NLL 4.55322 [logdet 1.66204, mahal 1.05330], MS 2.46759, L1 2.04633, Spectral 0.26438, Gradient 0.49465, Quantile 1.01630) | LR 1.00e-04
2026-06-28 17:13:22,866 INFO Epoch 37 | Batch 400/1186 | Loss 3.23368 (NLL 4.53824 [logdet 1.67093, mahal 1.02943], MS 2.55294, L1 2.05739, Spectral 0.26558, Gradient 0.50255, Quantile 0.97802) | LR 1.00e-04
2026-06-28 17:13:44,595 INFO Epoch 37 | Batch 450/1186 | Loss 3.14477 (NLL 4.49536 [logdet 1.70078, mahal 0.95671], MS 2.47046, L1 2.01783, Spectral 0.26906, Gradient 0.49295, Quantile 0.97893) | LR 1.00e-04
2026-06-28 17:14:06,333 INFO Epoch 37 | Batch 500/1186 | Loss 3.20557 (NLL 4.51374 [logdet 1.66620, mahal 1.00967], MS 2.52851, L1 2.02381, Spectral 0.27102, Gradient 0.49602, Quantile 1.01452) | LR 1.00e-04
2026-06-28 17:14:28,057 INFO Epoch 37 | Batch 550/1186 | Loss 3.15989 (NLL 4.47026 [logdet 1.66021, mahal 0.97218], MS 2.48935, L1 1.96213, Spectral 0.27142, Gradient 0.48813, Quantile 0.94495) | LR 1.00e-04
2026-06-28 17:14:49,787 INFO Epoch 37 | Batch 600/1186 | Loss 3.32233 (NLL 4.60325 [logdet 1.66097, mahal 1.10440], MS 2.63184, L1 2.08667, Spectral 0.26566, Gradient 0.49322, Quantile 1.02897) | LR 5.00e-05
2026-06-28 17:15:11,515 INFO Epoch 37 | Batch 650/1186 | Loss 3.13320 (NLL 4.51784 [logdet 1.67454, mahal 1.00542], MS 2.45553, L1 2.02718, Spectral 0.26471, Gradient 0.49151, Quantile 1.01731) | LR 5.00e-05
2026-06-28 17:15:33,248 INFO Epoch 37 | Batch 700/1186 | Loss 3.17178 (NLL 4.51824 [logdet 1.67779, mahal 1.00258], MS 2.49404, L1 2.03886, Spectral 0.26505, Gradient 0.50020, Quantile 0.94914) | LR 5.00e-05
2026-06-28 17:15:54,963 INFO Epoch 37 | Batch 750/1186 | Loss 3.16701 (NLL 4.53911 [logdet 1.69887, mahal 1.00236], MS 2.48614, L1 2.05182, Spectral 0.26927, Gradient 0.50191, Quantile 1.02299) | LR 5.00e-05
2026-06-28 17:16:16,686 INFO Epoch 37 | Batch 800/1186 | Loss 3.18534 (NLL 4.54147 [logdet 1.67787, mahal 1.02572], MS 2.50412, L1 2.06335, Spectral 0.26605, Gradient 0.50074, Quantile 1.03301) | LR 5.00e-05
2026-06-28 17:16:38,404 INFO Epoch 37 | Batch 850/1186 | Loss 3.05800 (NLL 4.51121 [logdet 1.67170, mahal 1.00163], MS 2.38132, L1 1.99036, Spectral 0.26050, Gradient 0.48389, Quantile 0.96529) | LR 5.00e-05
2026-06-28 17:17:00,143 INFO Epoch 37 | Batch 900/1186 | Loss 3.18781 (NLL 4.49737 [logdet 1.66566, mahal 0.99383], MS 2.51321, L1 1.99435, Spectral 0.27208, Gradient 0.49413, Quantile 0.99495) | LR 5.00e-05
2026-06-28 17:17:21,861 INFO Epoch 37 | Batch 950/1186 | Loss 3.22288 (NLL 4.52761 [logdet 1.65265, mahal 1.03708], MS 2.54373, L1 2.02937, Spectral 0.27387, Gradient 0.49857, Quantile 0.97065) | LR 5.00e-05
2026-06-28 17:17:43,594 INFO Epoch 37 | Batch 1000/1186 | Loss 3.06565 (NLL 4.47923 [logdet 1.66897, mahal 0.97239], MS 2.39376, L1 2.00602, Spectral 0.26954, Gradient 0.48803, Quantile 0.99480) | LR 5.00e-05
2026-06-28 17:18:05,315 INFO Epoch 37 | Batch 1050/1186 | Loss 3.08763 (NLL 4.50830 [logdet 1.64946, mahal 1.02096], MS 2.41138, L1 2.00984, Spectral 0.26267, Gradient 0.48769, Quantile 1.00735) | LR 5.00e-05
2026-06-28 17:18:27,053 INFO Epoch 37 | Batch 1100/1186 | Loss 3.16008 (NLL 4.47996 [logdet 1.68645, mahal 0.95564], MS 2.48809, L1 1.96801, Spectral 0.26963, Gradient 0.49165, Quantile 0.99547) | LR 5.00e-05
2026-06-28 17:18:48,794 INFO Epoch 37 | Batch 1150/1186 | Loss 3.22652 (NLL 4.51010 [logdet 1.67380, mahal 0.99842], MS 2.55000, L1 2.05673, Spectral 0.27267, Gradient 0.50376, Quantile 1.03958) | LR 5.00e-05
2026-06-28 17:19:40,030 INFO Epoch 37 | Val Loss 3.61300 (NLL 4.45113 [logdet 1.66808, mahal 0.94518], MS 2.94533, L1 1.94962, Spectral 0.26460, Gradient 0.49297, Quantile 1.03020)
2026-06-28 17:20:02,180 INFO Epoch 38 | Batch 50/1186 | Loss 3.18412 (NLL 4.51687 [logdet 1.67753, mahal 1.00146], MS 2.50659, L1 2.04189, Spectral 0.26328, Gradient 0.49288, Quantile 1.01202) | LR 5.00e-05
2026-06-28 17:20:23,917 INFO Epoch 38 | Batch 100/1186 | Loss 3.35244 (NLL 4.61758 [logdet 1.69359, mahal 1.08612], MS 2.65980, L1 2.10666, Spectral 0.27475, Gradient 0.50624, Quantile 1.05906) | LR 5.00e-05
2026-06-28 17:20:45,672 INFO Epoch 38 | Batch 150/1186 | Loss 3.22921 (NLL 4.53505 [logdet 1.65931, mahal 1.03786], MS 2.54895, L1 2.01999, Spectral 0.26727, Gradient 0.49582, Quantile 1.01203) | LR 5.00e-05
2026-06-28 17:21:07,403 INFO Epoch 38 | Batch 200/1186 | Loss 3.22737 (NLL 4.52477 [logdet 1.68241, mahal 1.00449], MS 2.54865, L1 2.03972, Spectral 0.27814, Gradient 0.50388, Quantile 1.03570) | LR 5.00e-05
2026-06-28 17:21:29,133 INFO Epoch 38 | Batch 250/1186 | Loss 3.23445 (NLL 4.55730 [logdet 1.68761, mahal 1.03181], MS 2.55085, L1 2.05858, Spectral 0.27027, Gradient 0.49269, Quantile 1.05060) | LR 5.00e-05
2026-06-28 17:21:50,876 INFO Epoch 38 | Batch 300/1186 | Loss 3.12544 (NLL 4.48211 [logdet 1.68862, mahal 0.95561], MS 2.45313, L1 2.00565, Spectral 0.27189, Gradient 0.49231, Quantile 0.97803) | LR 5.00e-05
2026-06-28 17:22:12,602 INFO Epoch 38 | Batch 350/1186 | Loss 3.16378 (NLL 4.54464 [logdet 1.68413, mahal 1.02263], MS 2.48208, L1 2.04001, Spectral 0.26250, Gradient 0.49562, Quantile 1.02869) | LR 5.00e-05
2026-06-28 17:22:34,347 INFO Epoch 38 | Batch 400/1186 | Loss 3.21883 (NLL 4.53422 [logdet 1.65802, mahal 1.03832], MS 2.53870, L1 2.03660, Spectral 0.27049, Gradient 0.49742, Quantile 0.99215) | LR 5.00e-05
2026-06-28 17:22:56,077 INFO Epoch 38 | Batch 450/1186 | Loss 3.18108 (NLL 4.48797 [logdet 1.68399, mahal 0.96611], MS 2.50789, L1 2.01881, Spectral 0.26776, Gradient 0.49566, Quantile 1.01945) | LR 5.00e-05
2026-06-28 17:23:17,798 INFO Epoch 38 | Batch 500/1186 | Loss 3.15947 (NLL 4.48984 [logdet 1.64435, mahal 1.00761], MS 2.48599, L1 1.99590, Spectral 0.26120, Gradient 0.48222, Quantile 0.97165) | LR 5.00e-05
2026-06-28 17:23:39,525 INFO Epoch 38 | Batch 550/1186 | Loss 3.10860 (NLL 4.52091 [logdet 1.65333, mahal 1.02971], MS 2.43047, L1 2.02612, Spectral 0.26803, Gradient 0.49409, Quantile 1.00050) | LR 5.00e-05
2026-06-28 17:24:01,264 INFO Epoch 38 | Batch 600/1186 | Loss 3.16715 (NLL 4.52688 [logdet 1.67473, mahal 1.01427], MS 2.48812, L1 2.03264, Spectral 0.26442, Gradient 0.49117, Quantile 1.01746) | LR 5.00e-05
2026-06-28 17:24:22,993 INFO Epoch 38 | Batch 650/1186 | Loss 3.17779 (NLL 4.55358 [logdet 1.68803, mahal 1.02767], MS 2.49476, L1 2.08017, Spectral 0.26711, Gradient 0.50256, Quantile 0.97993) | LR 5.00e-05
2026-06-28 17:24:44,739 INFO Epoch 38 | Batch 700/1186 | Loss 3.10223 (NLL 4.48864 [logdet 1.67463, mahal 0.97613], MS 2.42893, L1 2.00909, Spectral 0.25736, Gradient 0.48452, Quantile 0.94207) | LR 5.00e-05
2026-06-28 17:25:06,468 INFO Epoch 38 | Batch 750/1186 | Loss 3.16940 (NLL 4.52135 [logdet 1.67557, mahal 1.00790], MS 2.49120, L1 2.03247, Spectral 0.26217, Gradient 0.48757, Quantile 0.96391) | LR 5.00e-05
2026-06-28 17:25:28,196 INFO Epoch 38 | Batch 800/1186 | Loss 3.14535 (NLL 4.49480 [logdet 1.64698, mahal 1.00995], MS 2.47113, L1 1.99751, Spectral 0.26736, Gradient 0.49730, Quantile 0.98081) | LR 5.00e-05
2026-06-28 17:25:49,925 INFO Epoch 38 | Batch 850/1186 | Loss 3.14320 (NLL 4.45510 [logdet 1.65194, mahal 0.96528], MS 2.47493, L1 1.96993, Spectral 0.26459, Gradient 0.49129, Quantile 0.97158) | LR 5.00e-05
2026-06-28 17:26:11,654 INFO Epoch 38 | Batch 900/1186 | Loss 3.11376 (NLL 4.51362 [logdet 1.65814, mahal 1.01760], MS 2.43671, L1 2.02511, Spectral 0.26179, Gradient 0.48960, Quantile 0.96495) | LR 5.00e-05
2026-06-28 17:26:33,388 INFO Epoch 38 | Batch 950/1186 | Loss 3.06561 (NLL 4.46473 [logdet 1.63155, mahal 0.99531], MS 2.39590, L1 1.98528, Spectral 0.26120, Gradient 0.48681, Quantile 0.96915) | LR 5.00e-05
2026-06-28 17:26:55,122 INFO Epoch 38 | Batch 1000/1186 | Loss 3.19480 (NLL 4.52196 [logdet 1.65579, mahal 1.02830], MS 2.51651, L1 2.04021, Spectral 0.26522, Gradient 0.50249, Quantile 1.01449) | LR 5.00e-05
2026-06-28 17:27:16,840 INFO Epoch 38 | Batch 1050/1186 | Loss 3.24210 (NLL 4.56620 [logdet 1.68984, mahal 1.03849], MS 2.55717, L1 2.08348, Spectral 0.27679, Gradient 0.50961, Quantile 1.04506) | LR 5.00e-05
2026-06-28 17:27:38,566 INFO Epoch 38 | Batch 1100/1186 | Loss 3.13386 (NLL 4.47479 [logdet 1.67613, mahal 0.96077], MS 2.46264, L1 1.97922, Spectral 0.26655, Gradient 0.48901, Quantile 0.98631) | LR 5.00e-05
2026-06-28 17:28:00,280 INFO Epoch 38 | Batch 1150/1186 | Loss 3.12938 (NLL 4.45912 [logdet 1.65794, mahal 0.96331], MS 2.46051, L1 1.98754, Spectral 0.27083, Gradient 0.49812, Quantile 1.02042) | LR 5.00e-05
2026-06-28 17:28:51,488 INFO Epoch 38 | Val Loss 3.62097 (NLL 4.45676 [logdet 1.67997, mahal 0.93890], MS 2.95246, L1 1.95309, Spectral 0.26473, Gradient 0.49062, Quantile 1.03632)
2026-06-28 17:29:13,527 INFO Epoch 39 | Batch 50/1186 | Loss 3.05729 (NLL 4.46405 [logdet 1.66363, mahal 0.96254], MS 2.38768, L1 1.96777, Spectral 0.26097, Gradient 0.48376, Quantile 0.98973) | LR 5.00e-05
2026-06-28 17:29:35,255 INFO Epoch 39 | Batch 100/1186 | Loss 3.20504 (NLL 4.53772 [logdet 1.67506, mahal 1.02478], MS 2.52438, L1 2.06438, Spectral 0.27188, Gradient 0.49362, Quantile 1.00786) | LR 5.00e-05
2026-06-28 17:29:56,981 INFO Epoch 39 | Batch 150/1186 | Loss 3.13938 (NLL 4.51600 [logdet 1.69373, mahal 0.98439], MS 2.46198, L1 2.01848, Spectral 0.26133, Gradient 0.48255, Quantile 0.98319) | LR 5.00e-05
2026-06-28 17:30:18,724 INFO Epoch 39 | Batch 200/1186 | Loss 3.18116 (NLL 4.47227 [logdet 1.71778, mahal 0.91662], MS 2.51032, L1 1.98495, Spectral 0.26469, Gradient 0.49842, Quantile 0.98204) | LR 5.00e-05
2026-06-28 17:30:40,445 INFO Epoch 39 | Batch 250/1186 | Loss 3.10726 (NLL 4.50449 [logdet 1.67538, mahal 0.99123], MS 2.43158, L1 1.97607, Spectral 0.26012, Gradient 0.48569, Quantile 0.97128) | LR 5.00e-05
2026-06-28 17:31:02,173 INFO Epoch 39 | Batch 300/1186 | Loss 3.19800 (NLL 4.50952 [logdet 1.68495, mahal 0.98669], MS 2.52157, L1 2.02897, Spectral 0.26549, Gradient 0.48787, Quantile 1.02738) | LR 5.00e-05
2026-06-28 17:31:23,917 INFO Epoch 39 | Batch 350/1186 | Loss 3.06406 (NLL 4.47069 [logdet 1.62017, mahal 1.01264], MS 2.39346, L1 1.98389, Spectral 0.26176, Gradient 0.48814, Quantile 0.96650) | LR 5.00e-05
2026-06-28 17:31:45,659 INFO Epoch 39 | Batch 400/1186 | Loss 3.19859 (NLL 4.55104 [logdet 1.66504, mahal 1.04812], MS 2.51593, L1 2.04424, Spectral 0.26987, Gradient 0.49631, Quantile 1.01471) | LR 5.00e-05
2026-06-28 17:32:07,378 INFO Epoch 39 | Batch 450/1186 | Loss 3.10595 (NLL 4.48395 [logdet 1.66133, mahal 0.98474], MS 2.43335, L1 2.00469, Spectral 0.26784, Gradient 0.48835, Quantile 0.98752) | LR 5.00e-05
2026-06-28 17:32:29,120 INFO Epoch 39 | Batch 500/1186 | Loss 3.10819 (NLL 4.46386 [logdet 1.64428, mahal 0.98171], MS 2.43861, L1 2.01005, Spectral 0.26981, Gradient 0.48918, Quantile 0.96875) | LR 5.00e-05
2026-06-28 17:32:50,858 INFO Epoch 39 | Batch 550/1186 | Loss 3.26759 (NLL 4.55585 [logdet 1.68536, mahal 1.03262], MS 2.58421, L1 2.04579, Spectral 0.27542, Gradient 0.50530, Quantile 1.00802) | LR 5.00e-05
2026-06-28 17:33:12,584 INFO Epoch 39 | Batch 600/1186 | Loss 3.10089 (NLL 4.46351 [logdet 1.66526, mahal 0.96037], MS 2.43137, L1 1.99212, Spectral 0.26648, Gradient 0.49460, Quantile 1.00559) | LR 5.00e-05
2026-06-28 17:33:34,313 INFO Epoch 39 | Batch 650/1186 | Loss 3.15150 (NLL 4.53499 [logdet 1.61867, mahal 1.07844], MS 2.47125, L1 2.06958, Spectral 0.26461, Gradient 0.49241, Quantile 1.03602) | LR 5.00e-05
2026-06-28 17:33:56,016 INFO Epoch 39 | Batch 700/1186 | Loss 3.06233 (NLL 4.50617 [logdet 1.65801, mahal 1.01029], MS 2.38640, L1 1.99051, Spectral 0.26085, Gradient 0.48630, Quantile 1.00008) | LR 5.00e-05
2026-06-28 17:34:17,742 INFO Epoch 39 | Batch 750/1186 | Loss 3.20724 (NLL 4.54084 [logdet 1.65451, mahal 1.04845], MS 2.52612, L1 2.04362, Spectral 0.26197, Gradient 0.49128, Quantile 1.01557) | LR 5.00e-05
2026-06-28 17:34:39,470 INFO Epoch 39 | Batch 800/1186 | Loss 3.05441 (NLL 4.46715 [logdet 1.65906, mahal 0.97022], MS 2.38434, L1 1.96075, Spectral 0.26905, Gradient 0.49409, Quantile 0.96029) | LR 5.00e-05
2026-06-28 17:35:01,196 INFO Epoch 39 | Batch 850/1186 | Loss 3.19535 (NLL 4.54139 [logdet 1.69794, mahal 1.00557], MS 2.51415, L1 2.03622, Spectral 0.27325, Gradient 0.50199, Quantile 1.00011) | LR 5.00e-05
2026-06-28 17:35:22,928 INFO Epoch 39 | Batch 900/1186 | Loss 3.20225 (NLL 4.57765 [logdet 1.69585, mahal 1.04392], MS 2.51560, L1 2.08860, Spectral 0.27220, Gradient 0.50364, Quantile 1.03277) | LR 5.00e-05
2026-06-28 17:35:44,662 INFO Epoch 39 | Batch 950/1186 | Loss 3.17371 (NLL 4.53607 [logdet 1.73124, mahal 0.96695], MS 2.49329, L1 2.04003, Spectral 0.27776, Gradient 0.50170, Quantile 0.99926) | LR 5.00e-05
2026-06-28 17:36:06,395 INFO Epoch 39 | Batch 1000/1186 | Loss 3.26001 (NLL 4.52949 [logdet 1.68262, mahal 1.00899], MS 2.58059, L1 2.07346, Spectral 0.26903, Gradient 0.49983, Quantile 1.01094) | LR 5.00e-05
2026-06-28 17:36:28,113 INFO Epoch 39 | Batch 1050/1186 | Loss 3.20992 (NLL 4.53347 [logdet 1.68722, mahal 1.00838], MS 2.52990, L1 2.03563, Spectral 0.26759, Gradient 0.49279, Quantile 1.01265) | LR 5.00e-05
2026-06-28 17:36:49,863 INFO Epoch 39 | Batch 1100/1186 | Loss 3.21431 (NLL 4.55425 [logdet 1.70710, mahal 1.00927], MS 2.53117, L1 2.07377, Spectral 0.26759, Gradient 0.49910, Quantile 1.03867) | LR 5.00e-05
2026-06-28 17:37:11,574 INFO Epoch 39 | Batch 1150/1186 | Loss 3.13141 (NLL 4.53785 [logdet 1.72507, mahal 0.97491], MS 2.45074, L1 2.05187, Spectral 0.26265, Gradient 0.49368, Quantile 1.01250) | LR 5.00e-05
2026-06-28 17:38:02,768 INFO Epoch 39 | Val Loss 3.59235 (NLL 4.45987 [logdet 1.70507, mahal 0.91693], MS 2.92337, L1 1.95591, Spectral 0.26452, Gradient 0.49159, Quantile 1.02959)
2026-06-28 17:38:03,237 INFO New best val loss: 3.59235 (saved checkpoints/best.pth)
2026-06-28 17:38:25,029 INFO Epoch 40 | Batch 50/1186 | Loss 3.26816 (NLL 4.57829 [logdet 1.69381, mahal 1.04660], MS 2.58141, L1 2.09716, Spectral 0.26764, Gradient 0.49721, Quantile 1.02690) | LR 5.00e-05
2026-06-28 17:38:46,751 INFO Epoch 40 | Batch 100/1186 | Loss 3.13411 (NLL 4.51799 [logdet 1.67465, mahal 1.00546], MS 2.45641, L1 2.03563, Spectral 0.26599, Gradient 0.48501, Quantile 1.01590) | LR 5.00e-05
2026-06-28 17:39:08,478 INFO Epoch 40 | Batch 150/1186 | Loss 3.18433 (NLL 4.55381 [logdet 1.66657, mahal 1.04936], MS 2.50126, L1 2.04274, Spectral 0.25844, Gradient 0.48801, Quantile 1.00151) | LR 5.00e-05
2026-06-28 17:39:30,205 INFO Epoch 40 | Batch 200/1186 | Loss 3.16894 (NLL 4.52908 [logdet 1.72764, mahal 0.96356], MS 2.48958, L1 2.04157, Spectral 0.27135, Gradient 0.49991, Quantile 1.00136) | LR 5.00e-05
2026-06-28 17:39:51,927 INFO Epoch 40 | Batch 250/1186 | Loss 3.12442 (NLL 4.51691 [logdet 1.66351, mahal 1.01552], MS 2.44688, L1 2.03716, Spectral 0.27177, Gradient 0.50118, Quantile 0.99869) | LR 5.00e-05
2026-06-28 17:40:13,652 INFO Epoch 40 | Batch 300/1186 | Loss 3.15394 (NLL 4.53636 [logdet 1.71208, mahal 0.98641], MS 2.47349, L1 2.01896, Spectral 0.26652, Gradient 0.49848, Quantile 1.00782) | LR 5.00e-05
2026-06-28 17:40:35,376 INFO Epoch 40 | Batch 350/1186 | Loss 3.27420 (NLL 4.51760 [logdet 1.71718, mahal 0.96255], MS 2.59656, L1 2.05510, Spectral 0.26954, Gradient 0.49704, Quantile 1.02172) | LR 5.00e-05
2026-06-28 17:40:57,107 INFO Epoch 40 | Batch 400/1186 | Loss 3.19886 (NLL 4.50590 [logdet 1.67354, mahal 0.99448], MS 2.52297, L1 2.00474, Spectral 0.26820, Gradient 0.49356, Quantile 1.01512) | LR 5.00e-05
2026-06-28 17:41:18,835 INFO Epoch 40 | Batch 450/1186 | Loss 3.16234 (NLL 4.48038 [logdet 1.64368, mahal 0.99883], MS 2.49028, L1 2.00806, Spectral 0.26665, Gradient 0.49119, Quantile 0.99453) | LR 5.00e-05
2026-06-28 17:41:40,584 INFO Epoch 40 | Batch 500/1186 | Loss 3.21999 (NLL 4.51186 [logdet 1.67956, mahal 0.99443], MS 2.54321, L1 2.03893, Spectral 0.27442, Gradient 0.50242, Quantile 1.02230) | LR 5.00e-05
2026-06-28 17:42:02,307 INFO Epoch 40 | Batch 550/1186 | Loss 3.17149 (NLL 4.51362 [logdet 1.66297, mahal 1.01278], MS 2.49445, L1 2.04617, Spectral 0.27650, Gradient 0.50419, Quantile 1.00887) | LR 5.00e-05
2026-06-28 17:42:24,042 INFO Epoch 40 | Batch 600/1186 | Loss 3.10155 (NLL 4.49703 [logdet 1.63308, mahal 1.02608], MS 2.42700, L1 2.00879, Spectral 0.26847, Gradient 0.49168, Quantile 1.00003) | LR 5.00e-05
2026-06-28 17:42:45,766 INFO Epoch 40 | Batch 650/1186 | Loss 3.08491 (NLL 4.53612 [logdet 1.69616, mahal 1.00209], MS 2.40449, L1 2.00909, Spectral 0.26852, Gradient 0.48668, Quantile 1.00056) | LR 5.00e-05
2026-06-28 17:43:07,510 INFO Epoch 40 | Batch 700/1186 | Loss 3.12779 (NLL 4.49117 [logdet 1.67554, mahal 0.97775], MS 2.45412, L1 2.00083, Spectral 0.26066, Gradient 0.48902, Quantile 1.01535) | LR 5.00e-05
2026-06-28 17:43:29,241 INFO Epoch 40 | Batch 750/1186 | Loss 3.20563 (NLL 4.55220 [logdet 1.68503, mahal 1.02929], MS 2.52280, L1 2.04857, Spectral 0.27028, Gradient 0.49289, Quantile 0.99294) | LR 5.00e-05
2026-06-28 17:43:50,967 INFO Epoch 40 | Batch 800/1186 | Loss 3.20263 (NLL 4.57854 [logdet 1.68644, mahal 1.05422], MS 2.51585, L1 2.10052, Spectral 0.26171, Gradient 0.49545, Quantile 1.05228) | LR 5.00e-05
2026-06-28 17:44:12,690 INFO Epoch 40 | Batch 850/1186 | Loss 3.11799 (NLL 4.48895 [logdet 1.66190, mahal 0.98917], MS 2.44465, L1 1.99158, Spectral 0.26515, Gradient 0.49457, Quantile 0.99089) | LR 5.00e-05
2026-06-28 17:44:34,419 INFO Epoch 40 | Batch 900/1186 | Loss 3.16293 (NLL 4.49097 [logdet 1.63554, mahal 1.01756], MS 2.48928, L1 2.00858, Spectral 0.27450, Gradient 0.49428, Quantile 1.00214) | LR 5.00e-05
2026-06-28 17:44:56,145 INFO Epoch 40 | Batch 950/1186 | Loss 3.23633 (NLL 4.53819 [logdet 1.66202, mahal 1.03829], MS 2.55560, L1 2.07126, Spectral 0.26351, Gradient 0.50093, Quantile 1.01943) | LR 5.00e-05
2026-06-28 17:45:17,877 INFO Epoch 40 | Batch 1000/1186 | Loss 3.17193 (NLL 4.52451 [logdet 1.67551, mahal 1.01113], MS 2.49325, L1 2.03706, Spectral 0.26637, Gradient 0.49180, Quantile 1.01876) | LR 5.00e-05
2026-06-28 17:45:39,615 INFO Epoch 40 | Batch 1050/1186 | Loss 3.06697 (NLL 4.51734 [logdet 1.68760, mahal 0.99186], MS 2.38937, L1 2.02712, Spectral 0.26204, Gradient 0.48176, Quantile 1.00893) | LR 5.00e-05
2026-06-28 17:46:01,346 INFO Epoch 40 | Batch 1100/1186 | Loss 3.15203 (NLL 4.50609 [logdet 1.66574, mahal 1.00248], MS 2.47612, L1 2.02361, Spectral 0.26514, Gradient 0.48870, Quantile 0.99472) | LR 5.00e-05
2026-06-28 17:46:23,077 INFO Epoch 40 | Batch 1150/1186 | Loss 3.01419 (NLL 4.47015 [logdet 1.65356, mahal 0.97871], MS 2.34367, L1 1.92646, Spectral 0.26068, Gradient 0.47763, Quantile 0.96335) | LR 5.00e-05
2026-06-28 17:47:14,290 INFO Epoch 40 | Val Loss 3.57383 (NLL 4.45546 [logdet 1.67405, mahal 0.94354], MS 2.90551, L1 1.94247, Spectral 0.26469, Gradient 0.48968, Quantile 1.00790)
2026-06-28 17:47:14,760 INFO New best val loss: 3.57383 (saved checkpoints/best.pth)
2026-06-28 17:47:36,536 INFO Epoch 41 | Batch 50/1186 | Loss 3.18930 (NLL 4.57826 [logdet 1.65510, mahal 1.08528], MS 2.50256, L1 2.06683, Spectral 0.26737, Gradient 0.49586, Quantile 1.01355) | LR 5.00e-05
2026-06-28 17:47:58,263 INFO Epoch 41 | Batch 100/1186 | Loss 3.25805 (NLL 4.54793 [logdet 1.68694, mahal 1.02311], MS 2.57586, L1 2.08077, Spectral 0.26951, Gradient 0.49815, Quantile 0.99114) | LR 5.00e-05
2026-06-28 17:48:19,987 INFO Epoch 41 | Batch 150/1186 | Loss 3.17200 (NLL 4.51880 [logdet 1.70747, mahal 0.97344], MS 2.49418, L1 2.01708, Spectral 0.26500, Gradient 0.50074, Quantile 0.99146) | LR 5.00e-05
2026-06-28 17:48:41,718 INFO Epoch 41 | Batch 200/1186 | Loss 3.19184 (NLL 4.50863 [logdet 1.65308, mahal 1.01767], MS 2.51554, L1 2.00300, Spectral 0.26986, Gradient 0.49423, Quantile 0.98492) | LR 5.00e-05
2026-06-28 17:49:03,456 INFO Epoch 41 | Batch 250/1186 | Loss 3.11562 (NLL 4.52893 [logdet 1.68044, mahal 1.01061], MS 2.43629, L1 2.03725, Spectral 0.26769, Gradient 0.48863, Quantile 1.05311) | LR 5.00e-05
2026-06-28 17:49:25,183 INFO Epoch 41 | Batch 300/1186 | Loss 3.11622 (NLL 4.49641 [logdet 1.65493, mahal 1.00360], MS 2.44176, L1 2.00313, Spectral 0.26610, Gradient 0.48959, Quantile 1.00420) | LR 5.00e-05
2026-06-28 17:49:46,904 INFO Epoch 41 | Batch 350/1186 | Loss 3.15745 (NLL 4.52629 [logdet 1.68537, mahal 1.00304], MS 2.47850, L1 2.02855, Spectral 0.26134, Gradient 0.48627, Quantile 0.99310) | LR 5.00e-05
2026-06-28 17:50:08,644 INFO Epoch 41 | Batch 400/1186 | Loss 3.04435 (NLL 4.48330 [logdet 1.68212, mahal 0.96330], MS 2.37186, L1 1.99479, Spectral 0.26533, Gradient 0.48887, Quantile 0.98645) | LR 5.00e-05
2026-06-28 17:50:30,353 INFO Epoch 41 | Batch 450/1186 | Loss 3.18198 (NLL 4.47537 [logdet 1.63230, mahal 1.00520], MS 2.51067, L1 2.03501, Spectral 0.26950, Gradient 0.49521, Quantile 0.99066) | LR 5.00e-05
2026-06-28 17:50:52,085 INFO Epoch 41 | Batch 500/1186 | Loss 3.08052 (NLL 4.49123 [logdet 1.67573, mahal 0.97762], MS 2.40684, L1 2.01286, Spectral 0.26652, Gradient 0.49332, Quantile 1.02172) | LR 5.00e-05
2026-06-28 17:51:13,820 INFO Epoch 41 | Batch 550/1186 | Loss 3.25316 (NLL 4.54570 [logdet 1.66216, mahal 1.04566], MS 2.57130, L1 2.05772, Spectral 0.27600, Gradient 0.51027, Quantile 1.00770) | LR 5.00e-05
2026-06-28 17:51:35,536 INFO Epoch 41 | Batch 600/1186 | Loss 3.24512 (NLL 4.54716 [logdet 1.68025, mahal 1.02903], MS 2.56304, L1 2.06216, Spectral 0.26254, Gradient 0.49629, Quantile 0.98563) | LR 5.00e-05
2026-06-28 17:51:57,274 INFO Epoch 41 | Batch 650/1186 | Loss 3.18967 (NLL 4.56045 [logdet 1.69915, mahal 1.02342], MS 2.50560, L1 2.05614, Spectral 0.26446, Gradient 0.50038, Quantile 1.01402) | LR 5.00e-05
2026-06-28 17:52:19,000 INFO Epoch 41 | Batch 700/1186 | Loss 3.10615 (NLL 4.52524 [logdet 1.67553, mahal 1.01183], MS 2.42736, L1 2.03493, Spectral 0.25924, Gradient 0.48492, Quantile 1.00359) | LR 5.00e-05
2026-06-28 17:52:40,735 INFO Epoch 41 | Batch 750/1186 | Loss 3.12063 (NLL 4.49140 [logdet 1.72155, mahal 0.93197], MS 2.44692, L1 2.00535, Spectral 0.26966, Gradient 0.49332, Quantile 0.98074) | LR 5.00e-05
2026-06-28 17:53:02,466 INFO Epoch 41 | Batch 800/1186 | Loss 3.26752 (NLL 4.55055 [logdet 1.69430, mahal 1.01837], MS 2.58494, L1 2.09730, Spectral 0.27156, Gradient 0.50594, Quantile 1.04713) | LR 5.00e-05
2026-06-28 17:53:24,196 INFO Epoch 41 | Batch 850/1186 | Loss 3.26520 (NLL 4.54449 [logdet 1.65899, mahal 1.04763], MS 2.58352, L1 2.03994, Spectral 0.26846, Gradient 0.48996, Quantile 0.99810) | LR 5.00e-05
2026-06-28 17:53:45,925 INFO Epoch 41 | Batch 900/1186 | Loss 3.12201 (NLL 4.51668 [logdet 1.73388, mahal 0.94493], MS 2.44450, L1 2.02462, Spectral 0.26715, Gradient 0.49056, Quantile 0.96211) | LR 5.00e-05
2026-06-28 17:54:07,664 INFO Epoch 41 | Batch 950/1186 | Loss 3.16251 (NLL 4.54708 [logdet 1.68531, mahal 1.02390], MS 2.48044, L1 2.04271, Spectral 0.26928, Gradient 0.49923, Quantile 0.97619) | LR 5.00e-05
2026-06-28 17:54:29,390 INFO Epoch 41 | Batch 1000/1186 | Loss 3.02313 (NLL 4.46292 [logdet 1.67193, mahal 0.95311], MS 2.35369, L1 1.98371, Spectral 0.25685, Gradient 0.47538, Quantile 0.98941) | LR 5.00e-05
2026-06-28 17:54:51,106 INFO Epoch 41 | Batch 1050/1186 | Loss 3.07314 (NLL 4.53626 [logdet 1.69140, mahal 1.00698], MS 2.39271, L1 2.03885, Spectral 0.27589, Gradient 0.50427, Quantile 1.01353) | LR 5.00e-05
2026-06-28 17:55:12,817 INFO Epoch 41 | Batch 1100/1186 | Loss 3.08429 (NLL 4.44577 [logdet 1.67546, mahal 0.93244], MS 2.41742, L1 1.94453, Spectral 0.26771, Gradient 0.48612, Quantile 0.97609) | LR 5.00e-05
2026-06-28 17:55:34,528 INFO Epoch 41 | Batch 1150/1186 | Loss 3.10724 (NLL 4.49585 [logdet 1.61889, mahal 1.03908], MS 2.43287, L1 1.98961, Spectral 0.26207, Gradient 0.48755, Quantile 0.99307) | LR 5.00e-05
2026-06-28 17:56:26,147 INFO Epoch 41 | Val Loss 3.60189 (NLL 4.48159 [logdet 1.65774, mahal 0.98598], MS 2.92965, L1 1.98002, Spectral 0.26489, Gradient 0.49683, Quantile 1.04181)
2026-06-28 17:56:48,164 INFO Epoch 42 | Batch 50/1186 | Loss 3.06316 (NLL 4.45409 [logdet 1.64810, mahal 0.96811], MS 2.39504, L1 1.96059, Spectral 0.25942, Gradient 0.48723, Quantile 0.96779) | LR 5.00e-05
2026-06-28 17:57:09,861 INFO Epoch 42 | Batch 100/1186 | Loss 3.03742 (NLL 4.48171 [logdet 1.63610, mahal 1.00773], MS 2.36516, L1 1.97331, Spectral 0.26379, Gradient 0.49008, Quantile 0.98613) | LR 5.00e-05
2026-06-28 17:57:31,548 INFO Epoch 42 | Batch 150/1186 | Loss 3.22468 (NLL 4.53527 [logdet 1.63512, mahal 1.06227], MS 2.54439, L1 2.06392, Spectral 0.27291, Gradient 0.50203, Quantile 1.01506) | LR 5.00e-05
2026-06-28 17:57:53,241 INFO Epoch 42 | Batch 200/1186 | Loss 3.20693 (NLL 4.52263 [logdet 1.66650, mahal 1.01825], MS 2.52854, L1 2.03063, Spectral 0.26771, Gradient 0.49633, Quantile 0.99755) | LR 5.00e-05
2026-06-28 17:58:14,924 INFO Epoch 42 | Batch 250/1186 | Loss 3.16287 (NLL 4.53843 [logdet 1.65247, mahal 1.04809], MS 2.48211, L1 2.05327, Spectral 0.26458, Gradient 0.49683, Quantile 1.02485) | LR 5.00e-05
2026-06-28 17:58:36,612 INFO Epoch 42 | Batch 300/1186 | Loss 3.13801 (NLL 4.49431 [logdet 1.62110, mahal 1.03533], MS 2.46386, L1 2.01332, Spectral 0.25914, Gradient 0.48228, Quantile 0.99082) | LR 5.00e-05
2026-06-28 17:58:58,291 INFO Epoch 42 | Batch 350/1186 | Loss 3.18205 (NLL 4.55270 [logdet 1.67960, mahal 1.03522], MS 2.49914, L1 2.07201, Spectral 0.27344, Gradient 0.50701, Quantile 1.04090) | LR 5.00e-05
2026-06-28 17:59:19,988 INFO Epoch 42 | Batch 400/1186 | Loss 3.14067 (NLL 4.52061 [logdet 1.67098, mahal 1.01176], MS 2.46258, L1 2.03313, Spectral 0.26446, Gradient 0.48157, Quantile 1.03410) | LR 5.00e-05
2026-06-28 17:59:41,678 INFO Epoch 42 | Batch 450/1186 | Loss 3.18339 (NLL 4.51935 [logdet 1.69524, mahal 0.98623], MS 2.50549, L1 2.01718, Spectral 0.26779, Gradient 0.49632, Quantile 0.97965) | LR 5.00e-05
2026-06-28 18:00:03,369 INFO Epoch 42 | Batch 500/1186 | Loss 3.13412 (NLL 4.49980 [logdet 1.68167, mahal 0.98025], MS 2.45915, L1 2.01694, Spectral 0.26724, Gradient 0.49772, Quantile 0.99245) | LR 5.00e-05
2026-06-28 18:00:25,067 INFO Epoch 42 | Batch 550/1186 | Loss 3.13332 (NLL 4.50084 [logdet 1.66080, mahal 1.00217], MS 2.45819, L1 1.99625, Spectral 0.26600, Gradient 0.49596, Quantile 0.98491) | LR 5.00e-05
2026-06-28 18:00:46,755 INFO Epoch 42 | Batch 600/1186 | Loss 3.17435 (NLL 4.56107 [logdet 1.68146, mahal 1.04173], MS 2.49019, L1 2.03874, Spectral 0.26587, Gradient 0.49604, Quantile 1.00789) | LR 5.00e-05
2026-06-28 18:01:08,466 INFO Epoch 42 | Batch 650/1186 | Loss 3.23933 (NLL 4.52722 [logdet 1.68968, mahal 0.99967], MS 2.56024, L1 2.05222, Spectral 0.27082, Gradient 0.50118, Quantile 1.02709) | LR 5.00e-05
2026-06-28 18:01:30,161 INFO Epoch 42 | Batch 700/1186 | Loss 3.16639 (NLL 4.51604 [logdet 1.67303, mahal 1.00513], MS 2.48898, L1 2.04540, Spectral 0.27601, Gradient 0.49986, Quantile 1.04502) | LR 5.00e-05
2026-06-28 18:01:51,848 INFO Epoch 42 | Batch 750/1186 | Loss 3.12167 (NLL 4.54522 [logdet 1.68071, mahal 1.02663], MS 2.43989, L1 2.04321, Spectral 0.26791, Gradient 0.50056, Quantile 1.00574) | LR 5.00e-05
2026-06-28 18:02:13,548 INFO Epoch 42 | Batch 800/1186 | Loss 3.14582 (NLL 4.57158 [logdet 1.69719, mahal 1.03651], MS 2.46009, L1 2.08110, Spectral 0.26528, Gradient 0.50016, Quantile 1.02154) | LR 5.00e-05
2026-06-28 18:02:35,373 INFO Epoch 42 | Batch 850/1186 | Loss 3.06929 (NLL 4.46506 [logdet 1.64897, mahal 0.97822], MS 2.39953, L1 1.98969, Spectral 0.25885, Gradient 0.47290, Quantile 0.99303) | LR 5.00e-05
2026-06-28 18:02:57,436 INFO Epoch 42 | Batch 900/1186 | Loss 3.10631 (NLL 4.52089 [logdet 1.64328, mahal 1.03973], MS 2.42817, L1 2.00354, Spectral 0.26485, Gradient 0.48399, Quantile 1.01603) | LR 5.00e-05
2026-06-28 18:03:19,460 INFO Epoch 42 | Batch 950/1186 | Loss 3.22767 (NLL 4.55729 [logdet 1.67120, mahal 1.04821], MS 2.54408, L1 2.05832, Spectral 0.27256, Gradient 0.49759, Quantile 1.03476) | LR 5.00e-05
2026-06-28 18:03:41,503 INFO Epoch 42 | Batch 1000/1186 | Loss 3.13330 (NLL 4.47845 [logdet 1.67347, mahal 0.96710], MS 2.46154, L1 1.96218, Spectral 0.26940, Gradient 0.49274, Quantile 1.00394) | LR 5.00e-05
2026-06-28 18:04:03,553 INFO Epoch 42 | Batch 1050/1186 | Loss 3.13192 (NLL 4.47989 [logdet 1.66118, mahal 0.98084], MS 2.45994, L1 2.00211, Spectral 0.26620, Gradient 0.49135, Quantile 0.99408) | LR 5.00e-05
2026-06-28 18:04:25,383 INFO Epoch 42 | Batch 1100/1186 | Loss 3.14798 (NLL 4.53282 [logdet 1.67653, mahal 1.01841], MS 2.46806, L1 2.01562, Spectral 0.26450, Gradient 0.49425, Quantile 0.96924) | LR 5.00e-05
2026-06-28 18:04:47,497 INFO Epoch 42 | Batch 1150/1186 | Loss 3.17943 (NLL 4.52599 [logdet 1.65092, mahal 1.03719], MS 2.50053, L1 2.05586, Spectral 0.27260, Gradient 0.49045, Quantile 1.04021) | LR 5.00e-05
2026-06-28 18:05:40,521 INFO Epoch 42 | Val Loss 3.62408 (NLL 4.45241 [logdet 1.65094, mahal 0.96360], MS 2.95622, L1 1.92612, Spectral 0.26440, Gradient 0.48466, Quantile 1.01774)
2026-06-28 18:06:03,233 INFO Epoch 43 | Batch 50/1186 | Loss 3.16253 (NLL 4.51447 [logdet 1.65785, mahal 1.01874], MS 2.48536, L1 1.97738, Spectral 0.25931, Gradient 0.48418, Quantile 1.00711) | LR 5.00e-05
2026-06-28 18:06:25,651 INFO Epoch 43 | Batch 100/1186 | Loss 3.29360 (NLL 4.57656 [logdet 1.69895, mahal 1.03973], MS 2.60711, L1 2.11102, Spectral 0.27673, Gradient 0.50510, Quantile 1.03939) | LR 5.00e-05
2026-06-28 18:06:48,088 INFO Epoch 43 | Batch 150/1186 | Loss 3.16487 (NLL 4.52401 [logdet 1.69795, mahal 0.98818], MS 2.48626, L1 2.05637, Spectral 0.26774, Gradient 0.49394, Quantile 1.01583) | LR 5.00e-05
2026-06-28 18:07:09,780 INFO Epoch 43 | Batch 200/1186 | Loss 3.14983 (NLL 4.49988 [logdet 1.69750, mahal 0.96451], MS 2.47485, L1 2.01897, Spectral 0.26258, Gradient 0.48828, Quantile 0.99578) | LR 5.00e-05
2026-06-28 18:07:31,455 INFO Epoch 43 | Batch 250/1186 | Loss 3.15139 (NLL 4.50321 [logdet 1.65179, mahal 1.01354], MS 2.47591, L1 1.98969, Spectral 0.26540, Gradient 0.49265, Quantile 0.99163) | LR 5.00e-05
2026-06-28 18:07:53,273 INFO Epoch 43 | Batch 300/1186 | Loss 3.23610 (NLL 4.50657 [logdet 1.68700, mahal 0.98169], MS 2.56012, L1 2.02329, Spectral 0.26935, Gradient 0.49734, Quantile 0.98901) | LR 5.00e-05
2026-06-28 18:08:15,717 INFO Epoch 43 | Batch 350/1186 | Loss 3.13190 (NLL 4.51336 [logdet 1.68813, mahal 0.98735], MS 2.45489, L1 2.00899, Spectral 0.26586, Gradient 0.49236, Quantile 1.01015) | LR 5.00e-05
2026-06-28 18:08:38,149 INFO Epoch 43 | Batch 400/1186 | Loss 3.10893 (NLL 4.51482 [logdet 1.67457, mahal 1.00237], MS 2.43171, L1 2.03084, Spectral 0.26692, Gradient 0.49584, Quantile 1.00335) | LR 5.00e-05
2026-06-28 18:09:00,612 INFO Epoch 43 | Batch 450/1186 | Loss 3.17236 (NLL 4.53540 [logdet 1.68228, mahal 1.01524], MS 2.49205, L1 2.01928, Spectral 0.27023, Gradient 0.49534, Quantile 0.98948) | LR 5.00e-05
2026-06-28 18:09:23,073 INFO Epoch 43 | Batch 500/1186 | Loss 3.15670 (NLL 4.51176 [logdet 1.68514, mahal 0.98875], MS 2.47993, L1 1.98711, Spectral 0.27328, Gradient 0.49708, Quantile 1.01545) | LR 5.00e-05
2026-06-28 18:09:45,507 INFO Epoch 43 | Batch 550/1186 | Loss 3.21349 (NLL 4.56075 [logdet 1.66863, mahal 1.05424], MS 2.52938, L1 2.05488, Spectral 0.27335, Gradient 0.50329, Quantile 0.99458) | LR 5.00e-05
2026-06-28 18:10:08,013 INFO Epoch 43 | Batch 600/1186 | Loss 3.18400 (NLL 4.54165 [logdet 1.67820, mahal 1.02557], MS 2.50275, L1 2.06689, Spectral 0.26885, Gradient 0.49937, Quantile 1.02726) | LR 5.00e-05
2026-06-28 18:10:30,478 INFO Epoch 43 | Batch 650/1186 | Loss 3.14373 (NLL 4.48405 [logdet 1.67958, mahal 0.96658], MS 2.47112, L1 1.99325, Spectral 0.26365, Gradient 0.49241, Quantile 1.01876) | LR 5.00e-05
2026-06-28 18:10:52,959 INFO Epoch 43 | Batch 700/1186 | Loss 3.06818 (NLL 4.41966 [logdet 1.65145, mahal 0.93033], MS 2.40523, L1 1.95193, Spectral 0.26167, Gradient 0.48360, Quantile 0.95757) | LR 5.00e-05
2026-06-28 18:11:15,420 INFO Epoch 43 | Batch 750/1186 | Loss 2.99589 (NLL 4.44929 [logdet 1.61472, mahal 0.99670], MS 2.32849, L1 1.98018, Spectral 0.26504, Gradient 0.48413, Quantile 0.96716) | LR 5.00e-05
2026-06-28 18:11:37,879 INFO Epoch 43 | Batch 800/1186 | Loss 3.19869 (NLL 4.57788 [logdet 1.66937, mahal 1.07063], MS 2.51201, L1 2.08555, Spectral 0.27226, Gradient 0.49963, Quantile 1.02280) | LR 5.00e-05
2026-06-28 18:12:00,349 INFO Epoch 43 | Batch 850/1186 | Loss 3.13361 (NLL 4.48825 [logdet 1.67652, mahal 0.97385], MS 2.46037, L1 2.00891, Spectral 0.26965, Gradient 0.48747, Quantile 0.96630) | LR 5.00e-05
2026-06-28 18:12:22,815 INFO Epoch 43 | Batch 900/1186 | Loss 3.20811 (NLL 4.57522 [logdet 1.68805, mahal 1.04929], MS 2.52183, L1 2.07325, Spectral 0.26333, Gradient 0.49521, Quantile 1.00486) | LR 5.00e-05
2026-06-28 18:12:45,284 INFO Epoch 43 | Batch 950/1186 | Loss 3.13752 (NLL 4.55916 [logdet 1.69689, mahal 1.02439], MS 2.45364, L1 2.07067, Spectral 0.27144, Gradient 0.49776, Quantile 1.00919) | LR 5.00e-05
2026-06-28 18:13:07,739 INFO Epoch 43 | Batch 1000/1186 | Loss 3.09638 (NLL 4.51455 [logdet 1.67612, mahal 1.00056], MS 2.41920, L1 2.03295, Spectral 0.25911, Gradient 0.48276, Quantile 1.02436) | LR 5.00e-05
2026-06-28 18:13:30,192 INFO Epoch 43 | Batch 1050/1186 | Loss 3.17326 (NLL 4.54337 [logdet 1.69170, mahal 1.01379], MS 2.49175, L1 2.04214, Spectral 0.26964, Gradient 0.49691, Quantile 1.02789) | LR 5.00e-05
2026-06-28 18:13:52,655 INFO Epoch 43 | Batch 1100/1186 | Loss 2.95003 (NLL 4.41335 [logdet 1.64723, mahal 0.92825], MS 2.28803, L1 1.91973, Spectral 0.25201, Gradient 0.47084, Quantile 0.93061) | LR 5.00e-05
2026-06-28 18:14:15,120 INFO Epoch 43 | Batch 1150/1186 | Loss 3.19208 (NLL 4.55293 [logdet 1.66067, mahal 1.05439], MS 2.50914, L1 2.05643, Spectral 0.26758, Gradient 0.49939, Quantile 0.99180) | LR 5.00e-05
2026-06-28 18:15:07,839 INFO Epoch 43 | Val Loss 3.58681 (NLL 4.46656 [logdet 1.66212, mahal 0.96656], MS 2.91683, L1 1.96043, Spectral 0.26449, Gradient 0.49514, Quantile 1.03881)
2026-06-28 18:15:30,590 INFO Epoch 44 | Batch 50/1186 | Loss 3.15456 (NLL 4.54774 [logdet 1.69201, mahal 1.01785], MS 2.47240, L1 2.08411, Spectral 0.27383, Gradient 0.50793, Quantile 1.05196) | LR 5.00e-05
2026-06-28 18:15:53,046 INFO Epoch 44 | Batch 100/1186 | Loss 3.13043 (NLL 4.50423 [logdet 1.66062, mahal 1.00573], MS 2.45479, L1 2.02279, Spectral 0.26211, Gradient 0.48774, Quantile 1.00669) | LR 5.00e-05
2026-06-28 18:16:15,499 INFO Epoch 44 | Batch 150/1186 | Loss 3.12471 (NLL 4.49182 [logdet 1.65387, mahal 1.00007], MS 2.45094, L1 1.98697, Spectral 0.27491, Gradient 0.49755, Quantile 0.95642) | LR 5.00e-05
2026-06-28 18:16:37,958 INFO Epoch 44 | Batch 200/1186 | Loss 3.13329 (NLL 4.51338 [logdet 1.63524, mahal 1.04027], MS 2.45628, L1 2.00019, Spectral 0.26593, Gradient 0.49200, Quantile 0.98188) | LR 5.00e-05
2026-06-28 18:17:00,420 INFO Epoch 44 | Batch 250/1186 | Loss 3.19192 (NLL 4.52327 [logdet 1.65460, mahal 1.03079], MS 2.51343, L1 2.04737, Spectral 0.27184, Gradient 0.50122, Quantile 0.98716) | LR 5.00e-05
2026-06-28 18:17:22,870 INFO Epoch 44 | Batch 300/1186 | Loss 3.13074 (NLL 4.54425 [logdet 1.66319, mahal 1.04318], MS 2.44910, L1 2.04652, Spectral 0.26520, Gradient 0.49250, Quantile 1.03046) | LR 5.00e-05
2026-06-28 18:17:45,343 INFO Epoch 44 | Batch 350/1186 | Loss 3.20805 (NLL 4.55230 [logdet 1.70062, mahal 1.01380], MS 2.52520, L1 2.04931, Spectral 0.27223, Gradient 0.50072, Quantile 1.00081) | LR 5.00e-05
2026-06-28 18:18:07,801 INFO Epoch 44 | Batch 400/1186 | Loss 3.16827 (NLL 4.50555 [logdet 1.67885, mahal 0.98882], MS 2.49244, L1 2.01852, Spectral 0.26738, Gradient 0.49215, Quantile 0.98341) | LR 5.00e-05
2026-06-28 18:18:30,259 INFO Epoch 44 | Batch 450/1186 | Loss 3.11255 (NLL 4.47293 [logdet 1.64303, mahal 0.99202], MS 2.44161, L1 1.98167, Spectral 0.26331, Gradient 0.48609, Quantile 0.98712) | LR 5.00e-05
2026-06-28 18:18:52,732 INFO Epoch 44 | Batch 500/1186 | Loss 3.11082 (NLL 4.54589 [logdet 1.66979, mahal 1.03823], MS 2.42894, L1 2.03434, Spectral 0.26470, Gradient 0.49236, Quantile 1.00092) | LR 5.00e-05
2026-06-28 18:19:15,234 INFO Epoch 44 | Batch 550/1186 | Loss 3.16707 (NLL 4.53704 [logdet 1.70956, mahal 0.98960], MS 2.48651, L1 2.02839, Spectral 0.26327, Gradient 0.48800, Quantile 0.98594) | LR 5.00e-05
2026-06-28 18:19:37,991 INFO Epoch 44 | Batch 600/1186 | Loss 3.21708 (NLL 4.54211 [logdet 1.68718, mahal 1.01705], MS 2.53577, L1 2.07281, Spectral 0.26908, Gradient 0.49639, Quantile 1.02925) | LR 5.00e-05
2026-06-28 18:20:00,116 INFO Epoch 44 | Batch 650/1186 | Loss 3.04115 (NLL 4.49521 [logdet 1.65753, mahal 0.99981], MS 2.36687, L1 2.00539, Spectral 0.26924, Gradient 0.49633, Quantile 0.98822) | LR 5.00e-05
2026-06-28 18:20:22,911 INFO Epoch 44 | Batch 700/1186 | Loss 3.10640 (NLL 4.47240 [logdet 1.65305, mahal 0.98147], MS 2.43554, L1 1.98351, Spectral 0.26898, Gradient 0.49372, Quantile 0.96661) | LR 5.00e-05
2026-06-28 18:20:45,360 INFO Epoch 44 | Batch 750/1186 | Loss 3.07809 (NLL 4.51883 [logdet 1.65292, mahal 1.02803], MS 2.40026, L1 2.06863, Spectral 0.26131, Gradient 0.48759, Quantile 1.01031) | LR 5.00e-05
2026-06-28 18:21:07,822 INFO Epoch 44 | Batch 800/1186 | Loss 3.21149 (NLL 4.52765 [logdet 1.69464, mahal 0.99513], MS 2.53234, L1 2.03635, Spectral 0.26470, Gradient 0.48847, Quantile 1.03175) | LR 5.00e-05
2026-06-28 18:21:29,922 INFO Epoch 44 | Batch 850/1186 | Loss 3.12251 (NLL 4.47572 [logdet 1.71405, mahal 0.92379], MS 2.45115, L1 1.97365, Spectral 0.26897, Gradient 0.49285, Quantile 0.99067) | LR 5.00e-05
2026-06-28 18:21:52,387 INFO Epoch 44 | Batch 900/1186 | Loss 3.17522 (NLL 4.53099 [logdet 1.70619, mahal 0.98692], MS 2.49557, L1 2.03710, Spectral 0.26475, Gradient 0.49213, Quantile 1.02091) | LR 5.00e-05
2026-06-28 18:22:14,834 INFO Epoch 44 | Batch 950/1186 | Loss 3.15815 (NLL 4.53277 [logdet 1.68026, mahal 1.01463], MS 2.47823, L1 2.03922, Spectral 0.26662, Gradient 0.49887, Quantile 1.01285) | LR 5.00e-05
2026-06-28 18:22:37,286 INFO Epoch 44 | Batch 1000/1186 | Loss 3.09853 (NLL 4.45878 [logdet 1.65689, mahal 0.96402], MS 2.42972, L1 1.96138, Spectral 0.26482, Gradient 0.48725, Quantile 0.99739) | LR 5.00e-05
2026-06-28 18:22:59,703 INFO Epoch 44 | Batch 1050/1186 | Loss 3.18657 (NLL 4.55390 [logdet 1.65115, mahal 1.06487], MS 2.50348, L1 2.06695, Spectral 0.27139, Gradient 0.48884, Quantile 1.02667) | LR 5.00e-05
2026-06-28 18:23:22,173 INFO Epoch 44 | Batch 1100/1186 | Loss 3.14090 (NLL 4.50411 [logdet 1.67674, mahal 0.98950], MS 2.46528, L1 2.01146, Spectral 0.26925, Gradient 0.49492, Quantile 1.01369) | LR 5.00e-05
2026-06-28 18:23:44,635 INFO Epoch 44 | Batch 1150/1186 | Loss 3.08478 (NLL 4.49696 [logdet 1.67360, mahal 0.98548], MS 2.41024, L1 2.01163, Spectral 0.26098, Gradient 0.48190, Quantile 1.00423) | LR 5.00e-05
2026-06-28 18:24:37,664 INFO Epoch 44 | Val Loss 3.59994 (NLL 4.47116 [logdet 1.69483, mahal 0.93845], MS 2.92927, L1 1.96406, Spectral 0.26489, Gradient 0.49505, Quantile 1.02922)
2026-06-28 18:25:00,400 INFO Epoch 45 | Batch 50/1186 | Loss 3.12444 (NLL 4.44441 [logdet 1.63327, mahal 0.97326], MS 2.45778, L1 1.97659, Spectral 0.26725, Gradient 0.49019, Quantile 1.01288) | LR 5.00e-05
2026-06-28 18:25:22,866 INFO Epoch 45 | Batch 100/1186 | Loss 3.09467 (NLL 4.51322 [logdet 1.61190, mahal 1.06344], MS 2.41769, L1 2.00846, Spectral 0.27216, Gradient 0.49388, Quantile 1.03957) | LR 5.00e-05
2026-06-28 18:25:45,349 INFO Epoch 45 | Batch 150/1186 | Loss 3.18932 (NLL 4.52313 [logdet 1.67272, mahal 1.01254], MS 2.51085, L1 2.04733, Spectral 0.27593, Gradient 0.49436, Quantile 1.00729) | LR 5.00e-05
2026-06-28 18:26:07,414 INFO Epoch 45 | Batch 200/1186 | Loss 3.18715 (NLL 4.51296 [logdet 1.67054, mahal 1.00455], MS 2.51020, L1 2.01706, Spectral 0.26389, Gradient 0.48634, Quantile 0.97226) | LR 5.00e-05
2026-06-28 18:26:29,126 INFO Epoch 45 | Batch 250/1186 | Loss 3.23326 (NLL 4.56426 [logdet 1.67178, mahal 1.05460], MS 2.54863, L1 2.10037, Spectral 0.26395, Gradient 0.48851, Quantile 1.03412) | LR 5.00e-05
2026-06-28 18:26:50,855 INFO Epoch 45 | Batch 300/1186 | Loss 3.17157 (NLL 4.54473 [logdet 1.67648, mahal 1.03037], MS 2.48986, L1 2.05116, Spectral 0.26594, Gradient 0.50237, Quantile 1.01831) | LR 5.00e-05
2026-06-28 18:27:12,565 INFO Epoch 45 | Batch 350/1186 | Loss 3.10152 (NLL 4.49153 [logdet 1.73845, mahal 0.91521], MS 2.42779, L1 2.00710, Spectral 0.26352, Gradient 0.49327, Quantile 0.96945) | LR 5.00e-05
2026-06-28 18:27:34,282 INFO Epoch 45 | Batch 400/1186 | Loss 3.21143 (NLL 4.55887 [logdet 1.71037, mahal 1.01062], MS 2.52760, L1 2.08398, Spectral 0.26948, Gradient 0.49731, Quantile 1.03188) | LR 5.00e-05
2026-06-28 18:27:56,004 INFO Epoch 45 | Batch 450/1186 | Loss 3.21857 (NLL 4.58046 [logdet 1.70674, mahal 1.03585], MS 2.53150, L1 2.09070, Spectral 0.27215, Gradient 0.50269, Quantile 1.04089) | LR 5.00e-05
2026-06-28 18:28:17,717 INFO Epoch 45 | Batch 500/1186 | Loss 3.15913 (NLL 4.46688 [logdet 1.71020, mahal 0.91880], MS 2.48910, L1 1.98078, Spectral 0.26642, Gradient 0.49616, Quantile 0.99420) | LR 5.00e-05
2026-06-28 18:28:39,436 INFO Epoch 45 | Batch 550/1186 | Loss 3.06387 (NLL 4.50018 [logdet 1.62943, mahal 1.03287], MS 2.38884, L1 2.01754, Spectral 0.26762, Gradient 0.49536, Quantile 0.98069) | LR 5.00e-05
2026-06-28 18:29:01,126 INFO Epoch 45 | Batch 600/1186 | Loss 3.11769 (NLL 4.47300 [logdet 1.64464, mahal 0.99048], MS 2.44674, L1 1.96800, Spectral 0.26250, Gradient 0.48157, Quantile 0.94524) | LR 5.00e-05
2026-06-28 18:29:22,793 INFO Epoch 45 | Batch 650/1186 | Loss 3.04494 (NLL 4.46373 [logdet 1.61153, mahal 1.01432], MS 2.37538, L1 1.96477, Spectral 0.26105, Gradient 0.48855, Quantile 0.96379) | LR 5.00e-05
2026-06-28 18:29:44,487 INFO Epoch 45 | Batch 700/1186 | Loss 3.16592 (NLL 4.55634 [logdet 1.66339, mahal 1.05507], MS 2.48247, L1 2.06760, Spectral 0.26467, Gradient 0.48364, Quantile 1.01068) | LR 5.00e-05
2026-06-28 18:30:06,154 INFO Epoch 45 | Batch 750/1186 | Loss 3.16626 (NLL 4.49627 [logdet 1.66777, mahal 0.99062], MS 2.49182, L1 1.99118, Spectral 0.26911, Gradient 0.50112, Quantile 0.99911) | LR 5.00e-05
2026-06-28 18:30:27,835 INFO Epoch 45 | Batch 800/1186 | Loss 3.14149 (NLL 4.50748 [logdet 1.68682, mahal 0.98279], MS 2.46537, L1 2.02725, Spectral 0.26705, Gradient 0.49459, Quantile 1.00689) | LR 5.00e-05
2026-06-28 18:30:49,518 INFO Epoch 45 | Batch 850/1186 | Loss 3.10081 (NLL 4.48730 [logdet 1.64734, mahal 1.00208], MS 2.42772, L1 1.97737, Spectral 0.27244, Gradient 0.49699, Quantile 1.00711) | LR 5.00e-05
2026-06-28 18:31:11,192 INFO Epoch 45 | Batch 900/1186 | Loss 3.12550 (NLL 4.49009 [logdet 1.66484, mahal 0.98737], MS 2.45199, L1 1.99355, Spectral 0.26872, Gradient 0.48966, Quantile 1.01515) | LR 5.00e-05
2026-06-28 18:31:32,865 INFO Epoch 45 | Batch 950/1186 | Loss 3.15934 (NLL 4.49644 [logdet 1.65110, mahal 1.00746], MS 2.48488, L1 2.01247, Spectral 0.26636, Gradient 0.49485, Quantile 1.02050) | LR 5.00e-05
2026-06-28 18:31:54,540 INFO Epoch 45 | Batch 1000/1186 | Loss 3.09132 (NLL 4.52093 [logdet 1.67078, mahal 1.01228], MS 2.41318, L1 2.04057, Spectral 0.27046, Gradient 0.49460, Quantile 1.03400) | LR 5.00e-05
2026-06-28 18:32:16,214 INFO Epoch 45 | Batch 1050/1186 | Loss 3.28950 (NLL 4.53101 [logdet 1.64594, mahal 1.04719], MS 2.60985, L1 2.04644, Spectral 0.26837, Gradient 0.49836, Quantile 1.00412) | LR 5.00e-05
2026-06-28 18:32:37,901 INFO Epoch 45 | Batch 1100/1186 | Loss 3.22299 (NLL 4.55721 [logdet 1.68625, mahal 1.03308], MS 2.53941, L1 2.05494, Spectral 0.26576, Gradient 0.49918, Quantile 1.02147) | LR 5.00e-05
2026-06-28 18:32:59,584 INFO Epoch 45 | Batch 1150/1186 | Loss 3.12566 (NLL 4.49607 [logdet 1.61788, mahal 1.04031], MS 2.45125, L1 1.98527, Spectral 0.26163, Gradient 0.48493, Quantile 0.99212) | LR 5.00e-05
2026-06-28 18:33:50,460 INFO Epoch 45 | Val Loss 3.59588 (NLL 4.46689 [logdet 1.64175, mahal 0.98726], MS 2.92584, L1 1.95876, Spectral 0.26470, Gradient 0.49701, Quantile 1.03089)
2026-06-28 18:34:12,546 INFO Epoch 46 | Batch 50/1186 | Loss 3.13656 (NLL 4.54452 [logdet 1.65310, mahal 1.05354], MS 2.45488, L1 2.04293, Spectral 0.26304, Gradient 0.49017, Quantile 0.99988) | LR 5.00e-05
2026-06-28 18:34:34,211 INFO Epoch 46 | Batch 100/1186 | Loss 3.13154 (NLL 4.56785 [logdet 1.71001, mahal 1.01996], MS 2.44636, L1 2.04537, Spectral 0.25763, Gradient 0.48480, Quantile 1.00261) | LR 5.00e-05
2026-06-28 18:34:55,886 INFO Epoch 46 | Batch 150/1186 | Loss 3.26060 (NLL 4.59492 [logdet 1.68895, mahal 1.06809], MS 2.57136, L1 2.10167, Spectral 0.26984, Gradient 0.49869, Quantile 1.04140) | LR 5.00e-05
2026-06-28 18:35:17,555 INFO Epoch 46 | Batch 200/1186 | Loss 3.05515 (NLL 4.49895 [logdet 1.67857, mahal 0.98251], MS 2.38031, L1 2.02022, Spectral 0.26216, Gradient 0.49146, Quantile 1.00799) | LR 5.00e-05
2026-06-28 18:35:39,233 INFO Epoch 46 | Batch 250/1186 | Loss 3.15355 (NLL 4.55133 [logdet 1.68514, mahal 1.02832], MS 2.47085, L1 2.07333, Spectral 0.26915, Gradient 0.50600, Quantile 1.02287) | LR 5.00e-05
2026-06-28 18:36:00,920 INFO Epoch 46 | Batch 300/1186 | Loss 3.08385 (NLL 4.48325 [logdet 1.63137, mahal 1.01400], MS 2.41136, L1 1.97838, Spectral 0.26705, Gradient 0.49049, Quantile 0.99169) | LR 5.00e-05
2026-06-28 18:36:22,598 INFO Epoch 46 | Batch 350/1186 | Loss 2.91834 (NLL 4.44270 [logdet 1.65140, mahal 0.95343], MS 2.25194, L1 1.95352, Spectral 0.26180, Gradient 0.48184, Quantile 0.97993) | LR 5.00e-05
2026-06-28 18:36:44,272 INFO Epoch 46 | Batch 400/1186 | Loss 3.04913 (NLL 4.44134 [logdet 1.62539, mahal 0.97807], MS 2.38293, L1 1.95639, Spectral 0.25913, Gradient 0.48206, Quantile 0.99854) | LR 5.00e-05
2026-06-28 18:37:05,945 INFO Epoch 46 | Batch 450/1186 | Loss 3.10537 (NLL 4.45955 [logdet 1.61108, mahal 1.01059], MS 2.43644, L1 1.99621, Spectral 0.26795, Gradient 0.50106, Quantile 0.99572) | LR 5.00e-05
2026-06-28 18:37:27,656 INFO Epoch 46 | Batch 500/1186 | Loss 3.13334 (NLL 4.52702 [logdet 1.63750, mahal 1.05165], MS 2.45428, L1 2.04304, Spectral 0.26055, Gradient 0.48805, Quantile 1.01734) | LR 5.00e-05
2026-06-28 18:37:49,370 INFO Epoch 46 | Batch 550/1186 | Loss 3.09782 (NLL 4.50813 [logdet 1.65050, mahal 1.01975], MS 2.42160, L1 2.00748, Spectral 0.26520, Gradient 0.48787, Quantile 0.99697) | LR 5.00e-05
2026-06-28 18:38:11,090 INFO Epoch 46 | Batch 600/1186 | Loss 3.12979 (NLL 4.53790 [logdet 1.64744, mahal 1.05258], MS 2.44910, L1 2.05361, Spectral 0.27439, Gradient 0.50481, Quantile 1.00324) | LR 5.00e-05
2026-06-28 18:38:32,808 INFO Epoch 46 | Batch 650/1186 | Loss 3.21137 (NLL 4.44898 [logdet 1.60872, mahal 1.00239], MS 2.54402, L1 1.96966, Spectral 0.26479, Gradient 0.48745, Quantile 0.97587) | LR 5.00e-05
2026-06-28 18:38:54,529 INFO Epoch 46 | Batch 700/1186 | Loss 3.17080 (NLL 4.55473 [logdet 1.65654, mahal 1.06032], MS 2.48759, L1 2.05967, Spectral 0.27156, Gradient 0.49904, Quantile 1.00260) | LR 5.00e-05
2026-06-28 18:39:16,237 INFO Epoch 46 | Batch 750/1186 | Loss 3.13283 (NLL 4.51060 [logdet 1.65591, mahal 1.01681], MS 2.45624, L1 2.02034, Spectral 0.26084, Gradient 0.48526, Quantile 1.02840) | LR 5.00e-05
2026-06-28 18:39:37,954 INFO Epoch 46 | Batch 800/1186 | Loss 3.19708 (NLL 4.57952 [logdet 1.71484, mahal 1.02681], MS 2.51015, L1 2.06633, Spectral 0.26869, Gradient 0.50108, Quantile 0.98197) | LR 5.00e-05
2026-06-28 18:39:59,683 INFO Epoch 46 | Batch 850/1186 | Loss 3.16689 (NLL 4.49417 [logdet 1.65478, mahal 1.00152], MS 2.49277, L1 2.02697, Spectral 0.26731, Gradient 0.49602, Quantile 0.98211) | LR 5.00e-05
2026-06-28 18:40:21,397 INFO Epoch 46 | Batch 900/1186 | Loss 3.18283 (NLL 4.51192 [logdet 1.66255, mahal 1.01150], MS 2.50604, L1 2.03152, Spectral 0.27729, Gradient 0.50220, Quantile 1.00844) | LR 5.00e-05
2026-06-28 18:40:43,127 INFO Epoch 46 | Batch 950/1186 | Loss 3.20986 (NLL 4.55526 [logdet 1.64826, mahal 1.06912], MS 2.52657, L1 2.06649, Spectral 0.27864, Gradient 0.50446, Quantile 1.04280) | LR 5.00e-05
2026-06-28 18:41:04,852 INFO Epoch 46 | Batch 1000/1186 | Loss 3.21100 (NLL 4.58087 [logdet 1.66872, mahal 1.07427], MS 2.52387, L1 2.07735, Spectral 0.26509, Gradient 0.48907, Quantile 1.03300) | LR 5.00e-05
2026-06-28 18:41:26,569 INFO Epoch 46 | Batch 1050/1186 | Loss 3.05642 (NLL 4.48688 [logdet 1.68534, mahal 0.96367], MS 2.38339, L1 1.97654, Spectral 0.26352, Gradient 0.48917, Quantile 0.99469) | LR 5.00e-05
2026-06-28 18:41:48,296 INFO Epoch 46 | Batch 1100/1186 | Loss 3.20815 (NLL 4.49417 [logdet 1.66008, mahal 0.99621], MS 2.53403, L1 2.00769, Spectral 0.27193, Gradient 0.49239, Quantile 1.00977) | LR 5.00e-05
2026-06-28 18:42:10,028 INFO Epoch 46 | Batch 1150/1186 | Loss 3.17597 (NLL 4.48316 [logdet 1.63614, mahal 1.00914], MS 2.50350, L1 2.03034, Spectral 0.26616, Gradient 0.49499, Quantile 0.98961) | LR 5.00e-05
2026-06-28 18:43:01,656 INFO Epoch 46 | Val Loss 3.60863 (NLL 4.46630 [logdet 1.65492, mahal 0.97350], MS 2.93868, L1 1.96848, Spectral 0.26464, Gradient 0.49437, Quantile 1.02243)
2026-06-28 18:43:23,699 INFO Epoch 47 | Batch 50/1186 | Loss 3.16644 (NLL 4.52897 [logdet 1.64585, mahal 1.04525], MS 2.48709, L1 2.04800, Spectral 0.26338, Gradient 0.48759, Quantile 0.99719) | LR 5.00e-05
2026-06-28 18:43:45,432 INFO Epoch 47 | Batch 100/1186 | Loss 3.09287 (NLL 4.47114 [logdet 1.61514, mahal 1.01812], MS 2.42220, L1 1.97410, Spectral 0.26531, Gradient 0.48626, Quantile 0.99430) | LR 5.00e-05
2026-06-28 18:44:07,168 INFO Epoch 47 | Batch 150/1186 | Loss 3.14386 (NLL 4.53401 [logdet 1.69628, mahal 0.99986], MS 2.46376, L1 2.02886, Spectral 0.26526, Gradient 0.49745, Quantile 1.01000) | LR 5.00e-05
2026-06-28 18:44:28,896 INFO Epoch 47 | Batch 200/1186 | Loss 3.09776 (NLL 4.46390 [logdet 1.68231, mahal 0.94372], MS 2.42818, L1 1.98308, Spectral 0.25951, Gradient 0.47638, Quantile 0.98895) | LR 5.00e-05
2026-06-28 18:44:50,623 INFO Epoch 47 | Batch 250/1186 | Loss 3.16860 (NLL 4.57038 [logdet 1.65656, mahal 1.07594], MS 2.48305, L1 2.07010, Spectral 0.27061, Gradient 0.49676, Quantile 1.00915) | LR 5.00e-05
2026-06-28 18:45:12,353 INFO Epoch 47 | Batch 300/1186 | Loss 3.14228 (NLL 4.57790 [logdet 1.66926, mahal 1.07077], MS 2.45560, L1 2.10643, Spectral 0.26964, Gradient 0.49562, Quantile 1.03634) | LR 5.00e-05
2026-06-28 18:45:34,081 INFO Epoch 47 | Batch 350/1186 | Loss 3.12554 (NLL 4.51229 [logdet 1.69121, mahal 0.98320], MS 2.44870, L1 2.02848, Spectral 0.26130, Gradient 0.48518, Quantile 1.00782) | LR 5.00e-05
2026-06-28 18:45:55,813 INFO Epoch 47 | Batch 400/1186 | Loss 3.14034 (NLL 4.50038 [logdet 1.67107, mahal 0.99144], MS 2.46528, L1 2.01075, Spectral 0.26693, Gradient 0.49328, Quantile 1.00871) | LR 5.00e-05
2026-06-28 18:46:17,551 INFO Epoch 47 | Batch 450/1186 | Loss 3.17503 (NLL 4.52668 [logdet 1.66894, mahal 1.01986], MS 2.49603, L1 2.04536, Spectral 0.26402, Gradient 0.49726, Quantile 1.03949) | LR 5.00e-05
2026-06-28 18:46:39,278 INFO Epoch 47 | Batch 500/1186 | Loss 3.18120 (NLL 4.47561 [logdet 1.67866, mahal 0.95907], MS 2.50986, L1 1.98746, Spectral 0.26380, Gradient 0.48905, Quantile 0.98754) | LR 5.00e-05
2026-06-28 18:47:01,007 INFO Epoch 47 | Batch 550/1186 | Loss 3.15476 (NLL 4.49504 [logdet 1.65661, mahal 1.00055], MS 2.48050, L1 1.99511, Spectral 0.26840, Gradient 0.49435, Quantile 0.99920) | LR 5.00e-05
2026-06-28 18:47:22,744 INFO Epoch 47 | Batch 600/1186 | Loss 3.18473 (NLL 4.55589 [logdet 1.66453, mahal 1.05348], MS 2.50134, L1 2.05443, Spectral 0.27074, Gradient 0.49426, Quantile 1.03912) | LR 5.00e-05
2026-06-28 18:47:44,472 INFO Epoch 47 | Batch 650/1186 | Loss 3.22855 (NLL 4.54714 [logdet 1.71796, mahal 0.99130], MS 2.54648, L1 2.07223, Spectral 0.27161, Gradient 0.49935, Quantile 1.04577) | LR 5.00e-05
2026-06-28 18:48:06,208 INFO Epoch 47 | Batch 700/1186 | Loss 3.05322 (NLL 4.48980 [logdet 1.65710, mahal 0.99482], MS 2.37975, L1 2.02395, Spectral 0.26639, Gradient 0.49053, Quantile 1.02160) | LR 5.00e-05
2026-06-28 18:48:27,933 INFO Epoch 47 | Batch 750/1186 | Loss 3.09643 (NLL 4.45246 [logdet 1.63767, mahal 0.97691], MS 2.42856, L1 1.95422, Spectral 0.27208, Gradient 0.49536, Quantile 0.96413) | LR 5.00e-05
2026-06-28 18:48:49,660 INFO Epoch 47 | Batch 800/1186 | Loss 3.13461 (NLL 4.51665 [logdet 1.65567, mahal 1.02310], MS 2.45711, L1 2.01706, Spectral 0.27138, Gradient 0.49578, Quantile 1.02600) | LR 5.00e-05
2026-06-28 18:49:11,386 INFO Epoch 47 | Batch 850/1186 | Loss 3.17855 (NLL 4.50407 [logdet 1.64096, mahal 1.02524], MS 2.50294, L1 2.00502, Spectral 0.26626, Gradient 0.49225, Quantile 1.00832) | LR 5.00e-05
2026-06-28 18:49:33,109 INFO Epoch 47 | Batch 900/1186 | Loss 3.19997 (NLL 4.51931 [logdet 1.63429, mahal 1.04715], MS 2.52207, L1 2.04469, Spectral 0.26715, Gradient 0.49504, Quantile 1.01269) | LR 5.00e-05
2026-06-28 18:49:54,833 INFO Epoch 47 | Batch 950/1186 | Loss 3.16588 (NLL 4.50721 [logdet 1.64910, mahal 1.02023], MS 2.48980, L1 2.04846, Spectral 0.26719, Gradient 0.49868, Quantile 0.99138) | LR 5.00e-05
2026-06-28 18:50:16,576 INFO Epoch 47 | Batch 1000/1186 | Loss 3.17022 (NLL 4.47653 [logdet 1.62570, mahal 1.01295], MS 2.49874, L1 2.00299, Spectral 0.26036, Gradient 0.48509, Quantile 0.98560) | LR 5.00e-05
2026-06-28 18:50:38,291 INFO Epoch 47 | Batch 1050/1186 | Loss 3.13805 (NLL 4.50989 [logdet 1.69395, mahal 0.97806], MS 2.46157, L1 1.98519, Spectral 0.27620, Gradient 0.50350, Quantile 0.97272) | LR 5.00e-05
2026-06-28 18:51:00,012 INFO Epoch 47 | Batch 1100/1186 | Loss 3.07834 (NLL 4.49860 [logdet 1.63935, mahal 1.02137], MS 2.40355, L1 2.02309, Spectral 0.26472, Gradient 0.48988, Quantile 1.01147) | LR 5.00e-05
2026-06-28 18:51:21,745 INFO Epoch 47 | Batch 1150/1186 | Loss 3.13492 (NLL 4.54719 [logdet 1.67291, mahal 1.03641], MS 2.45284, L1 2.03265, Spectral 0.26698, Gradient 0.49641, Quantile 1.00366) | LR 5.00e-05
2026-06-28 18:52:12,963 INFO Epoch 47 | Val Loss 3.59453 (NLL 4.47426 [logdet 1.69350, mahal 0.94288], MS 2.92340, L1 1.96880, Spectral 0.26456, Gradient 0.49430, Quantile 1.03393)
2026-06-28 18:52:34,994 INFO Epoch 48 | Batch 50/1186 | Loss 3.20514 (NLL 4.54063 [logdet 1.66350, mahal 1.03925], MS 2.52405, L1 2.06430, Spectral 0.27365, Gradient 0.50460, Quantile 0.97986) | LR 5.00e-05
2026-06-28 18:52:56,721 INFO Epoch 48 | Batch 100/1186 | Loss 3.18169 (NLL 4.52612 [logdet 1.65659, mahal 1.03166], MS 2.50277, L1 2.03681, Spectral 0.26975, Gradient 0.49139, Quantile 1.00222) | LR 5.00e-05
2026-06-28 18:53:18,452 INFO Epoch 48 | Batch 150/1186 | Loss 3.18601 (NLL 4.50284 [logdet 1.69149, mahal 0.97347], MS 2.51058, L1 2.00475, Spectral 0.27075, Gradient 0.49852, Quantile 0.96976) | LR 5.00e-05
2026-06-28 18:53:40,170 INFO Epoch 48 | Batch 200/1186 | Loss 3.09907 (NLL 4.49197 [logdet 1.68228, mahal 0.97181], MS 2.42527, L1 1.99852, Spectral 0.26092, Gradient 0.48550, Quantile 0.96068) | LR 5.00e-05
2026-06-28 18:54:01,896 INFO Epoch 48 | Batch 250/1186 | Loss 3.10534 (NLL 4.48647 [logdet 1.64742, mahal 1.00117], MS 2.43237, L1 1.98423, Spectral 0.25862, Gradient 0.48020, Quantile 1.00417) | LR 5.00e-05
2026-06-28 18:54:23,606 INFO Epoch 48 | Batch 300/1186 | Loss 3.10817 (NLL 4.48692 [logdet 1.64228, mahal 1.00677], MS 2.43514, L1 2.02091, Spectral 0.26042, Gradient 0.48824, Quantile 0.97863) | LR 5.00e-05
2026-06-28 18:54:45,319 INFO Epoch 48 | Batch 350/1186 | Loss 3.12704 (NLL 4.51615 [logdet 1.66385, mahal 1.01442], MS 2.44961, L1 2.02409, Spectral 0.26907, Gradient 0.48906, Quantile 1.00976) | LR 5.00e-05
2026-06-28 18:55:07,040 INFO Epoch 48 | Batch 400/1186 | Loss 3.16982 (NLL 4.55975 [logdet 1.67144, mahal 1.05043], MS 2.48586, L1 2.06199, Spectral 0.26201, Gradient 0.48405, Quantile 1.03429) | LR 5.00e-05
2026-06-28 18:55:28,756 INFO Epoch 48 | Batch 450/1186 | Loss 3.11197 (NLL 4.50792 [logdet 1.71110, mahal 0.95894], MS 2.43578, L1 1.99122, Spectral 0.26412, Gradient 0.48785, Quantile 1.00779) | LR 5.00e-05
2026-06-28 18:55:50,488 INFO Epoch 48 | Batch 500/1186 | Loss 3.17697 (NLL 4.53758 [logdet 1.69781, mahal 1.00189], MS 2.49634, L1 2.04299, Spectral 0.26871, Gradient 0.50777, Quantile 1.01433) | LR 5.00e-05
2026-06-28 18:56:12,223 INFO Epoch 48 | Batch 550/1186 | Loss 3.08922 (NLL 4.46917 [logdet 1.65923, mahal 0.97207], MS 2.41885, L1 1.99307, Spectral 0.26502, Gradient 0.48889, Quantile 0.99610) | LR 5.00e-05
2026-06-28 18:56:33,944 INFO Epoch 48 | Batch 600/1186 | Loss 3.08951 (NLL 4.48595 [logdet 1.64895, mahal 0.99912], MS 2.41662, L1 1.99703, Spectral 0.26203, Gradient 0.48411, Quantile 0.99122) | LR 5.00e-05
2026-06-28 18:56:55,690 INFO Epoch 48 | Batch 650/1186 | Loss 3.07124 (NLL 4.51995 [logdet 1.65563, mahal 1.02644], MS 2.39325, L1 1.99949, Spectral 0.26394, Gradient 0.48943, Quantile 0.99738) | LR 5.00e-05
2026-06-28 18:57:17,425 INFO Epoch 48 | Batch 700/1186 | Loss 3.24548 (NLL 4.54979 [logdet 1.69556, mahal 1.01636], MS 2.56301, L1 2.09839, Spectral 0.26542, Gradient 0.50407, Quantile 1.04191) | LR 5.00e-05
2026-06-28 18:57:39,149 INFO Epoch 48 | Batch 750/1186 | Loss 3.23928 (NLL 4.52959 [logdet 1.64870, mahal 1.04301], MS 2.55984, L1 2.06084, Spectral 0.26951, Gradient 0.49551, Quantile 1.01376) | LR 5.00e-05
2026-06-28 18:58:00,876 INFO Epoch 48 | Batch 800/1186 | Loss 3.24876 (NLL 4.56330 [logdet 1.69494, mahal 1.03048], MS 2.56426, L1 2.07457, Spectral 0.26908, Gradient 0.49555, Quantile 1.03264) | LR 5.00e-05
2026-06-28 18:58:22,619 INFO Epoch 48 | Batch 850/1186 | Loss 3.07958 (NLL 4.50303 [logdet 1.69953, mahal 0.96562], MS 2.40413, L1 2.02481, Spectral 0.27270, Gradient 0.50059, Quantile 1.01600) | LR 5.00e-05
2026-06-28 18:58:44,350 INFO Epoch 48 | Batch 900/1186 | Loss 3.08756 (NLL 4.47584 [logdet 1.65447, mahal 0.98349], MS 2.41618, L1 1.98591, Spectral 0.26073, Gradient 0.48615, Quantile 0.98258) | LR 5.00e-05
2026-06-28 18:59:06,081 INFO Epoch 48 | Batch 950/1186 | Loss 3.23781 (NLL 4.56980 [logdet 1.67369, mahal 1.05823], MS 2.55234, L1 2.07033, Spectral 0.27722, Gradient 0.50394, Quantile 1.00341) | LR 5.00e-05
2026-06-28 18:59:27,808 INFO Epoch 48 | Batch 1000/1186 | Loss 3.16156 (NLL 4.49792 [logdet 1.69019, mahal 0.96985], MS 2.48687, L1 2.01358, Spectral 0.27211, Gradient 0.50549, Quantile 1.01096) | LR 5.00e-05
2026-06-28 18:59:49,531 INFO Epoch 48 | Batch 1050/1186 | Loss 3.14385 (NLL 4.50679 [logdet 1.64951, mahal 1.01940], MS 2.46783, L1 2.01229, Spectral 0.26938, Gradient 0.49293, Quantile 1.00672) | LR 5.00e-05
2026-06-28 19:00:11,268 INFO Epoch 48 | Batch 1100/1186 | Loss 3.11063 (NLL 4.44044 [logdet 1.62543, mahal 0.97713], MS 2.44456, L1 1.94050, Spectral 0.26920, Gradient 0.48150, Quantile 0.96667) | LR 5.00e-05
2026-06-28 19:00:33,015 INFO Epoch 48 | Batch 1150/1186 | Loss 3.13902 (NLL 4.57646 [logdet 1.66095, mahal 1.07764], MS 2.45255, L1 2.07901, Spectral 0.26536, Gradient 0.49461, Quantile 1.00512) | LR 5.00e-05
2026-06-28 19:01:24,618 INFO Epoch 48 | Val Loss 3.58428 (NLL 4.46990 [logdet 1.70871, mahal 0.92331], MS 2.91379, L1 1.95413, Spectral 0.26455, Gradient 0.49150, Quantile 1.02355)
2026-06-28 19:01:46,628 INFO Epoch 49 | Batch 50/1186 | Loss 3.11615 (NLL 4.52191 [logdet 1.68254, mahal 1.00149], MS 2.43786, L1 2.01684, Spectral 0.26793, Gradient 0.48977, Quantile 1.00197) | LR 5.00e-05
2026-06-28 19:02:08,309 INFO Epoch 49 | Batch 100/1186 | Loss 3.05682 (NLL 4.48244 [logdet 1.66484, mahal 0.97972], MS 2.38445, L1 1.97370, Spectral 0.26067, Gradient 0.48492, Quantile 0.96994) | LR 5.00e-05
2026-06-28 19:02:30,010 INFO Epoch 49 | Batch 150/1186 | Loss 3.12753 (NLL 4.57210 [logdet 1.66568, mahal 1.06855], MS 2.44172, L1 2.08901, Spectral 0.26513, Gradient 0.48966, Quantile 1.05297) | LR 5.00e-05
2026-06-28 19:02:51,682 INFO Epoch 49 | Batch 200/1186 | Loss 3.12927 (NLL 4.51800 [logdet 1.70434, mahal 0.97577], MS 2.45157, L1 2.04038, Spectral 0.27327, Gradient 0.49913, Quantile 0.96818) | LR 5.00e-05
2026-06-28 19:03:13,381 INFO Epoch 49 | Batch 250/1186 | Loss 3.06869 (NLL 4.45521 [logdet 1.67201, mahal 0.94532], MS 2.40041, L1 1.98369, Spectral 0.26258, Gradient 0.49053, Quantile 0.98219) | LR 5.00e-05
2026-06-28 19:03:35,124 INFO Epoch 49 | Batch 300/1186 | Loss 3.18349 (NLL 4.49645 [logdet 1.66185, mahal 0.99672], MS 2.50903, L1 1.97809, Spectral 0.26824, Gradient 0.49053, Quantile 0.97152) | LR 5.00e-05
2026-06-28 19:03:56,817 INFO Epoch 49 | Batch 350/1186 | Loss 3.16776 (NLL 4.52039 [logdet 1.67160, mahal 1.01091], MS 2.48970, L1 2.03601, Spectral 0.27066, Gradient 0.49586, Quantile 0.98872) | LR 5.00e-05
2026-06-28 19:04:18,526 INFO Epoch 49 | Batch 400/1186 | Loss 3.17906 (NLL 4.53314 [logdet 1.66227, mahal 1.03300], MS 2.49909, L1 2.06691, Spectral 0.27066, Gradient 0.49740, Quantile 1.02191) | LR 5.00e-05
2026-06-28 19:04:40,248 INFO Epoch 49 | Batch 450/1186 | Loss 3.21413 (NLL 4.50890 [logdet 1.69255, mahal 0.97847], MS 2.53780, L1 2.03411, Spectral 0.27406, Gradient 0.49946, Quantile 1.00658) | LR 5.00e-05
2026-06-28 19:05:01,968 INFO Epoch 49 | Batch 500/1186 | Loss 3.14386 (NLL 4.46331 [logdet 1.68239, mahal 0.94304], MS 2.47436, L1 1.99321, Spectral 0.26809, Gradient 0.49079, Quantile 0.97368) | LR 5.00e-05
2026-06-28 19:05:23,686 INFO Epoch 49 | Batch 550/1186 | Loss 3.15385 (NLL 4.52100 [logdet 1.64158, mahal 1.04154], MS 2.47570, L1 2.04535, Spectral 0.26636, Gradient 0.49150, Quantile 1.07453) | LR 5.00e-05
2026-06-28 19:05:45,412 INFO Epoch 49 | Batch 600/1186 | Loss 3.11639 (NLL 4.47460 [logdet 1.67768, mahal 0.95905], MS 2.44520, L1 1.97718, Spectral 0.26165, Gradient 0.48558, Quantile 0.99858) | LR 5.00e-05
2026-06-28 19:06:07,227 INFO Epoch 49 | Batch 650/1186 | Loss 3.19245 (NLL 4.50237 [logdet 1.66586, mahal 0.99864], MS 2.51709, L1 2.02508, Spectral 0.27133, Gradient 0.50645, Quantile 1.01043) | LR 5.00e-05
2026-06-28 19:06:28,958 INFO Epoch 49 | Batch 700/1186 | Loss 3.22889 (NLL 4.55361 [logdet 1.65623, mahal 1.05950], MS 2.54585, L1 2.05140, Spectral 0.27419, Gradient 0.49973, Quantile 1.01178) | LR 5.00e-05
2026-06-28 19:06:50,691 INFO Epoch 49 | Batch 750/1186 | Loss 3.16662 (NLL 4.52493 [logdet 1.63832, mahal 1.04873], MS 2.48788, L1 2.04657, Spectral 0.26295, Gradient 0.48836, Quantile 1.01093) | LR 5.00e-05
2026-06-28 19:07:12,421 INFO Epoch 49 | Batch 800/1186 | Loss 3.07527 (NLL 4.45688 [logdet 1.65620, mahal 0.96280], MS 2.40674, L1 1.97886, Spectral 0.25803, Gradient 0.47782, Quantile 0.96404) | LR 5.00e-05
2026-06-28 19:07:34,143 INFO Epoch 49 | Batch 850/1186 | Loss 3.17112 (NLL 4.50789 [logdet 1.68079, mahal 0.98922], MS 2.49493, L1 2.01509, Spectral 0.26251, Gradient 0.48522, Quantile 1.00910) | LR 5.00e-05
2026-06-28 19:07:55,873 INFO Epoch 49 | Batch 900/1186 | Loss 3.19765 (NLL 4.57267 [logdet 1.70548, mahal 1.02931], MS 2.51174, L1 2.07174, Spectral 0.26942, Gradient 0.50364, Quantile 0.99654) | LR 5.00e-05
2026-06-28 19:08:17,614 INFO Epoch 49 | Batch 950/1186 | Loss 3.12686 (NLL 4.52907 [logdet 1.71208, mahal 0.97911], MS 2.44750, L1 2.04624, Spectral 0.26792, Gradient 0.49250, Quantile 0.97806) | LR 5.00e-05
2026-06-28 19:08:39,340 INFO Epoch 49 | Batch 1000/1186 | Loss 2.99844 (NLL 4.49861 [logdet 1.70003, mahal 0.96071], MS 2.32365, L1 1.98729, Spectral 0.26172, Gradient 0.48289, Quantile 0.97376) | LR 5.00e-05
2026-06-28 19:09:01,054 INFO Epoch 49 | Batch 1050/1186 | Loss 3.16325 (NLL 4.53997 [logdet 1.68925, mahal 1.01284], MS 2.48226, L1 2.03890, Spectral 0.26502, Gradient 0.49210, Quantile 1.02375) | LR 5.00e-05
2026-06-28 19:09:22,783 INFO Epoch 49 | Batch 1100/1186 | Loss 3.12793 (NLL 4.51430 [logdet 1.69767, mahal 0.97876], MS 2.45078, L1 2.04299, Spectral 0.26956, Gradient 0.49438, Quantile 1.01322) | LR 5.00e-05
2026-06-28 19:09:44,488 INFO Epoch 49 | Batch 1150/1186 | Loss 3.14433 (NLL 4.51945 [logdet 1.66881, mahal 1.01276], MS 2.46641, L1 2.03897, Spectral 0.26745, Gradient 0.49053, Quantile 1.00871) | LR 5.00e-05
2026-06-28 19:10:35,683 INFO Epoch 49 | Val Loss 3.61840 (NLL 4.48443 [logdet 1.71831, mahal 0.92825], MS 2.94574, L1 1.97766, Spectral 0.26461, Gradient 0.49533, Quantile 1.02781)
2026-06-28 19:10:57,700 INFO Epoch 50 | Batch 50/1186 | Loss 3.21870 (NLL 4.50806 [logdet 1.68561, mahal 0.98457], MS 2.54250, L1 2.03027, Spectral 0.26251, Gradient 0.48853, Quantile 1.02433) | LR 5.00e-05
2026-06-28 19:11:19,446 INFO Epoch 50 | Batch 100/1186 | Loss 3.12245 (NLL 4.50337 [logdet 1.65619, mahal 1.00930], MS 2.44694, L1 2.00332, Spectral 0.26557, Gradient 0.49190, Quantile 1.00715) | LR 5.00e-05
2026-06-28 19:11:41,176 INFO Epoch 50 | Batch 150/1186 | Loss 3.04891 (NLL 4.48608 [logdet 1.67025, mahal 0.97795], MS 2.37600, L1 1.97332, Spectral 0.26159, Gradient 0.48496, Quantile 0.97201) | LR 5.00e-05
2026-06-28 19:12:02,894 INFO Epoch 50 | Batch 200/1186 | Loss 3.23095 (NLL 4.55345 [logdet 1.71083, mahal 1.00475], MS 2.54793, L1 2.05178, Spectral 0.27035, Gradient 0.49748, Quantile 1.02635) | LR 5.00e-05
2026-06-28 19:12:24,626 INFO Epoch 50 | Batch 250/1186 | Loss 3.07152 (NLL 4.48733 [logdet 1.67405, mahal 0.97541], MS 2.39842, L1 2.01212, Spectral 0.26535, Gradient 0.48480, Quantile 1.00170) | LR 5.00e-05
2026-06-28 19:12:46,353 INFO Epoch 50 | Batch 300/1186 | Loss 3.18615 (NLL 4.54193 [logdet 1.66213, mahal 1.04193], MS 2.50486, L1 2.09417, Spectral 0.26572, Gradient 0.49164, Quantile 1.05147) | LR 5.00e-05
2026-06-28 19:13:08,080 INFO Epoch 50 | Batch 350/1186 | Loss 3.10981 (NLL 4.53037 [logdet 1.70062, mahal 0.99188], MS 2.43025, L1 2.02385, Spectral 0.26698, Gradient 0.49373, Quantile 0.99255) | LR 5.00e-05
2026-06-28 19:13:29,787 INFO Epoch 50 | Batch 400/1186 | Loss 3.20060 (NLL 4.56969 [logdet 1.70149, mahal 1.03032], MS 2.51515, L1 2.04408, Spectral 0.27201, Gradient 0.50115, Quantile 1.02022) | LR 5.00e-05
2026-06-28 19:13:51,516 INFO Epoch 50 | Batch 450/1186 | Loss 3.12958 (NLL 4.49497 [logdet 1.67398, mahal 0.98312], MS 2.45533, L1 2.01931, Spectral 0.26781, Gradient 0.48976, Quantile 1.00055) | LR 5.00e-05
2026-06-28 19:14:13,240 INFO Epoch 50 | Batch 500/1186 | Loss 3.15700 (NLL 4.51378 [logdet 1.66028, mahal 1.01563], MS 2.47994, L1 2.05356, Spectral 0.26017, Gradient 0.48231, Quantile 0.99177) | LR 5.00e-05
2026-06-28 19:14:34,959 INFO Epoch 50 | Batch 550/1186 | Loss 3.16872 (NLL 4.49682 [logdet 1.67998, mahal 0.97896], MS 2.49420, L1 2.00345, Spectral 0.26860, Gradient 0.49466, Quantile 0.98883) | LR 5.00e-05
2026-06-28 19:14:56,692 INFO Epoch 50 | Batch 600/1186 | Loss 3.09053 (NLL 4.52699 [logdet 1.69522, mahal 0.99390], MS 2.41148, L1 2.01403, Spectral 0.27040, Gradient 0.49468, Quantile 0.98607) | LR 5.00e-05
2026-06-28 19:15:18,410 INFO Epoch 50 | Batch 650/1186 | Loss 3.12726 (NLL 4.49744 [logdet 1.67940, mahal 0.98016], MS 2.45264, L1 2.00600, Spectral 0.26020, Gradient 0.48265, Quantile 0.95074) | LR 5.00e-05
2026-06-28 19:15:40,113 INFO Epoch 50 | Batch 700/1186 | Loss 3.18083 (NLL 4.54721 [logdet 1.67037, mahal 1.03895], MS 2.49875, L1 2.05088, Spectral 0.26718, Gradient 0.49245, Quantile 1.00915) | LR 5.00e-05
2026-06-28 19:16:01,796 INFO Epoch 50 | Batch 750/1186 | Loss 3.24777 (NLL 4.54229 [logdet 1.67247, mahal 1.03194], MS 2.56642, L1 2.06010, Spectral 0.26434, Gradient 0.49133, Quantile 1.04997) | LR 5.00e-05
2026-06-28 19:16:23,464 INFO Epoch 50 | Batch 800/1186 | Loss 3.20440 (NLL 4.52196 [logdet 1.69226, mahal 0.99182], MS 2.52610, L1 2.03000, Spectral 0.26935, Gradient 0.49945, Quantile 1.01546) | LR 5.00e-05
2026-06-28 19:16:45,158 INFO Epoch 50 | Batch 850/1186 | Loss 3.16150 (NLL 4.47635 [logdet 1.64871, mahal 0.98976], MS 2.49004, L1 2.01801, Spectral 0.26785, Gradient 0.49633, Quantile 0.99779) | LR 5.00e-05
2026-06-28 19:17:06,880 INFO Epoch 50 | Batch 900/1186 | Loss 3.15492 (NLL 4.51900 [logdet 1.67588, mahal 1.00525], MS 2.47707, L1 1.98825, Spectral 0.26738, Gradient 0.48974, Quantile 1.00857) | LR 5.00e-05
2026-06-28 19:17:28,600 INFO Epoch 50 | Batch 950/1186 | Loss 3.22812 (NLL 4.48456 [logdet 1.65968, mahal 0.98700], MS 2.55544, L1 2.00085, Spectral 0.27261, Gradient 0.49334, Quantile 0.96739) | LR 5.00e-05
2026-06-28 19:17:50,318 INFO Epoch 50 | Batch 1000/1186 | Loss 3.12029 (NLL 4.51461 [logdet 1.66286, mahal 1.01388], MS 2.44310, L1 2.03691, Spectral 0.26969, Gradient 0.49423, Quantile 1.02942) | LR 5.00e-05
2026-06-28 19:18:12,055 INFO Epoch 50 | Batch 1050/1186 | Loss 3.15385 (NLL 4.53135 [logdet 1.68461, mahal 1.00885], MS 2.47415, L1 2.03344, Spectral 0.26891, Gradient 0.49506, Quantile 1.01874) | LR 5.00e-05
2026-06-28 19:18:33,787 INFO Epoch 50 | Batch 1100/1186 | Loss 3.10368 (NLL 4.55451 [logdet 1.68947, mahal 1.02715], MS 2.42050, L1 2.06976, Spectral 0.26479, Gradient 0.49108, Quantile 1.01564) | LR 5.00e-05
2026-06-28 19:18:55,523 INFO Epoch 50 | Batch 1150/1186 | Loss 3.04743 (NLL 4.44331 [logdet 1.65534, mahal 0.95010], MS 2.38093, L1 1.96365, Spectral 0.26465, Gradient 0.48527, Quantile 0.96411) | LR 5.00e-05
2026-06-28 19:19:47,160 INFO Epoch 50 | Val Loss 3.59241 (NLL 4.45964 [logdet 1.63163, mahal 0.99014], MS 2.92347, L1 1.95042, Spectral 0.26426, Gradient 0.49082, Quantile 1.00280)
2026-06-28 19:20:09,211 INFO Epoch 51 | Batch 50/1186 | Loss 3.21149 (NLL 4.56042 [logdet 1.67487, mahal 1.04767], MS 2.52743, L1 2.07173, Spectral 0.26906, Gradient 0.49803, Quantile 0.99945) | LR 5.00e-05
2026-06-28 19:20:30,917 INFO Epoch 51 | Batch 100/1186 | Loss 3.17406 (NLL 4.51661 [logdet 1.65427, mahal 1.02446], MS 2.49656, L1 2.03909, Spectral 0.26462, Gradient 0.49248, Quantile 1.03315) | LR 5.00e-05
2026-06-28 19:20:52,636 INFO Epoch 51 | Batch 150/1186 | Loss 3.05238 (NLL 4.53985 [logdet 1.68192, mahal 1.02005], MS 2.37141, L1 2.01213, Spectral 0.25564, Gradient 0.48094, Quantile 0.96889) | LR 5.00e-05
2026-06-28 19:21:14,356 INFO Epoch 51 | Batch 200/1186 | Loss 3.20815 (NLL 4.50633 [logdet 1.65504, mahal 1.01341], MS 2.53220, L1 2.01324, Spectral 0.27538, Gradient 0.49260, Quantile 1.04932) | LR 5.00e-05
2026-06-28 19:21:36,065 INFO Epoch 51 | Batch 250/1186 | Loss 3.16702 (NLL 4.56620 [logdet 1.65059, mahal 1.07773], MS 2.48209, L1 2.06013, Spectral 0.26581, Gradient 0.49633, Quantile 1.01016) | LR 5.00e-05
2026-06-28 19:21:57,777 INFO Epoch 51 | Batch 300/1186 | Loss 3.10446 (NLL 4.47794 [logdet 1.67793, mahal 0.96214], MS 2.43277, L1 1.96765, Spectral 0.25952, Gradient 0.48667, Quantile 0.99196) | LR 5.00e-05
2026-06-28 19:22:19,495 INFO Epoch 51 | Batch 350/1186 | Loss 3.27337 (NLL 4.55207 [logdet 1.66683, mahal 1.04737], MS 2.59056, L1 2.08634, Spectral 0.27320, Gradient 0.50211, Quantile 1.04135) | LR 5.00e-05
2026-06-28 19:22:41,209 INFO Epoch 51 | Batch 400/1186 | Loss 3.02401 (NLL 4.42113 [logdet 1.61568, mahal 0.96757], MS 2.36084, L1 1.97608, Spectral 0.26331, Gradient 0.48261, Quantile 0.97111) | LR 5.00e-05
2026-06-28 19:23:02,935 INFO Epoch 51 | Batch 450/1186 | Loss 3.05043 (NLL 4.46302 [logdet 1.62056, mahal 1.00458], MS 2.38097, L1 1.97438, Spectral 0.26850, Gradient 0.48928, Quantile 0.95050) | LR 5.00e-05
2026-06-28 19:23:24,675 INFO Epoch 51 | Batch 500/1186 | Loss 3.05262 (NLL 4.48936 [logdet 1.62251, mahal 1.02898], MS 2.37922, L1 1.96929, Spectral 0.26720, Gradient 0.48681, Quantile 0.97457) | LR 5.00e-05
2026-06-28 19:23:46,395 INFO Epoch 51 | Batch 550/1186 | Loss 3.08734 (NLL 4.47516 [logdet 1.63368, mahal 1.00360], MS 2.41606, L1 1.99672, Spectral 0.26344, Gradient 0.48715, Quantile 0.93430) | LR 5.00e-05
2026-06-28 19:24:08,118 INFO Epoch 51 | Batch 600/1186 | Loss 3.11467 (NLL 4.48249 [logdet 1.62298, mahal 1.02164], MS 2.44230, L1 1.99131, Spectral 0.25763, Gradient 0.48197, Quantile 0.99075) | LR 5.00e-05
2026-06-28 19:24:29,852 INFO Epoch 51 | Batch 650/1186 | Loss 3.10004 (NLL 4.47029 [logdet 1.59854, mahal 1.03387], MS 2.42949, L1 1.96496, Spectral 0.26721, Gradient 0.48792, Quantile 1.00099) | LR 5.00e-05
2026-06-28 19:24:51,580 INFO Epoch 51 | Batch 700/1186 | Loss 3.26708 (NLL 4.58994 [logdet 1.67806, mahal 1.07400], MS 2.57859, L1 2.09529, Spectral 0.27497, Gradient 0.50373, Quantile 1.03233) | LR 5.00e-05
2026-06-28 19:25:13,296 INFO Epoch 51 | Batch 750/1186 | Loss 3.14359 (NLL 4.49500 [logdet 1.66333, mahal 0.99379], MS 2.46934, L1 2.00161, Spectral 0.27071, Gradient 0.49638, Quantile 1.00001) | LR 5.00e-05
2026-06-28 19:25:35,031 INFO Epoch 51 | Batch 800/1186 | Loss 3.20463 (NLL 4.51649 [logdet 1.64067, mahal 1.03795], MS 2.52716, L1 2.05255, Spectral 0.26700, Gradient 0.49811, Quantile 1.03788) | LR 5.00e-05
2026-06-28 19:25:56,762 INFO Epoch 51 | Batch 850/1186 | Loss 3.12469 (NLL 4.55985 [logdet 1.70088, mahal 1.02110], MS 2.44072, L1 2.10106, Spectral 0.26107, Gradient 0.49652, Quantile 1.02518) | LR 5.00e-05
2026-06-28 19:26:18,492 INFO Epoch 51 | Batch 900/1186 | Loss 3.07416 (NLL 4.48246 [logdet 1.66464, mahal 0.97995], MS 2.40179, L1 2.01456, Spectral 0.26572, Gradient 0.48920, Quantile 1.00208) | LR 5.00e-05
2026-06-28 19:26:40,229 INFO Epoch 51 | Batch 950/1186 | Loss 3.10604 (NLL 4.50192 [logdet 1.65082, mahal 1.01322], MS 2.43075, L1 2.04311, Spectral 0.26637, Gradient 0.48624, Quantile 1.01348) | LR 5.00e-05
2026-06-28 19:27:01,957 INFO Epoch 51 | Batch 1000/1186 | Loss 3.17195 (NLL 4.55418 [logdet 1.69482, mahal 1.02149], MS 2.48882, L1 2.04286, Spectral 0.26618, Gradient 0.49954, Quantile 1.00986) | LR 5.00e-05
2026-06-28 19:27:23,673 INFO Epoch 51 | Batch 1050/1186 | Loss 3.17519 (NLL 4.54643 [logdet 1.67653, mahal 1.03201], MS 2.49323, L1 2.04869, Spectral 0.27232, Gradient 0.49737, Quantile 1.04296) | LR 5.00e-05
2026-06-28 19:27:45,374 INFO Epoch 51 | Batch 1100/1186 | Loss 3.10347 (NLL 4.52623 [logdet 1.67442, mahal 1.01394], MS 2.42453, L1 2.03898, Spectral 0.26491, Gradient 0.49309, Quantile 0.99987) | LR 5.00e-05
2026-06-28 19:28:07,058 INFO Epoch 51 | Batch 1150/1186 | Loss 3.14693 (NLL 4.48503 [logdet 1.64085, mahal 1.00630], MS 2.47418, L1 1.98294, Spectral 0.26972, Gradient 0.48165, Quantile 0.98553) | LR 5.00e-05
2026-06-28 19:28:58,603 INFO Epoch 51 | Val Loss 3.58896 (NLL 4.47049 [logdet 1.63868, mahal 0.99393], MS 2.91839, L1 1.96753, Spectral 0.26461, Gradient 0.49237, Quantile 1.03816)
2026-06-28 19:29:20,593 INFO Epoch 52 | Batch 50/1186 | Loss 3.25424 (NLL 4.58207 [logdet 1.68764, mahal 1.05655], MS 2.56693, L1 2.09036, Spectral 0.27005, Gradient 0.49858, Quantile 1.03695) | LR 5.00e-05
2026-06-28 19:29:42,282 INFO Epoch 52 | Batch 100/1186 | Loss 3.20185 (NLL 4.56479 [logdet 1.69731, mahal 1.02960], MS 2.51713, L1 2.08589, Spectral 0.27194, Gradient 0.49976, Quantile 1.03664) | LR 5.00e-05
2026-06-28 19:30:03,989 INFO Epoch 52 | Batch 150/1186 | Loss 3.09947 (NLL 4.48747 [logdet 1.69168, mahal 0.95792], MS 2.42635, L1 2.00504, Spectral 0.25908, Gradient 0.48185, Quantile 0.97550) | LR 5.00e-05
2026-06-28 19:30:25,664 INFO Epoch 52 | Batch 200/1186 | Loss 3.07485 (NLL 4.48797 [logdet 1.66062, mahal 0.98948], MS 2.40165, L1 2.00301, Spectral 0.27650, Gradient 0.49660, Quantile 0.98537) | LR 5.00e-05
2026-06-28 19:30:47,363 INFO Epoch 52 | Batch 250/1186 | Loss 3.04502 (NLL 4.43782 [logdet 1.62994, mahal 0.96999], MS 2.37934, L1 1.93753, Spectral 0.26432, Gradient 0.48838, Quantile 0.97987) | LR 5.00e-05
2026-06-28 19:31:09,055 INFO Epoch 52 | Batch 300/1186 | Loss 3.14514 (NLL 4.48817 [logdet 1.64678, mahal 1.00351], MS 2.47191, L1 2.00178, Spectral 0.26577, Gradient 0.48712, Quantile 1.00530) | LR 5.00e-05
2026-06-28 19:31:30,723 INFO Epoch 52 | Batch 350/1186 | Loss 3.14757 (NLL 4.48344 [logdet 1.64017, mahal 1.00539], MS 2.47505, L1 1.97683, Spectral 0.27028, Gradient 0.49312, Quantile 0.97289) | LR 5.00e-05
2026-06-28 19:31:56,343 INFO Epoch 52 | Batch 400/1186 | Loss 3.20387 (NLL 4.51380 [logdet 1.66173, mahal 1.01420], MS 2.52680, L1 2.03259, Spectral 0.26983, Gradient 0.49063, Quantile 0.98246) | LR 5.00e-05
2026-06-28 19:32:17,993 INFO Epoch 52 | Batch 450/1186 | Loss 3.11800 (NLL 4.46910 [logdet 1.66139, mahal 0.96983], MS 2.44764, L1 1.97224, Spectral 0.26843, Gradient 0.49447, Quantile 0.98063) | LR 5.00e-05
2026-06-28 19:32:39,635 INFO Epoch 52 | Batch 500/1186 | Loss 3.11456 (NLL 4.51137 [logdet 1.62118, mahal 1.05231], MS 2.43785, L1 2.03986, Spectral 0.25642, Gradient 0.48031, Quantile 1.00754) | LR 5.00e-05
2026-06-28 19:33:01,936 INFO Epoch 52 | Batch 550/1186 | Loss 3.17026 (NLL 4.51792 [logdet 1.64190, mahal 1.03814], MS 2.49257, L1 2.02673, Spectral 0.26827, Gradient 0.48849, Quantile 0.95285) | LR 5.00e-05
2026-06-28 19:33:23,588 INFO Epoch 52 | Batch 600/1186 | Loss 3.17704 (NLL 4.52179 [logdet 1.66504, mahal 1.01887], MS 2.49877, L1 2.02156, Spectral 0.26780, Gradient 0.49408, Quantile 0.99917) | LR 5.00e-05
2026-06-28 19:33:45,262 INFO Epoch 52 | Batch 650/1186 | Loss 3.18419 (NLL 4.57090 [logdet 1.69512, mahal 1.03791], MS 2.49855, L1 2.08635, Spectral 0.26282, Gradient 0.49407, Quantile 1.00936) | LR 5.00e-05
2026-06-28 19:34:06,914 INFO Epoch 52 | Batch 700/1186 | Loss 3.15732 (NLL 4.55332 [logdet 1.68228, mahal 1.03316], MS 2.47432, L1 2.06866, Spectral 0.26333, Gradient 0.48485, Quantile 1.01742) | LR 5.00e-05
2026-06-28 19:34:28,585 INFO Epoch 52 | Batch 750/1186 | Loss 3.15462 (NLL 4.53162 [logdet 1.68501, mahal 1.00873], MS 2.47488, L1 2.02897, Spectral 0.26548, Gradient 0.49527, Quantile 0.96949) | LR 5.00e-05
2026-06-28 19:34:50,252 INFO Epoch 52 | Batch 800/1186 | Loss 3.13461 (NLL 4.55726 [logdet 1.70452, mahal 1.01486], MS 2.45102, L1 2.05507, Spectral 0.26306, Gradient 0.48982, Quantile 1.02132) | LR 5.00e-05
2026-06-28 19:35:11,917 INFO Epoch 52 | Batch 850/1186 | Loss 3.13224 (NLL 4.51194 [logdet 1.70009, mahal 0.97398], MS 2.45545, L1 2.01465, Spectral 0.26765, Gradient 0.48658, Quantile 0.99335) | LR 5.00e-05
2026-06-28 19:35:33,574 INFO Epoch 52 | Batch 900/1186 | Loss 3.14832 (NLL 4.48492 [logdet 1.68495, mahal 0.96210], MS 2.47558, L1 2.04597, Spectral 0.26446, Gradient 0.49447, Quantile 1.02345) | LR 5.00e-05
2026-06-28 19:35:55,236 INFO Epoch 52 | Batch 950/1186 | Loss 3.16014 (NLL 4.47135 [logdet 1.66185, mahal 0.97162], MS 2.48944, L1 1.95215, Spectral 0.26767, Gradient 0.48841, Quantile 0.96280) | LR 5.00e-05
2026-06-28 19:36:16,883 INFO Epoch 52 | Batch 1000/1186 | Loss 3.10778 (NLL 4.54919 [logdet 1.68965, mahal 1.02167], MS 2.42540, L1 2.09125, Spectral 0.26468, Gradient 0.49509, Quantile 1.05112) | LR 5.00e-05
2026-06-28 19:36:38,550 INFO Epoch 52 | Batch 1050/1186 | Loss 3.28037 (NLL 4.56604 [logdet 1.71039, mahal 1.01777], MS 2.59547, L1 2.08257, Spectral 0.27475, Gradient 0.50682, Quantile 1.01321) | LR 5.00e-05
2026-06-28 19:37:00,236 INFO Epoch 52 | Batch 1100/1186 | Loss 3.13832 (NLL 4.48948 [logdet 1.65608, mahal 0.99552], MS 2.46490, L1 2.01958, Spectral 0.26691, Gradient 0.49278, Quantile 1.01066) | LR 5.00e-05
2026-06-28 19:37:21,909 INFO Epoch 52 | Batch 1150/1186 | Loss 3.09935 (NLL 4.45238 [logdet 1.63942, mahal 0.97508], MS 2.43149, L1 1.97440, Spectral 0.26625, Gradient 0.49133, Quantile 0.93270) | LR 5.00e-05
2026-06-28 19:38:13,472 INFO Epoch 52 | Val Loss 3.58877 (NLL 4.47912 [logdet 1.67679, mahal 0.96445], MS 2.91690, L1 1.96676, Spectral 0.26456, Gradient 0.49340, Quantile 1.06095)
2026-06-28 19:38:35,376 INFO Epoch 53 | Batch 50/1186 | Loss 2.95914 (NLL 4.44161 [logdet 1.65155, mahal 0.95219], MS 2.29290, L1 1.94254, Spectral 0.25808, Gradient 0.48003, Quantile 0.98789) | LR 5.00e-05
2026-06-28 19:38:57,072 INFO Epoch 53 | Batch 100/1186 | Loss 3.15326 (NLL 4.52087 [logdet 1.65075, mahal 1.03225], MS 2.47513, L1 2.04159, Spectral 0.26941, Gradient 0.50322, Quantile 1.01766) | LR 5.00e-05
2026-06-28 19:39:18,775 INFO Epoch 53 | Batch 150/1186 | Loss 3.17154 (NLL 4.51940 [logdet 1.64151, mahal 1.04002], MS 2.49363, L1 2.03742, Spectral 0.27404, Gradient 0.50565, Quantile 1.01426) | LR 5.00e-05
2026-06-28 19:39:40,464 INFO Epoch 53 | Batch 200/1186 | Loss 3.14389 (NLL 4.53217 [logdet 1.67543, mahal 1.01886], MS 2.46406, L1 2.01723, Spectral 0.25794, Gradient 0.48115, Quantile 0.96902) | LR 5.00e-05
2026-06-28 19:40:02,207 INFO Epoch 53 | Batch 250/1186 | Loss 3.21261 (NLL 4.54112 [logdet 1.68728, mahal 1.01596], MS 2.53144, L1 2.03223, Spectral 0.26458, Gradient 0.49250, Quantile 1.00819) | LR 5.00e-05
2026-06-28 19:40:24,052 INFO Epoch 53 | Batch 300/1186 | Loss 3.15577 (NLL 4.51478 [logdet 1.68190, mahal 0.99500], MS 2.47855, L1 2.05500, Spectral 0.26996, Gradient 0.49543, Quantile 1.04370) | LR 5.00e-05
2026-06-28 19:40:45,751 INFO Epoch 53 | Batch 350/1186 | Loss 3.20355 (NLL 4.50192 [logdet 1.67419, mahal 0.98985], MS 2.52826, L1 1.99471, Spectral 0.26807, Gradient 0.49460, Quantile 0.99431) | LR 5.00e-05
2026-06-28 19:41:07,449 INFO Epoch 53 | Batch 400/1186 | Loss 3.20982 (NLL 4.52574 [logdet 1.67561, mahal 1.01225], MS 2.53095, L1 2.07759, Spectral 0.27304, Gradient 0.49823, Quantile 1.01872) | LR 5.00e-05
2026-06-28 19:41:29,139 INFO Epoch 53 | Batch 450/1186 | Loss 3.18945 (NLL 4.55511 [logdet 1.64923, mahal 1.06801], MS 2.50619, L1 2.05493, Spectral 0.27218, Gradient 0.49827, Quantile 1.03057) | LR 5.00e-05
2026-06-28 19:41:50,860 INFO Epoch 53 | Batch 500/1186 | Loss 3.10641 (NLL 4.51728 [logdet 1.68395, mahal 0.99545], MS 2.42882, L1 2.02941, Spectral 0.26630, Gradient 0.49219, Quantile 1.00080) | LR 5.00e-05
2026-06-28 19:42:12,596 INFO Epoch 53 | Batch 550/1186 | Loss 3.13674 (NLL 4.48232 [logdet 1.64346, mahal 1.00098], MS 2.46439, L1 1.99773, Spectral 0.26847, Gradient 0.49295, Quantile 1.00042) | LR 5.00e-05
